# 
# Wavefront OBJ file
# Converted by the DEEP Exploration Deep Exploration 6.3 6.3.3.8068
# Right Hemisphere, LTD
# http://www.righthemisphere.com/
# 
mtllib vf1a.mtl
# object BackBone
g BackBone
v -0.01543 -0.01535 0.00307
v -0.00687 -0.02481 0.00278
v -0.00544 -0.00973 0.00627
v 0.00686 -0.02481 0.00278
v 0.00543 -0.00973 0.00626
v -0.01695 -0.00090 0.00352
v -0.01976 -0.00090 0.00114
v -0.01800 -0.01630 0.00114
v -0.00723 -0.02535 0.00113
v 0.00723 -0.02535 0.00113
v 0.01694 -0.00090 0.00351
v 0.00603 -0.00090 0.00703
v 0.01542 -0.01535 0.00307
v 0.01975 -0.00090 0.00113
v 0.01799 -0.01629 0.00113
v -0.00920 -0.02780 0.00101
v -0.00630 -0.01625 0.00101
v -0.01441 -0.02780 0.00101
v -0.00630 -0.00090 0.00101
v -0.00604 -0.00090 0.00703
v 0.00400 0.00200 0.00659
v -0.00400 0.00200 0.00659
v -0.00920 -0.02780 0.00079
v -0.01441 -0.02780 0.00079
v 0.00630 -0.01625 0.00101
v 0.00919 -0.02780 0.00101
v 0.01440 -0.02780 0.00100
v 0.00630 -0.00090 0.00101
v 0.00919 -0.02780 0.00078
v 0.01440 -0.02780 0.00078
v 0.00630 -0.01625 -0.00021
v 0.01507 -0.01625 -0.00022
v 0.00629 -0.00090 -0.00091
v 0.01692 -0.00090 -0.00092
v -0.01508 -0.01625 -0.00021
v -0.00630 -0.01625 -0.00021
v -0.01693 -0.00090 -0.00091
v -0.00631 -0.00090 -0.00091
v 0.00596 -0.00090 0.00112
v -0.00597 -0.00090 0.00112
v 0.00399 0.00200 0.00112
v -0.00400 0.00200 0.00112
v -0.00400 0.00200 0.00112
v -0.00400 0.00200 0.00659
v 0.00399 0.00200 0.00112
v -0.00579 -0.00090 -0.00091
v 0.00579 -0.00090 -0.00091
v -0.00766 0.00586 0.00301
v -0.00618 -0.00090 0.00140
v -0.00692 0.00663 0.00140
v -0.00714 -0.00090 0.00393
v -0.01213 0.00662 0.00140
v -0.01287 -0.00090 0.00140
v -0.01131 0.00586 0.00301
v -0.01183 -0.00090 0.00394
v 0.00691 0.00663 0.00140
v 0.00617 -0.00090 0.00140
v 0.00765 0.00587 0.00301
v 0.00714 -0.00090 0.00393
v 0.01130 0.00587 0.00301
v 0.01286 -0.00090 0.00139
v 0.01212 0.00663 0.00139
v 0.01182 -0.00090 0.00393
v 0.00194 0.00200 0.00786
v 0.00320 0.00200 0.00659
v -0.00320 0.00200 0.00659
v -0.00422 0.00200 0.00552
v -0.00326 -0.00300 0.00531
v -0.00194 0.00200 0.00786
v -0.00112 -0.00300 0.00720
v -0.00201 -0.00820 0.00490
v -0.00022 -0.00820 0.00614
v -0.00000 0.00200 0.00849
v -0.00000 -0.00300 0.00757
v -0.00000 -0.00820 0.00624
v -0.00434 -0.00300 0.00007
v -0.00516 0.00200 -0.00004
v -0.00316 -0.00820 0.00006
v 0.00325 -0.00300 0.00531
v 0.00402 0.00200 0.00572
v 0.00111 -0.00300 0.00719
v 0.00021 -0.00820 0.00614
v 0.00200 -0.00820 0.00490
v 0.00433 -0.00300 0.00006
v 0.00515 0.00200 -0.00004
v 0.00315 -0.00820 0.00006
v -0.00400 0.00200 0.00659
v -0.00000 -0.00820 0.00006
# 88 verticies
vt 0.03024 0.56115
vt 0.08124 0.50415
vt 0.09024 0.59515
vt 0.16424 0.50415
vt 0.15524 0.59515
vt 0.02124 0.64915
vt 0.00424 0.64915
vt 0.01424 0.55515
vt 0.07924 0.50015
vt 0.16624 0.50015
vt 0.22424 0.64915
vt 0.15924 0.64915
vt 0.21524 0.56115
vt 0.24124 0.64915
vt 0.23124 0.55515
vt 0.06724 0.48615
vt 0.08524 0.55615
vt 0.03624 0.48615
vt 0.08524 0.64915
vt 0.08724 0.64915
vt 0.14724 0.66715
vt 0.09824 0.66715
vt 0.16024 0.55615
vt 0.17824 0.48615
vt 0.20924 0.48615
vt 0.16024 0.64915
vt 0.44624 0.48615
vt 0.42824 0.55615
vt 0.48124 0.55615
vt 0.47724 0.48615
vt 0.42824 0.64915
vt 0.49224 0.64915
vt 0.50924 0.64915
vt 0.49924 0.55615
vt 0.27224 0.64915
vt 0.43424 0.50015
vt 0.34724 0.50015
vt 0.28224 0.55515
vt 0.30024 0.55615
vt 0.35324 0.55615
vt 0.33524 0.48615
vt 0.30424 0.48615
vt 0.28924 0.64915
vt 0.35324 0.64915
vt 0.42624 0.64915
vt 0.35524 0.64915
vt 0.41424 0.66715
vt 0.36624 0.66715
vt 0.42524 0.46315
vt 0.49124 0.44015
vt 0.35424 0.46315
vt 0.50824 0.42415
vt 0.42424 0.42415
vt 0.35524 0.42415
vt 0.27124 0.42415
vt 0.28824 0.44015
vt 0.35424 0.42515
vt 0.36624 0.42515
vt 0.36624 0.46015
vt 0.41424 0.46015
vt 0.41424 0.42515
vt 0.42524 0.42515
vt 0.35529 0.40615
vt 0.28824 0.40615
vt 0.49124 0.40615
vt 0.42424 0.40615
vt 0.23424 0.80915
vt 0.24524 0.76815
vt 0.24524 0.81315
vt 0.22924 0.76815
vt 0.28224 0.81415
vt 0.28724 0.76815
vt 0.25124 0.76815
vt 0.25524 0.81415
vt 0.23624 0.81015
vt 0.40124 0.46915
vt 0.40924 0.46015
vt 0.37024 0.46015
vt 0.59424 0.54315
vt 0.56724 0.54215
vt 0.59424 0.56115
vt 0.56724 0.55515
vt 0.53724 0.53915
vt 0.53724 0.54715
vt 0.59624 0.61315
vt 0.56824 0.60815
vt 0.59624 0.60215
vt 0.56824 0.60215
vt 0.53824 0.60315
vt 0.53824 0.60215
vt 0.56724 0.50515
vt 0.59424 0.50415
vt 0.53724 0.50515
vt 0.53724 0.54815
vt 0.37824 0.46915
vt 0.36424 0.45315
vt 0.36624 0.46015
vt 0.41524 0.45315
vt 0.35824 0.41815
vt 0.42024 0.41815
vt 0.38924 0.47315
# 101 texture verticies
vn -0.23292 -0.13362 0.96327
vn -0.19245 -0.20364 0.95995
vn -0.25814 -0.11928 0.95872
vn 0.00021 -0.22524 0.97430
vn 0.00024 -0.22522 0.97431
vn 0.00025 -0.22521 0.97431
vn 0.00029 -0.22518 0.97432
vn -0.64312 -0.09097 0.76034
vn -0.63251 -0.08653 0.76970
vn -0.59592 -0.07151 0.79985
vn -0.58413 -0.06676 0.80891
vn -0.40633 -0.48346 0.77534
vn -0.64622 -0.61675 0.44946
vn -0.44672 -0.50888 0.73586
vn -0.68681 -0.63233 0.35839
vn 0.00013 -0.95006 0.31205
vn 0.00008 -0.95020 0.31163
vn 0.00012 -0.95008 0.31200
vn 0.00007 -0.95022 0.31157
vn 0.25856 -0.11923 0.95861
vn 0.28847 -0.07790 0.95431
vn 0.30527 -0.10213 0.94677
vn 0.23333 -0.13355 0.96318
vn 0.19288 -0.20355 0.95988
vn 0.59646 -0.07145 0.79946
vn 0.63296 -0.08643 0.76934
vn 0.64355 -0.09086 0.75999
vn 0.58470 -0.06671 0.80851
vn 0.44723 -0.50890 0.73553
vn 0.64666 -0.61675 0.44883
vn 0.40687 -0.48348 0.77505
vn 0.68721 -0.63231 0.35767
vn 0.00893 -0.00192 0.99996
vn 0.00541 -0.00664 0.99996
vn 0.01069 -0.00131 0.99994
vn 0.00019 -0.01063 0.99994
vn 0.00921 0.00105 0.99996
vn 0.00985 0.00057 0.99995
vn 0.00026 0.00273 1.00000
vn 0.00027 -0.08581 0.99631
vn 0.00027 0.02659 0.99965
vn 0.00028 -0.08579 0.99631
vn 0.00031 0.14961 0.98875
vn 0.00025 0.14939 0.98878
vn 0.97000 -0.24311 0.00000
vn 0.00000 -1.00000 0.00000
vn -0.95450 -0.29819 0.00000
vn -0.01018 -0.00129 0.99995
vn -0.00486 -0.00663 0.99997
vn -0.00843 -0.00192 0.99996
vn 0.00038 -0.01064 0.99994
vn -0.00938 0.00054 0.99996
vn -0.00877 0.00100 0.99996
vn 0.95453 -0.29812 0.00000
vn -0.00020 -0.08624 -0.99627
vn -0.00022 -0.08623 -0.99627
vn -0.00021 -0.08624 -0.99627
vn -0.00019 -0.08625 -0.99627
vn -0.00021 -0.04554 -0.99896
vn -0.00018 -0.04555 -0.99896
vn -0.00020 -0.04555 -0.99896
vn -0.00022 -0.04553 -0.99896
vn 0.43232 -0.07874 -0.89828
vn 0.58152 -0.10679 -0.80649
vn 0.55472 -0.09688 -0.82638
vn 0.41505 -0.07445 -0.90675
vn 0.41364 -0.10229 -0.90468
vn -0.00023 0.00003 -1.00000
vn -0.00024 -0.00000 -1.00000
vn -0.00025 -0.00000 -1.00000
vn -0.00023 -0.00001 -1.00000
vn -0.00024 0.00000 -1.00000
vn -0.00031 -0.00003 -1.00000
vn -0.00021 -0.08628 -0.99627
vn -0.00022 -0.08628 -0.99627
vn -0.00020 -0.08627 -0.99627
vn -0.00019 -0.08627 -0.99627
vn -0.00026 -0.04554 -0.99896
vn -0.00028 -0.04555 -0.99896
vn -0.00024 -0.04553 -0.99896
vn -0.00022 -0.04552 -0.99896
vn -0.55509 -0.09698 -0.82612
vn -0.58184 -0.10688 -0.80625
vn -0.43291 -0.07885 -0.89798
vn -0.41568 -0.07457 -0.90645
vn -0.41426 -0.10237 -0.90438
vn -0.96997 -0.24323 0.00000
vn 0.99334 -0.11521 -0.00003
vn 0.99248 -0.12243 0.00000
vn 1.00000 0.00011 -0.00052
vn 1.00000 0.00010 -0.00048
vn -0.99246 -0.12256 0.00000
vn -0.99333 -0.11534 0.00003
vn -1.00000 -0.00010 0.00048
vn -1.00000 -0.00011 0.00052
vn -0.00025 0.00017 -1.00000
vn -0.00025 0.00017 -1.00000
vn -0.00025 0.00017 -1.00000
vn -0.00025 0.00017 -1.00000
vn -0.00008 1.00000 0.00003
vn -0.00010 1.00000 -0.00009
vn -0.00005 1.00000 0.00005
vn -0.00008 1.00000 0.00000
vn -0.00007 1.00000 0.00006
vn -0.00009 1.00000 0.00004
vn -0.00005 1.00000 0.00001
vn 0.00000 1.00000 0.00000
vn 0.82197 -0.56952 0.00414
vn 0.82666 -0.56262 0.00914
vn 0.82378 -0.56688 0.00606
vn 0.81890 -0.57394 0.00091
vn -0.82214 -0.56926 0.00636
vn -0.82670 -0.56265 0.00122
vn -0.82384 -0.56680 0.00444
vn -0.81937 -0.57318 0.00943
vn -0.28806 -0.07795 0.95443
vn -0.00009 1.00000 -0.00001
vn -0.00008 1.00000 -0.00008
vn -0.00008 1.00000 0.00008
vn -0.00009 1.00000 0.00001
vn 0.90040 0.09683 0.42415
vn 0.92049 0.11319 0.37402
vn 0.88843 0.08792 0.45051
vn 0.92782 0.11974 0.35328
vn -0.87123 0.08606 0.48327
vn -0.90921 0.11460 0.40026
vn -0.88554 0.09622 0.45449
vn -0.91804 0.12213 0.37721
vn -0.00003 0.90422 0.42707
vn 0.00005 0.90414 0.42725
vn -0.00009 0.90428 0.42694
vn 0.00012 0.90406 0.42741
vn -0.00024 -0.00007 -1.00000
vn -0.00030 -0.00003 -1.00000
vn -0.00025 -0.00006 -1.00000
vn -0.00019 -0.00011 -1.00000
vn 0.00021 0.13547 0.99078
vn 0.00025 0.13545 0.99078
vn 0.00023 0.13546 0.99078
vn 0.00027 0.13543 0.99079
vn -0.88806 0.08765 0.45130
vn -0.92033 0.11305 0.37445
vn -0.90011 0.09661 0.42482
vn -0.92771 0.11964 0.35361
vn 0.88578 0.09625 0.45402
vn 0.90944 0.11466 0.39972
vn 0.87146 0.08608 0.48285
vn 0.91826 0.12220 0.37664
vn 0.00008 0.90428 0.42694
vn -0.00006 0.90413 0.42725
vn 0.00002 0.90422 0.42707
vn -0.00013 0.90406 0.42741
vn -0.00025 0.00006 -1.00000
vn -0.00030 0.00003 -1.00000
vn -0.00024 0.00007 -1.00000
vn -0.00019 0.00011 -1.00000
vn 0.00020 0.13545 0.99078
vn 0.00021 0.13546 0.99078
vn 0.00018 0.13544 0.99079
vn 0.00024 0.13547 0.99078
vn -0.30484 -0.10215 0.94691
vn -0.89573 -0.17764 0.40757
vn -0.83183 -0.21776 0.51052
vn -0.68585 -0.17934 0.70530
vn -0.63071 -0.21663 0.74517
vn -0.81479 -0.25032 0.52293
vn -0.55049 -0.25570 0.79472
vn -0.30204 -0.17534 0.93703
vn -0.30948 -0.20132 0.92935
vn 0.00019 -0.18343 0.98303
vn 0.00051 -0.21703 0.97616
vn -0.39154 -0.22783 0.89151
vn 0.00086 -0.24670 0.96909
vn -0.95991 -0.20138 0.19501
vn -0.97419 -0.15512 0.16397
vn -0.94993 -0.21666 0.22516
vn 0.68619 -0.17923 0.70499
vn 0.86230 -0.20621 0.46251
vn 0.87301 -0.17110 0.45670
vn 0.63090 -0.21658 0.74502
vn 0.55081 -0.25557 0.79454
vn 0.77436 -0.25620 0.57855
vn 0.31037 -0.20123 0.92907
vn 0.30233 -0.17537 0.93693
vn 0.39303 -0.22767 0.89090
vn 0.96243 -0.18568 0.19810
vn 0.96802 -0.15850 0.19446
vn 0.95002 -0.23103 0.20999
# 188 normals
usemtl Body
f  1/1/1 2/2/2 3/3/3
f  2/2/4 4/4/5 3/3/6
f  3/3/6 4/4/5 5/5/7
f  6/6/8 7/7/9 1/1/10
f  7/7/9 8/8/11 1/1/10
f  8/8/12 9/9/13 1/1/14
f  1/1/14 9/9/13 2/2/15
f  9/9/16 10/10/17 2/2/18
f  2/2/18 10/10/17 4/4/19
f  5/5/20 11/11/21 12/12/22
f  5/5/20 13/13/23 11/11/21
f  5/5/20 4/4/24 13/13/23
f  13/13/25 14/14/26 11/11/27
f  13/13/25 15/15/28 14/14/26
f  13/13/29 10/10/30 15/15/31
f  4/4/32 10/10/30 13/13/29
f  8/8/33 16/16/34 17/17/35
f  18/18/36 16/16/34 8/8/33
f  7/7/37 8/8/33 19/19/38
f  20/20/39 5/5/40 12/12/41
f  3/3/42 5/5/40 20/20/39
f  12/12/41 21/21/43 22/22/44 20/20/39
f  16/16/45 23/16/45 17/17/45
f  24/18/46 23/16/46 16/16/46
f  18/18/46 24/18/46 16/16/46
f  8/8/47 24/18/47 18/18/47
f  25/23/48 26/24/49 15/15/50
f  15/15/50 26/24/49 27/25/51
f  28/26/52 15/15/50 14/14/53
f  26/24/46 29/24/46 30/25/46
f  26/24/46 30/25/46 27/25/46
f  27/25/54 30/25/54 15/15/54
f  29/27/55 31/28/56 32/29/57
f  29/27/55 32/29/57 30/30/58
f  31/28/59 33/31/60 34/32/61
f  31/28/59 34/32/61 32/29/62
f  32/29/63 34/32/64 14/33/65
f  15/34/66 32/29/63 14/33/65
f  30/30/67 32/29/63 15/34/66
f  14/33/68 15/34/69 7/35/70
f  15/34/69 10/36/71 7/35/70
f  7/35/70 9/37/72 8/38/73
f  10/36/71 9/37/72 7/35/70
f  35/39/74 36/40/75 23/41/76
f  24/42/77 35/39/74 23/41/76
f  37/43/78 38/44/79 36/40/80
f  35/39/81 37/43/78 36/40/80
f  7/35/82 37/43/83 35/39/84
f  7/35/82 35/39/84 8/38/85
f  8/38/85 35/39/84 24/42/86
f  8/8/33 17/17/35 19/19/38
f  28/26/52 25/23/48 15/15/50
f  25/23/87 29/24/87 26/24/87
f  23/41/45 36/40/88 17/40/89
f  36/40/88 38/44/90 19/44/91
f  17/40/89 36/40/88 19/44/91
f  25/28/92 31/28/93 29/27/87
f  28/31/94 33/31/95 31/28/93
f  28/31/94 31/28/93 25/28/92
f  39/45/96 40/46/97 41/47/98
f  41/47/98 40/46/97 42/48/99
f  12/49/100 11/50/101 20/51/102
f  11/50/101 14/52/103 20/51/102
f  20/51/102 14/52/103 39/53/104 40/54/105 7/55/106
f  20/51/102 7/55/106 6/56/107
f  20/51/108 40/57/109 43/58/110 44/59/111
f  21/60/112 45/61/113 39/62/114 12/49/115
f  6/6/116 1/1/1 3/3/3
f  40/54/105 46/63/117 37/64/118
f  34/65/119 47/66/120 39/53/104
f  14/52/103 34/65/119 39/53/104
f  48/67/121 49/68/122 50/69/123
f  51/70/124 49/68/122 48/67/121
f  52/69/125 53/68/126 54/67/127
f  54/67/127 53/68/126 55/70/128
f  54/67/129 50/69/130 52/69/131
f  48/67/132 50/69/130 54/67/129
f  50/71/133 49/72/134 53/73/135
f  50/71/133 53/73/135 52/74/136
f  51/70/137 48/75/138 55/70/139
f  55/70/139 48/75/138 54/75/140
f  56/69/141 57/68/142 58/67/143
f  58/67/143 57/68/142 59/70/144
f  60/67/145 61/68/146 62/69/147
f  63/70/148 61/68/146 60/67/145
f  62/69/149 56/69/150 60/67/151
f  60/67/151 56/69/150 58/67/152
f  61/73/153 57/72/154 56/71/155
f  62/74/156 61/73/153 56/71/155
f  63/70/157 58/75/158 59/70/159
f  60/75/160 58/75/158 63/70/157
f  20/20/161 6/6/116 3/3/3
f  64/76/107 65/77/107 66/78/107
f  67/79/162 68/80/163 69/81/164
f  69/81/164 68/80/163 70/82/165
f  70/82/165 71/83/166 72/84/167
f  69/85/168 70/86/169 73/87/170
f  73/87/170 70/86/169 74/88/171
f  70/86/169 72/89/172 74/88/171
f  74/88/171 72/89/172 75/90/173
f  68/80/163 67/79/162 76/91/174
f  76/91/174 67/79/162 77/92/175
f  68/80/163 71/83/166 70/82/165
f  68/80/163 76/91/174 71/83/166
f  71/83/166 76/91/174 78/93/176
f  64/81/177 79/80/178 80/79/179
f  81/82/180 79/80/178 64/81/177
f  82/84/181 83/83/182 81/82/180
f  73/87/170 81/86/183 64/85/184
f  74/88/171 81/86/183 73/87/170
f  74/88/171 82/89/185 81/86/183
f  75/90/173 82/89/185 74/88/171
f  84/91/186 85/92/187 79/80/178
f  79/80/178 85/92/187 80/79/179
f  81/82/180 83/83/182 79/80/178
f  84/91/186 79/80/178 86/93/188
f  86/93/188 79/80/178 83/83/182
f  75/94/46 86/93/46 83/83/46
f  66/78/107 69/95/107 64/76/107
f  67/96/107 87/97/107 80/98/107
f  87/97/107 21/60/107 80/98/107
f  77/99/107 67/96/107 80/98/107
f  80/98/107 85/100/107 77/99/107
f  69/95/107 73/101/107 64/76/107
f  78/93/46 86/93/46 88/93/46
f  78/93/46 86/93/46 71/83/46
f  71/83/46 86/93/46 75/94/46
f  37/64/118 7/55/106 40/54/105
# object ShoulderL
g ShoulderL
v -0.00064 -0.01121 -0.00225
v -0.00064 -0.00912 -0.01200
v -0.00064 -0.00873 -0.00114
v -0.00795 -0.00873 -0.00114
v -0.00796 -0.00912 -0.01199
v -0.00795 -0.01121 -0.00224
v -0.00795 -0.00015 -0.00303
v -0.00796 -0.00027 -0.01059
v -0.00064 -0.00014 -0.00304
v -0.00064 -0.00027 -0.01059
# 10 verticies
vt 0.91924 0.14515
vt 0.93124 0.07615
vt 0.93424 0.15315
vt 0.98524 0.14015
vt 0.98424 0.08615
vt 0.93324 0.16615
vt 0.91824 0.21515
vt 0.93324 0.21515
vt 0.91824 0.16615
vt 0.98524 0.16615
vt 0.93124 0.21515
vt 0.93124 0.16615
vt 0.98524 0.21515
vt 0.98624 0.21515
vt 0.98624 0.16615
vt 0.86524 0.16615
vt 0.86524 0.21515
# 17 texture verticies
vn 1.00000 -0.00029 -0.00027
vn 1.00000 -0.00000 -0.00027
vn 1.00000 -0.00011 -0.00027
vn -1.00000 -0.00008 0.00019
vn -1.00000 -0.00011 0.00022
vn -1.00000 -0.00008 0.00019
vn -1.00000 -0.00011 0.00022
vn -1.00000 -0.00016 0.00027
vn 1.00000 0.00005 -0.00027
vn 1.00000 0.00004 -0.00027
vn 0.00025 -0.40614 0.91381
vn 0.00025 -0.40614 0.91381
vn -0.00028 0.15711 -0.98758
vn -0.00028 0.15711 -0.98758
vn -0.00029 0.15710 -0.98758
vn -0.00027 0.15712 -0.98758
vn 0.00027 0.21520 0.97657
vn 0.00025 0.21521 0.97657
vn 0.00025 0.21521 0.97657
vn 0.00024 0.21522 0.97657
vn -0.00007 0.99986 -0.01649
vn -0.00007 0.99986 -0.01649
vn -0.00000 0.99987 -0.01642
vn -0.00014 0.99986 -0.01655
vn 0.00002 -0.97788 -0.20917
vn 0.00008 -0.97787 -0.20921
vn -0.00000 -0.97788 -0.20916
vn -0.00006 -0.97789 -0.20912
# 28 normals
f  89/102/189 90/103/190 91/104/191
f  92/104/192 93/103/193 94/102/194
f  95/105/195 93/103/193 92/104/192
f  96/106/196 93/103/193 95/105/195
f  97/105/197 90/103/190 98/106/198
f  91/104/191 90/103/190 97/105/197
f  92/107/199 89/108/200 91/109/200
f  94/110/199 89/108/200 92/107/199
f  96/111/201 90/112/202 93/113/203
f  98/114/204 90/112/202 96/111/201
f  91/109/205 97/115/206 92/107/207
f  92/107/207 97/115/206 95/116/208
f  95/116/209 98/114/210 96/111/211
f  97/115/212 98/114/210 95/116/209
f  93/117/213 90/118/214 89/108/215
f  94/110/216 93/117/213 89/108/215
# object ArmL
g ArmL
v -0.00203 -0.01286 -0.00396
v -0.00203 -0.01986 -0.00396
v -0.00203 -0.01286 -0.00884
v -0.00176 -0.00779 -0.00974
v -0.00176 -0.01186 -0.00306
v -0.00176 -0.01186 -0.00974
v -0.00293 -0.02144 -0.00496
v -0.00293 -0.02144 -0.00784
v -0.00203 -0.01986 -0.00884
v -0.00620 -0.01286 -0.00884
v -0.00620 -0.01986 -0.00884
v -0.00620 -0.01286 -0.00396
v -0.00620 -0.01986 -0.00396
v -0.00530 -0.02144 -0.00784
v -0.00530 -0.02144 -0.00496
v -0.00176 -0.00779 -0.00306
v -0.00647 -0.00779 -0.00974
v -0.00647 -0.01186 -0.00974
v -0.00646 -0.00779 -0.00306
v -0.00646 -0.01186 -0.00306
# 20 verticies
vt 0.71324 0.34715
vt 0.66724 0.34715
vt 0.71324 0.38515
vt 0.73324 0.38615
vt 0.72024 0.34715
vt 0.72024 0.38515
vt 0.65724 0.34915
vt 0.65724 0.38215
vt 0.66724 0.38515
vt 0.71324 0.33615
vt 0.66624 0.33415
vt 0.71324 0.29715
vt 0.66624 0.29915
vt 0.65724 0.33315
vt 0.65724 0.29915
vt 0.73324 0.34615
vt 0.73424 0.33615
vt 0.72024 0.33615
vt 0.73424 0.29615
vt 0.72024 0.29715
# 20 texture verticies
vn 1.00000 -0.00014 -0.00020
vn 1.00000 -0.00015 -0.00024
vn 1.00000 -0.00009 -0.00021
vn 1.00000 -0.00025 -0.00030
vn 0.86887 -0.49505 -0.00030
vn 0.86877 -0.49521 -0.00021
vn 0.86881 -0.49514 -0.00025
vn 0.86874 -0.49528 -0.00018
vn -1.00000 0.00000 0.00020
vn -0.86892 -0.49495 0.00000
vn -0.86905 -0.49472 0.00013
vn -0.86900 -0.49482 0.00007
vn -0.86911 -0.49462 0.00018
vn -0.00024 0.00000 -1.00000
vn 0.00000 -0.53504 -0.84483
vn -0.00022 -0.53471 -0.84503
vn -0.00015 -0.53481 -0.84497
vn -0.00033 -0.53455 -0.84514
vn 0.00024 0.00000 1.00000
vn 0.00000 -0.53518 0.84474
vn 0.00005 -0.53511 0.84478
vn 0.00003 -0.53513 0.84477
vn 0.00007 -0.53507 0.84481
vn 1.00000 0.00000 -0.00015
vn 0.96547 -0.26050 -0.00020
vn 0.96558 -0.26009 -0.00027
vn 0.96550 -0.26039 -0.00022
vn 0.96561 -0.26001 -0.00029
vn -1.00000 0.00000 0.00030
vn -0.96547 -0.26050 0.00020
vn -0.96558 -0.26009 0.00027
vn -0.96550 -0.26039 0.00022
vn -0.96561 -0.26001 0.00029
vn -0.00021 0.00025 -1.00000
vn -0.00031 0.00013 -1.00000
vn -0.00033 0.00011 -1.00000
vn -0.00042 0.00000 -1.00000
vn -0.00034 -0.66932 -0.74297
vn -0.00043 -0.66910 -0.74317
vn -0.00037 -0.66925 -0.74303
vn -0.00046 -0.66903 -0.74323
vn 0.00042 0.00000 1.00000
vn 0.00033 0.00011 1.00000
vn 0.00031 0.00013 1.00000
vn 0.00021 0.00025 1.00000
vn 0.00002 -0.66896 0.74330
vn 0.00002 -0.66897 0.74329
vn 0.00002 -0.66896 0.74330
vn 0.00002 -0.66897 0.74329
# 49 normals
f  99/119/217 100/120/217 101/121/217
f  102/122/218 103/123/219 104/124/220
f  105/125/221 106/126/222 100/120/223
f  100/120/223 106/126/222 107/127/224
f  108/121/225 109/127/225 110/119/225
f  110/119/225 109/127/225 111/120/225
f  112/126/226 113/125/227 109/127/228
f  109/127/228 113/125/227 111/120/229
f  101/128/230 107/129/230 108/130/230
f  108/130/230 107/129/230 109/131/230
f  106/132/231 112/133/232 107/129/233
f  107/129/233 112/133/232 109/131/234
f  110/130/235 111/131/235 99/128/235
f  99/128/235 111/131/235 100/129/235
f  113/133/236 105/132/237 111/131/238
f  111/131/238 105/132/237 100/129/239
f  114/134/240 103/123/219 102/122/218
f  101/121/217 100/120/217 107/127/217
f  99/119/241 101/121/242 103/123/243
f  103/123/243 101/121/242 104/124/244
f  115/122/245 116/124/245 117/134/245
f  117/134/245 116/124/245 118/123/245
f  108/121/246 110/119/247 116/124/248
f  116/124/248 110/119/247 118/123/249
f  102/135/250 104/136/251 115/137/252
f  115/137/252 104/136/251 116/138/253
f  101/128/254 108/130/255 104/136/256
f  104/136/256 108/130/255 116/138/257
f  117/137/258 118/138/259 114/135/260
f  114/135/260 118/138/259 103/136/261
f  110/130/262 99/128/263 118/138/264
f  118/138/264 99/128/263 103/136/265
# object ForearmL
g ForearmL
v -0.00612 -0.03741 -0.00169
v -0.00612 -0.03741 -0.01069
v -0.00547 -0.04191 -0.00783
v -0.00547 -0.04191 -0.00203
v -0.00098 -0.04191 -0.00203
v -0.00098 -0.04191 -0.00782
v -0.00029 -0.03741 -0.00169
v -0.00029 -0.03741 -0.01069
v -0.00029 -0.02464 -0.00269
v -0.00028 -0.01989 -0.00844
v -0.00028 -0.00939 -0.01069
v -0.00028 -0.00939 -0.00919
v -0.00612 -0.02464 -0.00269
v -0.00612 -0.00939 -0.00919
v -0.00612 -0.00939 -0.01069
v -0.00612 -0.01989 -0.00844
v -0.00196 -0.01990 -0.00770
v -0.00119 -0.02065 -0.00850
v -0.00502 -0.02065 -0.00850
v -0.00433 -0.01990 -0.00770
v -0.00502 -0.02065 -0.00450
v -0.00434 -0.01990 -0.00530
v -0.00119 -0.02065 -0.00450
v -0.00196 -0.01990 -0.00530
v -0.00502 -0.02415 -0.00375
v -0.00120 -0.02415 -0.00375
# 26 verticies
vt 0.81824 0.34615
vt 0.81824 0.28315
vt 0.79124 0.30315
vt 0.79124 0.34415
vt 0.81824 0.28215
vt 0.89524 0.33915
vt 0.92324 0.29915
vt 0.98624 0.28215
vt 0.98624 0.29415
vt 0.98624 0.28315
vt 0.98624 0.24415
vt 0.81824 0.24415
vt 0.79124 0.27815
vt 0.79124 0.24815
vt 0.92424 0.38715
vt 0.98724 0.34815
vt 0.92424 0.34815
vt 0.98724 0.38715
vt 0.89524 0.38715
vt 0.89524 0.34815
vt 0.81824 0.34815
vt 0.79124 0.35315
vt 0.79124 0.38315
vt 0.81824 0.38715
vt 0.75824 0.34415
vt 0.75824 0.30415
vt 0.92424 0.37615
vt 0.91924 0.38115
vt 0.91924 0.35615
vt 0.92424 0.36015
vt 0.89824 0.35615
vt 0.89824 0.38115
# 32 texture verticies
vn -0.98988 -0.14190 -0.00029
vn -0.98987 -0.14199 -0.00022
vn -0.98988 -0.14193 -0.00027
vn -0.98989 -0.14183 -0.00034
vn 0.98825 -0.15283 0.00017
vn 0.98825 -0.15287 0.00020
vn 0.98825 -0.15286 0.00019
vn 0.98824 -0.15289 0.00022
vn 1.00000 -0.00006 0.00022
vn 1.00000 -0.00007 0.00023
vn 1.00000 -0.00008 0.00025
vn 1.00000 -0.00009 0.00020
vn 1.00000 -0.00009 0.00002
vn 1.00000 -0.00010 0.00000
vn -1.00000 0.00008 -0.00025
vn -1.00000 0.00007 -0.00023
vn -1.00000 0.00006 -0.00022
vn -1.00000 0.00010 0.00000
vn -1.00000 0.00009 -0.00002
vn -1.00000 0.00009 -0.00020
vn 0.00017 0.00000 -1.00000
vn 0.00016 -0.53711 -0.84351
vn 0.00014 -0.53712 -0.84350
vn 0.00017 -0.53711 -0.84352
vn 0.00019 -0.53709 -0.84353
vn -0.00023 0.07121 0.99746
vn -0.00028 0.07119 0.99746
vn -0.00017 0.07125 0.99746
vn -0.00034 0.07115 0.99747
vn -0.00011 0.77096 0.63688
vn 0.00000 1.00000 0.00000
vn -0.00020 -0.07555 0.99714
vn -0.00022 -0.07558 0.99714
vn -0.00019 -0.07554 0.99714
vn -0.00017 -0.07552 0.99714
vn -0.00017 0.07808 0.99695
vn 0.00000 -1.00000 0.00000
vn 0.00013 0.72929 -0.68421
vn 0.00018 0.72920 -0.68430
vn 0.00006 0.72942 -0.68407
vn 0.00000 0.72954 -0.68394
vn -0.73884 0.67389 -0.00022
vn -0.73877 0.67396 -0.00019
vn -0.73894 0.67377 -0.00027
vn -0.73903 0.67367 -0.00031
vn -0.00018 0.72988 0.68358
vn -0.00013 0.72979 0.68367
vn -0.00006 0.72966 0.68381
vn 0.00000 0.72954 0.68394
vn 0.69765 0.71644 0.00017
vn 0.69781 0.71628 0.00025
vn 0.69771 0.71638 0.00020
vn 0.69790 0.71620 0.00029
vn -0.00026 0.20947 0.97781
vn 1.00000 -0.00023 0.00025
vn -1.00000 0.00023 -0.00025
# 56 normals
f  119/139/266 120/140/267 121/141/268
f  119/139/266 121/141/268 122/142/269
f  123/142/270 124/141/271 125/139/272
f  124/141/271 126/143/273 125/139/272
f  125/139/274 126/143/275 127/144/276
f  128/145/277 129/146/278 130/147/279
f  128/145/277 126/143/275 129/146/278
f  127/144/276 126/143/275 128/145/277
f  131/144/280 120/140/281 119/139/282
f  132/147/283 133/148/284 134/145/285
f  134/145/285 120/140/281 131/144/280
f  133/148/284 120/140/281 134/145/285
f  133/149/286 126/143/286 120/150/286
f  129/146/286 126/143/286 133/149/286
f  120/150/287 126/143/288 124/151/289
f  121/152/290 120/150/287 124/151/289
f  128/153/291 132/154/292 134/155/293
f  128/153/291 130/156/294 132/154/292
f  127/157/295 134/155/295 131/158/295
f  127/157/295 128/153/295 134/155/295
f  132/154/296 129/156/296 133/154/296
f  130/156/296 129/156/296 132/154/296
f  119/159/297 122/160/298 123/161/299
f  119/159/297 123/161/299 125/162/300
f  119/159/301 127/157/301 131/158/301
f  125/162/301 127/157/301 119/159/301
f  122/142/302 121/141/302 123/163/302
f  123/163/302 121/141/302 124/164/302
f  135/165/303 136/166/304 137/167/305
f  135/165/303 137/167/305 138/168/306
f  138/168/307 137/167/308 139/167/309
f  140/168/310 138/168/307 139/167/309
f  141/166/311 142/165/312 139/167/313
f  139/167/313 142/165/312 140/168/314
f  141/166/315 136/166/316 142/165/317
f  142/165/317 136/166/316 135/165/318
f  143/169/319 141/166/319 139/167/319
f  144/170/319 141/166/319 143/169/319
f  140/168/296 135/165/296 138/168/296
f  142/165/296 135/165/296 140/168/296
f  144/170/320 136/166/320 141/166/320
f  139/167/321 137/167/321 143/169/321
# object ShoulderR
g ShoulderR
v 0.00792 -0.01121 -0.00224
v 0.00792 -0.00912 -0.01199
v 0.00792 -0.00873 -0.00114
v 0.00061 -0.00873 -0.00114
v 0.00061 -0.00912 -0.01199
v 0.00061 -0.01121 -0.00224
v 0.00061 -0.00015 -0.00303
v 0.00060 -0.00027 -0.01058
v 0.00792 -0.00014 -0.00303
v 0.00792 -0.00027 -0.01058
# 10 verticies
vt 0.91924 0.14515
vt 0.93124 0.07615
vt 0.93424 0.15315
vt 0.98524 0.14015
vt 0.98424 0.08615
vt 0.93324 0.16615
vt 0.91824 0.21515
vt 0.93324 0.21515
vt 0.91824 0.16615
vt 0.98524 0.16615
vt 0.93124 0.21515
vt 0.93124 0.16615
vt 0.98524 0.21515
vt 0.98624 0.21515
vt 0.98624 0.16615
vt 0.86524 0.16615
vt 0.86524 0.21515
# 17 texture verticies
vn 1.00000 -0.00029 -0.00027
vn 1.00000 -0.00000 -0.00027
vn 1.00000 -0.00011 -0.00027
vn -1.00000 -0.00008 0.00019
vn -1.00000 -0.00011 0.00022
vn -1.00000 -0.00008 0.00019
vn -1.00000 -0.00011 0.00022
vn -1.00000 -0.00016 0.00027
vn 1.00000 0.00005 -0.00027
vn 1.00000 0.00004 -0.00027
vn 0.00025 -0.40614 0.91381
vn 0.00025 -0.40614 0.91381
vn -0.00028 0.15711 -0.98758
vn -0.00028 0.15711 -0.98758
vn -0.00029 0.15710 -0.98758
vn -0.00027 0.15712 -0.98758
vn 0.00027 0.21520 0.97657
vn 0.00025 0.21521 0.97657
vn 0.00025 0.21521 0.97657
vn 0.00024 0.21522 0.97657
vn -0.00007 0.99986 -0.01649
vn -0.00007 0.99986 -0.01649
vn -0.00000 0.99987 -0.01642
vn -0.00014 0.99986 -0.01655
vn 0.00002 -0.97788 -0.20917
vn 0.00008 -0.97787 -0.20921
vn -0.00000 -0.97788 -0.20916
vn -0.00006 -0.97789 -0.20912
# 28 normals
f  145/171/322 146/172/323 147/173/324
f  148/173/325 149/172/326 150/171/327
f  151/174/328 149/172/326 148/173/325
f  152/175/329 149/172/326 151/174/328
f  153/174/330 146/172/323 154/175/331
f  147/173/324 146/172/323 153/174/330
f  148/176/332 145/177/333 147/178/333
f  150/179/332 145/177/333 148/176/332
f  152/180/334 146/181/335 149/182/336
f  154/183/337 146/181/335 152/180/334
f  147/178/338 153/184/339 148/176/340
f  148/176/340 153/184/339 151/185/341
f  151/185/342 154/183/343 152/180/344
f  153/184/345 154/183/343 151/185/342
f  149/186/346 146/187/347 145/177/348
f  150/179/349 149/186/346 145/177/348
# object ArmR
g ArmR
v 0.00635 -0.01286 -0.00396
v 0.00635 -0.01986 -0.00396
v 0.00635 -0.01286 -0.00884
v 0.00662 -0.00779 -0.00974
v 0.00662 -0.01186 -0.00306
v 0.00662 -0.01186 -0.00974
v 0.00545 -0.02144 -0.00496
v 0.00545 -0.02144 -0.00784
v 0.00635 -0.01986 -0.00884
v 0.00218 -0.01286 -0.00884
v 0.00218 -0.01986 -0.00884
v 0.00218 -0.01286 -0.00396
v 0.00218 -0.01986 -0.00396
v 0.00308 -0.02144 -0.00784
v 0.00308 -0.02144 -0.00496
v 0.00662 -0.00779 -0.00306
v 0.00191 -0.00779 -0.00974
v 0.00191 -0.01186 -0.00974
v 0.00191 -0.00779 -0.00306
v 0.00191 -0.01186 -0.00306
# 20 verticies
vt 0.71324 0.34715
vt 0.66724 0.34715
vt 0.71324 0.38515
vt 0.73324 0.38615
vt 0.72024 0.34715
vt 0.72024 0.38515
vt 0.65724 0.34915
vt 0.65724 0.38215
vt 0.66724 0.38515
vt 0.71324 0.33615
vt 0.66624 0.33415
vt 0.71324 0.29715
vt 0.66624 0.29915
vt 0.65724 0.33315
vt 0.65724 0.29915
vt 0.73324 0.34615
vt 0.73424 0.33615
vt 0.72024 0.33615
vt 0.73424 0.29615
vt 0.72024 0.29715
# 20 texture verticies
vn 1.00000 -0.00014 -0.00020
vn 1.00000 -0.00015 -0.00024
vn 1.00000 -0.00009 -0.00021
vn 1.00000 -0.00025 -0.00030
vn 0.86887 -0.49505 -0.00030
vn 0.86877 -0.49521 -0.00021
vn 0.86881 -0.49514 -0.00025
vn 0.86874 -0.49528 -0.00018
vn -1.00000 0.00000 0.00020
vn -0.86892 -0.49495 0.00000
vn -0.86905 -0.49472 0.00012
vn -0.86900 -0.49482 0.00007
vn -0.86911 -0.49462 0.00018
vn -0.00024 0.00000 -1.00000
vn 0.00000 -0.53504 -0.84483
vn -0.00022 -0.53471 -0.84503
vn -0.00015 -0.53481 -0.84497
vn -0.00033 -0.53455 -0.84514
vn 0.00024 0.00000 1.00000
vn 0.00000 -0.53518 0.84474
vn 0.00005 -0.53511 0.84478
vn 0.00003 -0.53513 0.84477
vn 0.00007 -0.53507 0.84481
vn 1.00000 0.00000 -0.00015
vn 0.96547 -0.26050 -0.00020
vn 0.96558 -0.26009 -0.00027
vn 0.96550 -0.26039 -0.00022
vn 0.96561 -0.26001 -0.00029
vn -1.00000 0.00000 0.00030
vn -0.96547 -0.26050 0.00020
vn -0.96558 -0.26009 0.00027
vn -0.96550 -0.26039 0.00022
vn -0.96561 -0.26001 0.00029
vn -0.00021 0.00025 -1.00000
vn -0.00031 0.00013 -1.00000
vn -0.00033 0.00011 -1.00000
vn -0.00042 0.00000 -1.00000
vn -0.00034 -0.66932 -0.74297
vn -0.00043 -0.66910 -0.74317
vn -0.00037 -0.66925 -0.74303
vn -0.00046 -0.66903 -0.74323
vn 0.00042 0.00000 1.00000
vn 0.00033 0.00011 1.00000
vn 0.00031 0.00013 1.00000
vn 0.00021 0.00025 1.00000
vn 0.00002 -0.66896 0.74330
vn 0.00002 -0.66897 0.74329
vn 0.00002 -0.66896 0.74330
vn 0.00002 -0.66897 0.74329
# 49 normals
f  155/188/350 156/189/350 157/190/350
f  158/191/351 159/192/352 160/193/353
f  161/194/354 162/195/355 156/189/356
f  156/189/356 162/195/355 163/196/357
f  164/190/358 165/196/358 166/188/358
f  166/188/358 165/196/358 167/189/358
f  168/195/359 169/194/360 165/196/361
f  165/196/361 169/194/360 167/189/362
f  157/197/363 163/198/363 164/199/363
f  164/199/363 163/198/363 165/200/363
f  162/201/364 168/202/365 163/198/366
f  163/198/366 168/202/365 165/200/367
f  166/199/368 167/200/368 155/197/368
f  155/197/368 167/200/368 156/198/368
f  169/202/369 161/201/370 167/200/371
f  167/200/371 161/201/370 156/198/372
f  170/203/373 159/192/352 158/191/351
f  157/190/350 156/189/350 163/196/350
f  155/188/374 157/190/375 159/192/376
f  159/192/376 157/190/375 160/193/377
f  171/191/378 172/193/378 173/203/378
f  173/203/378 172/193/378 174/192/378
f  164/190/379 166/188/380 172/193/381
f  172/193/381 166/188/380 174/192/382
f  158/204/383 160/205/384 171/206/385
f  171/206/385 160/205/384 172/207/386
f  157/197/387 164/199/388 160/205/389
f  160/205/389 164/199/388 172/207/390
f  173/206/391 174/207/392 170/204/393
f  170/204/393 174/207/392 159/205/394
f  166/199/395 155/197/396 174/207/397
f  174/207/397 155/197/396 159/205/398
# object ForearmR
g ForearmR
v 0.00585 -0.04191 -0.00783
v 0.00649 -0.03741 -0.01069
v 0.00650 -0.03741 -0.00169
v 0.00585 -0.04191 -0.00203
v 0.00066 -0.03741 -0.00169
v 0.00136 -0.04191 -0.00782
v 0.00136 -0.04191 -0.00203
v 0.00066 -0.03741 -0.01069
v 0.00066 -0.02464 -0.00269
v 0.00066 -0.00939 -0.00919
v 0.00066 -0.00939 -0.01069
v 0.00066 -0.01989 -0.00844
v 0.00649 -0.02464 -0.00269
v 0.00649 -0.01989 -0.00844
v 0.00649 -0.00939 -0.01069
v 0.00649 -0.00939 -0.00919
v 0.00539 -0.02065 -0.00850
v 0.00157 -0.02065 -0.00850
v 0.00234 -0.01990 -0.00770
v 0.00471 -0.01990 -0.00770
v 0.00540 -0.02065 -0.00450
v 0.00471 -0.01990 -0.00530
v 0.00234 -0.01990 -0.00530
v 0.00157 -0.02065 -0.00450
v 0.00540 -0.02415 -0.00375
v 0.00157 -0.02415 -0.00375
# 26 verticies
vt 0.79124 0.30315
vt 0.81824 0.28315
vt 0.81824 0.34615
vt 0.79124 0.34415
vt 0.81824 0.28215
vt 0.89524 0.33915
vt 0.98624 0.29415
vt 0.98624 0.28215
vt 0.92324 0.29915
vt 0.98624 0.28315
vt 0.81824 0.24415
vt 0.98624 0.24415
vt 0.79124 0.27815
vt 0.79124 0.24815
vt 0.92424 0.34815
vt 0.98724 0.34815
vt 0.92424 0.38715
vt 0.98724 0.38715
vt 0.89524 0.34815
vt 0.89524 0.38715
vt 0.79124 0.38315
vt 0.79124 0.35315
vt 0.81824 0.34815
vt 0.81824 0.38715
vt 0.75824 0.34415
vt 0.75824 0.30415
vt 0.91924 0.35615
vt 0.91924 0.38115
vt 0.92424 0.37615
vt 0.92424 0.36015
vt 0.89824 0.35615
vt 0.89824 0.38115
# 32 texture verticies
vn 0.98988 -0.14193 -0.00027
vn 0.98987 -0.14199 -0.00022
vn 0.98988 -0.14190 -0.00029
vn 0.98989 -0.14183 -0.00034
vn -0.98825 -0.15286 0.00019
vn -0.98825 -0.15287 0.00020
vn -0.98825 -0.15283 0.00017
vn -0.98824 -0.15289 0.00022
vn -1.00000 -0.00008 0.00025
vn -1.00000 -0.00007 0.00023
vn -1.00000 -0.00006 0.00022
vn -1.00000 -0.00010 0.00000
vn -1.00000 -0.00009 0.00002
vn -1.00000 -0.00009 0.00020
vn 1.00000 0.00006 -0.00022
vn 1.00000 0.00007 -0.00023
vn 1.00000 0.00008 -0.00025
vn 1.00000 0.00009 -0.00020
vn 1.00000 0.00009 -0.00002
vn 1.00000 0.00010 0.00000
vn -0.00017 0.00000 -1.00000
vn -0.00017 -0.53711 -0.84352
vn -0.00014 -0.53712 -0.84350
vn -0.00016 -0.53711 -0.84351
vn -0.00019 -0.53709 -0.84353
vn 0.00017 0.07125 0.99746
vn 0.00028 0.07119 0.99746
vn 0.00023 0.07121 0.99746
vn 0.00034 0.07115 0.99747
vn 0.00011 0.77096 0.63688
vn 0.00000 1.00000 0.00000
vn 0.00019 -0.07554 0.99714
vn 0.00022 -0.07558 0.99714
vn 0.00020 -0.07555 0.99714
vn 0.00017 -0.07552 0.99714
vn 0.00017 0.07808 0.99695
vn 0.00000 -1.00000 0.00000
vn -0.00006 0.72942 -0.68407
vn -0.00018 0.72920 -0.68430
vn -0.00013 0.72929 -0.68421
vn 0.00000 0.72954 -0.68394
vn 0.73894 0.67377 -0.00027
vn 0.73877 0.67396 -0.00019
vn 0.73884 0.67389 -0.00022
vn 0.73903 0.67367 -0.00031
vn 0.00006 0.72966 0.68381
vn 0.00013 0.72979 0.68367
vn 0.00018 0.72988 0.68358
vn 0.00000 0.72954 0.68394
vn -0.69771 0.71638 0.00020
vn -0.69781 0.71628 0.00025
vn -0.69765 0.71644 0.00017
vn -0.69790 0.71620 0.00029
vn 0.00026 0.20947 0.97781
vn -1.00000 -0.00023 0.00025
vn 1.00000 0.00023 -0.00025
# 56 normals
f  175/208/399 176/209/400 177/210/401
f  178/211/402 175/208/399 177/210/401
f  179/210/403 180/208/404 181/211/405
f  179/210/403 182/212/406 180/208/404
f  183/213/407 182/212/408 179/210/409
f  184/214/410 185/215/411 186/216/412
f  185/215/411 182/212/408 186/216/412
f  186/216/412 182/212/408 183/213/407
f  177/210/413 176/209/414 187/213/415
f  188/216/416 189/217/417 190/214/418
f  187/213/415 176/209/414 188/216/416
f  188/216/416 176/209/414 189/217/417
f  176/218/419 182/212/419 189/219/419
f  189/219/419 182/212/419 185/215/419
f  180/220/420 182/212/421 176/218/422
f  180/220/420 176/218/422 175/221/423
f  188/222/424 190/223/425 186/224/426
f  190/223/425 184/225/427 186/224/426
f  187/226/428 188/222/428 183/227/428
f  188/222/428 186/224/428 183/227/428
f  189/223/429 185/225/429 190/223/429
f  190/223/429 185/225/429 184/225/429
f  181/228/430 178/229/431 177/230/432
f  179/231/433 181/228/430 177/230/432
f  187/226/434 183/227/434 177/230/434
f  177/230/434 183/227/434 179/231/434
f  181/232/435 175/208/435 178/211/435
f  180/233/435 175/208/435 181/232/435
f  191/234/436 192/235/437 193/236/438
f  194/237/439 191/234/436 193/236/438
f  195/234/440 191/234/441 194/237/442
f  195/234/440 194/237/442 196/237/443
f  195/234/444 197/236/445 198/235/446
f  196/237/447 197/236/445 195/234/444
f  197/236/448 192/235/449 198/235/450
f  193/236/451 192/235/449 197/236/448
f  195/234/452 198/235/452 199/238/452
f  199/238/452 198/235/452 200/239/452
f  194/237/429 193/236/429 196/237/429
f  196/237/429 193/236/429 197/236/429
f  198/235/453 192/235/453 200/239/453
f  199/238/454 191/234/454 195/234/454
# object HandR
g HandR
v 0.00478 -0.04293 -0.00967
v 0.00555 -0.04106 -0.00988
v 0.00555 -0.04181 -0.00217
v 0.00478 -0.04421 -0.00250
v 0.00019 -0.04181 -0.00217
v 0.00019 -0.04106 -0.00988
v 0.00107 -0.04293 -0.00967
v 0.00107 -0.04421 -0.00250
v 0.00555 -0.03693 -0.00217
v 0.00555 -0.03693 -0.00950
v 0.00487 -0.03356 -0.00855
v 0.00487 -0.03356 -0.00305
v 0.00147 -0.03356 -0.00855
v 0.00086 -0.03693 -0.00951
v 0.00086 -0.03693 -0.00217
v 0.00147 -0.03356 -0.00305
# 16 verticies
vt 0.65124 0.18415
vt 0.66224 0.18315
vt 0.65824 0.23715
vt 0.64324 0.23515
vt 0.72524 0.23715
vt 0.72924 0.18315
vt 0.71824 0.18415
vt 0.71024 0.23515
vt 0.68724 0.23715
vt 0.68724 0.18515
vt 0.70724 0.19215
vt 0.70724 0.23115
vt 0.77424 0.19215
vt 0.75424 0.18515
vt 0.75424 0.23715
vt 0.77424 0.23115
vt 0.65824 0.27315
vt 0.64324 0.26715
vt 0.64324 0.24215
vt 0.70824 0.24215
vt 0.68724 0.26915
vt 0.70824 0.26515
vt 0.66224 0.18215
vt 0.66224 0.14615
vt 0.65024 0.17615
vt 0.65024 0.15115
vt 0.68724 0.14615
vt 0.68724 0.17715
vt 0.70724 0.15115
vt 0.70724 0.17315
vt 0.64224 0.23415
vt 0.61424 0.18415
vt 0.64224 0.18415
vt 0.61424 0.23415
# 34 texture verticies
vn 0.93008 -0.36502 -0.04139
vn 0.98060 -0.19513 -0.01874
vn 0.98741 -0.15630 -0.02430
vn 0.95226 -0.30060 -0.05336
vn -0.99448 -0.10186 -0.02538
vn -0.99016 -0.13926 -0.01381
vn -0.91170 -0.40818 -0.04688
vn -0.93892 -0.33876 -0.06054
vn 0.99405 0.10891 0.00024
vn 0.99680 0.07997 0.00027
vn 0.98021 0.19795 0.00024
vn 0.98024 0.19784 0.00018
vn -0.98426 0.17675 -0.00030
vn -0.98686 0.16150 0.00543
vn -0.98731 0.15884 -0.00030
vn -0.98428 0.17664 -0.00036
vn -0.00019 -0.06587 0.99783
vn -0.00013 -0.13518 0.99082
vn -0.00014 -0.06133 0.99812
vn 0.00000 -0.13541 0.99079
vn -0.00021 0.12557 0.99209
vn -0.00024 0.25150 0.96786
vn -0.00022 0.11684 0.99315
vn -0.00028 0.25155 0.96785
vn 0.00037 -0.00700 -0.99998
vn 0.00036 0.00169 -1.00000
vn 0.00034 -0.11316 -0.99358
vn 0.00027 -0.11298 -0.99360
vn 0.00042 0.18151 -0.98339
vn 0.00038 0.17516 -0.98454
vn 0.00036 0.27267 -0.96211
vn 0.00028 0.27275 -0.96208
vn 0.00002 -0.98454 -0.17518
vn 0.00003 -0.98453 -0.17519
vn 0.00005 -0.98453 -0.17520
vn 0.00000 -0.98454 -0.17517
# 36 normals
f  201/240/455 202/241/456 203/242/457
f  204/243/458 201/240/455 203/242/457
f  205/244/459 206/245/460 207/246/461
f  205/244/459 207/246/461 208/247/462
f  209/248/463 210/249/464 211/250/465
f  209/248/463 211/250/465 212/251/466
f  213/252/467 214/253/468 215/254/469
f  216/255/470 213/252/467 215/254/469
f  214/253/468 206/245/460 205/244/459
f  215/254/469 214/253/468 205/244/459
f  203/242/457 202/241/456 210/249/464
f  203/242/457 210/249/464 209/248/463
f  205/256/471 208/257/472 203/242/473
f  203/242/473 208/257/472 204/258/474
f  209/248/475 212/259/476 215/260/477
f  212/259/476 216/261/478 215/260/477
f  205/256/471 203/242/473 215/260/477
f  215/260/477 203/242/473 209/248/475
f  206/262/479 202/263/480 207/264/481
f  207/264/481 202/263/480 201/265/482
f  210/266/483 214/267/484 211/268/485
f  211/268/485 214/267/484 213/269/486
f  210/266/483 202/263/480 214/267/484
f  214/267/484 202/263/480 206/262/479
f  204/270/487 207/271/488 201/272/489
f  208/273/490 207/271/488 204/270/487
# object GunpodMain
g GunpodMain
v -0.00000 0.00882 -0.01778
v -0.00079 0.00882 -0.01668
v -0.00000 0.00952 -0.01708
v 0.00099 0.00774 -0.01668
v -0.00000 0.00774 -0.01794
v 0.00079 0.00882 -0.01668
v -0.00099 0.00774 -0.01668
v -0.00130 0.01422 -0.01384
v -0.00000 0.01422 -0.01308
v 0.00129 0.01422 -0.01384
v 0.00129 0.01422 -0.01535
v -0.00000 0.01422 -0.01610
v -0.00130 0.01422 -0.01535
v -0.00187 -0.02978 -0.01348
v -0.00000 -0.02978 -0.01239
v -0.00000 -0.02228 -0.01239
v -0.00187 -0.02228 -0.01348
v 0.00186 -0.02228 -0.01349
v 0.00187 -0.02978 -0.01349
v 0.00186 -0.02228 -0.01567
v 0.00186 -0.02978 -0.01567
v -0.00001 -0.02228 -0.01676
v -0.00000 -0.02978 -0.01676
v -0.00187 -0.02228 -0.01566
v -0.00187 -0.02978 -0.01566
v -0.00000 0.01122 -0.01279
v 0.00154 0.01122 -0.01369
v 0.00154 0.01122 -0.01549
v -0.00000 0.01122 -0.01639
v -0.00155 0.01122 -0.01549
v -0.00155 0.01122 -0.01369
v -0.00000 0.00472 -0.01773
v -0.00267 0.00472 -0.01608
v -0.00267 -0.02228 -0.01608
v -0.00267 -0.02228 -0.01308
v -0.00267 0.00472 -0.01308
v 0.00208 0.01122 -0.01337
v 0.00208 0.01122 -0.01579
v -0.00000 0.01122 -0.01700
v -0.00208 0.01122 -0.01579
v -0.00208 0.01122 -0.01337
v -0.00000 0.01122 -0.01216
v 0.00267 -0.02228 -0.01308
v 0.00000 -0.02228 -0.01138
v -0.00000 -0.02228 -0.01778
v 0.00267 -0.02228 -0.01608
v 0.00267 0.00472 -0.01308
v -0.00000 0.00472 -0.01138
v 0.00267 0.00472 -0.01608
v 0.00029 -0.01987 -0.00900
v -0.00028 -0.01987 -0.00900
v 0.00000 -0.01620 -0.00956
v 0.00030 -0.02170 -0.00322
v -0.00028 -0.02170 -0.00322
v 0.00030 -0.02423 -0.00379
v -0.00028 -0.02423 -0.00379
v 0.00029 -0.02254 -0.01013
v -0.00028 -0.02254 -0.01013
v 0.00029 -0.02536 -0.01182
v -0.00028 -0.02536 -0.01182
v 0.00000 -0.01268 -0.01182
# 61 verticies
vt 0.01424 0.91115
vt 0.01224 0.90015
vt 0.02824 0.90015
vt 0.02824 0.90915
vt 0.01324 0.95615
vt 0.02224 0.95115
vt 0.03124 0.95615
vt 0.03124 0.96615
vt 0.02224 0.97215
vt 0.01324 0.96615
vt 0.34524 0.95484
vt 0.34524 0.94361
vt 0.30024 0.94361
vt 0.30024 0.95484
vt 0.30024 0.96984
vt 0.34524 0.96984
vt 0.30024 0.98015
vt 0.34524 0.98015
vt 0.04724 0.88615
vt 0.04724 0.88115
vt 0.06524 0.87915
vt 0.06524 0.88515
vt 0.06524 0.89815
vt 0.04724 0.89715
vt 0.06524 0.90415
vt 0.04724 0.90215
vt 0.04724 0.96715
vt 0.04724 0.97215
vt 0.06524 0.97415
vt 0.06524 0.96815
vt 0.04724 0.95615
vt 0.06524 0.95515
vt 0.06524 0.94915
vt 0.04724 0.95115
vt 0.10424 0.98215
vt 0.08824 0.97515
vt 0.08824 0.98415
vt 0.08824 0.91415
vt 0.08824 0.90515
vt 0.10424 0.91215
vt 0.10424 0.97215
vt 0.26624 0.97215
vt 0.26624 0.95115
vt 0.10424 0.95115
vt 0.03624 0.95315
vt 0.03624 0.97015
vt 0.02224 0.97815
vt 0.00824 0.97015
vt 0.00824 0.95315
vt 0.02224 0.94415
vt 0.26624 0.88115
vt 0.26624 0.87015
vt 0.26624 0.90215
vt 0.26624 0.91215
vt 0.10424 0.88115
vt 0.10424 0.87015
vt 0.10424 0.90215
vt 0.26624 0.98215
vt 0.06524 0.97015
vt 0.06524 0.95315
vt 0.26624 0.94015
vt 0.10424 0.94015
vt 0.06524 0.94415
vt 0.06524 0.88315
vt 0.06524 0.87415
vt 0.06524 0.90015
vt 0.06524 0.90815
vt 0.06524 0.97815
vt 0.40524 0.86915
vt 0.38324 0.87315
vt 0.41624 0.82915
vt 0.43124 0.83315
vt 0.42124 0.87715
vt 0.43824 0.88915
vt 0.36224 0.88915
# 75 texture verticies
vn -0.77427 0.26013 -0.57693
vn -0.77350 0.30257 -0.55692
vn -0.70059 0.50471 -0.50443
vn 0.79438 0.12344 -0.59474
vn 0.78338 0.09309 -0.61454
vn 0.77415 0.25955 -0.57734
vn 0.77340 0.30202 -0.55735
vn -0.78362 0.09305 -0.61424
vn -0.79463 0.12345 -0.59441
vn 0.70097 0.50344 -0.50516
vn 0.00000 1.00000 0.00000
vn -0.83494 -0.00011 0.55034
vn 0.06221 0.00001 0.99806
vn -0.06159 -0.00001 0.99810
vn -0.89594 -0.00005 0.44417
vn 0.83525 0.00011 0.54987
vn 0.89618 0.00005 0.44369
vn 0.89594 0.00007 -0.44417
vn 0.83500 0.00003 -0.55025
vn 0.06162 -0.00002 -0.99810
vn -0.06206 0.00003 -0.99807
vn -0.83521 -0.00003 -0.54993
vn -0.89614 -0.00007 -0.44378
vn 0.90685 0.09549 0.41049
vn 0.50251 0.08482 0.86040
vn 0.50244 0.08478 0.86045
vn 0.82191 0.09618 0.56144
vn 0.89947 0.09367 -0.42682
vn 0.81201 0.09318 -0.57616
vn 0.50176 0.08065 -0.86124
vn 0.50173 0.08067 -0.86125
vn -0.81230 0.09298 -0.57578
vn -0.50194 0.08066 -0.86113
vn -0.50211 0.08055 -0.86104
vn -0.89973 0.09339 -0.42635
vn -0.90663 0.09517 0.41106
vn -0.82157 0.09586 0.56199
vn -0.50179 0.08448 0.86085
vn -0.50196 0.08459 0.86074
vn -0.78630 -0.04321 -0.61634
vn 0.78606 -0.04323 -0.61664
vn -0.87928 0.04922 -0.47376
vn -0.86242 0.00078 -0.50619
vn -0.88925 -0.00007 0.45742
vn -0.88455 0.05246 0.46349
vn 0.00016 -1.00000 -0.00012
vn 0.00019 -1.00000 -0.00029
vn 0.00019 -1.00000 -0.00010
vn 0.00023 -1.00000 -0.00008
vn 0.00019 -1.00000 -0.00011
vn 0.00000 -1.00000 0.00000
vn 0.86262 0.00006 0.50586
vn 0.89691 0.05259 0.43908
vn 0.53168 0.04821 0.84557
vn 0.53694 0.00004 0.84362
vn 0.88931 0.00007 -0.45731
vn 0.86505 0.04964 -0.49922
vn 0.53576 0.00020 -0.84437
vn 0.52165 0.05003 -0.85169
vn -0.52268 0.04710 -0.85123
vn -0.53716 0.00152 -0.84348
vn -0.86289 0.10554 -0.49425
vn -0.81922 0.10815 0.56318
vn -0.53671 -0.00004 0.84377
vn -0.53113 0.05048 0.84579
vn -0.50084 0.10273 0.85942
vn 0.81946 0.10822 0.56283
vn 0.50133 0.10270 0.85914
vn 0.86268 0.10560 -0.49461
vn 0.50135 0.09630 -0.85987
vn -0.50166 0.09629 -0.85969
vn 0.00000 -0.15218 -0.98835
vn 0.00000 -0.95325 -0.30218
vn 0.00000 0.21709 -0.97615
vn 0.00000 0.96625 0.25761
vn 0.00004 0.96625 0.25760
vn 0.00045 0.96626 0.25757
vn 0.00041 0.96626 0.25757
vn -0.00148 0.51512 -0.85712
vn 0.99905 -0.02269 0.03717
vn 0.99888 -0.03463 -0.03237
vn 0.99897 -0.04478 -0.00676
vn 0.99914 -0.01612 0.03828
vn 1.00000 0.00004 -0.00016
vn 1.00000 0.00004 -0.00015
vn 0.99956 -0.01927 0.02259
vn -0.98194 -0.10225 -0.15920
vn -0.99840 -0.05002 -0.02628
vn -0.99899 -0.02285 0.03861
vn -0.99971 -0.01081 0.02146
vn -1.00000 -0.00003 0.00015
vn -1.00000 -0.00004 0.00015
vn -0.99981 -0.01959 -0.00030
# 93 normals
usemtl BodyGlow
f  217/274/491 218/275/492 219/275/493
f  220/276/494 221/277/495 217/274/496 222/275/497
f  217/274/491 221/277/498 223/276/499 218/275/492
f  217/274/496 219/275/500 222/275/497
usemtl Body
f  224/278/501 225/279/501 226/280/501 227/281/501 228/282/501 229/283/501
f  230/284/502 231/285/503 232/286/504 233/287/505
f  234/287/506 232/286/504 231/285/503 235/284/507
f  236/288/508 234/287/506 235/284/507 237/289/509
f  238/290/510 236/288/508 237/289/509 239/291/511
f  240/288/512 238/290/510 239/291/511 241/289/513
f  233/287/505 240/288/512 241/289/513 230/284/502
f  226/292/514 225/293/515 242/294/516 243/295/517
f  226/292/514 243/295/517 244/296/518 227/297/519
f  227/297/519 244/296/518 245/298/520 228/299/521
f  229/300/522 228/301/523 245/302/524 246/303/525
f  224/304/526 229/300/522 246/303/525 247/305/527
f  224/304/526 247/305/527 242/306/528 225/307/529
f  248/308/530 223/309/530 221/310/530
f  221/311/531 220/312/531 248/313/531
f  249/314/532 250/315/533 251/316/534 252/317/535
f  253/318/501 254/319/501 255/320/501 256/321/501 257/322/501 258/323/501
f  259/324/536 260/325/537 251/324/538 250/326/539 261/327/540 262/326/541
f  259/324/542 263/328/543 264/329/544 260/325/545
f  262/326/546 265/330/547 263/328/543 259/324/542
f  261/327/548 248/313/549 265/330/547 262/326/546
f  250/315/533 249/314/532 248/308/550 261/331/551
f  256/332/552 249/314/532 252/317/535 257/333/553
f  260/334/554 264/335/555 252/317/535 251/316/534
f  257/333/553 252/317/535 264/335/555 258/336/556
f  253/337/557 258/338/558 264/329/544 263/328/543
f  254/339/559 253/337/557 263/328/543 265/330/547
f  254/339/559 265/330/547 248/313/549 255/340/560
f  256/332/552 255/341/561 248/308/550 249/314/532
f  266/342/562 267/342/562 268/343/562
f  267/342/563 266/342/563 269/344/563 270/344/563
f  270/344/564 269/344/564 271/345/564 272/345/564
f  272/345/565 271/345/566 273/346/567 274/346/568
f  274/346/569 273/346/569 275/347/569 276/347/569
f  276/347/570 277/348/571 268/343/572 267/342/573 270/344/574 272/345/575 274/346/576
f  268/343/577 277/348/578 275/347/579 273/346/580 271/345/581 269/344/582 266/342/583
# object Chest
g Chest
v -0.00581 -0.00090 0.00101
v -0.00400 0.00200 0.00112
v -0.00597 -0.00090 0.00707
v -0.01327 0.01299 0.00378
v -0.01977 -0.00090 0.00114
v -0.01693 -0.00090 0.00352
v -0.00542 0.01906 0.00378
v 0.00596 -0.00090 0.00706
v 0.01326 0.01299 0.00378
v 0.00540 0.01906 0.00378
v 0.01692 -0.00090 0.00351
v 0.00400 0.00200 0.00659
v -0.00400 0.00200 0.00659
v 0.01548 0.01380 0.00113
v 0.00592 0.02099 0.00113
v -0.00593 0.02099 0.00113
v -0.01549 0.01380 0.00113
v 0.01977 -0.00090 0.00100
v 0.00580 -0.00090 0.00101
v 0.00399 0.00200 0.00112
v -0.00581 0.00826 -0.00063
v -0.00581 -0.00090 -0.00091
v -0.01594 0.00825 -0.00023
v -0.01693 -0.00090 -0.00091
v -0.00581 0.00856 0.00100
v -0.01705 0.00857 0.00109
v 0.01692 -0.00090 -0.00092
v 0.00579 -0.00090 -0.00091
v 0.01593 0.00825 -0.00024
v 0.00579 0.00826 -0.00063
v 0.00579 0.00856 0.00100
v 0.01703 0.00857 0.00109
v -0.00552 0.01369 -0.00023
v -0.00406 0.01369 -0.00310
v -0.00397 0.00177 -0.00280
v -0.00516 0.00177 -0.00004
v -0.00500 0.01369 0.00518
v -0.00422 0.00177 0.00552
v -0.00249 0.01369 0.00908
v -0.00194 0.00177 0.00786
v -0.00001 0.00177 -0.00371
v -0.00001 0.01369 -0.00371
v -0.00000 0.01369 0.01008
v -0.00000 0.00177 0.00849
v 0.00396 0.00177 -0.00281
v 0.00405 0.01369 -0.00311
v 0.00551 0.01369 -0.00024
v 0.00515 0.00177 -0.00004
v 0.00422 0.00177 0.00552
v 0.00499 0.01369 0.00517
v 0.00248 0.01369 0.00908
v 0.00194 0.00177 0.00786
# 52 verticies
vt 0.35424 0.42515
vt 0.36624 0.42515
vt 0.35424 0.46315
vt 0.08824 0.84815
vt 0.00324 0.82915
vt 0.00324 0.84615
vt 0.09024 0.77015
vt 0.04324 0.73415
vt 0.08724 0.64915
vt 0.15824 0.64915
vt 0.20224 0.73415
vt 0.15524 0.77015
vt 0.22424 0.64915
vt 0.14724 0.66715
vt 0.09924 0.66715
vt 0.48324 0.73815
vt 0.27224 0.64915
vt 0.42624 0.78215
vt 0.35524 0.78215
vt 0.29724 0.73815
vt 0.15824 0.84815
vt 0.15524 0.82915
vt 0.11124 0.84815
vt 0.09724 0.82915
vt 0.22624 0.82915
vt 0.22324 0.84815
vt 0.09324 0.82915
vt 0.02124 0.64915
vt 0.50924 0.64915
vt 0.42524 0.64915
vt 0.41424 0.66715
vt 0.36724 0.66715
vt 0.35524 0.64915
vt 0.36624 0.46015
vt 0.35524 0.42415
vt 0.27124 0.42415
vt 0.28824 0.44015
vt 0.41424 0.46015
vt 0.41424 0.42515
vt 0.42524 0.46315
vt 0.42524 0.42415
vt 0.49124 0.44015
vt 0.50824 0.42415
vt 0.35624 0.70415
vt 0.35624 0.64915
vt 0.29524 0.70415
vt 0.28924 0.64915
vt 0.28824 0.40615
vt 0.35524 0.40615
vt 0.29024 0.70415
vt 0.49224 0.64915
vt 0.48624 0.70415
vt 0.42524 0.70415
vt 0.49124 0.40615
vt 0.42524 0.40615
vt 0.49124 0.70415
vt 0.66124 0.50215
vt 0.66124 0.48215
vt 0.59424 0.48415
vt 0.59424 0.50415
vt 0.66124 0.54115
vt 0.59424 0.54315
vt 0.66124 0.56915
vt 0.59424 0.56115
vt 0.66424 0.45015
vt 0.59624 0.42615
vt 0.59624 0.44915
vt 0.66424 0.42615
vt 0.66224 0.61715
vt 0.59424 0.61315
vt 0.66224 0.60215
vt 0.59424 0.60215
vt 0.61924 0.32615
vt 0.58724 0.30215
vt 0.61224 0.30815
vt 0.61324 0.36115
vt 0.56324 0.30815
vt 0.59924 0.37615
vt 0.55624 0.32615
vt 0.56124 0.36115
vt 0.58724 0.38115
vt 0.57524 0.37615
# 82 texture verticies
vn 0.84894 -0.52798 0.02304
vn 0.84137 -0.54027 0.01454
vn 0.83612 -0.54847 0.00881
vn -0.70216 0.19837 0.68383
vn -0.65258 0.16451 0.73965
vn -0.63516 0.15303 0.75707
vn -0.05247 0.16362 0.98513
vn -0.20274 0.12309 0.97147
vn -0.17590 0.11829 0.97728
vn 0.17634 0.11834 0.97719
vn 0.20320 0.12314 0.97136
vn 0.04601 0.16349 0.98547
vn 0.30792 0.06293 0.94933
vn 0.00019 0.16242 0.98672
vn 0.00027 0.16242 0.98672
vn -0.00228 0.00518 -0.99998
vn -0.00170 0.00670 -0.99998
vn -0.00023 0.00000 -1.00000
vn -0.00024 0.00001 -1.00000
vn -0.00020 -0.00001 -1.00000
vn -0.50169 0.64958 0.57127
vn -0.49658 0.64725 0.57834
vn -0.48606 0.64232 0.59260
vn -0.48146 0.64013 0.59870
vn 0.00008 0.80804 0.58912
vn 0.00009 0.80805 0.58911
vn 0.00008 0.80805 0.58912
vn 0.00009 0.80806 0.58910
vn 0.70634 0.19532 0.68039
vn 0.66648 0.16743 0.72647
vn 0.71854 0.20414 0.66485
vn 0.65252 0.15796 0.74112
vn 0.48616 0.64234 0.59249
vn 0.49676 0.64731 0.57812
vn 0.50189 0.64967 0.57099
vn 0.48153 0.64013 0.59864
vn -0.30751 0.06284 0.94947
vn -0.00029 0.00829 -0.99997
vn -0.01214 0.01609 -0.99980
vn -0.01336 0.01385 -0.99981
vn -0.71682 0.20877 0.66527
vn -0.00455 0.02089 -0.99977
vn -0.00894 0.04312 -0.99903
vn 0.82771 -0.56116 -0.00015
vn 0.00008 -1.00000 -0.00007
vn 0.00006 -1.00000 -0.00015
vn 0.00006 -1.00000 -0.00001
vn 0.00000 -1.00000 0.00000
vn -0.82764 -0.56125 0.00015
vn -0.84134 -0.54031 0.01489
vn -0.83608 -0.54853 0.00914
vn -0.84893 -0.52798 0.02341
vn 0.00014 -1.00000 0.00016
vn 0.00008 -1.00000 0.00001
vn 0.00009 -1.00000 -0.00001
vn 0.00008 -1.00000 -0.00001
vn -0.03974 0.03055 -0.99874
vn -0.02101 0.05129 -0.99846
vn -0.36298 0.12551 -0.92331
vn -0.30511 0.10330 -0.94670
vn 1.00000 0.00003 -0.00044
vn 1.00000 0.00009 -0.00010
vn 1.00000 0.00011 -0.00002
vn 1.00000 0.00002 -0.00052
vn 0.00008 -1.00000 0.00008
vn 0.00009 -1.00000 0.00000
vn -0.72672 0.20658 -0.65514
vn -0.60495 0.13631 -0.78451
vn 0.29041 0.10207 -0.95144
vn 0.02053 0.05126 -0.99847
vn 0.35789 0.12847 -0.92489
vn 0.03924 0.03054 -0.99876
vn -1.00000 -0.00011 0.00002
vn -1.00000 -0.00009 0.00010
vn -1.00000 -0.00003 0.00044
vn -1.00000 -0.00002 0.00052
vn 0.00008 -1.00000 -0.00008
vn 0.58419 0.13665 -0.80003
vn 0.72426 0.21507 -0.65513
vn -0.97822 -0.02593 -0.20593
vn -0.89121 -0.01836 -0.45322
vn -0.91319 -0.03132 -0.40633
vn -0.99500 -0.04491 -0.08926
vn -0.95126 -0.03968 0.30582
vn -0.88468 -0.07693 0.45981
vn -0.81639 -0.05289 0.57507
vn -0.71330 -0.10315 0.69323
vn -0.16568 -0.00668 -0.98616
vn -0.00028 -0.01995 -0.99980
vn -0.22151 -0.02626 -0.97480
vn -0.00024 0.00000 -1.00000
vn -0.37103 -0.11073 0.92200
vn -0.31663 -0.12302 0.94054
vn 0.00020 -0.12108 0.99264
vn -0.00007 -0.13196 0.99125
vn 0.91302 -0.03117 -0.40672
vn 0.89102 -0.01822 -0.45359
vn 0.97813 -0.02577 -0.20640
vn 0.99496 -0.04475 -0.08977
vn 0.88491 -0.07675 0.45940
vn 0.95141 -0.03951 0.30538
vn 0.81659 -0.05271 0.57480
vn 0.71361 -0.10296 0.69294
vn 0.22094 -0.02622 -0.97494
vn 0.16519 -0.00667 -0.98624
vn 0.31659 -0.12300 0.94055
vn 0.37148 -0.11060 0.92183
# 107 normals
f  278/349/584 279/350/585 280/351/586
f  281/352/587 282/353/588 283/354/589
f  284/355/590 281/356/591 280/357/592
f  285/358/593 286/359/594 287/360/595
f  285/358/593 288/361/596 286/359/594
f  285/358/593 287/360/595 289/362/597
f  287/360/595 284/355/590 290/363/598
f  291/364/599 282/365/600 292/366/601
f  292/366/601 282/365/600 293/367/602
f  293/367/602 282/365/600 294/368/603
f  284/369/604 293/370/605 281/371/606
f  293/370/605 294/372/607 281/371/606
f  292/373/608 293/370/609 287/374/610
f  287/374/610 293/370/609 284/369/611
f  286/352/612 295/353/613 291/375/614
f  288/354/615 295/353/613 286/352/612
f  286/371/616 292/370/617 287/369/618
f  286/371/616 291/372/619 292/370/617
f  281/356/591 283/376/620 280/357/592
f  290/363/598 284/355/590 280/357/592
f  289/362/597 287/360/595 290/363/598
f  295/377/621 296/378/622 291/364/599
f  291/364/599 296/378/622 297/379/623
f  294/375/624 282/353/588 281/352/587
f  291/364/599 279/380/625 282/365/600
f  279/380/625 278/381/626 282/365/600
f  297/379/623 279/380/625 291/364/599
f  280/351/586 279/350/585 290/382/627
f  278/383/628 280/351/629 282/384/630
f  282/384/630 280/351/629 283/385/631
f  289/386/632 297/387/633 285/388/634
f  285/388/634 297/387/633 296/389/635
f  288/390/636 285/388/637 295/391/638
f  295/391/638 285/388/637 296/389/639
f  290/382/631 279/350/631 289/386/631
f  289/386/631 279/350/631 297/387/631
f  298/392/640 299/393/641 300/394/642
f  300/394/642 299/393/641 301/395/643
f  278/393/644 298/392/645 302/392/646
f  278/393/644 299/393/647 298/392/645
f  301/396/648 299/397/649 278/383/628
f  282/384/630 301/396/648 278/383/628
f  303/398/650 300/394/642 282/365/651
f  300/394/642 301/395/643 282/365/651
f  304/399/652 305/378/653 306/400/654
f  306/400/654 305/378/653 307/401/655
f  308/401/656 307/401/657 296/378/658
f  307/401/657 305/378/659 296/378/658
f  296/389/639 304/402/660 295/391/638
f  296/389/639 305/403/649 304/402/660
f  295/377/661 304/399/652 306/400/654
f  295/377/661 306/400/654 309/404/662
f  310/405/663 311/406/664 312/407/665
f  310/405/663 312/407/665 313/408/666
f  314/409/667 313/408/666 315/410/668
f  314/409/667 310/405/663 313/408/666
f  316/411/669 314/409/667 315/410/668
f  316/411/669 315/410/668 317/412/670
f  311/413/671 318/414/672 312/415/673
f  319/416/674 318/414/672 311/413/671
f  316/417/675 317/418/676 320/419/677
f  320/419/677 317/418/676 321/420/678
f  322/407/679 323/406/680 324/405/681
f  325/408/682 322/407/679 324/405/681
f  326/410/683 325/408/682 327/409/684
f  325/408/682 324/405/681 327/409/684
f  326/410/683 327/409/684 328/411/685
f  329/412/686 326/410/683 328/411/685
f  322/415/687 318/414/672 323/413/688
f  323/413/688 318/414/672 319/416/674
f  320/419/677 329/418/689 328/417/690
f  321/420/678 329/418/689 320/419/677
f  325/421/631 318/422/631 322/423/631
f  326/424/631 318/422/631 325/421/631
f  312/425/631 318/422/631 326/424/631
f  329/426/631 312/425/631 326/424/631
f  313/427/631 312/425/631 329/426/631
f  315/428/631 313/427/631 329/426/631
f  321/429/631 317/430/631 329/426/631
f  317/430/631 315/428/631 329/426/631
# object AnkleL
g AnkleL
v -0.00775 0.00865 0.00136
v -0.00774 0.01095 -0.00561
v -0.00822 0.02209 0.00005
v -0.00736 0.00463 -0.00472
v -0.00793 0.00905 -0.00867
v -0.00765 0.00438 -0.00879
v -0.00775 0.00501 0.00158
v -0.01594 0.00463 -0.00473
v -0.01556 0.00439 -0.00869
v -0.01528 0.00501 0.00158
v -0.01357 0.02009 0.00017
v -0.01583 0.00946 -0.00552
v -0.01528 0.00865 0.00136
v -0.01547 0.00825 -0.00863
v -0.01711 -0.00013 -0.00469
v -0.01571 -0.00012 -0.00545
v -0.01571 -0.00383 -0.00394
v -0.01711 -0.00013 -0.00316
v -0.01571 -0.00014 -0.00239
v -0.01571 0.00469 -0.00605
v -0.01768 0.00468 -0.00497
v -0.01769 0.00467 -0.00281
v -0.01571 0.00466 -0.00173
v -0.01644 0.00739 -0.00535
v -0.01571 0.00819 -0.00540
v -0.01644 0.00737 -0.00240
v -0.01571 0.00817 -0.00235
v -0.01571 0.00967 -0.00386
v -0.01758 0.00558 -0.00389
# 29 verticies
vt 0.62224 0.07915
vt 0.63924 0.03115
vt 0.70324 0.07515
vt 0.60324 0.03415
vt 0.62824 0.00815
vt 0.60324 0.00515
vt 0.60324 0.07915
vt 0.60424 0.13615
vt 0.60424 0.13315
vt 0.60424 0.08315
vt 0.60424 0.13515
vt 0.70624 0.07515
vt 0.63024 0.03115
vt 0.62424 0.00815
vt 0.60324 0.00615
vt 0.75024 0.00915
vt 0.69624 0.00915
vt 0.69424 0.03115
vt 0.75024 0.03115
vt 0.74724 0.07515
vt 0.62424 0.13215
vt 0.62324 0.13515
vt 0.62324 0.08315
vt 0.70424 0.08615
vt 0.69224 0.12315
vt 0.62424 0.08315
vt 0.52824 0.13015
vt 0.52824 0.12415
vt 0.50624 0.13515
vt 0.52824 0.14115
vt 0.52824 0.14615
vt 0.55724 0.12015
vt 0.55724 0.12815
vt 0.55724 0.14315
vt 0.55724 0.15015
vt 0.57324 0.12515
vt 0.57824 0.12415
vt 0.57324 0.14615
vt 0.57824 0.14615
vt 0.58724 0.13515
vt 0.56224 0.13515
# 41 texture verticies
vn 0.99895 0.03350 0.03115
vn 0.99865 0.04852 -0.01856
vn 0.99926 0.03645 0.01228
vn 0.99857 0.04895 -0.02145
vn 0.99507 0.05354 -0.08343
vn 0.99534 0.06265 -0.07328
vn 0.99818 0.00364 0.06023
vn -0.00014 -0.99818 0.06032
vn -0.00013 -0.99818 0.06035
vn -0.00013 -0.99818 0.06033
vn -0.00014 -0.99818 0.06037
vn -0.00015 -0.99818 0.06031
vn -0.00014 -0.99818 0.06029
vn -0.98282 0.15710 0.09684
vn -0.99768 0.06518 0.01953
vn -0.99262 0.07378 0.09625
vn -0.99976 0.02144 -0.00503
vn -0.99454 0.00629 0.10415
vn -0.99403 0.01417 -0.10814
vn -0.99493 0.02619 -0.09709
vn -0.14342 0.86959 -0.47249
vn -0.10010 0.92319 -0.37107
vn -0.11645 0.76220 -0.63678
vn -0.14534 0.64795 -0.74769
vn -0.15048 0.45770 -0.87628
vn -0.18355 0.43877 -0.87965
vn -0.01098 0.02044 -0.99973
vn -0.01000 0.02243 -0.99970
vn -0.01224 0.01791 -0.99976
vn -0.00026 0.07873 0.99690
vn -0.00026 0.06027 0.99818
vn -0.00273 0.08364 0.99649
vn -0.01380 0.09677 0.99521
vn -0.00882 0.09929 0.99502
vn -0.00026 0.06028 0.99818
vn -0.00886 0.02474 -0.99965
vn -0.83226 -0.24500 -0.49730
vn -0.46685 -0.22353 -0.85562
vn -0.86992 -0.49319 -0.00312
vn -0.80522 -0.25947 0.53320
vn -0.46734 -0.23337 0.85272
vn -0.45747 0.00120 -0.88923
vn -0.86996 0.06843 -0.48834
vn -0.88426 0.05282 0.46399
vn -0.45827 -0.00914 0.88877
vn -0.77234 0.38884 -0.50229
vn -0.49876 0.41003 -0.76362
vn -0.77287 0.38273 0.50616
vn -0.50054 0.40078 0.76735
vn -0.89444 0.44718 0.00229
vn -0.93332 0.35903 0.00181
# 51 normals
f  330/431/691 331/432/692 332/433/693
f  333/434/694 331/432/692 330/431/691
f  333/434/694 334/435/695 331/432/692
f  333/434/694 335/436/696 334/435/695
f  336/437/697 333/434/694 330/431/691
f  337/438/698 338/439/699 333/440/700
f  338/439/699 335/440/701 333/440/700
f  339/441/702 337/438/698 336/440/703
f  337/438/698 333/440/700 336/440/703
f  340/442/704 341/443/705 342/431/706
f  342/431/706 337/434/707 339/437/708
f  342/431/706 341/443/705 337/434/707
f  343/444/709 338/445/710 337/434/707
f  334/446/711 343/447/712 341/448/713
f  331/449/714 334/446/711 341/448/713
f  340/442/715 331/449/714 341/448/713
f  332/450/716 331/449/714 340/442/715
f  343/451/717 335/440/718 338/439/719
f  342/452/720 336/440/721 330/453/722
f  332/454/723 340/455/724 330/453/722
f  330/453/722 340/455/724 342/452/720
f  339/441/725 336/440/721 342/452/720
f  341/443/705 343/444/709 337/434/707
f  334/456/726 335/440/718 343/451/717
f  344/457/727 345/458/728 346/459/729
f  347/460/730 344/457/727 346/459/729
f  347/460/730 346/459/729 348/461/731
f  344/457/727 349/462/732 345/458/728
f  350/463/733 349/462/732 344/457/727
f  351/464/734 344/457/727 347/460/730
f  351/464/734 350/463/733 344/457/727
f  352/465/735 347/460/730 348/461/731
f  351/464/734 347/460/730 352/465/735
f  353/466/736 349/462/732 350/463/733
f  354/467/737 349/462/732 353/466/736
f  355/468/738 351/464/734 352/465/735
f  356/469/739 355/468/738 352/465/735
f  357/470/740 354/467/737 353/466/736
f  356/469/739 357/470/740 355/468/738
f  358/471/741 353/466/736 350/463/733
f  358/471/741 350/463/733 351/464/734
f  355/468/738 358/471/741 351/464/734
f  357/470/740 353/466/736 355/468/738
f  355/468/738 353/466/736 358/471/741
# object LegL
g LegL
v -0.00979 -0.01224 -0.00076
v -0.00833 -0.00593 -0.00391
v -0.00918 -0.00594 0.00031
v -0.01007 -0.01423 -0.00393
v -0.01093 -0.01423 -0.00646
v -0.00937 -0.00592 -0.00818
v -0.01452 -0.00594 0.00031
v -0.01538 -0.00593 -0.00391
v -0.01373 -0.01224 -0.00076
v -0.01345 -0.01423 -0.00393
v -0.01433 -0.00592 -0.00818
v -0.01259 -0.01423 -0.00646
v -0.00861 0.00416 0.00094
v -0.00756 0.00417 -0.00388
v -0.00936 0.00847 -0.00091
v -0.00860 0.00847 -0.00387
v -0.00861 0.00419 -0.00887
v -0.00936 0.00848 -0.00672
v -0.01439 0.00847 -0.00091
v -0.01610 0.00417 -0.00388
v -0.01505 0.00416 0.00094
v -0.01515 0.00847 -0.00387
v -0.01439 0.00848 -0.00672
v -0.01505 0.00418 -0.00887
# 24 verticies
vt 0.39624 0.32115
vt 0.43824 0.30215
vt 0.43824 0.33015
vt 0.38224 0.30215
vt 0.38224 0.28215
vt 0.43824 0.27015
vt 0.49224 0.33615
vt 0.49224 0.30215
vt 0.51824 0.32215
vt 0.51824 0.30215
vt 0.49324 0.26615
vt 0.51824 0.28215
vt 0.49324 0.33615
vt 0.49224 0.26615
vt 0.38224 0.25915
vt 0.38224 0.23515
vt 0.38224 0.25415
vt 0.38224 0.23015
vt 0.43924 0.22815
vt 0.43924 0.26215
vt 0.49324 0.22515
vt 0.51924 0.22915
vt 0.51924 0.26115
vt 0.43924 0.33915
vt 0.39624 0.34615
vt 0.39624 0.36415
vt 0.43924 0.37315
vt 0.51924 0.37215
vt 0.51924 0.34015
vt 0.49324 0.37715
# 30 texture verticies
vn 0.97913 -0.17722 0.09952
vn 0.98961 -0.13925 -0.03591
vn 0.97522 -0.09545 0.19957
vn 0.96699 -0.20318 -0.15380
vn 0.93578 -0.20541 -0.28656
vn 0.96321 -0.13984 -0.22952
vn -0.97417 -0.10489 0.19998
vn -0.98803 -0.15049 -0.03384
vn -0.97370 -0.20050 0.10819
vn -0.96358 -0.22382 -0.14634
vn -0.96245 -0.14593 -0.22889
vn -0.93170 -0.22512 -0.28505
vn 0.97341 0.08893 0.21108
vn 0.99580 0.09153 -0.00148
vn 0.94441 0.24086 0.22376
vn 0.97205 0.23471 -0.00431
vn 0.97541 0.08240 -0.20443
vn 0.94289 0.24683 -0.22367
vn -0.94883 0.22142 0.22513
vn -0.99652 0.08329 -0.00105
vn -0.97397 0.08128 0.21159
vn -0.97669 0.21460 -0.00371
vn -0.94767 0.22732 -0.22418
vn -0.97607 0.07473 -0.20420
vn 0.00015 -0.95081 0.30978
vn -0.00028 -0.88203 -0.47120
vn -0.00036 -0.65522 -0.75544
vn 0.00008 -0.95901 0.28337
vn 0.00026 -0.84604 0.53312
vn 0.00035 -0.84599 0.53320
vn -0.00027 -0.12708 -0.99189
vn -0.00023 -0.13506 -0.99084
vn -0.00030 0.19721 -0.98036
vn -0.00033 0.19587 -0.98063
vn -0.00031 0.44771 -0.89418
vn -0.00027 0.44776 -0.89415
vn 0.00031 -0.11304 0.99359
vn 0.00029 -0.16868 0.98567
vn 0.00033 -0.16865 0.98568
vn 0.00037 -0.11528 0.99333
vn 0.00018 0.39431 0.91898
vn 0.00019 0.39432 0.91897
vn 0.00021 0.16897 0.98562
vn 0.00018 0.17000 0.98544
# 44 normals
f  359/472/742 360/473/743 361/474/744
f  359/472/742 362/475/745 360/473/743
f  363/476/746 364/477/747 360/473/743
f  362/475/745 363/476/746 360/473/743
f  365/474/748 366/473/749 367/472/750
f  366/473/749 368/475/751 367/472/750
f  366/473/749 369/477/752 370/476/753
f  366/473/749 370/476/753 368/475/751
f  371/478/754 372/479/755 373/480/756
f  373/480/756 372/479/755 374/481/757
f  372/479/755 375/482/758 376/483/759
f  372/479/755 376/483/759 374/481/757
f  377/480/760 378/479/761 379/484/762
f  380/481/763 378/479/761 377/480/760
f  381/483/764 382/485/765 378/479/761
f  380/481/763 381/483/764 378/479/761
f  379/484/762 378/479/761 365/474/748
f  378/479/761 366/473/749 365/474/748
f  378/479/761 382/485/765 369/477/752
f  378/479/761 369/477/752 366/473/749
f  361/474/744 372/479/755 371/478/754
f  361/474/744 360/473/743 372/479/755
f  364/477/747 375/482/758 372/479/755
f  360/473/743 364/477/747 372/479/755
f  362/486/766 370/487/767 363/488/768
f  368/489/769 370/487/767 362/486/766
f  367/487/770 362/486/766 359/488/771
f  367/487/770 368/489/769 362/486/766
f  363/488/768 369/490/772 364/491/773
f  370/487/767 369/490/772 363/488/768
f  375/482/774 382/492/775 381/493/776
f  376/494/777 375/482/774 381/493/776
f  369/490/772 382/492/775 375/482/774
f  369/490/772 375/482/774 364/491/773
f  365/495/778 367/496/779 359/497/780
f  365/495/778 359/497/780 361/498/781
f  373/499/782 377/500/783 371/501/784
f  371/501/784 377/500/783 379/484/785
f  371/501/784 365/495/778 361/498/781
f  379/484/785 365/495/778 371/501/784
# object ShinL
g ShinL
v -0.01756 -0.01610 -0.00671
v -0.01878 -0.02659 -0.00701
v -0.01878 -0.02659 -0.00177
v -0.01756 -0.01610 -0.00197
v -0.00625 -0.02659 -0.00177
v -0.00625 -0.02659 -0.00701
v -0.00694 -0.01610 -0.00671
v -0.00694 -0.01610 -0.00197
v -0.00822 -0.00836 -0.00221
v -0.00917 -0.01610 0.00066
v -0.01470 -0.01610 0.00066
v -0.01565 -0.00836 -0.00221
v -0.01926 -0.05111 -0.00761
v -0.01565 -0.06144 -0.00856
v -0.01565 -0.06149 -0.00117
v -0.01926 -0.05111 -0.00177
v -0.01470 -0.05061 -0.01259
v -0.00917 -0.01610 -0.01010
v -0.00822 -0.00686 -0.00618
v -0.01565 -0.00686 -0.00618
v -0.01470 -0.01610 -0.01009
v -0.00821 -0.06149 -0.00117
v -0.00625 -0.05111 -0.00762
v -0.00625 -0.05111 -0.00177
v -0.00822 -0.06144 -0.00856
v -0.00917 -0.05061 -0.01259
v -0.01470 -0.05111 0.00266
v -0.00917 -0.02659 0.00186
v -0.00916 -0.05111 0.00266
v -0.01470 -0.02659 -0.01189
v -0.00917 -0.02659 -0.01189
v -0.01470 -0.02659 0.00186
v -0.01793 -0.04652 -0.01455
v -0.01883 -0.03552 -0.01551
v -0.01476 -0.03053 -0.01092
v -0.01513 -0.05002 -0.01098
v -0.01551 -0.03552 -0.01068
# 37 verticies
vt 0.17524 0.23415
vt 0.12424 0.23215
vt 0.12424 0.26915
vt 0.17524 0.26815
vt 0.38524 0.12415
vt 0.38524 0.08715
vt 0.44824 0.08915
vt 0.44824 0.12315
vt 0.49424 0.12115
vt 0.44824 0.14115
vt 0.23924 0.08315
vt 0.17724 0.07615
vt 0.17724 0.12915
vt 0.23924 0.12415
vt 0.24524 0.05215
vt 0.44824 0.06615
vt 0.50324 0.09315
vt 0.23924 0.15515
vt 0.38524 0.15015
vt 0.38524 0.05315
vt 0.02424 0.01715
vt 0.09024 0.01015
vt 0.12024 0.04215
vt 0.00324 0.04215
vt 0.09024 0.04415
vt 0.17624 0.20315
vt 0.17624 0.15315
vt 0.49624 0.15315
vt 0.50524 0.15315
vt 0.50524 0.20315
vt 0.49624 0.20315
vt 0.23924 0.20015
vt 0.38524 0.15615
vt 0.44924 0.20015
vt 0.38524 0.20015
vt 0.44924 0.15615
vt 0.44924 0.05115
vt 0.38524 0.00715
vt 0.38524 0.05115
vt 0.44924 0.00715
vt 0.24424 0.00715
vt 0.17624 0.05415
vt 0.17624 0.00415
vt 0.50324 0.00515
vt 0.50324 0.05415
vt 0.00724 0.22815
vt 0.00724 0.26915
# 47 texture verticies
vn -0.99323 0.11620 0.00035
vn -0.99800 0.06316 0.00020
vn -0.99723 0.07436 0.00024
vn -0.99322 0.11623 0.00042
vn 0.94359 0.04018 0.32868
vn 0.95788 0.04192 -0.28409
vn 0.96431 0.11317 -0.23936
vn 0.93262 0.11584 0.34177
vn 0.97416 0.14950 0.16928
vn 0.76246 0.09768 0.63962
vn -0.66829 0.12942 0.73255
vn -0.95132 0.21712 0.21873
vn -0.83156 0.18662 0.52314
vn -0.88514 -0.19851 -0.42087
vn -0.91811 -0.29674 -0.26272
vn -0.92498 -0.30967 0.22025
vn -0.83202 -0.16905 0.52836
vn -0.73651 -0.06484 -0.67331
vn 0.83577 0.10374 -0.53920
vn 0.98100 0.14315 -0.13093
vn -0.96533 0.20845 -0.15714
vn -0.75710 0.14086 -0.63794
vn -0.89690 0.19122 -0.39876
vn 0.97331 -0.17591 0.14742
vn 0.96757 -0.08706 -0.23713
vn 0.95480 -0.07039 0.28879
vn 0.96979 -0.16818 -0.17672
vn 0.85980 -0.04193 -0.50890
vn -0.69382 -0.08466 0.71516
vn 0.78491 0.03431 0.61866
vn 0.83420 -0.05162 0.54904
vn -0.76551 0.06387 -0.64025
vn -0.76203 0.06595 -0.64417
vn 0.85742 0.05114 -0.51206
vn -0.66671 0.04651 0.74386
vn -0.66461 0.05419 0.74522
vn 0.77000 -0.00816 -0.63799
vn 0.74674 0.00260 -0.66512
vn 0.75779 -0.00245 -0.65250
vn 0.77964 -0.01277 -0.62610
vn -0.81470 0.14907 0.56040
vn -0.82296 0.04782 0.56608
vn -0.81915 0.05229 0.57119
vn -0.80887 -0.02807 0.58732
vn -0.80108 -0.03340 0.59762
vn -0.00000 -0.99997 -0.00717
vn 0.00011 0.71142 0.70277
vn 0.00010 0.93548 0.35337
vn 0.00007 0.93547 0.35342
vn 0.00009 0.70596 0.70825
vn 0.00034 -0.34582 0.93830
vn 0.00028 -0.34578 0.93831
vn 0.00031 -0.34580 0.93831
vn 0.00025 -0.34577 0.93832
vn 0.00019 0.07563 0.99714
vn 0.00014 0.23811 0.97124
vn 0.00018 0.07318 0.99732
vn 0.00013 0.23191 0.97274
vn 0.00033 0.03258 0.99947
vn 0.00036 0.03257 0.99947
vn -0.00022 0.26480 -0.96430
vn -0.00019 0.10975 -0.99396
vn -0.00018 0.09300 -0.99567
vn -0.00023 0.30235 -0.95320
vn -0.00018 0.02913 -0.99958
vn -0.00022 -0.34896 -0.93714
vn -0.00020 -0.34898 -0.93713
vn -0.00025 -0.34895 -0.93714
vn -0.00017 -0.34899 -0.93712
vn -0.00025 0.39040 -0.92065
vn -0.00024 0.39040 -0.92064
vn -0.99981 0.01928 0.00017
vn -0.99981 0.01928 0.00018
# 73 normals
f  383/502/786 384/503/787 385/504/788
f  386/505/789 383/502/786 385/504/788
f  387/506/790 388/507/791 389/508/792
f  387/506/790 389/508/792 390/509/793
f  390/509/793 391/510/794 392/511/795
f  393/511/796 394/510/797 386/509/798
f  395/512/799 396/513/800 397/514/801
f  398/515/802 395/512/799 397/514/801
f  395/512/799 399/516/803 396/513/800
f  389/508/792 400/517/804 401/518/805
f  402/518/806 403/517/807 383/508/808
f  404/514/809 405/512/810 406/515/811
f  404/514/809 407/513/812 405/512/810
f  407/513/812 408/516/813 405/512/810
f  409/519/814 398/515/802 397/514/801
f  410/520/815 387/506/790 392/511/795
f  387/506/790 390/509/793 392/511/795
f  404/514/809 406/515/811 411/519/816
f  403/517/807 412/521/817 384/507/818
f  383/508/808 403/517/807 384/507/818
f  388/507/791 413/521/819 400/517/804
f  388/507/791 400/517/804 389/508/792
f  384/507/818 399/516/803 395/512/799
f  412/521/817 399/516/803 384/507/818
f  388/507/791 408/516/813 413/521/819
f  405/512/810 408/516/813 388/507/791
f  390/509/793 389/508/792 391/510/794
f  391/510/794 389/508/792 401/518/805
f  394/510/797 383/508/808 386/509/798
f  402/518/806 383/508/808 394/510/797
f  414/520/820 398/515/802 409/519/814
f  385/506/821 398/515/802 414/520/820
f  393/511/796 386/509/798 385/506/821
f  393/511/796 385/506/821 414/520/820
f  411/519/816 406/515/811 410/520/815
f  410/520/815 406/515/811 387/506/790
f  415/522/822 416/523/823 417/524/824
f  418/525/825 415/522/822 417/524/824
f  417/524/826 416/523/827 419/526/828
f  419/526/828 416/523/827 415/522/829
f  419/526/828 415/522/829 418/525/830
f  396/527/831 407/528/831 404/528/831
f  397/527/831 396/527/831 404/528/831
f  391/529/832 401/530/833 402/531/834
f  391/529/832 402/531/834 394/532/835
f  409/533/836 397/527/837 411/519/838
f  397/527/837 404/528/839 411/519/838
f  410/534/840 393/535/841 414/536/842
f  410/534/840 392/537/843 393/535/841
f  409/533/844 410/534/840 414/536/842
f  411/519/845 410/534/840 409/533/844
f  392/537/843 391/529/832 393/535/841
f  393/535/841 391/529/832 394/532/835
f  403/538/846 413/539/847 412/540/848
f  400/541/849 413/539/847 403/538/846
f  412/540/848 408/542/850 399/516/850
f  413/539/847 408/542/850 412/540/848
f  396/543/851 408/542/852 407/544/853
f  399/516/854 408/542/852 396/543/851
f  401/545/855 400/541/849 402/546/856
f  402/546/856 400/541/849 403/538/846
f  384/503/787 395/547/857 398/548/858
f  385/504/788 384/503/787 398/548/858
f  406/515/811 388/507/791 387/506/790
f  406/515/811 405/512/810 388/507/791
# object ToeL
g ToeL
v -0.01183 -0.06504 -0.00501
v -0.00833 -0.06624 -0.00501
v -0.00824 -0.05435 -0.00501
v -0.01572 -0.05435 -0.00501
v -0.01562 -0.06624 -0.00501
v -0.01183 -0.05435 -0.00501
v -0.01438 -0.05071 -0.01109
v -0.01438 -0.05491 -0.01161
v -0.00947 -0.05071 -0.01109
v -0.00947 -0.05491 -0.01161
v -0.00947 -0.06900 -0.01021
v -0.01439 -0.06900 -0.01021
v -0.01183 -0.06900 -0.01021
# 13 verticies
vt 0.01124 0.09215
vt 0.00424 0.06915
vt 0.07324 0.06815
vt 0.07324 0.11815
vt 0.00424 0.11715
vt 0.07324 0.09215
vt 0.16424 0.13415
vt 0.13924 0.13015
vt 0.14324 0.17715
vt 0.05824 0.14015
vt 0.07424 0.17715
vt 0.01224 0.14115
vt 0.03024 0.14115
vt 0.03024 0.17715
vt 0.04624 0.14115
vt 0.00224 0.17715
vt 0.05624 0.17715
# 17 texture verticies
vn -0.00028 0.00000 1.00000
vn -0.00028 0.00000 1.00000
vn -0.00028 0.00000 1.00000
vn -0.00026 -0.00000 1.00000
vn -0.00026 -0.00000 1.00000
vn -0.00026 -0.00000 1.00000
vn -0.00028 0.00000 1.00000
vn -0.00026 0.00000 1.00000
vn -0.60431 0.09746 -0.79077
vn -0.58409 0.01424 -0.81156
vn -0.98017 0.00403 -0.19813
vn 0.49529 0.10639 -0.86219
vn 0.68277 0.00924 -0.73058
vn 0.52790 -0.08383 -0.84516
vn 0.98037 -0.01613 -0.19652
vn -0.97705 -0.01703 -0.21232
vn -0.60050 -0.07879 -0.79573
vn 0.98295 0.00335 -0.18386
vn 0.09950 -0.81478 0.57117
vn -0.00025 -0.79578 0.60559
vn -0.00815 -0.83858 0.54472
vn -0.10302 -0.81349 0.57239
vn 0.26148 -0.82559 0.50003
vn -0.28157 -0.82086 0.49689
# 24 normals
usemtl BodyGlow
f  420/549/859 421/550/860 422/551/861
f  423/552/862 424/553/863 420/549/864
f  425/554/865 420/549/859 422/551/861
f  423/552/862 420/549/864 425/554/866
usemtl Body
f  426/555/867 427/556/868 423/557/869
f  428/555/870 429/556/871 427/556/868
f  430/558/872 429/556/871 421/559/873
f  424/559/874 427/556/868 431/558/875
f  423/557/869 427/556/868 424/559/874
f  428/555/870 427/556/868 426/555/867
f  422/557/876 429/556/871 428/555/870
f  421/559/873 429/556/871 422/557/876
f  431/558/875 427/556/868 430/558/872
f  427/556/868 429/556/871 430/558/872
usemtl BodyGlow
f  431/560/877 432/561/878 420/562/879
f  432/561/878 430/563/880 420/562/879
f  424/564/881 431/560/877 420/562/879
f  420/562/879 430/563/880 421/565/882
# object AnkleR
g AnkleR
v 0.00822 0.02209 0.00005
v 0.00774 0.01095 -0.00561
v 0.00775 0.00865 0.00136
v 0.00736 0.00463 -0.00472
v 0.00793 0.00905 -0.00867
v 0.00765 0.00438 -0.00879
v 0.00775 0.00501 0.00158
v 0.01556 0.00439 -0.00869
v 0.01594 0.00463 -0.00473
v 0.01528 0.00501 0.00158
v 0.01528 0.00865 0.00136
v 0.01583 0.00946 -0.00552
v 0.01357 0.02009 0.00017
v 0.01547 0.00825 -0.00863
v 0.01571 -0.00383 -0.00394
v 0.01571 -0.00012 -0.00545
v 0.01711 -0.00013 -0.00469
v 0.01711 -0.00013 -0.00316
v 0.01571 -0.00014 -0.00239
v 0.01571 0.00469 -0.00605
v 0.01768 0.00468 -0.00497
v 0.01769 0.00467 -0.00281
v 0.01571 0.00466 -0.00173
v 0.01644 0.00739 -0.00535
v 0.01571 0.00819 -0.00540
v 0.01644 0.00737 -0.00240
v 0.01571 0.00817 -0.00235
v 0.01571 0.00967 -0.00386
v 0.01758 0.00558 -0.00389
# 29 verticies
vt 0.70324 0.07515
vt 0.63924 0.03115
vt 0.62224 0.07915
vt 0.60324 0.03415
vt 0.62824 0.00815
vt 0.60324 0.00515
vt 0.60324 0.07915
vt 0.60424 0.08315
vt 0.60424 0.13315
vt 0.60424 0.13615
vt 0.60424 0.13515
vt 0.63024 0.03115
vt 0.70624 0.07515
vt 0.60324 0.00615
vt 0.62424 0.00815
vt 0.69424 0.03115
vt 0.69624 0.00915
vt 0.75024 0.00915
vt 0.75024 0.03115
vt 0.74724 0.07515
vt 0.62424 0.13215
vt 0.62324 0.08315
vt 0.62324 0.13515
vt 0.69224 0.12315
vt 0.70424 0.08615
vt 0.62424 0.08315
vt 0.50624 0.13515
vt 0.52824 0.12415
vt 0.52824 0.13015
vt 0.52824 0.14115
vt 0.52824 0.14615
vt 0.55724 0.12015
vt 0.55724 0.12815
vt 0.55724 0.14315
vt 0.55724 0.15015
vt 0.57324 0.12515
vt 0.57824 0.12415
vt 0.57324 0.14615
vt 0.57824 0.14615
vt 0.58724 0.13515
vt 0.56224 0.13515
# 41 texture verticies
vn -0.99926 0.03645 0.01228
vn -0.99865 0.04852 -0.01856
vn -0.99895 0.03350 0.03115
vn -0.99857 0.04895 -0.02145
vn -0.99507 0.05354 -0.08343
vn -0.99534 0.06265 -0.07328
vn -0.99818 0.00364 0.06023
vn 0.00013 -0.99818 0.06033
vn 0.00013 -0.99818 0.06035
vn 0.00014 -0.99818 0.06032
vn 0.00014 -0.99818 0.06037
vn 0.00014 -0.99818 0.06029
vn 0.00015 -0.99818 0.06031
vn 0.99262 0.07378 0.09625
vn 0.99768 0.06518 0.01953
vn 0.98282 0.15710 0.09684
vn 0.99454 0.00629 0.10415
vn 0.99976 0.02144 -0.00503
vn 0.99493 0.02619 -0.09709
vn 0.99403 0.01417 -0.10814
vn 0.11645 0.76220 -0.63678
vn 0.10010 0.92319 -0.37107
vn 0.14342 0.86959 -0.47249
vn 0.14534 0.64795 -0.74769
vn 0.15048 0.45770 -0.87628
vn 0.18355 0.43877 -0.87965
vn 0.01224 0.01791 -0.99976
vn 0.01000 0.02243 -0.99970
vn 0.01098 0.02044 -0.99973
vn 0.00273 0.08364 0.99649
vn 0.00026 0.06027 0.99818
vn 0.00026 0.07873 0.99690
vn 0.00882 0.09929 0.99502
vn 0.01380 0.09677 0.99521
vn 0.00026 0.06028 0.99818
vn 0.00886 0.02474 -0.99965
vn 0.86992 -0.49319 -0.00312
vn 0.46685 -0.22353 -0.85562
vn 0.83226 -0.24500 -0.49730
vn 0.80522 -0.25947 0.53320
vn 0.46734 -0.23337 0.85272
vn 0.45747 0.00120 -0.88923
vn 0.86996 0.06843 -0.48834
vn 0.88426 0.05282 0.46399
vn 0.45827 -0.00914 0.88877
vn 0.77234 0.38884 -0.50229
vn 0.49876 0.41003 -0.76362
vn 0.77287 0.38273 0.50616
vn 0.50054 0.40078 0.76735
vn 0.89444 0.44718 0.00229
vn 0.93332 0.35903 0.00181
# 51 normals
usemtl Body
f  433/566/883 434/567/884 435/568/885
f  435/568/885 434/567/884 436/569/886
f  434/567/884 437/570/887 436/569/886
f  437/570/887 438/571/888 436/569/886
f  435/568/885 436/569/886 439/572/889
f  436/573/890 440/574/891 441/575/892
f  436/573/890 438/573/893 440/574/891
f  439/573/894 441/575/892 442/576/895
f  439/573/894 436/573/890 441/575/892
f  443/568/896 444/577/897 445/578/898
f  442/572/899 441/569/900 443/568/896
f  441/569/900 444/577/897 443/568/896
f  441/569/900 440/579/901 446/580/902
f  444/581/903 446/582/904 437/583/905
f  444/581/903 437/583/905 434/584/906
f  444/581/903 434/584/906 445/578/907
f  445/578/907 434/584/906 433/585/908
f  440/574/909 438/573/910 446/586/911
f  435/587/912 439/573/913 443/588/914
f  435/587/912 445/589/915 433/590/916
f  443/588/914 445/589/915 435/587/912
f  443/588/914 439/573/913 442/576/917
f  441/569/900 446/580/902 444/577/897
f  446/586/911 438/573/910 437/591/918
f  447/592/919 448/593/920 449/594/921
f  447/592/919 449/594/921 450/595/922
f  451/596/923 447/592/919 450/595/922
f  448/593/920 452/597/924 449/594/921
f  449/594/921 452/597/924 453/598/925
f  450/595/922 449/594/921 454/599/926
f  449/594/921 453/598/925 454/599/926
f  451/596/923 450/595/922 455/600/927
f  455/600/927 450/595/922 454/599/926
f  453/598/925 452/597/924 456/601/928
f  456/601/928 452/597/924 457/602/929
f  455/600/927 454/599/926 458/603/930
f  455/600/927 458/603/930 459/604/931
f  456/601/928 457/602/929 460/605/932
f  458/603/930 460/605/932 459/604/931
f  453/598/925 456/601/928 461/606/933
f  454/599/926 453/598/925 461/606/933
f  454/599/926 461/606/933 458/603/930
f  458/603/930 456/601/928 460/605/932
f  461/606/933 456/601/928 458/603/930
# object LegR
g LegR
v 0.00918 -0.00594 0.00031
v 0.00833 -0.00593 -0.00391
v 0.00979 -0.01224 -0.00076
v 0.01007 -0.01423 -0.00393
v 0.00937 -0.00592 -0.00818
v 0.01093 -0.01423 -0.00646
v 0.01373 -0.01224 -0.00076
v 0.01538 -0.00593 -0.00391
v 0.01452 -0.00594 0.00031
v 0.01345 -0.01423 -0.00393
v 0.01259 -0.01423 -0.00646
v 0.01433 -0.00592 -0.00818
v 0.00936 0.00847 -0.00091
v 0.00756 0.00417 -0.00388
v 0.00861 0.00416 0.00094
v 0.00860 0.00847 -0.00387
v 0.00936 0.00848 -0.00672
v 0.00861 0.00419 -0.00887
v 0.01505 0.00416 0.00094
v 0.01610 0.00417 -0.00388
v 0.01439 0.00847 -0.00091
v 0.01515 0.00847 -0.00387
v 0.01505 0.00418 -0.00887
v 0.01439 0.00848 -0.00672
# 24 verticies
vt 0.43824 0.33015
vt 0.43824 0.30215
vt 0.39624 0.32115
vt 0.38224 0.30215
vt 0.43824 0.27015
vt 0.38224 0.28215
vt 0.51824 0.32215
vt 0.49224 0.30215
vt 0.49224 0.33615
vt 0.51824 0.30215
vt 0.51824 0.28215
vt 0.49324 0.26615
vt 0.49324 0.33615
vt 0.49224 0.26615
vt 0.38224 0.25415
vt 0.38224 0.23515
vt 0.38224 0.25915
vt 0.38224 0.23015
vt 0.43924 0.26215
vt 0.43924 0.22815
vt 0.51924 0.22915
vt 0.49324 0.22515
vt 0.51924 0.26115
vt 0.39624 0.36415
vt 0.39624 0.34615
vt 0.43924 0.33915
vt 0.43924 0.37315
vt 0.49324 0.37715
vt 0.51924 0.34015
vt 0.51924 0.37215
# 30 texture verticies
vn -0.97522 -0.09545 0.19957
vn -0.98961 -0.13925 -0.03591
vn -0.97913 -0.17722 0.09952
vn -0.96699 -0.20318 -0.15380
vn -0.96321 -0.13984 -0.22952
vn -0.93578 -0.20541 -0.28656
vn 0.97370 -0.20050 0.10819
vn 0.98803 -0.15049 -0.03384
vn 0.97417 -0.10489 0.19998
vn 0.96358 -0.22382 -0.14634
vn 0.93170 -0.22512 -0.28505
vn 0.96245 -0.14593 -0.22889
vn -0.94441 0.24086 0.22376
vn -0.99580 0.09153 -0.00148
vn -0.97341 0.08893 0.21108
vn -0.97205 0.23471 -0.00431
vn -0.94289 0.24683 -0.22367
vn -0.97541 0.08240 -0.20443
vn 0.97397 0.08128 0.21159
vn 0.99652 0.08329 -0.00105
vn 0.94883 0.22142 0.22513
vn 0.97669 0.21460 -0.00371
vn 0.97607 0.07473 -0.20420
vn 0.94767 0.22732 -0.22418
vn 0.00036 -0.65522 -0.75544
vn 0.00028 -0.88203 -0.47120
vn -0.00015 -0.95081 0.30978
vn -0.00008 -0.95901 0.28337
vn -0.00035 -0.84599 0.53320
vn -0.00026 -0.84604 0.53312
vn 0.00023 -0.13506 -0.99084
vn 0.00027 -0.12708 -0.99189
vn 0.00031 0.44771 -0.89418
vn 0.00033 0.19587 -0.98063
vn 0.00030 0.19721 -0.98036
vn 0.00027 0.44776 -0.89415
vn -0.00033 -0.16865 0.98568
vn -0.00029 -0.16868 0.98567
vn -0.00031 -0.11304 0.99359
vn -0.00037 -0.11528 0.99333
vn -0.00021 0.16897 0.98562
vn -0.00019 0.39432 0.91897
vn -0.00018 0.39431 0.91898
vn -0.00018 0.17000 0.98544
# 44 normals
f  462/607/934 463/608/935 464/609/936
f  463/608/935 465/610/937 464/609/936
f  463/608/935 466/611/938 467/612/939
f  463/608/935 467/612/939 465/610/937
f  468/609/940 469/608/941 470/607/942
f  468/609/940 471/610/943 469/608/941
f  472/612/944 473/611/945 469/608/941
f  471/610/943 472/612/944 469/608/941
f  474/613/946 475/614/947 476/615/948
f  477/616/949 475/614/947 474/613/946
f  478/617/950 479/618/951 475/614/947
f  477/616/949 478/617/950 475/614/947
f  480/619/952 481/614/953 482/613/954
f  482/613/954 481/614/953 483/616/955
f  481/614/953 484/620/956 485/617/957
f  481/614/953 485/617/957 483/616/955
f  470/607/942 481/614/953 480/619/952
f  470/607/942 469/608/941 481/614/953
f  473/611/945 484/620/956 481/614/953
f  469/608/941 473/611/945 481/614/953
f  476/615/948 475/614/947 462/607/934
f  475/614/947 463/608/935 462/607/934
f  475/614/947 479/618/951 466/611/938
f  475/614/947 466/611/938 463/608/935
f  467/621/958 472/622/959 465/623/960
f  465/623/960 472/622/959 471/624/961
f  464/621/962 465/623/960 468/622/963
f  465/623/960 471/624/961 468/622/963
f  466/625/964 473/626/965 467/621/958
f  467/621/958 473/626/965 472/622/959
f  485/627/966 484/628/967 479/618/968
f  485/627/966 479/618/968 478/629/969
f  479/618/968 484/628/967 473/626/965
f  466/625/964 479/618/968 473/626/965
f  464/630/970 468/631/971 470/632/972
f  462/633/973 464/630/970 470/632/972
f  476/634/974 482/635/975 474/636/976
f  480/619/977 482/635/975 476/634/974
f  462/633/973 470/632/972 476/634/974
f  476/634/974 470/632/972 480/619/977
# object ShinR
g ShinR
v 0.01882 -0.02659 -0.00175
v 0.01882 -0.02659 -0.00700
v 0.01759 -0.01609 -0.00670
v 0.01759 -0.01609 -0.00195
v 0.00698 -0.01609 -0.00670
v 0.00629 -0.02659 -0.00700
v 0.00629 -0.02659 -0.00175
v 0.00698 -0.01609 -0.00195
v 0.00921 -0.01609 0.00067
v 0.00826 -0.00836 -0.00219
v 0.01569 -0.00836 -0.00219
v 0.01474 -0.01609 0.00067
v 0.01569 -0.06149 -0.00115
v 0.01569 -0.06143 -0.00855
v 0.01930 -0.05110 -0.00760
v 0.01930 -0.05110 -0.00175
v 0.01474 -0.05061 -0.01258
v 0.00825 -0.00686 -0.00616
v 0.00920 -0.01609 -0.01008
v 0.01474 -0.01609 -0.01008
v 0.01569 -0.00686 -0.00616
v 0.00629 -0.05111 -0.00175
v 0.00629 -0.05111 -0.00760
v 0.00826 -0.06149 -0.00115
v 0.00826 -0.06143 -0.00855
v 0.00921 -0.05061 -0.01258
v 0.01474 -0.05110 0.00267
v 0.00921 -0.02659 0.00187
v 0.00921 -0.05111 0.00267
v 0.01474 -0.02659 -0.01188
v 0.00920 -0.02659 -0.01188
v 0.01474 -0.02659 0.00187
v 0.01479 -0.03052 -0.01091
v 0.01886 -0.03551 -0.01550
v 0.01797 -0.04651 -0.01453
v 0.01517 -0.05002 -0.01097
v 0.01554 -0.03551 -0.01067
# 37 verticies
vt 0.30024 0.26915
vt 0.30024 0.23215
vt 0.35124 0.23415
vt 0.35124 0.26815
vt 0.44824 0.08915
vt 0.38524 0.08715
vt 0.38524 0.12415
vt 0.44824 0.12315
vt 0.44824 0.14115
vt 0.49424 0.12115
vt 0.17724 0.12915
vt 0.17724 0.07615
vt 0.23924 0.08315
vt 0.23924 0.12415
vt 0.24524 0.05215
vt 0.50324 0.09315
vt 0.44824 0.06615
vt 0.23924 0.15515
vt 0.38524 0.15015
vt 0.38524 0.05315
vt 0.12024 0.04215
vt 0.09024 0.01015
vt 0.02424 0.01715
vt 0.00324 0.04215
vt 0.09024 0.04415
vt 0.17624 0.15315
vt 0.17624 0.20315
vt 0.50524 0.20315
vt 0.50524 0.15315
vt 0.49624 0.15315
vt 0.49624 0.20315
vt 0.23924 0.20015
vt 0.38524 0.20015
vt 0.44924 0.20015
vt 0.38524 0.15615
vt 0.44924 0.15615
vt 0.38524 0.05115
vt 0.38524 0.00715
vt 0.44924 0.05115
vt 0.44924 0.00715
vt 0.24424 0.00715
vt 0.17624 0.00415
vt 0.17624 0.05415
vt 0.50324 0.05415
vt 0.50324 0.00515
vt 0.18324 0.26915
vt 0.18324 0.22815
# 47 texture verticies
vn 0.99722 0.07450 -0.00023
vn 0.99799 0.06333 -0.00019
vn 0.99322 0.11625 -0.00034
vn 0.99322 0.11622 -0.00042
vn -0.96442 0.11307 -0.23899
vn -0.95800 0.04181 -0.28371
vn -0.94343 0.04006 0.32914
vn -0.93245 0.11576 0.34225
vn -0.76208 0.09762 0.64008
vn -0.97411 0.14939 0.16970
vn 0.83179 0.18675 0.52273
vn 0.95141 0.21724 0.21826
vn 0.66858 0.12948 0.73228
vn 0.92512 -0.30957 0.21981
vn 0.91798 -0.29668 -0.26323
vn 0.88493 -0.19839 -0.42135
vn 0.83224 -0.16893 0.52806
vn 0.73611 -0.06474 -0.67376
vn -0.98108 0.14301 -0.13050
vn -0.83596 0.10366 -0.53890
vn 0.89669 0.19136 -0.39916
vn 0.75685 0.14098 -0.63821
vn 0.96525 0.20848 -0.15759
vn -0.95468 -0.07055 0.28916
vn -0.96769 -0.08721 -0.23659
vn -0.97322 -0.17602 0.14786
vn -0.96988 -0.16825 -0.17614
vn -0.86016 -0.04206 -0.50829
vn 0.69407 -0.08459 0.71492
vn -0.78455 0.03420 0.61912
vn -0.83397 -0.05174 0.54938
vn 0.76169 0.06609 -0.64456
vn 0.76515 0.06399 -0.64066
vn -0.85763 0.05107 -0.51172
vn 0.66715 0.04663 0.74346
vn 0.66505 0.05431 0.74482
vn -0.75813 -0.00253 -0.65209
vn -0.74708 0.00253 -0.66473
vn -0.77034 -0.00824 -0.63758
vn -0.77998 -0.01286 -0.62567
vn 0.81944 0.05238 0.57076
vn 0.82325 0.04791 0.56565
vn 0.81498 0.14917 0.55997
vn 0.80918 -0.02797 0.58689
vn 0.80141 -0.03330 0.59719
vn 0.00006 -0.99997 -0.00724
vn -0.00000 -0.99997 -0.00730
vn 0.00007 -0.99997 -0.00723
vn 0.00013 -0.99997 -0.00717
vn 0.00006 0.93547 0.35340
vn 0.00009 0.93545 0.35345
vn 0.00012 0.71143 0.70275
vn 0.00009 0.70598 0.70823
vn 0.00036 -0.34578 0.93832
vn 0.00033 -0.34579 0.93831
vn 0.00040 -0.34576 0.93832
vn 0.00030 -0.34581 0.93830
vn 0.00017 0.07316 0.99732
vn 0.00016 0.23810 0.97124
vn 0.00019 0.07562 0.99714
vn 0.00018 0.23191 0.97274
vn 0.00032 0.03260 0.99947
vn 0.00036 0.03261 0.99947
vn -0.00018 0.09299 -0.99567
vn -0.00019 0.10974 -0.99396
vn -0.00022 0.26480 -0.96430
vn -0.00023 0.30236 -0.95320
vn -0.00018 0.02913 -0.99958
vn -0.00025 -0.34899 -0.93713
vn -0.00020 -0.34896 -0.93714
vn -0.00023 -0.34897 -0.93713
vn -0.00017 -0.34895 -0.93714
vn -0.00024 0.39040 -0.92064
vn -0.00025 0.39041 -0.92064
vn 0.99981 0.01945 -0.00017
vn 0.99981 0.01946 -0.00017
# 76 normals
f  486/637/978 487/638/979 488/639/980
f  486/637/978 488/639/980 489/640/981
f  490/641/982 491/642/983 492/643/984
f  493/644/985 490/641/982 492/643/984
f  494/645/986 495/646/987 493/644/985
f  489/644/988 496/646/989 497/645/990
f  498/647/991 499/648/992 500/649/993
f  498/647/991 500/649/993 501/650/994
f  499/648/992 502/651/995 500/649/993
f  503/652/996 504/653/997 490/641/982
f  488/641/998 505/653/999 506/652/1000
f  507/650/1001 508/649/1002 509/647/1003
f  508/649/1002 510/648/1004 509/647/1003
f  508/649/1002 511/651/1005 510/648/1004
f  498/647/991 501/650/994 512/654/1006
f  494/645/986 492/643/984 513/655/1007
f  494/645/986 493/644/985 492/643/984
f  514/654/1008 507/650/1001 509/647/1003
f  487/642/1009 515/656/1010 505/653/999
f  487/642/1009 505/653/999 488/641/998
f  504/653/997 516/656/1011 491/642/983
f  490/641/982 504/653/997 491/642/983
f  500/649/993 502/651/995 487/642/1009
f  487/642/1009 502/651/995 515/656/1010
f  516/656/1011 511/651/1005 491/642/983
f  491/642/983 511/651/1005 508/649/1002
f  495/646/987 490/641/982 493/644/985
f  503/652/996 490/641/982 495/646/987
f  489/644/988 488/641/998 496/646/989
f  496/646/989 488/641/998 506/652/1000
f  512/654/1006 501/650/994 517/655/1012
f  517/655/1012 501/650/994 486/643/1013
f  486/643/1013 489/644/988 497/645/990
f  517/655/1012 486/643/1013 497/645/990
f  513/655/1007 507/650/1001 514/654/1008
f  492/643/984 507/650/1001 513/655/1007
f  518/657/1014 519/658/1015 520/659/1016
f  518/657/1014 520/659/1016 521/660/1017
f  522/661/1018 519/658/1019 518/657/1020
f  520/659/1021 519/658/1019 522/661/1018
f  521/660/1022 520/659/1021 522/661/1018
f  509/662/1023 510/662/1024 499/663/1025
f  509/662/1023 499/663/1025 498/663/1026
f  506/664/1027 503/665/1028 495/666/1029
f  496/667/1030 506/664/1027 495/666/1029
f  514/654/1031 498/663/1032 512/668/1033
f  514/654/1031 509/662/1034 498/663/1032
f  517/669/1035 497/670/1036 513/671/1037
f  497/670/1036 494/672/1038 513/671/1037
f  517/669/1035 513/671/1037 512/668/1039
f  512/668/1039 513/671/1037 514/654/1040
f  497/670/1036 495/666/1029 494/672/1038
f  496/667/1030 495/666/1029 497/670/1036
f  515/673/1041 516/674/1042 505/675/1043
f  505/675/1043 516/674/1042 504/676/1044
f  502/651/1045 511/677/1045 515/673/1041
f  515/673/1041 511/677/1045 516/674/1042
f  510/678/1046 511/677/1047 499/679/1048
f  499/679/1048 511/677/1047 502/651/1049
f  505/675/1043 504/676/1044 506/680/1050
f  506/680/1050 504/676/1044 503/681/1051
f  501/682/1052 500/683/1053 487/638/979
f  501/682/1052 487/638/979 486/637/978
f  492/643/984 491/642/983 507/650/1001
f  491/642/983 508/649/1002 507/650/1001
# object ToeR
g ToeR
v 0.00824 -0.05435 -0.00501
v 0.00833 -0.06624 -0.00501
v 0.01183 -0.06504 -0.00501
v 0.01562 -0.06624 -0.00501
v 0.01572 -0.05435 -0.00501
v 0.01183 -0.05435 -0.00501
v 0.01438 -0.05491 -0.01161
v 0.01438 -0.05071 -0.01109
v 0.00947 -0.05491 -0.01161
v 0.00947 -0.05071 -0.01109
v 0.00947 -0.06900 -0.01021
v 0.01439 -0.06900 -0.01021
v 0.01183 -0.06900 -0.01021
# 13 verticies
vt 0.07324 0.06815
vt 0.00424 0.06915
vt 0.01124 0.09215
vt 0.00424 0.11715
vt 0.07324 0.11815
vt 0.07324 0.09215
vt 0.14324 0.17715
vt 0.13924 0.13015
vt 0.16424 0.13415
vt 0.07424 0.17715
vt 0.05824 0.14015
vt 0.03024 0.17715
vt 0.03024 0.14115
vt 0.01224 0.14115
vt 0.04624 0.14115
vt 0.00224 0.17715
vt 0.05624 0.17715
# 17 texture verticies
vn 0.00028 0.00000 1.00000
vn 0.00028 0.00000 1.00000
vn 0.00027 0.00000 1.00000
vn 0.00026 -0.00000 1.00000
vn 0.00026 -0.00000 1.00000
vn 0.00027 0.00000 1.00000
vn 0.98017 0.00403 -0.19813
vn 0.58409 0.01424 -0.81156
vn 0.60431 0.09746 -0.79077
vn -0.68277 0.00924 -0.73058
vn -0.49529 0.10639 -0.86219
vn -0.98037 -0.01613 -0.19652
vn -0.52790 -0.08383 -0.84516
vn 0.60050 -0.07879 -0.79573
vn 0.97705 -0.01703 -0.21232
vn -0.98295 0.00335 -0.18386
vn 0.00815 -0.83858 0.54472
vn 0.00025 -0.79578 0.60559
vn -0.09950 -0.81478 0.57117
vn 0.10302 -0.81349 0.57239
vn -0.26148 -0.82559 0.50003
vn 0.28157 -0.82086 0.49689
# 22 normals
usemtl BodyGlow
f  523/684/1054 524/685/1055 525/686/1056
f  525/686/1056 526/687/1057 527/688/1058
f  523/684/1054 525/686/1056 528/689/1059
f  528/689/1059 525/686/1056 527/688/1058
usemtl Body
f  527/690/1060 529/691/1061 530/692/1062
f  529/691/1061 531/691/1063 532/692/1064
f  524/693/1065 531/691/1063 533/694/1066
f  534/694/1067 529/691/1061 526/693/1068
f  526/693/1068 529/691/1061 527/690/1060
f  530/692/1062 529/691/1061 532/692/1064
f  532/692/1064 531/691/1063 523/690/1069
f  523/690/1069 531/691/1063 524/693/1065
f  533/694/1066 529/691/1061 534/694/1067
f  533/694/1066 531/691/1063 529/691/1061
usemtl BodyGlow
f  525/695/1070 535/696/1071 534/697/1072
f  525/695/1070 533/698/1073 535/696/1071
f  525/695/1070 534/697/1072 526/699/1074
f  524/700/1075 533/698/1073 525/695/1070
# object HeadA
g HeadA
v -0.00140 0.02396 -0.00126
v -0.00150 0.02217 -0.00231
v -0.00144 0.02104 0.00175
v -0.00134 0.02234 0.00170
v 0.00143 0.02396 -0.00127
v 0.00151 0.02215 -0.00232
v 0.00138 0.02233 0.00169
v 0.00147 0.02103 0.00174
v 0.00126 0.01517 -0.00377
v -0.00130 0.01517 -0.00376
v -0.00164 0.01136 -0.00417
v 0.00156 0.01135 -0.00418
v 0.00108 0.01240 -0.00607
v -0.00116 0.01241 -0.00606
v -0.00185 0.00535 -0.00468
v 0.00172 0.00533 -0.00470
v 0.00424 0.00533 -0.00457
v -0.00437 0.00536 -0.00454
v -0.00326 0.00825 -0.00211
v 0.00317 0.00823 -0.00213
v -0.00324 0.00825 0.00239
v 0.00319 0.00823 0.00237
v -0.00323 0.00854 0.00617
v 0.00320 0.00852 0.00615
v -0.00175 0.01811 -0.00338
v 0.00172 0.01809 -0.00339
v 0.00383 0.01722 0.00142
v 0.00164 0.01759 0.00431
v 0.00429 0.01664 -0.00248
v 0.00299 0.01663 0.00237
v 0.00298 0.01547 -0.00116
v 0.00301 0.01693 0.00615
v 0.00175 0.01809 -0.00532
v 0.00170 0.00533 -0.00723
v -0.00383 0.01724 0.00145
v -0.00162 0.01761 0.00432
v -0.00432 0.01667 -0.00245
v -0.00300 0.01549 -0.00114
v -0.00299 0.01665 0.00239
v -0.00297 0.01695 0.00617
v -0.00179 0.01811 -0.00531
v -0.00184 0.00535 -0.00721
# 42 verticies
vt 0.75739 0.69113
vt 0.75795 0.69775
vt 0.75763 0.67215
vt 0.75709 0.67247
vt 0.73981 0.69113
vt 0.73924 0.69775
vt 0.74010 0.67247
vt 0.73956 0.67215
vt 0.69982 0.74095
vt 0.69982 0.75919
vt 0.67371 0.76147
vt 0.67371 0.73867
vt 0.68092 0.74209
vt 0.68092 0.75805
vt 0.61325 0.71734
vt 0.59259 0.71734
vt 0.57801 0.71654
vt 0.62783 0.71654
vt 0.62152 0.70247
vt 0.58432 0.70247
vt 0.62152 0.67647
vt 0.58432 0.67647
vt 0.62152 0.65716
vt 0.58432 0.65716
vt 0.63262 0.73735
vt 0.63262 0.76279
vt 0.71985 0.76242
vt 0.71985 0.73772
vt 0.72474 0.67413
vt 0.73846 0.65597
vt 0.72179 0.69869
vt 0.71043 0.70410
vt 0.71449 0.68479
vt 0.71034 0.67619
vt 0.70222 0.69759
vt 0.71708 0.67052
vt 0.71213 0.65472
vt 0.65321 0.65472
vt 0.65151 0.67619
vt 0.65151 0.70239
vt 0.63120 0.71444
vt 0.72091 0.72413
vt 0.74902 0.70336
vt 0.59270 0.73197
vt 0.71985 0.73749
vt 0.63262 0.73749
vt 0.63153 0.73356
vt 0.74761 0.73937
vt 0.77246 0.67413
vt 0.75874 0.65597
vt 0.77540 0.69869
vt 0.61314 0.73197
vt 0.71985 0.76265
vt 0.63262 0.76265
vt 0.74761 0.76077
# 55 texture verticies
vn -0.99835 0.04709 0.03291
vn -0.99885 0.04018 0.02619
vn -0.99726 0.05909 0.04458
vn -0.99574 0.07221 0.05735
vn -0.00125 0.50423 -0.86357
vn 0.99826 0.05174 0.02844
vn 0.99753 0.06446 0.02787
vn 0.99888 0.03722 0.02910
vn 0.99919 0.02718 0.02954
vn 0.00362 0.03843 0.99925
vn 0.00309 -0.10752 0.99420
vn -0.00045 0.64016 -0.76824
vn -0.00474 -0.87347 -0.48685
vn 0.97597 0.09903 -0.19412
vn -0.97658 0.10583 -0.18732
vn -0.00349 -0.99999 0.00001
vn 0.00043 -0.64273 0.76609
vn -0.00337 -0.99948 0.03200
vn -0.00333 -0.99902 0.04425
vn -0.00321 -0.99706 0.07650
vn -0.00311 0.10152 -0.99483
vn -0.00279 0.18291 -0.98313
vn -0.00281 0.17912 -0.98382
vn 0.84917 0.46706 0.24651
vn 0.81852 0.48175 0.31297
vn 0.74816 0.42125 0.51264
vn 0.86960 0.48392 0.09810
vn 0.89271 0.44904 0.03771
vn 0.74211 -0.64041 0.19783
vn 0.77877 -0.49589 0.38420
vn 0.79199 -0.46646 0.39391
vn 0.75571 -0.62314 0.20150
vn 0.29718 0.94701 0.12188
vn 0.22895 0.95732 0.17643
vn 0.51126 0.85654 -0.07035
vn 0.99971 0.02329 -0.00560
vn 0.99971 0.02326 -0.00554
vn 0.99968 0.02476 -0.00598
vn 0.99969 0.02330 -0.00888
vn 0.78478 -0.10700 0.61047
vn 0.89930 -0.03407 0.43600
vn 0.85945 -0.06302 0.50733
vn 0.75507 -0.12204 0.64419
vn 0.78051 -0.13643 0.61007
vn 0.78168 0.24905 -0.57180
vn 0.77602 0.25081 -0.57870
vn 0.77478 0.40472 -0.48572
vn -0.99976 -0.01897 -0.01075
vn -0.99994 0.00236 0.01100
vn -0.99997 0.00221 0.00785
vn -0.99963 -0.02365 -0.01311
vn 0.99961 0.02759 -0.00348
vn 0.99965 0.02483 -0.00914
vn 0.73078 0.10306 -0.67478
vn 0.71855 0.09987 -0.68826
vn -0.99870 -0.04919 -0.01310
vn -0.81294 0.48744 0.31865
vn -0.84415 0.47296 0.25241
vn -0.74162 0.42644 0.51783
vn -0.86550 0.48996 0.10414
vn -0.88928 0.45526 0.04392
vn -0.74516 -0.63523 0.20302
vn -0.75861 -0.61786 0.20678
vn -0.79246 -0.46094 0.39943
vn -0.77951 -0.49046 0.38963
vn -0.23676 0.95731 0.16586
vn -0.22092 0.95890 0.17809
vn -0.50576 0.86009 -0.06681
vn -0.99954 0.03026 0.00137
vn -0.99954 0.03027 -0.00191
vn -0.99950 0.03173 0.00099
vn -0.99954 0.03023 0.00143
vn -0.78123 -0.10154 0.61593
vn -0.75139 -0.11679 0.64944
vn -0.85631 -0.05703 0.51331
vn -0.89645 -0.02781 0.44226
vn -0.77717 -0.13100 0.61550
vn -0.77827 0.25623 -0.57328
vn -0.78389 0.25451 -0.56634
vn -0.77530 0.41013 -0.48031
vn 0.99951 -0.02594 -0.01772
vn 0.99933 -0.03062 -0.02008
vn 0.99999 -0.00476 0.00087
vn 0.99998 -0.00461 0.00402
vn -0.99949 0.03180 -0.00217
vn -0.99940 0.03456 0.00348
vn -0.00248 0.25574 -0.96674
vn 0.00488 0.59902 0.80072
vn 0.00473 0.87659 0.48121
vn -0.72262 0.10490 -0.68324
vn -0.73473 0.10817 -0.66967
vn 0.99822 -0.05615 -0.02006
# 92 normals
usemtl Body
f  536/701/1076 537/702/1077 538/703/1078
f  539/704/1079 536/701/1076 538/703/1078
f  540/705/1080 541/706/1080 537/702/1080
f  536/701/1080 540/705/1080 537/702/1080
f  542/707/1081 543/708/1082 541/706/1083
f  540/705/1084 542/707/1081 541/706/1083
f  539/704/1085 538/703/1085 543/708/1085
f  542/707/1085 539/704/1085 543/708/1085
f  544/709/1086 545/710/1086 546/711/1086
f  547/712/1086 544/709/1086 546/711/1086
f  548/713/1087 549/714/1087 545/710/1087
f  544/709/1087 548/713/1087 545/710/1087
f  547/712/1088 546/711/1088 549/714/1088
f  548/713/1088 547/712/1088 549/714/1088
f  547/712/1089 548/713/1089 544/709/1089
f  549/714/1090 546/711/1090 545/710/1090
f  550/715/1091 551/716/1091 552/717/1091
f  553/718/1091 550/715/1091 552/717/1091
f  554/719/1092 553/718/1092 552/717/1092
f  555/720/1092 554/719/1092 552/717/1092
f  556/721/1093 554/719/1091 555/720/1091
f  557/722/1094 556/721/1093 555/720/1091
f  558/723/1095 556/721/1093 557/722/1094
f  559/724/1095 558/723/1095 557/722/1094
f  551/725/1096 550/726/1096 560/727/1097
f  561/728/1098 551/725/1096 560/727/1097
f  562/729/1099 543/708/1100 563/730/1101
f  541/706/1102 543/708/1100 562/729/1099
f  564/731/1103 541/706/1102 562/729/1099
f  564/732/1104 562/733/1105 565/734/1106
f  566/735/1107 564/732/1104 565/734/1106
f  563/736/1108 567/737/1109 565/734/1110
f  567/737/1111 559/738/1112 557/739/1113
f  565/734/1114 567/737/1111 557/739/1113
f  566/735/1115 555/740/1116 552/741/1117
f  564/732/1118 566/735/1115 552/741/1117
f  563/736/1119 565/734/1106 562/733/1105
f  564/732/1120 568/742/1121 541/743/1122
f  569/744/1091 552/717/1091 551/716/1091
f  568/745/1123 569/746/1124 551/725/1125
f  561/728/1126 568/745/1123 551/725/1125
f  557/739/1113 555/740/1127 566/735/1128
f  565/734/1114 557/739/1113 566/735/1128
f  568/742/1121 564/732/1120 552/741/1129
f  569/747/1130 568/742/1121 552/741/1129
f  568/745/1123 561/728/1126 541/748/1131
f  538/703/1132 570/749/1133 571/750/1134
f  537/702/1135 572/751/1136 570/749/1133
f  538/703/1132 537/702/1135 570/749/1133
f  572/732/1137 573/735/1138 574/734/1139
f  570/733/1140 572/732/1137 574/734/1139
f  575/737/1141 571/736/1142 574/734/1143
f  575/737/1144 574/734/1145 556/739/1146
f  558/738/1147 575/737/1144 556/739/1146
f  573/735/1148 572/732/1149 553/741/1150
f  554/740/1151 573/735/1148 553/741/1150
f  574/734/1139 571/736/1152 570/733/1140
f  576/742/1153 572/732/1154 537/743/1155
f  553/718/1091 577/752/1091 550/715/1091
f  576/753/1156 560/727/1157 550/726/1158
f  577/754/1159 576/753/1156 550/726/1158
f  556/739/1146 574/734/1145 573/735/1160
f  554/740/1161 556/739/1146 573/735/1160
f  541/748/1162 561/728/1098 560/727/1097
f  537/755/1162 541/748/1162 560/727/1097
f  571/736/1142 575/737/1141 567/737/1109
f  563/736/1108 571/736/1142 567/737/1109
f  543/708/1163 538/703/1163 571/750/1163
f  563/730/1163 543/708/1163 571/750/1163
usemtl BodyGlow
f  542/707/1164 540/705/1164 536/701/1164
f  539/704/1164 542/707/1164 536/701/1164
usemtl Body
f  576/742/1153 577/747/1165 553/741/1166
f  572/732/1154 576/742/1153 553/741/1166
f  560/727/1157 576/753/1156 537/755/1167
# object Hip
g Hip
v 0.00382 0.02572 0.00547
v 0.00335 0.02050 0.00766
v 0.00255 0.02050 0.00922
v 0.00285 0.02485 0.00899
v 0.00077 0.02050 0.01060
v 0.00132 0.02433 0.01074
v -0.00078 0.02050 0.01060
v -0.00133 0.02433 0.01074
v -0.00256 0.02050 0.00922
v -0.00336 0.02050 0.00766
v -0.00383 0.02572 0.00547
v -0.00286 0.02485 0.00899
v 0.01179 0.02530 0.00050
v 0.00637 0.02529 0.00050
v 0.00637 0.02091 0.00100
v 0.01234 0.02092 0.00100
v -0.00638 0.02249 0.00029
v -0.01236 0.02249 0.00029
v -0.01181 0.02616 0.00029
v -0.00638 0.02616 0.00029
v 0.01179 0.02616 0.00028
v 0.01234 0.02249 0.00028
v 0.00637 0.02249 0.00029
v 0.00637 0.02616 0.00029
v -0.00581 0.02249 0.00029
v -0.01352 0.02249 0.00029
v -0.01352 0.02091 0.00100
v -0.00593 0.02099 0.00113
v -0.01693 0.00857 0.00101
v -0.00581 0.00857 0.00100
v -0.00581 0.00827 -0.00063
v -0.01594 0.00827 -0.00023
v -0.01181 0.02529 0.00050
v -0.00638 0.02529 0.00050
v 0.01350 0.02092 0.00100
v 0.01350 0.02249 0.00028
v 0.00579 0.02249 0.00029
v 0.00592 0.02099 0.00113
v 0.01692 0.00857 0.00100
v 0.00579 0.00857 0.00100
v 0.00579 0.00827 -0.00063
v 0.01593 0.00827 -0.00024
v -0.01236 0.02091 0.00100
v -0.00638 0.02091 0.00100
v -0.00077 0.07010 -0.00090
v -0.00264 0.05991 -0.00301
v -0.00298 0.05958 -0.00080
v 0.00272 0.04100 0.00558
v 0.00292 0.04250 0.00493
v -0.00001 0.04250 0.00622
v -0.00001 0.04100 0.00672
v -0.00493 0.04507 -0.00123
v -0.00552 0.02632 -0.00043
v -0.00510 0.02682 0.00387
v -0.00460 0.04377 0.00203
v -0.00403 0.04250 0.00358
v 0.00509 0.02682 0.00387
v 0.00551 0.02632 -0.00044
v 0.00491 0.04507 -0.00124
v 0.00458 0.04377 0.00203
v 0.00401 0.04250 0.00358
v 0.00248 0.01369 0.00908
v 0.00235 0.01850 0.00922
v -0.00000 0.01850 0.01049
v -0.00000 0.01369 0.01008
v -0.00416 0.02607 -0.00320
v -0.00379 0.04637 -0.00400
v -0.00197 0.05910 0.00152
v -0.00294 0.04250 0.00493
v -0.00552 0.01369 -0.00023
v -0.00500 0.01369 0.00518
v -0.00001 0.06920 -0.00182
v -0.00001 0.07070 -0.00100
v -0.00001 0.04697 -0.00471
v -0.00001 0.02602 -0.00381
v -0.00001 0.06004 -0.00380
v -0.00001 0.05878 0.00282
v -0.00001 0.07070 -0.00023
v 0.00415 0.02607 -0.00321
v 0.00377 0.04637 -0.00401
v 0.00262 0.05991 -0.00301
v 0.00295 0.05958 -0.00080
v 0.00195 0.05910 0.00152
v 0.00075 0.07010 -0.00090
v -0.00421 0.02702 0.00467
v -0.00343 0.04100 0.00438
v -0.00274 0.04100 0.00558
v 0.00341 0.04100 0.00438
v 0.00419 0.02702 0.00467
v -0.00376 0.01850 0.00716
v -0.00406 0.01369 -0.00310
v -0.00271 0.02576 0.00883
v -0.00400 0.02702 0.00467
v -0.00291 0.02576 0.00893
v -0.00249 0.01369 0.00908
v -0.00236 0.01850 0.00922
v -0.00001 0.01369 -0.00371
v 0.00551 0.01369 -0.00024
v 0.00405 0.01369 -0.00311
v 0.00499 0.01369 0.00517
v 0.00375 0.01850 0.00716
v -0.00136 0.02525 0.01074
v -0.00121 0.02525 0.01054
v 0.00290 0.02576 0.00893
v 0.00135 0.02525 0.01074
v 0.00270 0.02576 0.00883
v 0.00120 0.02525 0.01054
v 0.00399 0.02702 0.00467
v -0.00089 0.03590 0.00762
v 0.00125 0.03590 0.00642
v 0.00088 0.03590 0.00762
v -0.00210 0.02750 0.00842
v 0.00299 0.02750 0.00442
v 0.00209 0.02750 0.00842
v 0.00209 0.02930 0.00842
v 0.00259 0.03130 0.00442
v -0.00261 0.03130 0.00442
v -0.00210 0.02930 0.00842
v -0.00301 0.02750 0.00442
v 0.00249 0.03590 0.00642
v 0.00299 0.03590 0.00442
v 0.00229 0.04110 0.00502
v 0.00279 0.04110 0.00442
v -0.00281 0.04110 0.00442
v -0.00301 0.03590 0.00442
v -0.00231 0.04110 0.00502
v -0.00251 0.03590 0.00642
v 0.00088 0.04110 0.00602
v 0.00108 0.04110 0.00502
v -0.00110 0.04110 0.00502
v -0.00089 0.04110 0.00602
v -0.00127 0.03590 0.00642
v 0.00299 0.02030 0.00762
v 0.00299 0.02470 0.00562
v 0.00209 0.02030 0.00802
v 0.00209 0.02470 0.00802
v -0.00301 0.02470 0.00562
v -0.00210 0.02470 0.00802
v -0.00210 0.02030 0.00802
v -0.00301 0.02030 0.00762
v -0.00294 0.02832 0.00862
v -0.00293 0.03174 0.00802
v -0.00107 0.03385 0.00950
v -0.00142 0.02867 0.01045
v 0.00106 0.03385 0.00950
v 0.00292 0.03174 0.00802
v 0.00293 0.02832 0.00862
v 0.00141 0.02867 0.01044
v -0.00415 0.04656 -0.00313
v -0.00458 0.05140 -0.00302
v -0.00407 0.05140 -0.00390
v -0.00360 0.04885 -0.00387
v -0.00429 0.04882 -0.00208
v -0.00415 0.05140 -0.00163
v -0.00298 0.05140 -0.00401
v -0.00465 0.05477 -0.00290
v -0.00368 0.05452 -0.00155
v -0.00324 0.05712 -0.00228
v -0.00305 0.05790 -0.00298
v -0.00276 0.05710 -0.00352
v -0.00252 0.05463 -0.00393
v -0.00415 0.05482 -0.00379
v 0.00405 0.05140 -0.00390
v 0.00456 0.05140 -0.00302
v 0.00413 0.04656 -0.00314
v 0.00358 0.04885 -0.00387
v 0.00427 0.04882 -0.00209
v 0.00413 0.05140 -0.00163
v 0.00296 0.05140 -0.00401
v 0.00322 0.05712 -0.00228
v 0.00366 0.05452 -0.00155
v 0.00463 0.05477 -0.00290
v 0.00303 0.05790 -0.00298
v 0.00412 0.05482 -0.00379
v 0.00250 0.05463 -0.00393
v 0.00274 0.05710 -0.00352
# 176 verticies
vt 0.73324 0.55115
vt 0.70224 0.55615
vt 0.70224 0.56215
vt 0.72824 0.56015
vt 0.70224 0.57515
vt 0.72524 0.57115
vt 0.70224 0.58715
vt 0.72524 0.59115
vt 0.70224 0.60115
vt 0.70224 0.60715
vt 0.73324 0.61215
vt 0.72824 0.60315
vt 0.19324 0.80815
vt 0.16124 0.80815
vt 0.16124 0.78215
vt 0.19724 0.78215
vt 0.35224 0.79115
vt 0.31624 0.79115
vt 0.32024 0.81415
vt 0.35224 0.81415
vt 0.46124 0.81415
vt 0.46524 0.79115
vt 0.42924 0.79115
vt 0.42924 0.81415
vt 0.08824 0.79115
vt 0.04124 0.79115
vt 0.04124 0.78215
vt 0.08824 0.78215
vt 0.19324 0.81415
vt 0.16124 0.81415
vt 0.02724 0.70415
vt 0.08824 0.70415
vt 0.30924 0.79115
vt 0.35624 0.79115
vt 0.35624 0.70415
vt 0.29524 0.70415
vt 0.35624 0.78215
vt 0.05224 0.80815
vt 0.08424 0.80815
vt 0.08424 0.81415
vt 0.05224 0.81415
vt 0.20424 0.78215
vt 0.20424 0.79115
vt 0.15724 0.79115
vt 0.15724 0.78215
vt 0.21824 0.70415
vt 0.15824 0.70415
vt 0.42524 0.70415
vt 0.42524 0.79115
vt 0.47224 0.79115
vt 0.48624 0.70415
vt 0.42624 0.78215
vt 0.47224 0.78215
vt 0.49124 0.70415
vt 0.04824 0.78215
vt 0.08424 0.78215
vt 0.19724 0.79115
vt 0.16124 0.79115
vt 0.04824 0.79115
vt 0.08424 0.79115
vt 0.30924 0.78215
vt 0.29024 0.70415
vt 0.98324 0.49815
vt 0.92424 0.48215
vt 0.92224 0.49815
vt 0.98324 0.65515
vt 0.99324 0.65015
vt 0.99324 0.65915
vt 0.98324 0.66315
vt 0.83924 0.49615
vt 0.73324 0.50115
vt 0.73624 0.53115
vt 0.83224 0.51815
vt 0.82524 0.52915
vt 0.66524 0.61715
vt 0.69224 0.61615
vt 0.69224 0.60215
vt 0.66524 0.60215
vt 0.73224 0.48215
vt 0.84724 0.47615
vt 0.92124 0.51315
vt 0.82524 0.53915
vt 0.66124 0.50215
vt 0.66124 0.54115
vt 0.97624 0.48815
vt 0.98724 0.49815
vt 0.73424 0.45115
vt 0.84724 0.44815
vt 0.85124 0.42615
vt 0.73424 0.42615
vt 0.92624 0.42615
vt 0.92524 0.44215
vt 0.97824 0.42615
vt 0.83124 0.62015
vt 0.83124 0.60215
vt 0.92524 0.60215
vt 0.92624 0.61315
vt 0.99324 0.60215
vt 0.98924 0.60615
vt 0.89024 0.64215
vt 0.89124 0.64815
vt 0.98324 0.64615
vt 0.99324 0.64015
vt 0.84824 0.67015
vt 0.88224 0.65415
vt 0.83524 0.66615
vt 0.66124 0.48215
vt 0.88324 0.67915
vt 0.68924 0.55515
vt 0.66124 0.56915
vt 0.68924 0.56915
vt 0.66424 0.42615
vt 0.66424 0.45015
vt 0.87724 0.68015
vt 0.87324 0.69315
vt 0.87924 0.69315
vt 0.83524 0.68215
vt 0.83524 0.69115
vt 0.84824 0.69215
vt 0.84824 0.68215
vt 0.87924 0.69115
vt 0.92824 0.69015
vt 0.94624 0.67815
vt 0.94324 0.69015
vt 0.89024 0.76915
vt 0.89024 0.72715
vt 0.89024 0.73415
vt 0.90324 0.73415
vt 0.91924 0.73015
vt 0.91924 0.77415
vt 0.90324 0.76915
vt 0.89024 0.77715
vt 0.95424 0.73115
vt 0.95424 0.72715
vt 0.99324 0.73315
vt 0.99324 0.72815
vt 0.99324 0.77515
vt 0.95424 0.77715
vt 0.99324 0.77115
vt 0.95424 0.77315
vt 0.95424 0.74115
vt 0.99324 0.74415
vt 0.95424 0.74415
vt 0.99324 0.74315
vt 0.99324 0.76115
vt 0.99324 0.75915
vt 0.95424 0.76215
vt 0.95424 0.75915
vt 0.91024 0.65815
vt 0.96024 0.65815
vt 0.91424 0.67815
vt 0.95624 0.67815
vt 0.92524 0.67815
vt 0.83524 0.72715
vt 0.86824 0.72715
vt 0.83524 0.73415
vt 0.86824 0.73415
vt 0.86824 0.77715
vt 0.86824 0.76915
vt 0.83524 0.76915
vt 0.83524 0.77715
vt 0.83624 0.74615
vt 0.83624 0.73315
vt 0.83624 0.77115
vt 0.83624 0.75815
vt 0.83624 0.77715
vt 0.83624 0.72715
vt 0.87624 0.78615
vt 0.87624 0.71815
vt 0.88624 0.71715
vt 0.88624 0.78715
vt 0.83624 0.78015
vt 0.83624 0.72415
vt 0.99224 0.77615
vt 0.99224 0.72815
vt 0.99224 0.75215
vt 0.99224 0.78015
vt 0.99224 0.72315
vt 0.74924 0.60315
vt 0.74124 0.61315
vt 0.76924 0.60315
vt 0.78124 0.58915
vt 0.75124 0.59215
vt 0.82224 0.60315
vt 0.82224 0.58115
vt 0.82224 0.60715
vt 0.78124 0.57315
vt 0.76924 0.55915
vt 0.74124 0.55015
vt 0.74924 0.55915
vt 0.75124 0.57115
vt 0.82224 0.56015
vt 0.82224 0.55615
vt 0.73324 0.60315
vt 0.73024 0.59215
vt 0.73324 0.55915
vt 0.73024 0.57115
vt 0.92324 0.55215
vt 0.95024 0.55315
vt 0.95024 0.54715
vt 0.93624 0.54715
vt 0.93624 0.56015
vt 0.95024 0.56315
vt 0.95024 0.54615
vt 0.97024 0.55415
vt 0.96824 0.56415
vt 0.98324 0.55815
vt 0.98724 0.55415
vt 0.98324 0.55015
vt 0.96924 0.54715
vt 0.97024 0.54815
# 211 texture verticies
vn -0.96195 -0.02717 -0.27189
vn -0.92353 0.01132 -0.38335
vn -0.77184 0.06376 -0.63262
vn -0.88365 0.00220 -0.46814
vn -0.25998 0.07167 -0.96295
vn -0.45913 0.04963 -0.88698
vn 0.32430 0.08021 -0.94255
vn 0.41954 0.04873 -0.90643
vn 0.77151 0.06377 -0.63301
vn 0.92339 0.01145 -0.38370
vn 0.96180 -0.02699 -0.27242
vn 0.88341 0.00228 -0.46859
vn 0.00015 0.11346 0.99354
vn 0.00016 0.11344 0.99354
vn 0.00016 0.11345 0.99354
vn 0.00015 0.11346 0.99354
vn -0.00035 0.00002 -1.00000
vn -0.00033 0.00005 -1.00000
vn -0.00035 0.00003 -1.00000
vn -0.00037 0.00000 -1.00000
vn -0.00017 -0.00001 -1.00000
vn -0.00017 -0.00002 -1.00000
vn -0.00018 -0.00001 -1.00000
vn -0.00018 0.00000 -1.00000
vn 0.00016 0.49017 0.87163
vn -0.01612 0.42619 0.90449
vn -0.01980 0.41137 0.91126
vn -0.00350 0.47600 0.87944
vn 0.00014 0.23570 0.97183
vn -0.00861 -0.00196 0.99996
vn -0.01720 0.00565 0.99984
vn -0.00579 -0.00445 0.99997
vn 0.00090 -0.01038 0.99995
vn -0.06943 0.06391 -0.99554
vn -0.00027 0.06457 -0.99791
vn -0.02584 0.05073 -0.99838
vn -0.43600 0.10707 -0.89356
vn 0.99403 -0.00526 0.10898
vn 0.99995 0.01016 -0.00187
vn 0.99993 0.00883 0.00777
vn 0.99122 -0.00847 0.13192
vn 0.00031 0.23570 0.97183
vn 0.02010 0.41137 0.91124
vn 0.01641 0.42624 0.90446
vn 0.00005 0.49043 0.87148
vn 0.00373 0.47622 0.87932
vn 0.00628 -0.00442 0.99997
vn 0.01759 0.00560 0.99983
vn 0.00907 -0.00195 0.99996
vn -0.00036 -0.01030 0.99995
vn 0.02538 0.05077 -0.99839
vn -0.00014 0.06457 -0.99791
vn 0.06901 0.06395 -0.99556
vn 0.43575 0.10722 -0.89366
vn -0.99993 0.00867 0.00779
vn -0.99995 0.01000 -0.00184
vn -0.99405 -0.00539 0.10880
vn -0.99125 -0.00859 0.13171
vn 0.82975 0.23008 0.50850
vn 0.75492 0.15240 -0.63786
vn 0.00033 0.11342 0.99355
vn 0.00031 0.11340 0.99355
vn 0.00033 0.11343 0.99355
vn 0.00035 0.11344 0.99354
vn 0.87701 0.13738 0.46042
vn 0.92570 0.15563 0.34476
vn 0.91605 0.15174 0.37126
vn 0.84413 0.12637 0.52104
vn -1.00000 0.00000 0.00000
vn -0.91605 0.15174 0.37126
vn -0.92570 0.15563 0.34476
vn -0.87701 0.13738 0.46042
vn -0.84413 0.12637 0.52104
vn 1.00000 0.00000 0.00000
vn -0.82924 0.22995 0.50939
vn -0.75497 0.15221 -0.63785
vn -0.66124 0.36224 -0.65692
vn -0.96862 0.17204 -0.17937
vn -0.97201 0.17818 0.15311
vn 0.59353 0.24452 0.76677
vn 0.68621 0.16388 0.70870
vn 0.00015 0.32844 0.94452
vn 0.00015 0.31623 0.94868
vn -0.99013 0.06939 -0.12174
vn -0.98741 0.00949 -0.15790
vn -0.98796 0.02440 0.15277
vn -0.95343 0.10568 0.28251
vn -0.85187 0.13934 0.50488
vn 0.98803 0.02455 0.15228
vn 0.98733 0.00964 -0.15838
vn 0.99008 0.06951 -0.12213
vn 0.95356 0.10580 0.28201
vn 0.85215 0.13944 0.50437
vn 0.37372 -0.01661 0.92739
vn 0.44011 -0.05464 0.89628
vn 0.00042 -0.08591 0.99630
vn 0.00031 -0.04147 0.99914
vn -0.89836 0.00002 -0.43926
vn -0.93181 0.05410 -0.35890
vn -0.88331 0.17732 0.43396
vn -0.76594 0.17212 0.61945
vn -0.97748 -0.00493 -0.21095
vn -0.94509 0.00583 0.32676
vn -0.00015 0.39548 -0.91848
vn -0.00020 0.47832 -0.87819
vn -0.14635 -0.02421 -0.98894
vn -0.19454 0.02154 -0.98066
vn -0.00028 0.01211 -0.99993
vn -0.00023 -0.02552 -0.99967
vn -0.00030 0.14577 -0.98932
vn -0.29185 0.14778 -0.94498
vn -0.00022 0.21153 -0.97737
vn -0.40995 0.18962 0.89218
vn 0.00014 0.20435 0.97890
vn 0.00017 0.23777 0.97132
vn -0.52751 0.20755 0.82380
vn 0.00029 0.77849 0.62766
vn -0.75987 0.50627 0.40779
vn -0.00032 1.00000 0.00000
vn 0.89817 0.00016 -0.43965
vn 0.93171 0.05422 -0.35914
vn 0.96859 0.17217 -0.17942
vn 0.97204 0.17829 0.15279
vn 0.88356 0.17743 0.43340
vn 0.76643 0.17220 0.61882
vn 0.66083 0.36237 -0.65727
vn 0.19399 0.02156 -0.98077
vn 0.14588 -0.02418 -0.98901
vn 0.29126 0.14782 -0.94515
vn 0.41021 0.18969 0.89205
vn 0.52780 0.20762 0.82360
vn 0.76020 0.50666 0.40668
vn -0.68933 0.13066 0.71257
vn -0.67507 0.14174 0.72401
vn -0.79844 0.06315 0.59875
vn -0.76161 0.04031 0.64679
vn -0.68580 0.16403 0.70907
vn -0.59319 0.24465 0.76699
vn 0.68938 0.13082 0.71249
vn 0.76204 0.04029 0.64627
vn 0.79882 0.06304 0.59825
vn 0.67507 0.14192 0.72397
vn -0.87545 0.00440 0.48328
vn -0.73460 0.17270 0.65615
vn -0.84518 0.05820 0.53131
vn -0.89131 -0.01057 -0.45327
vn 0.11515 0.96887 0.21918
vn 0.00596 0.95941 0.28196
vn 0.10943 0.96823 0.22485
vn -0.85119 0.01178 0.52472
vn -0.83630 -0.00258 0.54826
vn -0.82617 0.00610 0.56339
vn -0.00024 -0.00893 -0.99996
vn -0.14650 -0.00912 -0.98917
vn 0.97738 -0.00478 -0.21143
vn 0.89112 -0.01043 -0.45364
vn 0.94523 0.00599 0.32636
vn 0.85136 0.01192 0.52445
vn 0.83647 -0.00244 0.54800
vn 0.82636 0.00623 0.56311
vn 0.14602 -0.00910 -0.98924
vn -0.96121 -0.09921 0.25737
vn -0.86391 -0.01795 0.50333
vn -0.89915 -0.03112 0.43654
vn -0.95923 -0.11748 0.25707
vn -0.35817 -0.00998 0.93360
vn -0.47914 -0.00951 0.87769
vn -0.71444 -0.08946 0.69395
vn 0.00032 -0.20098 0.97959
vn -0.34745 -0.12332 0.92955
vn -0.76787 -0.07679 0.63599
vn 0.71482 -0.08951 0.69356
vn 0.76817 -0.07682 0.63562
vn 0.34785 -0.12336 0.92940
vn 0.84545 0.05814 0.53088
vn 0.73474 0.17290 0.65594
vn 0.87568 0.00435 0.48287
vn 0.00000 0.95901 0.28338
vn 0.10035 0.99210 0.07526
vn 0.09760 0.99207 0.07914
vn 0.96139 -0.09880 0.25686
vn 0.95942 -0.11701 0.25656
vn 0.89934 -0.03066 0.43618
vn 0.86406 -0.01728 0.50309
vn 0.43276 -0.00741 0.90148
vn 0.40995 -0.01018 0.91205
vn -0.09907 0.99183 0.08033
vn -0.11519 0.96884 0.21927
vn -0.09385 0.99309 0.07039
vn -0.10948 0.96820 0.22494
vn 0.00000 0.95895 0.28358
vn -0.00597 0.95935 0.28217
vn -0.43947 -0.05473 0.89659
vn -0.37327 -0.01682 0.92757
vn 0.00000 -1.00000 0.00000
vn 0.97566 0.00054 0.21928
vn 0.97953 0.07187 0.18805
vn 0.97888 0.04759 0.19883
vn 0.97934 0.10335 0.17385
vn 0.00010 0.89443 0.44721
vn 0.00009 0.89443 0.44721
vn 0.00011 0.89442 0.44722
vn -0.97930 0.10287 0.17434
vn -0.97947 0.07138 0.18855
vn -0.97880 0.04708 0.19934
vn -0.97555 0.00000 0.21980
vn 0.00024 0.00000 1.00000
vn 0.96518 0.10214 0.24081
vn 0.95054 0.09379 0.29610
vn 0.83998 0.05074 0.54024
vn 0.76789 0.02953 0.63991
vn -0.76736 0.02951 0.64053
vn -0.95026 0.09370 0.29704
vn -0.83949 0.05069 0.54100
vn -0.96494 0.10204 0.24184
vn 0.00020 0.25997 0.96562
vn 0.00020 0.25997 0.96562
vn 0.00019 0.25997 0.96562
vn 0.00021 0.25998 0.96561
vn 0.95437 0.09143 0.28430
vn 0.97093 0.08789 0.22265
vn 0.94973 0.09223 0.29917
vn 0.97496 0.08681 0.20474
vn 0.00000 1.00000 0.00000
vn -0.97096 0.08752 0.22265
vn -0.97499 0.08644 0.20475
vn -0.95440 0.09106 0.28431
vn -0.94976 0.09187 0.29918
vn 0.00000 0.29409 0.95578
vn 0.37506 0.38367 0.84388
vn 0.88234 0.07329 0.46487
vn 0.62363 0.27227 0.73277
vn 0.93646 0.00000 0.35078
vn -0.62345 0.27200 0.73303
vn -0.88199 0.07322 0.46555
vn -0.37511 0.38336 0.84400
vn -0.93615 0.00000 0.35159
vn 0.00015 0.52121 0.85343
vn 0.00022 0.52090 0.85362
vn 0.00021 0.52096 0.85358
vn 0.00014 0.52127 0.85339
vn 0.00020 0.38767 0.92180
vn 0.00014 0.38774 0.92177
vn 0.00018 0.38768 0.92179
vn 0.00024 0.38762 0.92182
vn 0.00021 0.02085 0.99978
vn 0.00015 0.02082 0.99978
vn 0.00018 0.02084 0.99978
vn 0.00024 0.02087 0.99978
vn 0.88034 -0.06570 -0.46977
vn 0.95608 -0.04642 -0.28939
vn 0.84566 -0.12442 -0.51902
vn 0.33978 -0.25619 -0.90494
vn 0.45018 -0.12120 -0.88468
vn 0.66164 -0.26522 -0.70135
vn -0.00018 -0.40452 -0.91453
vn 0.89051 -0.12416 -0.43770
vn -0.37309 -0.26222 -0.88997
vn -0.84590 -0.12456 -0.51859
vn -0.95628 -0.04649 -0.28873
vn -0.88057 -0.06576 -0.46933
vn -0.46104 -0.12742 -0.87818
vn -0.66194 -0.26530 -0.70103
vn -0.89077 -0.12427 -0.43714
vn 0.84850 -0.04412 -0.52735
vn 0.40409 -0.07085 -0.91197
vn -0.84872 -0.04406 -0.52700
vn -0.33184 -0.07461 -0.94038
vn -0.92164 -0.19962 -0.33275
vn -0.99357 -0.02147 -0.11120
vn -0.50565 -0.03820 -0.86189
vn -0.40965 -0.20227 -0.88954
vn -0.98572 -0.05136 0.16039
vn -0.95326 0.06842 0.29431
vn 0.08520 -0.03229 -0.99584
vn -0.96861 0.24477 0.04347
vn -0.82681 0.13283 0.54658
vn -0.82506 0.38802 0.41075
vn -0.71564 0.69649 -0.05254
vn -0.32753 0.37898 -0.86551
vn 0.09856 0.08172 -0.99177
vn -0.55170 0.18751 -0.81269
vn 0.50521 -0.03824 -0.86215
vn 0.99352 -0.02136 -0.11162
vn 0.92137 -0.19911 -0.33380
vn 0.40955 -0.20226 -0.88959
vn 0.98591 -0.05102 0.15929
vn 0.95343 0.06851 0.29373
vn -0.08615 -0.03252 -0.99575
vn 0.82557 0.38831 0.40946
vn 0.82729 0.13285 0.54585
vn 0.96861 0.24484 0.04294
vn 0.71590 0.69610 -0.05425
vn 0.55144 0.18767 -0.81283
vn -0.09917 0.08177 -0.99171
vn 0.32715 0.37878 -0.86573
vn 0.94662 -0.06729 -0.31524
vn 0.85229 -0.20437 -0.48149
vn 0.80865 -0.22837 -0.54216
vn 0.94427 -0.09857 -0.31406
vn 0.43687 -0.24602 -0.86523
vn 0.32786 -0.24360 -0.91278
vn -0.80866 -0.22903 -0.54185
vn -0.85241 -0.20483 -0.48109
vn -0.94677 -0.06764 -0.31473
vn -0.94441 -0.09889 -0.31354
vn -0.36889 -0.24671 -0.89613
vn -0.38452 -0.24563 -0.88984
# 308 normals
f  578/756/1168 579/757/1169 580/758/1170 581/759/1171
f  582/760/1172 583/761/1173 581/759/1171 580/758/1170
f  583/761/1173 582/760/1172 584/762/1174 585/763/1175
f  586/764/1176 587/765/1177 588/766/1178 589/767/1179
f  584/762/1174 586/764/1176 589/767/1179 585/763/1175
f  590/768/1180 591/769/1181 592/770/1182 593/771/1183
f  594/772/1184 595/773/1185 596/774/1186 597/775/1187
f  598/776/1188 599/777/1189 600/778/1190 601/779/1191
f  602/780/1192 603/781/1193 604/782/1194 605/783/1195
f  590/768/1196 598/784/1196 601/785/1196 591/769/1196
f  605/783/1197 604/782/1198 606/786/1199 607/787/1200
f  603/788/1201 602/789/1202 608/790/1203 609/791/1204
f  605/792/1205 607/790/1206 608/790/1207 602/789/1208
f  610/793/1209 611/794/1209 597/795/1209 596/796/1209
f  612/797/1210 613/798/1211 614/799/1212 615/800/1213
f  616/801/1214 612/797/1215 615/800/1216 617/802/1217
f  618/803/1218 614/804/1219 613/805/1220 619/806/1221
f  618/803/1222 617/803/1223 615/807/1224 614/804/1225
f  612/808/1226 616/809/1226 613/805/1226
f  616/809/1227 619/806/1221 613/805/1220
f  610/793/1228 620/810/1229 621/811/1230 611/794/1231
f  590/768/1232 593/771/1233 599/812/1234 598/784/1235
f  600/813/1236 592/770/1236 591/769/1236 601/785/1236
f  595/814/1237 620/810/1238 610/793/1239 596/796/1240
f  611/794/1241 621/811/1241 594/815/1241 597/795/1241
f  604/816/1242 603/788/1242 606/817/1242
f  606/817/1243 603/788/1201 609/791/1204
f  622/818/1244 623/819/1245 624/820/1246
f  625/821/1247 626/822/1248 627/823/1249 628/824/1250
f  629/825/1251 630/826/1252 631/827/1253 632/828/1254
f  633/829/1255 632/828/1254 631/827/1253
f  634/827/1256 635/826/1257 636/825/1258 637/828/1259
f  634/827/1256 637/828/1259 638/829/1260
f  639/830/1261 640/831/1262 641/832/1263 642/833/1264
f  643/834/1265 630/826/1252 629/825/1251 644/835/1266
f  623/819/1245 644/835/1266 629/825/1251 624/820/1246
f  645/836/1267 624/820/1246 632/828/1254 633/829/1255
f  624/820/1246 629/825/1251 632/828/1254
f  646/837/1268 645/836/1267 633/829/1255
f  630/826/1252 647/838/1269 648/839/1270 631/827/1253
f  649/840/1271 623/819/1245 622/818/1244
f  622/818/1244 624/820/1246 645/836/1267
f  650/841/1272 649/840/1271 622/818/1244
f  643/842/1273 644/843/1274 651/844/1275 652/845/1276
f  653/846/1277 651/844/1275 644/843/1274 623/847/1278
f  649/848/1279 653/846/1277 623/847/1278
f  646/849/1280 627/850/1281 654/851/1282 645/852/1283
f  645/852/1283 654/851/1282 655/853/1284 622/854/1285
f  655/853/1284 650/853/1286 622/854/1285
f  636/825/1258 635/826/1257 656/834/1287 657/835/1288
f  636/825/1258 657/835/1288 658/819/1289 659/820/1290
f  637/828/1259 659/820/1290 660/836/1291 638/829/1260
f  637/828/1259 636/825/1258 659/820/1290
f  638/829/1260 660/836/1291 626/837/1292
f  659/820/1290 658/819/1289 661/818/1293
f  661/818/1293 658/819/1289 649/840/1271
f  660/836/1291 659/820/1290 661/818/1293
f  661/818/1293 649/840/1271 650/841/1272
f  651/844/1275 657/843/1294 656/842/1295 652/845/1276
f  657/843/1294 651/844/1275 653/846/1277 658/847/1296
f  658/847/1296 653/846/1277 649/848/1279
f  654/851/1282 627/850/1281 626/849/1297 660/852/1298
f  655/853/1284 654/851/1282 660/852/1298 661/854/1299
f  661/854/1299 650/853/1286 655/853/1284
f  631/855/1300 662/856/1301 663/857/1302 633/858/1303
f  646/822/1304 633/858/1303 663/857/1302 664/821/1305
f  664/821/1305 628/824/1250 627/823/1249 646/822/1304
f  634/855/1306 638/858/1307 665/857/1308 666/856/1309
f  626/822/1248 625/821/1247 665/857/1308 638/858/1307
f  587/859/1310 588/860/1311 667/861/1312
f  643/834/1265 668/862/1313 647/838/1269 630/826/1252
f  669/863/1314 670/856/1315 671/863/1316
f  667/864/1317 631/827/1253 648/839/1270
f  667/864/1317 648/839/1270 672/865/1318 673/866/1319
f  643/842/1273 652/845/1276 674/867/1320 668/868/1321
f  675/838/1322 676/862/1323 656/834/1287 635/826/1257
f  635/826/1257 634/827/1256 677/839/1324 675/838/1322
f  677/839/1324 634/827/1256 678/864/1325
f  639/865/1326 677/839/1324 678/864/1325 640/866/1327
f  674/867/1320 652/845/1276 656/842/1295 676/868/1328
f  588/860/1329 589/869/1330 671/863/1331 662/856/1332
f  589/869/1330 585/870/1333 679/871/1334 671/863/1331
f  673/872/1335 641/873/1336 584/874/1337 586/875/1338
f  587/859/1310 667/861/1312 673/872/1335 586/875/1338
f  588/860/1311 631/855/1300 667/861/1312
f  640/872/1339 580/875/1340 582/874/1341 641/873/1336
f  662/856/1301 631/855/1300 588/860/1311
f  678/861/1342 578/860/1343 579/859/1344
f  671/863/1316 670/856/1315 662/856/1345
f  680/876/1346 669/863/1314 679/871/1347
f  679/871/1347 669/863/1314 671/863/1316
f  578/860/1348 666/856/1349 681/863/1350 581/869/1351
f  682/871/1352 583/870/1353 581/869/1351 681/863/1350
f  584/874/1337 641/873/1336 582/874/1341
f  640/872/1339 678/861/1342 579/859/1344 580/875/1340
f  682/871/1354 683/863/1355 684/876/1356
f  681/863/1357 683/863/1355 682/871/1354
f  678/861/1342 634/855/1306 578/860/1343
f  578/860/1343 634/855/1306 666/856/1309
f  666/856/1358 685/856/1359 681/863/1357
f  681/863/1357 685/856/1359 683/863/1355
f  641/832/1263 673/831/1360 672/830/1361 642/833/1264
f  682/871/1354 684/876/1356 679/871/1347
f  684/876/1356 680/876/1346 679/871/1347
f  583/870/1353 682/871/1352 679/871/1334 585/870/1333
f  686/877/1362 687/878/1362 688/879/1362
f  689/880/1362 690/881/1362 691/882/1362
f  691/882/1363 690/881/1364 692/883/1365
f  692/883/1365 690/881/1364 693/884/1366
f  693/884/1367 694/885/1368 695/886/1367
f  692/883/1369 693/884/1367 695/886/1367
f  694/885/1370 696/887/1371 695/886/1372
f  695/886/1372 696/887/1371 689/880/1373
f  689/880/1374 691/882/1374 695/886/1374
f  695/886/1374 691/882/1374 692/883/1374
f  697/888/1375 698/889/1376 699/890/1377
f  699/890/1377 698/889/1376 700/891/1378
f  701/892/1379 702/893/1380 703/894/1381
f  703/894/1381 702/893/1380 704/895/1382
f  697/888/1383 703/894/1384 704/895/1385
f  699/890/1386 703/894/1384 697/888/1383
f  687/896/1387 705/897/1388 688/898/1389
f  687/896/1387 706/899/1390 705/897/1388
f  706/899/1391 707/900/1391 708/901/1391
f  705/897/1391 706/899/1391 708/901/1391
f  708/901/1392 707/900/1393 709/902/1394
f  686/903/1395 708/901/1392 709/902/1394
f  688/898/1396 708/901/1396 686/903/1396
f  705/897/1396 708/901/1396 688/898/1396
f  702/904/1362 698/905/1362 704/906/1362
f  704/906/1362 698/905/1362 697/907/1362
f  709/908/1362 687/878/1362 686/877/1362
f  696/887/1362 690/881/1362 689/880/1362
f  710/909/1397 711/910/1398 712/911/1399
f  712/911/1399 711/910/1398 713/912/1400
f  711/910/1391 714/913/1391 715/914/1391
f  713/912/1391 711/910/1391 715/914/1391
f  716/915/1401 714/913/1402 717/916/1403
f  715/914/1404 714/913/1402 716/915/1401
f  716/915/1374 712/911/1374 715/914/1374
f  715/914/1374 712/911/1374 713/912/1374
f  582/917/1391 580/918/1391 586/919/1391 584/920/1391
f  587/921/1391 586/919/1391 580/918/1391 579/922/1391
f  588/923/1405 578/924/1406 666/925/1407 662/926/1408
f  587/927/1409 579/928/1410 578/924/1411 588/923/1412
f  664/929/1362 625/930/1362 628/931/1362
f  664/929/1362 663/932/1362 625/930/1362
f  663/932/1362 665/933/1362 625/930/1362
f  666/925/1413 665/933/1414 663/932/1415 662/926/1416
f  718/934/1417 662/935/1418 719/936/1419
f  720/937/1420 721/938/1421 718/934/1417 719/936/1419
f  719/936/1419 664/939/1422 628/940/1423 720/937/1420
f  662/935/1418 663/941/1424 719/936/1419
f  719/936/1419 663/941/1424 664/939/1422
f  720/937/1420 628/940/1423 722/942/1425
f  723/943/1426 666/944/1427 724/945/1428
f  724/945/1428 725/946/1429 722/942/1425 723/943/1426
f  723/943/1426 722/942/1425 628/940/1423 625/947/1430
f  723/943/1426 665/948/1431 666/944/1427
f  625/947/1430 665/948/1431 723/943/1426
f  720/937/1420 722/942/1425 725/946/1429 721/938/1421
f  671/949/1432 662/935/1418 718/934/1417
f  718/934/1417 721/938/1421 679/950/1433 671/949/1432
f  724/945/1428 666/944/1427 681/951/1434
f  679/950/1433 721/938/1421 725/946/1429 682/952/1435
f  724/945/1428 681/951/1434 682/952/1435 725/946/1429
f  726/953/1436 727/954/1437 728/955/1438 729/956/1439
f  727/954/1437 726/953/1436 730/957/1440 731/958/1441
f  728/955/1438 732/959/1442 729/956/1439
f  733/960/1443 734/961/1444 735/962/1445 736/963/1446
f  737/964/1447 738/965/1448 739/966/1449
f  739/966/1449 733/960/1443 736/963/1446 737/964/1447
f  733/960/1443 739/966/1449 728/955/1438 727/954/1437
f  728/955/1438 739/966/1449 738/965/1448 732/959/1442
f  731/958/1441 734/961/1444 733/960/1443 727/954/1437
f  729/956/1439 736/963/1446 726/953/1436
f  740/955/1450 741/954/1451 742/953/1452 743/956/1453
f  744/957/1454 742/953/1452 741/954/1451 745/958/1455
f  743/956/1453 746/959/1456 740/955/1450
f  747/962/1457 748/961/1458 749/960/1459 750/963/1460
f  751/966/1461 752/965/1462 753/964/1463
f  750/963/1460 749/960/1459 751/966/1461 753/964/1463
f  740/955/1450 751/966/1461 749/960/1459 741/954/1451
f  752/965/1462 751/966/1461 740/955/1450 746/959/1456
f  749/960/1459 748/961/1458 745/958/1455 741/954/1451
f  752/965/1462 750/963/1460 753/964/1463
f  737/964/1447 736/963/1446 738/965/1448
f  738/965/1448 736/963/1446 732/959/1442
f  732/959/1442 736/963/1446 729/956/1439
f  742/953/1452 750/963/1460 743/956/1453
f  743/956/1453 750/963/1460 746/959/1456
f  746/959/1456 750/963/1460 752/965/1462
f  670/856/1464 669/863/1465 589/869/1466 588/860/1467
f  669/863/1465 680/876/1468 585/870/1469 589/869/1466
f  581/869/1470 683/863/1471 685/856/1472 578/860/1473
f  683/863/1471 581/869/1470 583/870/1474 684/876/1475
f  585/870/1469 680/876/1468 684/876/1475 583/870/1474
# object BackTail
g BackTail
v 0.00537 -0.01219 0.00301
v -0.00778 -0.02372 0.00298
v 0.00781 -0.02372 0.00298
v -0.00534 -0.01219 0.00301
v -0.00745 -0.02372 0.00219
v 0.00748 -0.02372 0.00220
v -0.00471 -0.04557 -0.00282
v -0.00467 -0.03914 -0.00281
v 0.00471 -0.04557 -0.00282
v 0.00467 -0.03914 -0.00281
v 0.00520 -0.02841 -0.00175
v -0.00520 -0.02841 -0.00176
v 0.00756 -0.02393 0.00208
v -0.00756 -0.02393 0.00208
v -0.00756 -0.04558 0.00202
v 0.00756 -0.04558 0.00203
v -0.00529 -0.05574 0.00210
v 0.00529 -0.05574 0.00210
v -0.00718 -0.04559 0.00308
v 0.00718 -0.04559 0.00308
v -0.00718 -0.02393 0.00308
v 0.00718 -0.02394 0.00308
# 22 verticies
vt 0.31824 0.30115
vt 0.23624 0.38115
vt 0.33524 0.38115
vt 0.25324 0.30115
vt 0.23824 0.37415
vt 0.33324 0.37415
vt 0.03424 0.34215
vt 0.03624 0.37815
vt 0.09724 0.34215
vt 0.09524 0.37815
vt 0.09524 0.43815
vt 0.03624 0.43815
vt 0.10924 0.46415
vt 0.02224 0.46415
vt 0.02224 0.34215
vt 0.10924 0.34215
vt 0.03524 0.28215
vt 0.09624 0.28215
vt 0.13024 0.34215
vt 0.14124 0.28215
vt 0.21224 0.34215
vt 0.20124 0.28215
vt 0.21424 0.46415
vt 0.12824 0.46415
vt 0.13024 0.46415
vt 0.21224 0.46415
vt 0.21424 0.34215
vt 0.12824 0.34215
vt 0.53124 0.27515
vt 0.54524 0.24615
vt 0.62824 0.27515
vt 0.61424 0.24615
# 32 texture verticies
vn 0.00001 -0.00253 1.00000
vn 0.00003 -0.00255 1.00000
vn -0.00019 -0.00230 1.00000
vn 0.00028 -0.00284 1.00000
vn -0.90449 0.19233 -0.38066
vn -0.90449 0.19233 -0.38066
vn 0.90381 0.19238 -0.38225
vn 0.00005 0.07051 -0.99751
vn -0.00027 0.07086 -0.99749
vn 0.00007 0.07048 -0.99751
vn 0.00033 0.07019 -0.99753
vn 0.00021 0.00124 -1.00000
vn 0.00028 0.05056 -0.99872
vn 0.00028 0.00134 -1.00000
vn 0.00032 0.04965 -0.99877
vn 0.00030 0.09786 -0.99520
vn 0.00028 0.09787 -0.99520
vn 0.00017 0.65070 -0.75933
vn 0.00019 0.65068 -0.75935
vn 0.00020 0.65066 -0.75937
vn 0.00016 0.65073 -0.75931
vn -0.86079 0.00396 -0.50895
vn -0.85847 0.00451 -0.51284
vn -0.86211 0.00626 -0.50668
vn -0.84555 0.01111 -0.53378
vn -0.85186 0.00668 -0.52372
vn 0.86244 0.00634 -0.50613
vn 0.85876 0.00451 -0.51236
vn 0.86108 0.00399 -0.50845
vn 0.85214 0.00662 -0.52327
vn 0.84585 0.01105 -0.53331
vn 0.00027 -0.00693 -0.99998
vn 0.00023 -0.00688 -0.99998
vn 0.00023 -0.00689 -0.99998
vn 0.00019 -0.00683 -0.99998
vn -0.00021 -0.09655 0.99533
vn -0.00020 -0.09656 0.99533
vn -0.00020 -0.09657 0.99533
vn -0.00019 -0.09658 0.99533
vn 0.00006 1.00000 0.00295
vn -0.00000 1.00000 0.00200
vn 0.00000 1.00000 0.00207
vn 0.00007 1.00000 0.00303
vn -0.00025 -0.00006 1.00000
vn -0.00028 -0.00005 1.00000
vn -0.00024 -0.00007 1.00000
vn -0.00021 -0.00009 1.00000
vn 0.93651 -0.10239 0.33535
vn 0.93660 -0.09986 0.33586
vn 0.93541 -0.00093 0.35356
vn 0.93509 -0.00098 0.35440
vn -0.93540 -0.00093 0.35358
vn -0.93671 -0.09983 0.33557
vn -0.93571 -0.00089 0.35277
vn -0.93662 -0.10236 0.33507
vn 0.92178 -0.20371 0.32988
vn -0.92189 -0.20367 0.32961
vn 0.00000 -1.00000 -0.00289
vn -0.00003 -1.00000 -0.00282
vn -0.00007 -1.00000 -0.00272
vn -0.00011 -1.00000 -0.00262
# 61 normals
f  754/967/1476 755/968/1477 756/969/1478
f  754/967/1476 757/970/1479 755/968/1477
f  755/968/1480 757/970/1481 758/971/1480
f  754/967/1482 756/969/1482 759/972/1482
f  758/971/1483 757/970/1484 754/967/1485
f  758/971/1483 754/967/1485 759/972/1486
f  760/973/1487 761/974/1488 762/975/1489
f  761/974/1488 763/976/1490 762/975/1489
f  764/977/1491 761/974/1488 765/978/1492
f  763/976/1490 761/974/1488 764/977/1491
f  766/979/1493 765/978/1494 767/980/1495
f  764/977/1496 765/978/1494 766/979/1493
f  768/981/1497 761/974/1498 760/973/1499
f  765/978/1500 761/974/1498 767/980/1501
f  767/980/1501 761/974/1498 768/981/1497
f  762/975/1502 763/976/1503 769/982/1504
f  769/982/1504 763/976/1503 766/979/1505
f  766/979/1505 763/976/1503 764/977/1506
f  768/981/1507 769/982/1508 770/983/1509
f  770/983/1509 769/982/1508 771/984/1510
f  772/985/1511 770/986/1512 773/987/1513
f  770/986/1512 771/988/1514 773/987/1513
f  766/989/1515 767/990/1516 774/991/1517
f  775/992/1518 766/989/1515 774/991/1517
f  775/992/1519 774/991/1520 772/985/1521
f  773/987/1522 775/992/1519 772/985/1521
f  773/987/1523 769/993/1524 775/992/1525
f  775/992/1525 769/993/1524 766/989/1526
f  767/990/1527 768/994/1528 774/991/1529
f  774/991/1529 768/994/1528 772/985/1530
f  771/988/1531 769/993/1524 773/987/1523
f  772/985/1530 768/994/1528 770/986/1532
f  768/995/1533 760/996/1534 769/997/1535
f  760/996/1534 762/998/1536 769/997/1535
# object HandL
g HandL
v -0.00555 -0.04181 -0.00217
v -0.00555 -0.04106 -0.00988
v -0.00478 -0.04293 -0.00966
v -0.00478 -0.04421 -0.00250
v -0.00107 -0.04293 -0.00967
v -0.00019 -0.04106 -0.00988
v -0.00019 -0.04181 -0.00217
v -0.00107 -0.04421 -0.00250
v -0.00487 -0.03356 -0.00855
v -0.00555 -0.03693 -0.00950
v -0.00555 -0.03693 -0.00217
v -0.00487 -0.03356 -0.00305
v -0.00086 -0.03693 -0.00217
v -0.00086 -0.03693 -0.00951
v -0.00147 -0.03356 -0.00855
v -0.00147 -0.03356 -0.00305
# 16 verticies
vt 0.65824 0.23715
vt 0.66224 0.18315
vt 0.65124 0.18415
vt 0.64324 0.23515
vt 0.71824 0.18415
vt 0.72924 0.18315
vt 0.72524 0.23715
vt 0.71024 0.23515
vt 0.70724 0.19215
vt 0.68724 0.18515
vt 0.68724 0.23715
vt 0.70724 0.23115
vt 0.75424 0.23715
vt 0.75424 0.18515
vt 0.77424 0.19215
vt 0.77424 0.23115
vt 0.64324 0.26715
vt 0.65824 0.27315
vt 0.64324 0.24215
vt 0.68724 0.26915
vt 0.70824 0.24215
vt 0.70824 0.26515
vt 0.65024 0.17615
vt 0.66224 0.14615
vt 0.66224 0.18215
vt 0.65024 0.15115
vt 0.70724 0.15115
vt 0.68724 0.17715
vt 0.68724 0.14615
vt 0.70724 0.17315
vt 0.64224 0.18415
vt 0.61424 0.18415
vt 0.64224 0.23415
vt 0.61424 0.23415
# 34 texture verticies
vn -0.98741 -0.15630 -0.02430
vn -0.98060 -0.19513 -0.01874
vn -0.93008 -0.36502 -0.04139
vn -0.95226 -0.30060 -0.05336
vn 0.91170 -0.40818 -0.04688
vn 0.99016 -0.13926 -0.01381
vn 0.99448 -0.10186 -0.02538
vn 0.93892 -0.33876 -0.06054
vn -0.98021 0.19795 0.00024
vn -0.99680 0.07997 0.00027
vn -0.99405 0.10891 0.00024
vn -0.98024 0.19784 0.00018
vn 0.98731 0.15884 -0.00030
vn 0.98686 0.16150 0.00543
vn 0.98426 0.17675 -0.00030
vn 0.98428 0.17664 -0.00036
vn 0.00014 -0.06133 0.99812
vn 0.00013 -0.13518 0.99082
vn 0.00019 -0.06587 0.99783
vn 0.00000 -0.13541 0.99079
vn 0.00022 0.11684 0.99315
vn 0.00024 0.25150 0.96786
vn 0.00021 0.12557 0.99209
vn 0.00028 0.25155 0.96785
vn -0.00034 -0.11316 -0.99358
vn -0.00036 0.00169 -1.00000
vn -0.00037 -0.00700 -0.99998
vn -0.00027 -0.11298 -0.99360
vn -0.00036 0.27267 -0.96211
vn -0.00038 0.17516 -0.98454
vn -0.00042 0.18151 -0.98339
vn -0.00028 0.27275 -0.96208
vn -0.00005 -0.98453 -0.17520
vn -0.00003 -0.98453 -0.17519
vn -0.00002 -0.98454 -0.17518
vn 0.00000 -0.98454 -0.17517
# 36 normals
f  776/999/1537 777/1000/1538 778/1001/1539
f  776/999/1537 778/1001/1539 779/1002/1540
f  780/1003/1541 781/1004/1542 782/1005/1543
f  783/1006/1544 780/1003/1541 782/1005/1543
f  784/1007/1545 785/1008/1546 786/1009/1547
f  787/1010/1548 784/1007/1545 786/1009/1547
f  788/1011/1549 789/1012/1550 790/1013/1551
f  788/1011/1549 790/1013/1551 791/1014/1552
f  782/1005/1543 781/1004/1542 789/1012/1550
f  782/1005/1543 789/1012/1550 788/1011/1549
f  785/1008/1546 777/1000/1538 776/999/1537
f  786/1009/1547 785/1008/1546 776/999/1537
f  776/999/1553 783/1015/1554 782/1016/1555
f  779/1017/1556 783/1015/1554 776/999/1553
f  788/1018/1557 787/1019/1558 786/1009/1559
f  788/1018/1557 791/1020/1560 787/1019/1558
f  788/1018/1557 776/999/1553 782/1016/1555
f  786/1009/1559 776/999/1553 788/1018/1557
f  780/1021/1561 777/1022/1562 781/1023/1563
f  778/1024/1564 777/1022/1562 780/1021/1561
f  784/1025/1565 789/1026/1566 785/1027/1567
f  790/1028/1568 789/1026/1566 784/1025/1565
f  789/1026/1566 777/1022/1562 785/1027/1567
f  781/1023/1563 777/1022/1562 789/1026/1566
f  778/1029/1569 780/1030/1570 779/1031/1571
f  779/1031/1571 780/1030/1570 783/1032/1572
# object GunpodTail
g GunpodTail
v 0.00267 -0.02987 -0.01301
v 0.00000 -0.02237 -0.01131
v 0.00000 -0.02987 -0.01131
v 0.00267 -0.02237 -0.01301
v 0.00267 -0.02987 -0.01601
v 0.00267 -0.02237 -0.01601
v -0.00000 -0.02987 -0.01771
v -0.00000 -0.02237 -0.01771
v -0.00267 -0.02987 -0.01600
v -0.00267 -0.02237 -0.01600
v -0.00267 -0.02987 -0.01300
v -0.00267 -0.02237 -0.01300
v -0.00020 -0.03487 -0.01361
v -0.00020 -0.02987 -0.01131
v -0.00020 -0.02987 -0.01771
v -0.00020 -0.03487 -0.01541
v 0.00020 -0.02987 -0.01771
v 0.00020 -0.03487 -0.01361
v 0.00020 -0.03487 -0.01541
v 0.00020 -0.02987 -0.01131
v -0.00020 -0.03637 -0.02021
v -0.00020 -0.03287 -0.02021
v 0.00020 -0.03287 -0.02021
v 0.00020 -0.03637 -0.02021
v -0.00020 -0.03637 -0.01771
v 0.00020 -0.03637 -0.01771
v -0.00020 -0.03287 -0.00831
v 0.00020 -0.03287 -0.00831
v -0.00020 -0.03637 -0.00831
v 0.00020 -0.03637 -0.00831
v 0.00079 -0.03487 -0.01404
v 0.00000 -0.03487 -0.01358
v -0.00079 -0.03487 -0.01404
v -0.00079 -0.03487 -0.01497
v 0.00000 -0.03487 -0.01543
v 0.00079 -0.03487 -0.01497
v -0.00020 -0.03637 -0.01131
v 0.00020 -0.03637 -0.01131
# 38 verticies
vt 0.31024 0.88115
vt 0.26624 0.87015
vt 0.31024 0.87015
vt 0.26624 0.88115
vt 0.31024 0.90215
vt 0.26624 0.90215
vt 0.31024 0.91215
vt 0.26624 0.91215
vt 0.34024 0.88515
vt 0.34024 0.89715
vt 0.34924 0.93015
vt 0.32824 0.93015
vt 0.34924 0.91215
vt 0.32824 0.84915
vt 0.34924 0.84915
vt 0.34024 0.88815
vt 0.34024 0.89415
vt 0.34924 0.87015
# 18 texture verticies
vn 0.84113 -0.18680 0.50754
vn 0.08524 -0.00002 0.99636
vn -0.04404 -0.20521 0.97773
vn 0.90879 0.00006 0.41726
vn 0.88383 -0.19290 -0.42618
vn 0.83879 0.00008 -0.54445
vn 0.04420 -0.20523 -0.97771
vn -0.08531 -0.00003 -0.99635
vn -0.84776 -0.19269 -0.49414
vn -0.90883 -0.00006 -0.41716
vn -0.87911 -0.18731 0.43827
vn -0.83872 -0.00003 0.54457
vn -1.00000 -0.00004 0.00027
vn -1.00000 0.00004 0.00034
vn -1.00000 -0.00006 0.00020
vn -1.00000 -0.00018 0.00009
vn 1.00000 0.00006 -0.00020
vn 1.00000 0.00004 -0.00027
vn 1.00000 0.00018 -0.00009
vn 1.00000 -0.00004 -0.00034
vn 0.00000 0.00000 -1.00000
vn -0.00090 0.35590 -0.93452
vn -0.00081 0.32327 -0.94631
vn 0.00218 -1.00000 0.00034
vn 0.00018 -0.95901 0.28337
vn 0.00252 -1.00000 0.00040
vn 0.00000 -0.95859 0.28480
vn 0.00000 0.70699 0.70722
vn 0.00000 0.39878 0.91705
vn 0.00000 0.36325 0.93169
vn 0.00000 0.00000 1.00000
vn 0.79655 -0.40147 0.45203
vn 0.00069 -0.41445 0.91007
vn -0.79626 -0.40159 0.45243
vn -0.74255 -0.40056 -0.53681
vn 0.00026 -0.41460 -0.91000
vn 0.74256 -0.40046 -0.53688
vn -1.00000 -0.00011 0.00022
vn -1.00000 -0.00011 0.00025
vn -1.00000 -0.00000 0.00040
vn 1.00000 0.00011 -0.00022
vn 1.00000 0.00011 -0.00025
vn 1.00000 0.00000 -0.00040
vn -1.00000 0.00000 0.00036
vn -1.00000 -0.00000 0.00033
vn -1.00000 -0.00003 0.00037
vn 1.00000 -0.00000 -0.00036
vn 1.00000 0.00003 -0.00037
vn 1.00000 0.00000 -0.00033
vn -0.00161 0.64018 -0.76822
vn 0.00000 -0.83778 0.54601
vn -0.00029 -1.00000 -0.00029
vn 0.00000 -1.00000 -0.00033
vn -0.00226 -0.95814 -0.28630
vn -0.00242 -0.95854 -0.28494
vn -0.00211 -0.83761 -0.54627
vn 0.00063 -1.00000 0.00000
vn 0.00000 -1.00000 0.00000
vn 0.00126 -1.00000 0.00000
vn 0.00000 1.00000 0.00000
# 60 normals
f  792/1033/1573 793/1034/1574 794/1035/1575
f  795/1036/1576 793/1034/1574 792/1033/1573
f  796/1037/1577 795/1036/1576 792/1033/1573
f  797/1038/1578 795/1036/1576 796/1037/1577
f  798/1039/1579 797/1038/1578 796/1037/1577
f  799/1040/1580 797/1038/1578 798/1039/1579
f  798/1039/1579 800/1037/1581 799/1040/1580
f  800/1037/1581 801/1038/1582 799/1040/1580
f  800/1037/1581 802/1033/1583 801/1038/1582
f  802/1033/1583 803/1036/1584 801/1038/1582
f  802/1033/1583 794/1035/1575 803/1036/1584
f  794/1035/1575 793/1034/1574 803/1036/1584
f  804/1041/1585 805/1035/1586 806/1039/1587
f  807/1042/1588 804/1041/1585 806/1039/1587
f  808/1039/1589 809/1041/1590 810/1042/1591
f  808/1039/1589 811/1035/1592 809/1041/1590
f  812/1043/1593 813/1044/1594 814/1044/1595
f  812/1043/1593 814/1044/1595 815/1043/1593
f  815/1043/1596 816/1045/1597 812/1043/1598
f  817/1045/1599 816/1045/1597 815/1043/1596
f  805/1035/1600 818/1046/1601 811/1035/1600
f  811/1035/1600 818/1046/1601 819/1046/1602
f  819/1046/1602 818/1046/1601 820/1047/1603
f  821/1047/1603 819/1046/1602 820/1047/1603
f  792/1033/1573 794/1035/1575 822/1048/1604
f  822/1048/1604 794/1035/1575 823/1041/1605
f  823/1041/1605 794/1035/1575 824/1048/1606
f  824/1048/1606 794/1035/1575 802/1033/1583
f  824/1048/1606 802/1033/1583 800/1037/1581
f  825/1049/1607 824/1048/1606 800/1037/1581
f  798/1039/1579 825/1049/1607 800/1037/1581
f  826/1042/1608 825/1049/1607 798/1039/1579
f  798/1039/1579 827/1049/1609 826/1042/1608
f  796/1037/1577 827/1049/1609 798/1039/1579
f  796/1037/1577 822/1048/1604 827/1049/1609
f  796/1037/1577 792/1033/1573 822/1048/1604
f  813/1044/1610 807/1042/1588 806/1039/1587
f  816/1045/1611 807/1042/1588 813/1044/1610
f  812/1043/1612 816/1045/1611 813/1044/1610
f  808/1039/1589 810/1042/1591 814/1044/1613
f  814/1044/1613 817/1045/1614 815/1043/1615
f  814/1044/1613 810/1042/1591 817/1045/1614
f  804/1041/1585 818/1046/1616 805/1035/1586
f  820/1047/1617 818/1046/1616 828/1050/1618
f  828/1050/1618 818/1046/1616 804/1041/1585
f  811/1035/1592 819/1046/1619 809/1041/1590
f  809/1041/1590 819/1046/1619 829/1050/1620
f  829/1050/1620 819/1046/1619 821/1047/1621
f  813/1044/1594 806/1039/1622 808/1039/1622
f  813/1044/1594 808/1039/1622 814/1044/1595
f  817/1045/1599 810/1042/1623 816/1045/1597
f  810/1042/1623 807/1042/1623 816/1045/1597
f  821/1047/1624 820/1047/1625 828/1050/1626
f  829/1050/1627 821/1047/1624 828/1050/1626
f  829/1050/1627 828/1050/1626 809/1041/1628
f  809/1041/1628 828/1050/1626 804/1041/1628
f  826/1042/1629 824/1048/1630 825/1049/1630
f  826/1042/1629 823/1041/1629 824/1048/1630
f  822/1048/1631 823/1041/1629 826/1042/1629
f  827/1049/1631 822/1048/1631 826/1042/1629
f  803/1036/1632 793/1034/1632 795/1036/1632
f  801/1038/1632 803/1036/1632 795/1036/1632
f  799/1040/1632 801/1038/1632 797/1038/1632
f  801/1038/1632 795/1036/1632 797/1038/1632
# object Shoulders
g Shoulders
v 0.00579 -0.00080 0.00346
v 0.00579 -0.00080 -0.00084
v 0.01697 -0.00080 -0.00084
v 0.01692 -0.00080 0.00355
v -0.00604 -0.00080 0.00345
v -0.01717 -0.00080 0.00354
v -0.01722 -0.00080 -0.00085
v -0.00604 -0.00080 -0.00084
# 8 verticies
vt 0.42524 0.39915
vt 0.42524 0.41215
vt 0.49124 0.41215
vt 0.49124 0.39915
# 4 texture verticies
vn 0.00000 -1.00000 0.00000
# 1 normals
f  830/1051/1633 831/1052/1633 832/1053/1633 833/1054/1633
f  834/1051/1633 835/1054/1633 836/1053/1633 837/1052/1633
# object KneeL
g KneeL
v -0.01328 -0.01473 -0.00883
v -0.00936 -0.00337 -0.01002
v -0.01040 -0.01473 -0.00883
v -0.01432 -0.00337 -0.01002
v -0.00803 -0.01148 -0.00216
v -0.01565 -0.01148 -0.00216
# 6 verticies
vt 0.51924 0.05115
vt 0.58824 0.01415
vt 0.51924 0.00715
vt 0.58824 0.04515
vt 0.56524 0.09315
vt 0.55424 0.06215
vt 0.51024 0.09315
vt 0.52024 0.06215
vt 0.50324 0.09315
vt 0.51724 0.06215
vt 0.44824 0.06615
# 11 texture verticies
vn -0.00037 -0.10404 -0.99457
vn -0.00028 -0.10407 -0.99457
vn -0.00043 -0.10402 -0.99458
vn -0.00025 -0.10408 -0.99457
vn 0.00019 0.69610 0.71795
vn 0.00014 0.69612 0.71793
vn 0.00016 0.69611 0.71794
vn 0.00011 0.69613 0.71792
vn -0.95233 -0.11720 -0.28166
vn 0.95220 -0.11715 -0.28211
# 10 normals
f  838/1055/1634 839/1056/1635 840/1057/1636
f  841/1058/1637 839/1056/1635 838/1055/1634
f  842/1059/1638 839/1060/1639 843/1061/1640
f  843/1061/1640 839/1060/1639 841/1062/1641
f  843/1063/1642 841/1064/1642 838/1065/1642
f  840/1065/1643 839/1064/1643 842/1063/1643
# object TalonL
g TalonL
v -0.01439 -0.05318 0.00140
v -0.01562 -0.06624 -0.00501
v -0.01439 -0.06900 0.00032
v -0.01572 -0.05435 -0.00501
v -0.00947 -0.06900 0.00033
v -0.00833 -0.06624 -0.00501
v -0.00947 -0.05318 0.00141
v -0.00824 -0.05435 -0.00501
v -0.01183 -0.06504 -0.00501
v -0.01184 -0.06900 0.00032
v -0.01183 -0.05435 -0.00501
# 11 verticies
vt 0.15024 0.22215
vt 0.07424 0.17715
vt 0.05824 0.21415
vt 0.14324 0.17715
vt 0.03024 0.17715
vt 0.05624 0.17715
vt 0.04624 0.21415
vt 0.01224 0.21415
vt 0.03024 0.21415
vt 0.00224 0.17715
vt 0.07324 0.06815
vt 0.00424 0.06915
vt 0.01124 0.09215
vt 0.00424 0.11715
vt 0.07324 0.11815
vt 0.07324 0.09215
# 16 texture verticies
vn -0.61272 -0.05130 0.78863
vn -0.97681 -0.01267 0.21373
vn -0.59919 -0.05460 0.79875
vn -0.97889 -0.00782 0.20425
vn 0.53086 -0.05785 0.84548
vn 0.97998 -0.01205 0.19873
vn 0.68727 -0.04714 0.72487
vn 0.98163 -0.00792 0.19063
vn -0.00788 -0.84469 -0.53521
vn -0.28296 -0.82572 -0.48797
vn -0.10219 -0.81972 -0.56358
vn 0.09953 -0.82093 -0.56228
vn 0.00024 -0.80274 -0.59633
vn 0.26328 -0.83047 -0.49092
vn 0.00028 -0.00000 -1.00000
vn 0.00028 -0.00000 -1.00000
vn 0.00028 -0.00000 -1.00000
vn 0.00026 0.00000 -1.00000
vn 0.00026 0.00000 -1.00000
vn 0.00026 0.00000 -1.00000
vn 0.00028 0.00000 -1.00000
vn 0.00026 0.00000 -1.00000
# 22 normals
f  844/1066/1644 845/1067/1645 846/1068/1646
f  847/1069/1647 845/1067/1645 844/1066/1644
f  848/1068/1648 849/1067/1649 850/1066/1650
f  844/1066/1644 848/1068/1648 850/1066/1650
f  846/1068/1646 848/1068/1648 844/1066/1644
f  850/1066/1650 849/1067/1649 851/1069/1651
usemtl BodyGlow
f  852/1070/1652 849/1071/1653 848/1072/1654
f  846/1073/1655 852/1070/1652 853/1074/1656
f  853/1074/1656 852/1070/1652 848/1072/1654
f  846/1073/1655 845/1075/1657 852/1070/1652
f  851/1076/1658 849/1077/1659 852/1078/1660
f  852/1078/1661 845/1079/1662 847/1080/1663
f  851/1076/1658 852/1078/1660 854/1081/1664
f  854/1081/1665 852/1078/1661 847/1080/1663
# object KneeR
g KneeR
v 0.01044 -0.01472 -0.00882
v 0.00939 -0.00336 -0.01001
v 0.01331 -0.01472 -0.00882
v 0.01436 -0.00336 -0.01001
v 0.01569 -0.01147 -0.00215
v 0.00807 -0.01147 -0.00214
# 6 verticies
vt 0.51924 0.00715
vt 0.58824 0.01415
vt 0.51924 0.05115
vt 0.58824 0.04515
vt 0.51024 0.09315
vt 0.55424 0.06215
vt 0.56524 0.09315
vt 0.52024 0.06215
vt 0.44824 0.06615
vt 0.51724 0.06215
vt 0.50324 0.09315
# 11 texture verticies
vn -0.00034 -0.10409 -0.99457
vn -0.00038 -0.10410 -0.99457
vn -0.00035 -0.10409 -0.99457
vn -0.00039 -0.10411 -0.99457
vn 0.00028 0.69613 0.71791
vn 0.00032 0.69615 0.71790
vn 0.00024 0.69612 0.71793
vn 0.00037 0.69617 0.71788
vn 0.95220 -0.11718 -0.28210
vn -0.95237 -0.11711 -0.28158
# 10 normals
usemtl Body
f  855/1082/1666 856/1083/1667 857/1084/1668
f  857/1084/1668 856/1083/1667 858/1085/1669
f  859/1086/1670 856/1087/1671 860/1088/1672
f  858/1089/1673 856/1087/1671 859/1086/1670
f  857/1090/1674 858/1091/1674 859/1092/1674
f  860/1092/1675 856/1091/1675 855/1090/1675
# object TalonR
g TalonR
v 0.01183 -0.06504 -0.00501
v 0.00833 -0.06624 -0.00501
v 0.00824 -0.05435 -0.00501
v 0.01572 -0.05435 -0.00501
v 0.01562 -0.06624 -0.00501
v 0.01183 -0.05435 -0.00501
v 0.01439 -0.06900 0.00032
v 0.01439 -0.05318 0.00140
v 0.00947 -0.05318 0.00141
v 0.00947 -0.06900 0.00033
v 0.01184 -0.06900 0.00032
# 11 verticies
vt 0.01124 0.09215
vt 0.00424 0.06915
vt 0.07324 0.06815
vt 0.07324 0.11815
vt 0.00424 0.11715
vt 0.07324 0.09215
vt 0.05824 0.21415
vt 0.07424 0.17715
vt 0.15024 0.22215
vt 0.14324 0.17715
vt 0.04624 0.21415
vt 0.05624 0.17715
vt 0.03024 0.17715
vt 0.03024 0.21415
vt 0.01224 0.21415
vt 0.00224 0.17715
# 16 texture verticies
vn -0.00028 -0.00000 -1.00000
vn -0.00028 -0.00000 -1.00000
vn -0.00028 -0.00000 -1.00000
vn -0.00026 0.00000 -1.00000
vn -0.00026 0.00000 -1.00000
vn -0.00026 0.00000 -1.00000
vn -0.00028 0.00000 -1.00000
vn -0.00026 0.00000 -1.00000
vn 0.59919 -0.05460 0.79875
vn 0.97681 -0.01267 0.21373
vn 0.61272 -0.05130 0.78863
vn 0.97889 -0.00782 0.20425
vn -0.68727 -0.04714 0.72487
vn -0.97998 -0.01205 0.19873
vn -0.53086 -0.05785 0.84548
vn -0.98163 -0.00792 0.19063
vn 0.10219 -0.81972 -0.56358
vn 0.28296 -0.82572 -0.48797
vn 0.00788 -0.84469 -0.53521
vn -0.00024 -0.80274 -0.59633
vn -0.09953 -0.82093 -0.56228
vn -0.26328 -0.83047 -0.49092
# 22 normals
usemtl BodyGlow
f  861/1093/1676 862/1094/1677 863/1095/1678
f  864/1096/1679 865/1097/1680 861/1093/1681
f  866/1098/1682 861/1093/1676 863/1095/1678
f  864/1096/1679 861/1093/1681 866/1098/1683
usemtl Body
f  867/1099/1684 865/1100/1685 868/1101/1686
f  868/1101/1686 865/1100/1685 864/1102/1687
f  869/1101/1688 862/1100/1689 870/1099/1690
f  869/1101/1688 870/1099/1690 868/1101/1686
f  868/1101/1686 870/1099/1690 867/1099/1684
f  863/1102/1691 862/1100/1689 869/1101/1688
usemtl BodyGlow
f  870/1103/1692 862/1104/1693 861/1105/1694
f  871/1106/1695 861/1105/1694 867/1107/1696
f  870/1103/1692 861/1105/1694 871/1106/1695
f  861/1105/1694 865/1108/1697 867/1107/1696
# object LaserA
g LaserA
v 0.00002 0.01226 -0.00568
v 0.00002 0.01602 -0.00612
v 0.00098 0.01606 -0.00516
v 0.00070 0.01229 -0.00501
v -0.00066 0.01229 -0.00501
v -0.00094 0.01606 -0.00516
v 0.00002 0.01232 -0.00433
v 0.00002 0.01610 -0.00420
v 0.00070 0.02918 -0.00570
v 0.00003 0.02915 -0.00637
v -0.00064 0.02918 -0.00570
v 0.00003 0.02920 -0.00503
# 12 verticies
vt 0.54202 0.65312
vt 0.54185 0.67747
vt 0.55006 0.67747
vt 0.55006 0.65312
vt 0.55811 0.65312
vt 0.55828 0.67747
vt 0.55006 0.76208
vt 0.54208 0.76208
vt 0.55805 0.76208
# 9 texture verticies
vn 0.12955 -0.11467 -0.98492
vn -0.06259 -0.06878 -0.99567
vn 0.99764 -0.03070 -0.06140
vn 0.98884 -0.06872 0.13222
vn -0.98884 -0.07923 -0.12617
vn -0.99766 -0.02488 0.06375
vn -0.12895 -0.03323 0.99109
vn 0.06259 0.01317 0.99795
vn 0.00000 0.99915 -0.04111
vn -0.04722 0.06298 0.99690
vn -0.99863 0.02056 -0.04815
vn 0.99866 0.02322 0.04631
vn 0.04727 -0.01919 -0.99870
vn -0.00000 -0.99915 0.04111
# 14 normals
usemtl Body
f  872/1109/1698 873/1110/1699 874/1111/1700
f  875/1112/1701 872/1109/1698 874/1111/1700
f  876/1112/1702 877/1111/1703 873/1110/1699
f  872/1109/1698 876/1112/1702 873/1110/1699
f  878/1113/1704 879/1114/1705 877/1111/1703
f  876/1112/1702 878/1113/1704 877/1111/1703
f  875/1112/1701 874/1111/1700 879/1114/1705
f  878/1113/1704 875/1112/1701 879/1114/1705
f  880/1115/1706 881/1116/1706 882/1115/1706
f  883/1117/1706 880/1115/1706 882/1115/1706
f  883/1117/1707 882/1115/1708 877/1111/1703
f  879/1114/1705 883/1117/1707 877/1111/1703
f  880/1115/1709 883/1117/1707 879/1114/1705
f  874/1111/1700 880/1115/1709 879/1114/1705
f  881/1116/1710 880/1115/1709 874/1111/1700
f  873/1110/1699 881/1116/1710 874/1111/1700
f  882/1115/1708 881/1116/1710 873/1110/1699
f  877/1111/1703 882/1115/1708 873/1110/1699
f  878/1113/1711 876/1112/1711 872/1109/1711
f  875/1112/1711 878/1113/1711 872/1109/1711
# object Abdomen
g Abdomen
v 0.00141 0.00467 0.00784
v 0.00077 0.00042 0.00605
v 0.00255 0.00086 0.00474
v 0.00303 0.00581 0.00615
v -0.00078 0.00042 0.00605
v -0.00142 0.00467 0.00784
v -0.00336 0.00136 0.00327
v -0.00256 0.00086 0.00474
v -0.00304 0.00581 0.00615
v 0.00419 0.00850 0.00253
v 0.00306 0.00842 0.00668
v -0.00421 0.00850 0.00253
v -0.00307 0.00842 0.00668
v -0.00307 0.01198 0.00720
v -0.00149 0.00813 0.00867
v -0.00112 0.01352 0.00942
v -0.00001 0.02108 0.00896
v -0.00274 0.02144 0.00789
v 0.00111 0.01353 0.00942
v 0.00306 0.01198 0.00720
v 0.00148 0.00813 0.00867
v 0.00272 0.02144 0.00789
v 0.00335 0.00136 0.00327
v -0.00343 0.02183 0.00675
v 0.00341 0.02183 0.00675
# 25 verticies
vt 0.86990 0.82753
vt 0.83156 0.83233
vt 0.83156 0.81752
vt 0.87408 0.81459
vt 0.83156 0.84527
vt 0.86990 0.85008
vt 0.83156 0.86674
vt 0.83156 0.86007
vt 0.87408 0.86301
vt 0.88425 0.80384
vt 0.89476 0.81437
vt 0.88424 0.87380
vt 0.89475 0.86323
vt 0.92237 0.86320
vt 0.89758 0.85060
vt 0.93941 0.84767
vt 0.99724 0.83882
vt 0.99724 0.86156
vt 0.93941 0.82995
vt 0.92237 0.81442
vt 0.89758 0.82701
vt 0.99724 0.81607
vt 0.83156 0.81087
vt 0.99724 0.86732
vt 0.99724 0.81033
# 25 texture verticies
vn 0.38736 -0.29981 0.87182
vn 0.32370 -0.40620 0.85453
vn 0.77329 -0.28557 0.56610
vn 0.87611 -0.14628 0.45939
vn -0.26184 -0.40594 0.87559
vn -0.44297 -0.29766 0.84568
vn -0.92400 -0.15976 0.34743
vn -0.77301 -0.28586 0.56634
vn -0.87591 -0.14649 0.45970
vn 0.96554 -0.05515 0.25435
vn 0.89166 -0.08176 0.44526
vn -0.96537 -0.05546 0.25491
vn -0.89141 -0.08199 0.44573
vn -0.85620 -0.04015 0.51509
vn -0.45836 -0.16329 0.87364
vn -0.34734 -0.03588 0.93705
vn 0.00018 0.10800 0.99415
vn -0.66281 0.03965 0.74774
vn 0.38136 -0.02499 0.92409
vn 0.85643 -0.03991 0.51472
vn 0.46936 -0.15495 0.86930
vn 0.66311 0.03983 0.74746
vn 0.92414 -0.15949 0.34716
vn -0.89331 -0.01230 0.44928
vn 0.89357 -0.01201 0.44877
# 25 normals
f  884/1118/1712 885/1119/1713 886/1120/1714 887/1121/1715
f  888/1122/1716 885/1119/1713 884/1118/1712 889/1123/1717
f  890/1124/1718 891/1125/1719 892/1126/1720
f  889/1123/1717 892/1126/1720 891/1125/1719 888/1122/1716
f  893/1127/1721 894/1128/1722 887/1121/1715
f  895/1129/1723 896/1130/1724 897/1131/1725
f  897/1131/1725 896/1130/1724 898/1132/1726 899/1133/1727
f  900/1134/1728 901/1135/1729 899/1133/1727
f  899/1133/1727 901/1135/1729 897/1131/1725
f  902/1136/1730 900/1134/1728 899/1133/1727
f  903/1137/1731 894/1128/1722 893/1127/1721
f  903/1137/1731 902/1136/1730 904/1138/1732 894/1128/1722
f  902/1136/1730 905/1139/1733 900/1134/1728
f  903/1137/1731 905/1139/1733 902/1136/1730
f  898/1132/1726 904/1138/1732 902/1136/1730 899/1133/1727
f  892/1126/1720 889/1123/1717 898/1132/1726 896/1130/1724
f  884/1118/1712 904/1138/1732 898/1132/1726 889/1123/1717
f  904/1138/1732 884/1118/1712 887/1121/1715 894/1128/1722
f  892/1126/1720 896/1130/1724 895/1129/1723
f  892/1126/1720 895/1129/1723 890/1124/1718
f  893/1127/1721 887/1121/1715 906/1140/1734
f  887/1121/1715 886/1120/1714 906/1140/1734
f  897/1131/1725 901/1135/1729 907/1141/1735
f  897/1131/1725 907/1141/1735 895/1129/1723
f  908/1142/1736 905/1139/1733 903/1137/1731
f  908/1142/1736 903/1137/1731 893/1127/1721
# object BackPlate
g BackPlate
v 0.00537 -0.01219 0.00301
v -0.00778 -0.02372 0.00298
v 0.00781 -0.02372 0.00298
v -0.00534 -0.01219 0.00301
v -0.00745 -0.02372 0.00219
v 0.00748 -0.02372 0.00220
# 6 verticies
vt 0.31824 0.30115
vt 0.23624 0.38115
vt 0.33524 0.38115
vt 0.25324 0.30115
vt 0.23824 0.37415
vt 0.33324 0.37415
# 6 texture verticies
vn 0.00001 -0.00253 1.00000
vn 0.00003 -0.00255 1.00000
vn -0.00019 -0.00230 1.00000
vn 0.00028 -0.00284 1.00000
vn -0.90449 0.19233 -0.38066
vn -0.90449 0.19233 -0.38066
vn 0.90381 0.19238 -0.38225
vn 0.00005 0.07051 -0.99751
vn -0.00027 0.07086 -0.99749
vn 0.00007 0.07048 -0.99751
vn 0.00033 0.07019 -0.99753
# 11 normals
f  909/1143/1737 910/1144/1738 911/1145/1739
f  909/1143/1737 912/1146/1740 910/1144/1738
f  910/1144/1741 912/1146/1742 913/1147/1741
f  909/1143/1743 911/1145/1743 914/1148/1743
f  913/1147/1744 912/1146/1745 909/1143/1746
f  913/1147/1744 909/1143/1746 914/1148/1747
# object WingTailL
g WingTailL
v 0.00930 -0.04864 0.00992
v 0.00658 -0.04260 0.00310
v 0.01305 -0.05051 0.01873
v 0.01290 -0.05325 0.01879
v 0.01275 -0.05051 0.01885
v 0.01290 -0.04578 0.01879
v 0.01257 -0.04721 0.01893
v 0.01361 -0.04815 0.02054
v 0.01339 -0.04933 0.02083
v 0.00654 -0.02492 0.00311
v 0.00589 -0.02825 0.00338
v 0.01290 -0.05325 0.01879
v 0.01347 -0.05391 0.02019
v 0.01397 -0.04933 0.02059
v 0.01323 -0.04719 0.01866
v 0.00719 -0.02824 0.00285
v 0.00654 -0.04261 0.00311
v 0.01305 -0.05051 0.01873
v 0.01275 -0.05051 0.01885
# 19 verticies
vt 0.78624 0.06215
vt 0.83624 0.00515
vt 0.77124 0.13615
vt 0.74824 0.13615
vt 0.81024 0.13615
vt 0.79824 0.13615
vt 0.79024 0.15215
vt 0.78024 0.15215
vt 0.98324 0.00515
vt 0.95624 0.00515
vt 0.74024 0.15215
# 11 texture verticies
vn 0.91592 -0.04363 -0.39899
vn 0.91683 -0.03567 -0.39769
vn 0.91464 -0.05401 -0.40065
vn 0.91405 -0.05854 -0.40135
vn 0.37602 -0.00109 0.92661
vn -0.93512 -0.05052 0.35071
vn -0.93456 -0.03207 0.35435
vn -0.93526 -0.05856 0.34909
vn -0.93391 -0.01792 0.35706
vn -0.75655 0.23025 0.61206
vn -0.87088 0.08694 0.48375
vn -0.73024 0.26957 0.62776
vn -0.89310 0.05354 0.44665
vn -0.78651 0.19941 0.58449
vn -0.87233 0.08590 0.48130
vn -0.93653 -0.06300 0.34487
vn -0.93505 -0.06507 0.34850
vn 0.95201 0.05377 -0.30132
vn 0.91201 -0.06291 -0.40533
vn 0.96198 0.08812 -0.25851
vn 0.91350 -0.06502 -0.40161
vn 0.96092 0.27133 -0.05493
vn 0.96880 0.23284 -0.08490
vn 0.96109 0.08605 -0.26248
vn 0.97140 0.19968 -0.12851
vn -0.93788 -0.05013 0.34331
vn 0.91194 -0.05003 -0.40726
vn 0.91062 -0.05828 -0.40912
vn 0.37070 0.15287 0.91608
vn 0.37591 0.01343 0.92656
vn 0.37590 0.01371 0.92656
vn 0.37394 -0.12171 0.91943
vn -0.15640 -0.90618 -0.39292
vn -0.93825 -0.05890 0.34090
# 34 normals
f  915/1149/1748 916/1150/1749 917/1151/1750
f  918/1152/1751 915/1149/1748 917/1151/1750
f  919/1151/1752 918/1152/1752 917/1151/1752
f  919/1151/1753 915/1149/1754 918/1152/1755
f  919/1151/1753 916/1150/1756 915/1149/1754
f  920/1153/1757 921/1154/1758 922/1155/1759
f  922/1155/1759 921/1154/1758 923/1156/1760
f  924/1157/1761 925/1158/1762 920/1153/1757
f  920/1153/1757 925/1158/1762 921/1154/1758
f  921/1154/1758 926/1152/1763 923/1156/1760
f  923/1156/1760 926/1152/1763 927/1159/1764
f  928/1156/1765 926/1152/1766 929/1154/1767
f  927/1159/1768 926/1152/1766 928/1156/1765
f  928/1156/1765 929/1154/1767 922/1155/1769
f  922/1155/1769 929/1154/1767 920/1153/1770
f  929/1154/1767 930/1158/1771 920/1153/1770
f  920/1153/1770 930/1158/1771 924/1157/1772
f  925/1158/1762 931/1150/1773 921/1154/1758
f  929/1154/1767 931/1150/1774 930/1158/1771
f  932/1151/1775 931/1150/1774 929/1154/1767
f  922/1155/1776 923/1156/1777 928/1156/1778
f  928/1156/1778 923/1156/1777 927/1159/1779
f  933/1151/1780 931/1150/1780 932/1151/1780
f  921/1154/1758 931/1150/1773 933/1151/1781
# object WingTailR
g WingTailR
v -0.00929 -0.04864 0.00993
v -0.00650 -0.04260 0.00313
v -0.01272 -0.05051 0.01886
v -0.01287 -0.05325 0.01880
v -0.01302 -0.05051 0.01874
v -0.01287 -0.04578 0.01880
v -0.01320 -0.04721 0.01867
v -0.01358 -0.04815 0.02055
v -0.01394 -0.04933 0.02060
v -0.00654 -0.02492 0.00311
v -0.00719 -0.02825 0.00285
v -0.01287 -0.05325 0.01880
v -0.01344 -0.05391 0.02020
v -0.01335 -0.04933 0.02084
v -0.01254 -0.04719 0.01894
v -0.00589 -0.02824 0.00338
v -0.00654 -0.04261 0.00311
v -0.01272 -0.05051 0.01886
v -0.01302 -0.05051 0.01874
# 19 verticies
vt 0.78624 0.06215
vt 0.83624 0.00515
vt 0.77124 0.13615
vt 0.74824 0.13615
vt 0.81024 0.13615
vt 0.79824 0.13615
vt 0.79024 0.15215
vt 0.78024 0.15215
vt 0.98324 0.00515
vt 0.95624 0.00515
vt 0.74024 0.15215
# 11 texture verticies
vn 0.93560 -0.04363 0.35034
vn 0.93535 -0.03567 0.35191
vn 0.93584 -0.05401 0.34827
vn 0.93591 -0.05854 0.34735
vn -0.37428 -0.00109 0.92731
vn -0.91582 -0.05052 -0.39839
vn -0.91796 -0.03207 -0.39538
vn -0.91479 -0.05856 -0.39965
vn -0.91937 -0.01792 -0.39299
vn -0.96929 0.23025 -0.08640
vn -0.96219 0.08694 -0.25812
vn -0.96130 0.26957 -0.05683
vn -0.95236 0.05354 -0.30023
vn -0.97164 0.19941 -0.12705
vn -0.96154 0.08590 -0.26089
vn -0.91278 -0.06300 -0.40357
vn -0.91423 -0.06507 -0.39993
vn 0.89360 0.05377 0.44563
vn 0.93720 -0.06291 0.34307
vn 0.87100 0.08812 0.48332
vn 0.93569 -0.06502 0.34678
vn 0.72865 0.27133 0.62885
vn 0.75515 0.23284 0.61281
vn 0.87312 0.08605 0.47985
vn 0.78735 0.19968 0.58328
vn -0.91266 -0.05013 -0.40563
vn 0.93850 -0.05003 0.34164
vn 0.93884 -0.05828 0.33938
vn -0.37079 0.15287 0.91605
vn -0.37433 0.01343 0.92720
vn -0.37433 0.01371 0.92719
vn -0.37079 -0.12171 0.92071
vn 0.16090 -0.90618 -0.39109
vn -0.91125 -0.05890 -0.40762
# 34 normals
f  934/1160/1782 935/1161/1783 936/1162/1784
f  937/1163/1785 934/1160/1782 936/1162/1784
f  938/1162/1786 937/1163/1786 936/1162/1786
f  938/1162/1787 934/1160/1788 937/1163/1789
f  938/1162/1787 935/1161/1790 934/1160/1788
f  939/1164/1791 940/1165/1792 941/1166/1793
f  941/1166/1793 940/1165/1792 942/1167/1794
f  943/1168/1795 944/1169/1796 939/1164/1791
f  939/1164/1791 944/1169/1796 940/1165/1792
f  940/1165/1792 945/1163/1797 942/1167/1794
f  942/1167/1794 945/1163/1797 946/1170/1798
f  947/1167/1799 945/1163/1800 948/1165/1801
f  946/1170/1802 945/1163/1800 947/1167/1799
f  947/1167/1799 948/1165/1801 941/1166/1803
f  941/1166/1803 948/1165/1801 939/1164/1804
f  948/1165/1801 949/1169/1805 939/1164/1804
f  939/1164/1804 949/1169/1805 943/1168/1806
f  944/1169/1796 950/1161/1807 940/1165/1792
f  948/1165/1801 950/1161/1808 949/1169/1805
f  951/1162/1809 950/1161/1808 948/1165/1801
f  941/1166/1810 942/1167/1811 947/1167/1812
f  947/1167/1812 942/1167/1811 946/1170/1813
f  952/1162/1814 950/1161/1814 951/1162/1814
f  940/1165/1792 950/1161/1807 952/1162/1815
# object WingL
g WingL
v -0.01939 -0.00430 0.00306
v -0.01562 -0.01501 0.00256
v -0.01822 -0.00379 0.00306
v -0.01940 -0.00428 0.00147
v -0.01823 -0.00377 0.00146
v -0.01564 -0.01499 0.00174
v -0.02102 -0.00132 0.00207
v -0.02724 -0.02356 0.00203
v -0.02820 -0.02003 0.00174
v -0.02552 -0.02303 0.00203
v -0.06185 -0.03230 0.00181
v -0.06185 -0.03230 0.00252
v -0.02820 -0.02003 0.00258
v -0.02482 -0.01848 0.00260
v -0.02481 -0.01845 0.00172
v -0.06401 -0.02492 0.00278
v -0.06373 -0.02614 0.00276
v -0.06373 -0.02614 0.00168
v -0.06500 -0.02670 0.00207
v -0.06353 -0.03304 0.00205
v -0.06317 -0.03458 0.00204
v -0.06132 -0.03402 0.00204
v -0.06447 -0.02356 0.00208
v -0.06401 -0.02494 0.00168
v -0.06534 -0.02522 0.00208
v -0.06191 -0.03233 0.00252
v -0.02729 -0.02358 0.00203
v -0.02826 -0.02005 0.00258
v -0.06138 -0.03404 0.00204
v -0.06191 -0.03233 0.00181
v -0.02826 -0.02005 0.00174
# 31 verticies
vt 0.66936 0.97412
vt 0.66474 0.90904
vt 0.67656 0.97412
vt 0.66941 0.97427
vt 0.67656 0.97427
vt 0.66466 0.90920
vt 0.66769 0.99356
vt 0.58591 0.89075
vt 0.58889 0.91158
vt 0.59590 0.88957
vt 0.38856 0.92434
vt 0.38856 0.92434
vt 0.60974 0.91195
vt 0.60981 0.91208
vt 0.39402 0.96821
vt 0.39269 0.96112
vt 0.38495 0.96112
vt 0.37832 0.92435
vt 0.37669 0.91536
vt 0.38741 0.91409
vt 0.39474 0.97642
vt 0.39400 0.96810
vt 0.38650 0.96966
vt 0.38822 0.92435
vt 0.58556 0.89076
vt 0.58854 0.91159
vt 0.38707 0.91410
# 27 texture verticies
vn -0.02388 0.04765 0.99858
vn 0.01982 -0.04022 0.99899
vn 0.02155 -0.03961 0.99898
vn -0.01752 0.03144 -0.99935
vn 0.00820 -0.02269 -0.99971
vn 0.01031 -0.02195 -0.99971
vn 0.87698 0.48049 0.00628
vn 0.02387 -0.07783 -0.99668
vn 0.01682 -0.04884 -0.99867
vn 0.02635 -0.07563 -0.99679
vn -0.40022 0.91629 0.01568
vn -0.40021 0.91629 0.01567
vn -0.40022 0.91629 0.01567
vn -0.40022 0.91629 0.01568
vn 0.34277 -0.93942 0.00010
vn 0.34277 -0.93942 0.00000
vn 0.34277 -0.93942 0.00009
vn 0.34277 -0.93942 0.00000
vn -0.96478 -0.26308 0.00000
vn 0.03081 -0.07292 0.99686
vn 0.01550 -0.03987 -0.99908
vn -0.10432 0.19761 0.97471
vn -0.14757 -0.05739 0.98739
vn -0.08725 -0.10497 0.99064
vn 0.03327 -0.08903 0.99547
vn 0.04914 -0.13716 0.98933
vn -0.04508 -0.05259 -0.99760
vn -0.09011 -0.02936 -0.99550
vn -0.43821 -0.10533 0.89268
vn -0.25772 -0.08559 0.96242
vn -0.08643 -0.15635 0.98391
vn 0.07611 -0.24644 0.96616
vn -0.27197 -0.05964 -0.96045
vn -0.13655 -0.04270 -0.98971
vn -0.04614 -0.07387 -0.99620
vn 0.03663 -0.12119 -0.99195
vn -0.12571 0.25796 0.95794
vn -0.20166 0.39449 0.89650
vn -0.12236 0.23862 -0.96337
vn -0.07913 0.16025 -0.98390
vn -0.06444 0.12127 -0.99053
vn 0.35235 -0.93548 -0.02688
vn 0.35239 -0.93545 -0.02737
vn 0.35276 -0.93514 -0.03271
vn 0.04357 -0.14204 0.98890
vn 0.98824 -0.15285 -0.00269
vn 0.35279 -0.93511 -0.03323
vn -0.47758 0.07078 0.87573
vn -0.46855 0.02678 0.88303
vn -0.44029 -0.11000 0.89109
vn -0.43824 -0.10525 0.89268
vn -0.29011 0.02105 -0.95676
vn -0.29658 0.05113 -0.95364
vn -0.27303 -0.06087 -0.96008
vn -0.31547 0.16597 -0.93431
vn -0.49617 0.26103 0.82806
vn -0.27216 -0.05919 -0.96043
vn 0.07342 -0.23667 0.96881
vn 0.05071 -0.14569 0.98803
vn 0.04938 -0.14040 0.98886
vn 0.03692 -0.12109 -0.99195
vn 0.03590 -0.11701 -0.99248
vn 0.02641 -0.07937 -0.99650
vn 0.02588 -0.07725 -0.99668
vn -0.95636 -0.29220 0.00000
vn 0.96483 0.26286 0.00000
vn -0.34280 0.93941 0.00000
vn 0.07587 -0.24650 0.96617
# 68 normals
f  953/1171/1816 954/1172/1817 955/1173/1818
f  956/1174/1819 957/1175/1820 958/1176/1821
f  953/1171/1822 956/1174/1822 959/1177/1822
f  960/1178/1823 961/1179/1824 962/1180/1825
f  955/1173/1826 957/1175/1827 956/1174/1828
f  955/1173/1826 956/1174/1828 953/1171/1829
f  963/1181/1830 961/1179/1831 964/1182/1832
f  964/1182/1832 961/1179/1831 965/1179/1833
f  965/1179/1834 961/1179/1834 960/1178/1834
f  966/1183/1835 954/1172/1817 953/1171/1816
f  967/1184/1836 956/1174/1819 958/1176/1821
f  953/1171/1816 968/1185/1837 969/1186/1838
f  953/1171/1816 969/1186/1838 964/1182/1839
f  953/1171/1816 964/1182/1839 965/1179/1840
f  965/1179/1840 962/1180/1841 966/1183/1835
f  961/1179/1824 967/1184/1836 962/1180/1825
f  963/1181/1842 970/1186/1843 956/1174/1819
f  961/1179/1824 963/1181/1842 956/1174/1819
f  956/1174/1819 967/1184/1836 961/1179/1824
f  969/1186/1838 971/1187/1844 972/1188/1845
f  969/1186/1838 972/1188/1845 964/1182/1839
f  964/1182/1839 972/1188/1845 973/1189/1846
f  974/1190/1847 964/1182/1839 973/1189/1846
f  971/1187/1848 970/1186/1843 972/1188/1849
f  972/1188/1849 970/1186/1843 963/1181/1842
f  973/1189/1850 972/1188/1849 963/1181/1842
f  973/1189/1850 963/1181/1842 974/1190/1851
f  953/1171/1816 959/1177/1852 968/1185/1837
f  968/1185/1837 959/1177/1852 975/1191/1853
f  975/1191/1854 959/1177/1855 976/1192/1856
f  959/1177/1855 956/1174/1819 976/1192/1856
f  966/1183/1857 967/1184/1858 954/1172/1859
f  960/1178/1860 962/1180/1841 965/1179/1840
f  962/1180/1861 967/1184/1861 966/1183/1861
f  953/1171/1816 965/1179/1840 966/1183/1835
f  954/1172/1859 967/1184/1858 958/1176/1862
f  970/1186/1843 976/1192/1856 956/1174/1819
usemtl BodyGlow
f  968/1185/1863 977/1193/1864 969/1186/1865
f  977/1193/1864 971/1187/1866 969/1186/1865
f  977/1193/1867 976/1192/1868 970/1186/1869
f  975/1191/1870 976/1192/1868 977/1193/1867
f  975/1191/1871 977/1193/1864 968/1185/1863
f  977/1193/1867 970/1186/1869 971/1187/1872
usemtl Body
f  978/1194/1873 979/1195/1874 980/1196/1875
f  981/1197/1876 982/1194/1877 979/1195/1878
f  982/1194/1877 983/1196/1879 979/1195/1878
f  978/1194/1880 982/1194/1880 981/1197/1880
f  979/1195/1881 983/1196/1881 980/1196/1881
f  978/1194/1882 983/1196/1882 982/1194/1882
f  980/1196/1882 983/1196/1882 978/1194/1882
f  981/1197/1883 979/1195/1874 978/1194/1873
# object WingR
g WingR
v 0.01927 -0.00425 0.00295
v 0.01927 -0.00423 0.00135
v 0.01809 -0.00374 0.00295
v 0.01550 -0.01494 0.00163
v 0.01810 -0.00371 0.00135
v 0.02467 -0.01841 0.00160
v 0.02467 -0.01843 0.00248
v 0.02537 -0.02299 0.00192
v 0.02805 -0.01999 0.00247
v 0.02805 -0.01999 0.00162
v 0.02708 -0.02352 0.00192
v 0.02090 -0.00127 0.00195
v 0.01548 -0.01496 0.00245
v 0.06168 -0.03231 0.00239
v 0.06168 -0.03231 0.00168
v 0.06116 -0.03403 0.00191
v 0.06299 -0.03460 0.00191
v 0.06336 -0.03305 0.00192
v 0.06358 -0.02616 0.00155
v 0.06484 -0.02671 0.00194
v 0.06358 -0.02616 0.00263
v 0.06385 -0.02493 0.00265
v 0.06385 -0.02495 0.00154
v 0.06431 -0.02357 0.00194
v 0.06519 -0.02524 0.00194
v 0.06358 -0.02616 0.00155
v 0.06385 -0.02495 0.00153
v 0.02714 -0.02354 0.00192
v 0.06174 -0.03234 0.00168
v 0.06121 -0.03405 0.00191
v 0.02811 -0.02001 0.00162
v 0.02811 -0.02001 0.00247
v 0.06174 -0.03234 0.00239
# 33 verticies
vt 0.70338 0.97480
vt 0.70333 0.97493
vt 0.69618 0.97479
vt 0.70803 0.90992
vt 0.69618 0.97494
vt 0.76289 0.91276
vt 0.76297 0.91263
vt 0.77680 0.89027
vt 0.78383 0.91224
vt 0.78382 0.91224
vt 0.78679 0.89143
vt 0.70506 0.99421
vt 0.70796 0.90976
vt 0.98422 0.92483
vt 0.98421 0.92482
vt 0.98536 0.91459
vt 0.99608 0.91583
vt 0.99446 0.92482
vt 0.98011 0.96158
vt 0.98785 0.96157
vt 0.97879 0.96866
vt 0.97881 0.96856
vt 0.97808 0.97687
vt 0.98632 0.97011
vt 0.78713 0.89144
vt 0.98456 0.92484
vt 0.98570 0.91460
vt 0.78417 0.91225
# 28 texture verticies
vn 0.40025 0.91629 0.01444
vn 0.40103 0.91594 0.01513
vn 0.40087 0.91601 0.01499
vn -0.01079 -0.02187 -0.99970
vn -0.00901 -0.02250 -0.99971
vn 0.01700 0.03147 -0.99936
vn -0.01611 -0.03987 -0.99907
vn 0.40166 0.91565 0.01568
vn -0.03054 -0.07286 0.99687
vn -0.04890 -0.13716 0.98934
vn -0.03298 -0.08897 0.99549
vn -0.02709 -0.07570 -0.99676
vn -0.01746 -0.04885 -0.99865
vn -0.02462 -0.07789 -0.99666
vn -0.87631 0.48170 0.00682
vn -0.02073 -0.03969 0.99900
vn -0.01939 -0.04017 0.99900
vn 0.02451 0.04757 0.99857
vn -0.35402 -0.93466 -0.03283
vn -0.35371 -0.93492 -0.02846
vn -0.35368 -0.93494 -0.02806
vn -0.04327 -0.14211 0.98891
vn -0.98841 -0.15177 -0.00232
vn -0.34411 -0.93893 -0.00008
vn -0.34411 -0.93893 -0.00005
vn -0.34414 -0.93892 0.00128
vn 0.96445 -0.26425 -0.00116
vn -0.35404 -0.93464 -0.03326
vn -0.34414 -0.93892 0.00132
vn -0.03737 -0.12097 -0.99195
vn 0.04442 -0.05265 -0.99762
vn 0.04548 -0.07377 -0.99624
vn 0.13590 -0.04291 -0.98979
vn 0.08972 -0.02957 -0.99553
vn 0.27202 -0.06021 -0.96041
vn 0.08744 -0.10501 0.99062
vn -0.07595 -0.24586 0.96633
vn 0.08648 -0.15627 0.98392
vn 0.25782 -0.08599 0.96236
vn 0.14801 -0.05768 0.98730
vn 0.43888 -0.10600 0.89227
vn 0.10502 0.19740 0.97468
vn 0.06418 0.12130 -0.99054
vn 0.12649 0.25771 0.95791
vn 0.20259 0.39411 0.89646
vn 0.12231 0.23861 -0.96338
vn 0.07884 0.16009 -0.98395
vn 0.47790 0.07005 0.87562
vn 0.46898 0.02604 0.88282
vn 0.49665 0.26008 0.82807
vn 0.27379 -0.06935 -0.95929
vn 0.30480 0.04446 -0.95138
vn 0.29438 0.01757 -0.95553
vn 0.44064 -0.11074 0.89083
vn 0.43875 -0.10633 0.89230
vn 0.32555 0.17048 -0.93003
vn 0.26837 -0.05890 -0.96151
vn -0.02703 -0.07948 -0.99647
vn -0.03649 -0.11683 -0.99248
vn -0.03751 -0.12087 -0.99196
vn -0.02649 -0.07738 -0.99665
vn -0.96441 0.26442 0.00000
vn 0.95569 -0.29438 0.00000
vn 0.34411 0.93893 0.00000
vn -0.07319 -0.23620 0.96894
vn -0.05046 -0.14575 0.98803
vn -0.07564 -0.24597 0.96632
vn -0.04914 -0.14049 0.98886
# 68 normals
f  984/1198/1884 985/1199/1885 986/1200/1886
f  987/1201/1887 988/1202/1888 985/1199/1889
f  987/1201/1887 985/1199/1889 989/1203/1890
f  985/1199/1885 988/1202/1891 986/1200/1886
f  990/1204/1892 991/1205/1893 992/1206/1894
f  991/1205/1895 989/1203/1890 993/1207/1896
f  991/1205/1895 993/1207/1896 994/1208/1897
f  995/1209/1898 985/1199/1898 984/1198/1898
f  986/1200/1899 996/1210/1900 984/1198/1901
f  984/1198/1901 996/1210/1900 990/1204/1892
f  996/1210/1902 989/1203/1903 990/1204/1904
f  992/1206/1894 991/1205/1893 994/1208/1905
f  990/1204/1906 989/1203/1906 991/1205/1906
f  992/1206/1907 993/1207/1908 997/1211/1909
f  994/1208/1910 993/1207/1910 992/1206/1910
f  987/1201/1911 989/1203/1903 996/1210/1902
f  997/1211/1909 993/1207/1908 998/1212/1912
f  999/1213/1913 998/1212/1914 1000/1214/1915
f  1000/1214/1915 998/1212/1914 1001/1215/1916
f  998/1212/1914 1002/1216/1917 1001/1215/1916
f  1001/1215/1916 1002/1216/1917 1003/1217/1918
f  997/1211/1919 999/1213/1920 1000/1214/1921
f  997/1211/1919 1000/1214/1921 1001/1215/1922
f  997/1211/1919 1001/1215/1922 1004/1216/1923
f  1004/1216/1923 1001/1215/1922 1003/1217/1924
f  984/1198/1901 1004/1216/1923 1005/1218/1925
f  984/1198/1901 997/1211/1919 1004/1216/1923
f  992/1206/1894 997/1211/1919 984/1198/1901
f  990/1204/1892 992/1206/1894 984/1198/1901
f  1002/1216/1917 985/1199/1889 1006/1219/1926
f  985/1199/1889 1002/1216/1917 998/1212/1914
f  993/1207/1896 985/1199/1889 998/1212/1914
f  989/1203/1890 985/1199/1889 993/1207/1896
f  984/1198/1901 1005/1218/1925 995/1209/1927
f  1005/1218/1925 1007/1220/1928 995/1209/1927
f  1007/1220/1929 1006/1219/1926 995/1209/1930
f  995/1209/1930 1006/1219/1926 985/1199/1889
usemtl BodyGlow
f  1005/1218/1931 1008/1221/1932 1007/1220/1933
f  1009/1216/1934 1010/1219/1935 1008/1221/1936
f  1004/1216/1937 1008/1221/1932 1005/1218/1931
f  1004/1216/1937 1003/1217/1938 1008/1221/1932
f  1008/1221/1936 1010/1219/1935 1007/1220/1939
f  1003/1217/1940 1009/1216/1934 1008/1221/1936
usemtl Body
f  1011/1222/1941 1012/1223/1942 1013/1224/1943
f  1011/1222/1941 1014/1225/1944 1012/1223/1942
f  1015/1225/1945 1014/1225/1945 1011/1222/1945
f  1013/1224/1946 1012/1223/1946 1016/1223/1946
f  1012/1223/1947 1014/1225/1947 1016/1223/1947
f  1016/1223/1947 1014/1225/1947 1015/1225/1947
f  1016/1223/1948 1011/1222/1949 1013/1224/1950
f  1015/1225/1951 1011/1222/1949 1016/1223/1948
