# 
# Wavefront OBJ file
# Converted by the DEEP Exploration Deep Exploration 6.3 6.3.3.8068
# Right Hemisphere, LTD
# http://www.righthemisphere.com/
# 
mtllib vf1aB.mtl
# object BackBone
g BackBone
v -0.01345 0.00166 0.00647
v -0.00695 -0.00391 -0.00299
v -0.00824 -0.00745 0.01209
v 0.00318 -0.01319 -0.00299
v -0.00023 -0.01479 0.01209
v -0.01487 0.00236 0.02092
v -0.01534 0.00601 0.02092
v -0.01404 0.00482 0.00553
v -0.00610 -0.00245 -0.00353
v 0.00456 -0.01221 -0.00353
v 0.01012 -0.02053 0.02093
v -0.00030 -0.01575 0.02093
v 0.00930 -0.01918 0.00647
v 0.01380 -0.02067 0.02093
v 0.01251 -0.01949 0.00553
v -0.00747 -0.00103 -0.00598
v -0.00533 -0.00299 0.00558
v -0.01131 0.00249 -0.00598
v -0.00533 -0.00299 0.02093
v -0.00920 -0.00760 0.02092
v -0.00150 -0.01406 0.02382
v -0.00740 -0.00866 0.02382
v -0.00732 -0.00087 -0.00598
v -0.01116 0.00265 -0.00598
v 0.00396 -0.01150 0.00558
v 0.00610 -0.01345 -0.00597
v 0.00994 -0.01697 -0.00597
v 0.00396 -0.01150 0.02093
v 0.00625 -0.01329 -0.00597
v 0.01009 -0.01681 -0.00597
v 0.00479 -0.01060 0.00558
v 0.01126 -0.01652 0.00558
v 0.00526 -0.01008 0.02093
v 0.01309 -0.01725 0.02093
v -0.01098 0.00384 0.00557
v -0.00451 -0.00209 0.00558
v -0.01187 0.00561 0.02092
v -0.00403 -0.00157 0.02093
v 0.00364 -0.01135 0.02093
v -0.00516 -0.00329 0.02093
v 0.00219 -0.01002 0.02382
v -0.00371 -0.00462 0.02382
v -0.00371 -0.00462 0.02382
v -0.00740 -0.00865 0.02382
v 0.00219 -0.01002 0.02382
v -0.00365 -0.00192 0.02093
v 0.00489 -0.00974 0.02093
v -0.00768 -0.00354 0.02769
v -0.00550 -0.00336 0.02092
v -0.00605 -0.00285 0.02845
v -0.00793 -0.00457 0.02092
v -0.00989 0.00066 0.02845
v -0.01044 0.00116 0.02092
v -0.01037 -0.00108 0.02769
v -0.01138 -0.00141 0.02092
v 0.00415 -0.01220 0.02845
v 0.00361 -0.01170 0.02092
v 0.00361 -0.01389 0.02769
v 0.00260 -0.01422 0.02092
v 0.00630 -0.01635 0.02769
v 0.00854 -0.01622 0.02092
v 0.00799 -0.01571 0.02845
v 0.00606 -0.01738 0.02092
v -0.00389 -0.01361 0.02382
v -0.00209 -0.01352 0.02382
v -0.00681 -0.00919 0.02382
v -0.00684 -0.00772 0.02382
v -0.00599 -0.00821 0.01882
v -0.00675 -0.01099 0.02382
v -0.00569 -0.01105 0.01882
v -0.00480 -0.00876 0.01362
v -0.00431 -0.01088 0.01362
v -0.00574 -0.01276 0.02382
v -0.00512 -0.01208 0.01882
v -0.00422 -0.01110 0.01362
v -0.00325 -0.00361 0.01882
v -0.00378 -0.00299 0.02382
v -0.00237 -0.00441 0.01362
v -0.00119 -0.01261 0.01882
v -0.00090 -0.01343 0.02382
v -0.00404 -0.01256 0.01882
v -0.00400 -0.01117 0.01362
v -0.00183 -0.01147 0.01362
v 0.00315 -0.00947 0.01882
v 0.00382 -0.00995 0.02382
v 0.00228 -0.00867 0.01362
v -0.00740 -0.00865 0.02382
v -0.00005 -0.00654 0.01362
# 88 verticies
vt 0.03024 0.56115
vt 0.08124 0.50415
vt 0.09024 0.59515
vt 0.16424 0.50415
vt 0.15524 0.59515
vt 0.02124 0.64915
vt 0.00424 0.64915
vt 0.01424 0.55515
vt 0.07924 0.50015
vt 0.16624 0.50015
vt 0.22424 0.64915
vt 0.15924 0.64915
vt 0.21524 0.56115
vt 0.24124 0.64915
vt 0.23124 0.55515
vt 0.06724 0.48615
vt 0.08524 0.55615
vt 0.03624 0.48615
vt 0.08524 0.64915
vt 0.08724 0.64915
vt 0.14724 0.66715
vt 0.09824 0.66715
vt 0.16024 0.55615
vt 0.17824 0.48615
vt 0.20924 0.48615
vt 0.16024 0.64915
vt 0.44624 0.48615
vt 0.42824 0.55615
vt 0.48124 0.55615
vt 0.47724 0.48615
vt 0.42824 0.64915
vt 0.49224 0.64915
vt 0.50924 0.64915
vt 0.49924 0.55615
vt 0.27224 0.64915
vt 0.43424 0.50015
vt 0.34724 0.50015
vt 0.28224 0.55515
vt 0.30024 0.55615
vt 0.35324 0.55615
vt 0.33524 0.48615
vt 0.30424 0.48615
vt 0.28924 0.64915
vt 0.35324 0.64915
vt 0.42624 0.64915
vt 0.35524 0.64915
vt 0.41424 0.66715
vt 0.36624 0.66715
vt 0.42524 0.46315
vt 0.49124 0.44015
vt 0.35424 0.46315
vt 0.50824 0.42415
vt 0.42424 0.42415
vt 0.35524 0.42415
vt 0.27124 0.42415
vt 0.28824 0.44015
vt 0.35424 0.42515
vt 0.36624 0.42515
vt 0.36624 0.46015
vt 0.41424 0.46015
vt 0.41424 0.42515
vt 0.42524 0.42515
vt 0.35529 0.40615
vt 0.28824 0.40615
vt 0.49124 0.40615
vt 0.42424 0.40615
vt 0.23424 0.80915
vt 0.24524 0.76815
vt 0.24524 0.81315
vt 0.22924 0.76815
vt 0.28224 0.81415
vt 0.28724 0.76815
vt 0.25124 0.76815
vt 0.25524 0.81415
vt 0.23624 0.81015
vt 0.40124 0.46915
vt 0.40924 0.46015
vt 0.37024 0.46015
vt 0.59424 0.54315
vt 0.56724 0.54215
vt 0.59424 0.56115
vt 0.56724 0.55515
vt 0.53724 0.53915
vt 0.53724 0.54715
vt 0.59624 0.61315
vt 0.56824 0.60815
vt 0.59624 0.60215
vt 0.56824 0.60215
vt 0.53824 0.60315
vt 0.53824 0.60215
vt 0.56724 0.50515
vt 0.59424 0.50415
vt 0.53724 0.50515
vt 0.53724 0.54815
vt 0.37824 0.46915
vt 0.36424 0.45315
vt 0.36624 0.46015
vt 0.41524 0.45315
vt 0.35824 0.41815
vt 0.42024 0.41815
vt 0.38924 0.47315
# 101 texture verticies
vn -0.82250 -0.55284 -0.13362
vn -0.79042 -0.57773 -0.20364
vn -0.83802 -0.53244 -0.11929
vn -0.65807 -0.71848 -0.22524
vn -0.65805 -0.71850 -0.22522
vn -0.65805 -0.71851 -0.22521
vn -0.65802 -0.71854 -0.22518
vn -0.98784 -0.12610 -0.09097
vn -0.98634 -0.14017 -0.08653
vn -0.97973 -0.18712 -0.07151
vn -0.97716 -0.20176 -0.06676
vn -0.82340 -0.29713 -0.48346
vn -0.78010 0.10520 -0.61675
vn -0.82649 -0.24074 -0.50888
vn -0.74850 0.19977 -0.63233
vn -0.21072 -0.23016 -0.95006
vn -0.21048 -0.22981 -0.95020
vn -0.21069 -0.23012 -0.95008
vn -0.21045 -0.22976 -0.95022
vn -0.45700 -0.88144 -0.11923
vn -0.43204 -0.89848 -0.07791
vn -0.41456 -0.90427 -0.10213
vn -0.47868 -0.86777 -0.13355
vn -0.50627 -0.83800 -0.20355
vn -0.10035 -0.99238 -0.07145
vn -0.05309 -0.99484 -0.08643
vn -0.03897 -0.99510 -0.09086
vn -0.11513 -0.99111 -0.06671
vn -0.16718 -0.84444 -0.50890
vn 0.17355 -0.76779 -0.61675
vn -0.22364 -0.84630 -0.48348
vn 0.26502 -0.72798 -0.63231
vn -0.66898 -0.74328 -0.00192
vn -0.67158 -0.74090 -0.00664
vn -0.66767 -0.74446 -0.00131
vn -0.67541 -0.73737 -0.01063
vn -0.66877 -0.74347 0.00105
vn -0.66829 -0.74390 0.00057
vn -0.67540 -0.73745 0.00273
vn -0.67290 -0.73474 -0.08581
vn -0.67515 -0.73720 0.02659
vn -0.67289 -0.73475 -0.08579
vn -0.66775 -0.72919 0.14961
vn -0.66782 -0.72917 0.14939
vn 0.71516 -0.65532 -0.24311
vn -0.00000 0.00000 -1.00000
vn -0.70374 0.64485 -0.29820
vn -0.68306 -0.73036 -0.00129
vn -0.67915 -0.73397 -0.00663
vn -0.68178 -0.73156 -0.00192
vn -0.67527 -0.73750 -0.01064
vn -0.68247 -0.73091 0.00054
vn -0.68203 -0.73132 0.00100
vn 0.70375 -0.64487 -0.29812
vn 0.67292 0.73467 -0.08624
vn 0.67291 0.73468 -0.08623
vn 0.67292 0.73467 -0.08624
vn 0.67293 0.73466 -0.08625
vn 0.67474 0.73665 -0.04554
vn 0.67475 0.73664 -0.04555
vn 0.67474 0.73665 -0.04555
vn 0.67472 0.73666 -0.04553
vn 0.92561 0.37021 -0.07874
vn 0.97360 0.20174 -0.10679
vn 0.96727 0.23451 -0.09688
vn 0.91860 0.38812 -0.07445
vn 0.91616 0.38755 -0.10229
vn 0.67542 0.73743 0.00003
vn 0.67541 0.73744 -0.00000
vn 0.67541 0.73745 -0.00000
vn 0.67542 0.73744 -0.00001
vn 0.67541 0.73744 0.00000
vn 0.67536 0.73749 -0.00003
vn 0.67292 0.73467 -0.08628
vn 0.67291 0.73468 -0.08628
vn 0.67292 0.73467 -0.08627
vn 0.67293 0.73466 -0.08627
vn 0.67470 0.73669 -0.04554
vn 0.67468 0.73670 -0.04555
vn 0.67471 0.73668 -0.04553
vn 0.67473 0.73666 -0.04552
vn 0.14887 0.98409 -0.09698
vn 0.11572 0.98752 -0.10688
vn 0.28749 0.95453 -0.07885
vn 0.30592 0.94913 -0.07457
vn 0.30556 0.94665 -0.10237
vn -0.71514 0.65530 -0.24323
vn 0.73239 -0.67107 -0.11521
vn 0.73173 -0.67051 -0.12243
vn 0.73763 -0.67521 0.00011
vn 0.73760 -0.67523 0.00010
vn -0.73172 0.67050 -0.12256
vn -0.73238 0.67106 -0.11534
vn -0.73760 0.67523 -0.00010
vn -0.73763 0.67521 -0.00011
vn 0.67540 0.73745 0.00017
vn 0.67540 0.73745 0.00017
vn 0.67540 0.73745 0.00017
vn 0.67540 0.73745 0.00017
vn -0.00008 0.00004 1.00000
vn -0.00001 0.00013 1.00000
vn -0.00007 -0.00000 1.00000
vn -0.00007 0.00005 1.00000
vn -0.00009 0.00001 1.00000
vn -0.00009 0.00003 1.00000
vn -0.00004 0.00002 1.00000
vn 0.00000 -0.00000 1.00000
vn 0.60322 -0.55837 -0.56952
vn 0.60331 -0.56522 -0.56262
vn 0.60326 -0.56100 -0.56688
vn 0.60314 -0.55391 -0.57394
vn -0.61044 0.55074 -0.56926
vn -0.61033 0.55761 -0.56265
vn -0.61040 0.55330 -0.56680
vn -0.61048 0.54661 -0.57318
vn -0.85719 -0.50907 -0.07795
vn -0.00006 0.00007 1.00000
vn -0.00000 0.00011 1.00000
vn -0.00011 -0.00001 1.00000
vn -0.00007 0.00006 1.00000
vn 0.37730 -0.92102 0.09683
vn 0.42597 -0.89763 0.11319
vn 0.35067 -0.93236 0.08792
vn 0.44539 -0.88729 0.11974
vn -0.96883 0.23229 0.08606
vn -0.94075 0.31915 0.11460
vn -0.95994 0.26317 0.09622
vn -0.93169 0.34211 0.12212
vn -0.28855 -0.31485 0.90422
vn -0.28861 -0.31503 0.90414
vn -0.28851 -0.31471 0.90428
vn -0.28867 -0.31520 0.90406
vn 0.67541 0.73744 -0.00007
vn 0.67537 0.73748 -0.00003
vn 0.67540 0.73745 -0.00006
vn 0.67545 0.73741 -0.00011
vn -0.66921 -0.73062 0.13547
vn -0.66918 -0.73065 0.13545
vn -0.66919 -0.73064 0.13546
vn -0.66916 -0.73067 0.13543
vn -0.95964 0.26722 0.08765
vn -0.93151 0.34569 0.11305
vn -0.95063 0.29490 0.09661
vn -0.92287 0.36605 0.11964
vn 0.34633 -0.93316 0.09625
vn 0.40046 -0.90911 0.11466
vn 0.31630 -0.94475 0.08608
vn 0.42256 -0.89806 0.12220
vn -0.28837 -0.31483 0.90428
vn -0.28869 -0.31496 0.90413
vn -0.28850 -0.31488 0.90422
vn -0.28885 -0.31503 0.90406
vn 0.67540 0.73745 0.00006
vn 0.67537 0.73748 0.00003
vn 0.67541 0.73744 0.00007
vn 0.67545 0.73741 0.00011
vn -0.66921 -0.73062 0.13545
vn -0.66920 -0.73063 0.13546
vn -0.66923 -0.73061 0.13544
vn -0.66919 -0.73064 0.13547
vn -0.86448 -0.49219 -0.10215
vn -0.93575 0.30465 -0.17764
vn -0.95820 0.18558 -0.21776
vn -0.98215 -0.05665 -0.17934
vn -0.96844 -0.12330 -0.21663
vn -0.95401 0.16492 -0.25032
vn -0.94277 -0.21402 -0.25570
vn -0.85573 -0.48680 -0.17534
vn -0.85603 -0.47610 -0.20132
vn -0.66398 -0.72490 -0.18343
vn -0.65911 -0.72005 -0.21703
vn -0.89097 -0.39277 -0.22783
vn -0.65407 -0.71507 -0.24670
vn -0.83946 0.50473 -0.20138
vn -0.82903 0.53726 -0.15512
vn -0.85248 0.47575 -0.21666
vn 0.02963 -0.98336 -0.17923
vn 0.32329 -0.92356 -0.20621
vn 0.33511 -0.92651 -0.17110
vn -0.03818 -0.97552 -0.21658
vn -0.13068 -0.95792 -0.25557
vn 0.18005 -0.94971 -0.25620
vn -0.39884 -0.89467 -0.20123
vn -0.41008 -0.89503 -0.17537
vn -0.31211 -0.92236 -0.22767
vn 0.57575 -0.79626 -0.18568
vn 0.58233 -0.79735 -0.15850
vn 0.55856 -0.79664 -0.23103
# 188 normals
usemtl Body
f  1/1/1 2/2/2 3/3/3
f  2/2/4 4/4/5 3/3/6
f  3/3/6 4/4/5 5/5/7
f  6/6/8 7/7/9 1/1/10
f  7/7/9 8/8/11 1/1/10
f  8/8/12 9/9/13 1/1/14
f  1/1/14 9/9/13 2/2/15
f  9/9/16 10/10/17 2/2/18
f  2/2/18 10/10/17 4/4/19
f  5/5/20 11/11/21 12/12/22
f  5/5/20 13/13/23 11/11/21
f  5/5/20 4/4/24 13/13/23
f  13/13/25 14/14/26 11/11/27
f  13/13/25 15/15/28 14/14/26
f  13/13/29 10/10/30 15/15/31
f  4/4/32 10/10/30 13/13/29
f  8/8/33 16/16/34 17/17/35
f  18/18/36 16/16/34 8/8/33
f  7/7/37 8/8/33 19/19/38
f  20/20/39 5/5/40 12/12/41
f  3/3/42 5/5/40 20/20/39
f  12/12/41 21/21/43 22/22/44 20/20/39
f  16/16/45 23/16/45 17/17/45
f  24/18/46 23/16/46 16/16/46
f  18/18/46 24/18/46 16/16/46
f  8/8/47 24/18/47 18/18/47
f  25/23/48 26/24/49 15/15/50
f  15/15/50 26/24/49 27/25/51
f  28/26/52 15/15/50 14/14/53
f  26/24/46 29/24/46 30/25/46
f  26/24/46 30/25/46 27/25/46
f  27/25/54 30/25/54 15/15/54
f  29/27/55 31/28/56 32/29/57
f  29/27/55 32/29/57 30/30/58
f  31/28/59 33/31/60 34/32/61
f  31/28/59 34/32/61 32/29/62
f  32/29/63 34/32/64 14/33/65
f  15/34/66 32/29/63 14/33/65
f  30/30/67 32/29/63 15/34/66
f  14/33/68 15/34/69 7/35/70
f  15/34/69 10/36/71 7/35/70
f  7/35/70 9/37/72 8/38/73
f  10/36/71 9/37/72 7/35/70
f  35/39/74 36/40/75 23/41/76
f  24/42/77 35/39/74 23/41/76
f  37/43/78 38/44/79 36/40/80
f  35/39/81 37/43/78 36/40/80
f  7/35/82 37/43/83 35/39/84
f  7/35/82 35/39/84 8/38/85
f  8/38/85 35/39/84 24/42/86
f  8/8/33 17/17/35 19/19/38
f  28/26/52 25/23/48 15/15/50
f  25/23/87 29/24/87 26/24/87
f  23/41/45 36/40/88 17/40/89
f  36/40/88 38/44/90 19/44/91
f  17/40/89 36/40/88 19/44/91
f  25/28/92 31/28/93 29/27/87
f  28/31/94 33/31/95 31/28/93
f  28/31/94 31/28/93 25/28/92
f  39/45/96 40/46/97 41/47/98
f  41/47/98 40/46/97 42/48/99
f  12/49/100 11/50/101 20/51/102
f  11/50/101 14/52/103 20/51/102
f  20/51/102 14/52/103 39/53/104 40/54/105 7/55/106
f  20/51/102 7/55/106 6/56/107
f  20/51/108 40/57/109 43/58/110 44/59/111
f  21/60/112 45/61/113 39/62/114 12/49/115
f  6/6/116 1/1/1 3/3/3
f  40/54/105 46/63/117 37/64/118
f  34/65/119 47/66/120 39/53/104
f  14/52/103 34/65/119 39/53/104
f  48/67/121 49/68/122 50/69/123
f  51/70/124 49/68/122 48/67/121
f  52/69/125 53/68/126 54/67/127
f  54/67/127 53/68/126 55/70/128
f  54/67/129 50/69/130 52/69/131
f  48/67/132 50/69/130 54/67/129
f  50/71/133 49/72/134 53/73/135
f  50/71/133 53/73/135 52/74/136
f  51/70/137 48/75/138 55/70/139
f  55/70/139 48/75/138 54/75/140
f  56/69/141 57/68/142 58/67/143
f  58/67/143 57/68/142 59/70/144
f  60/67/145 61/68/146 62/69/147
f  63/70/148 61/68/146 60/67/145
f  62/69/149 56/69/150 60/67/151
f  60/67/151 56/69/150 58/67/152
f  61/73/153 57/72/154 56/71/155
f  62/74/156 61/73/153 56/71/155
f  63/70/157 58/75/158 59/70/159
f  60/75/160 58/75/158 63/70/157
f  20/20/161 6/6/116 3/3/3
f  64/76/107 65/77/107 66/78/107
f  67/79/162 68/80/163 69/81/164
f  69/81/164 68/80/163 70/82/165
f  70/82/165 71/83/166 72/84/167
f  69/85/168 70/86/169 73/87/170
f  73/87/170 70/86/169 74/88/171
f  70/86/169 72/89/172 74/88/171
f  74/88/171 72/89/172 75/90/173
f  68/80/163 67/79/162 76/91/174
f  76/91/174 67/79/162 77/92/175
f  68/80/163 71/83/166 70/82/165
f  68/80/163 76/91/174 71/83/166
f  71/83/166 76/91/174 78/93/176
f  64/81/177 79/80/178 80/79/179
f  81/82/180 79/80/178 64/81/177
f  82/84/181 83/83/182 81/82/180
f  73/87/170 81/86/183 64/85/184
f  74/88/171 81/86/183 73/87/170
f  74/88/171 82/89/185 81/86/183
f  75/90/173 82/89/185 74/88/171
f  84/91/186 85/92/187 79/80/178
f  79/80/178 85/92/187 80/79/179
f  81/82/180 83/83/182 79/80/178
f  84/91/186 79/80/178 86/93/188
f  86/93/188 79/80/178 83/83/182
f  75/94/46 86/93/46 83/83/46
f  66/78/107 69/95/107 64/76/107
f  67/96/107 87/97/107 80/98/107
f  87/97/107 21/60/107 80/98/107
f  77/99/107 67/96/107 80/98/107
f  80/98/107 85/100/107 77/99/107
f  69/95/107 73/101/107 64/76/107
f  78/93/46 86/93/46 88/93/46
f  78/93/46 86/93/46 71/83/46
f  71/83/46 86/93/46 75/94/46
f  37/64/118 7/55/106 40/54/105
# object ShoulderL
g ShoulderL
v -0.00878 0.01370 0.01621
v -0.01707 0.01923 0.01661
v -0.00946 0.01156 0.01773
v -0.01203 0.00814 0.01179
v -0.01963 0.01581 0.01067
v -0.01135 0.01028 0.01027
v -0.01851 0.00466 0.01661
v -0.02389 0.00991 0.01591
v -0.01594 0.00808 0.02254
v -0.02132 0.01333 0.02184
# 10 verticies
vt 0.91924 0.14515
vt 0.93124 0.07615
vt 0.93424 0.15315
vt 0.98524 0.14015
vt 0.98424 0.08615
vt 0.93324 0.16615
vt 0.91824 0.21515
vt 0.93324 0.21515
vt 0.91824 0.16615
vt 0.98524 0.16615
vt 0.93124 0.21515
vt 0.93124 0.16615
vt 0.98524 0.21515
vt 0.98624 0.21515
vt 0.98624 0.16615
vt 0.86524 0.16615
vt 0.86524 0.21515
# 17 texture verticies
vn 0.35137 0.46752 0.81115
vn 0.35120 0.46736 0.81131
vn 0.35126 0.46742 0.81125
vn -0.35121 -0.46726 -0.81137
vn -0.35117 -0.46726 -0.81138
vn -0.35121 -0.46726 -0.81137
vn -0.35117 -0.46727 -0.81138
vn -0.35111 -0.46727 -0.81141
vn 0.35117 0.46734 0.81134
vn 0.35118 0.46733 0.81134
vn 0.90205 -0.40113 -0.15940
vn 0.90205 -0.40113 -0.15940
vn -0.80700 0.59048 0.00917
vn -0.80700 0.59048 0.00916
vn -0.80700 0.59048 0.00915
vn -0.80700 0.59048 0.00918
vn 0.57727 -0.79030 0.20538
vn 0.57725 -0.79032 0.20537
vn 0.57726 -0.79032 0.20537
vn 0.57724 -0.79033 0.20537
vn -0.60753 -0.54564 0.57722
vn -0.60753 -0.54564 0.57722
vn -0.60746 -0.54566 0.57728
vn -0.60760 -0.54563 0.57716
vn 0.43142 0.68832 -0.58317
vn 0.43141 0.68837 -0.58312
vn 0.43143 0.68831 -0.58319
vn 0.43144 0.68826 -0.58323
# 28 normals
f  89/102/189 90/103/190 91/104/191
f  92/104/192 93/103/193 94/102/194
f  95/105/195 93/103/193 92/104/192
f  96/106/196 93/103/193 95/105/195
f  97/105/197 90/103/190 98/106/198
f  91/104/191 90/103/190 97/105/197
f  92/107/199 89/108/200 91/109/200
f  94/110/199 89/108/200 92/107/199
f  96/111/201 90/112/202 93/113/203
f  98/114/204 90/112/202 96/111/201
f  91/109/205 97/115/206 92/107/207
f  92/107/207 97/115/206 95/116/208
f  95/116/209 98/114/210 96/111/211
f  97/115/212 98/114/210 95/116/209
f  93/117/213 90/118/214 89/108/215
f  94/110/216 93/117/213 89/108/215
# object ArmL
g ArmL
v -0.00956 0.01456 0.01485
v -0.00407 0.01808 0.01232
v -0.01240 0.01845 0.01410
v -0.01685 0.01670 0.01604
v -0.00977 0.01343 0.01560
v -0.01366 0.01875 0.01457
v -0.00360 0.01937 0.01077
v -0.00528 0.02167 0.01032
v -0.00691 0.02197 0.01157
v -0.01328 0.01706 0.01027
v -0.00779 0.02058 0.00774
v -0.01044 0.01317 0.01102
v -0.00495 0.01669 0.00849
v -0.00577 0.02088 0.00815
v -0.00410 0.01859 0.00859
v -0.01296 0.01138 0.01707
v -0.01784 0.01514 0.01171
v -0.01465 0.01719 0.01024
v -0.01395 0.00982 0.01275
v -0.01076 0.01186 0.01128
# 20 verticies
vt 0.71324 0.34715
vt 0.66724 0.34715
vt 0.71324 0.38515
vt 0.73324 0.38615
vt 0.72024 0.34715
vt 0.72024 0.38515
vt 0.65724 0.34915
vt 0.65724 0.38215
vt 0.66724 0.38515
vt 0.71324 0.33615
vt 0.66624 0.33415
vt 0.71324 0.29715
vt 0.66624 0.29915
vt 0.65724 0.33315
vt 0.65724 0.29915
vt 0.73324 0.34615
vt 0.73424 0.33615
vt 0.72024 0.33615
vt 0.73424 0.29615
vt 0.72024 0.29715
# 20 texture verticies
vn 0.21067 0.33228 0.91935
vn 0.21066 0.33232 0.91934
vn 0.21063 0.33226 0.91937
vn 0.21070 0.33241 0.91930
vn 0.57152 0.53774 0.61984
vn 0.57168 0.53772 0.61972
vn 0.57161 0.53772 0.61977
vn 0.57174 0.53771 0.61966
vn -0.21056 -0.33221 -0.91940
vn 0.20550 -0.03957 -0.97786
vn 0.20537 -0.03983 -0.97787
vn 0.20542 -0.03973 -0.97787
vn 0.20531 -0.03995 -0.97788
vn -0.58254 0.79790 -0.15493
vn -0.07207 0.94326 -0.32414
vn -0.07249 0.94319 -0.32425
vn -0.07236 0.94321 -0.32422
vn -0.07270 0.94315 -0.32431
vn 0.58254 -0.79790 0.15493
vn 0.91220 -0.40491 -0.06280
vn 0.91218 -0.40496 -0.06272
vn 0.91219 -0.40495 -0.06274
vn 0.91217 -0.40499 -0.06268
vn 0.21059 0.33216 0.91941
vn 0.40780 0.45176 0.79348
vn 0.40746 0.45165 0.79372
vn 0.40771 0.45173 0.79354
vn 0.40739 0.45163 0.79377
vn -0.21051 -0.33228 -0.91939
vn 0.00122 -0.18972 -0.98184
vn 0.00092 -0.19002 -0.98178
vn 0.00114 -0.18980 -0.98182
vn 0.00086 -0.19008 -0.98177
vn -0.58273 0.79778 -0.15482
vn -0.58266 0.79781 -0.15495
vn -0.58265 0.79781 -0.15497
vn -0.58258 0.79784 -0.15510
vn 0.09262 0.92941 -0.35724
vn 0.09230 0.92943 -0.35727
vn 0.09252 0.92942 -0.35725
vn 0.09221 0.92943 -0.35728
vn 0.58258 -0.79784 0.15510
vn 0.58247 -0.79793 0.15505
vn 0.58245 -0.79794 0.15504
vn 0.58234 -0.79803 0.15499
vn 0.95814 -0.25666 -0.12684
vn 0.95814 -0.25666 -0.12684
vn 0.95814 -0.25666 -0.12684
vn 0.95814 -0.25666 -0.12684
# 49 normals
f  99/119/217 100/120/217 101/121/217
f  102/122/218 103/123/219 104/124/220
f  105/125/221 106/126/222 100/120/223
f  100/120/223 106/126/222 107/127/224
f  108/121/225 109/127/225 110/119/225
f  110/119/225 109/127/225 111/120/225
f  112/126/226 113/125/227 109/127/228
f  109/127/228 113/125/227 111/120/229
f  101/128/230 107/129/230 108/130/230
f  108/130/230 107/129/230 109/131/230
f  106/132/231 112/133/232 107/129/233
f  107/129/233 112/133/232 109/131/234
f  110/130/235 111/131/235 99/128/235
f  99/128/235 111/131/235 100/129/235
f  113/133/236 105/132/237 111/131/238
f  111/131/238 105/132/237 100/129/239
f  114/134/240 103/123/219 102/122/218
f  101/121/217 100/120/217 107/127/217
f  99/119/241 101/121/242 103/123/243
f  103/123/243 101/121/242 104/124/244
f  115/122/245 116/124/245 117/134/245
f  117/134/245 116/124/245 118/123/245
f  108/121/246 110/119/247 116/124/248
f  116/124/248 110/119/247 118/123/249
f  102/135/250 104/136/251 115/137/252
f  115/137/252 104/136/251 116/138/253
f  101/128/254 108/130/255 104/136/256
f  104/136/256 108/130/255 116/138/257
f  117/137/258 118/138/259 114/135/260
f  114/135/260 118/138/259 103/136/261
f  110/130/262 99/128/263 118/138/264
f  118/138/264 99/128/263 103/136/265
# object ForearmL
g ForearmL
v 0.01228 0.02095 0.00753
v 0.00858 0.02708 0.00208
v 0.01380 0.02715 0.00335
v 0.01618 0.02320 0.00685
v 0.01587 0.02607 0.01030
v 0.01348 0.03002 0.00679
v 0.01187 0.02467 0.01200
v 0.00816 0.03080 0.00656
v -0.00015 0.02078 0.01414
v -0.00683 0.02299 0.01168
v -0.01729 0.02077 0.01257
v -0.01668 0.01974 0.01348
v 0.00027 0.01705 0.00967
v -0.01627 0.01602 0.00901
v -0.01688 0.01704 0.00810
v -0.00642 0.01927 0.00721
v -0.00640 0.02142 0.01084
v -0.00610 0.02272 0.01079
v -0.00583 0.02028 0.00785
v -0.00623 0.01990 0.00902
v -0.00418 0.01756 0.01027
v -0.00524 0.01827 0.01048
v -0.00445 0.02000 0.01321
v -0.00541 0.01978 0.01229
v -0.00069 0.01830 0.00998
v -0.00096 0.02074 0.01291
# 26 verticies
vt 0.81824 0.34615
vt 0.81824 0.28315
vt 0.79124 0.30315
vt 0.79124 0.34415
vt 0.81824 0.28215
vt 0.89524 0.33915
vt 0.92324 0.29915
vt 0.98624 0.28215
vt 0.98624 0.29415
vt 0.98624 0.28315
vt 0.98624 0.24415
vt 0.81824 0.24415
vt 0.79124 0.27815
vt 0.79124 0.24815
vt 0.92424 0.38715
vt 0.98724 0.34815
vt 0.92424 0.34815
vt 0.98724 0.38715
vt 0.89524 0.38715
vt 0.89524 0.34815
vt 0.81824 0.34815
vt 0.79124 0.35315
vt 0.79124 0.38315
vt 0.81824 0.38715
vt 0.75824 0.34415
vt 0.75824 0.30415
vt 0.92424 0.37615
vt 0.91924 0.38115
vt 0.91924 0.35615
vt 0.92424 0.36015
vt 0.89824 0.35615
vt 0.89824 0.38115
# 32 texture verticies
vn 0.19878 -0.58093 -0.78931
vn 0.19889 -0.58094 -0.78928
vn 0.19881 -0.58093 -0.78930
vn 0.19869 -0.58093 -0.78933
vn 0.06909 0.68556 0.72473
vn 0.06914 0.68555 0.72474
vn 0.06912 0.68555 0.72474
vn 0.06917 0.68554 0.72474
vn -0.07053 0.63829 0.76655
vn -0.07052 0.63829 0.76656
vn -0.07050 0.63828 0.76657
vn -0.07051 0.63832 0.76654
vn -0.07059 0.63844 0.76643
vn -0.07059 0.63846 0.76641
vn 0.07050 -0.63828 -0.76657
vn 0.07052 -0.63829 -0.76656
vn 0.07053 -0.63829 -0.76655
vn 0.07059 -0.63846 -0.76641
vn 0.07059 -0.63844 -0.76643
vn 0.07051 -0.63832 -0.76654
vn -0.41161 0.68134 -0.60527
vn 0.14082 0.76715 -0.62582
vn 0.14084 0.76714 -0.62583
vn 0.14082 0.76715 -0.62582
vn 0.14080 0.76717 -0.62580
vn 0.34586 -0.70516 0.61897
vn 0.34589 -0.70518 0.61893
vn 0.34583 -0.70513 0.61903
vn 0.34593 -0.70521 0.61888
vn -0.43836 -0.71013 0.55096
vn -0.90862 -0.35825 0.21463
vn 0.47908 -0.65234 0.58731
vn 0.47911 -0.65235 0.58728
vn 0.47908 -0.65234 0.58731
vn 0.47905 -0.65234 0.58734
vn 0.33941 -0.70723 0.62018
vn 0.90862 0.35825 -0.21463
vn -0.94427 0.20492 -0.25760
vn -0.94423 0.20505 -0.25764
vn -0.94433 0.20473 -0.25754
vn -0.94438 0.20456 -0.25748
vn -0.56018 -0.71296 -0.42176
vn -0.56023 -0.71297 -0.42168
vn -0.56008 -0.71296 -0.42190
vn -0.56000 -0.71295 -0.42202
vn -0.38181 -0.72727 0.57036
vn -0.38169 -0.72727 0.57043
vn -0.38152 -0.72727 0.57054
vn -0.38136 -0.72728 0.57064
vn -0.70021 0.18861 0.68857
vn -0.70005 0.18872 0.68871
vn -0.70015 0.18865 0.68863
vn -0.69996 0.18878 0.68878
vn 0.21216 -0.74132 0.63674
vn -0.07036 0.63834 0.76653
vn 0.07036 -0.63834 -0.76653
# 56 normals
f  119/139/266 120/140/267 121/141/268
f  119/139/266 121/141/268 122/142/269
f  123/142/270 124/141/271 125/139/272
f  124/141/271 126/143/273 125/139/272
f  125/139/274 126/143/275 127/144/276
f  128/145/277 129/146/278 130/147/279
f  128/145/277 126/143/275 129/146/278
f  127/144/276 126/143/275 128/145/277
f  131/144/280 120/140/281 119/139/282
f  132/147/283 133/148/284 134/145/285
f  134/145/285 120/140/281 131/144/280
f  133/148/284 120/140/281 134/145/285
f  133/149/286 126/143/286 120/150/286
f  129/146/286 126/143/286 133/149/286
f  120/150/287 126/143/288 124/151/289
f  121/152/290 120/150/287 124/151/289
f  128/153/291 132/154/292 134/155/293
f  128/153/291 130/156/294 132/154/292
f  127/157/295 134/155/295 131/158/295
f  127/157/295 128/153/295 134/155/295
f  132/154/296 129/156/296 133/154/296
f  130/156/296 129/156/296 132/154/296
f  119/159/297 122/160/298 123/161/299
f  119/159/297 123/161/299 125/162/300
f  119/159/301 127/157/301 131/158/301
f  125/162/301 127/157/301 119/159/301
f  122/142/302 121/141/302 123/163/302
f  123/163/302 121/141/302 124/164/302
f  135/165/303 136/166/304 137/167/305
f  135/165/303 137/167/305 138/168/306
f  138/168/307 137/167/308 139/167/309
f  140/168/310 138/168/307 139/167/309
f  141/166/311 142/165/312 139/167/313
f  139/167/313 142/165/312 140/168/314
f  141/166/315 136/166/316 142/165/317
f  142/165/317 136/166/316 135/165/318
f  143/169/319 141/166/319 139/167/319
f  144/170/319 141/166/319 143/169/319
f  140/168/296 135/165/296 138/168/296
f  142/165/296 135/165/296 140/168/296
f  144/170/320 136/166/320 141/166/320
f  139/167/321 137/167/321 143/169/321
# object ShoulderR
g ShoulderR
v 0.01344 -0.01899 0.00938
v 0.01969 -0.02614 0.00633
v 0.01263 -0.01995 0.01178
v 0.01820 -0.01646 0.01502
v 0.02525 -0.02266 0.00957
v 0.01900 -0.01551 0.01262
v 0.01911 -0.02316 0.02065
v 0.02401 -0.02756 0.01697
v 0.01355 -0.02664 0.01741
v 0.01845 -0.03104 0.01373
# 10 verticies
vt 0.91924 0.14515
vt 0.93124 0.07615
vt 0.93424 0.15315
vt 0.98524 0.14015
vt 0.98424 0.08615
vt 0.93324 0.16615
vt 0.91824 0.21515
vt 0.93324 0.21515
vt 0.91824 0.16615
vt 0.98524 0.16615
vt 0.93124 0.21515
vt 0.93124 0.16615
vt 0.98524 0.21515
vt 0.98624 0.21515
vt 0.98624 0.16615
vt 0.86524 0.16615
vt 0.86524 0.21515
# 17 texture verticies
vn -0.76011 -0.47555 -0.44282
vn -0.76011 -0.47573 -0.44261
vn -0.76011 -0.47567 -0.44269
vn 0.76017 0.47574 0.44251
vn 0.76015 0.47578 0.44250
vn 0.76017 0.47574 0.44250
vn 0.76015 0.47578 0.44250
vn 0.76012 0.47584 0.44249
vn -0.76011 -0.47577 -0.44257
vn -0.76012 -0.47576 -0.44257
vn -0.57791 0.80636 0.12575
vn -0.57791 0.80636 0.12575
vn 0.63493 -0.68867 -0.35015
vn 0.63493 -0.68867 -0.35015
vn 0.63494 -0.68866 -0.35015
vn 0.63492 -0.68868 -0.35015
vn -0.64146 0.44066 0.62797
vn -0.64145 0.44066 0.62799
vn -0.64145 0.44066 0.62798
vn -0.64144 0.44065 0.62800
vn -0.02600 -0.65826 0.75234
vn -0.02601 -0.65826 0.75234
vn -0.02610 -0.65825 0.75235
vn -0.02591 -0.65826 0.75234
vn 0.17159 0.50992 -0.84294
vn 0.17157 0.50986 -0.84297
vn 0.17160 0.50994 -0.84292
vn 0.17161 0.50999 -0.84289
# 28 normals
f  145/171/322 146/172/323 147/173/324
f  148/173/325 149/172/326 150/171/327
f  151/174/328 149/172/326 148/173/325
f  152/175/329 149/172/326 151/174/328
f  153/174/330 146/172/323 154/175/331
f  147/173/324 146/172/323 153/174/330
f  148/176/332 145/177/333 147/178/333
f  150/179/332 145/177/333 148/176/332
f  152/180/334 146/181/335 149/182/336
f  154/183/337 146/181/335 152/180/334
f  147/178/338 153/184/339 148/176/340
f  148/176/340 153/184/339 151/185/341
f  151/185/342 154/183/343 152/180/344
f  153/184/345 154/183/343 151/185/342
f  149/186/346 146/187/347 145/177/348
f  150/179/349 149/186/346 145/177/348
# object ArmR
g ArmR
v 0.01581 -0.01819 0.00800
v 0.01607 -0.01365 0.00268
v 0.01897 -0.02109 0.00568
v 0.01917 -0.02504 0.00899
v 0.01499 -0.01843 0.00907
v 0.01932 -0.02240 0.00590
v 0.01746 -0.01279 0.00140
v 0.01933 -0.01450 0.00004
v 0.01923 -0.01655 0.00036
v 0.02214 -0.01911 0.00753
v 0.02240 -0.01457 0.00221
v 0.01898 -0.01621 0.00985
v 0.01924 -0.01167 0.00452
v 0.02112 -0.01338 0.00108
v 0.01926 -0.01167 0.00245
v 0.01484 -0.02108 0.01216
v 0.02274 -0.02280 0.01107
v 0.02289 -0.02016 0.00798
v 0.01841 -0.01884 0.01425
v 0.01856 -0.01620 0.01115
# 20 verticies
vt 0.71324 0.34715
vt 0.66724 0.34715
vt 0.71324 0.38515
vt 0.73324 0.38615
vt 0.72024 0.34715
vt 0.72024 0.38515
vt 0.65724 0.34915
vt 0.65724 0.38215
vt 0.66724 0.38515
vt 0.71324 0.33615
vt 0.66624 0.33415
vt 0.71324 0.29715
vt 0.66624 0.29915
vt 0.65724 0.33315
vt 0.65724 0.29915
vt 0.73324 0.34615
vt 0.73424 0.33615
vt 0.72024 0.33615
vt 0.73424 0.29615
vt 0.72024 0.29715
# 20 texture verticies
vn -0.76015 -0.47561 -0.44268
vn -0.76013 -0.47562 -0.44271
vn -0.76015 -0.47564 -0.44265
vn -0.76009 -0.47559 -0.44281
vn -0.64220 -0.09231 -0.76096
vn -0.64218 -0.09211 -0.76100
vn -0.64219 -0.09219 -0.76099
vn -0.64217 -0.09203 -0.76102
vn 0.76016 0.47570 0.44258
vn 0.67882 0.73425 0.00819
vn 0.67884 0.73424 0.00848
vn 0.67883 0.73425 0.00836
vn 0.67884 0.73424 0.00860
vn 0.64873 -0.59417 -0.47552
vn 0.56757 -0.15505 -0.80859
vn 0.56786 -0.15528 -0.80834
vn 0.56778 -0.15521 -0.80842
vn 0.56801 -0.15539 -0.80822
vn -0.64873 0.59417 0.47552
vn -0.52818 0.84912 -0.00509
vn -0.52825 0.84908 -0.00504
vn -0.52823 0.84909 -0.00505
vn -0.52828 0.84905 -0.00501
vn -0.76019 -0.47567 -0.44255
vn -0.72434 -0.29032 -0.62534
vn -0.72438 -0.29068 -0.62512
vn -0.72435 -0.29041 -0.62528
vn -0.72440 -0.29075 -0.62507
vn 0.76010 0.47575 0.44262
vn 0.74349 0.62823 0.22925
vn 0.74351 0.62806 0.22964
vn 0.74349 0.62818 0.22935
vn 0.74351 0.62803 0.22972
vn 0.64870 -0.59434 -0.47535
vn 0.64877 -0.59422 -0.47539
vn 0.64879 -0.59420 -0.47540
vn 0.64887 -0.59408 -0.47544
vn 0.50671 -0.00726 -0.86209
vn 0.50690 -0.00748 -0.86197
vn 0.50677 -0.00733 -0.86205
vn 0.50696 -0.00755 -0.86194
vn -0.64887 0.59408 0.47544
vn -0.64880 0.59405 0.47557
vn -0.64878 0.59405 0.47559
vn -0.64871 0.59402 0.47572
vn -0.45748 0.87559 -0.15506
vn -0.45748 0.87560 -0.15506
vn -0.45748 0.87560 -0.15506
vn -0.45748 0.87560 -0.15506
# 49 normals
f  155/188/350 156/189/350 157/190/350
f  158/191/351 159/192/352 160/193/353
f  161/194/354 162/195/355 156/189/356
f  156/189/356 162/195/355 163/196/357
f  164/190/358 165/196/358 166/188/358
f  166/188/358 165/196/358 167/189/358
f  168/195/359 169/194/360 165/196/361
f  165/196/361 169/194/360 167/189/362
f  157/197/363 163/198/363 164/199/363
f  164/199/363 163/198/363 165/200/363
f  162/201/364 168/202/365 163/198/366
f  163/198/366 168/202/365 165/200/367
f  166/199/368 167/200/368 155/197/368
f  155/197/368 167/200/368 156/198/368
f  169/202/369 161/201/370 167/200/371
f  167/200/371 161/201/370 156/198/372
f  170/203/373 159/192/352 158/191/351
f  157/190/350 156/189/350 163/196/350
f  155/188/374 157/190/375 159/192/376
f  159/192/376 157/190/375 160/193/377
f  171/191/378 172/193/378 173/203/378
f  173/203/378 172/193/378 174/192/378
f  164/190/379 166/188/380 172/193/381
f  172/193/381 166/188/380 174/192/382
f  158/204/383 160/205/384 171/206/385
f  171/206/385 160/205/384 172/207/386
f  157/197/387 164/199/388 160/205/389
f  160/205/389 164/199/388 172/207/390
f  173/206/391 174/207/392 170/204/393
f  170/204/393 174/207/392 159/205/394
f  166/199/395 155/197/396 174/207/397
f  174/207/397 155/197/396 159/205/398
# object ForearmR
g ForearmR
v 0.01671 0.00759 -0.00054
v 0.01604 0.00293 -0.00314
v 0.01665 0.00338 0.00583
v 0.01711 0.00788 0.00523
v 0.02246 0.00357 0.00542
v 0.02119 0.00774 -0.00085
v 0.02159 0.00802 0.00492
v 0.02185 0.00312 -0.00354
v 0.02286 -0.00923 0.00503
v 0.02296 -0.02477 -0.00073
v 0.02286 -0.02485 -0.00222
v 0.02263 -0.01425 -0.00048
v 0.01704 -0.00942 0.00544
v 0.01682 -0.01444 -0.00007
v 0.01704 -0.02504 -0.00182
v 0.01715 -0.02496 -0.00032
v 0.01788 -0.01365 -0.00024
v 0.02170 -0.01353 -0.00050
v 0.02101 -0.01426 0.00038
v 0.01865 -0.01434 0.00055
v 0.01816 -0.01346 0.00375
v 0.01881 -0.01422 0.00294
v 0.02117 -0.01414 0.00277
v 0.02197 -0.01333 0.00348
v 0.01808 -0.00992 0.00433
v 0.02189 -0.00980 0.00406
# 26 verticies
vt 0.79124 0.30315
vt 0.81824 0.28315
vt 0.81824 0.34615
vt 0.79124 0.34415
vt 0.81824 0.28215
vt 0.89524 0.33915
vt 0.98624 0.29415
vt 0.98624 0.28215
vt 0.92324 0.29915
vt 0.98624 0.28315
vt 0.81824 0.24415
vt 0.98624 0.24415
vt 0.79124 0.27815
vt 0.79124 0.24815
vt 0.92424 0.34815
vt 0.98724 0.34815
vt 0.92424 0.38715
vt 0.98724 0.38715
vt 0.89524 0.34815
vt 0.89524 0.38715
vt 0.79124 0.38315
vt 0.79124 0.35315
vt 0.81824 0.34815
vt 0.81824 0.38715
vt 0.75824 0.34415
vt 0.75824 0.30415
vt 0.91924 0.35615
vt 0.91924 0.38115
vt 0.92424 0.37615
vt 0.92424 0.36015
vt 0.89824 0.35615
vt 0.89824 0.38115
# 32 texture verticies
vn -0.99203 0.10945 0.06238
vn -0.99202 0.10952 0.06242
vn -0.99204 0.10942 0.06236
vn -0.99205 0.10935 0.06231
vn 0.97982 0.18476 -0.07622
vn 0.97982 0.18477 -0.07622
vn 0.97983 0.18473 -0.07624
vn 0.97982 0.18480 -0.07620
vn 0.99703 0.03264 -0.06979
vn 0.99703 0.03263 -0.06981
vn 0.99703 0.03261 -0.06982
vn 0.99701 0.03264 -0.07004
vn 0.99701 0.03263 -0.07002
vn 0.99702 0.03264 -0.06984
vn -0.99703 -0.03261 0.06982
vn -0.99703 -0.03263 0.06981
vn -0.99703 -0.03264 0.06979
vn -0.99702 -0.03264 0.06984
vn -0.99701 -0.03263 0.07002
vn -0.99701 -0.03264 0.07004
vn -0.06821 -0.04948 -0.99644
vn -0.07679 0.49443 -0.86582
vn -0.07681 0.49444 -0.86581
vn -0.07679 0.49443 -0.86582
vn -0.07677 0.49441 -0.86583
vn 0.07059 -0.02177 0.99727
vn 0.07048 -0.02171 0.99728
vn 0.07053 -0.02174 0.99727
vn 0.07042 -0.02168 0.99728
vn 0.07111 -0.73810 0.67094
vn 0.03589 -0.99824 0.04711
vn 0.06528 0.12475 0.99004
vn 0.06525 0.12478 0.99004
vn 0.06528 0.12475 0.99004
vn 0.06530 0.12472 0.99004
vn 0.07080 -0.02861 0.99708
vn -0.03589 0.99824 -0.04711
vn -0.02053 -0.76198 -0.64727
vn -0.02044 -0.76177 -0.64752
vn -0.02048 -0.76186 -0.64742
vn -0.02058 -0.76210 -0.64713
vn -0.71257 -0.69665 0.08323
vn -0.71239 -0.69682 0.08331
vn -0.71246 -0.69676 0.08328
vn -0.71267 -0.69655 0.08319
vn 0.07289 -0.69454 0.71575
vn 0.07281 -0.69468 0.71562
vn 0.07276 -0.69478 0.71554
vn 0.07295 -0.69441 0.71587
vn 0.72135 -0.69241 -0.01491
vn 0.72145 -0.69231 -0.01488
vn 0.72129 -0.69247 -0.01494
vn 0.72154 -0.69222 -0.01485
vn 0.07413 -0.16073 0.98421
vn 0.99702 0.03279 -0.06980
vn -0.99702 -0.03279 0.06980
# 56 normals
f  175/208/399 176/209/400 177/210/401
f  178/211/402 175/208/399 177/210/401
f  179/210/403 180/208/404 181/211/405
f  179/210/403 182/212/406 180/208/404
f  183/213/407 182/212/408 179/210/409
f  184/214/410 185/215/411 186/216/412
f  185/215/411 182/212/408 186/216/412
f  186/216/412 182/212/408 183/213/407
f  177/210/413 176/209/414 187/213/415
f  188/216/416 189/217/417 190/214/418
f  187/213/415 176/209/414 188/216/416
f  188/216/416 176/209/414 189/217/417
f  176/218/419 182/212/419 189/219/419
f  189/219/419 182/212/419 185/215/419
f  180/220/420 182/212/421 176/218/422
f  180/220/420 176/218/422 175/221/423
f  188/222/424 190/223/425 186/224/426
f  190/223/425 184/225/427 186/224/426
f  187/226/428 188/222/428 183/227/428
f  188/222/428 186/224/428 183/227/428
f  189/223/429 185/225/429 190/223/429
f  190/223/429 185/225/429 184/225/429
f  181/228/430 178/229/431 177/230/432
f  179/231/433 181/228/430 177/230/432
f  187/226/434 183/227/434 177/230/434
f  177/230/434 183/227/434 179/231/434
f  181/232/435 175/208/435 178/211/435
f  180/233/435 175/208/435 181/232/435
f  191/234/436 192/235/437 193/236/438
f  194/237/439 191/234/436 193/236/438
f  195/234/440 191/234/441 194/237/442
f  195/234/440 194/237/442 196/237/443
f  195/234/444 197/236/445 198/235/446
f  196/237/447 197/236/445 195/234/444
f  197/236/448 192/235/449 198/235/450
f  193/236/451 192/235/449 197/236/448
f  195/234/452 198/235/452 199/238/452
f  199/238/452 198/235/452 200/239/452
f  194/237/429 193/236/429 196/237/429
f  196/237/429 193/236/429 197/236/429
f  198/235/453 192/235/453 200/239/453
f  199/238/454 191/234/454 195/234/454
# object HandR
g HandR
v 0.01736 0.01610 -0.00207
v 0.01662 0.01421 -0.00228
v 0.01723 0.01474 0.00542
v 0.01790 0.01717 0.00511
v 0.02257 0.01492 0.00499
v 0.02197 0.01439 -0.00271
v 0.02104 0.01623 -0.00237
v 0.02159 0.01729 0.00481
v 0.01738 0.00987 0.00527
v 0.01678 0.01008 -0.00203
v 0.01764 0.00670 -0.00124
v 0.01809 0.00654 0.00424
v 0.02103 0.00681 -0.00151
v 0.02145 0.01023 -0.00241
v 0.02205 0.01002 0.00489
v 0.02148 0.00666 0.00396
# 16 verticies
vt 0.65124 0.18415
vt 0.66224 0.18315
vt 0.65824 0.23715
vt 0.64324 0.23515
vt 0.72524 0.23715
vt 0.72924 0.18315
vt 0.71824 0.18415
vt 0.71024 0.23515
vt 0.68724 0.23715
vt 0.68724 0.18515
vt 0.70724 0.19215
vt 0.70724 0.23115
vt 0.77424 0.19215
vt 0.75424 0.18515
vt 0.75424 0.23715
vt 0.77424 0.23115
vt 0.65824 0.27315
vt 0.64324 0.26715
vt 0.64324 0.24215
vt 0.70824 0.24215
vt 0.68724 0.26915
vt 0.70824 0.26515
vt 0.66224 0.18215
vt 0.66224 0.14615
vt 0.65024 0.17615
vt 0.65024 0.15115
vt 0.68724 0.14615
vt 0.68724 0.17715
vt 0.70724 0.15115
vt 0.70724 0.17315
vt 0.64224 0.23415
vt 0.61424 0.18415
vt 0.64224 0.18415
vt 0.61424 0.23415
# 34 texture verticies
vn -0.94106 0.33524 0.04500
vn -0.98436 0.16320 0.06634
vn -0.99042 0.12434 0.06013
vn -0.96216 0.27050 0.03286
vn 0.98554 0.13522 -0.10213
vn 0.98104 0.17212 -0.08909
vn 0.89198 0.43915 -0.10733
vn 0.92011 0.37108 -0.12529
vn -0.98695 -0.14154 0.07683
vn -0.99056 -0.11272 0.07798
vn -0.97045 -0.23003 0.07294
vn -0.97048 -0.22992 0.07288
vn 0.98589 -0.14417 -0.08502
vn 0.98849 -0.12902 -0.07904
vn 0.98839 -0.12617 -0.08471
vn 0.98591 -0.14406 -0.08508
vn 0.07942 0.03723 0.99615
vn 0.07668 0.10667 0.99133
vn 0.07954 0.03268 0.99630
vn 0.07654 0.10690 0.99132
vn 0.08482 -0.15386 0.98445
vn 0.08671 -0.27898 0.95637
vn 0.08465 -0.14517 0.98578
vn 0.08676 -0.27902 0.95636
vn -0.08201 0.03563 -0.99599
vn -0.08173 0.02695 -0.99629
vn -0.08469 0.14150 -0.98631
vn -0.08461 0.14133 -0.98634
vn -0.07495 -0.15318 -0.98535
vn -0.07520 -0.14681 -0.98630
vn -0.07038 -0.24486 -0.96700
vn -0.07030 -0.24494 -0.96699
vn -0.04430 0.98862 -0.14379
vn -0.04432 0.98861 -0.14380
vn -0.04433 0.98861 -0.14380
vn -0.04428 0.98862 -0.14378
# 36 normals
f  201/240/455 202/241/456 203/242/457
f  204/243/458 201/240/455 203/242/457
f  205/244/459 206/245/460 207/246/461
f  205/244/459 207/246/461 208/247/462
f  209/248/463 210/249/464 211/250/465
f  209/248/463 211/250/465 212/251/466
f  213/252/467 214/253/468 215/254/469
f  216/255/470 213/252/467 215/254/469
f  214/253/468 206/245/460 205/244/459
f  215/254/469 214/253/468 205/244/459
f  203/242/457 202/241/456 210/249/464
f  203/242/457 210/249/464 209/248/463
f  205/256/471 208/257/472 203/242/473
f  203/242/473 208/257/472 204/258/474
f  209/248/475 212/259/476 215/260/477
f  212/259/476 216/261/478 215/260/477
f  205/256/471 203/242/473 215/260/477
f  215/260/477 203/242/473 209/248/475
f  206/262/479 202/263/480 207/264/481
f  207/264/481 202/263/480 201/265/482
f  210/266/483 214/267/484 211/268/485
f  211/268/485 214/267/484 213/269/486
f  210/266/483 202/263/480 214/267/484
f  214/267/484 202/263/480 206/262/479
f  204/270/487 207/271/488 201/272/489
f  208/273/490 207/271/488 204/270/487
# object GunpodMain
g GunpodMain
v 0.01962 0.04325 0.01190
v 0.02032 0.04331 0.01074
v 0.01954 0.04397 0.01123
v 0.01858 0.04218 0.01085
v 0.01967 0.04217 0.01203
v 0.01875 0.04326 0.01087
v 0.02055 0.04224 0.01069
v 0.02043 0.04880 0.00804
v 0.01908 0.04878 0.00739
v 0.01785 0.04872 0.00825
v 0.01797 0.04867 0.00975
v 0.01932 0.04869 0.01040
v 0.02055 0.04876 0.00954
v 0.02232 0.00488 0.00627
v 0.02036 0.00485 0.00533
v 0.02014 0.01234 0.00556
v 0.02209 0.01237 0.00650
v 0.01836 0.01225 0.00680
v 0.01859 0.00475 0.00657
v 0.01854 0.01218 0.00897
v 0.01877 0.00469 0.00874
v 0.02049 0.01221 0.00991
v 0.02072 0.00472 0.00967
v 0.02226 0.01231 0.00867
v 0.02249 0.00481 0.00844
v 0.01914 0.04579 0.00700
v 0.01768 0.04572 0.00802
v 0.01783 0.04566 0.00981
v 0.01944 0.04569 0.01059
v 0.02090 0.04577 0.00956
v 0.02075 0.04582 0.00777
v 0.01974 0.03916 0.01172
v 0.02227 0.03929 0.00986
v 0.02309 0.01232 0.00902
v 0.02285 0.01241 0.00603
v 0.02203 0.03938 0.00687
v 0.01712 0.04571 0.00775
v 0.01732 0.04564 0.01016
v 0.01949 0.04567 0.01120
v 0.02146 0.04577 0.00983
v 0.02126 0.04584 0.00741
v 0.01909 0.04581 0.00637
v 0.01753 0.01223 0.00646
v 0.02005 0.01237 0.00455
v 0.02057 0.01218 0.01093
v 0.01777 0.01215 0.00945
v 0.01670 0.03920 0.00731
v 0.01923 0.03934 0.00540
v 0.01695 0.03912 0.01029
v 0.01949 0.01483 0.00228
v 0.02006 0.01485 0.00223
v 0.01971 0.01849 0.00293
v 0.01907 0.01317 -0.00353
v 0.01965 0.01319 -0.00358
v 0.01920 0.01062 -0.00305
v 0.01977 0.01064 -0.00309
v 0.01966 0.01213 0.00332
v 0.02024 0.01215 0.00327
v 0.01989 0.00926 0.00492
v 0.02046 0.00928 0.00487
v 0.01979 0.02194 0.00529
# 61 verticies
vt 0.01424 0.91115
vt 0.01224 0.90015
vt 0.02824 0.90015
vt 0.02824 0.90915
vt 0.01324 0.95615
vt 0.02224 0.95115
vt 0.03124 0.95615
vt 0.03124 0.96615
vt 0.02224 0.97215
vt 0.01324 0.96615
vt 0.34524 0.95484
vt 0.34524 0.94361
vt 0.30024 0.94361
vt 0.30024 0.95484
vt 0.30024 0.96984
vt 0.34524 0.96984
vt 0.30024 0.98015
vt 0.34524 0.98015
vt 0.04724 0.88615
vt 0.04724 0.88115
vt 0.06524 0.87915
vt 0.06524 0.88515
vt 0.06524 0.89815
vt 0.04724 0.89715
vt 0.06524 0.90415
vt 0.04724 0.90215
vt 0.04724 0.96715
vt 0.04724 0.97215
vt 0.06524 0.97415
vt 0.06524 0.96815
vt 0.04724 0.95615
vt 0.06524 0.95515
vt 0.06524 0.94915
vt 0.04724 0.95115
vt 0.10424 0.98215
vt 0.08824 0.97515
vt 0.08824 0.98415
vt 0.08824 0.91415
vt 0.08824 0.90515
vt 0.10424 0.91215
vt 0.10424 0.97215
vt 0.26624 0.97215
vt 0.26624 0.95115
vt 0.10424 0.95115
vt 0.03624 0.95315
vt 0.03624 0.97015
vt 0.02224 0.97815
vt 0.00824 0.97015
vt 0.00824 0.95315
vt 0.02224 0.94415
vt 0.26624 0.88115
vt 0.26624 0.87015
vt 0.26624 0.90215
vt 0.26624 0.91215
vt 0.10424 0.88115
vt 0.10424 0.87015
vt 0.10424 0.90215
vt 0.26624 0.98215
vt 0.06524 0.97015
vt 0.06524 0.95315
vt 0.26624 0.94015
vt 0.10424 0.94015
vt 0.06524 0.94415
vt 0.06524 0.88315
vt 0.06524 0.87415
vt 0.06524 0.90015
vt 0.06524 0.90815
vt 0.06524 0.97815
vt 0.40524 0.86915
vt 0.38324 0.87315
vt 0.41624 0.82915
vt 0.43124 0.83315
vt 0.42124 0.87715
vt 0.43824 0.88915
vt 0.36224 0.88915
# 75 texture verticies
vn 0.81038 0.26884 0.52059
vn 0.80669 0.31179 0.50204
vn 0.72362 0.51284 0.46192
vn -0.74671 0.08013 0.66030
vn -0.73321 0.04961 0.67819
vn -0.73213 0.21728 0.64559
vn -0.73430 0.26031 0.62694
vn 0.82783 0.10116 0.55179
vn 0.83626 0.13246 0.53210
vn -0.67254 0.46541 0.57540
vn -0.03049 0.99905 0.03122
vn 0.78697 0.04314 -0.61548
vn -0.14324 0.02655 -0.98933
vn -0.01991 0.03061 -0.99933
vn 0.85639 0.04217 -0.51461
vn -0.87686 -0.01163 -0.48060
vn -0.92892 -0.01674 -0.36991
vn -0.85639 -0.04215 0.51461
vn -0.78703 -0.04322 0.61539
vn 0.01989 -0.03065 0.99933
vn 0.14309 -0.02652 0.98935
vn 0.87682 0.01171 0.48067
vn 0.92888 0.01672 0.37000
vn -0.93975 0.07730 -0.33300
vn -0.57325 0.09285 -0.81410
vn -0.57318 0.09281 -0.81416
vn -0.86745 0.08511 -0.49020
vn -0.86417 0.05174 0.50054
vn -0.76486 0.04985 0.64227
vn -0.43220 0.03938 0.90092
vn -0.43217 0.03940 0.90093
vn 0.85327 0.10314 0.51116
vn 0.56770 0.07244 0.82004
vn 0.56787 0.07234 0.81994
vn 0.92819 0.11071 0.35527
vn 0.86682 0.13670 -0.47951
vn 0.76978 0.13892 -0.62302
vn 0.42722 0.12558 -0.89538
vn 0.42740 0.12570 -0.89528
vn 0.83482 -0.03494 0.54941
vn -0.73155 -0.08673 0.67624
vn 0.91302 0.06455 0.40277
vn 0.90035 0.01467 0.43492
vn 0.84864 0.04231 -0.52728
vn 0.84186 0.09481 -0.53130
vn 0.03034 -0.99906 -0.03109
vn 0.03033 -0.99906 -0.03091
vn 0.03031 -0.99906 -0.03110
vn 0.03027 -0.99906 -0.03112
vn 0.03032 -0.99906 -0.03110
vn 0.03049 -0.99905 -0.03122
vn -0.90054 -0.01384 -0.43455
vn -0.93087 0.03559 -0.36362
vn -0.59998 0.05488 -0.79813
vn -0.60360 0.00653 -0.79726
vn -0.84871 -0.04231 0.52717
vn -0.82264 0.00681 0.56852
vn -0.46498 -0.04162 0.88434
vn -0.45186 0.00841 0.89205
vn 0.58858 0.03987 0.80746
vn 0.60376 -0.00496 0.79715
vn 0.89665 0.11969 0.42626
vn 0.76697 0.15115 -0.62363
vn 0.46598 0.04180 -0.88381
vn 0.45871 0.09215 -0.88379
vn 0.42584 0.14374 -0.89331
vn -0.86548 0.09726 -0.49140
vn -0.57252 0.11071 -0.81238
vn -0.82236 0.06293 0.56548
vn -0.43237 0.05507 0.90001
vn 0.56682 0.08808 0.81912
vn 0.08512 -0.18035 0.97991
vn 0.05367 -0.96100 0.27129
vn 0.07286 0.18892 0.97929
vn -0.05044 0.97271 -0.22648
vn -0.05047 0.97271 -0.22647
vn -0.05088 0.97270 -0.22640
vn -0.05084 0.97270 -0.22641
vn 0.05556 0.49013 0.86988
vn -0.99760 -0.05450 0.04266
vn -0.99140 -0.06841 0.11156
vn -0.99327 -0.07782 0.08573
vn -0.99798 -0.04791 0.04176
vn -0.99620 -0.03289 0.08064
vn -0.99620 -0.03288 0.08063
vn -0.99703 -0.05152 0.05733
vn 0.99430 -0.07439 0.07639
vn 0.99829 -0.01785 -0.05573
vn 0.99276 0.01116 -0.11958
vn 0.99451 0.02273 -0.10217
vn 0.99620 0.03289 -0.08062
vn 0.99620 0.03288 -0.08062
vn 0.99664 0.01334 -0.08077
# 93 normals
usemtl BodyGlow
f  217/274/491 218/275/492 219/275/493
f  220/276/494 221/277/495 217/274/496 222/275/497
f  217/274/491 221/277/498 223/276/499 218/275/492
f  217/274/496 219/275/500 222/275/497
usemtl Body
f  224/278/501 225/279/501 226/280/501 227/281/501 228/282/501 229/283/501
f  230/284/502 231/285/503 232/286/504 233/287/505
f  234/287/506 232/286/504 231/285/503 235/284/507
f  236/288/508 234/287/506 235/284/507 237/289/509
f  238/290/510 236/288/508 237/289/509 239/291/511
f  240/288/512 238/290/510 239/291/511 241/289/513
f  233/287/505 240/288/512 241/289/513 230/284/502
f  226/292/514 225/293/515 242/294/516 243/295/517
f  226/292/514 243/295/517 244/296/518 227/297/519
f  227/297/519 244/296/518 245/298/520 228/299/521
f  229/300/522 228/301/523 245/302/524 246/303/525
f  224/304/526 229/300/522 246/303/525 247/305/527
f  224/304/526 247/305/527 242/306/528 225/307/529
f  248/308/530 223/309/530 221/310/530
f  221/311/531 220/312/531 248/313/531
f  249/314/532 250/315/533 251/316/534 252/317/535
f  253/318/501 254/319/501 255/320/501 256/321/501 257/322/501 258/323/501
f  259/324/536 260/325/537 251/324/538 250/326/539 261/327/540 262/326/541
f  259/324/542 263/328/543 264/329/544 260/325/545
f  262/326/546 265/330/547 263/328/543 259/324/542
f  261/327/548 248/313/549 265/330/547 262/326/546
f  250/315/533 249/314/532 248/308/550 261/331/551
f  256/332/552 249/314/532 252/317/535 257/333/553
f  260/334/554 264/335/555 252/317/535 251/316/534
f  257/333/553 252/317/535 264/335/555 258/336/556
f  253/337/557 258/338/558 264/329/544 263/328/543
f  254/339/559 253/337/557 263/328/543 265/330/547
f  254/339/559 265/330/547 248/313/549 255/340/560
f  256/332/552 255/341/561 248/308/550 249/314/532
f  266/342/562 267/342/562 268/343/562
f  267/342/563 266/342/563 269/344/563 270/344/563
f  270/344/564 269/344/564 271/345/564 272/345/564
f  272/345/565 271/345/566 273/346/567 274/346/568
f  274/346/569 273/346/569 275/347/569 276/347/569
f  276/347/570 277/348/571 268/343/572 267/342/573 270/344/574 272/345/575 274/346/576
f  268/343/577 277/348/578 275/347/579 273/346/580 271/345/581 269/344/582 266/342/583
# object Chest
g Chest
v 0.00046 0.00259 0.02108
v 0.00186 0.00145 0.01818
v 0.00443 0.00717 0.02108
v -0.00317 0.00968 0.00719
v -0.00976 0.01212 0.02108
v -0.00606 0.01196 0.02108
v 0.00262 0.00437 0.00113
v 0.01322 -0.00090 0.02108
v 0.01638 -0.00825 0.00719
v 0.01059 -0.00294 0.00113
v 0.01890 -0.01092 0.02108
v 0.01145 0.00008 0.01818
v 0.00555 0.00549 0.01818
v 0.01623 -0.01170 0.00638
v 0.00918 -0.00524 -0.00081
v 0.00044 0.00277 -0.00081
v -0.00660 0.00923 0.00639
v 0.01931 -0.01469 0.02108
v 0.00901 -0.00525 0.02108
v 0.00775 -0.00395 0.01818
v -0.00065 0.00138 0.01193
v -0.00084 0.00117 0.02108
v -0.00786 0.00853 0.01194
v -0.00904 0.00869 0.02108
v 0.00045 0.00259 0.01162
v -0.00777 0.01025 0.01162
v 0.01591 -0.01418 0.02108
v 0.00771 -0.00666 0.02108
v 0.01564 -0.01301 0.01194
v 0.00790 -0.00646 0.01193
v 0.00900 -0.00525 0.01162
v 0.01735 -0.01278 0.01162
v -0.00018 0.00148 0.00650
v -0.00104 -0.00162 0.00650
v -0.00077 -0.00146 0.01842
v 0.00023 0.00138 0.01842
v 0.00387 0.00511 0.00650
v 0.00467 0.00485 0.01842
v 0.00835 0.00630 0.00650
v 0.00793 0.00504 0.01842
v 0.00155 -0.00480 0.01842
v 0.00155 -0.00480 0.00650
v 0.01086 0.00536 0.00650
v 0.00979 0.00419 0.01842
v 0.00508 -0.00682 0.01842
v 0.00494 -0.00710 0.00649
v 0.00796 -0.00597 0.00649
v 0.00782 -0.00558 0.01842
v 0.01089 -0.00086 0.01842
v 0.01122 -0.00163 0.00649
v 0.01201 0.00294 0.00650
v 0.01079 0.00241 0.01842
# 52 verticies
vt 0.35424 0.42515
vt 0.36624 0.42515
vt 0.35424 0.46315
vt 0.08824 0.84815
vt 0.00324 0.82915
vt 0.00324 0.84615
vt 0.09024 0.77015
vt 0.04324 0.73415
vt 0.08724 0.64915
vt 0.15824 0.64915
vt 0.20224 0.73415
vt 0.15524 0.77015
vt 0.22424 0.64915
vt 0.14724 0.66715
vt 0.09924 0.66715
vt 0.48324 0.73815
vt 0.27224 0.64915
vt 0.42624 0.78215
vt 0.35524 0.78215
vt 0.29724 0.73815
vt 0.15824 0.84815
vt 0.15524 0.82915
vt 0.11124 0.84815
vt 0.09724 0.82915
vt 0.22624 0.82915
vt 0.22324 0.84815
vt 0.09324 0.82915
vt 0.02124 0.64915
vt 0.50924 0.64915
vt 0.42524 0.64915
vt 0.41424 0.66715
vt 0.36724 0.66715
vt 0.35524 0.64915
vt 0.36624 0.46015
vt 0.35524 0.42415
vt 0.27124 0.42415
vt 0.28824 0.44015
vt 0.41424 0.46015
vt 0.41424 0.42515
vt 0.42524 0.46315
vt 0.42524 0.42415
vt 0.49124 0.44015
vt 0.50824 0.42415
vt 0.35624 0.70415
vt 0.35624 0.64915
vt 0.29524 0.70415
vt 0.28924 0.64915
vt 0.28824 0.40615
vt 0.35524 0.40615
vt 0.29024 0.70415
vt 0.49224 0.64915
vt 0.48624 0.70415
vt 0.42524 0.70415
vt 0.49124 0.40615
vt 0.42524 0.40615
vt 0.49124 0.70415
vt 0.66124 0.50215
vt 0.66124 0.48215
vt 0.59424 0.48415
vt 0.59424 0.50415
vt 0.66124 0.54115
vt 0.59424 0.54315
vt 0.66124 0.56915
vt 0.59424 0.56115
vt 0.66424 0.45015
vt 0.59624 0.42615
vt 0.59624 0.44915
vt 0.66424 0.42615
vt 0.66224 0.61715
vt 0.59424 0.61315
vt 0.66224 0.60215
vt 0.59424 0.60215
vt 0.61924 0.32615
vt 0.58724 0.30215
vt 0.61224 0.30815
vt 0.61324 0.36115
vt 0.56324 0.30815
vt 0.59924 0.37615
vt 0.55624 0.32615
vt 0.56124 0.36115
vt 0.58724 0.38115
vt 0.57524 0.37615
# 82 texture verticies
vn 0.64147 -0.55655 0.52798
vn 0.63015 -0.55770 0.54027
vn 0.62241 -0.55838 0.54847
vn -0.05570 0.97854 -0.19837
vn 0.01856 0.98620 -0.16451
vn 0.04318 0.98728 -0.15303
vn 0.62686 0.76176 -0.16362
vn 0.50684 0.85321 -0.12309
vn 0.53055 0.83936 -0.11829
vn 0.79019 0.60133 -0.11834
vn 0.80605 0.57889 -0.12314
vn 0.69969 0.69548 -0.16349
vn 0.86838 0.49189 -0.06293
vn 0.66676 0.72736 -0.16242
vn 0.66682 0.72730 -0.16242
vn -0.67726 -0.73572 -0.00518
vn -0.67683 -0.73611 -0.00670
vn -0.67576 -0.73712 -0.00000
vn -0.67576 -0.73712 -0.00001
vn -0.67574 -0.73714 0.00001
vn 0.01606 0.76012 -0.64958
vn 0.02460 0.76188 -0.64725
vn 0.04200 0.76528 -0.64232
vn 0.04950 0.76667 -0.64013
vn 0.39807 0.43429 -0.80804
vn 0.39806 0.43428 -0.80805
vn 0.39806 0.43429 -0.80805
vn 0.39806 0.43427 -0.80806
vn 0.98044 0.02444 -0.19532
vn 0.98218 0.08534 -0.16743
vn 0.97893 0.00474 -0.20414
vn 0.98178 0.10558 -0.15796
vn 0.75871 0.10839 -0.64234
vn 0.75682 0.09063 -0.64731
vn 0.75579 0.08191 -0.64967
vn 0.75945 0.11605 -0.64013
vn 0.41473 0.90777 -0.06284
vn -0.67578 -0.73706 -0.00829
vn -0.68440 -0.72893 -0.01610
vn -0.68532 -0.72811 -0.01386
vn -0.07904 0.97476 -0.20877
vn -0.67879 -0.73404 -0.02089
vn -0.68153 -0.73052 -0.04312
vn 0.61015 -0.55930 0.56116
vn 0.00001 -0.00010 1.00000
vn -0.00005 -0.00015 1.00000
vn 0.00004 -0.00004 1.00000
vn 0.00000 -0.00000 1.00000
vn -0.61010 0.55926 0.56125
vn -0.61024 0.57938 0.54031
vn -0.61025 0.57159 0.54853
vn -0.61008 0.59079 0.52798
vn 0.00022 0.00002 1.00000
vn 0.00007 -0.00004 1.00000
vn 0.00006 -0.00007 1.00000
vn 0.00005 -0.00006 1.00000
vn -0.70404 -0.70950 -0.03055
vn -0.69004 -0.72195 -0.05129
vn -0.89139 -0.43551 -0.12551
vn -0.86453 -0.49185 -0.10330
vn 0.73698 -0.67592 -0.00003
vn 0.73721 -0.67567 -0.00009
vn 0.73726 -0.67560 -0.00011
vn 0.73693 -0.67597 -0.00002
vn 0.00011 0.00001 1.00000
vn 0.00007 -0.00006 1.00000
vn -0.97840 0.00795 -0.20658
vn -0.97602 -0.16971 -0.13631
vn -0.42867 -0.89768 -0.10207
vn -0.65942 -0.75003 -0.05126
vn -0.36098 -0.92368 -0.12847
vn -0.64582 -0.76288 -0.03054
vn -0.73726 0.67560 0.00011
vn -0.73721 0.67567 0.00009
vn -0.73698 0.67592 0.00003
vn -0.73693 0.67597 0.00002
vn -0.00000 -0.00011 1.00000
vn -0.10978 -0.98452 -0.13665
vn 0.09138 -0.97231 -0.21507
vn -0.86035 0.50905 0.02593
vn -0.96326 0.26795 0.01836
vn -0.94779 0.31736 0.03132
vn -0.79389 0.60640 0.04491
vn -0.49474 0.86814 0.03968
vn -0.34161 0.93669 0.07693
vn -0.21340 0.97553 0.05289
vn -0.05756 0.99300 0.10315
vn -0.78839 -0.61514 0.00668
vn -0.67566 -0.73694 0.01995
vn -0.82188 -0.56905 0.02626
vn -0.67577 -0.73712 -0.00000
vn 0.34934 0.93043 0.11073
vn 0.40197 0.90735 0.12302
vn 0.67077 0.73172 0.12108
vn 0.66963 0.73088 0.13196
vn 0.39837 -0.91669 0.03117
vn 0.35049 -0.93639 0.01822
vn 0.58171 -0.81299 0.02577
vn 0.67291 -0.73837 0.04475
vn 0.96279 -0.25913 0.07675
vn 0.90777 -0.41761 0.03951
vn 0.99039 -0.12789 0.05271
vn 0.99427 0.02878 0.10296
vn -0.49576 -0.86806 0.02622
vn -0.54450 -0.83873 0.00667
vn 0.86885 0.47956 0.12300
vn 0.89666 0.42868 0.11060
# 107 normals
f  278/349/584 279/350/585 280/351/586
f  281/352/587 282/353/588 283/354/589
f  284/355/590 281/356/591 280/357/592
f  285/358/593 286/359/594 287/360/595
f  285/358/593 288/361/596 286/359/594
f  285/358/593 287/360/595 289/362/597
f  287/360/595 284/355/590 290/363/598
f  291/364/599 282/365/600 292/366/601
f  292/366/601 282/365/600 293/367/602
f  293/367/602 282/365/600 294/368/603
f  284/369/604 293/370/605 281/371/606
f  293/370/605 294/372/607 281/371/606
f  292/373/608 293/370/609 287/374/610
f  287/374/610 293/370/609 284/369/611
f  286/352/612 295/353/613 291/375/614
f  288/354/615 295/353/613 286/352/612
f  286/371/616 292/370/617 287/369/618
f  286/371/616 291/372/619 292/370/617
f  281/356/591 283/376/620 280/357/592
f  290/363/598 284/355/590 280/357/592
f  289/362/597 287/360/595 290/363/598
f  295/377/621 296/378/622 291/364/599
f  291/364/599 296/378/622 297/379/623
f  294/375/624 282/353/588 281/352/587
f  291/364/599 279/380/625 282/365/600
f  279/380/625 278/381/626 282/365/600
f  297/379/623 279/380/625 291/364/599
f  280/351/586 279/350/585 290/382/627
f  278/383/628 280/351/629 282/384/630
f  282/384/630 280/351/629 283/385/631
f  289/386/632 297/387/633 285/388/634
f  285/388/634 297/387/633 296/389/635
f  288/390/636 285/388/637 295/391/638
f  295/391/638 285/388/637 296/389/639
f  290/382/631 279/350/631 289/386/631
f  289/386/631 279/350/631 297/387/631
f  298/392/640 299/393/641 300/394/642
f  300/394/642 299/393/641 301/395/643
f  278/393/644 298/392/645 302/392/646
f  278/393/644 299/393/647 298/392/645
f  301/396/648 299/397/649 278/383/628
f  282/384/630 301/396/648 278/383/628
f  303/398/650 300/394/642 282/365/651
f  300/394/642 301/395/643 282/365/651
f  304/399/652 305/378/653 306/400/654
f  306/400/654 305/378/653 307/401/655
f  308/401/656 307/401/657 296/378/658
f  307/401/657 305/378/659 296/378/658
f  296/389/639 304/402/660 295/391/638
f  296/389/639 305/403/649 304/402/660
f  295/377/661 304/399/652 306/400/654
f  295/377/661 306/400/654 309/404/662
f  310/405/663 311/406/664 312/407/665
f  310/405/663 312/407/665 313/408/666
f  314/409/667 313/408/666 315/410/668
f  314/409/667 310/405/663 313/408/666
f  316/411/669 314/409/667 315/410/668
f  316/411/669 315/410/668 317/412/670
f  311/413/671 318/414/672 312/415/673
f  319/416/674 318/414/672 311/413/671
f  316/417/675 317/418/676 320/419/677
f  320/419/677 317/418/676 321/420/678
f  322/407/679 323/406/680 324/405/681
f  325/408/682 322/407/679 324/405/681
f  326/410/683 325/408/682 327/409/684
f  325/408/682 324/405/681 327/409/684
f  326/410/683 327/409/684 328/411/685
f  329/412/686 326/410/683 328/411/685
f  322/415/687 318/414/672 323/413/688
f  323/413/688 318/414/672 319/416/674
f  320/419/677 329/418/689 328/417/690
f  321/420/678 329/418/689 320/419/677
f  325/421/631 318/422/631 322/423/631
f  326/424/631 318/422/631 325/421/631
f  312/425/631 318/422/631 326/424/631
f  329/426/631 312/425/631 326/424/631
f  313/427/631 312/425/631 329/426/631
f  315/428/631 313/427/631 329/426/631
f  321/429/631 317/430/631 329/426/631
f  317/430/631 315/428/631 329/426/631
# object AnkleL
g AnkleL
v -0.00459 -0.00144 -0.01650
v 0.00042 0.00343 -0.01424
v -0.00232 -0.00173 -0.00319
v -0.00071 0.00327 -0.02053
v 0.00211 0.00604 -0.01608
v 0.00180 0.00649 -0.02073
v -0.00520 -0.00117 -0.02009
v -0.00694 0.00898 -0.01904
v -0.00401 0.01168 -0.01934
v -0.01067 0.00384 -0.01878
v -0.00654 0.00198 -0.00423
v -0.00570 0.00892 -0.01430
v -0.01005 0.00358 -0.01519
v -0.00349 0.01111 -0.01556
v -0.00842 0.01028 -0.02352
v -0.00689 0.00992 -0.02376
v -0.00838 0.00924 -0.02741
v -0.00945 0.00916 -0.02353
v -0.00896 0.00767 -0.02378
v -0.00587 0.00980 -0.01903
v -0.00803 0.01032 -0.01869
v -0.00949 0.00873 -0.01870
v -0.00879 0.00662 -0.01905
v -0.00652 0.00945 -0.01624
v -0.00586 0.00890 -0.01558
v -0.00852 0.00728 -0.01626
v -0.00792 0.00666 -0.01560
v -0.00671 0.00760 -0.01412
v -0.00857 0.00934 -0.01782
# 29 verticies
vt 0.62224 0.07915
vt 0.63924 0.03115
vt 0.70324 0.07515
vt 0.60324 0.03415
vt 0.62824 0.00815
vt 0.60324 0.00515
vt 0.60324 0.07915
vt 0.60424 0.13615
vt 0.60424 0.13315
vt 0.60424 0.08315
vt 0.60424 0.13515
vt 0.70624 0.07515
vt 0.63024 0.03115
vt 0.62424 0.00815
vt 0.60324 0.00615
vt 0.75024 0.00915
vt 0.69624 0.00915
vt 0.69424 0.03115
vt 0.75024 0.03115
vt 0.74724 0.07515
vt 0.62424 0.13215
vt 0.62324 0.13515
vt 0.62324 0.08315
vt 0.70424 0.08615
vt 0.69224 0.12315
vt 0.62424 0.08315
vt 0.52824 0.13015
vt 0.52824 0.12415
vt 0.50624 0.13515
vt 0.52824 0.14115
vt 0.52824 0.14615
vt 0.55724 0.12015
vt 0.55724 0.12815
vt 0.55724 0.14315
vt 0.55724 0.15015
vt 0.57324 0.12515
vt 0.57824 0.12415
vt 0.57324 0.14615
vt 0.57824 0.14615
vt 0.58724 0.13515
vt 0.56224 0.13515
# 41 texture verticies
vn 0.70856 -0.69152 -0.14048
vn 0.74385 -0.65643 -0.12563
vn 0.72191 -0.67816 -0.13762
vn 0.74580 -0.65430 -0.12519
vn 0.78572 -0.60682 -0.12007
vn 0.78022 -0.61555 -0.11114
vn 0.68453 -0.70894 -0.16975
vn -0.16864 0.07272 -0.98299
vn -0.16867 0.07269 -0.98299
vn -0.16865 0.07271 -0.98299
vn -0.16868 0.07269 -0.98299
vn -0.16864 0.07274 -0.98299
vn -0.16863 0.07274 -0.98299
vn -0.75892 0.56407 0.32538
vn -0.72924 0.64174 0.23744
vn -0.77630 0.58079 0.24503
vn -0.71976 0.66636 0.19472
vn -0.79167 0.58417 0.17890
vn -0.64687 0.73942 0.18657
vn -0.65345 0.73046 0.19856
vn 0.32641 0.34177 0.88128
vn 0.29621 0.23188 0.92655
vn 0.44324 0.45755 0.77084
vn 0.48256 0.57194 0.66334
vn 0.54134 0.69248 0.47688
vn 0.51719 0.71919 0.46398
vn 0.67005 0.74199 0.02204
vn 0.67100 0.74108 0.02383
vn 0.66884 0.74315 0.01976
vn -0.66360 -0.74405 0.07758
vn -0.66684 -0.74283 0.05940
vn -0.66449 -0.74269 0.08284
vn -0.66999 -0.73592 0.09770
vn -0.66592 -0.73938 0.09931
vn -0.66683 -0.74284 0.05941
vn 0.67209 0.74001 0.02590
vn -0.29968 0.94912 -0.09676
vn 0.21046 0.96766 -0.13907
vn -0.69266 0.63893 -0.33464
vn -0.97809 0.17305 -0.11570
vn -0.94529 -0.29038 -0.14867
vn 0.26875 0.95983 0.08062
vn -0.29298 0.93083 0.21846
vn -0.94875 0.24003 0.20557
vn -0.93435 -0.34930 0.07057
vn -0.17166 0.83857 0.51705
vn 0.20625 0.84673 0.49041
vn -0.85412 0.09613 0.51112
vn -0.83054 -0.27975 0.48161
vn -0.59373 0.54095 0.59571
vn -0.63292 0.57751 0.51565
# 51 normals
f  330/431/691 331/432/692 332/433/693
f  333/434/694 331/432/692 330/431/691
f  333/434/694 334/435/695 331/432/692
f  333/434/694 335/436/696 334/435/695
f  336/437/697 333/434/694 330/431/691
f  337/438/698 338/439/699 333/440/700
f  338/439/699 335/440/701 333/440/700
f  339/441/702 337/438/698 336/440/703
f  337/438/698 333/440/700 336/440/703
f  340/442/704 341/443/705 342/431/706
f  342/431/706 337/434/707 339/437/708
f  342/431/706 341/443/705 337/434/707
f  343/444/709 338/445/710 337/434/707
f  334/446/711 343/447/712 341/448/713
f  331/449/714 334/446/711 341/448/713
f  340/442/715 331/449/714 341/448/713
f  332/450/716 331/449/714 340/442/715
f  343/451/717 335/440/718 338/439/719
f  342/452/720 336/440/721 330/453/722
f  332/454/723 340/455/724 330/453/722
f  330/453/722 340/455/724 342/452/720
f  339/441/725 336/440/721 342/452/720
f  341/443/705 343/444/709 337/434/707
f  334/456/726 335/440/718 343/451/717
f  344/457/727 345/458/728 346/459/729
f  347/460/730 344/457/727 346/459/729
f  347/460/730 346/459/729 348/461/731
f  344/457/727 349/462/732 345/458/728
f  350/463/733 349/462/732 344/457/727
f  351/464/734 344/457/727 347/460/730
f  351/464/734 350/463/733 344/457/727
f  352/465/735 347/460/730 348/461/731
f  351/464/734 347/460/730 352/465/735
f  353/466/736 349/462/732 350/463/733
f  354/467/737 349/462/732 353/466/736
f  355/468/738 351/464/734 352/465/735
f  356/469/739 355/468/738 352/465/735
f  357/470/740 354/467/737 353/466/736
f  356/469/739 357/470/740 355/468/738
f  358/471/741 353/466/736 350/463/733
f  358/471/741 350/463/733 351/464/734
f  355/468/738 358/471/741 351/464/734
f  357/470/740 353/466/736 355/468/738
f  355/468/738 353/466/736 358/471/741
# object LegL
g LegL
v -0.00699 0.00319 -0.03668
v -0.00311 0.00427 -0.03071
v -0.00638 0.00148 -0.03052
v -0.00550 0.00600 -0.03866
v -0.00459 0.00852 -0.03858
v -0.00127 0.00827 -0.03063
v -0.01052 0.00477 -0.02973
v -0.00857 0.00861 -0.02967
v -0.01004 0.00561 -0.03610
v -0.00812 0.00807 -0.03817
v -0.00512 0.01132 -0.02990
v -0.00588 0.00954 -0.03833
v -0.00505 -0.00013 -0.02060
v -0.00125 0.00301 -0.02083
v -0.00394 0.00145 -0.01626
v -0.00152 0.00331 -0.01642
v 0.00103 0.00756 -0.02075
v -0.00035 0.00601 -0.01636
v -0.00784 0.00454 -0.01553
v -0.00786 0.00825 -0.01958
v -0.01004 0.00383 -0.01965
v -0.00659 0.00733 -0.01546
v -0.00424 0.00910 -0.01562
v -0.00397 0.01152 -0.01981
# 24 verticies
vt 0.39624 0.32115
vt 0.43824 0.30215
vt 0.43824 0.33015
vt 0.38224 0.30215
vt 0.38224 0.28215
vt 0.43824 0.27015
vt 0.49224 0.33615
vt 0.49224 0.30215
vt 0.51824 0.32215
vt 0.51824 0.30215
vt 0.49324 0.26615
vt 0.51824 0.28215
vt 0.49324 0.33615
vt 0.49224 0.26615
vt 0.38224 0.25915
vt 0.38224 0.23515
vt 0.38224 0.25415
vt 0.38224 0.23015
vt 0.43924 0.22815
vt 0.43924 0.26215
vt 0.49324 0.22515
vt 0.51924 0.22915
vt 0.51924 0.26115
vt 0.43924 0.33915
vt 0.39624 0.34615
vt 0.39624 0.36415
vt 0.43924 0.37315
vt 0.51924 0.37215
vt 0.51924 0.34015
vt 0.49324 0.37715
# 30 texture verticies
vn 0.67465 -0.66641 -0.31741
vn 0.77144 -0.56946 -0.28389
vn 0.62003 -0.74883 -0.23414
vn 0.81882 -0.45810 -0.34596
vn 0.87656 -0.33453 -0.34601
vn 0.87080 -0.40121 -0.28416
vn -0.89202 0.44993 0.04319
vn -0.76375 0.64550 -0.00416
vn -0.84693 0.52905 -0.05312
vn -0.68443 0.72442 -0.08235
vn -0.62257 0.78254 -0.00700
vn -0.57399 0.81380 -0.09087
vn 0.63486 -0.77092 -0.05131
vn 0.78417 -0.61802 -0.05593
vn 0.62379 -0.77471 0.10344
vn 0.78567 -0.61220 0.08911
vn 0.89288 -0.44547 -0.06570
vn 0.90044 -0.42301 0.10135
vn -0.84661 0.38955 0.36264
vn -0.76101 0.60702 0.22889
vn -0.87546 0.42639 0.22749
vn -0.72735 0.58684 0.35579
vn -0.56672 0.74108 0.36004
vn -0.62045 0.75458 0.21369
vn -0.31220 -0.17022 -0.93464
vn 0.17979 0.43781 -0.88091
vn 0.38449 0.64356 -0.66181
vn -0.29694 -0.14883 -0.94323
vn -0.43715 -0.35366 -0.82694
vn -0.43712 -0.35378 -0.82691
vn 0.59791 0.78855 -0.14387
vn 0.59628 0.78831 -0.15175
vn 0.63184 0.75460 0.17707
vn 0.63181 0.75494 0.17574
vn 0.61021 0.66772 0.42638
vn 0.61024 0.66766 0.42642
vn -0.62936 -0.77146 -0.09358
vn -0.63152 -0.76096 -0.14874
vn -0.63149 -0.76098 -0.14872
vn -0.62944 -0.77112 -0.09581
vn -0.51896 -0.75179 0.40681
vn -0.51895 -0.75179 0.40682
vn -0.58876 -0.78681 0.18518
vn -0.58855 -0.78673 0.18620
# 44 normals
f  359/472/742 360/473/743 361/474/744
f  359/472/742 362/475/745 360/473/743
f  363/476/746 364/477/747 360/473/743
f  362/475/745 363/476/746 360/473/743
f  365/474/748 366/473/749 367/472/750
f  366/473/749 368/475/751 367/472/750
f  366/473/749 369/477/752 370/476/753
f  366/473/749 370/476/753 368/475/751
f  371/478/754 372/479/755 373/480/756
f  373/480/756 372/479/755 374/481/757
f  372/479/755 375/482/758 376/483/759
f  372/479/755 376/483/759 374/481/757
f  377/480/760 378/479/761 379/484/762
f  380/481/763 378/479/761 377/480/760
f  381/483/764 382/485/765 378/479/761
f  380/481/763 381/483/764 378/479/761
f  379/484/762 378/479/761 365/474/748
f  378/479/761 366/473/749 365/474/748
f  378/479/761 382/485/765 369/477/752
f  378/479/761 369/477/752 366/473/749
f  361/474/744 372/479/755 371/478/754
f  361/474/744 360/473/743 372/479/755
f  364/477/747 375/482/758 372/479/755
f  360/473/743 364/477/747 372/479/755
f  362/486/766 370/487/767 363/488/768
f  368/489/769 370/487/767 362/486/766
f  367/487/770 362/486/766 359/488/771
f  367/487/770 368/489/769 362/486/766
f  363/488/768 369/490/772 364/491/773
f  370/487/767 369/490/772 363/488/768
f  375/482/774 382/492/775 381/493/776
f  376/494/777 375/482/774 381/493/776
f  369/490/772 382/492/775 375/482/774
f  369/490/772 375/482/774 364/491/773
f  365/495/778 367/496/779 359/497/780
f  365/495/778 359/497/780 361/498/781
f  373/499/782 377/500/783 371/501/784
f  371/501/784 377/500/783 379/484/785
f  371/501/784 365/495/778 361/498/781
f  379/484/785 365/495/778 371/501/784
# object ShinL
g ShinL
v -0.00918 0.01384 -0.03995
v -0.01406 0.01188 -0.04911
v -0.01668 0.00801 -0.04673
v -0.01155 0.01034 -0.03778
v -0.00697 0.00031 -0.04857
v -0.00435 0.00418 -0.05096
v -0.00096 0.00732 -0.04151
v -0.00332 0.00382 -0.03935
v -0.00119 0.00694 -0.03248
v -0.00636 0.00325 -0.03782
v -0.01064 0.00664 -0.03701
v -0.00695 0.01151 -0.03138
v -0.02365 0.00576 -0.07085
v -0.02439 0.00135 -0.08088
v -0.02810 -0.00412 -0.07756
v -0.02657 0.00145 -0.06819
v -0.01744 0.00677 -0.07335
v -0.00100 0.01118 -0.04272
v 0.00137 0.01029 -0.03297
v -0.00439 0.01485 -0.03187
v -0.00528 0.01458 -0.04191
v -0.02234 -0.00868 -0.07865
v -0.01357 -0.00223 -0.07276
v -0.01649 -0.00655 -0.07010
v -0.01863 -0.00321 -0.08197
v -0.01315 0.00337 -0.07416
v -0.02524 -0.00462 -0.06684
v -0.01103 -0.00057 -0.04649
v -0.02095 -0.00802 -0.06765
v -0.00846 0.01297 -0.05194
v -0.00418 0.00957 -0.05275
v -0.01532 0.00283 -0.04568
v -0.01738 0.01134 -0.07017
v -0.01333 0.01568 -0.06082
v -0.01052 0.01119 -0.05494
v -0.01835 0.00601 -0.07203
v -0.01316 0.01008 -0.05911
# 37 verticies
vt 0.17524 0.23415
vt 0.12424 0.23215
vt 0.12424 0.26915
vt 0.17524 0.26815
vt 0.38524 0.12415
vt 0.38524 0.08715
vt 0.44824 0.08915
vt 0.44824 0.12315
vt 0.49424 0.12115
vt 0.44824 0.14115
vt 0.23924 0.08315
vt 0.17724 0.07615
vt 0.17724 0.12915
vt 0.23924 0.12415
vt 0.24524 0.05215
vt 0.44824 0.06615
vt 0.50324 0.09315
vt 0.23924 0.15515
vt 0.38524 0.15015
vt 0.38524 0.05315
vt 0.02424 0.01715
vt 0.09024 0.01015
vt 0.12024 0.04215
vt 0.00324 0.04215
vt 0.09024 0.04415
vt 0.17624 0.20315
vt 0.17624 0.15315
vt 0.49624 0.15315
vt 0.50524 0.15315
vt 0.50524 0.20315
vt 0.49624 0.20315
vt 0.23924 0.20015
vt 0.38524 0.15615
vt 0.44924 0.20015
vt 0.38524 0.20015
vt 0.44924 0.15615
vt 0.44924 0.05115
vt 0.38524 0.00715
vt 0.38524 0.05115
vt 0.44924 0.00715
vt 0.24424 0.00715
vt 0.17624 0.05415
vt 0.17624 0.00415
vt 0.50324 0.00515
vt 0.50324 0.05415
vt 0.00724 0.22815
vt 0.00724 0.26915
# 47 texture verticies
vn -0.72470 0.64280 0.24824
vn -0.74893 0.63102 0.20230
vn -0.74400 0.63364 0.21204
vn -0.72471 0.64276 0.24830
vn 0.58290 -0.81123 0.04622
vn 0.90021 -0.36760 -0.23342
vn 0.91057 -0.38463 -0.15144
vn 0.59726 -0.79299 0.12022
vn 0.72854 -0.68190 0.06512
vn 0.30982 -0.91314 0.26494
vn -0.83289 -0.09326 0.54553
vn -0.76193 0.48420 0.43015
vn -0.83277 0.17754 0.52438
vn -0.55313 0.79902 -0.23581
vn -0.69570 0.67519 -0.24520
vn -0.94688 0.31961 -0.03559
vn -0.97387 0.07453 0.21454
vn -0.26016 0.93121 -0.25526
vn 0.95681 -0.08710 -0.27737
vn 0.88107 -0.46648 -0.07819
vn -0.58871 0.76759 0.25341
vn -0.21385 0.97529 -0.05552
vn -0.42189 0.89891 0.11819
vn 0.61238 -0.75623 -0.23044
vn 0.83420 -0.44426 -0.32672
vn 0.56853 -0.81962 -0.07069
vn 0.77429 -0.51285 -0.37076
vn 0.90375 -0.16495 -0.39502
vn -0.92714 -0.12460 0.35338
vn 0.31306 -0.92919 0.19645
vn 0.35260 -0.93217 0.08205
vn -0.24912 0.96064 -0.12293
vn -0.24367 0.96198 -0.12340
vn 0.93963 -0.13513 -0.31438
vn -0.86951 -0.12576 0.47764
vn -0.86557 -0.12590 0.48470
vn 0.91165 -0.00510 -0.41094
vn 0.91133 0.03222 -0.41042
vn 0.91163 0.01471 -0.41074
vn 0.91140 -0.02108 -0.41099
vn -0.85286 0.12919 0.50590
vn -0.90142 0.10178 0.42081
vn -0.89928 0.09691 0.42650
vn -0.93057 0.05623 0.36178
vn -0.93174 0.04236 0.36064
vn -0.38483 -0.27428 -0.88129
vn -0.07404 -0.31948 0.94470
vn 0.18722 0.00087 0.98232
vn 0.18716 0.00084 0.98233
vn -0.07890 -0.32504 0.94240
vn -0.60195 -0.78891 0.12363
vn -0.60199 -0.78887 0.12367
vn -0.60197 -0.78889 0.12365
vn -0.60200 -0.78885 0.12369
vn -0.46771 -0.71438 0.52049
vn -0.39172 -0.64982 0.65137
vn -0.46876 -0.71519 0.51842
vn -0.39488 -0.65266 0.64661
vn -0.48548 -0.72822 0.48373
vn -0.48546 -0.72824 0.48372
vn 0.58354 0.78536 -0.20662
vn 0.53813 0.76386 -0.35628
vn 0.53248 0.76044 -0.37176
vn 0.59258 0.78767 -0.16859
vn 0.50962 0.74546 -0.42962
vn 0.33159 0.59373 -0.73316
vn 0.33160 0.59371 -0.73318
vn 0.33158 0.59376 -0.73315
vn 0.33162 0.59368 -0.73319
vn 0.61053 0.78829 -0.07645
vn 0.61053 0.78829 -0.07645
vn -0.76736 0.61989 0.16403
vn -0.76736 0.61988 0.16403
# 73 normals
f  383/502/786 384/503/787 385/504/788
f  386/505/789 383/502/786 385/504/788
f  387/506/790 388/507/791 389/508/792
f  387/506/790 389/508/792 390/509/793
f  390/509/793 391/510/794 392/511/795
f  393/511/796 394/510/797 386/509/798
f  395/512/799 396/513/800 397/514/801
f  398/515/802 395/512/799 397/514/801
f  395/512/799 399/516/803 396/513/800
f  389/508/792 400/517/804 401/518/805
f  402/518/806 403/517/807 383/508/808
f  404/514/809 405/512/810 406/515/811
f  404/514/809 407/513/812 405/512/810
f  407/513/812 408/516/813 405/512/810
f  409/519/814 398/515/802 397/514/801
f  410/520/815 387/506/790 392/511/795
f  387/506/790 390/509/793 392/511/795
f  404/514/809 406/515/811 411/519/816
f  403/517/807 412/521/817 384/507/818
f  383/508/808 403/517/807 384/507/818
f  388/507/791 413/521/819 400/517/804
f  388/507/791 400/517/804 389/508/792
f  384/507/818 399/516/803 395/512/799
f  412/521/817 399/516/803 384/507/818
f  388/507/791 408/516/813 413/521/819
f  405/512/810 408/516/813 388/507/791
f  390/509/793 389/508/792 391/510/794
f  391/510/794 389/508/792 401/518/805
f  394/510/797 383/508/808 386/509/798
f  402/518/806 383/508/808 394/510/797
f  414/520/820 398/515/802 409/519/814
f  385/506/821 398/515/802 414/520/820
f  393/511/796 386/509/798 385/506/821
f  393/511/796 385/506/821 414/520/820
f  411/519/816 406/515/811 410/520/815
f  410/520/815 406/515/811 387/506/790
f  415/522/822 416/523/823 417/524/824
f  418/525/825 415/522/822 417/524/824
f  417/524/826 416/523/827 419/526/828
f  419/526/828 416/523/827 415/522/829
f  419/526/828 415/522/829 418/525/830
f  396/527/831 407/528/831 404/528/831
f  397/527/831 396/527/831 404/528/831
f  391/529/832 401/530/833 402/531/834
f  391/529/832 402/531/834 394/532/835
f  409/533/836 397/527/837 411/519/838
f  397/527/837 404/528/839 411/519/838
f  410/534/840 393/535/841 414/536/842
f  410/534/840 392/537/843 393/535/841
f  409/533/844 410/534/840 414/536/842
f  411/519/845 410/534/840 409/533/844
f  392/537/843 391/529/832 393/535/841
f  393/535/841 391/529/832 394/532/835
f  403/538/846 413/539/847 412/540/848
f  400/541/849 413/539/847 403/538/846
f  412/540/848 408/542/850 399/516/850
f  413/539/847 408/542/850 412/540/848
f  396/543/851 408/542/852 407/544/853
f  399/516/854 408/542/852 396/543/851
f  401/545/855 400/541/849 402/546/856
f  402/546/856 400/541/849 403/538/846
f  384/503/787 395/547/857 398/548/858
f  385/504/788 384/503/787 398/548/858
f  406/515/811 388/507/791 387/506/790
f  406/515/811 405/512/810 388/507/791
# object ToeL
g ToeL
v -0.02158 -0.00050 -0.08428
v -0.01901 -0.00255 -0.08598
v -0.01752 -0.00363 -0.07423
v -0.02331 0.00097 -0.07313
v -0.02466 0.00194 -0.08491
v -0.02031 -0.00142 -0.07370
v -0.01807 0.00461 -0.06977
v -0.01825 0.00538 -0.07393
v -0.01426 0.00159 -0.07050
v -0.01444 0.00235 -0.07465
v -0.01699 0.00247 -0.08858
v -0.02080 0.00550 -0.08785
v -0.01882 0.00393 -0.08823
# 13 verticies
vt 0.01124 0.09215
vt 0.00424 0.06915
vt 0.07324 0.06815
vt 0.07324 0.11815
vt 0.00424 0.11715
vt 0.07324 0.09215
vt 0.16424 0.13415
vt 0.13924 0.13015
vt 0.14324 0.17715
vt 0.05824 0.14015
vt 0.07424 0.17715
vt 0.01224 0.14115
vt 0.03024 0.14115
vt 0.03024 0.17715
vt 0.04624 0.14115
vt 0.00224 0.17715
vt 0.05624 0.17715
# 17 texture verticies
vn -0.62092 -0.78385 0.00673
vn -0.62092 -0.78385 0.00673
vn -0.62092 -0.78385 0.00673
vn -0.62090 -0.78386 0.00672
vn -0.62090 -0.78386 0.00672
vn -0.62090 -0.78386 0.00672
vn -0.62091 -0.78385 0.00673
vn -0.62090 -0.78386 0.00672
vn 0.03418 0.98308 0.17997
vn 0.05282 0.99412 0.09455
vn -0.63608 0.75753 0.14679
vn 0.93166 0.36234 0.02664
vn 0.98365 0.15227 -0.09614
vn 0.92365 0.34532 -0.16619
vn 0.87974 -0.44721 -0.16142
vn -0.62737 0.76856 0.12541
vn 0.01917 0.99980 0.00505
vn 0.87621 -0.46039 -0.14245
vn -0.37470 -0.43883 -0.81672
vn -0.47109 -0.40613 -0.78303
vn -0.44455 -0.34986 -0.82461
vn -0.53224 -0.31540 -0.78565
vn -0.20632 -0.48169 -0.85171
vn -0.62462 -0.14581 -0.76720
# 24 normals
usemtl BodyGlow
f  420/549/859 421/550/860 422/551/861
f  423/552/862 424/553/863 420/549/864
f  425/554/865 420/549/859 422/551/861
f  423/552/862 420/549/864 425/554/866
usemtl Body
f  426/555/867 427/556/868 423/557/869
f  428/555/870 429/556/871 427/556/868
f  430/558/872 429/556/871 421/559/873
f  424/559/874 427/556/868 431/558/875
f  423/557/869 427/556/868 424/559/874
f  428/555/870 427/556/868 426/555/867
f  422/557/876 429/556/871 428/555/870
f  421/559/873 429/556/871 422/557/876
f  431/558/875 427/556/868 430/558/872
f  427/556/868 429/556/871 430/558/872
usemtl BodyGlow
f  431/560/877 432/561/878 420/562/879
f  432/561/878 430/563/880 420/562/879
f  424/564/881 431/560/877 420/562/879
f  420/562/879 430/563/880 421/565/882
# object AnkleR
g AnkleR
v 0.00124 -0.01278 -0.00624
v 0.00910 -0.00554 -0.01272
v 0.00677 -0.00982 -0.01820
v 0.01146 -0.00423 -0.01851
v 0.01168 -0.00300 -0.01269
v 0.01380 -0.00149 -0.01658
v 0.00843 -0.00901 -0.02135
v 0.01945 -0.00679 -0.01496
v 0.01764 -0.00989 -0.01671
v 0.01386 -0.01399 -0.01977
v 0.01220 -0.01480 -0.01662
v 0.01561 -0.01054 -0.01231
v 0.00600 -0.01587 -0.00684
v 0.01747 -0.00780 -0.01180
v 0.02120 -0.00804 -0.02421
v 0.02014 -0.00797 -0.02035
v 0.02077 -0.00943 -0.02045
v 0.02002 -0.01050 -0.02124
v 0.01864 -0.01011 -0.02193
v 0.01811 -0.00882 -0.01604
v 0.01900 -0.01088 -0.01618
v 0.01794 -0.01240 -0.01730
v 0.01598 -0.01185 -0.01827
v 0.01698 -0.01051 -0.01399
v 0.01608 -0.01021 -0.01346
v 0.01553 -0.01258 -0.01552
v 0.01458 -0.01235 -0.01504
v 0.01460 -0.01168 -0.01300
v 0.01795 -0.01181 -0.01601
# 29 verticies
vt 0.70324 0.07515
vt 0.63924 0.03115
vt 0.62224 0.07915
vt 0.60324 0.03415
vt 0.62824 0.00815
vt 0.60324 0.00515
vt 0.60324 0.07915
vt 0.60424 0.08315
vt 0.60424 0.13315
vt 0.60424 0.13615
vt 0.60424 0.13515
vt 0.63024 0.03115
vt 0.70624 0.07515
vt 0.60324 0.00615
vt 0.62424 0.00815
vt 0.69424 0.03115
vt 0.69624 0.00915
vt 0.75024 0.00915
vt 0.75024 0.03115
vt 0.74724 0.07515
vt 0.62424 0.13215
vt 0.62324 0.08315
vt 0.62324 0.13515
vt 0.69224 0.12315
vt 0.70424 0.08615
vt 0.62424 0.08315
vt 0.50624 0.13515
vt 0.52824 0.12415
vt 0.52824 0.13015
vt 0.52824 0.14115
vt 0.52824 0.14615
vt 0.55724 0.12015
vt 0.55724 0.12815
vt 0.55724 0.14315
vt 0.55724 0.15015
vt 0.57324 0.12515
vt 0.57824 0.12415
vt 0.57324 0.14615
vt 0.57824 0.14615
vt 0.58724 0.13515
vt 0.56224 0.13515
# 41 texture verticies
vn -0.74414 0.64178 -0.18539
vn -0.73431 0.65983 -0.15942
vn -0.75181 0.62912 -0.19746
vn -0.73303 0.66170 -0.15756
vn -0.70209 0.70169 -0.12125
vn -0.71173 0.69231 -0.11892
vn -0.75113 0.61612 -0.23706
vn 0.45502 0.22277 -0.86217
vn 0.45500 0.22275 -0.86218
vn 0.45502 0.22278 -0.86216
vn 0.45500 0.22273 -0.86219
vn 0.45504 0.22280 -0.86215
vn 0.45504 0.22278 -0.86215
vn 0.63215 -0.74290 0.22020
vn 0.67792 -0.69008 0.25341
vn 0.58434 -0.75897 0.28724
vn 0.66241 -0.73178 0.16035
vn 0.71280 -0.66259 0.23000
vn 0.75253 -0.59602 0.28011
vn 0.76318 -0.58447 0.27557
vn 0.02865 0.16768 0.98542
vn -0.19270 -0.05087 0.97994
vn -0.08529 0.00597 0.99634
vn 0.15980 0.25683 0.95315
vn 0.31947 0.39427 0.86168
vn 0.35417 0.37983 0.85457
vn 0.49445 0.68915 0.52970
vn 0.49060 0.68939 0.53297
vn 0.49229 0.68929 0.53154
vn -0.53136 -0.72372 -0.44032
vn -0.52262 -0.71707 -0.46117
vn -0.53095 -0.72107 -0.44514
vn -0.53383 -0.73088 -0.42525
vn -0.52912 -0.73363 -0.42640
vn -0.52263 -0.71707 -0.46116
vn 0.48864 0.68950 0.53463
vn 0.86817 -0.44142 -0.22678
vn 0.86816 0.35179 0.35007
vn 0.96484 -0.13549 0.22521
vn 0.44285 -0.83736 -0.32048
vn 0.02862 -0.84546 -0.53328
vn 0.76887 0.32187 0.55248
vn 0.83538 -0.24997 0.48955
vn 0.38239 -0.92396 -0.00838
vn -0.10464 -0.92435 -0.36691
vn 0.61630 -0.26082 0.74307
vn 0.53799 0.09777 0.83726
vn 0.12103 -0.96764 0.22141
vn -0.21320 -0.97595 0.04554
vn 0.42650 -0.71128 0.55873
vn 0.49758 -0.71321 0.49371
# 51 normals
usemtl Body
f  433/566/883 434/567/884 435/568/885
f  435/568/885 434/567/884 436/569/886
f  434/567/884 437/570/887 436/569/886
f  437/570/887 438/571/888 436/569/886
f  435/568/885 436/569/886 439/572/889
f  436/573/890 440/574/891 441/575/892
f  436/573/890 438/573/893 440/574/891
f  439/573/894 441/575/892 442/576/895
f  439/573/894 436/573/890 441/575/892
f  443/568/896 444/577/897 445/578/898
f  442/572/899 441/569/900 443/568/896
f  441/569/900 444/577/897 443/568/896
f  441/569/900 440/579/901 446/580/902
f  444/581/903 446/582/904 437/583/905
f  444/581/903 437/583/905 434/584/906
f  444/581/903 434/584/906 445/578/907
f  445/578/907 434/584/906 433/585/908
f  440/574/909 438/573/910 446/586/911
f  435/587/912 439/573/913 443/588/914
f  435/587/912 445/589/915 433/590/916
f  443/588/914 445/589/915 435/587/912
f  443/588/914 439/573/913 442/576/917
f  441/569/900 446/580/902 444/577/897
f  446/586/911 438/573/910 437/591/918
f  447/592/919 448/593/920 449/594/921
f  447/592/919 449/594/921 450/595/922
f  451/596/923 447/592/919 450/595/922
f  448/593/920 452/597/924 449/594/921
f  449/594/921 452/597/924 453/598/925
f  450/595/922 449/594/921 454/599/926
f  449/594/921 453/598/925 454/599/926
f  451/596/923 450/595/922 455/600/927
f  455/600/927 450/595/922 454/599/926
f  453/598/925 452/597/924 456/601/928
f  456/601/928 452/597/924 457/602/929
f  455/600/927 454/599/926 458/603/930
f  455/600/927 458/603/930 459/604/931
f  456/601/928 457/602/929 460/605/932
f  458/603/930 460/605/932 459/604/931
f  453/598/925 456/601/928 461/606/933
f  454/599/926 453/598/925 461/606/933
f  454/599/926 461/606/933 458/603/930
f  458/603/930 456/601/928 460/605/932
f  461/606/933 456/601/928 458/603/930
# object LegR
g LegR
v 0.01627 -0.00521 -0.02950
v 0.01751 -0.00182 -0.02715
v 0.02055 -0.00277 -0.03361
v 0.02321 -0.00016 -0.03320
v 0.02014 0.00035 -0.02438
v 0.02495 0.00097 -0.03151
v 0.02339 -0.00537 -0.03278
v 0.02259 -0.00648 -0.02567
v 0.02012 -0.00874 -0.02838
v 0.02565 -0.00239 -0.03250
v 0.02614 -0.00013 -0.03116
v 0.02372 -0.00293 -0.02334
v 0.00924 -0.00938 -0.01757
v 0.01155 -0.00475 -0.01950
v 0.01018 -0.00867 -0.02216
v 0.00999 -0.00689 -0.01596
v 0.01179 -0.00549 -0.01409
v 0.01449 -0.00210 -0.01629
v 0.01482 -0.01292 -0.02081
v 0.01770 -0.01039 -0.01771
v 0.01286 -0.01270 -0.01652
v 0.01471 -0.01122 -0.01458
v 0.01914 -0.00636 -0.01495
v 0.01542 -0.00881 -0.01304
# 24 verticies
vt 0.43824 0.33015
vt 0.43824 0.30215
vt 0.39624 0.32115
vt 0.38224 0.30215
vt 0.43824 0.27015
vt 0.38224 0.28215
vt 0.51824 0.32215
vt 0.49224 0.30215
vt 0.49224 0.33615
vt 0.51824 0.30215
vt 0.51824 0.28215
vt 0.49324 0.26615
vt 0.49324 0.33615
vt 0.49224 0.26615
vt 0.38224 0.25415
vt 0.38224 0.23515
vt 0.38224 0.25915
vt 0.38224 0.23015
vt 0.43924 0.26215
vt 0.43924 0.22815
vt 0.51924 0.22915
vt 0.49324 0.22515
vt 0.51924 0.26115
vt 0.39624 0.36415
vt 0.39624 0.34615
vt 0.43924 0.33915
vt 0.43924 0.37315
vt 0.49324 0.37715
vt 0.51924 0.34015
vt 0.51924 0.37215
# 30 texture verticies
vn -0.74000 0.54263 -0.39743
vn -0.62312 0.72481 -0.29389
vn -0.65498 0.63990 -0.40190
vn -0.52064 0.81051 -0.26834
vn -0.51839 0.83739 -0.17331
vn -0.43841 0.87967 -0.18432
vn 0.76143 -0.64806 -0.01576
vn 0.80765 -0.57918 0.11071
vn 0.67017 -0.74220 0.00364
vn 0.87884 -0.46282 0.11589
vn 0.91772 -0.34832 0.19096
vn 0.87278 -0.43303 0.22525
vn -0.90827 0.39250 -0.14486
vn -0.76615 0.62790 -0.13694
vn -0.84236 0.47146 -0.26108
vn -0.82434 0.56576 -0.01936
vn -0.71306 0.68950 0.12701
vn -0.65708 0.75359 -0.01867
vn 0.56537 -0.81271 0.14090
vn 0.67432 -0.68571 0.27404
vn 0.46635 -0.85251 0.23612
vn 0.59099 -0.71516 0.37320
vn 0.75374 -0.53309 0.38432
vn 0.66049 -0.55244 0.50849
vn 0.68370 0.72755 -0.05683
vn 0.67957 0.61358 -0.40213
vn 0.37164 0.11342 -0.92142
vn 0.38772 0.13385 -0.91201
vn 0.21694 -0.07165 -0.97355
vn 0.21706 -0.07165 -0.97352
vn 0.50930 0.70985 0.48654
vn 0.50553 0.70784 0.49336
vn 0.15516 0.44821 0.88036
vn 0.32794 0.59120 0.73685
vn 0.32708 0.59059 0.73772
vn 0.15509 0.44821 0.88037
vn -0.34472 -0.60378 -0.71876
vn -0.34468 -0.60379 -0.71877
vn -0.37793 -0.62787 -0.68040
vn -0.37666 -0.62690 -0.68200
vn -0.52512 -0.71781 -0.45716
vn -0.61620 -0.74922 -0.24282
vn -0.61619 -0.74923 -0.24283
vn -0.52557 -0.71806 -0.45625
# 44 normals
f  462/607/934 463/608/935 464/609/936
f  463/608/935 465/610/937 464/609/936
f  463/608/935 466/611/938 467/612/939
f  463/608/935 467/612/939 465/610/937
f  468/609/940 469/608/941 470/607/942
f  468/609/940 471/610/943 469/608/941
f  472/612/944 473/611/945 469/608/941
f  471/610/943 472/612/944 469/608/941
f  474/613/946 475/614/947 476/615/948
f  477/616/949 475/614/947 474/613/946
f  478/617/950 479/618/951 475/614/947
f  477/616/949 478/617/950 475/614/947
f  480/619/952 481/614/953 482/613/954
f  482/613/954 481/614/953 483/616/955
f  481/614/953 484/620/956 485/617/957
f  481/614/953 485/617/957 483/616/955
f  470/607/942 481/614/953 480/619/952
f  470/607/942 469/608/941 481/614/953
f  473/611/945 484/620/956 481/614/953
f  469/608/941 473/611/945 481/614/953
f  476/615/948 475/614/947 462/607/934
f  475/614/947 463/608/935 462/607/934
f  475/614/947 479/618/951 466/611/938
f  475/614/947 466/611/938 463/608/935
f  467/621/958 472/622/959 465/623/960
f  465/623/960 472/622/959 471/624/961
f  464/621/962 465/623/960 468/622/963
f  465/623/960 471/624/961 468/622/963
f  466/625/964 473/626/965 467/621/958
f  467/621/958 473/626/965 472/622/959
f  485/627/966 484/628/967 479/618/968
f  485/627/966 479/618/968 478/629/969
f  479/618/968 484/628/967 473/626/965
f  466/625/964 479/618/968 473/626/965
f  464/630/970 468/631/971 470/632/972
f  462/633/973 464/630/970 470/632/972
f  476/634/974 482/635/975 474/636/976
f  480/619/977 482/635/975 476/634/974
f  462/633/973 470/632/972 476/634/974
f  476/634/974 470/632/972 480/619/977
# object ShinR
g ShinR
v 0.02713 -0.01134 -0.04015
v 0.03074 -0.00794 -0.04186
v 0.03047 -0.00335 -0.03234
v 0.02721 -0.00643 -0.03080
v 0.02282 0.00366 -0.03456
v 0.02171 0.00034 -0.04448
v 0.01809 -0.00306 -0.04278
v 0.01955 0.00058 -0.03302
v 0.01935 -0.00259 -0.03170
v 0.02125 0.00282 -0.02570
v 0.02661 -0.00208 -0.02414
v 0.02334 -0.00624 -0.03054
v 0.02171 -0.02287 -0.07280
v 0.02681 -0.01805 -0.07516
v 0.02957 -0.01714 -0.06457
v 0.02555 -0.02093 -0.06267
v 0.02975 -0.01071 -0.06668
v 0.02410 0.00597 -0.02561
v 0.02675 0.00438 -0.03520
v 0.03074 0.00073 -0.03404
v 0.02946 0.00106 -0.02405
v 0.01617 -0.01235 -0.06539
v 0.02019 -0.00855 -0.06729
v 0.01636 -0.01796 -0.07436
v 0.02145 -0.01315 -0.07671
v 0.02576 -0.00706 -0.06784
v 0.01921 -0.02079 -0.06218
v 0.01770 -0.00734 -0.04099
v 0.01522 -0.01714 -0.06334
v 0.03116 -0.00207 -0.04430
v 0.02717 0.00158 -0.04546
v 0.02169 -0.01099 -0.03983
v 0.03022 -0.00423 -0.04760
v 0.03592 -0.00583 -0.05284
v 0.03375 -0.01003 -0.06286
v 0.02900 -0.01182 -0.06552
v 0.03020 -0.00677 -0.05197
# 37 verticies
vt 0.30024 0.26915
vt 0.30024 0.23215
vt 0.35124 0.23415
vt 0.35124 0.26815
vt 0.44824 0.08915
vt 0.38524 0.08715
vt 0.38524 0.12415
vt 0.44824 0.12315
vt 0.44824 0.14115
vt 0.49424 0.12115
vt 0.17724 0.12915
vt 0.17724 0.07615
vt 0.23924 0.08315
vt 0.23924 0.12415
vt 0.24524 0.05215
vt 0.50324 0.09315
vt 0.44824 0.06615
vt 0.23924 0.15515
vt 0.38524 0.15015
vt 0.38524 0.05315
vt 0.12024 0.04215
vt 0.09024 0.01015
vt 0.02424 0.01715
vt 0.00324 0.04215
vt 0.09024 0.04415
vt 0.17624 0.15315
vt 0.17624 0.20315
vt 0.50524 0.20315
vt 0.50524 0.15315
vt 0.49624 0.15315
vt 0.49624 0.20315
vt 0.23924 0.20015
vt 0.38524 0.20015
vt 0.44924 0.20015
vt 0.38524 0.15615
vt 0.44924 0.15615
vt 0.38524 0.05115
vt 0.38524 0.00715
vt 0.44924 0.05115
vt 0.44924 0.00715
vt 0.24424 0.00715
vt 0.17624 0.00415
vt 0.17624 0.05415
vt 0.50324 0.05415
vt 0.50324 0.00515
vt 0.18324 0.26915
vt 0.18324 0.22815
# 47 texture verticies
vn 0.72491 -0.63040 0.27767
vn 0.72456 -0.63516 0.26754
vn 0.72539 -0.61188 0.31530
vn 0.72544 -0.61185 0.31524
vn -0.52179 0.83482 -0.17550
vn -0.49198 0.83261 -0.25439
vn -0.90360 0.42496 -0.05392
vn -0.89876 0.43787 0.02246
vn -0.98244 0.12535 0.13818
vn -0.80733 0.58999 -0.01130
vn 0.25439 -0.81771 0.51636
vn 0.55266 -0.68777 0.47067
vn -0.01206 -0.86744 0.49739
vn 0.49122 -0.87080 -0.02019
vn 0.81969 -0.54801 -0.16668
vn 0.91247 -0.38647 -0.13432
vn 0.22307 -0.95608 0.19016
vn 0.98950 -0.07392 -0.12423
vn -0.60615 0.78682 -0.11614
vn -0.22342 0.94087 -0.25465
vn 0.93632 -0.26111 0.23481
vn 0.99614 -0.03280 0.08139
vn 0.82075 -0.45655 0.34342
vn -0.89288 0.41646 -0.17127
vn -0.54155 0.75963 -0.36011
vn -0.81724 0.48040 -0.31832
vn -0.59113 0.69121 -0.41568
vn -0.27340 0.88185 -0.38418
vn 0.00143 -0.95404 0.29967
vn -0.98920 0.12978 0.06816
vn -0.98356 0.17512 -0.04410
vn 0.99812 -0.06023 0.01128
vn 0.99777 -0.06584 0.01133
vn -0.26189 0.91765 -0.29887
vn -0.02731 -0.90510 0.42431
vn -0.02916 -0.90169 0.43140
vn -0.09772 0.92266 -0.37304
vn -0.08066 0.92546 -0.37016
vn -0.11697 0.91914 -0.37615
vn -0.13248 0.91605 -0.37856
vn 0.20185 -0.89155 0.40545
vn 0.20776 -0.89245 0.40047
vn 0.21367 -0.84497 0.49027
vn 0.17703 -0.92564 0.33443
vn 0.16391 -0.92920 0.33123
vn -0.07360 -0.37381 -0.92458
vn -0.07360 -0.37372 -0.92462
vn -0.07360 -0.37381 -0.92458
vn -0.07360 -0.37390 -0.92454
vn -0.16973 0.12487 0.97755
vn -0.16974 0.12481 0.97755
vn -0.42786 -0.18647 0.88440
vn -0.43208 -0.19207 0.88114
vn -0.67302 -0.73949 -0.01408
vn -0.67304 -0.73947 -0.01410
vn -0.67300 -0.73951 -0.01405
vn -0.67306 -0.73945 -0.01413
vn -0.68085 -0.61906 0.39142
vn -0.64993 -0.53972 0.53507
vn -0.68052 -0.61802 0.39363
vn -0.65143 -0.54305 0.52984
vn -0.68540 -0.63590 0.35475
vn -0.68538 -0.63592 0.35476
vn 0.69277 0.68088 -0.23765
vn 0.69290 0.68612 -0.22165
vn 0.68465 0.72559 -0.06901
vn 0.67995 0.73261 -0.03078
vn 0.69044 0.65925 -0.29781
vn 0.61765 0.47570 -0.62628
vn 0.61770 0.47568 -0.62624
vn 0.61767 0.47569 -0.62626
vn 0.61773 0.47567 -0.62622
vn 0.66445 0.74484 0.06100
vn 0.66444 0.74484 0.06100
vn 0.72241 -0.65298 0.22746
vn 0.72241 -0.65298 0.22747
# 76 normals
f  486/637/978 487/638/979 488/639/980
f  486/637/978 488/639/980 489/640/981
f  490/641/982 491/642/983 492/643/984
f  493/644/985 490/641/982 492/643/984
f  494/645/986 495/646/987 493/644/985
f  489/644/988 496/646/989 497/645/990
f  498/647/991 499/648/992 500/649/993
f  498/647/991 500/649/993 501/650/994
f  499/648/992 502/651/995 500/649/993
f  503/652/996 504/653/997 490/641/982
f  488/641/998 505/653/999 506/652/1000
f  507/650/1001 508/649/1002 509/647/1003
f  508/649/1002 510/648/1004 509/647/1003
f  508/649/1002 511/651/1005 510/648/1004
f  498/647/991 501/650/994 512/654/1006
f  494/645/986 492/643/984 513/655/1007
f  494/645/986 493/644/985 492/643/984
f  514/654/1008 507/650/1001 509/647/1003
f  487/642/1009 515/656/1010 505/653/999
f  487/642/1009 505/653/999 488/641/998
f  504/653/997 516/656/1011 491/642/983
f  490/641/982 504/653/997 491/642/983
f  500/649/993 502/651/995 487/642/1009
f  487/642/1009 502/651/995 515/656/1010
f  516/656/1011 511/651/1005 491/642/983
f  491/642/983 511/651/1005 508/649/1002
f  495/646/987 490/641/982 493/644/985
f  503/652/996 490/641/982 495/646/987
f  489/644/988 488/641/998 496/646/989
f  496/646/989 488/641/998 506/652/1000
f  512/654/1006 501/650/994 517/655/1012
f  517/655/1012 501/650/994 486/643/1013
f  486/643/1013 489/644/988 497/645/990
f  517/655/1012 486/643/1013 497/645/990
f  513/655/1007 507/650/1001 514/654/1008
f  492/643/984 507/650/1001 513/655/1007
f  518/657/1014 519/658/1015 520/659/1016
f  518/657/1014 520/659/1016 521/660/1017
f  522/661/1018 519/658/1019 518/657/1020
f  520/659/1021 519/658/1019 522/661/1018
f  521/660/1022 520/659/1021 522/661/1018
f  509/662/1023 510/662/1024 499/663/1025
f  509/662/1023 499/663/1025 498/663/1026
f  506/664/1027 503/665/1028 495/666/1029
f  496/667/1030 506/664/1027 495/666/1029
f  514/654/1031 498/663/1032 512/668/1033
f  514/654/1031 509/662/1034 498/663/1032
f  517/669/1035 497/670/1036 513/671/1037
f  497/670/1036 494/672/1038 513/671/1037
f  517/669/1035 513/671/1037 512/668/1039
f  512/668/1039 513/671/1037 514/654/1040
f  497/670/1036 495/666/1029 494/672/1038
f  496/667/1030 495/666/1029 497/670/1036
f  515/673/1041 516/674/1042 505/675/1043
f  505/675/1043 516/674/1042 504/676/1044
f  502/651/1045 511/677/1045 515/673/1041
f  515/673/1041 511/677/1045 516/674/1042
f  510/678/1046 511/677/1047 499/679/1048
f  499/679/1048 511/677/1047 502/651/1049
f  505/675/1043 504/676/1044 506/680/1050
f  506/680/1050 504/676/1044 503/681/1051
f  501/682/1052 500/683/1053 487/638/979
f  501/682/1052 487/638/979 486/637/978
f  492/643/984 491/642/983 507/650/1001
f  491/642/983 508/649/1002 507/650/1001
# object ToeR
g ToeR
v 0.01975 -0.01256 -0.06910
v 0.02265 -0.01319 -0.08062
v 0.02489 -0.01545 -0.07872
v 0.02790 -0.01800 -0.07909
v 0.02514 -0.01750 -0.06753
v 0.02234 -0.01493 -0.06835
v 0.02861 -0.01170 -0.06755
v 0.02728 -0.01188 -0.06354
v 0.02507 -0.00845 -0.06858
v 0.02373 -0.00864 -0.06457
v 0.02751 -0.01018 -0.08242
v 0.03106 -0.01342 -0.08139
v 0.02922 -0.01174 -0.08192
# 13 verticies
vt 0.07324 0.06815
vt 0.00424 0.06915
vt 0.01124 0.09215
vt 0.00424 0.11715
vt 0.07324 0.11815
vt 0.07324 0.09215
vt 0.14324 0.17715
vt 0.13924 0.13015
vt 0.16424 0.13415
vt 0.07424 0.17715
vt 0.05824 0.14015
vt 0.03024 0.17715
vt 0.03024 0.14115
vt 0.01224 0.14115
vt 0.04624 0.14115
vt 0.00224 0.17715
vt 0.05624 0.17715
# 17 texture verticies
vn -0.65069 -0.74940 -0.12249
vn -0.65069 -0.74940 -0.12249
vn -0.65070 -0.74939 -0.12249
vn -0.65070 -0.74939 -0.12250
vn -0.65071 -0.74938 -0.12250
vn -0.65070 -0.74939 -0.12249
vn 0.83460 -0.49885 0.23365
vn 0.94592 0.22288 0.23571
vn 0.92716 0.19794 0.31812
vn -0.01888 0.99883 -0.04462
vn 0.17882 0.97826 0.10505
vn -0.57499 0.79407 -0.19706
vn 0.18950 0.97789 -0.08840
vn 0.96959 0.19570 0.14696
vn 0.84660 -0.48717 0.21431
vn -0.58973 0.78723 -0.18026
vn -0.14909 -0.45382 -0.87853
vn -0.20460 -0.49215 -0.84613
vn -0.24958 -0.40139 -0.88125
vn -0.10469 -0.53601 -0.83769
vn -0.31747 -0.24161 -0.91697
vn 0.07493 -0.59776 -0.79817
# 22 normals
usemtl BodyGlow
f  523/684/1054 524/685/1055 525/686/1056
f  525/686/1056 526/687/1057 527/688/1058
f  523/684/1054 525/686/1056 528/689/1059
f  528/689/1059 525/686/1056 527/688/1058
usemtl Body
f  527/690/1060 529/691/1061 530/692/1062
f  529/691/1061 531/691/1063 532/692/1064
f  524/693/1065 531/691/1063 533/694/1066
f  534/694/1067 529/691/1061 526/693/1068
f  526/693/1068 529/691/1061 527/690/1060
f  530/692/1062 529/691/1061 532/692/1064
f  532/692/1064 531/691/1063 523/690/1069
f  523/690/1069 531/691/1063 524/693/1065
f  533/694/1066 529/691/1061 534/694/1067
f  533/694/1066 531/691/1063 529/691/1061
usemtl BodyGlow
f  525/695/1070 535/696/1071 534/697/1072
f  525/695/1070 533/698/1073 535/696/1071
f  525/695/1070 534/697/1072 526/699/1074
f  524/700/1075 533/698/1073 525/695/1070
# object HeadA
g HeadA
v 0.00466 0.00809 0.02584
v 0.00474 0.00628 0.02689
v 0.00466 0.00516 0.02283
v 0.00459 0.00646 0.02288
v 0.00184 0.00812 0.02585
v 0.00173 0.00632 0.02691
v 0.00186 0.00649 0.02289
v 0.00176 0.00519 0.02284
v 0.00189 -0.00068 0.02835
v 0.00445 -0.00070 0.02834
v 0.00473 -0.00452 0.02876
v 0.00153 -0.00449 0.02877
v 0.00203 -0.00344 0.03066
v 0.00427 -0.00347 0.03065
v 0.00485 -0.01054 0.02927
v 0.00128 -0.01050 0.02928
v -0.00124 -0.01047 0.02915
v 0.00737 -0.01056 0.02912
v 0.00630 -0.00765 0.02669
v -0.00013 -0.00758 0.02672
v 0.00629 -0.00765 0.02220
v -0.00014 -0.00758 0.02222
v 0.00628 -0.00736 0.01842
v -0.00015 -0.00729 0.01844
v 0.00493 0.00222 0.02797
v 0.00146 0.00226 0.02798
v -0.00066 0.00141 0.02316
v 0.00154 0.00176 0.02027
v -0.00113 0.00084 0.02706
v 0.00017 0.00081 0.02222
v 0.00017 -0.00035 0.02575
v 0.00016 0.00111 0.01844
v 0.00144 0.00226 0.02991
v 0.00131 -0.01050 0.03181
v 0.00700 0.00133 0.02314
v 0.00479 0.00172 0.02026
v 0.00748 0.00075 0.02703
v 0.00615 -0.00041 0.02572
v 0.00615 0.00075 0.02220
v 0.00614 0.00105 0.01842
v 0.00497 0.00222 0.02989
v 0.00484 -0.01054 0.03180
# 42 verticies
vt 0.75739 0.69113
vt 0.75795 0.69775
vt 0.75763 0.67215
vt 0.75709 0.67247
vt 0.73981 0.69113
vt 0.73924 0.69775
vt 0.74010 0.67247
vt 0.73956 0.67215
vt 0.69982 0.74095
vt 0.69982 0.75919
vt 0.67371 0.76147
vt 0.67371 0.73867
vt 0.68092 0.74209
vt 0.68092 0.75805
vt 0.61325 0.71734
vt 0.59259 0.71734
vt 0.57801 0.71654
vt 0.62783 0.71654
vt 0.62152 0.70247
vt 0.58432 0.70247
vt 0.62152 0.67647
vt 0.58432 0.67647
vt 0.62152 0.65716
vt 0.58432 0.65716
vt 0.63262 0.73735
vt 0.63262 0.76279
vt 0.71985 0.76242
vt 0.71985 0.73772
vt 0.72474 0.67413
vt 0.73846 0.65597
vt 0.72179 0.69869
vt 0.71043 0.70410
vt 0.71449 0.68479
vt 0.71034 0.67619
vt 0.70222 0.69759
vt 0.71708 0.67052
vt 0.71213 0.65472
vt 0.65321 0.65472
vt 0.65151 0.67619
vt 0.65151 0.70239
vt 0.63120 0.71444
vt 0.72091 0.72413
vt 0.74902 0.70336
vt 0.59270 0.73197
vt 0.71985 0.73749
vt 0.63262 0.73749
vt 0.63153 0.73356
vt 0.74761 0.73937
vt 0.77246 0.67413
vt 0.75874 0.65597
vt 0.77540 0.69869
vt 0.61314 0.73197
vt 0.71985 0.76265
vt 0.63262 0.76265
vt 0.74761 0.76077
# 55 texture verticies
vn 0.99891 0.03314 -0.03291
vn 0.99931 0.02623 -0.02619
vn 0.99798 0.04516 -0.04458
vn 0.99665 0.05830 -0.05735
vn 0.00829 0.50416 0.86357
vn -0.99744 0.06567 -0.02845
vn -0.99653 0.07838 -0.02787
vn -0.99827 0.05116 -0.02910
vn -0.99872 0.04113 -0.02954
vn -0.00308 0.03848 -0.99925
vn -0.00459 -0.10746 -0.99420
vn 0.00938 0.64009 0.76825
vn -0.00745 -0.87346 0.48685
vn -0.97449 0.11264 0.19412
vn 0.97796 0.09219 0.18732
vn -0.01047 -0.99995 -0.00001
vn -0.00940 -0.64266 -0.76610
vn -0.01058 -0.99943 -0.03201
vn -0.01062 -0.99896 -0.04425
vn -0.01071 -0.99701 -0.07651
vn 0.00453 0.10146 0.99483
vn 0.00534 0.18285 0.98313
vn 0.00530 0.17906 0.98382
vn -0.84257 0.47887 -0.24651
vn -0.81171 0.49313 -0.31296
vn -0.74221 0.43166 -0.51264
vn -0.86276 0.49601 -0.09809
vn -0.88636 0.46146 -0.03771
vn -0.75098 -0.62999 -0.19784
vn -0.78562 -0.48497 -0.38420
vn -0.79843 -0.45536 -0.39391
vn -0.76433 -0.61253 -0.20150
vn -0.28393 0.95107 -0.12188
vn -0.21556 0.96042 -0.17643
vn -0.49926 0.86359 0.07036
vn -0.99929 0.03724 0.00560
vn -0.99929 0.03721 0.00554
vn -0.99923 0.03871 0.00597
vn -0.99927 0.03725 0.00888
vn -0.78620 -0.09603 -0.61047
vn -0.89969 -0.02151 -0.43601
vn -0.86024 -0.05101 -0.50733
vn -0.75670 -0.11149 -0.64419
vn -0.78234 -0.12552 -0.61007
vn -0.77812 0.25994 0.57180
vn -0.77244 0.26162 0.57870
vn -0.76905 0.41550 0.48572
vn 0.99940 -0.03293 0.01075
vn 0.99987 -0.01159 -0.01099
vn 0.99990 -0.01175 -0.00784
vn 0.99921 -0.03760 0.01311
vn -0.99913 0.04154 0.00348
vn -0.99921 0.03879 0.00914
vn -0.72928 0.11325 0.67478
vn -0.71709 0.10989 0.68826
vn 0.99792 -0.06313 0.01310
vn 0.81966 0.47604 -0.31865
vn 0.85068 0.46113 -0.25241
vn 0.74750 0.41605 -0.51783
vn 0.87226 0.47783 -0.10414
vn 0.89555 0.44280 -0.04392
vn 0.73622 -0.64557 -0.20302
vn 0.74991 -0.62839 -0.20678
vn 0.78595 -0.47195 -0.39943
vn 0.77259 -0.50129 -0.38963
vn 0.25010 0.95391 -0.16585
vn 0.23428 0.95572 -0.17808
vn 0.51771 0.85294 0.06681
vn 0.99987 0.01630 -0.00137
vn 0.99987 0.01631 0.00191
vn 0.99984 0.01777 -0.00099
vn 0.99987 0.01627 -0.00143
vn 0.77974 -0.11243 -0.61593
vn 0.74969 -0.12726 -0.64944
vn 0.85543 -0.06898 -0.51331
vn 0.89598 -0.04032 -0.44226
vn 0.77527 -0.14183 -0.61550
vn 0.78177 0.24534 0.57328
vn 0.78736 0.24354 0.56634
vn 0.78095 0.39926 0.48032
vn -0.99977 -0.01199 0.01772
vn -0.99966 -0.01666 0.02008
vn -0.99996 0.00920 -0.00088
vn -0.99995 0.00935 -0.00403
vn 0.99984 0.01785 0.00217
vn 0.99978 0.02060 -0.00348
vn 0.00605 0.25568 0.96674
vn 0.00348 0.59903 -0.80072
vn 0.00751 0.87658 -0.48120
vn 0.72401 0.09479 0.68324
vn 0.73617 0.09790 0.66968
vn -0.99891 -0.04221 0.02006
# 92 normals
usemtl Body
f  536/701/1076 537/702/1077 538/703/1078
f  539/704/1079 536/701/1076 538/703/1078
f  540/705/1080 541/706/1080 537/702/1080
f  536/701/1080 540/705/1080 537/702/1080
f  542/707/1081 543/708/1082 541/706/1083
f  540/705/1084 542/707/1081 541/706/1083
f  539/704/1085 538/703/1085 543/708/1085
f  542/707/1085 539/704/1085 543/708/1085
f  544/709/1086 545/710/1086 546/711/1086
f  547/712/1086 544/709/1086 546/711/1086
f  548/713/1087 549/714/1087 545/710/1087
f  544/709/1087 548/713/1087 545/710/1087
f  547/712/1088 546/711/1088 549/714/1088
f  548/713/1088 547/712/1088 549/714/1088
f  547/712/1089 548/713/1089 544/709/1089
f  549/714/1090 546/711/1090 545/710/1090
f  550/715/1091 551/716/1091 552/717/1091
f  553/718/1091 550/715/1091 552/717/1091
f  554/719/1092 553/718/1092 552/717/1092
f  555/720/1092 554/719/1092 552/717/1092
f  556/721/1093 554/719/1091 555/720/1091
f  557/722/1094 556/721/1093 555/720/1091
f  558/723/1095 556/721/1093 557/722/1094
f  559/724/1095 558/723/1095 557/722/1094
f  551/725/1096 550/726/1096 560/727/1097
f  561/728/1098 551/725/1096 560/727/1097
f  562/729/1099 543/708/1100 563/730/1101
f  541/706/1102 543/708/1100 562/729/1099
f  564/731/1103 541/706/1102 562/729/1099
f  564/732/1104 562/733/1105 565/734/1106
f  566/735/1107 564/732/1104 565/734/1106
f  563/736/1108 567/737/1109 565/734/1110
f  567/737/1111 559/738/1112 557/739/1113
f  565/734/1114 567/737/1111 557/739/1113
f  566/735/1115 555/740/1116 552/741/1117
f  564/732/1118 566/735/1115 552/741/1117
f  563/736/1119 565/734/1106 562/733/1105
f  564/732/1120 568/742/1121 541/743/1122
f  569/744/1091 552/717/1091 551/716/1091
f  568/745/1123 569/746/1124 551/725/1125
f  561/728/1126 568/745/1123 551/725/1125
f  557/739/1113 555/740/1127 566/735/1128
f  565/734/1114 557/739/1113 566/735/1128
f  568/742/1121 564/732/1120 552/741/1129
f  569/747/1130 568/742/1121 552/741/1129
f  568/745/1123 561/728/1126 541/748/1131
f  538/703/1132 570/749/1133 571/750/1134
f  537/702/1135 572/751/1136 570/749/1133
f  538/703/1132 537/702/1135 570/749/1133
f  572/732/1137 573/735/1138 574/734/1139
f  570/733/1140 572/732/1137 574/734/1139
f  575/737/1141 571/736/1142 574/734/1143
f  575/737/1144 574/734/1145 556/739/1146
f  558/738/1147 575/737/1144 556/739/1146
f  573/735/1148 572/732/1149 553/741/1150
f  554/740/1151 573/735/1148 553/741/1150
f  574/734/1139 571/736/1152 570/733/1140
f  576/742/1153 572/732/1154 537/743/1155
f  553/718/1091 577/752/1091 550/715/1091
f  576/753/1156 560/727/1157 550/726/1158
f  577/754/1159 576/753/1156 550/726/1158
f  556/739/1146 574/734/1145 573/735/1160
f  554/740/1161 556/739/1146 573/735/1160
f  541/748/1162 561/728/1098 560/727/1097
f  537/755/1162 541/748/1162 560/727/1097
f  571/736/1142 575/737/1141 567/737/1109
f  563/736/1108 571/736/1142 567/737/1109
f  543/708/1163 538/703/1163 571/750/1163
f  563/730/1163 543/708/1163 571/750/1163
usemtl BodyGlow
f  542/707/1164 540/705/1164 536/701/1164
f  539/704/1164 542/707/1164 536/701/1164
usemtl Body
f  576/742/1153 577/747/1165 553/741/1166
f  572/732/1154 576/742/1153 553/741/1166
f  560/727/1157 576/753/1156 537/755/1167
# object Hip
g Hip
v 0.00893 -0.00241 0.00537
v 0.01007 -0.00047 0.00996
v 0.01053 0.00122 0.00996
v 0.01060 0.00085 0.00614
v 0.01016 0.00344 0.00996
v 0.01065 0.00317 0.00659
v 0.00901 0.00449 0.00996
v 0.00870 0.00496 0.00659
v 0.00676 0.00467 0.00996
v 0.00512 0.00406 0.00996
v 0.00329 0.00277 0.00537
v 0.00639 0.00471 0.00614
v 0.01145 -0.01146 0.00574
v 0.00745 -0.00779 0.00574
v 0.00779 -0.00742 0.00960
v 0.01220 -0.01146 0.00960
v -0.00209 0.00067 0.00821
v -0.00649 0.00471 0.00821
v -0.00608 0.00434 0.00498
v -0.00209 0.00067 0.00498
v 0.01131 -0.01161 0.00498
v 0.01172 -0.01198 0.00821
v 0.00731 -0.00795 0.00821
v 0.00731 -0.00795 0.00498
v -0.00166 0.00028 0.00821
v -0.00734 0.00549 0.00821
v -0.00686 0.00601 0.00960
v -0.00119 0.00099 0.00953
v -0.00938 0.00833 0.02046
v -0.00118 0.00081 0.02046
v -0.00228 -0.00040 0.02072
v -0.00949 0.00675 0.02072
v -0.00594 0.00449 0.00575
v -0.00194 0.00083 0.00574
v 0.01305 -0.01224 0.00960
v 0.01257 -0.01277 0.00821
v 0.00689 -0.00756 0.00821
v 0.00755 -0.00702 0.00953
v 0.01558 -0.01455 0.02046
v 0.00737 -0.00703 0.02046
v 0.00627 -0.00824 0.02072
v 0.01401 -0.01479 0.02072
v -0.00601 0.00523 0.00960
v -0.00161 0.00119 0.00960
v 0.00125 -0.00400 -0.03369
v -0.00156 -0.00430 -0.02472
v -0.00031 -0.00244 -0.02443
v 0.00820 -0.00158 -0.00808
v 0.00791 -0.00219 -0.00940
v 0.00662 0.00073 -0.00940
v 0.00696 0.00110 -0.00808
v -0.00205 -0.00143 -0.01166
v -0.00194 -0.00044 0.00484
v 0.00128 0.00245 0.00440
v 0.00040 0.00075 -0.01051
v 0.00187 0.00151 -0.00940
v 0.00879 -0.00444 0.00440
v 0.00619 -0.00790 0.00484
v 0.00521 -0.00809 -0.01166
v 0.00717 -0.00546 -0.01051
v 0.00780 -0.00393 -0.00940
v 0.01038 0.00116 0.01596
v 0.01038 0.00135 0.01172
v 0.00951 0.00388 0.01172
v 0.00923 0.00358 0.01596
v -0.00281 -0.00341 0.00506
v -0.00308 -0.00425 -0.01280
v 0.00200 -0.00141 -0.02401
v 0.00359 0.00177 -0.00940
v -0.00181 -0.00030 0.01596
v 0.00224 0.00333 0.01596
v 0.00119 -0.00519 -0.03290
v 0.00174 -0.00459 -0.03422
v -0.00076 -0.00732 -0.01333
v -0.00015 -0.00666 0.00510
v -0.00015 -0.00665 -0.02483
v 0.00432 -0.00177 -0.02372
v 0.00226 -0.00402 -0.03422
v 0.00331 -0.00902 0.00506
v 0.00250 -0.00936 -0.01280
v 0.00232 -0.00785 -0.02472
v 0.00406 -0.00644 -0.02443
v 0.00489 -0.00405 -0.02401
v 0.00237 -0.00503 -0.03369
v 0.00248 0.00243 0.00422
v 0.00286 0.00169 -0.00808
v 0.00418 0.00211 -0.00808
v 0.00790 -0.00293 -0.00808
v 0.00867 -0.00324 0.00422
v 0.00449 0.00397 0.01172
v -0.00267 -0.00340 0.01596
v 0.00639 0.00449 0.00533
v 0.00263 0.00230 0.00422
v 0.00631 0.00469 0.00533
v 0.00672 0.00452 0.01596
v 0.00691 0.00453 0.01172
v -0.00008 -0.00658 0.01596
v 0.00633 -0.00775 0.01595
v 0.00331 -0.00888 0.01595
v 0.00959 -0.00341 0.01595
v 0.01003 -0.00111 0.01172
v 0.00868 0.00498 0.00579
v 0.00865 0.00473 0.00579
v 0.01059 0.00077 0.00533
v 0.01067 0.00315 0.00579
v 0.01038 0.00083 0.00533
v 0.01043 0.00311 0.00579
v 0.00852 -0.00311 0.00422
v 0.00692 0.00236 -0.00359
v 0.00768 0.00003 -0.00359
v 0.00822 0.00117 -0.00359
v 0.00656 0.00377 0.00380
v 0.00762 -0.00262 0.00380
v 0.00965 0.00094 0.00380
v 0.00965 0.00094 0.00222
v 0.00732 -0.00235 0.00046
v 0.00349 0.00116 0.00046
v 0.00656 0.00377 0.00222
v 0.00319 0.00143 0.00380
v 0.00860 -0.00081 -0.00359
v 0.00761 -0.00262 -0.00359
v 0.00750 -0.00171 -0.00817
v 0.00747 -0.00249 -0.00817
v 0.00334 0.00130 -0.00817
v 0.00319 0.00143 -0.00359
v 0.00411 0.00140 -0.00817
v 0.00491 0.00257 -0.00359
v 0.00713 -0.00001 -0.00817
v 0.00661 -0.00089 -0.00817
v 0.00500 0.00059 -0.00817
v 0.00583 0.00118 -0.00817
v 0.00583 0.00173 -0.00359
v 0.00978 -0.00026 0.01014
v 0.00843 -0.00174 0.00626
v 0.00938 0.00064 0.01014
v 0.00938 0.00064 0.00626
v 0.00400 0.00232 0.00626
v 0.00629 0.00348 0.00626
v 0.00629 0.00348 0.01014
v 0.00535 0.00379 0.01014
v 0.00608 0.00449 0.00308
v 0.00568 0.00404 0.00007
v 0.00805 0.00387 -0.00178
v 0.00843 0.00481 0.00277
v 0.00962 0.00243 -0.00178
v 0.00999 0.00008 0.00007
v 0.01040 0.00052 0.00308
v 0.01052 0.00289 0.00277
v -0.00275 -0.00336 -0.01297
v -0.00299 -0.00299 -0.01723
v -0.00321 -0.00398 -0.01723
v -0.00284 -0.00427 -0.01498
v -0.00215 -0.00249 -0.01496
v -0.00173 -0.00225 -0.01723
v -0.00248 -0.00480 -0.01723
v -0.00296 -0.00285 -0.02020
v -0.00134 -0.00251 -0.01997
v -0.00151 -0.00335 -0.02226
v -0.00184 -0.00399 -0.02295
v -0.00198 -0.00459 -0.02225
v -0.00209 -0.00505 -0.02007
v -0.00319 -0.00385 -0.02024
v 0.00277 -0.00946 -0.01723
v 0.00374 -0.00916 -0.01723
v 0.00335 -0.00896 -0.01297
v 0.00245 -0.00912 -0.01498
v 0.00416 -0.00828 -0.01496
v 0.00437 -0.00784 -0.01723
v 0.00189 -0.00881 -0.01723
v 0.00326 -0.00771 -0.02226
v 0.00407 -0.00747 -0.01997
v 0.00388 -0.00912 -0.02020
v 0.00265 -0.00810 -0.02295
v 0.00291 -0.00943 -0.02024
v 0.00161 -0.00844 -0.02007
v 0.00206 -0.00830 -0.02225
# 176 verticies
vt 0.73324 0.55115
vt 0.70224 0.55615
vt 0.70224 0.56215
vt 0.72824 0.56015
vt 0.70224 0.57515
vt 0.72524 0.57115
vt 0.70224 0.58715
vt 0.72524 0.59115
vt 0.70224 0.60115
vt 0.70224 0.60715
vt 0.73324 0.61215
vt 0.72824 0.60315
vt 0.19324 0.80815
vt 0.16124 0.80815
vt 0.16124 0.78215
vt 0.19724 0.78215
vt 0.35224 0.79115
vt 0.31624 0.79115
vt 0.32024 0.81415
vt 0.35224 0.81415
vt 0.46124 0.81415
vt 0.46524 0.79115
vt 0.42924 0.79115
vt 0.42924 0.81415
vt 0.08824 0.79115
vt 0.04124 0.79115
vt 0.04124 0.78215
vt 0.08824 0.78215
vt 0.19324 0.81415
vt 0.16124 0.81415
vt 0.02724 0.70415
vt 0.08824 0.70415
vt 0.30924 0.79115
vt 0.35624 0.79115
vt 0.35624 0.70415
vt 0.29524 0.70415
vt 0.35624 0.78215
vt 0.05224 0.80815
vt 0.08424 0.80815
vt 0.08424 0.81415
vt 0.05224 0.81415
vt 0.20424 0.78215
vt 0.20424 0.79115
vt 0.15724 0.79115
vt 0.15724 0.78215
vt 0.21824 0.70415
vt 0.15824 0.70415
vt 0.42524 0.70415
vt 0.42524 0.79115
vt 0.47224 0.79115
vt 0.48624 0.70415
vt 0.42624 0.78215
vt 0.47224 0.78215
vt 0.49124 0.70415
vt 0.04824 0.78215
vt 0.08424 0.78215
vt 0.19724 0.79115
vt 0.16124 0.79115
vt 0.04824 0.79115
vt 0.08424 0.79115
vt 0.30924 0.78215
vt 0.29024 0.70415
vt 0.98324 0.49815
vt 0.92424 0.48215
vt 0.92224 0.49815
vt 0.98324 0.65515
vt 0.99324 0.65015
vt 0.99324 0.65915
vt 0.98324 0.66315
vt 0.83924 0.49615
vt 0.73324 0.50115
vt 0.73624 0.53115
vt 0.83224 0.51815
vt 0.82524 0.52915
vt 0.66524 0.61715
vt 0.69224 0.61615
vt 0.69224 0.60215
vt 0.66524 0.60215
vt 0.73224 0.48215
vt 0.84724 0.47615
vt 0.92124 0.51315
vt 0.82524 0.53915
vt 0.66124 0.50215
vt 0.66124 0.54115
vt 0.97624 0.48815
vt 0.98724 0.49815
vt 0.73424 0.45115
vt 0.84724 0.44815
vt 0.85124 0.42615
vt 0.73424 0.42615
vt 0.92624 0.42615
vt 0.92524 0.44215
vt 0.97824 0.42615
vt 0.83124 0.62015
vt 0.83124 0.60215
vt 0.92524 0.60215
vt 0.92624 0.61315
vt 0.99324 0.60215
vt 0.98924 0.60615
vt 0.89024 0.64215
vt 0.89124 0.64815
vt 0.98324 0.64615
vt 0.99324 0.64015
vt 0.84824 0.67015
vt 0.88224 0.65415
vt 0.83524 0.66615
vt 0.66124 0.48215
vt 0.88324 0.67915
vt 0.68924 0.55515
vt 0.66124 0.56915
vt 0.68924 0.56915
vt 0.66424 0.42615
vt 0.66424 0.45015
vt 0.87724 0.68015
vt 0.87324 0.69315
vt 0.87924 0.69315
vt 0.83524 0.68215
vt 0.83524 0.69115
vt 0.84824 0.69215
vt 0.84824 0.68215
vt 0.87924 0.69115
vt 0.92824 0.69015
vt 0.94624 0.67815
vt 0.94324 0.69015
vt 0.89024 0.76915
vt 0.89024 0.72715
vt 0.89024 0.73415
vt 0.90324 0.73415
vt 0.91924 0.73015
vt 0.91924 0.77415
vt 0.90324 0.76915
vt 0.89024 0.77715
vt 0.95424 0.73115
vt 0.95424 0.72715
vt 0.99324 0.73315
vt 0.99324 0.72815
vt 0.99324 0.77515
vt 0.95424 0.77715
vt 0.99324 0.77115
vt 0.95424 0.77315
vt 0.95424 0.74115
vt 0.99324 0.74415
vt 0.95424 0.74415
vt 0.99324 0.74315
vt 0.99324 0.76115
vt 0.99324 0.75915
vt 0.95424 0.76215
vt 0.95424 0.75915
vt 0.91024 0.65815
vt 0.96024 0.65815
vt 0.91424 0.67815
vt 0.95624 0.67815
vt 0.92524 0.67815
vt 0.83524 0.72715
vt 0.86824 0.72715
vt 0.83524 0.73415
vt 0.86824 0.73415
vt 0.86824 0.77715
vt 0.86824 0.76915
vt 0.83524 0.76915
vt 0.83524 0.77715
vt 0.83624 0.74615
vt 0.83624 0.73315
vt 0.83624 0.77115
vt 0.83624 0.75815
vt 0.83624 0.77715
vt 0.83624 0.72715
vt 0.87624 0.78615
vt 0.87624 0.71815
vt 0.88624 0.71715
vt 0.88624 0.78715
vt 0.83624 0.78015
vt 0.83624 0.72415
vt 0.99224 0.77615
vt 0.99224 0.72815
vt 0.99224 0.75215
vt 0.99224 0.78015
vt 0.99224 0.72315
vt 0.74924 0.60315
vt 0.74124 0.61315
vt 0.76924 0.60315
vt 0.78124 0.58915
vt 0.75124 0.59215
vt 0.82224 0.60315
vt 0.82224 0.58115
vt 0.82224 0.60715
vt 0.78124 0.57315
vt 0.76924 0.55915
vt 0.74124 0.55015
vt 0.74924 0.55915
vt 0.75124 0.57115
vt 0.82224 0.56015
vt 0.82224 0.55615
vt 0.73324 0.60315
vt 0.73024 0.59215
vt 0.73324 0.55915
vt 0.73024 0.57115
vt 0.92324 0.55215
vt 0.95024 0.55315
vt 0.95024 0.54715
vt 0.93624 0.54715
vt 0.93624 0.56015
vt 0.95024 0.56315
vt 0.95024 0.54615
vt 0.97024 0.55415
vt 0.96824 0.56415
vt 0.98324 0.55815
vt 0.98724 0.55415
vt 0.98324 0.55015
vt 0.96924 0.54715
vt 0.97024 0.54815
# 211 texture verticies
vn -0.89298 0.44946 0.02391
vn -0.93990 0.34130 -0.00996
vn -0.99690 0.05505 -0.05613
vn -0.96777 0.25184 -0.00194
vn -0.84273 -0.53463 -0.06311
vn -0.93800 -0.34387 -0.04368
vn -0.39797 -0.91468 -0.07063
vn -0.30314 -0.95198 -0.04289
vn 0.14123 -0.98838 -0.05614
vn 0.42158 -0.90674 -0.01007
vn 0.52511 -0.85070 0.02375
vn 0.33474 -0.94231 -0.00201
vn 0.67232 0.73348 -0.09999
vn 0.67232 0.73347 -0.09998
vn 0.67232 0.73348 -0.09998
vn 0.67231 0.73348 -0.09999
vn -0.67585 -0.73704 -0.00002
vn -0.67584 -0.73705 -0.00004
vn -0.67585 -0.73704 -0.00003
vn -0.67586 -0.73703 -0.00000
vn -0.67572 -0.73716 0.00001
vn -0.67571 -0.73717 0.00002
vn -0.67572 -0.73716 0.00001
vn -0.67572 -0.73715 -0.00000
vn 0.60562 0.66068 -0.44354
vn 0.61185 0.69208 -0.38298
vn 0.61285 0.69869 -0.36912
vn 0.60728 0.66805 -0.43001
vn 0.66081 0.72095 -0.20872
vn 0.66922 0.74306 0.00172
vn 0.66280 0.74878 -0.00497
vn 0.67130 0.74117 0.00392
vn 0.67622 0.73664 0.00913
vn -0.72410 -0.68740 -0.05627
vn -0.67469 -0.73591 -0.05685
vn -0.69375 -0.71883 -0.04466
vn -0.92633 -0.36472 -0.09435
vn 0.80650 -0.59121 0.00463
vn 0.73599 -0.67694 -0.00894
vn 0.74249 -0.66982 -0.00777
vn 0.81994 -0.57240 0.00745
vn 0.66094 0.72083 -0.20872
vn 0.64284 0.67120 -0.36912
vn 0.63632 0.66962 -0.38302
vn 0.60545 0.66066 -0.44379
vn 0.61269 0.66296 -0.43022
vn 0.68020 0.73302 0.00389
vn 0.68844 0.72527 -0.00493
vn 0.68225 0.73112 0.00172
vn 0.67530 0.73749 0.00907
vn -0.65598 -0.75345 -0.04469
vn -0.67460 -0.73599 -0.05685
vn -0.62200 -0.78099 -0.05630
vn -0.28285 -0.95450 -0.09448
vn -0.73197 0.68129 -0.00763
vn -0.73849 0.67421 -0.00880
vn -0.65938 0.75179 0.00474
vn -0.64185 0.76679 0.00756
vn 0.96105 -0.18679 -0.20369
vn 0.12599 -0.98288 -0.13446
vn 0.67245 0.73336 -0.09996
vn 0.67244 0.73337 -0.09994
vn 0.67245 0.73336 -0.09996
vn 0.67246 0.73335 -0.09998
vn 0.95970 -0.25358 -0.12115
vn 0.91792 -0.37223 -0.13733
vn 0.92862 -0.34605 -0.13388
vn 0.97612 -0.18647 -0.11140
vn -0.73728 0.67559 -0.00000
vn -0.42567 0.89492 -0.13388
vn -0.45082 0.88199 -0.13733
vn -0.33626 0.93394 -0.12115
vn -0.27084 0.95616 -0.11140
vn 0.73728 -0.67559 0.00000
vn -0.26885 0.94142 -0.20358
vn -0.99014 0.03988 -0.13430
vn -0.94542 -0.03818 -0.32360
vn -0.83813 0.52389 -0.15190
vn -0.61541 0.77234 -0.15736
vn 0.96213 0.16546 -0.21664
vn 0.98772 0.05909 -0.14465
vn 0.64613 0.70491 -0.29261
vn 0.64838 0.70737 -0.28147
vn -0.81269 0.57949 -0.06109
vn -0.83468 0.55067 -0.00835
vn -0.62523 0.78015 -0.02147
vn -0.51273 0.85349 -0.09312
vn -0.28760 0.94983 -0.12289
vn 0.83139 -0.55526 -0.02161
vn 0.62095 -0.78381 -0.00849
vn 0.64781 -0.75934 -0.06120
vn 0.89469 -0.43685 -0.09323
vn 0.97115 -0.20429 -0.12298
vn 0.90210 0.43128 0.01462
vn 0.93031 0.36360 0.04810
vn 0.67396 0.73488 0.07566
vn 0.67537 0.73658 0.03650
vn -0.95910 0.28306 -0.00002
vn -0.92978 0.36503 -0.04763
vn -0.35934 0.91997 -0.15660
vn -0.14671 0.97744 -0.15197
vn -0.86320 0.50485 0.00434
vn -0.47604 0.87941 -0.00513
vn -0.63187 -0.68934 -0.35433
vn -0.60937 -0.66472 -0.43222
vn -0.77607 -0.63029 0.02130
vn -0.80599 -0.59162 -0.01895
vn -0.67576 -0.73705 -0.01066
vn -0.67559 -0.73693 0.02246
vn -0.67020 -0.73096 -0.12859
vn -0.85570 -0.50078 -0.13037
vn -0.66382 -0.72411 -0.18709
vn 0.30173 0.93856 -0.16754
vn 0.66457 0.72505 -0.18069
vn 0.66057 0.72063 -0.21058
vn 0.16845 0.96847 -0.18354
vn 0.45662 0.49785 -0.73732
vn -0.29334 0.83862 -0.45898
vn -0.00026 0.00024 -1.00000
vn 0.36518 -0.93094 -0.00014
vn 0.44444 -0.89454 -0.04773
vn 0.59489 -0.78930 -0.15202
vn 0.82284 -0.54602 -0.15746
vn 0.94760 -0.27838 -0.15670
vn 0.98644 -0.06176 -0.15205
vn 0.04382 -0.94514 -0.32371
vn -0.51960 -0.85420 -0.01898
vn -0.56065 -0.82778 0.02128
vn -0.42484 -0.89583 -0.13040
vn 0.90879 0.38211 -0.16761
vn 0.95018 0.25187 -0.18360
vn 0.86052 -0.22021 -0.45936
vn -0.02688 0.99298 -0.11520
vn -0.00859 0.99212 -0.12502
vn -0.18425 0.98131 -0.05559
vn -0.12458 0.99158 -0.03548
vn -0.02666 0.98910 -0.14479
vn 0.08138 0.97283 -0.21676
vn 0.99153 0.05969 -0.11535
vn 0.99863 -0.03835 -0.03546
vn 0.99357 -0.09864 -0.05550
vn 0.98907 0.07788 -0.12518
vn -0.31895 0.94776 -0.00388
vn -0.09865 0.98337 -0.15249
vn -0.26428 0.96308 -0.05123
vn -0.96338 0.26798 0.00930
vn 0.26241 0.09439 -0.96033
vn 0.21894 0.22901 -0.94848
vn 0.26193 0.10343 -0.95953
vn -0.27307 0.96194 -0.01036
vn -0.24619 0.96922 0.00227
vn -0.22850 0.97353 -0.00537
vn -0.67575 -0.73709 0.00786
vn -0.77629 -0.63033 0.00803
vn 0.57777 -0.81619 0.00421
vn 0.35054 -0.93650 0.00918
vn 0.91738 -0.39797 -0.00527
vn 0.98202 -0.18851 -0.01049
vn 0.98694 -0.16108 0.00215
vn 0.98969 -0.14311 -0.00548
vn -0.56066 -0.82800 0.00801
vn -0.53540 0.84007 0.08740
vn -0.29691 0.95477 0.01579
vn -0.36804 0.92941 0.02739
vn -0.53438 0.83888 0.10354
vn 0.36666 0.93031 0.00879
vn 0.23970 0.97081 0.00837
vn -0.05797 0.99520 0.07880
vn 0.66508 0.72533 0.17768
vn 0.37247 0.92166 0.10871
vn -0.13656 0.98832 0.06762
vn 0.99648 0.02845 0.07884
vn 0.99644 -0.05037 0.06764
vn 0.88588 0.45099 0.10874
vn 0.98236 -0.17984 -0.05118
vn 0.98819 -0.01282 -0.15267
vn 0.97184 -0.23559 -0.00383
vn 0.21505 0.23469 -0.94798
vn 0.14153 -0.01395 -0.98984
vn 0.14220 -0.00860 -0.98980
vn 0.88331 -0.46063 0.08704
vn 0.88205 -0.45973 0.10313
vn 0.95784 -0.28603 0.02699
vn 0.97697 -0.21284 0.01521
vn 0.92810 0.37227 0.00652
vn 0.91843 0.39548 0.00896
vn -0.02128 0.14302 -0.98949
vn 0.07119 0.26974 -0.96030
vn -0.02454 0.13076 -0.99111
vn 0.08024 0.27006 -0.95949
vn 0.21520 0.23485 -0.94791
vn 0.20921 0.23824 -0.94841
vn 0.28181 0.95826 0.04818
vn 0.35147 0.93608 0.01480
vn 0.00000 -0.00000 1.00000
vn 0.86748 -0.49748 -0.00048
vn 0.84972 -0.52342 -0.06329
vn 0.85625 -0.51486 -0.04189
vn 0.84050 -0.53410 -0.09105
vn 0.33383 0.36415 -0.86946
vn 0.33381 0.36415 -0.86946
vn 0.33384 0.36415 -0.86945
vn -0.60496 0.79108 -0.09064
vn -0.59510 0.80119 -0.06285
vn -0.58712 0.80844 -0.04144
vn -0.57076 0.82112 -0.00000
vn 0.67576 0.73712 0.00000
vn 0.87533 -0.47508 -0.08999
vn 0.90175 -0.42429 -0.08262
vn 0.98456 -0.16922 -0.04466
vn 0.99856 -0.04699 -0.02599
vn -0.13303 0.99077 -0.02597
vn -0.50042 0.86184 -0.08254
vn -0.25352 0.96630 -0.04462
vn -0.54869 0.83118 -0.08990
vn 0.65754 0.71728 -0.23054
vn 0.65754 0.71728 -0.23054
vn 0.65754 0.71729 -0.23053
vn 0.65755 0.71727 -0.23055
vn 0.89655 -0.43556 -0.08053
vn 0.86702 -0.49223 -0.07741
vn 0.90320 -0.42147 -0.08124
vn 0.85787 -0.50815 -0.07646
vn -0.00000 0.00000 -1.00000
vn -0.56594 0.82084 -0.07709
vn -0.58100 0.81033 -0.07613
vn -0.51206 0.85520 -0.08021
vn -0.49860 0.86305 -0.08092
vn 0.65211 0.71165 -0.26136
vn 0.86105 0.37507 -0.34338
vn 0.96518 -0.25351 -0.06454
vn 0.96293 0.11995 -0.24163
vn 0.92741 -0.37404 0.00000
vn 0.03587 0.96977 -0.24138
vn -0.33596 0.93967 -0.06447
vn 0.29863 0.89057 -0.34309
vn -0.45267 0.89168 -0.00000
vn 0.59521 0.64932 -0.47340
vn 0.59537 0.64939 -0.47310
vn 0.59534 0.64938 -0.47316
vn 0.59518 0.64931 -0.47346
vn 0.63374 0.69131 -0.34708
vn 0.63368 0.69133 -0.34715
vn 0.63373 0.69131 -0.34710
vn 0.63378 0.69129 -0.34704
vn 0.67563 0.73701 -0.01835
vn 0.67558 0.73706 -0.01832
vn 0.67561 0.73703 -0.01834
vn 0.67565 0.73699 -0.01836
vn 0.33185 -0.94156 0.05784
vn 0.50951 -0.85949 0.04086
vn 0.27331 -0.95565 0.10968
vn -0.36356 -0.90346 0.22714
vn -0.26621 -0.95798 0.10683
vn 0.01410 -0.97183 0.23527
vn -0.62971 -0.68694 0.36274
vn 0.36147 -0.92594 0.10945
vn -0.88320 -0.40727 0.23256
vn -0.97573 0.18947 0.10981
vn -0.90033 0.43329 0.04092
vn -0.96677 0.24899 0.05790
vn -0.93492 -0.33661 0.11234
vn -0.96937 -0.07021 0.23534
vn -0.95373 0.27999 0.10954
vn 0.26937 -0.96225 0.03883
vn -0.31837 -0.94591 0.06238
vn -0.98200 0.18488 0.03878
vn -0.88052 -0.46943 0.06570
vn -0.90840 0.37903 0.17646
vn -0.80770 0.58929 0.01890
vn -0.95525 -0.29389 0.03362
vn -0.90718 -0.38084 0.17883
vn -0.61858 0.78442 0.04521
vn -0.50425 0.86145 -0.06024
vn -0.61003 -0.79187 0.02842
vn -0.68944 0.69112 -0.21687
vn -0.24080 0.96348 -0.11713
vn -0.33657 0.87523 -0.34741
vn -0.59672 0.47128 -0.64948
vn -0.83993 -0.42376 -0.33904
vn -0.59782 -0.79840 -0.07197
vn -0.95962 -0.22736 -0.16567
vn -0.21001 -0.97712 0.03366
vn 0.65713 -0.75354 0.01880
vn 0.45584 -0.87249 0.17601
vn -0.30043 -0.93689 0.17881
vn 0.83475 -0.54880 0.04491
vn 0.90186 -0.42780 -0.06032
vn -0.73633 -0.67602 0.02862
vn 0.90075 -0.26033 -0.34768
vn 0.98066 -0.15678 -0.11714
vn 0.74822 -0.62698 -0.21693
vn 0.52043 -0.55485 -0.64907
vn -0.14315 -0.97571 -0.16581
vn -0.74366 -0.66467 -0.07201
vn -0.34938 -0.87356 -0.33886
vn 0.48520 -0.87240 0.05925
vn 0.30452 -0.93521 0.18070
vn 0.23128 -0.95165 0.20216
vn 0.48455 -0.87044 0.08684
vn -0.26426 -0.93949 0.21799
vn -0.37748 -0.90052 0.21581
vn -0.96803 0.14771 0.20275
vn -0.95802 0.22224 0.18111
vn -0.91113 0.40780 0.05955
vn -0.90912 0.40732 0.08712
vn -0.88348 -0.41434 0.21861
vn -0.89075 -0.39900 0.21764
# 308 normals
f  578/756/1168 579/757/1169 580/758/1170 581/759/1171
f  582/760/1172 583/761/1173 581/759/1171 580/758/1170
f  583/761/1173 582/760/1172 584/762/1174 585/763/1175
f  586/764/1176 587/765/1177 588/766/1178 589/767/1179
f  584/762/1174 586/764/1176 589/767/1179 585/763/1175
f  590/768/1180 591/769/1181 592/770/1182 593/771/1183
f  594/772/1184 595/773/1185 596/774/1186 597/775/1187
f  598/776/1188 599/777/1189 600/778/1190 601/779/1191
f  602/780/1192 603/781/1193 604/782/1194 605/783/1195
f  590/768/1196 598/784/1196 601/785/1196 591/769/1196
f  605/783/1197 604/782/1198 606/786/1199 607/787/1200
f  603/788/1201 602/789/1202 608/790/1203 609/791/1204
f  605/792/1205 607/790/1206 608/790/1207 602/789/1208
f  610/793/1209 611/794/1209 597/795/1209 596/796/1209
f  612/797/1210 613/798/1211 614/799/1212 615/800/1213
f  616/801/1214 612/797/1215 615/800/1216 617/802/1217
f  618/803/1218 614/804/1219 613/805/1220 619/806/1221
f  618/803/1222 617/803/1223 615/807/1224 614/804/1225
f  612/808/1226 616/809/1226 613/805/1226
f  616/809/1227 619/806/1221 613/805/1220
f  610/793/1228 620/810/1229 621/811/1230 611/794/1231
f  590/768/1232 593/771/1233 599/812/1234 598/784/1235
f  600/813/1236 592/770/1236 591/769/1236 601/785/1236
f  595/814/1237 620/810/1238 610/793/1239 596/796/1240
f  611/794/1241 621/811/1241 594/815/1241 597/795/1241
f  604/816/1242 603/788/1242 606/817/1242
f  606/817/1243 603/788/1201 609/791/1204
f  622/818/1244 623/819/1245 624/820/1246
f  625/821/1247 626/822/1248 627/823/1249 628/824/1250
f  629/825/1251 630/826/1252 631/827/1253 632/828/1254
f  633/829/1255 632/828/1254 631/827/1253
f  634/827/1256 635/826/1257 636/825/1258 637/828/1259
f  634/827/1256 637/828/1259 638/829/1260
f  639/830/1261 640/831/1262 641/832/1263 642/833/1264
f  643/834/1265 630/826/1252 629/825/1251 644/835/1266
f  623/819/1245 644/835/1266 629/825/1251 624/820/1246
f  645/836/1267 624/820/1246 632/828/1254 633/829/1255
f  624/820/1246 629/825/1251 632/828/1254
f  646/837/1268 645/836/1267 633/829/1255
f  630/826/1252 647/838/1269 648/839/1270 631/827/1253
f  649/840/1271 623/819/1245 622/818/1244
f  622/818/1244 624/820/1246 645/836/1267
f  650/841/1272 649/840/1271 622/818/1244
f  643/842/1273 644/843/1274 651/844/1275 652/845/1276
f  653/846/1277 651/844/1275 644/843/1274 623/847/1278
f  649/848/1279 653/846/1277 623/847/1278
f  646/849/1280 627/850/1281 654/851/1282 645/852/1283
f  645/852/1283 654/851/1282 655/853/1284 622/854/1285
f  655/853/1284 650/853/1286 622/854/1285
f  636/825/1258 635/826/1257 656/834/1287 657/835/1288
f  636/825/1258 657/835/1288 658/819/1289 659/820/1290
f  637/828/1259 659/820/1290 660/836/1291 638/829/1260
f  637/828/1259 636/825/1258 659/820/1290
f  638/829/1260 660/836/1291 626/837/1292
f  659/820/1290 658/819/1289 661/818/1293
f  661/818/1293 658/819/1289 649/840/1271
f  660/836/1291 659/820/1290 661/818/1293
f  661/818/1293 649/840/1271 650/841/1272
f  651/844/1275 657/843/1294 656/842/1295 652/845/1276
f  657/843/1294 651/844/1275 653/846/1277 658/847/1296
f  658/847/1296 653/846/1277 649/848/1279
f  654/851/1282 627/850/1281 626/849/1297 660/852/1298
f  655/853/1284 654/851/1282 660/852/1298 661/854/1299
f  661/854/1299 650/853/1286 655/853/1284
f  631/855/1300 662/856/1301 663/857/1302 633/858/1303
f  646/822/1304 633/858/1303 663/857/1302 664/821/1305
f  664/821/1305 628/824/1250 627/823/1249 646/822/1304
f  634/855/1306 638/858/1307 665/857/1308 666/856/1309
f  626/822/1248 625/821/1247 665/857/1308 638/858/1307
f  587/859/1310 588/860/1311 667/861/1312
f  643/834/1265 668/862/1313 647/838/1269 630/826/1252
f  669/863/1314 670/856/1315 671/863/1316
f  667/864/1317 631/827/1253 648/839/1270
f  667/864/1317 648/839/1270 672/865/1318 673/866/1319
f  643/842/1273 652/845/1276 674/867/1320 668/868/1321
f  675/838/1322 676/862/1323 656/834/1287 635/826/1257
f  635/826/1257 634/827/1256 677/839/1324 675/838/1322
f  677/839/1324 634/827/1256 678/864/1325
f  639/865/1326 677/839/1324 678/864/1325 640/866/1327
f  674/867/1320 652/845/1276 656/842/1295 676/868/1328
f  588/860/1329 589/869/1330 671/863/1331 662/856/1332
f  589/869/1330 585/870/1333 679/871/1334 671/863/1331
f  673/872/1335 641/873/1336 584/874/1337 586/875/1338
f  587/859/1310 667/861/1312 673/872/1335 586/875/1338
f  588/860/1311 631/855/1300 667/861/1312
f  640/872/1339 580/875/1340 582/874/1341 641/873/1336
f  662/856/1301 631/855/1300 588/860/1311
f  678/861/1342 578/860/1343 579/859/1344
f  671/863/1316 670/856/1315 662/856/1345
f  680/876/1346 669/863/1314 679/871/1347
f  679/871/1347 669/863/1314 671/863/1316
f  578/860/1348 666/856/1349 681/863/1350 581/869/1351
f  682/871/1352 583/870/1353 581/869/1351 681/863/1350
f  584/874/1337 641/873/1336 582/874/1341
f  640/872/1339 678/861/1342 579/859/1344 580/875/1340
f  682/871/1354 683/863/1355 684/876/1356
f  681/863/1357 683/863/1355 682/871/1354
f  678/861/1342 634/855/1306 578/860/1343
f  578/860/1343 634/855/1306 666/856/1309
f  666/856/1358 685/856/1359 681/863/1357
f  681/863/1357 685/856/1359 683/863/1355
f  641/832/1263 673/831/1360 672/830/1361 642/833/1264
f  682/871/1354 684/876/1356 679/871/1347
f  684/876/1356 680/876/1346 679/871/1347
f  583/870/1353 682/871/1352 679/871/1334 585/870/1333
f  686/877/1362 687/878/1362 688/879/1362
f  689/880/1362 690/881/1362 691/882/1362
f  691/882/1363 690/881/1364 692/883/1365
f  692/883/1365 690/881/1364 693/884/1366
f  693/884/1367 694/885/1368 695/886/1367
f  692/883/1369 693/884/1367 695/886/1367
f  694/885/1370 696/887/1371 695/886/1372
f  695/886/1372 696/887/1371 689/880/1373
f  689/880/1374 691/882/1374 695/886/1374
f  695/886/1374 691/882/1374 692/883/1374
f  697/888/1375 698/889/1376 699/890/1377
f  699/890/1377 698/889/1376 700/891/1378
f  701/892/1379 702/893/1380 703/894/1381
f  703/894/1381 702/893/1380 704/895/1382
f  697/888/1383 703/894/1384 704/895/1385
f  699/890/1386 703/894/1384 697/888/1383
f  687/896/1387 705/897/1388 688/898/1389
f  687/896/1387 706/899/1390 705/897/1388
f  706/899/1391 707/900/1391 708/901/1391
f  705/897/1391 706/899/1391 708/901/1391
f  708/901/1392 707/900/1393 709/902/1394
f  686/903/1395 708/901/1392 709/902/1394
f  688/898/1396 708/901/1396 686/903/1396
f  705/897/1396 708/901/1396 688/898/1396
f  702/904/1362 698/905/1362 704/906/1362
f  704/906/1362 698/905/1362 697/907/1362
f  709/908/1362 687/878/1362 686/877/1362
f  696/887/1362 690/881/1362 689/880/1362
f  710/909/1397 711/910/1398 712/911/1399
f  712/911/1399 711/910/1398 713/912/1400
f  711/910/1391 714/913/1391 715/914/1391
f  713/912/1391 711/910/1391 715/914/1391
f  716/915/1401 714/913/1402 717/916/1403
f  715/914/1404 714/913/1402 716/915/1401
f  716/915/1374 712/911/1374 715/914/1374
f  715/914/1374 712/911/1374 713/912/1374
f  582/917/1391 580/918/1391 586/919/1391 584/920/1391
f  587/921/1391 586/919/1391 580/918/1391 579/922/1391
f  588/923/1405 578/924/1406 666/925/1407 662/926/1408
f  587/927/1409 579/928/1410 578/924/1411 588/923/1412
f  664/929/1362 625/930/1362 628/931/1362
f  664/929/1362 663/932/1362 625/930/1362
f  663/932/1362 665/933/1362 625/930/1362
f  666/925/1413 665/933/1414 663/932/1415 662/926/1416
f  718/934/1417 662/935/1418 719/936/1419
f  720/937/1420 721/938/1421 718/934/1417 719/936/1419
f  719/936/1419 664/939/1422 628/940/1423 720/937/1420
f  662/935/1418 663/941/1424 719/936/1419
f  719/936/1419 663/941/1424 664/939/1422
f  720/937/1420 628/940/1423 722/942/1425
f  723/943/1426 666/944/1427 724/945/1428
f  724/945/1428 725/946/1429 722/942/1425 723/943/1426
f  723/943/1426 722/942/1425 628/940/1423 625/947/1430
f  723/943/1426 665/948/1431 666/944/1427
f  625/947/1430 665/948/1431 723/943/1426
f  720/937/1420 722/942/1425 725/946/1429 721/938/1421
f  671/949/1432 662/935/1418 718/934/1417
f  718/934/1417 721/938/1421 679/950/1433 671/949/1432
f  724/945/1428 666/944/1427 681/951/1434
f  679/950/1433 721/938/1421 725/946/1429 682/952/1435
f  724/945/1428 681/951/1434 682/952/1435 725/946/1429
f  726/953/1436 727/954/1437 728/955/1438 729/956/1439
f  727/954/1437 726/953/1436 730/957/1440 731/958/1441
f  728/955/1438 732/959/1442 729/956/1439
f  733/960/1443 734/961/1444 735/962/1445 736/963/1446
f  737/964/1447 738/965/1448 739/966/1449
f  739/966/1449 733/960/1443 736/963/1446 737/964/1447
f  733/960/1443 739/966/1449 728/955/1438 727/954/1437
f  728/955/1438 739/966/1449 738/965/1448 732/959/1442
f  731/958/1441 734/961/1444 733/960/1443 727/954/1437
f  729/956/1439 736/963/1446 726/953/1436
f  740/955/1450 741/954/1451 742/953/1452 743/956/1453
f  744/957/1454 742/953/1452 741/954/1451 745/958/1455
f  743/956/1453 746/959/1456 740/955/1450
f  747/962/1457 748/961/1458 749/960/1459 750/963/1460
f  751/966/1461 752/965/1462 753/964/1463
f  750/963/1460 749/960/1459 751/966/1461 753/964/1463
f  740/955/1450 751/966/1461 749/960/1459 741/954/1451
f  752/965/1462 751/966/1461 740/955/1450 746/959/1456
f  749/960/1459 748/961/1458 745/958/1455 741/954/1451
f  752/965/1462 750/963/1460 753/964/1463
f  737/964/1447 736/963/1446 738/965/1448
f  738/965/1448 736/963/1446 732/959/1442
f  732/959/1442 736/963/1446 729/956/1439
f  742/953/1452 750/963/1460 743/956/1453
f  743/956/1453 750/963/1460 746/959/1456
f  746/959/1456 750/963/1460 752/965/1462
f  670/856/1464 669/863/1465 589/869/1466 588/860/1467
f  669/863/1465 680/876/1468 585/870/1469 589/869/1466
f  581/869/1470 683/863/1471 685/856/1472 578/860/1473
f  683/863/1471 581/869/1470 583/870/1474 684/876/1475
f  585/870/1469 680/876/1468 684/876/1475 583/870/1474
# object BackTail
g BackTail
v 0.00346 -0.01067 -0.01382
v -0.00788 -0.00359 -0.00256
v 0.00361 -0.01412 -0.00256
v -0.00443 -0.00343 -0.01382
v -0.00816 -0.00438 -0.00273
v 0.00285 -0.01446 -0.00273
v -0.01255 -0.01322 0.01759
v -0.01160 -0.01225 0.01131
v -0.00560 -0.01958 0.01759
v -0.00471 -0.01856 0.01131
v -0.00211 -0.01649 0.00104
v -0.00977 -0.00947 0.00104
v 0.00280 -0.01463 -0.00254
v -0.00835 -0.00442 -0.00254
v -0.01145 -0.00780 0.01862
v -0.00030 -0.01801 0.01862
v -0.01117 -0.01085 0.02857
v -0.00337 -0.01800 0.02857
v -0.01047 -0.00730 0.01884
v 0.00012 -0.01700 0.01884
v -0.00741 -0.00395 -0.00233
v 0.00318 -0.01365 -0.00232
# 22 verticies
vt 0.31824 0.30115
vt 0.23624 0.38115
vt 0.33524 0.38115
vt 0.25324 0.30115
vt 0.23824 0.37415
vt 0.33324 0.37415
vt 0.03424 0.34215
vt 0.03624 0.37815
vt 0.09724 0.34215
vt 0.09524 0.37815
vt 0.09524 0.43815
vt 0.03624 0.43815
vt 0.10924 0.46415
vt 0.02224 0.46415
vt 0.02224 0.34215
vt 0.10924 0.34215
vt 0.03524 0.28215
vt 0.09624 0.28215
vt 0.13024 0.34215
vt 0.14124 0.28215
vt 0.21224 0.34215
vt 0.20124 0.28215
vt 0.21424 0.46415
vt 0.12824 0.46415
vt 0.13024 0.46415
vt 0.21224 0.46415
vt 0.21424 0.34215
vt 0.12824 0.34215
vt 0.53124 0.27515
vt 0.54524 0.24615
vt 0.62824 0.27515
vt 0.61424 0.24615
# 32 texture verticies
vn 0.66025 0.72052 0.21197
vn 0.66026 0.72050 0.21199
vn 0.66013 0.72069 0.21174
vn 0.66040 0.72029 0.21227
vn -0.89110 0.36635 -0.26781
vn -0.89110 0.36635 -0.26781
vn 0.44108 -0.85646 -0.26819
vn -0.64894 -0.70826 -0.27792
vn -0.64911 -0.70798 -0.27826
vn -0.64893 -0.70828 -0.27789
vn -0.64879 -0.70852 -0.27761
vn -0.66027 -0.72087 -0.21071
vn -0.65239 -0.71237 -0.25866
vn -0.66020 -0.72090 -0.21080
vn -0.65252 -0.71258 -0.25778
vn -0.64336 -0.70254 -0.30417
vn -0.64337 -0.70253 -0.30419
vn -0.40939 -0.44703 -0.79534
vn -0.40940 -0.44706 -0.79532
vn -0.40940 -0.44708 -0.79530
vn -0.40938 -0.44700 -0.79536
vn -0.97029 0.21524 -0.11050
vn -0.97108 0.21095 -0.11184
vn -0.96944 0.21813 -0.11227
vn -0.97445 0.18815 -0.12269
vn -0.97308 0.19898 -0.11624
vn 0.30241 -0.94655 -0.11223
vn 0.29532 -0.94884 -0.11174
vn 0.29954 -0.94767 -0.11042
vn 0.28353 -0.95191 -0.11610
vn 0.27288 -0.95421 -0.12253
vn -0.66137 -0.72215 -0.20271
vn -0.66139 -0.72212 -0.20276
vn -0.66138 -0.72212 -0.20275
vn -0.66141 -0.72208 -0.20281
vn 0.64369 0.70278 0.30293
vn 0.64370 0.70277 0.30294
vn 0.64370 0.70277 0.30294
vn 0.64370 0.70276 0.30295
vn 0.14353 0.15654 -0.97719
vn 0.14285 0.15590 -0.97739
vn 0.14290 0.15594 -0.97737
vn 0.14358 0.15659 -0.97717
vn 0.66040 0.72108 0.20956
vn 0.66039 0.72110 0.20954
vn 0.66041 0.72107 0.20957
vn 0.66043 0.72104 0.20958
vn 0.89751 -0.40675 0.17037
vn 0.89827 -0.40606 0.16800
vn 0.92309 -0.37721 0.07498
vn 0.92340 -0.37640 0.07520
vn -0.45621 0.88671 0.07498
vn -0.48307 0.85933 0.16791
vn -0.45697 0.88634 0.07477
vn -0.48369 0.85852 0.17029
vn 0.86870 -0.41639 0.26830
vn -0.49078 0.82898 0.26820
vn -0.14344 -0.15654 0.97720
vn -0.14341 -0.15647 0.97722
vn -0.14338 -0.15637 0.97724
vn -0.14334 -0.15627 0.97726
# 61 normals
f  754/967/1476 755/968/1477 756/969/1478
f  754/967/1476 757/970/1479 755/968/1477
f  755/968/1480 757/970/1481 758/971/1480
f  754/967/1482 756/969/1482 759/972/1482
f  758/971/1483 757/970/1484 754/967/1485
f  758/971/1483 754/967/1485 759/972/1486
f  760/973/1487 761/974/1488 762/975/1489
f  761/974/1488 763/976/1490 762/975/1489
f  764/977/1491 761/974/1488 765/978/1492
f  763/976/1490 761/974/1488 764/977/1491
f  766/979/1493 765/978/1494 767/980/1495
f  764/977/1496 765/978/1494 766/979/1493
f  768/981/1497 761/974/1498 760/973/1499
f  765/978/1500 761/974/1498 767/980/1501
f  767/980/1501 761/974/1498 768/981/1497
f  762/975/1502 763/976/1503 769/982/1504
f  769/982/1504 763/976/1503 766/979/1505
f  766/979/1505 763/976/1503 764/977/1506
f  768/981/1507 769/982/1508 770/983/1509
f  770/983/1509 769/982/1508 771/984/1510
f  772/985/1511 770/986/1512 773/987/1513
f  770/986/1512 771/988/1514 773/987/1513
f  766/989/1515 767/990/1516 774/991/1517
f  775/992/1518 766/989/1515 774/991/1517
f  775/992/1519 774/991/1520 772/985/1521
f  773/987/1522 775/992/1519 772/985/1521
f  773/987/1523 769/993/1524 775/992/1525
f  775/992/1525 769/993/1524 766/989/1526
f  767/990/1527 768/994/1528 774/991/1529
f  774/991/1529 768/994/1528 772/985/1530
f  771/988/1531 769/993/1524 773/987/1523
f  772/985/1530 768/994/1528 770/986/1532
f  768/995/1533 760/996/1534 769/997/1535
f  760/996/1534 762/998/1536 769/997/1535
# object HandL
g HandL
v 0.02080 0.03079 0.00815
v 0.02172 0.02311 0.00797
v 0.02355 0.02374 0.00731
v 0.02325 0.03101 0.00751
v 0.02376 0.02385 0.00362
v 0.02202 0.02327 0.00261
v 0.02110 0.03095 0.00279
v 0.02346 0.03112 0.00382
v 0.01416 0.02282 0.00686
v 0.01762 0.02259 0.00773
v 0.01605 0.02975 0.00785
v 0.01298 0.02819 0.00695
v 0.01631 0.02989 0.00317
v 0.01788 0.02273 0.00304
v 0.01435 0.02293 0.00346
v 0.01317 0.02830 0.00356
# 16 verticies
vt 0.65824 0.23715
vt 0.66224 0.18315
vt 0.65124 0.18415
vt 0.64324 0.23515
vt 0.71824 0.18415
vt 0.72924 0.18315
vt 0.72524 0.23715
vt 0.71024 0.23515
vt 0.70724 0.19215
vt 0.68724 0.18515
vt 0.68724 0.23715
vt 0.70724 0.23115
vt 0.75424 0.23715
vt 0.75424 0.18515
vt 0.77424 0.19215
vt 0.77424 0.23115
vt 0.64324 0.26715
vt 0.65824 0.27315
vt 0.64324 0.24215
vt 0.68724 0.26915
vt 0.70824 0.24215
vt 0.70824 0.26515
vt 0.65024 0.17615
vt 0.66224 0.14615
vt 0.66224 0.18215
vt 0.65024 0.15115
vt 0.70724 0.15115
vt 0.68724 0.17715
vt 0.68724 0.14615
vt 0.70724 0.17315
vt 0.64224 0.18415
vt 0.61424 0.18415
vt 0.64224 0.23415
vt 0.61424 0.23415
# 34 texture verticies
vn 0.10283 -0.02018 0.99449
vn 0.13988 -0.00624 0.99015
vn 0.31320 0.00942 0.94964
vn 0.25173 -0.01668 0.96765
vn 0.45866 0.06888 -0.88594
vn 0.19370 0.04614 -0.97998
vn 0.15995 0.02698 -0.98676
vn 0.39542 0.04155 -0.91756
vn -0.24745 -0.07161 0.96625
vn -0.13335 -0.04690 0.98996
vn -0.16141 -0.05302 0.98546
vn -0.24733 -0.07165 0.96628
vn -0.10003 -0.00439 -0.99498
vn -0.10389 0.00062 -0.99459
vn -0.11766 -0.00831 -0.99302
vn -0.11754 -0.00834 -0.99303
vn -0.15466 0.98774 0.02114
vn -0.08108 0.99638 0.02551
vn -0.15017 0.98843 0.02136
vn -0.08086 0.99640 0.02564
vn -0.32732 0.94486 0.01016
vn -0.45318 0.89142 0.00153
vn -0.33559 0.94196 0.00962
vn -0.45322 0.89140 0.00148
vn 0.32381 -0.94607 -0.01027
vn 0.21320 -0.97685 -0.01733
vn 0.22167 -0.97498 -0.01679
vn 0.32365 -0.94612 -0.01036
vn -0.05917 -0.99770 -0.03311
vn 0.04073 -0.99879 -0.02757
vn 0.03429 -0.99902 -0.02789
vn -0.05924 -0.99769 -0.03319
vn 0.99763 0.03909 0.05670
vn 0.99763 0.03910 0.05668
vn 0.99763 0.03910 0.05667
vn 0.99763 0.03911 0.05665
# 36 normals
f  776/999/1537 777/1000/1538 778/1001/1539
f  776/999/1537 778/1001/1539 779/1002/1540
f  780/1003/1541 781/1004/1542 782/1005/1543
f  783/1006/1544 780/1003/1541 782/1005/1543
f  784/1007/1545 785/1008/1546 786/1009/1547
f  787/1010/1548 784/1007/1545 786/1009/1547
f  788/1011/1549 789/1012/1550 790/1013/1551
f  788/1011/1549 790/1013/1551 791/1014/1552
f  782/1005/1543 781/1004/1542 789/1012/1550
f  782/1005/1543 789/1012/1550 788/1011/1549
f  785/1008/1546 777/1000/1538 776/999/1537
f  786/1009/1547 785/1008/1546 776/999/1537
f  776/999/1553 783/1015/1554 782/1016/1555
f  779/1017/1556 783/1015/1554 776/999/1553
f  788/1018/1557 787/1019/1558 786/1009/1559
f  788/1018/1557 791/1020/1560 787/1019/1558
f  788/1018/1557 776/999/1553 782/1016/1555
f  786/1009/1559 776/999/1553 788/1018/1557
f  780/1021/1561 777/1022/1562 781/1023/1563
f  778/1024/1564 777/1022/1562 780/1021/1561
f  784/1025/1565 789/1026/1566 785/1027/1567
f  790/1028/1568 789/1026/1566 784/1025/1565
f  789/1026/1566 777/1022/1562 785/1027/1567
f  781/1023/1563 777/1022/1562 789/1026/1566
f  778/1029/1569 780/1030/1570 779/1031/1571
f  779/1031/1571 780/1030/1570 783/1032/1572
# object GunpodTail
g GunpodTail
v 0.01792 -0.00090 0.00598
v 0.02021 0.00674 0.00430
v 0.02044 -0.00076 0.00407
v 0.01769 0.00660 0.00621
v 0.01816 -0.00098 0.00897
v 0.01794 0.00651 0.00920
v 0.02096 -0.00094 0.01044
v 0.02074 0.00655 0.01068
v 0.02349 -0.00081 0.00854
v 0.02326 0.00669 0.00877
v 0.02324 -0.00072 0.00555
v 0.02301 0.00677 0.00578
v 0.02098 -0.00581 0.00619
v 0.02064 -0.00075 0.00405
v 0.02116 -0.00094 0.01043
v 0.02113 -0.00587 0.00798
v 0.02077 -0.00095 0.01046
v 0.02059 -0.00583 0.00622
v 0.02073 -0.00588 0.00801
v 0.02024 -0.00077 0.00408
v 0.02156 -0.00750 0.01272
v 0.02146 -0.00401 0.01283
v 0.02106 -0.00402 0.01286
v 0.02117 -0.00752 0.01275
v 0.02136 -0.00743 0.01023
v 0.02096 -0.00744 0.01026
v 0.02049 -0.00367 0.00097
v 0.02009 -0.00368 0.00100
v 0.02059 -0.00716 0.00086
v 0.02020 -0.00718 0.00089
v 0.02003 -0.00586 0.00671
v 0.02078 -0.00582 0.00618
v 0.02161 -0.00581 0.00658
v 0.02168 -0.00584 0.00750
v 0.02093 -0.00587 0.00802
v 0.02011 -0.00589 0.00762
v 0.02084 -0.00725 0.00385
v 0.02044 -0.00726 0.00388
# 38 verticies
vt 0.31024 0.88115
vt 0.26624 0.87015
vt 0.31024 0.87015
vt 0.26624 0.88115
vt 0.31024 0.90215
vt 0.26624 0.90215
vt 0.31024 0.91215
vt 0.26624 0.91215
vt 0.34024 0.88515
vt 0.34024 0.89715
vt 0.34924 0.93015
vt 0.32824 0.93015
vt 0.34924 0.91215
vt 0.32824 0.84915
vt 0.34924 0.84915
vt 0.34024 0.88815
vt 0.34024 0.89415
vt 0.34924 0.87015
# 18 texture verticies
vn -0.87358 -0.19977 -0.44379
vn -0.16605 0.02571 -0.98578
vn -0.02948 -0.17556 -0.98403
vn -0.93932 -0.01790 -0.34257
vn -0.83990 -0.23402 0.48969
vn -0.79129 -0.04313 0.60992
vn 0.04183 -0.23450 0.97121
vn 0.16611 -0.02577 0.98577
vn 0.89066 -0.17875 0.41806
vn 0.93936 0.01791 0.34247
vn 0.84581 -0.14564 -0.51323
vn 0.79120 0.04318 -0.61003
vn 0.99619 0.03289 -0.08074
vn 0.99618 0.03298 -0.08081
vn 0.99620 0.03286 -0.08067
vn 0.99621 0.03275 -0.08056
vn -0.99620 -0.03286 0.08067
vn -0.99619 -0.03289 0.08074
vn -0.99621 -0.03275 0.08056
vn -0.99618 -0.03298 0.08081
vn 0.08142 -0.02865 0.99627
vn 0.06613 0.32882 0.94207
vn 0.06801 0.29588 0.95280
vn 0.02830 -0.99911 -0.03139
vn 0.00599 -0.94999 -0.31223
vn 0.02795 -0.99912 -0.03141
vn 0.00604 -0.94951 -0.31366
vn -0.07914 0.72658 -0.68251
vn -0.08683 0.42467 -0.90118
vn -0.08694 0.38960 -0.91687
vn -0.08142 0.02865 -0.99627
vn -0.81810 -0.41436 -0.39878
vn -0.06215 -0.38800 -0.91956
vn 0.76866 -0.36203 -0.52735
vn 0.79566 -0.39111 0.46255
vn 0.08648 -0.44028 0.89369
vn -0.68382 -0.43991 0.58213
vn 0.99620 0.03282 -0.08069
vn 0.99620 0.03282 -0.08073
vn 0.99618 0.03293 -0.08087
vn -0.99620 -0.03282 0.08069
vn -0.99620 -0.03282 0.08073
vn -0.99618 -0.03293 0.08087
vn 0.99618 0.03293 -0.08083
vn 0.99619 0.03293 -0.08080
vn 0.99618 0.03290 -0.08084
vn -0.99618 -0.03293 0.08083
vn -0.99618 -0.03290 0.08084
vn -0.99619 -0.03293 0.08080
vn 0.04464 0.61762 0.78521
vn -0.01891 -0.82134 -0.57013
vn 0.03081 -0.99905 -0.03095
vn 0.03052 -0.99906 -0.03089
vn 0.05478 -0.96535 0.25513
vn 0.05484 -0.96571 0.25376
vn 0.07212 -0.85239 0.51791
vn 0.02986 -0.99907 -0.03117
vn 0.03049 -0.99905 -0.03122
vn 0.02924 -0.99909 -0.03112
vn -0.03049 0.99905 0.03122
# 60 normals
f  792/1033/1573 793/1034/1574 794/1035/1575
f  795/1036/1576 793/1034/1574 792/1033/1573
f  796/1037/1577 795/1036/1576 792/1033/1573
f  797/1038/1578 795/1036/1576 796/1037/1577
f  798/1039/1579 797/1038/1578 796/1037/1577
f  799/1040/1580 797/1038/1578 798/1039/1579
f  798/1039/1579 800/1037/1581 799/1040/1580
f  800/1037/1581 801/1038/1582 799/1040/1580
f  800/1037/1581 802/1033/1583 801/1038/1582
f  802/1033/1583 803/1036/1584 801/1038/1582
f  802/1033/1583 794/1035/1575 803/1036/1584
f  794/1035/1575 793/1034/1574 803/1036/1584
f  804/1041/1585 805/1035/1586 806/1039/1587
f  807/1042/1588 804/1041/1585 806/1039/1587
f  808/1039/1589 809/1041/1590 810/1042/1591
f  808/1039/1589 811/1035/1592 809/1041/1590
f  812/1043/1593 813/1044/1594 814/1044/1595
f  812/1043/1593 814/1044/1595 815/1043/1593
f  815/1043/1596 816/1045/1597 812/1043/1598
f  817/1045/1599 816/1045/1597 815/1043/1596
f  805/1035/1600 818/1046/1601 811/1035/1600
f  811/1035/1600 818/1046/1601 819/1046/1602
f  819/1046/1602 818/1046/1601 820/1047/1603
f  821/1047/1603 819/1046/1602 820/1047/1603
f  792/1033/1573 794/1035/1575 822/1048/1604
f  822/1048/1604 794/1035/1575 823/1041/1605
f  823/1041/1605 794/1035/1575 824/1048/1606
f  824/1048/1606 794/1035/1575 802/1033/1583
f  824/1048/1606 802/1033/1583 800/1037/1581
f  825/1049/1607 824/1048/1606 800/1037/1581
f  798/1039/1579 825/1049/1607 800/1037/1581
f  826/1042/1608 825/1049/1607 798/1039/1579
f  798/1039/1579 827/1049/1609 826/1042/1608
f  796/1037/1577 827/1049/1609 798/1039/1579
f  796/1037/1577 822/1048/1604 827/1049/1609
f  796/1037/1577 792/1033/1573 822/1048/1604
f  813/1044/1610 807/1042/1588 806/1039/1587
f  816/1045/1611 807/1042/1588 813/1044/1610
f  812/1043/1612 816/1045/1611 813/1044/1610
f  808/1039/1589 810/1042/1591 814/1044/1613
f  814/1044/1613 817/1045/1614 815/1043/1615
f  814/1044/1613 810/1042/1591 817/1045/1614
f  804/1041/1585 818/1046/1616 805/1035/1586
f  820/1047/1617 818/1046/1616 828/1050/1618
f  828/1050/1618 818/1046/1616 804/1041/1585
f  811/1035/1592 819/1046/1619 809/1041/1590
f  809/1041/1590 819/1046/1619 829/1050/1620
f  829/1050/1620 819/1046/1619 821/1047/1621
f  813/1044/1594 806/1039/1622 808/1039/1622
f  813/1044/1594 808/1039/1622 814/1044/1595
f  817/1045/1599 810/1042/1623 816/1045/1597
f  810/1042/1623 807/1042/1623 816/1045/1597
f  821/1047/1624 820/1047/1625 828/1050/1626
f  829/1050/1627 821/1047/1624 828/1050/1626
f  829/1050/1627 828/1050/1626 809/1041/1628
f  809/1041/1628 828/1050/1626 804/1041/1628
f  826/1042/1629 824/1048/1630 825/1049/1630
f  826/1042/1629 823/1041/1629 824/1048/1630
f  822/1048/1631 823/1041/1629 826/1042/1629
f  827/1049/1631 822/1048/1631 826/1042/1629
f  803/1036/1632 793/1034/1632 795/1036/1632
f  801/1038/1632 803/1036/1632 795/1036/1632
f  799/1040/1632 801/1038/1632 797/1038/1632
f  801/1038/1632 795/1036/1632 797/1038/1632
# object Shoulders
g Shoulders
v 0.00775 -0.00661 0.02099
v 0.00485 -0.00978 0.02099
v 0.01309 -0.01733 0.02099
v 0.01602 -0.01406 0.02099
v -0.00097 0.00138 0.02099
v -0.00911 0.00896 0.02099
v -0.01212 0.00576 0.02099
v -0.00388 -0.00179 0.02099
# 8 verticies
vt 0.42524 0.39915
vt 0.42524 0.41215
vt 0.49124 0.41215
vt 0.49124 0.39915
# 4 texture verticies
vn 0.00000 -0.00000 1.00000
# 1 normals
f  830/1051/1633 831/1052/1633 832/1053/1633 833/1054/1633
f  834/1051/1633 835/1054/1633 836/1053/1633 837/1052/1633
# object KneeL
g KneeL
v -0.00368 0.01362 -0.03915
v 0.00216 0.01212 -0.02870
v -0.00145 0.01186 -0.03958
v -0.00168 0.01516 -0.02797
v -0.00305 0.00512 -0.03600
v -0.00896 0.00980 -0.03488
# 6 verticies
vt 0.51924 0.05115
vt 0.58824 0.01415
vt 0.51924 0.00715
vt 0.58824 0.04515
vt 0.56524 0.09315
vt 0.55424 0.06215
vt 0.51024 0.09315
vt 0.52024 0.06215
vt 0.50324 0.09315
vt 0.51724 0.06215
vt 0.44824 0.06615
# 11 texture verticies
vn 0.58203 0.78502 -0.21211
vn 0.58209 0.78496 -0.21216
vn 0.58199 0.78505 -0.21209
vn 0.58211 0.78494 -0.21217
vn -0.30600 -0.56867 0.76353
vn -0.30602 -0.56863 0.76355
vn -0.30601 -0.56865 0.76354
vn -0.30604 -0.56860 0.76357
vn -0.58919 0.80797 -0.00629
vn 0.88692 -0.36246 -0.28635
# 10 normals
f  838/1055/1634 839/1056/1635 840/1057/1636
f  841/1058/1637 839/1056/1635 838/1055/1634
f  842/1059/1638 839/1060/1639 843/1061/1640
f  843/1061/1640 839/1060/1639 841/1062/1641
f  843/1063/1642 841/1064/1642 838/1065/1642
f  840/1065/1643 839/1064/1643 842/1063/1643
# object TalonL
g TalonL
v -0.02371 -0.00308 -0.06730
v -0.03016 -0.00617 -0.08002
v -0.03230 -0.01142 -0.07769
v -0.02355 0.00060 -0.07283
v -0.02849 -0.01445 -0.07841
v -0.02452 -0.01065 -0.08109
v -0.01990 -0.00611 -0.06802
v -0.01775 -0.00400 -0.07393
v -0.02655 -0.00782 -0.07985
v -0.03032 -0.01299 -0.07807
v -0.02054 -0.00178 -0.07340
# 11 verticies
vt 0.15024 0.22215
vt 0.07424 0.17715
vt 0.05824 0.21415
vt 0.14324 0.17715
vt 0.03024 0.17715
vt 0.05624 0.17715
vt 0.04624 0.21415
vt 0.01224 0.21415
vt 0.03024 0.21415
vt 0.00224 0.17715
vt 0.07324 0.06815
vt 0.00424 0.06915
vt 0.01124 0.09215
vt 0.00424 0.11715
vt 0.07324 0.11815
vt 0.07324 0.09215
# 16 texture verticies
vn -0.73083 -0.08648 0.67706
vn -0.82563 0.47566 0.30345
vn -0.72511 -0.10223 0.68100
vn -0.82178 0.48489 0.29926
vn 0.13527 -0.82448 0.54949
vn 0.69537 -0.71864 0.00434
vn 0.29725 -0.84818 0.43845
vn 0.70130 -0.71287 0.00024
vn -0.32718 -0.17759 -0.92812
vn -0.54328 -0.02379 -0.83922
vn -0.37804 -0.08990 -0.92141
vn -0.22278 -0.21531 -0.95079
vn -0.27968 -0.12525 -0.95189
vn -0.12181 -0.36065 -0.92471
vn 0.28827 0.55036 -0.78358
vn 0.28827 0.55036 -0.78359
vn 0.28827 0.55036 -0.78359
vn 0.28826 0.55037 -0.78358
vn 0.28826 0.55037 -0.78358
vn 0.28826 0.55037 -0.78358
vn 0.28827 0.55036 -0.78358
vn 0.28825 0.55037 -0.78358
# 22 normals
f  844/1066/1644 845/1067/1645 846/1068/1646
f  847/1069/1647 845/1067/1645 844/1066/1644
f  848/1068/1648 849/1067/1649 850/1066/1650
f  844/1066/1644 848/1068/1648 850/1066/1650
f  846/1068/1646 848/1068/1648 844/1066/1644
f  850/1066/1650 849/1067/1649 851/1069/1651
usemtl BodyGlow
f  852/1070/1652 849/1071/1653 848/1072/1654
f  846/1073/1655 852/1070/1652 853/1074/1656
f  853/1074/1656 852/1070/1652 848/1072/1654
f  846/1073/1655 845/1075/1657 852/1070/1652
f  851/1076/1658 849/1077/1659 852/1078/1660
f  852/1078/1661 845/1079/1662 847/1080/1663
f  851/1076/1658 852/1078/1660 854/1081/1664
f  854/1081/1665 852/1078/1661 847/1080/1663
# object KneeR
g KneeR
v 0.02706 0.00387 -0.03200
v 0.02514 0.00681 -0.02109
v 0.02913 0.00197 -0.03140
v 0.02872 0.00353 -0.02005
v 0.02581 -0.00415 -0.02791
v 0.02031 0.00088 -0.02951
# 6 verticies
vt 0.51924 0.00715
vt 0.58824 0.01415
vt 0.51924 0.05115
vt 0.58824 0.04515
vt 0.51024 0.09315
vt 0.55424 0.06215
vt 0.56524 0.09315
vt 0.52024 0.06215
vt 0.44824 0.06615
vt 0.51724 0.06215
vt 0.50324 0.09315
# 11 texture verticies
vn 0.68517 0.72455 -0.07465
vn 0.68514 0.72457 -0.07468
vn 0.68516 0.72456 -0.07466
vn 0.68513 0.72458 -0.07468
vn -0.60220 -0.44790 0.66086
vn -0.60216 -0.44792 0.66089
vn -0.60224 -0.44789 0.66084
vn -0.60212 -0.44793 0.66092
vn 0.89605 -0.43416 0.09277
vn -0.47732 0.82358 -0.30641
# 10 normals
usemtl Body
f  855/1082/1666 856/1083/1667 857/1084/1668
f  857/1084/1668 856/1083/1667 858/1085/1669
f  859/1086/1670 856/1087/1671 860/1088/1672
f  858/1089/1673 856/1087/1671 859/1086/1670
f  857/1090/1674 858/1091/1674 859/1092/1674
f  860/1092/1675 856/1091/1675 855/1090/1675
# object TalonR
g TalonR
v 0.01807 -0.02187 -0.07552
v 0.01511 -0.02030 -0.07709
v 0.01939 -0.01287 -0.06886
v 0.02479 -0.01781 -0.06729
v 0.02036 -0.02512 -0.07556
v 0.02199 -0.01524 -0.06811
v 0.01532 -0.02827 -0.07406
v 0.02048 -0.01892 -0.06234
v 0.01694 -0.01567 -0.06337
v 0.01178 -0.02502 -0.07509
v 0.01348 -0.02658 -0.07460
# 11 verticies
vt 0.01124 0.09215
vt 0.00424 0.06915
vt 0.07324 0.06815
vt 0.07324 0.11815
vt 0.00424 0.11715
vt 0.07324 0.09215
vt 0.05824 0.21415
vt 0.07424 0.17715
vt 0.15024 0.22215
vt 0.14324 0.17715
vt 0.04624 0.21415
vt 0.05624 0.17715
vt 0.03024 0.17715
vt 0.03024 0.21415
vt 0.01224 0.21415
vt 0.00224 0.17715
# 16 texture verticies
vn 0.58807 0.42355 -0.68904
vn 0.58807 0.42355 -0.68904
vn 0.58808 0.42355 -0.68904
vn 0.58809 0.42353 -0.68903
vn 0.58809 0.42354 -0.68903
vn 0.58809 0.42354 -0.68903
vn 0.58808 0.42355 -0.68904
vn 0.58809 0.42353 -0.68903
vn -0.05794 -0.76782 0.63804
vn 0.57381 -0.74360 0.34322
vn -0.04102 -0.77044 0.63620
vn 0.58265 -0.73796 0.34049
vn -0.93915 0.11789 0.32265
vn -0.82779 0.55575 -0.07686
vn -0.90127 -0.04314 0.43111
vn -0.82270 0.56283 -0.07992
vn 0.10487 -0.33713 -0.93560
vn 0.18851 -0.49227 -0.84978
vn 0.01105 -0.30232 -0.95314
vn 0.05652 -0.24507 -0.96786
vn -0.04175 -0.20518 -0.97783
vn -0.20528 -0.13313 -0.96961
# 22 normals
usemtl BodyGlow
f  861/1093/1676 862/1094/1677 863/1095/1678
f  864/1096/1679 865/1097/1680 861/1093/1681
f  866/1098/1682 861/1093/1676 863/1095/1678
f  864/1096/1679 861/1093/1681 866/1098/1683
usemtl Body
f  867/1099/1684 865/1100/1685 868/1101/1686
f  868/1101/1686 865/1100/1685 864/1102/1687
f  869/1101/1688 862/1100/1689 870/1099/1690
f  869/1101/1688 870/1099/1690 868/1101/1686
f  868/1101/1686 870/1099/1690 867/1099/1684
f  863/1102/1691 862/1100/1689 869/1101/1688
usemtl BodyGlow
f  870/1103/1692 862/1104/1693 861/1105/1694
f  871/1106/1695 861/1105/1694 867/1107/1696
f  870/1103/1692 861/1105/1694 871/1106/1695
f  861/1105/1694 865/1108/1697 867/1107/1696
# object LaserA
g LaserA
v 0.00307 -0.00417 0.02915
v 0.00306 -0.00715 0.03149
v 0.00211 -0.00649 0.03221
v 0.00240 -0.00371 0.02966
v 0.00376 -0.00372 0.02965
v 0.00403 -0.00651 0.03219
v 0.00309 -0.00326 0.03015
v 0.00308 -0.00585 0.03291
v 0.00236 -0.01617 0.04108
v 0.00302 -0.01663 0.04057
v 0.00370 -0.01618 0.04106
v 0.00304 -0.01572 0.04157
# 12 verticies
vt 0.54202 0.65312
vt 0.54185 0.67747
vt 0.55006 0.67747
vt 0.55006 0.65312
vt 0.55811 0.65312
vt 0.55828 0.67747
vt 0.55006 0.76208
vt 0.54208 0.76208
vt 0.55805 0.76208
# 9 texture verticies
vn -0.14288 -0.61185 -0.77796
vn 0.04901 -0.65410 -0.75482
vn -0.99833 -0.01045 -0.05683
vn -0.98678 0.15294 0.05353
vn 0.98716 -0.04380 -0.15360
vn 0.99849 0.05151 0.01929
vn 0.14265 0.72106 0.67803
vn -0.04887 0.69513 0.71722
vn -0.00254 -0.73730 0.67557
vn 0.06082 0.65786 0.75068
vn 0.99783 -0.05963 -0.02799
vn -0.99797 0.02729 0.05756
vn -0.06098 -0.69017 -0.72107
vn 0.00254 0.73730 -0.67557
# 14 normals
usemtl Body
f  872/1109/1698 873/1110/1699 874/1111/1700
f  875/1112/1701 872/1109/1698 874/1111/1700
f  876/1112/1702 877/1111/1703 873/1110/1699
f  872/1109/1698 876/1112/1702 873/1110/1699
f  878/1113/1704 879/1114/1705 877/1111/1703
f  876/1112/1702 878/1113/1704 877/1111/1703
f  875/1112/1701 874/1111/1700 879/1114/1705
f  878/1113/1704 875/1112/1701 879/1114/1705
f  880/1115/1706 881/1116/1706 882/1115/1706
f  883/1117/1706 880/1115/1706 882/1115/1706
f  883/1117/1707 882/1115/1708 877/1111/1703
f  879/1114/1705 883/1117/1707 877/1111/1703
f  880/1115/1709 883/1117/1707 879/1114/1705
f  874/1111/1700 880/1115/1709 879/1114/1705
f  881/1116/1710 880/1115/1709 874/1111/1700
f  873/1110/1699 881/1116/1710 874/1111/1700
f  882/1115/1708 881/1116/1710 873/1110/1699
f  877/1111/1703 882/1115/1708 873/1110/1699
f  878/1113/1711 876/1112/1711 872/1109/1711
f  875/1112/1711 878/1113/1711 872/1109/1711
# object Abdomen
g Abdomen
v 0.01084 0.00325 0.00591
v 0.01016 0.00344 0.00996
v 0.01053 0.00122 0.00996
v 0.01071 0.00070 0.00544
v 0.00901 0.00449 0.00996
v 0.00876 0.00516 0.00591
v 0.00512 0.00406 0.00996
v 0.00676 0.00467 0.00996
v 0.00623 0.00481 0.00544
v 0.00867 -0.00324 0.00422
v 0.01051 0.00044 0.00311
v 0.00248 0.00243 0.00422
v 0.00599 0.00458 0.00311
v 0.00555 0.00410 0.00000
v 0.00849 0.00497 0.00279
v 0.00807 0.00396 -0.00191
v 0.00696 0.00110 -0.00808
v 0.00418 0.00211 -0.00808
v 0.00971 0.00246 -0.00191
v 0.01006 -0.00004 0.00000
v 0.01068 0.00297 0.00279
v 0.00820 -0.00158 -0.00808
v 0.01007 -0.00047 0.00996
v 0.00286 0.00169 -0.00808
v 0.00790 -0.00293 -0.00808
# 25 verticies
vt 0.86990 0.82753
vt 0.83156 0.83233
vt 0.83156 0.81752
vt 0.87408 0.81459
vt 0.83156 0.84527
vt 0.86990 0.85008
vt 0.83156 0.86674
vt 0.83156 0.86007
vt 0.87408 0.86301
vt 0.88425 0.80384
vt 0.89476 0.81437
vt 0.88424 0.87380
vt 0.89475 0.86323
vt 0.92237 0.86320
vt 0.89758 0.85060
vt 0.93941 0.84767
vt 0.99724 0.83882
vt 0.99724 0.86156
vt 0.93941 0.82995
vt 0.92237 0.81442
vt 0.89758 0.82701
vt 0.99724 0.81607
vt 0.83156 0.81087
vt 0.99724 0.86732
vt 0.99724 0.81033
# 25 texture verticies
vn 0.90843 0.41802 0.00322
vn 0.87473 0.47481 0.09691
vn 0.99518 -0.05958 0.07790
vn 0.97160 -0.23650 -0.00805
vn 0.45580 0.88545 0.09071
vn 0.27906 0.96023 0.00883
vn -0.42436 0.90482 0.03486
vn -0.14567 0.98625 0.07808
vn -0.31990 0.94742 -0.00796
vn 0.88665 -0.46171 -0.02599
vn 0.96047 -0.27229 -0.05785
vn -0.53668 0.84339 -0.02589
vn -0.35443 0.93329 -0.05779
vn -0.29356 0.94931 -0.11245
vn 0.25688 0.96002 -0.11125
vn 0.35404 0.90468 -0.23707
vn 0.62535 0.68219 -0.37888
vn -0.01910 0.96890 -0.24671
vn 0.88527 0.39679 -0.24262
vn 0.97116 -0.21017 -0.11255
vn 0.93769 0.32718 -0.11701
vn 0.96689 0.06498 -0.24678
vn 0.93824 -0.34423 0.03471
vn -0.36926 0.92192 -0.11707
vn 0.95041 -0.28810 -0.11716
# 25 normals
f  884/1118/1712 885/1119/1713 886/1120/1714 887/1121/1715
f  888/1122/1716 885/1119/1713 884/1118/1712 889/1123/1717
f  890/1124/1718 891/1125/1719 892/1126/1720
f  889/1123/1717 892/1126/1720 891/1125/1719 888/1122/1716
f  893/1127/1721 894/1128/1722 887/1121/1715
f  895/1129/1723 896/1130/1724 897/1131/1725
f  897/1131/1725 896/1130/1724 898/1132/1726 899/1133/1727
f  900/1134/1728 901/1135/1729 899/1133/1727
f  899/1133/1727 901/1135/1729 897/1131/1725
f  902/1136/1730 900/1134/1728 899/1133/1727
f  903/1137/1731 894/1128/1722 893/1127/1721
f  903/1137/1731 902/1136/1730 904/1138/1732 894/1128/1722
f  902/1136/1730 905/1139/1733 900/1134/1728
f  903/1137/1731 905/1139/1733 902/1136/1730
f  898/1132/1726 904/1138/1732 902/1136/1730 899/1133/1727
f  892/1126/1720 889/1123/1717 898/1132/1726 896/1130/1724
f  884/1118/1712 904/1138/1732 898/1132/1726 889/1123/1717
f  904/1138/1732 884/1118/1712 887/1121/1715 894/1128/1722
f  892/1126/1720 896/1130/1724 895/1129/1723
f  892/1126/1720 895/1129/1723 890/1124/1718
f  893/1127/1721 887/1121/1715 906/1140/1734
f  887/1121/1715 886/1120/1714 906/1140/1734
f  897/1131/1725 901/1135/1729 907/1141/1735
f  897/1131/1725 907/1141/1735 895/1129/1723
f  908/1142/1736 905/1139/1733 903/1137/1731
f  908/1142/1736 903/1137/1731 893/1127/1721
# object BackPlate
g BackPlate
v 0.00207 -0.01219 -0.01406
v -0.00792 -0.00363 -0.00254
v 0.00357 -0.01416 -0.00254
v -0.00582 -0.00495 -0.01406
v -0.00821 -0.00444 -0.00257
v 0.00280 -0.01452 -0.00257
# 6 verticies
vt 0.31824 0.30115
vt 0.23624 0.38115
vt 0.33524 0.38115
vt 0.25324 0.30115
vt 0.23824 0.37415
vt 0.33324 0.37415
# 6 texture verticies
vn 0.67509 0.73672 0.03875
vn 0.67510 0.73670 0.03878
vn 0.67495 0.73686 0.03852
vn 0.67528 0.73653 0.03906
vn -0.91915 0.33574 -0.20600
vn -0.91915 0.33574 -0.20600
vn 0.41300 -0.88710 -0.20611
vn -0.67171 -0.73311 -0.10660
vn -0.67192 -0.73287 -0.10695
vn -0.67169 -0.73312 -0.10657
vn -0.67152 -0.73333 -0.10628
# 11 normals
f  909/1143/1737 910/1144/1738 911/1145/1739
f  909/1143/1737 912/1146/1740 910/1144/1738
f  910/1144/1741 912/1146/1742 913/1147/1741
f  909/1143/1743 911/1145/1743 914/1148/1743
f  913/1147/1744 912/1146/1745 909/1143/1746
f  913/1147/1744 909/1143/1746 914/1148/1747
# object WingTailL
g WingTailL
v -0.00609 -0.01195 0.02187
v 0.00012 -0.01605 0.01594
v -0.01318 -0.00553 0.02376
v -0.01367 -0.00607 0.02641
v -0.01340 -0.00576 0.02370
v -0.01262 -0.00491 0.01911
v -0.01306 -0.00538 0.02043
v -0.01432 -0.00398 0.02143
v -0.01483 -0.00426 0.02253
v 0.00259 -0.01335 -0.00135
v 0.00165 -0.01436 0.00175
v -0.01367 -0.00607 0.02641
v -0.01486 -0.00513 0.02707
v -0.01441 -0.00381 0.02265
v -0.01258 -0.00488 0.02056
v 0.00259 -0.01337 0.00204
v 0.00009 -0.01609 0.01594
v -0.01318 -0.00553 0.02376
v -0.01340 -0.00576 0.02370
# 19 verticies
vt 0.78624 0.06215
vt 0.83624 0.00515
vt 0.77124 0.13615
vt 0.74824 0.13615
vt 0.81024 0.13615
vt 0.79824 0.13615
vt 0.79024 0.15215
vt 0.78024 0.15215
vt 0.98324 0.00515
vt 0.95624 0.00515
vt 0.74024 0.15215
# 11 texture verticies
vn 0.68577 0.68289 0.25175
vn 0.68602 0.68543 0.24405
vn 0.68538 0.67950 0.26178
vn 0.68519 0.67800 0.26614
vn -0.72476 0.68898 0.00505
vn -0.66121 -0.73298 -0.15982
vn -0.66177 -0.72827 -0.17802
vn -0.66089 -0.73496 -0.15186
vn -0.66204 -0.72448 -0.19194
vn -0.80028 -0.42888 -0.41906
vn -0.74218 -0.60342 -0.29165
vn -0.79997 -0.39288 -0.45353
vn -0.72042 -0.64273 -0.26055
vn -0.78971 -0.47133 -0.39270
vn -0.74057 -0.60583 -0.29074
vn -0.65807 -0.73838 -0.14746
vn -0.66120 -0.73599 -0.14541
vn 0.62193 0.76733 0.15624
vn 0.68753 0.67397 0.27031
vn 0.59071 0.79770 0.12138
vn 0.68432 0.67640 0.27239
vn 0.42795 0.90083 -0.07325
vn 0.45300 0.89094 -0.03182
vn 0.59378 0.79509 0.12353
vn 0.48956 0.87196 0.00438
vn -0.65528 -0.73821 -0.16019
vn 0.69112 0.67518 0.25785
vn 0.69120 0.67200 0.26580
vn -0.69511 0.70397 -0.14576
vn -0.72270 0.69110 -0.00918
vn -0.72266 0.69114 -0.00944
vn -0.73593 0.66577 0.12312
vn 0.18008 -0.42940 0.88498
vn -0.65442 -0.74080 -0.15151
# 34 normals
f  915/1149/1748 916/1150/1749 917/1151/1750
f  918/1152/1751 915/1149/1748 917/1151/1750
f  919/1151/1752 918/1152/1752 917/1151/1752
f  919/1151/1753 915/1149/1754 918/1152/1755
f  919/1151/1753 916/1150/1756 915/1149/1754
f  920/1153/1757 921/1154/1758 922/1155/1759
f  922/1155/1759 921/1154/1758 923/1156/1760
f  924/1157/1761 925/1158/1762 920/1153/1757
f  920/1153/1757 925/1158/1762 921/1154/1758
f  921/1154/1758 926/1152/1763 923/1156/1760
f  923/1156/1760 926/1152/1763 927/1159/1764
f  928/1156/1765 926/1152/1766 929/1154/1767
f  927/1159/1768 926/1152/1766 928/1156/1765
f  928/1156/1765 929/1154/1767 922/1155/1769
f  922/1155/1769 929/1154/1767 920/1153/1770
f  929/1154/1767 930/1158/1771 920/1153/1770
f  920/1153/1770 930/1158/1771 924/1157/1772
f  925/1158/1762 931/1150/1773 921/1154/1758
f  929/1154/1767 931/1150/1774 930/1158/1771
f  932/1151/1775 931/1150/1774 929/1154/1767
f  922/1155/1776 923/1156/1777 928/1156/1778
f  928/1156/1778 923/1156/1777 927/1159/1779
f  933/1151/1780 931/1150/1780 932/1151/1780
f  921/1154/1758 931/1150/1773 933/1151/1781
# object WingTailR
g WingTailR
v -0.00491 -0.01305 0.02187
v -0.00958 -0.00727 0.01592
v 0.00189 -0.01980 0.02369
v 0.00160 -0.02011 0.02641
v 0.00209 -0.01957 0.02376
v 0.00266 -0.01896 0.01910
v 0.00269 -0.01892 0.02057
v 0.00373 -0.02057 0.02142
v 0.00391 -0.02064 0.02265
v -0.00705 -0.00451 -0.00135
v -0.00707 -0.00452 0.00205
v 0.00160 -0.02011 0.02641
v 0.00263 -0.02121 0.02706
v 0.00350 -0.02111 0.02251
v 0.00223 -0.01944 0.02040
v -0.00797 -0.00554 0.00175
v -0.00956 -0.00724 0.01594
v 0.00189 -0.01980 0.02369
v 0.00209 -0.01957 0.02376
# 19 verticies
vt 0.78624 0.06215
vt 0.83624 0.00515
vt 0.77124 0.13615
vt 0.74824 0.13615
vt 0.81024 0.13615
vt 0.79824 0.13615
vt 0.79024 0.15215
vt 0.78024 0.15215
vt 0.98324 0.00515
vt 0.95624 0.00515
vt 0.74024 0.15215
# 11 texture verticies
vn -0.67218 -0.72139 -0.16662
vn -0.67013 -0.72145 -0.17448
vn -0.67479 -0.72125 -0.15636
vn -0.67591 -0.72116 -0.15188
vn 0.74831 -0.66333 0.00465
vn 0.61973 0.74104 0.25843
vn 0.62558 0.74214 0.24058
vn 0.61712 0.74048 0.26618
vn 0.62991 0.74281 0.22683
vn 0.84745 0.53007 -0.02908
vn 0.74338 0.65754 0.12256
vn 0.85934 0.50641 -0.07131
vn 0.71097 0.68559 0.15645
vn 0.82681 0.56247 0.00458
vn 0.74140 0.65957 0.12365
vn 0.61294 0.74241 0.27042
vn 0.61558 0.73948 0.27246
vn -0.57837 -0.77296 -0.26081
vn -0.67960 -0.71859 -0.14754
vn -0.53657 -0.79143 -0.29280
vn -0.67689 -0.72156 -0.14546
vn -0.31952 -0.83118 -0.45503
vn -0.35556 -0.83428 -0.42137
vn -0.54030 -0.78958 -0.29093
vn -0.40195 -0.82702 -0.39303
vn 0.61373 0.74618 0.25797
vn -0.67957 -0.71589 -0.16028
vn -0.68206 -0.71530 -0.15211
vn 0.76194 -0.63104 -0.14574
vn 0.75036 -0.66096 -0.00953
vn 0.75040 -0.66091 -0.00980
vn 0.72518 -0.67759 0.12241
vn -0.44660 0.13841 0.88396
vn 0.61035 0.74599 0.26641
# 34 normals
f  934/1160/1782 935/1161/1783 936/1162/1784
f  937/1163/1785 934/1160/1782 936/1162/1784
f  938/1162/1786 937/1163/1786 936/1162/1786
f  938/1162/1787 934/1160/1788 937/1163/1789
f  938/1162/1787 935/1161/1790 934/1160/1788
f  939/1164/1791 940/1165/1792 941/1166/1793
f  941/1166/1793 940/1165/1792 942/1167/1794
f  943/1168/1795 944/1169/1796 939/1164/1791
f  939/1164/1791 944/1169/1796 940/1165/1792
f  940/1165/1792 945/1163/1797 942/1167/1794
f  942/1167/1794 945/1163/1797 946/1170/1798
f  947/1167/1799 945/1163/1800 948/1165/1801
f  946/1170/1802 945/1163/1800 947/1167/1799
f  947/1167/1799 948/1165/1801 941/1166/1803
f  941/1166/1803 948/1165/1801 939/1164/1804
f  948/1165/1801 949/1169/1805 939/1164/1804
f  939/1164/1804 949/1169/1805 943/1168/1806
f  944/1169/1796 950/1161/1807 940/1165/1792
f  948/1165/1801 950/1161/1808 949/1169/1805
f  951/1162/1809 950/1161/1808 948/1165/1801
f  941/1166/1810 942/1167/1811 947/1167/1812
f  947/1167/1812 942/1167/1811 946/1170/1813
f  952/1162/1814 950/1161/1814 951/1162/1814
f  940/1165/1792 950/1161/1807 952/1162/1815
# object WingL
g WingL
v -0.01235 0.00107 0.02028
v -0.00451 -0.00549 0.02057
v -0.01243 0.00116 0.02143
v -0.01139 0.00215 0.02029
v -0.01148 0.00223 0.02143
v -0.00403 -0.00493 0.02055
v -0.01395 0.00376 0.01971
v -0.00114 -0.00793 0.00826
v -0.00339 -0.00551 0.00841
v -0.00113 -0.00795 0.00988
v -0.00251 -0.00642 -0.02380
v -0.00294 -0.00689 -0.02380
v -0.00391 -0.00607 0.00841
v -0.00421 -0.00582 0.01174
v -0.00369 -0.00522 0.01174
v -0.00820 -0.00238 -0.02362
v -0.00736 -0.00313 -0.02372
v -0.00670 -0.00241 -0.02372
v -0.00685 -0.00276 -0.02496
v -0.00253 -0.00668 -0.02544
v -0.00147 -0.00764 -0.02556
v -0.00146 -0.00766 -0.02383
v -0.00873 -0.00104 -0.02364
v -0.00752 -0.00166 -0.02363
v -0.00785 -0.00184 -0.02485
v -0.00293 -0.00689 -0.02386
v -0.00114 -0.00794 0.00821
v -0.00390 -0.00608 0.00835
v -0.00145 -0.00766 -0.02388
v -0.00250 -0.00642 -0.02386
v -0.00339 -0.00551 0.00835
# 31 verticies
vt 0.66936 0.97412
vt 0.66474 0.90904
vt 0.67656 0.97412
vt 0.66941 0.97427
vt 0.67656 0.97427
vt 0.66466 0.90920
vt 0.66769 0.99356
vt 0.58591 0.89075
vt 0.58889 0.91158
vt 0.59590 0.88957
vt 0.38856 0.92434
vt 0.38856 0.92434
vt 0.60974 0.91195
vt 0.60981 0.91208
vt 0.39402 0.96821
vt 0.39269 0.96112
vt 0.38495 0.96112
vt 0.37832 0.92435
vt 0.37669 0.91536
vt 0.38741 0.91409
vt 0.39474 0.97642
vt 0.39400 0.96810
vt 0.38650 0.96966
vt 0.38822 0.92435
vt 0.58556 0.89076
vt 0.58854 0.91159
vt 0.38707 0.91410
# 27 texture verticies
vn -0.71346 -0.70065 -0.00817
vn -0.64221 -0.76650 0.00658
vn -0.64224 -0.76646 0.00841
vn 0.64913 0.76064 -0.00707
vn 0.69317 0.72077 0.00087
vn 0.69312 0.72081 0.00310
vn -0.14388 0.12333 0.98188
vn 0.73336 0.67984 -0.00106
vn 0.71276 0.70140 0.00109
vn 0.73245 0.68082 0.00197
vn -0.74401 0.66050 -0.10095
vn -0.74401 0.66050 -0.10095
vn -0.74401 0.66050 -0.10095
vn -0.74401 0.66050 -0.10096
vn 0.73665 -0.67514 0.03919
vn 0.73671 -0.67507 0.03919
vn 0.73665 -0.67514 0.03919
vn 0.73671 -0.67507 0.03919
vn -0.03277 0.03003 -0.99901
vn -0.61534 -0.78823 0.00704
vn 0.70645 0.70776 0.00257
vn -0.82074 -0.56998 -0.03892
vn -0.66004 -0.73441 -0.15805
vn -0.61524 -0.77988 -0.11516
vn -0.60254 -0.79808 0.00446
vn -0.56102 -0.82779 0.00486
vn 0.70072 0.71099 -0.05900
vn 0.67285 0.73369 -0.09477
vn -0.62791 -0.63541 -0.44943
vn -0.64820 -0.71140 -0.27155
vn -0.57445 -0.80814 -0.13009
vn -0.46258 -0.88657 -0.00287
vn 0.62944 0.72593 -0.27719
vn 0.66784 0.73042 -0.14306
vn 0.71448 0.69649 -0.06651
vn 0.76349 0.64582 -0.00217
vn -0.85659 -0.51438 -0.04084
vn -0.92804 -0.36557 -0.07141
vn 0.45576 0.88903 -0.04356
vn 0.53438 0.84483 -0.02635
vn 0.56953 0.82161 -0.02428
vn 0.75427 -0.65470 0.04951
vn 0.75459 -0.65433 0.04956
vn 0.75806 -0.65027 0.05000
vn -0.55856 -0.82946 -0.00194
vn 0.33185 -0.30044 0.89421
vn 0.75840 -0.64987 0.05005
vn -0.74896 -0.50150 -0.43308
vn -0.72097 -0.53704 -0.43794
vn -0.62402 -0.63681 -0.45284
vn -0.62797 -0.63535 -0.44943
vn 0.56622 0.77885 -0.26978
vn 0.54153 0.79724 -0.26675
vn 0.62981 0.72508 -0.27857
vn 0.44360 0.86076 -0.24963
vn -0.85450 -0.34013 -0.39262
vn 0.62907 0.72624 -0.27723
vn -0.47183 -0.88168 -0.00244
vn -0.55380 -0.83264 0.00374
vn -0.55837 -0.82958 0.00410
vn 0.76348 0.64583 -0.00186
vn 0.76074 0.64905 -0.00159
vn 0.73489 0.67818 0.00089
vn 0.73341 0.67979 0.00103
vn -0.01042 0.00955 -0.99990
vn 0.03294 -0.03018 0.99900
vn -0.73671 0.67507 -0.03922
vn -0.46260 -0.88656 -0.00312
# 68 normals
f  953/1171/1816 954/1172/1817 955/1173/1818
f  956/1174/1819 957/1175/1820 958/1176/1821
f  953/1171/1822 956/1174/1822 959/1177/1822
f  960/1178/1823 961/1179/1824 962/1180/1825
f  955/1173/1826 957/1175/1827 956/1174/1828
f  955/1173/1826 956/1174/1828 953/1171/1829
f  963/1181/1830 961/1179/1831 964/1182/1832
f  964/1182/1832 961/1179/1831 965/1179/1833
f  965/1179/1834 961/1179/1834 960/1178/1834
f  966/1183/1835 954/1172/1817 953/1171/1816
f  967/1184/1836 956/1174/1819 958/1176/1821
f  953/1171/1816 968/1185/1837 969/1186/1838
f  953/1171/1816 969/1186/1838 964/1182/1839
f  953/1171/1816 964/1182/1839 965/1179/1840
f  965/1179/1840 962/1180/1841 966/1183/1835
f  961/1179/1824 967/1184/1836 962/1180/1825
f  963/1181/1842 970/1186/1843 956/1174/1819
f  961/1179/1824 963/1181/1842 956/1174/1819
f  956/1174/1819 967/1184/1836 961/1179/1824
f  969/1186/1838 971/1187/1844 972/1188/1845
f  969/1186/1838 972/1188/1845 964/1182/1839
f  964/1182/1839 972/1188/1845 973/1189/1846
f  974/1190/1847 964/1182/1839 973/1189/1846
f  971/1187/1848 970/1186/1843 972/1188/1849
f  972/1188/1849 970/1186/1843 963/1181/1842
f  973/1189/1850 972/1188/1849 963/1181/1842
f  973/1189/1850 963/1181/1842 974/1190/1851
f  953/1171/1816 959/1177/1852 968/1185/1837
f  968/1185/1837 959/1177/1852 975/1191/1853
f  975/1191/1854 959/1177/1855 976/1192/1856
f  959/1177/1855 956/1174/1819 976/1192/1856
f  966/1183/1857 967/1184/1858 954/1172/1859
f  960/1178/1860 962/1180/1841 965/1179/1840
f  962/1180/1861 967/1184/1861 966/1183/1861
f  953/1171/1816 965/1179/1840 966/1183/1835
f  954/1172/1859 967/1184/1858 958/1176/1862
f  970/1186/1843 976/1192/1856 956/1174/1819
usemtl BodyGlow
f  968/1185/1863 977/1193/1864 969/1186/1865
f  977/1193/1864 971/1187/1866 969/1186/1865
f  977/1193/1867 976/1192/1868 970/1186/1869
f  975/1191/1870 976/1192/1868 977/1193/1867
f  975/1191/1871 977/1193/1864 968/1185/1863
f  977/1193/1867 970/1186/1869 971/1187/1872
usemtl Body
f  978/1194/1873 979/1195/1874 980/1196/1875
f  981/1197/1876 982/1194/1877 979/1195/1878
f  982/1194/1877 983/1196/1879 979/1195/1878
f  978/1194/1880 982/1194/1880 981/1197/1880
f  979/1195/1881 983/1196/1881 980/1196/1881
f  978/1194/1882 983/1196/1882 982/1194/1882
f  980/1196/1882 983/1196/1882 978/1194/1882
f  981/1197/1883 979/1195/1874 978/1194/1873
# object WingR
g WingR
v 0.00854 -0.01793 0.02048
v 0.00953 -0.01688 0.02048
v 0.00863 -0.01800 0.02163
v 0.00183 -0.01016 0.02077
v 0.00962 -0.01696 0.02163
v 0.00151 -0.00984 0.01196
v 0.00096 -0.01041 0.01195
v -0.00143 -0.00753 0.01009
v 0.00067 -0.01013 0.00862
v 0.00119 -0.00957 0.00862
v -0.00142 -0.00754 0.00848
v 0.01136 -0.01929 0.01990
v 0.00132 -0.01069 0.02078
v -0.00024 -0.00919 -0.02359
v 0.00019 -0.00872 -0.02359
v -0.00114 -0.00778 -0.02361
v -0.00113 -0.00780 -0.02534
v -0.00008 -0.00876 -0.02523
v 0.00454 -0.01255 -0.02352
v 0.00421 -0.01272 -0.02475
v 0.00389 -0.01327 -0.02352
v 0.00470 -0.01404 -0.02342
v 0.00536 -0.01330 -0.02342
v 0.00608 -0.01445 -0.02344
v 0.00521 -0.01364 -0.02464
v 0.00454 -0.01255 -0.02352
v 0.00537 -0.01329 -0.02342
v -0.00142 -0.00754 0.00842
v 0.00018 -0.00872 -0.02364
v -0.00115 -0.00778 -0.02366
v 0.00119 -0.00956 0.00857
v 0.00067 -0.01013 0.00857
v -0.00025 -0.00919 -0.02364
# 33 verticies
vt 0.70338 0.97480
vt 0.70333 0.97493
vt 0.69618 0.97479
vt 0.70803 0.90992
vt 0.69618 0.97494
vt 0.76289 0.91276
vt 0.76297 0.91263
vt 0.77680 0.89027
vt 0.78383 0.91224
vt 0.78382 0.91224
vt 0.78679 0.89143
vt 0.70506 0.99421
vt 0.70796 0.90976
vt 0.98422 0.92483
vt 0.98421 0.92482
vt 0.98536 0.91459
vt 0.99608 0.91583
vt 0.99446 0.92482
vt 0.98011 0.96158
vt 0.98785 0.96157
vt 0.97879 0.96866
vt 0.97881 0.96856
vt 0.97808 0.97687
vt 0.98632 0.97011
vt 0.78713 0.89144
vt 0.98456 0.92484
vt 0.98570 0.91460
vt 0.78417 0.91225
# 28 texture verticies
vn 0.72368 -0.68271 -0.10098
vn 0.72314 -0.68315 -0.10183
vn 0.72325 -0.68307 -0.10166
vn 0.65760 0.75336 0.00359
vn 0.65756 0.75340 0.00171
vn 0.70108 0.71306 -0.00656
vn 0.64334 0.76557 0.00315
vn 0.72271 -0.68351 -0.10252
vn -0.73151 -0.68180 0.00681
vn -0.77569 -0.63109 0.00463
vn -0.74243 -0.66991 0.00421
vn 0.61416 0.78918 0.00265
vn 0.63645 0.77132 0.00169
vn 0.61311 0.79000 -0.00037
vn 0.13603 -0.13390 0.98161
vn -0.70745 -0.70672 0.00761
vn -0.70749 -0.70670 0.00618
vn -0.63571 -0.77188 -0.00880
vn -0.71373 0.69854 0.05135
vn -0.71679 0.69542 0.05098
vn -0.71707 0.69514 0.05095
vn -0.77760 -0.62875 -0.00224
vn -0.32774 0.30346 0.89470
vn -0.73662 0.67509 0.04062
vn -0.73663 0.67507 0.04062
vn -0.73754 0.67408 0.04064
vn 0.03266 -0.02835 -0.99906
vn -0.71343 0.69884 0.05138
vn -0.73756 0.67406 0.04065
vn 0.57681 0.81688 -0.00140
vn 0.64704 0.76022 -0.05839
vn 0.63151 0.77256 -0.06585
vn 0.66920 0.72929 -0.14252
vn 0.67203 0.73447 -0.09447
vn 0.66788 0.69064 -0.27740
vn -0.72326 -0.68088 -0.11536
vn -0.84255 -0.53862 -0.00284
vn -0.75494 -0.64276 -0.13011
vn -0.65241 -0.70746 -0.27176
vn -0.67415 -0.72138 -0.15856
vn -0.57831 -0.68030 -0.45027
vn -0.49625 -0.86728 -0.03964
vn 0.76882 0.63902 -0.02403
vn -0.43774 -0.89814 -0.04165
vn -0.28332 -0.95629 -0.07242
vn 0.84592 0.53153 -0.04352
vn 0.79489 0.60619 -0.02613
vn -0.43468 -0.78933 -0.43361
vn -0.47245 -0.76449 -0.43857
vn -0.26493 -0.88038 -0.39337
vn 0.66111 0.69533 -0.28189
vn 0.74265 0.60988 -0.27662
vn 0.72422 0.63239 -0.27491
vn -0.58026 -0.67655 -0.45340
vn -0.57858 -0.68009 -0.45025
vn 0.82136 0.50879 -0.25785
vn 0.66873 0.69136 -0.27353
vn 0.61132 0.79138 0.00143
vn 0.58027 0.81442 -0.00097
vn 0.57685 0.81685 -0.00123
vn 0.61304 0.79005 0.00157
vn -0.03174 0.02909 0.99907
vn 0.00874 -0.00801 -0.99993
vn 0.73667 -0.67503 -0.04062
vn -0.83691 -0.54733 -0.00252
vn -0.78119 -0.62428 0.00349
vn -0.84255 -0.53861 -0.00318
vn -0.77776 -0.62855 0.00384
# 68 normals
f  984/1198/1884 985/1199/1885 986/1200/1886
f  987/1201/1887 988/1202/1888 985/1199/1889
f  987/1201/1887 985/1199/1889 989/1203/1890
f  985/1199/1885 988/1202/1891 986/1200/1886
f  990/1204/1892 991/1205/1893 992/1206/1894
f  991/1205/1895 989/1203/1890 993/1207/1896
f  991/1205/1895 993/1207/1896 994/1208/1897
f  995/1209/1898 985/1199/1898 984/1198/1898
f  986/1200/1899 996/1210/1900 984/1198/1901
f  984/1198/1901 996/1210/1900 990/1204/1892
f  996/1210/1902 989/1203/1903 990/1204/1904
f  992/1206/1894 991/1205/1893 994/1208/1905
f  990/1204/1906 989/1203/1906 991/1205/1906
f  992/1206/1907 993/1207/1908 997/1211/1909
f  994/1208/1910 993/1207/1910 992/1206/1910
f  987/1201/1911 989/1203/1903 996/1210/1902
f  997/1211/1909 993/1207/1908 998/1212/1912
f  999/1213/1913 998/1212/1914 1000/1214/1915
f  1000/1214/1915 998/1212/1914 1001/1215/1916
f  998/1212/1914 1002/1216/1917 1001/1215/1916
f  1001/1215/1916 1002/1216/1917 1003/1217/1918
f  997/1211/1919 999/1213/1920 1000/1214/1921
f  997/1211/1919 1000/1214/1921 1001/1215/1922
f  997/1211/1919 1001/1215/1922 1004/1216/1923
f  1004/1216/1923 1001/1215/1922 1003/1217/1924
f  984/1198/1901 1004/1216/1923 1005/1218/1925
f  984/1198/1901 997/1211/1919 1004/1216/1923
f  992/1206/1894 997/1211/1919 984/1198/1901
f  990/1204/1892 992/1206/1894 984/1198/1901
f  1002/1216/1917 985/1199/1889 1006/1219/1926
f  985/1199/1889 1002/1216/1917 998/1212/1914
f  993/1207/1896 985/1199/1889 998/1212/1914
f  989/1203/1890 985/1199/1889 993/1207/1896
f  984/1198/1901 1005/1218/1925 995/1209/1927
f  1005/1218/1925 1007/1220/1928 995/1209/1927
f  1007/1220/1929 1006/1219/1926 995/1209/1930
f  995/1209/1930 1006/1219/1926 985/1199/1889
usemtl BodyGlow
f  1005/1218/1931 1008/1221/1932 1007/1220/1933
f  1009/1216/1934 1010/1219/1935 1008/1221/1936
f  1004/1216/1937 1008/1221/1932 1005/1218/1931
f  1004/1216/1937 1003/1217/1938 1008/1221/1932
f  1008/1221/1936 1010/1219/1935 1007/1220/1939
f  1003/1217/1940 1009/1216/1934 1008/1221/1936
usemtl Body
f  1011/1222/1941 1012/1223/1942 1013/1224/1943
f  1011/1222/1941 1014/1225/1944 1012/1223/1942
f  1015/1225/1945 1014/1225/1945 1011/1222/1945
f  1013/1224/1946 1012/1223/1946 1016/1223/1946
f  1012/1223/1947 1014/1225/1947 1016/1223/1947
f  1016/1223/1947 1014/1225/1947 1015/1225/1947
f  1016/1223/1948 1011/1222/1949 1013/1224/1950
f  1015/1225/1951 1011/1222/1949 1016/1223/1948
