# 
# Wavefront OBJ file
# Converted by the DEEP Exploration Deep Exploration 6.3 6.3.3.8068
# Right Hemisphere, LTD
# http://www.righthemisphere.com/
# 
mtllib vf1d-G.mtl
# object BackBone
g BackBone
v -0.01543 -0.01535 0.00307
v -0.00687 -0.02481 0.00278
v -0.00544 -0.00973 0.00627
v 0.00686 -0.02481 0.00278
v 0.00543 -0.00973 0.00626
v -0.01695 -0.00090 0.00352
v -0.01976 -0.00090 0.00113
v -0.01800 -0.01630 0.00113
v -0.00723 -0.02535 0.00113
v 0.00723 -0.02535 0.00113
v 0.01694 -0.00090 0.00351
v 0.00603 -0.00090 0.00702
v 0.01542 -0.01535 0.00307
v 0.01975 -0.00090 0.00113
v 0.01799 -0.01629 0.00113
v -0.00920 -0.02780 0.00101
v -0.00630 -0.01625 0.00101
v -0.01441 -0.02780 0.00101
v -0.00630 -0.00090 0.00101
v -0.00604 -0.00090 0.00703
v 0.00400 0.00200 0.00659
v -0.00400 0.00200 0.00659
v -0.00920 -0.02780 0.00079
v -0.01441 -0.02780 0.00079
v 0.00630 -0.01625 0.00101
v 0.00919 -0.02780 0.00101
v 0.01440 -0.02780 0.00100
v 0.00630 -0.00090 0.00101
v 0.00919 -0.02780 0.00078
v 0.01440 -0.02780 0.00078
v 0.00630 -0.01625 -0.00021
v 0.01507 -0.01625 -0.00022
v 0.00629 -0.00090 -0.00091
v 0.01692 -0.00090 -0.00092
v -0.01508 -0.01625 -0.00021
v -0.00630 -0.01625 -0.00021
v -0.01693 -0.00090 -0.00091
v -0.00631 -0.00090 -0.00091
v 0.00596 -0.00090 0.00112
v -0.00597 -0.00090 0.00112
v 0.00399 0.00200 0.00112
v -0.00400 0.00200 0.00112
v -0.00400 0.00200 0.00112
v -0.00400 0.00200 0.00659
v 0.00399 0.00200 0.00112
v -0.00579 -0.00090 -0.00091
v 0.00579 -0.00090 -0.00091
v -0.00766 0.00586 0.00301
v -0.00618 -0.00090 0.00140
v -0.00692 0.00663 0.00140
v -0.00714 -0.00090 0.00393
v -0.01213 0.00662 0.00140
v -0.01287 -0.00090 0.00140
v -0.01131 0.00586 0.00301
v -0.01183 -0.00090 0.00394
v 0.00691 0.00663 0.00140
v 0.00617 -0.00090 0.00139
v 0.00765 0.00586 0.00301
v 0.00714 -0.00090 0.00393
v 0.01130 0.00587 0.00301
v 0.01286 -0.00090 0.00139
v 0.01212 0.00663 0.00139
v 0.01182 -0.00090 0.00393
v 0.00194 0.00200 0.00786
v 0.00320 0.00200 0.00659
v -0.00320 0.00200 0.00659
v -0.00422 0.00200 0.00552
v -0.00326 -0.00300 0.00531
v -0.00194 0.00200 0.00786
v -0.00112 -0.00300 0.00719
v -0.00201 -0.00820 0.00490
v -0.00022 -0.00820 0.00614
v -0.00000 0.00200 0.00849
v -0.00000 -0.00300 0.00757
v -0.00000 -0.00820 0.00624
v -0.00434 -0.00300 0.00006
v -0.00516 0.00200 -0.00003
v -0.00316 -0.00820 0.00006
v 0.00325 -0.00300 0.00531
v 0.00402 0.00200 0.00572
v 0.00111 -0.00300 0.00719
v 0.00021 -0.00820 0.00614
v 0.00200 -0.00820 0.00490
v 0.00433 -0.00300 0.00006
v 0.00515 0.00200 -0.00004
v 0.00315 -0.00820 0.00006
v -0.00400 0.00200 0.00659
v -0.00000 -0.00820 0.00006
# 88 verticies
vt 0.03024 0.56115
vt 0.08124 0.50415
vt 0.09024 0.59515
vt 0.16424 0.50415
vt 0.15524 0.59515
vt 0.02124 0.64915
vt 0.00424 0.64915
vt 0.01424 0.55515
vt 0.07924 0.50015
vt 0.16624 0.50015
vt 0.22424 0.64915
vt 0.15924 0.64915
vt 0.21524 0.56115
vt 0.24124 0.64915
vt 0.23124 0.55515
vt 0.06724 0.48615
vt 0.08524 0.55615
vt 0.03624 0.48615
vt 0.08524 0.64915
vt 0.08724 0.64915
vt 0.14724 0.66715
vt 0.09824 0.66715
vt 0.16024 0.55615
vt 0.17824 0.48615
vt 0.20924 0.48615
vt 0.16024 0.64915
vt 0.44624 0.48615
vt 0.42824 0.55615
vt 0.48124 0.55615
vt 0.47724 0.48615
vt 0.42824 0.64915
vt 0.49224 0.64915
vt 0.50924 0.64915
vt 0.49924 0.55615
vt 0.27224 0.64915
vt 0.43424 0.50015
vt 0.34724 0.50015
vt 0.28224 0.55515
vt 0.30024 0.55615
vt 0.35324 0.55615
vt 0.33524 0.48615
vt 0.30424 0.48615
vt 0.28924 0.64915
vt 0.35324 0.64915
vt 0.42624 0.64915
vt 0.35524 0.64915
vt 0.41424 0.66715
vt 0.36624 0.66715
vt 0.42524 0.46315
vt 0.49124 0.44015
vt 0.35424 0.46315
vt 0.50824 0.42415
vt 0.42424 0.42415
vt 0.35524 0.42415
vt 0.27124 0.42415
vt 0.28824 0.44015
vt 0.35424 0.42515
vt 0.36624 0.42515
vt 0.36624 0.46015
vt 0.41424 0.46015
vt 0.41424 0.42515
vt 0.42524 0.42515
vt 0.35529 0.40615
vt 0.28824 0.40615
vt 0.49124 0.40615
vt 0.42424 0.40615
vt 0.23424 0.80915
vt 0.24524 0.76815
vt 0.24524 0.81315
vt 0.22924 0.76815
vt 0.28224 0.81415
vt 0.28724 0.76815
vt 0.25124 0.76815
vt 0.25524 0.81415
vt 0.23624 0.81015
vt 0.40124 0.46915
vt 0.40924 0.46015
vt 0.37024 0.46015
vt 0.59424 0.54315
vt 0.56724 0.54215
vt 0.59424 0.56115
vt 0.56724 0.55515
vt 0.53724 0.53915
vt 0.53724 0.54715
vt 0.59624 0.61315
vt 0.56824 0.60815
vt 0.59624 0.60215
vt 0.56824 0.60215
vt 0.53824 0.60315
vt 0.53824 0.60215
vt 0.56724 0.50515
vt 0.59424 0.50415
vt 0.53724 0.50515
vt 0.53724 0.54815
vt 0.37824 0.46915
vt 0.36424 0.45315
vt 0.36624 0.46015
vt 0.41524 0.45315
vt 0.35824 0.41815
vt 0.42024 0.41815
vt 0.38924 0.47315
# 101 texture verticies
vn -0.23292 -0.13362 0.96327
vn -0.19245 -0.20364 0.95995
vn -0.25814 -0.11929 0.95872
vn 0.00021 -0.22524 0.97430
vn 0.00024 -0.22522 0.97431
vn 0.00025 -0.22521 0.97431
vn 0.00029 -0.22518 0.97432
vn -0.64312 -0.09097 0.76034
vn -0.63251 -0.08653 0.76970
vn -0.59592 -0.07151 0.79985
vn -0.58413 -0.06676 0.80891
vn -0.40633 -0.48346 0.77534
vn -0.64622 -0.61675 0.44946
vn -0.44672 -0.50888 0.73586
vn -0.68681 -0.63233 0.35839
vn 0.00013 -0.95006 0.31205
vn 0.00008 -0.95020 0.31163
vn 0.00012 -0.95008 0.31200
vn 0.00007 -0.95022 0.31157
vn 0.25856 -0.11923 0.95861
vn 0.28847 -0.07791 0.95431
vn 0.30527 -0.10213 0.94677
vn 0.23333 -0.13355 0.96318
vn 0.19288 -0.20355 0.95988
vn 0.59646 -0.07145 0.79946
vn 0.63296 -0.08643 0.76934
vn 0.64355 -0.09086 0.75999
vn 0.58470 -0.06671 0.80851
vn 0.44723 -0.50890 0.73553
vn 0.64666 -0.61675 0.44883
vn 0.40687 -0.48348 0.77505
vn 0.68721 -0.63231 0.35767
vn 0.00893 -0.00192 0.99996
vn 0.00541 -0.00664 0.99996
vn 0.01069 -0.00131 0.99994
vn 0.00019 -0.01063 0.99994
vn 0.00921 0.00105 0.99996
vn 0.00985 0.00057 0.99995
vn 0.00026 0.00273 1.00000
vn 0.00027 -0.08581 0.99631
vn 0.00027 0.02659 0.99965
vn 0.00028 -0.08579 0.99631
vn 0.00031 0.14961 0.98875
vn 0.00025 0.14939 0.98878
vn 0.97000 -0.24311 -0.00000
vn 0.00000 -1.00000 -0.00000
vn -0.95450 -0.29819 -0.00000
vn -0.01018 -0.00129 0.99995
vn -0.00486 -0.00663 0.99997
vn -0.00843 -0.00192 0.99996
vn 0.00038 -0.01064 0.99994
vn -0.00938 0.00054 0.99996
vn -0.00877 0.00100 0.99996
vn 0.95453 -0.29812 -0.00000
vn -0.00020 -0.08624 -0.99627
vn -0.00022 -0.08623 -0.99627
vn -0.00021 -0.08624 -0.99627
vn -0.00019 -0.08625 -0.99627
vn -0.00021 -0.04554 -0.99896
vn -0.00018 -0.04555 -0.99896
vn -0.00020 -0.04555 -0.99896
vn -0.00022 -0.04553 -0.99896
vn 0.43232 -0.07874 -0.89828
vn 0.58152 -0.10679 -0.80649
vn 0.55472 -0.09688 -0.82638
vn 0.41505 -0.07445 -0.90675
vn 0.41364 -0.10229 -0.90468
vn -0.00023 0.00003 -1.00000
vn -0.00024 -0.00000 -1.00000
vn -0.00025 -0.00000 -1.00000
vn -0.00023 -0.00001 -1.00000
vn -0.00024 0.00000 -1.00000
vn -0.00031 -0.00003 -1.00000
vn -0.00021 -0.08628 -0.99627
vn -0.00022 -0.08628 -0.99627
vn -0.00020 -0.08627 -0.99627
vn -0.00019 -0.08627 -0.99627
vn -0.00026 -0.04554 -0.99896
vn -0.00028 -0.04555 -0.99896
vn -0.00024 -0.04553 -0.99896
vn -0.00022 -0.04552 -0.99896
vn -0.55509 -0.09698 -0.82612
vn -0.58184 -0.10688 -0.80625
vn -0.43291 -0.07885 -0.89798
vn -0.41568 -0.07457 -0.90645
vn -0.41426 -0.10237 -0.90438
vn -0.96997 -0.24323 -0.00000
vn 0.99334 -0.11521 -0.00003
vn 0.99248 -0.12243 -0.00000
vn 1.00000 0.00011 -0.00052
vn 1.00000 0.00010 -0.00048
vn -0.99246 -0.12256 -0.00000
vn -0.99333 -0.11534 0.00003
vn -1.00000 -0.00010 0.00048
vn -1.00000 -0.00011 0.00052
vn -0.00025 0.00017 -1.00000
vn -0.00025 0.00017 -1.00000
vn -0.00025 0.00017 -1.00000
vn -0.00025 0.00017 -1.00000
vn -0.00008 1.00000 0.00003
vn -0.00010 1.00000 -0.00009
vn -0.00005 1.00000 0.00005
vn -0.00008 1.00000 0.00001
vn -0.00007 1.00000 0.00006
vn -0.00009 1.00000 0.00004
vn -0.00005 1.00000 0.00001
vn 0.00000 1.00000 0.00000
vn 0.82197 -0.56952 0.00414
vn 0.82666 -0.56262 0.00914
vn 0.82378 -0.56688 0.00606
vn 0.81890 -0.57394 0.00091
vn -0.82214 -0.56926 0.00636
vn -0.82670 -0.56265 0.00122
vn -0.82384 -0.56680 0.00444
vn -0.81937 -0.57318 0.00943
vn -0.28806 -0.07795 0.95443
vn -0.00009 1.00000 -0.00001
vn -0.00008 1.00000 -0.00008
vn -0.00008 1.00000 0.00008
vn -0.00009 1.00000 0.00001
vn 0.90040 0.09683 0.42415
vn 0.92049 0.11319 0.37402
vn 0.88843 0.08792 0.45051
vn 0.92782 0.11974 0.35328
vn -0.87123 0.08606 0.48327
vn -0.90921 0.11460 0.40026
vn -0.88554 0.09622 0.45449
vn -0.91804 0.12212 0.37721
vn -0.00003 0.90422 0.42707
vn 0.00005 0.90414 0.42725
vn -0.00009 0.90428 0.42694
vn 0.00012 0.90406 0.42741
vn -0.00024 -0.00007 -1.00000
vn -0.00030 -0.00003 -1.00000
vn -0.00025 -0.00006 -1.00000
vn -0.00019 -0.00011 -1.00000
vn 0.00021 0.13547 0.99078
vn 0.00025 0.13545 0.99078
vn 0.00023 0.13546 0.99078
vn 0.00027 0.13543 0.99079
vn -0.88806 0.08765 0.45130
vn -0.92033 0.11305 0.37445
vn -0.90011 0.09661 0.42482
vn -0.92771 0.11964 0.35361
vn 0.88578 0.09625 0.45402
vn 0.90944 0.11466 0.39972
vn 0.87146 0.08607 0.48285
vn 0.91826 0.12220 0.37664
vn 0.00008 0.90428 0.42694
vn -0.00006 0.90413 0.42725
vn 0.00002 0.90422 0.42707
vn -0.00013 0.90406 0.42741
vn -0.00025 0.00006 -1.00000
vn -0.00030 0.00003 -1.00000
vn -0.00024 0.00007 -1.00000
vn -0.00019 0.00011 -1.00000
vn 0.00020 0.13545 0.99078
vn 0.00021 0.13546 0.99078
vn 0.00018 0.13544 0.99079
vn 0.00024 0.13547 0.99078
vn -0.30484 -0.10215 0.94691
vn -0.89573 -0.17764 0.40757
vn -0.83183 -0.21776 0.51052
vn -0.68585 -0.17934 0.70530
vn -0.63071 -0.21663 0.74517
vn -0.81479 -0.25032 0.52293
vn -0.55049 -0.25570 0.79472
vn -0.30204 -0.17534 0.93703
vn -0.30948 -0.20132 0.92935
vn 0.00019 -0.18343 0.98303
vn 0.00051 -0.21703 0.97616
vn -0.39154 -0.22783 0.89151
vn 0.00086 -0.24670 0.96909
vn -0.95991 -0.20138 0.19501
vn -0.97419 -0.15512 0.16397
vn -0.94993 -0.21666 0.22516
vn 0.68619 -0.17923 0.70499
vn 0.86230 -0.20621 0.46251
vn 0.87301 -0.17110 0.45670
vn 0.63090 -0.21658 0.74502
vn 0.55081 -0.25557 0.79454
vn 0.77436 -0.25620 0.57855
vn 0.31037 -0.20123 0.92907
vn 0.30233 -0.17537 0.93693
vn 0.39303 -0.22767 0.89090
vn 0.96243 -0.18568 0.19810
vn 0.96802 -0.15850 0.19446
vn 0.95002 -0.23103 0.20999
# 188 normals
usemtl Body
f  1/1/1 2/2/2 3/3/3
f  2/2/4 4/4/5 3/3/6
f  3/3/6 4/4/5 5/5/7
f  6/6/8 7/7/9 1/1/10
f  7/7/9 8/8/11 1/1/10
f  8/8/12 9/9/13 1/1/14
f  1/1/14 9/9/13 2/2/15
f  9/9/16 10/10/17 2/2/18
f  2/2/18 10/10/17 4/4/19
f  5/5/20 11/11/21 12/12/22
f  5/5/20 13/13/23 11/11/21
f  5/5/20 4/4/24 13/13/23
f  13/13/25 14/14/26 11/11/27
f  13/13/25 15/15/28 14/14/26
f  13/13/29 10/10/30 15/15/31
f  4/4/32 10/10/30 13/13/29
f  8/8/33 16/16/34 17/17/35
f  18/18/36 16/16/34 8/8/33
f  7/7/37 8/8/33 19/19/38
f  20/20/39 5/5/40 12/12/41
f  3/3/42 5/5/40 20/20/39
f  12/12/41 21/21/43 22/22/44 20/20/39
f  16/16/45 23/16/45 17/17/45
f  24/18/46 23/16/46 16/16/46
f  18/18/46 24/18/46 16/16/46
f  8/8/47 24/18/47 18/18/47
f  25/23/48 26/24/49 15/15/50
f  15/15/50 26/24/49 27/25/51
f  28/26/52 15/15/50 14/14/53
f  26/24/46 29/24/46 30/25/46
f  26/24/46 30/25/46 27/25/46
f  27/25/54 30/25/54 15/15/54
f  29/27/55 31/28/56 32/29/57
f  29/27/55 32/29/57 30/30/58
f  31/28/59 33/31/60 34/32/61
f  31/28/59 34/32/61 32/29/62
f  32/29/63 34/32/64 14/33/65
f  15/34/66 32/29/63 14/33/65
f  30/30/67 32/29/63 15/34/66
f  14/33/68 15/34/69 7/35/70
f  15/34/69 10/36/71 7/35/70
f  7/35/70 9/37/72 8/38/73
f  10/36/71 9/37/72 7/35/70
f  35/39/74 36/40/75 23/41/76
f  24/42/77 35/39/74 23/41/76
f  37/43/78 38/44/79 36/40/80
f  35/39/81 37/43/78 36/40/80
f  7/35/82 37/43/83 35/39/84
f  7/35/82 35/39/84 8/38/85
f  8/38/85 35/39/84 24/42/86
f  8/8/33 17/17/35 19/19/38
f  28/26/52 25/23/48 15/15/50
f  25/23/87 29/24/87 26/24/87
f  23/41/45 36/40/88 17/40/89
f  36/40/88 38/44/90 19/44/91
f  17/40/89 36/40/88 19/44/91
f  25/28/92 31/28/93 29/27/87
f  28/31/94 33/31/95 31/28/93
f  28/31/94 31/28/93 25/28/92
f  39/45/96 40/46/97 41/47/98
f  41/47/98 40/46/97 42/48/99
f  12/49/100 11/50/101 20/51/102
f  11/50/101 14/52/103 20/51/102
f  20/51/102 14/52/103 39/53/104 40/54/105 7/55/106
f  20/51/102 7/55/106 6/56/107
f  20/51/108 40/57/109 43/58/110 44/59/111
f  21/60/112 45/61/113 39/62/114 12/49/115
f  6/6/116 1/1/1 3/3/3
f  40/54/105 46/63/117 37/64/118
f  34/65/119 47/66/120 39/53/104
f  14/52/103 34/65/119 39/53/104
f  48/67/121 49/68/122 50/69/123
f  51/70/124 49/68/122 48/67/121
f  52/69/125 53/68/126 54/67/127
f  54/67/127 53/68/126 55/70/128
f  54/67/129 50/69/130 52/69/131
f  48/67/132 50/69/130 54/67/129
f  50/71/133 49/72/134 53/73/135
f  50/71/133 53/73/135 52/74/136
f  51/70/137 48/75/138 55/70/139
f  55/70/139 48/75/138 54/75/140
f  56/69/141 57/68/142 58/67/143
f  58/67/143 57/68/142 59/70/144
f  60/67/145 61/68/146 62/69/147
f  63/70/148 61/68/146 60/67/145
f  62/69/149 56/69/150 60/67/151
f  60/67/151 56/69/150 58/67/152
f  61/73/153 57/72/154 56/71/155
f  62/74/156 61/73/153 56/71/155
f  63/70/157 58/75/158 59/70/159
f  60/75/160 58/75/158 63/70/157
f  20/20/161 6/6/116 3/3/3
f  64/76/107 65/77/107 66/78/107
f  67/79/162 68/80/163 69/81/164
f  69/81/164 68/80/163 70/82/165
f  70/82/165 71/83/166 72/84/167
f  69/85/168 70/86/169 73/87/170
f  73/87/170 70/86/169 74/88/171
f  70/86/169 72/89/172 74/88/171
f  74/88/171 72/89/172 75/90/173
f  68/80/163 67/79/162 76/91/174
f  76/91/174 67/79/162 77/92/175
f  68/80/163 71/83/166 70/82/165
f  68/80/163 76/91/174 71/83/166
f  71/83/166 76/91/174 78/93/176
f  64/81/177 79/80/178 80/79/179
f  81/82/180 79/80/178 64/81/177
f  82/84/181 83/83/182 81/82/180
f  73/87/170 81/86/183 64/85/184
f  74/88/171 81/86/183 73/87/170
f  74/88/171 82/89/185 81/86/183
f  75/90/173 82/89/185 74/88/171
f  84/91/186 85/92/187 79/80/178
f  79/80/178 85/92/187 80/79/179
f  81/82/180 83/83/182 79/80/178
f  84/91/186 79/80/178 86/93/188
f  86/93/188 79/80/178 83/83/182
f  75/94/46 86/93/46 83/83/46
f  66/78/107 69/95/107 64/76/107
f  67/96/107 87/97/107 80/98/107
f  87/97/107 21/60/107 80/98/107
f  77/99/107 67/96/107 80/98/107
f  80/98/107 85/100/107 77/99/107
f  69/95/107 73/101/107 64/76/107
f  78/93/46 86/93/46 88/93/46
f  78/93/46 86/93/46 71/83/46
f  71/83/46 86/93/46 75/94/46
f  37/64/118 7/55/106 40/54/105
# object ShoulderL
g ShoulderL
v -0.02170 0.00084 -0.00258
v -0.03079 -0.00311 -0.00155
v -0.02011 -0.00118 -0.00173
v -0.01975 -0.00378 -0.00856
v -0.03044 -0.00571 -0.00838
v -0.02134 -0.00176 -0.00941
v -0.01983 -0.01200 -0.00542
v -0.02723 -0.01348 -0.00525
v -0.02019 -0.00939 0.00140
v -0.02759 -0.01087 0.00158
# 10 verticies
vt 0.91924 0.14515
vt 0.93124 0.07615
vt 0.93424 0.15315
vt 0.98524 0.14015
vt 0.98424 0.08615
vt 0.93324 0.16615
vt 0.91824 0.21515
vt 0.93324 0.21515
vt 0.91824 0.16615
vt 0.98524 0.16615
vt 0.93124 0.21515
vt 0.93124 0.16615
vt 0.98524 0.21515
vt 0.98624 0.21515
vt 0.98624 0.16615
vt 0.86524 0.16615
vt 0.86524 0.21515
# 17 texture verticies
vn -0.04905 0.35645 0.93302
vn -0.04899 0.35620 0.93313
vn -0.04902 0.35629 0.93309
vn 0.04889 -0.35614 -0.93315
vn 0.04892 -0.35610 -0.93316
vn 0.04889 -0.35613 -0.93315
vn 0.04892 -0.35610 -0.93317
vn 0.04896 -0.35605 -0.93318
vn -0.04898 0.35615 0.93315
vn -0.04898 0.35615 0.93314
vn 0.80893 0.56215 -0.17211
vn 0.80893 0.56215 -0.17211
vn -0.93252 -0.35098 0.08500
vn -0.93252 -0.35098 0.08500
vn -0.93252 -0.35098 0.08499
vn -0.93251 -0.35098 0.08502
vn 0.99876 0.00972 0.04873
vn 0.99877 0.00970 0.04872
vn 0.99877 0.00970 0.04872
vn 0.99877 0.00968 0.04871
vn 0.19070 -0.91375 0.35873
vn 0.19070 -0.91375 0.35874
vn 0.19076 -0.91372 0.35880
vn 0.19064 -0.91379 0.35867
vn -0.40665 0.84623 -0.34429
vn -0.40670 0.84623 -0.34423
vn -0.40664 0.84622 -0.34431
vn -0.40660 0.84622 -0.34437
# 28 normals
f  89/102/189 90/103/190 91/104/191
f  92/104/192 93/103/193 94/102/194
f  95/105/195 93/103/193 92/104/192
f  96/106/196 93/103/193 95/105/195
f  97/105/197 90/103/190 98/106/198
f  91/104/191 90/103/190 97/105/197
f  92/107/199 89/108/200 91/109/200
f  94/110/199 89/108/200 92/107/199
f  96/111/201 90/112/202 93/113/203
f  98/114/204 90/112/202 96/111/201
f  91/109/205 97/115/206 92/107/207
f  92/107/207 97/115/206 95/116/208
f  95/116/209 98/114/210 96/111/211
f  97/115/212 98/114/210 95/116/209
f  93/117/213 90/118/214 89/108/215
f  94/110/216 93/117/213 89/108/215
# object ArmL
g ArmL
v -0.02365 0.00149 -0.00443
v -0.02510 0.00786 -0.00693
v -0.02841 0.00047 -0.00428
v -0.02826 -0.00424 -0.00219
v -0.02258 0.00087 -0.00384
v -0.02910 -0.00054 -0.00365
v -0.02636 0.00877 -0.00831
v -0.02917 0.00817 -0.00823
v -0.02986 0.00684 -0.00679
v -0.02821 -0.00102 -0.00817
v -0.02966 0.00535 -0.01068
v -0.02345 0.00001 -0.00831
v -0.02489 0.00638 -0.01082
v -0.02905 0.00732 -0.01043
v -0.02624 0.00793 -0.01052
v -0.02174 -0.00284 -0.00238
v -0.02803 -0.00592 -0.00658
v -0.02887 -0.00221 -0.00804
v -0.02150 -0.00451 -0.00677
v -0.02235 -0.00081 -0.00823
# 20 verticies
vt 0.71324 0.34715
vt 0.66724 0.34715
vt 0.71324 0.38515
vt 0.73324 0.38615
vt 0.72024 0.34715
vt 0.72024 0.38515
vt 0.65724 0.34915
vt 0.65724 0.38215
vt 0.66724 0.38515
vt 0.71324 0.33615
vt 0.66624 0.33415
vt 0.71324 0.29715
vt 0.66624 0.29915
vt 0.65724 0.33315
vt 0.65724 0.29915
vt 0.73324 0.34615
vt 0.73424 0.33615
vt 0.72024 0.33615
vt 0.73424 0.29615
vt 0.72024 0.29715
# 20 texture verticies
vn -0.04896 0.35634 0.93307
vn -0.04900 0.35634 0.93307
vn -0.04895 0.35629 0.93309
vn -0.04907 0.35641 0.93304
vn -0.14502 0.76015 0.63336
vn -0.14497 0.76028 0.63321
vn -0.14499 0.76023 0.63327
vn -0.14494 0.76034 0.63315
vn 0.04893 -0.35621 -0.93313
vn -0.06003 0.14104 -0.98818
vn -0.05986 0.14081 -0.98823
vn -0.05993 0.14091 -0.98821
vn -0.05978 0.14071 -0.98824
vn -0.97715 -0.21055 0.02910
vn -0.93620 0.30929 -0.16697
vn -0.93632 0.30887 -0.16705
vn -0.93628 0.30899 -0.16703
vn -0.93638 0.30866 -0.16709
vn 0.97715 0.21055 -0.02910
vn 0.71475 0.66500 -0.21656
vn 0.71481 0.66496 -0.21649
vn 0.71479 0.66497 -0.21651
vn 0.71484 0.66494 -0.21646
vn -0.04887 0.35622 0.93312
vn -0.10112 0.58106 0.80755
vn -0.10111 0.58071 0.80780
vn -0.10112 0.58097 0.80762
vn -0.10111 0.58064 0.80786
vn 0.04902 -0.35619 -0.93313
vn -0.00664 -0.10675 -0.99426
vn -0.00648 -0.10715 -0.99422
vn -0.00660 -0.10686 -0.99425
vn -0.00645 -0.10723 -0.99421
vn -0.97710 -0.21076 0.02921
vn -0.97712 -0.21069 0.02908
vn -0.97712 -0.21068 0.02906
vn -0.97714 -0.21061 0.02893
vn -0.86442 0.45285 -0.21839
vn -0.86457 0.45257 -0.21839
vn -0.86447 0.45276 -0.21839
vn -0.86461 0.45249 -0.21839
vn 0.97714 0.21061 -0.02893
vn 0.97717 0.21047 -0.02898
vn 0.97717 0.21045 -0.02899
vn 0.97720 0.21031 -0.02904
vn 0.58796 0.76545 -0.26151
vn 0.58795 0.76545 -0.26152
vn 0.58796 0.76545 -0.26152
vn 0.58795 0.76545 -0.26152
# 49 normals
f  99/119/217 100/120/217 101/121/217
f  102/122/218 103/123/219 104/124/220
f  105/125/221 106/126/222 100/120/223
f  100/120/223 106/126/222 107/127/224
f  108/121/225 109/127/225 110/119/225
f  110/119/225 109/127/225 111/120/225
f  112/126/226 113/125/227 109/127/228
f  109/127/228 113/125/227 111/120/229
f  101/128/230 107/129/230 108/130/230
f  108/130/230 107/129/230 109/131/230
f  106/132/231 112/133/232 107/129/233
f  107/129/233 112/133/232 109/131/234
f  110/130/235 111/131/235 99/128/235
f  99/128/235 111/131/235 100/129/235
f  113/133/236 105/132/237 111/131/238
f  111/131/238 105/132/237 100/129/239
f  114/134/240 103/123/219 102/122/218
f  101/121/217 100/120/217 107/127/217
f  99/119/241 101/121/242 103/123/243
f  103/123/243 101/121/242 104/124/244
f  115/122/245 116/124/245 117/134/245
f  117/134/245 116/124/245 118/123/245
f  108/121/246 110/119/247 116/124/248
f  116/124/248 110/119/247 118/123/249
f  102/135/250 104/136/251 115/137/252
f  115/137/252 104/136/251 116/138/253
f  101/128/254 108/130/255 104/136/256
f  104/136/256 108/130/255 116/138/257
f  117/137/258 118/138/259 114/135/260
f  114/135/260 118/138/259 103/136/261
f  110/130/262 99/128/263 118/138/264
f  118/138/264 99/128/263 103/136/265
# object ForearmL
g ForearmL
v -0.02315 0.02474 -0.00736
v -0.02446 0.02312 -0.01612
v -0.02448 0.02810 -0.01409
v -0.02364 0.02914 -0.00846
v -0.02807 0.02946 -0.00785
v -0.02892 0.02841 -0.01349
v -0.02891 0.02515 -0.00658
v -0.03022 0.02353 -0.01533
v -0.02963 0.01245 -0.00514
v -0.03067 0.00675 -0.00984
v -0.03147 -0.00396 -0.01004
v -0.03125 -0.00369 -0.00858
v -0.02386 0.01203 -0.00592
v -0.02549 -0.00410 -0.00937
v -0.02570 -0.00437 -0.01083
v -0.02491 0.00634 -0.01062
v -0.02891 0.00677 -0.00934
v -0.02975 0.00742 -0.01016
v -0.02597 0.00715 -0.01067
v -0.02656 0.00660 -0.00966
v -0.02539 0.00787 -0.00678
v -0.02621 0.00704 -0.00732
v -0.02917 0.00814 -0.00626
v -0.02856 0.00721 -0.00701
v -0.02512 0.01144 -0.00671
v -0.02890 0.01171 -0.00620
# 26 verticies
vt 0.81824 0.34615
vt 0.81824 0.28315
vt 0.79124 0.30315
vt 0.79124 0.34415
vt 0.81824 0.28215
vt 0.89524 0.33915
vt 0.92324 0.29915
vt 0.98624 0.28215
vt 0.98624 0.29415
vt 0.98624 0.28315
vt 0.98624 0.24415
vt 0.81824 0.24415
vt 0.79124 0.27815
vt 0.79124 0.24815
vt 0.92424 0.38715
vt 0.98724 0.34815
vt 0.92424 0.34815
vt 0.98724 0.38715
vt 0.89524 0.38715
vt 0.89524 0.34815
vt 0.81824 0.34815
vt 0.79124 0.35315
vt 0.79124 0.38315
vt 0.81824 0.38715
vt 0.75824 0.34415
vt 0.75824 0.30415
vt 0.92424 0.37615
vt 0.91924 0.38115
vt 0.91924 0.35615
vt 0.92424 0.36015
vt 0.89824 0.35615
vt 0.89824 0.38115
# 32 texture verticies
vn 0.98469 0.06923 -0.16000
vn 0.98469 0.06934 -0.15995
vn 0.98469 0.06927 -0.15998
vn 0.98469 0.06915 -0.16004
vn -0.96999 0.21977 0.10404
vn -0.96998 0.21981 0.10406
vn -0.96998 0.21980 0.10406
vn -0.96997 0.21984 0.10407
vn -0.98839 0.07074 0.13450
vn -0.98838 0.07075 0.13450
vn -0.98838 0.07076 0.13453
vn -0.98839 0.07076 0.13448
vn -0.98841 0.07073 0.13430
vn -0.98842 0.07073 0.13428
vn 0.98838 -0.07076 -0.13453
vn 0.98838 -0.07075 -0.13450
vn 0.98839 -0.07074 -0.13450
vn 0.98842 -0.07073 -0.13428
vn 0.98841 -0.07073 -0.13430
vn 0.98839 -0.07076 -0.13448
vn -0.14525 -0.18057 -0.97278
vn -0.09866 0.37460 -0.92192
vn -0.09864 0.37462 -0.92192
vn -0.09866 0.37460 -0.92192
vn -0.09868 0.37458 -0.92193
vn 0.14177 0.11025 0.98374
vn 0.14182 0.11027 0.98373
vn 0.14171 0.11022 0.98375
vn 0.14189 0.11030 0.98372
vn 0.05823 -0.64133 0.76505
vn -0.04446 -0.98102 0.18874
vn 0.14822 0.25416 0.95574
vn 0.14824 0.25419 0.95573
vn 0.14821 0.25416 0.95574
vn 0.14819 0.25414 0.95575
vn 0.14133 0.10342 0.98454
vn 0.04446 0.98102 -0.18874
vn -0.13182 -0.83899 -0.52794
vn -0.13188 -0.83892 -0.52804
vn -0.13174 -0.83910 -0.52779
vn -0.13166 -0.83920 -0.52765
vn 0.70029 -0.71332 0.02776
vn 0.70022 -0.71338 0.02781
vn 0.70039 -0.71323 0.02767
vn 0.70048 -0.71314 0.02760
vn 0.06690 -0.59260 0.80272
vn 0.06687 -0.59249 0.80280
vn 0.06683 -0.59233 0.80292
vn 0.06679 -0.59218 0.80303
vn -0.72140 -0.65353 0.22908
vn -0.72154 -0.65335 0.22915
vn -0.72145 -0.65346 0.22911
vn -0.72162 -0.65326 0.22918
vn 0.13280 -0.02894 0.99072
vn -0.98837 0.07091 0.13450
vn 0.98837 -0.07091 -0.13450
# 56 normals
f  119/139/266 120/140/267 121/141/268
f  119/139/266 121/141/268 122/142/269
f  123/142/270 124/141/271 125/139/272
f  124/141/271 126/143/273 125/139/272
f  125/139/274 126/143/275 127/144/276
f  128/145/277 129/146/278 130/147/279
f  128/145/277 126/143/275 129/146/278
f  127/144/276 126/143/275 128/145/277
f  131/144/280 120/140/281 119/139/282
f  132/147/283 133/148/284 134/145/285
f  134/145/285 120/140/281 131/144/280
f  133/148/284 120/140/281 134/145/285
f  133/149/286 126/143/286 120/150/286
f  129/146/286 126/143/286 133/149/286
f  120/150/287 126/143/288 124/151/289
f  121/152/290 120/150/287 124/151/289
f  128/153/291 132/154/292 134/155/293
f  128/153/291 130/156/294 132/154/292
f  127/157/295 134/155/295 131/158/295
f  127/157/295 128/153/295 134/155/295
f  132/154/296 129/156/296 133/154/296
f  130/156/296 129/156/296 132/154/296
f  119/159/297 122/160/298 123/161/299
f  119/159/297 123/161/299 125/162/300
f  119/159/301 127/157/301 131/158/301
f  125/162/301 127/157/301 119/159/301
f  122/142/302 121/141/302 123/163/302
f  123/163/302 121/141/302 124/164/302
f  135/165/303 136/166/304 137/167/305
f  135/165/303 137/167/305 138/168/306
f  138/168/307 137/167/308 139/167/309
f  140/168/310 138/168/307 139/167/309
f  141/166/311 142/165/312 139/167/313
f  139/167/313 142/165/312 140/168/314
f  141/166/315 136/166/316 142/165/317
f  142/165/317 136/166/316 135/165/318
f  143/169/319 141/166/319 139/167/319
f  144/170/319 141/166/319 143/169/319
f  140/168/296 135/165/296 138/168/296
f  142/165/296 135/165/296 140/168/296
f  144/170/320 136/166/320 141/166/320
f  139/167/321 137/167/321 143/169/321
# object ShoulderR
g ShoulderR
v 0.02282 -0.00183 -0.00935
v 0.03192 -0.00578 -0.00832
v 0.02124 -0.00386 -0.00850
v 0.02159 -0.00125 -0.00167
v 0.03227 -0.00318 -0.00149
v 0.02318 0.00077 -0.00253
v 0.02166 -0.00946 0.00146
v 0.02907 -0.01094 0.00164
v 0.02131 -0.01207 -0.00537
v 0.02871 -0.01355 -0.00519
# 10 verticies
vt 0.91924 0.14515
vt 0.93124 0.07615
vt 0.93424 0.15315
vt 0.98524 0.14015
vt 0.98424 0.08615
vt 0.93324 0.16615
vt 0.91824 0.21515
vt 0.93324 0.21515
vt 0.91824 0.16615
vt 0.98524 0.16615
vt 0.93124 0.21515
vt 0.93124 0.16615
vt 0.98524 0.21515
vt 0.98624 0.21515
vt 0.98624 0.16615
vt 0.86524 0.16615
vt 0.86524 0.21515
# 17 texture verticies
vn -0.04841 -0.35604 -0.93321
vn -0.04846 -0.35630 -0.93311
vn -0.04844 -0.35621 -0.93315
vn 0.04856 0.35636 0.93309
vn 0.04854 0.35639 0.93307
vn 0.04856 0.35636 0.93308
vn 0.04853 0.35640 0.93307
vn 0.04850 0.35645 0.93306
vn -0.04847 -0.35635 -0.93309
vn -0.04848 -0.35634 -0.93310
vn -0.80895 0.56198 -0.17258
vn -0.80895 0.56198 -0.17258
vn 0.93254 -0.35078 0.08553
vn 0.93254 -0.35078 0.08553
vn 0.93255 -0.35077 0.08553
vn 0.93254 -0.35079 0.08552
vn -0.99879 0.00953 0.04823
vn -0.99879 0.00952 0.04825
vn -0.99879 0.00952 0.04825
vn -0.99879 0.00952 0.04827
vn -0.19069 -0.91370 0.35887
vn -0.19069 -0.91370 0.35887
vn -0.19076 -0.91371 0.35880
vn -0.19062 -0.91369 0.35894
vn 0.40666 0.84621 -0.34433
vn 0.40669 0.84617 -0.34437
vn 0.40664 0.84622 -0.34431
vn 0.40661 0.84626 -0.34426
# 28 normals
f  145/171/322 146/172/323 147/173/324
f  148/173/325 149/172/326 150/171/327
f  151/174/328 149/172/326 148/173/325
f  152/175/329 149/172/326 151/174/328
f  153/174/330 146/172/323 154/175/331
f  147/173/324 146/172/323 153/174/330
f  148/176/332 145/177/333 147/178/333
f  150/179/332 145/177/333 148/176/332
f  152/180/334 146/181/335 149/182/336
f  154/183/337 146/181/335 152/180/334
f  147/178/338 153/184/339 148/176/340
f  148/176/340 153/184/339 151/185/341
f  151/185/342 154/183/343 152/180/344
f  153/184/345 154/183/343 151/185/342
f  149/186/346 146/187/347 145/177/348
f  150/179/349 149/186/346 145/177/348
# object ArmR
g ArmR
v 0.02492 -0.00013 -0.00843
v 0.02637 0.00624 -0.01094
v 0.02968 -0.00115 -0.00829
v 0.02950 -0.00606 -0.00669
v 0.02382 -0.00095 -0.00835
v 0.03034 -0.00235 -0.00815
v 0.02772 0.00779 -0.01063
v 0.03052 0.00719 -0.01055
v 0.03113 0.00522 -0.01079
v 0.02989 0.00033 -0.00440
v 0.03133 0.00670 -0.00691
v 0.02512 0.00135 -0.00454
v 0.02657 0.00773 -0.00705
v 0.03064 0.00803 -0.00834
v 0.02783 0.00863 -0.00843
v 0.02298 -0.00465 -0.00689
v 0.02973 -0.00438 -0.00230
v 0.03057 -0.00067 -0.00376
v 0.02321 -0.00298 -0.00250
v 0.02405 0.00073 -0.00396
# 20 verticies
vt 0.71324 0.34715
vt 0.66724 0.34715
vt 0.71324 0.38515
vt 0.73324 0.38615
vt 0.72024 0.34715
vt 0.72024 0.38515
vt 0.65724 0.34915
vt 0.65724 0.38215
vt 0.66724 0.38515
vt 0.71324 0.33615
vt 0.66624 0.33415
vt 0.71324 0.29715
vt 0.66624 0.29915
vt 0.65724 0.33315
vt 0.65724 0.29915
vt 0.73324 0.34615
vt 0.73424 0.33615
vt 0.72024 0.33615
vt 0.73424 0.29615
vt 0.72024 0.29715
# 20 texture verticies
vn -0.04850 -0.35616 -0.93316
vn -0.04846 -0.35616 -0.93317
vn -0.04851 -0.35621 -0.93315
vn -0.04838 -0.35609 -0.93320
vn 0.06035 0.14108 -0.98816
vn 0.06030 0.14128 -0.98813
vn 0.06032 0.14120 -0.98814
vn 0.06028 0.14137 -0.98812
vn 0.04853 0.35629 0.93311
vn 0.14471 0.76015 0.63343
vn 0.14455 0.76001 0.63363
vn 0.14462 0.76007 0.63355
vn 0.14448 0.75995 0.63372
vn 0.97717 -0.21038 0.02955
vn 0.93620 0.30928 -0.16697
vn 0.93634 0.30902 -0.16664
vn 0.93630 0.30910 -0.16674
vn 0.93642 0.30889 -0.16647
vn -0.97717 0.21038 -0.02955
vn -0.71475 0.66500 -0.21656
vn -0.71481 0.66493 -0.21658
vn -0.71480 0.66495 -0.21658
vn -0.71485 0.66489 -0.21659
vn -0.04858 -0.35628 -0.93312
vn 0.00703 -0.10684 -0.99425
vn 0.00701 -0.10726 -0.99421
vn 0.00703 -0.10695 -0.99424
vn 0.00701 -0.10735 -0.99420
vn 0.04843 0.35631 0.93311
vn 0.10073 0.58114 0.80754
vn 0.10058 0.58083 0.80779
vn 0.10069 0.58106 0.80761
vn 0.10055 0.58076 0.80784
vn 0.97712 -0.21061 0.02961
vn 0.97715 -0.21047 0.02966
vn 0.97715 -0.21045 0.02967
vn 0.97718 -0.21031 0.02972
vn 0.86446 0.45309 -0.21776
vn 0.86461 0.45288 -0.21759
vn 0.86451 0.45302 -0.21770
vn 0.86466 0.45281 -0.21754
vn -0.97718 0.21031 -0.02972
vn -0.97720 0.21024 -0.02959
vn -0.97720 0.21023 -0.02957
vn -0.97722 0.21016 -0.02944
vn -0.58796 0.76544 -0.26155
vn -0.58795 0.76544 -0.26155
vn -0.58795 0.76544 -0.26155
vn -0.58795 0.76545 -0.26155
# 49 normals
f  155/188/350 156/189/350 157/190/350
f  158/191/351 159/192/352 160/193/353
f  161/194/354 162/195/355 156/189/356
f  156/189/356 162/195/355 163/196/357
f  164/190/358 165/196/358 166/188/358
f  166/188/358 165/196/358 167/189/358
f  168/195/359 169/194/360 165/196/361
f  165/196/361 169/194/360 167/189/362
f  157/197/363 163/198/363 164/199/363
f  164/199/363 163/198/363 165/200/363
f  162/201/364 168/202/365 163/198/366
f  163/198/366 168/202/365 165/200/367
f  166/199/368 167/200/368 155/197/368
f  155/197/368 167/200/368 156/198/368
f  169/202/369 161/201/370 167/200/371
f  167/200/371 161/201/370 156/198/372
f  170/203/373 159/192/352 158/191/351
f  157/190/350 156/189/350 163/196/350
f  155/188/374 157/190/375 159/192/376
f  159/192/376 157/190/375 160/193/377
f  171/191/378 172/193/378 173/203/378
f  173/203/378 172/193/378 174/192/378
f  164/190/379 166/188/380 172/193/381
f  172/193/381 166/188/380 174/192/382
f  158/204/383 160/205/384 171/206/385
f  171/206/385 160/205/384 172/207/386
f  157/197/387 164/199/388 160/205/389
f  160/205/389 164/199/388 172/207/390
f  173/206/391 174/207/392 170/204/393
f  170/204/393 174/207/392 159/205/394
f  166/199/395 155/197/396 174/207/397
f  174/207/397 155/197/396 159/205/398
# object ForearmR
g ForearmR
v 0.02662 0.02830 -0.01197
v 0.02669 0.02367 -0.01470
v 0.02510 0.02400 -0.00585
v 0.02559 0.02851 -0.00628
v 0.03083 0.02430 -0.00483
v 0.03103 0.02854 -0.01119
v 0.03001 0.02875 -0.00549
v 0.03243 0.02398 -0.01368
v 0.03159 0.01153 -0.00524
v 0.03343 -0.00393 -0.01095
v 0.03369 -0.00398 -0.01243
v 0.03282 0.00658 -0.01069
v 0.02585 0.01122 -0.00626
v 0.02709 0.00627 -0.01171
v 0.02796 -0.00429 -0.01345
v 0.02769 -0.00423 -0.01197
v 0.02814 0.00708 -0.01160
v 0.03190 0.00728 -0.01093
v 0.03104 0.00652 -0.01025
v 0.02871 0.00640 -0.01066
v 0.02743 0.00723 -0.00767
v 0.02828 0.00649 -0.00830
v 0.03061 0.00661 -0.00789
v 0.03119 0.00743 -0.00700
v 0.02714 0.01075 -0.00709
v 0.03090 0.01095 -0.00642
# 26 verticies
vt 0.79124 0.30315
vt 0.81824 0.28315
vt 0.81824 0.34615
vt 0.79124 0.34415
vt 0.81824 0.28215
vt 0.89524 0.33915
vt 0.98624 0.29415
vt 0.98624 0.28215
vt 0.92324 0.29915
vt 0.98624 0.28315
vt 0.81824 0.24415
vt 0.98624 0.24415
vt 0.79124 0.27815
vt 0.79124 0.24815
vt 0.92424 0.34815
vt 0.98724 0.34815
vt 0.92424 0.38715
vt 0.98724 0.38715
vt 0.89524 0.34815
vt 0.89524 0.38715
vt 0.79124 0.38315
vt 0.79124 0.35315
vt 0.81824 0.34815
vt 0.81824 0.38715
vt 0.75824 0.34415
vt 0.75824 0.30415
vt 0.91924 0.35615
vt 0.91924 0.38115
vt 0.92424 0.37615
vt 0.92424 0.36015
vt 0.89824 0.35615
vt 0.89824 0.38115
# 32 texture verticies
vn -0.97967 0.08988 -0.17938
vn -0.97967 0.08994 -0.17933
vn -0.97967 0.08984 -0.17940
vn -0.97966 0.08977 -0.17945
vn 0.96478 0.20423 0.16583
vn 0.96477 0.20424 0.16584
vn 0.96478 0.20420 0.16581
vn 0.96476 0.20426 0.16585
vn 0.98321 0.05238 0.17478
vn 0.98322 0.05237 0.17475
vn 0.98322 0.05236 0.17475
vn 0.98326 0.05238 0.17453
vn 0.98325 0.05238 0.17455
vn 0.98322 0.05238 0.17473
vn -0.98322 -0.05236 -0.17475
vn -0.98322 -0.05237 -0.17475
vn -0.98321 -0.05238 -0.17478
vn -0.98322 -0.05238 -0.17473
vn -0.98325 -0.05238 -0.17455
vn -0.98326 -0.05238 -0.17453
vn 0.17669 -0.03612 -0.98360
vn 0.12482 0.50556 -0.85372
vn 0.12480 0.50557 -0.85371
vn 0.12482 0.50556 -0.85372
vn 0.12485 0.50554 -0.85372
vn -0.17302 -0.03508 0.98429
vn -0.17313 -0.03502 0.98428
vn -0.17308 -0.03505 0.98428
vn -0.17320 -0.03499 0.98427
vn -0.07774 -0.74640 0.66094
vn 0.04513 -0.99798 0.04475
vn -0.17961 0.11140 0.97741
vn -0.17964 0.11143 0.97740
vn -0.17962 0.11141 0.97741
vn -0.17959 0.11138 0.97742
vn -0.17262 -0.04191 0.98410
vn -0.04513 0.99798 -0.04475
vn 0.15373 -0.75265 -0.64022
vn 0.15387 -0.75243 -0.64044
vn 0.15381 -0.75252 -0.64035
vn 0.15365 -0.75277 -0.64010
vn -0.69612 -0.71105 -0.09908
vn -0.69596 -0.71123 -0.09896
vn -0.69602 -0.71116 -0.09900
vn -0.69621 -0.71096 -0.09914
vn -0.08784 -0.70348 0.70526
vn -0.08788 -0.70362 0.70512
vn -0.08790 -0.70372 0.70502
vn -0.08781 -0.70335 0.70539
vn 0.71832 -0.67844 0.15403
vn 0.71841 -0.67834 0.15409
vn 0.71827 -0.67851 0.15399
vn 0.71848 -0.67825 0.15414
vn -0.16340 -0.17374 0.97114
vn 0.98321 0.05253 0.17477
vn -0.98321 -0.05253 -0.17477
# 56 normals
f  175/208/399 176/209/400 177/210/401
f  178/211/402 175/208/399 177/210/401
f  179/210/403 180/208/404 181/211/405
f  179/210/403 182/212/406 180/208/404
f  183/213/407 182/212/408 179/210/409
f  184/214/410 185/215/411 186/216/412
f  185/215/411 182/212/408 186/216/412
f  186/216/412 182/212/408 183/213/407
f  177/210/413 176/209/414 187/213/415
f  188/216/416 189/217/417 190/214/418
f  187/213/415 176/209/414 188/216/416
f  188/216/416 176/209/414 189/217/417
f  176/218/419 182/212/419 189/219/419
f  189/219/419 182/212/419 185/215/419
f  180/220/420 182/212/421 176/218/422
f  180/220/420 176/218/422 175/221/423
f  188/222/424 190/223/425 186/224/426
f  190/223/425 184/225/427 186/224/426
f  187/226/428 188/222/428 183/227/428
f  188/222/428 186/224/428 183/227/428
f  189/223/429 185/225/429 190/223/429
f  190/223/429 185/225/429 184/225/429
f  181/228/430 178/229/431 177/230/432
f  179/231/433 181/228/430 177/230/432
f  187/226/434 183/227/434 177/230/434
f  177/230/434 183/227/434 179/231/434
f  181/232/435 175/208/435 178/211/435
f  180/233/435 175/208/435 181/232/435
f  191/234/436 192/235/437 193/236/438
f  194/237/439 191/234/436 193/236/438
f  195/234/440 191/234/441 194/237/442
f  195/234/440 194/237/442 196/237/443
f  195/234/444 197/236/445 198/235/446
f  196/237/447 197/236/445 195/234/444
f  197/236/448 192/235/449 198/235/450
f  193/236/451 192/235/449 197/236/448
f  195/234/452 198/235/452 199/238/452
f  199/238/452 198/235/452 200/239/452
f  194/237/429 193/236/429 196/237/429
f  196/237/429 193/236/429 197/236/429
f  198/235/453 192/235/453 200/239/453
f  199/238/454 191/234/454 195/234/454
# object HandR
g HandR
v 0.02743 0.03665 -0.01321
v 0.02681 0.03475 -0.01361
v 0.02552 0.03517 -0.00599
v 0.02620 0.03762 -0.00610
v 0.03081 0.03546 -0.00511
v 0.03210 0.03503 -0.01273
v 0.03108 0.03685 -0.01260
v 0.02985 0.03782 -0.00550
v 0.02581 0.03031 -0.00615
v 0.02700 0.03062 -0.01337
v 0.02771 0.02725 -0.01243
v 0.02682 0.02702 -0.00701
v 0.03106 0.02743 -0.01187
v 0.03162 0.03086 -0.01260
v 0.03043 0.03056 -0.00538
v 0.03017 0.02720 -0.00645
# 16 verticies
vt 0.65124 0.18415
vt 0.66224 0.18315
vt 0.65824 0.23715
vt 0.64324 0.23515
vt 0.72524 0.23715
vt 0.72924 0.18315
vt 0.71824 0.18415
vt 0.71024 0.23515
vt 0.68724 0.23715
vt 0.68724 0.18515
vt 0.70724 0.19215
vt 0.70724 0.23115
vt 0.77424 0.19215
vt 0.75424 0.18515
vt 0.75424 0.23715
vt 0.77424 0.23115
vt 0.65824 0.27315
vt 0.64324 0.26715
vt 0.64324 0.24215
vt 0.70824 0.24215
vt 0.68724 0.26915
vt 0.70824 0.26515
vt 0.66224 0.18215
vt 0.66224 0.14615
vt 0.65024 0.17615
vt 0.65024 0.15115
vt 0.68724 0.14615
vt 0.68724 0.17715
vt 0.70724 0.15115
vt 0.70724 0.17315
vt 0.64224 0.23415
vt 0.61424 0.18415
vt 0.64224 0.18415
vt 0.61424 0.23415
# 34 texture verticies
vn -0.93093 0.31681 -0.18166
vn -0.97436 0.14369 -0.17315
vn -0.97788 0.10482 -0.18102
vn -0.94704 0.25187 -0.19920
vn 0.97768 0.15519 0.14160
vn 0.96935 0.19181 0.15352
vn 0.88158 0.45735 0.11678
vn 0.91471 0.39010 0.10553
vn -0.97277 -0.16116 -0.16655
vn -0.97719 -0.13244 -0.16603
vn -0.95390 -0.24926 -0.16718
vn -0.95392 -0.24915 -0.16724
vn 0.97996 -0.12436 0.15559
vn 0.98070 -0.10926 0.16216
vn 0.98191 -0.10633 0.15667
vn 0.97999 -0.12425 0.15553
vn -0.16547 0.02408 0.98592
vn -0.16848 0.09353 0.98126
vn -0.16529 0.01954 0.98605
vn -0.16861 0.09375 0.98121
vn -0.15324 -0.16668 0.97403
vn -0.14186 -0.29131 0.94605
vn -0.15391 -0.15802 0.97537
vn -0.14181 -0.29136 0.94604
vn 0.16134 0.04870 -0.98570
vn 0.16187 0.04003 -0.98600
vn 0.15408 0.15435 -0.97593
vn 0.15417 0.15418 -0.97594
vn 0.16971 -0.14008 -0.97549
vn 0.16957 -0.13370 -0.97641
vn 0.17170 -0.23192 -0.95746
vn 0.17177 -0.23200 -0.95743
vn -0.02961 0.98961 -0.14066
vn -0.02963 0.98961 -0.14067
vn -0.02964 0.98961 -0.14069
vn -0.02960 0.98962 -0.14065
# 36 normals
f  201/240/455 202/241/456 203/242/457
f  204/243/458 201/240/455 203/242/457
f  205/244/459 206/245/460 207/246/461
f  205/244/459 207/246/461 208/247/462
f  209/248/463 210/249/464 211/250/465
f  209/248/463 211/250/465 212/251/466
f  213/252/467 214/253/468 215/254/469
f  216/255/470 213/252/467 215/254/469
f  214/253/468 206/245/460 205/244/459
f  215/254/469 214/253/468 205/244/459
f  203/242/457 202/241/456 210/249/464
f  203/242/457 210/249/464 209/248/463
f  205/256/471 208/257/472 203/242/473
f  203/242/473 208/257/472 204/258/474
f  209/248/475 212/259/476 215/260/477
f  212/259/476 216/261/478 215/260/477
f  205/256/471 203/242/473 215/260/477
f  215/260/477 203/242/473 209/248/475
f  206/262/479 202/263/480 207/264/481
f  207/264/481 202/263/480 201/265/482
f  210/266/483 214/267/484 211/268/485
f  211/268/485 214/267/484 213/269/486
f  210/266/483 202/263/480 214/267/484
f  214/267/484 202/263/480 206/262/479
f  204/270/487 207/271/488 201/272/489
f  208/273/490 207/271/488 204/270/487
# object GunpodMain
g GunpodMain
v 0.02565 0.06363 0.00115
v 0.02661 0.06372 0.00020
v 0.02572 0.06436 0.00049
v 0.02492 0.06255 -0.00013
v 0.02569 0.06255 0.00128
v 0.02505 0.06363 -0.00006
v 0.02687 0.06265 0.00020
v 0.02725 0.06925 -0.00235
v 0.02610 0.06921 -0.00330
v 0.02470 0.06911 -0.00277
v 0.02445 0.06905 -0.00128
v 0.02561 0.06909 -0.00032
v 0.02701 0.06919 -0.00085
v 0.03047 0.02540 -0.00403
v 0.02880 0.02534 -0.00541
v 0.02836 0.03283 -0.00517
v 0.03003 0.03288 -0.00379
v 0.02634 0.03268 -0.00440
v 0.02678 0.02520 -0.00464
v 0.02599 0.03259 -0.00225
v 0.02643 0.02511 -0.00249
v 0.02765 0.03265 -0.00087
v 0.02810 0.02516 -0.00111
v 0.02967 0.03279 -0.00164
v 0.03011 0.02531 -0.00188
v 0.02632 0.06623 -0.00369
v 0.02465 0.06611 -0.00306
v 0.02436 0.06604 -0.00128
v 0.02574 0.06608 -0.00014
v 0.02740 0.06620 -0.00078
v 0.02770 0.06628 -0.00255
v 0.02590 0.05954 0.00097
v 0.02880 0.05975 -0.00022
v 0.03039 0.03281 -0.00110
v 0.03088 0.03294 -0.00405
v 0.02929 0.05988 -0.00318
v 0.02418 0.06610 -0.00346
v 0.02379 0.06600 -0.00107
v 0.02564 0.06606 0.00047
v 0.02788 0.06622 -0.00039
v 0.02827 0.06632 -0.00278
v 0.02642 0.06626 -0.00431
v 0.02561 0.03266 -0.00493
v 0.02852 0.03287 -0.00617
v 0.02748 0.03260 0.00014
v 0.02513 0.03253 -0.00197
v 0.02402 0.05959 -0.00405
v 0.02693 0.05980 -0.00529
v 0.02354 0.05947 -0.00109
v 0.02847 0.03536 -0.00849
v 0.02904 0.03539 -0.00839
v 0.02845 0.03900 -0.00776
v 0.02952 0.03377 -0.01424
v 0.03009 0.03380 -0.01414
v 0.02958 0.03122 -0.01377
v 0.03015 0.03125 -0.01367
v 0.02845 0.03264 -0.00746
v 0.02902 0.03267 -0.00737
v 0.02834 0.02976 -0.00588
v 0.02891 0.02979 -0.00579
v 0.02788 0.04242 -0.00542
# 61 verticies
vt 0.01424 0.91115
vt 0.01224 0.90015
vt 0.02824 0.90015
vt 0.02824 0.90915
vt 0.01324 0.95615
vt 0.02224 0.95115
vt 0.03124 0.95615
vt 0.03124 0.96615
vt 0.02224 0.97215
vt 0.01324 0.96615
vt 0.34524 0.95484
vt 0.34524 0.94361
vt 0.30024 0.94361
vt 0.30024 0.95484
vt 0.30024 0.96984
vt 0.34524 0.96984
vt 0.30024 0.98015
vt 0.34524 0.98015
vt 0.04724 0.88615
vt 0.04724 0.88115
vt 0.06524 0.87915
vt 0.06524 0.88515
vt 0.06524 0.89815
vt 0.04724 0.89715
vt 0.06524 0.90415
vt 0.04724 0.90215
vt 0.04724 0.96715
vt 0.04724 0.97215
vt 0.06524 0.97415
vt 0.06524 0.96815
vt 0.04724 0.95615
vt 0.06524 0.95515
vt 0.06524 0.94915
vt 0.04724 0.95115
vt 0.10424 0.98215
vt 0.08824 0.97515
vt 0.08824 0.98415
vt 0.08824 0.91415
vt 0.08824 0.90515
vt 0.10424 0.91215
vt 0.10424 0.97215
vt 0.26624 0.97215
vt 0.26624 0.95115
vt 0.10424 0.95115
vt 0.03624 0.95315
vt 0.03624 0.97015
vt 0.02224 0.97815
vt 0.00824 0.97015
vt 0.00824 0.95315
vt 0.02224 0.94415
vt 0.26624 0.88115
vt 0.26624 0.87015
vt 0.26624 0.90215
vt 0.26624 0.91215
vt 0.10424 0.88115
vt 0.10424 0.87015
vt 0.10424 0.90215
vt 0.26624 0.98215
vt 0.06524 0.97015
vt 0.06524 0.95315
vt 0.26624 0.94015
vt 0.10424 0.94015
vt 0.06524 0.94415
vt 0.06524 0.88315
vt 0.06524 0.87415
vt 0.06524 0.90015
vt 0.06524 0.90815
vt 0.06524 0.97815
vt 0.40524 0.86915
vt 0.38324 0.87315
vt 0.41624 0.82915
vt 0.43124 0.83315
vt 0.42124 0.87715
vt 0.43824 0.88915
vt 0.36224 0.88915
# 75 texture verticies
vn 0.65380 0.27634 0.70440
vn 0.65379 0.31948 0.68593
vn 0.57857 0.51950 0.62878
vn -0.88617 0.05639 0.45991
vn -0.87675 0.02587 0.48025
vn -0.87144 0.19399 0.45051
vn -0.86996 0.23724 0.43231
vn 0.66681 0.10858 0.73728
vn 0.67908 0.14032 0.72053
vn -0.80202 0.44420 0.39931
vn -0.05891 0.99773 0.03255
vn 0.91166 0.06695 -0.40547
vn 0.10053 0.03838 -0.99419
vn 0.22248 0.04490 -0.97390
vn 0.95453 0.06579 -0.29077
vn -0.73359 -0.02104 -0.67927
vn -0.81082 -0.02875 -0.58459
vn -0.95453 -0.06578 0.29077
vn -0.91169 -0.06702 0.40537
vn -0.22251 -0.04493 0.97389
vn -0.10068 -0.03835 0.99418
vn 0.73353 0.02112 0.67933
vn 0.81076 0.02873 0.58467
vn -0.83233 0.06452 -0.55051
vn -0.36048 0.09401 -0.92802
vn -0.36040 0.09397 -0.92805
vn -0.72423 0.07599 -0.68535
vn -0.96071 0.02815 0.27614
vn -0.89873 0.02605 0.43772
vn -0.63862 0.01803 0.76931
vn -0.63860 0.01805 0.76933
vn 0.70130 0.11163 0.70407
vn 0.35005 0.07104 0.93403
vn 0.35024 0.07095 0.93397
vn 0.81162 0.12289 0.57112
vn 0.95407 0.15998 -0.25327
vn 0.89472 0.16248 -0.41602
vn 0.62886 0.14672 -0.76355
vn 0.62900 0.14683 -0.76341
vn 0.67713 -0.02732 0.73536
vn -0.87170 -0.11037 0.47744
vn 0.78639 0.07576 0.61306
vn 0.76738 0.02519 0.64069
vn 0.95008 0.06598 -0.30494
vn 0.94334 0.11839 -0.30998
vn 0.05873 -0.99775 -0.03246
vn 0.05868 -0.99775 -0.03229
vn 0.05871 -0.99775 -0.03248
vn 0.05867 -0.99775 -0.03251
vn 0.05871 -0.99775 -0.03248
vn 0.05891 -0.99773 -0.03255
vn -0.76768 -0.02437 -0.64037
vn -0.81537 0.02343 -0.57846
vn -0.38946 0.05532 -0.91938
vn -0.39212 0.00690 -0.91989
vn -0.95012 -0.06598 0.30482
vn -0.93595 -0.01698 0.35173
vn -0.66463 -0.06333 0.74448
vn -0.65486 -0.01317 0.75563
vn 0.37407 0.03906 0.92658
vn 0.39227 -0.00532 0.91984
vn 0.76361 0.13023 0.63241
vn 0.89188 0.17467 -0.41718
vn 0.66547 0.06352 -0.74372
vn 0.65732 0.11371 -0.74499
vn 0.62662 0.16482 -0.76170
vn -0.72230 0.08820 -0.68593
vn -0.36058 0.11185 -0.92600
vn -0.93616 0.03916 0.34940
vn -0.63891 0.03373 0.76854
vn 0.34909 0.08668 0.93307
vn -0.15127 -0.19308 0.96945
vn 0.00717 -0.96370 0.26689
vn -0.17105 0.17586 0.96944
vn -0.01516 0.97481 -0.22252
vn -0.01519 0.97481 -0.22252
vn -0.01560 0.97480 -0.22256
vn -0.01557 0.97480 -0.22255
vn -0.16785 0.47826 0.86203
vn -0.97671 -0.07384 -0.20145
vn -0.98711 -0.08864 -0.13324
vn -0.98246 -0.09771 -0.15884
vn -0.97700 -0.06725 -0.20234
vn -0.98504 -0.05277 -0.16406
vn -0.98504 -0.05277 -0.16406
vn -0.97978 -0.07107 -0.18705
vn 0.94743 -0.05682 0.31487
vn 0.98212 0.00172 0.18823
vn 0.99162 0.03156 0.12524
vn 0.98884 0.04290 0.14266
vn 0.98504 0.05278 0.16407
vn 0.98504 0.05277 0.16407
vn 0.98593 0.03324 0.16384
# 93 normals
usemtl BodyGlow
f  217/274/491 218/275/492 219/275/493
f  220/276/494 221/277/495 217/274/496 222/275/497
f  217/274/491 221/277/498 223/276/499 218/275/492
f  217/274/496 219/275/500 222/275/497
usemtl Body
f  224/278/501 225/279/501 226/280/501 227/281/501 228/282/501 229/283/501
f  230/284/502 231/285/503 232/286/504 233/287/505
f  234/287/506 232/286/504 231/285/503 235/284/507
f  236/288/508 234/287/506 235/284/507 237/289/509
f  238/290/510 236/288/508 237/289/509 239/291/511
f  240/288/512 238/290/510 239/291/511 241/289/513
f  233/287/505 240/288/512 241/289/513 230/284/502
f  226/292/514 225/293/515 242/294/516 243/295/517
f  226/292/514 243/295/517 244/296/518 227/297/519
f  227/297/519 244/296/518 245/298/520 228/299/521
f  229/300/522 228/301/523 245/302/524 246/303/525
f  224/304/526 229/300/522 246/303/525 247/305/527
f  224/304/526 247/305/527 242/306/528 225/307/529
f  248/308/530 223/309/530 221/310/530
f  221/311/531 220/312/531 248/313/531
f  249/314/532 250/315/533 251/316/534 252/317/535
f  253/318/501 254/319/501 255/320/501 256/321/501 257/322/501 258/323/501
f  259/324/536 260/325/537 251/324/538 250/326/539 261/327/540 262/326/541
f  259/324/542 263/328/543 264/329/544 260/325/545
f  262/326/546 265/330/547 263/328/543 259/324/542
f  261/327/548 248/313/549 265/330/547 262/326/546
f  250/315/533 249/314/532 248/308/550 261/331/551
f  256/332/552 249/314/532 252/317/535 257/333/553
f  260/334/554 264/335/555 252/317/535 251/316/534
f  257/333/553 252/317/535 264/335/555 258/336/556
f  253/337/557 258/338/558 264/329/544 263/328/543
f  254/339/559 253/337/557 263/328/543 265/330/547
f  254/339/559 265/330/547 248/313/549 255/340/560
f  256/332/552 255/341/561 248/308/550 249/314/532
f  266/342/562 267/342/562 268/343/562
f  267/342/563 266/342/563 269/344/563 270/344/563
f  270/344/564 269/344/564 271/345/564 272/345/564
f  272/345/565 271/345/566 273/346/567 274/346/568
f  274/346/569 273/346/569 275/347/569 276/347/569
f  276/347/570 277/348/571 268/343/572 267/342/573 270/344/574 272/345/575 274/346/576
f  268/343/577 277/348/578 275/347/579 273/346/580 271/345/581 269/344/582 266/342/583
# object Chest
g Chest
v -0.00581 -0.00090 0.00101
v -0.00400 0.00200 0.00112
v -0.00597 -0.00090 0.00707
v -0.01327 0.01299 0.00378
v -0.01977 -0.00090 0.00113
v -0.01693 -0.00090 0.00352
v -0.00542 0.01906 0.00378
v 0.00596 -0.00090 0.00706
v 0.01326 0.01300 0.00378
v 0.00540 0.01906 0.00378
v 0.01692 -0.00089 0.00351
v 0.00400 0.00200 0.00659
v -0.00400 0.00200 0.00659
v 0.01548 0.01380 0.00113
v 0.00592 0.02099 0.00113
v -0.00593 0.02099 0.00113
v -0.01549 0.01380 0.00113
v 0.01977 -0.00089 0.00100
v 0.00580 -0.00090 0.00101
v 0.00399 0.00200 0.00112
v -0.00581 0.00826 -0.00063
v -0.00581 -0.00090 -0.00091
v -0.01594 0.00825 -0.00023
v -0.01693 -0.00090 -0.00091
v -0.00581 0.00856 0.00100
v -0.01705 0.00857 0.00109
v 0.01692 -0.00089 -0.00092
v 0.00579 -0.00090 -0.00091
v 0.01593 0.00825 -0.00024
v 0.00579 0.00826 -0.00063
v 0.00579 0.00856 0.00100
v 0.01703 0.00857 0.00109
v -0.00552 0.01369 -0.00024
v -0.00406 0.01369 -0.00310
v -0.00397 0.00177 -0.00280
v -0.00516 0.00177 -0.00004
v -0.00500 0.01369 0.00517
v -0.00422 0.00177 0.00552
v -0.00249 0.01369 0.00908
v -0.00194 0.00177 0.00786
v -0.00001 0.00177 -0.00371
v -0.00001 0.01369 -0.00371
v -0.00000 0.01369 0.01008
v -0.00000 0.00177 0.00849
v 0.00396 0.00177 -0.00281
v 0.00405 0.01369 -0.00311
v 0.00551 0.01369 -0.00024
v 0.00515 0.00177 -0.00004
v 0.00422 0.00177 0.00552
v 0.00499 0.01369 0.00517
v 0.00248 0.01369 0.00908
v 0.00194 0.00177 0.00786
# 52 verticies
vt 0.35424 0.42515
vt 0.36624 0.42515
vt 0.35424 0.46315
vt 0.08824 0.84815
vt 0.00324 0.82915
vt 0.00324 0.84615
vt 0.09024 0.77015
vt 0.04324 0.73415
vt 0.08724 0.64915
vt 0.15824 0.64915
vt 0.20224 0.73415
vt 0.15524 0.77015
vt 0.22424 0.64915
vt 0.14724 0.66715
vt 0.09924 0.66715
vt 0.48324 0.73815
vt 0.27224 0.64915
vt 0.42624 0.78215
vt 0.35524 0.78215
vt 0.29724 0.73815
vt 0.15824 0.84815
vt 0.15524 0.82915
vt 0.11124 0.84815
vt 0.09724 0.82915
vt 0.22624 0.82915
vt 0.22324 0.84815
vt 0.09324 0.82915
vt 0.02124 0.64915
vt 0.50924 0.64915
vt 0.42524 0.64915
vt 0.41424 0.66715
vt 0.36724 0.66715
vt 0.35524 0.64915
vt 0.36624 0.46015
vt 0.35524 0.42415
vt 0.27124 0.42415
vt 0.28824 0.44015
vt 0.41424 0.46015
vt 0.41424 0.42515
vt 0.42524 0.46315
vt 0.42524 0.42415
vt 0.49124 0.44015
vt 0.50824 0.42415
vt 0.35624 0.70415
vt 0.35624 0.64915
vt 0.29524 0.70415
vt 0.28924 0.64915
vt 0.28824 0.40615
vt 0.35524 0.40615
vt 0.29024 0.70415
vt 0.49224 0.64915
vt 0.48624 0.70415
vt 0.42524 0.70415
vt 0.49124 0.40615
vt 0.42524 0.40615
vt 0.49124 0.70415
vt 0.66124 0.50215
vt 0.66124 0.48215
vt 0.59424 0.48415
vt 0.59424 0.50415
vt 0.66124 0.54115
vt 0.59424 0.54315
vt 0.66124 0.56915
vt 0.59424 0.56115
vt 0.66424 0.45015
vt 0.59624 0.42615
vt 0.59624 0.44915
vt 0.66424 0.42615
vt 0.66224 0.61715
vt 0.59424 0.61315
vt 0.66224 0.60215
vt 0.59424 0.60215
vt 0.61924 0.32615
vt 0.58724 0.30215
vt 0.61224 0.30815
vt 0.61324 0.36115
vt 0.56324 0.30815
vt 0.59924 0.37615
vt 0.55624 0.32615
vt 0.56124 0.36115
vt 0.58724 0.38115
vt 0.57524 0.37615
# 82 texture verticies
vn 0.84894 -0.52798 0.02304
vn 0.84137 -0.54027 0.01455
vn 0.83612 -0.54847 0.00881
vn -0.70216 0.19837 0.68383
vn -0.65258 0.16451 0.73965
vn -0.63516 0.15303 0.75707
vn -0.05247 0.16362 0.98513
vn -0.20274 0.12309 0.97147
vn -0.17590 0.11829 0.97728
vn 0.17634 0.11834 0.97719
vn 0.20320 0.12314 0.97136
vn 0.04601 0.16349 0.98547
vn 0.30792 0.06293 0.94933
vn 0.00019 0.16242 0.98672
vn 0.00027 0.16242 0.98672
vn -0.00228 0.00518 -0.99998
vn -0.00170 0.00670 -0.99998
vn -0.00023 -0.00000 -1.00000
vn -0.00024 0.00001 -1.00000
vn -0.00020 -0.00001 -1.00000
vn -0.50169 0.64959 0.57127
vn -0.49658 0.64725 0.57834
vn -0.48606 0.64232 0.59260
vn -0.48146 0.64013 0.59870
vn 0.00008 0.80804 0.58912
vn 0.00009 0.80805 0.58911
vn 0.00008 0.80805 0.58912
vn 0.00009 0.80806 0.58910
vn 0.70634 0.19532 0.68039
vn 0.66648 0.16743 0.72647
vn 0.71854 0.20414 0.66485
vn 0.65252 0.15796 0.74112
vn 0.48616 0.64234 0.59249
vn 0.49676 0.64731 0.57812
vn 0.50189 0.64967 0.57099
vn 0.48153 0.64013 0.59864
vn -0.30751 0.06284 0.94947
vn -0.00029 0.00829 -0.99997
vn -0.01214 0.01609 -0.99980
vn -0.01336 0.01385 -0.99981
vn -0.71682 0.20877 0.66527
vn -0.00455 0.02089 -0.99977
vn -0.00894 0.04312 -0.99903
vn 0.82771 -0.56116 -0.00015
vn 0.00008 -1.00000 -0.00007
vn 0.00006 -1.00000 -0.00015
vn 0.00006 -1.00000 -0.00001
vn 0.00000 -1.00000 0.00000
vn -0.82764 -0.56125 0.00015
vn -0.84134 -0.54031 0.01489
vn -0.83608 -0.54853 0.00914
vn -0.84893 -0.52798 0.02341
vn 0.00014 -1.00000 0.00016
vn 0.00008 -1.00000 0.00001
vn 0.00009 -1.00000 -0.00001
vn 0.00008 -1.00000 -0.00001
vn -0.03974 0.03055 -0.99874
vn -0.02101 0.05129 -0.99846
vn -0.36298 0.12551 -0.92331
vn -0.30511 0.10330 -0.94670
vn 1.00000 0.00003 -0.00044
vn 1.00000 0.00009 -0.00010
vn 1.00000 0.00011 -0.00002
vn 1.00000 0.00002 -0.00052
vn 0.00008 -1.00000 0.00008
vn 0.00009 -1.00000 0.00000
vn -0.72672 0.20658 -0.65514
vn -0.60495 0.13631 -0.78451
vn 0.29041 0.10207 -0.95144
vn 0.02053 0.05126 -0.99847
vn 0.35789 0.12847 -0.92489
vn 0.03924 0.03054 -0.99876
vn -1.00000 -0.00011 0.00002
vn -1.00000 -0.00009 0.00010
vn -1.00000 -0.00003 0.00044
vn -1.00000 -0.00002 0.00052
vn 0.00008 -1.00000 -0.00008
vn 0.58419 0.13665 -0.80003
vn 0.72426 0.21507 -0.65513
vn -0.97822 -0.02593 -0.20593
vn -0.89121 -0.01836 -0.45322
vn -0.91319 -0.03132 -0.40633
vn -0.99500 -0.04491 -0.08926
vn -0.95126 -0.03968 0.30582
vn -0.88468 -0.07693 0.45981
vn -0.81639 -0.05289 0.57507
vn -0.71330 -0.10315 0.69323
vn -0.16568 -0.00668 -0.98616
vn -0.00028 -0.01995 -0.99980
vn -0.22151 -0.02626 -0.97480
vn -0.00024 -0.00000 -1.00000
vn -0.37103 -0.11073 0.92200
vn -0.31663 -0.12302 0.94054
vn 0.00020 -0.12108 0.99264
vn -0.00007 -0.13196 0.99125
vn 0.91302 -0.03117 -0.40672
vn 0.89102 -0.01822 -0.45359
vn 0.97813 -0.02577 -0.20640
vn 0.99496 -0.04475 -0.08977
vn 0.88491 -0.07675 0.45940
vn 0.95141 -0.03951 0.30538
vn 0.81659 -0.05271 0.57480
vn 0.71361 -0.10296 0.69294
vn 0.22094 -0.02622 -0.97494
vn 0.16519 -0.00667 -0.98624
vn 0.31659 -0.12300 0.94055
vn 0.37148 -0.11060 0.92183
# 107 normals
f  278/349/584 279/350/585 280/351/586
f  281/352/587 282/353/588 283/354/589
f  284/355/590 281/356/591 280/357/592
f  285/358/593 286/359/594 287/360/595
f  285/358/593 288/361/596 286/359/594
f  285/358/593 287/360/595 289/362/597
f  287/360/595 284/355/590 290/363/598
f  291/364/599 282/365/600 292/366/601
f  292/366/601 282/365/600 293/367/602
f  293/367/602 282/365/600 294/368/603
f  284/369/604 293/370/605 281/371/606
f  293/370/605 294/372/607 281/371/606
f  292/373/608 293/370/609 287/374/610
f  287/374/610 293/370/609 284/369/611
f  286/352/612 295/353/613 291/375/614
f  288/354/615 295/353/613 286/352/612
f  286/371/616 292/370/617 287/369/618
f  286/371/616 291/372/619 292/370/617
f  281/356/591 283/376/620 280/357/592
f  290/363/598 284/355/590 280/357/592
f  289/362/597 287/360/595 290/363/598
f  295/377/621 296/378/622 291/364/599
f  291/364/599 296/378/622 297/379/623
f  294/375/624 282/353/588 281/352/587
f  291/364/599 279/380/625 282/365/600
f  279/380/625 278/381/626 282/365/600
f  297/379/623 279/380/625 291/364/599
f  280/351/586 279/350/585 290/382/627
f  278/383/628 280/351/629 282/384/630
f  282/384/630 280/351/629 283/385/631
f  289/386/632 297/387/633 285/388/634
f  285/388/634 297/387/633 296/389/635
f  288/390/636 285/388/637 295/391/638
f  295/391/638 285/388/637 296/389/639
f  290/382/631 279/350/631 289/386/631
f  289/386/631 279/350/631 297/387/631
f  298/392/640 299/393/641 300/394/642
f  300/394/642 299/393/641 301/395/643
f  278/393/644 298/392/645 302/392/646
f  278/393/644 299/393/647 298/392/645
f  301/396/648 299/397/649 278/383/628
f  282/384/630 301/396/648 278/383/628
f  303/398/650 300/394/642 282/365/651
f  300/394/642 301/395/643 282/365/651
f  304/399/652 305/378/653 306/400/654
f  306/400/654 305/378/653 307/401/655
f  308/401/656 307/401/657 296/378/658
f  307/401/657 305/378/659 296/378/658
f  296/389/639 304/402/660 295/391/638
f  296/389/639 305/403/649 304/402/660
f  295/377/661 304/399/652 306/400/654
f  295/377/661 306/400/654 309/404/662
f  310/405/663 311/406/664 312/407/665
f  310/405/663 312/407/665 313/408/666
f  314/409/667 313/408/666 315/410/668
f  314/409/667 310/405/663 313/408/666
f  316/411/669 314/409/667 315/410/668
f  316/411/669 315/410/668 317/412/670
f  311/413/671 318/414/672 312/415/673
f  319/416/674 318/414/672 311/413/671
f  316/417/675 317/418/676 320/419/677
f  320/419/677 317/418/676 321/420/678
f  322/407/679 323/406/680 324/405/681
f  325/408/682 322/407/679 324/405/681
f  326/410/683 325/408/682 327/409/684
f  325/408/682 324/405/681 327/409/684
f  326/410/683 327/409/684 328/411/685
f  329/412/686 326/410/683 328/411/685
f  322/415/687 318/414/672 323/413/688
f  323/413/688 318/414/672 319/416/674
f  320/419/677 329/418/689 328/417/690
f  321/420/678 329/418/689 320/419/677
f  325/421/631 318/422/631 322/423/631
f  326/424/631 318/422/631 325/421/631
f  312/425/631 318/422/631 326/424/631
f  329/426/631 312/425/631 326/424/631
f  313/427/631 312/425/631 329/426/631
f  315/428/631 313/427/631 329/426/631
f  321/429/631 317/430/631 329/426/631
f  317/430/631 315/428/631 329/426/631
# object AnkleL
g AnkleL
v -0.00775 0.00865 0.00136
v -0.00774 0.01095 -0.00561
v -0.00822 0.02209 0.00005
v -0.00736 0.00463 -0.00472
v -0.00793 0.00905 -0.00867
v -0.00765 0.00438 -0.00879
v -0.00775 0.00501 0.00158
v -0.01594 0.00463 -0.00473
v -0.01556 0.00439 -0.00870
v -0.01528 0.00501 0.00158
v -0.01357 0.02009 0.00017
v -0.01583 0.00946 -0.00552
v -0.01528 0.00865 0.00136
v -0.01547 0.00825 -0.00863
v -0.01711 -0.00012 -0.00469
v -0.01571 -0.00012 -0.00545
v -0.01571 -0.00383 -0.00394
v -0.01711 -0.00013 -0.00316
v -0.01571 -0.00014 -0.00240
v -0.01571 0.00469 -0.00605
v -0.01768 0.00468 -0.00498
v -0.01769 0.00467 -0.00282
v -0.01571 0.00466 -0.00173
v -0.01644 0.00739 -0.00535
v -0.01571 0.00819 -0.00540
v -0.01644 0.00737 -0.00241
v -0.01571 0.00817 -0.00235
v -0.01571 0.00967 -0.00387
v -0.01758 0.00558 -0.00389
# 29 verticies
vt 0.62224 0.07915
vt 0.63924 0.03115
vt 0.70324 0.07515
vt 0.60324 0.03415
vt 0.62824 0.00815
vt 0.60324 0.00515
vt 0.60324 0.07915
vt 0.60424 0.13615
vt 0.60424 0.13315
vt 0.60424 0.08315
vt 0.60424 0.13515
vt 0.70624 0.07515
vt 0.63024 0.03115
vt 0.62424 0.00815
vt 0.60324 0.00615
vt 0.75024 0.00915
vt 0.69624 0.00915
vt 0.69424 0.03115
vt 0.75024 0.03115
vt 0.74724 0.07515
vt 0.62424 0.13215
vt 0.62324 0.13515
vt 0.62324 0.08315
vt 0.70424 0.08615
vt 0.69224 0.12315
vt 0.62424 0.08315
vt 0.52824 0.13015
vt 0.52824 0.12415
vt 0.50624 0.13515
vt 0.52824 0.14115
vt 0.52824 0.14615
vt 0.55724 0.12015
vt 0.55724 0.12815
vt 0.55724 0.14315
vt 0.55724 0.15015
vt 0.57324 0.12515
vt 0.57824 0.12415
vt 0.57324 0.14615
vt 0.57824 0.14615
vt 0.58724 0.13515
vt 0.56224 0.13515
# 41 texture verticies
vn 0.99895 0.03350 0.03115
vn 0.99865 0.04852 -0.01856
vn 0.99926 0.03645 0.01228
vn 0.99857 0.04895 -0.02145
vn 0.99507 0.05354 -0.08343
vn 0.99534 0.06265 -0.07328
vn 0.99818 0.00364 0.06023
vn -0.00014 -0.99818 0.06032
vn -0.00013 -0.99818 0.06035
vn -0.00013 -0.99818 0.06033
vn -0.00014 -0.99818 0.06037
vn -0.00015 -0.99818 0.06030
vn -0.00014 -0.99818 0.06029
vn -0.98282 0.15710 0.09684
vn -0.99768 0.06518 0.01953
vn -0.99262 0.07378 0.09625
vn -0.99976 0.02144 -0.00503
vn -0.99454 0.00629 0.10415
vn -0.99403 0.01417 -0.10814
vn -0.99493 0.02619 -0.09709
vn -0.14342 0.86959 -0.47249
vn -0.10010 0.92319 -0.37107
vn -0.11645 0.76220 -0.63678
vn -0.14534 0.64795 -0.74769
vn -0.15048 0.45770 -0.87628
vn -0.18355 0.43877 -0.87965
vn -0.01098 0.02045 -0.99973
vn -0.01000 0.02243 -0.99970
vn -0.01224 0.01791 -0.99976
vn -0.00026 0.07873 0.99690
vn -0.00026 0.06027 0.99818
vn -0.00273 0.08364 0.99649
vn -0.01380 0.09677 0.99521
vn -0.00882 0.09929 0.99502
vn -0.00026 0.06028 0.99818
vn -0.00886 0.02474 -0.99965
vn -0.83226 -0.24500 -0.49730
vn -0.46685 -0.22353 -0.85562
vn -0.86992 -0.49319 -0.00312
vn -0.80522 -0.25947 0.53320
vn -0.46734 -0.23337 0.85272
vn -0.45747 0.00120 -0.88923
vn -0.86996 0.06843 -0.48834
vn -0.88426 0.05282 0.46399
vn -0.45827 -0.00914 0.88877
vn -0.77234 0.38884 -0.50229
vn -0.49876 0.41003 -0.76362
vn -0.77287 0.38273 0.50616
vn -0.50054 0.40078 0.76735
vn -0.89444 0.44718 0.00229
vn -0.93332 0.35903 0.00181
# 51 normals
f  330/431/691 331/432/692 332/433/693
f  333/434/694 331/432/692 330/431/691
f  333/434/694 334/435/695 331/432/692
f  333/434/694 335/436/696 334/435/695
f  336/437/697 333/434/694 330/431/691
f  337/438/698 338/439/699 333/440/700
f  338/439/699 335/440/701 333/440/700
f  339/441/702 337/438/698 336/440/703
f  337/438/698 333/440/700 336/440/703
f  340/442/704 341/443/705 342/431/706
f  342/431/706 337/434/707 339/437/708
f  342/431/706 341/443/705 337/434/707
f  343/444/709 338/445/710 337/434/707
f  334/446/711 343/447/712 341/448/713
f  331/449/714 334/446/711 341/448/713
f  340/442/715 331/449/714 341/448/713
f  332/450/716 331/449/714 340/442/715
f  343/451/717 335/440/718 338/439/719
f  342/452/720 336/440/721 330/453/722
f  332/454/723 340/455/724 330/453/722
f  330/453/722 340/455/724 342/452/720
f  339/441/725 336/440/721 342/452/720
f  341/443/705 343/444/709 337/434/707
f  334/456/726 335/440/718 343/451/717
f  344/457/727 345/458/728 346/459/729
f  347/460/730 344/457/727 346/459/729
f  347/460/730 346/459/729 348/461/731
f  344/457/727 349/462/732 345/458/728
f  350/463/733 349/462/732 344/457/727
f  351/464/734 344/457/727 347/460/730
f  351/464/734 350/463/733 344/457/727
f  352/465/735 347/460/730 348/461/731
f  351/464/734 347/460/730 352/465/735
f  353/466/736 349/462/732 350/463/733
f  354/467/737 349/462/732 353/466/736
f  355/468/738 351/464/734 352/465/735
f  356/469/739 355/468/738 352/465/735
f  357/470/740 354/467/737 353/466/736
f  356/469/739 357/470/740 355/468/738
f  358/471/741 353/466/736 350/463/733
f  358/471/741 350/463/733 351/464/734
f  355/468/738 358/471/741 351/464/734
f  357/470/740 353/466/736 355/468/738
f  355/468/738 353/466/736 358/471/741
# object LegL
g LegL
v -0.00850 -0.00461 -0.01868
v -0.00796 0.00112 -0.01436
v -0.00791 -0.00278 -0.01255
v -0.00936 -0.00271 -0.02179
v -0.01073 -0.00064 -0.02280
v -0.00987 0.00469 -0.01608
v -0.01313 -0.00388 -0.01225
v -0.01485 -0.00032 -0.01397
v -0.01235 -0.00541 -0.01846
v -0.01266 -0.00340 -0.02160
v -0.01472 0.00368 -0.01580
v -0.01235 -0.00098 -0.02271
v -0.00760 0.00103 -0.00316
v -0.00758 0.00551 -0.00523
v -0.00888 0.00432 0.00001
v -0.00875 0.00710 -0.00127
v -0.00964 0.00971 -0.00725
v -0.01009 0.00946 -0.00241
v -0.01379 0.00330 0.00028
v -0.01592 0.00377 -0.00476
v -0.01389 -0.00028 -0.00281
v -0.01515 0.00576 -0.00091
v -0.01500 0.00843 -0.00214
v -0.01594 0.00839 -0.00689
# 24 verticies
vt 0.39624 0.32115
vt 0.43824 0.30215
vt 0.43824 0.33015
vt 0.38224 0.30215
vt 0.38224 0.28215
vt 0.43824 0.27015
vt 0.49224 0.33615
vt 0.49224 0.30215
vt 0.51824 0.32215
vt 0.51824 0.30215
vt 0.49324 0.26615
vt 0.51824 0.28215
vt 0.49324 0.33615
vt 0.49224 0.26615
vt 0.38224 0.25915
vt 0.38224 0.23515
vt 0.38224 0.25415
vt 0.38224 0.23015
vt 0.43924 0.22815
vt 0.43924 0.26215
vt 0.49324 0.22515
vt 0.51924 0.22915
vt 0.51924 0.26115
vt 0.43924 0.33915
vt 0.39624 0.34615
vt 0.39624 0.36415
vt 0.43924 0.37315
vt 0.51924 0.37215
vt 0.51924 0.34015
vt 0.49324 0.37715
# 30 texture verticies
vn 0.98422 0.03743 -0.17293
vn 0.96485 0.17524 -0.19584
vn 0.99824 -0.01736 -0.05669
vn 0.92053 0.24790 -0.30193
vn 0.86246 0.35791 -0.35786
vn 0.89873 0.34070 -0.27605
vn -0.90659 -0.41988 0.04247
vn -0.96717 -0.23527 -0.09606
vn -0.92174 -0.37891 -0.08267
vn -0.96401 -0.16172 -0.21102
vn -0.98298 -0.05574 -0.17507
vn -0.96171 -0.03317 -0.27207
vn 0.99208 0.04972 0.11535
vn 0.96958 0.24325 0.02740
vn 0.96078 0.09656 0.25995
vn 0.94051 0.30118 0.15729
vn 0.90770 0.41459 -0.06478
vn 0.86586 0.49418 0.07797
vn -0.88861 -0.29954 0.34735
vn -0.97725 -0.16756 0.13002
vn -0.91083 -0.35172 0.21605
vn -0.96326 -0.10586 0.24682
vn -0.98129 0.10026 0.16437
vn -0.99927 0.01256 0.03602
vn 0.09971 -0.67404 -0.73194
vn -0.06596 0.04502 -0.99681
vn -0.13361 0.39170 -0.91034
vn 0.09444 -0.65417 -0.75043
vn 0.14249 -0.82729 -0.54341
vn 0.14259 -0.82732 -0.54334
vn -0.20224 0.82303 -0.53077
vn -0.20168 0.81875 -0.53756
vn -0.21181 0.94937 -0.23202
vn -0.21185 0.94904 -0.23335
vn -0.20309 0.97867 0.03112
vn -0.20304 0.97867 0.03117
vn 0.21148 -0.92562 0.31385
vn 0.21186 -0.94205 0.26011
vn 0.21189 -0.94204 0.26013
vn 0.21156 -0.92633 0.31171
vn 0.17712 -0.64611 0.74241
vn 0.17713 -0.64610 0.74242
vn 0.19933 -0.79987 0.56610
vn 0.19922 -0.79929 0.56696
# 44 normals
f  359/472/742 360/473/743 361/474/744
f  359/472/742 362/475/745 360/473/743
f  363/476/746 364/477/747 360/473/743
f  362/475/745 363/476/746 360/473/743
f  365/474/748 366/473/749 367/472/750
f  366/473/749 368/475/751 367/472/750
f  366/473/749 369/477/752 370/476/753
f  366/473/749 370/476/753 368/475/751
f  371/478/754 372/479/755 373/480/756
f  373/480/756 372/479/755 374/481/757
f  372/479/755 375/482/758 376/483/759
f  372/479/755 376/483/759 374/481/757
f  377/480/760 378/479/761 379/484/762
f  380/481/763 378/479/761 377/480/760
f  381/483/764 382/485/765 378/479/761
f  380/481/763 381/483/764 378/479/761
f  379/484/762 378/479/761 365/474/748
f  378/479/761 366/473/749 365/474/748
f  378/479/761 382/485/765 369/477/752
f  378/479/761 369/477/752 366/473/749
f  361/474/744 372/479/755 371/478/754
f  361/474/744 360/473/743 372/479/755
f  364/477/747 375/482/758 372/479/755
f  360/473/743 364/477/747 372/479/755
f  362/486/766 370/487/767 363/488/768
f  368/489/769 370/487/767 362/486/766
f  367/487/770 362/486/766 359/488/771
f  367/487/770 368/489/769 362/486/766
f  363/488/768 369/490/772 364/491/773
f  370/487/767 369/490/772 363/488/768
f  375/482/774 382/492/775 381/493/776
f  376/494/777 375/482/774 381/493/776
f  369/490/772 382/492/775 375/482/774
f  369/490/772 375/482/774 364/491/773
f  365/495/778 367/496/779 359/497/780
f  365/495/778 359/497/780 361/498/781
f  373/499/782 377/500/783 371/501/784
f  371/501/784 377/500/783 379/484/785
f  371/501/784 365/495/778 361/498/781
f  379/484/785 365/495/778 371/501/784
# object ShinL
g ShinL
v -0.01754 -0.00026 -0.02194
v -0.02069 0.00690 -0.02905
v -0.02014 0.00324 -0.03276
v -0.01704 -0.00358 -0.02530
v -0.00789 0.00580 -0.03345
v -0.00845 0.00946 -0.02974
v -0.00717 0.00190 -0.02253
v -0.00666 -0.00141 -0.02589
v -0.00652 -0.00681 -0.02020
v -0.00856 -0.00369 -0.02762
v -0.01397 -0.00482 -0.02732
v -0.01378 -0.00833 -0.01980
v -0.02571 0.02405 -0.04585
v -0.02417 0.03254 -0.05264
v -0.02340 0.02742 -0.05792
v -0.02509 0.01997 -0.04999
v -0.02169 0.02812 -0.04222
v -0.00970 0.00381 -0.02001
v -0.00667 -0.00507 -0.01634
v -0.01393 -0.00659 -0.01593
v -0.01511 0.00268 -0.01970
v -0.01614 0.02894 -0.05833
v -0.01300 0.02671 -0.04656
v -0.01238 0.02263 -0.05070
v -0.01691 0.03406 -0.05305
v -0.01629 0.02925 -0.04252
v -0.02016 0.01781 -0.05338
v -0.01035 0.00267 -0.03586
v -0.01476 0.01895 -0.05368
v -0.01722 0.01114 -0.02581
v -0.01181 0.01227 -0.02612
v -0.01576 0.00154 -0.03556
v -0.02431 0.02601 -0.03778
v -0.02327 0.01895 -0.02931
v -0.01789 0.01315 -0.02927
v -0.02183 0.02650 -0.04292
v -0.01951 0.01626 -0.03291
# 37 verticies
vt 0.17524 0.23415
vt 0.12424 0.23215
vt 0.12424 0.26915
vt 0.17524 0.26815
vt 0.38524 0.12415
vt 0.38524 0.08715
vt 0.44824 0.08915
vt 0.44824 0.12315
vt 0.49424 0.12115
vt 0.44824 0.14115
vt 0.23924 0.08315
vt 0.17724 0.07615
vt 0.17724 0.12915
vt 0.23924 0.12415
vt 0.24524 0.05215
vt 0.44824 0.06615
vt 0.50324 0.09315
vt 0.23924 0.15515
vt 0.38524 0.15015
vt 0.38524 0.05315
vt 0.02424 0.01715
vt 0.09024 0.01015
vt 0.12024 0.04215
vt 0.00324 0.04215
vt 0.09024 0.04415
vt 0.17624 0.20315
vt 0.17624 0.15315
vt 0.49624 0.15315
vt 0.50524 0.15315
vt 0.50524 0.20315
vt 0.49624 0.20315
vt 0.23924 0.20015
vt 0.38524 0.15615
vt 0.44924 0.20015
vt 0.38524 0.20015
vt 0.44924 0.15615
vt 0.44924 0.05115
vt 0.38524 0.00715
vt 0.38524 0.05115
vt 0.44924 0.00715
vt 0.24424 0.00715
vt 0.17624 0.05415
vt 0.17624 0.00415
vt 0.50324 0.00515
vt 0.50324 0.05415
vt 0.00724 0.22815
vt 0.00724 0.26915
# 47 texture verticies
vn -0.94942 -0.28288 0.13632
vn -0.96382 -0.24734 0.09936
vn -0.96101 -0.25490 0.10717
vn -0.94940 -0.28295 0.13629
vn 0.96438 -0.06423 -0.25660
vn 0.91380 0.36513 0.17789
vn 0.93787 0.28632 0.19599
vn 0.96891 -0.12754 -0.21202
vn 0.99742 -0.02179 -0.06844
vn 0.83081 -0.35770 -0.42640
vn -0.55190 -0.73658 -0.39096
vn -0.86686 -0.49601 0.05033
vn -0.72317 -0.66305 -0.19337
vn -0.94602 0.24919 0.20725
vn -0.97949 0.19953 0.02792
vn -0.93745 -0.13006 -0.32290
vn -0.78821 -0.42263 -0.44733
vn -0.80300 0.36396 0.47194
vn 0.77877 0.47579 0.40884
vn 0.97116 0.19348 0.13936
vn -0.92193 -0.23060 0.31125
vn -0.78169 0.19387 0.59277
vn -0.88378 -0.03617 0.46650
vn 0.93466 0.21667 -0.28190
vn 0.90461 0.42289 0.05332
vn 0.95086 0.04180 -0.30677
vn 0.89832 0.43687 -0.04667
vn 0.77878 0.55956 0.28354
vn -0.61791 -0.58269 -0.52788
vn 0.83893 -0.29498 -0.45737
vn 0.86399 -0.17734 -0.47125
vn -0.80426 0.24661 0.54069
vn -0.80090 0.24863 0.54474
vn 0.79317 0.49739 0.35141
vn -0.56435 -0.68724 -0.45740
vn -0.56075 -0.69303 -0.45307
vn 0.68353 0.60812 0.40370
vn 0.65989 0.61491 0.43177
vn 0.67111 0.61183 0.41867
vn 0.69337 0.60496 0.39150
vn -0.70962 -0.65983 -0.24711
vn -0.73564 -0.59598 -0.32193
vn -0.73055 -0.60184 -0.32262
vn -0.73352 -0.55583 -0.39115
vn -0.72580 -0.55777 -0.40263
vn -0.18394 0.69145 -0.69861
vn 0.20482 -0.97879 0.00282
vn 0.20887 -0.88877 0.40800
vn 0.20884 -0.88880 0.40795
vn 0.20439 -0.97888 -0.00490
vn 0.03632 -0.41737 -0.90801
vn 0.03627 -0.41741 -0.90800
vn 0.03629 -0.41739 -0.90800
vn 0.03625 -0.41743 -0.90799
vn 0.11961 -0.74776 -0.65310
vn 0.14658 -0.84124 -0.52042
vn 0.11916 -0.74621 -0.65496
vn 0.14559 -0.83803 -0.52584
vn 0.11210 -0.71981 -0.68506
vn 0.11213 -0.71980 -0.68507
vn -0.05379 0.49115 0.86941
vn -0.08531 0.61829 0.78130
vn -0.08855 0.63098 0.77073
vn -0.04575 0.45762 0.88797
vn -0.10066 0.67755 0.72855
vn -0.16336 0.89352 0.41826
vn -0.16334 0.89353 0.41824
vn -0.16338 0.89351 0.41827
vn -0.16331 0.89354 0.41822
vn -0.02619 0.37446 0.92687
vn -0.02619 0.37445 0.92688
vn -0.97363 -0.21757 0.06860
vn -0.97363 -0.21758 0.06860
# 73 normals
f  383/502/786 384/503/787 385/504/788
f  386/505/789 383/502/786 385/504/788
f  387/506/790 388/507/791 389/508/792
f  387/506/790 389/508/792 390/509/793
f  390/509/793 391/510/794 392/511/795
f  393/511/796 394/510/797 386/509/798
f  395/512/799 396/513/800 397/514/801
f  398/515/802 395/512/799 397/514/801
f  395/512/799 399/516/803 396/513/800
f  389/508/792 400/517/804 401/518/805
f  402/518/806 403/517/807 383/508/808
f  404/514/809 405/512/810 406/515/811
f  404/514/809 407/513/812 405/512/810
f  407/513/812 408/516/813 405/512/810
f  409/519/814 398/515/802 397/514/801
f  410/520/815 387/506/790 392/511/795
f  387/506/790 390/509/793 392/511/795
f  404/514/809 406/515/811 411/519/816
f  403/517/807 412/521/817 384/507/818
f  383/508/808 403/517/807 384/507/818
f  388/507/791 413/521/819 400/517/804
f  388/507/791 400/517/804 389/508/792
f  384/507/818 399/516/803 395/512/799
f  412/521/817 399/516/803 384/507/818
f  388/507/791 408/516/813 413/521/819
f  405/512/810 408/516/813 388/507/791
f  390/509/793 389/508/792 391/510/794
f  391/510/794 389/508/792 401/518/805
f  394/510/797 383/508/808 386/509/798
f  402/518/806 383/508/808 394/510/797
f  414/520/820 398/515/802 409/519/814
f  385/506/821 398/515/802 414/520/820
f  393/511/796 386/509/798 385/506/821
f  393/511/796 385/506/821 414/520/820
f  411/519/816 406/515/811 410/520/815
f  410/520/815 406/515/811 387/506/790
f  415/522/822 416/523/823 417/524/824
f  418/525/825 415/522/822 417/524/824
f  417/524/826 416/523/827 419/526/828
f  419/526/828 416/523/827 415/522/829
f  419/526/828 415/522/829 418/525/830
f  396/527/831 407/528/831 404/528/831
f  397/527/831 396/527/831 404/528/831
f  391/529/832 401/530/833 402/531/834
f  391/529/832 402/531/834 394/532/835
f  409/533/836 397/527/837 411/519/838
f  397/527/837 404/528/839 411/519/838
f  410/534/840 393/535/841 414/536/842
f  410/534/840 392/537/843 393/535/841
f  409/533/844 410/534/840 414/536/842
f  411/519/845 410/534/840 409/533/844
f  392/537/843 391/529/832 393/535/841
f  393/535/841 391/529/832 394/532/835
f  403/538/846 413/539/847 412/540/848
f  400/541/849 413/539/847 403/538/846
f  412/540/848 408/542/850 399/516/850
f  413/539/847 408/542/850 412/540/848
f  396/543/851 408/542/852 407/544/853
f  399/516/854 408/542/852 396/543/851
f  401/545/855 400/541/849 402/546/856
f  402/546/856 400/541/849 403/538/846
f  384/503/787 395/547/857 398/548/858
f  385/504/788 384/503/787 398/548/858
f  406/515/811 388/507/791 387/506/790
f  406/515/811 405/512/810 388/507/791
# object ToeL
g ToeL
v -0.02073 0.03331 -0.05790
v -0.01753 0.03485 -0.05894
v -0.01526 0.02671 -0.05058
v -0.02257 0.02518 -0.05017
v -0.02465 0.03336 -0.05854
v -0.01877 0.02597 -0.05038
v -0.02124 0.02720 -0.04337
v -0.02207 0.03044 -0.04596
v -0.01644 0.02821 -0.04365
v -0.01726 0.03145 -0.04623
v -0.01970 0.04014 -0.05714
v -0.02450 0.03914 -0.05686
v -0.02201 0.03966 -0.05700
# 13 verticies
vt 0.01124 0.09215
vt 0.00424 0.06915
vt 0.07324 0.06815
vt 0.07324 0.11815
vt 0.00424 0.11715
vt 0.07324 0.09215
vt 0.16424 0.13415
vt 0.13924 0.13015
vt 0.14324 0.17715
vt 0.05824 0.14015
vt 0.07424 0.17715
vt 0.01224 0.14115
vt 0.03024 0.14115
vt 0.03024 0.17715
vt 0.04624 0.14115
vt 0.00224 0.17715
vt 0.05624 0.17715
# 17 texture verticies
vn 0.10559 -0.69794 -0.70833
vn 0.10559 -0.69794 -0.70833
vn 0.10559 -0.69794 -0.70833
vn 0.10561 -0.69794 -0.70833
vn 0.10561 -0.69794 -0.70833
vn 0.10561 -0.69794 -0.70833
vn 0.10560 -0.69794 -0.70833
vn 0.10562 -0.69794 -0.70833
vn -0.65650 0.36153 0.66205
vn -0.65418 0.43730 0.61711
vn -0.97822 -0.06470 0.19725
vn 0.41229 0.62984 0.65827
vn 0.59166 0.64297 0.48634
vn 0.41112 0.75519 0.51055
vn 0.93442 0.34846 0.07377
vn -0.98053 -0.03971 0.19231
vn -0.68558 0.48676 0.54133
vn 0.94184 0.32679 0.07837
vn 0.00846 0.18103 -0.98344
vn -0.08190 0.12360 -0.98895
vn -0.10391 0.19384 -0.97551
vn -0.18910 0.13793 -0.97222
vn 0.15726 0.27119 -0.94959
vn -0.37296 0.15921 -0.91408
# 24 normals
usemtl BodyGlow
f  420/549/859 421/550/860 422/551/861
f  423/552/862 424/553/863 420/549/864
f  425/554/865 420/549/859 422/551/861
f  423/552/862 420/549/864 425/554/866
usemtl Body
f  426/555/867 427/556/868 423/557/869
f  428/555/870 429/556/871 427/556/868
f  430/558/872 429/556/871 421/559/873
f  424/559/874 427/556/868 431/558/875
f  423/557/869 427/556/868 424/559/874
f  428/555/870 427/556/868 426/555/867
f  422/557/876 429/556/871 428/555/870
f  421/559/873 429/556/871 422/557/876
f  431/558/875 427/556/868 430/558/872
f  427/556/868 429/556/871 430/558/872
usemtl BodyGlow
f  431/560/877 432/561/878 420/562/879
f  432/561/878 430/563/880 420/562/879
f  424/564/881 431/560/877 420/562/879
f  420/562/879 430/563/880 421/565/882
# object AnkleR
g AnkleR
v 0.00822 0.02209 0.00005
v 0.00774 0.01095 -0.00561
v 0.00775 0.00865 0.00136
v 0.00736 0.00463 -0.00472
v 0.00793 0.00905 -0.00867
v 0.00765 0.00438 -0.00879
v 0.00775 0.00501 0.00158
v 0.01556 0.00439 -0.00870
v 0.01594 0.00463 -0.00473
v 0.01528 0.00501 0.00158
v 0.01528 0.00865 0.00136
v 0.01583 0.00946 -0.00552
v 0.01357 0.02009 0.00017
v 0.01547 0.00825 -0.00863
v 0.01571 -0.00383 -0.00394
v 0.01571 -0.00012 -0.00545
v 0.01711 -0.00012 -0.00469
v 0.01711 -0.00013 -0.00316
v 0.01571 -0.00014 -0.00240
v 0.01571 0.00469 -0.00605
v 0.01768 0.00468 -0.00498
v 0.01769 0.00467 -0.00282
v 0.01571 0.00466 -0.00173
v 0.01644 0.00739 -0.00535
v 0.01571 0.00819 -0.00540
v 0.01644 0.00737 -0.00241
v 0.01571 0.00817 -0.00235
v 0.01571 0.00967 -0.00387
v 0.01758 0.00558 -0.00389
# 29 verticies
vt 0.70324 0.07515
vt 0.63924 0.03115
vt 0.62224 0.07915
vt 0.60324 0.03415
vt 0.62824 0.00815
vt 0.60324 0.00515
vt 0.60324 0.07915
vt 0.60424 0.08315
vt 0.60424 0.13315
vt 0.60424 0.13615
vt 0.60424 0.13515
vt 0.63024 0.03115
vt 0.70624 0.07515
vt 0.60324 0.00615
vt 0.62424 0.00815
vt 0.69424 0.03115
vt 0.69624 0.00915
vt 0.75024 0.00915
vt 0.75024 0.03115
vt 0.74724 0.07515
vt 0.62424 0.13215
vt 0.62324 0.08315
vt 0.62324 0.13515
vt 0.69224 0.12315
vt 0.70424 0.08615
vt 0.62424 0.08315
vt 0.50624 0.13515
vt 0.52824 0.12415
vt 0.52824 0.13015
vt 0.52824 0.14115
vt 0.52824 0.14615
vt 0.55724 0.12015
vt 0.55724 0.12815
vt 0.55724 0.14315
vt 0.55724 0.15015
vt 0.57324 0.12515
vt 0.57824 0.12415
vt 0.57324 0.14615
vt 0.57824 0.14615
vt 0.58724 0.13515
vt 0.56224 0.13515
# 41 texture verticies
vn -0.99926 0.03645 0.01228
vn -0.99865 0.04852 -0.01856
vn -0.99895 0.03350 0.03115
vn -0.99857 0.04895 -0.02145
vn -0.99507 0.05354 -0.08343
vn -0.99534 0.06265 -0.07328
vn -0.99818 0.00364 0.06023
vn 0.00013 -0.99818 0.06033
vn 0.00013 -0.99818 0.06035
vn 0.00014 -0.99818 0.06032
vn 0.00014 -0.99818 0.06037
vn 0.00014 -0.99818 0.06029
vn 0.00015 -0.99818 0.06030
vn 0.99262 0.07378 0.09625
vn 0.99768 0.06518 0.01953
vn 0.98282 0.15710 0.09684
vn 0.99454 0.00629 0.10415
vn 0.99976 0.02144 -0.00503
vn 0.99493 0.02619 -0.09709
vn 0.99403 0.01417 -0.10814
vn 0.11645 0.76220 -0.63678
vn 0.10010 0.92319 -0.37107
vn 0.14342 0.86959 -0.47249
vn 0.14534 0.64795 -0.74769
vn 0.15048 0.45770 -0.87628
vn 0.18355 0.43877 -0.87965
vn 0.01224 0.01791 -0.99976
vn 0.01000 0.02243 -0.99970
vn 0.01098 0.02045 -0.99973
vn 0.00273 0.08364 0.99649
vn 0.00026 0.06027 0.99818
vn 0.00026 0.07873 0.99690
vn 0.00882 0.09929 0.99502
vn 0.01380 0.09677 0.99521
vn 0.00026 0.06028 0.99818
vn 0.00886 0.02474 -0.99965
vn 0.86992 -0.49319 -0.00312
vn 0.46685 -0.22353 -0.85562
vn 0.83226 -0.24500 -0.49730
vn 0.80522 -0.25947 0.53320
vn 0.46734 -0.23337 0.85272
vn 0.45747 0.00120 -0.88923
vn 0.86996 0.06843 -0.48834
vn 0.88426 0.05282 0.46399
vn 0.45827 -0.00914 0.88877
vn 0.77234 0.38884 -0.50229
vn 0.49876 0.41003 -0.76362
vn 0.77287 0.38273 0.50616
vn 0.50054 0.40078 0.76735
vn 0.89444 0.44718 0.00229
vn 0.93332 0.35903 0.00181
# 51 normals
usemtl Body
f  433/566/883 434/567/884 435/568/885
f  435/568/885 434/567/884 436/569/886
f  434/567/884 437/570/887 436/569/886
f  437/570/887 438/571/888 436/569/886
f  435/568/885 436/569/886 439/572/889
f  436/573/890 440/574/891 441/575/892
f  436/573/890 438/573/893 440/574/891
f  439/573/894 441/575/892 442/576/895
f  439/573/894 436/573/890 441/575/892
f  443/568/896 444/577/897 445/578/898
f  442/572/899 441/569/900 443/568/896
f  441/569/900 444/577/897 443/568/896
f  441/569/900 440/579/901 446/580/902
f  444/581/903 446/582/904 437/583/905
f  444/581/903 437/583/905 434/584/906
f  444/581/903 434/584/906 445/578/907
f  445/578/907 434/584/906 433/585/908
f  440/574/909 438/573/910 446/586/911
f  435/587/912 439/573/913 443/588/914
f  435/587/912 445/589/915 433/590/916
f  443/588/914 445/589/915 435/587/912
f  443/588/914 439/573/913 442/576/917
f  441/569/900 446/580/902 444/577/897
f  446/586/911 438/573/910 437/591/918
f  447/592/919 448/593/920 449/594/921
f  447/592/919 449/594/921 450/595/922
f  451/596/923 447/592/919 450/595/922
f  448/593/920 452/597/924 449/594/921
f  449/594/921 452/597/924 453/598/925
f  450/595/922 449/594/921 454/599/926
f  449/594/921 453/598/925 454/599/926
f  451/596/923 450/595/922 455/600/927
f  455/600/927 450/595/922 454/599/926
f  453/598/925 452/597/924 456/601/928
f  456/601/928 452/597/924 457/602/929
f  455/600/927 454/599/926 458/603/930
f  455/600/927 458/603/930 459/604/931
f  456/601/928 457/602/929 460/605/932
f  458/603/930 460/605/932 459/604/931
f  453/598/925 456/601/928 461/606/933
f  454/599/926 453/598/925 461/606/933
f  454/599/926 461/606/933 458/603/930
f  458/603/930 456/601/928 460/605/932
f  461/606/933 456/601/928 458/603/930
# object LegR
g LegR
v 0.00791 -0.00303 -0.01245
v 0.00796 0.00087 -0.01426
v 0.00850 -0.00486 -0.01858
v 0.00936 -0.00296 -0.02169
v 0.00987 0.00444 -0.01598
v 0.01073 -0.00089 -0.02270
v 0.01235 -0.00566 -0.01836
v 0.01485 -0.00057 -0.01387
v 0.01313 -0.00413 -0.01215
v 0.01266 -0.00365 -0.02150
v 0.01235 -0.00123 -0.02261
v 0.01472 0.00343 -0.01570
v 0.00888 0.00407 0.00011
v 0.00758 0.00526 -0.00513
v 0.00760 0.00078 -0.00306
v 0.00875 0.00685 -0.00117
v 0.01009 0.00921 -0.00231
v 0.00964 0.00946 -0.00715
v 0.01389 -0.00053 -0.00271
v 0.01592 0.00352 -0.00466
v 0.01379 0.00305 0.00038
v 0.01515 0.00551 -0.00081
v 0.01594 0.00814 -0.00679
v 0.01500 0.00818 -0.00204
# 24 verticies
vt 0.43824 0.33015
vt 0.43824 0.30215
vt 0.39624 0.32115
vt 0.38224 0.30215
vt 0.43824 0.27015
vt 0.38224 0.28215
vt 0.51824 0.32215
vt 0.49224 0.30215
vt 0.49224 0.33615
vt 0.51824 0.30215
vt 0.51824 0.28215
vt 0.49324 0.26615
vt 0.49324 0.33615
vt 0.49224 0.26615
vt 0.38224 0.25415
vt 0.38224 0.23515
vt 0.38224 0.25915
vt 0.38224 0.23015
vt 0.43924 0.26215
vt 0.43924 0.22815
vt 0.51924 0.22915
vt 0.49324 0.22515
vt 0.51924 0.26115
vt 0.39624 0.36415
vt 0.39624 0.34615
vt 0.43924 0.33915
vt 0.43924 0.37315
vt 0.49324 0.37715
vt 0.51924 0.34015
vt 0.51924 0.37215
# 30 texture verticies
vn -0.99824 -0.01736 -0.05669
vn -0.96485 0.17524 -0.19584
vn -0.98422 0.03743 -0.17293
vn -0.92053 0.24790 -0.30193
vn -0.89873 0.34070 -0.27605
vn -0.86246 0.35791 -0.35786
vn 0.92174 -0.37891 -0.08267
vn 0.96717 -0.23527 -0.09606
vn 0.90659 -0.41988 0.04247
vn 0.96401 -0.16172 -0.21102
vn 0.96171 -0.03317 -0.27207
vn 0.98298 -0.05574 -0.17507
vn -0.96078 0.09656 0.25995
vn -0.96958 0.24325 0.02740
vn -0.99208 0.04972 0.11535
vn -0.94051 0.30118 0.15729
vn -0.86586 0.49418 0.07797
vn -0.90770 0.41459 -0.06478
vn 0.91083 -0.35172 0.21605
vn 0.97725 -0.16756 0.13002
vn 0.88861 -0.29954 0.34735
vn 0.96326 -0.10586 0.24682
vn 0.99927 0.01256 0.03602
vn 0.98129 0.10026 0.16437
vn 0.13361 0.39170 -0.91034
vn 0.06596 0.04502 -0.99681
vn -0.09971 -0.67404 -0.73194
vn -0.09444 -0.65417 -0.75043
vn -0.14259 -0.82732 -0.54334
vn -0.14249 -0.82729 -0.54341
vn 0.20168 0.81875 -0.53756
vn 0.20224 0.82303 -0.53077
vn 0.20309 0.97867 0.03112
vn 0.21185 0.94904 -0.23335
vn 0.21181 0.94937 -0.23202
vn 0.20304 0.97867 0.03117
vn -0.21189 -0.94204 0.26013
vn -0.21186 -0.94205 0.26011
vn -0.21148 -0.92562 0.31385
vn -0.21156 -0.92633 0.31171
vn -0.19933 -0.79987 0.56610
vn -0.17713 -0.64610 0.74242
vn -0.17712 -0.64611 0.74241
vn -0.19922 -0.79929 0.56696
# 44 normals
f  462/607/934 463/608/935 464/609/936
f  463/608/935 465/610/937 464/609/936
f  463/608/935 466/611/938 467/612/939
f  463/608/935 467/612/939 465/610/937
f  468/609/940 469/608/941 470/607/942
f  468/609/940 471/610/943 469/608/941
f  472/612/944 473/611/945 469/608/941
f  471/610/943 472/612/944 469/608/941
f  474/613/946 475/614/947 476/615/948
f  477/616/949 475/614/947 474/613/946
f  478/617/950 479/618/951 475/614/947
f  477/616/949 478/617/950 475/614/947
f  480/619/952 481/614/953 482/613/954
f  482/613/954 481/614/953 483/616/955
f  481/614/953 484/620/956 485/617/957
f  481/614/953 485/617/957 483/616/955
f  470/607/942 481/614/953 480/619/952
f  470/607/942 469/608/941 481/614/953
f  473/611/945 484/620/956 481/614/953
f  469/608/941 473/611/945 481/614/953
f  476/615/948 475/614/947 462/607/934
f  475/614/947 463/608/935 462/607/934
f  475/614/947 479/618/951 466/611/938
f  475/614/947 466/611/938 463/608/935
f  467/621/958 472/622/959 465/623/960
f  465/623/960 472/622/959 471/624/961
f  464/621/962 465/623/960 468/622/963
f  465/623/960 471/624/961 468/622/963
f  466/625/964 473/626/965 467/621/958
f  467/621/958 473/626/965 472/622/959
f  485/627/966 484/628/967 479/618/968
f  485/627/966 479/618/968 478/629/969
f  479/618/968 484/628/967 473/626/965
f  466/625/964 479/618/968 473/626/965
f  464/630/970 468/631/971 470/632/972
f  462/633/973 464/630/970 470/632/972
f  476/634/974 482/635/975 474/636/976
f  480/619/977 482/635/975 476/634/974
f  462/633/973 470/632/972 476/634/974
f  476/634/974 470/632/972 480/619/977
# object ShinR
g ShinR
v 0.02017 0.00297 -0.03267
v 0.02073 0.00663 -0.02895
v 0.01757 -0.00053 -0.02185
v 0.01707 -0.00385 -0.02521
v 0.00720 0.00163 -0.02243
v 0.00848 0.00919 -0.02964
v 0.00793 0.00553 -0.03336
v 0.00670 -0.00168 -0.02580
v 0.00860 -0.00397 -0.02753
v 0.00655 -0.00708 -0.02011
v 0.01382 -0.00860 -0.01970
v 0.01400 -0.00509 -0.02723
v 0.02344 0.02715 -0.05782
v 0.02421 0.03227 -0.05255
v 0.02575 0.02378 -0.04575
v 0.02513 0.01970 -0.04989
v 0.02173 0.02785 -0.04212
v 0.00670 -0.00534 -0.01624
v 0.00973 0.00354 -0.01992
v 0.01514 0.00241 -0.01961
v 0.01396 -0.00685 -0.01583
v 0.01242 0.02236 -0.05061
v 0.01304 0.02644 -0.04647
v 0.01618 0.02866 -0.05824
v 0.01695 0.03379 -0.05296
v 0.01632 0.02897 -0.04243
v 0.02021 0.01754 -0.05328
v 0.01039 0.00240 -0.03577
v 0.01480 0.01867 -0.05359
v 0.01725 0.01087 -0.02572
v 0.01185 0.01200 -0.02602
v 0.01580 0.00127 -0.03546
v 0.01793 0.01288 -0.02917
v 0.02330 0.01868 -0.02921
v 0.02434 0.02574 -0.03768
v 0.02187 0.02623 -0.04283
v 0.01955 0.01599 -0.03281
# 37 verticies
vt 0.30024 0.26915
vt 0.30024 0.23215
vt 0.35124 0.23415
vt 0.35124 0.26815
vt 0.44824 0.08915
vt 0.38524 0.08715
vt 0.38524 0.12415
vt 0.44824 0.12315
vt 0.44824 0.14115
vt 0.49424 0.12115
vt 0.17724 0.12915
vt 0.17724 0.07615
vt 0.23924 0.08315
vt 0.23924 0.12415
vt 0.24524 0.05215
vt 0.50324 0.09315
vt 0.44824 0.06615
vt 0.23924 0.15515
vt 0.38524 0.15015
vt 0.38524 0.05315
vt 0.12024 0.04215
vt 0.09024 0.01015
vt 0.02424 0.01715
vt 0.00324 0.04215
vt 0.09024 0.04415
vt 0.17624 0.15315
vt 0.17624 0.20315
vt 0.50524 0.20315
vt 0.50524 0.15315
vt 0.49624 0.15315
vt 0.49624 0.20315
vt 0.23924 0.20015
vt 0.38524 0.20015
vt 0.44924 0.20015
vt 0.38524 0.15615
vt 0.44924 0.15615
vt 0.38524 0.05115
vt 0.38524 0.00715
vt 0.44924 0.05115
vt 0.44924 0.00715
vt 0.24424 0.00715
vt 0.17624 0.00415
vt 0.17624 0.05415
vt 0.50324 0.05415
vt 0.50324 0.00515
vt 0.18324 0.26915
vt 0.18324 0.22815
# 47 texture verticies
vn 0.96102 -0.25467 0.10760
vn 0.96382 -0.24719 0.09975
vn 0.94948 -0.28244 0.13684
vn 0.94949 -0.28236 0.13687
vn -0.93799 0.28616 0.19565
vn -0.91394 0.36497 0.17754
vn -0.96426 -0.06450 -0.25700
vn -0.96878 -0.12786 -0.21240
vn -0.83047 -0.35806 -0.42674
vn -0.99739 -0.02201 -0.06882
vn 0.72341 -0.66290 -0.19297
vn 0.86697 -0.49577 0.05076
vn 0.55220 -0.73649 -0.39070
vn 0.93761 -0.12986 -0.32251
vn 0.97942 0.19986 0.02832
vn 0.94585 0.24949 0.20766
vn 0.78844 -0.42255 -0.44701
vn 0.80264 0.36429 0.47230
vn -0.97125 0.19330 0.13896
vn -0.77898 0.47568 0.40856
vn 0.88359 -0.03595 0.46687
vn 0.78145 0.19403 0.59303
vn 0.92189 -0.23029 0.31158
vn -0.95075 0.04163 -0.30714
vn -0.90476 0.42263 0.05284
vn -0.93460 0.21643 -0.28229
vn -0.89845 0.43653 -0.04713
vn -0.77917 0.55929 0.28299
vn 0.61816 -0.58264 -0.52765
vn -0.83860 -0.29530 -0.45776
vn -0.86377 -0.17754 -0.47157
vn 0.80058 0.24888 0.54509
vn 0.80394 0.24689 0.54105
vn -0.79340 0.49724 0.35110
vn 0.56480 -0.68713 -0.45701
vn 0.56119 -0.69292 -0.45269
vn -0.67147 0.61167 0.41831
vn -0.66026 0.61476 0.43142
vn -0.68390 0.60796 0.40333
vn -0.69373 0.60479 0.39112
vn 0.73087 -0.60166 -0.32223
vn 0.73595 -0.59580 -0.32155
vn 0.70992 -0.65966 -0.24672
vn 0.73386 -0.55566 -0.39076
vn 0.72615 -0.55760 -0.40224
vn 0.18401 0.69149 -0.69856
vn 0.18395 0.69155 -0.69852
vn 0.18401 0.69149 -0.69856
vn 0.18407 0.69142 -0.69861
vn -0.20871 -0.88882 0.40798
vn -0.20868 -0.88884 0.40793
vn -0.20460 -0.97884 0.00286
vn -0.20421 -0.97892 -0.00486
vn -0.03564 -0.41754 -0.90796
vn -0.03567 -0.41752 -0.90797
vn -0.03561 -0.41757 -0.90795
vn -0.03570 -0.41750 -0.90798
vn -0.11882 -0.74627 -0.65495
vn -0.14628 -0.84129 -0.52041
vn -0.11923 -0.74783 -0.65309
vn -0.14529 -0.83809 -0.52583
vn -0.11147 -0.71996 -0.68500
vn -0.11144 -0.71997 -0.68500
vn 0.08820 0.63106 0.77070
vn 0.08494 0.61837 0.78128
vn 0.05337 0.49124 0.86939
vn 0.04530 0.45771 0.88795
vn 0.10031 0.67763 0.72853
vn 0.16289 0.89363 0.41821
vn 0.16294 0.89361 0.41824
vn 0.16292 0.89362 0.41822
vn 0.16297 0.89359 0.41825
vn 0.02571 0.37455 0.92685
vn 0.02571 0.37455 0.92685
vn 0.97363 -0.21745 0.06897
vn 0.97363 -0.21745 0.06897
# 76 normals
f  486/637/978 487/638/979 488/639/980
f  486/637/978 488/639/980 489/640/981
f  490/641/982 491/642/983 492/643/984
f  493/644/985 490/641/982 492/643/984
f  494/645/986 495/646/987 493/644/985
f  489/644/988 496/646/989 497/645/990
f  498/647/991 499/648/992 500/649/993
f  498/647/991 500/649/993 501/650/994
f  499/648/992 502/651/995 500/649/993
f  503/652/996 504/653/997 490/641/982
f  488/641/998 505/653/999 506/652/1000
f  507/650/1001 508/649/1002 509/647/1003
f  508/649/1002 510/648/1004 509/647/1003
f  508/649/1002 511/651/1005 510/648/1004
f  498/647/991 501/650/994 512/654/1006
f  494/645/986 492/643/984 513/655/1007
f  494/645/986 493/644/985 492/643/984
f  514/654/1008 507/650/1001 509/647/1003
f  487/642/1009 515/656/1010 505/653/999
f  487/642/1009 505/653/999 488/641/998
f  504/653/997 516/656/1011 491/642/983
f  490/641/982 504/653/997 491/642/983
f  500/649/993 502/651/995 487/642/1009
f  487/642/1009 502/651/995 515/656/1010
f  516/656/1011 511/651/1005 491/642/983
f  491/642/983 511/651/1005 508/649/1002
f  495/646/987 490/641/982 493/644/985
f  503/652/996 490/641/982 495/646/987
f  489/644/988 488/641/998 496/646/989
f  496/646/989 488/641/998 506/652/1000
f  512/654/1006 501/650/994 517/655/1012
f  517/655/1012 501/650/994 486/643/1013
f  486/643/1013 489/644/988 497/645/990
f  517/655/1012 486/643/1013 497/645/990
f  513/655/1007 507/650/1001 514/654/1008
f  492/643/984 507/650/1001 513/655/1007
f  518/657/1014 519/658/1015 520/659/1016
f  518/657/1014 520/659/1016 521/660/1017
f  522/661/1018 519/658/1019 518/657/1020
f  520/659/1021 519/658/1019 522/661/1018
f  521/660/1022 520/659/1021 522/661/1018
f  509/662/1023 510/662/1024 499/663/1025
f  509/662/1023 499/663/1025 498/663/1026
f  506/664/1027 503/665/1028 495/666/1029
f  496/667/1030 506/664/1027 495/666/1029
f  514/654/1031 498/663/1032 512/668/1033
f  514/654/1031 509/662/1034 498/663/1032
f  517/669/1035 497/670/1036 513/671/1037
f  497/670/1036 494/672/1038 513/671/1037
f  517/669/1035 513/671/1037 512/668/1039
f  512/668/1039 513/671/1037 514/654/1040
f  497/670/1036 495/666/1029 494/672/1038
f  496/667/1030 495/666/1029 497/670/1036
f  515/673/1041 516/674/1042 505/675/1043
f  505/675/1043 516/674/1042 504/676/1044
f  502/651/1045 511/677/1045 515/673/1041
f  515/673/1041 511/677/1045 516/674/1042
f  510/678/1046 511/677/1047 499/679/1048
f  499/679/1048 511/677/1047 502/651/1049
f  505/675/1043 504/676/1044 506/680/1050
f  506/680/1050 504/676/1044 503/681/1051
f  501/682/1052 500/683/1053 487/638/979
f  501/682/1052 487/638/979 486/637/978
f  492/643/984 491/642/983 507/650/1001
f  491/642/983 508/649/1002 507/650/1001
# object ToeR
g ToeR
v 0.01526 0.02646 -0.05048
v 0.01753 0.03460 -0.05884
v 0.02073 0.03306 -0.05780
v 0.02465 0.03311 -0.05844
v 0.02257 0.02493 -0.05007
v 0.01877 0.02572 -0.05028
v 0.02207 0.03019 -0.04586
v 0.02124 0.02695 -0.04327
v 0.01726 0.03120 -0.04613
v 0.01644 0.02796 -0.04355
v 0.01970 0.03989 -0.05704
v 0.02450 0.03889 -0.05676
v 0.02201 0.03941 -0.05690
# 13 verticies
vt 0.07324 0.06815
vt 0.00424 0.06915
vt 0.01124 0.09215
vt 0.00424 0.11715
vt 0.07324 0.11815
vt 0.07324 0.09215
vt 0.14324 0.17715
vt 0.13924 0.13015
vt 0.16424 0.13415
vt 0.07424 0.17715
vt 0.05824 0.14015
vt 0.03024 0.17715
vt 0.03024 0.14115
vt 0.01224 0.14115
vt 0.04624 0.14115
vt 0.00224 0.17715
vt 0.05624 0.17715
# 17 texture verticies
vn -0.10559 -0.69794 -0.70833
vn -0.10559 -0.69794 -0.70833
vn -0.10560 -0.69794 -0.70833
vn -0.10561 -0.69794 -0.70833
vn -0.10561 -0.69794 -0.70833
vn -0.10561 -0.69794 -0.70833
vn 0.97822 -0.06470 0.19725
vn 0.65418 0.43730 0.61711
vn 0.65650 0.36153 0.66205
vn -0.59166 0.64297 0.48634
vn -0.41229 0.62984 0.65827
vn -0.93442 0.34846 0.07377
vn -0.41112 0.75519 0.51055
vn 0.68558 0.48676 0.54133
vn 0.98053 -0.03971 0.19231
vn -0.94184 0.32679 0.07837
vn 0.10391 0.19384 -0.97551
vn 0.08190 0.12360 -0.98895
vn -0.00846 0.18103 -0.98344
vn 0.18910 0.13793 -0.97222
vn -0.15726 0.27119 -0.94959
vn 0.37296 0.15921 -0.91408
# 22 normals
usemtl BodyGlow
f  523/684/1054 524/685/1055 525/686/1056
f  525/686/1056 526/687/1057 527/688/1058
f  523/684/1054 525/686/1056 528/689/1059
f  528/689/1059 525/686/1056 527/688/1058
usemtl Body
f  527/690/1060 529/691/1061 530/692/1062
f  529/691/1061 531/691/1063 532/692/1064
f  524/693/1065 531/691/1063 533/694/1066
f  534/694/1067 529/691/1061 526/693/1068
f  526/693/1068 529/691/1061 527/690/1060
f  530/692/1062 529/691/1061 532/692/1064
f  532/692/1064 531/691/1063 523/690/1069
f  523/690/1069 531/691/1063 524/693/1065
f  533/694/1066 529/691/1061 534/694/1067
f  533/694/1066 531/691/1063 529/691/1061
usemtl BodyGlow
f  525/695/1070 535/696/1071 534/697/1072
f  525/695/1070 533/698/1073 535/696/1071
f  525/695/1070 534/697/1072 526/699/1074
f  524/700/1075 533/698/1073 525/695/1070
# object HeadD
g HeadD
v 0.00402 0.01575 0.00381
v 0.00398 0.01575 -0.00654
v 0.00268 0.02310 -0.00370
v 0.00270 0.02310 0.00169
v -0.00401 0.01578 0.00384
v -0.00265 0.02312 0.00171
v -0.00267 0.02312 -0.00368
v -0.00405 0.01578 -0.00652
v 0.00263 0.00618 -0.00491
v 0.00397 0.01129 -0.00654
v 0.00399 0.01129 -0.00140
v 0.00264 0.00618 -0.00229
v -0.00404 0.01131 -0.00137
v -0.00406 0.01131 -0.00652
v -0.00275 0.00620 -0.00489
v -0.00274 0.00620 -0.00227
v -0.00403 0.01131 0.00384
v 0.00400 0.01129 0.00381
v 0.00238 0.00722 -0.00216
v 0.00239 0.00710 0.00054
v -0.00246 0.00711 0.00056
v -0.00247 0.00724 -0.00214
v 0.00239 0.02420 -0.00126
v 0.00239 0.02420 -0.00324
v -0.00237 0.02421 -0.00323
v -0.00236 0.02421 -0.00124
v 0.00242 0.02310 -0.00331
v -0.00242 0.02312 -0.00329
v 0.00243 0.02310 -0.00120
v -0.00241 0.02312 -0.00118
v -0.00235 0.02421 0.00126
v 0.00240 0.02420 0.00124
v 0.00240 0.02420 -0.00074
v -0.00236 0.02421 -0.00072
v 0.00244 0.02310 0.00131
v -0.00240 0.02312 0.00132
v 0.00243 0.02310 -0.00081
v -0.00241 0.02312 -0.00079
v -0.00336 0.01806 0.00242
v -0.00334 0.01806 0.00579
v 0.00338 0.01803 0.00576
v 0.00337 0.01803 0.00240
v 0.00335 0.00989 0.00576
v 0.00334 0.00989 0.00240
v -0.00337 0.00992 0.00579
v -0.00338 0.00992 0.00242
# 46 verticies
vt 0.54926 0.70192
vt 0.65965 0.70192
vt 0.62938 0.64768
vt 0.57189 0.64768
vt 0.64227 0.77268
vt 0.65965 0.73492
vt 0.60479 0.73492
vt 0.61435 0.77268
vt 0.60635 0.81464
vt 0.59591 0.78752
vt 0.55429 0.78752
vt 0.54385 0.81464
vt 0.60635 0.83114
vt 0.54385 0.83114
vt 0.59606 0.85002
vt 0.55414 0.85002
vt 0.66247 0.83381
vt 0.66247 0.85002
vt 0.62054 0.85002
vt 0.62054 0.83381
vt 0.54926 0.73492
vt 0.62264 0.83300
vt 0.62264 0.81629
vt 0.66037 0.81629
vt 0.66037 0.83300
vt 0.61026 0.79601
vt 0.67276 0.79601
vt 0.69093 0.65074
vt 0.69093 0.68199
vt 0.75343 0.68199
vt 0.75343 0.65074
vt 0.73724 0.78752
vt 0.73718 0.84738
vt 0.67859 0.78752
vt 0.67799 0.84738
vt 0.56431 0.68509
vt 0.53598 0.68509
vt 0.53598 0.74522
vt 0.56431 0.74522
vt 0.61533 0.78752
vt 0.66768 0.78752
vt 0.66768 0.80475
vt 0.61533 0.80475
vt 0.58418 0.76592
vt 0.61296 0.76496
# 45 texture verticies
vn 0.99550 0.09471 -0.00347
vn 0.99744 0.07148 -0.00348
vn 0.98434 0.17622 -0.00343
vn -0.99599 0.08936 0.00347
vn -0.98309 0.18308 0.00343
vn -0.99588 0.09062 0.00347
vn 0.96727 -0.25375 -0.00337
vn -0.96901 -0.24699 0.00338
vn 0.00283 -0.17302 0.98491
vn 0.00349 0.99999 -0.00001
vn -0.00199 0.36073 -0.93267
vn -0.00349 0.00001 -0.99999
vn -0.00438 -0.30395 -0.95268
vn -0.00349 -0.99999 0.00001
vn 0.00432 0.27762 0.96068
vn 0.00387 0.11774 0.99304
vn 0.00399 0.15690 0.98761
vn 0.00349 -0.00001 0.99999
vn -0.00365 -0.99885 -0.04773
vn -0.00119 -0.85642 0.51628
vn -0.00212 -0.94261 0.33389
vn 0.00060 -0.61549 0.78815
vn -0.00327 0.05926 -0.99824
vn 0.99939 0.03484 -0.00348
vn 0.00369 0.05925 0.99824
vn -0.99912 0.04181 0.00348
vn 0.99999 -0.00349 -0.00349
vn -0.99999 0.00349 0.00349
vn 0.93233 -0.36141 -0.01208
vn 0.93272 -0.36046 -0.00971
vn 0.93376 -0.35787 -0.00326
vn 0.93088 -0.36476 -0.02053
vn -0.93526 -0.35395 -0.00320
vn -0.93489 -0.35490 -0.00557
vn -0.93624 -0.35135 0.00326
vn -0.93352 -0.35826 -0.01403
# 36 normals
usemtl Body
f  536/701/1076 537/702/1077 538/703/1078
f  539/704/1078 536/701/1076 538/703/1078
f  540/701/1079 541/704/1080 542/703/1080
f  543/702/1081 540/701/1079 542/703/1080
f  544/705/1082 545/706/1082 546/707/1082
f  546/707/1082 547/708/1082 544/705/1082
f  548/707/1083 549/706/1083 550/705/1083
f  550/705/1083 551/708/1083 548/707/1083
f  546/707/1084 548/707/1084 551/708/1084
f  551/708/1084 547/708/1084 546/707/1084
f  542/703/1085 541/704/1085 539/704/1085
f  539/704/1085 538/703/1085 542/703/1085
f  543/709/1086 542/710/1086 538/711/1086
f  538/711/1086 537/712/1086 543/709/1086
f  549/713/1087 543/709/1087 537/712/1087
f  537/712/1087 545/714/1087 549/713/1087
f  550/715/1088 549/713/1088 545/714/1088
f  545/714/1088 544/716/1088 550/715/1088
f  551/717/1089 550/718/1089 544/719/1089
f  544/719/1089 547/720/1089 551/717/1089
f  541/704/1090 540/701/1091 536/701/1092
f  536/701/1092 539/704/1090 541/704/1090
f  540/701/1091 552/721/1093 553/721/1093
f  553/721/1093 536/701/1092 540/701/1091
f  554/722/1094 555/723/1095 556/724/1096
f  556/724/1096 557/725/1094 554/722/1094
f  555/723/1095 553/726/1097 552/727/1097
f  552/727/1097 556/724/1096 555/723/1095
usemtl BodyGlow
f  558/728/1085 559/729/1085 560/730/1085
f  560/730/1085 561/731/1085 558/728/1085
usemtl Body
f  560/732/1098 559/732/1098 562/733/1098
f  562/733/1098 563/733/1098 560/732/1098
f  559/732/1099 558/734/1099 564/735/1099
f  562/733/1099 559/732/1099 564/735/1099
f  565/735/1100 564/735/1100 558/734/1100
f  558/734/1100 561/734/1100 565/735/1100
f  560/732/1101 563/733/1101 565/735/1101
f  561/734/1101 560/732/1101 565/735/1101
usemtl BodyGlow
f  566/731/1085 567/728/1085 568/729/1085
f  568/729/1085 569/730/1085 566/731/1085
usemtl Body
f  570/735/1100 567/734/1100 566/734/1100
f  566/734/1100 571/735/1100 570/735/1100
f  570/735/1099 572/733/1099 568/732/1099
f  568/732/1099 567/734/1099 570/735/1099
f  568/732/1098 572/733/1098 573/733/1098
f  573/733/1098 569/732/1098 568/732/1098
f  569/732/1101 573/733/1101 571/735/1101
f  571/735/1101 566/734/1101 569/732/1101
f  574/736/1085 575/737/1085 576/737/1085
f  576/737/1085 577/736/1085 574/736/1085
f  577/736/1102 576/737/1102 578/738/1102
f  578/738/1102 579/739/1102 577/736/1102
f  578/740/1089 580/741/1089 581/742/1089
f  581/742/1089 579/743/1089 578/740/1089
f  580/738/1103 575/737/1103 574/736/1103
f  574/736/1103 581/739/1103 580/738/1103
f  537/702/1077 536/701/1076 553/721/1102
f  553/721/1102 545/706/1102 537/702/1077
f  540/701/1079 543/702/1081 549/706/1103
f  549/706/1103 552/721/1103 540/701/1079
f  555/744/1104 546/707/1105 553/721/1106
f  555/744/1104 554/745/1107 546/707/1105
f  548/707/1108 556/744/1109 552/721/1110
f  557/745/1111 556/744/1109 548/707/1108
# object Hip
g Hip
v 0.00382 0.02548 0.00547
v 0.00335 0.02031 0.00766
v 0.00255 0.02031 0.00921
v 0.00285 0.02461 0.00899
v 0.00077 0.02031 0.01060
v 0.00132 0.02410 0.01074
v -0.00078 0.02031 0.01060
v -0.00133 0.02410 0.01074
v -0.00256 0.02031 0.00922
v -0.00336 0.02031 0.00766
v -0.00383 0.02548 0.00547
v -0.00286 0.02461 0.00899
v 0.01179 0.02506 0.00050
v 0.00637 0.02506 0.00050
v 0.00637 0.02072 0.00100
v 0.01234 0.02072 0.00100
v -0.00638 0.02228 0.00029
v -0.01236 0.02228 0.00029
v -0.01181 0.02592 0.00029
v -0.00638 0.02592 0.00029
v 0.01179 0.02592 0.00028
v 0.01234 0.02228 0.00028
v 0.00637 0.02228 0.00029
v 0.00637 0.02592 0.00029
v -0.00581 0.02228 0.00029
v -0.01352 0.02228 0.00029
v -0.01352 0.02072 0.00100
v -0.00593 0.02080 0.00113
v -0.01693 0.00849 0.00101
v -0.00581 0.00849 0.00100
v -0.00581 0.00819 -0.00063
v -0.01594 0.00819 -0.00023
v -0.01181 0.02506 0.00050
v -0.00638 0.02506 0.00050
v 0.01350 0.02072 0.00100
v 0.01350 0.02228 0.00028
v 0.00579 0.02228 0.00029
v 0.00592 0.02080 0.00113
v 0.01692 0.00849 0.00100
v 0.00579 0.00849 0.00100
v 0.00579 0.00819 -0.00063
v 0.01593 0.00820 -0.00024
v -0.01236 0.02072 0.00100
v -0.00638 0.02072 0.00100
v -0.00077 0.06945 -0.00090
v -0.00264 0.05935 -0.00301
v -0.00298 0.05902 -0.00080
v 0.00272 0.04062 0.00558
v 0.00292 0.04211 0.00493
v -0.00001 0.04211 0.00622
v -0.00001 0.04062 0.00672
v -0.00493 0.04465 -0.00124
v -0.00552 0.02608 -0.00044
v -0.00510 0.02657 0.00387
v -0.00460 0.04336 0.00203
v -0.00403 0.04211 0.00358
v 0.00509 0.02657 0.00387
v 0.00551 0.02608 -0.00044
v 0.00491 0.04465 -0.00124
v 0.00458 0.04336 0.00203
v 0.00401 0.04211 0.00358
v 0.00248 0.01356 0.00908
v 0.00235 0.01833 0.00921
v -0.00000 0.01833 0.01049
v -0.00000 0.01356 0.01008
v -0.00416 0.02583 -0.00320
v -0.00379 0.04594 -0.00400
v -0.00197 0.05855 0.00152
v -0.00294 0.04211 0.00493
v -0.00552 0.01356 -0.00024
v -0.00500 0.01356 0.00517
v -0.00001 0.06856 -0.00182
v -0.00001 0.07004 -0.00100
v -0.00001 0.04653 -0.00471
v -0.00001 0.02578 -0.00381
v -0.00001 0.05948 -0.00380
v -0.00001 0.05823 0.00282
v -0.00001 0.07004 -0.00023
v 0.00415 0.02583 -0.00321
v 0.00377 0.04594 -0.00401
v 0.00262 0.05935 -0.00301
v 0.00295 0.05902 -0.00080
v 0.00195 0.05855 0.00152
v 0.00075 0.06945 -0.00090
v -0.00421 0.02677 0.00467
v -0.00343 0.04062 0.00438
v -0.00274 0.04062 0.00558
v 0.00341 0.04062 0.00438
v 0.00419 0.02677 0.00467
v -0.00376 0.01833 0.00716
v -0.00406 0.01356 -0.00310
v -0.00271 0.02552 0.00883
v -0.00400 0.02677 0.00467
v -0.00291 0.02552 0.00893
v -0.00249 0.01356 0.00908
v -0.00236 0.01833 0.00922
v -0.00001 0.01356 -0.00371
v 0.00551 0.01356 -0.00024
v 0.00405 0.01356 -0.00311
v 0.00499 0.01356 0.00517
v 0.00375 0.01833 0.00716
v -0.00136 0.02501 0.01074
v -0.00121 0.02501 0.01054
v 0.00290 0.02552 0.00893
v 0.00135 0.02501 0.01074
v 0.00270 0.02552 0.00883
v 0.00120 0.02501 0.01054
v 0.00399 0.02677 0.00467
v -0.00089 0.03557 0.00762
v 0.00125 0.03557 0.00642
v 0.00088 0.03557 0.00762
v -0.00210 0.02725 0.00842
v 0.00299 0.02725 0.00442
v 0.00209 0.02725 0.00842
v 0.00209 0.02903 0.00842
v 0.00259 0.03101 0.00442
v -0.00261 0.03101 0.00442
v -0.00210 0.02903 0.00842
v -0.00301 0.02725 0.00442
v 0.00249 0.03557 0.00642
v 0.00299 0.03557 0.00442
v 0.00229 0.04072 0.00502
v 0.00279 0.04072 0.00442
v -0.00281 0.04072 0.00442
v -0.00301 0.03557 0.00442
v -0.00231 0.04072 0.00502
v -0.00251 0.03557 0.00642
v 0.00088 0.04072 0.00602
v 0.00108 0.04072 0.00502
v -0.00110 0.04072 0.00502
v -0.00089 0.04072 0.00602
v -0.00127 0.03557 0.00642
v 0.00299 0.02011 0.00762
v 0.00299 0.02447 0.00562
v 0.00209 0.02011 0.00802
v 0.00209 0.02447 0.00802
v -0.00301 0.02447 0.00562
v -0.00210 0.02447 0.00802
v -0.00210 0.02011 0.00802
v -0.00301 0.02011 0.00762
v -0.00294 0.02806 0.00862
v -0.00293 0.03144 0.00802
v -0.00107 0.03353 0.00950
v -0.00142 0.02840 0.01045
v 0.00106 0.03353 0.00950
v 0.00292 0.03144 0.00802
v 0.00293 0.02806 0.00862
v 0.00141 0.02840 0.01044
v -0.00415 0.04613 -0.00313
v -0.00458 0.05092 -0.00302
v -0.00407 0.05092 -0.00390
v -0.00360 0.04839 -0.00387
v -0.00429 0.04836 -0.00208
v -0.00415 0.05092 -0.00163
v -0.00298 0.05092 -0.00401
v -0.00465 0.05426 -0.00290
v -0.00368 0.05401 -0.00155
v -0.00324 0.05658 -0.00228
v -0.00305 0.05736 -0.00298
v -0.00276 0.05657 -0.00352
v -0.00252 0.05412 -0.00393
v -0.00415 0.05430 -0.00379
v 0.00405 0.05092 -0.00390
v 0.00456 0.05092 -0.00302
v 0.00413 0.04613 -0.00314
v 0.00358 0.04839 -0.00387
v 0.00427 0.04836 -0.00209
v 0.00413 0.05092 -0.00163
v 0.00296 0.05092 -0.00401
v 0.00322 0.05658 -0.00228
v 0.00366 0.05401 -0.00155
v 0.00463 0.05426 -0.00290
v 0.00303 0.05736 -0.00298
v 0.00412 0.05431 -0.00379
v 0.00250 0.05412 -0.00393
v 0.00274 0.05657 -0.00352
# 176 verticies
vt 0.73324 0.55115
vt 0.70224 0.55615
vt 0.70224 0.56215
vt 0.72824 0.56015
vt 0.70224 0.57515
vt 0.72524 0.57115
vt 0.70224 0.58715
vt 0.72524 0.59115
vt 0.70224 0.60115
vt 0.70224 0.60715
vt 0.73324 0.61215
vt 0.72824 0.60315
vt 0.19324 0.80815
vt 0.16124 0.80815
vt 0.16124 0.78215
vt 0.19724 0.78215
vt 0.35224 0.79115
vt 0.31624 0.79115
vt 0.32024 0.81415
vt 0.35224 0.81415
vt 0.46124 0.81415
vt 0.46524 0.79115
vt 0.42924 0.79115
vt 0.42924 0.81415
vt 0.08824 0.79115
vt 0.04124 0.79115
vt 0.04124 0.78215
vt 0.08824 0.78215
vt 0.19324 0.81415
vt 0.16124 0.81415
vt 0.02724 0.70415
vt 0.08824 0.70415
vt 0.30924 0.79115
vt 0.35624 0.79115
vt 0.35624 0.70415
vt 0.29524 0.70415
vt 0.35624 0.78215
vt 0.05224 0.80815
vt 0.08424 0.80815
vt 0.08424 0.81415
vt 0.05224 0.81415
vt 0.20424 0.78215
vt 0.20424 0.79115
vt 0.15724 0.79115
vt 0.15724 0.78215
vt 0.21824 0.70415
vt 0.15824 0.70415
vt 0.42524 0.70415
vt 0.42524 0.79115
vt 0.47224 0.79115
vt 0.48624 0.70415
vt 0.42624 0.78215
vt 0.47224 0.78215
vt 0.49124 0.70415
vt 0.04824 0.78215
vt 0.08424 0.78215
vt 0.19724 0.79115
vt 0.16124 0.79115
vt 0.04824 0.79115
vt 0.08424 0.79115
vt 0.30924 0.78215
vt 0.29024 0.70415
vt 0.98324 0.49815
vt 0.92424 0.48215
vt 0.92224 0.49815
vt 0.98324 0.65515
vt 0.99324 0.65015
vt 0.99324 0.65915
vt 0.98324 0.66315
vt 0.83924 0.49615
vt 0.73324 0.50115
vt 0.73624 0.53115
vt 0.83224 0.51815
vt 0.82524 0.52915
vt 0.66524 0.61715
vt 0.69224 0.61615
vt 0.69224 0.60215
vt 0.66524 0.60215
vt 0.73224 0.48215
vt 0.84724 0.47615
vt 0.92124 0.51315
vt 0.82524 0.53915
vt 0.66124 0.50215
vt 0.66124 0.54115
vt 0.97624 0.48815
vt 0.98724 0.49815
vt 0.73424 0.45115
vt 0.84724 0.44815
vt 0.85124 0.42615
vt 0.73424 0.42615
vt 0.92624 0.42615
vt 0.92524 0.44215
vt 0.97824 0.42615
vt 0.83124 0.62015
vt 0.83124 0.60215
vt 0.92524 0.60215
vt 0.92624 0.61315
vt 0.99324 0.60215
vt 0.98924 0.60615
vt 0.89024 0.64215
vt 0.89124 0.64815
vt 0.98324 0.64615
vt 0.99324 0.64015
vt 0.84824 0.67015
vt 0.88224 0.65415
vt 0.83524 0.66615
vt 0.66124 0.48215
vt 0.88324 0.67915
vt 0.68924 0.55515
vt 0.66124 0.56915
vt 0.68924 0.56915
vt 0.66424 0.42615
vt 0.66424 0.45015
vt 0.87724 0.68015
vt 0.87324 0.69315
vt 0.87924 0.69315
vt 0.83524 0.68215
vt 0.83524 0.69115
vt 0.84824 0.69215
vt 0.84824 0.68215
vt 0.87924 0.69115
vt 0.92824 0.69015
vt 0.94624 0.67815
vt 0.94324 0.69015
vt 0.89024 0.76915
vt 0.89024 0.72715
vt 0.89024 0.73415
vt 0.90324 0.73415
vt 0.91924 0.73015
vt 0.91924 0.77415
vt 0.90324 0.76915
vt 0.89024 0.77715
vt 0.95424 0.73115
vt 0.95424 0.72715
vt 0.99324 0.73315
vt 0.99324 0.72815
vt 0.99324 0.77515
vt 0.95424 0.77715
vt 0.99324 0.77115
vt 0.95424 0.77315
vt 0.95424 0.74115
vt 0.99324 0.74415
vt 0.95424 0.74415
vt 0.99324 0.74315
vt 0.99324 0.76115
vt 0.99324 0.75915
vt 0.95424 0.76215
vt 0.95424 0.75915
vt 0.91024 0.65815
vt 0.96024 0.65815
vt 0.91424 0.67815
vt 0.95624 0.67815
vt 0.92524 0.67815
vt 0.83524 0.72715
vt 0.86824 0.72715
vt 0.83524 0.73415
vt 0.86824 0.73415
vt 0.86824 0.77715
vt 0.86824 0.76915
vt 0.83524 0.76915
vt 0.83524 0.77715
vt 0.83624 0.74615
vt 0.83624 0.73315
vt 0.83624 0.77115
vt 0.83624 0.75815
vt 0.83624 0.77715
vt 0.83624 0.72715
vt 0.87624 0.78615
vt 0.87624 0.71815
vt 0.88624 0.71715
vt 0.88624 0.78715
vt 0.83624 0.78015
vt 0.83624 0.72415
vt 0.99224 0.77615
vt 0.99224 0.72815
vt 0.99224 0.75215
vt 0.99224 0.78015
vt 0.99224 0.72315
vt 0.74924 0.60315
vt 0.74124 0.61315
vt 0.76924 0.60315
vt 0.78124 0.58915
vt 0.75124 0.59215
vt 0.82224 0.60315
vt 0.82224 0.58115
vt 0.82224 0.60715
vt 0.78124 0.57315
vt 0.76924 0.55915
vt 0.74124 0.55015
vt 0.74924 0.55915
vt 0.75124 0.57115
vt 0.82224 0.56015
vt 0.82224 0.55615
vt 0.73324 0.60315
vt 0.73024 0.59215
vt 0.73324 0.55915
vt 0.73024 0.57115
vt 0.92324 0.55215
vt 0.95024 0.55315
vt 0.95024 0.54715
vt 0.93624 0.54715
vt 0.93624 0.56015
vt 0.95024 0.56315
vt 0.95024 0.54615
vt 0.97024 0.55415
vt 0.96824 0.56415
vt 0.98324 0.55815
vt 0.98724 0.55415
vt 0.98324 0.55015
vt 0.96924 0.54715
vt 0.97024 0.54815
# 211 texture verticies
vn -0.96195 -0.02692 -0.27189
vn -0.92354 0.01122 -0.38335
vn -0.77186 0.06316 -0.63264
vn -0.88365 0.00218 -0.46814
vn -0.25999 0.07100 -0.96300
vn -0.45914 0.04916 -0.88700
vn 0.32432 0.07946 -0.94260
vn 0.41955 0.04827 -0.90645
vn 0.77154 0.06317 -0.63304
vn 0.92339 0.01134 -0.38370
vn 0.96181 -0.02674 -0.27242
vn 0.88341 0.00226 -0.46859
vn 0.00015 0.11241 0.99366
vn 0.00016 0.11240 0.99366
vn 0.00016 0.11241 0.99366
vn 0.00015 0.11242 0.99366
vn -0.00035 0.00002 -1.00000
vn -0.00033 0.00005 -1.00000
vn -0.00035 0.00003 -1.00000
vn -0.00037 -0.00000 -1.00000
vn -0.00017 -0.00001 -1.00000
vn -0.00017 -0.00002 -1.00000
vn -0.00018 -0.00001 -1.00000
vn -0.00018 -0.00000 -1.00000
vn 0.00016 0.48668 0.87358
vn -0.01615 0.42293 0.90602
vn -0.01983 0.40817 0.91269
vn -0.00351 0.47255 0.88130
vn 0.00014 0.23362 0.97233
vn -0.00861 -0.00194 0.99996
vn -0.01720 0.00560 0.99984
vn -0.00579 -0.00441 0.99997
vn 0.00090 -0.01028 0.99995
vn -0.06943 0.06332 -0.99558
vn -0.00027 0.06397 -0.99795
vn -0.02584 0.05026 -0.99840
vn -0.43604 0.10608 -0.89365
vn 0.99403 -0.00521 0.10898
vn 0.99995 0.01007 -0.00187
vn 0.99993 0.00874 0.00778
vn 0.99122 -0.00839 0.13192
vn 0.00032 0.23362 0.97233
vn 0.02013 0.40818 0.91268
vn 0.01643 0.42298 0.90599
vn 0.00005 0.48694 0.87343
vn 0.00374 0.47277 0.88118
vn 0.00628 -0.00438 0.99997
vn 0.01759 0.00555 0.99983
vn 0.00907 -0.00193 0.99996
vn -0.00036 -0.01021 0.99995
vn 0.02538 0.05030 -0.99841
vn -0.00014 0.06397 -0.99795
vn 0.06901 0.06336 -0.99560
vn 0.43579 0.10623 -0.89375
vn -0.99993 0.00859 0.00779
vn -0.99995 0.00991 -0.00184
vn -0.99405 -0.00534 0.10880
vn -0.99125 -0.00851 0.13171
vn 0.83016 0.22804 0.50875
vn 0.75509 0.15101 -0.63800
vn 0.00033 0.11238 0.99367
vn 0.00031 0.11236 0.99367
vn 0.00033 0.11238 0.99367
vn 0.00035 0.11240 0.99366
vn 0.87716 0.13612 0.46050
vn 0.92591 0.15421 0.34483
vn 0.91624 0.15036 0.37134
vn 0.84425 0.12521 0.52111
vn -1.00000 0.00000 0.00000
vn -0.91624 0.15036 0.37134
vn -0.92591 0.15421 0.34483
vn -0.87716 0.13612 0.46050
vn -0.84425 0.12521 0.52111
vn 1.00000 0.00000 0.00000
vn -0.82965 0.22792 0.50964
vn -0.75513 0.15082 -0.63799
vn -0.66205 0.35930 -0.65772
vn -0.96889 0.17048 -0.17942
vn -0.97230 0.17657 0.15315
vn 0.59386 0.24237 0.76719
vn 0.68639 0.16239 0.70887
vn 0.00015 0.32570 0.94547
vn 0.00015 0.31357 0.94957
vn -0.99018 0.06874 -0.12174
vn -0.98741 0.00940 -0.15790
vn -0.98797 0.02417 0.15278
vn -0.95352 0.10471 0.28254
vn -0.85202 0.13807 0.50497
vn 0.98804 0.02433 0.15229
vn 0.98733 0.00955 -0.15838
vn 0.99012 0.06887 -0.12213
vn 0.95366 0.10483 0.28204
vn 0.85231 0.13817 0.50446
vn 0.37372 -0.01646 0.92740
vn 0.44012 -0.05413 0.89630
vn 0.00042 -0.08511 0.99637
vn 0.00031 -0.04109 0.99916
vn -0.89836 0.00002 -0.43926
vn -0.93183 0.05360 -0.35891
vn -0.88357 0.17572 0.43409
vn -0.76615 0.17056 0.61962
vn -0.97748 -0.00489 -0.21095
vn -0.94509 0.00578 0.32676
vn -0.00016 0.39236 -0.91981
vn -0.00020 0.47486 -0.88006
vn -0.14635 -0.02398 -0.98894
vn -0.19454 0.02134 -0.98066
vn -0.00028 0.01199 -0.99993
vn -0.00023 -0.02528 -0.99968
vn -0.00030 0.14444 -0.98951
vn -0.29191 0.14643 -0.94517
vn -0.00022 0.20964 -0.97778
vn -0.41009 0.18791 0.89248
vn 0.00014 0.20253 0.97928
vn 0.00017 0.23567 0.97183
vn -0.52773 0.20570 0.82413
vn 0.00029 0.77560 0.63123
vn -0.76168 0.50274 0.40876
vn -0.00032 1.00000 -0.00000
vn 0.89817 0.00016 -0.43965
vn 0.93173 0.05371 -0.35915
vn 0.96886 0.17061 -0.17947
vn 0.97233 0.17668 0.15283
vn 0.88382 0.17583 0.43353
vn 0.76664 0.17064 0.61899
vn 0.66163 0.35942 -0.65807
vn 0.19399 0.02136 -0.98077
vn 0.14588 -0.02396 -0.98901
vn 0.29132 0.14647 -0.94534
vn 0.41035 0.18799 0.89234
vn 0.52802 0.20577 0.82393
vn 0.76202 0.50314 0.40766
vn -0.68944 0.12946 0.71268
vn -0.67519 0.14044 0.72415
vn -0.79847 0.06256 0.59877
vn -0.76162 0.03993 0.64679
vn -0.68597 0.16254 0.70925
vn -0.59352 0.24250 0.76742
vn 0.68949 0.12962 0.71261
vn 0.76205 0.03992 0.64628
vn 0.79885 0.06245 0.59827
vn 0.67520 0.14063 0.72411
vn -0.87545 0.00436 0.48328
vn -0.73481 0.17113 0.65633
vn -0.84520 0.05765 0.53133
vn -0.89131 -0.01047 -0.45327
vn 0.11617 0.96830 0.22112
vn 0.00601 0.95869 0.28440
vn 0.11040 0.96766 0.22683
vn -0.85119 0.01167 0.52472
vn -0.83630 -0.00256 0.54826
vn -0.82617 0.00604 0.56339
vn -0.00024 -0.00885 -0.99996
vn -0.14650 -0.00904 -0.98917
vn 0.97738 -0.00474 -0.21143
vn 0.89112 -0.01033 -0.45364
vn 0.94523 0.00594 0.32636
vn 0.85136 0.01181 0.52445
vn 0.83647 -0.00242 0.54800
vn 0.82636 0.00617 0.56311
vn 0.14602 -0.00901 -0.98924
vn -0.96129 -0.09829 0.25739
vn -0.86391 -0.01778 0.50333
vn -0.89915 -0.03083 0.43654
vn -0.95935 -0.11640 0.25710
vn -0.35817 -0.00989 0.93360
vn -0.47914 -0.00942 0.87769
vn -0.71450 -0.08864 0.69400
vn 0.00032 -0.19918 0.97996
vn -0.34750 -0.12219 0.92968
vn -0.76791 -0.07607 0.63602
vn 0.71487 -0.08868 0.69361
vn 0.76821 -0.07610 0.63566
vn 0.34790 -0.12222 0.92953
vn 0.84548 0.05760 0.53090
vn 0.73495 0.17134 0.65612
vn 0.87568 0.00431 0.48287
vn 0.00000 0.95828 0.28583
vn 0.10128 0.99195 0.07596
vn 0.09851 0.99193 0.07988
vn 0.96147 -0.09789 0.25688
vn 0.95954 -0.11594 0.25659
vn 0.89935 -0.03038 0.43618
vn 0.86406 -0.01712 0.50310
vn 0.43276 -0.00734 0.90148
vn 0.40995 -0.01009 0.91205
vn -0.09998 0.99168 0.08107
vn -0.11621 0.96828 0.22120
vn -0.09472 0.99297 0.07104
vn -0.11044 0.96763 0.22693
vn 0.00000 0.95822 0.28604
vn -0.00602 0.95862 0.28461
vn -0.43948 -0.05422 0.89661
vn -0.37327 -0.01666 0.92757
vn 0.00000 -1.00000 0.00000
vn 0.97566 0.00054 0.21928
vn 0.97957 0.07121 0.18806
vn 0.97890 0.04714 0.19884
vn 0.97943 0.10239 0.17386
vn 0.00010 0.89274 0.45058
vn 0.00009 0.89274 0.45057
vn 0.00011 0.89273 0.45059
vn -0.97939 0.10192 0.17436
vn -0.97951 0.07072 0.18856
vn -0.97882 0.04664 0.19934
vn -0.97555 0.00000 0.21980
vn 0.00024 0.00000 1.00000
vn 0.96528 0.10120 0.24084
vn 0.95062 0.09292 0.29613
vn 0.84000 0.05027 0.54025
vn 0.76789 0.02926 0.63991
vn -0.76737 0.02924 0.64054
vn -0.95033 0.09284 0.29706
vn -0.83951 0.05022 0.54101
vn -0.96503 0.10109 0.24186
vn 0.00020 0.25771 0.96622
vn 0.00020 0.25771 0.96622
vn 0.00019 0.25770 0.96622
vn 0.00021 0.25772 0.96622
vn 0.95444 0.09058 0.28432
vn 0.97100 0.08708 0.22266
vn 0.94981 0.09138 0.29919
vn 0.97503 0.08600 0.20476
vn 0.00000 1.00000 -0.00000
vn -0.97103 0.08671 0.22267
vn -0.97506 0.08564 0.20476
vn -0.95447 0.09022 0.28433
vn -0.94984 0.09102 0.29920
vn 0.00000 0.29158 0.95655
vn 0.37557 0.38061 0.84504
vn 0.88238 0.07261 0.46490
vn 0.62406 0.26992 0.73328
vn 0.93646 0.00000 0.35078
vn -0.62388 0.26965 0.73353
vn -0.88203 0.07254 0.46557
vn -0.37562 0.38030 0.84515
vn -0.93615 0.00000 0.35159
vn 0.00015 0.51765 0.85559
vn 0.00022 0.51734 0.85578
vn 0.00021 0.51741 0.85574
vn 0.00014 0.51771 0.85556
vn 0.00020 0.38459 0.92309
vn 0.00014 0.38466 0.92306
vn 0.00019 0.38460 0.92308
vn 0.00024 0.38454 0.92311
vn 0.00021 0.02066 0.99979
vn 0.00015 0.02062 0.99979
vn 0.00018 0.02064 0.99979
vn 0.00024 0.02067 0.99979
vn 0.88038 -0.06509 -0.46979
vn 0.95610 -0.04599 -0.28940
vn 0.84578 -0.12327 -0.51910
vn 0.33999 -0.25395 -0.90549
vn 0.45024 -0.12008 -0.88480
vn 0.66207 -0.26292 -0.70181
vn -0.00018 -0.40136 -0.91592
vn 0.89063 -0.12302 -0.43777
vn -0.37333 -0.25993 -0.89054
vn -0.84602 -0.12342 -0.51867
vn -0.95630 -0.04605 -0.28873
vn -0.88060 -0.06515 -0.46935
vn -0.46111 -0.12625 -0.87832
vn -0.66238 -0.26299 -0.70149
vn -0.89090 -0.12312 -0.43720
vn 0.84852 -0.04371 -0.52736
vn 0.40411 -0.07019 -0.91201
vn -0.84874 -0.04365 -0.52701
vn -0.33186 -0.07392 -0.94043
vn -0.92199 -0.19783 -0.33287
vn -0.99357 -0.02127 -0.11120
vn -0.50566 -0.03785 -0.86190
vn -0.40980 -0.20046 -0.88987
vn -0.98574 -0.05088 0.16039
vn -0.95330 0.06778 0.29432
vn 0.08520 -0.03199 -0.99585
vn -0.96914 0.24262 0.04350
vn -0.82694 0.13162 0.54667
vn -0.82622 0.38494 0.41132
vn -0.71889 0.69312 -0.05278
vn -0.32797 0.37594 -0.86666
vn 0.09856 0.08096 -0.99183
vn -0.55188 0.18582 -0.81296
vn 0.50522 -0.03788 -0.86216
vn 0.99353 -0.02116 -0.11162
vn 0.92171 -0.19733 -0.33392
vn 0.40970 -0.20044 -0.88992
vn 0.98594 -0.05054 0.15929
vn 0.95347 0.06787 0.29374
vn -0.08615 -0.03222 -0.99576
vn 0.82672 0.38523 0.41003
vn 0.82742 0.13163 0.54594
vn 0.96915 0.24269 0.04297
vn 0.71914 0.69272 -0.05449
vn 0.55162 0.18598 -0.81310
vn -0.09917 0.08101 -0.99177
vn 0.32759 0.37575 -0.86689
vn 0.94666 -0.06667 -0.31526
vn 0.85262 -0.20254 -0.48168
vn 0.80904 -0.22635 -0.54242
vn 0.94436 -0.09766 -0.31409
vn 0.43711 -0.24386 -0.86572
vn 0.32804 -0.24146 -0.91329
vn -0.80906 -0.22701 -0.54212
vn -0.85274 -0.20300 -0.48128
vn -0.94681 -0.06701 -0.31474
vn -0.94450 -0.09797 -0.31357
vn -0.36909 -0.24455 -0.89664
vn -0.38474 -0.24347 -0.89034
# 308 normals
f  582/746/1112 583/747/1113 584/748/1114 585/749/1115
f  586/750/1116 587/751/1117 585/749/1115 584/748/1114
f  587/751/1117 586/750/1116 588/752/1118 589/753/1119
f  590/754/1120 591/755/1121 592/756/1122 593/757/1123
f  588/752/1118 590/754/1120 593/757/1123 589/753/1119
f  594/758/1124 595/759/1125 596/760/1126 597/761/1127
f  598/762/1128 599/763/1129 600/764/1130 601/765/1131
f  602/766/1132 603/767/1133 604/768/1134 605/769/1135
f  606/770/1136 607/771/1137 608/772/1138 609/773/1139
f  594/758/1140 602/774/1140 605/775/1140 595/759/1140
f  609/773/1141 608/772/1142 610/776/1143 611/777/1144
f  607/778/1145 606/779/1146 612/780/1147 613/781/1148
f  609/782/1149 611/780/1150 612/780/1151 606/779/1152
f  614/783/1153 615/784/1153 601/785/1153 600/786/1153
f  616/787/1154 617/788/1155 618/789/1156 619/790/1157
f  620/791/1158 616/787/1159 619/790/1160 621/792/1161
f  622/793/1162 618/794/1163 617/795/1164 623/796/1165
f  622/793/1166 621/793/1167 619/797/1168 618/794/1169
f  616/798/1170 620/799/1170 617/795/1170
f  620/799/1171 623/796/1165 617/795/1164
f  614/783/1172 624/800/1173 625/801/1174 615/784/1175
f  594/758/1176 597/761/1177 603/802/1178 602/774/1179
f  604/803/1180 596/760/1180 595/759/1180 605/775/1180
f  599/804/1181 624/800/1182 614/783/1183 600/786/1184
f  615/784/1185 625/801/1185 598/805/1185 601/785/1185
f  608/806/1186 607/778/1186 610/807/1186
f  610/807/1187 607/778/1145 613/781/1148
f  626/808/1188 627/809/1189 628/810/1190
f  629/811/1191 630/812/1192 631/813/1193 632/814/1194
f  633/815/1195 634/816/1196 635/817/1197 636/818/1198
f  637/819/1199 636/818/1198 635/817/1197
f  638/817/1200 639/816/1201 640/815/1202 641/818/1203
f  638/817/1200 641/818/1203 642/819/1204
f  643/820/1205 644/821/1206 645/822/1207 646/823/1208
f  647/824/1209 634/816/1196 633/815/1195 648/825/1210
f  627/809/1189 648/825/1210 633/815/1195 628/810/1190
f  649/826/1211 628/810/1190 636/818/1198 637/819/1199
f  628/810/1190 633/815/1195 636/818/1198
f  650/827/1212 649/826/1211 637/819/1199
f  634/816/1196 651/828/1213 652/829/1214 635/817/1197
f  653/830/1215 627/809/1189 626/808/1188
f  626/808/1188 628/810/1190 649/826/1211
f  654/831/1216 653/830/1215 626/808/1188
f  647/832/1217 648/833/1218 655/834/1219 656/835/1220
f  657/836/1221 655/834/1219 648/833/1218 627/837/1222
f  653/838/1223 657/836/1221 627/837/1222
f  650/839/1224 631/840/1225 658/841/1226 649/842/1227
f  649/842/1227 658/841/1226 659/843/1228 626/844/1229
f  659/843/1228 654/843/1230 626/844/1229
f  640/815/1202 639/816/1201 660/824/1231 661/825/1232
f  640/815/1202 661/825/1232 662/809/1233 663/810/1234
f  641/818/1203 663/810/1234 664/826/1235 642/819/1204
f  641/818/1203 640/815/1202 663/810/1234
f  642/819/1204 664/826/1235 630/827/1236
f  663/810/1234 662/809/1233 665/808/1237
f  665/808/1237 662/809/1233 653/830/1215
f  664/826/1235 663/810/1234 665/808/1237
f  665/808/1237 653/830/1215 654/831/1216
f  655/834/1219 661/833/1238 660/832/1239 656/835/1220
f  661/833/1238 655/834/1219 657/836/1221 662/837/1240
f  662/837/1240 657/836/1221 653/838/1223
f  658/841/1226 631/840/1225 630/839/1241 664/842/1242
f  659/843/1228 658/841/1226 664/842/1242 665/844/1243
f  665/844/1243 654/843/1230 659/843/1228
f  635/845/1244 666/846/1245 667/847/1246 637/848/1247
f  650/812/1248 637/848/1247 667/847/1246 668/811/1249
f  668/811/1249 632/814/1194 631/813/1193 650/812/1248
f  638/845/1250 642/848/1251 669/847/1252 670/846/1253
f  630/812/1192 629/811/1191 669/847/1252 642/848/1251
f  591/849/1254 592/850/1255 671/851/1256
f  647/824/1209 672/852/1257 651/828/1213 634/816/1196
f  673/853/1258 674/846/1259 675/853/1260
f  671/854/1261 635/817/1197 652/829/1214
f  671/854/1261 652/829/1214 676/855/1262 677/856/1263
f  647/832/1217 656/835/1220 678/857/1264 672/858/1265
f  679/828/1266 680/852/1267 660/824/1231 639/816/1201
f  639/816/1201 638/817/1200 681/829/1268 679/828/1266
f  681/829/1268 638/817/1200 682/854/1269
f  643/855/1270 681/829/1268 682/854/1269 644/856/1271
f  678/857/1264 656/835/1220 660/832/1239 680/858/1272
f  592/850/1273 593/859/1274 675/853/1275 666/846/1276
f  593/859/1274 589/860/1277 683/861/1278 675/853/1275
f  677/862/1279 645/863/1280 588/864/1281 590/865/1282
f  591/849/1254 671/851/1256 677/862/1279 590/865/1282
f  592/850/1255 635/845/1244 671/851/1256
f  644/862/1283 584/865/1284 586/864/1285 645/863/1280
f  666/846/1245 635/845/1244 592/850/1255
f  682/851/1286 582/850/1287 583/849/1288
f  675/853/1260 674/846/1259 666/846/1289
f  684/866/1290 673/853/1258 683/861/1291
f  683/861/1291 673/853/1258 675/853/1260
f  582/850/1292 670/846/1293 685/853/1294 585/859/1295
f  686/861/1296 587/860/1297 585/859/1295 685/853/1294
f  588/864/1281 645/863/1280 586/864/1285
f  644/862/1283 682/851/1286 583/849/1288 584/865/1284
f  686/861/1298 687/853/1299 688/866/1300
f  685/853/1301 687/853/1299 686/861/1298
f  682/851/1286 638/845/1250 582/850/1287
f  582/850/1287 638/845/1250 670/846/1253
f  670/846/1302 689/846/1303 685/853/1301
f  685/853/1301 689/846/1303 687/853/1299
f  645/822/1207 677/821/1304 676/820/1305 646/823/1208
f  686/861/1298 688/866/1300 683/861/1291
f  688/866/1300 684/866/1290 683/861/1291
f  587/860/1297 686/861/1296 683/861/1278 589/860/1277
f  690/867/1306 691/868/1306 692/869/1306
f  693/870/1306 694/871/1306 695/872/1306
f  695/872/1307 694/871/1308 696/873/1309
f  696/873/1309 694/871/1308 697/874/1310
f  697/874/1311 698/875/1312 699/876/1311
f  696/873/1313 697/874/1311 699/876/1311
f  698/875/1314 700/877/1315 699/876/1316
f  699/876/1316 700/877/1315 693/870/1317
f  693/870/1318 695/872/1318 699/876/1318
f  699/876/1318 695/872/1318 696/873/1318
f  701/878/1319 702/879/1320 703/880/1321
f  703/880/1321 702/879/1320 704/881/1322
f  705/882/1323 706/883/1324 707/884/1325
f  707/884/1325 706/883/1324 708/885/1326
f  701/878/1327 707/884/1328 708/885/1329
f  703/880/1330 707/884/1328 701/878/1327
f  691/886/1331 709/887/1332 692/888/1333
f  691/886/1331 710/889/1334 709/887/1332
f  710/889/1335 711/890/1335 712/891/1335
f  709/887/1335 710/889/1335 712/891/1335
f  712/891/1336 711/890/1337 713/892/1338
f  690/893/1339 712/891/1336 713/892/1338
f  692/888/1340 712/891/1340 690/893/1340
f  709/887/1340 712/891/1340 692/888/1340
f  706/894/1306 702/895/1306 708/896/1306
f  708/896/1306 702/895/1306 701/897/1306
f  713/898/1306 691/868/1306 690/867/1306
f  700/877/1306 694/871/1306 693/870/1306
f  714/899/1341 715/900/1342 716/901/1343
f  716/901/1343 715/900/1342 717/902/1344
f  715/900/1335 718/903/1335 719/904/1335
f  717/902/1335 715/900/1335 719/904/1335
f  720/905/1345 718/903/1346 721/906/1347
f  719/904/1348 718/903/1346 720/905/1345
f  720/905/1318 716/901/1318 719/904/1318
f  719/904/1318 716/901/1318 717/902/1318
f  586/907/1335 584/908/1335 590/909/1335 588/910/1335
f  591/911/1335 590/909/1335 584/908/1335 583/912/1335
f  592/913/1349 582/914/1350 670/915/1351 666/916/1352
f  591/917/1353 583/918/1354 582/914/1355 592/913/1356
f  668/919/1306 629/920/1306 632/921/1306
f  668/919/1306 667/922/1306 629/920/1306
f  667/922/1306 669/923/1306 629/920/1306
f  670/915/1357 669/923/1358 667/922/1359 666/916/1360
f  722/924/1361 666/925/1362 723/926/1363
f  724/927/1364 725/928/1365 722/924/1361 723/926/1363
f  723/926/1363 668/929/1366 632/930/1367 724/927/1364
f  666/925/1362 667/931/1368 723/926/1363
f  723/926/1363 667/931/1368 668/929/1366
f  724/927/1364 632/930/1367 726/932/1369
f  727/933/1370 670/934/1371 728/935/1372
f  728/935/1372 729/936/1373 726/932/1369 727/933/1370
f  727/933/1370 726/932/1369 632/930/1367 629/937/1374
f  727/933/1370 669/938/1375 670/934/1371
f  629/937/1374 669/938/1375 727/933/1370
f  724/927/1364 726/932/1369 729/936/1373 725/928/1365
f  675/939/1376 666/925/1362 722/924/1361
f  722/924/1361 725/928/1365 683/940/1377 675/939/1376
f  728/935/1372 670/934/1371 685/941/1378
f  683/940/1377 725/928/1365 729/936/1373 686/942/1379
f  728/935/1372 685/941/1378 686/942/1379 729/936/1373
f  730/943/1380 731/944/1381 732/945/1382 733/946/1383
f  731/944/1381 730/943/1380 734/947/1384 735/948/1385
f  732/945/1382 736/949/1386 733/946/1383
f  737/950/1387 738/951/1388 739/952/1389 740/953/1390
f  741/954/1391 742/955/1392 743/956/1393
f  743/956/1393 737/950/1387 740/953/1390 741/954/1391
f  737/950/1387 743/956/1393 732/945/1382 731/944/1381
f  732/945/1382 743/956/1393 742/955/1392 736/949/1386
f  735/948/1385 738/951/1388 737/950/1387 731/944/1381
f  733/946/1383 740/953/1390 730/943/1380
f  744/945/1394 745/944/1395 746/943/1396 747/946/1397
f  748/947/1398 746/943/1396 745/944/1395 749/948/1399
f  747/946/1397 750/949/1400 744/945/1394
f  751/952/1401 752/951/1402 753/950/1403 754/953/1404
f  755/956/1405 756/955/1406 757/954/1407
f  754/953/1404 753/950/1403 755/956/1405 757/954/1407
f  744/945/1394 755/956/1405 753/950/1403 745/944/1395
f  756/955/1406 755/956/1405 744/945/1394 750/949/1400
f  753/950/1403 752/951/1402 749/948/1399 745/944/1395
f  756/955/1406 754/953/1404 757/954/1407
f  741/954/1391 740/953/1390 742/955/1392
f  742/955/1392 740/953/1390 736/949/1386
f  736/949/1386 740/953/1390 733/946/1383
f  746/943/1396 754/953/1404 747/946/1397
f  747/946/1397 754/953/1404 750/949/1400
f  750/949/1400 754/953/1404 756/955/1406
f  674/846/1408 673/853/1409 593/859/1410 592/850/1411
f  673/853/1409 684/866/1412 589/860/1413 593/859/1410
f  585/859/1414 687/853/1415 689/846/1416 582/850/1417
f  687/853/1415 585/859/1414 587/860/1418 688/866/1419
f  589/860/1413 684/866/1412 688/866/1419 587/860/1418
# object BackTail
g BackTail
v 0.00537 -0.03564 0.00074
v -0.00778 -0.02438 0.00318
v 0.00781 -0.02438 0.00318
v -0.00534 -0.03565 0.00074
v -0.00745 -0.02455 0.00395
v 0.00748 -0.02455 0.00394
v -0.00471 -0.00423 0.01343
v -0.00467 -0.01051 0.01207
v 0.00471 -0.00423 0.01343
v 0.00467 -0.01051 0.01207
v 0.00520 -0.02078 0.00879
v -0.00520 -0.02078 0.00880
v 0.00756 -0.02436 0.00410
v -0.00756 -0.02436 0.00410
v -0.00756 -0.00320 0.00870
v 0.00756 -0.00320 0.00869
v -0.00529 0.00675 0.01075
v 0.00529 0.00675 0.01075
v -0.00718 -0.00298 0.00766
v 0.00718 -0.00298 0.00766
v -0.00718 -0.02415 0.00313
v 0.00718 -0.02415 0.00312
# 22 verticies
vt 0.31824 0.30115
vt 0.23624 0.38115
vt 0.33524 0.38115
vt 0.25324 0.30115
vt 0.23824 0.37415
vt 0.33324 0.37415
vt 0.03424 0.34215
vt 0.03624 0.37815
vt 0.09724 0.34215
vt 0.09524 0.37815
vt 0.09524 0.43815
vt 0.03624 0.43815
vt 0.10924 0.46415
vt 0.02224 0.46415
vt 0.02224 0.34215
vt 0.10924 0.34215
vt 0.03524 0.28215
vt 0.09624 0.28215
vt 0.13024 0.34215
vt 0.14124 0.28215
vt 0.21224 0.34215
vt 0.20124 0.28215
vt 0.21424 0.46415
vt 0.12824 0.46415
vt 0.13024 0.46415
vt 0.21224 0.46415
vt 0.21424 0.34215
vt 0.12824 0.34215
vt 0.53124 0.27515
vt 0.54524 0.24615
vt 0.62824 0.27515
vt 0.61424 0.24615
# 32 texture verticies
vn 0.00001 0.21197 -0.97728
vn 0.00003 0.21199 -0.97727
vn -0.00019 0.21174 -0.97733
vn 0.00028 0.21227 -0.97721
vn -0.90449 -0.26781 0.33192
vn -0.90449 -0.26781 0.33192
vn 0.90381 -0.26819 0.33346
vn 0.00004 -0.27792 0.96061
vn -0.00027 -0.27826 0.96051
vn 0.00007 -0.27789 0.96061
vn 0.00033 -0.27761 0.96069
vn 0.00021 -0.21071 0.97755
vn 0.00028 -0.25866 0.96597
vn 0.00028 -0.21080 0.97753
vn 0.00032 -0.25778 0.96620
vn 0.00030 -0.30417 0.95262
vn 0.00028 -0.30419 0.95261
vn 0.00017 -0.79534 0.60617
vn 0.00019 -0.79532 0.60619
vn 0.00020 -0.79530 0.60621
vn 0.00016 -0.79536 0.60614
vn -0.86079 -0.11050 0.49683
vn -0.85847 -0.11184 0.50052
vn -0.86211 -0.11227 0.49412
vn -0.84555 -0.12269 0.51961
vn -0.85186 -0.11624 0.51070
vn 0.86244 -0.11223 0.49357
vn 0.85876 -0.11174 0.50005
vn 0.86108 -0.11042 0.49634
vn 0.85214 -0.11610 0.51027
vn 0.84585 -0.12253 0.51916
vn 0.00026 -0.20271 0.97924
vn 0.00023 -0.20276 0.97923
vn 0.00023 -0.20275 0.97923
vn 0.00019 -0.20281 0.97922
vn -0.00021 0.30293 -0.95301
vn -0.00020 0.30294 -0.95301
vn -0.00020 0.30294 -0.95301
vn -0.00019 0.30295 -0.95301
vn 0.00006 -0.97719 -0.21238
vn -0.00000 -0.97739 -0.21145
vn 0.00000 -0.97737 -0.21152
vn 0.00007 -0.97717 -0.21245
vn -0.00025 0.20956 -0.97780
vn -0.00028 0.20954 -0.97780
vn -0.00024 0.20957 -0.97779
vn -0.00021 0.20958 -0.97779
vn 0.93651 0.17037 -0.30646
vn 0.93660 0.16800 -0.30749
vn 0.93541 0.07498 -0.34552
vn 0.93509 0.07520 -0.34633
vn -0.93540 0.07498 -0.34554
vn -0.93671 0.16791 -0.30721
vn -0.93571 0.07477 -0.34475
vn -0.93662 0.17029 -0.30619
vn 0.92178 0.26830 -0.27989
vn -0.92189 0.26820 -0.27963
vn 0.00000 0.97720 0.21232
vn -0.00003 0.97722 0.21225
vn -0.00007 0.97724 0.21215
vn -0.00011 0.97726 0.21206
# 61 normals
f  758/957/1420 759/958/1421 760/959/1422
f  758/957/1420 761/960/1423 759/958/1421
f  759/958/1424 761/960/1425 762/961/1424
f  758/957/1426 760/959/1426 763/962/1426
f  762/961/1427 761/960/1428 758/957/1429
f  762/961/1427 758/957/1429 763/962/1430
f  764/963/1431 765/964/1432 766/965/1433
f  765/964/1432 767/966/1434 766/965/1433
f  768/967/1435 765/964/1432 769/968/1436
f  767/966/1434 765/964/1432 768/967/1435
f  770/969/1437 769/968/1438 771/970/1439
f  768/967/1440 769/968/1438 770/969/1437
f  772/971/1441 765/964/1442 764/963/1443
f  769/968/1444 765/964/1442 771/970/1445
f  771/970/1445 765/964/1442 772/971/1441
f  766/965/1446 767/966/1447 773/972/1448
f  773/972/1448 767/966/1447 770/969/1449
f  770/969/1449 767/966/1447 768/967/1450
f  772/971/1451 773/972/1452 774/973/1453
f  774/973/1453 773/972/1452 775/974/1454
f  776/975/1455 774/976/1456 777/977/1457
f  774/976/1456 775/978/1458 777/977/1457
f  770/979/1459 771/980/1460 778/981/1461
f  779/982/1462 770/979/1459 778/981/1461
f  779/982/1463 778/981/1464 776/975/1465
f  777/977/1466 779/982/1463 776/975/1465
f  777/977/1467 773/983/1468 779/982/1469
f  779/982/1469 773/983/1468 770/979/1470
f  771/980/1471 772/984/1472 778/981/1473
f  778/981/1473 772/984/1472 776/975/1474
f  775/978/1475 773/983/1468 777/977/1467
f  776/975/1474 772/984/1472 774/976/1476
f  772/985/1477 764/986/1478 773/987/1479
f  764/986/1478 766/988/1480 773/987/1479
# object HandL
g HandL
v -0.02285 0.03582 -0.01011
v -0.02400 0.03369 -0.01747
v -0.02465 0.03562 -0.01751
v -0.02356 0.03817 -0.01078
v -0.02831 0.03588 -0.01701
v -0.02930 0.03407 -0.01675
v -0.02815 0.03620 -0.00939
v -0.02722 0.03843 -0.01028
v -0.02481 0.02662 -0.01466
v -0.02413 0.02971 -0.01632
v -0.02307 0.03103 -0.00919
v -0.02402 0.02761 -0.00932
v -0.02770 0.03137 -0.00856
v -0.02877 0.03004 -0.01569
v -0.02818 0.02686 -0.01421
v -0.02738 0.02785 -0.00886
# 16 verticies
vt 0.65824 0.23715
vt 0.66224 0.18315
vt 0.65124 0.18415
vt 0.64324 0.23515
vt 0.71824 0.18415
vt 0.72924 0.18315
vt 0.72524 0.23715
vt 0.71024 0.23515
vt 0.70724 0.19215
vt 0.68724 0.18515
vt 0.68724 0.23715
vt 0.70724 0.23115
vt 0.75424 0.23715
vt 0.75424 0.18515
vt 0.77424 0.19215
vt 0.77424 0.23115
vt 0.64324 0.26715
vt 0.65824 0.27315
vt 0.64324 0.24215
vt 0.68724 0.26915
vt 0.70824 0.24215
vt 0.70824 0.26515
vt 0.65024 0.17615
vt 0.66224 0.14615
vt 0.66224 0.18215
vt 0.65024 0.15115
vt 0.70724 0.15115
vt 0.68724 0.17715
vt 0.68724 0.14615
vt 0.70724 0.17315
vt 0.64224 0.18415
vt 0.61424 0.18415
vt 0.64224 0.23415
vt 0.61424 0.23415
# 34 texture verticies
vn 0.97940 0.07920 -0.18575
vn 0.97520 0.11878 -0.18675
vn 0.92953 0.28492 -0.23407
vn 0.94685 0.21800 -0.23653
vn -0.88979 0.45637 -0.00021
vn -0.97450 0.20407 0.09326
vn -0.98211 0.16558 0.08964
vn -0.92177 0.38772 0.00327
vn 0.96010 -0.26338 -0.09405
vn 0.98174 -0.14882 -0.11851
vn 0.97773 -0.17702 -0.11271
vn 0.96011 -0.26329 -0.09413
vn -0.98298 -0.08614 0.16228
vn -0.98182 -0.08775 0.16830
vn -0.98076 -0.10392 0.16525
vn -0.98078 -0.10383 0.16517
vn 0.14739 0.24042 0.95941
vn 0.14963 0.31155 0.93838
vn 0.14751 0.24482 0.95828
vn 0.14976 0.31176 0.93829
vn 0.13867 0.06474 0.98822
vn 0.12900 -0.07193 0.98903
vn 0.13814 0.05598 0.98883
vn 0.12895 -0.07198 0.98904
vn -0.13878 -0.06844 -0.98796
vn -0.14480 -0.18227 -0.97253
vn -0.14440 -0.17374 -0.97415
vn -0.13886 -0.06860 -0.98793
vn -0.15135 -0.44126 -0.88452
vn -0.15025 -0.34966 -0.92475
vn -0.15033 -0.35568 -0.92244
vn -0.15143 -0.44133 -0.88448
vn 0.01840 0.93421 -0.35626
vn 0.01839 0.93421 -0.35625
vn 0.01838 0.93421 -0.35624
vn 0.01836 0.93422 -0.35623
# 36 normals
f  780/989/1481 781/990/1482 782/991/1483
f  780/989/1481 782/991/1483 783/992/1484
f  784/993/1485 785/994/1486 786/995/1487
f  787/996/1488 784/993/1485 786/995/1487
f  788/997/1489 789/998/1490 790/999/1491
f  791/1000/1492 788/997/1489 790/999/1491
f  792/1001/1493 793/1002/1494 794/1003/1495
f  792/1001/1493 794/1003/1495 795/1004/1496
f  786/995/1487 785/994/1486 793/1002/1494
f  786/995/1487 793/1002/1494 792/1001/1493
f  789/998/1490 781/990/1482 780/989/1481
f  790/999/1491 789/998/1490 780/989/1481
f  780/989/1497 787/1005/1498 786/1006/1499
f  783/1007/1500 787/1005/1498 780/989/1497
f  792/1008/1501 791/1009/1502 790/999/1503
f  792/1008/1501 795/1010/1504 791/1009/1502
f  792/1008/1501 780/989/1497 786/1006/1499
f  790/999/1503 780/989/1497 792/1008/1501
f  784/1011/1505 781/1012/1506 785/1013/1507
f  782/1014/1508 781/1012/1506 784/1011/1505
f  788/1015/1509 793/1016/1510 789/1017/1511
f  794/1018/1512 793/1016/1510 788/1015/1509
f  793/1016/1510 781/1012/1506 789/1017/1511
f  785/1013/1507 781/1012/1506 793/1016/1510
f  782/1019/1513 784/1020/1514 783/1021/1515
f  783/1021/1515 784/1020/1514 787/1022/1516
# object GunpodTail
g GunpodTail
v 0.02640 0.01955 -0.00543
v 0.02886 0.02725 -0.00643
v 0.02931 0.01976 -0.00667
v 0.02596 0.02703 -0.00519
v 0.02591 0.01942 -0.00247
v 0.02547 0.02691 -0.00223
v 0.02827 0.01949 -0.00036
v 0.02783 0.02698 -0.00012
v 0.03118 0.01970 -0.00160
v 0.03073 0.02719 -0.00135
v 0.03166 0.01983 -0.00456
v 0.03122 0.02732 -0.00431
v 0.02942 0.01469 -0.00453
v 0.02950 0.01977 -0.00664
v 0.02846 0.01950 -0.00033
v 0.02913 0.01461 -0.00276
v 0.02807 0.01948 -0.00039
v 0.02903 0.01466 -0.00460
v 0.02874 0.01459 -0.00282
v 0.02911 0.01975 -0.00670
v 0.02844 0.01291 0.00193
v 0.02824 0.01640 0.00204
v 0.02785 0.01638 0.00197
v 0.02805 0.01289 0.00186
v 0.02885 0.01302 -0.00054
v 0.02846 0.01300 -0.00060
v 0.03016 0.01690 -0.00969
v 0.02977 0.01688 -0.00976
v 0.03037 0.01341 -0.00981
v 0.02998 0.01339 -0.00987
v 0.02838 0.01462 -0.00426
v 0.02923 0.01468 -0.00459
v 0.02994 0.01470 -0.00400
v 0.02979 0.01466 -0.00309
v 0.02893 0.01460 -0.00277
v 0.02823 0.01458 -0.00335
v 0.02988 0.01329 -0.00685
v 0.02949 0.01326 -0.00691
# 38 verticies
vt 0.31024 0.88115
vt 0.26624 0.87015
vt 0.31024 0.87015
vt 0.26624 0.88115
vt 0.31024 0.90215
vt 0.26624 0.90215
vt 0.31024 0.91215
vt 0.26624 0.91215
vt 0.34024 0.88515
vt 0.34024 0.89715
vt 0.34924 0.93015
vt 0.32824 0.93015
vt 0.34924 0.91215
vt 0.32824 0.84915
vt 0.34924 0.84915
vt 0.34024 0.88815
vt 0.34024 0.89415
vt 0.34924 0.87015
# 18 texture verticies
vn -0.73523 -0.20961 -0.64459
vn 0.07757 0.03706 -0.99630
vn 0.21399 -0.16162 -0.96337
vn -0.82752 -0.03051 -0.56061
vn -0.92831 -0.25692 0.26875
vn -0.91449 -0.06694 0.39902
vn -0.18996 -0.24791 0.94998
vn -0.07751 -0.03711 0.99630
vn 0.76629 -0.16811 0.62011
vn 0.82758 0.03052 0.56052
vn 0.94802 -0.12218 -0.29382
vn 0.91444 0.06698 -0.39915
vn 0.98506 0.05277 0.16395
vn 0.98506 0.05286 0.16388
vn 0.98505 0.05275 0.16402
vn 0.98503 0.05263 0.16413
vn -0.98505 -0.05275 -0.16402
vn -0.98506 -0.05277 -0.16395
vn -0.98503 -0.05263 -0.16413
vn -0.98506 -0.05286 -0.16388
vn -0.16213 -0.04174 0.98589
vn -0.17159 0.31614 0.93307
vn -0.17166 0.28309 0.94361
vn 0.05682 -0.99783 -0.03325
vn 0.10226 -0.94502 -0.31061
vn 0.05649 -0.99785 -0.03336
vn 0.10265 -0.94453 -0.31198
vn 0.07301 0.73490 -0.67423
vn 0.12518 0.43615 -0.89113
vn 0.12965 0.40132 -0.90672
vn 0.16213 0.04174 -0.98589
vn -0.68767 -0.42376 -0.58952
vn 0.17128 -0.37556 -0.91083
vn 0.88134 -0.33975 -0.32835
vn 0.66798 -0.38285 0.63814
vn -0.12337 -0.45165 0.88362
vn -0.79488 -0.46117 0.39432
vn 0.98505 0.05270 0.16400
vn 0.98506 0.05271 0.16397
vn 0.98507 0.05282 0.16382
vn -0.98505 -0.05270 -0.16400
vn -0.98506 -0.05271 -0.16397
vn -0.98507 -0.05282 -0.16382
vn 0.98507 0.05282 0.16386
vn 0.98506 0.05282 0.16389
vn 0.98507 0.05279 0.16385
vn -0.98507 -0.05282 -0.16386
vn -0.98507 -0.05279 -0.16385
vn -0.98506 -0.05282 -0.16389
vn -0.16067 0.60676 0.77848
vn 0.13788 -0.81309 -0.56558
vn 0.05915 -0.99773 -0.03221
vn 0.05886 -0.99775 -0.03222
vn 0.01226 -0.96779 0.25144
vn 0.01265 -0.96813 0.25012
vn -0.03714 -0.85840 0.51164
vn 0.05829 -0.99777 -0.03265
vn 0.05891 -0.99773 -0.03255
vn 0.05767 -0.99780 -0.03276
vn -0.05891 0.99773 0.03255
# 60 normals
f  796/1023/1517 797/1024/1518 798/1025/1519
f  799/1026/1520 797/1024/1518 796/1023/1517
f  800/1027/1521 799/1026/1520 796/1023/1517
f  801/1028/1522 799/1026/1520 800/1027/1521
f  802/1029/1523 801/1028/1522 800/1027/1521
f  803/1030/1524 801/1028/1522 802/1029/1523
f  802/1029/1523 804/1027/1525 803/1030/1524
f  804/1027/1525 805/1028/1526 803/1030/1524
f  804/1027/1525 806/1023/1527 805/1028/1526
f  806/1023/1527 807/1026/1528 805/1028/1526
f  806/1023/1527 798/1025/1519 807/1026/1528
f  798/1025/1519 797/1024/1518 807/1026/1528
f  808/1031/1529 809/1025/1530 810/1029/1531
f  811/1032/1532 808/1031/1529 810/1029/1531
f  812/1029/1533 813/1031/1534 814/1032/1535
f  812/1029/1533 815/1025/1536 813/1031/1534
f  816/1033/1537 817/1034/1538 818/1034/1539
f  816/1033/1537 818/1034/1539 819/1033/1537
f  819/1033/1540 820/1035/1541 816/1033/1542
f  821/1035/1543 820/1035/1541 819/1033/1540
f  809/1025/1544 822/1036/1545 815/1025/1544
f  815/1025/1544 822/1036/1545 823/1036/1546
f  823/1036/1546 822/1036/1545 824/1037/1547
f  825/1037/1547 823/1036/1546 824/1037/1547
f  796/1023/1517 798/1025/1519 826/1038/1548
f  826/1038/1548 798/1025/1519 827/1031/1549
f  827/1031/1549 798/1025/1519 828/1038/1550
f  828/1038/1550 798/1025/1519 806/1023/1527
f  828/1038/1550 806/1023/1527 804/1027/1525
f  829/1039/1551 828/1038/1550 804/1027/1525
f  802/1029/1523 829/1039/1551 804/1027/1525
f  830/1032/1552 829/1039/1551 802/1029/1523
f  802/1029/1523 831/1039/1553 830/1032/1552
f  800/1027/1521 831/1039/1553 802/1029/1523
f  800/1027/1521 826/1038/1548 831/1039/1553
f  800/1027/1521 796/1023/1517 826/1038/1548
f  817/1034/1554 811/1032/1532 810/1029/1531
f  820/1035/1555 811/1032/1532 817/1034/1554
f  816/1033/1556 820/1035/1555 817/1034/1554
f  812/1029/1533 814/1032/1535 818/1034/1557
f  818/1034/1557 821/1035/1558 819/1033/1559
f  818/1034/1557 814/1032/1535 821/1035/1558
f  808/1031/1529 822/1036/1560 809/1025/1530
f  824/1037/1561 822/1036/1560 832/1040/1562
f  832/1040/1562 822/1036/1560 808/1031/1529
f  815/1025/1536 823/1036/1563 813/1031/1534
f  813/1031/1534 823/1036/1563 833/1040/1564
f  833/1040/1564 823/1036/1563 825/1037/1565
f  817/1034/1538 810/1029/1566 812/1029/1566
f  817/1034/1538 812/1029/1566 818/1034/1539
f  821/1035/1543 814/1032/1567 820/1035/1541
f  814/1032/1567 811/1032/1567 820/1035/1541
f  825/1037/1568 824/1037/1569 832/1040/1570
f  833/1040/1571 825/1037/1568 832/1040/1570
f  833/1040/1571 832/1040/1570 813/1031/1572
f  813/1031/1572 832/1040/1570 808/1031/1572
f  830/1032/1573 828/1038/1574 829/1039/1574
f  830/1032/1573 827/1031/1573 828/1038/1574
f  826/1038/1575 827/1031/1573 830/1032/1573
f  831/1039/1575 826/1038/1575 830/1032/1573
f  807/1026/1576 797/1024/1576 799/1026/1576
f  805/1028/1576 807/1026/1576 799/1026/1576
f  803/1030/1576 805/1028/1576 801/1028/1576
f  805/1028/1576 799/1026/1576 801/1028/1576
# object Shoulders
g Shoulders
v 0.00579 -0.00080 0.00345
v 0.00579 -0.00080 -0.00084
v 0.01697 -0.00080 -0.00084
v 0.01692 -0.00080 0.00355
v -0.00604 -0.00080 0.00345
v -0.01717 -0.00080 0.00354
v -0.01722 -0.00080 -0.00085
v -0.00604 -0.00080 -0.00084
# 8 verticies
vt 0.42524 0.39915
vt 0.42524 0.41215
vt 0.49124 0.41215
vt 0.49124 0.39915
# 4 texture verticies
vn 0.00000 -1.00000 0.00000
# 1 normals
f  834/1041/1577 835/1042/1577 836/1043/1577 837/1044/1577
f  838/1041/1577 839/1044/1577 840/1043/1577 841/1042/1577
# object KneeL
g KneeL
v -0.01350 0.00080 -0.02407
v -0.01030 0.00727 -0.01439
v -0.01070 0.00139 -0.02423
v -0.01515 0.00625 -0.01412
v -0.00709 -0.00276 -0.01870
v -0.01454 -0.00431 -0.01828
# 6 verticies
vt 0.51924 0.05115
vt 0.58824 0.01415
vt 0.51924 0.00715
vt 0.58824 0.04515
vt 0.56524 0.09315
vt 0.55424 0.06215
vt 0.51024 0.09315
vt 0.52024 0.06215
vt 0.50324 0.09315
vt 0.51724 0.06215
vt 0.44824 0.06615
# 11 texture verticies
vn -0.20473 0.84387 -0.49595
vn -0.20464 0.84387 -0.49598
vn -0.20479 0.84387 -0.49593
vn -0.20461 0.84388 -0.49599
vn 0.12710 -0.35735 0.92528
vn 0.12705 -0.35733 0.92530
vn 0.12707 -0.35734 0.92529
vn 0.12701 -0.35732 0.92530
vn -0.98573 0.00891 -0.16807
vn 0.87558 0.39834 -0.27327
# 10 normals
f  842/1045/1578 843/1046/1579 844/1047/1580
f  845/1048/1581 843/1046/1579 842/1045/1578
f  846/1049/1582 843/1050/1583 847/1051/1584
f  847/1051/1584 843/1050/1583 845/1052/1585
f  847/1053/1586 845/1054/1586 842/1055/1586
f  844/1055/1587 843/1054/1587 846/1053/1587
# object TalonL
g TalonL
v -0.01979 0.01886 -0.04842
v -0.02272 0.02318 -0.06206
v -0.02048 0.01790 -0.06423
v -0.02247 0.02467 -0.05026
v -0.01568 0.01890 -0.06450
v -0.01560 0.02466 -0.06246
v -0.01498 0.01987 -0.04869
v -0.01515 0.02620 -0.05067
v -0.01899 0.02410 -0.06107
v -0.01799 0.01842 -0.06437
v -0.01867 0.02546 -0.05048
# 11 verticies
vt 0.15024 0.22215
vt 0.07424 0.17715
vt 0.05824 0.21415
vt 0.14324 0.17715
vt 0.03024 0.17715
vt 0.05624 0.17715
vt 0.04624 0.21415
vt 0.01224 0.21415
vt 0.03024 0.21415
vt 0.00224 0.17715
vt 0.07324 0.06815
vt 0.00424 0.06915
vt 0.01124 0.09215
vt 0.00424 0.11715
vt 0.07324 0.11815
vt 0.07324 0.09215
# 16 texture verticies
vn -0.43512 -0.89713 0.07634
vn -0.91029 -0.40858 0.06663
vn -0.41986 -0.90460 0.07352
vn -0.91416 -0.39919 0.07044
vn 0.69429 -0.71956 0.01349
vn 0.99908 0.00574 -0.04247
vn 0.82221 -0.56918 0.00120
vn 0.99912 0.01446 -0.03943
vn -0.14464 0.41033 -0.90040
vn -0.40303 0.31071 -0.86083
vn -0.24202 0.42178 -0.87380
vn -0.04463 0.46157 -0.88598
vn -0.14827 0.47666 -0.86650
vn 0.13009 0.42454 -0.89602
vn -0.20925 0.97066 -0.11845
vn -0.20925 0.97066 -0.11845
vn -0.20925 0.97066 -0.11845
vn -0.20927 0.97066 -0.11844
vn -0.20927 0.97066 -0.11844
vn -0.20927 0.97066 -0.11844
vn -0.20926 0.97066 -0.11845
vn -0.20928 0.97066 -0.11845
# 22 normals
f  848/1056/1588 849/1057/1589 850/1058/1590
f  851/1059/1591 849/1057/1589 848/1056/1588
f  852/1058/1592 853/1057/1593 854/1056/1594
f  848/1056/1588 852/1058/1592 854/1056/1594
f  850/1058/1590 852/1058/1592 848/1056/1588
f  854/1056/1594 853/1057/1593 855/1059/1595
usemtl BodyGlow
f  856/1060/1596 853/1061/1597 852/1062/1598
f  850/1063/1599 856/1060/1596 857/1064/1600
f  857/1064/1600 856/1060/1596 852/1062/1598
f  850/1063/1599 849/1065/1601 856/1060/1596
f  855/1066/1602 853/1067/1603 856/1068/1604
f  856/1068/1605 849/1069/1606 851/1070/1607
f  855/1066/1602 856/1068/1604 858/1071/1608
f  858/1071/1609 856/1068/1605 851/1070/1607
# object KneeR
g KneeR
v 0.01073 0.00113 -0.02410
v 0.01033 0.00699 -0.01426
v 0.01354 0.00054 -0.02394
v 0.01518 0.00598 -0.01398
v 0.01457 -0.00458 -0.01817
v 0.00712 -0.00303 -0.01859
# 6 verticies
vt 0.51924 0.00715
vt 0.58824 0.01415
vt 0.51924 0.05115
vt 0.58824 0.04515
vt 0.51024 0.09315
vt 0.55424 0.06215
vt 0.56524 0.09315
vt 0.52024 0.06215
vt 0.44824 0.06615
vt 0.51724 0.06215
vt 0.50324 0.09315
# 11 texture verticies
vn 0.20413 0.84487 -0.49450
vn 0.20409 0.84487 -0.49451
vn 0.20412 0.84487 -0.49450
vn 0.20408 0.84487 -0.49451
vn -0.12693 -0.35902 0.92466
vn -0.12689 -0.35900 0.92467
vn -0.12697 -0.35903 0.92465
vn -0.12684 -0.35899 0.92468
vn 0.98576 0.00972 -0.16786
vn -0.87580 0.39830 -0.27265
# 10 normals
usemtl Body
f  859/1072/1610 860/1073/1611 861/1074/1612
f  861/1074/1612 860/1073/1611 862/1075/1613
f  863/1076/1614 860/1077/1615 864/1078/1616
f  862/1079/1617 860/1077/1615 863/1076/1614
f  861/1080/1618 862/1081/1618 863/1082/1618
f  864/1082/1619 860/1081/1619 859/1080/1619
# object TalonR
g TalonR
v 0.01899 0.02385 -0.06097
v 0.01560 0.02441 -0.06236
v 0.01515 0.02595 -0.05057
v 0.02247 0.02442 -0.05016
v 0.02272 0.02293 -0.06196
v 0.01867 0.02521 -0.05038
v 0.02048 0.01765 -0.06413
v 0.01979 0.01861 -0.04832
v 0.01498 0.01962 -0.04859
v 0.01568 0.01865 -0.06440
v 0.01799 0.01817 -0.06427
# 11 verticies
vt 0.01124 0.09215
vt 0.00424 0.06915
vt 0.07324 0.06815
vt 0.07324 0.11815
vt 0.00424 0.11715
vt 0.07324 0.09215
vt 0.05824 0.21415
vt 0.07424 0.17715
vt 0.15024 0.22215
vt 0.14324 0.17715
vt 0.04624 0.21415
vt 0.05624 0.17715
vt 0.03024 0.17715
vt 0.03024 0.21415
vt 0.01224 0.21415
vt 0.00224 0.17715
# 16 texture verticies
vn 0.20925 0.97066 -0.11845
vn 0.20925 0.97066 -0.11845
vn 0.20925 0.97066 -0.11845
vn 0.20927 0.97066 -0.11844
vn 0.20927 0.97066 -0.11844
vn 0.20927 0.97066 -0.11844
vn 0.20926 0.97066 -0.11845
vn 0.20928 0.97066 -0.11845
vn 0.41986 -0.90460 0.07352
vn 0.91029 -0.40858 0.06663
vn 0.43512 -0.89713 0.07634
vn 0.91416 -0.39919 0.07044
vn -0.82221 -0.56918 0.00120
vn -0.99908 0.00574 -0.04247
vn -0.69429 -0.71956 0.01349
vn -0.99912 0.01446 -0.03943
vn 0.24202 0.42178 -0.87380
vn 0.40303 0.31071 -0.86083
vn 0.14464 0.41033 -0.90040
vn 0.14827 0.47666 -0.86650
vn 0.04463 0.46157 -0.88598
vn -0.13009 0.42454 -0.89602
# 22 normals
usemtl BodyGlow
f  865/1083/1620 866/1084/1621 867/1085/1622
f  868/1086/1623 869/1087/1624 865/1083/1625
f  870/1088/1626 865/1083/1620 867/1085/1622
f  868/1086/1623 865/1083/1625 870/1088/1627
usemtl Body
f  871/1089/1628 869/1090/1629 872/1091/1630
f  872/1091/1630 869/1090/1629 868/1092/1631
f  873/1091/1632 866/1090/1633 874/1089/1634
f  873/1091/1632 874/1089/1634 872/1091/1630
f  872/1091/1630 874/1089/1634 871/1089/1628
f  867/1092/1635 866/1090/1633 873/1091/1632
usemtl BodyGlow
f  874/1093/1636 866/1094/1637 865/1095/1638
f  875/1096/1639 865/1095/1638 871/1097/1640
f  874/1093/1636 865/1095/1638 875/1096/1639
f  865/1095/1638 869/1098/1641 871/1097/1640
# object LaserD
g LaserD
v 0.00574 0.01097 -0.00388
v 0.00574 0.01103 -0.00232
v 0.00413 0.00930 -0.00449
v -0.00413 0.01158 0.00039
v -0.00573 0.01219 -0.00128
v -0.00413 0.00943 -0.00158
v -0.00573 0.01098 -0.00389
v -0.00573 0.01203 -0.00503
v -0.00413 0.01128 -0.00664
v -0.00413 0.00931 -0.00449
v 0.00574 0.01472 -0.00404
v 0.00574 0.01479 -0.00248
v 0.00574 0.01202 -0.00502
v 0.00574 0.01373 -0.00134
v 0.00574 0.01218 -0.00127
v -0.00573 0.01105 -0.00233
v -0.00573 0.01375 -0.00135
v -0.00573 0.01480 -0.00249
v -0.00573 0.01473 -0.00405
v -0.00573 0.01359 -0.00510
v 0.00574 0.01357 -0.00509
v 0.00414 0.01419 -0.00676
v 0.00414 0.01633 -0.00479
v 0.00414 0.01646 -0.00188
v 0.00414 0.01449 0.00027
v 0.00413 0.01157 0.00040
v 0.00413 0.00942 -0.00157
v -0.00413 0.01450 0.00027
v -0.00412 0.01634 -0.00480
v -0.00412 0.01419 -0.00677
v -0.00412 0.01647 -0.00188
v 0.00414 0.01127 -0.00664
v -0.00474 0.01394 -0.00328
v -0.00722 0.02859 -0.00391
v -0.00560 0.01484 -0.00245
v 0.00830 0.02857 -0.00390
v 0.00648 0.01479 -0.00331
v 0.00561 0.01475 -0.00417
v 0.00778 0.02855 -0.00441
v 0.00561 0.01393 -0.00327
v 0.00561 0.01483 -0.00245
v 0.00475 0.01393 -0.00327
v 0.00727 0.02857 -0.00390
v 0.00778 0.02860 -0.00338
v -0.00560 0.01476 -0.00418
v -0.00560 0.01394 -0.00328
v -0.00646 0.01480 -0.00332
v -0.00774 0.02861 -0.00339
v -0.00826 0.02859 -0.00391
v -0.00774 0.02857 -0.00442
# 50 verticies
vt 0.78861 0.70258
vt 0.77846 0.70258
vt 0.79295 0.69171
vt 0.76035 0.70475
vt 0.77122 0.70910
vt 0.77412 0.69171
vt 0.79585 0.70910
vt 0.80672 0.70475
vt 0.78861 0.72649
vt 0.77846 0.72649
vt 0.77122 0.71924
vt 0.79585 0.71924
vt 0.80672 0.72359
vt 0.79295 0.73663
vt 0.77412 0.73663
vt 0.76035 0.72359
vt 0.78360 0.75211
vt 0.78360 0.84863
vt 0.77723 0.75678
vt 0.78360 0.75678
vt 0.78897 0.75678
vt 0.78723 0.84863
vt 0.77997 0.84863
# 23 texture verticies
vn 0.74049 -0.60492 -0.29283
vn 0.74002 -0.63541 0.22053
vn 0.74177 -0.63958 -0.20176
vn -0.74298 -0.20172 0.63820
vn -0.74161 -0.29267 0.60362
vn -0.74311 -0.59405 0.30806
vn -0.74124 -0.60361 -0.29364
vn -0.74083 -0.21877 -0.63507
vn -0.74230 -0.30775 -0.59521
vn -0.74267 -0.63826 -0.20267
vn 1.00000 -0.00107 0.00088
vn 1.00000 -0.00079 0.00046
vn 1.00000 -0.00111 0.00080
vn 1.00000 -0.00127 0.00059
vn 1.00000 -0.00143 0.00087
vn 1.00000 -0.00088 0.00080
vn 1.00000 -0.00115 0.00070
vn -1.00000 0.00134 -0.00063
vn -1.00000 0.00105 -0.00085
vn -1.00000 0.00134 -0.00077
vn -1.00000 0.00116 -0.00082
vn -1.00000 0.00104 -0.00074
vn -1.00000 0.00107 -0.00089
vn -1.00000 0.00123 -0.00135
vn 1.00000 -0.00123 0.00135
vn 0.74129 0.29277 -0.60396
vn 0.74270 0.20187 -0.63847
vn 0.74282 0.59420 -0.30846
vn 0.74159 0.63391 -0.21955
vn 0.74302 0.63781 0.20278
vn 0.74139 0.60315 0.29421
vn 0.74191 0.30784 0.59566
vn 0.74047 0.21918 0.63534
vn 0.74175 -0.20321 0.63915
vn 0.74027 -0.29428 0.60449
vn 0.74151 -0.59548 0.30915
vn -0.74121 0.22042 0.63406
vn -0.74255 0.30930 0.59410
vn -0.74032 0.29396 -0.60458
vn -0.74026 0.63523 -0.22021
vn -0.74167 0.59533 -0.30905
vn -0.74186 0.20308 -0.63906
vn -0.74062 0.60479 0.29278
vn -0.74192 0.63939 0.20183
vn 0.74245 -0.30912 -0.59431
vn 0.74098 -0.22044 -0.63431
vn -0.74154 -0.63402 0.21942
vn -1.00000 0.00273 -0.00013
vn 0.98541 0.16940 -0.01670
vn 0.98442 0.17336 0.02936
vn -0.04333 0.05800 0.99738
vn 0.99078 -0.13252 -0.02830
vn 0.99099 -0.12979 0.03309
vn 0.11963 -0.03637 -0.99215
vn -0.03457 -0.01740 -0.99925
vn 0.38161 -0.92346 0.03991
vn 0.70628 -0.70727 0.03060
vn 0.36145 -0.63021 0.68716
vn -0.00116 -0.99910 0.04235
vn 0.00097 0.99912 -0.04197
vn 0.00097 0.99904 -0.04390
vn -0.36348 -0.68621 -0.63008
vn -0.38403 -0.92248 0.03937
vn -0.70752 -0.70605 0.03013
vn 0.36267 -0.68669 -0.63002
vn 0.04304 0.06072 0.99723
vn 0.04251 0.05785 0.99742
vn -0.98413 0.17532 0.02740
vn -0.98503 0.17147 -0.01769
vn -0.04492 0.06081 0.99714
vn -0.99100 -0.13037 -0.03030
vn -0.99128 -0.12771 0.03238
vn 0.03659 -0.01729 -0.99918
vn -0.11858 -0.03616 -0.99229
vn 0.00097 0.99904 -0.04390
vn 0.00097 0.99912 -0.04197
vn -0.00232 -0.99908 0.04274
vn -0.36364 -0.62999 0.68621
# 78 normals
usemtl Body
f  876/1099/1642 877/1100/1643 878/1101/1644
f  879/1102/1645 880/1103/1646 881/1104/1647
f  882/1099/1648 883/1105/1649 884/1106/1650
f  885/1101/1651 882/1099/1648 884/1106/1650
f  886/1107/1652 887/1108/1653 888/1105/1654
f  887/1108/1653 889/1109/1655 888/1105/1654
f  889/1109/1655 890/1103/1656 888/1105/1654
f  890/1103/1656 877/1100/1657 888/1105/1654
f  877/1100/1657 876/1099/1658 888/1105/1654
f  891/1100/1659 880/1103/1660 883/1105/1661
f  880/1103/1660 892/1109/1662 883/1105/1661
f  892/1109/1662 893/1108/1663 883/1105/1661
f  893/1108/1663 894/1107/1664 883/1105/1661
f  894/1107/1664 895/1110/1665 883/1105/1661
f  896/1110/1666 886/1107/1652 888/1105/1654
f  896/1110/1667 897/1111/1668 898/1112/1669
f  886/1107/1670 896/1110/1667 898/1112/1669
f  886/1107/1670 898/1112/1669 899/1113/1671
f  887/1108/1672 886/1107/1670 899/1113/1671
f  887/1108/1672 899/1113/1671 900/1114/1673
f  889/1109/1674 887/1108/1672 900/1114/1673
f  889/1109/1674 900/1114/1673 901/1102/1675
f  890/1103/1676 889/1109/1674 901/1102/1675
f  890/1103/1676 901/1102/1675 902/1104/1677
f  877/1100/1643 890/1103/1676 902/1104/1677
f  892/1109/1678 880/1103/1646 879/1102/1645
f  903/1114/1679 892/1109/1678 879/1102/1645
f  895/1110/1680 894/1107/1681 904/1112/1682
f  905/1111/1683 895/1110/1680 904/1112/1682
f  894/1107/1681 893/1108/1684 906/1113/1685
f  904/1112/1682 894/1107/1681 906/1113/1685
f  893/1108/1684 892/1109/1678 903/1114/1679
f  906/1113/1685 893/1108/1684 903/1114/1679
f  876/1099/1642 878/1101/1644 907/1106/1686
f  888/1105/1687 876/1099/1642 907/1106/1686
f  877/1100/1643 902/1104/1677 878/1101/1644
f  880/1103/1646 891/1100/1688 881/1104/1647
f  891/1100/1688 882/1099/1648 885/1101/1651
f  881/1104/1647 891/1100/1688 885/1101/1651
f  882/1099/1689 891/1100/1659 883/1105/1661
f  888/1105/1687 907/1106/1686 897/1111/1668
f  896/1110/1667 888/1105/1687 897/1111/1668
f  883/1105/1649 895/1110/1680 905/1111/1683
f  884/1106/1650 883/1105/1649 905/1111/1683
f  908/1115/1690 909/1116/1691 910/1117/1692
f  911/1116/1693 912/1118/1694 913/1119/1695
f  914/1120/1696 911/1116/1693 913/1119/1695
f  915/1115/1697 912/1118/1698 916/1117/1699
f  917/1115/1700 915/1115/1697 916/1117/1699
f  911/1116/1701 914/1120/1701 918/1116/1701
f  919/1121/1702 911/1116/1702 918/1116/1702
f  920/1119/1703 921/1115/1704 922/1118/1705
f  915/1115/1697 913/1119/1706 912/1118/1698
f  919/1121/1707 916/1117/1708 912/1118/1694
f  911/1116/1693 919/1121/1707 912/1118/1694
f  918/1116/1709 917/1115/1710 916/1117/1708
f  919/1121/1707 918/1116/1709 916/1117/1708
f  909/1116/1691 923/1121/1711 910/1117/1692
f  915/1115/1697 917/1115/1700 913/1119/1706
f  923/1121/1711 924/1116/1712 922/1118/1713
f  910/1117/1692 923/1121/1711 922/1118/1713
f  924/1116/1712 925/1120/1714 920/1119/1715
f  922/1118/1713 924/1116/1712 920/1119/1715
f  925/1120/1714 909/1116/1691 908/1115/1690
f  920/1119/1715 925/1120/1714 908/1115/1690
f  924/1116/1716 923/1121/1716 909/1116/1716
f  925/1120/1717 924/1116/1717 909/1116/1717
f  908/1115/1718 921/1115/1704 920/1119/1703
f  921/1115/1704 908/1115/1718 910/1117/1719
f  922/1118/1705 921/1115/1704 910/1117/1719
f  914/1120/1696 913/1119/1695 917/1115/1710
f  918/1116/1709 914/1120/1696 917/1115/1710
# object Abdomen
g Abdomen
v 0.00141 0.00463 0.00784
v 0.00077 0.00041 0.00605
v 0.00255 0.00086 0.00474
v 0.00303 0.00576 0.00615
v -0.00078 0.00041 0.00605
v -0.00142 0.00463 0.00784
v -0.00336 0.00135 0.00327
v -0.00256 0.00086 0.00474
v -0.00304 0.00576 0.00615
v 0.00419 0.00842 0.00253
v 0.00306 0.00835 0.00668
v -0.00421 0.00842 0.00253
v -0.00307 0.00834 0.00668
v -0.00307 0.01187 0.00720
v -0.00149 0.00805 0.00867
v -0.00112 0.01340 0.00942
v -0.00001 0.02088 0.00896
v -0.00274 0.02124 0.00789
v 0.00111 0.01340 0.00942
v 0.00306 0.01187 0.00720
v 0.00148 0.00805 0.00867
v 0.00272 0.02124 0.00789
v 0.00335 0.00135 0.00327
v -0.00343 0.02163 0.00675
v 0.00341 0.02163 0.00675
# 25 verticies
vt 0.86990 0.82753
vt 0.83156 0.83233
vt 0.83156 0.81752
vt 0.87408 0.81459
vt 0.83156 0.84527
vt 0.86990 0.85008
vt 0.83156 0.86674
vt 0.83156 0.86007
vt 0.87408 0.86301
vt 0.88425 0.80384
vt 0.89476 0.81437
vt 0.88424 0.87380
vt 0.89475 0.86323
vt 0.92237 0.86320
vt 0.89758 0.85060
vt 0.93941 0.84767
vt 0.99724 0.83882
vt 0.99724 0.86156
vt 0.93941 0.82995
vt 0.92237 0.81442
vt 0.89758 0.82701
vt 0.99724 0.81607
vt 0.83156 0.81087
vt 0.99724 0.86732
vt 0.99724 0.81033
# 25 texture verticies
vn 0.38768 -0.29726 0.87255
vn 0.32420 -0.40303 0.85584
vn 0.77388 -0.28312 0.56653
vn 0.87628 -0.14494 0.45948
vn -0.26224 -0.40277 0.87693
vn -0.44334 -0.29512 0.84638
vn -0.92422 -0.15830 0.34751
vn -0.77360 -0.28340 0.56677
vn -0.87609 -0.14515 0.45979
vn 0.96557 -0.05464 0.25436
vn 0.89172 -0.08100 0.44529
vn -0.96540 -0.05494 0.25491
vn -0.89146 -0.08123 0.44576
vn -0.85621 -0.03977 0.51510
vn -0.45847 -0.16181 0.87385
vn -0.34734 -0.03555 0.93707
vn 0.00018 0.10700 0.99426
vn -0.66282 0.03928 0.74775
vn 0.38137 -0.02475 0.92409
vn 0.85644 -0.03954 0.51472
vn 0.46947 -0.15354 0.86950
vn 0.66312 0.03946 0.74747
vn 0.92436 -0.15804 0.34725
vn -0.89331 -0.01219 0.44928
vn 0.89357 -0.01190 0.44877
# 25 normals
f  926/1122/1720 927/1123/1721 928/1124/1722 929/1125/1723
f  930/1126/1724 927/1123/1721 926/1122/1720 931/1127/1725
f  932/1128/1726 933/1129/1727 934/1130/1728
f  931/1127/1725 934/1130/1728 933/1129/1727 930/1126/1724
f  935/1131/1729 936/1132/1730 929/1125/1723
f  937/1133/1731 938/1134/1732 939/1135/1733
f  939/1135/1733 938/1134/1732 940/1136/1734 941/1137/1735
f  942/1138/1736 943/1139/1737 941/1137/1735
f  941/1137/1735 943/1139/1737 939/1135/1733
f  944/1140/1738 942/1138/1736 941/1137/1735
f  945/1141/1739 936/1132/1730 935/1131/1729
f  945/1141/1739 944/1140/1738 946/1142/1740 936/1132/1730
f  944/1140/1738 947/1143/1741 942/1138/1736
f  945/1141/1739 947/1143/1741 944/1140/1738
f  940/1136/1734 946/1142/1740 944/1140/1738 941/1137/1735
f  934/1130/1728 931/1127/1725 940/1136/1734 938/1134/1732
f  926/1122/1720 946/1142/1740 940/1136/1734 931/1127/1725
f  946/1142/1740 926/1122/1720 929/1125/1723 936/1132/1730
f  934/1130/1728 938/1134/1732 937/1133/1731
f  934/1130/1728 937/1133/1731 932/1128/1726
f  935/1131/1729 929/1125/1723 948/1144/1742
f  929/1125/1723 928/1124/1722 948/1144/1742
f  939/1135/1733 943/1139/1737 949/1145/1743
f  939/1135/1733 949/1145/1743 937/1133/1731
f  950/1146/1744 947/1143/1741 945/1141/1739
f  950/1146/1744 945/1141/1739 935/1131/1729
# object BackPlate
g BackPlate
v 0.00537 -0.03564 0.00074
v -0.00778 -0.02438 0.00318
v 0.00781 -0.02438 0.00318
v -0.00534 -0.03565 0.00074
v -0.00745 -0.02455 0.00395
v 0.00748 -0.02455 0.00394
# 6 verticies
vt 0.31824 0.30115
vt 0.23624 0.38115
vt 0.33524 0.38115
vt 0.25324 0.30115
vt 0.23824 0.37415
vt 0.33324 0.37415
# 6 texture verticies
vn 0.00001 0.21197 -0.97728
vn 0.00003 0.21199 -0.97727
vn -0.00019 0.21174 -0.97733
vn 0.00028 0.21227 -0.97721
vn -0.90449 -0.26781 0.33192
vn -0.90449 -0.26781 0.33192
vn 0.90381 -0.26819 0.33346
vn 0.00004 -0.27792 0.96061
vn -0.00027 -0.27826 0.96051
vn 0.00007 -0.27789 0.96061
vn 0.00033 -0.27761 0.96069
# 11 normals
f  951/1147/1745 952/1148/1746 953/1149/1747
f  951/1147/1745 954/1150/1748 952/1148/1746
f  952/1148/1749 954/1150/1750 955/1151/1749
f  951/1147/1751 953/1149/1751 956/1152/1751
f  955/1151/1752 954/1150/1753 951/1147/1754
f  955/1151/1752 951/1147/1754 956/1152/1755
# object WingTailL
g WingTailL
v -0.00081 0.00005 0.00813
v 0.00654 -0.00588 0.00696
v -0.01037 0.00194 0.00819
v -0.01037 0.00459 0.00892
v -0.01038 0.00188 0.00850
v -0.01037 -0.00271 0.00736
v -0.01038 -0.00139 0.00800
v -0.01226 -0.00039 0.00782
v -0.01245 0.00070 0.00837
v 0.00654 -0.02317 0.00330
v 0.00653 -0.02007 0.00468
v -0.01037 0.00459 0.00892
v -0.01188 0.00525 0.00903
v -0.01244 0.00083 0.00775
v -0.01037 -0.00126 0.00730
v 0.00655 -0.01978 0.00331
v 0.00654 -0.00588 0.00701
v -0.01037 0.00194 0.00819
v -0.01038 0.00188 0.00850
# 19 verticies
vt 0.78624 0.06215
vt 0.83624 0.00515
vt 0.77124 0.13615
vt 0.74824 0.13615
vt 0.81024 0.13615
vt 0.79824 0.13615
vt 0.79024 0.15215
vt 0.78024 0.15215
vt 0.98324 0.00515
vt 0.95624 0.00515
vt 0.74024 0.15215
# 11 texture verticies
vn 0.04425 0.25175 -0.96678
vn 0.04272 0.24405 -0.96882
vn 0.04626 0.26178 -0.96402
vn 0.04713 0.26614 -0.96278
vn -0.99982 0.00505 -0.01833
vn 0.00770 -0.15982 0.98712
vn 0.00410 -0.17802 0.98402
vn 0.00927 -0.15186 0.98836
vn 0.00134 -0.19194 0.98141
vn -0.30029 -0.41906 0.85687
vn -0.13953 -0.29165 0.94629
vn -0.32437 -0.45353 0.83012
vn -0.09692 -0.26056 0.96058
vn -0.26381 -0.39270 0.88102
vn -0.13672 -0.29074 0.94698
vn 0.01366 -0.14746 0.98897
vn 0.00974 -0.14541 0.98932
vn -0.05987 0.15624 -0.98590
vn 0.05157 0.27031 -0.96139
vn -0.10340 0.12138 -0.98720
vn 0.04757 0.27239 -0.96101
vn -0.29308 -0.07325 -0.95328
vn -0.26793 -0.03182 -0.96291
vn -0.09938 0.12353 -0.98735
vn -0.22815 0.00438 -0.97362
vn 0.01560 -0.16019 0.98696
vn 0.05340 0.25785 -0.96471
vn 0.05561 0.26580 -0.96242
vn -0.98809 -0.14576 -0.04941
vn -0.99973 -0.00918 -0.02128
vn -0.99973 -0.00944 -0.02134
vn -0.99237 0.12312 0.00633
vn 0.42287 0.88498 0.19492
vn 0.01798 -0.15151 0.98829
# 34 normals
f  957/1153/1756 958/1154/1757 959/1155/1758
f  960/1156/1759 957/1153/1756 959/1155/1758
f  961/1155/1760 960/1156/1760 959/1155/1760
f  961/1155/1761 957/1153/1762 960/1156/1763
f  961/1155/1761 958/1154/1764 957/1153/1762
f  962/1157/1765 963/1158/1766 964/1159/1767
f  964/1159/1767 963/1158/1766 965/1160/1768
f  966/1161/1769 967/1162/1770 962/1157/1765
f  962/1157/1765 967/1162/1770 963/1158/1766
f  963/1158/1766 968/1156/1771 965/1160/1768
f  965/1160/1768 968/1156/1771 969/1163/1772
f  970/1160/1773 968/1156/1774 971/1158/1775
f  969/1163/1776 968/1156/1774 970/1160/1773
f  970/1160/1773 971/1158/1775 964/1159/1777
f  964/1159/1777 971/1158/1775 962/1157/1778
f  971/1158/1775 972/1162/1779 962/1157/1778
f  962/1157/1778 972/1162/1779 966/1161/1780
f  967/1162/1770 973/1154/1781 963/1158/1766
f  971/1158/1775 973/1154/1782 972/1162/1779
f  974/1155/1783 973/1154/1782 971/1158/1775
f  964/1159/1784 965/1160/1785 970/1160/1786
f  970/1160/1786 965/1160/1785 969/1163/1787
f  975/1155/1788 973/1154/1788 974/1155/1788
f  963/1158/1766 973/1154/1781 975/1155/1789
# object WingTailR
g WingTailR
v 0.00081 0.00004 0.00815
v -0.00654 -0.00590 0.00704
v 0.01038 0.00187 0.00853
v 0.01037 0.00458 0.00895
v 0.01037 0.00194 0.00822
v 0.01038 -0.00272 0.00739
v 0.01037 -0.00125 0.00734
v 0.01226 -0.00040 0.00785
v 0.01244 0.00083 0.00779
v -0.00654 -0.02317 0.00330
v -0.00655 -0.01978 0.00331
v 0.01037 0.00458 0.00895
v 0.01188 0.00524 0.00907
v 0.01245 0.00069 0.00840
v 0.01038 -0.00142 0.00803
v -0.00653 -0.02007 0.00468
v -0.00654 -0.00588 0.00701
v 0.01038 0.00187 0.00853
v 0.01037 0.00194 0.00822
# 19 verticies
vt 0.78624 0.06215
vt 0.83624 0.00515
vt 0.77124 0.13615
vt 0.74824 0.13615
vt 0.81024 0.13615
vt 0.79824 0.13615
vt 0.79024 0.15215
vt 0.78024 0.15215
vt 0.98324 0.00515
vt 0.95624 0.00515
vt 0.74024 0.15215
# 11 texture verticies
vn -0.00822 -0.16662 0.98599
vn -0.00667 -0.17448 0.98464
vn -0.01024 -0.15636 0.98765
vn -0.01112 -0.15188 0.98834
vn 0.99985 0.00465 -0.01650
vn -0.04373 0.25843 -0.96504
vn -0.04016 0.24058 -0.96980
vn -0.04528 0.26618 -0.96286
vn -0.03741 0.22683 -0.97321
vn 0.26670 -0.02908 -0.96334
vn 0.10385 0.12256 -0.98701
vn 0.29145 -0.07131 -0.95393
vn 0.06101 0.15645 -0.98580
vn 0.22959 0.00458 -0.97328
vn 0.10102 0.12365 -0.98717
vn -0.04965 0.27042 -0.96146
vn -0.04573 0.27246 -0.96108
vn 0.09579 -0.26081 0.96063
vn -0.01558 -0.14754 0.98893
vn 0.13908 -0.29280 0.94600
vn -0.01158 -0.14546 0.98930
vn 0.32596 -0.45503 0.82867
vn 0.30148 -0.42137 0.85531
vn 0.13508 -0.29093 0.94716
vn 0.26238 -0.39303 0.88130
vn -0.05162 0.25797 -0.96477
vn -0.01738 -0.16028 0.98692
vn -0.01961 -0.15211 0.98817
vn 0.98808 -0.14574 -0.04951
vn 0.99976 -0.00953 -0.01962
vn 0.99976 -0.00980 -0.01968
vn 0.99243 0.12241 0.00965
vn -0.42278 0.88396 0.19967
vn -0.05398 0.26641 -0.96235
# 34 normals
f  976/1164/1790 977/1165/1791 978/1166/1792
f  979/1167/1793 976/1164/1790 978/1166/1792
f  980/1166/1794 979/1167/1794 978/1166/1794
f  980/1166/1795 976/1164/1796 979/1167/1797
f  980/1166/1795 977/1165/1798 976/1164/1796
f  981/1168/1799 982/1169/1800 983/1170/1801
f  983/1170/1801 982/1169/1800 984/1171/1802
f  985/1172/1803 986/1173/1804 981/1168/1799
f  981/1168/1799 986/1173/1804 982/1169/1800
f  982/1169/1800 987/1167/1805 984/1171/1802
f  984/1171/1802 987/1167/1805 988/1174/1806
f  989/1171/1807 987/1167/1808 990/1169/1809
f  988/1174/1810 987/1167/1808 989/1171/1807
f  989/1171/1807 990/1169/1809 983/1170/1811
f  983/1170/1811 990/1169/1809 981/1168/1812
f  990/1169/1809 991/1173/1813 981/1168/1812
f  981/1168/1812 991/1173/1813 985/1172/1814
f  986/1173/1804 992/1165/1815 982/1169/1800
f  990/1169/1809 992/1165/1816 991/1173/1813
f  993/1166/1817 992/1165/1816 990/1169/1809
f  983/1170/1818 984/1171/1819 989/1171/1820
f  989/1171/1820 984/1171/1819 988/1174/1821
f  994/1166/1822 992/1165/1822 993/1166/1822
f  982/1169/1800 992/1165/1815 994/1166/1823
# object WingL
g WingL
v -0.01939 -0.00430 0.00306
v -0.01562 -0.01501 0.00256
v -0.01822 -0.00379 0.00306
v -0.01940 -0.00428 0.00147
v -0.01823 -0.00377 0.00146
v -0.01564 -0.01499 0.00174
v -0.02102 -0.00132 0.00207
v -0.02724 -0.02356 0.00203
v -0.02820 -0.02003 0.00173
v -0.02552 -0.02303 0.00203
v -0.06185 -0.03230 0.00181
v -0.06185 -0.03230 0.00252
v -0.02820 -0.02003 0.00258
v -0.02482 -0.01848 0.00260
v -0.02481 -0.01845 0.00172
v -0.06401 -0.02492 0.00278
v -0.06373 -0.02614 0.00276
v -0.06373 -0.02614 0.00168
v -0.06500 -0.02670 0.00207
v -0.06353 -0.03304 0.00205
v -0.06317 -0.03458 0.00204
v -0.06132 -0.03402 0.00204
v -0.06447 -0.02356 0.00208
v -0.06401 -0.02494 0.00168
v -0.06534 -0.02522 0.00208
v -0.06191 -0.03233 0.00252
v -0.02729 -0.02358 0.00203
v -0.02826 -0.02005 0.00258
v -0.06138 -0.03404 0.00204
v -0.06191 -0.03233 0.00181
v -0.02826 -0.02005 0.00173
# 31 verticies
vt 0.66936 0.97412
vt 0.66474 0.90904
vt 0.67656 0.97412
vt 0.66941 0.97427
vt 0.67656 0.97427
vt 0.66466 0.90920
vt 0.66769 0.99356
vt 0.58591 0.89075
vt 0.58889 0.91158
vt 0.59590 0.88957
vt 0.38856 0.92434
vt 0.38856 0.92434
vt 0.60974 0.91195
vt 0.60981 0.91208
vt 0.39402 0.96821
vt 0.39269 0.96112
vt 0.38495 0.96112
vt 0.37832 0.92435
vt 0.37669 0.91536
vt 0.38741 0.91409
vt 0.39474 0.97642
vt 0.39400 0.96810
vt 0.38650 0.96966
vt 0.38822 0.92435
vt 0.58556 0.89076
vt 0.58854 0.91159
vt 0.38707 0.91410
# 27 texture verticies
vn -0.02388 0.04765 0.99858
vn 0.01982 -0.04022 0.99899
vn 0.02155 -0.03961 0.99898
vn -0.01752 0.03144 -0.99935
vn 0.00820 -0.02269 -0.99971
vn 0.01031 -0.02195 -0.99971
vn 0.87698 0.48049 0.00628
vn 0.02387 -0.07783 -0.99668
vn 0.01682 -0.04884 -0.99867
vn 0.02635 -0.07563 -0.99679
vn -0.40022 0.91629 0.01568
vn -0.40021 0.91629 0.01567
vn -0.40022 0.91629 0.01567
vn -0.40022 0.91629 0.01568
vn 0.34277 -0.93942 0.00010
vn 0.34277 -0.93942 0.00000
vn 0.34277 -0.93942 0.00009
vn 0.34277 -0.93942 -0.00000
vn -0.96478 -0.26308 -0.00000
vn 0.03081 -0.07292 0.99686
vn 0.01550 -0.03987 -0.99908
vn -0.10432 0.19761 0.97471
vn -0.14757 -0.05739 0.98739
vn -0.08725 -0.10497 0.99064
vn 0.03327 -0.08903 0.99547
vn 0.04914 -0.13716 0.98933
vn -0.04508 -0.05259 -0.99760
vn -0.09011 -0.02936 -0.99550
vn -0.43821 -0.10533 0.89268
vn -0.25772 -0.08559 0.96242
vn -0.08643 -0.15635 0.98391
vn 0.07611 -0.24644 0.96616
vn -0.27197 -0.05964 -0.96045
vn -0.13655 -0.04270 -0.98971
vn -0.04614 -0.07387 -0.99620
vn 0.03663 -0.12119 -0.99195
vn -0.12571 0.25796 0.95794
vn -0.20166 0.39449 0.89650
vn -0.12236 0.23862 -0.96337
vn -0.07913 0.16025 -0.98390
vn -0.06444 0.12127 -0.99053
vn 0.35235 -0.93548 -0.02688
vn 0.35239 -0.93545 -0.02737
vn 0.35276 -0.93514 -0.03271
vn 0.04357 -0.14204 0.98890
vn 0.98824 -0.15285 -0.00269
vn 0.35279 -0.93511 -0.03323
vn -0.47758 0.07078 0.87573
vn -0.46855 0.02678 0.88303
vn -0.44029 -0.11000 0.89109
vn -0.43824 -0.10525 0.89268
vn -0.29011 0.02105 -0.95676
vn -0.29658 0.05113 -0.95364
vn -0.27303 -0.06087 -0.96008
vn -0.31547 0.16597 -0.93431
vn -0.49617 0.26103 0.82806
vn -0.27216 -0.05919 -0.96043
vn 0.07342 -0.23667 0.96881
vn 0.05071 -0.14569 0.98803
vn 0.04938 -0.14040 0.98886
vn 0.03692 -0.12109 -0.99195
vn 0.03590 -0.11701 -0.99248
vn 0.02641 -0.07937 -0.99650
vn 0.02588 -0.07725 -0.99668
vn -0.95636 -0.29220 -0.00000
vn 0.96483 0.26286 0.00000
vn -0.34280 0.93941 0.00000
vn 0.07587 -0.24650 0.96617
# 68 normals
f  995/1175/1824 996/1176/1825 997/1177/1826
f  998/1178/1827 999/1179/1828 1000/1180/1829
f  995/1175/1830 998/1178/1830 1001/1181/1830
f  1002/1182/1831 1003/1183/1832 1004/1184/1833
f  997/1177/1834 999/1179/1835 998/1178/1836
f  997/1177/1834 998/1178/1836 995/1175/1837
f  1005/1185/1838 1003/1183/1839 1006/1186/1840
f  1006/1186/1840 1003/1183/1839 1007/1183/1841
f  1007/1183/1842 1003/1183/1842 1002/1182/1842
f  1008/1187/1843 996/1176/1825 995/1175/1824
f  1009/1188/1844 998/1178/1827 1000/1180/1829
f  995/1175/1824 1010/1189/1845 1011/1190/1846
f  995/1175/1824 1011/1190/1846 1006/1186/1847
f  995/1175/1824 1006/1186/1847 1007/1183/1848
f  1007/1183/1848 1004/1184/1849 1008/1187/1843
f  1003/1183/1832 1009/1188/1844 1004/1184/1833
f  1005/1185/1850 1012/1190/1851 998/1178/1827
f  1003/1183/1832 1005/1185/1850 998/1178/1827
f  998/1178/1827 1009/1188/1844 1003/1183/1832
f  1011/1190/1846 1013/1191/1852 1014/1192/1853
f  1011/1190/1846 1014/1192/1853 1006/1186/1847
f  1006/1186/1847 1014/1192/1853 1015/1193/1854
f  1016/1194/1855 1006/1186/1847 1015/1193/1854
f  1013/1191/1856 1012/1190/1851 1014/1192/1857
f  1014/1192/1857 1012/1190/1851 1005/1185/1850
f  1015/1193/1858 1014/1192/1857 1005/1185/1850
f  1015/1193/1858 1005/1185/1850 1016/1194/1859
f  995/1175/1824 1001/1181/1860 1010/1189/1845
f  1010/1189/1845 1001/1181/1860 1017/1195/1861
f  1017/1195/1862 1001/1181/1863 1018/1196/1864
f  1001/1181/1863 998/1178/1827 1018/1196/1864
f  1008/1187/1865 1009/1188/1866 996/1176/1867
f  1002/1182/1868 1004/1184/1849 1007/1183/1848
f  1004/1184/1869 1009/1188/1869 1008/1187/1869
f  995/1175/1824 1007/1183/1848 1008/1187/1843
f  996/1176/1867 1009/1188/1866 1000/1180/1870
f  1012/1190/1851 1018/1196/1864 998/1178/1827
usemtl BodyGlow
f  1010/1189/1871 1019/1197/1872 1011/1190/1873
f  1019/1197/1872 1013/1191/1874 1011/1190/1873
f  1019/1197/1875 1018/1196/1876 1012/1190/1877
f  1017/1195/1878 1018/1196/1876 1019/1197/1875
f  1017/1195/1879 1019/1197/1872 1010/1189/1871
f  1019/1197/1875 1012/1190/1877 1013/1191/1880
usemtl Body
f  1020/1198/1881 1021/1199/1882 1022/1200/1883
f  1023/1201/1884 1024/1198/1885 1021/1199/1886
f  1024/1198/1885 1025/1200/1887 1021/1199/1886
f  1020/1198/1888 1024/1198/1888 1023/1201/1888
f  1021/1199/1889 1025/1200/1889 1022/1200/1889
f  1020/1198/1890 1025/1200/1890 1024/1198/1890
f  1022/1200/1890 1025/1200/1890 1020/1198/1890
f  1023/1201/1891 1021/1199/1882 1020/1198/1881
# object WingR
g WingR
v 0.01927 -0.00425 0.00295
v 0.01927 -0.00423 0.00135
v 0.01809 -0.00374 0.00295
v 0.01550 -0.01494 0.00163
v 0.01810 -0.00371 0.00135
v 0.02467 -0.01841 0.00160
v 0.02467 -0.01843 0.00248
v 0.02537 -0.02299 0.00192
v 0.02805 -0.01999 0.00247
v 0.02805 -0.01999 0.00162
v 0.02708 -0.02352 0.00192
v 0.02090 -0.00127 0.00195
v 0.01548 -0.01496 0.00245
v 0.06168 -0.03231 0.00239
v 0.06168 -0.03231 0.00168
v 0.06116 -0.03403 0.00191
v 0.06299 -0.03460 0.00191
v 0.06336 -0.03305 0.00191
v 0.06358 -0.02616 0.00154
v 0.06484 -0.02671 0.00194
v 0.06358 -0.02616 0.00263
v 0.06385 -0.02493 0.00265
v 0.06385 -0.02495 0.00154
v 0.06431 -0.02357 0.00194
v 0.06519 -0.02524 0.00194
v 0.06358 -0.02616 0.00155
v 0.06385 -0.02495 0.00153
v 0.02714 -0.02354 0.00192
v 0.06174 -0.03234 0.00168
v 0.06121 -0.03405 0.00191
v 0.02811 -0.02001 0.00162
v 0.02811 -0.02001 0.00247
v 0.06174 -0.03234 0.00239
# 33 verticies
vt 0.70338 0.97480
vt 0.70333 0.97493
vt 0.69618 0.97479
vt 0.70803 0.90992
vt 0.69618 0.97494
vt 0.76289 0.91276
vt 0.76297 0.91263
vt 0.77680 0.89027
vt 0.78383 0.91224
vt 0.78382 0.91224
vt 0.78679 0.89143
vt 0.70506 0.99421
vt 0.70796 0.90976
vt 0.98422 0.92483
vt 0.98421 0.92482
vt 0.98536 0.91459
vt 0.99608 0.91583
vt 0.99446 0.92482
vt 0.98011 0.96158
vt 0.98785 0.96157
vt 0.97879 0.96866
vt 0.97881 0.96856
vt 0.97808 0.97687
vt 0.98632 0.97011
vt 0.78713 0.89144
vt 0.98456 0.92484
vt 0.98570 0.91460
vt 0.78417 0.91225
# 28 texture verticies
vn 0.40025 0.91629 0.01444
vn 0.40103 0.91594 0.01513
vn 0.40087 0.91601 0.01499
vn -0.01079 -0.02187 -0.99970
vn -0.00901 -0.02250 -0.99971
vn 0.01700 0.03147 -0.99936
vn -0.01611 -0.03987 -0.99907
vn 0.40166 0.91565 0.01568
vn -0.03054 -0.07286 0.99687
vn -0.04890 -0.13716 0.98934
vn -0.03298 -0.08897 0.99549
vn -0.02709 -0.07570 -0.99676
vn -0.01746 -0.04885 -0.99865
vn -0.02462 -0.07789 -0.99666
vn -0.87631 0.48170 0.00682
vn -0.02073 -0.03969 0.99900
vn -0.01939 -0.04017 0.99900
vn 0.02451 0.04757 0.99857
vn -0.35402 -0.93466 -0.03283
vn -0.35371 -0.93492 -0.02846
vn -0.35368 -0.93494 -0.02806
vn -0.04327 -0.14211 0.98891
vn -0.98841 -0.15177 -0.00232
vn -0.34411 -0.93893 -0.00008
vn -0.34411 -0.93893 -0.00005
vn -0.34414 -0.93892 0.00128
vn 0.96445 -0.26425 -0.00116
vn -0.35404 -0.93464 -0.03326
vn -0.34414 -0.93892 0.00132
vn -0.03737 -0.12097 -0.99195
vn 0.04442 -0.05265 -0.99762
vn 0.04548 -0.07377 -0.99624
vn 0.13590 -0.04291 -0.98979
vn 0.08972 -0.02957 -0.99553
vn 0.27202 -0.06021 -0.96041
vn 0.08744 -0.10501 0.99062
vn -0.07595 -0.24586 0.96633
vn 0.08648 -0.15627 0.98392
vn 0.25782 -0.08599 0.96236
vn 0.14801 -0.05769 0.98730
vn 0.43888 -0.10600 0.89227
vn 0.10502 0.19740 0.97468
vn 0.06418 0.12130 -0.99054
vn 0.12649 0.25771 0.95791
vn 0.20259 0.39411 0.89646
vn 0.12231 0.23861 -0.96338
vn 0.07884 0.16009 -0.98395
vn 0.47790 0.07005 0.87562
vn 0.46898 0.02604 0.88282
vn 0.49665 0.26008 0.82807
vn 0.27379 -0.06935 -0.95929
vn 0.30480 0.04446 -0.95138
vn 0.29438 0.01757 -0.95553
vn 0.44064 -0.11074 0.89083
vn 0.43875 -0.10633 0.89230
vn 0.32555 0.17048 -0.93003
vn 0.26837 -0.05889 -0.96151
vn -0.02703 -0.07948 -0.99647
vn -0.03649 -0.11683 -0.99248
vn -0.03751 -0.12087 -0.99196
vn -0.02649 -0.07738 -0.99665
vn -0.96441 0.26442 0.00000
vn 0.95569 -0.29438 -0.00000
vn 0.34411 0.93893 0.00000
vn -0.07319 -0.23620 0.96894
vn -0.05046 -0.14575 0.98803
vn -0.07564 -0.24597 0.96632
vn -0.04914 -0.14049 0.98886
# 68 normals
f  1026/1202/1892 1027/1203/1893 1028/1204/1894
f  1029/1205/1895 1030/1206/1896 1027/1203/1897
f  1029/1205/1895 1027/1203/1897 1031/1207/1898
f  1027/1203/1893 1030/1206/1899 1028/1204/1894
f  1032/1208/1900 1033/1209/1901 1034/1210/1902
f  1033/1209/1903 1031/1207/1898 1035/1211/1904
f  1033/1209/1903 1035/1211/1904 1036/1212/1905
f  1037/1213/1906 1027/1203/1906 1026/1202/1906
f  1028/1204/1907 1038/1214/1908 1026/1202/1909
f  1026/1202/1909 1038/1214/1908 1032/1208/1900
f  1038/1214/1910 1031/1207/1911 1032/1208/1912
f  1034/1210/1902 1033/1209/1901 1036/1212/1913
f  1032/1208/1914 1031/1207/1914 1033/1209/1914
f  1034/1210/1915 1035/1211/1916 1039/1215/1917
f  1036/1212/1918 1035/1211/1918 1034/1210/1918
f  1029/1205/1919 1031/1207/1911 1038/1214/1910
f  1039/1215/1917 1035/1211/1916 1040/1216/1920
f  1041/1217/1921 1040/1216/1922 1042/1218/1923
f  1042/1218/1923 1040/1216/1922 1043/1219/1924
f  1040/1216/1922 1044/1220/1925 1043/1219/1924
f  1043/1219/1924 1044/1220/1925 1045/1221/1926
f  1039/1215/1927 1041/1217/1928 1042/1218/1929
f  1039/1215/1927 1042/1218/1929 1043/1219/1930
f  1039/1215/1927 1043/1219/1930 1046/1220/1931
f  1046/1220/1931 1043/1219/1930 1045/1221/1932
f  1026/1202/1909 1046/1220/1931 1047/1222/1933
f  1026/1202/1909 1039/1215/1927 1046/1220/1931
f  1034/1210/1902 1039/1215/1927 1026/1202/1909
f  1032/1208/1900 1034/1210/1902 1026/1202/1909
f  1044/1220/1925 1027/1203/1897 1048/1223/1934
f  1027/1203/1897 1044/1220/1925 1040/1216/1922
f  1035/1211/1904 1027/1203/1897 1040/1216/1922
f  1031/1207/1898 1027/1203/1897 1035/1211/1904
f  1026/1202/1909 1047/1222/1933 1037/1213/1935
f  1047/1222/1933 1049/1224/1936 1037/1213/1935
f  1049/1224/1937 1048/1223/1934 1037/1213/1938
f  1037/1213/1938 1048/1223/1934 1027/1203/1897
usemtl BodyGlow
f  1047/1222/1939 1050/1225/1940 1049/1224/1941
f  1051/1220/1942 1052/1223/1943 1050/1225/1944
f  1046/1220/1945 1050/1225/1940 1047/1222/1939
f  1046/1220/1945 1045/1221/1946 1050/1225/1940
f  1050/1225/1944 1052/1223/1943 1049/1224/1947
f  1045/1221/1948 1051/1220/1942 1050/1225/1944
usemtl Body
f  1053/1226/1949 1054/1227/1950 1055/1228/1951
f  1053/1226/1949 1056/1229/1952 1054/1227/1950
f  1057/1229/1953 1056/1229/1953 1053/1226/1953
f  1055/1228/1954 1054/1227/1954 1058/1227/1954
f  1054/1227/1955 1056/1229/1955 1058/1227/1955
f  1058/1227/1955 1056/1229/1955 1057/1229/1955
f  1058/1227/1956 1053/1226/1957 1055/1228/1958
f  1057/1229/1959 1053/1226/1957 1058/1227/1956
