# Blender 4.5.3 LTS
# www.blender.org
mtllib vf1dF.mtl
o vf1d
v -0.015549 -0.009217 0.004838
v -0.006989 -0.018677 0.004548
v -0.005559 -0.003597 0.008038
v 0.006741 -0.018677 0.004548
v 0.005311 -0.003597 0.008028
v -0.017069 0.005233 0.005288
v -0.017069 0.005233 0.005288
v -0.019879 0.005233 0.002908
v -0.019879 0.005233 0.002908
v -0.019879 0.005233 0.002908
v -0.018119 -0.010167 0.002908
v -0.018119 -0.010167 0.002908
v -0.007349 -0.019217 0.002898
v -0.007349 -0.019217 0.002898
v 0.007111 -0.019217 0.002898
v 0.007111 -0.019217 0.002898
v 0.016821 0.005233 0.005278
v 0.016821 0.005233 0.005278
v 0.005911 0.005233 0.008798
v 0.005911 0.005233 0.008798
v 0.015301 -0.009217 0.004838
v 0.019631 0.005233 0.002898
v 0.019631 0.005233 0.002898
v 0.019631 0.005233 0.002898
v 0.017871 -0.010157 0.002898
v 0.017871 -0.010157 0.002898
v -0.009319 -0.021667 0.002778
v -0.006419 -0.010117 0.002778
v -0.006419 -0.010117 0.002778
v -0.014529 -0.021667 0.002778
v -0.006419 0.005233 0.002778
v -0.006419 0.005233 0.002778
v -0.006159 0.005233 0.008798
v -0.006159 0.005233 0.008798
v -0.004119 0.008133 0.008358
v 0.003881 0.008133 0.008358
v 0.003881 0.008133 0.008358
v -0.009319 -0.021667 0.002558
v -0.009319 -0.021667 0.002558
v -0.014529 -0.021667 0.002558
v -0.014529 -0.021667 0.002558
v 0.006181 -0.010117 0.002778
v 0.006181 -0.010117 0.002778
v 0.009071 -0.021667 0.002778
v 0.014281 -0.021667 0.002768
v 0.006181 0.005233 0.002778
v 0.006181 0.005233 0.002778
v 0.009071 -0.021667 0.002548
v 0.009071 -0.021667 0.002548
v 0.014281 -0.021667 0.002548
v 0.014281 -0.021667 0.002548
v 0.006181 -0.010117 0.001558
v 0.014951 -0.010117 0.001548
v 0.006171 0.005233 0.000858
v 0.016801 0.005233 0.000848
v 0.016801 0.005233 0.000848
v -0.015199 -0.010117 0.001558
v -0.006419 -0.010117 0.001558
v -0.017049 0.005233 0.000858
v -0.017049 0.005233 0.000858
v -0.006429 0.005233 0.000858
v 0.005841 0.005233 0.002888
v 0.005841 0.005233 0.002888
v 0.005841 0.005233 0.002888
v -0.006089 0.005233 0.002888
v -0.006089 0.005233 0.002888
v -0.006089 0.005233 0.002888
v 0.003871 0.008133 0.002888
v -0.004119 0.008133 0.002888
v -0.004119 0.008133 0.008358
v -0.004119 0.008133 0.002888
v 0.003871 0.008133 0.002888
v -0.005909 0.005233 0.000858
v 0.005671 0.005233 0.000858
v -0.007779 0.011993 0.004778
v -0.007779 0.011993 0.004778
v -0.006299 0.005233 0.003168
v -0.006299 0.005233 0.003168
v -0.007039 0.012763 0.003168
v -0.007039 0.012763 0.003168
v -0.007259 0.005233 0.005698
v -0.012249 0.012753 0.003168
v -0.012249 0.012753 0.003168
v -0.012989 0.005233 0.003168
v -0.012989 0.005233 0.003168
v -0.011429 0.011993 0.004778
v -0.011429 0.011993 0.004778
v -0.011949 0.005233 0.005708
v 0.006791 0.012763 0.003168
v 0.006791 0.012763 0.003168
v 0.006051 0.005233 0.003168
v 0.006051 0.005233 0.003168
v 0.007531 0.012003 0.004778
v 0.007531 0.012003 0.004778
v 0.007021 0.005233 0.005698
v 0.011181 0.012003 0.004778
v 0.011181 0.012003 0.004778
v 0.012741 0.005233 0.003158
v 0.012741 0.005233 0.003158
v 0.012001 0.012763 0.003158
v 0.012001 0.012763 0.003158
v 0.011701 0.005233 0.005698
v 0.001821 0.008133 0.009628
v 0.001821 0.008133 0.009628
v 0.001821 0.008133 0.009628
v 0.003081 0.008133 0.008358
v -0.003319 0.008133 0.008358
v -0.004339 0.008133 0.007288
v -0.004339 0.008133 0.007288
v -0.003379 0.003133 0.007078
v -0.002059 0.008133 0.009628
v -0.002059 0.008133 0.009628
v -0.002059 0.008133 0.009628
v -0.001239 0.003133 0.008968
v -0.001239 0.003133 0.008968
v -0.002129 -0.002067 0.006668
v -0.000339 -0.002067 0.007908
v -0.000339 -0.002067 0.007908
v -0.000119 0.008133 0.010258
v -0.000119 0.008133 0.010258
v -0.000119 0.003133 0.009338
v -0.000119 -0.002067 0.008008
v -0.000119 -0.002067 0.008008
v -0.004459 0.003133 0.001838
v -0.005279 0.008133 0.001728
v -0.005279 0.008133 0.001728
v -0.003279 -0.002067 0.001828
v 0.003131 0.003133 0.007078
v 0.003901 0.008133 0.007488
v 0.003901 0.008133 0.007488
v 0.000991 0.003133 0.008958
v 0.000991 0.003133 0.008958
v 0.000091 -0.002067 0.007908
v 0.000091 -0.002067 0.007908
v 0.001881 -0.002067 0.006668
v 0.004211 0.003133 0.001828
v 0.005031 0.008133 0.001728
v 0.005031 0.008133 0.001728
v 0.003031 -0.002067 0.001828
v -0.004119 0.008133 0.008358
v -0.000119 -0.002067 0.001828
v -0.000759 -0.005077 -0.000482
v -0.000759 -0.005077 -0.000482
v -0.000759 -0.002987 -0.010232
v -0.000759 -0.002987 -0.010232
v -0.000759 -0.002987 -0.010232
v -0.000759 -0.002597 0.000628
v -0.000759 -0.002597 0.000628
v -0.008069 -0.002597 0.000628
v -0.008069 -0.002597 0.000628
v -0.008079 -0.002987 -0.010222
v -0.008079 -0.002987 -0.010222
v -0.008079 -0.002987 -0.010222
v -0.008069 -0.005077 -0.000472
v -0.008069 -0.005077 -0.000472
v -0.008069 0.005983 -0.001262
v -0.008069 0.005983 -0.001262
v -0.008079 0.005863 -0.008822
v -0.008079 0.005863 -0.008822
v -0.000759 0.005993 -0.001272
v -0.000759 0.005993 -0.001272
v -0.000759 0.005863 -0.008822
v -0.000759 0.005863 -0.008822
v -0.002149 -0.006727 -0.002192
v -0.002149 -0.006727 -0.002192
v -0.002149 -0.013727 -0.002192
v -0.002149 -0.013727 -0.002192
v -0.002149 -0.006727 -0.007072
v -0.002149 -0.006727 -0.007072
v -0.001879 -0.001657 -0.007972
v -0.001879 -0.001657 -0.007972
v -0.001879 -0.005727 -0.001292
v -0.001879 -0.005727 -0.001292
v -0.001879 -0.005727 -0.007972
v -0.001879 -0.005727 -0.007972
v -0.003049 -0.015307 -0.003192
v -0.003049 -0.015307 -0.003192
v -0.003049 -0.015307 -0.006072
v -0.003049 -0.015307 -0.006072
v -0.002149 -0.013727 -0.007072
v -0.002149 -0.013727 -0.007072
v -0.006319 -0.006727 -0.007072
v -0.006319 -0.006727 -0.007072
v -0.006319 -0.013727 -0.007072
v -0.006319 -0.013727 -0.007072
v -0.006319 -0.006727 -0.002192
v -0.006319 -0.006727 -0.002192
v -0.006319 -0.013727 -0.002192
v -0.006319 -0.013727 -0.002192
v -0.005419 -0.015307 -0.006072
v -0.005419 -0.015307 -0.006072
v -0.005419 -0.015307 -0.003192
v -0.005419 -0.015307 -0.003192
v -0.001879 -0.001657 -0.001292
v -0.001879 -0.001657 -0.001292
v -0.006589 -0.001657 -0.007972
v -0.006589 -0.001657 -0.007972
v -0.006589 -0.005727 -0.007972
v -0.006589 -0.005727 -0.007972
v -0.006579 -0.001657 -0.001292
v -0.006579 -0.001657 -0.001292
v -0.006579 -0.005727 -0.001292
v -0.006579 -0.005727 -0.001292
v -0.006239 -0.031277 0.000078
v -0.006239 -0.031277 0.000078
v -0.006239 -0.031277 -0.008922
v -0.006239 -0.031277 -0.008922
v -0.005589 -0.035777 -0.006062
v -0.005589 -0.035777 -0.006062
v -0.005589 -0.035777 -0.000262
v -0.005589 -0.035777 -0.000262
v -0.001099 -0.035777 -0.000262
v -0.001099 -0.035777 -0.000262
v -0.001099 -0.035777 -0.000262
v -0.001099 -0.035777 -0.006052
v -0.001099 -0.035777 -0.006052
v -0.001099 -0.035777 -0.006052
v -0.000409 -0.031277 0.000078
v -0.000409 -0.031277 0.000078
v -0.000409 -0.031277 -0.008922
v -0.000409 -0.018507 -0.000922
v -0.000409 -0.018507 -0.000922
v -0.000399 -0.013757 -0.006672
v -0.000399 -0.013757 -0.006672
v -0.000399 -0.003257 -0.008922
v -0.000399 -0.003257 -0.008922
v -0.000399 -0.003257 -0.007422
v -0.000399 -0.003257 -0.007422
v -0.006239 -0.018507 -0.000922
v -0.006239 -0.018507 -0.000922
v -0.006239 -0.003257 -0.007422
v -0.006239 -0.003257 -0.007422
v -0.006239 -0.003257 -0.008922
v -0.006239 -0.003257 -0.008922
v -0.006239 -0.003257 -0.008922
v -0.006239 -0.013757 -0.006672
v -0.006239 -0.013757 -0.006672
v -0.002079 -0.013767 -0.005932
v -0.001309 -0.014517 -0.006732
v -0.005139 -0.014517 -0.006732
v -0.004449 -0.013767 -0.005932
v -0.005139 -0.014517 -0.002732
v -0.004459 -0.013767 -0.003532
v -0.001309 -0.014517 -0.002732
v -0.002079 -0.013767 -0.003532
v -0.005139 -0.018017 -0.001982
v -0.001319 -0.018017 -0.001982
v 0.007801 -0.005077 -0.000472
v 0.007801 -0.005077 -0.000472
v 0.007801 -0.002987 -0.010222
v 0.007801 -0.002987 -0.010222
v 0.007801 -0.002987 -0.010222
v 0.007801 -0.002597 0.000628
v 0.007801 -0.002597 0.000628
v 0.000491 -0.002597 0.000628
v 0.000491 -0.002597 0.000628
v 0.000491 -0.002987 -0.010222
v 0.000491 -0.002987 -0.010222
v 0.000491 -0.002987 -0.010222
v 0.000491 -0.005077 -0.000472
v 0.000491 -0.005077 -0.000472
v 0.000491 0.005983 -0.001262
v 0.000491 0.005983 -0.001262
v 0.000481 0.005863 -0.008812
v 0.000481 0.005863 -0.008812
v 0.007801 0.005993 -0.001262
v 0.007801 0.005993 -0.001262
v 0.007801 0.005863 -0.008812
v 0.007801 0.005863 -0.008812
v 0.006231 -0.006727 -0.002192
v 0.006231 -0.006727 -0.002192
v 0.006231 -0.013727 -0.002192
v 0.006231 -0.013727 -0.002192
v 0.006231 -0.006727 -0.007072
v 0.006231 -0.006727 -0.007072
v 0.006501 -0.001657 -0.007972
v 0.006501 -0.001657 -0.007972
v 0.006501 -0.005727 -0.001292
v 0.006501 -0.005727 -0.001292
v 0.006501 -0.005727 -0.007972
v 0.006501 -0.005727 -0.007972
v 0.005331 -0.015307 -0.003192
v 0.005331 -0.015307 -0.003192
v 0.005331 -0.015307 -0.006072
v 0.005331 -0.015307 -0.006072
v 0.006231 -0.013727 -0.007072
v 0.006231 -0.013727 -0.007072
v 0.002061 -0.006727 -0.007072
v 0.002061 -0.006727 -0.007072
v 0.002061 -0.013727 -0.007072
v 0.002061 -0.013727 -0.007072
v 0.002061 -0.006727 -0.002192
v 0.002061 -0.006727 -0.002192
v 0.002061 -0.013727 -0.002192
v 0.002061 -0.013727 -0.002192
v 0.002961 -0.015307 -0.006072
v 0.002961 -0.015307 -0.006072
v 0.002961 -0.015307 -0.003192
v 0.002961 -0.015307 -0.003192
v 0.006501 -0.001657 -0.001292
v 0.006501 -0.001657 -0.001292
v 0.001791 -0.001657 -0.007972
v 0.001791 -0.001657 -0.007972
v 0.001791 -0.005727 -0.007972
v 0.001791 -0.005727 -0.007972
v 0.001791 -0.001657 -0.001292
v 0.001791 -0.001657 -0.001292
v 0.001791 -0.005727 -0.001292
v 0.001791 -0.005727 -0.001292
v 0.005731 -0.035777 -0.006062
v 0.005731 -0.035777 -0.006062
v 0.006371 -0.031277 -0.008922
v 0.006371 -0.031277 -0.008922
v 0.006381 -0.031277 0.000078
v 0.006381 -0.031277 0.000078
v 0.005731 -0.035777 -0.000262
v 0.005731 -0.035777 -0.000262
v 0.000541 -0.031277 0.000078
v 0.000541 -0.031277 0.000078
v 0.001241 -0.035777 -0.006052
v 0.001241 -0.035777 -0.006052
v 0.001241 -0.035777 -0.006052
v 0.001241 -0.035777 -0.000262
v 0.001241 -0.035777 -0.000262
v 0.001241 -0.035777 -0.000262
v 0.000541 -0.031277 -0.008922
v 0.000541 -0.018507 -0.000922
v 0.000541 -0.018507 -0.000922
v 0.000541 -0.003257 -0.007422
v 0.000541 -0.003257 -0.007422
v 0.000541 -0.003257 -0.008922
v 0.000541 -0.003257 -0.008922
v 0.000541 -0.013757 -0.006672
v 0.000541 -0.013757 -0.006672
v 0.006371 -0.018507 -0.000922
v 0.006371 -0.018507 -0.000922
v 0.006371 -0.013757 -0.006672
v 0.006371 -0.013757 -0.006672
v 0.006371 -0.003257 -0.008922
v 0.006371 -0.003257 -0.008922
v 0.006371 -0.003257 -0.008922
v 0.006371 -0.003257 -0.007422
v 0.006371 -0.003257 -0.007422
v 0.005271 -0.014517 -0.006732
v 0.001451 -0.014517 -0.006732
v 0.002221 -0.013767 -0.005932
v 0.004591 -0.013767 -0.005932
v 0.005281 -0.014517 -0.002732
v 0.004591 -0.013767 -0.003532
v 0.002221 -0.013767 -0.003532
v 0.001451 -0.014517 -0.002732
v 0.005281 -0.018017 -0.001982
v 0.001451 -0.018017 -0.001982
v 0.004661 -0.036797 -0.007902
v 0.004661 -0.036797 -0.007902
v 0.004661 -0.036797 -0.007902
v 0.005431 -0.034927 -0.008112
v 0.005431 -0.034927 -0.008112
v 0.005431 -0.035677 -0.000402
v 0.004661 -0.038077 -0.000732
v 0.004661 -0.038077 -0.000732
v 0.004661 -0.038077 -0.000732
v 0.000071 -0.035677 -0.000402
v 0.000071 -0.035677 -0.000402
v 0.000071 -0.034927 -0.008112
v 0.000071 -0.034927 -0.008112
v 0.000951 -0.036797 -0.007902
v 0.000951 -0.036797 -0.007902
v 0.000951 -0.036797 -0.007902
v 0.000951 -0.038077 -0.000732
v 0.000951 -0.038077 -0.000732
v 0.000951 -0.038077 -0.000732
v 0.005431 -0.030797 -0.000402
v 0.005431 -0.030797 -0.007732
v 0.005431 -0.030797 -0.007732
v 0.004751 -0.027427 -0.006782
v 0.004751 -0.027427 -0.006782
v 0.004751 -0.027427 -0.001282
v 0.004751 -0.027427 -0.001282
v 0.001351 -0.027427 -0.006782
v 0.001351 -0.027427 -0.006782
v 0.000741 -0.030797 -0.007742
v 0.000741 -0.030797 -0.007742
v 0.000741 -0.030797 -0.000402
v 0.000741 -0.030797 -0.000402
v 0.001351 -0.027427 -0.001282
v 0.001351 -0.027427 -0.001282
v -0.001419 0.020353 -0.013582
v -0.001419 0.020353 -0.013582
v 0.001171 0.020353 -0.012072
v 0.001171 0.020353 -0.012072
v 0.001171 0.020353 -0.013582
v 0.001171 0.020353 -0.013582
v -0.001419 0.020353 -0.012072
v -0.001419 0.020353 -0.012072
v -0.000119 0.020353 -0.011312
v -0.000119 0.020353 -0.011312
v -0.000119 0.020353 -0.011312
v -0.000119 0.020353 -0.014332
v -0.000119 0.020353 -0.014332
v -0.000119 0.020353 -0.014332
v -0.001989 -0.016147 -0.011712
v -0.001989 -0.023647 -0.011712
v -0.000119 -0.016147 -0.010622
v -0.000119 -0.023647 -0.010622
v 0.001741 -0.016147 -0.011722
v 0.001751 -0.023647 -0.011722
v 0.001741 -0.016147 -0.013902
v 0.001741 -0.023647 -0.013902
v -0.000119 -0.023647 -0.014992
v -0.000129 -0.016147 -0.014992
v -0.001989 -0.023647 -0.013892
v -0.001989 -0.016147 -0.013892
v -0.000119 0.017353 -0.011022
v -0.000119 0.017353 -0.011022
v 0.001421 0.017353 -0.011922
v 0.001421 0.017353 -0.013722
v -0.000119 0.017353 -0.014622
v -0.000119 0.017353 -0.014622
v -0.001669 0.017353 -0.013722
v -0.001669 0.017353 -0.011922
v -0.000119 0.010853 -0.015962
v -0.000119 0.010853 -0.015962
v -0.001109 0.013873 -0.014912
v -0.000119 0.013873 -0.016172
v -0.000119 0.013873 -0.016172
v 0.000871 0.013873 -0.014912
v -0.002789 -0.016147 -0.011312
v -0.002789 -0.016147 -0.011312
v -0.002789 0.010853 -0.011312
v -0.002789 0.010853 -0.014312
v -0.002789 -0.016147 -0.014312
v -0.002789 -0.016147 -0.014312
v -0.002199 0.017353 -0.014022
v -0.002199 0.017353 -0.014022
v 0.001961 0.017353 -0.014022
v 0.001961 0.017353 -0.014022
v -0.000119 0.017353 -0.015232
v -0.000119 0.017353 -0.015232
v -0.000119 0.017353 -0.015232
v 0.001961 0.017353 -0.011602
v 0.001961 0.017353 -0.011602
v -0.002199 0.017353 -0.011602
v -0.002199 0.017353 -0.011602
v -0.000119 0.017353 -0.010392
v -0.000119 0.017353 -0.010392
v -0.000119 0.017353 -0.010392
v -0.000119 -0.016147 -0.016012
v -0.000119 -0.016147 -0.016012
v 0.002551 -0.016147 -0.014312
v 0.002551 -0.016147 -0.011312
v -0.000119 -0.016147 -0.009612
v -0.000119 -0.016147 -0.009612
v -0.000119 0.010853 -0.009612
v -0.000119 0.010853 -0.009612
v 0.002551 0.010853 -0.011312
v 0.002551 0.010853 -0.014312
v 0.000171 -0.013737 -0.007232
v -0.000399 -0.013737 -0.007232
v -0.000119 -0.010067 -0.007792
v -0.000399 -0.015567 -0.001452
v 0.000181 -0.015567 -0.001452
v -0.000399 -0.018097 -0.002022
v 0.000181 -0.018097 -0.002022
v 0.000171 -0.016407 -0.008362
v -0.000399 -0.016407 -0.008362
v -0.000399 -0.019227 -0.010052
v 0.000171 -0.019227 -0.010052
v -0.000119 -0.006547 -0.010052
v -0.005929 0.005233 0.002778
v -0.005929 0.005233 0.002778
v -0.005929 0.005233 0.002778
v -0.005929 0.005233 0.002778
v -0.004119 0.008133 0.002888
v -0.004119 0.008133 0.002888
v -0.006089 0.005233 0.008838
v -0.006089 0.005233 0.008838
v -0.013389 0.019123 0.005548
v -0.013389 0.019123 0.005548
v -0.013389 0.019123 0.005548
v -0.019889 0.005233 0.002908
v -0.019889 0.005233 0.002908
v -0.019889 0.005233 0.002908
v -0.017049 0.005233 0.005288
v -0.017049 0.005233 0.005288
v -0.017049 0.005233 0.005288
v -0.005539 0.025193 0.005548
v -0.005539 0.025193 0.005548
v 0.005841 0.005233 0.008828
v 0.005841 0.005233 0.008828
v 0.013141 0.019123 0.005548
v 0.013141 0.019123 0.005548
v 0.013141 0.019123 0.005548
v 0.005281 0.025193 0.005548
v 0.005281 0.025193 0.005548
v 0.005281 0.025193 0.005548
v 0.016801 0.005233 0.005278
v 0.016801 0.005233 0.005278
v 0.016801 0.005233 0.005278
v 0.003881 0.008133 0.008358
v 0.003881 0.008133 0.008358
v -0.004119 0.008133 0.008358
v -0.004119 0.008133 0.008358
v 0.015361 0.019933 0.002898
v 0.015361 0.019933 0.002898
v 0.015361 0.019933 0.002898
v 0.005801 0.027123 0.002898
v 0.005801 0.027123 0.002898
v 0.005801 0.027123 0.002898
v -0.006049 0.027123 0.002898
v -0.006049 0.027123 0.002898
v -0.015609 0.019933 0.002898
v -0.015609 0.019933 0.002898
v -0.015609 0.019933 0.002898
v 0.019651 0.005233 0.002768
v 0.019651 0.005233 0.002768
v 0.019651 0.005233 0.002768
v 0.005681 0.005233 0.002778
v 0.005681 0.005233 0.002778
v 0.003871 0.008133 0.002888
v 0.003871 0.008133 0.002888
v -0.005929 0.014393 0.001138
v -0.005929 0.005233 0.000858
v -0.005929 0.005233 0.000858
v -0.016059 0.014383 0.001538
v -0.017049 0.005233 0.000858
v -0.017049 0.005233 0.000858
v -0.005929 0.014693 0.002768
v -0.017169 0.014703 0.002858
v 0.016801 0.005233 0.000848
v 0.016801 0.005233 0.000848
v 0.005671 0.005233 0.000858
v 0.005671 0.005233 0.000858
v 0.015811 0.014383 0.001528
v 0.005671 0.014393 0.001138
v 0.005671 0.014693 0.002768
v 0.016911 0.014703 0.002858
v -0.005639 0.019823 0.001538
v -0.004179 0.019823 -0.001332
v -0.004179 0.019823 -0.001332
v -0.004089 0.007903 -0.001032
v -0.004089 0.007903 -0.001032
v -0.004089 0.007903 -0.001032
v -0.005279 0.007903 0.001728
v -0.005279 0.007903 0.001728
v -0.005119 0.019823 0.006948
v -0.004339 0.007903 0.007288
v -0.004339 0.007903 0.007288
v -0.002609 0.019823 0.010848
v -0.002609 0.019823 0.010848
v -0.002059 0.007903 0.009628
v -0.002059 0.007903 0.009628
v -0.002059 0.007903 0.009628
v -0.000129 0.007903 -0.001942
v -0.000129 0.007903 -0.001942
v -0.000129 0.019823 -0.001942
v -0.000119 0.019823 0.011848
v -0.000119 0.007903 0.010258
v -0.000119 0.007903 0.010258
v 0.003841 0.007903 -0.001042
v 0.003841 0.007903 -0.001042
v 0.003841 0.007903 -0.001042
v 0.003931 0.019823 -0.001342
v 0.003931 0.019823 -0.001342
v 0.005391 0.019823 0.001528
v 0.005031 0.007903 0.001728
v 0.005031 0.007903 0.001728
v 0.004101 0.007903 0.007288
v 0.004101 0.007903 0.007288
v 0.004871 0.019823 0.006938
v 0.002361 0.019823 0.010848
v 0.002361 0.019823 0.010848
v 0.001821 0.007903 0.009628
v 0.001821 0.007903 0.009628
v 0.001821 0.007903 0.009628
v -0.007869 0.014783 0.003128
v -0.007869 0.014783 0.003128
v -0.007859 0.017083 -0.003842
v -0.007859 0.017083 -0.003842
v -0.008339 0.028223 0.001818
v -0.008339 0.028223 0.001818
v -0.008339 0.028223 0.001818
v -0.007479 0.010763 -0.002952
v -0.007479 0.010763 -0.002952
v -0.008049 0.015183 -0.006902
v -0.008049 0.015183 -0.006902
v -0.008049 0.015183 -0.006902
v -0.007769 0.010513 -0.007022
v -0.007769 0.010513 -0.007022
v -0.007869 0.011143 0.003348
v -0.007869 0.011143 0.003348
v -0.016059 0.010763 -0.002962
v -0.016059 0.010763 -0.002962
v -0.015679 0.010523 -0.006922
v -0.015679 0.010523 -0.006922
v -0.015399 0.011143 0.003348
v -0.015399 0.011143 0.003348
v -0.013689 0.026223 0.001938
v -0.013689 0.026223 0.001938
v -0.015949 0.015593 -0.003752
v -0.015949 0.015593 -0.003752
v -0.015399 0.014783 0.003128
v -0.015399 0.014783 0.003128
v -0.015589 0.014383 -0.006862
v -0.015589 0.014383 -0.006862
v -0.015589 0.014383 -0.006862
v -0.017229 0.006003 -0.002922
v -0.015829 0.006013 -0.003682
v -0.015829 0.002303 -0.002172
v -0.017229 0.006003 -0.001392
v -0.015829 0.005993 -0.000622
v -0.015829 0.010823 -0.004282
v -0.017799 0.010813 -0.003202
v -0.017809 0.010803 -0.001042
v -0.015829 0.010793 0.000038
v -0.016559 0.013523 -0.003582
v -0.015829 0.014323 -0.003632
v -0.016559 0.013503 -0.000632
v -0.015829 0.014303 -0.000582
v -0.015829 0.015803 -0.002092
v -0.017699 0.011713 -0.002122
v -0.009909 -0.006107 0.001008
v -0.009909 -0.006107 0.001008
v -0.009909 -0.006107 0.001008
v -0.008449 0.000203 -0.002142
v -0.009299 0.000193 0.002078
v -0.009299 0.000193 0.002078
v -0.010189 -0.008097 -0.002162
v -0.010189 -0.008097 -0.002162
v -0.011049 -0.008097 -0.004692
v -0.011049 -0.008097 -0.004692
v -0.009489 0.000213 -0.006412
v -0.009489 0.000213 -0.006412
v -0.014639 0.000193 0.002078
v -0.014639 0.000193 0.002078
v -0.015499 0.000203 -0.002142
v -0.013849 -0.006107 0.001008
v -0.013849 -0.006107 0.001008
v -0.013849 -0.006107 0.001008
v -0.013569 -0.008097 -0.002162
v -0.013569 -0.008097 -0.002162
v -0.014449 0.000213 -0.006412
v -0.014449 0.000213 -0.006412
v -0.012709 -0.008097 -0.004692
v -0.012709 -0.008097 -0.004692
v -0.008729 0.010293 0.002708
v -0.008729 0.010293 0.002708
v -0.007679 0.010303 -0.002112
v -0.009479 0.014603 0.000858
v -0.009479 0.014603 0.000858
v -0.008719 0.014603 -0.002102
v -0.008729 0.010323 -0.007102
v -0.009479 0.014613 -0.004952
v -0.009479 0.014613 -0.004952
v -0.014509 0.014603 0.000858
v -0.014509 0.014603 0.000858
v -0.016219 0.010303 -0.002112
v -0.015169 0.010293 0.002708
v -0.015269 0.014603 -0.002102
v -0.014509 0.014613 -0.004952
v -0.014509 0.014613 -0.004952
v -0.015169 0.010313 -0.007102
v -0.015169 0.010313 -0.007102
v -0.017679 -0.009967 -0.004942
v -0.017679 -0.009967 -0.004942
v -0.018899 -0.020457 -0.005242
v -0.018899 -0.020457 -0.005242
v -0.018899 -0.020457 -0.000002
v -0.018899 -0.020457 -0.000002
v -0.017679 -0.009967 -0.000202
v -0.017679 -0.009967 -0.000202
v -0.006369 -0.020457 -0.000002
v -0.006369 -0.020457 -0.005242
v -0.007059 -0.009967 -0.004942
v -0.007059 -0.009967 -0.000202
v -0.008339 -0.002227 -0.000442
v -0.008339 -0.002227 -0.000442
v -0.009289 -0.009967 0.002428
v -0.009289 -0.009967 0.002428
v -0.014819 -0.009967 0.002428
v -0.014819 -0.009967 0.002428
v -0.015769 -0.002227 -0.000442
v -0.015769 -0.002227 -0.000442
v -0.019379 -0.044977 -0.005842
v -0.019379 -0.044977 -0.005842
v -0.015769 -0.055307 -0.006792
v -0.015769 -0.055307 -0.006792
v -0.015769 -0.055307 -0.006792
v -0.015769 -0.055357 0.000598
v -0.015769 -0.055357 0.000598
v -0.019379 -0.044977 -0.000002
v -0.019379 -0.044977 -0.000002
v -0.014819 -0.044477 -0.010822
v -0.009289 -0.009967 -0.008332
v -0.009289 -0.009967 -0.008332
v -0.008339 -0.000727 -0.004412
v -0.008339 -0.000727 -0.004412
v -0.008339 -0.000727 -0.004412
v -0.015769 -0.000727 -0.004412
v -0.015769 -0.000727 -0.004412
v -0.015769 -0.000727 -0.004412
v -0.014819 -0.009967 -0.008322
v -0.014819 -0.009967 -0.008322
v -0.008329 -0.055357 0.000598
v -0.008329 -0.055357 0.000598
v -0.006369 -0.044977 -0.005852
v -0.006369 -0.044977 -0.000002
v -0.008339 -0.055307 -0.006792
v -0.008339 -0.055307 -0.006792
v -0.008339 -0.055307 -0.006792
v -0.009289 -0.044477 -0.010822
v -0.009289 -0.044477 -0.010822
v -0.014819 -0.044977 0.004428
v -0.014819 -0.044977 0.004428
v -0.009289 -0.020457 0.003628
v -0.009289 -0.020457 0.003628
v -0.009279 -0.044977 0.004428
v -0.014819 -0.020457 -0.010122
v -0.014819 -0.020457 -0.010122
v -0.009289 -0.020457 -0.010122
v -0.009289 -0.020457 -0.010122
v -0.014819 -0.020457 0.003628
v -0.014819 -0.020457 0.003628
v -0.018049 -0.040387 -0.012782
v -0.018949 -0.029387 -0.013742
v -0.014879 -0.024397 -0.009152
v -0.015249 -0.043887 -0.009212
v -0.015629 -0.029387 -0.008912
v -0.014499 -0.044577 -0.009322
v -0.014499 -0.048777 -0.009842
v -0.015839 -0.048217 -0.003242
v -0.009589 -0.044577 -0.009322
v -0.009589 -0.048777 -0.009842
v -0.009589 -0.062867 -0.008442
v -0.008449 -0.060107 -0.003242
v -0.015739 -0.060107 -0.003242
v -0.014509 -0.062867 -0.008442
v -0.008359 -0.048217 -0.003242
v 0.008101 0.028223 0.001818
v 0.008101 0.028223 0.001818
v 0.008101 0.028223 0.001818
v 0.007621 0.017083 -0.003842
v 0.007621 0.017083 -0.003842
v 0.007631 0.014783 0.003128
v 0.007631 0.014783 0.003128
v 0.007241 0.010763 -0.002952
v 0.007241 0.010763 -0.002952
v 0.007811 0.015183 -0.006902
v 0.007811 0.015183 -0.006902
v 0.007811 0.015183 -0.006902
v 0.007531 0.010513 -0.007022
v 0.007531 0.010513 -0.007022
v 0.007631 0.011143 0.003348
v 0.007631 0.011143 0.003348
v 0.015441 0.010523 -0.006922
v 0.015441 0.010523 -0.006922
v 0.015821 0.010763 -0.002962
v 0.015821 0.010763 -0.002962
v 0.015161 0.011143 0.003348
v 0.015161 0.011143 0.003348
v 0.015161 0.014783 0.003128
v 0.015161 0.014783 0.003128
v 0.015711 0.015593 -0.003752
v 0.015711 0.015593 -0.003752
v 0.013451 0.026223 0.001938
v 0.013451 0.026223 0.001938
v 0.015351 0.014383 -0.006862
v 0.015351 0.014383 -0.006862
v 0.015351 0.014383 -0.006862
v 0.015591 0.002303 -0.002172
v 0.015591 0.006013 -0.003682
v 0.016991 0.006003 -0.002922
v 0.016991 0.006003 -0.001392
v 0.015591 0.005993 -0.000622
v 0.015591 0.010823 -0.004282
v 0.017561 0.010813 -0.003202
v 0.017571 0.010803 -0.001042
v 0.015591 0.010793 0.000038
v 0.016321 0.013523 -0.003582
v 0.015591 0.014323 -0.003632
v 0.016321 0.013503 -0.000632
v 0.015591 0.014303 -0.000582
v 0.015591 0.015803 -0.002092
v 0.017461 0.011713 -0.002122
v 0.009061 0.000193 0.002078
v 0.009061 0.000193 0.002078
v 0.008211 0.000203 -0.002142
v 0.009671 -0.006107 0.001008
v 0.009671 -0.006107 0.001008
v 0.009671 -0.006107 0.001008
v 0.009951 -0.008097 -0.002162
v 0.009951 -0.008097 -0.002162
v 0.009251 0.000213 -0.006412
v 0.009251 0.000213 -0.006412
v 0.010811 -0.008097 -0.004692
v 0.010811 -0.008097 -0.004692
v 0.013611 -0.006107 0.001008
v 0.013611 -0.006107 0.001008
v 0.013611 -0.006107 0.001008
v 0.015261 0.000203 -0.002142
v 0.014401 0.000193 0.002078
v 0.014401 0.000193 0.002078
v 0.013331 -0.008097 -0.002162
v 0.013331 -0.008097 -0.002162
v 0.012471 -0.008097 -0.004692
v 0.012471 -0.008097 -0.004692
v 0.014211 0.000213 -0.006412
v 0.014211 0.000213 -0.006412
v 0.009241 0.014603 0.000858
v 0.009241 0.014603 0.000858
v 0.007441 0.010303 -0.002112
v 0.008491 0.010293 0.002708
v 0.008491 0.010293 0.002708
v 0.008481 0.014603 -0.002102
v 0.009241 0.014613 -0.004952
v 0.009241 0.014613 -0.004952
v 0.008491 0.010323 -0.007102
v 0.014931 0.010293 0.002708
v 0.015981 0.010303 -0.002112
v 0.014271 0.014603 0.000858
v 0.014271 0.014603 0.000858
v 0.015031 0.014603 -0.002102
v 0.014931 0.010313 -0.007102
v 0.014931 0.010313 -0.007102
v 0.014271 0.014613 -0.004952
v 0.014271 0.014613 -0.004952
v 0.018701 -0.020457 0.000018
v 0.018701 -0.020457 0.000018
v 0.018701 -0.020457 -0.005232
v 0.018701 -0.020457 -0.005232
v 0.017471 -0.009957 -0.004932
v 0.017471 -0.009957 -0.004932
v 0.017471 -0.009957 -0.000182
v 0.017471 -0.009957 -0.000182
v 0.006861 -0.009957 -0.004932
v 0.006171 -0.020457 -0.005232
v 0.006171 -0.020457 0.000018
v 0.006861 -0.009957 -0.000182
v 0.009091 -0.009957 0.002438
v 0.009091 -0.009957 0.002438
v 0.008141 -0.002227 -0.000422
v 0.008141 -0.002227 -0.000422
v 0.015571 -0.002227 -0.000422
v 0.015571 -0.002227 -0.000422
v 0.014621 -0.009957 0.002438
v 0.014621 -0.009957 0.002438
v 0.015571 -0.055357 0.000618
v 0.015571 -0.055357 0.000618
v 0.015571 -0.055297 -0.006782
v 0.015571 -0.055297 -0.006782
v 0.015571 -0.055297 -0.006782
v 0.019181 -0.044967 -0.005832
v 0.019181 -0.044967 -0.005832
v 0.019181 -0.044967 0.000018
v 0.019181 -0.044967 0.000018
v 0.014621 -0.044477 -0.010812
v 0.008131 -0.000727 -0.004392
v 0.008131 -0.000727 -0.004392
v 0.008131 -0.000727 -0.004392
v 0.009081 -0.009957 -0.008312
v 0.009081 -0.009957 -0.008312
v 0.014621 -0.009957 -0.008312
v 0.014621 -0.009957 -0.008312
v 0.015571 -0.000727 -0.004392
v 0.015571 -0.000727 -0.004392
v 0.015571 -0.000727 -0.004392
v 0.006171 -0.044977 0.000018
v 0.006171 -0.044977 -0.005832
v 0.008141 -0.055357 0.000618
v 0.008141 -0.055357 0.000618
v 0.008141 -0.055297 -0.006782
v 0.008141 -0.055297 -0.006782
v 0.008141 -0.055297 -0.006782
v 0.009091 -0.044477 -0.010812
v 0.009091 -0.044477 -0.010812
v 0.014621 -0.044967 0.004438
v 0.014621 -0.044967 0.004438
v 0.009091 -0.020457 0.003638
v 0.009091 -0.020457 0.003638
v 0.009091 -0.044977 0.004438
v 0.014621 -0.020457 -0.010112
v 0.014621 -0.020457 -0.010112
v 0.009081 -0.020457 -0.010112
v 0.009081 -0.020457 -0.010112
v 0.014621 -0.020457 0.003638
v 0.014621 -0.020457 0.003638
v 0.014671 -0.024387 -0.009142
v 0.018741 -0.029377 -0.013732
v 0.017851 -0.040377 -0.012762
v 0.015051 -0.043887 -0.009202
v 0.015421 -0.029377 -0.008902
v 0.015601 -0.048217 -0.003242
v 0.014261 -0.048777 -0.009842
v 0.014261 -0.044577 -0.009322
v 0.009351 -0.048777 -0.009842
v 0.009351 -0.044577 -0.009322
v 0.008211 -0.060107 -0.003242
v 0.009351 -0.062867 -0.008442
v 0.014271 -0.062867 -0.008442
v 0.015501 -0.060107 -0.003242
v 0.008121 -0.048217 -0.003242
v 0.003901 0.021883 0.005578
v 0.003861 0.021883 -0.004772
v 0.003861 0.021883 -0.004772
v 0.002561 0.029233 -0.001932
v 0.002561 0.029233 -0.001932
v 0.002581 0.029233 0.003458
v -0.004129 0.021913 0.005608
v -0.002769 0.029253 0.003478
v -0.002789 0.029253 -0.001912
v -0.002789 0.029253 -0.001912
v -0.004169 0.021913 -0.004752
v -0.004169 0.021913 -0.004752
v 0.002511 0.012313 -0.003142
v 0.002511 0.012313 -0.003142
v 0.002511 0.012313 -0.003142
v 0.003851 0.017423 -0.004772
v 0.003851 0.017423 -0.004772
v 0.003871 0.017423 0.000368
v 0.002521 0.012313 -0.000522
v 0.002521 0.012313 -0.000522
v -0.004159 0.017443 0.000398
v -0.004179 0.017443 -0.004752
v -0.004179 0.017443 -0.004752
v -0.002869 0.012333 -0.003122
v -0.002869 0.012333 -0.003122
v -0.002869 0.012333 -0.003122
v -0.002859 0.012333 -0.000502
v -0.002859 0.012333 -0.000502
v -0.004149 0.017443 0.005608
v -0.004149 0.017443 0.005608
v 0.003881 0.017423 0.005578
v 0.003881 0.017423 0.005578
v 0.002261 0.013353 -0.000392
v 0.002261 0.013353 -0.000392
v 0.002271 0.013233 0.002308
v 0.002271 0.013233 0.002308
v -0.002579 0.013243 0.002328
v -0.002579 0.013243 0.002328
v -0.002589 0.013373 -0.000372
v -0.002589 0.013373 -0.000372
v -0.002489 0.030343 -0.001462
v 0.002271 0.030333 -0.001472
v 0.002301 0.029233 -0.001542
v -0.002539 0.029253 -0.001522
v 0.002271 0.030333 0.000508
v 0.002311 0.029233 0.000568
v -0.002529 0.029253 0.000588
v -0.002479 0.030343 0.000528
v 0.002321 0.029233 0.003078
v 0.002281 0.030333 0.003008
v -0.002469 0.030343 0.003028
v -0.002519 0.029253 0.003088
v 0.002311 0.029233 0.000958
v 0.002281 0.030333 0.001028
v -0.002529 0.029253 0.000978
v -0.002479 0.030343 0.001048
v -0.003479 0.024193 0.004188
v -0.003459 0.024193 0.007558
v 0.003261 0.024163 0.007528
v 0.003251 0.024163 0.004168
v 0.003231 0.016023 0.007528
v 0.003231 0.016023 0.007528
v 0.003221 0.016023 0.004168
v 0.003221 0.016023 0.004168
v -0.003489 0.016053 0.007558
v -0.003489 0.016053 0.007558
v -0.003499 0.016053 0.004188
v -0.003499 0.016053 0.004188
v 0.002731 0.030983 0.010758
v 0.002731 0.030983 0.010758
v 0.003231 0.026633 0.009428
v 0.003231 0.026633 0.009428
v 0.003231 0.026633 0.009428
v 0.003231 0.026633 0.009428
v 0.002431 0.026633 0.010988
v 0.002431 0.026633 0.010988
v 0.002431 0.026633 0.010988
v 0.003701 0.031853 0.007238
v 0.003701 0.031853 0.007238
v 0.003701 0.031853 0.007238
v 0.001201 0.030463 0.012508
v 0.001201 0.030463 0.012508
v 0.000651 0.026633 0.012368
v 0.000651 0.026633 0.012368
v 0.000651 0.026633 0.012368
v -0.001449 0.030463 0.012508
v -0.001449 0.030463 0.012508
v -0.000899 0.026633 0.012368
v -0.000899 0.026633 0.012368
v -0.000899 0.026633 0.012368
v -0.003479 0.026633 0.009428
v -0.003479 0.026633 0.009428
v -0.003479 0.026633 0.009428
v -0.003479 0.026633 0.009428
v -0.002979 0.030983 0.010758
v -0.002979 0.030983 0.010758
v -0.002679 0.026633 0.010988
v -0.002679 0.026633 0.010988
v -0.002679 0.026633 0.010988
v -0.003949 0.031853 0.007238
v -0.003949 0.031853 0.007238
v -0.003949 0.031853 0.007238
v 0.006251 0.031423 0.002268
v 0.006251 0.027043 0.002768
v 0.011671 0.031433 0.002268
v 0.012221 0.027053 0.002768
v -0.011929 0.032293 0.002058
v -0.011929 0.032293 0.002058
v -0.006499 0.028623 0.002058
v -0.006499 0.028623 0.002058
v -0.012479 0.028623 0.002058
v -0.012479 0.028623 0.002058
v -0.006499 0.032293 0.002058
v -0.006499 0.032293 0.002058
v 0.006251 0.028623 0.002058
v 0.006251 0.028623 0.002058
v 0.011671 0.032293 0.002048
v 0.011671 0.032293 0.002048
v 0.012221 0.028623 0.002048
v 0.012221 0.028623 0.002048
v 0.006251 0.032293 0.002058
v 0.006251 0.032293 0.002058
v -0.013639 0.028623 0.002058
v -0.013639 0.028623 0.002058
v -0.006049 0.027123 0.002898
v -0.006049 0.027123 0.002898
v -0.005929 0.028623 0.002058
v -0.005929 0.028623 0.002058
v -0.013639 0.027043 0.002768
v -0.013639 0.027043 0.002768
v -0.005929 0.014703 0.002768
v -0.005929 0.014703 0.002768
v -0.017049 0.014703 0.002778
v -0.017049 0.014703 0.002778
v -0.016059 0.014403 0.001538
v -0.005929 0.014403 0.001138
v -0.011929 0.031423 0.002268
v -0.006499 0.031423 0.002268
v 0.013381 0.028623 0.002048
v 0.013381 0.028623 0.002048
v 0.005801 0.027123 0.002898
v 0.005801 0.027123 0.002898
v 0.013381 0.027053 0.002768
v 0.013381 0.027053 0.002768
v 0.005671 0.028623 0.002058
v 0.005671 0.028623 0.002058
v 0.005671 0.014703 0.002768
v 0.005671 0.014703 0.002768
v 0.016801 0.014703 0.002768
v 0.016801 0.014703 0.002768
v 0.015811 0.014403 0.001528
v 0.005671 0.014403 0.001138
v -0.006499 0.027043 0.002768
v -0.012479 0.027043 0.002768
v -0.000889 0.076233 0.000868
v -0.000889 0.076233 0.000868
v -0.002759 0.066043 -0.001242
v -0.002759 0.066043 -0.001242
v -0.003099 0.065713 0.000968
v -0.000129 0.048633 0.007988
v -0.000129 0.048633 0.007988
v 0.002601 0.047133 0.007348
v 0.002601 0.047133 0.007348
v 0.002601 0.047133 0.007348
v 0.002801 0.048633 0.006698
v 0.002801 0.048633 0.006698
v 0.002801 0.048633 0.006698
v -0.000129 0.047133 0.008488
v -0.000129 0.047133 0.008488
v -0.000129 0.047133 0.008488
v -0.004719 0.049903 0.003798
v -0.005639 0.032453 0.001338
v -0.005219 0.032953 0.005638
v -0.005219 0.032953 0.005638
v -0.005049 0.051203 0.000538
v -0.004149 0.048633 0.005348
v -0.004149 0.048633 0.005348
v 0.005391 0.032453 0.001328
v 0.004461 0.049903 0.003798
v 0.004971 0.032953 0.005638
v 0.004971 0.032953 0.005638
v 0.004791 0.051203 0.000528
v 0.003891 0.048633 0.005348
v 0.003891 0.048633 0.005348
v 0.002231 0.024633 0.010988
v 0.002231 0.024633 0.010988
v 0.002231 0.024633 0.010988
v -0.000119 0.019823 0.011848
v 0.002361 0.019823 0.010848
v 0.002361 0.019823 0.010848
v -0.000119 0.024633 0.012258
v -0.000119 0.024633 0.012258
v -0.004279 0.032203 -0.001432
v -0.004279 0.032203 -0.001432
v -0.003909 0.052503 -0.002232
v -0.003909 0.052503 -0.002232
v -0.002089 0.065233 0.003288
v -0.002089 0.065233 0.003288
v -0.003059 0.048633 0.006698
v -0.003059 0.048633 0.006698
v -0.003059 0.048633 0.006698
v -0.005119 0.019823 0.006948
v -0.005639 0.019823 0.001538
v -0.000129 0.075333 -0.000052
v -0.000129 0.075333 -0.000052
v -0.000129 0.076833 0.000768
v -0.000129 0.076833 0.000768
v -0.000129 0.032153 -0.002042
v -0.000129 0.053103 -0.002942
v -0.000129 0.066173 -0.002032
v -0.000129 0.064913 0.004588
v -0.000129 0.076833 0.001538
v 0.004031 0.032203 -0.001442
v 0.004031 0.032203 -0.001442
v 0.003651 0.052503 -0.002242
v 0.003651 0.052503 -0.002242
v 0.002831 0.065713 0.000968
v 0.002501 0.066043 -0.001242
v 0.002501 0.066043 -0.001242
v 0.001831 0.065233 0.003288
v 0.001831 0.065233 0.003288
v 0.000631 0.076233 0.000868
v 0.000631 0.076233 0.000868
v -0.003549 0.047133 0.006148
v -0.003549 0.047133 0.006148
v -0.003549 0.047133 0.006148
v -0.004329 0.033153 0.006438
v -0.004329 0.033153 0.006438
v -0.004329 0.033153 0.006438
v -0.002859 0.047133 0.007348
v -0.002859 0.047133 0.007348
v -0.002859 0.047133 0.007348
v 0.003291 0.047133 0.006148
v 0.003291 0.047133 0.006148
v 0.003291 0.047133 0.006148
v 0.004071 0.033153 0.006438
v 0.004071 0.033153 0.006438
v 0.004071 0.033153 0.006438
v -0.003879 0.024633 0.008928
v -0.003879 0.024633 0.008928
v -0.004179 0.019823 -0.001332
v -0.004179 0.019823 -0.001332
v -0.002829 0.031893 0.010598
v -0.004119 0.033153 0.006438
v -0.003029 0.031893 0.010698
v -0.003029 0.031893 0.010698
v -0.002609 0.019823 0.010848
v -0.002609 0.019823 0.010848
v -0.002479 0.024633 0.010988
v -0.002479 0.024633 0.010988
v -0.002479 0.024633 0.010988
v -0.000129 0.019823 -0.001942
v 0.003931 0.019823 -0.001342
v 0.003931 0.019823 -0.001342
v 0.005391 0.019823 0.001528
v 0.004871 0.019823 0.006938
v 0.003631 0.024633 0.008928
v 0.003631 0.024633 0.008928
v -0.001479 0.031383 0.012508
v -0.001479 0.031383 0.012508
v -0.001329 0.031383 0.012308
v 0.002781 0.031893 0.010698
v 0.002781 0.031893 0.010698
v 0.001231 0.031383 0.012508
v 0.001231 0.031383 0.012508
v 0.002581 0.031893 0.010598
v 0.001081 0.031383 0.012308
v 0.003871 0.033153 0.006438
v -0.001009 0.042033 0.009388
v -0.001009 0.042033 0.009388
v 0.001131 0.042033 0.008188
v 0.001131 0.042033 0.008188
v 0.000761 0.042033 0.009388
v 0.000761 0.042033 0.009388
v -0.002219 0.033633 0.010188
v 0.002871 0.033633 0.006188
v 0.001971 0.033633 0.010188
v 0.001971 0.035433 0.010188
v 0.002471 0.037433 0.006188
v -0.002729 0.037433 0.006188
v -0.002219 0.035433 0.010188
v -0.003129 0.033633 0.006188
v 0.002371 0.042033 0.008188
v 0.002371 0.042033 0.008188
v 0.002871 0.042033 0.006188
v 0.002871 0.042033 0.006188
v 0.002171 0.047233 0.006788
v 0.002671 0.047233 0.006188
v -0.002929 0.047233 0.006188
v -0.003129 0.042033 0.006188
v -0.003129 0.042033 0.006188
v -0.002429 0.047233 0.006788
v -0.002629 0.042033 0.008188
v -0.002629 0.042033 0.008188
v 0.000761 0.047233 0.007788
v 0.000961 0.047233 0.006788
v -0.001219 0.047233 0.006788
v -0.001009 0.047233 0.007788
v -0.001389 0.042033 0.008188
v -0.001389 0.042033 0.008188
v 0.002871 0.026433 0.009388
v 0.002871 0.030833 0.007388
v 0.001971 0.026433 0.009788
v 0.001971 0.030833 0.009788
v -0.003129 0.030833 0.007388
v -0.002219 0.030833 0.009788
v -0.002219 0.026433 0.009788
v -0.003129 0.026433 0.009388
v -0.003059 0.034453 0.010388
v -0.003049 0.037873 0.009788
v -0.001539 0.034803 0.012218
v -0.001189 0.039983 0.011268
v 0.000941 0.039983 0.011268
v 0.002801 0.037873 0.009788
v 0.002811 0.034453 0.010388
v 0.001291 0.034803 0.012208
v -0.004699 0.057533 -0.001252
v -0.003719 0.054983 -0.002102
v -0.004269 0.052693 -0.001362
v -0.004189 0.057533 -0.002132
v -0.004409 0.054953 -0.000312
v -0.004269 0.057533 0.000138
v -0.003099 0.057533 -0.002242
v -0.003359 0.063253 -0.000512
v -0.004769 0.060903 -0.001132
v -0.003799 0.060653 0.000218
v -0.003169 0.064033 -0.001212
v -0.002879 0.063233 -0.001752
v -0.002639 0.060763 -0.002162
v -0.004269 0.060953 -0.002022
v 0.004441 0.057533 -0.001252
v 0.003461 0.054983 -0.002102
v 0.003931 0.057533 -0.002132
v 0.004011 0.052693 -0.001372
v 0.004151 0.054953 -0.000322
v 0.004011 0.057533 0.000138
v 0.002841 0.057533 -0.002242
v 0.003101 0.063253 -0.000512
v 0.003541 0.060653 0.000218
v 0.004511 0.060903 -0.001132
v 0.002911 0.064033 -0.001212
v 0.004001 0.060953 -0.002022
v 0.002381 0.060763 -0.002162
v 0.002621 0.063233 -0.001752
v 0.005251 -0.006057 0.004778
v -0.007899 -0.017587 0.004748
v 0.007691 -0.017587 0.004748
v -0.005459 -0.006057 0.004778
v -0.007569 -0.017587 0.003958
v 0.007361 -0.017587 0.003968
v -0.004829 -0.039437 -0.001052
v -0.004829 -0.039437 -0.001052
v -0.004789 -0.033007 -0.001042
v 0.004591 -0.039437 -0.001052
v 0.004591 -0.039437 -0.001052
v 0.004551 -0.033007 -0.001042
v 0.005081 -0.022277 0.000018
v -0.005319 -0.022277 0.000008
v 0.007441 -0.017797 0.003848
v 0.007441 -0.017797 0.003848
v -0.007679 -0.017797 0.003848
v -0.007679 -0.017797 0.003848
v -0.007679 -0.039447 0.003788
v -0.007679 -0.039447 0.003788
v -0.007679 -0.039447 0.003788
v 0.007441 -0.039447 0.003798
v 0.007441 -0.039447 0.003798
v 0.007441 -0.039447 0.003798
v -0.005409 -0.049607 0.003868
v -0.005409 -0.049607 0.003868
v 0.005171 -0.049607 0.003868
v 0.005171 -0.049607 0.003868
v -0.007299 -0.039457 0.004848
v 0.007061 -0.039457 0.004848
v -0.007299 -0.017797 0.004848
v 0.007061 -0.017807 0.004848
v -0.005669 -0.035677 -0.000402
v -0.005669 -0.034927 -0.008112
v -0.005669 -0.034927 -0.008112
v -0.004899 -0.036797 -0.007892
v -0.004899 -0.036797 -0.007892
v -0.004899 -0.036797 -0.007892
v -0.004899 -0.038077 -0.000732
v -0.004899 -0.038077 -0.000732
v -0.004899 -0.038077 -0.000732
v -0.001189 -0.036797 -0.007902
v -0.001189 -0.036797 -0.007902
v -0.001189 -0.036797 -0.007902
v -0.000309 -0.034927 -0.008112
v -0.000309 -0.034927 -0.008112
v -0.000309 -0.035677 -0.000402
v -0.000309 -0.035677 -0.000402
v -0.001189 -0.038077 -0.000732
v -0.001189 -0.038077 -0.000732
v -0.001189 -0.038077 -0.000732
v -0.004989 -0.027427 -0.006782
v -0.004989 -0.027427 -0.006782
v -0.005669 -0.030797 -0.007732
v -0.005669 -0.030797 -0.007732
v -0.005669 -0.030797 -0.000402
v -0.004989 -0.027427 -0.001282
v -0.004989 -0.027427 -0.001282
v -0.000979 -0.030797 -0.000402
v -0.000979 -0.030797 -0.000402
v -0.000979 -0.030797 -0.007742
v -0.000979 -0.030797 -0.007742
v -0.001589 -0.027427 -0.006782
v -0.001589 -0.027427 -0.006782
v -0.001589 -0.027427 -0.001282
v -0.001589 -0.027427 -0.001282
v 0.002551 -0.023737 -0.011242
v -0.000119 -0.016237 -0.009542
v -0.000119 -0.023737 -0.009542
v 0.002551 -0.016237 -0.011242
v 0.002551 -0.023737 -0.014242
v 0.002551 -0.016237 -0.014242
v -0.000119 -0.023737 -0.015942
v -0.000119 -0.016237 -0.015942
v -0.002789 -0.023737 -0.014232
v -0.002789 -0.016237 -0.014232
v -0.002789 -0.023737 -0.011232
v -0.002789 -0.016237 -0.011232
v -0.000319 -0.028737 -0.011842
v -0.000319 -0.023737 -0.009542
v -0.000319 -0.023737 -0.015942
v -0.000319 -0.028737 -0.013642
v 0.000081 -0.023737 -0.015942
v 0.000081 -0.028737 -0.011842
v 0.000081 -0.028737 -0.013642
v 0.000081 -0.023737 -0.009542
v -0.000319 -0.030237 -0.018442
v -0.000319 -0.026737 -0.018442
v 0.000081 -0.026737 -0.018442
v 0.000081 -0.030237 -0.018442
v -0.000319 -0.030237 -0.015942
v 0.000081 -0.030237 -0.015942
v -0.000319 -0.026737 -0.006542
v 0.000081 -0.026737 -0.006542
v -0.000319 -0.030237 -0.006542
v 0.000081 -0.030237 -0.006542
v 0.000671 -0.028737 -0.012272
v -0.000119 -0.028737 -0.011812
v -0.000909 -0.028737 -0.012272
v -0.000909 -0.028737 -0.013202
v -0.000119 -0.028737 -0.013662
v 0.000671 -0.028737 -0.013202
v -0.000319 -0.030237 -0.009542
v 0.000081 -0.030237 -0.009542
v 0.005671 0.005333 0.000928
v 0.016801 0.005333 0.005318
v 0.005671 0.005333 0.005228
v 0.016851 0.005333 0.000928
v -0.017289 0.005333 0.005308
v -0.006159 0.005333 0.000928
v -0.006159 0.005333 0.005218
v -0.017339 0.005333 0.000918
v -0.013399 -0.008597 -0.007062
v -0.013399 -0.008597 -0.007062
v -0.009479 0.002763 -0.008252
v -0.009479 0.002763 -0.008252
v -0.009479 0.002763 -0.008252
v -0.010519 -0.008597 -0.007062
v -0.010519 -0.008597 -0.007062
v -0.014439 0.002763 -0.008252
v -0.014439 0.002763 -0.008252
v -0.014439 0.002763 -0.008252
v -0.008149 -0.005347 -0.000392
v -0.008149 -0.005347 -0.000392
v -0.015769 -0.005347 -0.000392
v -0.015769 -0.005347 -0.000392
v -0.014509 -0.047047 0.003168
v -0.015739 -0.060107 -0.003242
v -0.014509 -0.062867 0.002088
v -0.015839 -0.048217 -0.003242
v -0.009589 -0.062867 0.002098
v -0.008449 -0.060107 -0.003242
v -0.009589 -0.047047 0.003178
v -0.008359 -0.048217 -0.003242
v 0.010321 -0.008587 -0.007052
v 0.010321 -0.008587 -0.007052
v 0.009271 0.002773 -0.008242
v 0.009271 0.002773 -0.008242
v 0.009271 0.002773 -0.008242
v 0.013191 -0.008587 -0.007052
v 0.013191 -0.008587 -0.007052
v 0.014241 0.002773 -0.008242
v 0.014241 0.002773 -0.008242
v 0.014241 0.002773 -0.008242
v 0.015571 -0.005337 -0.000382
v 0.015571 -0.005337 -0.000382
v 0.007951 -0.005337 -0.000372
v 0.007951 -0.005337 -0.000372
v 0.014271 -0.062867 0.002088
v 0.015501 -0.060107 -0.003242
v 0.014271 -0.047047 0.003168
v 0.015601 -0.048217 -0.003242
v 0.009351 -0.047047 0.003178
v 0.008211 -0.060107 -0.003242
v 0.009351 -0.062867 0.002098
v 0.008121 -0.048217 -0.003242
v 0.005621 0.017103 -0.002112
v 0.005621 0.017163 -0.000552
v 0.004011 0.015433 -0.002722
v -0.004249 0.017713 0.002158
v -0.005849 0.018323 0.000488
v -0.004249 0.015563 0.000188
v -0.005849 0.017113 -0.002122
v -0.005849 0.018163 -0.003262
v -0.004249 0.017413 -0.004872
v -0.004249 0.015443 -0.002722
v 0.005621 0.020853 -0.002272
v 0.005621 0.020923 -0.000712
v 0.005621 0.018153 -0.003252
v 0.005621 0.019863 0.000428
v 0.005621 0.018313 0.000498
v -0.005849 0.017183 -0.000562
v -0.005849 0.019883 0.000418
v -0.005849 0.020933 -0.000722
v -0.005849 0.020863 -0.002282
v -0.005849 0.019723 -0.003332
v 0.005621 0.019703 -0.003322
v 0.004021 0.020323 -0.004992
v 0.004021 0.022463 -0.003022
v 0.004021 0.022593 -0.000112
v 0.004021 0.020623 0.002038
v 0.004011 0.017703 0.002168
v 0.004011 0.015553 0.000198
v -0.004249 0.020633 0.002038
v -0.004239 0.022473 -0.003032
v -0.004239 0.020323 -0.005002
v -0.004239 0.022603 -0.000112
v 0.004021 0.017403 -0.004872
v -0.004859 0.020073 -0.001512
v -0.007339 0.034723 -0.002142
v -0.005719 0.020973 -0.000682
v 0.008181 0.034703 -0.002132
v 0.006361 0.020923 -0.001542
v 0.005491 0.020883 -0.002402
v 0.007661 0.034683 -0.002642
v 0.005491 0.020063 -0.001502
v 0.005491 0.020963 -0.000682
v 0.004631 0.020063 -0.001502
v 0.007151 0.034703 -0.002132
v 0.007661 0.034733 -0.001612
v -0.005719 0.020893 -0.002412
v -0.005719 0.020073 -0.001512
v -0.006579 0.020933 -0.001552
v -0.007859 0.034743 -0.001622
v -0.008379 0.034723 -0.002142
v -0.007859 0.034703 -0.002652
v 0.002431 0.006993 0.006508
v 0.001291 0.010803 0.009608
v 0.000651 0.006553 0.007818
v 0.002911 0.011943 0.007918
v -0.001539 0.010803 0.009608
v -0.000899 0.006553 0.007818
v -0.003479 0.007493 0.005038
v -0.002679 0.006993 0.006508
v -0.003159 0.011943 0.007918
v 0.004071 0.014633 0.004298
v 0.002941 0.014553 0.008448
v -0.004329 0.014633 0.004298
v -0.003189 0.014553 0.008448
v -0.003189 0.018113 0.008968
v -0.001609 0.014263 0.010438
v -0.001239 0.019653 0.011188
v -0.000129 0.027213 0.010728
v -0.002859 0.027573 0.009658
v 0.000991 0.019663 0.011188
v 0.002941 0.018113 0.008968
v 0.001361 0.014263 0.010438
v 0.002601 0.027573 0.009658
v 0.003231 0.007493 0.005038
v -0.003549 0.027963 0.008518
v 0.003291 0.027963 0.008518
v 0.005251 -0.006057 0.004778
v -0.007899 -0.017587 0.004748
v 0.007691 -0.017587 0.004748
v -0.005459 -0.006057 0.004778
v -0.007569 -0.017587 0.003958
v 0.007361 -0.017587 0.003968
v 0.009181 -0.042507 0.011688
v 0.006461 -0.036467 0.004868
v 0.012931 -0.044377 0.020498
v 0.012781 -0.047117 0.020558
v 0.012631 -0.044377 0.020618
v 0.012781 -0.039647 0.020558
v 0.012451 -0.041077 0.020698
v 0.013491 -0.042017 0.022308
v 0.013271 -0.043197 0.022598
v 0.006421 -0.018787 0.004878
v 0.005771 -0.022117 0.005148
v 0.012781 -0.047117 0.020558
v 0.013351 -0.047777 0.021958
v 0.013851 -0.043197 0.022358
v 0.013111 -0.041057 0.020428
v 0.007071 -0.022107 0.004618
v 0.006421 -0.036477 0.004878
v 0.012931 -0.044377 0.020498
v 0.012631 -0.044377 0.020618
v -0.009409 -0.042507 0.011698
v -0.006619 -0.036467 0.004898
v -0.012839 -0.044377 0.020628
v -0.012989 -0.047117 0.020568
v -0.013139 -0.044377 0.020508
v -0.012989 -0.039647 0.020568
v -0.013319 -0.041077 0.020438
v -0.013699 -0.042017 0.022318
v -0.014059 -0.043197 0.022368
v -0.006659 -0.018787 0.004878
v -0.007309 -0.022117 0.004618
v -0.012989 -0.047117 0.020568
v -0.013559 -0.047777 0.021968
v -0.013469 -0.043197 0.022608
v -0.012659 -0.041057 0.020708
v -0.006009 -0.022107 0.005148
v -0.006659 -0.036477 0.004878
v -0.012839 -0.044377 0.020628
v -0.013139 -0.044377 0.020508
v -0.019509 0.001833 0.004828
v -0.015739 -0.008877 0.004328
v -0.018339 0.002343 0.004828
v -0.019519 0.001853 0.003238
v -0.018349 0.002363 0.003228
v -0.015759 -0.008857 0.003508
v -0.021139 0.004813 0.003838
v -0.027359 -0.017427 0.003798
v -0.028319 -0.013897 0.003508
v -0.025639 -0.016897 0.003798
v -0.061969 -0.026167 0.003578
v -0.061969 -0.026167 0.004288
v -0.028319 -0.013897 0.004348
v -0.024939 -0.012347 0.004368
v -0.024929 -0.012317 0.003488
v -0.064129 -0.018787 0.004548
v -0.063849 -0.020007 0.004528
v -0.063849 -0.020007 0.003448
v -0.065119 -0.020567 0.003838
v -0.063649 -0.026907 0.003818
v -0.063289 -0.028447 0.003808
v -0.061439 -0.027887 0.003808
v -0.064589 -0.017427 0.003848
v -0.064129 -0.018807 0.003448
v -0.062029 -0.026197 0.004288
v -0.027409 -0.017447 0.003798
v -0.028379 -0.013917 0.004348
v -0.061499 -0.027907 0.003808
v -0.062029 -0.026197 0.003578
v -0.028379 -0.013917 0.003508
v 0.019151 0.001883 0.004718
v 0.019151 0.001903 0.003118
v 0.017971 0.002393 0.004718
v 0.015381 -0.008807 0.003398
v 0.017981 0.002423 0.003118
v 0.024551 -0.012277 0.003368
v 0.024551 -0.012297 0.004248
v 0.025251 -0.016857 0.003688
v 0.027931 -0.013857 0.004238
v 0.027931 -0.013857 0.003388
v 0.026961 -0.017387 0.003688
v 0.020781 0.004863 0.003718
v 0.015361 -0.008827 0.004218
v 0.061561 -0.026177 0.004158
v 0.061561 -0.026177 0.003448
v 0.061041 -0.027897 0.003678
v 0.062871 -0.028467 0.003678
v 0.063241 -0.026917 0.003688
v 0.063461 -0.020027 0.003318
v 0.064721 -0.020577 0.003708
v 0.063461 -0.020027 0.004398
v 0.063731 -0.018797 0.004418
v 0.063731 -0.018817 0.003308
v 0.064191 -0.017437 0.003708
v 0.027021 -0.017407 0.003688
v 0.061621 -0.026207 0.003448
v 0.061091 -0.027917 0.003678
v 0.027991 -0.013877 0.003388
v 0.027991 -0.013877 0.004238
v 0.061621 -0.026207 0.004158
v -0.000119 0.014953 -0.016012
v -0.000909 0.014953 -0.014912
v -0.000119 0.015653 -0.015312
v 0.000671 0.014953 -0.014912
v 0.000871 0.013873 -0.014912
v -0.000119 0.013873 -0.016172
v -0.001109 0.013873 -0.014912
v -0.011949 -0.058907 -0.003242
v -0.011949 -0.058907 -0.003242
v -0.008449 -0.060107 -0.003242
v -0.008449 -0.060107 -0.003242
v -0.008359 -0.048217 -0.003242
v -0.015839 -0.048217 -0.003242
v -0.015739 -0.060107 -0.003242
v -0.015739 -0.060107 -0.003242
v -0.011949 -0.048217 -0.003242
v -0.014509 -0.062867 -0.008442
v -0.011949 -0.062867 -0.008442
v -0.009589 -0.062867 -0.008442
v 0.008121 -0.048217 -0.003242
v 0.008211 -0.060107 -0.003242
v 0.008211 -0.060107 -0.003242
v 0.011711 -0.058907 -0.003242
v 0.011711 -0.058907 -0.003242
v 0.015501 -0.060107 -0.003242
v 0.015501 -0.060107 -0.003242
v 0.015601 -0.048217 -0.003242
v 0.011711 -0.048217 -0.003242
v 0.011711 -0.062867 -0.008442
v 0.014271 -0.062867 -0.008442
v 0.009351 -0.062867 -0.008442
v 0.002271 0.030333 0.000508
v 0.002271 0.030333 -0.001472
v -0.002489 0.030343 -0.001462
v -0.002479 0.030343 0.000528
v -0.002469 0.030343 0.003028
v 0.002281 0.030333 0.003008
v 0.002281 0.030333 0.001028
v -0.002479 0.030343 0.001048
v -0.011949 -0.058907 -0.003242
v -0.011949 -0.058907 -0.003242
v -0.008449 -0.060107 -0.003242
v -0.008449 -0.060107 -0.003242
v -0.009589 -0.062867 0.002098
v -0.014509 -0.062867 0.002088
v -0.011959 -0.062867 0.002088
v -0.015739 -0.060107 -0.003242
v -0.015739 -0.060107 -0.003242
v -0.008359 -0.048217 -0.003242
v -0.015839 -0.048217 -0.003242
v -0.011949 -0.048217 -0.003242
v 0.011711 -0.058907 -0.003242
v 0.011711 -0.058907 -0.003242
v 0.008211 -0.060107 -0.003242
v 0.008211 -0.060107 -0.003242
v 0.008121 -0.048217 -0.003242
v 0.015601 -0.048217 -0.003242
v 0.015501 -0.060107 -0.003242
v 0.015501 -0.060107 -0.003242
v 0.011711 -0.048217 -0.003242
v 0.009351 -0.062867 0.002098
v 0.011721 -0.062867 0.002088
v 0.014271 -0.062867 0.002088
v -0.064129 -0.018787 0.004548
v -0.065459 -0.019087 0.003848
v -0.063849 -0.020007 0.004528
v -0.065119 -0.020567 0.003838
v -0.064129 -0.018807 0.003448
v -0.063849 -0.020007 0.003448
v -0.064589 -0.017427 0.003848
v 0.063731 -0.018797 0.004418
v 0.065071 -0.019107 0.003708
v 0.064191 -0.017437 0.003708
v 0.063461 -0.020027 0.003318
v 0.063731 -0.018817 0.003298
v 0.063461 -0.020027 0.004398
v 0.064721 -0.020577 0.003708
vn -0.4965 -0.2737 0.8238
vn -0.2072 -0.6976 0.6859
vn -0.1298 -0.1518 0.9798
vn 0.2039 -0.5186 0.8304
vn 0.1303 -0.1284 0.9831
vn -0.4153 -0.0857 0.9057
vn -0.4275 -0.0551 0.9023
vn -0.3203 -0.1442 0.9363
vn -0.3975 -0.7520 0.5258
vn 0.2990 -0.8246 0.4803
vn 0.4154 -0.0856 0.9056
vn 0.0779 0.0280 0.9966
vn 0.4968 -0.2735 0.8236
vn 0.4286 -0.0551 0.9018
vn 0.3219 -0.1445 0.9357
vn 0.3094 -0.7118 0.6306
vn 0.4417 -0.1097 0.8904
vn -0.5013 -0.6876 0.5252
vn -0.4275 -0.0551 0.9024
vn 0.0103 0.0006 0.9999
vn -0.0771 -0.0317 0.9965
vn -0.0000 0.1500 0.9887
vn 0.6150 -0.7885 -0.0000
vn -0.3837 -0.9235 -0.0000
vn -0.4412 -0.1092 0.8907
vn -0.3086 -0.7119 0.6308
vn 0.3218 -0.1445 0.9357
vn 0.5021 -0.6874 0.5248
vn -0.0097 0.0004 1.0000
vn 0.4285 -0.0550 0.9019
vn -0.6154 -0.7883 -0.0000
vn 0.3837 -0.9234 -0.0000
vn -0.4307 -0.1839 -0.8836
vn -0.7018 -0.0991 -0.7055
vn 0.2440 -0.0818 -0.9663
vn 0.2130 -0.0965 -0.9723
vn -0.7093 -0.0326 -0.7042
vn 0.2026 -0.0690 -0.9768
vn 0.3460 -0.0535 -0.9367
vn 0.2138 -0.0384 -0.9761
vn 0.3459 -0.0535 -0.9367
vn 0.2137 -0.0384 -0.9761
vn -0.1729 -0.0266 -0.9846
vn -0.0001 0.0003 -1.0000
vn -0.0002 0.0003 -1.0000
vn -0.2846 -0.0512 -0.9573
vn -0.2443 -0.0819 -0.9662
vn 0.7001 -0.0991 -0.7071
vn 0.4301 -0.1845 -0.8837
vn -0.2129 -0.0965 -0.9723
vn -0.2033 -0.0690 -0.9767
vn 0.7053 -0.0318 -0.7082
vn 0.9924 -0.1227 -0.0000
vn 1.0000 0.0002 -0.0026
vn -0.9925 -0.1222 -0.0000
vn -1.0000 -0.0002 0.0026
vn -0.0000 -0.0000 -1.0000
vn -0.8866 0.4624 0.0105
vn -0.0000 1.0000 -0.0000
vn 0.1492 0.9888 -0.0000
vn 0.8229 -0.5682 0.0049
vn 0.8229 -0.5681 0.0048
vn 0.8272 -0.5619 -0.0000
vn 0.1492 0.9888 0.0017
vn -0.8236 -0.5672 0.0056
vn -0.8866 0.4623 0.0104
vn -0.9967 -0.0813 0.0068
vn -0.8272 -0.5619 0.0015
vn 0.7385 0.4507 0.5015
vn 0.9098 0.1035 0.4018
vn 0.3595 0.7675 0.5307
vn 0.5626 0.1538 0.8123
vn -0.5441 0.6171 0.5684
vn -0.8964 0.1043 0.4308
vn -0.5603 0.6301 0.5377
vn -0.3579 0.1538 0.9210
vn 0.5627 0.1538 0.8122
vn 0.0008 0.1358 0.9907
vn -0.3580 0.1538 0.9210
vn -0.0000 0.1363 0.9907
vn -0.3602 0.7692 0.5279
vn -0.9093 0.1029 0.4032
vn -0.7384 0.4513 0.5010
vn -0.5605 0.1528 0.8139
vn 0.5609 0.6315 0.5354
vn 0.8970 0.1039 0.4297
vn 0.5450 0.6185 0.5660
vn 0.3587 0.1527 0.9209
vn -0.0017 -0.0000 -1.0000
vn -0.0015 0.0001 -1.0000
vn -0.0019 -0.0002 -1.0000
vn -0.0000 0.1347 0.9909
vn -0.9143 -0.1778 0.3639
vn -0.8187 -0.2129 0.5333
vn -0.6779 -0.1840 0.7117
vn -0.6161 -0.2249 0.7548
vn -0.6606 -0.6252 0.4156
vn -0.5503 -0.2572 0.7944
vn -0.3042 -0.1735 0.9367
vn -0.3060 -0.1955 0.9317
vn 0.0026 -0.1822 0.9833
vn 0.0064 -0.2270 0.9739
vn -0.3542 -0.2340 0.9054
vn 0.0087 -0.2478 0.9688
vn -0.9595 -0.2023 0.1962
vn -0.9739 -0.1561 0.1647
vn -0.5502 -0.7044 -0.4485
vn 0.6772 -0.1857 0.7120
vn 0.8726 -0.2041 0.4437
vn 0.8727 -0.1719 0.4569
vn 0.6148 -0.2252 0.7559
vn 0.5505 -0.2557 0.7947
vn 0.6575 -0.5266 0.5389
vn 0.3127 -0.1959 0.9294
vn 0.3040 -0.1759 0.9363
vn 0.3673 -0.2328 0.9005
vn 0.9624 -0.1859 0.1980
vn 0.9678 -0.1598 0.1944
vn 0.4761 -0.8674 -0.1451
vn -0.0000 -1.0000 -0.0000
vn -0.5502 -0.7043 -0.4485
vn 0.4759 -0.8674 -0.1451
vn 1.0000 -0.0000 -0.0000
vn -1.0000 -0.0001 0.0009
vn -1.0000 -0.0001 0.0011
vn -1.0000 -0.0004 0.0009
vn -1.0000 -0.0000 0.0011
vn -1.0000 -0.0002 0.0013
vn 0.0007 -0.1006 0.9949
vn 0.0002 -0.8915 0.4531
vn -0.0000 -0.1014 0.9948
vn 0.0006 -0.8910 0.4541
vn -0.0006 0.5507 -0.8347
vn -0.0008 0.1567 -0.9876
vn -0.0013 0.1562 -0.9877
vn -0.0006 0.9039 -0.4277
vn -0.0001 0.5945 0.8041
vn -0.0002 0.9200 0.3920
vn -0.0003 -0.9778 -0.2096
vn 0.9913 -0.1315 -0.0000
vn 0.9667 -0.2560 -0.0000
vn 0.9913 -0.1314 -0.0000
vn 0.8689 -0.4950 -0.0000
vn -0.9913 -0.1315 -0.0000
vn -0.9667 -0.2560 -0.0000
vn -0.9916 -0.1295 0.0004
vn -0.8689 -0.4950 -0.0000
vn -0.0000 -0.3583 -0.9336
vn -0.0000 -0.2784 -0.9605
vn -0.0000 -0.3582 -0.9336
vn -0.0000 -0.5348 -0.8450
vn -0.0000 -0.3583 0.9336
vn -0.0000 -0.2784 0.9605
vn -0.0000 -0.5348 0.8450
vn -1.0000 -0.0000 0.0015
vn -0.9916 -0.1295 0.0011
vn -0.9918 -0.1275 0.0015
vn -0.0000 -0.0000 1.0000
vn -0.9954 -0.0955 -0.0000
vn -0.9994 -0.0358 -0.0000
vn -0.6546 -0.7560 0.0004
vn -0.6546 -0.7560 -0.0000
vn 0.9884 -0.1516 -0.0000
vn 0.9949 -0.1013 -0.0000
vn 0.8062 -0.1396 -0.5749
vn 1.0000 -0.0003 0.0005
vn 1.0000 -0.0004 -0.0004
vn 0.8941 -0.0000 -0.4479
vn -1.0000 -0.0000 -0.0000
vn 0.0006 -0.3711 -0.9286
vn 0.0009 -0.5370 -0.8436
vn 0.0019 -0.5362 -0.8441
vn -0.0000 0.3279 0.9447
vn -0.0000 0.7319 0.6815
vn -0.0000 0.5790 0.8153
vn -0.0000 0.4610 0.8874
vn -0.0000 0.4611 0.8873
vn -0.0000 0.0014 1.0000
vn -0.0000 -0.0753 0.9972
vn 0.1569 0.9385 -0.3075
vn 0.7266 0.6550 -0.2075
vn -0.5648 0.6950 -0.4450
vn -0.4246 0.8836 -0.1974
vn -0.5445 0.6624 0.5146
vn -0.2094 0.9588 0.1921
vn 0.4653 0.5103 0.7233
vn 0.3205 0.8937 0.3141
vn -0.4472 0.1874 0.8746
vn 0.7073 0.1462 0.6916
vn -1.0000 -0.0005 0.0005
vn -1.0000 -0.0006 0.0006
vn -1.0000 -0.0013 0.0013
vn -0.0001 -0.1002 0.9950
vn -0.0000 -0.8911 0.4538
vn -0.0000 -0.1003 0.9950
vn -0.0000 0.5510 -0.8345
vn -0.0000 0.1573 -0.9875
vn -0.0006 0.9039 -0.4278
vn -0.0007 0.5941 0.8044
vn -0.0007 0.9200 0.3919
vn -0.0000 -0.9778 -0.2096
vn -0.0000 -0.3582 0.9336
vn -0.9913 -0.1314 -0.0000
vn 0.6549 -0.7557 -0.0004
vn 0.9994 -0.0353 -0.0006
vn 0.9955 -0.0948 -0.0007
vn 0.6546 -0.7560 -0.0000
vn -0.9947 -0.1027 -0.0000
vn -0.9881 -0.1537 -0.0000
vn -0.8063 -0.1398 -0.5748
vn -0.8944 -0.0001 -0.4473
vn 1.0000 0.0002 -0.0003
vn -0.0007 -0.3711 -0.9286
vn -0.0009 -0.5370 -0.8436
vn -0.0019 -0.5362 -0.8441
vn 0.5659 0.6932 -0.4463
vn -0.7262 0.6555 -0.2074
vn -0.1569 0.9385 -0.3075
vn 0.4237 0.8841 -0.1969
vn 0.5439 0.6630 0.5144
vn 0.2073 0.9591 0.1926
vn -0.3205 0.8937 0.3141
vn -0.4651 0.5109 0.7230
vn 0.4477 0.1874 0.8744
vn -0.7071 0.1482 0.6914
vn 0.9387 -0.3416 -0.0454
vn 0.9805 -0.1958 -0.0191
vn 0.6953 -0.1713 0.6980
vn 0.9529 -0.2984 -0.0533
vn -0.9922 -0.1223 -0.0224
vn -0.9898 -0.1417 -0.0138
vn -0.9222 -0.3833 -0.0510
vn -0.9398 -0.3363 -0.0600
vn 0.8193 0.1794 0.5445
vn 0.9978 0.0662 -0.0000
vn 0.9802 0.1978 -0.0000
vn -0.9840 0.1781 -0.0000
vn -0.9875 0.1577 0.0051
vn -0.9864 0.1641 -0.0000
vn -0.0000 -0.0683 0.9977
vn -0.0000 -0.1362 0.9907
vn -0.0000 0.2527 0.9676
vn -0.0000 0.1273 0.9919
vn -0.0000 -0.0113 -0.9999
vn 0.0005 -0.0106 -0.9999
vn -0.0000 -0.1116 -0.9938
vn 0.0021 0.1825 -0.9832
vn 0.0010 0.1824 -0.9832
vn 0.0012 0.2726 -0.9621
vn -0.0000 0.2740 -0.9617
vn -0.0000 -0.9844 -0.1757
vn -0.9453 -0.0000 0.3262
vn -0.7579 -0.0000 0.6524
vn -0.1889 -0.0000 0.9820
vn 0.1943 0.0004 0.9809
vn 0.7603 0.0009 0.6496
vn 0.9462 0.0006 0.3236
vn 0.8668 0.0007 -0.4986
vn 0.8665 -0.0000 -0.4992
vn 0.1904 -0.0000 -0.9817
vn -0.1943 -0.0000 -0.9809
vn -0.8683 -0.0002 -0.4960
vn -0.8686 -0.0000 -0.4955
vn 0.5059 0.0830 0.8586
vn 0.5042 0.0840 0.8595
vn 0.8638 0.0961 0.4946
vn 0.8632 0.0967 0.4956
vn 0.9412 0.0936 -0.3245
vn 0.7546 0.0937 -0.6495
vn 0.5020 0.0826 -0.8609
vn 0.5009 0.0833 -0.8615
vn -0.9410 0.0936 -0.3253
vn -0.7531 0.0938 -0.6512
vn -0.4993 0.0827 -0.8625
vn -0.4980 0.0834 -0.8632
vn -0.8630 0.0962 0.4959
vn -0.8625 0.0967 0.4966
vn -0.5015 0.0841 0.8611
vn -0.5029 0.0832 0.8603
vn -0.5813 0.0284 -0.8132
vn -0.7856 -0.0429 -0.6173
vn 0.7856 -0.0429 -0.6173
vn 0.5921 0.0357 -0.8051
vn -0.9489 -0.0000 0.3155
vn -0.8182 0.0401 0.5736
vn -0.9465 0.0500 -0.3189
vn -0.7728 0.0006 -0.6346
vn 0.4804 -0.4467 -0.7548
vn 0.6314 -0.7465 -0.2100
vn 0.6212 -0.5990 0.5052
vn 0.3798 -0.7071 0.5964
vn 0.5280 0.0474 0.8479
vn 0.9232 0.0400 0.3822
vn 0.8732 0.0511 -0.4847
vn 0.5920 0.0357 -0.8051
vn -0.5812 0.0285 -0.8133
vn -0.5371 0.0016 -0.8435
vn -0.8670 0.1060 0.4869
vn -0.7597 0.1024 -0.6422
vn -0.5371 -0.0000 0.8435
vn -0.5247 0.0632 0.8489
vn -0.5002 0.1032 0.8598
vn 0.5002 0.1032 0.8598
vn 0.8670 0.1060 0.4869
vn 0.7597 0.1024 -0.6422
vn 0.5005 0.0966 -0.8603
vn -0.5005 0.0966 -0.8603
vn -0.7586 -0.5370 -0.3689
vn 0.8765 -0.3402 -0.3405
vn 0.0010 -0.3759 -0.9266
vn 0.3215 -0.4716 -0.8211
vn -0.5620 -0.4125 -0.7170
vn 0.6725 0.7237 -0.1549
vn -0.6730 0.4728 -0.5688
vn -0.8626 0.5034 -0.0497
vn 0.8649 0.4075 -0.2929
vn 0.7221 0.3556 -0.5934
vn -0.4549 0.4578 -0.7639
vn 0.0019 -0.9332 -0.3593
vn 0.8477 -0.5300 0.0224
vn 0.4763 -0.8792 0.0064
vn 0.4763 -0.8793 0.0064
vn -0.6775 0.1816 0.7127
vn -0.6347 0.1531 0.7574
vn -0.0422 0.1636 0.9856
vn -0.2187 0.1146 0.9690
vn -0.1460 0.1314 0.9805
vn 0.1473 0.1309 0.9804
vn 0.2184 0.1141 0.9692
vn 0.0327 0.1631 0.9861
vn 0.3075 0.0626 0.9495
vn 0.0017 0.1624 0.9867
vn 0.0006 0.1626 0.9867
vn -0.0052 0.0074 -1.0000
vn -0.1992 0.0565 -0.9783
vn -0.0001 -0.0003 -1.0000
vn 0.0001 -0.0005 -1.0000
vn 0.0007 -0.0009 -1.0000
vn -0.2605 0.7559 0.6006
vn -0.2547 0.7524 0.6074
vn -0.4921 0.6451 0.5846
vn -0.4814 0.6400 0.5989
vn -0.0000 0.8083 0.5887
vn 0.6868 0.1810 0.7039
vn 0.7189 0.2039 0.6646
vn 0.6527 0.1576 0.7411
vn 0.4916 0.6449 0.5853
vn 0.4915 0.6449 0.5853
vn 0.5016 0.6495 0.5715
vn 0.4814 0.6400 0.5989
vn -0.3075 0.0633 0.9494
vn 0.4558 0.1232 -0.8815
vn -0.7123 0.0109 -0.7018
vn -0.0115 0.0121 -0.9999
vn -0.7172 0.2093 0.6648
vn -0.0038 0.0162 -0.9999
vn -0.0093 0.0437 -0.9990
vn 0.4680 -0.8837 -0.0000
vn -0.3080 -0.9514 0.0006
vn -0.6257 -0.7800 0.0089
vn -0.4769 -0.8789 0.0068
vn -0.2335 -0.9723 0.0062
vn 0.8909 0.0139 -0.4539
vn 0.4332 0.0459 -0.9001
vn -0.3598 0.1156 -0.9258
vn -0.3052 0.1034 -0.9467
vn -0.7242 0.2045 -0.6586
vn -0.1992 0.0566 -0.9783
vn 0.2895 0.1021 -0.9517
vn -0.4348 0.0471 -0.8993
vn 0.3525 0.1182 -0.9283
vn -0.8920 0.0133 -0.4518
vn -1.0000 -0.0011 0.0002
vn 0.7262 0.2163 -0.6526
vn -0.9654 -0.0278 -0.2593
vn -0.8912 -0.0181 -0.4533
vn -0.9049 -0.0261 -0.4247
vn -0.9981 -0.0421 -0.0461
vn -0.9609 -0.0435 0.2736
vn -0.8732 -0.0699 0.4823
vn -0.7806 -0.0721 0.6208
vn -0.7124 -0.1039 0.6941
vn -0.1866 -0.0131 -0.9824
vn -0.0014 -0.0134 -0.9999
vn -0.2239 -0.0262 -0.9743
vn -0.0014 -0.0000 -1.0000
vn -0.3704 -0.1115 0.9222
vn -0.3386 -0.1187 0.9334
vn 0.0003 -0.1261 0.9920
vn -0.0000 -0.1322 0.9912
vn 0.9052 -0.0263 -0.4241
vn 0.8912 -0.0181 -0.4533
vn 0.9655 -0.0279 -0.2589
vn 0.9981 -0.0419 -0.0462
vn 0.8737 -0.0691 0.4815
vn 0.9611 -0.0428 0.2727
vn 0.7810 -0.0713 0.6204
vn 0.7124 -0.1033 0.6941
vn 0.2210 -0.0262 -0.9749
vn 0.1837 -0.0131 -0.9829
vn 0.3392 -0.1186 0.9332
vn 0.3717 -0.1112 0.9217
vn 0.9989 0.0344 0.0324
vn 0.9986 0.0488 -0.0184
vn 0.9993 0.0362 0.0134
vn 0.9988 0.0440 -0.0205
vn 0.9951 0.0543 -0.0829
vn 0.9953 0.0616 -0.0747
vn 0.9981 0.0037 0.0616
vn -0.0001 -0.9982 0.0603
vn -0.0061 -0.9142 -0.4053
vn -0.0002 -0.9982 0.0606
vn -0.0098 -0.4428 -0.8966
vn -0.0000 -0.6633 0.7484
vn -0.0000 -0.6632 0.7484
vn -0.5398 0.4614 -0.7040
vn -0.9976 0.0661 0.0217
vn -0.9932 0.0667 0.0951
vn -0.9998 0.0178 -0.0065
vn -0.9946 0.0063 0.1037
vn -0.9942 0.0141 -0.1067
vn -0.9950 0.0247 -0.0970
vn -0.1310 0.8865 -0.4438
vn -0.0999 0.9233 -0.3708
vn -0.1252 0.7830 -0.6093
vn -0.1528 0.6087 -0.7786
vn -0.1838 0.4389 -0.8795
vn -0.0103 0.0205 -0.9997
vn -0.0000 0.0747 0.9972
vn -0.0046 0.0868 0.9962
vn -0.0138 0.0965 0.9952
vn -0.0069 0.1000 0.9950
vn -0.0080 0.0252 -0.9997
vn -0.8371 -0.2220 -0.4999
vn -0.4637 -0.2247 -0.8571
vn -0.8710 -0.4913 -0.0033
vn -0.7692 -0.2442 0.5905
vn -0.4698 -0.2338 0.8512
vn -0.4276 0.0144 -0.9038
vn -0.8851 0.0840 -0.4578
vn -0.9253 0.0430 0.3768
vn -0.4262 0.0040 0.9046
vn -0.7779 0.3900 -0.4927
vn -0.4789 0.3878 -0.7876
vn -0.7759 0.3867 0.4985
vn -0.4713 0.3804 0.7957
vn -0.8465 0.5324 0.0054
vn -0.9323 0.3616 -0.0008
vn 0.9787 -0.1668 0.1194
vn 0.9863 -0.1538 -0.0595
vn 0.9753 -0.0903 0.2016
vn 0.9693 -0.2029 -0.1390
vn 0.9386 -0.2099 -0.2737
vn 0.9658 -0.1290 -0.2248
vn -0.9744 -0.0966 0.2029
vn -0.9842 -0.1675 -0.0569
vn -0.9733 -0.1912 0.1269
vn -0.9656 -0.2242 -0.1314
vn -0.9650 -0.1328 -0.2260
vn -0.9340 -0.2299 -0.2735
vn 0.9727 0.0937 0.2121
vn 0.9962 0.0869 -0.0041
vn 0.9444 0.2404 0.2243
vn 0.9720 0.2351 -0.0042
vn 0.4082 0.1991 -0.8909
vn 0.9430 0.2462 -0.2240
vn -0.9487 0.2216 0.2254
vn -0.9968 0.0793 -0.0042
vn -0.6272 0.1637 0.7615
vn -0.9764 0.2157 -0.0042
vn -0.9474 0.2274 -0.2253
vn -0.9753 0.0820 -0.2051
vn -0.0000 -0.9610 0.2766
vn -0.0000 -0.9138 -0.4063
vn -0.0000 -0.5831 -0.8124
vn -0.0000 -0.9610 0.2767
vn -0.0000 -0.8469 0.5317
vn -0.0000 -0.1357 -0.9907
vn -0.0000 -0.1357 -0.9908
vn -0.0003 0.1965 -0.9805
vn -0.0004 0.4476 -0.8942
vn -0.0000 0.4480 -0.8940
vn -0.0000 -0.1150 0.9934
vn -0.0000 -0.1674 0.9859
vn -0.0000 0.3944 0.9189
vn -0.0000 0.1707 0.9853
vn -0.6273 0.1636 0.7614
vn -0.9933 0.1155 -0.0000
vn -0.9987 0.0516 -0.0000
vn -0.9965 0.0836 -0.0000
vn 0.9407 0.0469 0.3359
vn 0.9505 0.0372 -0.3084
vn 0.9772 0.1119 -0.1807
vn 0.9324 0.1161 0.3423
vn 0.9578 0.1550 0.2422
vn 0.7650 0.0929 0.6373
vn -0.6678 0.1215 0.7343
vn -0.9324 0.2226 0.2846
vn -0.8311 0.1865 0.5239
vn -0.9045 -0.2206 -0.3651
vn -0.8897 -0.2776 -0.3623
vn -0.9187 -0.3055 0.2504
vn -0.8026 -0.1313 0.5819
vn -0.4900 -0.1010 -0.8659
vn 0.8388 0.1012 -0.5349
vn 0.9546 0.1471 -0.2591
vn -0.9302 0.2095 -0.3013
vn -0.7576 0.1359 -0.6385
vn -0.9260 0.1970 -0.3220
vn 0.9670 -0.1723 0.1876
vn 0.9723 -0.0989 -0.2120
vn 0.9520 -0.0513 0.3018
vn 0.9509 -0.1571 -0.2667
vn 0.8589 -0.0294 -0.5112
vn -0.6941 -0.0873 0.7145
vn 0.7985 0.0300 0.6012
vn 0.3808 -0.1753 0.9079
vn -0.7656 0.0641 -0.6401
vn -0.7576 0.0665 -0.6493
vn 0.8570 0.0512 -0.5128
vn -0.6750 0.0406 0.7367
vn -0.6674 0.0635 0.7420
vn -0.5727 -0.3549 -0.7389
vn -0.8805 0.1327 0.4551
vn 0.6919 0.1355 -0.7091
vn -0.3667 -0.7917 -0.4886
vn -0.8165 0.0328 0.5763
vn -0.0000 -1.0000 -0.0068
vn -0.0000 -0.9303 0.3667
vn -0.0000 -0.6711 0.7414
vn -0.0000 0.7049 0.7093
vn -0.0000 0.9355 0.3534
vn -0.0000 -0.0952 0.9955
vn 0.3807 -0.1753 0.9079
vn -0.0000 0.0732 0.9973
vn -0.0000 0.2324 0.9726
vn -0.0012 0.2438 -0.9698
vn -0.0006 0.1224 -0.9925
vn -0.0000 0.0760 -0.9971
vn -0.0012 0.3180 -0.9481
vn -0.0000 -0.1629 -0.9866
vn -0.4899 -0.1010 -0.8659
vn -0.0000 -0.3488 -0.9372
vn -0.0000 0.3906 -0.9206
vn -0.0005 0.3902 -0.9207
vn -0.9998 0.0196 -0.0000
vn -0.6315 0.0953 -0.7695
vn -0.5384 0.0080 -0.8427
vn -0.9798 0.0083 -0.1996
vn 0.4099 0.1121 -0.9052
vn 0.7548 0.0049 -0.6560
vn 0.4058 -0.0904 -0.9095
vn 0.9811 -0.0139 -0.1932
vn -0.9778 -0.0147 -0.2089
vn -0.6243 -0.0768 -0.7774
vn 0.9829 0.0077 -0.1838
vn -0.9993 0.0362 0.0134
vn -0.9986 0.0488 -0.0184
vn -0.9989 0.0344 0.0324
vn -0.9988 0.0439 -0.0205
vn -0.9951 0.0543 -0.0828
vn -0.9953 0.0616 -0.0747
vn -0.9981 0.0037 0.0616
vn 0.0002 -0.9982 0.0606
vn 0.0061 -0.9142 -0.4053
vn 0.0001 -0.9982 0.0603
vn 0.0097 -0.4428 -0.8966
vn 0.9932 0.0667 0.0951
vn 0.9976 0.0661 0.0217
vn 0.5398 0.4614 -0.7040
vn 0.9946 0.0063 0.1037
vn 0.9998 0.0178 -0.0065
vn 0.9950 0.0247 -0.0970
vn 0.9942 0.0141 -0.1067
vn 0.1252 0.7830 -0.6093
vn 0.0999 0.9233 -0.3708
vn 0.1310 0.8865 -0.4438
vn 0.1528 0.6087 -0.7786
vn 0.5398 0.4614 -0.7041
vn 0.1838 0.4389 -0.8795
vn 0.0103 0.0205 -0.9997
vn 0.0046 0.0868 0.9962
vn 0.0069 0.1000 0.9950
vn 0.0138 0.0965 0.9952
vn 0.0080 0.0252 -0.9997
vn 0.8710 -0.4913 -0.0033
vn 0.4637 -0.2247 -0.8571
vn 0.8371 -0.2220 -0.4999
vn 0.7692 -0.2442 0.5905
vn 0.4698 -0.2338 0.8512
vn 0.4276 0.0144 -0.9038
vn 0.8851 0.0840 -0.4578
vn 0.9253 0.0430 0.3768
vn 0.4262 0.0040 0.9046
vn 0.7779 0.3900 -0.4927
vn 0.4789 0.3878 -0.7876
vn 0.7759 0.3867 0.4985
vn 0.4713 0.3804 0.7957
vn 0.8465 0.5324 0.0054
vn 0.9323 0.3616 -0.0008
vn -0.9753 -0.0903 0.2016
vn -0.9863 -0.1538 -0.0595
vn -0.9787 -0.1668 0.1194
vn -0.9693 -0.2029 -0.1390
vn -0.9658 -0.1290 -0.2248
vn -0.9386 -0.2099 -0.2737
vn 0.9733 -0.1912 0.1269
vn 0.9842 -0.1675 -0.0569
vn 0.9744 -0.0966 0.2029
vn 0.9656 -0.2242 -0.1314
vn 0.9340 -0.2299 -0.2735
vn 0.9650 -0.1328 -0.2260
vn -0.9444 0.2404 0.2243
vn -0.9962 0.0869 -0.0042
vn -0.9728 0.0936 0.2121
vn -0.9720 0.2351 -0.0042
vn -0.9430 0.2462 -0.2240
vn -0.4082 0.1991 -0.8909
vn 0.6272 0.1637 0.7615
vn 0.9968 0.0793 -0.0042
vn 0.9487 0.2217 0.2253
vn 0.9764 0.2157 -0.0042
vn 0.9753 0.0820 -0.2051
vn 0.9474 0.2274 -0.2253
vn 0.0004 0.4476 -0.8942
vn 0.0003 0.1965 -0.9805
vn -0.4082 0.1992 -0.8909
vn 0.6273 0.1637 0.7614
vn 0.9965 0.0842 -0.0000
vn 0.9987 0.0519 -0.0000
vn 0.9932 0.1163 -0.0000
vn -0.9773 0.1117 -0.1801
vn -0.9507 0.0371 -0.3078
vn -0.9405 0.0469 0.3367
vn -0.9320 0.1161 0.3432
vn -0.7639 0.0929 0.6386
vn -0.9575 0.1547 0.2435
vn 0.8311 0.1862 0.5240
vn 0.9326 0.2218 0.2846
vn 0.6674 0.1215 0.7347
vn 0.9187 -0.3053 0.2506
vn 0.8897 -0.2776 -0.3624
vn 0.9045 -0.2205 -0.3652
vn 0.8020 -0.1311 0.5827
vn 0.4900 -0.1011 -0.8658
vn -0.9550 0.1465 -0.2578
vn -0.8394 0.1012 -0.5341
vn 0.9264 0.1967 -0.3212
vn 0.7583 0.1361 -0.6376
vn 0.9305 0.2092 -0.3006
vn -0.9516 -0.0516 0.3028
vn -0.9724 -0.0991 -0.2114
vn -0.9667 -0.1728 0.1888
vn -0.9511 -0.1571 -0.2658
vn -0.8595 -0.0296 -0.5103
vn 0.6934 -0.0871 0.7153
vn -0.7975 0.0299 0.6026
vn -0.3797 -0.1749 0.9084
vn 0.7579 0.0666 -0.6490
vn 0.7656 0.0641 -0.6401
vn -0.8578 0.0511 -0.5115
vn 0.6741 0.0406 0.7376
vn 0.6667 0.0637 0.7426
vn -0.6916 0.1341 -0.7098
vn 0.8801 0.1328 0.4559
vn 0.5729 -0.3552 -0.7387
vn 0.3689 -0.7904 -0.4891
vn 0.8162 0.0334 0.5768
vn -0.0000 -0.9306 0.3660
vn -0.0000 -1.0000 -0.0081
vn 0.0002 -0.6708 0.7416
vn -0.0000 0.7047 0.7095
vn 0.0003 -0.0948 0.9955
vn -0.0000 0.0731 0.9973
vn -0.0000 0.2320 0.9727
vn -0.0000 0.0759 -0.9971
vn -0.0000 0.1226 -0.9925
vn -0.0000 0.2444 -0.9697
vn -0.0000 0.3188 -0.9478
vn 0.4900 -0.1011 -0.8659
vn -0.0000 -0.1630 -0.9866
vn -0.0000 -0.3490 -0.9371
vn -0.0000 0.3909 -0.9204
vn 0.9998 0.0196 -0.0000
vn 0.9798 0.0083 -0.1996
vn 0.5384 0.0080 -0.8427
vn 0.6315 0.0953 -0.7695
vn -0.7548 0.0049 -0.6560
vn -0.4099 0.1121 -0.9052
vn -0.9811 -0.0139 -0.1932
vn -0.4058 -0.0904 -0.9095
vn 0.6243 -0.0768 -0.7774
vn 0.9778 -0.0147 -0.2089
vn -0.9829 0.0077 -0.1838
vn 0.6995 0.2117 0.6826
vn 0.9984 0.0565 -0.0035
vn 0.8250 0.5652 -0.0032
vn 0.3539 0.8713 0.3398
vn -0.7922 0.1305 0.5961
vn -0.3503 0.6279 0.6950
vn -0.6376 0.7704 0.0024
vn -0.9956 0.0932 0.0038
vn 0.9670 -0.2548 -0.0037
vn 0.9916 -0.1296 -0.0034
vn 0.8357 -0.3463 0.4264
vn 0.6715 -0.2957 0.6794
vn -0.9139 -0.3306 0.2355
vn -0.9967 -0.0808 0.0035
vn -0.9690 -0.2472 0.0037
vn -0.4233 -0.2604 0.8678
vn -0.0019 0.2442 -0.9697
vn -0.0021 0.3612 -0.9325
vn -0.0016 0.3607 -0.9327
vn -0.0019 0.1219 -0.9925
vn -0.0027 -0.1027 -0.9947
vn -0.0035 -0.2046 -0.9788
vn -0.0037 -0.3039 -0.9527
vn -0.0047 -0.3028 -0.9530
vn -0.0037 -1.0000 -0.0000
vn -0.8762 -0.1573 0.4556
vn 0.8237 -0.1020 0.5577
vn -0.0032 -0.9989 -0.0462
vn 0.0004 -0.8242 0.5663
vn -0.0016 -0.9663 0.2574
vn -0.0043 -0.9988 -0.0481
vn 0.0014 -0.6156 0.7881
vn 0.0017 -0.6153 0.7883
vn -0.7081 0.0743 -0.7022
vn 0.8922 0.0569 -0.4480
vn 0.4439 0.0653 -0.8937
vn -0.7085 0.0711 -0.7021
vn 0.4497 0.0650 0.8908
vn 0.8946 0.0529 0.4438
vn -0.7022 0.0710 0.7084
vn -0.7022 0.0712 0.7084
vn 0.7081 0.0644 0.7032
vn 0.7074 0.0705 0.7033
vn -0.4430 0.0735 0.8935
vn -0.8906 0.0654 0.4500
vn 0.7032 0.0642 -0.7081
vn 0.7038 0.0677 -0.7072
vn -0.4500 0.0774 -0.8897
vn -0.8945 0.0697 -0.4416
vn -0.7045 0.7097 0.0032
vn -0.7042 0.7100 0.0042
vn 0.4511 0.8925 -0.0013
vn 0.8961 0.4438 -0.0028
vn 1.0000 -0.0037 -0.0030
vn -0.0045 -1.0000 -0.0000
vn -1.0000 0.0031 0.0045
vn -1.0000 0.0025 0.0030
vn 0.9916 -0.1295 -0.0034
vn -0.9967 -0.0807 0.0035
vn 0.9324 -0.3612 -0.0111
vn 0.8357 -0.3463 0.4263
vn 0.9310 -0.3646 -0.0197
vn -0.9139 -0.3305 0.2355
vn -0.9351 -0.3544 -0.0058
vn -0.8762 -0.1573 0.4555
vn -0.9338 -0.3576 -0.0138
vn -0.8833 0.0092 -0.4687
vn -0.9306 0.0049 -0.3659
vn -0.7638 0.0579 -0.6428
vn -0.9619 -0.0274 -0.2719
vn -0.4871 0.0607 -0.8712
vn -0.2131 0.0662 -0.9748
vn 0.3681 0.0558 -0.9281
vn 0.3218 0.0807 -0.9434
vn 0.9306 0.0049 -0.3659
vn 0.8833 0.0092 -0.4687
vn 0.7638 0.0579 -0.6428
vn 0.9619 -0.0274 -0.2719
vn -0.7079 0.1232 0.6955
vn -0.4473 0.1014 0.8886
vn 0.3441 0.1902 0.9195
vn 0.5639 0.1632 0.8095
vn -0.0018 -0.0001 -1.0000
vn -0.0017 -0.0002 -1.0000
vn -0.0017 -0.0003 -1.0000
vn -0.0018 -0.0000 -1.0000
vn -0.0100 0.4496 0.8932
vn -0.0126 0.3038 0.9527
vn -0.0000 0.4886 0.8725
vn -0.0123 0.1360 0.9906
vn -0.4467 0.2158 0.8683
vn 0.4920 0.2158 0.8434
vn -0.0080 -0.0050 1.0000
vn 0.0009 0.0006 1.0000
vn -0.4338 0.1065 -0.8947
vn -0.5970 0.1799 -0.7818
vn 0.7214 0.0404 -0.6914
vn 0.7508 0.0426 -0.6592
vn 0.9980 0.0007 0.0628
vn 1.0000 0.0097 -0.0018
vn 0.4472 0.2099 0.8695
vn -0.4805 0.2058 0.8525
vn -0.3394 0.1878 0.9217
vn 0.7078 0.1232 0.6956
vn 0.0103 0.4531 0.8914
vn 0.0129 0.3063 0.9519
vn 0.0124 0.1383 0.9903
vn 0.0011 0.4887 0.8725
vn 0.0085 -0.0053 0.9999
vn 0.5960 0.1800 -0.7825
vn 0.4332 0.1068 -0.8950
vn -0.7234 0.0405 -0.6892
vn -0.7546 0.0424 -0.6548
vn -0.9977 0.0008 0.0679
vn -0.9999 0.0105 -0.0019
vn 0.8330 0.2307 0.5030
vn 0.9688 0.2337 -0.0830
vn 0.4472 0.1014 0.8887
vn -0.5604 0.1631 0.8120
vn 0.8956 0.1423 0.4215
vn -0.8882 0.1417 0.4370
vn -0.8287 0.2294 0.5105
vn -0.9692 0.2334 -0.0786
vn -0.8693 0.3267 -0.3708
vn -0.9109 0.2006 -0.3606
vn -0.9845 0.1597 0.0728
vn -0.0000 0.3335 0.9427
vn 0.5647 0.2516 0.7860
vn 0.7040 0.1560 0.6929
vn -0.0000 0.3162 0.9487
vn -0.9557 0.1023 0.2759
vn -0.9964 0.0141 -0.0831
vn -0.9635 0.0382 0.2651
vn -0.9812 0.0643 -0.1821
vn -0.8588 0.1367 0.4937
vn 0.9964 0.0143 -0.0832
vn 0.9559 0.1027 0.2753
vn 0.9635 0.0384 0.2649
vn 0.9811 0.0649 -0.1820
vn 0.8587 0.1369 0.4938
vn 0.4249 -0.0459 0.9041
vn 0.0008 -0.0508 0.9987
vn 0.3739 -0.0169 0.9273
vn 0.0009 -0.0849 0.9964
vn -0.9033 -0.0016 -0.4289
vn -0.9563 0.0776 -0.2819
vn -0.8581 0.1743 0.4829
vn -0.7665 0.1719 0.6189
vn -0.9521 0.0094 0.3058
vn -0.9613 -0.0056 -0.2754
vn -0.0000 0.4116 -0.9114
vn -0.0000 0.4797 -0.8774
vn -0.0013 -0.0242 -0.9997
vn -0.1741 0.0032 -0.9847
vn -0.0008 0.0386 -0.9993
vn -0.1457 -0.0228 -0.9891
vn -0.2602 0.1193 -0.9582
vn -0.0000 0.1407 -0.9901
vn -0.0000 0.2113 -0.9774
vn -0.5142 0.2193 0.8292
vn -0.4582 0.1949 0.8672
vn -0.0000 0.2400 0.9708
vn -0.0000 0.2044 0.9789
vn -0.6958 0.4480 0.5613
vn -0.0000 0.8196 0.5730
vn 0.9034 -0.0014 -0.4289
vn 0.9567 0.0780 -0.2803
vn 0.9845 0.1596 0.0732
vn 0.9120 0.2004 -0.3578
vn 0.8590 0.1742 0.4813
vn 0.7665 0.1719 0.6188
vn 0.8697 0.3262 -0.3704
vn 0.1715 0.0034 -0.9852
vn 0.1430 -0.0228 -0.9895
vn 0.2594 0.1195 -0.9584
vn 0.4582 0.1949 0.8672
vn 0.5142 0.2193 0.8292
vn 0.6958 0.4480 0.5613
vn -0.7683 0.0603 0.6373
vn -0.7054 0.1249 0.6978
vn -0.7135 0.3458 0.6094
vn -0.7586 0.0433 0.6502
vn -0.7040 0.1560 0.6929
vn -0.5647 0.2516 0.7860
vn 0.7033 0.1268 0.6995
vn 0.7583 0.0435 0.6504
vn 0.7673 0.0603 0.6385
vn 0.7105 0.3499 0.6105
vn -0.8808 0.0067 0.4735
vn -0.8180 0.0105 0.5751
vn -0.8300 0.0876 0.5509
vn -0.8912 -0.0109 -0.4534
vn 0.7644 0.6173 -0.1860
vn 0.4991 0.8604 0.1027
vn -0.5947 0.6614 0.4571
vn -0.8529 0.0131 0.5219
vn -0.8341 -0.0000 0.5517
vn -0.8271 0.0060 0.5621
vn -0.1473 -0.0086 -0.9891
vn -0.0014 -0.0081 -1.0000
vn 0.8912 -0.0109 -0.4534
vn 0.9613 -0.0046 -0.2754
vn 0.9523 0.0091 0.3051
vn 0.8533 0.0127 0.5213
vn 0.8344 -0.0003 0.5512
vn 0.8271 0.0060 0.5621
vn 0.1445 -0.0086 -0.9895
vn -0.2125 -0.9677 -0.1356
vn -0.2260 0.7153 0.6613
vn -0.0511 -0.5741 -0.8172
vn -0.3732 -0.1194 0.9200
vn -0.7672 -0.0767 0.6368
vn -0.7199 -0.0910 0.6880
vn 0.0006 -0.1839 0.9829
vn 0.3738 -0.1188 0.9199
vn 0.7202 -0.0905 0.6878
vn 0.7672 -0.0767 0.6368
vn 0.8300 0.0876 0.5509
vn 0.8172 0.0156 0.5761
vn 0.8808 0.0067 0.4735
vn 0.5238 0.4307 -0.7349
vn 0.5941 0.6622 0.4565
vn 0.2125 -0.9677 -0.1356
vn 0.0553 -0.4292 0.9015
vn 0.3006 0.7093 0.6376
vn -0.7644 0.6173 -0.1860
vn -0.3818 0.5058 -0.7736
vn -0.4991 0.8604 0.1027
vn -0.4234 -0.0460 0.9048
vn -0.3726 -0.0169 0.9278
vn -0.3841 -0.7879 0.4814
vn 0.7103 -0.6892 0.1430
vn 0.3720 -0.3814 0.8463
vn 0.6825 0.3483 0.6426
vn 0.4110 0.7938 0.4483
vn -0.6396 0.6518 0.4075
vn -0.4576 0.4430 0.7710
vn -0.8936 -0.4103 0.1821
vn 0.3928 0.2531 0.8841
vn 0.8894 0.0676 0.4522
vn 0.6762 0.1528 0.7207
vn 0.7679 0.0295 0.6399
vn -0.7679 0.0295 0.6399
vn -0.8894 0.0676 0.4522
vn -0.5147 0.1935 0.8353
vn -0.6080 0.2281 0.7604
vn 0.9656 0.0875 0.2447
vn 0.6834 0.5205 0.5119
vn 0.3814 0.2719 0.8835
vn 0.4229 0.9022 0.0846
vn -0.6612 0.7372 0.1389
vn -0.4639 0.6673 0.5827
vn -0.9633 0.0899 0.2530
vn -0.5854 0.2384 0.7749
vn 0.3751 0.3836 0.8439
vn 0.4414 0.8022 0.4022
vn 0.3774 0.1104 0.9195
vn 0.4866 0.5198 0.7022
vn -0.5807 0.6152 0.5332
vn -0.2897 0.6196 0.7295
vn -0.5050 0.1485 0.8503
vn -0.3715 0.3842 0.8452
vn -0.0000 0.2823 0.9593
vn -0.0000 0.4569 0.8895
vn -0.0000 0.4568 0.8895
vn -0.0000 0.3869 0.9221
vn -0.0000 -0.6997 0.7144
vn 0.8809 -0.0655 -0.4688
vn 0.9559 -0.0459 -0.2902
vn 0.8504 -0.1242 -0.5113
vn 0.5485 -0.1194 -0.8276
vn 0.3244 -0.2623 -0.9088
vn 0.6755 -0.2495 -0.6939
vn -0.0000 -0.3943 -0.9190
vn 0.9146 -0.1042 -0.3907
vn -0.3897 -0.2758 -0.8787
vn -0.8505 -0.1242 -0.5110
vn -0.9566 -0.0458 -0.2879
vn -0.8808 -0.0656 -0.4689
vn -0.4169 -0.1272 -0.9000
vn -0.6755 -0.2502 -0.6936
vn -0.9151 -0.1047 -0.3895
vn 0.8418 -0.0457 -0.5379
vn 0.2714 -0.0776 -0.9593
vn -0.8416 -0.0464 -0.5381
vn -0.4132 -0.0724 -0.9077
vn -0.9906 -0.0294 -0.1335
vn -0.1086 -0.3987 -0.9106
vn -0.9237 -0.2677 -0.2742
vn -0.5403 -0.0472 -0.8402
vn -0.9827 -0.0451 0.1795
vn -0.9531 0.0679 0.2949
vn 0.5619 -0.1054 -0.8205
vn -0.8179 0.3757 0.4358
vn -0.9511 0.3062 -0.0412
vn -0.8561 0.1333 0.4993
vn 0.6487 0.1669 0.7426
vn -0.2697 0.4819 -0.8337
vn 0.8736 0.0572 -0.4833
vn -0.5272 0.1401 -0.8381
vn 0.9904 -0.0289 -0.1350
vn 0.1081 -0.3979 -0.9110
vn 0.5403 -0.0464 -0.8402
vn 0.9243 -0.2666 -0.2732
vn 0.9827 -0.0457 0.1796
vn 0.9532 0.0673 0.2949
vn -0.5617 -0.1052 -0.8206
vn 0.8179 0.3757 0.4358
vn 0.8561 0.1333 0.4993
vn 0.9510 0.3059 -0.0443
vn -0.6477 0.1666 0.7434
vn 0.5252 0.1397 -0.8394
vn -0.8735 0.0572 -0.4835
vn 0.2684 0.4791 -0.8357
vn 0.8751 0.3175 -0.3652
vn -0.4850 0.1004 0.8687
vn 0.8135 0.1707 0.5559
vn -0.8925 0.2572 -0.3704
vn -0.3533 0.1303 -0.9264
vn 0.5414 0.1571 -0.8259
vn -0.4964 0.0044 -0.8681
vn -0.4199 0.0355 -0.9069
vn 0.3253 0.0049 -0.9456
vn 0.5860 0.0270 -0.8099
vn 0.2422 0.2448 -0.9388
vn -0.2441 0.4068 -0.8803
vn 0.5094 0.3920 -0.7661
vn -0.6638 0.2579 -0.7020
vn -0.6484 -0.0000 -0.7613
vn 0.4956 0.0042 -0.8686
vn -0.6484 -0.0001 -0.7613
vn 0.4956 -0.0021 -0.8686
vn 0.0004 -0.0074 -1.0000
vn -0.0000 -0.0069 -1.0000
vn -0.4524 -0.0727 0.8888
vn -0.3649 -0.1566 0.9178
vn 0.4511 -0.0959 0.8873
vn 0.5608 -0.1824 0.8076
vn 0.4182 0.8936 0.1634
vn -0.6613 0.7067 0.2513
vn -0.5811 0.6195 0.5278
vn 0.5452 0.2904 0.7864
vn 0.9365 -0.0685 0.3439
vn -0.9372 -0.0685 0.3421
vn -0.0000 -1.0000 -0.0021
vn -0.6953 -0.1713 0.6980
vn -0.9804 -0.1959 -0.0191
vn -0.9387 -0.3417 -0.0454
vn -0.9529 -0.2984 -0.0533
vn 0.9222 -0.3833 -0.0510
vn 0.9898 -0.1417 -0.0138
vn 0.9922 -0.1223 -0.0224
vn 0.9398 -0.3363 -0.0600
vn -0.9802 0.1978 -0.0000
vn -0.9978 0.0662 -0.0000
vn -0.8193 0.1794 0.5445
vn 0.9864 0.1641 -0.0000
vn 0.9875 0.1577 0.0051
vn 0.9840 0.1781 -0.0000
vn -0.0013 -0.1147 -0.9934
vn -0.0012 -0.0122 -0.9999
vn -0.0027 -0.1179 -0.9930
vn -0.0012 0.2726 -0.9621
vn -0.0010 0.1824 -0.9832
vn -0.0021 0.1824 -0.9832
vn -0.0005 -0.9844 -0.1760
vn -0.0003 -0.9844 -0.1759
vn -0.0001 -0.9844 -0.1758
vn 0.8066 -0.1616 0.5686
vn 0.1943 0.3604 0.9123
vn -0.0895 -0.2422 0.9661
vn 0.6314 0.7465 0.2100
vn 0.9297 -0.2001 -0.3091
vn 0.6213 0.5990 -0.5052
vn 0.0900 -0.2431 -0.9658
vn -0.1954 0.3608 -0.9120
vn -0.8562 -0.2029 -0.4751
vn -0.6318 0.7463 -0.2095
vn -0.9124 -0.1619 0.3758
vn -0.6201 0.5992 0.5063
vn -0.9701 -0.2031 -0.1326
vn -0.8944 0.3162 0.3162
vn -0.9487 0.2025 -0.2429
vn -0.9487 -0.2649 0.1728
vn 0.8321 0.3551 -0.4261
vn 0.8944 -0.3746 -0.2443
vn 0.8321 -0.4646 0.3030
vn 0.7071 0.5000 0.5000
vn -0.4083 -0.4083 -0.8165
vn -0.7260 0.3099 -0.6139
vn 0.7261 0.1549 -0.6700
vn 0.4083 -0.8165 -0.4083
vn -0.4625 -0.8499 0.2526
vn 0.7219 -0.6633 0.1972
vn -0.7313 0.3447 0.5886
vn 0.7313 0.1724 0.6599
vn -0.4082 -0.4083 0.8165
vn 0.4082 -0.8165 0.4083
vn 0.6017 -0.7240 0.3374
vn -0.0000 -0.8615 0.5077
vn -0.6013 -0.7242 0.3376
vn -0.5900 -0.6401 -0.4921
vn -0.0000 -0.9468 -0.3217
vn 0.5894 -0.6404 -0.4924
vn -0.4625 -0.8499 -0.2527
vn 0.7219 -0.6633 -0.1972
vn -0.0000 -0.1042 -0.9946
vn -0.0000 0.6960 0.7181
vn -0.9524 -0.1167 -0.2816
vn 0.9524 -0.1167 -0.2816
vn -0.6287 -0.0511 0.7760
vn -0.9774 -0.0115 0.2111
vn -0.6260 -0.0531 0.7780
vn -0.9788 -0.0082 0.2046
vn 0.4049 -0.0623 0.9122
vn 0.9806 -0.0106 0.1957
vn 0.8152 -0.0372 0.5780
vn 0.9819 -0.0074 0.1895
vn 0.0007 0.6962 0.7178
vn 0.0003 0.6961 0.7180
vn 0.0009 0.6963 0.7177
vn 0.9521 -0.1176 -0.2824
vn -0.9525 -0.1175 -0.2808
vn 0.6260 -0.0531 0.7780
vn 0.9774 -0.0115 0.2111
vn 0.6287 -0.0511 0.7760
vn 0.9788 -0.0082 0.2046
vn -0.8152 -0.0372 0.5780
vn -0.9806 -0.0106 0.1957
vn -0.4049 -0.0623 0.9122
vn -0.9819 -0.0074 0.1895
vn 0.8494 -0.4664 -0.2470
vn 0.9041 -0.4085 0.1251
vn 0.7378 -0.6597 -0.1429
vn -0.7405 -0.1417 0.6569
vn -0.9051 -0.1988 0.3759
vn -0.7412 -0.5644 0.3634
vn -0.8497 -0.4660 -0.2466
vn -0.9723 -0.0685 -0.2233
vn -0.7396 -0.3642 -0.5660
vn -0.7401 -0.6573 -0.1420
vn 0.9047 0.4069 -0.1261
vn 0.9051 0.3756 0.1995
vn 0.9725 -0.0683 -0.2225
vn 0.9045 0.1242 0.4080
vn 0.9040 -0.1994 0.3783
vn -0.9051 -0.4065 0.1248
vn -0.9051 0.1247 0.4066
vn -0.9046 0.3772 0.1987
vn -0.9039 0.4088 -0.1260
vn -0.8485 0.2476 -0.4677
vn 0.8500 0.2459 -0.4658
vn 0.7410 0.1418 -0.6564
vn 0.7402 0.5648 -0.3648
vn 0.7397 0.6579 0.1412
vn 0.7402 0.3628 0.5661
vn 0.7385 -0.1421 0.6591
vn 0.7379 -0.5670 0.3660
vn -0.7408 0.3645 0.5643
vn -0.7375 0.5675 -0.3662
vn -0.7381 0.1425 -0.6595
vn -0.7380 0.6600 0.1406
vn 0.7408 -0.3645 -0.5643
vn 0.8714 -0.4170 -0.2586
vn 0.6609 0.7329 0.1615
vn 0.0511 -0.2797 0.9587
vn 0.7472 0.6009 -0.2838
vn 0.8970 -0.3877 0.2123
vn 0.3183 -0.3911 -0.8635
vn -0.3124 0.4362 -0.8439
vn 0.4070 -0.9124 0.0424
vn -0.0567 -0.2765 0.9593
vn -0.8747 -0.4132 -0.2533
vn -0.6627 0.7326 0.1555
vn 0.2899 0.4306 0.8547
vn -0.3210 -0.3906 -0.8628
vn -0.4101 -0.9112 0.0397
vn -0.8992 -0.3846 0.2087
vn -0.2943 0.4269 0.8551
vn -0.7490 0.6024 -0.2759
vn 0.3091 0.4342 -0.8461
vn 0.7697 -0.2811 0.5732
vn 0.4688 -0.3080 0.8278
vn 0.2125 -0.4063 0.8887
vn 0.8733 -0.1518 0.4630
vn -0.3352 -0.3171 0.8872
vn -0.3208 -0.4083 0.8547
vn -0.9318 -0.1475 0.3315
vn -0.7697 -0.2811 0.5732
vn -0.8729 -0.1520 0.4635
vn 0.9656 -0.0534 0.2546
vn 0.8925 -0.0825 0.4435
vn -0.9650 -0.0541 0.2567
vn -0.8920 -0.0827 0.4444
vn -0.8600 -0.0384 0.5089
vn -0.5597 -0.1459 0.8157
vn -0.3285 -0.0311 0.9440
vn -0.0001 0.0966 0.9953
vn -0.6777 0.0269 0.7349
vn 0.3943 -0.0073 0.9190
vn 0.8604 -0.0379 0.5082
vn 0.4250 -0.1620 0.8906
vn 0.6777 0.0277 0.7348
vn 0.9322 -0.1470 0.3307
vn -0.9212 -0.0159 0.3888
vn 0.9217 -0.0150 0.3877
vn -0.1936 -0.8618 -0.4689
vn -0.2469 -0.7722 -0.5854
vn 0.9974 -0.0432 0.0585
vn 0.3683 -0.1238 0.9214
vn -0.6752 -0.0343 0.7369
vn 0.2916 0.6310 0.7189
vn -0.8633 0.1010 0.4945
vn 0.3326 0.4776 0.8132
vn -0.5022 0.0541 0.8631
vn 0.2924 0.6300 0.7195
vn -0.8422 0.1312 0.5229
vn -0.1819 -0.8755 -0.4477
vn 0.3696 -0.2593 0.8923
vn 0.9630 0.0543 0.2641
vn 0.9638 0.1016 -0.2466
vn 0.9685 0.1312 -0.2116
vn -0.1677 -0.8929 -0.4180
vn 0.5151 -0.6591 -0.5480
vn -0.7497 -0.6608 -0.0359
vn 0.1872 -0.8617 -0.4715
vn 0.2300 -0.7725 -0.5918
vn 0.6771 -0.0429 0.7347
vn -0.3684 -0.1238 0.9214
vn -0.9975 -0.0347 0.0614
vn -0.2941 0.6310 0.7179
vn -0.9637 0.1005 -0.2474
vn -0.3334 0.4784 0.8124
vn -0.9626 0.0540 0.2654
vn -0.2920 0.6299 0.7197
vn -0.9688 0.1299 -0.2112
vn 0.1851 -0.8690 -0.4588
vn -0.3639 -0.2610 0.8941
vn 0.5033 0.0548 0.8624
vn 0.8628 0.1033 0.4949
vn 0.8422 0.1325 0.5226
vn 0.1675 -0.8928 -0.4181
vn 0.7500 -0.6604 -0.0370
vn -0.5157 -0.6594 -0.5471
vn 0.0599 0.2024 0.9775
vn 0.2607 -0.6848 0.6806
vn -0.3540 0.8115 0.4650
vn 0.0030 0.3220 -0.9467
vn -0.2863 0.6430 -0.7103
vn 0.1599 -0.4295 -0.8888
vn 0.2261 0.9724 -0.0578
vn -0.8818 -0.4715 -0.0079
vn -0.0477 -0.5030 -0.8630
vn 0.8925 -0.4509 -0.0074
vn 0.0277 -0.2310 -0.9726
vn 0.0578 -0.4342 0.8990
vn -0.1166 -0.3607 0.9254
vn 0.4031 -0.3666 0.8385
vn 0.4223 -0.5198 -0.7426
vn -0.1096 0.2139 0.9707
vn -0.1659 -0.0669 0.9839
vn -0.0969 -0.0343 -0.9947
vn -0.9699 -0.2246 -0.0943
vn -0.9573 -0.2785 -0.0772
vn -0.4975 -0.8625 -0.0925
vn 0.2891 -0.9550 -0.0665
vn -0.4537 0.8863 -0.0932
vn -0.0684 0.1324 -0.9888
vn -0.5517 0.4350 0.7117
vn 0.9632 -0.2674 -0.0284
vn 0.4194 0.6650 0.6180
vn -0.7843 -0.6199 -0.0242
vn -0.5184 0.1873 -0.8343
vn 0.1312 0.8931 -0.4304
vn -0.0601 0.2027 0.9774
vn -0.0043 0.3216 -0.9469
vn 0.3553 0.8103 0.4661
vn -0.1643 -0.4285 -0.8885
vn 0.2865 0.6445 -0.7089
vn -0.4229 -0.5195 -0.7425
vn -0.4049 -0.3664 0.8377
vn -0.8929 -0.4499 -0.0142
vn 0.1147 -0.3611 0.9254
vn 0.0464 -0.5041 -0.8624
vn 0.8795 -0.4759 -0.0076
vn -0.2217 0.9735 -0.0563
vn -0.2602 -0.6837 0.6818
vn -0.0586 -0.4342 0.8989
vn -0.0284 -0.2311 -0.9725
vn -0.2967 -0.9526 -0.0672
vn 0.4909 -0.8663 -0.0928
vn 0.9566 -0.2810 -0.0776
vn 0.0964 -0.0365 -0.9947
vn 0.9695 -0.2260 -0.0949
vn 0.1668 -0.0675 0.9837
vn 0.1115 0.2160 0.9700
vn 0.0671 0.1299 -0.9893
vn 0.4548 0.8854 -0.0961
vn -0.9628 -0.2689 -0.0282
vn 0.5184 0.1863 -0.8346
vn 0.7841 -0.6201 -0.0241
vn -0.1308 0.8929 -0.4309
vn -0.4185 0.6651 0.6185
vn 0.5526 0.4343 0.7114
vn -0.0000 0.4017 -0.9158
vn -0.7661 0.3322 -0.5502
vn -0.0000 0.7071 -0.7071
vn 0.7661 0.3322 -0.5502
vn 0.7936 0.1200 -0.5964
vn -0.0000 0.1466 -0.9892
vn -0.7936 0.1200 -0.5964
vn 0.1320 -0.8189 0.5586
vn -0.0000 -0.7956 0.6059
vn -0.0051 -0.8260 0.5636
vn -0.1423 -0.8175 0.5580
vn 0.2614 -0.8256 0.5000
vn -0.2814 -0.8207 0.4973
vn 0.0051 -0.8260 0.5636
vn -0.1320 -0.8189 0.5586
vn 0.1423 -0.8175 0.5580
vn -0.2614 -0.8256 0.5000
vn 0.2814 -0.8207 0.4973
vn 0.0021 1.0000 -0.0000
vn -0.0045 -0.8325 -0.5540
vn -0.2832 -0.8260 -0.4874
vn -0.1420 -0.8241 -0.5484
vn 0.1329 -0.8251 -0.5492
vn 0.0013 -0.8027 -0.5964
vn 0.2630 -0.8306 -0.4908
vn 0.1420 -0.8241 -0.5484
vn 0.2832 -0.8260 -0.4874
vn 0.0045 -0.8325 -0.5540
vn -0.0013 -0.8027 -0.5964
vn -0.1329 -0.8251 -0.5492
vn -0.2630 -0.8306 -0.4908
vn -0.4774 0.0731 0.8757
vn -0.9935 0.0366 -0.1080
vn -0.4400 -0.1114 0.8911
vn -0.9705 -0.2223 -0.0937
vn -0.2975 0.0510 -0.9534
vn -0.2727 -0.0598 -0.9602
vn -0.8800 0.4612 -0.1139
vn 0.4806 0.0767 0.8736
vn 0.9936 0.0323 -0.1080
vn 0.8790 0.4632 -0.1129
vn 0.2728 -0.0706 -0.9595
vn 0.3014 0.0464 -0.9524
vn 0.4434 -0.1087 0.8897
vn 0.9684 -0.2306 -0.0953
vt 0.030240 0.561150
vt 0.081240 0.504150
vt 0.090240 0.595150
vt 0.164240 0.504150
vt 0.155240 0.595150
vt 0.021240 0.649150
vt 0.004240 0.649150
vt 0.014240 0.555150
vt 0.079240 0.500150
vt 0.166240 0.500150
vt 0.224240 0.649150
vt 0.159240 0.649150
vt 0.215240 0.561150
vt 0.241240 0.649150
vt 0.231240 0.555150
vt 0.067240 0.486150
vt 0.085240 0.556150
vt 0.036240 0.486150
vt 0.085240 0.649150
vt 0.087240 0.649150
vt 0.098240 0.667150
vt 0.147240 0.667150
vt 0.160240 0.556150
vt 0.178240 0.486150
vt 0.209240 0.486150
vt 0.160240 0.649150
vt 0.446240 0.486150
vt 0.428240 0.556150
vt 0.481240 0.556150
vt 0.477240 0.486150
vt 0.428240 0.649150
vt 0.492240 0.649150
vt 0.509240 0.649150
vt 0.499240 0.556150
vt 0.272240 0.649150
vt 0.434240 0.500150
vt 0.347240 0.500150
vt 0.282240 0.555150
vt 0.300240 0.556150
vt 0.353240 0.556150
vt 0.335240 0.486150
vt 0.304240 0.486150
vt 0.289240 0.649150
vt 0.353240 0.649150
vt 0.426240 0.649150
vt 0.355240 0.649150
vt 0.414240 0.667150
vt 0.366240 0.667150
vt 0.425240 0.463150
vt 0.491240 0.440150
vt 0.354240 0.463150
vt 0.508240 0.424150
vt 0.355240 0.424150
vt 0.271240 0.424150
vt 0.424240 0.424150
vt 0.288240 0.440150
vt 0.366240 0.460150
vt 0.354240 0.425150
vt 0.366240 0.425150
vt 0.425240 0.425150
vt 0.414240 0.460150
vt 0.414240 0.425150
vt 0.355290 0.406150
vt 0.288240 0.406150
vt 0.491240 0.406150
vt 0.424240 0.406150
vt 0.234240 0.809150
vt 0.245240 0.768150
vt 0.245240 0.813150
vt 0.229240 0.768150
vt 0.282240 0.814150
vt 0.287240 0.768150
vt 0.251240 0.768150
vt 0.255240 0.814150
vt 0.236240 0.810150
vt 0.401240 0.469150
vt 0.409240 0.460150
vt 0.370240 0.460150
vt 0.594240 0.543150
vt 0.567240 0.542150
vt 0.594240 0.561150
vt 0.567240 0.555150
vt 0.537240 0.539150
vt 0.537240 0.547150
vt 0.596240 0.613150
vt 0.568240 0.608150
vt 0.596240 0.602150
vt 0.568240 0.602150
vt 0.538240 0.603150
vt 0.538240 0.602150
vt 0.567240 0.505150
vt 0.594240 0.504150
vt 0.537240 0.505150
vt 0.537240 0.548150
vt 0.378240 0.469150
vt 0.364240 0.453150
vt 0.415240 0.453150
vt 0.358240 0.418150
vt 0.420240 0.418150
vt 0.389240 0.473150
vt 0.919240 0.145150
vt 0.931240 0.076150
vt 0.934240 0.153150
vt 0.985240 0.140150
vt 0.984240 0.086150
vt 0.933240 0.166150
vt 0.918240 0.215150
vt 0.933240 0.215150
vt 0.918240 0.166150
vt 0.985240 0.166150
vt 0.931240 0.215150
vt 0.931240 0.166150
vt 0.985240 0.215150
vt 0.986240 0.215150
vt 0.986240 0.166150
vt 0.865240 0.166150
vt 0.865240 0.215150
vt 0.713240 0.347150
vt 0.667240 0.347150
vt 0.713240 0.385150
vt 0.733240 0.386150
vt 0.720240 0.347150
vt 0.720240 0.385150
vt 0.657240 0.349150
vt 0.657240 0.382150
vt 0.667240 0.385150
vt 0.713240 0.336150
vt 0.666240 0.334150
vt 0.713240 0.297150
vt 0.666240 0.299150
vt 0.657240 0.333150
vt 0.657240 0.299150
vt 0.733240 0.346150
vt 0.734240 0.336150
vt 0.720240 0.336150
vt 0.734240 0.296150
vt 0.720240 0.297150
vt 0.818240 0.346150
vt 0.818240 0.283150
vt 0.791240 0.303150
vt 0.791240 0.344150
vt 0.818240 0.282150
vt 0.895240 0.339150
vt 0.923240 0.299150
vt 0.986240 0.282150
vt 0.986240 0.294150
vt 0.986240 0.283150
vt 0.986240 0.244150
vt 0.818240 0.244150
vt 0.791240 0.278150
vt 0.791240 0.248150
vt 0.924240 0.387150
vt 0.987240 0.348150
vt 0.924240 0.348150
vt 0.987240 0.387150
vt 0.895240 0.387150
vt 0.895240 0.348150
vt 0.818240 0.348150
vt 0.791240 0.353150
vt 0.791240 0.383150
vt 0.818240 0.387150
vt 0.758240 0.344150
vt 0.758240 0.304150
vt 0.924240 0.376150
vt 0.919240 0.381150
vt 0.919240 0.356150
vt 0.924240 0.360150
vt 0.898240 0.356150
vt 0.898240 0.381150
vt 0.651240 0.184150
vt 0.662240 0.183150
vt 0.658240 0.237150
vt 0.643240 0.235150
vt 0.725240 0.237150
vt 0.729240 0.183150
vt 0.718240 0.184150
vt 0.710240 0.235150
vt 0.687240 0.237150
vt 0.687240 0.185150
vt 0.707240 0.192150
vt 0.707240 0.231150
vt 0.774240 0.192150
vt 0.754240 0.185150
vt 0.754240 0.237150
vt 0.774240 0.231150
vt 0.658240 0.273150
vt 0.643240 0.267150
vt 0.643240 0.242150
vt 0.708240 0.242150
vt 0.687240 0.269150
vt 0.708240 0.265150
vt 0.662240 0.182150
vt 0.662240 0.146150
vt 0.650240 0.176150
vt 0.650240 0.151150
vt 0.687240 0.146150
vt 0.687240 0.177150
vt 0.707240 0.151150
vt 0.707240 0.173150
vt 0.642240 0.234150
vt 0.614240 0.184150
vt 0.642240 0.184150
vt 0.614240 0.234150
vt 0.013240 0.966150
vt 0.031240 0.956150
vt 0.031240 0.966150
vt 0.013240 0.956150
vt 0.022240 0.951150
vt 0.022240 0.972150
vt 0.300240 0.954840
vt 0.345240 0.954840
vt 0.300240 0.943610
vt 0.345240 0.943610
vt 0.300240 0.969840
vt 0.345240 0.969840
vt 0.345240 0.980150
vt 0.300240 0.980150
vt 0.047240 0.881150
vt 0.065240 0.879150
vt 0.047240 0.886150
vt 0.065240 0.885150
vt 0.065240 0.898150
vt 0.047240 0.897150
vt 0.065240 0.904150
vt 0.047240 0.902150
vt 0.065240 0.968150
vt 0.047240 0.967150
vt 0.065240 0.974150
vt 0.047240 0.972150
vt 0.047240 0.956150
vt 0.065240 0.955150
vt 0.065240 0.949150
vt 0.047240 0.951150
vt 0.104240 0.982150
vt 0.088240 0.975150
vt 0.088240 0.984150
vt 0.088240 0.914150
vt 0.088240 0.905150
vt 0.104240 0.912150
vt 0.266240 0.951150
vt 0.104240 0.951150
vt 0.104240 0.972150
vt 0.266240 0.972150
vt 0.008240 0.970150
vt 0.036240 0.970150
vt 0.022240 0.978150
vt 0.036240 0.953150
vt 0.008240 0.953150
vt 0.022240 0.944150
vt 0.266240 0.912150
vt 0.266240 0.902150
vt 0.266240 0.881150
vt 0.266240 0.870150
vt 0.104240 0.870150
vt 0.104240 0.881150
vt 0.104240 0.902150
vt 0.266240 0.982150
vt 0.065240 0.953150
vt 0.065240 0.970150
vt 0.266240 0.940150
vt 0.104240 0.940150
vt 0.065240 0.944150
vt 0.065240 0.874150
vt 0.065240 0.883150
vt 0.065240 0.900150
vt 0.065240 0.908150
vt 0.065240 0.978150
vt 0.405240 0.869150
vt 0.383240 0.873150
vt 0.416240 0.829150
vt 0.431240 0.833150
vt 0.421240 0.877150
vt 0.438240 0.889150
vt 0.362240 0.889150
vt 0.088240 0.848150
vt 0.003240 0.829150
vt 0.003240 0.846150
vt 0.090240 0.770150
vt 0.043240 0.734150
vt 0.158240 0.649150
vt 0.202240 0.734150
vt 0.155240 0.770150
vt 0.099240 0.667150
vt 0.483240 0.738150
vt 0.426240 0.782150
vt 0.355240 0.782150
vt 0.297240 0.738150
vt 0.158240 0.848150
vt 0.155240 0.829150
vt 0.111240 0.848150
vt 0.097240 0.829150
vt 0.226240 0.829150
vt 0.223240 0.848150
vt 0.093240 0.829150
vt 0.425240 0.649150
vt 0.367240 0.667150
vt 0.425240 0.424150
vt 0.356240 0.704150
vt 0.356240 0.649150
vt 0.295240 0.704150
vt 0.355240 0.406150
vt 0.290240 0.704150
vt 0.486240 0.704150
vt 0.425240 0.704150
vt 0.425240 0.406150
vt 0.491240 0.704150
vt 0.661240 0.502150
vt 0.661240 0.482150
vt 0.594240 0.484150
vt 0.661240 0.541150
vt 0.661240 0.569150
vt 0.664240 0.450150
vt 0.596240 0.426150
vt 0.596240 0.449150
vt 0.664240 0.426150
vt 0.662240 0.617150
vt 0.594240 0.613150
vt 0.662240 0.602150
vt 0.594240 0.602150
vt 0.619240 0.326150
vt 0.587240 0.302150
vt 0.612240 0.308150
vt 0.613240 0.361150
vt 0.563240 0.308150
vt 0.599240 0.376150
vt 0.556240 0.326150
vt 0.561240 0.361150
vt 0.587240 0.381150
vt 0.575240 0.376150
vt 0.622240 0.079150
vt 0.639240 0.031150
vt 0.703240 0.075150
vt 0.603240 0.034150
vt 0.628240 0.008150
vt 0.603240 0.005150
vt 0.603240 0.079150
vt 0.604240 0.136150
vt 0.604240 0.133150
vt 0.604240 0.083150
vt 0.604240 0.135150
vt 0.706240 0.075150
vt 0.630240 0.031150
vt 0.624240 0.008150
vt 0.603240 0.006150
vt 0.750240 0.009150
vt 0.696240 0.009150
vt 0.694240 0.031150
vt 0.750240 0.031150
vt 0.747240 0.075150
vt 0.624240 0.132150
vt 0.623240 0.135150
vt 0.623240 0.083150
vt 0.704240 0.086150
vt 0.692240 0.123150
vt 0.624240 0.083150
vt 0.528240 0.130150
vt 0.528240 0.124150
vt 0.506240 0.135150
vt 0.528240 0.141150
vt 0.528240 0.146150
vt 0.557240 0.120150
vt 0.557240 0.128150
vt 0.557240 0.143150
vt 0.557240 0.150150
vt 0.573240 0.125150
vt 0.578240 0.124150
vt 0.573240 0.146150
vt 0.578240 0.146150
vt 0.587240 0.135150
vt 0.562240 0.135150
vt 0.396240 0.321150
vt 0.438240 0.302150
vt 0.438240 0.330150
vt 0.382240 0.302150
vt 0.382240 0.282150
vt 0.438240 0.270150
vt 0.492240 0.336150
vt 0.492240 0.302150
vt 0.518240 0.322150
vt 0.518240 0.302150
vt 0.493240 0.266150
vt 0.518240 0.282150
vt 0.493240 0.336150
vt 0.492240 0.266150
vt 0.382240 0.259150
vt 0.382240 0.235150
vt 0.382240 0.254150
vt 0.382240 0.230150
vt 0.439240 0.228150
vt 0.439240 0.262150
vt 0.493240 0.225150
vt 0.519240 0.229150
vt 0.519240 0.261150
vt 0.439240 0.339150
vt 0.396240 0.346150
vt 0.396240 0.364150
vt 0.439240 0.373150
vt 0.519240 0.372150
vt 0.519240 0.340150
vt 0.493240 0.377150
vt 0.175240 0.234150
vt 0.124240 0.232150
vt 0.124240 0.269150
vt 0.175240 0.268150
vt 0.385240 0.124150
vt 0.385240 0.087150
vt 0.448240 0.089150
vt 0.448240 0.123150
vt 0.494240 0.121150
vt 0.448240 0.141150
vt 0.239240 0.083150
vt 0.177240 0.076150
vt 0.177240 0.129150
vt 0.239240 0.124150
vt 0.245240 0.052150
vt 0.448240 0.066150
vt 0.503240 0.093150
vt 0.239240 0.155150
vt 0.385240 0.150150
vt 0.385240 0.053150
vt 0.024240 0.017150
vt 0.090240 0.010150
vt 0.120240 0.042150
vt 0.003240 0.042150
vt 0.090240 0.044150
vt 0.176240 0.203150
vt 0.176240 0.153150
vt 0.496240 0.153150
vt 0.505240 0.153150
vt 0.505240 0.203150
vt 0.496240 0.203150
vt 0.239240 0.200150
vt 0.385240 0.156150
vt 0.449240 0.200150
vt 0.385240 0.200150
vt 0.449240 0.156150
vt 0.449240 0.051150
vt 0.385240 0.007150
vt 0.385240 0.051150
vt 0.449240 0.007150
vt 0.244240 0.007150
vt 0.176240 0.054150
vt 0.176240 0.004150
vt 0.503240 0.005150
vt 0.503240 0.054150
vt 0.007240 0.228150
vt 0.007240 0.269150
vt 0.164240 0.134150
vt 0.139240 0.130150
vt 0.143240 0.177150
vt 0.058240 0.140150
vt 0.074240 0.177150
vt 0.300240 0.269150
vt 0.300240 0.232150
vt 0.351240 0.234150
vt 0.351240 0.268150
vt 0.183240 0.269150
vt 0.183240 0.228150
vt 0.549260 0.701920
vt 0.659650 0.701920
vt 0.629380 0.647680
vt 0.571890 0.647680
vt 0.642270 0.772680
vt 0.659650 0.734920
vt 0.604790 0.734920
vt 0.614350 0.772680
vt 0.606350 0.814640
vt 0.595910 0.787520
vt 0.554290 0.787520
vt 0.543850 0.814640
vt 0.606350 0.831140
vt 0.543850 0.831140
vt 0.596060 0.850020
vt 0.554140 0.850020
vt 0.662470 0.833810
vt 0.662470 0.850020
vt 0.620540 0.850020
vt 0.620540 0.833810
vt 0.549260 0.734920
vt 0.622640 0.833000
vt 0.622640 0.816290
vt 0.660370 0.816290
vt 0.660370 0.833000
vt 0.610260 0.796010
vt 0.672760 0.796010
vt 0.737240 0.787520
vt 0.737180 0.847380
vt 0.678590 0.787520
vt 0.677990 0.847380
vt 0.564310 0.685090
vt 0.535980 0.685090
vt 0.535980 0.745220
vt 0.564310 0.745220
vt 0.615330 0.787520
vt 0.667680 0.787520
vt 0.667680 0.804750
vt 0.615330 0.804750
vt 0.584180 0.765920
vt 0.612960 0.764960
vt 0.728240 0.560150
vt 0.702240 0.556150
vt 0.702240 0.562150
vt 0.733240 0.551150
vt 0.725240 0.571150
vt 0.702240 0.575150
vt 0.725240 0.591150
vt 0.702240 0.587150
vt 0.702240 0.607150
vt 0.728240 0.603150
vt 0.702240 0.601150
vt 0.733240 0.612150
vt 0.161240 0.808150
vt 0.161240 0.782150
vt 0.193240 0.808150
vt 0.197240 0.782150
vt 0.320240 0.814150
vt 0.352240 0.791150
vt 0.316240 0.791150
vt 0.352240 0.814150
vt 0.429240 0.791150
vt 0.461240 0.814150
vt 0.465240 0.791150
vt 0.429240 0.814150
vt 0.041240 0.791150
vt 0.088240 0.782150
vt 0.088240 0.791150
vt 0.041240 0.782150
vt 0.161240 0.814150
vt 0.193240 0.814150
vt 0.088240 0.704150
vt 0.027240 0.704150
vt 0.309240 0.791150
vt 0.356240 0.791150
vt 0.356240 0.782150
vt 0.084240 0.814150
vt 0.052240 0.814150
vt 0.052240 0.808150
vt 0.084240 0.808150
vt 0.204240 0.791150
vt 0.157240 0.782150
vt 0.204240 0.782150
vt 0.157240 0.791150
vt 0.158240 0.704150
vt 0.218240 0.704150
vt 0.472240 0.791150
vt 0.425240 0.791150
vt 0.472240 0.782150
vt 0.084240 0.782150
vt 0.048240 0.782150
vt 0.197240 0.791150
vt 0.161240 0.791150
vt 0.048240 0.791150
vt 0.084240 0.791150
vt 0.309240 0.782150
vt 0.983240 0.498150
vt 0.924240 0.482150
vt 0.922240 0.498150
vt 0.993240 0.659150
vt 0.983240 0.655150
vt 0.993240 0.650150
vt 0.983240 0.663150
vt 0.832240 0.518150
vt 0.733240 0.501150
vt 0.736240 0.531150
vt 0.839240 0.496150
vt 0.825240 0.529150
vt 0.692240 0.616150
vt 0.665240 0.602150
vt 0.665240 0.617150
vt 0.692240 0.602150
vt 0.732240 0.482150
vt 0.847240 0.476150
vt 0.921240 0.513150
vt 0.825240 0.539150
vt 0.976240 0.488150
vt 0.987240 0.498150
vt 0.734240 0.426150
vt 0.847240 0.448150
vt 0.851240 0.426150
vt 0.734240 0.451150
vt 0.925240 0.442150
vt 0.926240 0.426150
vt 0.978240 0.426150
vt 0.926240 0.613150
vt 0.831240 0.620150
vt 0.925240 0.602150
vt 0.831240 0.602150
vt 0.989240 0.606150
vt 0.993240 0.602150
vt 0.983240 0.646150
vt 0.890240 0.642150
vt 0.891240 0.648150
vt 0.993240 0.640150
vt 0.848240 0.670150
vt 0.882240 0.654150
vt 0.835240 0.666150
vt 0.883240 0.679150
vt 0.689240 0.555150
vt 0.689240 0.569150
vt 0.877240 0.680150
vt 0.879240 0.693150
vt 0.873240 0.693150
vt 0.848240 0.692150
vt 0.848240 0.682150
vt 0.835240 0.682150
vt 0.835240 0.691150
vt 0.879240 0.691150
vt 0.928240 0.690150
vt 0.946240 0.678150
vt 0.943240 0.690150
vt 0.890240 0.769150
vt 0.890240 0.727150
vt 0.890240 0.734150
vt 0.903240 0.734150
vt 0.919240 0.730150
vt 0.919240 0.774150
vt 0.903240 0.769150
vt 0.890240 0.777150
vt 0.954240 0.731150
vt 0.954240 0.727150
vt 0.993240 0.733150
vt 0.993240 0.728150
vt 0.993240 0.775150
vt 0.954240 0.777150
vt 0.993240 0.771150
vt 0.954240 0.773150
vt 0.954240 0.741150
vt 0.993240 0.744150
vt 0.954240 0.744150
vt 0.993240 0.743150
vt 0.993240 0.761150
vt 0.993240 0.759150
vt 0.954240 0.762150
vt 0.954240 0.759150
vt 0.910240 0.658150
vt 0.960240 0.658150
vt 0.914240 0.678150
vt 0.956240 0.678150
vt 0.925240 0.678150
vt 0.835240 0.727150
vt 0.868240 0.727150
vt 0.835240 0.734150
vt 0.868240 0.734150
vt 0.868240 0.777150
vt 0.868240 0.769150
vt 0.835240 0.769150
vt 0.835240 0.777150
vt 0.836240 0.733150
vt 0.836240 0.771150
vt 0.836240 0.746150
vt 0.836240 0.758150
vt 0.836240 0.727150
vt 0.836240 0.777150
vt 0.886240 0.717150
vt 0.886240 0.787150
vt 0.876240 0.786150
vt 0.876240 0.718150
vt 0.836240 0.724150
vt 0.836240 0.780150
vt 0.992240 0.776150
vt 0.992240 0.728150
vt 0.992240 0.752150
vt 0.992240 0.780150
vt 0.992240 0.723150
vt 0.749240 0.603150
vt 0.741240 0.613150
vt 0.769240 0.603150
vt 0.751240 0.592150
vt 0.781240 0.589150
vt 0.822240 0.603150
vt 0.822240 0.581150
vt 0.822240 0.607150
vt 0.781240 0.573150
vt 0.769240 0.559150
vt 0.741240 0.550150
vt 0.749240 0.559150
vt 0.751240 0.571150
vt 0.822240 0.560150
vt 0.822240 0.556150
vt 0.733240 0.603150
vt 0.730240 0.592150
vt 0.733240 0.559150
vt 0.730240 0.571150
vt 0.950240 0.553150
vt 0.936240 0.547150
vt 0.923240 0.552150
vt 0.950240 0.547150
vt 0.936240 0.560150
vt 0.950240 0.563150
vt 0.950240 0.546150
vt 0.983240 0.558150
vt 0.970240 0.554150
vt 0.968240 0.564150
vt 0.987240 0.554150
vt 0.983240 0.550150
vt 0.969240 0.547150
vt 0.970240 0.548150
vt 0.318240 0.301150
vt 0.236240 0.381150
vt 0.335240 0.381150
vt 0.253240 0.301150
vt 0.238240 0.374150
vt 0.333240 0.374150
vt 0.034240 0.342150
vt 0.036240 0.378150
vt 0.097240 0.342150
vt 0.095240 0.378150
vt 0.095240 0.438150
vt 0.036240 0.438150
vt 0.109240 0.464150
vt 0.022240 0.464150
vt 0.022240 0.342150
vt 0.109240 0.342150
vt 0.035240 0.282150
vt 0.096240 0.282150
vt 0.130240 0.342150
vt 0.141240 0.282150
vt 0.212240 0.342150
vt 0.201240 0.282150
vt 0.214240 0.464150
vt 0.128240 0.464150
vt 0.130240 0.464150
vt 0.212240 0.464150
vt 0.214240 0.342150
vt 0.128240 0.342150
vt 0.531240 0.275150
vt 0.545240 0.246150
vt 0.628240 0.275150
vt 0.614240 0.246150
vt 0.310240 0.881150
vt 0.310240 0.870150
vt 0.310240 0.902150
vt 0.310240 0.912150
vt 0.340240 0.885150
vt 0.340240 0.897150
vt 0.349240 0.930150
vt 0.328240 0.930150
vt 0.349240 0.912150
vt 0.328240 0.849150
vt 0.349240 0.849150
vt 0.340240 0.888150
vt 0.340240 0.894150
vt 0.349240 0.870150
vt 0.425240 0.412150
vt 0.491240 0.399150
vt 0.425240 0.399150
vt 0.491240 0.412150
vt 0.519240 0.051150
vt 0.588240 0.014150
vt 0.519240 0.007150
vt 0.588240 0.045150
vt 0.565240 0.093150
vt 0.554240 0.062150
vt 0.510240 0.093150
vt 0.520240 0.062150
vt 0.517240 0.062150
vt 0.150240 0.222150
vt 0.058240 0.214150
vt 0.788610 0.702580
vt 0.778460 0.702580
vt 0.792950 0.691710
vt 0.760350 0.704750
vt 0.771220 0.709100
vt 0.774120 0.691710
vt 0.795850 0.709100
vt 0.806720 0.704750
vt 0.788610 0.726490
vt 0.778460 0.726490
vt 0.771220 0.719240
vt 0.795850 0.719240
vt 0.806720 0.723590
vt 0.792950 0.736630
vt 0.774120 0.736630
vt 0.760350 0.723590
vt 0.783600 0.752110
vt 0.783600 0.848630
vt 0.777230 0.756780
vt 0.783600 0.756780
vt 0.788970 0.756780
vt 0.787230 0.848630
vt 0.779970 0.848630
vt 0.831560 0.817520
vt 0.869900 0.827530
vt 0.831560 0.832330
vt 0.874080 0.814590
vt 0.869900 0.850080
vt 0.831560 0.845270
vt 0.831560 0.866740
vt 0.831560 0.860070
vt 0.874080 0.863010
vt 0.884250 0.803840
vt 0.894760 0.814370
vt 0.884240 0.873800
vt 0.894750 0.863230
vt 0.922370 0.863200
vt 0.897580 0.850600
vt 0.939410 0.847670
vt 0.997240 0.838820
vt 0.997240 0.861560
vt 0.939410 0.829950
vt 0.922370 0.814420
vt 0.897580 0.827010
vt 0.997240 0.816070
vt 0.831560 0.810870
vt 0.997240 0.867320
vt 0.997240 0.810330
vt 0.786240 0.062150
vt 0.836240 0.005150
vt 0.771240 0.136150
vt 0.748240 0.136150
vt 0.810240 0.136150
vt 0.798240 0.136150
vt 0.790240 0.152150
vt 0.780240 0.152150
vt 0.983240 0.005150
vt 0.956240 0.005150
vt 0.740240 0.152150
vt 0.669360 0.974120
vt 0.664740 0.909040
vt 0.676560 0.974120
vt 0.669410 0.974270
vt 0.676560 0.974270
vt 0.664660 0.909200
vt 0.667690 0.993560
vt 0.585910 0.890750
vt 0.588890 0.911580
vt 0.595900 0.889570
vt 0.388560 0.924340
vt 0.609740 0.911950
vt 0.609810 0.912080
vt 0.394020 0.968210
vt 0.392690 0.961120
vt 0.384950 0.961120
vt 0.378320 0.924350
vt 0.376690 0.915360
vt 0.387410 0.914090
vt 0.394740 0.976420
vt 0.394000 0.968100
vt 0.388220 0.924350
vt 0.585560 0.890760
vt 0.588540 0.911590
vt 0.387070 0.914100
vt 0.703380 0.974800
vt 0.703330 0.974930
vt 0.696180 0.974790
vt 0.708030 0.909920
vt 0.696180 0.974940
vt 0.762890 0.912760
vt 0.762970 0.912630
vt 0.776800 0.890270
vt 0.783830 0.912240
vt 0.783820 0.912240
vt 0.786790 0.891430
vt 0.705060 0.994210
vt 0.707960 0.909760
vt 0.984220 0.924830
vt 0.984210 0.924820
vt 0.985360 0.914590
vt 0.996080 0.915830
vt 0.994460 0.924820
vt 0.980110 0.961580
vt 0.987850 0.961570
vt 0.978790 0.968660
vt 0.978810 0.968560
vt 0.978080 0.976870
vt 0.787130 0.891440
vt 0.984560 0.924840
vt 0.985700 0.914600
vt 0.784170 0.912250
vt 0.014240 0.911150
vt 0.012240 0.900150
vt 0.028240 0.900150
vt 0.028240 0.909150
vt 0.011240 0.092150
vt 0.004240 0.069150
vt 0.073240 0.068150
vt 0.073240 0.118150
vt 0.004240 0.117150
vt 0.073240 0.092150
vt 0.012240 0.141150
vt 0.030240 0.141150
vt 0.030240 0.177150
vt 0.046240 0.141150
vt 0.002240 0.177150
vt 0.056240 0.177150
vt 0.690930 0.650740
vt 0.690930 0.681990
vt 0.753430 0.681990
vt 0.753430 0.650740
vt 0.046240 0.214150
vt 0.012240 0.214150
vt 0.030240 0.214150
vt 0.386500 0.969660
vt 0.986320 0.970110
s 1
usemtl body
f 1/1/1 2/2/2 3/3/3
f 2/2/2 4/4/4 3/3/3
f 3/3/3 4/4/4 5/5/5
f 7/6/6 10/7/7 1/1/1
f 10/7/7 12/8/8 1/1/1
f 12/8/8 14/9/9 1/1/1
f 1/1/1 14/9/9 2/2/2
f 14/9/9 16/10/10 2/2/2
f 2/2/2 16/10/10 4/4/4
f 5/5/5 18/11/11 20/12/12
f 5/5/5 21/13/13 18/11/11
f 5/5/5 4/4/4 21/13/13
f 21/13/13 24/14/14 18/11/11
f 21/13/13 26/15/15 24/14/14
f 21/13/13 16/10/10 26/15/15
f 4/4/4 16/10/10 21/13/13
f 12/8/8 27/16/16 29/17/17
f 30/18/18 27/16/16 12/8/8
f 10/7/19 12/8/8 32/19/20
f 34/20/21 5/5/5 20/12/12
f 3/3/3 5/5/5 34/20/21
f 20/12/12 35/21/22 34/20/21
f 35/21/22 20/12/12 37/22/22
f 27/16/16 39/16/23 29/17/17
f 41/18/24 39/16/23 27/16/16
f 30/18/18 41/18/24 27/16/16
f 12/8/8 41/18/24 30/18/18
f 43/23/25 44/24/26 26/15/27
f 26/15/27 44/24/26 45/25/28
f 47/26/29 26/15/27 24/14/30
f 44/24/26 49/24/31 51/25/32
f 44/24/26 51/25/32 45/25/28
f 45/25/28 51/25/32 26/15/27
f 48/27/33 52/28/34 53/29/35
f 48/27/33 53/29/35 50/30/36
f 52/28/34 54/31/37 56/32/38
f 52/28/34 56/32/38 53/29/35
f 53/29/35 56/32/38 23/33/39
f 25/34/40 53/29/35 23/33/39
f 50/30/36 53/29/35 25/34/40
f 23/33/41 25/34/42 9/35/43
f 25/34/42 15/36/44 9/35/43
f 9/35/43 13/37/45 11/38/46
f 15/36/44 13/37/45 9/35/43
f 57/39/47 58/40/48 38/41/49
f 40/42/50 57/39/47 38/41/49
f 60/43/51 61/44/52 58/40/48
f 57/39/47 60/43/51 58/40/48
f 9/35/43 60/43/51 57/39/47
f 9/35/43 57/39/47 11/38/46
f 11/38/46 57/39/47 40/42/50
f 12/8/8 29/17/17 32/19/20
f 47/26/29 43/23/25 26/15/27
f 43/23/25 49/24/31 44/24/26
f 38/41/49 58/40/48 28/40/53
f 58/40/48 61/44/52 31/44/54
f 28/40/53 58/40/48 31/44/54
f 42/28/55 52/28/34 48/27/33
f 46/31/56 54/31/37 52/28/34
f 46/31/56 52/28/34 42/28/55
f 64/45/57 67/46/57 68/47/57
f 68/47/57 67/46/57 69/48/57
f 19/49/58 17/50/59 33/51/60
f 17/50/59 22/52/59 33/51/60
f 66/53/59 8/54/59 33/51/60
f 33/51/60 22/52/59 63/55/59
f 33/51/60 63/55/59 66/53/59
f 33/51/60 8/54/59 6/56/59
f 70/57/61 65/58/62 71/59/63
f 65/58/62 70/57/61 33/51/64
f 62/60/65 19/49/66 36/61/67
f 36/61/67 72/62/68 62/60/65
f 7/6/6 1/1/1 3/3/3
f 66/53/59 73/63/59 59/64/59
f 55/65/59 74/66/59 63/55/59
f 22/52/59 55/65/59 63/55/59
f 76/67/69 78/68/70 80/69/71
f 81/70/72 78/68/70 76/67/69
f 83/69/73 85/68/74 87/67/75
f 87/67/75 85/68/74 88/70/76
f 87/67/75 80/69/71 83/69/73
f 76/67/69 80/69/71 87/67/75
f 79/71/57 77/72/57 84/73/57
f 79/71/57 84/73/57 82/74/57
f 81/70/77 75/75/78 88/70/79
f 88/70/79 75/75/78 86/75/80
f 90/69/81 92/68/82 94/67/83
f 94/67/83 92/68/82 95/70/84
f 97/67/85 99/68/86 101/69/87
f 102/70/88 99/68/86 97/67/85
f 101/69/87 90/69/81 97/67/85
f 97/67/85 90/69/81 94/67/83
f 98/73/89 91/72/90 89/71/89
f 100/74/91 98/73/89 89/71/89
f 102/70/88 93/75/92 95/70/84
f 96/75/92 93/75/92 102/70/88
f 34/20/21 7/6/6 3/3/3
f 105/76/59 106/77/59 107/78/59
f 109/79/93 110/80/94 113/81/95
f 113/81/95 110/80/94 115/82/96
f 115/82/96 116/83/97 118/84/98
f 112/85/99 114/86/100 120/87/101
f 120/87/101 114/86/100 121/88/102
f 114/86/100 117/89/103 121/88/102
f 121/88/102 117/89/103 123/90/104
f 110/80/94 109/79/93 124/91/105
f 124/91/105 109/79/93 126/92/106
f 110/80/94 116/83/97 115/82/96
f 110/80/94 124/91/105 116/83/97
f 116/83/97 124/91/105 127/93/107
f 104/81/108 128/80/109 130/79/110
f 132/82/111 128/80/109 104/81/108
f 134/84/112 135/83/113 132/82/111
f 120/87/101 131/86/114 103/85/115
f 121/88/102 131/86/114 120/87/101
f 121/88/102 133/89/116 131/86/114
f 123/90/104 133/89/116 121/88/102
f 136/91/117 138/92/118 128/80/109
f 128/80/109 138/92/118 130/79/110
f 132/82/111 135/83/113 128/80/109
f 136/91/117 128/80/109 139/93/119
f 139/93/119 128/80/109 135/83/113
f 122/94/120 139/93/119 135/83/113
f 107/78/59 111/95/59 105/76/59
f 108/96/59 140/57/59 129/97/59
f 140/57/59 36/61/67 129/97/59
f 125/98/59 108/96/59 129/97/59
f 129/97/59 137/99/59 125/98/59
f 111/95/59 119/100/59 105/76/59
s 0
f 127/93/121 139/93/122 141/93/57
s 1
f 127/93/107 139/93/119 116/83/97
f 116/83/97 139/93/119 122/94/120
f 59/64/59 8/54/59 66/53/59
f 143/101/123 146/102/123 148/103/123
f 150/103/124 153/102/125 155/101/126
f 157/104/127 153/102/125 150/103/124
f 159/105/128 153/102/125 157/104/127
f 161/104/123 146/102/123 163/105/123
f 148/103/123 146/102/123 161/104/123
f 149/106/129 142/107/130 147/108/131
f 154/109/132 142/107/130 149/106/129
f 158/110/133 145/111/134 152/112/135
f 162/113/136 145/111/134 158/110/133
f 147/108/131 160/114/137 149/106/129
f 149/106/129 160/114/137 156/115/138
f 156/115/138 162/113/136 158/110/133
f 160/114/137 162/113/136 156/115/138
f 151/116/139 144/117/139 142/107/130
f 154/109/132 151/116/139 142/107/130
f 165/118/140 167/119/141 169/120/140
f 171/121/123 173/122/140 175/123/142
f 177/124/143 179/125/143 167/119/141
f 167/119/141 179/125/143 181/126/141
f 183/120/144 185/126/145 187/118/146
f 187/118/146 185/126/145 189/119/145
f 191/125/147 193/124/147 185/126/145
f 185/126/145 193/124/147 189/119/145
f 168/127/148 180/128/149 182/129/150
f 182/129/150 180/128/149 184/130/149
f 178/131/151 190/132/151 180/128/149
f 180/128/149 190/132/151 184/130/149
f 186/129/152 188/130/153 164/127/152
f 164/127/152 188/130/153 166/128/153
f 192/132/154 176/131/154 188/130/153
f 188/130/153 176/131/154 166/128/153
f 195/133/123 173/122/140 171/121/123
f 169/120/140 167/119/141 181/126/141
f 165/118/140 169/120/140 173/122/140
f 173/122/140 169/120/140 175/123/142
f 197/121/155 199/123/156 201/133/155
f 201/133/155 199/123/156 203/122/157
f 183/120/144 187/118/146 199/123/156
f 199/123/156 187/118/146 203/122/157
f 170/134/57 174/135/148 196/136/57
f 196/136/57 174/135/148 198/137/148
f 168/127/148 182/129/150 174/135/148
f 174/135/148 182/129/150 198/137/148
f 200/136/158 202/137/152 194/134/158
f 194/134/158 202/137/152 172/135/152
f 186/129/152 164/127/152 202/137/152
f 202/137/152 164/127/152 172/135/152
f 205/138/159 207/139/160 209/140/161
f 205/138/159 209/140/161 211/141/162
f 214/141/163 217/140/163 219/138/164
f 217/140/163 220/142/165 219/138/164
f 219/138/164 220/142/165 222/143/166
f 224/144/167 226/145/168 228/146/123
f 224/144/167 220/142/165 226/145/168
f 222/143/166 220/142/165 224/144/167
f 230/143/169 207/139/160 205/138/159
f 232/146/169 235/147/169 237/144/169
f 237/144/169 207/139/160 230/143/169
f 235/147/169 207/139/160 237/144/169
f 234/148/57 220/142/165 206/149/170
f 226/145/168 220/142/165 234/148/57
f 206/149/170 220/142/165 216/150/171
f 208/151/172 206/149/170 216/150/171
f 223/152/173 231/153/174 236/154/175
f 223/152/173 227/155/174 231/153/174
f 221/156/176 236/154/175 229/157/177
f 221/156/176 223/152/173 236/154/175
f 231/153/174 225/155/59 233/153/59
f 227/155/174 225/155/59 231/153/174
f 204/158/178 210/159/179 213/160/179
f 204/158/178 213/160/179 218/161/178
f 204/158/178 221/156/176 229/157/177
f 218/161/178 221/156/176 204/158/178
f 211/141/162 209/140/161 212/162/120
f 212/162/120 209/140/161 215/163/120
f 238/164/180 239/165/181 240/166/182
f 238/164/180 240/166/182 241/167/183
f 241/167/183 240/166/182 242/166/184
f 243/167/185 241/167/183 242/166/184
f 244/165/186 245/164/187 242/166/184
f 242/166/184 245/164/187 243/167/185
f 244/165/186 239/165/181 245/164/187
f 245/164/187 239/165/181 238/164/180
f 246/168/188 244/165/186 242/166/184
f 247/169/189 244/165/186 246/168/188
f 243/167/185 238/164/180 241/167/183
f 245/164/187 238/164/180 243/167/185
f 247/169/189 239/165/181 244/165/186
f 242/166/184 240/166/182 246/168/188
f 249/101/123 252/102/123 254/103/123
f 256/103/169 259/102/190 261/101/169
f 263/104/191 259/102/190 256/103/169
f 265/105/192 259/102/190 263/104/191
f 267/104/123 252/102/123 269/105/123
f 254/103/123 252/102/123 267/104/123
f 255/106/193 248/107/194 253/108/195
f 260/109/194 248/107/194 255/106/193
f 264/110/196 251/111/197 258/112/197
f 268/113/198 251/111/197 264/110/196
f 253/108/195 266/114/199 255/106/193
f 255/106/193 266/114/199 262/115/200
f 262/115/200 268/113/198 264/110/196
f 266/114/199 268/113/198 262/115/200
f 257/116/201 250/117/201 248/107/194
f 260/109/194 257/116/201 248/107/194
f 271/118/140 273/119/141 275/120/140
f 277/121/123 279/122/140 281/123/142
f 283/124/143 285/125/143 273/119/141
f 273/119/141 285/125/143 287/126/141
f 289/120/144 291/126/145 293/118/144
f 293/118/144 291/126/145 295/119/145
f 297/125/147 299/124/147 291/126/145
f 291/126/145 299/124/147 295/119/145
f 274/127/148 286/128/149 288/129/148
f 288/129/148 286/128/149 290/130/149
f 284/131/151 296/132/151 286/128/149
f 286/128/149 296/132/151 290/130/149
f 292/129/152 294/130/153 270/127/202
f 270/127/202 294/130/153 272/128/153
f 298/132/154 282/131/154 294/130/153
f 294/130/153 282/131/154 272/128/153
f 301/133/123 279/122/140 277/121/123
f 275/120/140 273/119/141 287/126/141
f 271/118/140 275/120/140 279/122/140
f 279/122/140 275/120/140 281/123/142
f 303/121/169 305/123/144 307/133/169
f 307/133/169 305/123/144 309/122/203
f 289/120/144 293/118/144 305/123/144
f 305/123/144 293/118/144 309/122/203
f 276/134/57 280/135/148 302/136/57
f 302/136/57 280/135/148 304/137/148
f 274/127/148 288/129/148 280/135/148
f 280/135/148 288/129/148 304/137/148
f 306/136/158 308/137/152 300/134/158
f 300/134/158 308/137/152 278/135/152
f 292/129/152 270/127/202 308/137/152
f 308/137/152 270/127/202 278/135/152
f 311/140/204 313/139/205 315/138/206
f 317/141/207 311/140/204 315/138/206
f 319/138/208 322/140/209 325/141/209
f 319/138/208 326/142/210 322/140/209
f 328/143/169 326/142/210 319/138/208
f 330/146/169 332/145/211 334/144/169
f 332/145/211 326/142/210 334/144/169
f 334/144/169 326/142/210 328/143/169
f 315/138/206 313/139/205 336/143/212
f 338/144/123 341/147/123 343/146/123
f 336/143/212 313/139/205 338/144/123
f 338/144/123 313/139/205 341/147/123
f 312/149/213 326/142/210 340/148/57
f 340/148/57 326/142/210 332/145/211
f 321/150/214 326/142/210 312/149/213
f 321/150/214 312/149/213 310/151/215
f 337/154/175 342/153/174 333/152/173
f 342/153/174 329/155/174 333/152/173
f 335/157/176 337/154/175 327/156/177
f 337/154/175 333/152/173 327/156/177
f 339/153/59 331/155/59 342/153/174
f 342/153/174 331/155/59 329/155/174
f 324/160/179 316/159/179 314/158/178
f 318/161/178 324/160/179 314/158/178
f 335/157/176 327/156/177 314/158/178
f 314/158/178 327/156/177 318/161/178
f 323/162/120 311/140/204 317/141/207
f 320/163/120 311/140/204 323/162/120
f 344/166/216 345/165/217 346/164/218
f 347/167/219 344/166/216 346/164/218
f 348/166/220 344/166/216 347/167/219
f 348/166/220 347/167/219 349/167/221
f 348/166/220 350/164/222 351/165/223
f 349/167/221 350/164/222 348/166/220
f 350/164/222 345/165/217 351/165/223
f 346/164/218 345/165/217 350/164/222
f 348/166/220 351/165/223 352/168/224
f 352/168/224 351/165/223 353/169/225
f 347/167/219 346/164/218 349/167/221
f 349/167/221 346/164/218 350/164/222
f 351/165/223 345/165/217 353/169/225
f 352/168/224 344/166/216 348/166/220
f 356/170/226 358/171/227 359/172/228
f 362/173/229 356/170/226 359/172/228
f 364/174/230 366/175/231 369/176/232
f 364/174/230 369/176/232 372/177/233
f 373/178/234 375/179/235 377/180/236
f 373/178/234 377/180/236 379/181/236
f 381/182/237 383/183/238 385/184/239
f 387/185/237 381/182/237 385/184/239
f 383/183/238 366/175/231 364/174/230
f 385/184/239 383/183/238 364/174/230
f 359/172/228 358/171/227 375/179/235
f 359/172/228 375/179/235 373/178/234
f 363/186/240 371/187/241 359/172/228
f 359/172/228 371/187/241 361/188/241
f 373/178/234 378/189/242 384/190/243
f 378/189/242 386/191/242 384/190/243
f 363/186/240 359/172/228 384/190/243
f 384/190/243 359/172/228 373/178/234
f 365/192/244 357/193/245 368/194/246
f 368/194/246 357/193/245 355/195/246
f 374/196/247 382/197/248 376/198/249
f 376/198/249 382/197/248 380/199/250
f 374/196/247 357/193/245 382/197/248
f 382/197/248 357/193/245 365/192/244
f 360/200/251 367/201/251 354/202/251
f 370/203/251 367/201/251 360/200/251
f 389/204/59 391/205/59 393/206/59
f 395/207/59 391/205/59 389/204/59
f 391/205/59 395/207/59 398/208/59
f 393/206/59 401/209/59 389/204/59
f 402/210/252 403/211/253 404/212/254
f 404/212/254 403/211/253 405/213/255
f 404/212/254 405/213/255 406/210/256
f 406/210/256 405/213/255 407/211/257
f 407/211/257 408/214/258 406/210/256
f 408/214/258 407/211/257 409/215/259
f 410/216/260 408/214/258 409/215/259
f 408/214/258 410/216/260 411/217/261
f 412/215/262 411/217/261 410/216/260
f 411/217/261 412/215/262 413/214/263
f 413/214/263 412/215/262 402/210/252
f 403/211/253 402/210/252 412/215/262
f 397/218/264 415/219/265 390/220/266
f 390/220/266 415/219/265 416/221/267
f 390/220/266 416/221/267 417/222/268
f 390/220/266 417/222/268 392/223/269
f 419/224/270 392/223/269 417/222/268
f 392/223/269 419/224/270 400/225/271
f 420/226/272 388/227/273 418/228/274
f 418/228/274 388/227/273 399/229/275
f 388/227/273 420/226/272 394/230/276
f 421/231/277 394/230/276 420/226/272
f 414/232/278 396/233/279 394/230/276
f 394/230/276 421/231/277 414/232/278
f 423/234/280 424/235/281 426/236/281
f 425/237/282 427/238/282 422/239/283
f 429/240/284 430/241/285 431/242/286
f 429/240/284 431/242/286 433/243/287
f 435/244/59 437/245/59 440/246/59
f 442/247/59 444/248/59 447/249/59
f 435/244/59 442/247/59 437/245/59
f 444/248/59 442/247/59 435/244/59
f 449/250/288 450/251/289 432/251/120
f 450/251/289 428/252/120 432/251/120
f 451/252/290 428/252/120 450/251/289
f 428/252/120 451/252/290 453/253/291
f 455/254/292 451/252/290 456/255/293
f 451/252/290 455/254/292 453/253/291
f 456/255/293 451/252/290 450/251/289
f 456/255/293 450/251/289 457/256/294
f 457/256/294 450/251/289 449/250/288
f 449/250/288 422/239/295 457/256/294
f 423/234/296 448/257/297 433/243/287
f 433/243/287 431/242/286 423/234/296
f 443/258/298 431/242/286 430/241/285
f 431/242/286 443/258/298 434/259/299
f 430/241/285 452/260/300 454/261/301
f 452/260/300 430/241/285 429/240/284
f 454/261/301 446/262/302 443/258/298
f 443/258/298 430/241/285 454/261/301
f 445/263/303 455/254/292 441/264/304
f 441/264/304 455/254/292 456/255/293
f 441/264/304 457/256/294 436/265/305
f 457/256/294 441/264/304 456/255/293
f 422/239/295 436/265/305 457/256/294
f 436/265/305 422/239/295 439/266/306
f 431/242/286 434/259/299 423/234/296
f 423/234/296 434/259/299 438/267/307
f 458/268/308 459/268/309 460/269/310
f 461/270/311 458/268/308 462/270/312
f 458/268/308 461/270/311 459/268/309
f 463/271/313 461/270/311 464/271/314
f 464/271/314 461/270/311 462/270/312
f 464/271/314 465/272/315 463/271/313
f 463/271/313 465/272/315 466/272/316
f 467/273/317 466/272/316 468/273/318
f 468/273/318 466/272/316 465/272/315
f 469/274/319 466/272/316 467/273/317
f 466/272/316 469/274/319 460/269/310
f 459/268/309 461/270/311 463/271/313
f 466/272/316 460/269/310 459/268/309
f 459/268/309 463/271/313 466/272/316
f 469/274/319 465/272/315 460/269/310
f 465/272/315 469/274/319 468/273/318
f 464/271/314 458/268/308 465/272/315
f 460/269/310 465/272/315 458/268/308
f 458/268/308 464/271/314 462/270/312
f 473/58/320 475/59/321 477/51/322
f 480/275/323 483/276/323 486/277/324
f 488/278/325 479/279/326 476/20/327
f 490/280/328 493/281/329 496/282/330
f 490/280/328 499/11/331 493/281/329
f 490/280/328 496/282/330 501/22/332
f 496/282/330 488/278/325 503/283/333
f 506/284/334 482/35/335 509/285/336
f 509/285/336 482/35/335 511/286/337
f 511/286/337 482/35/335 514/287/338
f 487/288/339 510/289/340 478/290/341
f 510/289/340 513/291/342 478/290/341
f 508/292/343 510/289/340 495/293/343
f 495/293/343 510/289/340 487/288/339
f 492/275/344 517/276/344 505/294/345
f 498/277/346 517/276/344 492/275/344
f 491/290/347 507/289/348 494/288/349
f 491/290/347 504/291/350 507/289/348
f 479/279/326 485/6/351 476/20/327
f 503/283/333 488/278/325 476/20/327
f 501/22/332 496/282/330 503/283/333
f 516/33/352 519/295/353 506/284/334
f 506/284/334 519/295/353 521/47/354
f 512/294/355 483/276/323 480/275/323
f 506/284/334 474/296/356 482/35/335
f 474/296/356 472/46/357 482/35/335
f 521/47/354 474/296/356 506/284/334
f 477/51/322 475/59/321 502/57/358
f 471/53/120 477/51/322 481/54/120
f 481/54/120 477/51/322 484/56/120
f 500/61/359 520/62/360 489/49/361
f 489/49/361 520/62/360 518/297/362
f 497/50/120 489/49/361 515/52/120
f 515/52/120 489/49/361 518/297/362
f 502/57/358 475/59/321 500/61/359
f 500/61/359 475/59/321 520/62/360
f 522/298/363 524/299/364 525/300/365
f 525/300/365 524/299/364 527/43/366
f 470/299/123 522/298/363 528/298/123
f 470/299/123 524/299/364 522/298/363
f 526/64/120 523/301/120 471/53/120
f 481/54/120 526/64/120 471/53/120
f 529/302/367 525/300/365 482/35/368
f 525/300/365 527/43/366 482/35/368
f 531/32/369 533/295/370 534/303/371
f 534/303/371 533/295/370 535/304/372
f 536/304/373 535/304/372 519/295/353
f 535/304/372 533/295/370 519/295/353
f 518/297/362 530/65/120 515/52/120
f 518/297/362 532/305/120 530/65/120
f 516/33/352 531/32/369 534/303/371
f 516/33/352 534/303/371 537/306/374
f 538/307/375 540/308/376 543/309/377
f 538/307/375 543/309/377 545/92/378
f 546/310/379 545/92/378 548/79/380
f 546/310/379 538/307/375 545/92/378
f 550/311/381 546/310/379 548/79/380
f 550/311/381 548/79/380 553/81/382
f 539/312/383 555/313/384 542/314/385
f 556/315/386 555/313/384 539/312/383
f 549/316/387 552/317/388 557/318/389
f 557/318/389 552/317/388 559/319/390
f 562/309/391 564/308/392 565/307/393
f 567/92/394 562/309/391 565/307/393
f 569/79/395 567/92/394 570/310/396
f 567/92/394 565/307/393 570/310/396
f 569/79/395 570/310/396 572/311/397
f 575/81/398 569/79/395 572/311/397
f 561/314/399 555/313/384 563/312/400
f 563/312/400 555/313/384 556/315/386
f 557/318/389 574/317/401 571/316/402
f 559/319/390 574/317/401 557/318/389
f 566/320/120 554/321/120 560/322/120
f 568/323/120 554/321/120 566/320/120
f 541/324/120 554/321/120 568/323/120
f 573/325/120 541/324/120 568/323/120
f 544/326/120 541/324/120 573/325/120
f 547/327/120 544/326/120 573/325/120
f 558/328/120 551/329/120 573/325/120
f 551/329/120 547/327/120 573/325/120
f 577/330/403 579/331/404 582/332/405
f 584/333/406 579/331/404 577/330/403
f 584/333/406 587/334/407 579/331/404
f 584/333/406 589/335/408 587/334/407
f 591/336/409 584/333/406 577/330/403
f 593/337/410 595/338/411 583/339/412
f 595/338/411 588/339/413 583/339/412
f 597/340/414 593/337/410 590/339/415
f 593/337/410 583/339/412 590/339/415
f 599/341/416 601/342/417 603/330/418
f 603/330/418 592/333/419 596/336/420
f 603/330/418 601/342/417 592/333/419
f 606/343/421 594/344/422 592/333/419
f 586/345/423 605/346/424 600/347/425
f 578/348/426 586/345/423 600/347/425
f 599/341/416 578/348/426 600/347/425
f 581/349/427 578/348/426 599/341/416
f 604/350/428 588/339/413 595/338/411
f 602/351/429 590/339/415 576/352/430
f 580/353/431 598/354/432 576/352/430
f 576/352/430 598/354/432 602/351/429
f 597/340/414 590/339/415 602/351/429
f 601/342/417 606/343/421 592/333/419
f 585/355/433 588/339/413 604/350/428
f 607/356/434 608/357/435 609/358/436
f 610/359/437 607/356/434 609/358/436
f 610/359/437 609/358/436 611/360/438
f 607/356/434 612/361/439 608/357/435
f 613/362/440 612/361/439 607/356/434
f 614/363/441 607/356/434 610/359/437
f 614/363/441 613/362/440 607/356/434
f 615/364/442 610/359/437 611/360/438
f 614/363/441 610/359/437 615/364/442
f 616/365/443 612/361/439 613/362/440
f 617/366/444 612/361/439 616/365/443
f 618/367/445 614/363/441 615/364/442
f 619/368/446 618/367/445 615/364/442
f 620/369/447 617/366/444 616/365/443
f 619/368/446 620/369/447 618/367/445
f 621/370/448 616/365/443 613/362/440
f 621/370/448 613/362/440 614/363/441
f 618/367/445 621/370/448 614/363/441
f 620/369/447 616/365/443 618/367/445
f 618/367/445 616/365/443 621/370/448
f 624/371/449 625/372/450 627/373/451
f 624/371/449 629/374/452 625/372/450
f 631/375/453 633/376/454 625/372/450
f 629/374/452 631/375/453 625/372/450
f 635/373/455 636/372/456 639/371/457
f 636/372/456 641/374/458 639/371/457
f 636/372/456 643/376/459 645/375/460
f 636/372/456 645/375/460 641/374/458
f 647/377/461 648/378/462 650/379/463
f 650/379/463 648/378/462 651/380/464
f 648/378/462 652/381/465 654/382/466
f 648/378/462 654/382/466 651/380/464
f 656/379/467 657/378/468 658/383/469
f 659/380/470 657/378/468 656/379/467
f 661/382/471 663/384/472 657/378/468
f 659/380/470 661/382/471 657/378/468
f 658/383/469 657/378/468 635/373/455
f 657/378/468 636/372/456 635/373/455
f 657/378/468 663/384/472 643/376/459
f 657/378/468 643/376/459 636/372/456
f 627/373/451 648/378/462 647/377/461
f 627/373/451 625/372/450 648/378/462
f 633/376/454 652/381/465 648/378/462
f 625/372/450 633/376/454 648/378/462
f 628/385/473 644/386/474 630/387/475
f 640/388/476 644/386/474 628/385/473
f 638/386/477 628/385/473 623/387/477
f 638/386/477 640/388/476 628/385/473
f 630/387/475 642/389/478 632/390/479
f 644/386/474 642/389/478 630/387/475
f 652/381/465 662/391/480 660/392/481
f 653/393/482 652/381/465 660/392/481
f 642/389/478 662/391/480 652/381/465
f 642/389/478 652/381/465 632/390/479
f 634/394/483 637/395/484 622/396/484
f 634/394/483 622/396/484 626/397/483
f 649/398/485 655/399/485 646/400/486
f 646/400/486 655/399/485 658/383/487
f 646/400/486 634/394/483 626/397/483
f 658/383/487 634/394/483 646/400/486
f 665/401/488 667/402/489 669/403/490
f 671/404/488 665/401/488 669/403/490
f 672/405/491 673/406/492 674/407/493
f 672/405/491 674/407/493 675/408/494
f 675/408/494 677/409/495 679/410/496
f 681/410/497 683/409/498 670/408/499
f 685/411/500 688/412/501 690/413/502
f 692/414/503 685/411/500 690/413/502
f 685/411/500 693/415/504 688/412/501
f 674/407/493 695/416/505 698/417/506
f 701/417/507 703/416/508 664/407/509
f 705/413/510 706/411/511 707/414/512
f 705/413/510 710/412/513 706/411/511
f 710/412/513 712/415/514 706/411/511
f 714/418/515 692/414/503 690/413/502
f 716/419/516 672/405/491 679/410/496
f 672/405/491 675/408/494 679/410/496
f 705/413/510 707/414/512 717/418/517
f 703/416/508 719/420/518 666/406/519
f 664/407/509 703/416/508 666/406/519
f 673/406/492 721/420/520 695/416/505
f 673/406/492 695/416/505 674/407/493
f 666/406/519 693/415/504 685/411/500
f 719/420/518 693/415/504 666/406/519
f 673/406/492 712/415/514 721/420/520
f 706/411/511 712/415/514 673/406/492
f 675/408/494 674/407/493 677/409/495
f 677/409/495 674/407/493 698/417/506
f 683/409/498 664/407/509 670/408/499
f 701/417/507 664/407/509 683/409/498
f 723/419/521 692/414/503 714/418/515
f 668/405/522 692/414/503 723/419/521
f 681/410/497 670/408/499 668/405/522
f 681/410/497 668/405/522 723/419/521
f 717/418/517 707/414/512 716/419/516
f 716/419/516 707/414/512 672/405/491
f 724/421/523 725/422/524 726/423/525
f 727/424/526 724/421/523 726/423/525
f 726/423/525 725/422/524 728/425/527
f 728/425/527 725/422/524 724/421/523
f 728/425/527 724/421/523 727/424/526
f 687/426/528 709/427/528 704/427/529
f 689/426/530 687/426/528 704/427/529
f 676/428/531 697/429/532 700/430/532
f 676/428/531 700/430/532 682/431/531
f 713/432/533 689/426/530 717/418/534
f 689/426/530 704/427/529 717/418/534
f 715/433/535 680/434/536 722/435/535
f 715/433/535 678/436/536 680/434/536
f 713/432/533 715/433/535 722/435/535
f 717/418/534 715/433/535 713/432/533
f 678/436/536 676/428/531 680/434/536
f 680/434/536 676/428/531 682/431/531
f 702/437/537 720/438/538 718/439/539
f 694/440/540 720/438/538 702/437/537
f 718/439/539 711/441/541 693/415/542
f 720/438/538 711/441/541 718/439/539
f 686/442/543 711/441/541 708/443/543
f 693/415/542 711/441/541 686/442/543
f 696/444/544 694/440/540 699/445/545
f 699/445/545 694/440/540 702/437/537
f 667/402/489 684/446/546 691/447/546
f 669/403/490 667/402/489 691/447/546
f 707/414/512 673/406/492 672/405/491
f 707/414/512 706/411/511 673/406/492
f 729/448/547 730/449/548 731/450/549
f 732/448/550 733/449/551 730/449/548
f 734/451/552 733/449/551 735/452/553
f 736/452/554 730/449/548 737/451/555
f 731/450/549 730/449/548 736/452/554
f 732/448/550 730/449/548 729/448/547
f 738/450/556 733/449/551 732/448/550
f 735/452/553 733/449/551 738/450/556
f 737/451/555 730/449/548 734/451/552
f 730/449/548 733/449/551 734/451/552
f 741/332/557 743/331/558 745/330/559
f 745/330/559 743/331/558 747/333/560
f 743/331/558 750/334/561 747/333/560
f 750/334/561 752/335/562 747/333/560
f 745/330/559 747/333/560 754/336/563
f 746/339/564 756/338/565 758/337/566
f 746/339/564 751/339/567 756/338/565
f 753/339/415 758/337/566 760/340/414
f 753/339/415 746/339/564 758/337/566
f 762/330/568 764/342/569 766/341/570
f 759/336/571 757/333/572 762/330/568
f 757/333/572 764/342/569 762/330/568
f 757/333/572 755/344/573 769/343/574
f 763/347/575 768/346/576 749/345/577
f 763/347/575 749/345/577 742/348/578
f 763/347/575 742/348/578 766/341/579
f 766/341/579 742/348/578 740/349/580
f 756/338/565 751/339/567 767/350/581
f 744/352/582 753/339/415 761/351/429
f 744/352/582 765/354/583 739/353/584
f 761/351/429 765/354/583 744/352/582
f 761/351/429 753/339/415 760/340/414
f 757/333/572 769/343/574 764/342/569
f 767/350/581 751/339/567 748/355/585
f 770/358/586 771/357/587 772/356/588
f 770/358/586 772/356/588 773/359/589
f 774/360/590 770/358/586 773/359/589
f 771/357/587 775/361/591 772/356/588
f 772/356/588 775/361/591 776/362/592
f 773/359/589 772/356/588 777/363/593
f 772/356/588 776/362/592 777/363/593
f 774/360/590 773/359/589 778/364/594
f 778/364/594 773/359/589 777/363/593
f 776/362/592 775/361/591 779/365/595
f 779/365/595 775/361/591 780/366/596
f 778/364/594 777/363/593 781/367/597
f 778/364/594 781/367/597 782/368/598
f 779/365/595 780/366/596 783/369/599
f 781/367/597 783/369/599 782/368/598
f 776/362/592 779/365/595 784/370/600
f 777/363/593 776/362/592 784/370/600
f 777/363/593 784/370/600 781/367/597
f 781/367/597 779/365/595 783/369/599
f 784/370/600 779/365/595 781/367/597
f 786/373/601 787/372/602 790/371/603
f 787/372/602 792/374/604 790/371/603
f 787/372/602 794/376/605 796/375/606
f 787/372/602 796/375/606 792/374/604
f 799/371/607 800/372/608 802/373/609
f 799/371/607 804/374/610 800/372/608
f 806/375/611 808/376/612 800/372/608
f 804/374/610 806/375/611 800/372/608
f 810/379/613 811/378/614 813/377/615
f 814/380/616 811/378/614 810/379/613
f 816/382/617 817/381/618 811/378/614
f 814/380/616 816/382/617 811/378/614
f 818/383/619 819/378/620 821/379/621
f 821/379/621 819/378/620 822/380/622
f 819/378/620 824/384/623 826/382/624
f 819/378/620 826/382/624 822/380/622
f 802/373/609 819/378/620 818/383/619
f 802/373/609 800/372/608 819/378/620
f 808/376/612 824/384/623 819/378/620
f 800/372/608 808/376/612 819/378/620
f 813/377/615 811/378/614 786/373/601
f 811/378/614 787/372/602 786/373/601
f 811/378/614 817/381/618 794/376/605
f 811/378/614 794/376/605 787/372/602
f 795/387/475 805/386/474 791/385/473
f 791/385/473 805/386/474 803/388/476
f 789/387/477 791/385/473 798/386/477
f 791/385/473 803/388/476 798/386/477
f 793/390/479 807/389/478 795/387/475
f 795/387/475 807/389/478 805/386/474
f 825/392/625 823/391/626 817/381/627
f 825/392/625 817/381/627 815/393/482
f 817/381/627 823/391/626 807/389/478
f 793/390/479 817/381/627 807/389/478
f 788/396/484 797/395/484 801/394/483
f 785/397/483 788/396/484 801/394/483
f 812/400/486 820/399/485 809/398/485
f 818/383/628 820/399/485 812/400/486
f 785/397/483 801/394/483 812/400/486
f 812/400/486 801/394/483 818/383/628
f 828/453/629 830/454/630 832/455/631
f 828/453/629 832/455/631 834/456/631
f 835/407/632 836/406/633 837/405/634
f 838/408/635 835/407/632 837/405/634
f 840/410/636 842/409/637 838/408/635
f 833/408/638 844/409/639 846/410/640
f 848/413/641 851/412/642 853/411/643
f 848/413/641 853/411/643 855/414/644
f 851/412/642 856/415/645 853/411/643
f 859/417/646 861/416/647 835/407/632
f 831/407/648 863/416/649 866/417/650
f 867/414/651 868/411/652 870/413/653
f 868/411/652 873/412/654 870/413/653
f 868/411/652 875/415/655 873/412/654
f 848/413/641 855/414/644 877/418/656
f 840/410/636 837/405/634 879/419/657
f 840/410/636 838/408/635 837/405/634
f 880/418/658 867/414/651 870/413/653
f 829/406/659 882/420/660 863/416/649
f 829/406/659 863/416/649 831/407/648
f 861/416/647 884/420/661 836/406/633
f 835/407/632 861/416/647 836/406/633
f 853/411/643 856/415/645 829/406/659
f 829/406/659 856/415/645 882/420/660
f 884/420/661 875/415/655 836/406/633
f 836/406/633 875/415/655 868/411/652
f 842/409/637 835/407/632 838/408/635
f 859/417/646 835/407/632 842/409/637
f 833/408/638 831/407/648 844/409/639
f 844/409/639 831/407/648 866/417/650
f 877/418/656 855/414/644 886/419/662
f 886/419/662 855/414/644 827/405/663
f 827/405/663 833/408/638 846/410/640
f 886/419/662 827/405/663 846/410/640
f 879/419/657 867/414/651 880/418/658
f 837/405/634 867/414/651 879/419/657
f 887/423/664 888/422/665 889/421/666
f 887/423/664 889/421/666 890/424/667
f 891/425/668 888/422/665 887/423/664
f 889/421/666 888/422/665 891/425/668
f 890/424/667 889/421/666 891/425/668
f 869/427/669 872/427/670 850/426/670
f 869/427/669 850/426/670 847/426/671
f 865/430/532 858/429/532 841/428/672
f 843/431/672 865/430/532 841/428/672
f 880/418/658 847/426/671 876/432/673
f 880/418/658 869/427/669 847/426/671
f 885/435/674 845/434/675 878/433/674
f 845/434/675 839/436/675 878/433/674
f 885/435/674 878/433/674 876/432/673
f 876/432/673 878/433/674 880/418/658
f 845/434/675 841/428/672 839/436/675
f 843/431/672 841/428/672 845/434/675
f 881/439/676 883/438/677 862/437/678
f 862/437/678 883/438/677 860/440/679
f 856/415/680 874/441/681 881/439/676
f 881/439/676 874/441/681 883/438/677
f 871/443/682 874/441/681 849/442/682
f 849/442/682 874/441/681 856/415/680
f 862/437/678 860/440/679 864/445/683
f 864/445/683 860/440/679 857/444/683
f 854/457/684 852/458/684 830/454/630
f 854/457/684 830/454/630 828/453/629
f 837/405/634 836/406/633 867/414/651
f 836/406/633 868/411/652 867/414/651
f 892/450/685 893/449/686 894/448/687
f 893/449/686 895/449/688 896/448/689
f 897/452/690 895/449/688 898/451/691
f 899/451/692 893/449/686 900/452/693
f 900/452/693 893/449/686 892/450/685
f 894/448/687 893/449/686 896/448/689
f 896/448/689 895/449/688 901/450/694
f 901/450/694 895/449/688 897/452/690
f 898/451/691 893/449/686 899/451/692
f 898/451/691 895/449/688 893/449/686
f 902/459/695 904/460/696 906/461/697
f 907/462/698 902/459/695 906/461/697
f 908/459/699 909/462/700 911/461/701
f 913/460/702 908/459/699 911/461/701
f 916/463/703 918/464/704 919/465/705
f 919/465/705 921/466/706 916/463/703
f 922/465/707 924/464/708 927/463/709
f 927/463/709 929/466/710 922/465/707
f 919/465/705 922/465/707 929/466/710
f 929/466/710 921/466/706 919/465/705
f 911/461/701 909/462/700 907/462/698
f 907/462/698 906/461/697 911/461/701
f 912/467/711 910/468/712 905/469/713
f 905/469/713 903/470/714 912/467/711
f 923/471/715 912/467/711 903/470/714
f 903/470/714 917/472/716 923/471/715
f 926/473/717 923/471/715 917/472/716
f 917/472/716 915/474/718 926/473/717
f 928/475/719 925/476/719 914/477/719
f 914/477/719 920/478/719 928/475/719
f 909/462/700 908/459/699 902/459/695
f 902/459/695 907/462/698 909/462/700
f 908/459/699 931/479/720 933/479/721
f 933/479/721 902/459/695 908/459/699
f 935/480/722 937/481/723 939/482/724
f 939/482/724 941/483/725 935/480/722
f 937/481/723 932/484/726 930/485/727
f 930/485/727 939/482/724 937/481/723
f 942/486/728 943/486/729 944/487/730
f 944/487/730 945/487/731 942/486/728
f 943/486/729 946/488/732 947/489/733
f 944/487/730 943/486/729 947/489/733
f 948/489/734 947/489/733 946/488/732
f 946/488/732 949/488/735 948/489/734
f 942/486/728 945/487/731 948/489/734
f 949/488/735 942/486/728 948/489/734
f 950/489/736 951/488/737 952/488/738
f 952/488/738 953/489/739 950/489/736
f 950/489/736 954/487/740 955/486/741
f 955/486/741 951/488/737 950/489/736
f 955/486/741 954/487/740 956/487/742
f 956/487/742 957/486/743 955/486/741
f 957/486/743 956/487/742 953/489/739
f 953/489/739 952/488/738 957/486/743
f 958/490/744 959/491/745 960/491/746
f 960/491/746 961/490/747 958/490/744
f 961/490/747 960/491/746 963/492/748
f 963/492/748 965/493/748 961/490/747
f 962/494/749 967/495/749 969/496/749
f 969/496/749 964/497/749 962/494/749
f 966/492/750 959/491/745 958/490/744
f 958/490/744 968/493/751 966/492/750
f 904/460/696 902/459/695 933/479/721
f 933/479/721 918/464/752 904/460/696
f 908/459/699 913/460/702 924/464/753
f 924/464/753 931/479/720 908/459/699
f 936/498/754 919/465/755 933/479/721
f 936/498/754 934/499/756 919/465/755
f 922/465/757 938/498/758 931/479/759
f 940/499/760 938/498/758 922/465/757
f 971/500/761 975/501/762 978/502/763
f 975/501/762 971/500/761 981/503/764
f 978/502/763 983/504/765 971/500/761
f 983/504/765 978/502/763 986/505/766
f 988/506/767 986/505/766 991/507/768
f 986/505/766 988/506/767 983/504/765
f 995/508/769 997/509/770 1000/510/771
f 997/509/770 995/508/769 1003/511/772
f 1000/510/771 988/506/767 991/507/768
f 988/506/767 1000/510/771 997/509/770
f 1004/512/773 1005/513/774 1006/514/775
f 1006/514/775 1005/513/774 1007/515/776
f 1009/516/57 1011/517/57 1013/518/57
f 1011/517/57 1009/516/57 1015/519/57
f 1017/520/777 1019/521/778 1021/522/779
f 1019/521/778 1017/520/777 1023/523/780
f 1025/524/781 1027/525/782 1029/526/783
f 1027/525/782 1025/524/781 1031/527/784
f 1022/528/785 1006/514/775 1018/529/786
f 1006/514/775 1022/528/785 1004/512/773
f 1031/527/784 1033/530/787 1027/525/782
f 1033/530/787 1031/527/784 1035/531/788
f 1036/300/789 1024/532/790 1037/298/791
f 1037/298/791 1024/532/790 1028/533/792
f 1037/298/791 1028/533/792 1026/534/793
f 1026/534/793 1032/298/794 1037/298/791
f 1014/535/795 1008/536/796 1038/537/797
f 1014/535/795 1038/537/797 1039/538/798
f 1041/539/799 1043/540/800 1045/541/801
f 1043/540/800 1041/539/799 1047/542/802
f 1049/543/803 1045/541/801 1043/540/800
f 1045/541/801 1049/543/803 1051/544/158
f 1040/545/804 1052/303/805 1053/304/806
f 1053/304/806 1046/546/807 1040/545/804
f 1042/285/808 1053/304/806 1048/304/809
f 1046/546/807 1053/304/806 1042/285/808
f 1044/547/810 1050/306/811 1040/545/804
f 1050/306/811 1052/303/805 1040/545/804
f 1039/538/798 1038/537/797 1054/548/812
f 1038/537/797 1055/549/813 1054/548/812
f 1020/550/814 1018/529/786 1006/514/775
f 1006/514/775 1007/515/776 1020/550/814
f 1005/513/774 1004/512/773 1016/551/169
f 1022/528/785 1016/551/169 1004/512/773
f 1055/549/813 1038/537/797 1012/552/815
f 1008/536/796 1012/552/815 1038/537/797
f 1010/553/123 1014/535/795 1039/538/798
f 1039/538/798 1054/548/812 1010/553/123
f 1030/554/816 1024/532/790 1034/302/817
f 1034/302/817 1024/532/790 1036/300/789
f 1057/555/818 1059/556/819 1060/557/820
f 1062/558/821 1065/559/822 1068/560/823
f 1065/559/822 1062/558/821 1071/561/824
f 1072/562/825 1073/563/826 1075/564/827
f 1073/563/826 1072/562/825 1076/565/828
f 1078/566/829 1072/562/825 1075/564/827
f 1079/563/830 1080/562/831 1082/564/832
f 1080/562/831 1079/563/830 1083/565/833
f 1082/564/832 1080/562/831 1085/566/834
f 1088/567/835 1089/568/836 1091/569/837
f 1089/568/836 1088/567/835 1093/570/838
f 1076/565/828 1095/571/839 1073/563/826
f 1095/571/839 1076/565/828 1097/572/840
f 1060/557/820 1097/572/840 1076/565/828
f 1097/572/840 1060/557/820 1059/556/819
f 1060/557/820 1072/562/825 1099/573/841
f 1078/566/829 1099/573/841 1072/562/825
f 1060/557/820 1076/565/828 1072/562/825
f 1102/574/842 1099/573/841 1078/566/829
f 1103/310/843 1075/564/827 1073/563/826
f 1103/310/843 1073/563/826 1104/307/844
f 1106/575/845 1059/556/819 1057/555/818
f 1057/555/818 1060/557/820 1099/573/841
f 1108/576/846 1106/575/845 1057/555/818
f 1109/577/847 1096/578/848 1110/579/849
f 1096/578/848 1109/577/847 1094/580/850
f 1110/579/849 1058/581/851 1111/582/852
f 1058/581/851 1110/579/849 1096/578/848
f 1105/583/853 1111/582/852 1058/581/851
f 1098/584/854 1101/585/855 1112/586/856
f 1112/586/856 1101/585/855 1061/587/857
f 1056/588/858 1112/586/856 1113/589/859
f 1112/586/856 1056/588/858 1098/584/854
f 1113/589/859 1107/589/59 1056/588/858
f 1083/565/833 1079/563/830 1115/571/860
f 1083/565/833 1115/571/860 1117/572/861
f 1117/572/861 1118/557/862 1083/565/833
f 1118/557/862 1117/572/861 1120/556/863
f 1122/573/864 1085/566/834 1080/562/831
f 1122/573/864 1080/562/831 1118/557/862
f 1080/562/831 1083/565/833 1118/557/862
f 1085/566/834 1122/573/864 1067/574/865
f 1118/557/862 1120/556/863 1124/555/866
f 1124/555/866 1120/556/863 1106/575/845
f 1122/573/864 1118/557/862 1124/555/866
f 1124/555/866 1106/575/845 1108/576/846
f 1109/577/847 1116/578/867 1114/580/868
f 1116/578/867 1109/577/847 1110/579/849
f 1110/579/849 1119/581/869 1116/578/867
f 1119/581/869 1110/579/849 1111/582/852
f 1119/581/869 1111/582/852 1105/583/853
f 1066/585/870 1121/584/871 1112/586/856
f 1112/586/856 1061/587/857 1066/585/870
f 1123/588/872 1112/586/856 1121/584/871
f 1112/586/856 1123/588/872 1113/589/859
f 1123/588/872 1107/589/59 1113/589/859
f 1127/590/873 1074/591/874 1130/592/875
f 1077/593/876 1074/591/874 1127/590/873
f 1077/593/876 1127/590/873 1100/560/877
f 1133/559/878 1100/560/877 1127/590/873
f 1062/558/821 1100/560/877 1133/559/878
f 1062/558/821 1133/559/878 1071/561/824
f 1081/591/879 1084/593/880 1136/590/881
f 1081/591/879 1136/590/881 1139/592/882
f 1084/593/880 1068/560/823 1136/590/881
f 1068/560/823 1065/559/822 1136/590/881
f 994/594/883 1002/595/884 1141/596/885
f 1104/307/844 1073/563/826 1095/571/839
f 1104/307/844 1095/571/839 1143/308/886
f 1144/597/887 1145/592/888 1147/597/889
f 1140/598/890 1075/564/827 1103/310/843
f 1149/311/891 1152/599/892 1140/598/890
f 1149/311/891 1140/598/890 1103/310/843
f 1142/312/893 1109/577/847 1153/315/894
f 1109/577/847 1142/312/893 1094/580/850
f 1155/308/895 1115/571/860 1156/307/896
f 1079/563/830 1156/307/896 1115/571/860
f 1157/310/897 1079/563/830 1082/564/832
f 1079/563/830 1157/310/897 1156/307/896
f 1157/310/897 1082/564/832 1159/598/898
f 1157/310/897 1159/598/898 1090/311/899
f 1087/599/900 1090/311/899 1159/598/898
f 1154/312/901 1109/577/847 1114/580/868
f 1109/577/847 1154/312/901 1153/315/894
f 1147/597/889 1002/595/884 996/600/902
f 1147/597/889 1130/592/875 1002/595/884
f 1161/601/903 996/600/902 987/602/904
f 996/600/902 1161/601/903 1147/597/889
f 990/603/905 999/604/906 1151/605/907
f 1151/605/907 1092/606/908 990/603/905
f 1151/605/907 999/604/906 994/594/883
f 1151/605/907 994/594/883 1141/596/885
f 1002/595/884 1074/591/874 1141/596/885
f 985/603/909 1086/605/910 977/604/911
f 1086/605/910 985/603/909 1092/606/908
f 1130/592/875 1074/591/874 1002/595/884
f 1158/596/912 980/595/913 974/594/914
f 1147/597/889 1145/592/888 1130/592/875
f 1162/607/915 1144/597/887 1161/601/903
f 1161/601/903 1144/597/887 1147/597/889
f 1139/592/882 1164/597/916 980/595/913
f 970/600/917 980/595/913 1164/597/916
f 982/602/918 970/600/917 1166/601/919
f 1166/601/919 970/600/917 1164/597/916
f 990/603/905 1092/606/908 985/603/909
f 977/604/911 1086/605/910 974/594/914
f 1086/605/910 1158/596/912 974/594/914
f 1166/601/919 1167/597/920 1168/607/921
f 1164/597/916 1167/597/920 1166/601/919
f 1158/596/912 1081/591/879 980/595/913
f 980/595/913 1081/591/879 1139/592/882
f 1139/592/882 1169/592/922 1164/597/916
f 1164/597/916 1169/592/922 1167/597/920
f 1150/567/923 1089/568/836 1093/570/838
f 1089/568/836 1150/567/923 1148/569/924
f 1166/601/919 1168/607/921 1161/601/903
f 1168/607/921 1162/607/915 1161/601/903
f 1161/601/903 982/602/918 1166/601/919
f 982/602/918 1161/601/903 987/602/904
f 1171/608/120 1173/609/120 1175/610/120
f 1176/611/925 1177/612/926 1178/613/927
f 1178/613/927 1177/612/926 1179/614/928
f 1179/614/928 1177/612/926 1180/615/929
f 1180/615/929 1181/616/930 1182/617/931
f 1179/614/928 1180/615/929 1182/617/931
f 1181/616/930 1183/618/932 1182/617/931
f 1182/617/931 1183/618/932 1176/611/925
f 1176/611/925 1178/613/927 1182/617/931
f 1182/617/931 1178/613/927 1179/614/928
f 1185/619/933 1187/620/934 1188/621/935
f 1188/621/935 1187/620/934 1189/622/936
f 1190/623/937 1192/624/938 1193/625/939
f 1193/625/939 1192/624/938 1195/626/940
f 1185/619/933 1193/625/939 1195/626/940
f 1188/621/935 1193/625/939 1185/619/933
f 1172/627/941 1196/628/942 1174/629/943
f 1172/627/941 1197/630/944 1196/628/942
f 1197/630/944 1198/631/945 1199/632/946
f 1196/628/942 1197/630/944 1199/632/946
f 1199/632/946 1198/631/945 1201/633/947
f 1170/634/948 1199/632/946 1201/633/947
f 1174/629/943 1199/632/946 1170/634/948
f 1196/628/942 1199/632/946 1174/629/943
f 1191/635/120 1186/636/120 1194/637/120
f 1194/637/120 1186/636/120 1184/638/120
f 1200/639/120 1173/609/120 1171/608/120
f 1183/618/932 1177/612/926 1176/611/925
f 1202/640/949 1203/641/950 1204/642/951
f 1204/642/951 1203/641/950 1205/643/952
f 1203/641/950 1206/644/953 1207/645/954
f 1205/643/952 1203/641/950 1207/645/954
f 1208/646/955 1206/644/953 1209/647/956
f 1207/645/954 1206/644/953 1208/646/955
f 1208/646/955 1204/642/951 1207/645/954
f 1207/645/954 1204/642/951 1205/643/952
f 976/648/59 998/649/59 984/650/59
f 984/650/59 998/649/59 989/651/59
f 973/652/59 998/649/59 976/648/59
f 998/649/59 973/652/59 993/653/59
f 1138/654/957 1129/655/957 1001/656/958
f 1138/654/957 1001/656/958 979/657/959
f 1001/656/958 972/658/960 979/657/959
f 972/658/960 1001/656/958 992/659/960
f 1132/660/120 1064/661/120 1070/662/120
f 1132/660/120 1126/663/961 1064/661/120
f 1126/663/961 1135/664/961 1064/661/120
f 1126/663/961 1138/654/957 1135/664/961
f 1138/654/957 1126/663/961 1129/655/957
f 1210/665/962 1128/666/963 1211/667/964
f 1212/668/965 1211/667/964 1213/669/966
f 1211/667/964 1212/668/965 1210/665/962
f 1131/670/967 1213/669/966 1211/667/964
f 1213/669/966 1131/670/967 1069/671/968
f 1128/666/963 1125/672/969 1211/667/964
f 1211/667/964 1125/672/969 1131/670/967
f 1213/669/966 1069/671/968 1214/673/970
f 1215/674/971 1137/675/972 1216/676/973
f 1217/677/974 1215/674/971 1216/676/973
f 1215/674/971 1217/677/974 1214/673/970
f 1063/678/975 1214/673/970 1069/671/968
f 1214/673/970 1063/678/975 1215/674/971
f 1215/674/971 1134/679/976 1137/675/972
f 1063/678/975 1134/679/976 1215/674/971
f 1212/668/965 1213/669/966 1217/677/974
f 1217/677/974 1213/669/966 1214/673/970
f 1146/680/977 1128/666/963 1210/665/962
f 1212/668/965 1146/680/977 1210/665/962
f 1146/680/977 1212/668/965 1160/681/978
f 1216/676/973 1137/675/972 1163/682/979
f 1165/683/980 1160/681/978 1217/677/974
f 1160/681/978 1212/668/965 1217/677/974
f 1217/677/974 1163/682/979 1165/683/980
f 1163/682/979 1217/677/974 1216/676/973
f 1218/684/981 1219/685/982 1220/686/983
f 1219/685/982 1218/684/981 1221/687/984
f 1222/688/985 1223/689/986 1218/684/981
f 1218/684/981 1220/686/983 1222/688/985
f 1221/687/984 1224/690/987 1219/685/982
f 1225/691/988 1226/692/989 1227/693/990
f 1226/692/989 1225/691/988 1228/694/991
f 1229/695/992 1230/696/993 1231/697/994
f 1226/692/989 1229/695/992 1231/697/994
f 1229/695/992 1226/692/989 1228/694/991
f 1231/697/994 1218/684/981 1226/692/989
f 1218/684/981 1231/697/994 1221/687/984
f 1224/690/987 1231/697/994 1230/696/993
f 1231/697/994 1224/690/987 1221/687/984
f 1227/693/990 1218/684/981 1223/689/986
f 1218/684/981 1227/693/990 1226/692/989
f 1219/685/982 1228/694/991 1220/686/983
f 1232/684/995 1233/685/996 1234/687/997
f 1233/685/996 1232/684/995 1235/686/998
f 1235/686/998 1232/684/995 1236/688/999
f 1237/689/1000 1236/688/999 1232/684/995
f 1233/685/996 1238/690/1001 1234/687/997
f 1239/691/1002 1240/693/1003 1241/692/1004
f 1239/691/1002 1241/692/1004 1242/694/1005
f 1243/697/1006 1244/696/1007 1245/695/1008
f 1241/692/1004 1245/695/1008 1242/694/1005
f 1245/695/1008 1241/692/1004 1243/697/1006
f 1232/684/995 1243/697/1006 1241/692/1004
f 1243/697/1006 1232/684/995 1234/687/997
f 1238/690/1001 1243/697/1006 1234/687/997
f 1243/697/1006 1238/690/1001 1244/696/1007
f 1240/693/1003 1232/684/995 1241/692/1004
f 1232/684/995 1240/693/1003 1237/689/1000
f 1244/696/1007 1242/694/1005 1245/695/1008
f 1229/695/992 1228/694/991 1230/696/993
f 1230/696/993 1228/694/991 1224/690/987
f 1224/690/987 1228/694/991 1219/685/982
f 1235/686/998 1242/694/1005 1233/685/996
f 1233/685/996 1242/694/1005 1238/690/1001
f 1238/690/1001 1242/694/1005 1244/696/1007
f 1002/595/884 1144/597/887 996/600/902
f 1144/597/887 1002/595/884 1145/592/888
f 996/600/902 1162/607/915 987/602/904
f 1162/607/915 996/600/902 1144/597/887
f 1167/597/920 980/595/913 970/600/917
f 980/595/913 1167/597/920 1169/592/922
f 1168/607/921 970/600/917 982/602/918
f 970/600/917 1168/607/921 1167/597/920
f 1162/607/915 1168/607/921 987/602/904
f 982/602/918 987/602/904 1168/607/921
f 1246/698/1009 1247/699/1010 1248/700/1011
f 1246/698/1009 1249/701/1012 1247/699/1010
f 1247/699/1010 1249/701/1012 1250/702/1013
f 1246/698/1009 1248/700/1011 1251/703/1014
f 1250/702/1013 1249/701/1012 1246/698/1009
f 1250/702/1013 1246/698/1009 1251/703/1014
f 1253/704/1015 1254/705/1016 1256/706/1017
f 1254/705/1016 1257/707/1018 1256/706/1017
f 1258/708/1019 1254/705/1016 1259/709/1020
f 1257/707/1018 1254/705/1016 1258/708/1019
f 1261/710/1021 1259/709/1020 1263/711/1022
f 1258/708/1019 1259/709/1020 1261/710/1021
f 1266/712/1023 1254/705/1016 1253/704/1015
f 1259/709/1020 1254/705/1016 1263/711/1022
f 1263/711/1022 1254/705/1016 1266/712/1023
f 1256/706/1017 1257/707/1018 1269/713/1024
f 1269/713/1024 1257/707/1018 1261/710/1021
f 1261/710/1021 1257/707/1018 1258/708/1019
f 1266/712/1025 1269/713/1026 1271/714/1027
f 1271/714/1027 1269/713/1026 1273/715/1028
f 1274/716/1029 1270/717/1030 1275/718/1031
f 1270/717/1030 1272/719/1032 1275/718/1031
f 1260/720/1033 1262/721/1034 1276/722/1035
f 1277/723/1036 1260/720/1033 1276/722/1035
f 1277/723/1036 1276/722/1035 1274/716/1029
f 1275/718/1031 1277/723/1036 1274/716/1029
f 1275/718/1031 1268/724/1037 1277/723/1036
f 1277/723/1036 1268/724/1037 1260/720/1033
f 1262/721/1034 1265/725/1038 1276/722/1035
f 1276/722/1035 1265/725/1038 1274/716/1029
f 1272/719/1032 1268/724/1037 1275/718/1031
f 1274/716/1029 1265/725/1038 1270/717/1030
f 1264/726/1039 1252/727/1039 1267/728/1039
f 1252/727/1039 1255/729/1039 1267/728/1039
f 1278/172/1040 1280/171/1041 1283/170/1042
f 1278/172/1040 1283/170/1042 1286/173/1043
f 1289/176/1044 1291/175/1045 1293/174/1046
f 1296/177/1047 1289/176/1044 1293/174/1046
f 1298/180/1048 1300/179/1049 1301/178/1050
f 1303/181/1048 1298/180/1048 1301/178/1050
f 1305/184/1051 1307/183/1052 1309/182/1053
f 1305/184/1051 1309/182/1053 1311/185/1053
f 1293/174/1046 1291/175/1045 1307/183/1052
f 1293/174/1046 1307/183/1052 1305/184/1051
f 1300/179/1049 1280/171/1041 1278/172/1040
f 1301/178/1050 1300/179/1049 1278/172/1040
f 1278/172/1040 1295/187/241 1292/186/240
f 1285/188/241 1295/187/241 1278/172/1040
f 1304/190/243 1302/189/242 1301/178/1050
f 1304/190/243 1310/191/242 1302/189/242
f 1304/190/243 1278/172/1040 1292/186/240
f 1301/178/1050 1278/172/1040 1304/190/243
f 1288/194/1054 1279/193/1055 1290/192/244
f 1282/195/1056 1279/193/1055 1288/194/1054
f 1297/198/1057 1306/197/1058 1299/196/1059
f 1308/199/250 1306/197/1058 1297/198/1057
f 1306/197/1058 1279/193/1055 1299/196/1059
f 1290/192/244 1279/193/1055 1306/197/1058
f 1281/202/1060 1287/201/1061 1284/200/1062
f 1284/200/1062 1287/201/1061 1294/203/251
f 1312/730/1063 1313/253/1064 1314/731/1065
f 1315/252/1066 1313/253/1064 1312/730/1063
f 1316/732/1067 1315/252/1066 1312/730/1063
f 1317/251/1068 1315/252/1066 1316/732/1067
f 1318/733/1069 1317/251/1068 1316/732/1067
f 1319/250/1070 1317/251/1068 1318/733/1069
f 1318/733/1069 1320/732/1071 1319/250/1070
f 1320/732/1071 1321/251/1072 1319/250/1070
f 1320/732/1071 1322/730/1073 1321/251/1072
f 1322/730/1073 1323/252/1074 1321/251/1072
f 1322/730/1073 1314/731/1065 1323/252/1074
f 1314/731/1065 1313/253/1064 1323/252/1074
f 1324/734/1075 1325/731/1076 1326/733/1077
f 1327/735/1078 1324/734/1075 1326/733/1077
f 1328/733/1079 1329/734/1080 1330/735/1081
f 1328/733/1079 1331/731/1082 1329/734/1080
f 1332/736/1083 1333/737/1084 1334/737/1085
f 1332/736/1083 1334/737/1085 1335/736/1086
f 1335/736/1086 1336/738/1087 1332/736/1083
f 1337/738/1088 1336/738/1087 1335/736/1086
f 1325/731/1076 1338/739/1089 1331/731/1082
f 1331/731/1082 1338/739/1089 1339/739/1090
f 1339/739/1090 1338/739/1089 1340/740/1091
f 1341/740/1092 1339/739/1090 1340/740/1091
f 1312/730/1063 1314/731/1065 1342/741/1093
f 1342/741/1093 1314/731/1065 1343/734/1094
f 1343/734/1094 1314/731/1065 1344/741/1095
f 1344/741/1095 1314/731/1065 1322/730/1073
f 1344/741/1095 1322/730/1073 1320/732/1071
f 1345/742/1096 1344/741/1095 1320/732/1071
f 1318/733/1069 1345/742/1096 1320/732/1071
f 1346/735/1097 1345/742/1096 1318/733/1069
f 1318/733/1069 1347/742/1098 1346/735/1097
f 1316/732/1067 1347/742/1098 1318/733/1069
f 1316/732/1067 1342/741/1093 1347/742/1098
f 1316/732/1067 1312/730/1063 1342/741/1093
f 1333/737/1084 1327/735/1078 1326/733/1077
f 1336/738/1087 1327/735/1078 1333/737/1084
f 1332/736/1083 1336/738/1087 1333/737/1084
f 1328/733/1079 1330/735/1081 1334/737/1085
f 1334/737/1085 1337/738/1088 1335/736/1086
f 1334/737/1085 1330/735/1081 1337/738/1088
f 1324/734/1075 1338/739/1089 1325/731/1076
f 1340/740/1091 1338/739/1089 1348/743/1099
f 1348/743/1099 1338/739/1089 1324/734/1075
f 1331/731/1082 1339/739/1090 1329/734/1080
f 1329/734/1080 1339/739/1090 1349/743/1100
f 1349/743/1100 1339/739/1090 1341/740/1092
f 1333/737/1084 1326/733/1077 1328/733/1079
f 1333/737/1084 1328/733/1079 1334/737/1085
f 1337/738/1088 1330/735/1081 1336/738/1087
f 1330/735/1081 1327/735/1078 1336/738/1087
f 1341/740/1092 1340/740/1091 1348/743/1099
f 1349/743/1100 1341/740/1092 1348/743/1099
f 1349/743/1100 1348/743/1099 1329/734/1080
f 1329/734/1080 1348/743/1099 1324/734/1075
f 1346/735/1097 1344/741/1095 1345/742/1096
f 1346/735/1097 1343/734/1094 1344/741/1095
f 1342/741/1093 1343/734/1094 1346/735/1097
f 1347/742/1098 1342/741/1093 1346/735/1097
f 1323/252/1074 1313/253/1064 1315/252/1066
f 1321/251/1072 1323/252/1074 1315/252/1066
f 1319/250/1070 1321/251/1072 1317/251/1068
f 1321/251/1072 1315/252/1066 1317/251/1068
f 1350/744/120 1351/745/120 1352/746/120
f 1351/745/120 1350/744/120 1353/747/120
f 1354/745/120 1355/744/120 1356/746/120
f 1355/744/120 1354/745/120 1357/747/120
f 1359/748/1101 1362/749/1101 1364/750/1101
f 1367/751/1101 1362/749/1101 1359/748/1101
f 1369/752/1102 1361/753/1102 1371/754/1102
f 1371/754/1102 1361/753/1102 1366/755/1102
f 1370/417/1103 1365/756/1103 1358/416/1103
f 1363/416/1104 1360/756/1104 1368/417/1104
f 1372/757/1105 1373/452/1106 1374/758/1107
f 1375/450/1108 1373/452/1106 1372/757/1105
f 1376/758/1109 1377/452/1110 1378/757/1111
f 1372/757/1105 1376/758/1109 1378/757/1111
f 1374/758/1107 1376/758/1109 1372/757/1105
f 1378/757/1111 1377/452/1110 1379/450/1112
f 1381/750/1101 1384/749/1101 1386/748/1101
f 1386/748/1101 1384/749/1101 1389/751/1101
f 1391/754/1113 1383/753/1114 1393/752/1115
f 1388/755/1102 1383/753/1114 1391/754/1113
f 1385/416/1116 1387/756/1116 1390/417/1116
f 1392/417/1117 1382/756/1117 1380/416/1117
f 1394/758/1118 1395/452/1119 1396/757/1120
f 1396/757/1120 1395/452/1119 1397/450/1121
f 1398/757/1122 1399/452/1123 1400/758/1124
f 1398/757/1122 1400/758/1124 1396/757/1120
f 1396/757/1120 1400/758/1124 1394/758/1118
f 1401/450/1125 1399/452/1123 1398/757/1122
f 1402/759/1126 1403/760/1127 1404/761/1128
f 1405/762/1129 1406/763/1130 1407/764/1131
f 1408/759/1132 1409/765/1133 1410/766/1134
f 1411/761/1135 1408/759/1132 1410/766/1134
f 1412/767/1136 1413/768/1137 1414/765/1138
f 1413/768/1137 1415/769/1139 1414/765/1138
f 1415/769/1139 1416/763/1140 1414/765/1138
f 1416/763/1140 1403/760/1127 1414/765/1138
f 1403/760/1127 1402/759/1126 1414/765/1138
f 1417/760/1141 1406/763/1130 1409/765/1133
f 1406/763/1130 1418/769/1142 1409/765/1133
f 1418/769/1142 1419/768/1143 1409/765/1133
f 1419/768/1143 1420/767/1144 1409/765/1133
f 1420/767/1144 1421/770/1145 1409/765/1133
f 1422/770/1146 1412/767/1136 1414/765/1138
f 1422/770/1146 1423/771/1147 1424/772/1148
f 1412/767/1136 1422/770/1146 1424/772/1148
f 1412/767/1136 1424/772/1148 1425/773/1149
f 1413/768/1137 1412/767/1136 1425/773/1149
f 1413/768/1137 1425/773/1149 1426/774/1150
f 1415/769/1139 1413/768/1137 1426/774/1150
f 1415/769/1139 1426/774/1150 1427/762/1151
f 1416/763/1140 1415/769/1139 1427/762/1151
f 1416/763/1140 1427/762/1151 1428/764/1152
f 1403/760/1127 1416/763/1140 1428/764/1152
f 1418/769/1142 1406/763/1130 1405/762/1129
f 1429/774/1153 1418/769/1142 1405/762/1129
f 1421/770/1145 1420/767/1144 1430/772/1154
f 1431/771/1155 1421/770/1145 1430/772/1154
f 1420/767/1144 1419/768/1143 1432/773/1156
f 1430/772/1154 1420/767/1144 1432/773/1156
f 1419/768/1143 1418/769/1142 1429/774/1153
f 1432/773/1156 1419/768/1143 1429/774/1153
f 1402/759/1126 1404/761/1128 1433/766/1157
f 1414/765/1138 1402/759/1126 1433/766/1157
f 1403/760/1127 1428/764/1152 1404/761/1128
f 1406/763/1130 1417/760/1141 1407/764/1131
f 1417/760/1141 1408/759/1132 1411/761/1135
f 1407/764/1131 1417/760/1141 1411/761/1135
f 1408/759/1132 1417/760/1141 1409/765/1133
f 1414/765/1138 1433/766/1157 1423/771/1147
f 1422/770/1146 1414/765/1138 1423/771/1147
f 1409/765/1133 1421/770/1145 1431/771/1155
f 1410/766/1134 1409/765/1133 1431/771/1155
f 1434/775/1158 1435/776/1159 1436/777/1160
f 1437/776/1161 1438/778/1162 1439/779/1163
f 1440/780/1164 1437/776/1161 1439/779/1163
f 1441/775/1165 1438/778/1162 1442/777/1166
f 1443/775/1167 1441/775/1165 1442/777/1166
f 1437/776/1161 1440/780/1164 1444/776/1168
f 1445/781/1169 1437/776/1161 1444/776/1168
f 1446/779/1170 1447/775/1171 1448/778/1172
f 1441/775/1165 1439/779/1163 1438/778/1162
f 1445/781/1169 1442/777/1166 1438/778/1162
f 1437/776/1161 1445/781/1169 1438/778/1162
f 1444/776/1168 1443/775/1167 1442/777/1166
f 1445/781/1169 1444/776/1168 1442/777/1166
f 1435/776/1159 1449/781/1173 1436/777/1160
f 1441/775/1165 1443/775/1167 1439/779/1163
f 1449/781/1173 1450/776/1174 1448/778/1172
f 1436/777/1160 1449/781/1173 1448/778/1172
f 1450/776/1174 1451/780/1175 1446/779/1170
f 1448/778/1172 1450/776/1174 1446/779/1170
f 1451/780/1175 1435/776/1159 1434/775/1158
f 1446/779/1170 1451/780/1175 1434/775/1158
f 1450/776/1174 1449/781/1173 1435/776/1159
f 1451/780/1175 1450/776/1174 1435/776/1159
f 1434/775/1158 1447/775/1171 1446/779/1170
f 1447/775/1171 1434/775/1158 1436/777/1160
f 1448/778/1172 1447/775/1171 1436/777/1160
f 1440/780/1164 1439/779/1163 1443/775/1167
f 1444/776/1168 1440/780/1164 1443/775/1167
f 1452/782/1176 1453/783/1177 1454/784/1178
f 1453/783/1177 1452/782/1176 1455/785/1179
f 1456/786/1180 1454/784/1178 1453/783/1177
f 1454/784/1178 1456/786/1180 1457/787/1181
f 1458/788/1182 1459/789/1183 1460/790/1184
f 1457/787/1181 1456/786/1180 1459/789/1183
f 1456/786/1180 1460/790/1184 1459/789/1183
f 1461/791/1185 1462/792/1186 1455/785/1179
f 1463/793/1187 1464/794/1188 1465/795/1189
f 1466/796/1190 1467/797/1191 1465/795/1189
f 1466/796/1190 1465/795/1189 1464/794/1188
f 1468/798/1192 1469/799/1193 1467/797/1191
f 1467/797/1191 1469/799/1193 1465/795/1189
f 1470/800/1194 1468/798/1192 1467/797/1191
f 1471/801/1195 1462/792/1186 1461/791/1185
f 1470/800/1194 1472/802/1196 1471/801/1195
f 1471/801/1195 1472/802/1196 1462/792/1186
f 1470/800/1194 1473/803/1197 1468/798/1192
f 1471/801/1195 1473/803/1197 1470/800/1194
f 1467/797/1191 1472/802/1196 1470/800/1194
f 1472/802/1196 1467/797/1191 1466/796/1190
f 1456/786/1180 1466/796/1190 1460/790/1184
f 1460/790/1184 1466/796/1190 1464/794/1188
f 1472/802/1196 1456/786/1180 1453/783/1177
f 1456/786/1180 1472/802/1196 1466/796/1190
f 1455/785/1179 1472/802/1196 1453/783/1177
f 1472/802/1196 1455/785/1179 1462/792/1186
f 1460/790/1184 1464/794/1188 1463/793/1187
f 1460/790/1184 1463/793/1187 1458/788/1182
f 1461/791/1185 1455/785/1179 1474/804/1198
f 1455/785/1179 1452/782/1176 1474/804/1198
f 1465/795/1189 1469/799/1193 1475/805/1199
f 1465/795/1189 1475/805/1199 1463/793/1187
f 1476/806/1200 1473/803/1197 1471/801/1195
f 1476/806/1200 1471/801/1195 1461/791/1185
f 1477/698/1009 1478/699/1010 1479/700/1011
f 1477/698/1009 1480/701/1012 1478/699/1010
f 1478/699/1010 1480/701/1012 1481/702/1013
f 1477/698/1009 1479/700/1011 1482/703/1014
f 1481/702/1013 1480/701/1012 1477/698/1009
f 1481/702/1013 1477/698/1009 1482/703/1014
f 1483/807/1201 1484/808/1202 1485/809/1203
f 1486/810/1204 1483/807/1201 1485/809/1203
f 1487/809/1205 1486/810/1204 1485/809/1203
f 1487/809/1205 1483/807/1201 1486/810/1204
f 1487/809/1205 1484/808/1202 1483/807/1201
f 1488/811/1206 1489/812/1207 1490/813/1208
f 1490/813/1208 1489/812/1207 1491/814/1209
f 1492/815/1210 1493/816/1211 1488/811/1206
f 1488/811/1206 1493/816/1211 1489/812/1207
f 1489/812/1207 1494/810/1212 1491/814/1209
f 1491/814/1209 1494/810/1212 1495/817/1213
f 1496/814/1214 1494/810/1212 1497/812/1215
f 1495/817/1213 1494/810/1212 1496/814/1214
f 1496/814/1214 1497/812/1215 1490/813/1208
f 1490/813/1208 1497/812/1215 1488/811/1206
f 1497/812/1215 1498/816/1216 1488/811/1206
f 1488/811/1206 1498/816/1216 1492/815/1210
f 1493/816/1211 1499/808/1217 1489/812/1207
f 1497/812/1215 1499/808/1217 1498/816/1216
f 1500/809/1218 1499/808/1217 1497/812/1215
f 1490/813/1208 1491/814/1209 1496/814/1214
f 1496/814/1214 1491/814/1209 1495/817/1213
f 1501/809/1219 1499/808/1217 1500/809/1218
f 1489/812/1207 1499/808/1217 1501/809/1219
f 1502/807/1220 1503/808/1221 1504/809/1222
f 1505/810/1223 1502/807/1220 1504/809/1222
f 1506/809/1224 1505/810/1223 1504/809/1222
f 1506/809/1224 1502/807/1220 1505/810/1223
f 1506/809/1224 1503/808/1221 1502/807/1220
f 1507/811/1225 1508/812/1226 1509/813/1227
f 1509/813/1227 1508/812/1226 1510/814/1228
f 1511/815/1229 1512/816/1230 1507/811/1225
f 1507/811/1225 1512/816/1230 1508/812/1226
f 1508/812/1226 1513/810/1231 1510/814/1228
f 1510/814/1228 1513/810/1231 1514/817/1232
f 1515/814/1233 1513/810/1231 1516/812/1234
f 1514/817/1232 1513/810/1231 1515/814/1233
f 1515/814/1233 1516/812/1234 1509/813/1227
f 1509/813/1227 1516/812/1234 1507/811/1225
f 1516/812/1234 1517/816/1235 1507/811/1225
f 1507/811/1225 1517/816/1235 1511/815/1229
f 1512/816/1230 1518/808/1236 1508/812/1226
f 1516/812/1234 1518/808/1236 1517/816/1235
f 1519/809/1237 1518/808/1236 1516/812/1234
f 1509/813/1227 1510/814/1228 1515/814/1233
f 1515/814/1233 1510/814/1228 1514/817/1232
f 1520/809/1238 1518/808/1236 1519/809/1237
f 1508/812/1226 1518/808/1236 1520/809/1238
f 1521/818/1239 1522/819/1240 1523/820/1241
f 1524/821/1242 1525/822/1243 1526/823/1244
f 1521/818/1239 1524/821/1242 1527/824/1245
f 1528/825/1246 1529/826/1247 1530/827/1248
f 1523/820/1241 1525/822/1243 1524/821/1242
f 1523/820/1241 1524/821/1242 1521/818/1239
f 1531/828/1249 1529/826/1247 1532/828/1250
f 1532/828/1250 1529/826/1247 1533/826/1251
f 1533/826/1251 1529/826/1247 1528/825/1246
f 1534/829/1252 1522/819/1240 1521/818/1239
f 1535/830/1253 1524/821/1242 1526/823/1244
f 1521/818/1239 1536/831/1254 1537/832/1255
f 1521/818/1239 1537/832/1255 1532/828/1250
f 1521/818/1239 1532/828/1250 1533/826/1251
f 1533/826/1251 1530/827/1248 1534/829/1252
f 1529/826/1247 1535/830/1253 1530/827/1248
f 1531/828/1249 1538/832/1256 1524/821/1242
f 1529/826/1247 1531/828/1249 1524/821/1242
f 1524/821/1242 1535/830/1253 1529/826/1247
f 1537/832/1255 1539/833/1257 1540/834/1258
f 1537/832/1255 1540/834/1258 1532/828/1250
f 1532/828/1250 1540/834/1258 1541/835/1259
f 1542/836/1260 1532/828/1250 1541/835/1259
f 1539/833/1257 1538/832/1256 1540/834/1258
f 1540/834/1258 1538/832/1256 1531/828/1249
f 1541/835/1259 1540/834/1258 1531/828/1249
f 1541/835/1259 1531/828/1249 1542/836/1260
f 1521/818/1239 1527/824/1245 1536/831/1254
f 1536/831/1254 1527/824/1245 1543/837/1261
f 1543/837/1261 1527/824/1245 1544/838/1262
f 1527/824/1245 1524/821/1242 1544/838/1262
f 1534/829/1252 1535/830/1253 1522/819/1240
f 1528/825/1246 1530/827/1248 1533/826/1251
f 1530/827/1248 1535/830/1253 1534/829/1252
f 1521/818/1239 1533/826/1251 1534/829/1252
f 1522/819/1240 1535/830/1253 1526/823/1244
f 1538/832/1256 1544/838/1262 1524/821/1242
f 1545/839/1263 1546/840/1264 1547/841/1265
f 1548/842/1266 1549/839/1267 1546/840/1264
f 1549/839/1267 1550/841/1268 1546/840/1264
f 1545/839/1263 1549/839/1267 1548/842/1266
f 1546/840/1264 1550/841/1268 1547/841/1265
f 1545/839/1263 1550/841/1268 1549/839/1267
f 1547/841/1265 1550/841/1268 1545/839/1263
f 1548/842/1266 1546/840/1264 1545/839/1263
f 1551/843/1269 1552/844/1270 1553/845/1271
f 1554/846/1272 1555/847/1273 1552/844/1270
f 1554/846/1272 1552/844/1270 1556/848/1274
f 1552/844/1270 1555/847/1273 1553/845/1271
f 1557/849/1275 1558/850/1276 1559/851/1277
f 1558/850/1276 1556/848/1274 1560/852/1278
f 1558/850/1276 1560/852/1278 1561/853/1279
f 1562/854/1280 1552/844/1270 1551/843/1269
f 1553/845/1271 1563/855/1281 1551/843/1269
f 1551/843/1269 1563/855/1281 1557/849/1275
f 1563/855/1281 1556/848/1274 1557/849/1275
f 1559/851/1277 1558/850/1276 1561/853/1279
f 1557/849/1275 1556/848/1274 1558/850/1276
f 1559/851/1277 1560/852/1278 1564/856/1282
f 1561/853/1279 1560/852/1278 1559/851/1277
f 1554/846/1272 1556/848/1274 1563/855/1281
f 1564/856/1282 1560/852/1278 1565/857/1283
f 1566/858/1284 1565/857/1283 1567/859/1285
f 1567/859/1285 1565/857/1283 1568/860/1286
f 1565/857/1283 1569/861/1287 1568/860/1286
f 1568/860/1286 1569/861/1287 1570/862/1288
f 1564/856/1282 1566/858/1284 1567/859/1285
f 1564/856/1282 1567/859/1285 1568/860/1286
f 1564/856/1282 1568/860/1286 1571/861/1289
f 1571/861/1289 1568/860/1286 1570/862/1288
f 1551/843/1269 1571/861/1289 1572/863/1290
f 1551/843/1269 1564/856/1282 1571/861/1289
f 1559/851/1277 1564/856/1282 1551/843/1269
f 1557/849/1275 1559/851/1277 1551/843/1269
f 1569/861/1287 1552/844/1270 1573/864/1291
f 1552/844/1270 1569/861/1287 1565/857/1283
f 1560/852/1278 1552/844/1270 1565/857/1283
f 1556/848/1274 1552/844/1270 1560/852/1278
f 1551/843/1269 1572/863/1290 1562/854/1280
f 1572/863/1290 1574/865/1292 1562/854/1280
f 1574/865/1292 1573/864/1291 1562/854/1280
f 1562/854/1280 1573/864/1291 1552/844/1270
f 1575/866/1293 1576/867/1294 1577/868/1295
f 1575/866/1293 1578/869/1296 1576/867/1294
f 1579/869/1297 1578/869/1296 1575/866/1293
f 1577/868/1295 1576/867/1294 1580/867/1298
f 1576/867/1294 1578/869/1296 1580/867/1298
f 1580/867/1298 1578/869/1296 1579/869/1297
f 1580/867/1298 1575/866/1293 1577/868/1295
f 1579/869/1297 1575/866/1293 1580/867/1298
f 1581/870/1299 1582/871/1300 1583/871/1301
f 1584/871/1302 1585/872/1303 1581/870/1299
f 1585/872/1303 1586/873/1304 1581/870/1299
f 1587/872/1305 1582/871/1300 1581/870/1299
f 1587/872/1305 1581/870/1299 1586/873/1304
f 1581/870/1299 1583/871/1301 1584/871/1302
f 1589/874/158 1591/875/158 1592/876/158
f 1593/877/158 1595/878/158 1589/874/158
f 1596/879/158 1589/874/158 1592/876/158
f 1593/877/158 1589/874/158 1596/879/158
f 1597/880/1306 1598/881/1307 1588/882/1308
f 1598/881/1307 1599/883/1309 1588/882/1308
f 1594/884/1310 1597/880/1306 1588/882/1308
f 1588/882/1308 1599/883/1309 1590/885/1311
f 1600/876/158 1602/875/158 1604/874/158
f 1604/874/158 1606/878/158 1607/877/158
f 1600/876/158 1604/874/158 1608/879/158
f 1608/879/158 1604/874/158 1607/877/158
f 1603/882/1312 1609/881/1307 1610/880/1313
f 1603/882/1312 1611/883/1314 1609/881/1307
f 1603/882/1312 1610/880/1313 1605/884/1315
f 1601/885/1316 1611/883/1314 1603/882/1312
f 1612/886/1317 1613/887/1317 1614/888/1317
f 1614/888/1317 1615/889/1317 1612/886/1317
f 1616/889/1317 1617/886/1317 1618/887/1317
f 1618/887/1317 1619/888/1317 1616/889/1317
f 1621/882/1318 1623/885/1319 1624/890/1320
f 1625/891/1321 1621/882/1318 1626/892/1322
f 1626/892/1322 1621/882/1318 1624/890/1320
f 1625/891/1321 1628/884/1323 1621/882/1318
f 1629/876/57 1622/875/57 1620/874/57
f 1620/874/57 1627/878/57 1630/877/57
f 1629/876/57 1620/874/57 1631/879/57
f 1631/879/57 1620/874/57 1630/877/57
f 1633/874/57 1635/875/57 1636/876/57
f 1637/877/57 1639/878/57 1633/874/57
f 1640/879/57 1633/874/57 1636/876/57
f 1637/877/57 1633/874/57 1640/879/57
f 1641/890/1324 1634/885/1325 1632/882/1326
f 1642/892/1327 1632/882/1326 1643/891/1328
f 1641/890/1324 1632/882/1326 1642/892/1327
f 1632/882/1326 1638/884/1329 1643/891/1328
f 1644/831/1330 1645/893/1331 1646/832/1332
f 1645/893/1331 1647/833/1333 1646/832/1332
f 1645/893/1331 1648/838/1334 1649/832/1335
f 1650/837/1336 1648/838/1334 1645/893/1331
f 1650/837/1336 1645/893/1331 1644/831/1330
f 1645/893/1331 1649/832/1335 1647/833/1333
f 1651/863/1337 1652/894/1338 1653/865/1339
f 1654/861/1340 1655/864/1341 1652/894/1338
f 1656/861/1342 1652/894/1338 1651/863/1337
f 1656/861/1342 1657/862/1343 1652/894/1338
f 1652/894/1338 1655/864/1341 1653/865/1339
f 1657/862/1343 1654/861/1340 1652/894/1338
