# Blender 4.5.3 LTS
# www.blender.org
mtllib vf1jB.mtl
o vf1jB
v -0.018657 0.002294 0.009602
v -0.012157 -0.003276 0.000142
v -0.013447 -0.006816 0.015222
v -0.002027 -0.012556 0.000142
v -0.005437 -0.014156 0.015222
v -0.020077 0.002994 0.024052
v -0.020547 0.006644 0.024052
v -0.019247 0.005454 0.008662
v -0.011307 -0.001816 -0.000398
v -0.000647 -0.011576 -0.000398
v 0.004913 -0.019896 0.024062
v -0.005507 -0.015116 0.024062
v 0.004093 -0.018546 0.009602
v 0.008593 -0.020036 0.024062
v 0.007303 -0.018856 0.008662
v -0.012677 -0.000396 -0.002848
v -0.010537 -0.002356 0.008712
v -0.016517 0.003124 -0.002848
v -0.010537 -0.002356 0.024062
v -0.014407 -0.006966 0.024052
v -0.006707 -0.013426 0.026952
v -0.012607 -0.008026 0.026952
v -0.012527 -0.000236 -0.002848
v -0.016367 0.003284 -0.002848
v -0.001247 -0.010866 0.008712
v 0.000893 -0.012816 -0.002838
v 0.004733 -0.016336 -0.002838
v -0.001247 -0.010866 0.024062
v 0.001043 -0.012656 -0.002838
v 0.004883 -0.016176 -0.002838
v -0.000417 -0.009966 0.008712
v 0.006053 -0.015886 0.008712
v 0.000053 -0.009446 0.024062
v 0.007883 -0.016616 0.024062
v -0.016187 0.004474 0.008702
v -0.009717 -0.001456 0.008712
v -0.017077 0.006244 0.024052
v -0.009237 -0.000936 0.024062
v -0.001567 -0.010716 0.024062
v -0.010367 -0.002656 0.024062
v -0.003017 -0.009386 0.026952
v -0.008917 -0.003986 0.026952
v -0.008917 -0.003986 0.026952
v -0.012607 -0.008016 0.026952
v -0.003017 -0.009386 0.026952
v -0.008857 -0.001286 0.024062
v -0.000317 -0.009106 0.024062
v -0.012887 -0.002906 0.030822
v -0.010707 -0.002726 0.024052
v -0.011257 -0.002216 0.031582
v -0.013137 -0.003936 0.024052
v -0.015097 0.001294 0.031582
v -0.015647 0.001794 0.024052
v -0.015577 -0.000446 0.030822
v -0.016587 -0.000776 0.024052
v -0.001057 -0.011566 0.031582
v -0.001597 -0.011066 0.024052
v -0.001597 -0.013256 0.030822
v -0.002607 -0.013586 0.024052
v 0.001093 -0.015716 0.030822
v 0.003333 -0.015586 0.024052
v 0.002783 -0.015076 0.031582
v 0.000853 -0.016746 0.024052
v -0.009097 -0.012976 0.026952
v -0.007297 -0.012886 0.026952
v -0.012017 -0.008556 0.026952
v -0.012047 -0.007086 0.026952
v -0.011197 -0.007576 0.021952
v -0.011957 -0.010356 0.026952
v -0.010897 -0.010416 0.021952
v -0.010007 -0.008126 0.016752
v -0.009517 -0.010246 0.016752
v -0.010947 -0.012126 0.026952
v -0.010327 -0.011446 0.021952
v -0.009427 -0.010466 0.016752
v -0.008457 -0.002976 0.021952
v -0.008987 -0.002356 0.026952
v -0.007577 -0.003776 0.016752
v -0.006397 -0.011976 0.021952
v -0.006107 -0.012796 0.026952
v -0.009247 -0.011926 0.021952
v -0.009207 -0.010536 0.016752
v -0.007037 -0.010836 0.016752
v -0.002057 -0.008836 0.021952
v -0.001387 -0.009316 0.026952
v -0.002927 -0.008036 0.016752
v -0.012607 -0.008016 0.026952
v -0.005257 -0.005906 0.016752
v -0.013987 0.014334 0.019342
v -0.022277 0.019864 0.019742
v -0.014667 0.012194 0.020862
v -0.017237 0.008774 0.014922
v -0.024837 0.016444 0.013802
v -0.016557 0.010914 0.013402
v -0.023717 0.005294 0.019742
v -0.029097 0.010544 0.019042
v -0.021147 0.008714 0.025672
v -0.026527 0.013964 0.024972
v -0.014767 0.015194 0.017982
v -0.009277 0.018714 0.015452
v -0.017607 0.019084 0.017232
v -0.022057 0.017334 0.019172
v -0.014977 0.014064 0.018732
v -0.018867 0.019384 0.017702
v -0.008807 0.020004 0.013902
v -0.010487 0.022304 0.013452
v -0.012117 0.022604 0.014702
v -0.018487 0.017694 0.013402
v -0.012997 0.021214 0.010872
v -0.015647 0.013804 0.014152
v -0.010157 0.017324 0.011622
v -0.010977 0.021514 0.011282
v -0.009307 0.019224 0.011722
v -0.018167 0.012014 0.020202
v -0.023047 0.015774 0.014842
v -0.019857 0.017824 0.013372
v -0.019157 0.010454 0.015882
v -0.015967 0.012494 0.014412
v 0.007073 0.021584 0.010662
v 0.003373 0.027714 0.005212
v 0.008593 0.027784 0.006482
v 0.010973 0.023834 0.009982
v 0.010663 0.026704 0.013432
v 0.008273 0.030654 0.009922
v 0.006663 0.025304 0.015132
v 0.002953 0.031434 0.009692
v -0.005357 0.021414 0.017272
v -0.012037 0.023624 0.014812
v -0.022497 0.021404 0.015702
v -0.021887 0.020374 0.016612
v -0.004937 0.017684 0.012802
v -0.021477 0.016654 0.012142
v -0.022087 0.017674 0.011232
v -0.011627 0.019904 0.010342
v -0.011607 0.022054 0.013972
v -0.011307 0.023354 0.013922
v -0.011037 0.020914 0.010982
v -0.011437 0.020534 0.012152
v -0.009387 0.018194 0.013402
v -0.010447 0.018904 0.013612
v -0.009657 0.020634 0.016342
v -0.010617 0.020414 0.015422
v -0.005897 0.018934 0.013112
v -0.006167 0.021374 0.016042
v 0.008233 -0.018356 0.012512
v 0.014483 -0.025506 0.009462
v 0.007423 -0.019316 0.014912
v 0.012993 -0.015826 0.018152
v 0.020043 -0.022026 0.012702
v 0.013793 -0.014876 0.015752
v 0.013903 -0.022526 0.023782
v 0.018803 -0.026926 0.020102
v 0.008343 -0.026006 0.020542
v 0.013243 -0.030406 0.016862
v 0.010603 -0.017556 0.011132
v 0.010863 -0.013016 0.005812
v 0.013763 -0.020456 0.008812
v 0.013963 -0.024406 0.012122
v 0.009783 -0.017796 0.012202
v 0.014113 -0.021766 0.009032
v 0.012253 -0.012156 0.004532
v 0.014123 -0.013866 0.003172
v 0.014023 -0.015916 0.003492
v 0.016933 -0.018476 0.010662
v 0.017193 -0.013936 0.005342
v 0.013773 -0.015576 0.012982
v 0.014033 -0.011036 0.007652
v 0.015913 -0.012746 0.004212
v 0.014053 -0.011036 0.005582
v 0.009633 -0.020446 0.015292
v 0.017533 -0.022166 0.014202
v 0.017683 -0.019526 0.011112
v 0.013203 -0.018206 0.017382
v 0.013353 -0.015566 0.014282
v 0.011503 0.008224 0.002592
v 0.010833 0.003564 -0.000008
v 0.011443 0.004014 0.008962
v 0.011903 0.008514 0.008362
v 0.017253 0.004204 0.008552
v 0.015983 0.008374 0.002282
v 0.016383 0.008654 0.008052
v 0.016643 0.003754 -0.000408
v 0.017653 -0.008596 0.008162
v 0.017753 -0.024136 0.002402
v 0.017653 -0.024216 0.000912
v 0.017423 -0.013616 0.002652
v 0.011833 -0.008786 0.008572
v 0.011613 -0.013806 0.003062
v 0.011833 -0.024406 0.001312
v 0.011943 -0.024326 0.002812
v 0.012673 -0.013016 0.002892
v 0.016493 -0.012896 0.002632
v 0.015803 -0.013626 0.003512
v 0.013443 -0.013706 0.003682
v 0.012953 -0.012826 0.006882
v 0.013603 -0.013586 0.006072
v 0.015963 -0.013506 0.005902
v 0.016763 -0.012696 0.006612
v 0.012873 -0.009286 0.007462
v 0.016683 -0.009166 0.007192
v 0.012153 0.016734 0.001062
v 0.011413 0.014844 0.000852
v 0.012023 0.015374 0.008552
v 0.012693 0.017804 0.008242
v 0.017363 0.015554 0.008122
v 0.016763 0.015024 0.000422
v 0.015833 0.016864 0.000762
v 0.016383 0.017924 0.007942
v 0.012173 0.010504 0.008402
v 0.011573 0.010714 0.001102
v 0.012433 0.007334 0.001892
v 0.012883 0.007174 0.007372
v 0.015823 0.007444 0.001622
v 0.016243 0.010864 0.000722
v 0.016843 0.010654 0.008022
v 0.016273 0.007294 0.007092
v 0.014413 0.043884 0.015032
v 0.015113 0.043944 0.013872
v 0.014333 0.044604 0.014362
v 0.013373 0.042814 0.013982
v 0.014463 0.042804 0.015162
v 0.013543 0.043894 0.014002
v 0.015343 0.042874 0.013822
v 0.015223 0.049434 0.011172
v 0.013873 0.049414 0.010522
v 0.012643 0.049354 0.011382
v 0.012763 0.049304 0.012882
v 0.014113 0.049324 0.013532
v 0.015343 0.049394 0.012672
v 0.017113 0.005514 0.009402
v 0.015153 0.005484 0.008462
v 0.014933 0.012974 0.008692
v 0.016883 0.013004 0.009632
v 0.013153 0.012884 0.009932
v 0.013383 0.005384 0.009702
v 0.013333 0.012814 0.012102
v 0.013563 0.005324 0.011872
v 0.015283 0.012844 0.013042
v 0.015513 0.005354 0.012802
v 0.017053 0.012944 0.011802
v 0.017283 0.005444 0.011572
v 0.013933 0.046424 0.010132
v 0.012473 0.046354 0.011152
v 0.012623 0.046294 0.012942
v 0.014233 0.046324 0.013722
v 0.015693 0.046404 0.012692
v 0.015543 0.046454 0.010902
v 0.014533 0.039794 0.014852
v 0.017063 0.039924 0.012992
v 0.017883 0.012954 0.012152
v 0.017643 0.013044 0.009162
v 0.016823 0.040014 0.010002
v 0.011913 0.046344 0.010882
v 0.012113 0.046274 0.013292
v 0.014283 0.046304 0.014332
v 0.016253 0.046404 0.012962
v 0.016053 0.046474 0.010542
v 0.013883 0.046444 0.009502
v 0.012323 0.012864 0.009592
v 0.014843 0.013004 0.007682
v 0.015363 0.012814 0.014062
v 0.012563 0.012784 0.012582
v 0.011493 0.039834 0.010442
v 0.014023 0.039974 0.008532
v 0.011743 0.039754 0.013422
v 0.014283 0.015464 0.005412
v 0.014853 0.015484 0.005362
v 0.014503 0.019124 0.006062
v 0.013863 0.013804 -0.000398
v 0.014443 0.013824 -0.000448
v 0.013993 0.011254 0.000082
v 0.014563 0.011274 0.000042
v 0.014453 0.012764 0.006452
v 0.015033 0.012784 0.006402
v 0.014683 0.009894 0.008052
v 0.015253 0.009914 0.008002
v 0.014583 0.022574 0.008422
v -0.004747 0.003224 0.024212
v -0.003347 0.002084 0.021312
v -0.000777 0.007804 0.024212
v -0.008377 0.010314 0.010322
v -0.014967 0.012754 0.024212
v -0.011267 0.012594 0.024212
v -0.002587 0.005004 0.004262
v 0.008013 -0.000266 0.024212
v 0.011173 -0.007616 0.010322
v 0.005383 -0.002306 0.004262
v 0.013693 -0.010286 0.024212
v 0.006243 0.000714 0.021312
v 0.000343 0.006124 0.021312
v 0.011023 -0.011066 0.009512
v 0.003973 -0.004606 0.002322
v -0.004767 0.003404 0.002322
v -0.011807 0.009864 0.009522
v 0.014103 -0.014056 0.024212
v 0.003803 -0.004616 0.024212
v 0.002543 -0.003316 0.021312
v -0.005857 0.002014 0.015062
v -0.006047 0.001804 0.024212
v -0.013067 0.009164 0.015072
v -0.014247 0.009324 0.024212
v -0.004757 0.003224 0.014752
v -0.012977 0.010884 0.014752
v 0.010703 -0.013546 0.024212
v 0.002503 -0.006026 0.024212
v 0.010433 -0.012376 0.015072
v 0.002693 -0.005826 0.015062
v 0.003793 -0.004616 0.014752
v 0.012143 -0.012146 0.014752
v -0.005387 0.002114 0.009632
v -0.006247 -0.000986 0.009632
v -0.005977 -0.000826 0.021552
v -0.004977 0.002014 0.021552
v -0.001337 0.005744 0.009632
v -0.000537 0.005484 0.021552
v 0.003143 0.006934 0.009632
v 0.002723 0.005674 0.021552
v -0.003657 -0.004166 0.021552
v -0.003657 -0.004166 0.009632
v 0.005653 0.005994 0.009632
v 0.004583 0.004824 0.021552
v -0.000127 -0.006186 0.021552
v -0.000267 -0.006466 0.009622
v 0.002753 -0.005336 0.009622
v 0.002613 -0.004946 0.021552
v 0.005683 -0.000226 0.021552
v 0.006013 -0.000996 0.009622
v 0.006803 0.003574 0.009632
v 0.005583 0.003044 0.021552
v -0.009797 -0.000806 -0.013368
v -0.004787 0.004064 -0.011108
v -0.007527 -0.001096 -0.000058
v -0.005917 0.003904 -0.017398
v -0.003097 0.006674 -0.012948
v -0.003407 0.007124 -0.017598
v -0.010407 -0.000536 -0.016958
v -0.012147 0.009614 -0.015908
v -0.009217 0.012314 -0.016208
v -0.015877 0.004474 -0.015648
v -0.011747 0.002614 -0.001098
v -0.010907 0.009554 -0.011168
v -0.015257 0.004214 -0.012058
v -0.008697 0.011744 -0.012428
v -0.013627 0.010914 -0.020388
v -0.012097 0.010554 -0.020628
v -0.013587 0.009874 -0.024278
v -0.014657 0.009794 -0.020398
v -0.014167 0.008304 -0.020648
v -0.011077 0.010434 -0.015898
v -0.013237 0.010954 -0.015558
v -0.014697 0.009364 -0.015568
v -0.013997 0.007254 -0.015918
v -0.011727 0.010084 -0.013108
v -0.011067 0.009534 -0.012448
v -0.013727 0.007914 -0.013128
v -0.013127 0.007294 -0.012468
v -0.011917 0.008234 -0.010988
v -0.013777 0.009974 -0.014688
v -0.012197 0.003824 -0.033548
v -0.008317 0.004904 -0.027578
v -0.011587 0.002114 -0.027388
v -0.010707 0.006634 -0.035528
v -0.009797 0.009154 -0.035448
v -0.006477 0.008904 -0.027498
v -0.015727 0.005404 -0.026598
v -0.013777 0.009244 -0.026538
v -0.015247 0.006244 -0.032968
v -0.013327 0.008704 -0.035038
v -0.010327 0.011954 -0.026768
v -0.011087 0.010174 -0.035198
v -0.010257 0.000504 -0.017468
v -0.006457 0.003644 -0.017698
v -0.009147 0.002084 -0.013128
v -0.006727 0.003944 -0.013288
v -0.004177 0.008194 -0.017618
v -0.005557 0.006644 -0.013228
v -0.013047 0.005174 -0.012398
v -0.013067 0.008884 -0.016448
v -0.015247 0.004464 -0.016518
v -0.011797 0.007964 -0.012328
v -0.009447 0.009734 -0.012488
v -0.009177 0.012154 -0.016678
v -0.014387 0.014474 -0.036818
v -0.019267 0.012514 -0.045978
v -0.021887 0.008644 -0.043598
v -0.016757 0.010974 -0.034648
v -0.012177 0.000944 -0.045438
v -0.009557 0.004814 -0.047828
v -0.006167 0.007954 -0.038378
v -0.008527 0.004454 -0.036218
v -0.006397 0.007574 -0.029348
v -0.011567 0.003884 -0.034688
v -0.015847 0.007274 -0.033878
v -0.012157 0.012144 -0.028248
v -0.028857 0.006394 -0.067718
v -0.029597 0.001984 -0.077748
v -0.033307 -0.003486 -0.074428
v -0.031777 0.002084 -0.065058
v -0.022647 0.007404 -0.070218
v -0.006207 0.011814 -0.039588
v -0.003837 0.010924 -0.029838
v -0.009597 0.015484 -0.028738
v -0.010487 0.015214 -0.038778
v -0.027547 -0.008046 -0.075518
v -0.018777 -0.001596 -0.069628
v -0.021697 -0.005916 -0.066968
v -0.023837 -0.002576 -0.078838
v -0.018357 0.004004 -0.071028
v -0.030447 -0.003986 -0.063708
v -0.016237 0.000064 -0.043358
v -0.026157 -0.007386 -0.064518
v -0.013667 0.013604 -0.048808
v -0.009387 0.010204 -0.049618
v -0.020527 0.003464 -0.042548
v -0.022587 0.011974 -0.067038
v -0.018537 0.016314 -0.057688
v -0.015727 0.011824 -0.051808
v -0.023557 0.006644 -0.068898
v -0.018367 0.010714 -0.055978
v -0.026787 0.000134 -0.081148
v -0.024217 -0.001916 -0.082848
v -0.022727 -0.002996 -0.071098
v -0.028517 0.001604 -0.069998
v -0.029867 0.002574 -0.081778
v -0.025517 -0.000786 -0.070568
v -0.023277 0.005244 -0.066638
v -0.023457 0.006014 -0.070798
v -0.019467 0.002224 -0.067368
v -0.019647 0.002984 -0.071518
v -0.022197 0.003104 -0.085448
v -0.026007 0.006134 -0.084718
v -0.024027 0.004564 -0.085098
v -0.003967 -0.012146 -0.003108
v 0.003893 -0.004906 -0.009588
v 0.001563 -0.009186 -0.015068
v 0.006253 -0.003596 -0.015378
v 0.006473 -0.002366 -0.009558
v 0.008593 -0.000856 -0.013448
v 0.003223 -0.008376 -0.018218
v 0.014243 -0.006156 -0.011828
v 0.012433 -0.009256 -0.013578
v 0.008653 -0.013356 -0.016638
v 0.006993 -0.014166 -0.013488
v 0.010403 -0.009906 -0.009178
v 0.000793 -0.015236 -0.003708
v 0.012263 -0.007166 -0.008668
v 0.015993 -0.007406 -0.021078
v 0.014933 -0.007336 -0.017218
v 0.015563 -0.008796 -0.017318
v 0.014813 -0.009866 -0.018108
v 0.013433 -0.009476 -0.018798
v 0.012903 -0.008186 -0.012908
v 0.013793 -0.010246 -0.013048
v 0.012733 -0.011766 -0.014168
v 0.010773 -0.011216 -0.015138
v 0.011773 -0.009876 -0.010858
v 0.010873 -0.009576 -0.010328
v 0.010323 -0.011946 -0.012388
v 0.009373 -0.011716 -0.011908
v 0.009393 -0.011046 -0.009868
v 0.012743 -0.011176 -0.012878
v 0.011063 -0.004576 -0.026368
v 0.012303 -0.001186 -0.024018
v 0.015343 -0.002136 -0.030478
v 0.018003 0.000474 -0.030068
v 0.014933 0.000984 -0.021248
v 0.019743 0.001604 -0.028378
v 0.018183 -0.004736 -0.029648
v 0.017383 -0.005846 -0.022538
v 0.014913 -0.008106 -0.025248
v 0.020443 -0.001756 -0.029368
v 0.020933 0.000504 -0.028028
v 0.018513 -0.002296 -0.020208
v 0.004033 -0.008746 -0.014438
v 0.006343 -0.004116 -0.016368
v 0.004973 -0.008036 -0.019028
v 0.004783 -0.006256 -0.012828
v 0.006583 -0.004856 -0.010958
v 0.009283 -0.001466 -0.013158
v 0.009613 -0.012286 -0.017678
v 0.012493 -0.009756 -0.014578
v 0.007653 -0.012066 -0.013388
v 0.009503 -0.010586 -0.011448
v 0.013933 -0.005726 -0.011818
v 0.010213 -0.008176 -0.009908
v 0.021923 -0.010706 -0.037018
v 0.025533 -0.007306 -0.038728
v 0.025263 -0.002716 -0.029208
v 0.022003 -0.005796 -0.027668
v 0.017613 0.004294 -0.031428
v 0.016503 0.000974 -0.041348
v 0.012883 -0.002426 -0.039648
v 0.014343 0.001214 -0.029888
v 0.014143 -0.001956 -0.028568
v 0.016043 0.003454 -0.022568
v 0.021403 -0.001446 -0.021008
v 0.018133 -0.005606 -0.027408
v 0.016503 -0.022236 -0.069668
v 0.021603 -0.017416 -0.072028
v 0.024363 -0.016506 -0.061438
v 0.020343 -0.020296 -0.059538
v 0.024543 -0.010076 -0.063548
v 0.018893 0.006604 -0.022478
v 0.021543 0.005014 -0.032068
v 0.025533 0.001364 -0.030908
v 0.024253 0.001694 -0.020918
v 0.010963 -0.011716 -0.062258
v 0.014983 -0.007916 -0.064158
v 0.011153 -0.017326 -0.071228
v 0.016243 -0.012516 -0.073578
v 0.020553 -0.006426 -0.064708
v 0.014003 -0.020156 -0.059048
v 0.012493 -0.006706 -0.037858
v 0.010013 -0.016506 -0.060208
v 0.025953 -0.001436 -0.041168
v 0.021963 0.002214 -0.042328
v 0.016483 -0.010356 -0.036698
v 0.025013 -0.003596 -0.044468
v 0.030713 -0.005196 -0.049708
v 0.028543 -0.009396 -0.059728
v 0.023793 -0.011186 -0.062388
v 0.024993 -0.006136 -0.048838
v 0.014543 -0.011926 -0.065968
v 0.017443 -0.012556 -0.077488
v 0.019683 -0.014816 -0.075588
v 0.022693 -0.017366 -0.075958
v 0.019933 -0.016866 -0.064398
v 0.017133 -0.014296 -0.065218
v 0.023403 -0.011066 -0.064418
v 0.022073 -0.011246 -0.060408
v 0.019863 -0.007816 -0.065448
v 0.018523 -0.008006 -0.061438
v 0.022303 -0.009546 -0.079288
v 0.025853 -0.012786 -0.078258
v 0.024013 -0.011106 -0.078788
v 0.000973 0.007884 0.029482
v -0.001937 0.007844 0.028612
v -0.004847 0.007954 0.029502
v -0.004047 0.008034 0.030472
v 0.000183 0.007984 0.030452
v -0.004727 0.001894 0.025562
v -0.006457 -0.002186 0.030412
v -0.005857 0.005504 0.029722
v -0.001967 0.006114 0.027052
v -0.001957 0.006214 0.027632
v 0.001933 0.005414 0.029702
v 0.000693 0.001834 0.025542
v -0.001977 0.006134 0.023442
v -0.004737 0.001734 0.021502
v 0.000673 0.001664 0.021482
v 0.000913 0.005614 0.031942
v -0.004827 0.005684 0.031952
v -0.005147 0.004244 0.033342
v 0.001213 0.004174 0.033322
v -0.005827 -0.005896 0.021512
v -0.005807 -0.005736 0.026232
v -0.005377 -0.002596 0.025952
v -0.005397 -0.002756 0.021512
v 0.001223 -0.002836 0.021482
v 0.001243 -0.002666 0.025932
v 0.001593 -0.005816 0.026202
v 0.001573 -0.005986 0.021482
v 0.002363 -0.002296 0.030382
v 0.001303 -0.001856 0.035282
v 0.001253 -0.006606 0.035692
v 0.002493 -0.007676 0.030852
v -0.005367 -0.001776 0.035302
v -0.006717 -0.007566 0.030882
v -0.005417 -0.006526 0.035712
v 0.003723 -0.001776 0.008502
v 0.004863 0.000164 0.013092
v 0.005323 0.001854 0.013092
v 0.005393 0.001484 0.009272
v 0.004953 0.004074 0.013092
v 0.005443 0.003804 0.009722
v 0.003803 0.005124 0.013092
v 0.003493 0.005594 0.009722
v 0.001553 0.005304 0.013092
v -0.000087 0.004694 0.013092
v -0.001917 0.003404 0.008502
v 0.001183 0.005344 0.009272
v 0.006243 -0.010826 0.008872
v 0.002243 -0.007156 0.008872
v 0.002583 -0.006786 0.012732
v 0.006993 -0.010826 0.012732
v -0.007297 0.001304 0.011342
v -0.011697 0.005344 0.011342
v -0.011287 0.004974 0.008112
v -0.007297 0.001304 0.008112
v 0.006103 -0.010976 0.008112
v 0.006513 -0.011346 0.011342
v 0.002103 -0.007316 0.011342
v 0.002103 -0.007316 0.008112
v -0.006867 0.000914 0.011342
v -0.012547 0.006124 0.011342
v -0.012067 0.006644 0.012732
v -0.006397 0.001624 0.012662
v -0.014587 0.008964 0.023592
v -0.006387 0.001444 0.023592
v -0.007487 0.000234 0.023852
v -0.014697 0.007384 0.023852
v -0.011147 0.005124 0.008882
v -0.007147 0.001464 0.008872
v 0.007843 -0.011606 0.012732
v 0.007363 -0.012136 0.011342
v 0.001683 -0.006926 0.011342
v 0.002343 -0.006386 0.012662
v 0.010373 -0.013916 0.023592
v 0.002163 -0.006396 0.023592
v 0.001063 -0.007606 0.023852
v 0.008803 -0.014156 0.023852
v -0.011217 0.005864 0.012732
v -0.006817 0.001824 0.012732
v -0.003957 -0.003366 -0.030558
v -0.006767 -0.003666 -0.021588
v -0.005517 -0.001806 -0.021298
v 0.002993 -0.000946 -0.004948
v 0.002703 -0.001556 -0.006268
v 0.001413 0.001364 -0.006268
v 0.001753 0.001734 -0.004948
v -0.007257 -0.000796 -0.008528
v -0.007147 0.000194 0.007972
v -0.003927 0.003084 0.007532
v -0.004807 0.001384 -0.007378
v -0.003337 0.002144 -0.006268
v 0.003583 -0.003806 0.007532
v 0.000983 -0.007266 0.007972
v 0.000003 -0.007456 -0.008528
v 0.001963 -0.004826 -0.007378
v 0.002593 -0.003296 -0.006268
v 0.005173 0.001794 0.019092
v 0.005173 0.001984 0.014852
v 0.004303 0.004514 0.014852
v 0.004023 0.004214 0.019092
v -0.008017 -0.002776 0.008192
v -0.008287 -0.003616 -0.009668
v -0.003207 -0.000776 -0.020878
v -0.001617 0.002404 -0.006268
v -0.007017 0.000334 0.019092
v -0.002967 0.003964 0.019092
v -0.004017 -0.004556 -0.029768
v -0.003467 -0.003956 -0.031088
v -0.005967 -0.006686 -0.010198
v -0.005357 -0.006026 0.008232
v -0.005357 -0.006016 -0.021698
v -0.000887 -0.001136 -0.020588
v -0.002947 -0.003386 -0.031088
v -0.001897 -0.008386 0.008192
v -0.002707 -0.008726 -0.009668
v -0.002887 -0.007216 -0.021588
v -0.001147 -0.005806 -0.021298
v -0.000317 -0.003416 -0.020878
v -0.002837 -0.004396 -0.030558
v -0.002727 0.003064 0.007352
v -0.002347 0.002324 -0.004948
v -0.001027 0.002744 -0.004948
v 0.002693 -0.002296 -0.004948
v 0.003463 -0.002606 0.007352
v -0.000717 0.004604 0.014852
v -0.007877 -0.002766 0.019092
v 0.001183 0.005124 0.008462
v -0.002577 0.002934 0.007352
v 0.001103 0.005324 0.008462
v 0.001513 0.005154 0.019092
v 0.001703 0.005164 0.014852
v -0.005287 -0.005946 0.019092
v 0.001123 -0.007116 0.019082
v -0.001897 -0.008246 0.019082
v 0.004383 -0.002776 0.019082
v 0.004823 -0.000476 0.014852
v 0.003473 0.005614 0.008922
v 0.003443 0.005364 0.008922
v 0.005383 0.001404 0.008462
v 0.005463 0.003784 0.008922
v 0.005173 0.001464 0.008462
v 0.005223 0.003744 0.008922
v 0.003313 -0.002476 0.007352
v 0.001713 0.002994 -0.000458
v 0.002473 0.000664 -0.000458
v 0.003013 0.001804 -0.000458
v 0.001353 0.004404 0.006932
v 0.002413 -0.001986 0.006932
v 0.004443 0.001574 0.006932
v 0.004443 0.001574 0.005352
v 0.002113 -0.001716 0.003592
v -0.001717 0.001794 0.003592
v 0.001353 0.004404 0.005352
v -0.002017 0.002064 0.006932
v 0.003393 -0.000176 -0.000458
v 0.002403 -0.001986 -0.000458
v 0.002293 -0.001076 -0.005038
v 0.002263 -0.001856 -0.005038
v -0.001867 0.001934 -0.005038
v -0.002017 0.002064 -0.000458
v -0.001097 0.002034 -0.005038
v -0.000297 0.003204 -0.000458
v 0.001923 0.000624 -0.005038
v 0.001403 -0.000256 -0.005038
v -0.000207 0.001224 -0.005038
v 0.000623 0.001814 -0.005038
v 0.000623 0.002364 -0.000458
v 0.004573 0.000374 0.013272
v 0.003223 -0.001106 0.009392
v 0.004173 0.001274 0.013272
v 0.004173 0.001274 0.009392
v -0.001207 0.002954 0.009392
v 0.001083 0.004114 0.009392
v 0.001083 0.004114 0.013272
v 0.000143 0.004424 0.013272
v 0.000873 0.005124 0.006212
v 0.000473 0.004674 0.003202
v 0.002843 0.004504 0.001352
v 0.003223 0.005444 0.005902
v 0.004413 0.003064 0.001352
v 0.004783 0.000714 0.003202
v 0.005193 0.001154 0.006212
v 0.005313 0.003524 0.005902
v -0.007957 -0.002726 -0.009838
v -0.008197 -0.002356 -0.014098
v -0.008417 -0.003346 -0.014098
v -0.008047 -0.003636 -0.011848
v -0.007357 -0.001856 -0.011828
v -0.006937 -0.001616 -0.014098
v -0.007687 -0.004166 -0.014098
v -0.008167 -0.002216 -0.017068
v -0.006547 -0.001876 -0.016838
v -0.006717 -0.002716 -0.019128
v -0.007047 -0.003356 -0.019818
v -0.007187 -0.003956 -0.019118
v -0.007297 -0.004416 -0.016938
v -0.008397 -0.003216 -0.017108
v -0.002437 -0.008826 -0.014098
v -0.001467 -0.008526 -0.014098
v -0.001857 -0.008326 -0.009838
v -0.002757 -0.008486 -0.011848
v -0.001047 -0.007646 -0.011828
v -0.000837 -0.007206 -0.014098
v -0.003317 -0.008176 -0.014098
v -0.001947 -0.007076 -0.019128
v -0.001137 -0.006836 -0.016838
v -0.001327 -0.008486 -0.017068
v -0.002557 -0.007466 -0.019818
v -0.002297 -0.008796 -0.017108
v -0.003597 -0.007806 -0.016938
v -0.003147 -0.007666 -0.019118
v -0.001747 -0.010036 -0.010688
v -0.013087 -0.002956 0.000572
v -0.001597 -0.013486 0.000572
v -0.009637 -0.002796 -0.010688
v -0.013367 -0.003746 0.000402
v -0.002357 -0.013826 0.000402
v -0.017757 -0.012586 0.020722
v -0.016807 -0.011616 0.014442
v -0.010807 -0.018946 0.020722
v -0.009917 -0.017926 0.014442
v -0.007317 -0.015856 0.004172
v -0.014977 -0.008836 0.004172
v -0.002407 -0.013996 0.000592
v -0.013557 -0.003786 0.000592
v -0.016657 -0.007166 0.021752
v -0.005507 -0.017376 0.021752
v -0.016377 -0.010216 0.031702
v -0.008577 -0.017366 0.031702
v -0.015677 -0.006666 0.021972
v -0.005087 -0.016366 0.021972
v -0.012617 -0.003316 0.000802
v -0.002027 -0.013016 0.000812
v 0.015593 0.031424 0.011282
v 0.016513 0.023744 0.011102
v 0.018343 0.024374 0.010442
v 0.018043 0.031644 0.010642
v 0.018553 0.024484 0.006752
v 0.016813 0.023904 0.005742
v 0.015893 0.031584 0.005922
v 0.018253 0.031754 0.006952
v 0.008953 0.023454 0.009992
v 0.012413 0.023224 0.010862
v 0.010843 0.030384 0.010982
v 0.007773 0.028824 0.010082
v 0.011103 0.030524 0.006302
v 0.012673 0.023364 0.006172
v 0.009143 0.023564 0.006592
v 0.007963 0.028934 0.006692
v 0.012713 -0.000266 0.009112
v 0.015003 0.007374 0.007432
v 0.015233 -0.000126 0.007202
v 0.012483 0.007234 0.009342
v 0.012953 -0.000346 0.012102
v 0.012733 0.007144 0.012332
v 0.015753 -0.000306 0.013572
v 0.015533 0.007184 0.013812
v 0.018283 -0.000176 0.011672
v 0.018053 0.007324 0.011902
v 0.018033 -0.000086 0.008682
v 0.017803 0.007404 0.008912
v 0.015773 -0.005176 0.009322
v 0.015433 -0.000116 0.007182
v 0.015953 -0.000306 0.013562
v 0.015923 -0.005236 0.011112
v 0.015563 -0.000316 0.013592
v 0.015383 -0.005196 0.009352
v 0.015523 -0.005246 0.011142
v 0.015033 -0.000136 0.007212
v 0.016353 -0.006866 0.015852
v 0.016253 -0.003376 0.015962
v 0.015853 -0.003386 0.015992
v 0.015963 -0.006886 0.015882
v 0.016153 -0.006796 0.013362
v 0.015753 -0.006806 0.013392
v 0.015283 -0.003036 0.004102
v 0.014883 -0.003046 0.004132
v 0.015383 -0.006526 0.003992
v 0.014993 -0.006546 0.004022
v 0.014823 -0.005226 0.009842
v 0.015573 -0.005186 0.009312
v 0.016403 -0.005176 0.009712
v 0.016473 -0.005206 0.010632
v 0.015723 -0.005236 0.011152
v 0.014903 -0.005256 0.010752
v 0.015633 -0.006616 0.006982
v 0.015233 -0.006626 0.007012
v 0.002543 -0.005976 0.024122
v -0.000357 -0.009146 0.024122
v 0.007883 -0.016696 0.024122
v 0.010813 -0.013426 0.024122
v -0.006177 0.002014 0.024122
v -0.014317 0.009594 0.024122
v -0.017327 0.006394 0.024122
v -0.009087 -0.001156 0.024122
v -0.008887 0.014254 -0.036018
v -0.003047 0.012754 -0.025568
v -0.006657 0.012494 -0.036448
v -0.006887 0.015794 -0.024838
v -0.008257 0.005754 -0.032868
v -0.014167 0.010434 -0.031748
v -0.028917 -0.002446 -0.064168
v -0.035367 -0.005536 -0.076888
v -0.037507 -0.010786 -0.074558
v -0.028757 0.001234 -0.069698
v -0.033697 -0.013816 -0.075278
v -0.029727 -0.010016 -0.077958
v -0.025107 -0.005476 -0.064888
v -0.022957 -0.003366 -0.070798
v -0.031757 -0.007186 -0.076718
v -0.035527 -0.012356 -0.074938
v -0.025747 -0.001146 -0.070268
v 0.021853 0.004504 -0.028868
v 0.019933 0.007444 -0.017958
v 0.023923 0.002604 -0.028268
v 0.023513 0.004164 -0.016918
v 0.020603 -0.003516 -0.024778
v 0.015103 0.001514 -0.026378
v 0.012863 -0.021236 -0.072388
v 0.009903 -0.019666 -0.073958
v 0.014183 -0.012236 -0.065728
v 0.019583 -0.017176 -0.064158
v 0.015153 -0.024486 -0.072428
v 0.016783 -0.014606 -0.064978
v 0.010113 -0.027636 -0.070928
v 0.015273 -0.018286 -0.059208
v 0.011733 -0.015036 -0.060238
v 0.006573 -0.024386 -0.071958
v 0.008273 -0.025946 -0.071468
v -0.007847 -0.001456 0.029982
v -0.007817 -0.000406 0.031122
v -0.006247 -0.000726 0.028352
v 0.002083 0.001024 0.033352
v 0.003663 -0.000616 0.032582
v 0.002063 0.001144 0.030432
v 0.003633 -0.001596 0.029882
v 0.003603 -0.003146 0.029822
v 0.001983 -0.003736 0.028162
v 0.002023 -0.000826 0.028282
v -0.007857 -0.004226 0.032512
v -0.007837 -0.003166 0.033662
v -0.007867 -0.003006 0.029912
v -0.007817 -0.001616 0.033732
v -0.007807 -0.000466 0.032682
v 0.003653 -0.000546 0.031032
v 0.003653 -0.001756 0.033642
v 0.003633 -0.003316 0.033572
v 0.003613 -0.004366 0.032422
v 0.003603 -0.004296 0.030872
v -0.007867 -0.004156 0.030962
v -0.006287 -0.005786 0.030202
v -0.006267 -0.005916 0.033112
v -0.006227 -0.003946 0.035262
v -0.006187 -0.001026 0.035392
v -0.006177 0.001124 0.033422
v -0.006197 0.001254 0.030502
v 0.002073 -0.001126 0.035322
v 0.001993 -0.006016 0.033042
v 0.001973 -0.005886 0.030132
v 0.002033 -0.004046 0.035192
v -0.006277 -0.003636 0.028222
v 0.002633 -0.003246 0.032412
v 0.005083 -0.014086 0.042302
v 0.003503 -0.003316 0.033622
v -0.010437 -0.013896 0.042422
v -0.008577 -0.003746 0.033092
v -0.007727 -0.004336 0.032442
v -0.009927 -0.014256 0.042042
v -0.007707 -0.003126 0.032502
v -0.007707 -0.003176 0.033722
v -0.006847 -0.003136 0.032492
v -0.009407 -0.013906 0.042422
v -0.009917 -0.013556 0.042802
v 0.003483 -0.004476 0.032352
v 0.003493 -0.003256 0.032412
v 0.004353 -0.003906 0.032982
v 0.005603 -0.013746 0.042682
v 0.006113 -0.014096 0.042292
v 0.005593 -0.014446 0.041912
v 0.005633 0.003884 0.009042
v 0.004953 0.004074 0.013092
v 0.005323 0.001854 0.013092
v 0.005503 0.001334 0.008572
v 0.003803 0.005124 0.013092
v 0.003553 0.005794 0.009042
v -0.000087 0.004694 0.013092
v 0.001553 0.005304 0.013092
v 0.001023 0.005444 0.008572
v 0.003463 -0.002606 0.007352
v 0.005303 0.001074 0.006242
v -0.002727 0.003064 0.007352
v 0.000783 0.005214 0.006242
v 0.000343 0.004734 0.003132
v 0.003283 0.005604 0.005922
v 0.002863 0.004594 0.001222
v 0.001753 0.001734 -0.004948
v -0.001027 0.002744 -0.004948
v 0.004503 0.003094 0.001222
v 0.004853 0.000594 0.003132
v 0.005473 0.003604 0.005922
v 0.002993 -0.000946 -0.004948
v 0.004863 0.000164 0.013092
v -0.002347 0.002324 -0.004948
v 0.002693 -0.002296 -0.004948
v -0.003137 -0.011556 -0.010928
v -0.013127 -0.002996 0.000592
v -0.001637 -0.013526 0.000592
v -0.011027 -0.004316 -0.010928
v -0.013417 -0.003806 0.000562
v -0.002407 -0.013886 0.000562
v -0.011297 -0.011316 0.025002
v -0.005087 -0.015416 0.019072
v -0.018387 -0.004896 0.026892
v -0.018877 -0.005436 0.029542
v -0.018607 -0.005126 0.026832
v -0.017827 -0.004276 0.022242
v -0.018267 -0.004746 0.023562
v -0.019527 -0.003346 0.024562
v -0.020037 -0.003626 0.025662
v -0.002617 -0.012716 0.001782
v -0.003557 -0.013726 0.004882
v -0.018877 -0.005436 0.029542
v -0.020067 -0.004496 0.030202
v -0.019617 -0.003176 0.025782
v -0.017787 -0.004246 0.023692
v -0.002617 -0.012736 0.005172
v -0.005117 -0.015456 0.019072
v -0.018387 -0.004896 0.026892
v -0.018607 -0.005126 0.026832
v -0.010117 -0.012416 0.025002
v -0.014787 -0.006636 0.019052
v -0.003317 -0.019166 0.026822
v -0.003607 -0.019476 0.029542
v -0.003117 -0.018936 0.026892
v -0.002547 -0.018326 0.022232
v -0.002517 -0.018286 0.023702
v -0.001477 -0.019936 0.024552
v -0.001297 -0.020006 0.025782
v -0.012257 -0.003876 0.001782
v -0.012277 -0.003886 0.005182
v -0.003607 -0.019476 0.029542
v -0.002577 -0.020576 0.030192
v -0.001707 -0.020476 0.025642
v -0.002977 -0.018806 0.023532
v -0.013177 -0.004906 0.004882
v -0.014767 -0.006606 0.019072
v -0.003317 -0.019166 0.026822
v -0.003117 -0.018936 0.026892
v -0.017557 0.001704 0.023412
v -0.009717 -0.004856 0.023702
v -0.017637 0.001794 0.024562
v -0.016597 0.002784 0.023422
v -0.016687 0.002864 0.024562
v -0.009237 -0.004296 0.023682
v -0.019157 0.004394 0.022842
v -0.006347 -0.007296 0.011392
v -0.008597 -0.004876 0.011542
v -0.006337 -0.007316 0.013012
v -0.007717 -0.005786 -0.020668
v -0.008147 -0.006256 -0.020668
v -0.009117 -0.005436 0.011542
v -0.009417 -0.005186 0.014872
v -0.008897 -0.004586 0.014872
v -0.013407 -0.001746 -0.020488
v -0.012567 -0.002496 -0.020588
v -0.011907 -0.001776 -0.020588
v -0.012057 -0.002126 -0.021828
v -0.007737 -0.006046 -0.022308
v -0.006677 -0.007006 -0.022428
v -0.006667 -0.007026 -0.020698
v -0.013937 -0.000406 -0.020508
v -0.012727 -0.001026 -0.020498
v -0.013057 -0.001206 -0.021718
v -0.008137 -0.006256 -0.020728
v -0.006347 -0.007306 0.011342
v -0.009107 -0.005446 0.011482
v -0.006657 -0.007026 -0.020748
v -0.007707 -0.005786 -0.020728
v -0.008597 -0.004876 0.011482
v 0.003333 -0.017296 0.023612
v 0.004323 -0.016246 0.023612
v 0.003423 -0.017366 0.024762
v -0.003377 -0.009526 0.023902
v 0.004413 -0.016326 0.024762
v -0.003697 -0.009206 0.015092
v -0.004247 -0.009776 0.015082
v -0.006637 -0.006896 0.013222
v -0.004537 -0.009496 0.011752
v -0.004017 -0.008936 0.011752
v -0.006627 -0.006906 0.011612
v 0.006153 -0.018656 0.023032
v -0.003887 -0.010056 0.023912
v -0.005447 -0.008556 -0.020458
v -0.005017 -0.008086 -0.020458
v -0.006347 -0.007146 -0.020478
v -0.006337 -0.007166 -0.022208
v -0.005287 -0.008126 -0.022098
v -0.000667 -0.011916 -0.020388
v -0.000997 -0.012086 -0.021618
v -0.001317 -0.012636 -0.020388
v -0.000507 -0.013406 -0.020288
v 0.000153 -0.012666 -0.020288
v 0.000873 -0.013816 -0.020308
v 0.000003 -0.013006 -0.021508
v -0.000667 -0.011916 -0.020388
v 0.000163 -0.012656 -0.020288
v -0.006627 -0.006906 0.011552
v -0.005027 -0.008086 -0.020508
v -0.006357 -0.007146 -0.020528
v -0.004017 -0.008926 0.011702
v -0.004537 -0.009496 0.011702
v -0.005457 -0.008556 -0.020508
vn -0.8225 -0.5528 -0.1336
vn -0.7905 -0.5777 -0.2035
vn -0.8380 -0.5324 -0.1193
vn -0.6582 -0.7185 -0.2250
vn -0.6582 -0.7184 -0.2250
vn -0.6580 -0.7185 -0.2252
vn -0.9878 -0.1262 -0.0910
vn -0.9863 -0.1402 -0.0865
vn -0.9797 -0.1871 -0.0715
vn -0.9771 -0.2020 -0.0668
vn -0.8234 -0.2973 -0.4833
vn -0.7801 0.1052 -0.6167
vn -0.8265 -0.2408 -0.5089
vn -0.7485 0.1998 -0.6323
vn -0.2106 -0.2301 -0.9501
vn -0.2105 -0.2298 -0.9502
vn -0.2107 -0.2301 -0.9501
vn -0.2104 -0.2297 -0.9502
vn -0.4570 -0.8814 -0.1192
vn -0.4321 -0.8985 -0.0778
vn -0.4145 -0.9043 -0.1022
vn -0.4787 -0.8678 -0.1335
vn -0.5060 -0.8382 -0.2034
vn -0.1004 -0.9924 -0.0714
vn -0.0531 -0.9948 -0.0864
vn -0.0390 -0.9951 -0.0909
vn -0.1151 -0.9911 -0.0668
vn -0.1672 -0.8444 -0.5089
vn 0.1736 -0.7678 -0.6168
vn -0.2236 -0.8463 -0.4835
vn 0.2650 -0.7280 -0.6323
vn -0.6691 -0.7432 -0.0019
vn -0.6717 -0.7408 -0.0069
vn -0.6676 -0.7445 -0.0012
vn -0.6754 -0.7374 -0.0105
vn -0.6686 -0.7436 0.0010
vn -0.6682 -0.7440 0.0006
vn -0.6754 -0.7375 0.0027
vn -0.6729 -0.7347 -0.0858
vn -0.6752 -0.7372 0.0266
vn -0.6731 -0.7346 -0.0857
vn -0.6751 -0.7372 0.0266
vn -0.6678 -0.7292 0.1496
vn -0.6678 -0.7292 0.1493
vn -0.6754 -0.7374 0.0027
vn 0.7151 -0.6553 -0.2431
vn -0.0000 -0.0000 -1.0000
vn -0.7037 0.6449 -0.2982
vn -0.6831 -0.7303 -0.0013
vn -0.6792 -0.7339 -0.0069
vn -0.6818 -0.7316 -0.0019
vn -0.6753 -0.7374 -0.0106
vn -0.6824 -0.7310 0.0006
vn -0.6818 -0.7316 0.0011
vn 0.7037 -0.6449 -0.2981
vn 0.6729 0.7346 -0.0865
vn 0.6725 0.7350 -0.0862
vn 0.6727 0.7349 -0.0863
vn 0.6730 0.7346 -0.0863
vn 0.6749 0.7365 -0.0455
vn 0.6746 0.7367 -0.0456
vn 0.6747 0.7367 -0.0455
vn 0.6746 0.7368 -0.0455
vn 0.9256 0.3702 -0.0787
vn 0.9736 0.2018 -0.1068
vn 0.9673 0.2345 -0.0969
vn 0.9186 0.3881 -0.0744
vn 0.9162 0.3876 -0.1023
vn 0.6753 0.7376 -0.0001
vn 0.6753 0.7375 -0.0000
vn 0.6753 0.7376 -0.0000
vn 0.6729 0.7347 -0.0863
vn 0.6732 0.7344 -0.0862
vn 0.6747 0.7367 -0.0456
vn 0.6747 0.7367 -0.0454
vn 0.6749 0.7365 -0.0459
vn 0.6750 0.7364 -0.0458
vn 0.1489 0.9841 -0.0970
vn 0.1157 0.9875 -0.1069
vn 0.2875 0.9545 -0.0789
vn 0.3059 0.9491 -0.0746
vn 0.3056 0.9466 -0.1024
vn -0.6825 -0.7309 0.0005
vn -0.7151 0.6553 -0.2432
vn -0.7151 0.6553 -0.2431
vn 0.7152 -0.6553 -0.2431
vn 0.7324 -0.6711 -0.1152
vn 0.7317 -0.6705 -0.1224
vn 0.7376 -0.6753 -0.0002
vn 0.7376 -0.6752 0.0001
vn -0.7317 0.6705 -0.1226
vn -0.7323 0.6711 -0.1154
vn -0.7375 0.6754 -0.0003
vn -0.7376 0.6753 -0.0003
vn 0.6754 0.7374 0.0001
vn 0.6754 0.7374 0.0002
vn 0.6754 0.7375 0.0002
vn -0.0001 -0.0000 1.0000
vn -0.0000 0.0002 1.0000
vn -0.0000 -0.0000 1.0000
vn -0.0002 0.0001 1.0000
vn 0.6032 -0.5584 -0.5695
vn 0.6033 -0.5652 -0.5626
vn 0.6033 -0.5610 -0.5669
vn 0.6031 -0.5539 -0.5739
vn -0.6104 0.5508 -0.5692
vn -0.6103 0.5576 -0.5627
vn -0.6104 0.5533 -0.5668
vn -0.6105 0.5466 -0.5732
vn -0.8571 -0.5092 -0.0778
vn -0.0000 0.0001 1.0000
vn 0.3773 -0.9210 0.0968
vn 0.4259 -0.8976 0.1132
vn 0.3507 -0.9324 0.0879
vn 0.4454 -0.8873 0.1197
vn 0.4260 -0.8976 0.1132
vn -0.9688 0.2323 0.0861
vn -0.9407 0.3192 0.1146
vn -0.9599 0.2632 0.0962
vn -0.9317 0.3421 0.1221
vn -0.2885 -0.3149 0.9042
vn -0.2886 -0.3150 0.9041
vn -0.2885 -0.3148 0.9043
vn -0.2886 -0.3152 0.9041
vn 0.6754 0.7374 -0.0001
vn 0.6753 0.7375 -0.0001
vn 0.6754 0.7374 -0.0000
vn 0.6754 0.7375 -0.0001
vn -0.6692 -0.7306 0.1359
vn -0.6691 -0.7307 0.1355
vn -0.6692 -0.7306 0.1355
vn -0.6691 -0.7307 0.1354
vn -0.9596 0.2672 0.0876
vn -0.9315 0.3457 0.1131
vn -0.9506 0.2949 0.0966
vn -0.9229 0.3661 0.1196
vn 0.3463 -0.9332 0.0962
vn 0.4005 -0.9091 0.1147
vn 0.3163 -0.9447 0.0861
vn 0.4225 -0.8981 0.1222
vn 0.3464 -0.9331 0.0963
vn -0.2882 -0.3148 0.9044
vn -0.2886 -0.3149 0.9042
vn -0.2888 -0.3150 0.9041
vn 0.6754 0.7375 -0.0000
vn 0.6755 0.7373 0.0002
vn 0.6752 0.7376 -0.0002
vn -0.6693 -0.7306 0.1354
vn -0.6692 -0.7307 0.1354
vn -0.8645 -0.4921 -0.1023
vn -0.9358 0.3046 -0.1777
vn -0.9582 0.1856 -0.2178
vn -0.9822 -0.0566 -0.1793
vn -0.9684 -0.1233 -0.2166
vn -0.9540 0.1649 -0.2503
vn -0.9428 -0.2140 -0.2557
vn -0.8557 -0.4868 -0.1753
vn -0.8560 -0.4761 -0.2014
vn -0.6639 -0.7250 -0.1836
vn -0.6591 -0.7200 -0.2170
vn -0.8910 -0.3928 -0.2277
vn -0.6541 -0.7151 -0.2467
vn -0.9357 0.3047 -0.1776
vn -0.8395 0.5047 -0.2013
vn -0.8291 0.5372 -0.1551
vn -0.8525 0.4758 -0.2167
vn 0.0296 -0.9834 -0.1792
vn 0.3233 -0.9235 -0.2062
vn 0.3350 -0.9266 -0.1710
vn -0.0382 -0.9755 -0.2166
vn 0.3233 -0.9236 -0.2062
vn -0.1307 -0.9579 -0.2556
vn 0.1800 -0.9497 -0.2562
vn -0.3988 -0.8947 -0.2012
vn -0.4102 -0.8950 -0.1754
vn -0.3121 -0.9224 -0.2277
vn 0.5758 -0.7963 -0.1856
vn 0.5823 -0.7974 -0.1585
vn 0.5823 -0.7973 -0.1585
vn 0.1801 -0.9497 -0.2562
vn 0.5586 -0.7966 -0.2310
vn 0.0002 -0.0000 -1.0000
vn 0.3514 0.4675 0.8111
vn 0.3511 0.4673 0.8114
vn 0.3513 0.4674 0.8113
vn -0.3512 -0.4672 -0.8114
vn -0.3513 -0.4672 -0.8114
vn -0.3512 -0.4673 -0.8114
vn -0.3513 -0.4673 -0.8113
vn -0.3511 -0.4673 -0.8114
vn 0.3509 0.4672 0.8115
vn 0.9020 -0.4012 -0.1594
vn 0.9021 -0.4011 -0.1594
vn -0.8070 0.5905 0.0092
vn -0.8070 0.5904 0.0091
vn -0.8070 0.5905 0.0091
vn -0.8071 0.5904 0.0093
vn 0.5770 -0.7905 0.2055
vn 0.5772 -0.7903 0.2055
vn 0.5771 -0.7904 0.2055
vn 0.5773 -0.7902 0.2056
vn -0.6075 -0.5456 0.5773
vn -0.6074 -0.5456 0.5773
vn -0.6076 -0.5456 0.5772
vn 0.4314 0.6884 -0.5831
vn 0.4316 0.6883 -0.5830
vn 0.2107 0.3322 0.9194
vn 0.2107 0.3323 0.9194
vn 0.2106 0.3323 0.9194
vn 0.2104 0.3319 0.9195
vn 0.5715 0.5377 0.6199
vn 0.5717 0.5377 0.6197
vn 0.5716 0.5377 0.6197
vn 0.5718 0.5377 0.6196
vn -0.2106 -0.3322 -0.9194
vn 0.2055 -0.0396 -0.9779
vn 0.2054 -0.0398 -0.9779
vn 0.2054 -0.0397 -0.9779
vn 0.2053 -0.0398 -0.9779
vn 0.2052 -0.0399 -0.9779
vn -0.5826 0.7978 -0.1550
vn -0.5827 0.7978 -0.1551
vn -0.0721 0.9433 -0.3242
vn -0.0725 0.9432 -0.3242
vn -0.0724 0.9432 -0.3242
vn -0.0723 0.9432 -0.3242
vn -0.0727 0.9432 -0.3243
vn 0.5826 -0.7978 0.1550
vn 0.9122 -0.4049 -0.0628
vn 0.9122 -0.4050 -0.0627
vn 0.4078 0.4517 0.7935
vn 0.4075 0.4517 0.7937
vn 0.4077 0.4517 0.7936
vn 0.4074 0.4516 0.7938
vn -0.2105 -0.3323 -0.9194
vn -0.2105 -0.3324 -0.9194
vn -0.2105 -0.3324 -0.9193
vn 0.0012 -0.1897 -0.9818
vn 0.0009 -0.1900 -0.9818
vn 0.0011 -0.1898 -0.9818
vn 0.0009 -0.1901 -0.9818
vn -0.5827 0.7978 -0.1548
vn -0.5826 0.7978 -0.1551
vn 0.0926 0.9294 -0.3572
vn 0.0923 0.9294 -0.3573
vn 0.0925 0.9294 -0.3572
vn 0.0922 0.9294 -0.3573
vn 0.5826 -0.7978 0.1551
vn 0.5825 -0.7979 0.1551
vn 0.5825 -0.7979 0.1550
vn 0.5823 -0.7980 0.1550
vn 0.9581 -0.2567 -0.1268
vn 0.1984 -0.5809 -0.7894
vn 0.1991 -0.5809 -0.7892
vn 0.1991 -0.5809 -0.7893
vn 0.1987 -0.5809 -0.7893
vn 0.0691 0.6856 0.7247
vn 0.0692 0.6856 0.7247
vn 0.0690 0.6855 0.7248
vn -0.0703 0.6382 0.7667
vn -0.0707 0.6384 0.7664
vn -0.0705 0.6384 0.7665
vn -0.0706 0.6384 0.7665
vn -0.0706 0.6384 0.7664
vn 0.0703 -0.6383 -0.7666
vn 0.0705 -0.6382 -0.7666
vn 0.0708 -0.6386 -0.7663
vn 0.0706 -0.6385 -0.7664
vn 0.0705 -0.6383 -0.7665
vn -0.4116 0.6813 -0.6053
vn -0.4116 0.6813 -0.6054
vn -0.4116 0.6814 -0.6052
vn 0.1408 0.7671 -0.6259
vn 0.1408 0.7672 -0.6258
vn 0.3458 -0.7054 0.6187
vn -0.4381 -0.7101 0.5511
vn -0.4381 -0.7102 0.5511
vn -0.4383 -0.7100 0.5512
vn -0.4383 -0.7101 0.5510
vn -0.9086 -0.3582 0.2146
vn -0.9086 -0.3583 0.2146
vn 0.4791 -0.6523 0.5873
vn 0.4791 -0.6524 0.5873
vn 0.4789 -0.6524 0.5873
vn 0.3395 -0.7071 0.6203
vn 0.3394 -0.7072 0.6202
vn 0.3393 -0.7075 0.6199
vn 0.9086 0.3582 -0.2146
vn 0.9086 0.3580 -0.2150
vn 0.9086 0.3582 -0.2147
vn 0.9085 0.3585 -0.2147
vn -0.9443 0.2049 -0.2576
vn -0.9442 0.2050 -0.2576
vn -0.9443 0.2047 -0.2575
vn -0.9444 0.2045 -0.2575
vn -0.5601 -0.7130 -0.4218
vn -0.5602 -0.7130 -0.4217
vn -0.5601 -0.7130 -0.4219
vn -0.5600 -0.7130 -0.4220
vn -0.3818 -0.7273 0.5704
vn -0.3817 -0.7273 0.5704
vn -0.3815 -0.7273 0.5705
vn -0.3814 -0.7273 0.5706
vn -0.7002 0.1886 0.6886
vn -0.7000 0.1887 0.6887
vn -0.7001 0.1886 0.6886
vn -0.7000 0.1888 0.6888
vn 0.2121 -0.7414 0.6367
vn 0.2121 -0.7413 0.6367
vn 0.2119 -0.7413 0.6368
vn -0.0704 0.6383 0.7666
vn 0.0704 -0.6383 -0.7665
vn -0.7601 -0.4755 -0.4428
vn -0.7601 -0.4757 -0.4426
vn -0.7601 -0.4757 -0.4427
vn 0.7603 0.4757 0.4424
vn 0.7601 0.4757 0.4426
vn 0.7602 0.4758 0.4424
vn 0.7601 0.4757 0.4427
vn 0.7601 0.4758 0.4425
vn -0.7602 -0.4757 -0.4426
vn -0.7599 -0.4761 -0.4426
vn -0.5779 0.8064 0.1257
vn -0.5779 0.8063 0.1258
vn -0.5780 0.8063 0.1259
vn 0.6349 -0.6887 -0.3502
vn 0.6349 -0.6886 -0.3502
vn 0.6349 -0.6886 -0.3503
vn -0.6414 0.4405 0.6282
vn -0.6414 0.4408 0.6279
vn -0.6415 0.4405 0.6281
vn -0.6413 0.4408 0.6281
vn -0.0260 -0.6583 0.7523
vn -0.0263 -0.6584 0.7522
vn -0.0260 -0.6582 0.7524
vn 0.1717 0.5099 -0.8429
vn 0.1715 0.5100 -0.8429
vn -0.7601 -0.4756 -0.4427
vn -0.7601 -0.4756 -0.4428
vn -0.6422 -0.0923 -0.7610
vn -0.6422 -0.0921 -0.7610
vn -0.6422 -0.0922 -0.7610
vn -0.6422 -0.0920 -0.7610
vn 0.7602 0.4756 0.4426
vn 0.7604 0.4755 0.4424
vn 0.7602 0.4757 0.4426
vn 0.7601 0.4759 0.4424
vn 0.6788 0.7343 0.0082
vn 0.6788 0.7342 0.0085
vn 0.6788 0.7342 0.0084
vn 0.6788 0.7343 0.0083
vn 0.6788 0.7342 0.0086
vn 0.6487 -0.5943 -0.4755
vn 0.5676 -0.1550 -0.8086
vn 0.5678 -0.1553 -0.8084
vn 0.5678 -0.1552 -0.8084
vn 0.5677 -0.1552 -0.8085
vn 0.5680 -0.1554 -0.8082
vn -0.6487 0.5943 0.4754
vn -0.6487 0.5942 0.4755
vn -0.5282 0.8491 -0.0051
vn -0.5282 0.8491 -0.0050
vn -0.5283 0.8491 -0.0050
vn -0.7602 -0.4756 -0.4426
vn -0.7244 -0.2903 -0.6253
vn -0.7244 -0.2907 -0.6251
vn -0.7243 -0.2904 -0.6253
vn -0.7244 -0.2908 -0.6251
vn 0.7435 0.6282 0.2292
vn 0.7435 0.6281 0.2297
vn 0.7436 0.6281 0.2292
vn 0.7435 0.6280 0.2297
vn 0.6487 -0.5943 -0.4754
vn 0.6488 -0.5942 -0.4754
vn 0.6488 -0.5941 -0.4754
vn 0.5067 -0.0072 -0.8621
vn 0.5071 -0.0076 -0.8619
vn 0.5068 -0.0073 -0.8620
vn 0.5069 -0.0074 -0.8620
vn -0.6489 0.5941 0.4754
vn -0.6488 0.5941 0.4756
vn -0.6487 0.5940 0.4758
vn -0.4575 0.8756 -0.1551
vn -0.4575 0.8756 -0.1550
vn -0.9920 0.1094 0.0624
vn -0.9920 0.1095 0.0624
vn -0.9920 0.1095 0.0623
vn -0.9921 0.1093 0.0623
vn 0.9798 0.1847 -0.0762
vn 0.9799 0.1845 -0.0762
vn 0.9798 0.1847 -0.0763
vn 0.9970 0.0326 -0.0698
vn 0.9970 0.0330 -0.0698
vn 0.9970 0.0327 -0.0698
vn 0.9970 0.0327 -0.0700
vn 0.9970 0.0326 -0.0700
vn 0.9970 0.0326 -0.0699
vn -0.9970 -0.0326 0.0698
vn -0.9971 -0.0325 0.0695
vn -0.9971 -0.0325 0.0694
vn -0.9970 -0.0326 0.0699
vn -0.9970 -0.0326 0.0701
vn -0.9970 -0.0326 0.0700
vn -0.0682 -0.0495 -0.9964
vn -0.0683 -0.0495 -0.9964
vn -0.0768 0.4944 -0.8658
vn -0.0769 0.4945 -0.8658
vn 0.0707 -0.0217 0.9973
vn 0.0705 -0.0217 0.9973
vn 0.0706 -0.0217 0.9973
vn 0.0704 -0.0217 0.9973
vn 0.0711 -0.7382 0.6708
vn 0.0711 -0.7381 0.6709
vn 0.0711 -0.7381 0.6710
vn 0.0359 -0.9982 0.0471
vn 0.0653 0.1247 0.9900
vn 0.0651 0.1249 0.9900
vn 0.0652 0.1247 0.9900
vn 0.0708 -0.0286 0.9971
vn 0.0709 -0.0285 0.9971
vn -0.0359 0.9982 -0.0471
vn -0.0357 0.9983 -0.0467
vn -0.0358 0.9982 -0.0471
vn -0.0205 -0.7621 -0.6471
vn -0.0204 -0.7618 -0.6475
vn -0.0202 -0.7619 -0.6474
vn -0.0206 -0.7621 -0.6471
vn -0.7126 -0.6966 0.0832
vn -0.7124 -0.6968 0.0833
vn -0.7127 -0.6965 0.0832
vn 0.0729 -0.6945 0.7157
vn 0.0728 -0.6947 0.7156
vn 0.0728 -0.6948 0.7155
vn 0.0730 -0.6944 0.7159
vn 0.7213 -0.6924 -0.0149
vn 0.7214 -0.6923 -0.0149
vn 0.7213 -0.6925 -0.0149
vn 0.7215 -0.6922 -0.0148
vn 0.0741 -0.1608 0.9842
vn 0.0742 -0.1607 0.9842
vn -0.9970 -0.0328 0.0698
vn -0.9411 0.3353 0.0450
vn -0.9844 0.1632 0.0663
vn -0.9904 0.1243 0.0601
vn -0.9622 0.2705 0.0328
vn 0.9855 0.1352 -0.1021
vn 0.9810 0.1721 -0.0891
vn 0.8920 0.4392 -0.1073
vn 0.9202 0.3710 -0.1253
vn -0.9869 -0.1415 0.0768
vn -0.9906 -0.1127 0.0780
vn -0.9705 -0.2297 0.0731
vn -0.9705 -0.2298 0.0729
vn 0.9859 -0.1442 -0.0850
vn 0.9885 -0.1291 -0.0790
vn 0.9884 -0.1262 -0.0847
vn 0.9860 -0.1437 -0.0851
vn 0.0794 0.0372 0.9961
vn 0.0767 0.1067 0.9913
vn 0.0795 0.0326 0.9963
vn 0.0766 0.1069 0.9913
vn 0.0848 -0.1539 0.9844
vn 0.0868 -0.2789 0.9564
vn 0.0847 -0.1451 0.9858
vn 0.0868 -0.2790 0.9564
vn -0.0820 0.0356 -0.9960
vn -0.0817 0.0269 -0.9963
vn -0.0847 0.1415 -0.9863
vn -0.0846 0.1414 -0.9863
vn -0.0750 -0.1531 -0.9854
vn -0.0752 -0.1468 -0.9863
vn -0.0704 -0.2448 -0.9670
vn -0.0703 -0.2450 -0.9670
vn -0.0443 0.9886 -0.1437
vn -0.0443 0.9886 -0.1438
vn 0.8104 0.2688 0.5206
vn 0.8067 0.3118 0.5020
vn 0.7236 0.5128 0.4620
vn -0.7467 0.0801 0.6603
vn -0.7332 0.0496 0.6782
vn -0.7321 0.2173 0.6456
vn -0.7343 0.2603 0.6269
vn 0.8278 0.1012 0.5518
vn 0.8363 0.1324 0.5321
vn -0.6725 0.4654 0.5754
vn -0.0305 0.9990 0.0312
vn 0.7870 0.0429 -0.6155
vn -0.1432 0.0258 -0.9894
vn -0.0199 0.0301 -0.9993
vn 0.8564 0.0420 -0.5146
vn -0.8768 -0.0120 -0.4806
vn -0.9289 -0.0169 -0.3700
vn -0.8564 -0.0422 0.5146
vn -0.7870 -0.0435 0.6154
vn 0.0199 -0.0307 0.9993
vn 0.1431 -0.0267 0.9893
vn 0.8768 0.0116 0.4807
vn 0.9289 0.0171 0.3700
vn -0.9397 0.0773 -0.3330
vn -0.5732 0.0928 -0.8141
vn -0.5732 0.0928 -0.8142
vn -0.8675 0.0851 -0.4902
vn -0.8642 0.0517 0.5005
vn -0.7649 0.0498 0.6423
vn -0.4322 0.0394 0.9009
vn 0.8533 0.1031 0.5111
vn 0.5677 0.0724 0.8201
vn 0.5679 0.0723 0.8199
vn 0.9282 0.1107 0.3553
vn 0.8668 0.1367 -0.4795
vn 0.7698 0.1389 -0.6230
vn 0.4272 0.1257 -0.8954
vn 0.4273 0.1262 -0.8952
vn 0.8348 -0.0349 0.5494
vn -0.7316 -0.0867 0.6762
vn 0.9130 0.0645 0.4028
vn 0.9004 0.0147 0.4349
vn 0.8486 0.0423 -0.5273
vn 0.8418 0.0949 -0.5313
vn -0.0304 0.9990 0.0312
vn 0.0303 -0.9991 -0.0310
vn 0.0303 -0.9991 -0.0309
vn 0.0303 -0.9991 -0.0311
vn 0.0303 -0.9991 -0.0312
vn 0.0305 -0.9990 -0.0312
vn -0.9005 -0.0138 -0.4346
vn -0.9309 0.0356 -0.3636
vn -0.6000 0.0549 -0.7981
vn -0.6035 0.0067 -0.7973
vn -0.8487 -0.0423 0.5272
vn -0.8227 0.0068 0.5685
vn -0.4650 -0.0416 0.8843
vn -0.4519 0.0084 0.8921
vn 0.5886 0.0399 0.8075
vn 0.6037 -0.0050 0.7972
vn 0.8967 0.1197 0.4262
vn 0.7670 0.1511 -0.6236
vn 0.4659 0.0418 -0.8839
vn 0.4587 0.0921 -0.8838
vn 0.4258 0.1437 -0.8933
vn -0.8655 0.0973 -0.4914
vn -0.5725 0.1107 -0.8124
vn -0.8224 0.0629 0.5654
vn -0.4324 0.0551 0.9000
vn 0.5668 0.0881 0.8191
vn 0.0851 -0.1803 0.9799
vn 0.0537 -0.9610 0.2713
vn 0.0728 0.1889 0.9793
vn -0.0505 0.9727 -0.2265
vn -0.0509 0.9727 -0.2264
vn 0.0556 0.4901 0.8699
vn -0.9976 -0.0545 0.0427
vn -0.9914 -0.0684 0.1116
vn -0.9933 -0.0778 0.0857
vn -0.9980 -0.0479 0.0418
vn -0.9962 -0.0329 0.0806
vn -0.9970 -0.0515 0.0573
vn 0.9943 -0.0744 0.0763
vn 0.9983 -0.0178 -0.0557
vn 0.9928 0.0112 -0.1196
vn 0.9945 0.0227 -0.1022
vn 0.9962 0.0329 -0.0806
vn 0.9966 0.0133 -0.0808
vn 0.6415 -0.5565 0.5280
vn 0.6301 -0.5577 0.5403
vn 0.6225 -0.5583 0.5485
vn -0.0557 0.9785 -0.1984
vn 0.0186 0.9862 -0.1645
vn 0.0432 0.9873 -0.1530
vn 0.6269 0.7617 -0.1636
vn 0.5068 0.8532 -0.1231
vn 0.5305 0.8394 -0.1183
vn 0.7902 0.6013 -0.1183
vn 0.8061 0.5789 -0.1231
vn 0.6998 0.6954 -0.1634
vn 0.8682 0.4922 -0.0629
vn 0.6669 0.7273 -0.1624
vn 0.6668 0.7273 -0.1624
vn -0.6770 -0.7360 -0.0050
vn -0.6769 -0.7360 -0.0067
vn -0.6756 -0.7372 0.0001
vn -0.6758 -0.7371 -0.0000
vn 0.0161 0.7601 -0.6496
vn 0.0246 0.7619 -0.6473
vn 0.0420 0.7653 -0.6423
vn 0.0496 0.7667 -0.6401
vn 0.3981 0.4343 -0.8080
vn 0.3980 0.4343 -0.8081
vn 0.9804 0.0244 -0.1953
vn 0.9822 0.0853 -0.1674
vn 0.9789 0.0048 -0.2041
vn 0.9818 0.1056 -0.1580
vn 0.7587 0.1084 -0.6423
vn 0.7569 0.0907 -0.6473
vn 0.7558 0.0819 -0.6497
vn 0.7594 0.1160 -0.6401
vn 0.4146 0.9079 -0.0628
vn -0.6756 -0.7372 -0.0084
vn -0.6845 -0.7289 -0.0160
vn -0.6853 -0.7281 -0.0139
vn -0.0792 0.9747 -0.2088
vn -0.6788 -0.7340 -0.0209
vn -0.6815 -0.7305 -0.0431
vn 0.6101 -0.5593 0.5612
vn -0.6100 0.5593 0.5613
vn -0.6102 0.5795 0.5403
vn -0.6102 0.5716 0.5486
vn -0.6101 0.5908 0.5280
vn -0.7038 -0.7097 -0.0309
vn -0.6900 -0.7220 -0.0513
vn -0.8914 -0.4355 -0.1255
vn -0.8645 -0.4918 -0.1033
vn 0.7370 -0.6759 -0.0000
vn 0.7372 -0.6757 -0.0001
vn 0.7373 -0.6756 -0.0001
vn -0.9784 0.0079 -0.2066
vn -0.9760 -0.1697 -0.1363
vn -0.4287 -0.8977 -0.1021
vn -0.6594 -0.7501 -0.0512
vn -0.3610 -0.9237 -0.1285
vn -0.6458 -0.7629 -0.0304
vn -0.7373 0.6756 0.0001
vn -0.7372 0.6756 0.0001
vn -0.7370 0.6759 -0.0000
vn -0.7372 0.6757 0.0001
vn -0.7369 0.6760 -0.0000
vn -0.1098 -0.9845 -0.1366
vn -0.1098 -0.9845 -0.1367
vn -0.3610 -0.9237 -0.1284
vn 0.0914 -0.9723 -0.2151
vn -0.8603 0.5091 0.0262
vn -0.9633 0.2679 0.0184
vn -0.9478 0.3174 0.0313
vn -0.7939 0.6064 0.0451
vn -0.4947 0.8681 0.0397
vn -0.3416 0.9367 0.0769
vn -0.2134 0.9755 0.0529
vn -0.0576 0.9930 0.1031
vn -0.7884 -0.6151 0.0067
vn -0.6757 -0.7369 0.0200
vn -0.8218 -0.5691 0.0263
vn -0.6758 -0.7370 -0.0000
vn 0.3493 0.9305 0.1107
vn 0.4019 0.9074 0.1230
vn 0.6709 0.7316 0.1210
vn 0.6696 0.7309 0.1320
vn 0.3984 -0.9167 0.0312
vn 0.3505 -0.9364 0.0184
vn 0.5817 -0.8130 0.0258
vn 0.6729 -0.7384 0.0447
vn 0.9628 -0.2592 0.0768
vn 0.9078 -0.4176 0.0395
vn 0.9904 -0.1279 0.0527
vn 0.9943 0.0288 0.1030
vn 0.9628 -0.2591 0.0768
vn 0.9904 -0.1278 0.0527
vn -0.4957 -0.8681 0.0262
vn -0.6756 -0.7370 0.0200
vn -0.5445 -0.8387 0.0067
vn 0.8689 0.4795 0.1230
vn 0.8967 0.4287 0.1106
vn 0.7084 -0.6916 -0.1410
vn 0.7438 -0.6565 -0.1257
vn 0.7216 -0.6784 -0.1379
vn 0.7458 -0.6543 -0.1251
vn 0.7857 -0.6068 -0.1201
vn 0.7802 -0.6155 -0.1112
vn 0.6845 -0.7090 -0.1696
vn -0.1686 0.0728 -0.9830
vn -0.1688 0.0728 -0.9830
vn -0.1691 0.0726 -0.9829
vn -0.1686 0.0727 -0.9830
vn -0.1685 0.0728 -0.9830
vn -0.7590 0.5640 0.3254
vn -0.7292 0.6418 0.2374
vn -0.7763 0.5808 0.2450
vn -0.7198 0.6663 0.1947
vn -0.7916 0.5842 0.1789
vn -0.6468 0.7395 0.1866
vn -0.6535 0.7305 0.1985
vn 0.3264 0.3418 0.8813
vn 0.2962 0.2319 0.9265
vn 0.4433 0.4576 0.7708
vn 0.4826 0.5719 0.6634
vn 0.5413 0.6925 0.4769
vn 0.5176 0.7189 0.4640
vn 0.6701 0.7420 0.0220
vn 0.6710 0.7411 0.0238
vn 0.6689 0.7431 0.0196
vn -0.6636 -0.7440 0.0776
vn -0.6668 -0.7428 0.0594
vn -0.6645 -0.7427 0.0828
vn -0.6700 -0.7359 0.0977
vn -0.6659 -0.7394 0.0993
vn 0.6721 0.7400 0.0260
vn -0.2997 0.9491 -0.0968
vn 0.2105 0.9677 -0.1391
vn -0.6927 0.6389 -0.3346
vn -0.9781 0.1731 -0.1157
vn -0.9453 -0.2904 -0.1487
vn 0.2688 0.9598 0.0806
vn -0.2930 0.9308 0.2184
vn -0.9487 0.2400 0.2056
vn -0.9343 -0.3493 0.0706
vn -0.1716 0.8386 0.5170
vn 0.2062 0.8467 0.4904
vn -0.8541 0.0961 0.5111
vn -0.8305 -0.2797 0.4816
vn -0.5937 0.5409 0.5957
vn -0.6329 0.5775 0.5156
vn 0.6747 -0.6664 -0.3174
vn 0.7714 -0.5695 -0.2839
vn 0.6200 -0.7488 -0.2342
vn 0.8188 -0.4581 -0.3460
vn 0.8766 -0.3345 -0.3460
vn 0.8708 -0.4012 -0.2842
vn -0.8920 0.4499 0.0432
vn -0.7638 0.6455 -0.0041
vn -0.8469 0.5290 -0.0531
vn -0.6844 0.7244 -0.0824
vn -0.6226 0.7825 -0.0070
vn -0.5740 0.8138 -0.0909
vn 0.6349 -0.7709 -0.0513
vn 0.7842 -0.6180 -0.0559
vn 0.6238 -0.7747 0.1035
vn 0.6238 -0.7747 0.1034
vn 0.7857 -0.6121 0.0892
vn 0.8929 -0.4455 -0.0657
vn 0.9004 -0.4230 0.1014
vn -0.8466 0.3895 0.3626
vn -0.7610 0.6070 0.2288
vn -0.8755 0.4264 0.2275
vn -0.7273 0.5870 0.3556
vn -0.5667 0.7411 0.3600
vn -0.6204 0.7546 0.2137
vn -0.3122 -0.1702 -0.9346
vn 0.1798 0.4378 -0.8809
vn 0.3845 0.6435 -0.6619
vn -0.2969 -0.1488 -0.9432
vn -0.4371 -0.3537 -0.8269
vn -0.4371 -0.3538 -0.8269
vn 0.5979 0.7886 -0.1439
vn 0.5963 0.7883 -0.1518
vn 0.6318 0.7546 0.1771
vn 0.6318 0.7549 0.1758
vn 0.6101 0.6679 0.4263
vn 0.6103 0.6676 0.4264
vn -0.6294 -0.7715 -0.0936
vn -0.6315 -0.7610 -0.1487
vn -0.6294 -0.7711 -0.0958
vn -0.5191 -0.7518 0.4067
vn -0.5189 -0.7518 0.4069
vn -0.5887 -0.7868 0.1852
vn -0.5888 -0.7868 0.1852
vn -0.5191 -0.7517 0.4067
vn -0.5885 -0.7867 0.1862
vn -0.7246 0.6429 0.2482
vn -0.7489 0.6310 0.2023
vn -0.7440 0.6336 0.2120
vn -0.7247 0.6428 0.2483
vn 0.5829 -0.8112 0.0462
vn 0.9002 -0.3676 -0.2334
vn 0.9106 -0.3846 -0.1515
vn 0.5973 -0.7930 0.1202
vn 0.7286 -0.6819 0.0651
vn 0.3098 -0.9131 0.2649
vn -0.8329 -0.0933 0.5455
vn -0.7619 0.4842 0.4302
vn -0.8328 0.1776 0.5244
vn -0.5531 0.7990 -0.2358
vn -0.6957 0.6752 -0.2452
vn -0.9469 0.3196 -0.0356
vn -0.9739 0.0745 0.2145
vn -0.2601 0.9312 -0.2552
vn 0.9568 -0.0871 -0.2774
vn 0.8811 -0.4665 -0.0782
vn -0.5887 0.7676 0.2534
vn -0.2138 0.9753 -0.0555
vn -0.4219 0.8989 0.1182
vn 0.6124 -0.7562 -0.2305
vn 0.8342 -0.4443 -0.3267
vn 0.5685 -0.8196 -0.0707
vn 0.7743 -0.5129 -0.3708
vn 0.9038 -0.1650 -0.3950
vn -0.9271 -0.1246 0.3534
vn 0.3131 -0.9292 0.1964
vn 0.3526 -0.9322 0.0821
vn -0.2491 0.9606 -0.1230
vn -0.2437 0.9620 -0.1234
vn 0.9396 -0.1351 -0.3144
vn -0.8695 -0.1258 0.4776
vn -0.8656 -0.1259 0.4847
vn 0.9116 -0.0051 -0.4109
vn 0.9113 0.0323 -0.4104
vn 0.9117 0.0149 -0.4107
vn 0.9114 -0.0211 -0.4110
vn -0.8529 0.1292 0.5059
vn -0.9014 0.1018 0.4208
vn -0.8993 0.0969 0.4265
vn -0.9306 0.0562 0.3618
vn -0.9317 0.0423 0.3606
vn -0.3848 -0.2743 -0.8813
vn -0.3849 -0.2743 -0.8813
vn -0.3847 -0.2743 -0.8813
vn -0.3847 -0.2743 -0.8814
vn -0.0740 -0.3195 0.9447
vn 0.1873 0.0008 0.9823
vn 0.1872 0.0008 0.9823
vn -0.0789 -0.3250 0.9424
vn -0.6019 -0.7889 0.1238
vn -0.6020 -0.7888 0.1237
vn -0.6017 -0.7891 0.1236
vn -0.6021 -0.7888 0.1237
vn -0.4677 -0.7144 0.5204
vn -0.3917 -0.6498 0.6513
vn -0.4689 -0.7152 0.5183
vn -0.3949 -0.6527 0.6466
vn -0.4856 -0.7280 0.4840
vn -0.4855 -0.7282 0.4837
vn 0.5835 0.7854 -0.2066
vn 0.5381 0.7639 -0.3563
vn 0.5325 0.7604 -0.3718
vn 0.5926 0.7877 -0.1686
vn 0.5094 0.7456 -0.4296
vn 0.5097 0.7454 -0.4296
vn 0.3316 0.5938 -0.7331
vn 0.3315 0.5938 -0.7331
vn 0.3315 0.5940 -0.7330
vn 0.3318 0.5934 -0.7334
vn 0.6105 0.7883 -0.0764
vn 0.6105 0.7883 -0.0763
vn -0.7674 0.6199 0.1640
vn -0.7673 0.6200 0.1640
vn -0.6210 -0.7838 0.0066
vn -0.6209 -0.7839 0.0067
vn -0.6208 -0.7839 0.0067
vn -0.6209 -0.7838 0.0067
vn 0.0342 0.9831 0.1800
vn 0.0528 0.9941 0.0946
vn -0.6361 0.7575 0.1468
vn 0.9317 0.3623 0.0266
vn 0.9837 0.1523 -0.0961
vn 0.9237 0.3453 -0.1661
vn 0.8797 -0.4472 -0.1614
vn -0.6273 0.7686 0.1254
vn 0.0192 0.9998 0.0051
vn 0.8762 -0.4604 -0.1424
vn 0.8762 -0.4604 -0.1425
vn 0.0191 0.9998 0.0050
vn -0.3747 -0.4388 -0.8167
vn -0.4711 -0.4061 -0.7830
vn -0.4445 -0.3499 -0.8246
vn -0.5322 -0.3154 -0.7856
vn -0.2063 -0.4817 -0.8517
vn -0.4446 -0.3498 -0.8246
vn -0.5323 -0.3154 -0.7856
vn -0.6245 -0.1460 -0.7673
vn -0.7440 0.6420 -0.1851
vn -0.7343 0.6598 -0.1594
vn -0.7518 0.6291 -0.1975
vn -0.7331 0.6617 -0.1575
vn -0.7021 0.7017 -0.1212
vn -0.7118 0.6923 -0.1190
vn -0.7512 0.6160 -0.2371
vn 0.4550 0.2227 -0.8622
vn 0.4549 0.2225 -0.8623
vn 0.4550 0.2228 -0.8622
vn 0.4551 0.2228 -0.8621
vn 0.6321 -0.7429 0.2202
vn 0.6780 -0.6900 0.2534
vn 0.5843 -0.7590 0.2872
vn 0.6624 -0.7318 0.1603
vn 0.7128 -0.6626 0.2300
vn 0.7525 -0.5960 0.2801
vn 0.7633 -0.5844 0.2755
vn 0.0287 0.1677 0.9854
vn -0.1929 -0.0510 0.9799
vn -0.0853 0.0060 0.9963
vn 0.1598 0.2568 0.9532
vn 0.3195 0.3943 0.8617
vn 0.3544 0.3800 0.8544
vn 0.4944 0.6890 0.5300
vn 0.4906 0.6894 0.5330
vn 0.4927 0.6891 0.5314
vn -0.5314 -0.7237 -0.4404
vn -0.5227 -0.7171 -0.4611
vn -0.5310 -0.7211 -0.4451
vn -0.5338 -0.7309 -0.4253
vn -0.5292 -0.7335 -0.4264
vn -0.5226 -0.7171 -0.4612
vn 0.4888 0.6894 0.5345
vn 0.8682 -0.4414 -0.2268
vn 0.8682 0.3518 0.3501
vn 0.9648 -0.1355 0.2252
vn 0.4429 -0.8374 -0.3205
vn 0.0286 -0.8454 -0.5333
vn 0.7689 0.3219 0.5525
vn 0.8354 -0.2500 0.4895
vn 0.3824 -0.9240 -0.0084
vn -0.1046 -0.9244 -0.3669
vn 0.6163 -0.2608 0.7431
vn 0.5380 0.0977 0.8373
vn 0.1210 -0.9677 0.2214
vn -0.2132 -0.9759 0.0456
vn 0.4265 -0.7113 0.5587
vn 0.4976 -0.7132 0.4937
vn -0.7400 0.5426 -0.3974
vn -0.6231 0.7248 -0.2939
vn -0.6550 0.6399 -0.4019
vn -0.5206 0.8105 -0.2683
vn -0.5184 0.8374 -0.1733
vn -0.4384 0.8797 -0.1843
vn 0.7614 -0.6481 -0.0158
vn 0.8076 -0.5792 0.1107
vn 0.6702 -0.7422 0.0036
vn 0.8788 -0.4628 0.1159
vn 0.9177 -0.3483 0.1910
vn 0.8728 -0.4330 0.2253
vn -0.9083 0.3925 -0.1449
vn -0.7661 0.6279 -0.1370
vn -0.8424 0.4715 -0.2611
vn -0.8243 0.5658 -0.0194
vn -0.7131 0.6895 0.1270
vn -0.6571 0.7536 -0.0187
vn -0.7130 0.6895 0.1270
vn 0.5654 -0.8127 0.1409
vn 0.6743 -0.6857 0.2740
vn 0.4663 -0.8525 0.2361
vn 0.5910 -0.7152 0.3732
vn 0.7537 -0.5331 0.3843
vn 0.6605 -0.5524 0.5085
vn 0.6837 0.7275 -0.0569
vn 0.6796 0.6136 -0.4021
vn 0.3716 0.1134 -0.9214
vn 0.3877 0.1339 -0.9120
vn 0.2170 -0.0716 -0.9735
vn 0.2171 -0.0716 -0.9735
vn 0.5093 0.7099 0.4865
vn 0.5055 0.7078 0.4934
vn 0.1552 0.4482 0.8804
vn 0.3280 0.5912 0.7368
vn 0.3271 0.5906 0.7377
vn 0.1550 0.4480 0.8805
vn 0.3270 0.5906 0.7377
vn -0.3447 -0.6038 -0.7188
vn -0.3446 -0.6038 -0.7188
vn -0.3779 -0.6279 -0.6804
vn -0.3767 -0.6269 -0.6820
vn -0.5251 -0.7178 -0.4572
vn -0.6162 -0.7491 -0.2431
vn -0.6162 -0.7492 -0.2428
vn -0.5256 -0.7181 -0.4563
vn 0.7249 -0.6304 0.2777
vn 0.7246 -0.6351 0.2676
vn 0.7255 -0.6118 0.3153
vn 0.7255 -0.6118 0.3152
vn -0.5218 0.8348 -0.1755
vn -0.4920 0.8326 -0.2544
vn -0.9036 0.4250 -0.0539
vn -0.8988 0.4379 0.0224
vn -0.9824 0.1254 0.1381
vn -0.8073 0.5900 -0.0113
vn 0.2544 -0.8177 0.5163
vn 0.5527 -0.6878 0.4707
vn -0.0121 -0.8674 0.4974
vn 0.4912 -0.8708 -0.0202
vn 0.8197 -0.5480 -0.1667
vn 0.9125 -0.3864 -0.1343
vn 0.2231 -0.9561 0.1902
vn 0.9895 -0.0739 -0.1242
vn -0.6062 0.7868 -0.1161
vn -0.2233 0.9409 -0.2546
vn 0.9363 -0.2611 0.2348
vn 0.9961 -0.0328 0.0815
vn 0.8207 -0.4566 0.3434
vn -0.8929 0.4165 -0.1713
vn -0.5415 0.7596 -0.3601
vn -0.8173 0.4804 -0.3183
vn -0.5911 0.6912 -0.4157
vn -0.2734 0.8819 -0.3841
vn 0.0014 -0.9540 0.2997
vn -0.9892 0.1298 0.0682
vn -0.9836 0.1751 -0.0441
vn 0.9981 -0.0603 0.0113
vn 0.9978 -0.0659 0.0113
vn -0.2619 0.9177 -0.2989
vn -0.0273 -0.9051 0.4243
vn -0.0292 -0.9017 0.4314
vn -0.0977 0.9227 -0.3730
vn -0.0806 0.9255 -0.3701
vn -0.1170 0.9191 -0.3762
vn -0.1324 0.9161 -0.3785
vn 0.2019 -0.8915 0.4055
vn 0.2078 -0.8924 0.4005
vn 0.2134 -0.8451 0.4902
vn 0.1770 -0.9256 0.3344
vn 0.1640 -0.9292 0.3313
vn -0.0740 -0.3739 -0.9245
vn -0.0736 -0.3737 -0.9246
vn -0.0737 -0.3738 -0.9246
vn -0.0737 -0.3740 -0.9245
vn -0.1697 0.1249 0.9775
vn -0.1697 0.1248 0.9776
vn -0.4278 -0.1864 0.8844
vn -0.4321 -0.1921 0.8811
vn -0.6729 -0.7396 -0.0142
vn -0.6731 -0.7394 -0.0142
vn -0.6730 -0.7395 -0.0140
vn -0.6731 -0.7394 -0.0141
vn -0.6808 -0.6191 0.3914
vn -0.6499 -0.5398 0.5350
vn -0.6805 -0.6180 0.3936
vn -0.6514 -0.5431 0.5298
vn -0.6854 -0.6359 0.3547
vn 0.6928 0.6809 -0.2376
vn 0.6929 0.6861 -0.2217
vn 0.6847 0.7256 -0.0690
vn 0.6800 0.7326 -0.0308
vn 0.6905 0.6592 -0.2978
vn 0.6904 0.6593 -0.2978
vn 0.6176 0.4757 -0.6263
vn 0.6176 0.4758 -0.6263
vn 0.6177 0.4757 -0.6263
vn 0.6177 0.4756 -0.6262
vn 0.6645 0.7448 0.0610
vn 0.6645 0.7448 0.0609
vn 0.7224 -0.6530 0.2275
vn 0.7225 -0.6529 0.2274
vn -0.6507 -0.7494 -0.1225
vn -0.6505 -0.7496 -0.1227
vn -0.6506 -0.7494 -0.1225
vn -0.6509 -0.7492 -0.1225
vn 0.8346 -0.4989 0.2336
vn 0.9459 0.2229 0.2357
vn 0.9272 0.1979 0.3181
vn -0.0188 0.9988 -0.0446
vn 0.1789 0.9783 0.1049
vn -0.5750 0.7940 -0.1970
vn 0.1895 0.9779 -0.0884
vn 0.9696 0.1957 0.1470
vn 0.8466 -0.4872 0.2143
vn -0.5897 0.7872 -0.1803
vn -0.1491 -0.4539 -0.8785
vn -0.2045 -0.4922 -0.8461
vn -0.2496 -0.4014 -0.8812
vn -0.1047 -0.5360 -0.8377
vn -0.1491 -0.4538 -0.8786
vn -0.2496 -0.4014 -0.8813
vn -0.3174 -0.2416 -0.9170
vn 0.0749 -0.5978 -0.7982
vn 0.0114 0.9961 -0.0874
vn 0.0114 0.9962 -0.0864
vn 0.0114 0.9961 -0.0872
vn 0.0114 0.9961 -0.0876
vn 0.0113 0.9961 -0.0878
vn -0.9824 0.1093 -0.1513
vn -0.9964 0.0706 -0.0461
vn -0.9967 0.0812 -0.0043
vn 0.4379 0.7860 -0.4365
vn 0.2823 0.9449 -0.1654
vn 0.5160 0.6143 -0.5970
vn 0.5332 0.5558 -0.6378
vn -0.0079 -0.4415 -0.8972
vn 0.0114 0.9991 -0.0406
vn 0.0115 0.9991 -0.0407
vn -0.8376 0.5463 0.0065
vn 0.8500 0.5267 0.0015
vn 0.0015 0.3666 -0.9304
vn 0.0035 0.5135 -0.8581
vn 0.4138 0.2438 -0.8771
vn -0.4133 0.2531 -0.8747
vn 0.7898 0.4009 0.4642
vn 0.8226 0.4625 0.3308
vn 0.8057 0.4277 0.4098
vn 0.7443 0.3367 0.5768
vn -0.8010 0.4996 0.3298
vn -0.7775 0.4192 0.4687
vn -0.7328 0.3540 0.5811
vn -0.7931 0.4464 0.4144
vn -0.8097 0.4816 0.3353
vn 0.8140 0.4813 0.3251
vn -0.2610 0.9515 -0.1627
vn -0.4220 0.7964 -0.4331
vn -0.5054 0.6263 -0.5936
vn 0.4832 0.1124 -0.8683
vn -0.4857 0.1232 -0.8654
vn 0.0089 0.5339 0.8455
vn 0.0089 0.5338 0.8456
vn 0.0090 0.5338 0.8456
vn 0.0090 0.5339 0.8455
vn -0.9908 0.1353 -0.0009
vn -0.9894 0.1281 -0.0687
vn -0.9874 0.1151 -0.1086
vn -0.9901 0.1406 -0.0017
vn -0.9908 0.1355 -0.0007
vn 0.9933 0.1155 -0.0080
vn 0.9889 0.0925 -0.1162
vn 0.9922 0.1065 -0.0645
vn 0.9937 0.1116 -0.0077
vn 0.9927 0.1206 -0.0084
vn 0.9800 0.0801 -0.1824
vn 0.9927 0.1207 -0.0084
vn 0.0103 0.6929 0.7209
vn 0.0103 0.6929 0.7210
vn 0.0104 0.6928 0.7210
vn 0.0104 0.6930 0.7209
vn 0.9982 0.0509 -0.0313
vn -0.9895 0.1442 -0.0023
vn 0.9981 0.0524 -0.0322
vn 0.9750 0.0487 0.2169
vn 0.9690 0.0103 0.2469
vn 0.9988 0.0332 0.0351
vn -0.9719 0.0721 0.2243
vn -0.9679 0.1082 0.2269
vn -0.9976 0.0564 0.0411
vn -0.9670 0.0331 0.2526
vn 0.9744 0.0760 0.2114
vn -0.0119 -0.9844 -0.1753
vn -0.0119 -0.9856 -0.1686
vn -0.0119 -0.9961 -0.0872
vn -0.0119 -0.9964 -0.0838
vn -0.0115 -0.9993 0.0349
vn -0.0114 -0.9993 0.0350
vn -0.0114 -0.9993 0.0349
vn -0.0126 -0.9844 -0.1753
vn -0.0109 -0.9771 0.2126
vn -0.0109 -0.9771 0.2123
vn 0.0065 0.3086 0.9512
vn 0.0051 0.1805 0.9836
vn 0.0055 0.2174 0.9761
vn 0.0065 0.3085 0.9512
vn 0.0039 0.0866 0.9962
vn 0.0040 0.0868 0.9962
vn -0.5242 0.5680 -0.6344
vn -0.8930 0.4494 0.0239
vn -0.9399 0.3413 -0.0099
vn -0.9969 0.0551 -0.0561
vn -0.9678 0.2518 -0.0020
vn -0.8427 -0.5346 -0.0631
vn -0.9380 -0.3439 -0.0437
vn -0.3980 -0.9147 -0.0706
vn -0.3031 -0.9520 -0.0429
vn 0.1412 -0.9884 -0.0561
vn 0.4216 -0.9067 -0.0101
vn 0.5251 -0.8507 0.0237
vn 0.3347 -0.9423 -0.0020
vn 0.6723 0.7335 -0.1000
vn 0.6724 0.7334 -0.1000
vn -0.6759 -0.7370 -0.0000
vn -0.6757 -0.7372 -0.0000
vn -0.6757 -0.7371 -0.0000
vn 0.6056 0.6607 -0.4436
vn 0.6118 0.6921 -0.3830
vn 0.6129 0.6987 -0.3691
vn 0.6073 0.6680 -0.4300
vn 0.6608 0.7209 -0.2087
vn 0.6604 0.7213 -0.2087
vn 0.6692 0.7431 0.0017
vn 0.6628 0.7488 -0.0050
vn 0.6713 0.7412 0.0039
vn 0.6762 0.7366 0.0091
vn -0.7241 -0.6874 -0.0563
vn -0.6747 -0.7359 -0.0569
vn -0.6938 -0.7188 -0.0447
vn -0.9263 -0.3647 -0.0944
vn 0.8065 -0.5912 0.0046
vn 0.7360 -0.6769 -0.0089
vn 0.7425 -0.6698 -0.0078
vn 0.8199 -0.5724 0.0074
vn 0.6609 0.7208 -0.2087
vn 0.6610 0.7207 -0.2087
vn 0.6428 0.6712 -0.3691
vn 0.6363 0.6696 -0.3831
vn 0.6054 0.6606 -0.4438
vn 0.6127 0.6630 -0.4302
vn 0.6802 0.7331 0.0038
vn 0.6884 0.7253 -0.0049
vn 0.6823 0.7311 0.0017
vn 0.6753 0.7375 0.0091
vn -0.6560 -0.7535 -0.0447
vn -0.6746 -0.7360 -0.0568
vn -0.6220 -0.7810 -0.0563
vn -0.2828 -0.9545 -0.0945
vn -0.7320 0.6813 -0.0076
vn -0.7385 0.6742 -0.0088
vn -0.6594 0.7518 0.0047
vn -0.6419 0.7668 0.0075
vn 0.9610 -0.1868 -0.2037
vn 0.9611 -0.1868 -0.2037
vn 0.1260 -0.9829 -0.1345
vn 0.6725 0.7334 -0.0999
vn 0.6725 0.7333 -0.1000
vn 0.9597 -0.2536 -0.1212
vn 0.9179 -0.3722 -0.1374
vn 0.9286 -0.3460 -0.1339
vn 0.9761 -0.1865 -0.1114
vn -0.7373 0.6756 -0.0000
vn -0.4257 0.8949 -0.1339
vn -0.4508 0.8820 -0.1373
vn -0.3363 0.9339 -0.1212
vn -0.2709 0.9561 -0.1114
vn 0.7373 -0.6756 -0.0000
vn -0.2688 0.9414 -0.2036
vn -0.9901 0.0399 -0.1343
vn -0.9454 -0.0382 -0.3236
vn -0.8381 0.5239 -0.1519
vn -0.6154 0.7723 -0.1574
vn 0.9621 0.1655 -0.2167
vn 0.9877 0.0591 -0.1447
vn 0.6461 0.7049 -0.2926
vn 0.6484 0.7074 -0.2815
vn -0.8127 0.5795 -0.0611
vn -0.8347 0.5507 -0.0083
vn -0.6252 0.7801 -0.0215
vn -0.5127 0.8535 -0.0931
vn -0.2876 0.9498 -0.1229
vn 0.8314 -0.5553 -0.0216
vn 0.6210 -0.7838 -0.0085
vn 0.6478 -0.7593 -0.0612
vn 0.8947 -0.4369 -0.0933
vn 0.9711 -0.2043 -0.1230
vn 0.9021 0.4313 0.0146
vn 0.9303 0.3636 0.0481
vn 0.6740 0.7349 0.0756
vn 0.6754 0.7366 0.0365
vn -0.9591 0.2831 -0.0000
vn -0.9298 0.3651 -0.0477
vn -0.3593 0.9200 -0.1566
vn -0.1467 0.9774 -0.1520
vn -0.8632 0.5049 0.0043
vn -0.4760 0.8794 -0.0052
vn -0.6319 -0.6893 -0.3543
vn -0.6094 -0.6647 -0.4323
vn -0.7761 -0.6303 0.0213
vn -0.8060 -0.5916 -0.0189
vn -0.6758 -0.7370 -0.0107
vn -0.6756 -0.7369 0.0225
vn -0.6702 -0.7310 -0.1286
vn -0.8557 -0.5008 -0.1304
vn -0.6638 -0.7241 -0.1871
vn 0.3017 0.9386 -0.1676
vn 0.6646 0.7250 -0.1807
vn 0.6606 0.7206 -0.2106
vn 0.1684 0.9685 -0.1836
vn 0.4566 0.4978 -0.7373
vn -0.2933 0.8386 -0.4590
vn -0.0002 0.0002 -1.0000
vn 0.3652 -0.9309 -0.0001
vn 0.4445 -0.8945 -0.0478
vn 0.5949 -0.7893 -0.1520
vn 0.8228 -0.5460 -0.1575
vn 0.9476 -0.2784 -0.1567
vn 0.9864 -0.0618 -0.1520
vn 0.0438 -0.9451 -0.3237
vn -0.5196 -0.8542 -0.0190
vn -0.5607 -0.8278 0.0213
vn -0.4248 -0.8958 -0.1304
vn 0.9088 0.3821 -0.1676
vn 0.9502 0.2519 -0.1836
vn 0.8605 -0.2202 -0.4594
vn -0.0269 0.9930 -0.1152
vn -0.0086 0.9921 -0.1250
vn -0.1842 0.9813 -0.0556
vn -0.1246 0.9916 -0.0355
vn -0.0267 0.9891 -0.1448
vn 0.0814 0.9728 -0.2168
vn 0.9915 0.0597 -0.1154
vn 0.9986 -0.0384 -0.0355
vn 0.9936 -0.0986 -0.0555
vn 0.9891 0.0779 -0.1252
vn -0.3190 0.9478 -0.0039
vn -0.0986 0.9834 -0.1525
vn -0.2643 0.9631 -0.0512
vn -0.9634 0.2680 0.0093
vn 0.2624 0.0944 -0.9603
vn 0.2189 0.2290 -0.9485
vn 0.2619 0.1034 -0.9595
vn -0.2731 0.9619 -0.0104
vn -0.2462 0.9692 0.0024
vn -0.2285 0.9735 -0.0054
vn -0.6757 -0.7371 0.0079
vn -0.7763 -0.6303 0.0080
vn 0.5778 -0.8162 0.0042
vn 0.3506 -0.9365 0.0092
vn 0.9174 -0.3980 -0.0053
vn 0.9820 -0.1885 -0.0105
vn 0.9869 -0.1611 0.0022
vn 0.9897 -0.1431 -0.0055
vn -0.5606 -0.8280 0.0080
vn -0.5354 0.8400 0.0874
vn -0.2969 0.9548 0.0158
vn -0.3680 0.9294 0.0274
vn -0.5344 0.8389 0.1036
vn 0.3667 0.9303 0.0088
vn 0.2397 0.9708 0.0084
vn -0.0580 0.9952 0.0788
vn 0.6651 0.7253 0.1777
vn 0.3725 0.9217 0.1087
vn -0.1366 0.9883 0.0676
vn 0.9965 0.0284 0.0788
vn 0.9964 -0.0503 0.0677
vn 0.8859 0.4510 0.1088
vn 0.9824 -0.1799 -0.0512
vn 0.9882 -0.0128 -0.1527
vn 0.9718 -0.2356 -0.0038
vn 0.2150 0.2347 -0.9480
vn 0.1415 -0.0139 -0.9898
vn 0.1422 -0.0086 -0.9898
vn 0.8833 -0.4606 0.0870
vn 0.8821 -0.4597 0.1031
vn 0.9578 -0.2860 0.0270
vn 0.9770 -0.2128 0.0152
vn 0.9281 0.3723 0.0065
vn 0.9184 0.3955 0.0090
vn -0.0213 0.1430 -0.9895
vn 0.0712 0.2697 -0.9603
vn -0.0245 0.1308 -0.9911
vn 0.0802 0.2701 -0.9595
vn 0.2152 0.2348 -0.9479
vn 0.2092 0.2382 -0.9484
vn 0.0803 0.2700 -0.9595
vn 0.2092 0.2383 -0.9484
vn 0.2818 0.9583 0.0482
vn 0.3515 0.9361 0.0148
vn 0.8675 -0.4974 -0.0005
vn 0.8497 -0.5234 -0.0633
vn 0.8563 -0.5149 -0.0419
vn 0.8405 -0.5341 -0.0910
vn 0.3338 0.3641 -0.8695
vn -0.6050 0.7911 -0.0906
vn -0.5951 0.8012 -0.0629
vn -0.5871 0.8084 -0.0415
vn -0.5871 0.8084 -0.0414
vn -0.5951 0.8012 -0.0628
vn -0.5706 0.8212 -0.0000
vn 0.6758 0.7371 -0.0000
vn 0.6756 0.7372 -0.0000
vn 0.8753 -0.4751 -0.0900
vn 0.9018 -0.4243 -0.0826
vn 0.9846 -0.1693 -0.0446
vn 0.9846 -0.1692 -0.0447
vn 0.9986 -0.0470 -0.0260
vn -0.1330 0.9908 -0.0260
vn -0.5004 0.8618 -0.0826
vn -0.2535 0.9663 -0.0446
vn -0.5004 0.8618 -0.0825
vn -0.5487 0.8312 -0.0899
vn 0.6575 0.7173 -0.2306
vn 0.6575 0.7173 -0.2305
vn 0.8966 -0.4356 -0.0805
vn 0.8670 -0.4922 -0.0774
vn 0.9032 -0.4215 -0.0812
vn 0.8579 -0.5081 -0.0765
vn -0.5660 0.8208 -0.0771
vn -0.5810 0.8103 -0.0761
vn -0.5121 0.8552 -0.0802
vn -0.4986 0.8630 -0.0809
vn -0.5659 0.8208 -0.0771
vn 0.6521 0.7116 -0.2614
vn 0.6518 0.7119 -0.2614
vn 0.8610 0.3751 -0.3434
vn 0.9652 -0.2536 -0.0645
vn 0.9629 0.1200 -0.2416
vn 0.9629 0.1200 -0.2417
vn 0.9274 -0.3740 -0.0000
vn 0.0359 0.9698 -0.2414
vn -0.3360 0.9397 -0.0644
vn 0.2986 0.8906 -0.3431
vn -0.4526 0.8917 -0.0000
vn -0.3360 0.9396 -0.0645
vn 0.6757 0.7371 -0.0000
vn 0.5952 0.6493 -0.4734
vn 0.5954 0.6494 -0.4731
vn 0.5953 0.6494 -0.4732
vn 0.5952 0.6493 -0.4735
vn 0.6337 0.6913 -0.3471
vn 0.6337 0.6913 -0.3472
vn 0.6338 0.6913 -0.3471
vn 0.6756 0.7370 -0.0184
vn 0.6756 0.7371 -0.0183
vn 0.6757 0.7370 -0.0184
vn 0.3318 -0.9416 0.0579
vn 0.5095 -0.8595 0.0408
vn 0.2733 -0.9557 0.1097
vn -0.3636 -0.9035 0.2271
vn -0.2662 -0.9580 0.1068
vn 0.0141 -0.9718 0.2353
vn -0.6297 -0.6869 0.3628
vn 0.3615 -0.9259 0.1095
vn -0.8832 -0.4073 0.2326
vn -0.9757 0.1895 0.1098
vn -0.9003 0.4333 0.0409
vn -0.9668 0.2490 0.0579
vn -0.9349 -0.3366 0.1124
vn -0.9694 -0.0702 0.2353
vn -0.9537 0.2800 0.1095
vn 0.2694 -0.9622 0.0388
vn -0.3184 -0.9459 0.0624
vn -0.9820 0.1849 0.0388
vn -0.8805 -0.4694 0.0657
vn -0.9084 0.3791 0.1765
vn -0.8077 0.5893 0.0189
vn -0.9553 -0.2939 0.0336
vn -0.9072 -0.3808 0.1789
vn -0.6186 0.7844 0.0452
vn -0.5042 0.8615 -0.0602
vn -0.6100 -0.7919 0.0285
vn -0.6895 0.6911 -0.2169
vn -0.2408 0.9635 -0.1171
vn -0.3366 0.8752 -0.3474
vn -0.5967 0.4713 -0.6495
vn -0.8399 -0.4238 -0.3391
vn -0.5978 -0.7984 -0.0720
vn -0.9596 -0.2274 -0.1657
vn -0.2100 -0.9771 0.0336
vn 0.6571 -0.7535 0.0188
vn 0.4559 -0.8725 0.1760
vn -0.3004 -0.9369 0.1788
vn 0.8347 -0.5488 0.0449
vn 0.9019 -0.4278 -0.0603
vn -0.7363 -0.6760 0.0287
vn 0.9008 -0.2603 -0.3477
vn 0.9807 -0.1568 -0.1172
vn 0.7482 -0.6270 -0.2169
vn 0.5205 -0.5548 -0.6491
vn -0.1431 -0.9757 -0.1658
vn -0.7437 -0.6646 -0.0720
vn -0.3494 -0.8735 -0.3389
vn 0.4852 -0.8724 0.0593
vn 0.3045 -0.9352 0.1807
vn 0.2313 -0.9516 0.2022
vn 0.4846 -0.8704 0.0868
vn -0.2643 -0.9395 0.2180
vn -0.3775 -0.9005 0.2158
vn -0.9680 0.1477 0.2028
vn -0.9580 0.2222 0.1811
vn -0.9111 0.4078 0.0596
vn -0.9091 0.4073 0.0872
vn -0.8835 -0.4143 0.2186
vn -0.8907 -0.3990 0.2177
vn 0.6603 0.7205 0.2120
vn 0.6602 0.7205 0.2120
vn 0.6604 0.7202 0.2123
vn -0.8911 0.3664 -0.2678
vn 0.4412 -0.8564 -0.2682
vn -0.6489 -0.7082 -0.2779
vn -0.6491 -0.7079 -0.2783
vn -0.6490 -0.7082 -0.2779
vn -0.6487 -0.7085 -0.2778
vn -0.6602 -0.7209 -0.2108
vn -0.6524 -0.7124 -0.2587
vn -0.6601 -0.7210 -0.2109
vn -0.6525 -0.7126 -0.2577
vn -0.6434 -0.7025 -0.3043
vn -0.6434 -0.7024 -0.3043
vn -0.4094 -0.4470 -0.7953
vn -0.4094 -0.4471 -0.7953
vn -0.9703 0.2152 -0.1105
vn -0.9711 0.2109 -0.1118
vn -0.9694 0.2181 -0.1125
vn -0.9744 0.1881 -0.1227
vn -0.9731 0.1990 -0.1162
vn 0.3024 -0.9466 -0.1122
vn 0.2953 -0.9488 -0.1117
vn 0.2996 -0.9477 -0.1103
vn 0.2836 -0.9519 -0.1161
vn 0.2729 -0.9542 -0.1225
vn -0.6613 -0.7222 -0.2028
vn -0.6614 -0.7221 -0.2028
vn -0.6614 -0.7221 -0.2027
vn -0.6614 -0.7220 -0.2029
vn 0.6437 0.7028 0.3031
vn 0.6438 0.7027 0.3029
vn 0.6438 0.7026 0.3029
vn 0.6436 0.7029 0.3029
vn 0.1435 0.1565 -0.9772
vn 0.1429 0.1559 -0.9774
vn 0.1436 0.1566 -0.9772
vn 0.6604 0.7211 0.2096
vn 0.6603 0.7211 0.2096
vn 0.6604 0.7210 0.2097
vn 0.8975 -0.4068 0.1704
vn 0.8983 -0.4061 0.1680
vn 0.9231 -0.3772 0.0750
vn 0.9234 -0.3764 0.0752
vn -0.4562 0.8867 0.0750
vn -0.4831 0.8593 0.1679
vn -0.4570 0.8863 0.0748
vn -0.4837 0.8585 0.1703
vn 0.8687 -0.4164 0.2683
vn -0.4908 0.8290 0.2682
vn -0.1434 -0.1566 0.9772
vn -0.1434 -0.1564 0.9772
vn -0.1433 -0.1561 0.9773
vn 0.1028 -0.0202 0.9945
vn 0.1399 -0.0062 0.9901
vn 0.3132 0.0094 0.9496
vn 0.2518 -0.0167 0.9676
vn 0.4587 0.0689 -0.8859
vn 0.1937 0.0461 -0.9800
vn 0.1599 0.0270 -0.9868
vn 0.3954 0.0416 -0.9176
vn -0.2475 -0.0716 0.9663
vn -0.1333 -0.0469 0.9900
vn -0.1614 -0.0530 0.9855
vn -0.2473 -0.0717 0.9663
vn -0.2475 -0.0717 0.9662
vn -0.1615 -0.0530 0.9855
vn -0.1000 -0.0044 -0.9950
vn -0.1040 0.0006 -0.9946
vn -0.1176 -0.0083 -0.9930
vn -0.1547 0.9877 0.0211
vn -0.0812 0.9964 0.0255
vn -0.1502 0.9884 0.0214
vn -0.0809 0.9964 0.0256
vn -0.3273 0.9449 0.0102
vn -0.4534 0.8913 0.0015
vn -0.3356 0.9420 0.0096
vn -0.3274 0.9448 0.0102
vn -0.4532 0.8914 0.0015
vn -0.4532 0.8914 0.0016
vn 0.3238 -0.9461 -0.0103
vn 0.2132 -0.9769 -0.0173
vn 0.2217 -0.9750 -0.0168
vn 0.3236 -0.9461 -0.0104
vn -0.0592 -0.9977 -0.0332
vn 0.0408 -0.9988 -0.0276
vn 0.0343 -0.9990 -0.0279
vn -0.0593 -0.9977 -0.0332
vn 0.9976 0.0391 0.0567
vn -0.8736 -0.1998 -0.4438
vn -0.1661 0.0257 -0.9858
vn -0.0295 -0.1755 -0.9840
vn -0.9393 -0.0179 -0.3426
vn -0.8399 -0.2340 0.4897
vn -0.7913 -0.0431 0.6099
vn 0.0418 -0.2345 0.9712
vn 0.1661 -0.0258 0.9858
vn 0.8907 -0.1787 0.4180
vn 0.9394 0.0179 0.3425
vn 0.8458 -0.1456 -0.5132
vn 0.7912 0.0432 -0.6100
vn 0.9962 0.0329 -0.0805
vn 0.9962 0.0330 -0.0806
vn 0.9962 0.0328 -0.0808
vn 0.9962 0.0327 -0.0805
vn 0.9962 0.0329 -0.0808
vn 0.9962 0.0328 -0.0807
vn -0.9962 -0.0331 0.0807
vn -0.9962 -0.0329 0.0807
vn -0.9962 -0.0328 0.0806
vn -0.9962 -0.0330 0.0808
vn 0.0814 -0.0287 0.9963
vn 0.0661 0.3288 0.9421
vn 0.0680 0.2959 0.9528
vn 0.0283 -0.9991 -0.0314
vn 0.0060 -0.9500 -0.3122
vn 0.0280 -0.9991 -0.0314
vn 0.0060 -0.9495 -0.3137
vn -0.0792 0.7266 -0.6825
vn -0.0868 0.4246 -0.9012
vn -0.0791 0.7266 -0.6825
vn -0.0869 0.3896 -0.9169
vn -0.0814 0.0286 -0.9963
vn -0.0814 0.0287 -0.9963
vn -0.8181 -0.4144 -0.3987
vn -0.0622 -0.3880 -0.9196
vn 0.7687 -0.3620 -0.5273
vn 0.7957 -0.3911 0.4625
vn 0.0865 -0.4403 0.8937
vn -0.6838 -0.4399 0.5821
vn 0.9962 0.0328 -0.0806
vn 0.9962 0.0329 -0.0809
vn -0.9962 -0.0327 0.0807
vn -0.9962 -0.0327 0.0808
vn -0.9962 -0.0329 0.0809
vn -0.9962 -0.0331 0.0808
vn -0.9962 -0.0329 0.0808
vn 0.0661 0.3289 0.9421
vn 0.0446 0.6176 0.7852
vn 0.0447 0.6176 0.7852
vn -0.0189 -0.8213 -0.5701
vn 0.0308 -0.9990 -0.0309
vn 0.0305 -0.9991 -0.0309
vn 0.0548 -0.9654 0.2551
vn 0.0548 -0.9657 0.2538
vn 0.0721 -0.8524 0.5179
vn 0.0548 -0.9653 0.2552
vn 0.0299 -0.9991 -0.0312
vn 0.0292 -0.9991 -0.0311
vn 0.0293 -0.9991 -0.0311
vn -0.0305 0.9991 0.0311
vn 0.5820 0.7850 -0.2121
vn 0.5821 0.7850 -0.2122
vn 0.5820 0.7851 -0.2121
vn 0.5820 0.7850 -0.2122
vn 0.5821 0.7849 -0.2122
vn 0.5821 0.7850 -0.2121
vn -0.3057 -0.5688 0.7636
vn -0.3060 -0.5687 0.7635
vn -0.3059 -0.5687 0.7635
vn -0.5892 0.8080 -0.0062
vn 0.8870 -0.3624 -0.2862
vn -0.7308 -0.0865 0.6771
vn -0.8256 0.4757 0.3035
vn -0.7251 -0.1022 0.6810
vn -0.8218 0.4849 0.2993
vn 0.1353 -0.8245 0.5495
vn 0.6953 -0.7187 0.0043
vn 0.2972 -0.8482 0.4385
vn -0.7308 -0.0864 0.6771
vn 0.7013 -0.7129 0.0002
vn -0.3272 -0.1776 -0.9281
vn -0.5433 -0.0238 -0.8392
vn -0.3780 -0.0899 -0.9214
vn -0.2228 -0.2153 -0.9508
vn -0.2797 -0.1252 -0.9519
vn -0.1218 -0.3606 -0.9247
vn -0.3271 -0.1776 -0.9281
vn 0.2884 0.5502 -0.7837
vn 0.2883 0.5504 -0.7835
vn 0.2885 0.5504 -0.7835
vn 0.2882 0.5504 -0.7836
vn 0.2883 0.5503 -0.7836
vn 0.2879 0.5504 -0.7837
vn 0.6851 0.7246 -0.0747
vn 0.6855 0.7243 -0.0747
vn -0.6024 -0.4477 0.6608
vn -0.6024 -0.4477 0.6609
vn -0.6020 -0.4481 0.6609
vn -0.6023 -0.4479 0.6607
vn -0.6021 -0.4479 0.6609
vn 0.8960 -0.4342 0.0928
vn -0.4775 0.8236 -0.3062
vn 0.5881 0.4235 -0.6890
vn 0.5882 0.4235 -0.6890
vn 0.5882 0.4233 -0.6891
vn 0.5880 0.4235 -0.6891
vn -0.0580 -0.7678 0.6380
vn 0.5738 -0.7436 0.3432
vn -0.0410 -0.7705 0.6362
vn 0.5826 -0.7380 0.3405
vn -0.9391 0.1178 0.3227
vn -0.8281 0.5553 -0.0769
vn -0.9012 -0.0431 0.4312
vn -0.0410 -0.7704 0.6362
vn -0.0579 -0.7678 0.6380
vn -0.8227 0.5629 -0.0799
vn 0.1049 -0.3372 -0.9356
vn 0.1885 -0.4922 -0.8498
vn 0.0111 -0.3024 -0.9531
vn 0.0566 -0.2449 -0.9679
vn 0.0110 -0.3023 -0.9531
vn -0.0418 -0.2052 -0.9778
vn 0.1049 -0.3371 -0.9356
vn -0.2055 -0.1329 -0.9696
vn -0.7433 0.2294 -0.6284
vn -0.7357 0.6137 -0.2867
vn -0.7432 0.3183 -0.5885
vn 0.7521 0.5854 0.3028
vn 0.7504 0.6253 0.2141
vn 0.7484 0.6298 -0.2080
vn 0.7383 0.2114 -0.6405
vn 0.7324 -0.3021 -0.6101
vn 0.7346 -0.2110 -0.6448
vn 0.7410 0.3002 -0.6006
vn -0.9999 0.0125 0.0082
vn -0.9999 0.0119 0.0082
vn -0.9999 0.0124 0.0082
vn -0.9999 0.0125 0.0079
vn -0.9999 0.0128 0.0080
vn -0.9999 0.0124 0.0083
vn -0.9999 0.0124 0.0081
vn 0.9999 -0.0125 -0.0079
vn 0.9999 -0.0125 -0.0082
vn 0.9999 -0.0126 -0.0079
vn 0.9999 -0.0126 -0.0081
vn 0.9999 -0.0123 -0.0082
vn 0.9999 -0.0124 -0.0082
vn 0.9999 -0.0129 -0.0084
vn -0.9999 0.0129 0.0084
vn -0.7501 -0.6256 -0.2143
vn -0.7518 -0.5857 -0.3029
vn -0.7482 -0.6301 0.2078
vn -0.7458 -0.5955 0.2987
vn -0.7414 -0.2998 0.6004
vn -0.7384 -0.2107 0.6406
vn -0.7342 0.2113 0.6452
vn -0.7321 0.3020 0.6106
vn -0.7325 0.6036 0.3149
vn -0.7313 0.6435 0.2260
vn -0.7360 0.6480 -0.1958
vn 0.7494 0.2837 0.5982
vn 0.7501 0.1926 0.6327
vn 0.7313 -0.6434 -0.2263
vn 0.7359 -0.6133 0.2868
vn 0.7362 -0.6479 0.1958
vn 0.7326 -0.6035 -0.3149
vn 0.7434 -0.2293 0.6283
vn 0.7434 -0.3181 0.5884
vn -0.7500 -0.1929 -0.6327
vn -0.7492 -0.2839 -0.5984
vn 0.7457 0.5954 -0.2989
vn 0.9999 -0.0131 -0.0065
vn -0.9859 -0.1207 0.1161
vn -0.9843 -0.0910 0.1515
vn 0.0569 0.6632 0.7463
vn -0.9908 0.0848 -0.1054
vn -0.9902 0.1262 -0.0600
vn -0.1332 -0.6739 -0.7267
vn 0.0208 -0.6941 -0.7196
vn -0.3792 0.6859 -0.6211
vn -0.7044 0.5300 -0.4722
vn -0.3507 0.9354 0.0439
vn 0.0037 0.7369 -0.6760
vn -0.0034 -0.7373 0.6755
vn -0.0035 -0.7366 0.6763
vn -0.0035 -0.7379 0.6748
vn 0.3561 0.0364 -0.9337
vn 0.3863 0.6763 -0.6272
vn 0.7092 0.5131 -0.4835
vn -0.3700 0.0448 -0.9280
vn -0.0294 0.6621 0.7489
vn -0.0288 0.6642 0.7470
vn 0.9841 -0.1156 0.1350
vn 0.9844 -0.1448 0.1004
vn 0.0585 0.6610 0.7481
vn 0.9907 0.0598 -0.1218
vn 0.9919 0.1022 -0.0756
vn -0.0503 -0.6933 -0.7189
vn 0.1049 -0.6768 -0.7286
vn -0.0036 -0.7372 0.6756
vn -0.0035 -0.7379 0.6749
vn -0.0036 -0.7372 0.6757
vn 0.0049 0.7371 -0.6757
vn 0.3743 0.9266 0.0373
vn 0.9084 0.4180 0.0032
vn 0.8747 0.4748 0.0969
vn 0.9952 -0.0596 0.0779
vn 0.9716 -0.2365 -0.0080
vn 0.4558 0.8855 0.0907
vn 0.2791 0.9602 0.0088
vn -0.4244 0.9048 0.0349
vn -0.1457 0.9862 0.0781
vn -0.3199 0.9474 -0.0079
vn 0.8866 -0.4617 -0.0260
vn 0.9605 -0.2723 -0.0579
vn -0.5367 0.8434 -0.0259
vn -0.3544 0.9333 -0.0578
vn -0.2936 0.9493 -0.1125
vn 0.2569 0.9600 -0.1113
vn 0.3540 0.9047 -0.2371
vn 0.6253 0.6822 -0.3789
vn -0.0191 0.9689 -0.2467
vn 0.8853 0.3968 -0.2426
vn 0.9712 -0.2102 -0.1125
vn 0.9377 0.3272 -0.1170
vn 0.9669 0.0650 -0.2468
vn 0.9382 -0.3442 0.0347
vn -0.3693 0.9219 -0.1171
vn 0.9504 -0.2881 -0.1171
vn 0.6752 0.7367 0.0386
vn 0.6751 0.7367 0.0388
vn 0.6750 0.7368 0.0384
vn 0.6753 0.7365 0.0390
vn -0.9191 0.3358 -0.2060
vn 0.4130 -0.8871 -0.2061
vn 0.4130 -0.8871 -0.2062
vn -0.6717 -0.7331 -0.1066
vn -0.6719 -0.7329 -0.1069
vn -0.6716 -0.7332 -0.1065
vn -0.6715 -0.7334 -0.1061
vn 0.6858 0.6829 0.2517
vn 0.6860 0.6854 0.2440
vn 0.6854 0.6795 0.2618
vn 0.6852 0.6780 0.2662
vn 0.6858 0.6829 0.2518
vn 0.6854 0.6795 0.2617
vn -0.7248 0.6890 0.0051
vn -0.6612 -0.7330 -0.1598
vn -0.6618 -0.7283 -0.1780
vn -0.6609 -0.7350 -0.1519
vn -0.6617 -0.7247 -0.1919
vn -0.8003 -0.4289 -0.4191
vn -0.7422 -0.6034 -0.2917
vn -0.8000 -0.3929 -0.4535
vn -0.7204 -0.6427 -0.2605
vn -0.7897 -0.4715 -0.3926
vn -0.7406 -0.6058 -0.2908
vn -0.6581 -0.7384 -0.1475
vn -0.7204 -0.6428 -0.2605
vn -0.6612 -0.7360 -0.1454
vn 0.6219 0.7673 0.1563
vn 0.6875 0.6740 0.2703
vn 0.5907 0.7977 0.1214
vn 0.6843 0.6764 0.2724
vn 0.4279 0.9008 -0.0733
vn 0.4530 0.8909 -0.0318
vn 0.5938 0.7951 0.1235
vn 0.4896 0.8720 0.0044
vn -0.6553 -0.7382 -0.1602
vn 0.6913 0.6752 0.2573
vn 0.6914 0.6717 0.2661
vn -0.6951 0.7040 -0.1458
vn -0.7227 0.6911 -0.0092
vn -0.7227 0.6911 -0.0094
vn -0.7359 0.6657 0.1231
vn 0.1801 -0.4294 0.8850
vn 0.1799 -0.4292 0.8851
vn -0.7422 -0.6035 -0.2916
vn -0.6544 -0.7408 -0.1515
vn -0.6722 -0.7214 -0.1666
vn -0.6701 -0.7215 -0.1745
vn -0.6748 -0.7213 -0.1564
vn -0.6759 -0.7212 -0.1519
vn 0.7483 -0.6633 0.0047
vn 0.6197 0.7410 0.2585
vn 0.6256 0.7421 0.2406
vn 0.6172 0.7405 0.2661
vn 0.6301 0.7427 0.2267
vn 0.8474 0.5301 -0.0292
vn 0.7434 0.6575 0.1225
vn 0.8593 0.5064 -0.0713
vn 0.7110 0.6856 0.1565
vn 0.8268 0.5625 0.0046
vn 0.7414 0.6596 0.1236
vn 0.6129 0.7424 0.2704
vn 0.7109 0.6856 0.1565
vn 0.6156 0.7395 0.2724
vn -0.5784 -0.7730 -0.2608
vn -0.6796 -0.7186 -0.1475
vn -0.5366 -0.7914 -0.2928
vn -0.6769 -0.7215 -0.1455
vn -0.3195 -0.8312 -0.4550
vn -0.3556 -0.8343 -0.4214
vn -0.5403 -0.7896 -0.2910
vn -0.4019 -0.8270 -0.3931
vn 0.6137 0.7462 0.2580
vn -0.6796 -0.7158 -0.1605
vn -0.6821 -0.7153 -0.1521
vn 0.7619 -0.6310 -0.1457
vn 0.7504 -0.6610 -0.0096
vn 0.7504 -0.6609 -0.0098
vn 0.7252 -0.6776 0.1224
vn -0.4466 0.1384 0.8840
vn -0.4466 0.1385 0.8839
vn 0.7434 0.6576 0.1226
vn 0.6103 0.7459 0.2668
vn -0.7135 -0.7006 -0.0082
vn -0.6421 -0.7666 0.0067
vn -0.6422 -0.7665 0.0084
vn 0.6492 0.7606 -0.0071
vn 0.6932 0.7208 0.0008
vn 0.6931 0.7208 0.0030
vn -0.1439 0.1233 0.9819
vn 0.7334 0.6798 -0.0011
vn 0.7127 0.7014 0.0011
vn 0.7324 0.6808 0.0020
vn -0.7440 0.6605 -0.1009
vn -0.7440 0.6605 -0.1010
vn 0.7367 -0.6751 0.0392
vn -0.0328 0.0301 -0.9990
vn -0.6154 -0.7882 0.0070
vn 0.7064 0.7078 0.0026
vn 0.6491 0.7606 -0.0071
vn 0.6932 0.7207 0.0030
vn -0.8207 -0.5700 -0.0389
vn -0.6600 -0.7344 -0.1581
vn -0.6153 -0.7799 -0.1152
vn -0.6025 -0.7981 0.0045
vn -0.5610 -0.8278 0.0048
vn 0.7007 0.7110 -0.0590
vn 0.6729 0.7337 -0.0947
vn -0.6279 -0.6354 -0.4494
vn -0.6482 -0.7114 -0.2715
vn -0.5745 -0.8081 -0.1301
vn -0.4626 -0.8866 -0.0029
vn -0.6152 -0.7799 -0.1151
vn -0.5744 -0.8082 -0.1300
vn 0.6294 0.7259 -0.2772
vn 0.6678 0.7304 -0.1430
vn 0.7145 0.6965 -0.0665
vn 0.7635 0.6458 -0.0021
vn -0.8567 -0.5142 -0.0408
vn -0.9280 -0.3656 -0.0714
vn 0.4559 0.8890 -0.0435
vn 0.5344 0.8448 -0.0263
vn 0.5695 0.8216 -0.0243
vn 0.7543 -0.6547 0.0495
vn 0.7546 -0.6544 0.0495
vn 0.7581 -0.6503 0.0500
vn -0.5586 -0.8295 -0.0019
vn 0.3318 -0.3004 0.8942
vn 0.7581 -0.6502 0.0500
vn 0.7546 -0.6543 0.0496
vn 0.7584 -0.6498 0.0501
vn -0.7490 -0.5015 -0.4331
vn -0.7210 -0.5370 -0.4379
vn -0.6241 -0.6368 -0.4528
vn -0.6280 -0.6354 -0.4494
vn 0.5662 0.7789 -0.2697
vn 0.5415 0.7972 -0.2668
vn 0.6298 0.7251 -0.2786
vn 0.4436 0.8608 -0.2496
vn -0.8545 -0.3401 -0.3926
vn 0.6291 0.7262 -0.2772
vn -0.4718 -0.8817 -0.0024
vn -0.5538 -0.8327 0.0037
vn -0.5582 -0.8297 0.0041
vn 0.7634 0.6459 -0.0018
vn 0.7607 0.6491 -0.0016
vn 0.7347 0.6783 0.0010
vn 0.7334 0.6798 0.0010
vn -0.0104 0.0095 -0.9999
vn 0.0329 -0.0302 0.9990
vn -0.7367 0.6751 -0.0392
vn -0.7368 0.6750 -0.0393
vn -0.4625 -0.8866 -0.0031
vn 0.7237 -0.6827 -0.1010
vn 0.7231 -0.6831 -0.1018
vn 0.7232 -0.6831 -0.1017
vn 0.6576 0.7534 0.0033
vn 0.6576 0.7534 0.0019
vn 0.7011 0.7131 -0.0066
vn 0.6434 0.7656 0.0031
vn 0.7231 -0.6832 -0.1018
vn 0.7227 -0.6835 -0.1025
vn -0.7315 -0.6818 0.0068
vn -0.7757 -0.6311 0.0046
vn -0.7424 -0.6699 0.0042
vn 0.6142 0.7892 0.0026
vn 0.6365 0.7713 0.0017
vn 0.6132 0.7900 -0.0004
vn 0.1361 -0.1339 0.9816
vn -0.7075 -0.7067 0.0076
vn -0.7075 -0.7067 0.0062
vn -0.6357 -0.7719 -0.0088
vn -0.7076 -0.7066 0.0062
vn -0.7137 0.6985 0.0513
vn -0.7168 0.6954 0.0510
vn -0.7171 0.6951 0.0510
vn -0.7776 -0.6287 -0.0022
vn -0.3278 0.3035 0.8947
vn -0.7366 0.6751 0.0406
vn -0.7375 0.6741 0.0406
vn 0.0327 -0.0284 -0.9991
vn -0.7134 0.6988 0.0514
vn -0.7367 0.6750 0.0406
vn -0.7375 0.6741 0.0407
vn 0.5768 0.8169 -0.0014
vn 0.6470 0.7602 -0.0584
vn 0.6315 0.7726 -0.0658
vn 0.6315 0.7726 -0.0659
vn 0.6471 0.7602 -0.0584
vn 0.6692 0.7293 -0.1425
vn 0.6720 0.7345 -0.0944
vn 0.6679 0.6906 -0.2774
vn -0.7233 -0.6809 -0.1153
vn -0.8425 -0.5386 -0.0029
vn -0.7549 -0.6427 -0.1301
vn -0.6524 -0.7075 -0.2718
vn -0.6741 -0.7214 -0.1586
vn -0.5783 -0.6803 -0.4503
vn -0.4963 -0.8673 -0.0396
vn 0.7688 0.6390 -0.0240
vn -0.4378 -0.8981 -0.0415
vn -0.2834 -0.9563 -0.0724
vn 0.8459 0.5316 -0.0435
vn 0.7949 0.6062 -0.0261
vn -0.4347 -0.7893 -0.4336
vn -0.4724 -0.7645 -0.4386
vn -0.2649 -0.8804 -0.3934
vn 0.6611 0.6953 -0.2819
vn 0.7426 0.6099 -0.2766
vn 0.7242 0.6324 -0.2749
vn -0.5803 -0.6765 -0.4534
vn -0.5786 -0.6801 -0.4503
vn 0.8214 0.5088 -0.2578
vn 0.6687 0.6914 -0.2736
vn 0.6113 0.7914 0.0014
vn 0.5803 0.8144 -0.0010
vn 0.5772 0.8166 -0.0013
vn 0.6130 0.7901 0.0016
vn -0.0317 0.0291 0.9991
vn 0.0088 -0.0080 -0.9999
vn 0.7367 -0.6749 -0.0406
vn 0.7367 -0.6750 -0.0406
vn 0.7368 -0.6749 -0.0406
vn -0.8369 -0.5473 -0.0025
vn -0.7811 -0.6244 0.0035
vn -0.8426 -0.5385 -0.0031
vn -0.7778 -0.6284 0.0039
vt 0.030240 0.561150
vt 0.081240 0.504150
vt 0.090240 0.595150
vt 0.164240 0.504150
vt 0.155240 0.595150
vt 0.021240 0.649150
vt 0.004240 0.649150
vt 0.014240 0.555150
vt 0.079240 0.500150
vt 0.166240 0.500150
vt 0.224240 0.649150
vt 0.159240 0.649150
vt 0.215240 0.561150
vt 0.241240 0.649150
vt 0.231240 0.555150
vt 0.067240 0.486150
vt 0.085240 0.556150
vt 0.036240 0.486150
vt 0.085240 0.649150
vt 0.087240 0.649150
vt 0.147240 0.667150
vt 0.098240 0.667150
vt 0.160240 0.556150
vt 0.178240 0.486150
vt 0.209240 0.486150
vt 0.160240 0.649150
vt 0.446240 0.486150
vt 0.428240 0.556150
vt 0.481240 0.556150
vt 0.477240 0.486150
vt 0.428240 0.649150
vt 0.492240 0.649150
vt 0.509240 0.649150
vt 0.499240 0.556150
vt 0.272240 0.649150
vt 0.434240 0.500150
vt 0.347240 0.500150
vt 0.282240 0.555150
vt 0.300240 0.556150
vt 0.353240 0.556150
vt 0.335240 0.486150
vt 0.304240 0.486150
vt 0.289240 0.649150
vt 0.353240 0.649150
vt 0.426240 0.649150
vt 0.355240 0.649150
vt 0.414240 0.667150
vt 0.366240 0.667150
vt 0.425240 0.463150
vt 0.491240 0.440150
vt 0.354240 0.463150
vt 0.508240 0.424150
vt 0.424240 0.424150
vt 0.355240 0.424150
vt 0.271240 0.424150
vt 0.288240 0.440150
vt 0.354240 0.425150
vt 0.366240 0.425150
vt 0.366240 0.460150
vt 0.414240 0.460150
vt 0.414240 0.425150
vt 0.425240 0.425150
vt 0.355290 0.406150
vt 0.288240 0.406150
vt 0.491240 0.406150
vt 0.424240 0.406150
vt 0.234240 0.809150
vt 0.245240 0.768150
vt 0.245240 0.813150
vt 0.229240 0.768150
vt 0.282240 0.814150
vt 0.287240 0.768150
vt 0.251240 0.768150
vt 0.255240 0.814150
vt 0.236240 0.810150
vt 0.401240 0.469150
vt 0.409240 0.460150
vt 0.370240 0.460150
vt 0.594240 0.543150
vt 0.567240 0.542150
vt 0.594240 0.561150
vt 0.567240 0.555150
vt 0.537240 0.539150
vt 0.537240 0.547150
vt 0.596240 0.613150
vt 0.568240 0.608150
vt 0.596240 0.602150
vt 0.568240 0.602150
vt 0.538240 0.603150
vt 0.538240 0.602150
vt 0.567240 0.505150
vt 0.594240 0.504150
vt 0.537240 0.505150
vt 0.537240 0.548150
vt 0.378240 0.469150
vt 0.364240 0.453150
vt 0.415240 0.453150
vt 0.358240 0.418150
vt 0.420240 0.418150
vt 0.389240 0.473150
vt 0.919240 0.145150
vt 0.931240 0.076150
vt 0.934240 0.153150
vt 0.985240 0.140150
vt 0.984240 0.086150
vt 0.933240 0.166150
vt 0.918240 0.215150
vt 0.933240 0.215150
vt 0.918240 0.166150
vt 0.985240 0.166150
vt 0.931240 0.215150
vt 0.931240 0.166150
vt 0.985240 0.215150
vt 0.986240 0.215150
vt 0.986240 0.166150
vt 0.865240 0.166150
vt 0.865240 0.215150
vt 0.713240 0.347150
vt 0.667240 0.347150
vt 0.713240 0.385150
vt 0.733240 0.386150
vt 0.720240 0.347150
vt 0.720240 0.385150
vt 0.657240 0.349150
vt 0.657240 0.382150
vt 0.667240 0.385150
vt 0.713240 0.336150
vt 0.666240 0.334150
vt 0.713240 0.297150
vt 0.666240 0.299150
vt 0.657240 0.333150
vt 0.657240 0.299150
vt 0.733240 0.346150
vt 0.734240 0.336150
vt 0.720240 0.336150
vt 0.734240 0.296150
vt 0.720240 0.297150
vt 0.818240 0.346150
vt 0.818240 0.283150
vt 0.791240 0.303150
vt 0.791240 0.344150
vt 0.818240 0.282150
vt 0.895240 0.339150
vt 0.923240 0.299150
vt 0.986240 0.282150
vt 0.986240 0.294150
vt 0.986240 0.283150
vt 0.986240 0.244150
vt 0.818240 0.244150
vt 0.791240 0.278150
vt 0.791240 0.248150
vt 0.924240 0.387150
vt 0.987240 0.348150
vt 0.924240 0.348150
vt 0.987240 0.387150
vt 0.895240 0.387150
vt 0.895240 0.348150
vt 0.818240 0.348150
vt 0.791240 0.353150
vt 0.791240 0.383150
vt 0.818240 0.387150
vt 0.758240 0.344150
vt 0.758240 0.304150
vt 0.924240 0.376150
vt 0.919240 0.381150
vt 0.919240 0.356150
vt 0.924240 0.360150
vt 0.898240 0.356150
vt 0.898240 0.381150
vt 0.651240 0.184150
vt 0.662240 0.183150
vt 0.658240 0.237150
vt 0.643240 0.235150
vt 0.725240 0.237150
vt 0.729240 0.183150
vt 0.718240 0.184150
vt 0.710240 0.235150
vt 0.687240 0.237150
vt 0.687240 0.185150
vt 0.707240 0.192150
vt 0.707240 0.231150
vt 0.774240 0.192150
vt 0.754240 0.185150
vt 0.754240 0.237150
vt 0.774240 0.231150
vt 0.658240 0.273150
vt 0.643240 0.267150
vt 0.643240 0.242150
vt 0.708240 0.242150
vt 0.687240 0.269150
vt 0.708240 0.265150
vt 0.662240 0.182150
vt 0.662240 0.146150
vt 0.650240 0.176150
vt 0.650240 0.151150
vt 0.687240 0.146150
vt 0.687240 0.177150
vt 0.707240 0.151150
vt 0.707240 0.173150
vt 0.642240 0.234150
vt 0.614240 0.184150
vt 0.642240 0.184150
vt 0.614240 0.234150
vt 0.014240 0.911150
vt 0.012240 0.900150
vt 0.028240 0.900150
vt 0.028240 0.909150
vt 0.013240 0.956150
vt 0.022240 0.951150
vt 0.031240 0.956150
vt 0.031240 0.966150
vt 0.022240 0.972150
vt 0.013240 0.966150
vt 0.345240 0.954840
vt 0.345240 0.943610
vt 0.300240 0.943610
vt 0.300240 0.954840
vt 0.300240 0.969840
vt 0.345240 0.969840
vt 0.300240 0.980150
vt 0.345240 0.980150
vt 0.047240 0.886150
vt 0.047240 0.881150
vt 0.065240 0.879150
vt 0.065240 0.885150
vt 0.065240 0.898150
vt 0.047240 0.897150
vt 0.065240 0.904150
vt 0.047240 0.902150
vt 0.047240 0.967150
vt 0.047240 0.972150
vt 0.065240 0.974150
vt 0.065240 0.968150
vt 0.047240 0.956150
vt 0.065240 0.955150
vt 0.065240 0.949150
vt 0.047240 0.951150
vt 0.104240 0.982150
vt 0.088240 0.975150
vt 0.088240 0.984150
vt 0.088240 0.914150
vt 0.088240 0.905150
vt 0.104240 0.912150
vt 0.104240 0.972150
vt 0.266240 0.972150
vt 0.266240 0.951150
vt 0.104240 0.951150
vt 0.036240 0.953150
vt 0.036240 0.970150
vt 0.022240 0.978150
vt 0.008240 0.970150
vt 0.008240 0.953150
vt 0.022240 0.944150
vt 0.266240 0.881150
vt 0.266240 0.870150
vt 0.266240 0.902150
vt 0.266240 0.912150
vt 0.104240 0.881150
vt 0.104240 0.870150
vt 0.104240 0.902150
vt 0.266240 0.982150
vt 0.065240 0.970150
vt 0.065240 0.953150
vt 0.266240 0.940150
vt 0.104240 0.940150
vt 0.065240 0.944150
vt 0.065240 0.883150
vt 0.065240 0.874150
vt 0.065240 0.900150
vt 0.065240 0.908150
vt 0.065240 0.978150
vt 0.405240 0.869150
vt 0.383240 0.873150
vt 0.416240 0.829150
vt 0.431240 0.833150
vt 0.421240 0.877150
vt 0.438240 0.889150
vt 0.362240 0.889150
vt 0.088240 0.848150
vt 0.003240 0.829150
vt 0.003240 0.846150
vt 0.090240 0.770150
vt 0.043240 0.734150
vt 0.158240 0.649150
vt 0.202240 0.734150
vt 0.155240 0.770150
vt 0.099240 0.667150
vt 0.483240 0.738150
vt 0.426240 0.782150
vt 0.355240 0.782150
vt 0.297240 0.738150
vt 0.158240 0.848150
vt 0.155240 0.829150
vt 0.111240 0.848150
vt 0.097240 0.829150
vt 0.226240 0.829150
vt 0.223240 0.848150
vt 0.093240 0.829150
vt 0.425240 0.649150
vt 0.367240 0.667150
vt 0.425240 0.424150
vt 0.356240 0.704150
vt 0.356240 0.649150
vt 0.295240 0.704150
vt 0.355240 0.406150
vt 0.290240 0.704150
vt 0.486240 0.704150
vt 0.425240 0.704150
vt 0.425240 0.406150
vt 0.491240 0.704150
vt 0.661240 0.502150
vt 0.661240 0.482150
vt 0.594240 0.484150
vt 0.661240 0.541150
vt 0.661240 0.569150
vt 0.664240 0.450150
vt 0.596240 0.426150
vt 0.596240 0.449150
vt 0.664240 0.426150
vt 0.662240 0.617150
vt 0.594240 0.613150
vt 0.662240 0.602150
vt 0.594240 0.602150
vt 0.619240 0.326150
vt 0.587240 0.302150
vt 0.612240 0.308150
vt 0.613240 0.361150
vt 0.563240 0.308150
vt 0.599240 0.376150
vt 0.556240 0.326150
vt 0.561240 0.361150
vt 0.587240 0.381150
vt 0.575240 0.376150
vt 0.622240 0.079150
vt 0.639240 0.031150
vt 0.703240 0.075150
vt 0.603240 0.034150
vt 0.628240 0.008150
vt 0.603240 0.005150
vt 0.603240 0.079150
vt 0.604240 0.136150
vt 0.604240 0.133150
vt 0.604240 0.083150
vt 0.604240 0.135150
vt 0.706240 0.075150
vt 0.630240 0.031150
vt 0.624240 0.008150
vt 0.603240 0.006150
vt 0.750240 0.009150
vt 0.696240 0.009150
vt 0.694240 0.031150
vt 0.750240 0.031150
vt 0.747240 0.075150
vt 0.624240 0.132150
vt 0.623240 0.135150
vt 0.623240 0.083150
vt 0.704240 0.086150
vt 0.692240 0.123150
vt 0.624240 0.083150
vt 0.528240 0.130150
vt 0.528240 0.124150
vt 0.506240 0.135150
vt 0.528240 0.141150
vt 0.528240 0.146150
vt 0.557240 0.120150
vt 0.557240 0.128150
vt 0.557240 0.143150
vt 0.557240 0.150150
vt 0.573240 0.125150
vt 0.578240 0.124150
vt 0.573240 0.146150
vt 0.578240 0.146150
vt 0.587240 0.135150
vt 0.562240 0.135150
vt 0.396240 0.321150
vt 0.438240 0.302150
vt 0.438240 0.330150
vt 0.382240 0.302150
vt 0.382240 0.282150
vt 0.438240 0.270150
vt 0.492240 0.336150
vt 0.492240 0.302150
vt 0.518240 0.322150
vt 0.518240 0.302150
vt 0.493240 0.266150
vt 0.518240 0.282150
vt 0.493240 0.336150
vt 0.492240 0.266150
vt 0.382240 0.259150
vt 0.382240 0.235150
vt 0.382240 0.254150
vt 0.382240 0.230150
vt 0.439240 0.228150
vt 0.439240 0.262150
vt 0.493240 0.225150
vt 0.519240 0.229150
vt 0.519240 0.261150
vt 0.439240 0.339150
vt 0.396240 0.346150
vt 0.396240 0.364150
vt 0.439240 0.373150
vt 0.519240 0.372150
vt 0.519240 0.340150
vt 0.493240 0.377150
vt 0.175240 0.234150
vt 0.124240 0.232150
vt 0.124240 0.269150
vt 0.175240 0.268150
vt 0.385240 0.124150
vt 0.385240 0.087150
vt 0.448240 0.089150
vt 0.448240 0.123150
vt 0.494240 0.121150
vt 0.448240 0.141150
vt 0.239240 0.083150
vt 0.177240 0.076150
vt 0.177240 0.129150
vt 0.239240 0.124150
vt 0.245240 0.052150
vt 0.448240 0.066150
vt 0.503240 0.093150
vt 0.239240 0.155150
vt 0.385240 0.150150
vt 0.385240 0.053150
vt 0.024240 0.017150
vt 0.090240 0.010150
vt 0.120240 0.042150
vt 0.003240 0.042150
vt 0.090240 0.044150
vt 0.176240 0.203150
vt 0.176240 0.153150
vt 0.496240 0.153150
vt 0.505240 0.153150
vt 0.505240 0.203150
vt 0.496240 0.203150
vt 0.239240 0.200150
vt 0.385240 0.156150
vt 0.449240 0.200150
vt 0.385240 0.200150
vt 0.449240 0.156150
vt 0.449240 0.051150
vt 0.385240 0.007150
vt 0.385240 0.051150
vt 0.449240 0.007150
vt 0.244240 0.007150
vt 0.176240 0.054150
vt 0.176240 0.004150
vt 0.503240 0.005150
vt 0.503240 0.054150
vt 0.007240 0.228150
vt 0.007240 0.269150
vt 0.011240 0.092150
vt 0.004240 0.069150
vt 0.073240 0.068150
vt 0.073240 0.118150
vt 0.004240 0.117150
vt 0.073240 0.092150
vt 0.164240 0.134150
vt 0.139240 0.130150
vt 0.143240 0.177150
vt 0.058240 0.140150
vt 0.074240 0.177150
vt 0.012240 0.141150
vt 0.030240 0.141150
vt 0.030240 0.177150
vt 0.046240 0.141150
vt 0.002240 0.177150
vt 0.056240 0.177150
vt 0.300240 0.269150
vt 0.300240 0.232150
vt 0.351240 0.234150
vt 0.351240 0.268150
vt 0.183240 0.269150
vt 0.183240 0.228150
vt 0.754030 0.757270
vt 0.774160 0.752150
vt 0.793890 0.757470
vt 0.788130 0.765040
vt 0.759780 0.765040
vt 0.708990 0.672740
vt 0.679870 0.703460
vt 0.729300 0.702750
vt 0.774460 0.684880
vt 0.774640 0.689710
vt 0.749150 0.703350
vt 0.756230 0.675160
vt 0.792150 0.674980
vt 0.774970 0.660850
vt 0.791980 0.659930
vt 0.756230 0.659930
vt 0.774460 0.696270
vt 0.757190 0.703050
vt 0.791730 0.703400
vt 0.761790 0.710640
vt 0.756300 0.717710
vt 0.791730 0.717180
vt 0.799230 0.703880
vt 0.794770 0.727560
vt 0.787480 0.710470
vt 0.754150 0.727560
vt 0.659550 0.659870
vt 0.659550 0.672740
vt 0.679870 0.672740
vt 0.679870 0.659870
vt 0.708990 0.659870
vt 0.679870 0.736330
vt 0.648720 0.736330
vt 0.644660 0.703460
vt 0.719140 0.727040
vt 0.618390 0.673020
vt 0.570010 0.673020
vt 0.564040 0.703810
vt 0.624370 0.703810
vt 0.570010 0.660090
vt 0.618390 0.660090
vt 0.616000 0.737060
vt 0.572400 0.737060
vt 0.616180 0.754960
vt 0.616320 0.797430
vt 0.574300 0.797430
vt 0.574080 0.754960
vt 0.616320 0.828570
vt 0.574300 0.828570
vt 0.733240 0.551150
vt 0.702240 0.556150
vt 0.702240 0.562150
vt 0.728240 0.560150
vt 0.702240 0.575150
vt 0.725240 0.571150
vt 0.702240 0.587150
vt 0.725240 0.591150
vt 0.702240 0.601150
vt 0.702240 0.607150
vt 0.733240 0.612150
vt 0.728240 0.603150
vt 0.193240 0.808150
vt 0.161240 0.808150
vt 0.161240 0.782150
vt 0.197240 0.782150
vt 0.352240 0.791150
vt 0.316240 0.791150
vt 0.320240 0.814150
vt 0.352240 0.814150
vt 0.461240 0.814150
vt 0.465240 0.791150
vt 0.429240 0.791150
vt 0.429240 0.814150
vt 0.088240 0.791150
vt 0.041240 0.791150
vt 0.041240 0.782150
vt 0.088240 0.782150
vt 0.193240 0.814150
vt 0.161240 0.814150
vt 0.027240 0.704150
vt 0.088240 0.704150
vt 0.309240 0.791150
vt 0.356240 0.791150
vt 0.356240 0.782150
vt 0.052240 0.808150
vt 0.084240 0.808150
vt 0.084240 0.814150
vt 0.052240 0.814150
vt 0.204240 0.782150
vt 0.204240 0.791150
vt 0.157240 0.791150
vt 0.157240 0.782150
vt 0.218240 0.704150
vt 0.158240 0.704150
vt 0.425240 0.791150
vt 0.472240 0.791150
vt 0.472240 0.782150
vt 0.048240 0.782150
vt 0.084240 0.782150
vt 0.197240 0.791150
vt 0.161240 0.791150
vt 0.048240 0.791150
vt 0.084240 0.791150
vt 0.309240 0.782150
vt 0.983240 0.498150
vt 0.924240 0.482150
vt 0.922240 0.498150
vt 0.983240 0.655150
vt 0.993240 0.650150
vt 0.993240 0.659150
vt 0.983240 0.663150
vt 0.839240 0.496150
vt 0.733240 0.501150
vt 0.736240 0.531150
vt 0.832240 0.518150
vt 0.825240 0.529150
vt 0.665240 0.617150
vt 0.692240 0.616150
vt 0.692240 0.602150
vt 0.665240 0.602150
vt 0.732240 0.482150
vt 0.847240 0.476150
vt 0.921240 0.513150
vt 0.825240 0.539150
vt 0.976240 0.488150
vt 0.987240 0.498150
vt 0.734240 0.451150
vt 0.847240 0.448150
vt 0.851240 0.426150
vt 0.734240 0.426150
vt 0.926240 0.426150
vt 0.925240 0.442150
vt 0.978240 0.426150
vt 0.831240 0.620150
vt 0.831240 0.602150
vt 0.925240 0.602150
vt 0.926240 0.613150
vt 0.993240 0.602150
vt 0.989240 0.606150
vt 0.890240 0.642150
vt 0.891240 0.648150
vt 0.983240 0.646150
vt 0.993240 0.640150
vt 0.848240 0.670150
vt 0.882240 0.654150
vt 0.835240 0.666150
vt 0.883240 0.679150
vt 0.689240 0.555150
vt 0.689240 0.569150
vt 0.877240 0.680150
vt 0.873240 0.693150
vt 0.879240 0.693150
vt 0.835240 0.682150
vt 0.835240 0.691150
vt 0.848240 0.692150
vt 0.848240 0.682150
vt 0.879240 0.691150
vt 0.928240 0.690150
vt 0.946240 0.678150
vt 0.943240 0.690150
vt 0.890240 0.769150
vt 0.890240 0.727150
vt 0.890240 0.734150
vt 0.903240 0.734150
vt 0.919240 0.730150
vt 0.919240 0.774150
vt 0.903240 0.769150
vt 0.890240 0.777150
vt 0.954240 0.731150
vt 0.954240 0.727150
vt 0.993240 0.733150
vt 0.993240 0.728150
vt 0.993240 0.775150
vt 0.954240 0.777150
vt 0.993240 0.771150
vt 0.954240 0.773150
vt 0.954240 0.741150
vt 0.993240 0.744150
vt 0.954240 0.744150
vt 0.993240 0.743150
vt 0.993240 0.761150
vt 0.993240 0.759150
vt 0.954240 0.762150
vt 0.954240 0.759150
vt 0.910240 0.658150
vt 0.960240 0.658150
vt 0.914240 0.678150
vt 0.956240 0.678150
vt 0.925240 0.678150
vt 0.835240 0.727150
vt 0.868240 0.727150
vt 0.835240 0.734150
vt 0.868240 0.734150
vt 0.868240 0.777150
vt 0.868240 0.769150
vt 0.835240 0.769150
vt 0.835240 0.777150
vt 0.836240 0.746150
vt 0.836240 0.733150
vt 0.836240 0.771150
vt 0.836240 0.758150
vt 0.836240 0.777150
vt 0.836240 0.727150
vt 0.876240 0.786150
vt 0.876240 0.718150
vt 0.886240 0.717150
vt 0.886240 0.787150
vt 0.836240 0.780150
vt 0.836240 0.724150
vt 0.992240 0.776150
vt 0.992240 0.728150
vt 0.992240 0.752150
vt 0.992240 0.780150
vt 0.992240 0.723150
vt 0.749240 0.603150
vt 0.741240 0.613150
vt 0.769240 0.603150
vt 0.781240 0.589150
vt 0.751240 0.592150
vt 0.822240 0.603150
vt 0.822240 0.581150
vt 0.822240 0.607150
vt 0.781240 0.573150
vt 0.769240 0.559150
vt 0.741240 0.550150
vt 0.749240 0.559150
vt 0.751240 0.571150
vt 0.822240 0.560150
vt 0.822240 0.556150
vt 0.733240 0.603150
vt 0.730240 0.592150
vt 0.733240 0.559150
vt 0.730240 0.571150
vt 0.923240 0.552150
vt 0.950240 0.553150
vt 0.950240 0.547150
vt 0.936240 0.547150
vt 0.936240 0.560150
vt 0.950240 0.563150
vt 0.950240 0.546150
vt 0.970240 0.554150
vt 0.968240 0.564150
vt 0.983240 0.558150
vt 0.987240 0.554150
vt 0.983240 0.550150
vt 0.969240 0.547150
vt 0.970240 0.548150
vt 0.318240 0.301150
vt 0.236240 0.381150
vt 0.335240 0.381150
vt 0.253240 0.301150
vt 0.238240 0.374150
vt 0.333240 0.374150
vt 0.034240 0.342150
vt 0.036240 0.378150
vt 0.097240 0.342150
vt 0.095240 0.378150
vt 0.095240 0.438150
vt 0.036240 0.438150
vt 0.109240 0.464150
vt 0.022240 0.464150
vt 0.022240 0.342150
vt 0.109240 0.342150
vt 0.035240 0.282150
vt 0.096240 0.282150
vt 0.130240 0.342150
vt 0.141240 0.282150
vt 0.212240 0.342150
vt 0.201240 0.282150
vt 0.214240 0.464150
vt 0.128240 0.464150
vt 0.130240 0.464150
vt 0.212240 0.464150
vt 0.214240 0.342150
vt 0.128240 0.342150
vt 0.531240 0.275150
vt 0.545240 0.246150
vt 0.628240 0.275150
vt 0.614240 0.246150
vt 0.310240 0.881150
vt 0.310240 0.870150
vt 0.310240 0.902150
vt 0.310240 0.912150
vt 0.340240 0.885150
vt 0.340240 0.897150
vt 0.349240 0.930150
vt 0.328240 0.930150
vt 0.349240 0.912150
vt 0.328240 0.849150
vt 0.349240 0.849150
vt 0.340240 0.888150
vt 0.340240 0.894150
vt 0.349240 0.870150
vt 0.425240 0.399150
vt 0.425240 0.412150
vt 0.491240 0.412150
vt 0.491240 0.399150
vt 0.519240 0.051150
vt 0.588240 0.014150
vt 0.519240 0.007150
vt 0.588240 0.045150
vt 0.565240 0.093150
vt 0.554240 0.062150
vt 0.510240 0.093150
vt 0.520240 0.062150
vt 0.517240 0.062150
vt 0.150240 0.222150
vt 0.058240 0.214150
vt 0.046240 0.214150
vt 0.012240 0.214150
vt 0.030240 0.214150
vt 0.653480 0.798830
vt 0.653480 0.808980
vt 0.642610 0.794490
vt 0.655650 0.827090
vt 0.660000 0.816220
vt 0.642610 0.813330
vt 0.660000 0.791590
vt 0.655650 0.780720
vt 0.677390 0.798830
vt 0.677390 0.808980
vt 0.670140 0.816220
vt 0.670140 0.791590
vt 0.674490 0.780720
vt 0.687530 0.794490
vt 0.687530 0.813330
vt 0.674490 0.827090
vt 0.703010 0.803840
vt 0.799530 0.803840
vt 0.707680 0.810210
vt 0.707680 0.803840
vt 0.707680 0.798480
vt 0.799530 0.798990
vt 0.799530 0.808700
vt 0.869900 0.827530
vt 0.831560 0.832330
vt 0.831560 0.817520
vt 0.874080 0.814590
vt 0.831560 0.845270
vt 0.869900 0.850080
vt 0.831560 0.866740
vt 0.831560 0.860070
vt 0.874080 0.863010
vt 0.884250 0.803840
vt 0.894760 0.814370
vt 0.884240 0.873800
vt 0.894750 0.863230
vt 0.922370 0.863200
vt 0.897580 0.850600
vt 0.939410 0.847670
vt 0.997240 0.838820
vt 0.997240 0.861560
vt 0.939410 0.829950
vt 0.922370 0.814420
vt 0.897580 0.827010
vt 0.997240 0.816070
vt 0.831560 0.810870
vt 0.997240 0.867320
vt 0.997240 0.810330
vt 0.786240 0.062150
vt 0.836240 0.005150
vt 0.771240 0.136150
vt 0.748240 0.136150
vt 0.810240 0.136150
vt 0.798240 0.136150
vt 0.790240 0.152150
vt 0.780240 0.152150
vt 0.983240 0.005150
vt 0.956240 0.005150
vt 0.740240 0.152150
vt 0.669360 0.974120
vt 0.664740 0.909040
vt 0.676560 0.974120
vt 0.669410 0.974270
vt 0.676560 0.974270
vt 0.664660 0.909200
vt 0.667690 0.993560
vt 0.585910 0.890750
vt 0.588890 0.911580
vt 0.595900 0.889570
vt 0.388560 0.924340
vt 0.609740 0.911950
vt 0.609810 0.912080
vt 0.394020 0.968210
vt 0.392690 0.961120
vt 0.384950 0.961120
vt 0.378320 0.924350
vt 0.376690 0.915360
vt 0.387410 0.914090
vt 0.394740 0.976420
vt 0.394000 0.968100
vt 0.386500 0.969660
vt 0.388220 0.924350
vt 0.585560 0.890760
vt 0.588540 0.911590
vt 0.387070 0.914100
vt 0.703380 0.974800
vt 0.703330 0.974930
vt 0.696180 0.974790
vt 0.708030 0.909920
vt 0.696180 0.974940
vt 0.762890 0.912760
vt 0.762970 0.912630
vt 0.776800 0.890270
vt 0.783830 0.912240
vt 0.783820 0.912240
vt 0.786790 0.891430
vt 0.705060 0.994210
vt 0.707960 0.909760
vt 0.984220 0.924830
vt 0.984210 0.924820
vt 0.985360 0.914590
vt 0.996080 0.915830
vt 0.994460 0.924820
vt 0.980110 0.961580
vt 0.987850 0.961570
vt 0.978790 0.968660
vt 0.978810 0.968560
vt 0.978080 0.976870
vt 0.986320 0.970110
vt 0.787130 0.891440
vt 0.984560 0.924840
vt 0.985700 0.914600
vt 0.784170 0.912250
s 1
usemtl Body
f 1/1/1 2/2/2 3/3/3
f 2/2/4 4/4/5 3/3/5
f 3/3/5 4/4/5 5/5/6
f 6/6/7 7/7/8 1/1/9
f 7/7/8 8/8/10 1/1/9
f 8/8/11 9/9/12 1/1/13
f 1/1/13 9/9/12 2/2/14
f 9/9/15 10/10/16 2/2/17
f 2/2/17 10/10/16 4/4/18
f 5/5/19 11/11/20 12/12/21
f 5/5/19 13/13/22 11/11/20
f 5/5/19 4/4/23 13/13/22
f 13/13/24 14/14/25 11/11/26
f 13/13/24 15/15/27 14/14/25
f 13/13/28 10/10/29 15/15/30
f 4/4/31 10/10/29 13/13/28
f 8/8/32 16/16/33 17/17/34
f 18/18/35 16/16/33 8/8/32
f 7/7/36 8/8/32 19/19/37
f 20/20/38 5/5/39 12/12/40
f 3/3/41 5/5/39 20/20/38
f 12/12/42 21/21/43 22/22/44 20/20/45
f 16/16/46 23/16/46 17/17/46
f 24/18/47 23/16/47 16/16/47
f 18/18/47 24/18/47 16/16/47
f 8/8/48 24/18/48 18/18/48
f 25/23/49 26/24/50 15/15/51
f 15/15/51 26/24/50 27/25/52
f 28/26/53 15/15/51 14/14/54
f 26/24/47 29/24/47 30/25/47
f 26/24/47 30/25/47 27/25/47
f 27/25/55 30/25/55 15/15/55
f 29/27/56 31/28/57 32/29/58
f 29/27/56 32/29/58 30/30/59
f 31/28/60 33/31/61 34/32/61
f 31/28/62 34/32/63 32/29/62
f 32/29/64 34/32/65 14/33/66
f 15/34/67 32/29/64 14/33/66
f 30/30/68 32/29/64 15/34/67
f 14/33/69 15/34/70 7/35/70
f 15/34/70 10/36/70 7/35/70
f 7/35/70 9/37/71 8/38/70
f 10/36/70 9/37/71 7/35/70
f 35/39/72 36/40/72 23/41/72
f 24/42/73 35/39/72 23/41/72
f 37/43/74 38/44/75 36/40/76
f 35/39/77 37/43/74 36/40/76
f 7/35/78 37/43/79 35/39/80
f 7/35/78 35/39/80 8/38/81
f 8/38/81 35/39/80 24/42/82
f 8/8/32 17/17/34 19/19/37
f 28/26/83 25/23/49 15/15/51
f 25/23/84 29/24/85 26/24/84
f 23/41/86 36/40/87 17/40/88
f 36/40/87 38/44/89 19/44/89
f 17/40/88 36/40/87 19/44/90
f 25/28/91 31/28/92 29/27/84
f 28/31/93 33/31/94 31/28/92
f 28/31/93 31/28/92 25/28/91
f 39/45/95 40/46/96 41/47/96
f 41/47/96 40/46/96 42/48/97
f 12/49/98 11/50/99 20/51/100
f 11/50/99 14/52/101 20/51/100
f 20/51/100 14/52/101 39/53/98 40/54/98 7/55/100
f 20/51/100 7/55/100 6/56/100
f 20/51/102 40/57/103 43/58/104 44/59/105
f 21/60/106 45/61/107 39/62/108 12/49/109
f 6/6/110 1/1/1 3/3/3
f 40/54/98 46/63/100 37/64/111
f 34/65/100 47/66/100 39/53/98
f 14/52/101 34/65/100 39/53/98
f 48/67/112 49/68/113 50/69/114
f 51/70/115 49/68/116 48/67/112
f 52/69/117 53/68/118 54/67/119
f 54/67/119 53/68/118 55/70/120
f 54/67/121 50/69/122 52/69/123
f 48/67/124 50/69/122 54/67/121
f 50/71/125 49/72/126 53/73/127
f 50/71/126 53/73/128 52/74/128
f 51/70/129 48/75/130 55/70/131
f 55/70/131 48/75/130 54/75/132
f 56/69/133 57/68/134 58/67/135
f 58/67/135 57/68/134 59/70/136
f 60/67/137 61/68/138 62/69/139
f 63/70/140 61/68/138 60/67/141
f 62/69/142 56/69/143 60/67/121
f 60/67/121 56/69/143 58/67/144
f 61/73/145 57/72/146 56/71/147
f 62/74/145 61/73/145 56/71/147
f 63/70/131 58/75/131 59/70/148
f 60/75/149 58/75/149 63/70/149
f 20/20/150 6/6/110 3/3/3
f 64/76/100 65/77/100 66/78/100
f 67/79/151 68/80/152 69/81/153
f 69/81/153 68/80/152 70/82/154
f 70/82/154 71/83/155 72/84/156
f 69/85/157 70/86/158 73/87/159
f 73/87/159 70/86/158 74/88/160
f 70/86/158 72/89/161 74/88/160
f 74/88/160 72/89/161 75/90/162
f 68/80/152 67/79/163 76/91/164
f 76/91/164 67/79/163 77/92/165
f 68/80/152 71/83/155 70/82/154
f 68/80/152 76/91/164 71/83/155
f 71/83/155 76/91/164 78/93/166
f 64/81/167 79/80/168 80/79/169
f 81/82/170 79/80/171 64/81/167
f 82/84/172 83/83/173 81/82/170
f 73/87/159 81/86/174 64/85/175
f 74/88/160 81/86/174 73/87/159
f 74/88/160 82/89/176 81/86/174
f 75/90/162 82/89/176 74/88/160
f 84/91/177 85/92/178 79/80/171
f 79/80/168 85/92/179 80/79/169
f 81/82/170 83/83/180 79/80/171
f 84/91/177 79/80/171 86/93/181
f 86/93/181 79/80/171 83/83/180
f 75/94/47 86/93/47 83/83/47
f 66/78/100 69/95/100 64/76/100
f 67/96/100 87/59/100 80/97/100
f 87/59/100 21/60/100 80/97/100
f 77/98/100 67/96/100 80/97/100
f 80/97/100 85/99/100 77/98/100
f 69/95/100 73/100/100 64/76/100
f 78/93/182 86/93/182 88/93/182
f 78/93/47 86/93/47 71/83/47
f 71/83/47 86/93/47 75/94/47
f 37/64/111 7/55/100 40/54/98
f 89/101/183 90/102/184 91/103/185
f 92/103/186 93/102/187 94/101/188
f 95/104/189 93/102/187 92/103/186
f 96/105/190 93/102/187 95/104/189
f 97/104/191 90/102/184 98/105/184
f 91/103/185 90/102/184 97/104/191
f 92/106/192 89/107/192 91/108/192
f 94/109/193 89/107/192 92/106/192
f 96/110/194 90/111/195 93/112/196
f 98/113/197 90/111/195 96/110/194
f 91/108/198 97/114/199 92/106/200
f 92/106/200 97/114/199 95/115/201
f 95/115/202 98/113/202 96/110/203
f 97/114/204 98/113/202 95/115/202
f 93/116/205 90/117/205 89/107/205
f 94/109/206 93/116/205 89/107/205
f 99/118/207 100/119/207 101/120/208
f 102/121/209 103/122/210 104/123/209
f 105/124/211 106/125/212 100/119/212
f 100/119/213 106/125/212 107/126/214
f 108/120/215 109/126/215 110/118/215
f 110/118/215 109/126/215 111/119/215
f 112/125/216 113/124/217 109/126/218
f 109/126/218 113/124/219 111/119/220
f 101/127/221 107/128/222 108/129/221
f 108/129/221 107/128/222 109/130/221
f 106/131/223 112/132/224 107/128/225
f 107/128/226 112/132/224 109/130/227
f 110/129/228 111/130/228 99/127/228
f 99/127/228 111/130/228 100/128/228
f 113/132/229 105/131/230 111/130/230
f 111/130/230 105/131/230 100/128/230
f 114/133/210 103/122/210 102/121/209
f 101/120/208 100/119/207 107/126/208
f 99/118/231 101/120/232 103/122/233
f 103/122/233 101/120/232 104/123/234
f 115/121/215 116/123/235 117/133/236
f 117/133/236 116/123/235 118/122/237
f 108/120/238 110/118/239 116/123/240
f 116/123/240 110/118/239 118/122/241
f 102/134/242 104/135/221 115/136/221
f 115/136/221 104/135/221 116/137/243
f 101/127/244 108/129/245 104/135/246
f 104/135/246 108/129/245 116/137/247
f 117/136/248 118/137/249 114/134/250
f 114/134/250 118/137/249 103/135/251
f 110/129/252 99/127/252 118/137/252
f 118/137/252 99/127/252 103/135/252
f 119/138/253 120/139/254 121/140/255
f 119/138/253 121/140/255 122/141/256
f 123/141/257 124/140/258 125/138/259
f 124/140/258 126/142/258 125/138/259
f 125/138/260 126/142/260 127/143/261
f 128/144/262 129/145/263 130/146/264
f 128/144/262 126/142/260 129/145/263
f 127/143/261 126/142/260 128/144/262
f 131/143/265 120/139/266 119/138/267
f 132/146/268 133/147/268 134/144/269
f 134/144/269 120/139/266 131/143/265
f 133/147/268 120/139/266 134/144/269
f 133/148/270 126/142/271 120/149/272
f 129/145/272 126/142/271 133/148/270
f 120/149/273 126/142/274 124/150/273
f 121/151/274 120/149/273 124/150/273
f 128/152/275 132/153/275 134/154/275
f 128/152/275 130/155/275 132/153/275
f 127/156/276 134/154/277 131/157/278
f 127/156/276 128/152/279 134/154/277
f 132/153/280 129/155/281 133/153/280
f 130/155/280 129/155/281 132/153/280
f 119/158/282 122/159/282 123/160/283
f 119/158/282 123/160/283 125/161/284
f 119/158/285 127/156/286 131/157/286
f 125/161/287 127/156/286 119/158/285
f 122/141/288 121/140/289 123/162/290
f 123/162/290 121/140/289 124/163/291
f 135/164/292 136/165/293 137/166/294
f 135/164/292 137/166/294 138/167/295
f 138/167/296 137/166/297 139/166/298
f 140/167/299 138/167/296 139/166/298
f 141/165/300 142/164/301 139/166/302
f 139/166/302 142/164/301 140/167/303
f 141/165/304 136/165/305 142/164/306
f 142/164/306 136/165/305 135/164/307
f 143/168/308 141/165/309 139/166/309
f 144/169/310 141/165/309 143/168/308
f 140/167/280 135/164/281 138/167/280
f 142/164/281 135/164/281 140/167/280
f 144/169/311 136/165/311 141/165/311
f 139/166/312 137/166/312 143/168/312
f 145/101/313 146/102/314 147/103/315
f 148/103/316 149/102/317 150/101/318
f 151/104/319 149/102/317 148/103/316
f 152/105/320 149/102/317 151/104/319
f 153/104/321 146/102/314 154/105/322
f 147/103/315 146/102/314 153/104/321
f 148/106/323 145/107/324 147/108/324
f 150/109/325 145/107/324 148/106/323
f 152/110/326 146/111/326 149/112/327
f 154/113/328 146/111/326 152/110/326
f 147/108/329 153/114/330 148/106/331
f 148/106/331 153/114/330 151/115/332
f 151/115/333 154/113/334 152/110/335
f 153/114/334 154/113/334 151/115/333
f 149/116/336 146/117/336 145/107/336
f 150/109/337 149/116/336 145/107/336
f 155/118/315 156/119/315 157/120/315
f 158/121/338 159/122/338 160/123/339
f 161/124/340 162/125/341 156/119/342
f 156/119/342 162/125/341 163/126/343
f 164/120/344 165/126/345 166/118/346
f 166/118/346 165/126/345 167/119/347
f 168/125/348 169/124/349 165/126/350
f 165/126/351 169/124/350 167/119/352
f 157/127/353 163/128/353 164/129/353
f 164/129/353 163/128/353 165/130/353
f 162/131/354 168/132/355 163/128/356
f 163/128/357 168/132/355 165/130/358
f 166/129/359 167/130/360 155/127/360
f 155/127/360 167/130/360 156/128/360
f 169/132/361 161/131/362 167/130/361
f 167/130/362 161/131/363 156/128/363
f 170/133/364 159/122/338 158/121/338
f 157/120/315 156/119/315 163/126/315
f 155/118/365 157/120/366 159/122/367
f 159/122/367 157/120/366 160/123/368
f 171/121/320 172/123/318 173/133/317
f 173/133/317 172/123/318 174/122/317
f 164/120/369 166/118/370 172/123/371
f 172/123/371 166/118/370 174/122/372
f 158/134/373 160/135/374 171/136/375
f 171/136/375 160/135/374 172/137/375
f 157/127/376 164/129/377 160/135/378
f 160/135/378 164/129/377 172/137/379
f 173/136/380 174/137/381 170/134/381
f 170/134/381 174/137/381 159/135/382
f 166/129/383 155/127/383 174/137/384
f 174/137/384 155/127/383 159/135/383
f 175/140/385 176/139/386 177/138/387
f 178/141/388 175/140/385 177/138/387
f 179/138/389 180/140/390 181/141/391
f 179/138/389 182/142/389 180/140/390
f 183/143/392 182/142/393 179/138/394
f 184/146/395 185/145/396 186/144/397
f 185/145/396 182/142/393 186/144/397
f 186/144/397 182/142/393 183/143/392
f 177/138/398 176/139/399 187/143/400
f 188/144/401 189/147/402 190/146/403
f 187/143/400 176/139/399 188/144/401
f 188/144/401 176/139/399 189/147/402
f 176/149/404 182/142/404 189/148/404
f 189/148/404 182/142/404 185/145/405
f 180/150/406 182/142/406 176/149/406
f 180/150/406 176/149/406 175/151/407
f 188/154/408 190/153/409 186/152/410
f 190/153/409 184/155/411 186/152/410
f 187/157/412 188/154/413 183/156/414
f 188/154/413 186/152/413 183/156/414
f 189/153/415 185/155/415 190/153/415
f 190/153/415 185/155/415 184/155/415
f 181/160/416 178/159/417 177/158/418
f 179/161/416 181/160/416 177/158/418
f 187/157/419 183/156/420 177/158/419
f 177/158/419 183/156/420 179/161/420
f 181/162/421 175/140/422 178/141/423
f 180/163/421 175/140/422 181/162/421
f 191/166/424 192/165/425 193/164/426
f 194/167/427 191/166/424 193/164/426
f 195/166/428 191/166/429 194/167/429
f 195/166/428 194/167/429 196/167/430
f 195/166/431 197/164/432 198/165/433
f 196/167/434 197/164/432 195/166/431
f 197/164/435 192/165/436 198/165/437
f 193/164/438 192/165/436 197/164/435
f 195/166/439 198/165/439 199/168/439
f 199/168/440 198/165/440 200/169/440
f 194/167/415 193/164/415 196/167/415
f 196/167/415 193/164/415 197/164/415
f 198/165/394 192/165/394 200/169/394
f 199/168/441 191/166/441 195/166/441
f 201/170/442 202/171/443 203/172/444
f 204/173/445 201/170/442 203/172/444
f 205/174/446 206/175/447 207/176/448
f 205/174/446 207/176/448 208/177/449
f 209/178/450 210/179/451 211/180/452
f 209/178/450 211/180/452 212/181/453
f 213/182/454 214/183/455 215/184/456
f 216/185/457 213/182/457 215/184/456
f 214/183/455 206/175/447 205/174/446
f 215/184/456 214/183/455 205/174/446
f 203/172/444 202/171/443 210/179/451
f 203/172/444 210/179/451 209/178/450
f 205/186/458 208/187/459 203/172/460
f 203/172/460 208/187/459 204/188/461
f 209/178/462 212/189/463 215/190/464
f 212/189/463 216/191/465 215/190/464
f 205/186/458 203/172/460 215/190/464
f 215/190/464 203/172/460 209/178/462
f 206/192/466 202/193/467 207/194/468
f 207/194/468 202/193/467 201/195/469
f 210/196/470 214/197/471 211/198/472
f 211/198/472 214/197/471 213/199/473
f 210/196/470 202/193/467 214/197/471
f 214/197/471 202/193/467 206/192/466
f 204/200/474 207/201/475 201/202/475
f 208/203/475 207/201/475 204/200/474
f 224/208/486 225/209/486 226/210/486 227/211/486 228/212/486 229/213/486
f 230/214/487 231/215/488 232/216/489 233/217/490
f 234/217/491 232/216/489 231/215/488 235/214/492
f 236/218/493 234/217/491 235/214/492 237/219/494
f 238/220/495 236/218/493 237/219/494 239/221/496
f 240/218/497 238/220/495 239/221/496 241/219/498
f 233/217/490 240/218/497 241/219/498 230/214/487
f 226/222/499 225/223/500 242/224/501 243/225/502
f 226/222/499 243/225/502 244/226/503 227/227/504
f 227/227/504 244/226/503 245/228/505 228/229/505
f 229/230/506 228/231/507 245/232/508 246/233/509
f 224/234/510 229/230/506 246/233/509 247/235/511
f 224/234/510 247/235/511 242/236/512 225/237/513
f 248/238/514 223/239/514 221/240/514
f 221/241/515 220/242/515 248/243/515
f 249/244/516 250/245/517 251/246/518 252/247/519
f 253/248/520 254/249/520 255/250/520 256/251/520 257/252/520 258/253/520
f 259/254/521 260/255/522 251/254/523 250/256/524 261/257/523 262/256/525
f 259/254/526 263/258/527 264/259/528 260/255/529
f 262/256/530 265/260/531 263/258/527 259/254/526
f 261/257/532 248/243/533 265/260/531 262/256/530
f 250/245/517 249/244/516 248/238/534 261/261/535
f 256/262/536 249/244/516 252/247/519 257/263/537
f 260/264/538 264/265/539 252/247/519 251/246/518
f 257/263/537 252/247/519 264/265/539 258/266/540
f 253/267/541 258/268/542 264/259/528 263/258/527
f 254/269/543 253/267/541 263/258/527 265/260/531
f 254/269/543 265/260/531 248/243/533 255/270/544
f 256/262/536 255/271/545 248/238/534 249/244/516
f 266/272/546 267/272/546 268/273/546
f 267/272/547 266/272/547 269/274/547 270/274/547
f 270/274/548 269/274/548 271/275/548 272/275/548
f 272/275/549 271/275/549 273/276/550 274/276/550
f 274/276/551 273/276/551 275/277/551 276/277/551
f 276/277/552 277/278/553 268/273/554 267/272/555 270/274/556 272/275/556 274/276/557
f 268/273/558 277/278/559 275/277/560 273/276/561 271/275/562 269/274/562 266/272/563
f 278/57/564 279/58/565 280/51/566
f 281/279/567 282/280/568 283/281/569
f 284/282/570 281/283/571 280/20/572
f 285/284/573 286/285/574 287/286/575
f 285/284/573 288/11/576 286/285/574
f 285/284/573 287/286/575 289/21/577
f 287/286/575 284/282/570 290/287/578
f 291/288/579 282/35/580 292/289/581
f 292/289/581 282/35/580 293/290/582
f 293/290/582 282/35/580 294/291/582
f 284/292/583 293/293/584 281/294/585
f 293/293/584 294/295/586 281/294/585
f 292/296/587 293/293/588 287/297/587
f 287/297/587 293/293/588 284/292/587
f 286/279/589 295/280/590 291/298/591
f 288/281/592 295/280/590 286/279/589
f 286/294/593 292/293/594 287/292/595
f 286/294/593 291/295/596 292/293/594
f 281/283/571 283/6/597 280/20/572
f 290/287/578 284/282/570 280/20/572
f 289/21/577 287/286/575 290/287/578
f 295/33/598 296/299/599 291/288/579
f 291/288/579 296/299/599 297/47/600
f 294/298/601 282/280/568 281/279/567
f 291/288/579 279/300/602 282/35/580
f 279/300/602 278/46/603 282/35/580
f 297/47/600 279/300/602 291/288/579
f 280/51/566 279/58/565 290/59/604
f 278/54/100 280/51/100 282/55/100
f 282/55/100 280/51/100 283/56/100
f 289/60/605 297/61/606 285/49/607
f 285/49/607 297/61/606 296/301/608
f 288/50/100 285/49/100 295/52/100
f 295/52/100 285/49/100 296/301/100
f 290/59/100 279/58/100 289/60/100
f 289/60/100 279/58/100 297/61/100
f 298/302/609 299/303/610 300/304/611
f 300/304/611 299/303/610 301/43/612
f 278/303/613 298/302/614 302/302/615
f 278/303/613 299/303/613 298/302/615
f 301/64/100 299/305/100 278/54/100
f 282/55/100 301/64/100 278/54/100
f 303/306/616 300/304/611 282/35/617
f 300/304/611 301/43/612 282/35/617
f 304/32/618 305/299/619 306/307/620
f 306/307/620 305/299/619 307/308/621
f 308/308/622 307/308/623 296/299/624
f 307/308/625 305/299/626 296/299/624
f 296/301/100 304/65/100 295/52/100
f 296/301/100 305/309/100 304/65/100
f 295/33/627 304/32/618 306/307/620
f 295/33/628 306/307/629 309/310/630
f 310/311/631 311/312/632 312/313/633
f 310/311/631 312/313/633 313/92/634
f 314/314/635 313/92/634 315/79/636
f 314/314/635 310/311/631 313/92/634
f 316/315/637 314/314/635 315/79/636
f 316/315/637 315/79/636 317/81/638
f 311/316/639 318/317/640 312/318/641
f 319/319/642 318/317/640 311/316/639
f 316/320/643 317/321/644 320/322/645
f 320/322/645 317/321/644 321/323/646
f 322/313/647 323/312/648 324/311/649
f 325/92/650 322/313/647 324/311/649
f 326/79/651 325/92/650 327/314/652
f 325/92/650 324/311/649 327/314/652
f 326/79/651 327/314/652 328/315/653
f 329/81/654 326/79/655 328/315/656
f 322/318/657 318/317/658 323/316/659
f 323/316/659 318/317/640 319/319/642
f 320/322/645 329/321/660 328/320/661
f 321/323/646 329/321/660 320/322/645
f 325/324/100 318/325/100 322/326/100
f 326/327/100 318/325/100 325/324/100
f 312/328/100 318/325/100 326/327/100
f 329/329/100 312/328/100 326/327/100
f 313/330/100 312/328/100 329/329/100
f 315/331/100 313/330/100 329/329/100
f 321/332/100 317/333/100 329/329/100
f 317/333/100 315/331/100 329/329/100
f 330/334/662 331/335/663 332/336/664
f 333/337/665 331/335/663 330/334/662
f 333/337/665 334/338/666 331/335/663
f 333/337/665 335/339/667 334/338/666
f 336/340/668 333/337/665 330/334/662
f 337/341/669 338/342/670 333/343/671
f 338/342/670 335/343/672 333/343/671
f 339/344/670 337/341/669 336/343/673
f 337/341/669 333/343/671 336/343/673
f 340/345/674 341/346/675 342/334/676
f 342/334/676 337/337/677 339/340/678
f 342/334/676 341/346/675 337/337/677
f 343/347/679 338/348/680 337/337/677
f 334/349/681 343/350/682 341/351/683
f 331/352/684 334/349/681 341/351/683
f 340/345/685 331/352/684 341/351/683
f 332/353/686 331/352/684 340/345/685
f 343/354/687 335/343/688 338/342/689
f 342/355/690 336/343/691 330/356/692
f 332/357/693 340/358/694 330/356/692
f 330/356/692 340/358/694 342/355/690
f 339/344/691 336/343/691 342/355/690
f 341/346/675 343/347/679 337/337/677
f 334/359/695 335/343/688 343/354/687
f 344/360/696 345/361/697 346/362/698
f 347/363/699 344/360/696 346/362/698
f 347/363/699 346/362/698 348/364/700
f 344/360/696 349/365/701 345/361/697
f 350/366/702 349/365/701 344/360/696
f 351/367/703 344/360/696 347/363/699
f 351/367/703 350/366/702 344/360/696
f 352/368/704 347/363/699 348/364/700
f 351/367/703 347/363/699 352/368/704
f 353/369/705 349/365/701 350/366/702
f 354/370/706 349/365/701 353/369/705
f 355/371/707 351/367/703 352/368/704
f 356/372/708 355/371/707 352/368/704
f 357/373/709 354/370/706 353/369/705
f 356/372/708 357/373/709 355/371/707
f 358/374/710 353/369/705 350/366/702
f 358/374/710 350/366/702 351/367/703
f 355/371/707 358/374/710 351/367/703
f 357/373/709 353/369/705 355/371/707
f 355/371/707 353/369/705 358/374/710
f 359/375/711 360/376/712 361/377/713
f 359/375/711 362/378/714 360/376/712
f 363/379/715 364/380/716 360/376/712
f 362/378/714 363/379/715 360/376/712
f 365/377/717 366/376/718 367/375/719
f 366/376/718 368/378/720 367/375/719
f 366/376/718 369/380/721 370/379/722
f 366/376/718 370/379/722 368/378/720
f 371/381/723 372/382/724 373/383/725
f 373/383/726 372/382/724 374/384/727
f 372/382/724 375/385/728 376/386/729
f 372/382/724 376/386/729 374/384/727
f 377/383/730 378/382/731 379/387/732
f 380/384/733 378/382/731 377/383/730
f 381/386/734 382/388/735 378/382/731
f 380/384/733 381/386/734 378/382/731
f 379/387/732 378/382/731 365/377/717
f 378/382/731 366/376/718 365/377/717
f 378/382/731 382/388/735 369/380/721
f 378/382/731 369/380/721 366/376/718
f 361/377/713 372/382/724 371/381/723
f 361/377/713 360/376/712 372/382/724
f 364/380/716 375/385/728 372/382/724
f 360/376/712 364/380/716 372/382/724
f 362/389/736 370/390/737 363/391/738
f 368/392/739 370/390/737 362/389/736
f 367/390/740 362/389/736 359/391/741
f 367/390/740 368/392/739 362/389/736
f 363/391/738 369/393/742 364/394/743
f 370/390/737 369/393/742 363/391/738
f 375/385/744 382/395/745 381/396/746
f 376/397/747 375/385/744 381/396/746
f 369/393/742 382/395/745 375/385/744
f 369/393/742 375/385/744 364/394/743
f 365/398/748 367/399/749 359/400/749
f 365/398/748 359/400/749 361/401/750
f 373/402/751 377/403/752 371/404/753
f 371/404/754 377/403/755 379/387/756
f 371/404/754 365/398/748 361/401/750
f 379/387/756 365/398/748 371/404/754
f 383/405/757 384/406/758 385/407/759
f 386/408/760 383/405/757 385/407/759
f 387/409/761 388/410/762 389/411/763
f 387/409/761 389/411/763 390/412/764
f 390/412/764 391/413/765 392/414/766
f 393/414/767 394/413/768 386/412/769
f 395/415/770 396/416/771 397/417/772
f 398/418/773 395/415/770 397/417/772
f 395/415/770 399/419/774 396/416/771
f 389/411/763 400/420/775 401/421/776
f 402/421/777 403/420/778 383/411/779
f 404/417/780 405/415/781 406/418/782
f 404/417/780 407/416/783 405/415/781
f 407/416/783 408/419/784 405/415/781
f 409/422/785 398/418/773 397/417/772
f 410/423/786 387/409/761 392/414/766
f 387/409/761 390/412/764 392/414/766
f 404/417/780 406/418/782 411/422/787
f 403/420/778 412/424/788 384/410/789
f 383/411/779 403/420/778 384/410/789
f 388/410/762 413/424/790 400/420/775
f 388/410/762 400/420/775 389/411/763
f 384/410/789 399/419/774 395/415/770
f 412/424/788 399/419/774 384/410/789
f 388/410/762 408/419/784 413/424/790
f 405/415/781 408/419/784 388/410/762
f 390/412/764 389/411/763 391/413/765
f 391/413/765 389/411/763 401/421/776
f 394/413/768 383/411/779 386/412/769
f 402/421/777 383/411/779 394/413/768
f 414/423/791 398/418/773 409/422/785
f 385/409/792 398/418/773 414/423/791
f 393/414/767 386/412/769 385/409/792
f 393/414/767 385/409/792 414/423/791
f 411/422/787 406/418/782 410/423/786
f 410/423/786 406/418/782 387/409/761
f 415/425/793 416/426/794 417/427/795
f 418/428/796 415/425/793 417/427/795
f 417/427/797 416/426/798 419/429/799
f 419/429/799 416/426/798 415/425/800
f 419/429/799 415/425/800 418/428/801
f 396/430/802 407/431/803 404/431/804
f 397/430/805 396/430/802 404/431/804
f 391/432/806 401/433/807 402/434/808
f 391/432/806 402/434/808 394/435/809
f 409/436/810 397/430/811 411/422/812
f 397/430/811 404/431/813 411/422/812
f 410/437/814 393/438/815 414/439/816
f 410/437/814 392/440/817 393/438/815
f 409/436/818 410/437/814 414/439/816
f 411/422/819 410/437/814 409/436/818
f 392/440/817 391/432/806 393/438/815
f 393/438/815 391/432/806 394/435/809
f 403/441/820 413/442/821 412/443/822
f 400/444/823 413/442/821 403/441/820
f 412/443/822 408/445/824 399/419/825
f 413/442/821 408/445/824 412/443/822
f 396/446/826 408/445/827 407/447/828
f 399/419/829 408/445/827 396/446/826
f 401/448/830 400/444/823 402/449/831
f 402/449/831 400/444/823 403/441/820
f 384/406/758 395/450/832 398/451/833
f 385/407/759 384/406/758 398/451/833
f 406/418/782 388/410/762 387/409/761
f 406/418/782 405/415/781 388/410/762
f 426/458/838 427/459/839 423/460/840
f 428/458/841 429/459/842 427/459/839
f 430/461/843 429/459/842 421/462/844
f 424/462/845 427/459/839 431/461/846
f 423/460/840 427/459/839 424/462/845
f 428/458/841 427/459/839 426/458/838
f 422/460/847 429/459/842 428/458/841
f 421/462/844 429/459/842 422/460/848
f 431/461/849 427/459/839 430/461/843
f 427/459/839 429/459/842 430/461/843
f 433/336/858 434/335/859 435/334/860
f 435/334/860 434/335/859 436/337/861
f 434/335/859 437/338/862 436/337/861
f 437/338/862 438/339/863 436/337/861
f 435/334/860 436/337/861 439/340/864
f 436/343/865 440/342/865 441/341/866
f 436/343/865 438/343/867 440/342/865
f 439/343/868 441/341/866 442/344/868
f 439/343/868 436/343/865 441/341/866
f 443/334/869 444/346/870 445/345/871
f 442/340/872 441/337/873 443/334/869
f 441/337/873 444/346/870 443/334/869
f 441/337/873 440/348/874 446/347/875
f 444/351/876 446/350/877 437/349/878
f 444/351/876 437/349/878 434/352/879
f 444/351/876 434/352/879 445/345/880
f 445/345/880 434/352/879 433/353/881
f 440/342/882 438/343/883 446/354/884
f 435/356/885 439/343/886 443/355/887
f 435/356/885 445/358/888 433/357/889
f 443/355/887 445/358/888 435/356/885
f 443/355/887 439/343/886 442/344/890
f 441/337/873 446/347/875 444/346/870
f 446/354/884 438/343/883 437/359/891
f 447/362/892 448/361/893 449/360/894
f 447/362/892 449/360/894 450/363/895
f 451/364/896 447/362/892 450/363/895
f 448/361/893 452/365/897 449/360/894
f 449/360/894 452/365/897 453/366/898
f 450/363/895 449/360/894 454/367/899
f 449/360/894 453/366/898 454/367/899
f 451/364/896 450/363/895 455/368/900
f 455/368/900 450/363/895 454/367/899
f 453/366/898 452/365/897 456/369/901
f 456/369/901 452/365/897 457/370/902
f 455/368/900 454/367/899 458/371/903
f 455/368/900 458/371/903 459/372/904
f 456/369/901 457/370/902 460/373/905
f 458/371/903 460/373/905 459/372/904
f 453/366/898 456/369/901 461/374/906
f 454/367/899 453/366/898 461/374/906
f 454/367/899 461/374/906 458/371/903
f 458/371/903 456/369/901 460/373/905
f 461/374/906 456/369/901 458/371/903
f 462/377/907 463/376/908 464/375/909
f 463/376/908 465/378/910 464/375/909
f 463/376/908 466/380/911 467/379/912
f 463/376/908 467/379/912 465/378/910
f 468/375/913 469/376/914 470/377/915
f 468/375/913 471/378/916 469/376/914
f 472/379/917 473/380/918 469/376/914
f 471/378/916 472/379/917 469/376/914
f 474/383/919 475/382/920 476/381/921
f 477/384/922 475/382/920 474/383/919
f 478/386/923 479/385/924 475/382/920
f 477/384/922 478/386/925 475/382/920
f 480/387/926 481/382/927 482/383/928
f 482/383/928 481/382/927 483/384/929
f 481/382/927 484/388/930 485/386/931
f 481/382/927 485/386/931 483/384/929
f 470/377/915 481/382/927 480/387/926
f 470/377/915 469/376/914 481/382/927
f 473/380/918 484/388/930 481/382/927
f 469/376/914 473/380/918 481/382/927
f 476/381/921 475/382/920 462/377/907
f 475/382/920 463/376/908 462/377/907
f 475/382/920 479/385/924 466/380/911
f 475/382/920 466/380/911 463/376/908
f 467/391/932 472/390/933 465/389/934
f 465/389/934 472/390/933 471/392/935
f 464/391/936 465/389/934 468/390/937
f 465/389/934 471/392/935 468/390/937
f 466/394/938 473/393/939 467/391/932
f 467/391/932 473/393/939 472/390/933
f 485/396/940 484/395/941 479/385/942
f 485/396/943 479/385/944 478/397/943
f 479/385/942 484/395/941 473/393/939
f 466/394/938 479/385/942 473/393/939
f 464/400/945 468/399/946 470/398/947
f 462/401/948 464/400/945 470/398/947
f 476/404/949 482/403/950 474/402/951
f 480/387/952 482/403/950 476/404/949
f 462/401/948 470/398/947 476/404/949
f 476/404/949 470/398/947 480/387/952
f 486/469/953 487/470/954 488/471/955
f 486/469/953 488/471/955 489/472/956
f 490/411/957 491/410/958 492/409/959
f 493/412/960 490/411/957 492/409/959
f 494/414/961 495/413/962 493/412/960
f 489/412/963 496/413/964 497/414/965
f 498/417/966 499/416/967 500/415/968
f 498/417/966 500/415/968 501/418/969
f 499/416/967 502/419/970 500/415/968
f 503/421/971 504/420/972 490/411/957
f 488/411/973 505/420/974 506/421/975
f 507/418/976 508/415/977 509/417/978
f 508/415/977 510/416/979 509/417/978
f 508/415/977 511/419/980 510/416/979
f 498/417/966 501/418/969 512/422/981
f 494/414/961 492/409/959 513/423/982
f 494/414/961 493/412/960 492/409/959
f 514/422/983 507/418/976 509/417/978
f 487/410/984 515/424/985 505/420/974
f 487/410/984 505/420/974 488/411/973
f 504/420/972 516/424/986 491/410/958
f 490/411/957 504/420/972 491/410/958
f 500/415/968 502/419/970 487/410/984
f 487/410/984 502/419/970 515/424/985
f 516/424/986 511/419/980 491/410/958
f 491/410/958 511/419/980 508/415/977
f 495/413/962 490/411/957 493/412/960
f 503/421/971 490/411/957 495/413/962
f 489/412/963 488/411/973 496/413/964
f 496/413/964 488/411/973 506/421/975
f 512/422/981 501/418/969 517/423/987
f 517/423/987 501/418/969 486/409/988
f 486/409/988 489/412/963 497/414/965
f 517/423/987 486/409/988 497/414/965
f 513/423/982 507/418/976 514/422/983
f 492/409/959 507/418/976 513/423/982
f 518/427/989 519/426/990 520/425/991
f 518/427/989 520/425/991 521/428/992
f 522/429/993 519/426/994 518/427/995
f 520/425/996 519/426/994 522/429/993
f 521/428/997 520/425/996 522/429/993
f 509/431/998 510/431/999 499/430/1000
f 509/431/998 499/430/1000 498/430/1001
f 506/434/1002 503/433/1003 495/432/1004
f 496/435/1005 506/434/1002 495/432/1004
f 514/422/1006 498/430/1007 512/436/1008
f 514/422/1006 509/431/1009 498/430/1007
f 517/439/1010 497/438/1011 513/437/1012
f 497/438/1011 494/440/1013 513/437/1012
f 517/439/1010 513/437/1012 512/436/1014
f 512/436/1014 513/437/1012 514/422/1014
f 497/438/1011 495/432/1004 494/440/1013
f 496/435/1005 495/432/1004 497/438/1011
f 515/443/1015 516/442/1016 505/441/1017
f 505/441/1017 516/442/1016 504/444/1018
f 502/419/1019 511/445/1020 515/443/1015
f 515/443/1015 511/445/1020 516/442/1016
f 510/447/1021 511/445/1022 499/446/1023
f 499/446/1023 511/445/1022 502/419/1024
f 505/441/1017 504/444/1018 506/449/1025
f 506/449/1025 504/444/1018 503/448/1026
f 501/473/1027 500/474/1028 487/470/954
f 501/473/1027 487/470/954 486/469/953
f 492/409/959 491/410/958 507/418/976
f 491/410/958 508/415/977 507/418/976
f 527/460/1033 529/459/1034 530/458/1035
f 529/459/1034 531/459/1036 532/458/1037
f 524/462/1038 531/459/1036 533/461/1039
f 534/461/1040 529/459/1034 526/462/1041
f 526/462/1041 529/459/1034 527/460/1033
f 530/458/1035 529/459/1034 532/458/1037
f 532/458/1037 531/459/1036 523/460/1042
f 523/460/1042 531/459/1036 524/462/1038
f 533/461/1039 529/459/1034 534/461/1040
f 533/461/1039 531/459/1036 529/459/1034
f 541/480/1056 542/481/1057 543/482/1058
f 544/483/1059 545/484/1060 546/485/1061
f 547/486/1062 544/483/1059 546/485/1061
f 547/486/1063 541/487/1063 548/488/1063
f 549/489/1064 541/487/1064 547/486/1064
f 550/490/1065 549/489/1065 547/486/1065
f 541/487/1066 544/483/1066 548/488/1066
f 544/483/1067 547/486/1067 548/488/1067
f 545/484/1068 537/491/1069 536/492/1070
f 538/493/1071 537/491/1069 545/484/1068
f 540/494/1072 551/495/1073 546/485/1074
f 536/492/1075 540/494/1072 546/485/1074
f 552/496/1076 543/497/1076 553/498/1076
f 539/499/1077 538/493/1078 543/497/1079
f 552/496/1080 539/499/1077 543/497/1079
f 546/485/1081 551/495/1081 554/500/1081
f 545/484/1082 544/483/1083 543/497/1084
f 545/484/1068 536/492/1070 546/485/1085
f 538/493/1071 545/484/1068 543/497/1086
f 539/499/1087 552/496/1088 551/495/1089
f 540/494/1090 539/499/1087 551/495/1089
f 555/501/1091 556/502/1092 557/503/1093
f 558/504/1094 555/501/1095 557/503/1093
f 559/504/1096 560/503/1097 561/502/1098
f 562/501/1099 559/504/1096 561/502/1098
f 550/505/1100 547/480/1101 560/503/1097
f 559/504/1096 550/505/1102 560/503/1097
f 551/495/1103 552/496/1104 553/498/1105
f 554/500/1106 551/495/1103 553/498/1105
f 560/503/1097 547/480/1101 563/481/1107
f 541/480/1056 557/503/1093 542/481/1057
f 558/504/1094 557/503/1093 541/480/1056
f 549/505/1108 558/504/1094 541/480/1056
f 546/482/1109 563/481/1107 547/480/1101
f 564/506/1110 565/507/1111 566/508/1112
f 563/481/1107 564/506/1110 566/508/1112
f 543/482/1058 542/481/1057 567/506/1113
f 553/509/1114 543/482/1058 567/506/1113
f 567/506/1113 542/481/1057 568/508/1115
f 569/507/1116 567/506/1113 568/508/1115
f 557/503/1093 556/502/1092 568/508/1115
f 542/481/1057 557/503/1093 568/508/1115
f 560/503/1097 563/481/1107 566/508/1112
f 561/502/1098 560/503/1097 566/508/1112
f 554/509/1117 564/506/1110 563/481/1107
f 546/482/1109 554/509/1117 563/481/1107
f 556/510/1118 561/511/1119 566/512/1120
f 568/513/1121 556/510/1118 566/512/1120
f 562/514/1122 561/511/1119 556/510/1118
f 555/515/1123 562/514/1124 556/510/1125
f 569/516/1126 568/513/1121 566/512/1120
f 565/517/1127 569/516/1126 566/512/1120
f 553/518/1128 567/519/1129 564/520/1130
f 554/521/1131 553/518/1128 564/520/1130
f 567/519/1129 569/522/1132 565/523/1133
f 564/520/1130 567/519/1129 565/523/1133
f 544/483/1083 541/487/1134 543/497/1084
f 570/524/1135 571/525/1136 572/526/1137 573/527/1138
f 574/528/1139 575/529/1140 573/527/1138 572/526/1137
f 575/529/1140 574/528/1139 576/530/1141 577/531/1142
f 578/532/1143 579/533/1144 580/534/1145 581/535/1146
f 576/530/1141 578/532/1143 581/535/1146 577/531/1142
f 582/536/1147 583/537/1148 584/538/1147 585/539/1147
f 586/540/1149 587/541/582 588/542/1149 589/543/1149
f 590/544/1150 591/545/1150 592/546/1150 593/547/1151
f 594/548/1152 595/549/1153 596/550/1154 597/551/1155
f 582/536/1156 590/552/1156 593/553/1157 583/537/1156
f 597/551/1158 596/550/1159 598/554/1160 599/555/1161
f 595/556/1162 594/557/1163 600/302/1164 601/304/1165
f 597/558/1166 599/302/1167 600/302/1168 594/557/1169
f 602/559/1170 603/560/1170 589/561/1170 588/562/1171
f 604/563/1172 605/564/1173 606/565/1174 607/566/1175
f 608/567/1176 604/563/1177 607/566/1178 609/568/1179
f 610/308/1180 606/569/1181 605/570/1182 611/307/1183
f 610/308/1184 609/308/1185 607/289/1186 606/569/1187
f 604/571/1188 608/310/1188 605/570/1189
f 608/310/1190 611/307/1183 605/570/1182
f 602/559/1191 612/572/1148 613/573/1191 603/560/1192
f 582/536/1193 585/539/1194 591/574/1195 590/552/1196
f 592/575/1197 584/538/1197 583/537/1197 593/553/1197
f 587/576/1198 612/572/1199 602/559/1200 588/562/1201
f 603/560/1202 613/573/1202 586/577/1202 589/561/1202
f 596/578/1203 595/556/1203 598/306/1203
f 598/306/1204 595/556/1162 601/304/1165
f 614/579/1205 615/580/1206 616/581/1207
f 617/582/1208 618/583/1209 619/584/1210 620/585/1211
f 621/586/1212 622/587/1213 623/588/1214 624/589/1215
f 625/590/1216 624/589/1215 623/588/1214
f 626/588/1217 627/587/1218 628/586/1219 629/589/1220
f 626/588/1217 629/589/1220 630/590/1221
f 631/591/1222 632/592/1223 633/593/1224 634/594/1225
f 635/595/1226 622/587/1213 621/586/1212 636/596/1227
f 615/580/1206 636/596/1227 621/586/1212 616/581/1207
f 637/597/1228 616/581/1207 624/589/1215 625/590/1216
f 616/581/1207 621/586/1212 624/589/1215
f 638/598/1229 637/597/1228 625/590/1216
f 622/587/1213 639/311/1230 640/314/1231 623/588/1214
f 641/599/1232 615/580/1206 614/579/1205
f 614/579/1205 616/581/1207 637/597/1228
f 642/600/1233 641/599/1232 614/579/1205
f 635/601/1234 636/602/1235 643/603/1236 644/604/1237
f 645/605/1238 643/603/1236 636/602/1235 615/606/1239
f 641/607/1240 645/605/1238 615/606/1239
f 638/608/1241 619/609/1242 646/610/1243 637/611/1244
f 637/611/1244 646/610/1243 647/612/1245 614/613/1246
f 647/612/1245 642/612/1247 614/613/1246
f 628/586/1219 627/587/1218 648/595/1248 649/596/1249
f 628/586/1219 649/596/1249 650/580/1250 651/581/1251
f 629/589/1220 651/581/1251 652/597/1252 630/590/1221
f 629/589/1220 628/586/1219 651/581/1251
f 630/590/1221 652/597/1252 618/598/1253
f 651/581/1251 650/580/1250 653/579/1254
f 653/579/1254 650/580/1250 641/599/1232
f 652/597/1252 651/581/1251 653/579/1254
f 653/579/1254 641/599/1232 642/600/1233
f 643/603/1236 649/602/1255 648/601/1256 644/604/1237
f 649/602/1255 643/603/1236 645/605/1238 650/606/1257
f 650/606/1257 645/605/1238 641/607/1240
f 646/610/1243 619/609/1242 618/608/1258 652/611/1259
f 647/612/1245 646/610/1243 652/611/1259 653/613/1260
f 653/613/1260 642/612/1247 647/612/1245
f 623/614/1261 654/615/1262 655/616/1263 625/617/1264
f 638/583/1265 625/617/1264 655/616/1263 656/582/1266
f 656/582/1266 620/585/1211 619/584/1210 638/583/1265
f 626/614/1267 630/617/1268 657/616/1269 658/615/1270
f 618/583/1209 617/582/1208 657/616/1269 630/617/1268
f 579/618/1271 580/619/1272 659/620/1273
f 635/595/1226 660/312/1274 639/311/1230 622/587/1213
f 661/621/1275 662/615/1276 663/621/1277
f 659/622/1278 623/588/1214 640/314/1231
f 659/622/1278 640/314/1231 664/315/1279 665/623/1280
f 635/601/1234 644/604/1237 666/319/1281 660/316/1282
f 667/311/1283 668/312/1284 648/595/1248 627/587/1218
f 627/587/1218 626/588/1217 669/314/1285 667/311/1283
f 669/314/1285 626/588/1217 670/622/1286
f 631/315/1287 669/314/1285 670/622/1286 632/623/1288
f 666/319/1281 644/604/1237 648/601/1256 668/316/1289
f 580/619/1290 581/624/1291 663/621/1292 654/615/1293
f 581/624/1291 577/625/1294 671/626/1295 663/621/1292
f 665/627/1296 633/628/1297 576/629/1298 578/630/1299
f 579/618/1271 659/620/1273 665/627/1296 578/630/1299
f 580/619/1272 623/614/1261 659/620/1273
f 632/627/1300 572/630/1301 574/629/1302 633/628/1297
f 654/615/1262 623/614/1261 580/619/1272
f 670/620/1303 570/619/1304 571/618/1305
f 663/621/1277 662/615/1276 654/615/1306
f 672/631/1307 661/621/1275 671/626/1308
f 671/626/1308 661/621/1275 663/621/1277
f 570/619/1309 658/615/1310 673/621/1311 573/624/1312
f 674/626/1313 575/625/1314 573/624/1312 673/621/1311
f 576/629/1298 633/628/1297 574/629/1302
f 632/627/1300 670/620/1303 571/618/1305 572/630/1301
f 674/626/1315 675/621/1316 676/631/1317
f 673/621/1318 675/621/1316 674/626/1315
f 670/620/1303 626/614/1267 570/619/1304
f 570/619/1304 626/614/1267 658/615/1270
f 658/615/1319 677/615/1320 673/621/1321
f 673/621/1318 677/615/1322 675/621/1316
f 633/593/1224 665/592/1323 664/591/1324 634/594/1225
f 674/626/1315 676/631/1317 671/626/1308
f 676/631/1317 672/631/1307 671/626/1308
f 575/625/1314 674/626/1313 671/626/1295 577/625/1294
f 678/632/100 679/633/100 680/634/100
f 681/635/100 682/636/100 683/637/100
f 683/637/1325 682/636/1326 684/638/1327
f 684/638/1327 682/636/1326 685/639/1328
f 685/639/1329 686/640/1329 687/641/1329
f 684/638/1329 685/639/1329 687/641/1329
f 686/640/1330 688/642/1331 687/641/1332
f 687/641/1333 688/642/1334 681/635/1335
f 681/635/1336 683/637/1337 687/641/1336
f 687/641/1336 683/637/1337 684/638/1336
f 689/643/1338 690/644/1339 691/645/1340
f 691/645/1341 690/644/1339 692/646/1342
f 693/647/1343 694/648/1344 695/649/1345
f 695/649/1345 694/648/1346 696/650/1347
f 689/643/1348 695/649/1348 696/650/1348
f 691/645/1348 695/649/1349 689/643/1349
f 679/651/1350 697/652/1351 680/653/1352
f 679/651/1350 698/654/1353 697/652/1351
f 698/654/47 699/655/47 700/656/47
f 697/652/47 698/654/47 700/656/47
f 700/656/1354 699/655/1355 701/657/1356
f 678/658/1357 700/656/1358 701/657/1356
f 680/653/1359 700/656/1360 678/658/1359
f 697/652/1359 700/656/1360 680/653/1359
f 694/659/100 690/660/100 696/661/100
f 696/661/100 690/660/100 689/662/100
f 701/663/100 679/633/100 678/632/100
f 688/642/100 682/636/100 681/635/100
f 702/664/1361 703/665/1362 704/666/1363
f 704/666/1364 703/665/1362 705/667/1365
f 703/665/47 706/668/47 707/669/47
f 705/667/47 703/665/47 707/669/47
f 708/670/1366 706/668/1367 709/671/1368
f 707/669/1369 706/668/1370 708/670/1366
f 708/670/1371 704/666/1371 707/669/1371
f 707/669/1371 704/666/1371 705/667/1371
f 574/672/47 572/673/47 578/674/47 576/675/47
f 579/676/47 578/674/47 572/673/47 571/677/47
f 580/678/1372 570/679/1373 658/680/1374 654/681/1375
f 579/682/1376 571/683/1377 570/679/1376 580/678/1378
f 656/684/100 617/685/100 620/686/100
f 656/684/100 655/687/100 617/685/100
f 655/687/100 657/688/100 617/685/100
f 658/680/1379 657/688/1380 655/687/1379 654/681/1381
f 710/689/1382 654/690/1383 711/691/1384
f 712/692/1385 713/693/1386 710/689/1382 711/691/1384
f 711/691/1384 656/694/1387 620/695/1388 712/692/1385
f 654/690/1383 655/696/1389 711/691/1384
f 711/691/1384 655/696/1389 656/694/1387
f 712/692/1385 620/695/1388 714/697/1390
f 715/698/1391 658/699/1392 716/700/1393
f 716/700/1393 717/701/1394 714/697/1390 715/698/1391
f 715/698/1391 714/697/1390 620/695/1388 617/702/1395
f 715/698/1391 657/703/1396 658/699/1392
f 617/702/1395 657/703/1396 715/698/1391
f 712/692/1385 714/697/1390 717/701/1394 713/693/1386
f 663/704/1397 654/690/1383 710/689/1382
f 710/689/1382 713/693/1386 671/705/1398 663/704/1397
f 716/700/1393 658/699/1392 673/706/1399
f 671/705/1398 713/693/1386 717/701/1394 674/707/1400
f 716/700/1393 673/706/1399 674/707/1400 717/701/1394
f 718/708/1401 719/709/1402 720/710/1403 721/711/1404
f 719/709/1402 718/708/1401 722/712/1405 723/713/1406
f 720/710/1403 724/714/1407 721/711/1404
f 725/715/1408 726/716/1409 727/717/1410 728/718/1411
f 729/719/1412 730/720/1413 731/721/1414
f 731/721/1414 725/715/1408 728/718/1411 729/719/1412
f 725/715/1408 731/721/1414 720/710/1403 719/709/1402
f 720/710/1403 731/721/1414 730/720/1413 724/714/1407
f 723/713/1406 726/716/1409 725/715/1408 719/709/1402
f 721/711/1404 728/718/1411 718/708/1401
f 732/710/1415 733/709/1416 734/708/1417 735/711/1418
f 736/712/1419 734/708/1417 733/709/1416 737/713/1420
f 735/711/1418 738/714/1421 732/710/1415
f 739/717/1422 740/716/1423 741/715/1424 742/718/1425
f 743/721/1426 744/720/1427 745/719/1428
f 742/718/1425 741/715/1424 743/721/1426 745/719/1428
f 732/710/1415 743/721/1426 741/715/1424 733/709/1416
f 744/720/1427 743/721/1426 732/710/1415 738/714/1421
f 741/715/1424 740/716/1423 737/713/1420 733/709/1416
f 744/720/1427 742/718/1425 745/719/1428
f 729/719/1412 728/718/1411 730/720/1413
f 730/720/1413 728/718/1411 724/714/1407
f 724/714/1407 728/718/1411 721/711/1404
f 734/708/1417 742/718/1425 735/711/1418
f 735/711/1418 742/718/1425 738/714/1421
f 738/714/1421 742/718/1425 744/720/1427
f 662/615/1429 661/621/1430 581/624/1431 580/619/1432
f 661/621/1430 672/631/1433 577/625/1434 581/624/1431
f 573/624/1435 675/621/1436 677/615/1437 570/619/1438
f 675/621/1436 573/624/1435 575/625/1439 676/631/1440
f 577/625/1434 672/631/1433 676/631/1440 575/625/1439
f 746/722/1441 747/723/1442 748/724/1441
f 746/722/1441 749/725/1443 747/723/1442
f 747/723/1444 749/725/1444 750/726/1444
f 746/722/1445 748/724/1445 751/727/1445
f 750/726/1446 749/725/1447 746/722/1446
f 750/726/1448 746/722/1448 751/727/1449
f 752/728/1450 753/729/1451 754/730/1452
f 753/729/1451 755/731/1453 754/730/1452
f 756/732/1454 753/729/1451 757/733/1455
f 755/731/1453 753/729/1451 756/732/1454
f 758/734/1456 757/733/1457 759/735/1457
f 756/732/1456 757/733/1457 758/734/1456
f 760/736/1458 753/729/1459 752/728/1460
f 757/733/1461 753/729/1459 759/735/1462
f 759/735/1462 753/729/1459 760/736/1458
f 754/730/1463 755/731/1464 761/737/1465
f 761/737/1465 755/731/1464 758/734/1466
f 758/734/1466 755/731/1464 756/732/1467
f 760/736/1468 761/737/1469 762/738/1470
f 762/738/1470 761/737/1469 763/739/1471
f 764/740/1472 762/741/1473 765/742/1474
f 762/741/1473 763/743/1475 765/742/1474
f 758/744/1476 759/745/1477 766/746/1477
f 767/747/1478 758/744/1476 766/746/1477
f 767/747/1479 766/746/1480 764/740/1479
f 765/742/1481 767/747/1479 764/740/1479
f 765/742/1482 761/748/1483 767/747/1484
f 767/747/1484 761/748/1483 758/744/1485
f 759/745/1486 760/749/1487 766/746/1488
f 766/746/1488 760/749/1487 764/740/1489
f 763/743/1490 761/748/1483 765/742/1482
f 764/740/1489 760/749/1487 762/741/1491
f 760/750/1492 752/751/1492 761/752/1493
f 752/751/1492 754/753/1494 761/752/1493
f 768/172/1495 769/171/1496 770/170/1497
f 768/172/1495 770/170/1497 771/173/1498
f 772/176/1499 773/175/1500 774/174/1501
f 775/177/1502 772/176/1499 774/174/1501
f 776/180/1503 777/179/1504 778/178/1505
f 779/181/1506 776/180/1507 778/178/1508
f 780/184/1509 781/183/1510 782/182/1511
f 780/184/1509 782/182/1511 783/185/1511
f 774/174/1501 773/175/1500 781/183/1510
f 774/174/1501 781/183/1510 780/184/1509
f 777/179/1504 769/171/1496 768/172/1495
f 778/178/1505 777/179/1504 768/172/1495
f 768/172/1512 775/187/1513 774/186/1514
f 771/188/1515 775/187/1513 768/172/1512
f 780/190/1516 779/189/1517 778/178/1518
f 780/190/1519 783/191/1520 779/189/1521
f 780/190/1516 768/172/1512 774/186/1514
f 778/178/1518 768/172/1512 780/190/1516
f 772/194/1522 769/193/1523 773/192/1524
f 770/195/1525 769/193/1523 772/194/1522
f 776/198/1526 781/197/1527 777/196/1528
f 782/199/1529 781/197/1527 776/198/1526
f 781/197/1527 769/193/1523 777/196/1528
f 773/192/1524 769/193/1523 781/197/1527
f 770/202/1530 772/201/1530 771/200/1530
f 771/200/1530 772/201/1530 775/203/1530
f 784/754/1531 785/255/1532 786/755/1533
f 787/254/1534 785/255/1532 784/754/1531
f 788/756/1535 787/254/1534 784/754/1531
f 789/256/1536 787/254/1534 788/756/1535
f 790/757/1537 789/256/1536 788/756/1535
f 791/257/1538 789/256/1536 790/757/1537
f 790/757/1537 792/756/1539 791/257/1538
f 792/756/1539 793/256/1540 791/257/1538
f 792/756/1539 794/754/1541 793/256/1540
f 794/754/1541 795/254/1542 793/256/1540
f 794/754/1541 786/755/1533 795/254/1542
f 786/755/1533 785/255/1532 795/254/1542
f 796/758/1543 797/755/1544 798/757/1545
f 799/759/1546 796/758/1547 798/757/1548
f 800/757/1549 801/758/1550 802/759/1551
f 800/757/1549 803/755/1552 801/758/1550
f 804/760/1553 805/761/1554 806/761/1555
f 804/760/1553 806/761/1555 807/760/1553
f 807/760/1556 808/762/1557 804/760/1558
f 809/762/1559 808/762/1557 807/760/1556
f 797/755/1560 810/763/1561 803/755/1562
f 803/755/1562 810/763/1561 811/763/1563
f 811/763/1563 810/763/1561 812/764/1564
f 813/764/1565 811/763/1563 812/764/1564
f 784/754/1531 786/755/1533 814/765/1566
f 814/765/1566 786/755/1533 815/758/1567
f 815/758/1567 786/755/1533 816/765/1568
f 816/765/1568 786/755/1533 794/754/1541
f 816/765/1568 794/754/1541 792/756/1539
f 817/766/1569 816/765/1568 792/756/1539
f 790/757/1537 817/766/1569 792/756/1539
f 818/759/1570 817/766/1569 790/757/1537
f 790/757/1537 819/766/1571 818/759/1570
f 788/756/1535 819/766/1571 790/757/1537
f 788/756/1535 814/765/1566 819/766/1571
f 788/756/1535 784/754/1531 814/765/1566
f 805/761/1572 799/759/1546 798/757/1548
f 808/762/1548 799/759/1546 805/761/1572
f 804/760/1573 808/762/1548 805/761/1572
f 800/757/1550 802/759/1551 806/761/1574
f 806/761/1574 809/762/1575 807/760/1576
f 806/761/1574 802/759/1551 809/762/1575
f 796/758/1543 810/763/1545 797/755/1544
f 812/764/1547 810/763/1545 820/767/1547
f 820/767/1547 810/763/1545 796/758/1543
f 803/755/1577 811/763/1552 801/758/1578
f 801/758/1578 811/763/1552 821/767/1578
f 821/767/1578 811/763/1552 813/764/1578
f 805/761/1579 798/757/1580 800/757/1580
f 805/761/1554 800/757/1581 806/761/1555
f 809/762/1559 802/759/1582 808/762/1557
f 802/759/1582 799/759/1582 808/762/1557
f 813/764/1583 812/764/1584 820/767/1585
f 821/767/1586 813/764/1583 820/767/1585
f 821/767/1586 820/767/1585 801/758/1587
f 801/758/1587 820/767/1588 796/758/1587
f 818/759/1589 816/765/525 817/766/525
f 818/759/1589 815/758/1589 816/765/525
f 814/765/1590 815/758/1589 818/759/1589
f 819/766/1591 814/765/1590 818/759/1589
f 795/254/486 785/255/486 787/254/486
f 793/256/1592 795/254/486 787/254/486
f 791/257/486 793/256/1592 789/256/486
f 793/256/1592 787/254/486 789/256/486
f 822/768/100 823/769/100 824/770/100 825/771/100
f 826/768/100 827/771/100 828/770/100 829/769/100
f 830/772/1593 831/773/1594 832/774/1595
f 833/775/1596 831/773/1597 830/772/1598
f 834/776/1599 831/777/1600 835/778/1601
f 835/778/1601 831/777/1600 833/779/1601
f 835/421/1602 833/780/1602 830/420/1602
f 832/420/1603 831/780/1603 834/421/1603
f 836/781/1604 837/462/1605 838/782/1606
f 839/460/1607 837/462/1605 836/781/1604
f 840/782/1608 841/462/1609 842/781/1610
f 836/781/1611 840/782/1608 842/781/1610
f 838/782/1606 840/782/1608 836/781/1604
f 842/781/1610 841/462/1609 843/460/1612
f 847/774/1626 848/773/1627 849/772/1626
f 849/772/1626 848/773/1627 850/775/1626
f 851/778/1628 848/777/1629 852/776/1630
f 850/779/1631 848/777/1632 851/778/1632
f 849/420/1633 850/780/1633 851/421/1633
f 852/421/1634 848/780/1634 847/420/1634
f 859/782/1639 857/462/1640 860/781/1641
f 860/781/1641 857/462/1640 856/460/1642
f 861/781/1643 854/462/1644 862/782/1645
f 861/781/1643 862/782/1645 860/781/1646
f 860/781/1646 862/782/1645 859/782/1647
f 855/460/1648 854/462/1644 861/781/1643
f 864/786/1657 865/787/1658 866/788/1659
f 867/789/1660 868/790/1661 869/791/1662
f 870/786/1663 871/792/1664 872/793/1665
f 873/788/1666 870/786/1663 872/793/1665
f 874/794/1667 875/795/1668 876/792/1669
f 875/795/1668 877/796/1670 876/792/1669
f 877/796/1670 878/790/1671 876/792/1669
f 878/790/1671 865/787/1672 876/792/1669
f 865/787/1672 864/786/1673 876/792/1669
f 879/787/1674 868/790/1675 871/792/1676
f 868/790/1675 880/796/1677 871/792/1676
f 880/796/1677 881/795/1678 871/792/1676
f 881/795/1678 882/794/1679 871/792/1676
f 882/794/1679 883/797/1680 871/792/1676
f 884/797/1681 874/794/1667 876/792/1669
f 884/797/1682 885/798/1683 886/799/1684
f 874/794/1685 884/797/1682 886/799/1684
f 874/794/1685 886/799/1684 887/800/1686
f 875/795/1687 874/794/1685 887/800/1686
f 875/795/1687 887/800/1686 888/801/1688
f 877/796/1689 875/795/1687 888/801/1688
f 877/796/1689 888/801/1688 889/789/1690
f 878/790/1691 877/796/1689 889/789/1690
f 878/790/1691 889/789/1690 890/791/1692
f 865/787/1658 878/790/1691 890/791/1692
f 880/796/1693 868/790/1661 867/789/1660
f 891/801/1694 880/796/1693 867/789/1660
f 883/797/1695 882/794/1696 892/799/1697
f 893/798/1698 883/797/1695 892/799/1697
f 882/794/1696 881/795/1699 894/800/1700
f 892/799/1697 882/794/1696 894/800/1700
f 881/795/1699 880/796/1693 891/801/1694
f 894/800/1700 881/795/1699 891/801/1694
f 864/786/1657 866/788/1659 895/793/1701
f 876/792/1702 864/786/1657 895/793/1701
f 865/787/1658 890/791/1692 866/788/1659
f 868/790/1661 879/787/1703 869/791/1662
f 879/787/1703 870/786/1663 873/788/1666
f 869/791/1662 879/787/1703 873/788/1666
f 870/786/1704 879/787/1674 871/792/1676
f 876/792/1702 895/793/1701 885/798/1683
f 884/797/1682 876/792/1702 885/798/1683
f 871/792/1664 883/797/1695 893/798/1698
f 872/793/1665 871/792/1664 893/798/1698
f 896/802/1705 897/803/1706 898/804/1707
f 899/803/1708 900/805/1709 901/806/1710
f 902/807/1711 899/803/1708 901/806/1710
f 903/802/1712 900/805/1713 904/804/1714
f 905/802/1715 903/802/1712 904/804/1714
f 899/803/1716 902/807/1717 906/803/1716
f 907/808/1718 899/803/1716 906/803/1716
f 908/806/1719 909/802/1720 910/805/1721
f 903/802/1712 901/806/1722 900/805/1713
f 907/808/1723 904/804/1724 900/805/1709
f 899/803/1708 907/808/1723 900/805/1709
f 906/803/1725 905/802/1726 904/804/1724
f 907/808/1723 906/803/1725 904/804/1724
f 897/803/1706 911/808/1727 898/804/1707
f 903/802/1712 905/802/1715 901/806/1722
f 911/808/1727 912/803/1728 910/805/1729
f 898/804/1707 911/808/1727 910/805/1729
f 912/803/1728 913/807/1730 908/806/1731
f 910/805/1729 912/803/1728 908/806/1731
f 913/807/1730 897/803/1706 896/802/1705
f 908/806/1731 913/807/1730 896/802/1705
f 912/803/1732 911/808/1733 897/803/1734
f 913/807/1717 912/803/1732 897/803/1734
f 896/802/1735 909/802/1720 908/806/1719
f 909/802/1720 896/802/1735 898/804/1736
f 910/805/1721 909/802/1720 898/804/1736
f 902/807/1711 901/806/1710 905/802/1726
f 906/803/1725 902/807/1711 905/802/1726
f 914/809/1737 915/810/1738 916/811/1739 917/812/1740
f 918/813/1741 915/810/1738 914/809/1737 919/814/1742
f 920/815/1743 921/816/1744 922/817/1745
f 919/814/1742 922/817/1745 921/816/1744 918/813/1741
f 923/818/1746 924/819/1747 917/812/1740
f 925/820/1748 926/821/1749 927/822/1750
f 927/822/1750 926/821/1749 928/823/1751 929/824/1752
f 930/825/1753 931/826/1754 929/824/1752
f 929/824/1752 931/826/1754 927/822/1750
f 932/827/1755 930/825/1753 929/824/1752
f 933/828/1756 924/819/1747 923/818/1746
f 933/828/1756 932/827/1755 934/829/1757 924/819/1747
f 932/827/1755 935/830/1758 930/825/1753
f 933/828/1756 935/830/1758 932/827/1755
f 928/823/1751 934/829/1757 932/827/1755 929/824/1752
f 922/817/1745 919/814/1742 928/823/1751 926/821/1749
f 914/809/1737 934/829/1757 928/823/1751 919/814/1742
f 934/829/1757 914/809/1737 917/812/1740 924/819/1747
f 922/817/1745 926/821/1749 925/820/1748
f 922/817/1745 925/820/1748 920/815/1743
f 923/818/1746 917/812/1740 936/831/1759
f 917/812/1740 916/811/1739 936/831/1759
f 927/822/1750 931/826/1754 937/832/1760
f 927/822/1750 937/832/1760 925/820/1748
f 938/833/1761 935/830/1758 933/828/1756
f 938/833/1761 933/828/1756 923/818/1746
f 939/722/1762 940/723/1763 941/724/1764
f 939/722/1762 942/725/1765 940/723/1763
f 940/723/1766 942/725/1766 943/726/1766
f 939/722/1767 941/724/1768 944/727/1767
f 943/726/1769 942/725/1770 939/722/1769
f 943/726/1769 939/722/1771 944/727/1772
f 945/834/1773 946/835/1774 947/836/1775
f 948/837/1776 945/834/1777 947/836/1778
f 949/836/1779 948/837/1779 947/836/1779
f 949/836/1780 945/834/1781 948/837/1782
f 949/836/1780 946/835/1783 945/834/1781
f 950/838/1784 951/839/1785 952/840/1786
f 952/840/1786 951/839/1785 953/841/1787
f 954/842/1788 955/843/1789 950/838/1784
f 950/838/1784 955/843/1789 951/839/1785
f 951/839/1785 956/837/1790 953/841/1787
f 953/841/1791 956/837/1790 957/844/1792
f 958/841/1793 956/837/1794 959/839/1795
f 957/844/1796 956/837/1794 958/841/1793
f 958/841/1793 959/839/1795 952/840/1797
f 952/840/1797 959/839/1795 950/838/1798
f 959/839/1795 960/843/1799 950/838/1798
f 950/838/1798 960/843/1799 954/842/1800
f 955/843/1789 961/835/1801 951/839/1785
f 959/839/1795 961/835/1802 960/843/1799
f 962/836/1803 961/835/1802 959/839/1795
f 952/840/1804 953/841/1805 958/841/1806
f 958/841/1806 953/841/1805 957/844/1807
f 963/836/1808 961/835/1808 962/836/1809
f 951/839/1810 961/835/1801 963/836/1811
f 964/834/1812 965/835/1813 966/836/1814
f 967/837/1815 964/834/1812 966/836/1814
f 968/836/1816 967/837/1816 966/836/1816
f 968/836/1817 964/834/1818 967/837/1819
f 968/836/1817 965/835/1820 964/834/1818
f 969/838/1821 970/839/1822 971/840/1823
f 971/840/1823 970/839/1822 972/841/1824
f 973/842/1825 974/843/1826 969/838/1821
f 969/838/1821 974/843/1826 970/839/1822
f 970/839/1822 975/837/1827 972/841/1824
f 972/841/1828 975/837/1827 976/844/1829
f 977/841/1830 975/837/1831 978/839/1832
f 976/844/1833 975/837/1831 977/841/1830
f 977/841/1830 978/839/1832 971/840/1834
f 971/840/1834 978/839/1832 969/838/1835
f 978/839/1832 979/843/1836 969/838/1835
f 969/838/1835 979/843/1836 973/842/1837
f 974/843/1826 980/835/1838 970/839/1822
f 978/839/1832 980/835/1839 979/843/1836
f 981/836/1840 980/835/1839 978/839/1832
f 971/840/1841 972/841/1842 977/841/1843
f 977/841/1843 972/841/1842 976/844/1844
f 982/836/1845 980/835/1845 981/836/1846
f 970/839/1847 980/835/1838 982/836/1848
f 983/845/1849 984/846/1850 985/847/1851
f 986/848/1852 987/849/1853 988/850/1854
f 983/845/1855 986/848/1855 989/851/1855
f 990/852/1856 991/853/1857 992/854/1858
f 985/847/1859 987/849/1859 986/848/1860
f 985/847/1859 986/848/1860 983/845/1860
f 993/855/1861 991/853/1861 994/855/1861
f 994/855/1861 991/853/1861 995/853/1861
f 995/853/1862 991/853/1862 990/852/1862
f 996/856/1863 984/846/1850 983/845/1849
f 997/857/1864 986/848/1865 988/850/1866
f 983/845/1849 998/858/1867 999/859/1868
f 983/845/1849 999/859/1868 994/855/1869
f 983/845/1849 994/855/1869 995/853/1870
f 995/853/1870 992/854/1871 996/856/1863
f 991/853/1857 997/857/1864 992/854/1858
f 993/855/1872 1000/859/1873 986/848/1865
f 991/853/1857 993/855/1872 986/848/1865
f 986/848/1865 997/857/1864 991/853/1857
f 999/859/1868 1001/860/1874 1002/861/1875
f 999/859/1868 1002/861/1875 994/855/1869
f 994/855/1869 1002/861/1875 1003/862/1876
f 1004/863/1877 994/855/1878 1003/862/1879
f 1001/860/1880 1000/859/1873 1002/861/1881
f 1002/861/1881 1000/859/1873 993/855/1872
f 1003/862/1882 1002/861/1881 993/855/1872
f 1003/862/1882 993/855/1872 1004/863/1883
f 983/845/1849 989/851/1884 998/858/1867
f 998/858/1867 989/851/1884 1005/864/1885
f 1005/864/1886 989/851/1887 1006/865/1888
f 989/851/1887 986/848/1865 1006/865/1888
f 996/856/1889 997/857/1890 984/846/1891
f 990/852/1892 992/854/1871 995/853/1870
f 992/854/1893 997/857/1893 996/856/1893
f 983/845/1849 995/853/1870 996/856/1863
f 984/846/1894 997/857/1895 988/850/1896
f 1000/859/1873 1006/865/1888 986/848/1865
f 1008/867/1907 1009/868/1908 1010/869/1909
f 1011/870/1910 1012/867/1911 1009/868/1912
f 1012/867/1911 1013/869/1913 1009/868/1912
f 1008/867/1914 1012/867/1914 1011/870/1914
f 1009/868/1915 1013/869/1915 1010/869/1915
f 1008/867/1916 1013/869/1916 1012/867/1917
f 1010/869/1916 1013/869/1916 1008/867/1916
f 1011/870/1918 1009/868/1908 1008/867/1907
f 1014/871/1919 1015/872/1920 1016/873/1921
f 1017/874/1922 1018/875/1923 1015/872/1924
f 1017/874/1922 1015/872/1924 1019/876/1925
f 1015/872/1926 1018/875/1927 1016/873/1921
f 1020/877/1928 1021/878/1929 1022/879/1930
f 1021/878/1931 1019/876/1925 1023/880/1932
f 1021/878/1931 1023/880/1932 1024/881/1933
f 1025/882/1934 1015/872/1934 1014/871/1934
f 1016/873/1935 1026/883/1936 1014/871/1937
f 1014/871/1937 1026/883/1938 1020/877/1928
f 1026/883/1939 1019/876/1940 1020/877/1941
f 1022/879/1930 1021/878/1929 1024/881/1942
f 1020/877/1943 1019/876/1943 1021/878/1943
f 1022/879/1944 1023/880/1944 1027/884/1945
f 1024/881/1946 1023/880/1946 1022/879/1946
f 1017/874/1947 1019/876/1940 1026/883/1939
f 1027/884/1945 1023/880/1948 1028/885/1949
f 1029/886/1950 1028/885/1951 1030/887/1952
f 1030/887/1953 1028/885/1954 1031/888/1955
f 1028/885/1954 1032/889/1956 1031/888/1955
f 1031/888/1955 1032/889/1956 1033/890/1957
f 1027/884/1958 1029/886/1959 1030/887/1960
f 1027/884/1958 1030/887/1960 1031/888/1961
f 1027/884/1958 1031/888/1961 1034/889/1962
f 1034/889/1962 1031/888/1961 1033/890/1963
f 1014/871/1937 1034/889/1962 1035/891/1964
f 1014/871/1937 1027/884/1958 1034/889/1962
f 1022/879/1930 1027/884/1958 1014/871/1937
f 1020/877/1928 1022/879/1930 1014/871/1937
f 1032/889/1956 1015/872/1924 1036/892/1965
f 1015/872/1924 1032/889/1956 1028/885/1954
f 1023/880/1932 1015/872/1924 1028/885/1954
f 1019/876/1925 1015/872/1924 1023/880/1932
f 1014/871/1937 1035/891/1964 1025/882/1966
f 1035/891/1964 1037/893/1967 1025/882/1966
f 1037/893/1968 1036/892/1965 1025/882/1969
f 1025/882/1969 1036/892/1965 1015/872/1924
f 1041/895/1980 1042/896/1981 1043/897/1982
f 1041/895/1980 1044/898/1983 1042/896/1981
f 1045/898/1984 1044/898/1984 1041/895/1984
f 1043/897/1985 1042/896/1985 1046/896/1985
f 1042/896/1986 1044/898/1987 1046/896/1988
f 1046/896/1988 1044/898/1987 1045/898/1987
f 1046/896/1989 1041/895/1990 1043/897/1991
f 1045/898/1992 1041/895/1990 1046/896/1989
usemtl BodyGlow
f 217/204/476 218/205/477 219/205/478
f 220/206/479 221/207/480 217/204/481 222/205/482
f 217/204/476 221/207/483 223/206/484 218/205/477
f 217/204/481 219/205/485 222/205/482
f 420/452/834 421/453/835 422/454/836
f 423/455/835 424/456/835 420/452/835
f 425/457/837 420/452/834 422/454/836
f 423/455/835 420/452/834 425/457/837
f 431/463/850 432/464/851 420/465/852
f 432/464/851 430/466/853 420/465/852
f 424/467/854 431/463/850 420/465/852
f 420/465/855 430/466/856 421/468/857
f 523/454/1029 524/453/1029 525/452/1029
f 525/452/1030 526/456/1031 527/455/1029
f 523/454/1029 525/452/1030 528/457/1032
f 528/457/1032 525/452/1030 527/455/1029
f 525/465/1043 535/464/1044 534/463/1045
f 525/465/1043 533/466/1046 535/464/1044
f 525/465/1047 534/463/1048 526/467/1049
f 524/468/1050 533/466/1046 525/465/1043
f 536/475/1051 537/476/1052 538/477/1053 539/478/1054 540/479/1055
f 844/465/1613 841/468/1614 840/783/1615
f 838/784/1616 844/465/1613 845/785/1617
f 845/785/1617 844/465/1613 840/783/1615
f 838/784/1616 837/467/1618 844/465/1619
f 843/454/1620 841/453/1620 844/452/1620
f 844/452/1621 837/456/1622 839/455/1623
f 843/454/1624 844/452/1621 846/457/1625
f 846/457/1625 844/452/1621 839/455/1623
f 853/452/1635 854/453/1636 855/454/1635
f 856/455/1637 857/456/1635 853/452/1635
f 858/457/1638 853/452/1635 855/454/1635
f 856/455/1635 853/452/1635 858/457/1638
f 862/783/1649 854/468/1650 853/465/1651
f 863/785/1652 853/465/1653 859/784/1654
f 862/783/1655 853/465/1653 863/785/1652
f 853/465/1653 857/467/1656 859/784/1654
f 998/858/1897 1007/866/1898 999/859/1899
f 1007/866/1898 1001/860/1900 999/859/1899
f 1007/866/1901 1006/865/1902 1000/859/1903
f 1005/864/1904 1006/865/1902 1007/866/1901
f 1005/864/1905 1007/866/1898 998/858/1897
f 1007/866/1901 1000/859/1903 1001/860/1906
f 1035/891/1970 1038/894/1971 1037/893/1972
f 1039/889/1973 1040/892/1974 1038/894/1975
f 1034/889/1976 1038/894/1971 1035/891/1970
f 1034/889/1976 1033/890/1977 1038/894/1971
f 1038/894/1975 1040/892/1974 1037/893/1978
f 1033/890/1979 1039/889/1973 1038/894/1975
