# Blender 4.5.3 LTS
# www.blender.org
mtllib vf1sF.mtl
o vf1sF
v -0.019270 0.002095 0.004706
v -0.019271 0.002119 0.003109
v -0.018092 0.002609 0.004702
v -0.015503 -0.008590 0.003384
v -0.018102 0.002632 0.003108
v -0.019271 0.002119 0.003109
v -0.024669 -0.012061 0.003359
v -0.018102 0.002632 0.003108
v -0.024671 -0.012089 0.004239
v -0.025372 -0.016646 0.003674
v -0.028055 -0.013642 0.004223
v -0.025372 -0.016646 0.003674
v -0.028054 -0.013642 0.003373
v -0.027086 -0.017175 0.003673
v -0.020898 0.005071 0.003710
v -0.019271 0.002119 0.003109
v -0.019270 0.002095 0.004706
v -0.018092 0.002609 0.004702
v -0.015480 -0.008611 0.004202
v -0.019270 0.002095 0.004706
v -0.015480 -0.008611 0.004202
v -0.024669 -0.012061 0.003359
v -0.024671 -0.012089 0.004239
v -0.027086 -0.017175 0.003673
v -0.024671 -0.012089 0.004239
v -0.024669 -0.012061 0.003359
v -0.025372 -0.016646 0.003674
v -0.028055 -0.013642 0.004223
v -0.028054 -0.013642 0.003373
v -0.061686 -0.025968 0.004143
v -0.027086 -0.017175 0.003673
v -0.028054 -0.013642 0.003373
v -0.028055 -0.013642 0.004223
v -0.015503 -0.008590 0.003384
v -0.061684 -0.025968 0.003436
v -0.061158 -0.027684 0.003665
v -0.061684 -0.025968 0.003436
v -0.062997 -0.028252 0.003665
v -0.063360 -0.026702 0.003671
v -0.063579 -0.019810 0.003301
v -0.064844 -0.020365 0.003694
v -0.061686 -0.025968 0.004143
v -0.061158 -0.027684 0.003665
v -0.062997 -0.028252 0.003665
v -0.063360 -0.026702 0.003671
v -0.063579 -0.019810 0.004382
v -0.064844 -0.020365 0.003694
v -0.063857 -0.018586 0.004402
v -0.063854 -0.018603 0.003300
v -0.020898 0.005071 0.003710
v -0.064314 -0.017224 0.003700
v -0.064314 -0.017224 0.003700
v -0.020898 0.005071 0.003710
v -0.063857 -0.018586 0.004402
v -0.065188 -0.018893 0.003700
v -0.064314 -0.017224 0.003700
v -0.063579 -0.019810 0.003307
v -0.063854 -0.018603 0.003286
v -0.065188 -0.018893 0.003700
v -0.063579 -0.019810 0.004382
v -0.064844 -0.020365 0.003694
v -0.064314 -0.017224 0.003700
v -0.064844 -0.020365 0.003694
v -0.027143 -0.017198 0.003673
v -0.061742 -0.025991 0.003436
v -0.061214 -0.027706 0.003665
v -0.028111 -0.013665 0.003373
v -0.028111 -0.013665 0.004223
v -0.028111 -0.013665 0.003373
v -0.027143 -0.017198 0.003673
v -0.061214 -0.027706 0.003665
v -0.061742 -0.025991 0.003436
v -0.061742 -0.025991 0.004143
v -0.061742 -0.025991 0.003436
v -0.028111 -0.013665 0.003373
v -0.061742 -0.025991 0.004143
v -0.028111 -0.013665 0.004223
v -0.061742 -0.025991 0.004143
v -0.027143 -0.017198 0.003673
v -0.061214 -0.027706 0.003665
v -0.028111 -0.013665 0.004223
v 0.015423 -0.009008 0.004829
v 0.006869 -0.018464 0.004538
v 0.005438 -0.003388 0.008023
v 0.006869 -0.018464 0.004538
v -0.006867 -0.018464 0.004535
v 0.005438 -0.003388 0.008023
v -0.005435 -0.003387 0.008020
v 0.016944 0.005448 0.005272
v 0.019759 0.005448 0.002891
v 0.015423 -0.009008 0.004829
v 0.017999 -0.009951 0.002891
v 0.017999 -0.009951 0.002891
v 0.007231 -0.019006 0.002888
v 0.015423 -0.009008 0.004829
v 0.006869 -0.018464 0.004538
v 0.007231 -0.019006 0.002888
v -0.007228 -0.019005 0.002885
v 0.006869 -0.018464 0.004538
v -0.006867 -0.018464 0.004535
v -0.005435 -0.003387 0.008020
v -0.016939 0.005450 0.005264
v -0.006031 0.005449 0.008781
v -0.015420 -0.009006 0.004822
v -0.006867 -0.018464 0.004535
v -0.015420 -0.009006 0.004822
v -0.019752 0.005450 0.002882
v -0.016939 0.005450 0.005264
v -0.017995 -0.009949 0.002882
v -0.015420 -0.009006 0.004822
v -0.007228 -0.019005 0.002885
v -0.017995 -0.009949 0.002882
v -0.006867 -0.018464 0.004535
v 0.017999 -0.009951 0.002891
v 0.009197 -0.021452 0.002767
v 0.006302 -0.009901 0.002766
v 0.014406 -0.021452 0.002768
v 0.019759 0.005448 0.002891
v 0.006303 0.005449 0.002767
v 0.006035 0.005448 0.008784
v -0.005435 -0.003387 0.008020
v -0.006031 0.005449 0.008781
v 0.005438 -0.003388 0.008023
v -0.003998 0.008348 0.008343
v 0.003998 0.008345 0.008346
v 0.009197 -0.021452 0.002767
v 0.009197 -0.021452 0.002546
v 0.006302 -0.009901 0.002766
v 0.014406 -0.021452 0.002547
v 0.009197 -0.021452 0.002546
v 0.009197 -0.021452 0.002767
v 0.014406 -0.021452 0.002768
v 0.017999 -0.009951 0.002891
v 0.014406 -0.021452 0.002547
v 0.014406 -0.021452 0.002768
v -0.006298 -0.009901 0.002763
v -0.009194 -0.021450 0.002763
v -0.017995 -0.009949 0.002882
v -0.014403 -0.021450 0.002761
v -0.006297 0.005449 0.002764
v -0.019752 0.005450 0.002882
v -0.009194 -0.021450 0.002763
v -0.009194 -0.021450 0.002541
v -0.014403 -0.021450 0.002540
v -0.014403 -0.021450 0.002761
v -0.014403 -0.021450 0.002761
v -0.014403 -0.021450 0.002540
v -0.017995 -0.009949 0.002882
v -0.009194 -0.021450 0.002541
v -0.006298 -0.009901 0.001542
v -0.015072 -0.009900 0.001540
v -0.014403 -0.021450 0.002540
v -0.006298 -0.009901 0.001542
v -0.006296 0.005449 0.000842
v -0.016920 0.005450 0.000840
v -0.015072 -0.009900 0.001540
v -0.015072 -0.009900 0.001540
v -0.016920 0.005450 0.000840
v -0.019752 0.005450 0.002882
v -0.017995 -0.009949 0.002882
v -0.014403 -0.021450 0.002540
v -0.019752 0.005450 0.002882
v -0.017995 -0.009949 0.002882
v 0.019759 0.005448 0.002891
v -0.007228 -0.019005 0.002885
v 0.007231 -0.019006 0.002888
v 0.017999 -0.009951 0.002891
v 0.015077 -0.009902 0.001547
v 0.006302 -0.009901 0.001545
v 0.009197 -0.021452 0.002546
v 0.014406 -0.021452 0.002547
v 0.016928 0.005448 0.000848
v 0.006304 0.005449 0.000845
v 0.006302 -0.009901 0.001545
v 0.015077 -0.009902 0.001547
v 0.019759 0.005448 0.002891
v 0.016928 0.005448 0.000848
v 0.015077 -0.009902 0.001547
v 0.017999 -0.009951 0.002891
v 0.014406 -0.021452 0.002547
v -0.006298 -0.009901 0.002763
v -0.009194 -0.021450 0.002541
v -0.009194 -0.021450 0.002763
v 0.009197 -0.021452 0.002546
v 0.006302 -0.009901 0.001545
v 0.006302 -0.009901 0.002766
v 0.006304 0.005449 0.000845
v 0.006303 0.005449 0.002767
v -0.006298 -0.009901 0.002763
v -0.006298 -0.009901 0.001542
v -0.009194 -0.021450 0.002541
v -0.006297 0.005449 0.002764
v -0.006296 0.005449 0.000842
v -0.005963 0.005449 0.002872
v 0.005969 0.005449 0.002875
v -0.003997 0.008348 0.002873
v 0.004003 0.008348 0.002875
v -0.006031 0.005449 0.008781
v -0.016939 0.005450 0.005264
v 0.006035 0.005448 0.008784
v -0.019752 0.005450 0.002882
v -0.005963 0.005449 0.002872
v 0.005969 0.005449 0.002875
v 0.019759 0.005448 0.002891
v 0.016944 0.005448 0.005272
v 0.006035 0.005448 0.008784
v 0.005969 0.005449 0.002875
v 0.003998 0.008345 0.002876
v 0.004002 0.008348 0.008345
v -0.003998 0.008348 0.008343
v -0.003992 0.008345 0.002876
v -0.005963 0.005449 0.002872
v -0.006031 0.005449 0.008781
v 0.016944 0.005448 0.005272
v 0.005788 0.005449 0.000846
v 0.016928 0.005448 0.000848
v -0.016920 0.005450 0.000840
v -0.005796 0.005449 0.000842
v 0.007663 0.012209 0.004766
v 0.006176 0.005443 0.003154
v 0.006921 0.012971 0.003154
v 0.007142 0.005443 0.005691
v 0.012127 0.012970 0.003155
v 0.012870 0.005443 0.003156
v 0.011308 0.012209 0.004767
v 0.011828 0.005443 0.005692
v 0.011308 0.012209 0.004767
v 0.006921 0.012971 0.003154
v 0.012127 0.012970 0.003155
v 0.007663 0.012209 0.004766
v 0.006921 0.012971 0.003154
v 0.006176 0.005443 0.003154
v 0.012870 0.005443 0.003156
v 0.012127 0.012970 0.003155
v 0.007142 0.005443 0.005691
v 0.007663 0.012209 0.004766
v 0.011828 0.005443 0.005692
v 0.011308 0.012209 0.004767
v -0.006913 0.012972 0.003151
v -0.006170 0.005444 0.003151
v -0.007657 0.012210 0.004763
v -0.007137 0.005444 0.005688
v -0.011302 0.012211 0.004762
v -0.012864 0.005445 0.003149
v -0.012120 0.012972 0.003150
v -0.011823 0.005445 0.005687
v -0.012120 0.012972 0.003150
v -0.006913 0.012972 0.003151
v -0.011302 0.012211 0.004762
v -0.007657 0.012210 0.004763
v -0.012864 0.005445 0.003149
v -0.006170 0.005444 0.003151
v -0.006913 0.012972 0.003151
v -0.012120 0.012972 0.003150
v -0.011823 0.005445 0.005687
v -0.007657 0.012210 0.004763
v -0.007137 0.005444 0.005688
v -0.011302 0.012211 0.004762
v 0.006035 0.005448 0.008784
v -0.001938 0.008348 0.009620
v -0.003198 0.008348 0.008344
v 0.003202 0.008348 0.008345
v 0.004221 0.008348 0.007276
v 0.003260 0.003348 0.007067
v 0.001941 0.008348 0.009621
v 0.001117 0.003348 0.008951
v 0.002010 -0.001853 0.006659
v 0.000217 -0.001853 0.007901
v 0.001941 0.008348 0.009621
v 0.001117 0.003348 0.008951
v 0.000002 0.008348 0.010246
v 0.000001 0.003348 0.009325
v 0.000217 -0.001853 0.007901
v 0.000001 -0.001853 0.008001
v 0.004343 0.003348 0.001821
v 0.005156 0.008348 0.001721
v 0.003157 -0.001853 0.001820
v -0.001938 0.008348 0.009620
v -0.003256 0.003348 0.007066
v -0.004023 0.008348 0.007473
v -0.001114 0.003348 0.008950
v -0.000214 -0.001853 0.007901
v -0.002007 -0.001853 0.006658
v -0.001114 0.003348 0.008950
v -0.001938 0.008348 0.009620
v -0.000214 -0.001853 0.007901
v -0.004336 0.003348 0.001819
v -0.005149 0.008348 0.001718
v -0.003151 -0.001853 0.001819
v 0.000001 -0.001853 0.008001
v -0.003151 -0.001853 0.001819
v -0.002007 -0.001853 0.006658
v 0.001941 0.008348 0.009621
v 0.004221 0.008348 0.007276
v 0.004002 0.008348 0.008346
v -0.004023 0.008348 0.007473
v -0.003998 0.008348 0.008343
v 0.005156 0.008348 0.001721
v -0.005149 0.008348 0.001718
v 0.000002 0.008348 0.010246
v 0.003157 -0.001853 0.001820
v 0.000003 -0.001853 0.001820
v 0.002010 -0.001853 0.006659
v 0.000637 -0.004861 -0.000489
v 0.000639 -0.002775 -0.010239
v 0.000636 -0.002386 0.000611
v 0.007952 -0.002386 0.000613
v 0.007954 -0.002776 -0.010237
v 0.007952 -0.004861 -0.000487
v 0.007953 0.006199 -0.001279
v 0.007955 0.006075 -0.008829
v 0.000637 0.006200 -0.001281
v 0.000639 0.006075 -0.008831
v 0.007952 -0.002386 0.000613
v 0.000637 -0.004861 -0.000489
v 0.000636 -0.002386 0.000611
v 0.007952 -0.004861 -0.000487
v 0.007955 0.006075 -0.008829
v 0.000639 -0.002775 -0.010239
v 0.007954 -0.002776 -0.010237
v 0.000639 0.006075 -0.008831
v 0.000636 -0.002386 0.000611
v 0.000637 0.006200 -0.001281
v 0.007952 -0.002386 0.000613
v 0.007953 0.006199 -0.001279
v 0.007953 0.006199 -0.001279
v 0.000639 0.006075 -0.008831
v 0.007955 0.006075 -0.008829
v 0.000637 0.006200 -0.001281
v 0.007954 -0.002776 -0.010237
v 0.000639 -0.002775 -0.010239
v 0.000637 -0.004861 -0.000489
v 0.007952 -0.004861 -0.000487
v 0.002028 -0.006516 -0.002205
v 0.002029 -0.013516 -0.002205
v 0.002029 -0.006516 -0.007080
v 0.001759 -0.001445 -0.007980
v 0.001758 -0.005516 -0.001305
v 0.001760 -0.005516 -0.007981
v 0.002929 -0.015095 -0.003205
v 0.002930 -0.015095 -0.006080
v 0.002029 -0.013516 -0.002205
v 0.002030 -0.013516 -0.007080
v 0.006195 -0.006515 -0.007079
v 0.006195 -0.013515 -0.007079
v 0.006194 -0.006515 -0.002204
v 0.006194 -0.013515 -0.002204
v 0.005295 -0.015095 -0.006080
v 0.005295 -0.015095 -0.003205
v 0.006195 -0.013515 -0.007079
v 0.006194 -0.013515 -0.002204
v 0.002029 -0.006516 -0.007080
v 0.002030 -0.013516 -0.007080
v 0.006195 -0.006515 -0.007079
v 0.006195 -0.013515 -0.007079
v 0.002930 -0.015095 -0.006080
v 0.005295 -0.015095 -0.006080
v 0.002030 -0.013516 -0.007080
v 0.006195 -0.013515 -0.007079
v 0.006194 -0.006515 -0.002204
v 0.006194 -0.013515 -0.002204
v 0.002028 -0.006516 -0.002205
v 0.002029 -0.013516 -0.002205
v 0.005295 -0.015095 -0.003205
v 0.002929 -0.015095 -0.003205
v 0.006194 -0.013515 -0.002204
v 0.002029 -0.013516 -0.002205
v 0.001758 -0.001445 -0.001306
v 0.002030 -0.013516 -0.007080
v 0.002028 -0.006516 -0.002205
v 0.002029 -0.006516 -0.007080
v 0.001758 -0.005516 -0.001305
v 0.001760 -0.005516 -0.007981
v 0.006465 -0.001445 -0.007979
v 0.006465 -0.005515 -0.007979
v 0.006463 -0.001445 -0.001304
v 0.006463 -0.005515 -0.001304
v 0.006195 -0.006515 -0.007079
v 0.006194 -0.006515 -0.002204
v 0.006465 -0.005515 -0.007979
v 0.006463 -0.005515 -0.001304
v 0.001759 -0.001445 -0.007980
v 0.001760 -0.005516 -0.007981
v 0.006465 -0.001445 -0.007979
v 0.006465 -0.005515 -0.007979
v 0.002029 -0.006516 -0.007080
v 0.006195 -0.006515 -0.007079
v 0.001760 -0.005516 -0.007981
v 0.006465 -0.005515 -0.007979
v 0.006463 -0.001445 -0.001304
v 0.006463 -0.005515 -0.001304
v 0.001758 -0.001445 -0.001306
v 0.001758 -0.005516 -0.001305
v 0.006194 -0.006515 -0.002204
v 0.002028 -0.006516 -0.002205
v 0.006463 -0.005515 -0.001304
v 0.001758 -0.005516 -0.001305
v 0.006118 -0.031063 0.000065
v 0.006116 -0.031063 -0.008935
v 0.005471 -0.035564 -0.006069
v 0.005473 -0.035564 -0.000276
v 0.000982 -0.035564 -0.000275
v 0.000981 -0.035564 -0.006068
v 0.000286 -0.031063 0.000066
v 0.000284 -0.031063 -0.008934
v 0.000286 -0.031063 0.000066
v 0.000284 -0.031063 -0.008934
v 0.000285 -0.018294 -0.000934
v 0.000283 -0.013544 -0.006684
v 0.000282 -0.003044 -0.008934
v 0.000282 -0.003044 -0.007433
v 0.006117 -0.018294 -0.000935
v 0.006116 -0.031063 -0.008935
v 0.006118 -0.031063 0.000065
v 0.006114 -0.003044 -0.007435
v 0.006114 -0.003044 -0.008935
v 0.006115 -0.013544 -0.006685
v 0.006114 -0.003044 -0.008935
v 0.000284 -0.031063 -0.008934
v 0.006116 -0.031063 -0.008935
v 0.000282 -0.003044 -0.008934
v 0.006116 -0.031063 -0.008935
v 0.000284 -0.031063 -0.008934
v 0.000981 -0.035564 -0.006068
v 0.005471 -0.035564 -0.006069
v 0.000283 -0.013544 -0.006684
v 0.006114 -0.003044 -0.007435
v 0.006115 -0.013544 -0.006685
v 0.000282 -0.003044 -0.007433
v 0.000285 -0.018294 -0.000934
v 0.006115 -0.013544 -0.006685
v 0.006117 -0.018294 -0.000935
v 0.000283 -0.013544 -0.006684
v 0.006114 -0.003044 -0.007435
v 0.000282 -0.003044 -0.008934
v 0.006114 -0.003044 -0.008935
v 0.000282 -0.003044 -0.007433
v 0.006118 -0.031063 0.000065
v 0.005473 -0.035564 -0.000276
v 0.000982 -0.035564 -0.000275
v 0.000286 -0.031063 0.000066
v 0.006118 -0.031063 0.000065
v 0.000285 -0.018294 -0.000934
v 0.006117 -0.018294 -0.000935
v 0.000286 -0.031063 0.000066
v 0.005473 -0.035564 -0.000276
v 0.005471 -0.035564 -0.006069
v 0.000982 -0.035564 -0.000275
v 0.000981 -0.035564 -0.006068
v 0.001962 -0.013552 -0.005940
v 0.001192 -0.014302 -0.006739
v 0.005017 -0.014302 -0.006740
v 0.004333 -0.013552 -0.005940
v 0.004333 -0.013552 -0.005940
v 0.005017 -0.014302 -0.006740
v 0.005018 -0.014302 -0.002740
v 0.004334 -0.013552 -0.003540
v 0.001193 -0.014302 -0.002739
v 0.001963 -0.013552 -0.003540
v 0.005018 -0.014302 -0.002740
v 0.004334 -0.013552 -0.003540
v 0.001193 -0.014302 -0.002739
v 0.001192 -0.014302 -0.006739
v 0.001963 -0.013552 -0.003540
v 0.001962 -0.013552 -0.005940
v 0.005019 -0.017803 -0.001990
v 0.001193 -0.014302 -0.002739
v 0.005018 -0.014302 -0.002740
v 0.001194 -0.017803 -0.001989
v 0.004334 -0.013552 -0.003540
v 0.001962 -0.013552 -0.005940
v 0.004333 -0.013552 -0.005940
v 0.001963 -0.013552 -0.003540
v 0.001194 -0.017803 -0.001989
v 0.001192 -0.014302 -0.006739
v 0.001193 -0.014302 -0.002739
v 0.005018 -0.014302 -0.002740
v 0.005017 -0.014302 -0.006740
v 0.005019 -0.017803 -0.001990
v 0.005550 -0.035460 -0.000416
v 0.005552 -0.034710 -0.008122
v 0.004775 -0.036585 -0.007909
v 0.004774 -0.037860 -0.000744
v 0.001073 -0.036585 -0.007910
v 0.000186 -0.034710 -0.008124
v 0.000184 -0.035460 -0.000417
v 0.001071 -0.037860 -0.000744
v 0.004870 -0.027210 -0.006791
v 0.005552 -0.030585 -0.007747
v 0.005550 -0.030585 -0.000416
v 0.004869 -0.027210 -0.001293
v 0.000859 -0.030585 -0.000417
v 0.000861 -0.030585 -0.007749
v 0.001467 -0.027210 -0.006792
v 0.001465 -0.027210 -0.001294
v 0.005550 -0.035460 -0.000416
v 0.001071 -0.037860 -0.000744
v 0.000184 -0.035460 -0.000417
v 0.004774 -0.037860 -0.000744
v 0.000859 -0.030585 -0.000417
v 0.004869 -0.027210 -0.001293
v 0.005550 -0.030585 -0.000416
v 0.001465 -0.027210 -0.001294
v 0.001073 -0.036585 -0.007910
v 0.005552 -0.034710 -0.008122
v 0.000186 -0.034710 -0.008124
v 0.004775 -0.036585 -0.007909
v 0.004870 -0.027210 -0.006791
v 0.000861 -0.030585 -0.007749
v 0.005552 -0.030585 -0.007747
v 0.001467 -0.027210 -0.006792
v 0.004775 -0.036585 -0.007909
v 0.001073 -0.036585 -0.007910
v 0.004774 -0.037860 -0.000744
v 0.001071 -0.037860 -0.000744
v -0.007925 -0.004861 -0.000487
v -0.007923 -0.002775 -0.010237
v -0.007926 -0.002386 0.000613
v -0.000610 -0.002386 0.000615
v -0.000608 -0.002776 -0.010235
v -0.000610 -0.004861 -0.000485
v -0.000609 0.006199 -0.001277
v -0.000607 0.006075 -0.008827
v -0.007925 0.006200 -0.001279
v -0.007923 0.006075 -0.008829
v -0.000610 -0.002386 0.000615
v -0.007925 -0.004861 -0.000487
v -0.007926 -0.002386 0.000613
v -0.000610 -0.004861 -0.000485
v -0.000607 0.006075 -0.008827
v -0.007923 -0.002775 -0.010237
v -0.000608 -0.002776 -0.010235
v -0.007923 0.006075 -0.008829
v -0.007926 -0.002386 0.000613
v -0.007925 0.006200 -0.001279
v -0.000610 -0.002386 0.000615
v -0.000609 0.006199 -0.001277
v -0.000609 0.006199 -0.001277
v -0.007923 0.006075 -0.008829
v -0.000607 0.006075 -0.008827
v -0.007925 0.006200 -0.001279
v -0.000608 -0.002776 -0.010235
v -0.007923 -0.002775 -0.010237
v -0.007925 -0.004861 -0.000487
v -0.000610 -0.004861 -0.000485
v -0.006352 -0.006516 -0.002205
v -0.006351 -0.013516 -0.002205
v -0.006351 -0.006516 -0.007080
v -0.006621 -0.001445 -0.007980
v -0.006622 -0.005516 -0.001305
v -0.006620 -0.005516 -0.007981
v -0.005451 -0.015095 -0.003205
v -0.005450 -0.015095 -0.006080
v -0.006351 -0.013516 -0.002205
v -0.006350 -0.013516 -0.007080
v -0.002185 -0.006515 -0.007079
v -0.002185 -0.013515 -0.007079
v -0.002186 -0.006515 -0.002204
v -0.002186 -0.013515 -0.002204
v -0.003085 -0.015095 -0.006080
v -0.003085 -0.015095 -0.003205
v -0.002185 -0.013515 -0.007079
v -0.002186 -0.013515 -0.002204
v -0.006351 -0.006516 -0.007080
v -0.006350 -0.013516 -0.007080
v -0.002185 -0.006515 -0.007079
v -0.002185 -0.013515 -0.007079
v -0.005450 -0.015095 -0.006080
v -0.003085 -0.015095 -0.006080
v -0.006350 -0.013516 -0.007080
v -0.002185 -0.013515 -0.007079
v -0.002186 -0.006515 -0.002204
v -0.002186 -0.013515 -0.002204
v -0.006352 -0.006516 -0.002205
v -0.006351 -0.013516 -0.002205
v -0.003085 -0.015095 -0.003205
v -0.005451 -0.015095 -0.003205
v -0.002186 -0.013515 -0.002204
v -0.006351 -0.013516 -0.002205
v -0.006622 -0.001445 -0.001306
v -0.006350 -0.013516 -0.007080
v -0.006352 -0.006516 -0.002205
v -0.006351 -0.006516 -0.007080
v -0.006622 -0.005516 -0.001305
v -0.006620 -0.005516 -0.007981
v -0.001915 -0.001445 -0.007979
v -0.001915 -0.005515 -0.007979
v -0.001917 -0.001445 -0.001304
v -0.001917 -0.005515 -0.001304
v -0.002185 -0.006515 -0.007079
v -0.002186 -0.006515 -0.002204
v -0.001915 -0.005515 -0.007979
v -0.001917 -0.005515 -0.001304
v -0.006621 -0.001445 -0.007980
v -0.006620 -0.005516 -0.007981
v -0.001915 -0.001445 -0.007979
v -0.001915 -0.005515 -0.007979
v -0.006351 -0.006516 -0.007080
v -0.002185 -0.006515 -0.007079
v -0.006620 -0.005516 -0.007981
v -0.001915 -0.005515 -0.007979
v -0.001917 -0.001445 -0.001304
v -0.001917 -0.005515 -0.001304
v -0.006622 -0.001445 -0.001306
v -0.006622 -0.005516 -0.001305
v -0.002186 -0.006515 -0.002204
v -0.006352 -0.006516 -0.002205
v -0.001917 -0.005515 -0.001304
v -0.006622 -0.005516 -0.001305
v -0.005851 -0.035564 -0.006069
v -0.006496 -0.031063 -0.008935
v -0.006498 -0.031063 0.000065
v -0.005853 -0.035564 -0.000276
v -0.000666 -0.031063 0.000066
v -0.001361 -0.035564 -0.006068
v -0.001362 -0.035564 -0.000275
v -0.000664 -0.031063 -0.008934
v -0.000665 -0.018294 -0.000934
v -0.000664 -0.031063 -0.008934
v -0.000666 -0.031063 0.000066
v -0.000662 -0.003044 -0.007433
v -0.000662 -0.003044 -0.008934
v -0.000663 -0.013544 -0.006684
v -0.006498 -0.031063 0.000065
v -0.006496 -0.031063 -0.008935
v -0.006497 -0.018294 -0.000935
v -0.006495 -0.013544 -0.006685
v -0.006494 -0.003044 -0.008935
v -0.006494 -0.003044 -0.007435
v -0.006496 -0.031063 -0.008935
v -0.000664 -0.031063 -0.008934
v -0.006494 -0.003044 -0.008935
v -0.000662 -0.003044 -0.008934
v -0.001361 -0.035564 -0.006068
v -0.000664 -0.031063 -0.008934
v -0.006496 -0.031063 -0.008935
v -0.005851 -0.035564 -0.006069
v -0.006495 -0.013544 -0.006685
v -0.006494 -0.003044 -0.007435
v -0.000663 -0.013544 -0.006684
v -0.000662 -0.003044 -0.007433
v -0.006497 -0.018294 -0.000935
v -0.006495 -0.013544 -0.006685
v -0.000665 -0.018294 -0.000934
v -0.000663 -0.013544 -0.006684
v -0.006494 -0.003044 -0.008935
v -0.000662 -0.003044 -0.008934
v -0.006494 -0.003044 -0.007435
v -0.000662 -0.003044 -0.007433
v -0.001362 -0.035564 -0.000275
v -0.005853 -0.035564 -0.000276
v -0.006498 -0.031063 0.000065
v -0.000666 -0.031063 0.000066
v -0.006497 -0.018294 -0.000935
v -0.000665 -0.018294 -0.000934
v -0.006498 -0.031063 0.000065
v -0.000666 -0.031063 0.000066
v -0.001362 -0.035564 -0.000275
v -0.005851 -0.035564 -0.006069
v -0.005853 -0.035564 -0.000276
v -0.001361 -0.035564 -0.006068
v -0.005397 -0.014302 -0.006740
v -0.001572 -0.014302 -0.006739
v -0.002342 -0.013552 -0.005940
v -0.004713 -0.013552 -0.005940
v -0.005398 -0.014302 -0.002740
v -0.005397 -0.014302 -0.006740
v -0.004713 -0.013552 -0.005940
v -0.004714 -0.013552 -0.003540
v -0.005398 -0.014302 -0.002740
v -0.002343 -0.013552 -0.003540
v -0.001573 -0.014302 -0.002739
v -0.004714 -0.013552 -0.003540
v -0.002343 -0.013552 -0.003540
v -0.001572 -0.014302 -0.006739
v -0.001573 -0.014302 -0.002739
v -0.002342 -0.013552 -0.005940
v -0.005398 -0.014302 -0.002740
v -0.001573 -0.014302 -0.002739
v -0.005399 -0.017803 -0.001990
v -0.001574 -0.017803 -0.001989
v -0.004713 -0.013552 -0.005940
v -0.002342 -0.013552 -0.005940
v -0.004714 -0.013552 -0.003540
v -0.002343 -0.013552 -0.003540
v -0.001573 -0.014302 -0.002739
v -0.001572 -0.014302 -0.006739
v -0.001574 -0.017803 -0.001989
v -0.005399 -0.017803 -0.001990
v -0.005397 -0.014302 -0.006740
v -0.005398 -0.014302 -0.002740
v -0.004779 -0.036585 -0.007909
v -0.005556 -0.034710 -0.008122
v -0.005554 -0.035460 -0.000416
v -0.004778 -0.037860 -0.000744
v -0.000188 -0.035460 -0.000417
v -0.000190 -0.034710 -0.008124
v -0.001077 -0.036585 -0.007910
v -0.001075 -0.037860 -0.000744
v -0.005554 -0.030585 -0.000416
v -0.005556 -0.030585 -0.007747
v -0.004874 -0.027210 -0.006791
v -0.004873 -0.027210 -0.001293
v -0.001471 -0.027210 -0.006792
v -0.000865 -0.030585 -0.007749
v -0.000863 -0.030585 -0.000417
v -0.001469 -0.027210 -0.001294
v -0.000188 -0.035460 -0.000417
v -0.001075 -0.037860 -0.000744
v -0.005554 -0.035460 -0.000416
v -0.004778 -0.037860 -0.000744
v -0.005554 -0.030585 -0.000416
v -0.004873 -0.027210 -0.001293
v -0.000863 -0.030585 -0.000417
v -0.001469 -0.027210 -0.001294
v -0.000190 -0.034710 -0.008124
v -0.005556 -0.034710 -0.008122
v -0.001077 -0.036585 -0.007910
v -0.004779 -0.036585 -0.007909
v -0.005556 -0.030585 -0.007747
v -0.000865 -0.030585 -0.007749
v -0.004874 -0.027210 -0.006791
v -0.001471 -0.027210 -0.006792
v -0.004778 -0.037860 -0.000744
v -0.001077 -0.036585 -0.007910
v -0.004779 -0.036585 -0.007909
v -0.001075 -0.037860 -0.000744
v -0.000000 0.015164 -0.016023
v 0.000792 0.015164 -0.014923
v -0.000001 0.015864 -0.015324
v -0.000990 0.014088 -0.014924
v -0.000000 0.014088 -0.016186
v -0.000000 0.015164 -0.016023
v -0.000792 0.015164 -0.014924
v -0.000000 0.014088 -0.016186
v 0.000990 0.014088 -0.014923
v -0.000001 0.015864 -0.015324
v 0.001296 0.020564 -0.012080
v -0.000000 0.020564 -0.011324
v -0.001296 0.020564 -0.012081
v -0.001296 0.020564 -0.013593
v -0.000000 0.020564 -0.014348
v 0.001297 0.020564 -0.013592
v 0.001871 -0.023433 -0.011728
v 0.000001 -0.023433 -0.010638
v 0.000002 -0.015932 -0.010638
v 0.001872 -0.015933 -0.011728
v -0.001867 -0.015932 -0.011729
v -0.001868 -0.023432 -0.011729
v -0.001867 -0.015932 -0.013909
v -0.001867 -0.023432 -0.013909
v 0.000003 -0.015932 -0.014999
v 0.000002 -0.023432 -0.014999
v 0.001872 -0.015933 -0.013908
v 0.001872 -0.023433 -0.013908
v -0.001296 0.020564 -0.012081
v -0.000000 0.020564 -0.011324
v -0.000001 0.017564 -0.011029
v -0.001544 0.017564 -0.011930
v -0.001543 0.017564 -0.013730
v -0.001296 0.020564 -0.013593
v -0.000000 0.017564 -0.014629
v -0.000000 0.020564 -0.014348
v 0.001297 0.020564 -0.013592
v -0.000000 0.020564 -0.014348
v -0.000000 0.017564 -0.014629
v 0.001543 0.017564 -0.013729
v 0.001296 0.020564 -0.012080
v 0.001543 0.017564 -0.011929
v -0.000001 0.017564 -0.011029
v -0.000000 0.020564 -0.011324
v -0.000000 0.011064 -0.015974
v 0.000990 0.014088 -0.014923
v -0.000000 0.014088 -0.016186
v -0.000000 0.014088 -0.016186
v -0.000990 0.014088 -0.014924
v -0.000000 0.011064 -0.015974
v 0.002671 0.011064 -0.014323
v 0.002669 -0.015933 -0.014323
v 0.002668 -0.015933 -0.011323
v 0.002670 0.011064 -0.011323
v -0.002078 0.017564 -0.011613
v -0.002077 0.017564 -0.014035
v -0.000000 0.017564 -0.015246
v 0.002077 0.017564 -0.014034
v 0.002077 0.017564 -0.011612
v -0.000001 0.017564 -0.010401
v -0.002674 -0.015932 -0.011324
v -0.000003 -0.015933 -0.009624
v 0.002668 -0.015933 -0.011323
v 0.002669 -0.015933 -0.014323
v -0.000002 -0.015932 -0.016024
v -0.002673 -0.015932 -0.014324
v -0.002674 -0.015932 -0.011324
v -0.002672 0.011064 -0.011324
v -0.000001 0.011064 -0.009624
v -0.000003 -0.015933 -0.009624
v -0.002673 -0.015932 -0.014324
v -0.002671 0.011064 -0.014324
v -0.000002 -0.015932 -0.016024
v -0.000000 0.011064 -0.015974
v -0.000000 0.011064 -0.015974
v -0.000002 -0.015932 -0.016024
v 0.002077 0.017564 -0.014034
v 0.002077 0.017564 -0.011612
v -0.000003 -0.015933 -0.009624
v -0.000001 0.011064 -0.009624
v -0.000001 0.017564 -0.010401
v -0.002078 0.017564 -0.011613
v -0.000001 0.017564 -0.010401
v -0.002077 0.017564 -0.014035
v -0.000000 0.017564 -0.015246
v -0.000000 0.017564 -0.015246
v -0.000297 -0.013522 -0.007243
v 0.000281 -0.013522 -0.007243
v -0.000007 -0.009859 -0.007807
v 0.000281 -0.013522 -0.007243
v -0.000297 -0.013522 -0.007243
v -0.000298 -0.015353 -0.001467
v 0.000280 -0.015353 -0.001467
v 0.000280 -0.015353 -0.001467
v -0.000298 -0.015353 -0.001467
v -0.000298 -0.017889 -0.002031
v 0.000280 -0.017889 -0.002031
v 0.000280 -0.017889 -0.002031
v -0.000298 -0.017889 -0.002031
v -0.000297 -0.016199 -0.008371
v 0.000281 -0.016199 -0.008370
v 0.000281 -0.016199 -0.008370
v -0.000297 -0.016199 -0.008371
v -0.000296 -0.019016 -0.010064
v 0.000282 -0.019016 -0.010063
v 0.000282 -0.019016 -0.010063
v -0.000006 -0.006337 -0.010063
v -0.000007 -0.009859 -0.007807
v 0.000281 -0.013522 -0.007243
v 0.000280 -0.015353 -0.001467
v 0.000280 -0.017889 -0.002031
v 0.000281 -0.016199 -0.008370
v -0.000007 -0.009859 -0.007807
v -0.000006 -0.006337 -0.010063
v -0.000296 -0.019016 -0.010064
v -0.000297 -0.016199 -0.008371
v -0.000298 -0.017889 -0.002031
v -0.000298 -0.015353 -0.001467
v -0.000297 -0.013522 -0.007243
v -0.002674 -0.023525 -0.011249
v -0.000003 -0.016022 -0.009549
v -0.000004 -0.023526 -0.009549
v -0.002674 -0.016022 -0.011249
v -0.002674 -0.023525 -0.014249
v -0.002673 -0.016022 -0.014249
v -0.000002 -0.023526 -0.015949
v -0.000002 -0.016022 -0.015949
v 0.002668 -0.023526 -0.014248
v 0.002669 -0.016022 -0.014248
v 0.002668 -0.023526 -0.011248
v 0.002668 -0.016022 -0.011248
v 0.000195 -0.028525 -0.011849
v 0.000194 -0.023525 -0.009549
v 0.000196 -0.023526 -0.015949
v 0.000195 -0.028526 -0.013649
v -0.000200 -0.023525 -0.015949
v -0.000201 -0.028526 -0.011849
v -0.000201 -0.028526 -0.013649
v -0.000202 -0.023525 -0.009549
v 0.000196 -0.030026 -0.018449
v 0.000196 -0.026526 -0.018449
v -0.000200 -0.026525 -0.018449
v -0.000200 -0.030025 -0.018449
v -0.000200 -0.030025 -0.018449
v 0.000195 -0.030025 -0.015949
v 0.000196 -0.030026 -0.018449
v -0.000201 -0.030025 -0.015949
v 0.000194 -0.023525 -0.009549
v 0.000193 -0.026526 -0.006549
v -0.000202 -0.023525 -0.009549
v -0.000203 -0.026526 -0.006549
v 0.000193 -0.030026 -0.006549
v -0.000203 -0.030026 -0.006549
v -0.000794 -0.028525 -0.012288
v -0.000003 -0.028526 -0.011826
v 0.000788 -0.028526 -0.012287
v 0.000788 -0.028526 -0.013210
v -0.000003 -0.028526 -0.013671
v -0.000794 -0.028525 -0.013210
v 0.000196 -0.026526 -0.018449
v 0.000195 -0.030025 -0.015949
v 0.000196 -0.030026 -0.018449
v -0.000200 -0.026525 -0.018449
v -0.000201 -0.030025 -0.015949
v -0.000200 -0.030025 -0.018449
v 0.000193 -0.026526 -0.006549
v 0.000193 -0.030026 -0.006549
v 0.000194 -0.030025 -0.009549
v -0.000203 -0.026526 -0.006549
v -0.000202 -0.030026 -0.009549
v -0.000203 -0.030026 -0.006549
v 0.000196 -0.023526 -0.015949
v -0.000200 -0.023525 -0.015949
v -0.000201 -0.028526 -0.013649
v 0.000195 -0.028526 -0.013649
v -0.000203 -0.030026 -0.006549
v 0.000193 -0.030026 -0.006549
v 0.000194 -0.030025 -0.009549
v -0.000202 -0.030026 -0.009549
v -0.000201 -0.028526 -0.011849
v 0.000195 -0.028525 -0.011849
v -0.000003 -0.028526 -0.013671
v 0.000788 -0.028526 -0.012287
v 0.000788 -0.028526 -0.013210
v -0.000003 -0.028526 -0.011826
v -0.000794 -0.028525 -0.012288
v -0.000794 -0.028525 -0.013210
v 0.002668 -0.016022 -0.011248
v -0.000003 -0.016022 -0.009549
v -0.002674 -0.016022 -0.011249
v 0.002669 -0.016022 -0.014248
v -0.000002 -0.016022 -0.015949
v -0.002673 -0.016022 -0.014249
v 0.019390 0.002042 0.004820
v 0.015617 -0.008667 0.004314
v 0.018214 0.002556 0.004815
v 0.019393 0.002068 0.003222
v 0.018224 0.002579 0.003220
v 0.015641 -0.008647 0.003496
v 0.019390 0.002042 0.004820
v 0.019393 0.002068 0.003222
v 0.021016 0.005022 0.003824
v 0.027235 -0.017216 0.003790
v 0.028198 -0.013682 0.003491
v 0.025519 -0.016689 0.003790
v 0.018214 0.002556 0.004815
v 0.018224 0.002579 0.003220
v 0.019393 0.002068 0.003222
v 0.019390 0.002042 0.004820
v 0.061848 -0.025960 0.003569
v 0.028198 -0.013682 0.003491
v 0.061847 -0.025959 0.004277
v 0.028198 -0.013682 0.004340
v 0.028198 -0.013682 0.004340
v 0.028198 -0.013682 0.003491
v 0.027235 -0.017216 0.003790
v 0.024813 -0.012132 0.004355
v 0.024811 -0.012106 0.003475
v 0.064009 -0.018573 0.004536
v 0.063731 -0.019798 0.004516
v 0.061847 -0.025959 0.004277
v 0.028198 -0.013682 0.004340
v 0.025519 -0.016689 0.003790
v 0.061848 -0.025960 0.003569
v 0.063731 -0.019798 0.003436
v 0.064998 -0.020351 0.003829
v 0.063523 -0.026691 0.003805
v 0.063163 -0.028240 0.003799
v 0.061321 -0.027675 0.003798
v 0.064998 -0.020351 0.003829
v 0.063523 -0.026691 0.003805
v 0.063163 -0.028240 0.003799
v 0.061321 -0.027675 0.003798
v 0.021016 0.005022 0.003824
v 0.064463 -0.017212 0.003835
v 0.064463 -0.017212 0.003835
v 0.021016 0.005022 0.003824
v 0.064004 -0.018592 0.003435
v 0.024813 -0.012132 0.004355
v 0.024811 -0.012106 0.003475
v 0.015617 -0.008667 0.004314
v 0.027235 -0.017216 0.003790
v 0.025519 -0.016689 0.003790
v 0.024811 -0.012106 0.003475
v 0.024813 -0.012132 0.004355
v 0.015641 -0.008647 0.003496
v 0.064009 -0.018573 0.004536
v 0.065339 -0.018879 0.003835
v 0.063731 -0.019798 0.004516
v 0.064998 -0.020351 0.003829
v 0.065339 -0.018879 0.003835
v 0.064004 -0.018592 0.003435
v 0.063731 -0.019798 0.003436
v 0.064463 -0.017212 0.003835
v 0.064463 -0.017212 0.003835
v 0.064998 -0.020351 0.003829
v 0.061903 -0.025982 0.004277
v 0.027292 -0.017239 0.003790
v 0.028255 -0.013704 0.004340
v 0.061379 -0.027699 0.003798
v 0.061903 -0.025982 0.003569
v 0.027292 -0.017239 0.003790
v 0.028255 -0.013704 0.003491
v 0.061903 -0.025982 0.004277
v 0.061903 -0.025982 0.003569
v 0.061379 -0.027699 0.003798
v 0.027292 -0.017239 0.003790
v 0.028255 -0.013704 0.003491
v 0.028255 -0.013704 0.004340
v 0.061903 -0.025982 0.004277
v 0.028255 -0.013704 0.003491
v 0.061903 -0.025982 0.003569
v 0.028255 -0.013704 0.004340
v 0.061379 -0.027699 0.003798
v 0.005803 0.005449 0.002766
v 0.004003 0.008348 0.002875
v 0.005968 0.005448 0.008823
v 0.013266 0.019338 0.005540
v 0.019770 0.005448 0.002891
v 0.016932 0.005448 0.005272
v 0.005414 0.025404 0.005538
v 0.013266 0.019338 0.005540
v 0.005968 0.005448 0.008823
v -0.005964 0.005449 0.008820
v -0.013259 0.019340 0.005533
v -0.005406 0.025405 0.005535
v -0.016927 0.005450 0.005264
v -0.003998 0.008348 0.008343
v 0.004002 0.008348 0.008345
v -0.015482 0.020146 0.002883
v 0.019770 0.005448 0.002891
v -0.005920 0.027337 0.002885
v 0.005930 0.027336 0.002888
v 0.015491 0.020143 0.002890
v 0.005414 0.025404 0.005538
v 0.005930 0.027336 0.002888
v 0.013266 0.019338 0.005540
v 0.015491 0.020143 0.002890
v -0.005920 0.027337 0.002885
v 0.005930 0.027336 0.002888
v -0.005406 0.025405 0.005535
v 0.005414 0.025404 0.005538
v -0.013259 0.019340 0.005533
v -0.019771 0.005450 0.002760
v -0.015482 0.020146 0.002883
v -0.016927 0.005450 0.005264
v -0.013259 0.019340 0.005533
v -0.005920 0.027337 0.002885
v -0.005406 0.025405 0.005535
v -0.015482 0.020146 0.002883
v 0.016932 0.005448 0.005272
v -0.019771 0.005450 0.002760
v -0.005797 0.005449 0.002764
v -0.003997 0.008348 0.002873
v 0.015491 0.020143 0.002890
v 0.004003 0.008348 0.002875
v 0.005803 0.005449 0.002766
v 0.004002 0.008348 0.008345
v 0.005803 0.005449 0.002766
v 0.005968 0.005448 0.008823
v 0.019770 0.005448 0.002891
v 0.016932 0.005448 0.005272
v -0.003998 0.008348 0.008343
v -0.003997 0.008348 0.002873
v -0.005964 0.005449 0.008820
v -0.005797 0.005449 0.002764
v -0.016927 0.005450 0.005264
v -0.005964 0.005449 0.008820
v -0.019771 0.005450 0.002760
v -0.005797 0.005449 0.002764
v 0.004002 0.008348 0.008345
v 0.004003 0.008348 0.002875
v -0.003998 0.008348 0.008343
v -0.003997 0.008348 0.002873
v 0.005804 0.014604 0.001125
v 0.005804 0.005449 0.000845
v 0.015942 0.014592 0.001528
v 0.016928 0.005448 0.000848
v 0.005803 0.005449 0.002766
v 0.005804 0.014604 0.001125
v 0.005804 0.014906 0.002759
v 0.005804 0.005449 0.000845
v 0.016928 0.005448 0.000848
v 0.005804 0.005449 0.000845
v 0.017044 0.014911 0.002851
v 0.019770 0.005448 0.002891
v -0.016920 0.005450 0.000840
v -0.005796 0.005449 0.000842
v -0.015934 0.014594 0.001520
v -0.005796 0.014605 0.001122
v -0.005796 0.014907 0.002757
v -0.005796 0.014605 0.001122
v -0.005797 0.005449 0.002764
v -0.005796 0.005449 0.000842
v -0.016920 0.005450 0.000840
v -0.005796 0.005449 0.000842
v -0.019771 0.005450 0.002760
v -0.017036 0.014913 0.002843
v 0.005522 0.020035 0.001521
v 0.004063 0.020035 -0.001348
v 0.003970 0.008114 -0.001048
v 0.005156 0.008114 0.001721
v 0.004993 0.020035 0.006931
v 0.004221 0.008114 0.007275
v 0.002487 0.020035 0.010833
v 0.001941 0.008114 0.009621
v 0.004063 0.020035 -0.001348
v 0.000005 0.008114 -0.001949
v 0.003970 0.008114 -0.001048
v 0.000005 0.020035 -0.001949
v 0.002487 0.020035 0.010833
v 0.001941 0.008114 0.009621
v 0.000002 0.020035 0.011833
v 0.000002 0.008114 0.010246
v -0.003962 0.008114 -0.001050
v -0.004053 0.020036 -0.001350
v -0.005513 0.020036 0.001518
v -0.005149 0.008114 0.001718
v -0.004217 0.008114 0.007274
v -0.004987 0.020036 0.006929
v -0.002482 0.020035 0.010832
v -0.001938 0.008114 0.009621
v -0.003962 0.008114 -0.001050
v -0.004053 0.020036 -0.001350
v -0.001938 0.008114 0.009621
v -0.002482 0.020035 0.010832
v -0.005149 0.008114 0.001718
v 0.000005 0.008114 -0.001949
v -0.003962 0.008114 -0.001050
v -0.004217 0.008114 0.007274
v 0.003970 0.008114 -0.001048
v -0.001938 0.008114 0.009621
v 0.005156 0.008114 0.001721
v 0.004221 0.008114 0.007275
v 0.000002 0.008114 0.010246
v 0.001941 0.008114 0.009621
v 0.007743 0.014999 0.003120
v 0.007741 0.017292 -0.003850
v 0.008217 0.028434 0.001807
v 0.007361 0.010974 -0.002968
v 0.007930 0.015394 -0.006918
v 0.007645 0.010728 -0.007036
v 0.007743 0.011355 0.003340
v 0.015940 0.010975 -0.002970
v 0.015559 0.010735 -0.006939
v 0.007361 0.010974 -0.002968
v 0.007645 0.010728 -0.007036
v 0.015277 0.011356 0.003338
v 0.007743 0.011355 0.003340
v 0.013566 0.026437 0.001927
v 0.015826 0.015806 -0.003763
v 0.015277 0.014999 0.003118
v 0.015940 0.010975 -0.002970
v 0.015277 0.011356 0.003338
v 0.015464 0.014596 -0.006871
v 0.015559 0.010735 -0.006939
v 0.007930 0.015394 -0.006918
v 0.015464 0.014596 -0.006871
v 0.015826 0.015806 -0.003763
v 0.007741 0.017292 -0.003850
v 0.013566 0.026437 0.001927
v 0.008217 0.028434 0.001807
v 0.015464 0.014596 -0.006871
v 0.007645 0.010728 -0.007036
v 0.015559 0.010735 -0.006939
v 0.015277 0.014999 0.003118
v 0.007743 0.011355 0.003340
v 0.007743 0.014999 0.003120
v 0.008217 0.028434 0.001807
v 0.013566 0.026437 0.001927
v 0.015277 0.011356 0.003338
v 0.007930 0.015394 -0.006918
v 0.017104 0.006220 -0.002930
v 0.015708 0.006225 -0.003693
v 0.015709 0.002519 -0.002187
v 0.017105 0.006211 -0.001403
v 0.015709 0.006207 -0.000639
v 0.015708 0.011031 -0.004298
v 0.017682 0.011025 -0.003219
v 0.017683 0.011012 -0.001059
v 0.015709 0.011006 0.000022
v 0.016439 0.013730 -0.003596
v 0.015707 0.014531 -0.003644
v 0.016439 0.013713 -0.000649
v 0.015708 0.014513 -0.000590
v 0.015708 0.016019 -0.002109
v 0.017579 0.011923 -0.002134
v 0.009784 -0.005894 0.000991
v 0.008323 0.000413 -0.002152
v 0.009176 0.000403 0.002068
v 0.010070 -0.007887 -0.002171
v 0.010926 -0.007881 -0.004707
v 0.009369 0.000423 -0.006424
v 0.014519 0.000403 0.002070
v 0.015375 0.000413 -0.002150
v 0.013727 -0.005895 0.000992
v 0.013444 -0.007887 -0.002170
v 0.014331 0.000424 -0.006423
v 0.012589 -0.007881 -0.004706
v 0.008606 0.010506 0.002693
v 0.007562 0.010519 -0.002127
v 0.009361 0.014811 0.000846
v 0.008600 0.014818 -0.002116
v 0.008608 0.010531 -0.007113
v 0.009362 0.014826 -0.004962
v 0.014386 0.014811 0.000847
v 0.016093 0.010518 -0.002125
v 0.015047 0.010507 0.002694
v 0.015148 0.014819 -0.002114
v 0.014389 0.014825 -0.004961
v 0.015049 0.010530 -0.007111
v 0.010070 -0.007887 -0.002171
v 0.012589 -0.007881 -0.004706
v 0.010926 -0.007881 -0.004707
v 0.013444 -0.007887 -0.002170
v 0.013727 -0.005895 0.000992
v 0.009784 -0.005894 0.000991
v 0.014331 0.000424 -0.006423
v 0.009369 0.000423 -0.006424
v 0.008608 0.010531 -0.007113
v 0.015049 0.010530 -0.007111
v 0.014389 0.014825 -0.004961
v 0.009362 0.014826 -0.004962
v 0.014519 0.000403 0.002070
v 0.013727 -0.005895 0.000992
v 0.009784 -0.005894 0.000991
v 0.009176 0.000403 0.002068
v 0.009361 0.014811 0.000846
v 0.014386 0.014811 0.000847
v 0.008606 0.010506 0.002693
v 0.015047 0.010507 0.002694
v 0.017555 -0.009752 -0.004956
v 0.018782 -0.020245 -0.005255
v 0.018781 -0.020246 -0.000010
v 0.017553 -0.009752 -0.000210
v 0.006251 -0.020245 -0.000013
v 0.006252 -0.020245 -0.005258
v 0.006941 -0.009751 -0.004958
v 0.006940 -0.009751 -0.000213
v 0.008216 -0.002018 -0.000453
v 0.009165 -0.009751 0.002414
v 0.014696 -0.009752 0.002415
v 0.015647 -0.002018 -0.000452
v 0.017553 -0.009752 -0.000210
v 0.019255 -0.044764 -0.005855
v 0.015645 -0.055092 -0.006805
v 0.015643 -0.055145 0.000589
v 0.019254 -0.044764 -0.000010
v 0.014697 -0.044263 -0.010838
v 0.009167 -0.009751 -0.008339
v 0.008217 -0.000518 -0.004424
v 0.015648 -0.000518 -0.004422
v 0.014699 -0.009752 -0.008338
v 0.017555 -0.009752 -0.004956
v 0.008212 -0.055145 0.000587
v 0.006250 -0.044763 -0.005859
v 0.006249 -0.044763 -0.000013
v 0.008214 -0.055092 -0.006807
v 0.009166 -0.044263 -0.010839
v 0.014693 -0.044763 0.004415
v 0.009164 -0.020245 0.003614
v 0.009162 -0.044763 0.004413
v 0.014698 -0.020245 -0.010138
v 0.018782 -0.020245 -0.005255
v 0.009167 -0.020245 -0.010139
v 0.014695 -0.020245 0.003615
v 0.018781 -0.020246 -0.000010
v 0.017929 -0.040173 -0.012790
v 0.018826 -0.029173 -0.013754
v 0.014756 -0.024181 -0.009165
v 0.015125 -0.043673 -0.009227
v 0.014756 -0.024181 -0.009165
v 0.018826 -0.029173 -0.013754
v 0.015505 -0.029173 -0.008926
v 0.017929 -0.040173 -0.012790
v 0.015125 -0.043673 -0.009227
v 0.015645 -0.055092 -0.006805
v 0.008214 -0.055092 -0.006807
v 0.008212 -0.055145 0.000587
v 0.015643 -0.055145 0.000589
v 0.008216 -0.002018 -0.000453
v 0.008217 -0.000518 -0.004424
v 0.015648 -0.000518 -0.004422
v 0.015647 -0.002018 -0.000452
v 0.014693 -0.044763 0.004415
v 0.015643 -0.055145 0.000589
v 0.009162 -0.044763 0.004413
v 0.008212 -0.055145 0.000587
v 0.009164 -0.020245 0.003614
v 0.014696 -0.009752 0.002415
v 0.014695 -0.020245 0.003615
v 0.009165 -0.009751 0.002414
v 0.014693 -0.044763 0.004415
v 0.009162 -0.044763 0.004413
v 0.014699 -0.009752 -0.008338
v 0.009167 -0.020245 -0.010139
v 0.014698 -0.020245 -0.010138
v 0.009167 -0.009751 -0.008339
v 0.009166 -0.044263 -0.010839
v 0.014697 -0.044263 -0.010838
v 0.015645 -0.055092 -0.006805
v 0.009166 -0.044263 -0.010839
v 0.008214 -0.055092 -0.006807
v 0.014697 -0.044263 -0.010838
v 0.008217 -0.000518 -0.004424
v 0.015648 -0.000518 -0.004422
v 0.019255 -0.044764 -0.005855
v 0.019254 -0.044764 -0.000010
v 0.011832 -0.058691 -0.003252
v 0.008329 -0.059892 -0.003251
v 0.008233 -0.048001 -0.003251
v 0.015714 -0.048001 -0.003253
v 0.015619 -0.059891 -0.003253
v 0.011832 -0.058691 -0.003252
v 0.011832 -0.048001 -0.003252
v 0.011832 -0.048001 -0.003252
v 0.014382 -0.044366 -0.009337
v 0.014382 -0.048561 -0.009854
v 0.015714 -0.048001 -0.003253
v 0.009466 -0.044367 -0.009335
v 0.009466 -0.048561 -0.009853
v 0.009468 -0.062652 -0.008456
v 0.008329 -0.059892 -0.003251
v 0.015619 -0.059891 -0.003253
v 0.014383 -0.062652 -0.008458
v 0.008233 -0.048001 -0.003251
v 0.014383 -0.062652 -0.008458
v 0.011831 -0.062652 -0.008457
v 0.011832 -0.058691 -0.003252
v 0.009468 -0.062652 -0.008456
v 0.015619 -0.059891 -0.003253
v 0.008329 -0.059892 -0.003251
v 0.014385 -0.046834 0.003161
v 0.015619 -0.059891 -0.003253
v 0.014386 -0.062652 0.002079
v 0.015714 -0.048001 -0.003253
v 0.009470 -0.062652 0.002081
v 0.008329 -0.059892 -0.003251
v 0.009469 -0.046834 0.003162
v 0.008233 -0.048001 -0.003251
v 0.011832 -0.058691 -0.003252
v 0.008329 -0.059892 -0.003251
v 0.009470 -0.062652 0.002081
v 0.014386 -0.062652 0.002079
v 0.011834 -0.062652 0.002080
v 0.015619 -0.059891 -0.003253
v 0.008233 -0.048001 -0.003251
v 0.008329 -0.059892 -0.003251
v 0.011832 -0.058691 -0.003252
v 0.011832 -0.058691 -0.003252
v 0.015619 -0.059891 -0.003253
v 0.015714 -0.048001 -0.003253
v 0.011832 -0.048001 -0.003252
v 0.011832 -0.048001 -0.003252
v 0.013273 -0.008383 -0.007078
v 0.009357 0.002972 -0.008267
v 0.010402 -0.008382 -0.007079
v 0.014319 0.002971 -0.008266
v 0.008025 -0.005140 -0.000403
v 0.009357 0.002972 -0.008267
v 0.015647 -0.005140 -0.000401
v 0.014319 0.002971 -0.008266
v 0.015647 -0.005140 -0.000401
v 0.014319 0.002971 -0.008266
v 0.013273 -0.008383 -0.007078
v 0.010402 -0.008382 -0.007079
v 0.009357 0.002972 -0.008267
v 0.008025 -0.005140 -0.000403
v -0.008221 0.028434 0.001807
v -0.007745 0.017292 -0.003850
v -0.007747 0.014999 0.003120
v -0.007365 0.010974 -0.002968
v -0.007934 0.015394 -0.006918
v -0.007649 0.010728 -0.007036
v -0.007747 0.011355 0.003340
v -0.007365 0.010974 -0.002968
v -0.015563 0.010735 -0.006939
v -0.015944 0.010975 -0.002970
v -0.007649 0.010728 -0.007036
v -0.007747 0.011355 0.003340
v -0.015281 0.011356 0.003338
v -0.015281 0.014999 0.003118
v -0.015830 0.015806 -0.003763
v -0.013570 0.026437 0.001927
v -0.015281 0.011356 0.003338
v -0.015944 0.010975 -0.002970
v -0.015563 0.010735 -0.006939
v -0.015468 0.014596 -0.006871
v -0.015830 0.015806 -0.003763
v -0.015468 0.014596 -0.006871
v -0.007934 0.015394 -0.006918
v -0.007745 0.017292 -0.003850
v -0.013570 0.026437 0.001927
v -0.008221 0.028434 0.001807
v -0.015563 0.010735 -0.006939
v -0.007649 0.010728 -0.007036
v -0.015468 0.014596 -0.006871
v -0.007747 0.014999 0.003120
v -0.007747 0.011355 0.003340
v -0.015281 0.014999 0.003118
v -0.013570 0.026437 0.001927
v -0.008221 0.028434 0.001807
v -0.015281 0.011356 0.003338
v -0.007934 0.015394 -0.006918
v -0.015713 0.002519 -0.002187
v -0.015712 0.006225 -0.003693
v -0.017108 0.006220 -0.002930
v -0.017109 0.006211 -0.001403
v -0.015713 0.006207 -0.000639
v -0.015712 0.011031 -0.004298
v -0.017686 0.011025 -0.003219
v -0.017687 0.011012 -0.001059
v -0.015713 0.011006 0.000022
v -0.016443 0.013730 -0.003596
v -0.015711 0.014531 -0.003644
v -0.016443 0.013713 -0.000649
v -0.015712 0.014513 -0.000590
v -0.015712 0.016019 -0.002109
v -0.017583 0.011923 -0.002134
v -0.009180 0.000403 0.002068
v -0.008327 0.000413 -0.002152
v -0.009788 -0.005894 0.000991
v -0.010074 -0.007887 -0.002171
v -0.009373 0.000423 -0.006424
v -0.010930 -0.007881 -0.004707
v -0.013731 -0.005895 0.000992
v -0.015379 0.000413 -0.002150
v -0.014523 0.000403 0.002070
v -0.013448 -0.007887 -0.002170
v -0.012593 -0.007881 -0.004706
v -0.014335 0.000424 -0.006423
v -0.009365 0.014811 0.000846
v -0.007566 0.010519 -0.002127
v -0.008610 0.010506 0.002693
v -0.008604 0.014818 -0.002116
v -0.009366 0.014826 -0.004962
v -0.008612 0.010531 -0.007113
v -0.015051 0.010507 0.002694
v -0.016097 0.010518 -0.002125
v -0.014390 0.014811 0.000847
v -0.015152 0.014819 -0.002114
v -0.015053 0.010530 -0.007111
v -0.014393 0.014825 -0.004961
v -0.010930 -0.007881 -0.004707
v -0.012593 -0.007881 -0.004706
v -0.010074 -0.007887 -0.002171
v -0.013448 -0.007887 -0.002170
v -0.009788 -0.005894 0.000991
v -0.013731 -0.005895 0.000992
v -0.009373 0.000423 -0.006424
v -0.014335 0.000424 -0.006423
v -0.014393 0.014825 -0.004961
v -0.015053 0.010530 -0.007111
v -0.008612 0.010531 -0.007113
v -0.009366 0.014826 -0.004962
v -0.009788 -0.005894 0.000991
v -0.013731 -0.005895 0.000992
v -0.014523 0.000403 0.002070
v -0.009180 0.000403 0.002068
v -0.008610 0.010506 0.002693
v -0.014390 0.014811 0.000847
v -0.009365 0.014811 0.000846
v -0.015051 0.010507 0.002694
v -0.018824 -0.020242 0.000002
v -0.018823 -0.020242 -0.005244
v -0.017594 -0.009748 -0.004943
v -0.017596 -0.009748 -0.000198
v -0.006981 -0.009749 -0.004941
v -0.006293 -0.020243 -0.005241
v -0.006294 -0.020243 0.000005
v -0.006982 -0.009749 -0.000195
v -0.009208 -0.009749 0.002430
v -0.008257 -0.002015 -0.000437
v -0.017596 -0.009748 -0.000198
v -0.015688 -0.002015 -0.000438
v -0.014739 -0.009749 0.002429
v -0.015692 -0.055142 0.000602
v -0.015690 -0.055089 -0.006792
v -0.019300 -0.044760 -0.005844
v -0.019301 -0.044760 0.000002
v -0.014739 -0.044260 -0.010824
v -0.008256 -0.000515 -0.004407
v -0.009206 -0.009749 -0.008323
v -0.017594 -0.009748 -0.004943
v -0.014737 -0.009748 -0.008324
v -0.015687 -0.000515 -0.004409
v -0.006296 -0.044761 0.000005
v -0.006295 -0.044761 -0.005841
v -0.008261 -0.055143 0.000604
v -0.008259 -0.055089 -0.006790
v -0.009207 -0.044260 -0.010823
v -0.014742 -0.044760 0.004428
v -0.009209 -0.020243 0.003630
v -0.009211 -0.044761 0.004430
v -0.018823 -0.020242 -0.005244
v -0.014737 -0.020242 -0.010124
v -0.009206 -0.020242 -0.010123
v -0.014741 -0.020242 0.003629
v -0.018824 -0.020242 0.000002
v -0.014796 -0.024178 -0.009151
v -0.018864 -0.029169 -0.013742
v -0.017969 -0.040169 -0.012778
v -0.015167 -0.043670 -0.009213
v -0.015546 -0.029169 -0.008913
v -0.018864 -0.029169 -0.013742
v -0.014796 -0.024178 -0.009151
v -0.017969 -0.040169 -0.012778
v -0.015167 -0.043670 -0.009213
v -0.008261 -0.055143 0.000604
v -0.008259 -0.055089 -0.006790
v -0.015690 -0.055089 -0.006792
v -0.015692 -0.055142 0.000602
v -0.015687 -0.000515 -0.004409
v -0.008256 -0.000515 -0.004407
v -0.008257 -0.002015 -0.000437
v -0.015688 -0.002015 -0.000438
v -0.009211 -0.044761 0.004430
v -0.015692 -0.055142 0.000602
v -0.014742 -0.044760 0.004428
v -0.008261 -0.055143 0.000604
v -0.014741 -0.020242 0.003629
v -0.014739 -0.009749 0.002429
v -0.009209 -0.020243 0.003630
v -0.009208 -0.009749 0.002430
v -0.014742 -0.044760 0.004428
v -0.009211 -0.044761 0.004430
v -0.014737 -0.020242 -0.010124
v -0.009206 -0.020242 -0.010123
v -0.014737 -0.009748 -0.008324
v -0.009206 -0.009749 -0.008323
v -0.014739 -0.044260 -0.010824
v -0.009207 -0.044260 -0.010823
v -0.008259 -0.055089 -0.006790
v -0.009207 -0.044260 -0.010823
v -0.015690 -0.055089 -0.006792
v -0.014739 -0.044260 -0.010824
v -0.015687 -0.000515 -0.004409
v -0.008256 -0.000515 -0.004407
v -0.019301 -0.044760 0.000002
v -0.019300 -0.044760 -0.005844
v -0.008237 -0.048001 -0.003251
v -0.008333 -0.059892 -0.003251
v -0.011836 -0.058691 -0.003252
v -0.015623 -0.059891 -0.003253
v -0.015718 -0.048001 -0.003253
v -0.011836 -0.048001 -0.003252
v -0.015718 -0.048001 -0.003253
v -0.014386 -0.048561 -0.009854
v -0.014386 -0.044366 -0.009337
v -0.009470 -0.048561 -0.009853
v -0.009470 -0.044367 -0.009335
v -0.008333 -0.059892 -0.003251
v -0.009472 -0.062652 -0.008456
v -0.014387 -0.062652 -0.008458
v -0.015623 -0.059891 -0.003253
v -0.008237 -0.048001 -0.003251
v -0.011836 -0.058691 -0.003252
v -0.011835 -0.062652 -0.008457
v -0.014387 -0.062652 -0.008458
v -0.009472 -0.062652 -0.008456
v -0.015623 -0.059891 -0.003253
v -0.008333 -0.059892 -0.003251
v -0.011836 -0.058691 -0.003252
v -0.008333 -0.059892 -0.003251
v -0.008237 -0.048001 -0.003251
v -0.015718 -0.048001 -0.003253
v -0.015623 -0.059891 -0.003253
v -0.011836 -0.058691 -0.003252
v -0.011836 -0.048001 -0.003252
v -0.011836 -0.048001 -0.003252
v -0.014390 -0.062652 0.002079
v -0.015623 -0.059891 -0.003253
v -0.014389 -0.046834 0.003161
v -0.015718 -0.048001 -0.003253
v -0.009473 -0.046834 0.003162
v -0.008333 -0.059892 -0.003251
v -0.009474 -0.062652 0.002081
v -0.008237 -0.048001 -0.003251
v -0.009474 -0.062652 0.002081
v -0.008333 -0.059892 -0.003251
v -0.011836 -0.058691 -0.003252
v -0.011838 -0.062652 0.002080
v -0.014390 -0.062652 0.002079
v -0.015623 -0.059891 -0.003253
v -0.010441 -0.008372 -0.007065
v -0.009396 0.002983 -0.008253
v -0.013312 -0.008372 -0.007066
v -0.014357 0.002982 -0.008255
v -0.015689 -0.005129 -0.000390
v -0.009396 0.002983 -0.008253
v -0.008068 -0.005128 -0.000388
v -0.014357 0.002982 -0.008255
v -0.013312 -0.008372 -0.007066
v -0.014357 0.002982 -0.008255
v -0.015689 -0.005129 -0.000390
v -0.008068 -0.005128 -0.000388
v -0.009396 0.002983 -0.008253
v -0.010441 -0.008372 -0.007065
v 0.004134 0.022354 0.000114
v 0.004133 0.019890 0.002592
v 0.003716 0.023647 0.000596
v 0.001072 0.027011 0.003924
v 0.001072 0.025504 0.005582
v 0.004164 0.019867 -0.005845
v 0.002766 0.023653 0.003630
v -0.000023 0.025901 0.005976
v -0.002779 0.023633 0.003610
v -0.001111 0.025496 0.005573
v 0.004133 0.023644 -0.001036
v 0.001647 0.027754 0.000525
v 0.004138 0.023640 -0.002354
v 0.001667 0.027078 -0.004272
v 0.004175 0.013912 -0.003374
v 0.004176 0.016371 -0.005836
v 0.001653 0.028722 -0.002376
v 0.001653 0.028722 -0.002376
v 0.000002 0.027286 -0.002116
v -0.001656 0.028710 -0.002389
v -0.001656 0.028710 -0.002389
v -0.001643 0.027067 -0.004284
v 0.001653 0.028722 -0.002376
v 0.001667 0.027078 -0.004272
v -0.000010 0.028149 0.000518
v -0.001663 0.027743 0.000512
v -0.000005 0.027237 -0.000007
v -0.001658 0.026832 -0.000012
v 0.001652 0.026844 -0.000000
v 0.001647 0.027754 0.000525
v 0.001659 0.026892 -0.002108
v -0.001651 0.026880 -0.002121
v 0.004145 0.016395 0.002602
v -0.004100 0.016367 0.002571
v 0.004125 0.016408 0.007655
v -0.004120 0.016381 0.007624
v -0.002779 0.023633 0.003610
v 0.002766 0.023653 0.003630
v -0.002794 0.023644 0.007609
v 0.002751 0.023663 0.007630
v -0.003474 0.024207 -0.002120
v -0.004106 0.023613 -0.002385
v -0.003474 0.024207 -0.002120
v -0.003442 0.024208 -0.001330
v -0.004106 0.023613 -0.002385
v -0.004105 0.023616 -0.001067
v 0.004145 0.016395 0.002602
v 0.004114 0.019904 0.007645
v 0.004125 0.016408 0.007655
v 0.002751 0.023663 0.007630
v 0.003461 0.024232 -0.001304
v 0.003498 0.024231 -0.002095
v 0.004138 0.023640 -0.002354
v 0.003498 0.024231 -0.002095
v 0.004138 0.023640 -0.002354
v 0.004162 0.013917 0.000138
v 0.004175 0.013912 -0.003374
v -0.004083 0.013889 0.000107
v -0.004069 0.013880 -0.003389
v -0.000021 0.027409 0.004318
v -0.000023 0.025901 0.005976
v 0.004176 0.016371 -0.005836
v -0.004068 0.016345 -0.005867
v -0.004081 0.019839 -0.005876
v 0.004164 0.019867 -0.005845
v -0.001643 0.027067 -0.004284
v 0.001667 0.027078 -0.004272
v -0.001111 0.025496 0.005573
v -0.001110 0.027003 0.003915
v -0.001663 0.027743 0.000512
v -0.000010 0.028149 0.000518
v -0.004112 0.019863 0.002562
v -0.004081 0.019839 -0.005876
v -0.004111 0.022327 0.000083
v -0.004120 0.016381 0.007624
v -0.004100 0.016367 0.002571
v -0.004131 0.019875 0.007614
v -0.002794 0.023644 0.007609
v -0.002779 0.023633 0.003610
v -0.003705 0.023622 0.000569
v -0.004112 0.023616 -0.001067
v -0.004106 0.023613 -0.002385
v -0.001643 0.027067 -0.004284
v -0.001656 0.028710 -0.002389
v 0.003461 0.024232 -0.001304
v 0.004133 0.023644 -0.001036
v -0.004100 0.016367 0.002571
v 0.004145 0.016395 0.002602
v 0.002766 0.023653 0.003630
v 0.001072 0.025504 0.005582
v 0.004162 0.013917 0.000138
v -0.004068 0.016345 -0.005867
v -0.004069 0.013885 -0.003405
v -0.004083 0.013889 0.000107
v 0.000002 0.027286 -0.002116
v -0.001658 0.026832 -0.000012
v -0.001651 0.026880 -0.002121
v 0.003461 0.024232 -0.001304
v 0.001659 0.026892 -0.002108
v 0.003498 0.024231 -0.002095
v -0.003474 0.024207 -0.002120
v -0.003442 0.024208 -0.001330
v -0.000005 0.027237 -0.000007
v 0.001652 0.026844 -0.000000
v 0.004133 0.023644 -0.001036
v 0.006042 0.019448 0.000431
v 0.004120 0.020596 0.002226
v 0.006043 0.020516 -0.001098
v 0.006043 0.015760 -0.002146
v 0.004121 0.015680 -0.005471
v 0.004121 0.013678 -0.002607
v -0.004124 0.013679 -0.002609
v -0.004124 0.015680 -0.005473
v -0.006046 0.015760 -0.002149
v -0.006046 0.016827 -0.003678
v -0.004125 0.014290 0.000833
v -0.006047 0.016087 -0.000314
v -0.004126 0.017155 0.002835
v -0.006047 0.017614 0.000753
v -0.004125 0.020596 0.002224
v -0.006047 0.019450 0.000428
v -0.004125 0.022598 -0.000641
v -0.006047 0.020516 -0.001101
v -0.004124 0.021987 -0.004082
v -0.006046 0.020191 -0.002936
v -0.004123 0.019122 -0.006084
v -0.006046 0.018663 -0.004004
v -0.006046 0.020191 -0.002936
v -0.006046 0.016827 -0.003678
v -0.006046 0.018663 -0.004004
v -0.006246 0.018716 -0.004099
v -0.006045 0.032387 -0.006322
v -0.006246 0.018960 -0.002721
v -0.006045 0.032562 -0.005337
v -0.004846 0.018960 -0.002721
v -0.005045 0.032562 -0.005337
v -0.004846 0.018716 -0.004099
v -0.005045 0.032387 -0.006322
v -0.006045 0.032562 -0.005337
v -0.006045 0.032387 -0.006322
v -0.005045 0.032562 -0.005337
v -0.005045 0.032387 -0.006322
v -0.004847 0.019527 0.000499
v -0.005046 0.033129 -0.002119
v -0.004847 0.019282 -0.000881
v -0.005045 0.032956 -0.003104
v -0.006247 0.019528 0.000498
v -0.006046 0.033129 -0.002119
v -0.006247 0.019282 -0.000881
v -0.006045 0.032956 -0.003104
v -0.006046 0.033129 -0.002119
v -0.006045 0.032956 -0.003104
v -0.005046 0.033129 -0.002119
v -0.005045 0.032956 -0.003104
v 0.006043 0.018663 -0.004001
v 0.004122 0.019122 -0.006082
v 0.006043 0.016828 -0.003675
v 0.006042 0.016085 -0.000311
v 0.004120 0.014289 0.000835
v 0.006042 0.017614 0.000756
v 0.004119 0.017154 0.002837
v 0.004121 0.022597 -0.000639
v 0.006043 0.020191 -0.002933
v 0.004121 0.021987 -0.004080
v 0.006042 0.016085 -0.000311
v 0.006043 0.016828 -0.003675
v 0.006043 0.015760 -0.002146
v 0.006044 0.032561 -0.005334
v 0.006044 0.032387 -0.006319
v 0.006243 0.018959 -0.002718
v 0.006243 0.018714 -0.004096
v 0.005044 0.032387 -0.006319
v 0.005044 0.032561 -0.005335
v 0.004843 0.018714 -0.004096
v 0.004843 0.018959 -0.002718
v 0.005044 0.032387 -0.006319
v 0.006044 0.032387 -0.006319
v 0.005044 0.032561 -0.005335
v 0.006044 0.032561 -0.005334
v 0.005044 0.032954 -0.003101
v 0.005043 0.033130 -0.002116
v 0.004842 0.019283 -0.000878
v 0.004842 0.019527 0.000501
v 0.006043 0.033129 -0.002116
v 0.006242 0.019527 0.000501
v 0.006044 0.032954 -0.003101
v 0.006242 0.019283 -0.000878
v 0.005044 0.032954 -0.003101
v 0.006044 0.032954 -0.003101
v 0.005043 0.033130 -0.002116
v 0.006043 0.033129 -0.002116
v -0.006046 0.015760 -0.002149
v -0.006047 0.016087 -0.000314
v -0.006047 0.017614 0.000753
v -0.006047 0.019450 0.000428
v -0.006047 0.020516 -0.001101
v 0.006043 0.018663 -0.004001
v 0.006043 0.020191 -0.002933
v 0.006043 0.020516 -0.001098
v 0.006042 0.019448 0.000431
v 0.006042 0.017614 0.000756
v -0.003823 0.032066 0.007223
v -0.003350 0.026848 0.009418
v -0.002551 0.026848 0.010971
v -0.002852 0.031190 0.010746
v -0.000774 0.026848 0.012360
v -0.001325 0.030674 0.012496
v 0.000779 0.026848 0.012360
v 0.001330 0.030674 0.012496
v 0.002556 0.026848 0.010973
v 0.003356 0.026848 0.009419
v 0.003831 0.032066 0.007225
v 0.002858 0.031190 0.010747
v -0.011795 0.031640 0.002252
v -0.006370 0.031639 0.002253
v -0.006370 0.027260 0.002753
v -0.012345 0.027261 0.002752
v 0.006380 0.028835 0.002045
v 0.012355 0.028834 0.002047
v 0.011805 0.032508 0.002047
v 0.006380 0.032509 0.002045
v -0.011795 0.032510 0.002041
v -0.012345 0.028836 0.002041
v -0.006370 0.028835 0.002042
v -0.006370 0.032509 0.002042
v 0.005805 0.028835 0.002045
v 0.013514 0.028834 0.002047
v 0.013514 0.027259 0.002758
v 0.005930 0.027336 0.002888
v -0.011795 0.031640 0.002252
v -0.011795 0.032510 0.002041
v -0.006370 0.032509 0.002042
v -0.006370 0.031639 0.002253
v 0.005930 0.027336 0.002888
v 0.013514 0.027259 0.002758
v 0.016930 0.014916 0.002769
v 0.005804 0.014916 0.002759
v 0.013514 0.028834 0.002047
v 0.005805 0.028835 0.002045
v 0.005804 0.014616 0.001125
v 0.015942 0.014616 0.001528
v 0.005930 0.027336 0.002888
v 0.005804 0.014916 0.002759
v 0.005804 0.014616 0.001125
v 0.005805 0.028835 0.002045
v 0.011805 0.031638 0.002258
v 0.006380 0.031639 0.002256
v 0.006380 0.032509 0.002045
v 0.011805 0.032508 0.002047
v -0.013505 0.027261 0.002752
v -0.013504 0.028836 0.002041
v -0.005795 0.028835 0.002042
v -0.005920 0.027337 0.002885
v -0.016922 0.014918 0.002761
v -0.013505 0.027261 0.002752
v -0.005920 0.027337 0.002885
v -0.005796 0.014917 0.002757
v -0.005796 0.014617 0.001122
v -0.005795 0.028835 0.002042
v -0.013504 0.028836 0.002041
v -0.015934 0.014618 0.001520
v -0.005796 0.014617 0.001122
v -0.005796 0.014917 0.002757
v -0.005920 0.027337 0.002885
v -0.005795 0.028835 0.002042
v -0.013505 0.027261 0.002752
v -0.016922 0.014918 0.002761
v -0.013504 0.028836 0.002041
v -0.016922 0.014918 0.002761
v 0.011805 0.031638 0.002258
v 0.012355 0.027259 0.002758
v 0.006380 0.027260 0.002756
v 0.006380 0.031639 0.002256
v -0.011795 0.031640 0.002252
v -0.012345 0.027261 0.002752
v -0.012345 0.028836 0.002041
v -0.011795 0.032510 0.002041
v -0.006370 0.028835 0.002042
v -0.006370 0.027260 0.002753
v -0.006370 0.031639 0.002253
v -0.006370 0.032509 0.002042
v 0.012355 0.028834 0.002047
v 0.012355 0.027259 0.002758
v 0.011805 0.031638 0.002258
v 0.011805 0.032508 0.002047
v 0.006380 0.031639 0.002256
v 0.006380 0.027260 0.002756
v 0.006380 0.028835 0.002045
v 0.006380 0.032509 0.002045
v 0.013514 0.027259 0.002758
v 0.013514 0.028834 0.002047
v 0.016930 0.014916 0.002769
v 0.016930 0.014916 0.002769
v 0.000770 0.076448 0.000855
v 0.002635 0.066253 -0.001257
v 0.002973 0.065925 0.000953
v -0.002725 0.047348 0.007337
v -0.002925 0.048848 0.006687
v 0.000005 0.048848 0.007972
v 0.000005 0.047348 0.008472
v 0.004929 0.051413 0.000521
v 0.005523 0.032666 0.001321
v 0.005103 0.033166 0.005631
v 0.004598 0.050113 0.003785
v 0.004026 0.048848 0.005339
v -0.005094 0.033167 0.005629
v -0.005512 0.032667 0.001318
v -0.004915 0.051413 0.000519
v -0.004586 0.050113 0.003783
v -0.004015 0.048848 0.005337
v -0.002482 0.020035 0.010832
v -0.002351 0.024848 0.010971
v 0.000002 0.024848 0.012248
v 0.000002 0.020035 0.011833
v 0.004159 0.032416 -0.001448
v 0.003787 0.052713 -0.002248
v 0.001965 0.065448 0.003275
v 0.002935 0.048848 0.006688
v 0.005522 0.020035 0.001521
v 0.004993 0.020035 0.006931
v 0.000009 0.075548 -0.000064
v 0.000009 0.077048 0.000753
v 0.004159 0.032416 -0.001448
v 0.003787 0.052713 -0.002248
v 0.000008 0.053313 -0.002949
v 0.000006 0.032366 -0.002049
v 0.000009 0.066381 -0.002048
v 0.002635 0.066253 -0.001257
v 0.000009 0.075548 -0.000064
v 0.002935 0.048848 0.006688
v 0.000005 0.048848 0.007972
v 0.000007 0.065125 0.004574
v 0.001965 0.065448 0.003275
v 0.000008 0.077048 0.001530
v 0.000770 0.076448 0.000855
v 0.000009 0.077048 0.000753
v -0.004147 0.032417 -0.001450
v -0.003772 0.052713 -0.002250
v -0.002619 0.066254 -0.001258
v -0.002957 0.065926 0.000952
v -0.001951 0.065448 0.003274
v -0.002925 0.048848 0.006687
v -0.000753 0.076448 0.000855
v -0.003772 0.052713 -0.002250
v -0.004147 0.032417 -0.001450
v -0.002619 0.066254 -0.001258
v -0.002925 0.048848 0.006687
v -0.001951 0.065448 0.003274
v -0.000753 0.076448 0.000855
v 0.005103 0.033166 0.005631
v 0.004203 0.033366 0.006431
v 0.003426 0.047348 0.006139
v 0.004026 0.048848 0.005339
v 0.002935 0.048848 0.006688
v 0.002735 0.047348 0.007338
v -0.005094 0.033167 0.005629
v -0.004015 0.048848 0.005337
v -0.003415 0.047348 0.006138
v -0.004194 0.033367 0.006429
v 0.003356 0.026848 0.009419
v 0.003831 0.032066 0.007225
v 0.003756 0.024848 0.008920
v 0.004063 0.020035 -0.001348
v 0.002709 0.032109 0.010585
v 0.004003 0.033366 0.006431
v 0.002909 0.032109 0.010685
v 0.003756 0.024848 0.008920
v 0.002487 0.020035 0.010833
v 0.002356 0.024848 0.010973
v 0.000005 0.020035 -0.001949
v 0.004063 0.020035 -0.001348
v -0.005513 0.020036 0.001518
v -0.004053 0.020036 -0.001350
v -0.004987 0.020036 0.006929
v -0.003750 0.024848 0.008918
v -0.002482 0.020035 0.010832
v -0.002351 0.024848 0.010971
v -0.004053 0.020036 -0.001350
v 0.003831 0.032066 0.007225
v 0.002858 0.031190 0.010747
v 0.002909 0.032109 0.010685
v 0.004203 0.033366 0.006431
v 0.001330 0.030674 0.012496
v 0.001356 0.031591 0.012496
v 0.002356 0.024848 0.010973
v 0.000002 0.024848 0.012248
v 0.000779 0.026848 0.012360
v 0.002556 0.026848 0.010973
v -0.002351 0.024848 0.010971
v -0.002551 0.026848 0.010971
v -0.000774 0.026848 0.012360
v -0.003750 0.024848 0.008918
v -0.003823 0.032066 0.007223
v -0.003350 0.026848 0.009418
v 0.004203 0.033366 0.006431
v 0.001206 0.031591 0.012296
v 0.001356 0.031591 0.012496
v -0.003823 0.032066 0.007223
v -0.004194 0.033367 0.006429
v -0.002903 0.032109 0.010683
v -0.002852 0.031190 0.010746
v -0.001350 0.031591 0.012495
v -0.001325 0.030674 0.012496
v -0.001350 0.031591 0.012495
v -0.002703 0.032109 0.010583
v -0.001200 0.031591 0.012295
v -0.002903 0.032109 0.010683
v -0.004194 0.033367 0.006429
v -0.003994 0.033367 0.006429
v 0.002356 0.024848 0.010973
v 0.002487 0.020035 0.010833
v 0.000886 0.042248 0.009374
v -0.001256 0.042248 0.008174
v -0.000878 0.042248 0.009374
v 0.002103 0.033848 0.010174
v -0.002996 0.033848 0.006173
v -0.002097 0.033848 0.010173
v -0.002097 0.033848 0.010173
v -0.002996 0.033848 0.006173
v -0.002096 0.035648 0.010173
v -0.002595 0.037648 0.006173
v -0.002595 0.037648 0.006173
v 0.002605 0.037648 0.006174
v 0.002103 0.035648 0.010174
v -0.002096 0.035648 0.010173
v 0.002605 0.037648 0.006174
v 0.003004 0.033848 0.006175
v 0.002103 0.035648 0.010174
v 0.002103 0.033848 0.010174
v 0.002103 0.033848 0.010174
v -0.002097 0.033848 0.010173
v 0.002103 0.035648 0.010174
v -0.002096 0.035648 0.010173
v -0.002496 0.042248 0.008173
v -0.002995 0.042248 0.006173
v -0.002295 0.047448 0.006773
v -0.002795 0.047448 0.006173
v 0.002805 0.047448 0.006175
v 0.003005 0.042248 0.006175
v 0.002305 0.047448 0.006774
v 0.002504 0.042248 0.008174
v -0.002496 0.042248 0.008173
v 0.002305 0.047448 0.006774
v 0.002504 0.042248 0.008174
v -0.002295 0.047448 0.006773
v -0.001256 0.042248 0.008174
v -0.000877 0.047448 0.007774
v -0.000878 0.042248 0.009374
v -0.001087 0.047448 0.006774
v -0.001087 0.047448 0.006774
v 0.001097 0.047448 0.006774
v 0.000887 0.047448 0.007774
v -0.000877 0.047448 0.007774
v 0.000887 0.047448 0.007774
v 0.001097 0.047448 0.006774
v 0.001264 0.042248 0.008174
v 0.000886 0.042248 0.009374
v -0.000878 0.042248 0.009374
v 0.000887 0.047448 0.007774
v 0.000886 0.042248 0.009374
v -0.000877 0.047448 0.007774
v 0.003005 0.042248 0.006175
v -0.002995 0.042248 0.006173
v 0.002504 0.042248 0.008174
v -0.002496 0.042248 0.008173
v 0.001264 0.042248 0.008174
v 0.003004 0.033848 0.006175
v -0.002997 0.026648 0.009373
v -0.002996 0.031048 0.007373
v -0.002097 0.026648 0.009773
v -0.002097 0.031048 0.009773
v -0.002996 0.031048 0.007373
v 0.003004 0.031048 0.007375
v 0.002103 0.031048 0.009774
v -0.002097 0.031048 0.009773
v 0.002103 0.026648 0.009774
v 0.003004 0.031048 0.007375
v 0.003003 0.026648 0.009374
v 0.002103 0.031048 0.009774
v 0.002103 0.026648 0.009774
v -0.002097 0.026648 0.009773
v 0.002103 0.031048 0.009774
v -0.002097 0.031048 0.009773
v -0.000774 0.026848 0.012360
v -0.002551 0.026848 0.010971
v 0.002556 0.026848 0.010973
v 0.000779 0.026848 0.012360
v 0.003356 0.026848 0.009419
v -0.003350 0.026848 0.009418
v 0.003831 0.032066 0.007225
v -0.003823 0.032066 0.007223
v -0.004194 0.033367 0.006429
v 0.004203 0.033366 0.006431
v 0.003356 0.026848 0.009419
v -0.003350 0.026848 0.009418
v -0.003823 0.032066 0.007223
v 0.003831 0.032066 0.007225
v 0.002735 0.047348 0.007338
v -0.002725 0.047348 0.007337
v 0.000005 0.047348 0.008472
v 0.003426 0.047348 0.006139
v -0.003415 0.047348 0.006138
v -0.004194 0.033367 0.006429
v -0.003415 0.047348 0.006138
v 0.003426 0.047348 0.006139
v 0.004203 0.033366 0.006431
v 0.002935 0.034666 0.010377
v 0.004203 0.033366 0.006431
v 0.002931 0.038084 0.009774
v 0.001067 0.040192 0.011253
v 0.001419 0.035016 0.012202
v 0.002735 0.047348 0.007338
v 0.000005 0.047348 0.008472
v 0.003426 0.047348 0.006139
v -0.001060 0.040192 0.011252
v -0.002924 0.038084 0.009772
v -0.004194 0.033367 0.006429
v -0.002929 0.034667 0.010375
v -0.001413 0.035017 0.012201
v -0.002725 0.047348 0.007337
v -0.003415 0.047348 0.006138
v 0.002909 0.032109 0.010685
v 0.001356 0.031591 0.012496
v -0.002903 0.032109 0.010683
v -0.001350 0.031591 0.012495
v 0.004147 0.052908 -0.001378
v 0.004574 0.057741 -0.001265
v 0.004064 0.057741 -0.002141
v 0.003597 0.055190 -0.002109
v 0.004287 0.055162 -0.000327
v 0.004143 0.057741 0.000131
v 0.002974 0.057741 -0.002256
v 0.004649 0.061116 -0.001143
v 0.003677 0.060861 0.000204
v 0.003238 0.063461 -0.000524
v 0.003052 0.064246 -0.001222
v 0.002753 0.063449 -0.001762
v 0.002520 0.060974 -0.002176
v 0.004143 0.061161 -0.002030
v -0.004048 0.057742 -0.002143
v -0.004558 0.057742 -0.001267
v -0.004132 0.052909 -0.001380
v -0.003582 0.055191 -0.002110
v -0.004273 0.055163 -0.000329
v -0.004128 0.057741 0.000129
v -0.002958 0.057741 -0.002257
v -0.003223 0.063462 -0.000526
v -0.003663 0.060862 0.000202
v -0.004633 0.061117 -0.001145
v -0.003036 0.064246 -0.001224
v -0.004127 0.061162 -0.002032
v -0.002503 0.060975 -0.002177
v -0.002737 0.063449 -0.001763
v 0.004003 0.033366 0.006431
v 0.002709 0.032109 0.010585
v 0.002858 0.031190 0.010747
v 0.003831 0.032066 0.007225
v 0.001206 0.031591 0.012296
v 0.001330 0.030674 0.012496
v -0.002852 0.031190 0.010746
v -0.002703 0.032109 0.010583
v -0.003994 0.033367 0.006429
v -0.003823 0.032066 0.007223
v -0.001325 0.030674 0.012496
v -0.001200 0.031591 0.012295
v -0.001412 0.011020 0.009592
v -0.000774 0.006763 0.007810
v -0.002551 0.007209 0.006494
v -0.003036 0.012159 0.007904
v 0.000779 0.006763 0.007810
v 0.001418 0.011019 0.009593
v 0.003356 0.007708 0.005025
v 0.002556 0.007209 0.006496
v 0.003042 0.012158 0.007906
v -0.004194 0.014842 0.004289
v -0.003063 0.014769 0.008437
v 0.004203 0.014841 0.004290
v 0.003069 0.014767 0.008440
v 0.003065 0.018323 0.008956
v 0.001484 0.014474 0.010428
v 0.001116 0.019870 0.011174
v 0.000005 0.027425 0.010717
v 0.002735 0.027789 0.009644
v -0.001109 0.019870 0.011173
v -0.003058 0.018323 0.008954
v -0.001478 0.014475 0.010428
v -0.002725 0.027789 0.009643
v -0.003350 0.007708 0.005024
v 0.003426 0.028174 0.008508
v -0.003415 0.028175 0.008507
v -0.005795 0.005541 0.005211
v -0.005796 0.005541 0.000914
v -0.016970 0.005541 0.000916
v -0.016919 0.005541 0.005306
v 0.006040 0.005541 0.005208
v 0.017164 0.005541 0.005299
v 0.017213 0.005541 0.000909
v 0.006039 0.005541 0.000912
v -0.005369 -0.005848 0.004763
v 0.007776 -0.017371 0.004734
v -0.007811 -0.017372 0.004737
v 0.005339 -0.005847 0.004766
v 0.007776 -0.017371 0.004734
v 0.005339 -0.005847 0.004766
v 0.007445 -0.017370 0.003948
v -0.005369 -0.005848 0.004763
v -0.007811 -0.017372 0.004737
v -0.007479 -0.017370 0.003953
v 0.007445 -0.017370 0.003948
v 0.005339 -0.005847 0.004766
v -0.005369 -0.005848 0.004763
v -0.007479 -0.017370 0.003953
v 0.004713 -0.039224 -0.001064
v 0.004671 -0.032796 -0.001056
v -0.004716 -0.039225 -0.001062
v -0.004674 -0.032796 -0.001053
v -0.005199 -0.022066 0.000002
v 0.005196 -0.022067 -0.000001
v -0.007561 -0.017587 0.003841
v 0.005196 -0.022067 -0.000001
v 0.007560 -0.017587 0.003837
v -0.005199 -0.022066 0.000002
v 0.007560 -0.039238 0.003780
v 0.004671 -0.032796 -0.001056
v 0.004713 -0.039224 -0.001064
v 0.005196 -0.022067 -0.000001
v 0.007560 -0.017587 0.003837
v -0.004716 -0.039225 -0.001062
v -0.004674 -0.032796 -0.001053
v -0.007560 -0.039238 0.003784
v -0.007561 -0.017587 0.003841
v -0.005199 -0.022066 0.000002
v 0.007560 -0.039238 0.003780
v -0.007560 -0.039238 0.003784
v 0.005290 -0.049398 0.003851
v -0.005290 -0.049398 0.003853
v 0.007182 -0.039240 0.004836
v 0.005290 -0.049398 0.003851
v -0.007182 -0.039240 0.004839
v -0.005290 -0.049398 0.003853
v -0.007561 -0.017587 0.003841
v 0.007560 -0.017587 0.003837
v 0.007182 -0.017589 0.004837
v -0.007182 -0.017590 0.004841
v -0.007182 -0.017590 0.004841
v 0.007182 -0.017589 0.004837
v 0.007182 -0.039240 0.004836
v -0.007182 -0.039240 0.004839
v -0.007182 -0.039240 0.004839
v -0.007560 -0.039238 0.003784
v -0.007182 -0.017590 0.004841
v -0.007561 -0.017587 0.003841
v 0.007560 -0.017587 0.003837
v 0.007560 -0.039238 0.003780
v 0.007182 -0.017589 0.004837
v 0.007182 -0.039240 0.004836
v -0.005290 -0.049398 0.003853
v 0.005290 -0.049398 0.003851
v 0.007560 -0.039238 0.003780
v 0.004713 -0.039224 -0.001064
v -0.007560 -0.039238 0.003784
v -0.004716 -0.039225 -0.001062
v -0.005369 -0.005848 0.004763
v 0.007776 -0.017371 0.004734
v -0.007811 -0.017372 0.004737
v 0.005339 -0.005847 0.004766
v 0.007776 -0.017371 0.004734
v 0.005339 -0.005847 0.004766
v 0.007445 -0.017370 0.003948
v -0.005369 -0.005848 0.004763
v -0.007811 -0.017372 0.004737
v -0.007479 -0.017370 0.003953
v 0.007445 -0.017370 0.003948
v 0.005339 -0.005847 0.004766
v -0.005369 -0.005848 0.004763
v -0.007479 -0.017370 0.003953
v -0.009306 -0.042296 0.011680
v -0.006580 -0.036252 0.004855
v -0.013053 -0.044161 0.020487
v -0.012903 -0.046904 0.020544
v -0.012755 -0.044162 0.020608
v -0.012903 -0.046904 0.020544
v -0.013053 -0.044161 0.020487
v -0.012755 -0.044162 0.020608
v -0.009306 -0.042296 0.011680
v -0.012903 -0.046904 0.020544
v -0.006580 -0.036252 0.004855
v -0.012904 -0.039437 0.020547
v -0.012576 -0.040862 0.020683
v -0.013612 -0.041803 0.022293
v -0.013389 -0.042988 0.022581
v -0.006542 -0.018579 0.004871
v -0.005895 -0.021904 0.005134
v -0.012903 -0.046905 0.020545
v -0.013470 -0.047569 0.021942
v -0.013973 -0.042984 0.022344
v -0.012903 -0.046905 0.020545
v -0.013234 -0.040843 0.020416
v -0.013470 -0.047569 0.021942
v -0.013612 -0.041803 0.022293
v -0.012904 -0.039437 0.020547
v -0.007190 -0.021899 0.004608
v -0.006542 -0.018579 0.004871
v -0.006541 -0.036265 0.004866
v -0.006541 -0.036265 0.004866
v -0.013053 -0.044162 0.020487
v -0.013612 -0.041803 0.022293
v -0.013389 -0.042988 0.022581
v -0.013973 -0.042984 0.022344
v -0.013470 -0.047569 0.021942
v -0.012756 -0.044163 0.020607
v -0.006541 -0.036265 0.004866
v -0.013053 -0.044162 0.020487
v -0.012756 -0.044163 0.020607
v 0.009288 -0.042296 0.011686
v 0.006500 -0.036252 0.004886
v 0.012720 -0.044161 0.020619
v 0.012869 -0.046904 0.020556
v 0.013019 -0.044162 0.020499
v 0.012869 -0.046904 0.020556
v 0.012720 -0.044161 0.020619
v 0.013019 -0.044162 0.020499
v 0.009288 -0.042296 0.011686
v 0.012869 -0.046904 0.020556
v 0.006500 -0.036252 0.004886
v 0.012870 -0.039437 0.020559
v 0.013200 -0.040862 0.020429
v 0.013575 -0.041803 0.022306
v 0.013936 -0.042988 0.022358
v 0.006538 -0.018579 0.004871
v 0.007186 -0.021904 0.004609
v 0.012869 -0.046905 0.020557
v 0.013433 -0.047569 0.021955
v 0.013351 -0.042984 0.022594
v 0.012869 -0.046905 0.020557
v 0.012542 -0.040843 0.020695
v 0.013433 -0.047569 0.021955
v 0.013575 -0.041803 0.022306
v 0.012870 -0.039437 0.020559
v 0.005889 -0.021899 0.005132
v 0.006538 -0.018579 0.004871
v 0.006536 -0.036265 0.004866
v 0.006536 -0.036265 0.004866
v 0.012720 -0.044162 0.020619
v 0.013575 -0.041803 0.022306
v 0.013936 -0.042988 0.022358
v 0.013351 -0.042984 0.022594
v 0.013433 -0.047569 0.021955
v 0.013018 -0.044163 0.020499
v 0.006536 -0.036265 0.004866
v 0.012720 -0.044162 0.020619
v 0.013018 -0.044163 0.020499
vn -0.4002 0.9163 0.0144
vn -0.4010 0.9159 0.0151
vn -0.4009 0.9160 0.0150
vn 0.0109 -0.0219 -0.9997
vn 0.0090 -0.0225 -0.9997
vn -0.0196 0.0369 -0.9991
vn 0.0121 -0.0325 -0.9994
vn -0.4017 0.9157 0.0157
vn 0.0241 -0.0603 0.9979
vn 0.0486 -0.1374 0.9893
vn 0.0263 -0.0722 0.9970
vn 0.0270 -0.0758 -0.9968
vn 0.0137 -0.0395 -0.9991
vn 0.0246 -0.0779 -0.9967
vn 0.8763 0.4817 0.0068
vn 0.0207 -0.0397 0.9990
vn 0.0193 -0.0402 0.9990
vn -0.0286 0.0568 0.9980
vn 0.3540 -0.9347 -0.0330
vn 0.3537 -0.9349 -0.0283
vn 0.3537 -0.9349 -0.0281
vn 0.0433 -0.1421 0.9889
vn 0.9884 -0.1518 -0.0023
vn 0.3441 -0.9389 -0.0001
vn 0.3441 -0.9389 0.0013
vn -0.9645 -0.2642 -0.0012
vn 0.3540 -0.9346 -0.0333
vn 0.0374 -0.1210 -0.9920
vn -0.0506 -0.0521 -0.9974
vn -0.0455 -0.0738 -0.9962
vn -0.1322 -0.0399 -0.9904
vn -0.0777 -0.0276 -0.9966
vn -0.2720 -0.0602 -0.9604
vn -0.1002 -0.1028 0.9896
vn 0.0759 -0.2459 0.9663
vn -0.0865 -0.1563 0.9839
vn -0.2525 -0.0817 0.9641
vn -0.1271 -0.0538 0.9904
vn -0.4389 -0.1060 0.8923
vn -0.0922 0.1712 0.9809
vn -0.0566 0.1059 -0.9928
vn -0.1256 0.2561 0.9585
vn -0.2026 0.3941 0.8965
vn -0.1223 0.2386 -0.9634
vn -0.0784 0.1592 -0.9841
vn -0.4757 0.0556 0.8778
vn -0.4697 0.0302 0.8823
vn -0.4966 0.2601 0.8281
vn -0.2737 -0.0693 -0.9593
vn -0.3035 0.0376 -0.9521
vn -0.2948 0.0198 -0.9554
vn -0.4406 -0.1108 0.8908
vn -0.4387 -0.1063 0.8923
vn -0.3256 0.1705 -0.9300
vn -0.2684 -0.0589 -0.9615
vn 0.0268 -0.0788 -0.9965
vn 0.0368 -0.1181 -0.9923
vn 0.0375 -0.1209 -0.9920
vn 0.0265 -0.0774 -0.9966
vn 0.9644 0.2644 -0.0000
vn -0.9557 -0.2944 -0.0000
vn -0.3441 0.9389 -0.0000
vn 0.0740 -0.2393 0.9681
vn 0.0500 -0.1439 0.9883
vn 0.0756 -0.2460 0.9663
vn 0.0491 -0.1405 0.9889
vn 0.2310 -0.1370 0.9633
vn 0.1925 -0.2036 0.9599
vn 0.2584 -0.1177 0.9588
vn -0.0002 -0.2252 0.9743
vn -0.0003 -0.2252 0.9743
vn 0.6431 -0.0910 0.7603
vn 0.6347 -0.0874 0.7678
vn 0.5924 -0.0701 0.8026
vn 0.5841 -0.0668 0.8089
vn 0.4063 -0.4835 0.7753
vn 0.6559 -0.6208 0.4293
vn 0.4304 -0.4987 0.7524
vn 0.6868 -0.6323 0.3584
vn -0.0001 -0.9501 0.3121
vn -0.0001 -0.9502 0.3116
vn -0.0001 -0.9501 0.3120
vn -0.2588 -0.1176 0.9587
vn -0.2881 -0.0774 0.9545
vn -0.3053 -0.1021 0.9468
vn -0.2315 -0.1369 0.9632
vn -0.1929 -0.2036 0.9599
vn -0.5929 -0.0700 0.8022
vn -0.6351 -0.0873 0.7674
vn -0.6435 -0.0909 0.7600
vn -0.5847 -0.0667 0.8085
vn -0.4309 -0.4987 0.7521
vn -0.6564 -0.6208 0.4287
vn -0.4069 -0.4835 0.7751
vn -0.6872 -0.6323 0.3577
vn -0.0091 -0.0018 1.0000
vn -0.0054 -0.0067 1.0000
vn -0.0107 -0.0012 0.9999
vn -0.0002 -0.0106 0.9999
vn -0.0092 0.0011 1.0000
vn -0.0098 0.0006 1.0000
vn -0.0003 0.0061 1.0000
vn -0.0003 -0.0858 0.9963
vn -0.0003 0.0062 1.0000
vn -0.0003 0.1494 0.9888
vn -0.9700 -0.2431 -0.0000
vn -0.0000 -1.0000 -0.0000
vn 0.9545 -0.2982 -0.0000
vn 0.0102 -0.0012 0.9999
vn 0.0048 -0.0066 1.0000
vn 0.0086 -0.0018 1.0000
vn -0.0004 -0.0106 0.9999
vn 0.0094 0.0006 1.0000
vn 0.0088 0.0010 1.0000
vn -0.9545 -0.2981 -0.0000
vn 0.0002 -0.0862 -0.9963
vn 0.0002 -0.0455 -0.9990
vn 0.0002 -0.0456 -0.9990
vn -0.4273 -0.0799 -0.9006
vn -0.5815 -0.1068 -0.8065
vn -0.5605 -0.0990 -0.8222
vn -0.4152 -0.0716 -0.9069
vn -0.4136 -0.1023 -0.9047
vn 0.0002 -0.0000 -1.0000
vn 0.0003 -0.0000 -1.0000
vn 0.0002 -0.0863 -0.9963
vn 0.0003 -0.0455 -0.9990
vn 0.0003 -0.0456 -0.9990
vn 0.5609 -0.0991 -0.8219
vn 0.5818 -0.1069 -0.8063
vn 0.4279 -0.0800 -0.9003
vn 0.4158 -0.0717 -0.9066
vn 0.4143 -0.1024 -0.9044
vn 0.9700 -0.2432 -0.0000
vn -0.9931 -0.1173 -0.0000
vn -0.9926 -0.1217 -0.0000
vn -1.0000 0.0001 -0.0005
vn 0.9926 -0.1218 -0.0000
vn 0.9931 -0.1175 -0.0000
vn 1.0000 -0.0001 0.0005
vn 0.0003 0.0002 -1.0000
vn 0.0002 0.0002 -1.0000
vn 0.0001 1.0000 -0.0000
vn 0.0001 1.0000 -0.0001
vn 0.0001 1.0000 0.0001
vn -0.0000 1.0000 -0.0000
vn -0.8229 -0.5681 0.0052
vn 0.8229 -0.5682 0.0055
vn 0.2877 -0.0774 0.9546
vn -0.8967 0.0940 0.4326
vn -0.9220 0.1145 0.3698
vn -0.8884 0.0879 0.4505
vn -0.9278 0.1197 0.3533
vn 0.8712 0.0861 0.4833
vn 0.9110 0.1161 0.3957
vn 0.8812 0.0931 0.4635
vn 0.9180 0.1221 0.3772
vn 0.0001 0.9042 0.4270
vn -0.0000 0.9041 0.4273
vn 0.0001 0.9043 0.4269
vn -0.0001 0.9041 0.4274
vn 0.0002 -0.0001 -1.0000
vn 0.0003 -0.0001 -1.0000
vn -0.0002 0.1355 0.9908
vn -0.0002 0.1354 0.9908
vn -0.0003 0.1354 0.9908
vn 0.8881 0.0876 0.4513
vn 0.9219 0.1144 0.3702
vn 0.8964 0.0938 0.4333
vn 0.9277 0.1196 0.3536
vn -0.8814 0.0931 0.4631
vn -0.9113 0.1162 0.3951
vn -0.8715 0.0861 0.4829
vn -0.9183 0.1222 0.3766
vn -0.0001 0.9043 0.4269
vn 0.0001 0.9041 0.4273
vn -0.0000 0.9042 0.4270
vn 0.0001 0.9041 0.4274
vn 0.0003 0.0001 -1.0000
vn 0.0002 0.0001 -1.0000
vn 0.3048 -0.1021 0.9469
vn 0.8777 -0.1772 0.4453
vn 0.8463 -0.2199 0.4852
vn 0.6879 -0.1779 0.7036
vn 0.6344 -0.2144 0.7427
vn 0.8052 -0.2518 0.5369
vn 0.5505 -0.2557 0.7947
vn 0.3020 -0.1753 0.9370
vn 0.3097 -0.2040 0.9287
vn -0.0002 -0.1835 0.9830
vn -0.0005 -0.2149 0.9766
vn 0.3962 -0.2271 0.8896
vn -0.0009 -0.2467 0.9691
vn 0.9600 -0.2011 0.1947
vn 0.9742 -0.1551 0.1640
vn 0.9499 -0.2167 0.2252
vn -0.6883 -0.1778 0.7033
vn -0.8506 -0.2075 0.4832
vn -0.8729 -0.1711 0.4569
vn -0.6346 -0.2144 0.7425
vn -0.5508 -0.2556 0.7945
vn -0.7999 -0.2582 0.5417
vn -0.3106 -0.2039 0.9284
vn -0.3023 -0.1754 0.9369
vn -0.3977 -0.2270 0.8890
vn -0.9626 -0.1847 0.1981
vn -0.9680 -0.1585 0.1945
vn -0.9500 -0.2310 0.2100
vn -0.0000 -1.0000 0.0007
vn -1.0000 -0.0003 -0.0003
vn -1.0000 -0.0000 -0.0003
vn -1.0000 -0.0001 -0.0003
vn 1.0000 -0.0001 0.0002
vn 1.0000 -0.0002 0.0003
vn -1.0000 0.0001 -0.0003
vn -0.0003 -0.4061 0.9138
vn -0.0002 -0.4061 0.9138
vn 0.0003 0.1571 -0.9876
vn -0.0003 0.2152 0.9766
vn -0.0002 0.2152 0.9766
vn 0.0001 0.9999 -0.0165
vn -0.0000 0.9999 -0.0164
vn 0.0001 0.9999 -0.0166
vn -0.0000 -0.9779 -0.2092
vn -0.0001 -0.9779 -0.2092
vn 0.0001 -0.9779 -0.2091
vn -1.0000 -0.0001 -0.0002
vn -1.0000 -0.0002 -0.0002
vn -1.0000 -0.0002 -0.0003
vn -0.8689 -0.4950 -0.0003
vn -0.8688 -0.4952 -0.0002
vn -0.8688 -0.4951 -0.0003
vn -0.8687 -0.4953 -0.0002
vn 1.0000 -0.0000 0.0002
vn 0.8689 -0.4950 -0.0000
vn 0.8691 -0.4947 0.0001
vn 0.8690 -0.4948 0.0001
vn 0.8691 -0.4946 0.0002
vn -0.0000 -0.5350 -0.8448
vn 0.0002 -0.5347 -0.8451
vn 0.0002 -0.5348 -0.8450
vn 0.0003 -0.5346 -0.8451
vn -0.0002 -0.0000 1.0000
vn -0.0000 -0.5352 0.8447
vn -0.0001 -0.5351 0.8448
vn -0.0000 -0.5351 0.8448
vn -1.0000 -0.0000 -0.0001
vn -0.9655 -0.2605 -0.0002
vn -0.9656 -0.2600 -0.0003
vn -0.9655 -0.2604 -0.0002
vn 1.0000 -0.0000 0.0003
vn 0.9655 -0.2605 0.0002
vn 0.9656 -0.2600 0.0003
vn 0.9655 -0.2604 0.0002
vn 0.0004 -0.0000 -1.0000
vn 0.0003 -0.6693 -0.7430
vn 0.0004 -0.6691 -0.7432
vn 0.0004 -0.6693 -0.7430
vn 0.0005 -0.6690 -0.7432
vn -0.0004 -0.0000 1.0000
vn -0.0003 0.0001 1.0000
vn -0.0002 0.0002 1.0000
vn -0.0000 -0.6690 0.7433
vn 0.9899 -0.1419 -0.0003
vn 0.9899 -0.1420 -0.0002
vn 0.9899 -0.1418 -0.0003
vn -0.9883 -0.1528 0.0002
vn -0.9882 -0.1529 0.0002
vn -1.0000 -0.0001 0.0002
vn -1.0000 -0.0001 0.0003
vn -1.0000 -0.0001 0.0001
vn -1.0000 -0.0001 -0.0000
vn 1.0000 0.0001 -0.0003
vn 1.0000 0.0001 -0.0002
vn 1.0000 0.0001 -0.0000
vn 1.0000 0.0001 -0.0001
vn -0.0002 -0.0000 -1.0000
vn -0.0002 -0.5371 -0.8435
vn -0.0001 -0.5371 -0.8435
vn 0.0002 0.0712 0.9975
vn 0.0003 0.0712 0.9975
vn 0.0001 0.7710 0.6369
vn 0.0002 -0.0755 0.9971
vn 0.0002 -0.0756 0.9971
vn 0.0002 0.0781 0.9969
vn -0.0002 0.7293 -0.6842
vn -0.0002 0.7292 -0.6843
vn -0.0001 0.7294 -0.6841
vn -0.0000 0.7295 -0.6839
vn 0.7388 0.6739 -0.0002
vn 0.7388 0.6740 -0.0002
vn 0.7389 0.6738 -0.0003
vn 0.7390 0.6737 -0.0003
vn 0.0002 0.7299 0.6836
vn 0.0002 0.7298 0.6836
vn 0.0001 0.7297 0.6838
vn -0.0000 0.7295 0.6839
vn -0.6977 0.7164 0.0002
vn -0.6978 0.7163 0.0003
vn -0.6979 0.7162 0.0003
vn 0.0003 0.2095 0.9778
vn -1.0000 -0.0002 0.0002
vn 1.0000 0.0002 -0.0003
vn 0.9863 -0.1631 -0.0260
vn 0.9828 -0.1836 -0.0176
vn 0.9279 -0.3706 -0.0403
vn 0.9523 -0.3006 -0.0534
vn -0.9091 -0.4141 -0.0457
vn -0.9925 -0.1215 -0.0121
vn -0.9931 -0.1140 -0.0277
vn -0.9389 -0.3388 -0.0605
vn 0.9802 0.1980 0.0002
vn 0.9962 0.0873 0.0003
vn 0.9959 0.0909 0.0002
vn 0.9802 0.1978 0.0002
vn -0.9879 0.1552 -0.0003
vn -0.9866 0.1629 0.0054
vn -0.9843 0.1768 -0.0003
vn -0.9843 0.1766 -0.0004
vn -0.0001 -0.0604 0.9982
vn -0.0001 -0.1352 0.9908
vn -0.0002 -0.0622 0.9981
vn -0.0000 -0.1354 0.9908
vn -0.0002 0.1141 0.9935
vn -0.0002 0.2515 0.9679
vn -0.0002 0.1185 0.9930
vn -0.0003 0.2515 0.9678
vn 0.0003 -0.1132 -0.9936
vn 0.0004 0.0032 -1.0000
vn 0.0004 -0.0002 -1.0000
vn 0.0003 -0.1130 -0.9936
vn 0.0004 0.2727 -0.9621
vn 0.0004 0.1726 -0.9850
vn 0.0004 0.1764 -0.9843
vn 0.0003 0.2728 -0.9621
vn -0.0000 -0.9845 -0.1752
vn -0.9899 -0.1419 -0.0003
vn -0.9899 -0.1420 -0.0002
vn -0.9899 -0.1418 -0.0003
vn 0.9882 -0.1529 0.0002
vn 0.9883 -0.1528 0.0002
vn 1.0000 -0.0001 0.0003
vn 1.0000 -0.0001 -0.0000
vn 1.0000 -0.0001 0.0001
vn -1.0000 0.0001 -0.0002
vn -1.0000 0.0001 -0.0001
vn -1.0000 0.0001 -0.0000
vn 0.0002 -0.5371 -0.8435
vn 0.0001 -0.5371 -0.8435
vn -0.0002 0.0712 0.9975
vn -0.0003 0.0712 0.9975
vn -0.0001 0.7710 0.6369
vn -0.0002 -0.0755 0.9971
vn -0.0002 -0.0756 0.9971
vn -0.0002 0.0781 0.9969
vn 0.0001 0.7294 -0.6841
vn 0.0002 0.7292 -0.6843
vn 0.0002 0.7293 -0.6842
vn -0.7389 0.6738 -0.0003
vn -0.7388 0.6740 -0.0002
vn -0.7388 0.6739 -0.0002
vn -0.7390 0.6737 -0.0003
vn -0.0001 0.7297 0.6838
vn -0.0002 0.7298 0.6836
vn -0.0002 0.7299 0.6836
vn 0.6977 0.7164 0.0002
vn 0.6978 0.7163 0.0002
vn 0.6979 0.7162 0.0003
vn -0.0003 0.2095 0.9778
vn -1.0000 0.0002 -0.0002
vn -0.9279 -0.3706 -0.0403
vn -0.9828 -0.1836 -0.0176
vn -0.9863 -0.1631 -0.0260
vn -0.9523 -0.3006 -0.0534
vn 0.9931 -0.1140 -0.0277
vn 0.9925 -0.1215 -0.0121
vn 0.9091 -0.4141 -0.0457
vn 0.9389 -0.3388 -0.0605
vn -0.9959 0.0909 0.0002
vn -0.9962 0.0873 0.0003
vn -0.9802 0.1980 0.0002
vn -0.9802 0.1978 0.0002
vn 0.9843 0.1768 -0.0003
vn 0.9866 0.1629 0.0054
vn 0.9879 0.1552 -0.0003
vn 0.9843 0.1766 -0.0004
vn 0.0002 -0.0622 0.9981
vn 0.0001 -0.1352 0.9908
vn 0.0001 -0.0604 0.9982
vn 0.0002 0.1185 0.9930
vn 0.0002 0.2515 0.9679
vn 0.0002 0.1141 0.9935
vn 0.0003 0.2515 0.9678
vn -0.0004 -0.0002 -1.0000
vn -0.0004 0.0032 -1.0000
vn -0.0004 -0.1132 -0.9936
vn -0.0003 -0.1130 -0.9936
vn -0.0004 0.1764 -0.9843
vn -0.0004 0.1726 -0.9850
vn -0.0004 0.2727 -0.9621
vn -0.0003 0.2728 -0.9621
vn 0.7745 0.2633 -0.5752
vn 0.7773 0.2475 -0.5783
vn 0.7006 0.5047 -0.5044
vn -0.7926 0.1182 -0.5982
vn -0.7744 0.2627 -0.5756
vn -0.7772 0.2472 -0.5787
vn 0.7928 0.1182 -0.5979
vn -0.7010 0.5034 -0.5052
vn 0.8670 -0.0001 0.4983
vn -0.0003 -0.0000 1.0000
vn 0.8670 -0.0001 0.4984
vn -0.8673 0.0001 0.4978
vn -0.8672 0.0001 0.4979
vn -0.8670 0.0001 -0.4983
vn 0.8672 -0.0001 -0.4980
vn 0.8673 -0.0001 -0.4978
vn -0.8637 0.0962 0.4947
vn -0.5025 0.0848 0.8604
vn -0.8629 0.0962 0.4961
vn -0.8633 0.0938 -0.4959
vn -0.8629 0.0938 -0.4966
vn -0.5018 0.0807 -0.8612
vn 0.8632 0.0936 -0.4962
vn 0.5021 0.0806 -0.8611
vn 0.8636 0.0936 -0.4955
vn 0.8635 0.0959 0.4952
vn 0.8626 0.0959 0.4967
vn 0.5019 0.0846 0.8608
vn 0.7863 -0.0432 -0.6163
vn -0.7861 -0.0432 -0.6166
vn 0.8723 0.0513 -0.4863
vn 0.8752 0.0004 -0.4838
vn 0.8765 -0.0001 0.4814
vn 0.8737 0.0518 0.4836
vn -0.0002 -1.0000 -0.0001
vn -0.8767 0.0001 0.4811
vn -0.8739 0.0520 0.4832
vn -0.5295 0.0458 0.8471
vn -0.5369 -0.0000 0.8436
vn -0.8749 0.0005 -0.4842
vn -0.8721 0.0514 -0.4867
vn -0.5313 0.0008 -0.8472
vn -0.5234 0.0447 -0.8509
vn 0.5236 0.0447 -0.8508
vn 0.5315 0.0007 -0.8471
vn 0.8650 0.1039 -0.4908
vn 0.8666 0.1055 0.4877
vn 0.5367 -0.0000 0.8438
vn 0.5292 0.0457 0.8473
vn 0.5202 0.0933 0.8489
vn -0.8668 0.1055 0.4873
vn -0.5205 0.0934 0.8487
vn -0.8648 0.1039 -0.4912
vn -0.5140 0.0902 -0.8530
vn 0.5143 0.0902 -0.8529
vn -0.0000 -0.1522 -0.9884
vn -0.0000 -0.9533 -0.3022
vn -0.0000 0.2171 -0.9762
vn -0.0002 0.9663 0.2576
vn 0.0015 0.5151 -0.8571
vn -0.9998 -0.0187 0.0070
vn 0.9998 -0.0189 0.0076
vn -0.8606 -0.1902 0.4724
vn -0.0001 -0.0000 1.0000
vn -0.0004 -0.1958 0.9806
vn -0.8605 -0.1902 -0.4726
vn -0.8765 0.0001 -0.4813
vn 0.0003 -0.1958 -0.9806
vn 0.0001 -0.0000 -1.0000
vn 0.8606 -0.1903 -0.4723
vn 0.8768 -0.0001 -0.4809
vn 0.8604 -0.1903 0.4727
vn 0.8765 -0.0000 0.4814
vn 1.0000 -0.0002 0.0001
vn -1.0000 0.0002 -0.0001
vn -0.0000 -0.0000 -1.0000
vn 0.0009 0.3399 -0.9404
vn 0.0009 0.3409 -0.9401
vn -0.0023 -1.0000 0.0004
vn -0.0001 -0.9586 0.2848
vn -0.0025 -1.0000 0.0004
vn -0.0000 -0.9586 0.2848
vn -0.0000 0.7070 0.7072
vn -0.0000 0.3826 0.9239
vn -0.0000 -0.0000 1.0000
vn -0.7966 -0.4019 0.4515
vn -0.0005 -0.4144 0.9101
vn 0.7964 -0.4021 0.4518
vn 0.7964 -0.4022 -0.4517
vn -0.0001 -0.4146 -0.9100
vn -0.7964 -0.4021 -0.4518
vn 1.0000 -0.0000 0.0004
vn -1.0000 -0.0000 -0.0004
vn 0.0016 0.6402 -0.7682
vn -0.0000 -0.8378 0.5460
vn 0.0002 -1.0000 -0.0003
vn -0.0000 -1.0000 -0.0003
vn 0.0023 -0.9585 -0.2851
vn 0.0024 -0.9586 -0.2848
vn 0.0021 -0.8376 -0.5463
vn -0.0006 -1.0000 -0.0000
vn -0.0013 -1.0000 -0.0000
vn 0.0279 0.0569 0.9980
vn -0.0198 -0.0402 0.9990
vn -0.0215 -0.0396 0.9990
vn 0.0201 0.0369 -0.9991
vn -0.0082 -0.0227 -0.9997
vn -0.0104 -0.0219 -0.9997
vn -0.8770 0.4805 0.0063
vn -0.0239 -0.0778 -0.9967
vn -0.0132 -0.0396 -0.9991
vn -0.0262 -0.0757 -0.9968
vn 0.4002 0.9163 0.0157
vn -0.3428 -0.9394 0.0001
vn -0.3428 -0.9394 -0.0000
vn 0.9648 -0.2631 -0.0000
vn -0.0244 -0.0604 0.9979
vn -0.0114 -0.0325 -0.9994
vn 0.0915 0.1714 0.9809
vn 0.1266 -0.0535 0.9905
vn 0.1000 -0.1027 0.9897
vn -0.0266 -0.0723 0.9970
vn -0.0488 -0.1374 0.9893
vn 0.0512 -0.0520 -0.9973
vn 0.0781 -0.0274 -0.9966
vn 0.4382 -0.1053 0.8927
vn 0.2524 -0.0813 0.9642
vn 0.0865 -0.1563 0.9839
vn -0.0761 -0.2464 0.9662
vn 0.2720 -0.0596 -0.9605
vn 0.1328 -0.0398 -0.9903
vn 0.0462 -0.0739 -0.9962
vn -0.0366 -0.1212 -0.9920
vn 0.1248 0.2564 0.9585
vn 0.2017 0.3945 0.8965
vn 0.1224 0.2386 -0.9634
vn 0.0787 0.1594 -0.9841
vn 0.0569 0.1058 -0.9928
vn -0.3524 -0.9355 -0.0269
vn -0.3524 -0.9355 -0.0272
vn -0.3528 -0.9351 -0.0329
vn -0.0436 -0.1420 0.9889
vn -0.9882 -0.1529 -0.0027
vn -0.3528 -0.9351 -0.0332
vn 0.4754 0.0564 0.8779
vn 0.4692 0.0309 0.8825
vn 0.4403 -0.1100 0.8911
vn 0.4382 -0.1052 0.8927
vn 0.2905 0.0230 -0.9566
vn 0.2954 0.0448 -0.9543
vn 0.2730 -0.0609 -0.9601
vn 0.3155 0.1660 -0.9343
vn 0.4962 0.2610 0.8281
vn 0.2722 -0.0592 -0.9604
vn -0.0742 -0.2398 0.9680
vn -0.0503 -0.1439 0.9883
vn -0.0494 -0.1404 0.9889
vn -0.0369 -0.1211 -0.9920
vn -0.0362 -0.1183 -0.9923
vn -0.0262 -0.0786 -0.9966
vn -0.0259 -0.0773 -0.9967
vn 0.9564 -0.2922 -0.0000
vn -0.9648 0.2629 -0.0000
vn 0.3428 0.9394 -0.0000
vn -0.0759 -0.2465 0.9662
vn -0.8489 -0.5280 0.0230
vn -0.8421 -0.5391 0.0153
vn -0.8356 -0.5492 0.0083
vn 0.7058 0.2009 0.6794
vn 0.6498 0.1627 0.7425
vn 0.6352 0.1530 0.7571
vn 0.0455 0.1635 0.9855
vn 0.1831 0.1340 0.9739
vn 0.1847 0.1147 0.9761
vn -0.1851 0.1147 0.9760
vn -0.1836 0.1340 0.9738
vn -0.0460 0.1635 0.9855
vn -0.3079 0.0629 0.9493
vn -0.0002 0.1624 0.9867
vn -0.0003 0.1624 0.9867
vn 0.0021 0.0049 -1.0000
vn 0.0017 0.0067 -1.0000
vn 0.5017 0.6496 0.5713
vn 0.4972 0.6475 0.5775
vn 0.4846 0.6416 0.5946
vn 0.4815 0.6401 0.5987
vn -0.0001 0.8080 0.5891
vn -0.0001 0.8081 0.5891
vn -0.7093 0.1974 0.6767
vn -0.6643 0.1659 0.7288
vn -0.7185 0.2041 0.6649
vn -0.6525 0.1580 0.7411
vn -0.4847 0.6416 0.5945
vn -0.4974 0.6476 0.5772
vn -0.5019 0.6497 0.5710
vn -0.4815 0.6401 0.5986
vn 0.3075 0.0628 0.9495
vn 0.0003 0.0083 -1.0000
vn 0.0125 0.0163 -0.9998
vn 0.0102 0.0108 -0.9999
vn 0.7168 0.2088 0.6653
vn 0.0029 0.0111 -0.9999
vn 0.0089 0.0431 -0.9990
vn -0.8277 -0.5612 -0.0002
vn -0.0001 -1.0000 -0.0001
vn -0.0001 -1.0000 -0.0002
vn -0.0001 -1.0000 -0.0000
vn 0.8276 -0.5613 0.0002
vn 0.8421 -0.5392 0.0157
vn 0.8356 -0.5493 0.0086
vn 0.8489 -0.5280 0.0234
vn -0.0001 -1.0000 0.0002
vn 0.0397 0.0305 -0.9987
vn 0.0213 0.0510 -0.9985
vn 0.3948 0.1340 -0.9089
vn 0.3192 0.1045 -0.9419
vn -1.0000 -0.0000 -0.0005
vn -0.0001 -1.0000 0.0001
vn 0.7267 0.2066 -0.6551
vn 0.6003 0.1338 -0.7885
vn -0.3042 0.1032 -0.9470
vn -0.0208 0.0510 -0.9985
vn -0.3911 0.1378 -0.9100
vn -0.0392 0.0305 -0.9988
vn 1.0000 -0.0000 0.0005
vn -0.5788 0.1338 -0.8044
vn -0.7243 0.2151 -0.6551
vn 0.9829 -0.0259 -0.1822
vn 0.8912 -0.0184 -0.4532
vn 0.9144 -0.0321 -0.4035
vn 0.9911 -0.0446 -0.1257
vn 0.9431 -0.0391 0.3302
vn 0.8955 -0.0773 0.4384
vn 0.8212 -0.0502 0.5684
vn 0.7133 -0.1032 0.6932
vn 0.1623 -0.0055 -0.9867
vn 0.0003 -0.0212 -0.9998
vn 0.2215 -0.0263 -0.9748
vn 0.3710 -0.1107 0.9220
vn 0.3137 -0.1237 0.9414
vn -0.0002 -0.1206 0.9927
vn 0.0001 -0.1320 0.9913
vn -0.9142 -0.0319 -0.4039
vn -0.8910 -0.0182 -0.4536
vn -0.9828 -0.0257 -0.1826
vn -0.9910 -0.0444 -0.1262
vn -0.8957 -0.0772 0.4379
vn -0.9432 -0.0389 0.3298
vn -0.8214 -0.0500 0.5681
vn -0.7136 -0.1030 0.6929
vn -0.2209 -0.0262 -0.9749
vn -0.1618 -0.0055 -0.9868
vn -0.3136 -0.1236 0.9415
vn -0.3715 -0.1106 0.9218
vn -0.9990 0.0331 0.0310
vn -0.9987 0.0479 -0.0174
vn -0.9993 0.0365 0.0123
vn -0.9985 0.0501 -0.0205
vn -0.9950 0.0526 -0.0844
vn -0.9953 0.0626 -0.0733
vn -0.9982 0.0036 0.0602
vn 0.0001 -0.9982 0.0603
vn 0.0001 -0.9982 0.0604
vn 0.9828 0.1571 0.0968
vn 0.9979 0.0630 0.0166
vn 0.9921 0.0796 0.0966
vn 0.9997 0.0224 -0.0017
vn 0.9945 0.0063 0.1042
vn 0.9940 0.0137 -0.1086
vn 0.9949 0.0262 -0.0971
vn 0.1464 0.8652 -0.4795
vn 0.1001 0.9232 -0.3711
vn 0.1147 0.7531 -0.6479
vn 0.1446 0.6659 -0.7319
vn 0.1555 0.4549 -0.8769
vn 0.1835 0.4388 -0.8797
vn 0.0111 0.0202 -0.9997
vn 0.0099 0.0227 -0.9997
vn 0.0122 0.0179 -0.9998
vn 0.0003 0.0809 0.9967
vn 0.0003 0.0603 0.9982
vn 0.0022 0.0808 0.9967
vn 0.0138 0.0968 0.9952
vn 0.0098 0.0988 0.9951
vn 0.0089 0.0247 -0.9997
vn 0.8314 -0.2544 -0.4941
vn 0.4678 -0.2150 -0.8573
vn 0.8698 -0.4933 -0.0031
vn 0.8318 -0.2601 0.4903
vn 0.4683 -0.2249 0.8545
vn 0.4614 0.0005 -0.8872
vn 0.8644 0.0475 -0.5005
vn 0.8649 0.0418 0.5003
vn 0.4622 -0.0098 0.8867
vn 0.6994 0.3614 -0.6166
vn 0.5614 0.4724 -0.6794
vn 0.7002 0.3539 0.6201
vn 0.5630 0.4640 0.6839
vn 0.9023 0.4312 0.0022
vn 0.9390 0.3440 0.0017
vn -0.9791 -0.1850 0.0839
vn -0.9907 -0.1313 -0.0348
vn -0.9751 -0.0982 0.1990
vn -0.9623 -0.2021 -0.1818
vn -0.9349 -0.2040 -0.2903
vn -0.9620 -0.1465 -0.2305
vn 0.9738 -0.1093 0.1994
vn 0.9895 -0.1406 -0.0330
vn 0.9737 -0.2075 0.0940
vn 0.9589 -0.2227 -0.1758
vn 0.9610 -0.1539 -0.2298
vn 0.9309 -0.2237 -0.2888
vn -0.9745 0.0756 0.2113
vn -0.9962 0.0869 -0.0010
vn -0.9444 0.2410 0.2235
vn -0.9721 0.2347 -0.0045
vn -0.9766 0.0662 -0.2047
vn -0.9429 0.2471 -0.2233
vn 0.9489 0.2216 0.2249
vn 0.9969 0.0790 -0.0006
vn 0.9749 0.0688 0.2118
vn 0.9767 0.2146 -0.0038
vn 0.9477 0.2276 -0.2238
vn 0.9771 0.0595 -0.2044
vn -0.0002 -0.9492 0.3147
vn 0.0004 -0.7916 -0.6110
vn 0.0003 -0.7944 -0.6073
vn -0.0001 -0.9492 0.3147
vn -0.0003 -0.8460 0.5331
vn -0.0004 -0.8460 0.5332
vn 0.0003 -0.1294 -0.9916
vn 0.0002 -0.1298 -0.9915
vn 0.0003 0.1894 -0.9819
vn 0.0003 0.1908 -0.9816
vn 0.0003 0.4477 -0.8942
vn 0.0003 0.4478 -0.8942
vn -0.0003 -0.1123 0.9937
vn -0.0003 -0.1687 0.9857
vn -0.0004 -0.1128 0.9936
vn -0.0002 0.3943 0.9190
vn -0.0002 0.1627 0.9867
vn -0.0002 0.1640 0.9865
vn 0.9932 0.1162 0.0004
vn 0.9978 0.0670 0.0002
vn 0.9977 0.0675 0.0002
vn -0.9425 0.0356 0.3324
vn -0.9629 0.0423 -0.2667
vn -0.9526 0.1129 -0.2824
vn -0.9335 0.1147 0.3397
vn -0.9779 0.1471 0.1486
vn -0.7618 0.0987 0.6402
vn 0.6685 0.1320 0.7319
vn 0.9571 0.2143 0.1948
vn 0.8319 0.1843 0.5234
vn 0.8699 -0.1800 -0.4592
vn 0.9292 -0.3057 -0.2077
vn 0.9274 -0.3113 0.2076
vn 0.8496 -0.1834 0.4946
vn 0.7359 -0.0629 -0.6741
vn -0.8350 0.1043 -0.5403
vn -0.9849 0.1418 -0.0992
vn 0.9712 0.2074 -0.1174
vn 0.7568 0.1427 -0.6379
vn 0.8759 0.1837 -0.4462
vn -0.9746 -0.1768 0.1375
vn -0.9639 -0.0774 -0.2549
vn -0.9569 -0.0771 0.2799
vn -0.9753 -0.1728 -0.1373
vn -0.8601 -0.0398 -0.5086
vn 0.6943 -0.0761 0.7157
vn -0.7833 0.0357 0.6207
vn -0.8344 -0.0456 0.5492
vn 0.7656 0.0618 -0.6403
vn 0.7627 0.0642 -0.6436
vn -0.8575 0.0493 -0.5121
vn 0.6656 0.0488 0.7447
vn 0.6643 0.0488 0.7459
vn -0.7740 -0.0101 -0.6331
vn -0.7467 0.0026 -0.6651
vn -0.7574 -0.0023 -0.6529
vn -0.7796 -0.0128 -0.6261
vn 0.8147 0.1491 0.5604
vn 0.8234 0.0364 0.5664
vn 0.8195 0.0653 0.5694
vn 0.8061 -0.0299 0.5910
vn 0.8011 -0.0334 0.5976
vn -0.0000 -1.0000 -0.0072
vn -0.0001 0.7170 0.6970
vn -0.0001 0.9355 0.3534
vn -0.0003 -0.3458 0.9383
vn -0.0002 0.0732 0.9973
vn -0.0001 0.2364 0.9716
vn -0.0001 0.2365 0.9716
vn -0.0003 0.0326 0.9995
vn -0.0004 0.0326 0.9995
vn 0.0002 0.2849 -0.9586
vn 0.0002 0.0993 -0.9951
vn 0.0002 0.0994 -0.9951
vn 0.0002 0.0291 -0.9996
vn 0.0002 -0.3490 -0.9371
vn 0.0003 -0.3490 -0.9371
vn 0.0002 0.3904 -0.9206
vn 0.9998 0.0193 0.0002
vn 0.0003 -0.0000 1.0000
vn 0.5334 0.1035 -0.8395
vn 0.6107 0.0113 -0.7918
vn 0.9802 0.0016 -0.1979
vn -0.5382 0.1032 -0.8365
vn -0.6164 0.0110 -0.7874
vn -0.5403 -0.0831 -0.8373
vn -0.9800 -0.0171 -0.1981
vn 0.9766 -0.0181 -0.2141
vn 0.5347 -0.0833 -0.8409
vn -0.9830 0.0011 -0.1837
vn -0.0879 -0.8130 0.5755
vn 0.0002 -0.7958 0.6056
vn 0.0090 -0.8405 0.5418
vn 0.0896 -0.8117 0.5771
vn -0.2615 -0.8256 0.5000
vn 0.2816 -0.8209 0.4969
vn 0.5751 -0.0533 0.8164
vn 0.9766 -0.0132 0.2148
vn 0.5303 -0.0578 0.8458
vn 0.9789 -0.0078 0.2043
vn -0.5347 -0.0577 0.8430
vn -0.9798 -0.0125 0.1997
vn -0.5798 -0.0535 0.8130
vn -0.9816 -0.0079 0.1906
vn 0.0088 -0.8466 -0.5322
vn 0.2830 -0.8257 -0.4880
vn 0.0885 -0.8180 -0.5684
vn -0.0877 -0.8192 -0.5667
vn -0.0002 -0.8027 -0.5963
vn -0.2633 -0.8305 -0.4909
vn -0.0003 -0.0000 -1.0000
vn 0.0004 -0.1040 -0.9946
vn 0.0003 -0.1041 -0.9946
vn 0.0002 -0.1041 -0.9946
vn -0.0002 0.6961 0.7179
vn -0.0001 0.6961 0.7179
vn 0.9523 -0.1172 -0.2817
vn -0.9522 -0.1172 -0.2821
vn 0.9993 0.0365 0.0123
vn 0.9987 0.0479 -0.0174
vn 0.9990 0.0331 0.0310
vn 0.9985 0.0501 -0.0205
vn 0.9950 0.0526 -0.0844
vn 0.9953 0.0626 -0.0733
vn 0.9982 0.0036 0.0602
vn -0.0001 -0.9982 0.0603
vn -0.0001 -0.9982 0.0604
vn -0.9921 0.0796 0.0966
vn -0.9979 0.0630 0.0166
vn -0.9828 0.1571 0.0968
vn -0.9945 0.0063 0.1042
vn -0.9997 0.0224 -0.0017
vn -0.9949 0.0262 -0.0971
vn -0.9940 0.0137 -0.1086
vn -0.1147 0.7531 -0.6479
vn -0.1001 0.9232 -0.3711
vn -0.1464 0.8652 -0.4795
vn -0.1446 0.6659 -0.7319
vn -0.1555 0.4549 -0.8769
vn -0.1835 0.4388 -0.8797
vn -0.0122 0.0179 -0.9998
vn -0.0099 0.0227 -0.9997
vn -0.0111 0.0202 -0.9997
vn -0.0022 0.0808 0.9967
vn -0.0003 0.0603 0.9982
vn -0.0003 0.0809 0.9967
vn -0.0098 0.0988 0.9951
vn -0.0138 0.0968 0.9952
vn -0.0089 0.0247 -0.9997
vn -0.8698 -0.4933 -0.0031
vn -0.4678 -0.2150 -0.8573
vn -0.8314 -0.2544 -0.4941
vn -0.8318 -0.2601 0.4903
vn -0.4683 -0.2249 0.8545
vn -0.4614 0.0005 -0.8872
vn -0.8644 0.0475 -0.5005
vn -0.8649 0.0418 0.5003
vn -0.4622 -0.0098 0.8867
vn -0.6994 0.3614 -0.6166
vn -0.5614 0.4724 -0.6794
vn -0.7002 0.3539 0.6201
vn -0.5630 0.4640 0.6839
vn -0.9023 0.4311 0.0022
vn -0.9390 0.3440 0.0017
vn 0.9751 -0.0982 0.1990
vn 0.9907 -0.1313 -0.0348
vn 0.9791 -0.1850 0.0839
vn 0.9623 -0.2021 -0.1818
vn 0.9620 -0.1465 -0.2305
vn 0.9349 -0.2040 -0.2903
vn -0.9737 -0.2075 0.0940
vn -0.9895 -0.1406 -0.0330
vn -0.9738 -0.1092 0.1994
vn -0.9589 -0.2227 -0.1758
vn -0.9309 -0.2237 -0.2888
vn -0.9610 -0.1539 -0.2298
vn 0.9444 0.2410 0.2235
vn 0.9962 0.0869 -0.0010
vn 0.9745 0.0756 0.2113
vn 0.9721 0.2347 -0.0045
vn 0.9429 0.2471 -0.2233
vn 0.9766 0.0662 -0.2047
vn -0.9749 0.0688 0.2118
vn -0.9969 0.0790 -0.0006
vn -0.9488 0.2216 0.2249
vn -0.9767 0.2146 -0.0038
vn -0.9771 0.0595 -0.2044
vn -0.9477 0.2276 -0.2238
vn -0.0003 -0.7944 -0.6073
vn -0.0004 -0.7916 -0.6110
vn 0.0002 -0.9492 0.3147
vn 0.0001 -0.9492 0.3147
vn 0.0003 -0.8460 0.5332
vn 0.0003 -0.8460 0.5331
vn -0.0002 -0.1298 -0.9915
vn -0.0003 -0.1294 -0.9916
vn -0.0003 0.4477 -0.8942
vn -0.0003 0.1908 -0.9816
vn -0.0003 0.1894 -0.9819
vn -0.0003 0.4478 -0.8942
vn 0.0003 -0.1687 0.9857
vn 0.0003 -0.1123 0.9937
vn 0.0004 -0.1128 0.9936
vn 0.0002 0.1627 0.9867
vn 0.0002 0.3943 0.9190
vn 0.0002 0.1640 0.9865
vn -0.9977 0.0677 -0.0002
vn -0.9977 0.0672 -0.0002
vn -0.9932 0.1163 -0.0004
vn -0.9932 0.1162 -0.0004
vn 0.9528 0.1128 -0.2820
vn 0.9630 0.0422 -0.2663
vn 0.9423 0.0355 0.3329
vn 0.9333 0.1146 0.3402
vn 0.7615 0.0986 0.6407
vn 0.9779 0.1470 0.1490
vn -0.8322 0.1844 0.5229
vn -0.9572 0.2144 0.1943
vn -0.6688 0.1321 0.7317
vn -0.9275 -0.3112 0.2071
vn -0.9291 -0.3056 -0.2082
vn -0.8697 -0.1799 -0.4597
vn -0.8498 -0.1833 0.4943
vn -0.7355 -0.0628 -0.6746
vn 0.9850 0.1417 -0.0987
vn 0.8352 0.1043 -0.5400
vn -0.8756 0.1839 -0.4466
vn -0.7566 0.1428 -0.6381
vn -0.9711 0.2074 -0.1178
vn 0.9568 -0.0773 0.2803
vn 0.9640 -0.0776 -0.2543
vn 0.9745 -0.1769 0.1379
vn 0.9754 -0.1729 -0.1368
vn 0.8605 -0.0399 -0.5080
vn -0.6945 -0.0760 0.7154
vn 0.7829 0.0356 0.6211
vn 0.8342 -0.0457 0.5495
vn -0.7624 0.0643 -0.6439
vn -0.7653 0.0619 -0.6407
vn 0.8577 0.0492 -0.5118
vn -0.6661 0.0489 0.7443
vn -0.6647 0.0489 0.7455
vn 0.7578 -0.0024 -0.6525
vn 0.7471 0.0025 -0.6647
vn 0.7744 -0.0102 -0.6326
vn 0.7800 -0.0129 -0.6257
vn -0.8197 0.0654 0.5690
vn -0.8236 0.0364 0.5659
vn -0.8150 0.1492 0.5600
vn -0.8065 -0.0299 0.5905
vn -0.8014 -0.0333 0.5972
vn -0.0001 -1.0000 -0.0072
vn -0.0000 -1.0000 -0.0073
vn -0.0001 0.7170 0.6971
vn -0.0004 -0.3458 0.9383
vn -0.0002 0.2364 0.9716
vn 0.0002 -0.3489 -0.9371
vn -0.9998 0.0195 -0.0002
vn -0.9802 0.0016 -0.1979
vn -0.6107 0.0113 -0.7918
vn -0.5334 0.1035 -0.8395
vn 0.6164 0.0110 -0.7874
vn 0.5382 0.1032 -0.8365
vn 0.9800 -0.0171 -0.1981
vn 0.5403 -0.0831 -0.8373
vn -0.5347 -0.0833 -0.8409
vn -0.9766 -0.0181 -0.2141
vn 0.9830 0.0011 -0.1837
vn -0.0090 -0.8405 0.5418
vn -0.0002 -0.7958 0.6056
vn 0.0879 -0.8130 0.5755
vn -0.0896 -0.8117 0.5771
vn 0.2615 -0.8256 0.5000
vn -0.2816 -0.8209 0.4969
vn -0.5303 -0.0578 0.8458
vn -0.9766 -0.0132 0.2148
vn -0.5751 -0.0533 0.8164
vn -0.9789 -0.0078 0.2043
vn 0.5798 -0.0535 0.8130
vn 0.9798 -0.0125 0.1997
vn 0.5347 -0.0577 0.8430
vn 0.9816 -0.0079 0.1906
vn -0.0885 -0.8180 -0.5684
vn -0.2830 -0.8257 -0.4880
vn -0.0088 -0.8466 -0.5322
vn 0.0002 -0.8027 -0.5963
vn 0.0877 -0.8192 -0.5667
vn 0.2633 -0.8305 -0.4909
vn 0.0004 -0.1041 -0.9946
vn -0.0003 0.6961 0.7179
vn -0.0003 0.6962 0.7179
vn -0.0004 0.6962 0.7179
vn 0.9524 -0.1171 -0.2816
vn 0.9869 0.1116 0.1161
vn 0.9918 0.1172 0.0500
vn 0.9078 0.3364 0.2506
vn 0.6553 0.6510 0.3830
vn 0.6824 0.5519 0.4792
vn 0.9934 0.0818 -0.0810
vn 0.9015 0.3925 0.1826
vn -0.0034 -0.7199 0.6940
vn 0.0010 -0.7246 0.6892
vn 0.0222 -0.7345 0.6782
vn 0.9796 0.1665 0.1123
vn 0.6448 0.7255 0.2409
vn 0.9589 0.2007 -0.2008
vn 0.8405 0.4009 -0.3644
vn 1.0000 0.0034 0.0038
vn 1.0000 0.0035 0.0039
vn 0.8422 0.4103 -0.3498
vn 0.0755 0.1583 0.9845
vn -0.0043 0.1630 0.9866
vn -0.0840 0.1578 0.9839
vn -0.0002 0.7556 -0.6551
vn -0.0001 0.7555 -0.6551
vn 0.0017 0.4989 -0.8667
vn -0.1537 0.4921 -0.8569
vn 0.0016 0.4990 -0.8666
vn -0.2367 0.4962 -0.8353
vn 0.2400 0.4987 -0.8329
vn 0.1570 0.4940 -0.8552
vn 0.2026 0.1501 0.9677
vn -0.2110 0.1488 0.9661
vn 0.0035 -1.0000 0.0026
vn 0.0034 -1.0000 0.0027
vn 0.0034 -1.0000 0.0026
vn 0.0034 -1.0000 0.0028
vn -0.0035 1.0000 -0.0028
vn -0.6739 0.4596 0.5784
vn -0.5374 0.3415 0.7711
vn -0.6907 0.7226 0.0272
vn -0.6993 0.6909 -0.1834
vn -0.6776 0.7353 0.0117
vn -0.6741 0.7225 -0.1536
vn 1.0000 0.0034 0.0037
vn 0.9846 0.1747 0.0032
vn 1.0000 0.0032 0.0039
vn 0.9401 0.3409 0.0026
vn 0.6682 0.7439 0.0114
vn 0.6847 0.7281 0.0310
vn 0.6703 0.7419 0.0140
vn 0.6642 0.4621 0.5876
vn 0.5272 0.3434 0.7773
vn 0.0018 -0.9231 0.3847
vn 0.0045 -0.9242 -0.3818
vn 0.0020 -0.9229 0.3850
vn 0.0044 -0.9251 -0.3798
vn -0.0049 0.8705 0.4922
vn -0.0053 0.7400 0.6726
vn 0.0047 -0.3842 -0.9232
vn 0.0043 -0.3848 -0.9230
vn 0.0034 0.0939 -0.9956
vn 0.0028 0.2140 -0.9768
vn 0.0027 0.2140 -0.9768
vn -0.6899 0.5471 0.4740
vn -0.6627 0.6464 0.3781
vn -0.6513 0.7212 0.2361
vn -0.0039 0.9816 0.1911
vn -0.9930 0.1104 0.0427
vn -0.9933 0.0750 -0.0884
vn -0.9885 0.1048 0.1087
vn -1.0000 -0.0032 -0.0039
vn -1.0000 -0.0034 -0.0037
vn -0.9858 0.1680 -0.0041
vn -0.9424 0.3344 -0.0044
vn -0.9054 0.3864 0.1759
vn -0.9119 0.3302 0.2438
vn -0.9816 0.1596 0.1050
vn -0.9586 0.1944 -0.2082
vn -0.8404 0.3952 -0.3708
vn -0.8423 0.4046 -0.3562
vn 0.6927 0.6430 -0.3267
vn 0.6385 0.6357 -0.4338
vn -0.0002 -0.7051 0.7091
vn -0.0000 -0.7255 0.6883
vn -0.0037 -0.7218 0.6921
vn -1.0000 -0.0035 -0.0039
vn -1.0000 -0.0034 -0.0038
vn -0.0036 0.9997 0.0230
vn -0.5293 0.8482 0.0177
vn -0.5692 0.8220 0.0187
vn 0.8231 0.5671 0.0306
vn 0.5634 0.8259 0.0225
vn 0.8219 0.5684 0.0376
vn -0.8258 0.5630 0.0329
vn -0.8270 0.5617 0.0256
vn -0.0036 0.9997 0.0232
vn 0.5234 0.8518 0.0213
vn 0.6582 0.7528 -0.0000
vn 0.7425 0.3604 0.5646
vn 0.7425 0.3604 0.5647
vn 0.7426 0.6540 0.1443
vn 0.7427 -0.6540 -0.1440
vn 0.7427 -0.3605 -0.5643
vn 0.7427 -0.6539 -0.1442
vn -0.7427 -0.6539 -0.1443
vn -0.7425 -0.3605 -0.5646
vn -0.7426 -0.6540 -0.1441
vn -0.7424 -0.3606 -0.5646
vn -0.7428 -0.5644 0.3602
vn -0.7427 -0.5643 0.3604
vn -0.7429 -0.1443 0.6537
vn -0.7429 -0.1445 0.6536
vn -0.7426 0.3606 0.5643
vn -0.7427 0.3607 0.5642
vn -0.7427 0.6539 0.1441
vn -0.7426 0.6541 0.1439
vn -0.7425 0.5644 -0.3607
vn -0.7425 0.5645 -0.3605
vn -0.7423 0.1443 -0.6543
vn -0.7424 0.1443 -0.6543
vn -1.0000 -0.0000 -0.0000
vn -0.7071 -0.1033 -0.6996
vn -0.7069 -0.1034 -0.6997
vn -0.7069 0.1437 0.6926
vn -0.7070 0.1437 0.6925
vn 0.7069 0.1436 0.6926
vn 0.7070 0.1436 0.6925
vn 0.7070 -0.1034 -0.6996
vn 0.7069 -0.1035 -0.6997
vn -0.0000 0.9846 -0.1746
vn 0.7069 0.1436 0.6925
vn 0.7071 -0.1035 -0.6995
vn -0.7073 0.1437 0.6921
vn -0.7075 0.1436 0.6919
vn -0.7067 -0.1034 -0.6999
vn -0.7064 -0.1035 -0.7002
vn -0.0000 0.9848 -0.1736
vn 0.7428 0.1444 -0.6538
vn 0.7428 0.1443 -0.6538
vn 0.7425 -0.5643 0.3608
vn 0.7426 -0.5643 0.3607
vn 0.7425 -0.1443 0.6541
vn 0.7425 -0.1443 0.6542
vn 0.7427 0.6539 0.1444
vn 0.7426 0.5645 -0.3603
vn 1.0000 0.0006 0.0004
vn 0.7067 0.1437 0.6928
vn 0.7070 -0.1035 -0.6996
vn -0.7073 0.1436 0.6921
vn -0.7071 0.1437 0.6924
vn -0.7068 -0.1033 -0.6999
vn -0.7073 0.1437 0.6922
vn 0.7064 0.1437 0.6931
vn 0.7068 0.1435 0.6926
vn 0.7073 -0.1034 -0.6993
vn -0.0000 0.9845 -0.1756
vn 0.0005 0.9845 -0.1751
vn 0.0010 0.9846 -0.1746
vn -1.0000 -0.0006 -0.0004
vn -1.0000 -0.0000 -0.0002
vn 1.0000 -0.0000 -0.0000
vn 0.9438 -0.0072 -0.3304
vn 0.8348 0.0313 -0.5497
vn 0.8656 0.0223 -0.5003
vn 0.3459 0.0527 -0.9368
vn 0.4214 0.0558 -0.9052
vn -0.3457 0.0527 -0.9369
vn -0.4211 0.0558 -0.9053
vn -0.8344 0.0314 -0.5502
vn -0.9437 -0.0070 -0.3308
vn -0.8653 0.0224 -0.5007
vn -0.0002 0.1135 0.9935
vn 0.0098 0.4515 0.8922
vn -0.0001 0.2357 0.9718
vn 0.0064 -0.0039 1.0000
vn 0.0683 0.0596 -0.9959
vn 0.0227 0.0525 -0.9984
vn 0.4349 0.1134 -0.8933
vn -0.9987 0.0027 0.0517
vn -0.0003 0.2357 0.9718
vn -0.0100 0.4516 0.8922
vn -0.0069 -0.0039 1.0000
vn -0.0222 0.0525 -0.9984
vn -0.0679 0.0597 -0.9959
vn -0.4346 0.1135 -0.8934
vn 0.9987 0.0026 0.0516
vn -0.8298 0.2301 0.5085
vn -0.7549 0.1524 -0.6379
vn -0.0003 0.1134 0.9935
vn -0.9073 0.1484 0.3934
vn 0.9073 0.1484 0.3934
vn 0.8292 0.2300 0.5094
vn 0.7550 0.1522 -0.6379
vn 0.6220 0.3722 -0.6889
vn 0.9641 0.1675 -0.2062
vn 0.9773 0.1751 0.1193
vn -0.5699 0.2223 0.7911
vn -0.6705 0.1656 0.7232
vn -0.0002 0.3344 0.9424
vn -0.0001 0.3344 0.9424
vn 0.9903 0.0722 -0.1185
vn 0.9857 0.0091 -0.1682
vn 0.9898 0.0231 0.1405
vn 0.9547 0.1068 0.2779
vn 0.8668 0.1237 0.4830
vn -0.9899 0.0232 0.1400
vn -0.9856 0.0093 -0.1686
vn -0.9903 0.0723 -0.1189
vn -0.9548 0.1069 0.2774
vn -0.8671 0.1239 0.4824
vn -0.4256 -0.0462 0.9037
vn -0.0003 -0.0511 0.9987
vn 0.9028 -0.0018 -0.4301
vn 0.9480 0.0780 -0.3085
vn 0.8821 0.1757 0.4371
vn 0.7659 0.1721 0.6194
vn 0.9837 -0.0038 -0.1796
vn 0.9441 0.0065 0.3295
vn 0.0003 0.3684 -0.9297
vn 0.0002 0.4783 -0.8782
vn 0.1521 -0.0239 -0.9881
vn 0.1925 0.0122 -0.9812
vn 0.0003 0.0263 -0.9997
vn 0.0002 -0.0241 -0.9997
vn 0.0003 0.1465 -0.9892
vn 0.2601 0.1332 -0.9563
vn 0.0002 0.2115 -0.9774
vn 0.4483 0.1940 0.8726
vn -0.0002 0.2171 0.9762
vn -0.0002 0.2370 0.9715
vn 0.5280 0.2072 0.8236
vn -0.0003 0.7331 0.6801
vn 0.6578 0.4024 0.6367
vn 0.0008 1.0000 -0.0000
vn -0.9026 -0.0017 -0.4305
vn -0.9479 0.0782 -0.3087
vn -0.9640 0.1676 -0.2063
vn -0.9773 0.1752 0.1189
vn -0.8823 0.1758 0.4366
vn -0.7664 0.1722 0.6188
vn -0.6217 0.3723 -0.6891
vn -0.1920 0.0122 -0.9813
vn -0.1516 -0.0239 -0.9882
vn -0.2595 0.1333 -0.9565
vn -0.4486 0.1941 0.8724
vn -0.5283 0.2073 0.8234
vn -0.6582 0.4027 0.6362
vn 0.7027 0.1259 0.7003
vn 0.6914 0.1514 0.7064
vn 0.7596 0.0584 0.6478
vn 0.7771 0.0584 0.6267
vn 0.6701 0.1657 0.7235
vn 0.5695 0.2224 0.7913
vn -0.7028 0.1261 0.7001
vn -0.7774 0.0583 0.6263
vn -0.7599 0.0583 0.6474
vn -0.6915 0.1515 0.7063
vn 0.8911 0.0379 0.4523
vn 0.7265 0.1627 0.6677
vn 0.8611 0.0231 0.5079
vn 0.8943 -0.0088 -0.4474
vn -0.1138 0.9686 0.2210
vn -0.0033 0.9592 0.2826
vn -0.1102 0.9682 0.2247
vn 0.8646 0.0191 0.5021
vn 0.8362 -0.0025 0.5485
vn 0.0002 -0.0087 -1.0000
vn 0.1449 -0.0086 -0.9894
vn -0.9836 -0.0037 -0.1801
vn -0.8941 -0.0087 -0.4478
vn -0.9443 0.0067 0.3291
vn -0.8648 0.0192 0.5018
vn -0.8363 -0.0023 0.5482
vn -0.1444 -0.0086 -0.9895
vn 0.9626 -0.0841 0.2576
vn 0.8611 -0.0406 0.5069
vn 0.9034 -0.0560 0.4251
vn 0.3785 -0.0045 0.9256
vn 0.4487 -0.0055 0.8937
vn 0.7063 -0.0936 0.7016
vn -0.0004 -0.1502 0.9887
vn 0.3362 -0.1198 0.9341
vn 0.7203 -0.0879 0.6881
vn -0.7067 -0.0937 0.7013
vn -0.7206 -0.0879 0.6877
vn -0.3366 -0.1198 0.9340
vn -0.8614 0.0231 0.5075
vn -0.7266 0.1629 0.6675
vn -0.8913 0.0379 0.4518
vn -0.0000 0.9590 0.2834
vn -0.0810 0.9949 0.0607
vn -0.1050 0.9910 0.0836
vn -0.9628 -0.0838 0.2570
vn -0.9037 -0.0553 0.4246
vn -0.8612 -0.0397 0.5067
vn -0.4488 -0.0048 0.8936
vn -0.3789 -0.0040 0.9254
vn 0.1049 0.9910 0.0835
vn 0.1138 0.9686 0.2211
vn 0.0810 0.9949 0.0608
vn 0.1102 0.9681 0.2248
vn -0.0000 0.9589 0.2836
vn 0.0033 0.9592 0.2828
vn 0.4250 -0.0463 0.9040
vn -0.9757 0.0005 0.2193
vn -0.9796 0.0760 0.1862
vn -0.9788 0.0450 0.2000
vn -0.9793 0.1033 0.1738
vn -0.0001 0.8944 0.4472
vn 0.9793 0.1029 0.1743
vn 0.9795 0.0755 0.1867
vn 0.9787 0.0445 0.2005
vn 0.9755 -0.0000 0.2198
vn -0.9652 0.1021 0.2408
vn -0.9549 0.0961 0.2808
vn -0.8252 0.0461 0.5630
vn -0.7679 0.0295 0.6399
vn 0.7674 0.0295 0.6405
vn 0.9547 0.0961 0.2818
vn 0.8247 0.0461 0.5637
vn 0.9649 0.1020 0.2418
vn -0.0002 0.2600 0.9656
vn -0.9528 0.0917 0.2894
vn -0.9723 0.0875 0.2167
vn -0.9497 0.0922 0.2992
vn -0.9750 0.0868 0.2047
vn 0.9723 0.0872 0.2167
vn 0.9750 0.0864 0.2047
vn 0.9528 0.0913 0.2894
vn 0.9498 0.0919 0.2992
vn -0.0000 0.2941 0.9558
vn -0.3751 0.3837 0.8439
vn -0.8915 0.0625 0.4486
vn -0.5913 0.2897 0.7526
vn -0.9365 -0.0000 0.3508
vn 0.5912 0.2894 0.7528
vn 0.8912 0.0625 0.4493
vn 0.3751 0.3834 0.8440
vn 0.9362 -0.0000 0.3516
vn -0.0002 0.5211 0.8535
vn -0.0002 0.3877 0.9218
vn -0.0002 0.0208 0.9998
vn -0.8721 -0.0724 -0.4840
vn -0.9561 -0.0465 -0.2894
vn -0.8485 -0.1328 -0.5123
vn -0.3304 -0.2727 -0.9036
vn -0.4182 -0.1291 -0.8992
vn -0.7427 -0.2167 -0.6336
vn 0.0001 -0.3519 -0.9361
vn -0.8853 -0.1281 -0.4471
vn 0.3309 -0.2727 -0.9034
vn 0.8487 -0.1329 -0.5118
vn 0.9563 -0.0466 -0.2887
vn 0.8723 -0.0724 -0.4835
vn 0.4186 -0.1291 -0.8989
vn 0.7430 -0.2168 -0.6332
vn 0.8855 -0.1282 -0.4466
vn -0.8520 -0.0439 -0.5216
vn -0.3739 -0.0784 -0.9242
vn 0.8523 -0.0438 -0.5213
vn 0.3743 -0.0784 -0.9240
vn 0.9625 -0.2005 -0.1829
vn 0.9893 -0.0274 -0.1435
vn 0.5178 -0.0244 -0.8551
vn -0.4838 -0.4626 -0.7429
vn 0.9853 -0.0502 0.1634
vn 0.9450 -0.0016 0.3271
vn -0.8981 -0.1778 -0.4022
vn 0.9736 0.2249 -0.0392
vn 0.8599 0.1817 0.4770
vn 0.7994 0.3526 0.4865
vn 0.7376 0.6492 0.1858
vn -0.5574 0.6924 -0.4583
vn -0.9120 -0.0207 -0.4097
vn 0.5275 0.1773 -0.8309
vn -0.5174 -0.0244 -0.8554
vn -0.9892 -0.0273 -0.1440
vn -0.9625 -0.1999 -0.1836
vn 0.4840 -0.4627 -0.7427
vn -0.9855 -0.0499 0.1623
vn -0.9453 -0.0015 0.3261
vn 0.8985 -0.1781 -0.4013
vn -0.7999 0.3528 0.4855
vn -0.8604 0.1818 0.4761
vn -0.9736 0.2249 -0.0398
vn -0.7379 0.6490 0.1850
vn -0.5271 0.1774 -0.8311
vn 0.9124 -0.0207 -0.4087
vn 0.5576 0.6925 -0.4578
vn -0.9416 -0.1250 -0.3128
vn -0.8637 -0.1747 -0.4727
vn -0.8145 -0.1971 -0.5457
vn -0.3916 -0.2440 -0.8872
vn -0.3537 -0.2427 -0.9033
vn 0.8145 -0.1979 -0.5454
vn 0.8639 -0.1753 -0.4722
vn 0.9417 -0.1253 -0.3123
vn 0.3540 -0.2432 -0.9031
vn 0.3916 -0.2446 -0.8870
vn -0.4071 -0.3006 0.8625
vn -0.3581 -0.3779 0.8538
vn -0.8009 -0.2621 0.5384
vn -0.8738 -0.1576 0.4601
vn 0.3576 -0.3780 0.8539
vn 0.4067 -0.3008 0.8626
vn 0.9195 -0.1659 0.3564
vn 0.8006 -0.2624 0.5386
vn 0.8736 -0.1578 0.4604
vn -0.9656 -0.0556 0.2542
vn -0.8836 -0.0798 0.4615
vn 0.9654 -0.0559 0.2547
vn 0.8833 -0.0800 0.4619
vn 0.8776 -0.0387 0.4778
vn 0.4258 -0.1604 0.8905
vn 0.3841 -0.0349 0.9226
vn -0.0001 0.1104 0.9939
vn 0.6961 0.0339 0.7171
vn -0.3847 -0.0348 0.9224
vn -0.8779 -0.0385 0.4774
vn -0.4263 -0.1603 0.8903
vn -0.6964 0.0341 0.7169
vn -0.9196 -0.1656 0.3562
vn 0.8873 -0.0115 0.4611
vn -0.8876 -0.0113 0.4606
vn -0.0000 -0.0025 1.0000
vn -0.0000 -0.0026 1.0000
vn 0.0002 -0.0023 1.0000
vn -0.0003 -0.0028 1.0000
vn 0.9045 0.1923 -0.3807
vn -0.9038 0.1924 -0.3822
vn -0.0000 0.0705 -0.9975
vn 0.0003 0.0709 -0.9975
vn -0.0001 0.0705 -0.9975
vn -0.0003 0.0702 -0.9975
vn -0.0002 0.0012 -1.0000
vn -0.0003 0.0503 -0.9987
vn -0.0003 0.0013 -1.0000
vn -0.0003 0.0979 -0.9952
vn -0.0002 0.6507 -0.7593
vn -0.0002 0.6507 -0.7594
vn 0.8608 0.0040 -0.5089
vn 0.8588 0.0033 -0.5122
vn 0.8621 0.0063 -0.5067
vn 0.8455 0.0111 -0.5338
vn 0.8518 0.0067 -0.5238
vn -0.8624 0.0063 -0.5061
vn -0.8591 0.0033 -0.5118
vn -0.8611 0.0040 -0.5084
vn -0.8521 0.0066 -0.5233
vn -0.8458 0.0111 -0.5333
vn -0.0003 -0.0069 -1.0000
vn -0.0002 -0.0069 -1.0000
vn -0.0002 -0.0068 -1.0000
vn 0.0002 -0.0966 0.9953
vn -0.0001 1.0000 0.0030
vn -0.0000 1.0000 0.0020
vn 0.0003 -0.0001 1.0000
vn 0.0002 -0.0001 1.0000
vn -0.9366 -0.1016 0.3354
vn -0.9367 -0.0997 0.3357
vn -0.9353 -0.0009 0.3538
vn -0.9351 -0.0010 0.3544
vn 0.9354 -0.0009 0.3536
vn 0.9368 -0.0997 0.3354
vn 0.9356 -0.0009 0.3530
vn 0.9367 -0.1016 0.3351
vn -0.9218 -0.2037 0.3299
vn 0.9219 -0.2037 0.3296
vn -0.0000 -1.0000 -0.0029
vn -0.0000 -1.0000 -0.0028
vn 0.0001 -1.0000 -0.0027
vn 0.0001 -1.0000 -0.0026
vn -0.9166 -0.0377 -0.3980
vn -0.9168 -0.0357 -0.3977
vn -0.9144 -0.0557 -0.4009
vn -0.9141 -0.0585 -0.4014
vn -0.3760 -0.0011 0.9266
vn 0.9352 -0.0536 0.3501
vn 0.9341 -0.0215 0.3564
vn 0.9353 -0.0586 0.3491
vn 0.9339 -0.0179 0.3571
vn 0.7572 0.2315 0.6108
vn 0.8669 0.0914 0.4900
vn 0.7250 0.2787 0.6298
vn 0.9093 0.0207 0.4155
vn 0.7865 0.1994 0.5845
vn 0.8323 0.1436 0.5354
vn 0.9362 -0.0635 0.3457
vn 0.9350 -0.0651 0.3485
vn -0.9418 0.0207 -0.3355
vn -0.9124 -0.0634 -0.4045
vn -0.9636 0.0931 -0.2507
vn -0.9135 -0.0650 -0.4016
vn -0.9586 0.2803 -0.0499
vn -0.9684 0.2342 -0.0863
vn -0.9700 0.1438 -0.1958
vn -0.9714 0.1997 -0.1285
vn 0.9379 -0.0495 0.3435
vn -0.9120 -0.0494 -0.4071
vn -0.9106 -0.0583 -0.4091
vn -0.3707 0.1529 0.9161
vn -0.3760 0.0058 0.9266
vn -0.3760 0.0070 0.9266
vn -0.3739 -0.1217 0.9194
vn 0.1564 -0.9062 -0.3929
vn 0.9383 -0.0589 0.3409
vn -0.9354 -0.0377 0.3515
vn -0.9354 -0.0357 0.3519
vn -0.9359 -0.0557 0.3479
vn -0.9359 -0.0585 0.3473
vn 0.3743 -0.0011 0.9273
vn 0.9154 -0.0536 -0.3989
vn 0.9190 -0.0215 -0.3936
vn 0.9148 -0.0586 -0.3997
vn 0.9194 -0.0179 -0.3930
vn 0.9689 0.2315 -0.0878
vn 0.9637 0.0914 -0.2509
vn 0.9590 0.2787 -0.0518
vn 0.9424 0.0207 -0.3339
vn 0.9716 0.1994 -0.1271
vn 0.9704 0.1436 -0.1942
vn 0.9131 -0.0635 -0.4027
vn 0.9142 -0.0651 -0.3999
vn -0.9100 0.0207 0.4140
vn -0.9369 -0.0634 0.3439
vn -0.8667 0.0931 0.4900
vn -0.9357 -0.0650 0.3468
vn -0.7235 0.2803 0.6309
vn -0.7558 0.2342 0.6115
vn -0.8331 0.1438 0.5340
vn -0.7873 0.1997 0.5833
vn 0.9128 -0.0495 -0.4055
vn -0.9385 -0.0494 0.3418
vn -0.9388 -0.0583 0.3394
vn 0.3708 0.1529 0.9160
vn 0.3743 0.0058 0.9273
vn 0.3743 0.0070 0.9273
vn 0.3708 -0.1217 0.9207
vn -0.1609 -0.9062 -0.3911
vn 0.9113 -0.0589 -0.4076
vt 0.696179 -0.025208
vt 0.703331 -0.025071
vt 0.703381 -0.025203
vt 0.696180 -0.025064
vt 0.708031 -0.090078
vt 0.762894 -0.087236
vt 0.783831 -0.087757
vt 0.776799 -0.109732
vt 0.762966 -0.087375
vt 0.783825 -0.087757
vt 0.786789 -0.108568
vt 0.705060 -0.005794
vt 0.707957 -0.090238
vt 0.984216 -0.075172
vt 0.984210 -0.075177
vt 0.996079 -0.084166
vt 0.985360 -0.085411
vt 0.994462 -0.075181
vt 0.980111 -0.038425
vt 0.987852 -0.038429
vt 0.978790 -0.031342
vt 0.978812 -0.031440
vt 0.978081 -0.023126
vt 0.986316 -0.029892
vt 0.985696 -0.085402
vt 0.984558 -0.075162
vt 0.787131 -0.108559
vt 0.784173 -0.087748
vt 0.090244 -0.404850
vt 0.081244 -0.495850
vt 0.030244 -0.438850
vt 0.164244 -0.495850
vt 0.155244 -0.404850
vt 0.004244 -0.350850
vt 0.021244 -0.350850
vt 0.014244 -0.444850
vt 0.079244 -0.499850
vt 0.166244 -0.499850
vt 0.159244 -0.350850
vt 0.224244 -0.350850
vt 0.215244 -0.438850
vt 0.241244 -0.350850
vt 0.231244 -0.444850
vt 0.085244 -0.443850
vt 0.067244 -0.513850
vt 0.036244 -0.513850
vt 0.085244 -0.350850
vt 0.087244 -0.350850
vt 0.098240 -0.332850
vt 0.147244 -0.332850
vt 0.178244 -0.513850
vt 0.160244 -0.443850
vt 0.209244 -0.513850
vt 0.160244 -0.350850
vt 0.481244 -0.443850
vt 0.428244 -0.443850
vt 0.446244 -0.513850
vt 0.477244 -0.513850
vt 0.492244 -0.350850
vt 0.428244 -0.350850
vt 0.509244 -0.350850
vt 0.499244 -0.443850
vt 0.272244 -0.350850
vt 0.434244 -0.499850
vt 0.282244 -0.444850
vt 0.347244 -0.499850
vt 0.335244 -0.513850
vt 0.353244 -0.443850
vt 0.300244 -0.443850
vt 0.304244 -0.513850
vt 0.353244 -0.350850
vt 0.289244 -0.350850
vt 0.414244 -0.332850
vt 0.355244 -0.350850
vt 0.426244 -0.350850
vt 0.366244 -0.332850
vt 0.354244 -0.536850
vt 0.491244 -0.559850
vt 0.425244 -0.536850
vt 0.508244 -0.575850
vt 0.271244 -0.575850
vt 0.355244 -0.575850
vt 0.424244 -0.575850
vt 0.288244 -0.559850
vt 0.366244 -0.539850
vt 0.366240 -0.574850
vt 0.354244 -0.574850
vt 0.425244 -0.574850
vt 0.414240 -0.574850
vt 0.414244 -0.539850
vt 0.288244 -0.593850
vt 0.355292 -0.593850
vt 0.424244 -0.593850
vt 0.491244 -0.593850
vt 0.245244 -0.186850
vt 0.245244 -0.231850
vt 0.234244 -0.190850
vt 0.229244 -0.231850
vt 0.251244 -0.231850
vt 0.287244 -0.231850
vt 0.282244 -0.185850
vt 0.255244 -0.185850
vt 0.236244 -0.189850
vt 0.370244 -0.539850
vt 0.409244 -0.539850
vt 0.401244 -0.530850
vt 0.594244 -0.438850
vt 0.567244 -0.457850
vt 0.594244 -0.456850
vt 0.567244 -0.444850
vt 0.537244 -0.452850
vt 0.537244 -0.460850
vt 0.596244 -0.397850
vt 0.568244 -0.391850
vt 0.596244 -0.386850
vt 0.568244 -0.397850
vt 0.538244 -0.396850
vt 0.538244 -0.397850
vt 0.567244 -0.494850
vt 0.594244 -0.495850
vt 0.537244 -0.494850
vt 0.537244 -0.451850
vt 0.378244 -0.530850
vt 0.415244 -0.546850
vt 0.366240 -0.539850
vt 0.364244 -0.546850
vt 0.358244 -0.581850
vt 0.420244 -0.581850
vt 0.389244 -0.526850
vt 0.934244 -0.846850
vt 0.931244 -0.923850
vt 0.919244 -0.854850
vt 0.985244 -0.859850
vt 0.984244 -0.913850
vt 0.933244 -0.784850
vt 0.918244 -0.784850
vt 0.933244 -0.833850
vt 0.918244 -0.833850
vt 0.931244 -0.833850
vt 0.931244 -0.784850
vt 0.985244 -0.833850
vt 0.985244 -0.784850
vt 0.986244 -0.784850
vt 0.986244 -0.833850
vt 0.865244 -0.784850
vt 0.865244 -0.833850
vt 0.713244 -0.614850
vt 0.667244 -0.652850
vt 0.713244 -0.652850
vt 0.720244 -0.614850
vt 0.720244 -0.652850
vt 0.733244 -0.613850
vt 0.657244 -0.617850
vt 0.657244 -0.650850
vt 0.667244 -0.614850
vt 0.713244 -0.702850
vt 0.666244 -0.665850
vt 0.713244 -0.663850
vt 0.666244 -0.700850
vt 0.657244 -0.700850
vt 0.657244 -0.666850
vt 0.733244 -0.653850
vt 0.734244 -0.703850
vt 0.720244 -0.663850
vt 0.734244 -0.663850
vt 0.720244 -0.702850
vt 0.791244 -0.696850
vt 0.818244 -0.716850
vt 0.818244 -0.653850
vt 0.791244 -0.655850
vt 0.818244 -0.717850
vt 0.895244 -0.660850
vt 0.986244 -0.705850
vt 0.986244 -0.717850
vt 0.923244 -0.700850
vt 0.986244 -0.716850
vt 0.818244 -0.755850
vt 0.986244 -0.755850
vt 0.791244 -0.721850
vt 0.791244 -0.751850
vt 0.924244 -0.651850
vt 0.987244 -0.651850
vt 0.924244 -0.612850
vt 0.987244 -0.612850
vt 0.895244 -0.651850
vt 0.895244 -0.612850
vt 0.791244 -0.616850
vt 0.791244 -0.646850
vt 0.818244 -0.651850
vt 0.818244 -0.612850
vt 0.758244 -0.655850
vt 0.758244 -0.695850
vt 0.919244 -0.643850
vt 0.919244 -0.618850
vt 0.924244 -0.623850
vt 0.924244 -0.639850
vt 0.898244 -0.643850
vt 0.898244 -0.618850
vt 0.651244 -0.815850
vt 0.662244 -0.816850
vt 0.658244 -0.762850
vt 0.643244 -0.764850
vt 0.725244 -0.762850
vt 0.729244 -0.816850
vt 0.718244 -0.815850
vt 0.710244 -0.764850
vt 0.687244 -0.762850
vt 0.687244 -0.814850
vt 0.707244 -0.807850
vt 0.707244 -0.768850
vt 0.774244 -0.807850
vt 0.754244 -0.814850
vt 0.754244 -0.762850
vt 0.774244 -0.768850
vt 0.658244 -0.726850
vt 0.643244 -0.732850
vt 0.643244 -0.757850
vt 0.708244 -0.757850
vt 0.687244 -0.730850
vt 0.708244 -0.734850
vt 0.662244 -0.817850
vt 0.662244 -0.853850
vt 0.650244 -0.823850
vt 0.650244 -0.848850
vt 0.687244 -0.853850
vt 0.687244 -0.822850
vt 0.707244 -0.848850
vt 0.707244 -0.826850
vt 0.642244 -0.765850
vt 0.614244 -0.815850
vt 0.642244 -0.815850
vt 0.614244 -0.765850
vt 0.012244 -0.099850
vt 0.014244 -0.088850
vt 0.028244 -0.090850
vt 0.028244 -0.099850
vt 0.013244 -0.033850
vt 0.022244 -0.027850
vt 0.031244 -0.033850
vt 0.031244 -0.043850
vt 0.022244 -0.048850
vt 0.013244 -0.043850
vt 0.300244 -0.045159
vt 0.300244 -0.056391
vt 0.345244 -0.056391
vt 0.345244 -0.045159
vt 0.345244 -0.030159
vt 0.300244 -0.030159
vt 0.345244 -0.019850
vt 0.300244 -0.019850
vt 0.065244 -0.114850
vt 0.065244 -0.120850
vt 0.047244 -0.118850
vt 0.047244 -0.113850
vt 0.047244 -0.102850
vt 0.065244 -0.101850
vt 0.047244 -0.097850
vt 0.065244 -0.095850
vt 0.065244 -0.031850
vt 0.065244 -0.025850
vt 0.047244 -0.027850
vt 0.047244 -0.032850
vt 0.065244 -0.044850
vt 0.047244 -0.043850
vt 0.047244 -0.048850
vt 0.065244 -0.050850
vt 0.088244 -0.015850
vt 0.088244 -0.024850
vt 0.104244 -0.017850
vt 0.104244 -0.087850
vt 0.088244 -0.094850
vt 0.088244 -0.085850
vt 0.104244 -0.048850
vt 0.266244 -0.048850
vt 0.266244 -0.027850
vt 0.104244 -0.027850
vt 0.022244 -0.055850
vt 0.008244 -0.046850
vt 0.008244 -0.029850
vt 0.022244 -0.021850
vt 0.036244 -0.029850
vt 0.036244 -0.046850
vt 0.266244 -0.097850
vt 0.266244 -0.087850
vt 0.266244 -0.118850
vt 0.266244 -0.129850
vt 0.104244 -0.129850
vt 0.104244 -0.118850
vt 0.104244 -0.097850
vt 0.266244 -0.017850
vt 0.065244 -0.046850
vt 0.065244 -0.029850
vt 0.104244 -0.059850
vt 0.266244 -0.059850
vt 0.065244 -0.055850
vt 0.065244 -0.125850
vt 0.065244 -0.116850
vt 0.065244 -0.099850
vt 0.065244 -0.091850
vt 0.065244 -0.021850
vt 0.383244 -0.126850
vt 0.405244 -0.130850
vt 0.416244 -0.170850
vt 0.431244 -0.166850
vt 0.421244 -0.122850
vt 0.438244 -0.110850
vt 0.362244 -0.110850
vt 0.310244 -0.129850
vt 0.310244 -0.118850
vt 0.310244 -0.097850
vt 0.310244 -0.087850
vt 0.340244 -0.114850
vt 0.340244 -0.102850
vt 0.328244 -0.069850
vt 0.349244 -0.069850
vt 0.349244 -0.087850
vt 0.328244 -0.150850
vt 0.349244 -0.150850
vt 0.340244 -0.111850
vt 0.340244 -0.105850
vt 0.349244 -0.129850
vt 0.676557 -0.025878
vt 0.664735 -0.090961
vt 0.669362 -0.025878
vt 0.664661 -0.090800
vt 0.676556 -0.025734
vt 0.669406 -0.025734
vt 0.667693 -0.006440
vt 0.595901 -0.110426
vt 0.588885 -0.088423
vt 0.585913 -0.109251
vt 0.388564 -0.075662
vt 0.388558 -0.075662
vt 0.609744 -0.088050
vt 0.609810 -0.087917
vt 0.392693 -0.038878
vt 0.394015 -0.031788
vt 0.378315 -0.075655
vt 0.384949 -0.038876
vt 0.376693 -0.084644
vt 0.387415 -0.085907
vt 0.394735 -0.023575
vt 0.393999 -0.031897
vt 0.386496 -0.030336
vt 0.588543 -0.088409
vt 0.585565 -0.109242
vt 0.388222 -0.075653
vt 0.387068 -0.085898
vt 0.366244 -0.574850
vt 0.003244 -0.153850
vt 0.003244 -0.170850
vt 0.088244 -0.151850
vt 0.043244 -0.265850
vt 0.090244 -0.229850
vt 0.155244 -0.229850
vt 0.202244 -0.265850
vt 0.158244 -0.350850
vt 0.099244 -0.332850
vt 0.426244 -0.217850
vt 0.483244 -0.261850
vt 0.355244 -0.217850
vt 0.297244 -0.261850
vt 0.111244 -0.151850
vt 0.155244 -0.170850
vt 0.158244 -0.151850
vt 0.097244 -0.170850
vt 0.223244 -0.151850
vt 0.226244 -0.170850
vt 0.093244 -0.170850
vt 0.425244 -0.350850
vt 0.367244 -0.332850
vt 0.414244 -0.574850
vt 0.425244 -0.575850
vt 0.295244 -0.295850
vt 0.356244 -0.350850
vt 0.356244 -0.295850
vt 0.355244 -0.593850
vt 0.290244 -0.295850
vt 0.486244 -0.295850
vt 0.425244 -0.295850
vt 0.425244 -0.593850
vt 0.491244 -0.295850
vt 0.594244 -0.515850
vt 0.661244 -0.517850
vt 0.661244 -0.497850
vt 0.661244 -0.458850
vt 0.661244 -0.430850
vt 0.596244 -0.550850
vt 0.596244 -0.573850
vt 0.664244 -0.549850
vt 0.664244 -0.573850
vt 0.662244 -0.397850
vt 0.594244 -0.386850
vt 0.662244 -0.382850
vt 0.594244 -0.397850
vt 0.612244 -0.691850
vt 0.587244 -0.697850
vt 0.619244 -0.673850
vt 0.613244 -0.638850
vt 0.563244 -0.691850
vt 0.599244 -0.623850
vt 0.556244 -0.673850
vt 0.561244 -0.638850
vt 0.575244 -0.623850
vt 0.587244 -0.618850
vt 0.703244 -0.924850
vt 0.639244 -0.968850
vt 0.622244 -0.920850
vt 0.603244 -0.965850
vt 0.628244 -0.991850
vt 0.603244 -0.994850
vt 0.603244 -0.920850
vt 0.604244 -0.916850
vt 0.604244 -0.866850
vt 0.604244 -0.863850
vt 0.604244 -0.864850
vt 0.630244 -0.968850
vt 0.706244 -0.924850
vt 0.603244 -0.993850
vt 0.624244 -0.991850
vt 0.694244 -0.968850
vt 0.696244 -0.990850
vt 0.750244 -0.990850
vt 0.750244 -0.968850
vt 0.747244 -0.924850
vt 0.624244 -0.867850
vt 0.623244 -0.916850
vt 0.623244 -0.864850
vt 0.692244 -0.876850
vt 0.704244 -0.913850
vt 0.624244 -0.916850
vt 0.506244 -0.864850
vt 0.528244 -0.875850
vt 0.528244 -0.869850
vt 0.528244 -0.858850
vt 0.528244 -0.853850
vt 0.557244 -0.879850
vt 0.557244 -0.871850
vt 0.557244 -0.856850
vt 0.557244 -0.849850
vt 0.573244 -0.874850
vt 0.578244 -0.875850
vt 0.573244 -0.853850
vt 0.578244 -0.853850
vt 0.587244 -0.864850
vt 0.562244 -0.864850
vt 0.438244 -0.669850
vt 0.438244 -0.697850
vt 0.396244 -0.678850
vt 0.382244 -0.697850
vt 0.438244 -0.729850
vt 0.382244 -0.717850
vt 0.518244 -0.677850
vt 0.492244 -0.697850
vt 0.492244 -0.663850
vt 0.518244 -0.697850
vt 0.518244 -0.717850
vt 0.493244 -0.733850
vt 0.493244 -0.663850
vt 0.492244 -0.733850
vt 0.382244 -0.745850
vt 0.382244 -0.764850
vt 0.382244 -0.740850
vt 0.382244 -0.769850
vt 0.439244 -0.737850
vt 0.439244 -0.771850
vt 0.519244 -0.770850
vt 0.493244 -0.774850
vt 0.519244 -0.738850
vt 0.396244 -0.635850
vt 0.396244 -0.653850
vt 0.439244 -0.660850
vt 0.439244 -0.626850
vt 0.493244 -0.622850
vt 0.519244 -0.659850
vt 0.519244 -0.627850
vt 0.124244 -0.730850
vt 0.124244 -0.767850
vt 0.175244 -0.765850
vt 0.175244 -0.731850
vt 0.448244 -0.910850
vt 0.385244 -0.912850
vt 0.385244 -0.875850
vt 0.448244 -0.876850
vt 0.448244 -0.858850
vt 0.494244 -0.878850
vt 0.177244 -0.870850
vt 0.177244 -0.923850
vt 0.239244 -0.916850
vt 0.239244 -0.875850
vt 0.245244 -0.947850
vt 0.503244 -0.906850
vt 0.448244 -0.933850
vt 0.239244 -0.844850
vt 0.385244 -0.849850
vt 0.385244 -0.946850
vt 0.120244 -0.957850
vt 0.090244 -0.989850
vt 0.024244 -0.982850
vt 0.003244 -0.957850
vt 0.090244 -0.955850
vt 0.176244 -0.846850
vt 0.176244 -0.796850
vt 0.505244 -0.796850
vt 0.505244 -0.846850
vt 0.496244 -0.846850
vt 0.496244 -0.796850
vt 0.239244 -0.799850
vt 0.385244 -0.799850
vt 0.449244 -0.799850
vt 0.385244 -0.843850
vt 0.449244 -0.843850
vt 0.385244 -0.948850
vt 0.385244 -0.992850
vt 0.449244 -0.948850
vt 0.449244 -0.992850
vt 0.244244 -0.992850
vt 0.176244 -0.995850
vt 0.176244 -0.945850
vt 0.503244 -0.945850
vt 0.503244 -0.994850
vt 0.007244 -0.730850
vt 0.007244 -0.771850
vt 0.073244 -0.931850
vt 0.004244 -0.930850
vt 0.011244 -0.907850
vt 0.004244 -0.882850
vt 0.073244 -0.881850
vt 0.073244 -0.907850
vt 0.143244 -0.822850
vt 0.139244 -0.869850
vt 0.164244 -0.865850
vt 0.074244 -0.822850
vt 0.058244 -0.859850
vt 0.030244 -0.822850
vt 0.030244 -0.858850
vt 0.012244 -0.858850
vt 0.046244 -0.858850
vt 0.002244 -0.822850
vt 0.056244 -0.822850
vt 0.058244 -0.785850
vt 0.150244 -0.777850
vt 0.046244 -0.785850
vt 0.030244 -0.785850
vt 0.012244 -0.785850
vt 0.519244 -0.992850
vt 0.588244 -0.985850
vt 0.519244 -0.948850
vt 0.588244 -0.954850
vt 0.510244 -0.906850
vt 0.554244 -0.937850
vt 0.565244 -0.906850
vt 0.520244 -0.937850
vt 0.517244 -0.937850
vt 0.351244 -0.765850
vt 0.300244 -0.767850
vt 0.300244 -0.730850
vt 0.351244 -0.731850
vt 0.183244 -0.771850
vt 0.183244 -0.730850
vt 0.680244 -0.294850
vt 0.655244 -0.308850
vt 0.672244 -0.291850
vt 0.693244 -0.329850
vt 0.703244 -0.317850
vt 0.655244 -0.249850
vt 0.680244 -0.315850
vt 0.695244 -0.332850
vt 0.680244 -0.283850
vt 0.708244 -0.294850
vt 0.680244 -0.274850
vt 0.703244 -0.261850
vt 0.632244 -0.249850
vt 0.616244 -0.266850
vt 0.714244 -0.274850
vt 0.753244 -0.274850
vt 0.764244 -0.276850
vt 0.775244 -0.274850
vt 0.753244 -0.261850
vt 0.775244 -0.261850
vt 0.764244 -0.290850
vt 0.753244 -0.294850
vt 0.764244 -0.294850
vt 0.753244 -0.290850
vt 0.775244 -0.294850
vt 0.775244 -0.290850
vt 0.775244 -0.276850
vt 0.753244 -0.276850
vt 0.593244 -0.343850
vt 0.538244 -0.308850
vt 0.593244 -0.308850
vt 0.538244 -0.343850
vt 0.745244 -0.343850
vt 0.782244 -0.315850
vt 0.745244 -0.315850
vt 0.782244 -0.343850
vt 0.736244 -0.274850
vt 0.740244 -0.276850
vt 0.741244 -0.281850
vt 0.736244 -0.283850
vt 0.655244 -0.343850
vt 0.632244 -0.308850
vt 0.632244 -0.343850
vt 0.680244 -0.343850
vt 0.791244 -0.274850
vt 0.787244 -0.276850
vt 0.786244 -0.281850
vt 0.538244 -0.291850
vt 0.593244 -0.266850
vt 0.593244 -0.291850
vt 0.538244 -0.267850
vt 0.705244 -0.320850
vt 0.536244 -0.231850
vt 0.591244 -0.231850
vt 0.553244 -0.157850
vt 0.591244 -0.207850
vt 0.536244 -0.207850
vt 0.575244 -0.157850
vt 0.710244 -0.294850
vt 0.791244 -0.283850
vt 0.616244 -0.291850
vt 0.666244 -0.204850
vt 0.663244 -0.226850
vt 0.658244 -0.213850
vt 0.625244 -0.186850
vt 0.641244 -0.170850
vt 0.638244 -0.192850
vt 0.646244 -0.183850
vt 0.638244 -0.204850
vt 0.625244 -0.209850
vt 0.646244 -0.213850
vt 0.641244 -0.226850
vt 0.679244 -0.209850
vt 0.666244 -0.192850
vt 0.679244 -0.186850
vt 0.658244 -0.183850
vt 0.663244 -0.170850
vt 0.659244 -0.191850
vt 0.751244 -0.183850
vt 0.659244 -0.182850
vt 0.751244 -0.190850
vt 0.659244 -0.204850
vt 0.751244 -0.213850
vt 0.659244 -0.214850
vt 0.751244 -0.206850
vt 0.728244 -0.439850
vt 0.702244 -0.437850
vt 0.702244 -0.443850
vt 0.733244 -0.448850
vt 0.725244 -0.428850
vt 0.702244 -0.424850
vt 0.725244 -0.408850
vt 0.702244 -0.412850
vt 0.728244 -0.396850
vt 0.733244 -0.387850
vt 0.702244 -0.392850
vt 0.702244 -0.398850
vt 0.197244 -0.217850
vt 0.161244 -0.217850
vt 0.161244 -0.191850
vt 0.193244 -0.191850
vt 0.352244 -0.185850
vt 0.320244 -0.185850
vt 0.316244 -0.208850
vt 0.352244 -0.208850
vt 0.429244 -0.185850
vt 0.429244 -0.208850
vt 0.465244 -0.208850
vt 0.461244 -0.185850
vt 0.088244 -0.217850
vt 0.041244 -0.217850
vt 0.041244 -0.208850
vt 0.088244 -0.208850
vt 0.161244 -0.185850
vt 0.193244 -0.185850
vt 0.088244 -0.295850
vt 0.027244 -0.295850
vt 0.356244 -0.208850
vt 0.309244 -0.208850
vt 0.356244 -0.217850
vt 0.052244 -0.185850
vt 0.084244 -0.185850
vt 0.084244 -0.191850
vt 0.052244 -0.191850
vt 0.157244 -0.217850
vt 0.157244 -0.208850
vt 0.204244 -0.208850
vt 0.204244 -0.217850
vt 0.158244 -0.295850
vt 0.218244 -0.295850
vt 0.472244 -0.208850
vt 0.425244 -0.208850
vt 0.472244 -0.217850
vt 0.084244 -0.217850
vt 0.048244 -0.217850
vt 0.197244 -0.208850
vt 0.161244 -0.208850
vt 0.048244 -0.208850
vt 0.084244 -0.208850
vt 0.309244 -0.217850
vt 0.922244 -0.501850
vt 0.924244 -0.517850
vt 0.983244 -0.501850
vt 0.983244 -0.336850
vt 0.993244 -0.340850
vt 0.993244 -0.349850
vt 0.983244 -0.344850
vt 0.832244 -0.481850
vt 0.736244 -0.468850
vt 0.733244 -0.498850
vt 0.839244 -0.503850
vt 0.825244 -0.470850
vt 0.665244 -0.397850
vt 0.692244 -0.397850
vt 0.692244 -0.383850
vt 0.665244 -0.382850
vt 0.847244 -0.523850
vt 0.732244 -0.517850
vt 0.921244 -0.486850
vt 0.825244 -0.460850
vt 0.976244 -0.511850
vt 0.987244 -0.501850
vt 0.734244 -0.573850
vt 0.851244 -0.573850
vt 0.847244 -0.551850
vt 0.734244 -0.548850
vt 0.925244 -0.557850
vt 0.926244 -0.573850
vt 0.978244 -0.573850
vt 0.926244 -0.386850
vt 0.925244 -0.397850
vt 0.831244 -0.397850
vt 0.831244 -0.379850
vt 0.989244 -0.393850
vt 0.993244 -0.397850
vt 0.993244 -0.359850
vt 0.983244 -0.353850
vt 0.891244 -0.351850
vt 0.890244 -0.357850
vt 0.835244 -0.333850
vt 0.882244 -0.345850
vt 0.848244 -0.329850
vt 0.883244 -0.320850
vt 0.689244 -0.444850
vt 0.689244 -0.430850
vt 0.877244 -0.319850
vt 0.879244 -0.306850
vt 0.873244 -0.306850
vt 0.848244 -0.317850
vt 0.848244 -0.307850
vt 0.835244 -0.308850
vt 0.835244 -0.317850
vt 0.879244 -0.308850
vt 0.943244 -0.309850
vt 0.946244 -0.321850
vt 0.928244 -0.309850
vt 0.890244 -0.265850
vt 0.890244 -0.272850
vt 0.890244 -0.230850
vt 0.903244 -0.265850
vt 0.919244 -0.269850
vt 0.903244 -0.230850
vt 0.919244 -0.225850
vt 0.890244 -0.222850
vt 0.993244 -0.266850
vt 0.954244 -0.272850
vt 0.954244 -0.268850
vt 0.993244 -0.271850
vt 0.993244 -0.228850
vt 0.954244 -0.222850
vt 0.993244 -0.224850
vt 0.954244 -0.226850
vt 0.954244 -0.255850
vt 0.993244 -0.255850
vt 0.954244 -0.258850
vt 0.993244 -0.256850
vt 0.993244 -0.240850
vt 0.993244 -0.238850
vt 0.954244 -0.237850
vt 0.954244 -0.240850
vt 0.914244 -0.321850
vt 0.960244 -0.341850
vt 0.910244 -0.341850
vt 0.956244 -0.321850
vt 0.925244 -0.321850
vt 0.835244 -0.265850
vt 0.868244 -0.272850
vt 0.835244 -0.272850
vt 0.868244 -0.265850
vt 0.868244 -0.230850
vt 0.868244 -0.222850
vt 0.835244 -0.222850
vt 0.835244 -0.230850
vt 0.836244 -0.241850
vt 0.836244 -0.228850
vt 0.836244 -0.266850
vt 0.836244 -0.253850
vt 0.836244 -0.272850
vt 0.836244 -0.222850
vt 0.886244 -0.212850
vt 0.886244 -0.282850
vt 0.876244 -0.281850
vt 0.876244 -0.213850
vt 0.836244 -0.275850
vt 0.836244 -0.219850
vt 0.992244 -0.247850
vt 0.992244 -0.271850
vt 0.992244 -0.223850
vt 0.992244 -0.219850
vt 0.992244 -0.276850
vt 0.769244 -0.396850
vt 0.741244 -0.386850
vt 0.749244 -0.396850
vt 0.751244 -0.407850
vt 0.781244 -0.410850
vt 0.822244 -0.418850
vt 0.822244 -0.396850
vt 0.822244 -0.392850
vt 0.781244 -0.426850
vt 0.749244 -0.440850
vt 0.741244 -0.449850
vt 0.769244 -0.440850
vt 0.751244 -0.428850
vt 0.822244 -0.439850
vt 0.822244 -0.443850
vt 0.733244 -0.396850
vt 0.730244 -0.407850
vt 0.733244 -0.440850
vt 0.730244 -0.428850
vt 0.936244 -0.452850
vt 0.950244 -0.452850
vt 0.950244 -0.446850
vt 0.923244 -0.447850
vt 0.950244 -0.436850
vt 0.936244 -0.439850
vt 0.950244 -0.453850
vt 0.987244 -0.445850
vt 0.983244 -0.441850
vt 0.968244 -0.435850
vt 0.970244 -0.445850
vt 0.970244 -0.451850
vt 0.969244 -0.452850
vt 0.983244 -0.449850
vt 0.874082 -0.185408
vt 0.831564 -0.182476
vt 0.831564 -0.167670
vt 0.869896 -0.172469
vt 0.869896 -0.149924
vt 0.831564 -0.154731
vt 0.874082 -0.136985
vt 0.831564 -0.139926
vt 0.831564 -0.133261
vt 0.894755 -0.185625
vt 0.884249 -0.196164
vt 0.922370 -0.136802
vt 0.894747 -0.136768
vt 0.884240 -0.126204
vt 0.939406 -0.152332
vt 0.897575 -0.149399
vt 0.997238 -0.138435
vt 0.997238 -0.161180
vt 0.939406 -0.170053
vt 0.922370 -0.185583
vt 0.897583 -0.172994
vt 0.997238 -0.183925
vt 0.831564 -0.189133
vt 0.997238 -0.132678
vt 0.997238 -0.189674
vt 0.491244 -0.600850
vt 0.491244 -0.587850
vt 0.425244 -0.587850
vt 0.425244 -0.600850
vt 0.335244 -0.618850
vt 0.236244 -0.618850
vt 0.318244 -0.698850
vt 0.253244 -0.698850
vt 0.238244 -0.625850
vt 0.333244 -0.625850
vt 0.097244 -0.657850
vt 0.036244 -0.621850
vt 0.034244 -0.657850
vt 0.095244 -0.621850
vt 0.036244 -0.561850
vt 0.095244 -0.561850
vt 0.022244 -0.535850
vt 0.109244 -0.535850
vt 0.022244 -0.657850
vt 0.109244 -0.657850
vt 0.035244 -0.717850
vt 0.096244 -0.717850
vt 0.212244 -0.657850
vt 0.141244 -0.717850
vt 0.130244 -0.657850
vt 0.201244 -0.717850
vt 0.130244 -0.535850
vt 0.128244 -0.535850
vt 0.214244 -0.535850
vt 0.212244 -0.535850
vt 0.214244 -0.657850
vt 0.128244 -0.657850
vt 0.628244 -0.724850
vt 0.545244 -0.753850
vt 0.531244 -0.724850
vt 0.614244 -0.753850
vt 0.771244 -0.863850
vt 0.836244 -0.994850
vt 0.786244 -0.937850
vt 0.748244 -0.863850
vt 0.790244 -0.847850
vt 0.798244 -0.863850
vt 0.810244 -0.863850
vt 0.780244 -0.847850
vt 0.956244 -0.994850
vt 0.983244 -0.994850
vt 0.740244 -0.847850
s 1
usemtl Body
f 3/1/3 2/2/2 1/3/1
f 6/2/6 5/4/5 4/5/4
f 7/6/7 6/2/6 4/5/4
f 3/1/3 8/4/8 2/2/2
f 11/7/11 10/8/10 9/9/9
f 13/10/13 7/6/7 12/8/12
f 14/11/14 13/10/13 12/8/12
f 17/3/15 16/2/15 15/12/15
f 20/3/18 19/13/17 18/1/16
f 9/9/9 19/13/17 20/3/18
f 23/9/21 22/6/20 21/13/19
f 24/11/22 10/8/10 11/7/11
f 27/8/23 26/6/23 25/9/23
f 30/14/25 29/10/24 28/7/24
f 33/7/26 32/10/26 31/11/26
f 21/13/19 22/6/20 34/5/27
f 35/15/25 29/10/24 30/14/25
f 38/16/30 37/15/29 36/17/28
f 39/18/31 37/15/29 38/16/30
f 39/18/31 40/19/32 37/15/29
f 41/20/33 40/19/32 39/18/31
f 44/16/36 43/17/35 42/14/34
f 45/18/37 44/16/36 42/14/34
f 46/19/38 45/18/37 42/14/34
f 47/20/39 45/18/37 46/19/38
f 48/21/40 46/19/38 20/3/18
f 46/19/38 42/14/34 20/3/18
f 20/3/18 42/14/34 11/7/11
f 20/3/18 11/7/11 9/9/9
f 49/22/41 6/2/6 40/19/32
f 37/15/29 40/19/32 6/2/6
f 37/15/29 6/2/6 13/10/13
f 13/10/13 6/2/6 7/6/7
f 50/12/42 48/21/40 20/3/18
f 50/12/42 51/23/43 48/21/40
f 53/12/45 49/22/41 52/23/44
f 6/2/6 49/22/41 53/12/45
f 56/23/48 55/24/47 54/21/46
f 59/24/51 58/22/50 57/19/49
f 54/21/46 55/24/47 60/19/52
f 55/24/47 61/20/53 60/19/52
f 62/23/54 58/22/50 59/24/51
f 59/24/51 57/19/49 63/20/55
f 66/25/58 65/26/57 64/27/56
f 65/26/57 67/28/59 64/27/56
f 70/27/60 69/28/60 68/28/60
f 73/26/61 72/26/61 71/25/61
f 76/26/62 75/28/62 74/26/62
f 77/28/62 75/28/62 76/26/62
f 80/25/65 79/27/64 78/26/63
f 78/26/63 79/27/64 81/28/66
f 84/29/69 83/30/68 82/31/67
f 87/29/71 86/32/70 85/30/70
f 88/33/71 86/32/70 87/29/71
f 91/31/74 90/34/73 89/35/72
f 91/31/74 92/36/75 90/34/73
f 95/31/78 94/37/77 93/36/76
f 96/30/79 94/37/77 95/31/78
f 99/30/82 98/38/81 97/37/80
f 100/32/81 98/38/81 99/30/82
f 103/39/85 102/40/84 101/33/83
f 102/40/84 104/41/86 101/33/83
f 104/41/86 105/32/87 101/33/83
f 108/40/90 107/42/89 106/41/88
f 107/42/89 109/43/91 106/41/88
f 112/43/94 111/38/93 110/41/92
f 110/41/92 111/38/93 113/32/95
f 116/44/98 115/45/97 114/36/96
f 114/36/96 115/45/97 117/46/99
f 119/47/101 114/36/96 118/34/100
f 122/39/104 121/33/103 120/48/102
f 120/48/102 121/33/103 123/29/103
f 120/48/102 125/49/105 124/50/105 122/39/104
f 128/44/106 127/45/106 126/45/106
f 131/45/107 130/45/107 129/46/107
f 131/45/107 129/46/107 132/46/107
f 135/46/108 134/46/108 133/36/108
f 138/43/111 137/51/110 136/52/109
f 139/53/112 137/51/110 138/43/111
f 141/42/114 138/43/111 140/54/113
f 144/53/107 143/51/107 142/51/107
f 145/53/107 144/53/107 142/51/107
f 148/43/115 147/53/115 146/53/115
f 151/55/116 150/56/116 149/57/116
f 152/58/116 151/55/116 149/57/116
f 155/59/117 154/60/118 153/56/117
f 156/55/117 155/59/117 153/56/117
f 159/61/121 158/59/120 157/55/119
f 159/61/121 157/55/119 160/62/122
f 160/62/122 157/55/119 161/58/123
f 164/63/124 163/62/124 162/61/124
f 164/63/124 165/64/124 163/62/124
f 167/65/125 166/66/124 164/63/124
f 164/63/124 166/66/124 165/64/124
f 170/67/126 169/68/126 168/69/126
f 170/67/126 168/69/126 171/70/126
f 174/68/117 173/71/128 172/72/127
f 174/68/117 172/72/127 175/69/117
f 178/69/131 177/72/130 176/63/129
f 179/65/132 178/69/131 176/63/129
f 180/70/133 178/69/131 179/65/132
f 119/47/101 116/44/98 114/36/96
f 138/43/111 136/52/109 140/54/113
f 183/51/134 182/51/134 181/52/134
f 186/68/136 185/68/135 184/67/106
f 188/71/137 187/71/137 185/68/135
f 188/71/137 185/68/135 186/68/136
f 191/57/134 190/56/139 189/56/138
f 190/56/139 193/60/140 192/60/140
f 189/56/138 190/56/139 192/60/140
f 196/73/141 195/74/141 194/75/141
f 197/76/142 195/74/141 196/73/141
f 200/77/145 199/78/144 198/79/143
f 200/77/145 201/80/143 199/78/144
f 204/81/146 203/82/145 202/83/145 201/80/143 200/77/145
f 205/84/146 204/81/146 200/77/145
f 209/85/147 208/86/147 207/87/147 206/77/147
f 213/79/148 212/88/148 211/89/148 210/90/148
f 84/29/69 82/31/67 214/35/149
f 216/91/144 215/92/143 203/82/145
f 202/83/145 218/93/143 217/94/145
f 202/83/145 217/94/145 201/80/143
f 221/95/152 220/96/151 219/97/150
f 219/97/150 220/96/151 222/98/153
f 225/97/156 224/96/155 223/95/154
f 226/98/157 224/96/155 225/97/156
f 229/95/160 228/95/159 227/97/158
f 227/97/158 228/95/159 230/97/161
f 233/99/163 232/100/125 231/101/162
f 234/102/162 233/99/163 231/101/162
f 237/98/164 236/103/165 235/98/164
f 238/103/166 236/103/165 237/98/164
f 241/97/169 240/96/168 239/95/167
f 242/98/170 240/96/168 241/97/169
f 245/95/173 244/96/172 243/97/171
f 243/97/171 244/96/172 246/98/174
f 249/97/177 248/95/176 247/95/175
f 250/97/178 248/95/176 249/97/177
f 253/101/180 252/100/125 251/99/179
f 253/101/180 251/99/179 254/102/180
f 257/98/165 256/103/164 255/98/165
f 255/98/165 256/103/164 258/103/164
f 84/29/69 214/35/149 259/48/181
f 262/104/146 261/105/146 260/106/146
f 265/107/184 264/108/183 263/109/182
f 266/110/185 264/108/183 265/107/184
f 268/111/187 267/112/186 266/110/185
f 271/113/190 270/114/189 269/115/188
f 272/116/191 270/114/189 271/113/190
f 272/116/191 273/117/192 270/114/189
f 274/118/193 273/117/192 272/116/191
f 275/119/194 263/109/182 264/108/183
f 276/120/195 263/109/182 275/119/194
f 266/110/185 267/112/186 264/108/183
f 267/112/186 275/119/194 264/108/183
f 277/121/196 275/119/194 267/112/186
f 280/109/199 279/108/198 278/107/197
f 278/107/197 279/108/198 281/110/200
f 281/110/200 283/112/202 282/111/201
f 285/115/204 284/114/203 271/113/190
f 271/113/190 284/114/203 272/116/191
f 284/114/203 286/117/205 272/116/191
f 272/116/191 286/117/205 274/118/193
f 279/108/198 288/120/207 287/119/206
f 280/109/199 288/120/207 279/108/198
f 279/108/198 283/112/202 281/110/200
f 289/121/208 279/108/198 287/119/206
f 283/112/202 279/108/198 289/121/208
f 292/112/107 291/121/107 290/122/107
f 260/106/146 293/123/146 262/104/146
f 296/124/146 295/125/146 294/126/146
f 296/124/146 297/90/146 295/125/146
f 296/124/146 294/126/146 298/127/146
f 298/127/146 299/128/146 296/124/146
f 260/106/146 300/129/146 293/123/146
f 302/121/209 291/121/107 301/121/107
f 303/112/107 291/121/107 301/121/107
f 290/122/107 291/121/107 303/112/107
f 203/82/145 204/81/146 216/91/144
f 306/130/212 305/131/211 304/132/210
f 309/132/213 308/131/213 307/130/213
f 307/130/213 308/131/213 310/133/213
f 310/133/213 308/131/213 311/134/214
f 313/134/211 305/131/211 312/133/215
f 312/133/215 305/131/211 306/130/212
f 316/135/217 315/136/217 314/137/216
f 314/137/216 315/136/217 317/138/216
f 320/139/218 319/140/218 318/141/218
f 318/141/218 319/140/218 321/142/218
f 324/137/219 323/143/219 322/135/219
f 325/144/220 323/143/219 324/137/219
f 328/141/222 327/142/221 326/144/221
f 326/144/221 327/142/221 329/143/223
f 332/136/224 331/145/225 330/146/224
f 332/136/224 330/146/224 333/138/226
f 336/147/227 335/148/227 334/149/227
f 339/150/229 338/151/227 337/152/228
f 342/148/232 341/153/231 340/154/230
f 343/155/233 341/153/231 342/148/232
f 346/149/234 345/155/234 344/147/234
f 347/148/234 345/155/234 346/149/234
f 350/155/237 349/154/236 348/153/235
f 351/148/238 349/154/236 350/155/237
f 354/156/124 353/157/124 352/158/124
f 355/159/124 353/157/124 354/156/124
f 358/157/241 357/160/240 356/161/239
f 359/159/242 357/160/240 358/157/241
f 362/158/243 361/159/243 360/156/243
f 363/157/243 361/159/243 362/158/243
f 366/159/246 365/161/245 364/160/244
f 367/157/245 365/161/245 366/159/246
f 337/152/228 338/151/227 368/162/247
f 369/155/227 335/148/227 336/147/227
f 372/151/250 371/147/249 370/149/248
f 373/150/249 371/147/249 372/151/250
f 376/162/251 375/150/251 374/152/251
f 377/151/251 375/150/251 376/162/251
f 380/150/254 379/149/253 378/147/252
f 381/151/253 379/149/253 380/150/254
f 384/163/179 383/164/179 382/165/142
f 385/166/255 383/164/179 384/163/179
f 388/164/258 387/156/257 386/158/256
f 389/166/259 387/156/257 388/164/258
f 392/165/261 391/166/261 390/163/260
f 393/164/262 391/166/261 392/165/261
f 396/166/263 395/158/263 394/156/263
f 397/164/263 395/158/263 396/166/263
f 400/167/264 399/168/265 398/169/264
f 401/170/266 400/167/264 398/169/264
f 404/169/268 403/167/268 402/170/267
f 404/169/268 405/171/268 403/167/268
f 408/172/270 407/171/269 406/169/269
f 411/173/272 410/174/272 409/175/271
f 410/174/272 407/171/269 409/175/271
f 409/175/271 407/171/269 408/172/270
f 414/169/274 413/168/274 412/172/273
f 417/175/276 416/176/275 415/173/275
f 412/172/273 413/168/274 417/175/276
f 417/175/276 413/168/274 416/176/275
f 420/177/277 419/171/277 418/178/277
f 418/178/277 419/171/277 421/174/277
f 424/179/278 423/171/279 422/177/278
f 424/179/278 422/177/278 425/180/278
f 428/181/280 427/182/281 426/183/280
f 427/182/281 429/184/281 426/183/280
f 432/185/282 431/181/282 430/186/282
f 431/181/282 433/183/282 430/186/282
f 436/182/146 435/184/146 434/182/146
f 434/182/146 435/184/146 437/184/146
f 440/187/283 439/188/284 438/189/283
f 441/190/283 440/187/283 438/189/283
f 444/185/285 443/186/285 442/189/285
f 442/189/285 443/186/285 445/190/285
f 448/191/107 447/167/107 446/170/107
f 449/192/107 447/167/107 448/191/107
f 452/193/288 451/194/287 450/195/286
f 453/196/289 452/193/288 450/195/286
f 456/193/292 455/193/291 454/196/290
f 456/193/292 454/196/290 457/196/293
f 460/193/296 459/195/295 458/194/294
f 461/196/297 459/195/295 460/193/296
f 464/195/298 463/194/299 462/194/298
f 465/195/300 463/194/299 464/195/298
f 468/193/301 467/194/301 466/197/301
f 466/197/301 467/194/301 469/198/301
f 472/196/146 471/195/146 470/196/146
f 470/196/146 471/195/146 473/195/146
f 476/194/302 475/194/302 474/198/302
f 479/197/303 478/193/303 477/193/303
f 482/199/306 481/200/305 480/201/304
f 483/202/307 482/199/306 480/201/304
f 486/203/310 485/204/309 484/205/308
f 486/203/310 484/205/308 487/206/311
f 490/207/314 489/208/313 488/209/312
f 490/207/314 488/209/312 491/210/315
f 494/211/318 493/212/317 492/213/316
f 495/214/319 494/211/318 492/213/316
f 493/212/317 485/204/309 486/203/310
f 492/213/316 493/212/317 486/203/310
f 480/201/304 481/200/305 489/208/313
f 480/201/304 489/208/313 490/207/314
f 498/215/322 497/216/321 496/201/320
f 496/201/320 497/216/321 499/217/323
f 502/207/326 501/218/325 500/219/324
f 501/218/325 503/220/327 500/219/324
f 498/215/322 496/201/320 500/219/324
f 500/219/324 496/201/320 502/207/326
f 506/221/330 505/222/329 504/223/328
f 504/223/328 505/222/329 507/224/331
f 510/225/334 509/226/333 508/227/332
f 508/227/332 509/226/333 511/228/335
f 510/225/334 505/222/329 509/226/333
f 509/226/333 505/222/329 506/221/330
f 514/229/336 513/230/336 512/231/336
f 515/232/336 513/230/336 514/229/336
f 518/130/212 517/131/211 516/132/210
f 521/132/213 520/131/213 519/130/213
f 519/130/213 520/131/213 522/133/213
f 522/133/213 520/131/213 523/134/214
f 525/134/211 517/131/211 524/133/215
f 524/133/215 517/131/211 518/130/212
f 528/135/217 527/136/217 526/137/217
f 526/137/217 527/136/217 529/138/217
f 532/139/218 531/140/218 530/141/218
f 530/141/218 531/140/218 533/142/218
f 536/137/219 535/143/219 534/135/219
f 537/144/220 535/143/219 536/137/219
f 540/141/222 539/142/221 538/144/221
f 538/144/221 539/142/221 541/143/223
f 544/136/224 543/145/225 542/146/224
f 544/136/224 542/146/224 545/138/226
f 548/147/227 547/148/227 546/149/227
f 551/150/229 550/151/227 549/152/228
f 554/148/232 553/153/231 552/154/230
f 555/155/233 553/153/231 554/148/232
f 558/149/234 557/155/234 556/147/234
f 559/148/234 557/155/234 558/149/234
f 562/155/237 561/154/236 560/153/235
f 563/148/238 561/154/236 562/155/237
f 566/156/124 565/157/124 564/158/124
f 567/159/124 565/157/124 566/156/124
f 570/157/241 569/160/240 568/161/239
f 571/159/242 569/160/240 570/157/241
f 574/158/243 573/159/243 572/156/243
f 575/157/243 573/159/243 574/158/243
f 578/159/246 577/161/245 576/160/244
f 579/157/245 577/161/245 578/159/246
f 549/152/228 550/151/227 580/162/247
f 581/155/227 547/148/227 548/147/227
f 584/151/250 583/147/249 582/149/248
f 585/150/249 583/147/249 584/151/250
f 588/162/251 587/150/251 586/152/251
f 589/151/251 587/150/251 588/162/251
f 592/150/254 591/149/253 590/147/252
f 593/151/253 591/149/253 592/150/254
f 596/163/179 595/164/179 594/165/142
f 597/166/255 595/164/179 596/163/179
f 600/164/258 599/156/257 598/158/256
f 601/166/259 599/156/257 600/164/258
f 604/165/261 603/166/261 602/163/260
f 605/164/262 603/166/261 604/165/261
f 608/166/263 607/158/263 606/156/263
f 609/164/263 607/158/263 608/166/263
f 612/169/337 611/168/338 610/167/337
f 612/169/337 610/167/337 613/170/339
f 616/170/341 615/167/340 614/169/340
f 615/167/340 617/171/340 614/169/340
f 620/169/213 619/171/213 618/172/342
f 623/175/344 622/174/343 621/173/343
f 623/175/344 619/171/213 622/174/343
f 618/172/342 619/171/213 623/175/344
f 626/172/215 625/168/345 624/169/345
f 629/173/347 628/176/347 627/175/346
f 627/175/346 625/168/345 626/172/215
f 628/176/347 625/168/345 627/175/346
f 632/178/124 631/171/124 630/177/124
f 633/174/124 631/171/124 632/178/124
f 636/177/348 635/171/349 634/179/348
f 637/180/348 636/177/348 634/179/348
f 640/183/350 639/182/351 638/181/350
f 640/183/350 641/184/351 639/182/351
f 644/186/352 643/181/352 642/185/352
f 644/186/352 645/183/352 643/181/352
f 648/182/146 647/184/146 646/182/146
f 649/184/146 647/184/146 648/182/146
f 652/189/353 651/188/354 650/187/353
f 652/189/353 650/187/353 653/190/353
f 656/189/355 655/186/355 654/185/355
f 657/190/355 655/186/355 656/189/355
f 660/170/107 659/167/107 658/191/107
f 658/191/107 659/167/107 661/192/107
f 664/195/358 663/194/357 662/193/356
f 664/195/358 662/193/356 665/196/289
f 668/196/361 667/193/360 666/193/359
f 669/196/362 668/196/361 666/193/359
f 672/194/365 671/195/364 670/193/363
f 670/193/363 671/195/364 673/196/297
f 676/194/366 675/194/367 674/195/366
f 674/195/366 675/194/367 677/195/368
f 680/197/369 679/194/369 678/193/369
f 681/198/369 679/194/369 680/197/369
f 684/196/146 683/195/146 682/196/146
f 685/195/146 683/195/146 684/196/146
f 688/198/214 687/194/214 686/194/214
f 691/193/370 690/193/370 689/197/370
f 694/201/373 693/200/372 692/199/371
f 694/201/373 692/199/371 695/202/374
f 698/205/377 697/204/376 696/203/375
f 699/206/378 698/205/377 696/203/375
f 702/209/381 701/208/380 700/207/379
f 703/210/382 702/209/381 700/207/379
f 706/213/385 705/212/384 704/211/383
f 706/213/385 704/211/383 707/214/386
f 696/203/375 697/204/376 705/212/384
f 696/203/375 705/212/384 706/213/385
f 701/208/380 693/200/372 694/201/373
f 700/207/379 701/208/380 694/201/373
f 710/201/389 709/216/388 708/215/387
f 711/217/323 709/216/388 710/201/389
f 714/219/392 713/218/391 712/207/390
f 714/219/392 715/220/393 713/218/391
f 714/219/392 710/201/389 708/215/387
f 712/207/390 710/201/389 714/219/392
f 718/223/396 717/222/395 716/221/394
f 719/224/397 717/222/395 718/223/396
f 722/227/400 721/226/399 720/225/398
f 723/228/401 721/226/399 722/227/400
f 721/226/399 717/222/395 720/225/398
f 716/221/394 717/222/395 721/226/399
f 726/231/336 725/230/336 724/229/336
f 724/229/336 725/230/336 727/232/336
f 730/233/404 729/233/403 728/234/402
f 734/233/407 733/234/406 732/235/405 731/236/405
f 729/233/403 736/236/408 735/235/408 728/234/402
f 734/233/407 737/233/409 733/234/406
f 743/237/146 742/238/146 741/239/146 740/240/146 739/241/146 738/242/146
f 747/243/412 746/244/260 745/245/411 744/246/410
f 749/246/414 745/245/411 746/244/260 748/243/413
f 751/247/415 749/246/414 748/243/413 750/248/415
f 753/249/124 751/247/415 750/248/415 752/250/124
f 755/247/417 753/249/124 752/250/124 754/248/416
f 744/246/410 755/247/417 754/248/416 747/243/412
f 759/251/420 758/252/419 757/253/419 756/254/418
f 761/255/422 760/256/421 759/251/420 756/254/418
f 763/257/423 762/258/423 760/256/421 761/255/422
f 767/259/426 766/260/425 765/261/425 764/262/424
f 769/263/428 767/259/426 764/262/424 768/264/427
f 771/265/429 770/266/429 769/263/428 768/264/427
f 774/267/430 773/268/430 772/269/430
f 777/270/431 776/271/431 775/272/431
f 781/273/435 780/274/434 779/275/433 778/276/432
f 787/277/146 786/278/146 785/279/146 784/280/146 783/281/146 782/282/146
f 793/283/436 792/284/436 791/283/436 790/285/436 789/286/436 788/285/436
f 797/286/440 796/287/439 795/288/438 794/285/437
f 794/285/437 795/288/438 799/289/442 798/283/441
f 798/283/441 799/289/442 801/270/444 800/284/443
f 803/290/446 802/269/445 778/276/432 779/275/433
f 805/291/448 781/273/435 778/276/432 804/292/447
f 780/274/434 781/273/435 807/293/450 806/294/449
f 808/295/451 807/293/450 781/273/435 805/291/448
f 795/288/438 796/287/439 810/296/453 809/297/452
f 799/289/442 795/288/438 809/297/452 811/298/454
f 812/299/455 801/270/444 799/289/442 811/298/454
f 778/276/432 802/269/445 813/300/456 804/292/447
f 816/301/457 815/302/457 814/302/457
f 820/303/458 819/303/458 818/302/458 817/302/458
f 824/304/459 823/304/459 822/303/459 821/303/459
f 828/305/460 827/305/460 826/304/460 825/304/460
f 832/306/461 831/306/461 830/305/461 829/305/461
f 839/305/462 838/304/462 837/303/462 836/302/462 835/301/462 834/307/462 833/306/462
f 846/302/463 845/303/463 844/304/463 843/305/463 842/306/463 841/307/463 840/301/463
f 849/308/466 848/286/465 847/309/464
f 847/309/464 848/286/465 850/285/437
f 847/309/464 850/285/437 851/310/467
f 851/310/467 850/285/437 852/283/468
f 851/310/467 852/283/468 853/311/469
f 853/311/469 852/283/468 854/284/470
f 854/284/470 855/310/471 853/311/469
f 854/284/470 856/283/472 855/310/471
f 856/283/472 857/309/473 855/310/471
f 856/283/472 858/285/474 857/309/473
f 858/285/474 849/308/466 857/309/473
f 858/285/474 848/286/465 849/308/466
f 861/311/213 860/308/251 859/312/251
f 861/311/213 859/312/251 862/313/475
f 865/313/476 864/312/211 863/311/345
f 864/312/211 866/308/211 863/311/345
f 869/314/479 868/314/478 867/315/477
f 870/315/477 869/314/479 867/315/477
f 873/315/482 872/316/481 871/315/480
f 871/315/480 872/316/481 874/316/483
f 877/308/484 876/317/485 875/308/484
f 878/317/485 876/317/485 877/308/484
f 879/318/486 876/317/485 878/317/485
f 879/318/486 878/317/485 880/318/486
f 881/319/487 849/308/466 847/309/464
f 882/312/488 849/308/466 881/319/487
f 883/319/489 849/308/466 882/312/488
f 857/309/473 849/308/466 883/319/489
f 855/310/471 857/309/473 883/319/489
f 855/310/471 883/319/489 884/320/490
f 855/310/471 884/320/490 853/311/469
f 853/311/469 884/320/490 885/313/491
f 885/313/491 886/320/492 853/311/469
f 853/311/469 886/320/492 851/310/467
f 886/320/492 881/319/487 851/310/467
f 881/319/487 847/309/464 851/310/467
f 861/311/213 862/313/475 887/314/213
f 887/314/213 862/313/475 888/316/213
f 887/314/213 888/316/213 889/315/493
f 890/314/345 865/313/476 863/311/345
f 892/315/494 891/316/345 890/314/345
f 891/316/345 865/313/476 890/314/345
f 860/308/251 893/317/493 859/312/251
f 895/321/493 893/317/493 894/318/251
f 859/312/251 893/317/493 895/321/493
f 864/312/211 896/317/494 866/308/211
f 897/321/494 896/317/494 864/312/211
f 898/318/211 896/317/494 897/321/494
f 900/311/495 899/311/495 868/314/478
f 869/314/479 900/311/495 868/314/478
f 872/316/481 901/313/496 874/316/483
f 872/316/481 902/313/496 901/313/496
f 905/321/499 904/318/498 903/318/497
f 905/321/499 903/318/497 906/321/500
f 907/312/501 905/321/499 906/321/500
f 908/312/501 905/321/499 907/312/501
f 911/320/107 910/319/107 909/313/502
f 910/319/107 912/312/502 909/313/502
f 909/313/502 912/312/502 913/319/503
f 909/313/502 913/319/503 914/320/503
f 917/285/146 916/286/146 915/285/146
f 917/285/146 915/285/146 918/283/146
f 920/283/146 918/283/146 919/284/146
f 920/283/146 917/285/146 918/283/146
f 923/322/506 922/323/505 921/324/504
f 926/325/509 925/326/508 924/327/507
f 929/328/510 928/327/510 927/324/510
f 932/329/513 931/330/512 930/331/511
f 935/327/514 934/326/514 933/322/514
f 936/324/514 935/327/514 933/322/514
f 939/332/515 938/330/516 937/333/515
f 940/330/516 938/330/516 939/332/515
f 943/331/517 942/330/517 941/330/517
f 921/324/504 922/323/505 944/334/518
f 926/325/509 924/327/507 945/335/519
f 947/336/521 946/337/520 921/324/504
f 948/332/522 947/336/521 921/324/504
f 949/330/523 948/332/522 921/324/504
f 944/334/518 950/329/524 949/330/523
f 932/329/513 945/335/519 931/330/512
f 924/327/507 952/336/526 951/333/525
f 924/327/507 951/333/525 931/330/512
f 931/330/512 945/335/519 924/327/507
f 954/338/528 953/339/527 947/336/521
f 948/332/522 954/338/528 947/336/521
f 955/340/529 954/338/528 948/332/522
f 955/340/529 948/332/522 956/341/530
f 958/338/532 952/336/526 957/339/531
f 951/333/525 952/336/526 958/338/532
f 951/333/525 958/338/532 959/340/533
f 960/341/534 951/333/525 959/340/533
f 946/337/520 961/328/535 921/324/504
f 962/342/536 961/328/535 946/337/520
f 965/343/539 964/328/538 963/342/537
f 965/343/539 924/327/507 964/328/538
f 968/323/542 967/335/541 966/334/540
f 949/330/523 950/329/524 969/331/543
f 972/334/544 971/335/544 970/329/544
f 944/334/518 949/330/523 921/324/504
f 973/325/545 967/335/541 968/323/542
f 924/327/507 965/343/539 952/336/526
f 976/336/548 975/344/547 974/337/546
f 976/336/548 977/339/549 975/344/547
f 980/336/552 979/343/551 978/344/550
f 978/344/550 979/343/551 981/342/553
f 974/337/546 975/344/547 982/342/554
f 983/339/555 980/336/552 978/344/550
f 986/345/558 985/346/557 984/347/556
f 989/346/561 988/347/560 987/348/559
f 989/346/561 990/345/562 988/347/560
f 993/348/563 992/347/563 991/347/563
f 996/345/564 995/345/564 994/346/564
f 999/347/565 998/345/565 997/347/565
f 997/347/565 998/345/565 1000/345/565
f 984/347/556 985/346/557 1001/348/566
f 1004/77/569 1003/349/568 1002/87/567
f 1007/350/572 1006/351/571 1005/352/570
f 1010/48/575 1009/353/574 1008/354/573
f 1013/355/578 1012/356/577 1011/357/576
f 1012/356/577 1014/40/579 1011/357/576
f 1015/50/580 1013/355/578 1011/357/576
f 1016/358/581 1008/354/573 1013/355/578
f 1019/359/124 1018/63/583 1017/360/582
f 1020/361/124 1018/63/583 1019/359/124
f 1021/362/124 1018/63/583 1020/361/124
f 1024/363/586 1023/364/585 1022/365/584
f 1024/363/586 1025/366/587 1023/364/585
f 1028/367/588 1027/364/589 1026/368/588
f 1029/365/589 1027/364/589 1028/367/588
f 1032/369/592 1031/351/591 1030/352/590
f 1030/352/590 1031/351/591 1033/350/593
f 1036/365/596 1035/364/595 1034/363/594
f 1035/364/595 1037/366/597 1034/363/594
f 1010/48/575 1038/35/598 1009/353/574
f 1010/48/575 1008/354/573 1016/358/581
f 1016/358/581 1013/355/578 1015/50/580
f 1017/360/582 1040/370/600 1039/61/599
f 1041/73/601 1040/370/600 1017/360/582
f 1005/352/570 1006/351/571 1042/369/602
f 1018/63/583 1043/371/603 1017/360/582
f 1018/63/583 1044/74/604 1043/371/603
f 1017/360/582 1043/371/603 1041/73/601
f 1045/85/605 1003/349/568 1004/77/569
f 1048/81/608 1047/77/607 1046/82/606
f 1049/84/107 1047/77/607 1048/81/608
f 1052/79/611 1051/372/610 1050/90/609
f 1053/373/612 1051/372/610 1052/79/611
f 1056/80/608 1055/79/608 1054/78/613
f 1057/373/608 1055/79/608 1056/80/608
f 1060/90/107 1059/349/107 1058/85/107
f 1061/372/107 1059/349/107 1060/90/107
f 1064/374/616 1063/375/615 1062/376/614
f 1065/72/617 1063/375/615 1064/374/616
f 1068/376/347 1067/376/346 1066/375/618
f 1067/376/346 1069/375/618 1066/375/618
f 1046/82/606 1071/377/608 1070/91/619
f 1046/82/606 1070/91/619 1048/81/608
f 1073/63/621 1064/374/616 1072/378/620
f 1073/63/621 1065/72/617 1064/374/616
f 1076/379/624 1075/370/623 1074/59/622
f 1077/380/625 1075/370/623 1076/379/624
f 1080/370/626 1079/380/344 1078/380/343
f 1080/370/626 1081/370/626 1079/380/344
f 1056/80/608 1082/94/606 1057/373/608
f 1082/94/606 1083/381/608 1057/373/608
f 1076/379/624 1074/59/622 1084/61/627
f 1085/382/628 1076/379/624 1084/61/627
f 1088/383/631 1087/384/630 1086/385/629
f 1089/120/632 1088/383/631 1086/385/629
f 1091/109/634 1089/120/632 1090/386/633
f 1089/120/632 1086/385/629 1090/386/633
f 1091/109/634 1090/386/633 1092/387/635
f 1093/107/636 1091/109/634 1092/387/635
f 1096/388/639 1095/389/638 1094/390/637
f 1094/390/637 1095/389/638 1097/391/124
f 1100/392/642 1099/393/641 1098/394/640
f 1101/395/643 1099/393/641 1100/392/642
f 1104/385/646 1103/384/645 1102/383/644
f 1104/385/646 1102/383/644 1105/120/647
f 1107/386/649 1105/120/647 1106/109/648
f 1107/386/649 1104/385/646 1105/120/647
f 1108/387/650 1107/386/649 1106/109/648
f 1108/387/650 1106/109/648 1109/107/651
f 1111/390/653 1095/389/638 1110/388/652
f 1097/391/124 1095/389/638 1111/390/653
f 1113/394/655 1112/393/654 1100/392/642
f 1100/392/642 1112/393/654 1101/395/643
f 1116/396/107 1115/397/107 1114/398/107
f 1114/398/107 1115/397/107 1117/399/107
f 1117/399/107 1115/397/107 1118/400/107
f 1117/399/107 1118/400/107 1119/401/107
f 1119/401/107 1118/400/107 1120/402/107
f 1119/401/107 1120/402/107 1121/403/107
f 1119/401/107 1123/404/107 1122/405/107
f 1119/401/107 1121/403/107 1123/404/107
f 1126/406/658 1125/407/657 1124/408/656
f 1124/408/656 1125/407/657 1127/409/659
f 1125/407/657 1128/410/660 1127/409/659
f 1128/410/660 1129/411/661 1127/409/659
f 1124/408/656 1127/409/659 1130/412/662
f 1133/413/663 1132/414/664 1131/415/663
f 1133/413/663 1134/413/664 1132/414/664
f 1136/413/663 1131/415/663 1135/416/663
f 1136/413/663 1133/413/663 1131/415/663
f 1139/408/667 1138/417/666 1137/418/665
f 1141/412/669 1140/409/668 1139/408/667
f 1140/409/668 1138/417/666 1139/408/667
f 1140/409/668 1143/419/671 1142/420/670
f 1146/421/674 1145/422/673 1144/423/672
f 1146/421/674 1144/423/672 1147/424/675
f 1146/421/674 1147/424/675 1148/418/676
f 1148/418/676 1147/424/675 1149/425/677
f 1152/414/680 1151/413/679 1150/426/678
f 1155/427/683 1154/413/682 1153/428/681
f 1155/427/683 1157/429/685 1156/430/684
f 1153/428/681 1157/429/685 1155/427/683
f 1153/428/681 1154/413/682 1158/416/682
f 1140/409/668 1142/420/670 1138/417/666
f 1150/426/678 1151/413/679 1159/431/686
f 1162/432/689 1161/433/688 1160/434/687
f 1162/432/689 1160/434/687 1163/435/690
f 1164/436/691 1162/432/689 1163/435/690
f 1161/433/688 1165/437/692 1160/434/687
f 1160/434/687 1165/437/692 1166/438/693
f 1163/435/690 1160/434/687 1167/439/694
f 1160/434/687 1166/438/693 1167/439/694
f 1164/436/691 1163/435/690 1168/440/695
f 1168/440/695 1163/435/690 1167/439/694
f 1166/438/693 1165/437/692 1169/441/696
f 1169/441/696 1165/437/692 1170/442/697
f 1168/440/695 1167/439/694 1171/443/698
f 1168/440/695 1171/443/698 1172/444/699
f 1169/441/696 1170/442/697 1173/445/700
f 1171/443/698 1173/445/700 1172/444/699
f 1166/438/693 1169/441/696 1174/446/701
f 1167/439/694 1166/438/693 1174/446/701
f 1167/439/694 1174/446/701 1171/443/698
f 1171/443/698 1169/441/696 1173/445/700
f 1174/446/701 1169/441/696 1171/443/698
f 1177/447/704 1176/448/703 1175/449/702
f 1176/448/703 1178/450/705 1175/449/702
f 1176/448/703 1180/451/707 1179/452/706
f 1176/448/703 1179/452/706 1178/450/705
f 1183/449/710 1182/448/709 1181/447/708
f 1183/449/710 1184/450/711 1182/448/709
f 1186/452/713 1185/451/712 1182/448/709
f 1184/450/711 1186/452/713 1182/448/709
f 1189/453/716 1188/454/715 1187/455/714
f 1190/456/717 1188/454/715 1189/453/716
f 1192/457/719 1191/458/718 1188/454/715
f 1190/456/717 1192/457/719 1188/454/715
f 1195/459/722 1194/454/721 1193/453/720
f 1193/453/720 1194/454/721 1196/456/723
f 1194/454/721 1198/460/725 1197/457/724
f 1194/454/721 1197/457/724 1196/456/723
f 1181/447/708 1194/454/721 1195/459/722
f 1181/447/708 1182/448/709 1194/454/721
f 1185/451/712 1198/460/725 1194/454/721
f 1182/448/709 1185/451/712 1194/454/721
f 1187/455/714 1188/454/715 1177/447/704
f 1188/454/715 1176/448/703 1177/447/704
f 1188/454/715 1191/458/718 1180/451/707
f 1188/454/715 1180/451/707 1176/448/703
f 1201/461/728 1200/462/727 1199/463/726
f 1199/463/726 1200/462/727 1202/464/729
f 1204/461/731 1199/463/726 1203/462/730
f 1199/463/726 1202/464/729 1203/462/730
f 1206/465/733 1205/466/732 1201/461/728
f 1201/461/728 1205/466/732 1200/462/727
f 1209/467/736 1208/468/735 1207/458/734
f 1209/467/736 1207/458/734 1210/469/737
f 1207/458/734 1208/468/735 1205/466/732
f 1206/465/733 1207/458/734 1205/466/732
f 1213/470/739 1212/471/739 1211/472/738
f 1214/473/740 1213/470/739 1211/472/738
f 1217/474/742 1216/475/741 1215/476/741
f 1218/459/743 1216/475/741 1217/474/742
f 1214/473/740 1211/472/738 1217/474/742
f 1217/474/742 1211/472/738 1218/459/743
f 1221/477/746 1220/478/745 1219/479/744
f 1221/477/746 1219/479/744 1222/480/744
f 1225/481/749 1224/482/748 1223/483/747
f 1226/484/750 1225/481/749 1223/483/747
f 1228/485/752 1227/486/751 1226/484/750
f 1231/484/755 1230/486/754 1229/485/753
f 1234/487/758 1233/488/757 1232/489/756
f 1234/487/758 1232/489/756 1235/490/759
f 1233/488/757 1236/491/760 1232/489/756
f 1238/492/762 1237/493/761 1225/481/749
f 1241/481/765 1240/493/764 1239/492/763
f 1244/490/768 1243/489/767 1242/487/766
f 1243/489/767 1245/488/769 1242/487/766
f 1243/489/767 1246/491/770 1245/488/769
f 1234/487/758 1235/490/759 1247/494/771
f 1228/485/752 1223/483/747 1248/495/772
f 1228/485/752 1226/484/750 1223/483/747
f 1249/494/773 1244/490/768 1242/487/766
f 1251/482/775 1250/496/774 1240/493/764
f 1251/482/775 1240/493/764 1241/481/765
f 1237/493/761 1252/496/776 1224/482/748
f 1225/481/749 1237/493/761 1224/482/748
f 1232/489/756 1236/491/760 1251/482/775
f 1251/482/775 1236/491/760 1250/496/774
f 1252/496/776 1246/491/770 1224/482/748
f 1224/482/748 1246/491/770 1243/489/767
f 1227/486/751 1225/481/749 1226/484/750
f 1238/492/762 1225/481/749 1227/486/751
f 1231/484/755 1241/481/765 1230/486/754
f 1230/486/754 1241/481/765 1239/492/763
f 1247/494/771 1235/490/759 1253/495/777
f 1253/495/777 1235/490/759 1254/483/778
f 1254/483/778 1231/484/755 1229/485/753
f 1253/495/777 1254/483/778 1229/485/753
f 1248/495/772 1244/490/768 1249/494/773
f 1223/483/747 1244/490/768 1248/495/772
f 1257/497/781 1256/498/780 1255/499/779
f 1257/497/781 1255/499/779 1258/500/782
f 1261/501/785 1260/498/784 1259/497/783
f 1262/499/786 1260/498/784 1261/501/785
f 1263/500/787 1262/499/786 1261/501/785
f 1266/502/788 1265/502/788 1264/503/788
f 1266/502/788 1264/503/788 1267/503/788
f 1270/504/790 1269/505/790 1268/506/789
f 1271/507/789 1270/504/790 1268/506/789
f 1274/494/791 1273/503/791 1272/508/791
f 1274/494/791 1275/502/791 1273/503/791
f 1278/509/792 1277/510/793 1276/511/792
f 1277/510/793 1279/512/794 1276/511/792
f 1278/509/792 1276/511/792 1280/508/795
f 1280/508/795 1276/511/792 1281/494/796
f 1277/510/793 1268/506/789 1279/512/794
f 1271/507/789 1268/506/789 1277/510/793
f 1284/513/799 1283/514/798 1282/515/797
f 1282/515/797 1283/514/798 1285/516/797
f 1287/491/800 1286/517/800 1284/513/799
f 1284/513/799 1286/517/800 1283/514/798
f 1290/518/802 1289/517/801 1288/519/801
f 1288/519/801 1289/517/801 1291/491/801
f 1293/520/803 1285/516/797 1292/521/803
f 1282/515/797 1285/516/797 1293/520/803
f 1295/522/804 1294/523/804 1220/478/745
f 1295/522/804 1220/478/745 1221/477/746
f 1223/483/747 1224/482/748 1244/490/768
f 1224/482/748 1243/489/767 1244/490/768
f 1298/524/805 1297/525/805 1296/526/805
f 1301/526/805 1300/527/805 1299/528/805
f 1298/524/805 1296/526/805 1302/529/805
f 1303/529/805 1301/526/805 1299/528/805
f 1306/530/808 1305/531/807 1304/532/806
f 1305/531/807 1308/531/810 1307/532/809
f 1310/533/812 1308/531/810 1309/534/811
f 1312/534/814 1305/531/807 1311/533/813
f 1311/533/813 1305/531/807 1306/530/808
f 1304/532/806 1305/531/807 1307/532/809
f 1307/532/809 1308/531/810 1313/530/815
f 1313/530/815 1308/531/810 1310/533/812
f 1309/534/811 1305/531/807 1312/534/814
f 1309/534/811 1308/531/810 1305/531/807
f 1316/535/818 1315/536/817 1314/537/816
f 1316/535/818 1317/538/819 1315/536/817
f 1316/535/818 1314/537/816 1318/539/820
f 1319/540/821 1317/538/819 1316/535/818
f 1322/541/824 1321/533/823 1320/542/822
f 1320/542/822 1321/533/823 1323/530/825
f 1326/542/828 1325/533/827 1324/541/826
f 1326/542/828 1324/541/826 1320/542/822
f 1320/542/822 1324/541/826 1322/541/824
f 1327/530/829 1325/533/827 1326/542/828
f 1330/543/832 1329/540/831 1328/535/830
f 1332/544/834 1328/535/830 1331/545/833
f 1330/543/832 1328/535/830 1332/544/834
f 1328/535/830 1333/539/835 1331/545/833
f 1336/526/836 1335/525/836 1334/524/836
f 1339/528/836 1338/527/836 1337/526/836
f 1340/529/836 1336/526/836 1334/524/836
f 1339/528/836 1337/526/836 1341/529/836
f 1344/546/837 1343/547/838 1342/548/837
f 1342/548/837 1343/547/838 1345/549/839
f 1348/550/840 1347/551/841 1346/552/840
f 1349/553/841 1347/551/841 1348/550/840
f 1352/493/842 1351/554/842 1350/492/842
f 1355/492/843 1354/554/843 1353/493/843
f 1358/408/846 1357/407/845 1356/406/844
f 1359/409/847 1357/407/845 1358/408/846
f 1359/409/847 1360/410/848 1357/407/845
f 1359/409/847 1361/411/849 1360/410/848
f 1362/412/850 1359/409/847 1358/408/846
f 1365/415/851 1364/414/852 1363/413/851
f 1364/414/852 1366/413/852 1363/413/851
f 1368/416/851 1365/415/851 1367/413/851
f 1365/415/851 1363/413/851 1367/413/851
f 1371/418/855 1370/417/854 1369/408/853
f 1369/408/853 1373/409/857 1372/412/856
f 1369/408/853 1370/417/854 1373/409/857
f 1375/420/859 1374/419/858 1373/409/857
f 1378/423/862 1377/422/861 1376/421/860
f 1379/424/863 1378/423/862 1376/421/860
f 1380/418/864 1379/424/863 1376/421/860
f 1381/425/865 1379/424/863 1380/418/864
f 1384/426/868 1383/413/867 1382/414/866
f 1387/428/871 1386/413/870 1385/427/869
f 1389/430/873 1388/429/872 1385/427/869
f 1385/427/869 1388/429/872 1387/428/871
f 1390/416/870 1386/413/870 1387/428/871
f 1370/417/854 1375/420/859 1373/409/857
f 1391/431/874 1383/413/867 1384/426/868
f 1394/434/877 1393/433/876 1392/432/875
f 1395/435/878 1394/434/877 1392/432/875
f 1395/435/878 1392/432/875 1396/436/879
f 1394/434/877 1397/437/880 1393/433/876
f 1398/438/881 1397/437/880 1394/434/877
f 1399/439/882 1394/434/877 1395/435/878
f 1399/439/882 1398/438/881 1394/434/877
f 1400/440/883 1395/435/878 1396/436/879
f 1399/439/882 1395/435/878 1400/440/883
f 1401/441/884 1397/437/880 1398/438/881
f 1402/442/885 1397/437/880 1401/441/884
f 1403/443/886 1399/439/882 1400/440/883
f 1404/444/887 1403/443/886 1400/440/883
f 1405/445/888 1402/442/885 1401/441/884
f 1404/444/887 1405/445/888 1403/443/886
f 1406/446/889 1401/441/884 1398/438/881
f 1406/446/889 1398/438/881 1399/439/882
f 1403/443/886 1406/446/889 1399/439/882
f 1405/445/888 1401/441/884 1403/443/886
f 1403/443/886 1401/441/884 1406/446/889
f 1409/449/892 1408/448/891 1407/447/890
f 1409/449/892 1410/450/893 1408/448/891
f 1412/452/895 1411/451/894 1408/448/891
f 1410/450/893 1412/452/895 1408/448/891
f 1415/447/898 1414/448/897 1413/449/896
f 1414/448/897 1416/450/899 1413/449/896
f 1414/448/897 1418/451/901 1417/452/900
f 1414/448/897 1417/452/900 1416/450/899
f 1421/455/904 1420/454/903 1419/453/902
f 1419/453/902 1420/454/903 1422/456/905
f 1420/454/903 1424/458/907 1423/457/906
f 1420/454/903 1423/457/906 1422/456/905
f 1427/453/910 1426/454/909 1425/459/908
f 1428/456/911 1426/454/909 1427/453/910
f 1430/457/913 1429/460/912 1426/454/909
f 1428/456/911 1430/457/913 1426/454/909
f 1425/459/908 1426/454/909 1415/447/898
f 1426/454/909 1414/448/897 1415/447/898
f 1426/454/909 1429/460/912 1418/451/901
f 1426/454/909 1418/451/901 1414/448/897
f 1407/447/890 1420/454/903 1421/455/904
f 1407/447/890 1408/448/891 1420/454/903
f 1411/451/894 1424/458/907 1420/454/903
f 1408/448/891 1411/451/894 1420/454/903
f 1433/463/916 1432/462/915 1431/461/914
f 1434/464/917 1432/462/915 1433/463/916
f 1436/462/919 1433/463/916 1435/461/918
f 1436/462/919 1434/464/917 1433/463/916
f 1431/461/914 1438/466/921 1437/465/920
f 1432/462/915 1438/466/921 1431/461/914
f 1441/458/924 1440/468/923 1439/467/922
f 1442/469/925 1441/458/924 1439/467/922
f 1438/466/921 1440/468/923 1441/458/924
f 1438/466/921 1441/458/924 1437/465/920
f 1445/472/927 1444/471/926 1443/470/926
f 1445/472/927 1443/470/926 1446/473/928
f 1449/476/930 1448/475/930 1447/474/929
f 1447/474/929 1448/475/930 1450/459/931
f 1447/474/929 1445/472/927 1446/473/928
f 1450/459/931 1445/472/927 1447/474/929
f 1453/555/934 1452/556/933 1451/557/932
f 1454/558/935 1453/555/934 1451/557/932
f 1457/483/938 1456/482/937 1455/481/936
f 1457/483/938 1455/481/936 1458/484/939
f 1458/484/939 1460/486/941 1459/485/940
f 1463/485/944 1462/486/943 1461/484/942
f 1466/489/947 1465/488/946 1464/487/945
f 1467/490/948 1466/489/947 1464/487/945
f 1466/489/947 1468/491/949 1465/488/946
f 1455/481/936 1470/493/951 1469/492/950
f 1473/492/954 1472/493/953 1471/481/952
f 1476/487/957 1475/489/956 1474/490/955
f 1476/487/957 1477/488/958 1475/489/956
f 1477/488/958 1478/491/959 1475/489/956
f 1479/494/960 1467/490/948 1464/487/945
f 1480/495/961 1457/483/938 1459/485/940
f 1457/483/938 1458/484/939 1459/485/940
f 1476/487/957 1474/490/955 1481/494/962
f 1472/493/953 1483/496/964 1482/482/963
f 1471/481/952 1472/493/953 1482/482/963
f 1456/482/937 1484/496/965 1470/493/951
f 1456/482/937 1470/493/951 1455/481/936
f 1482/482/963 1468/491/949 1466/489/947
f 1483/496/964 1468/491/949 1482/482/963
f 1456/482/937 1478/491/959 1484/496/965
f 1475/489/956 1478/491/959 1456/482/937
f 1458/484/939 1455/481/936 1460/486/941
f 1460/486/941 1455/481/936 1469/492/950
f 1462/486/943 1471/481/952 1461/484/942
f 1473/492/954 1471/481/952 1462/486/943
f 1485/495/966 1467/490/948 1479/494/960
f 1486/483/967 1467/490/948 1485/495/966
f 1463/485/944 1461/484/942 1486/483/967
f 1463/485/944 1486/483/967 1485/495/966
f 1481/494/962 1474/490/955 1480/495/961
f 1480/495/961 1474/490/955 1457/483/938
f 1489/499/970 1488/498/969 1487/497/968
f 1490/500/971 1489/499/970 1487/497/968
f 1493/497/974 1492/498/973 1491/501/972
f 1491/501/972 1492/498/973 1494/499/975
f 1491/501/972 1494/499/975 1495/500/976
f 1498/503/977 1497/502/978 1496/502/977
f 1499/503/977 1498/503/977 1496/502/977
f 1502/506/789 1501/505/790 1500/504/790
f 1502/506/789 1500/504/790 1503/507/979
f 1506/508/980 1505/503/791 1504/494/980
f 1505/503/791 1507/502/791 1504/494/980
f 1510/511/792 1509/510/981 1508/509/792
f 1510/511/792 1511/512/981 1509/510/981
f 1512/508/795 1510/511/792 1508/509/792
f 1513/494/796 1510/511/792 1512/508/795
f 1511/512/981 1502/506/789 1509/510/981
f 1509/510/981 1502/506/789 1503/507/979
f 1516/515/797 1515/514/798 1514/513/798
f 1517/516/797 1515/514/798 1516/515/797
f 1514/513/798 1519/517/800 1518/491/800
f 1515/514/798 1519/517/800 1514/513/798
f 1522/519/801 1521/517/801 1520/518/802
f 1523/491/982 1521/517/801 1522/519/801
f 1524/520/803 1517/516/797 1516/515/797
f 1525/521/803 1517/516/797 1524/520/803
f 1452/556/933 1527/559/983 1526/560/983
f 1451/557/932 1452/556/933 1526/560/983
f 1474/490/955 1456/482/937 1457/483/938
f 1474/490/955 1475/489/956 1456/482/937
f 1530/526/411 1529/525/411 1528/524/411
f 1532/528/411 1531/527/411 1530/526/411
f 1533/529/411 1530/526/411 1528/524/411
f 1532/528/411 1530/526/411 1533/529/411
f 1536/532/986 1535/531/985 1534/530/984
f 1538/532/988 1537/531/987 1535/531/985
f 1540/534/990 1537/531/987 1539/533/989
f 1542/533/992 1535/531/985 1541/534/991
f 1534/530/984 1535/531/985 1542/533/992
f 1538/532/988 1535/531/985 1536/532/986
f 1543/530/993 1537/531/987 1538/532/988
f 1539/533/989 1537/531/987 1543/530/993
f 1541/534/991 1535/531/985 1540/534/990
f 1535/531/985 1537/531/987 1540/534/990
f 1546/537/996 1545/536/995 1544/535/994
f 1545/536/995 1547/538/997 1544/535/994
f 1548/539/998 1546/537/996 1544/535/994
f 1544/535/994 1547/538/997 1549/540/999
f 1552/524/125 1551/525/125 1550/526/125
f 1555/526/125 1554/527/125 1553/528/125
f 1552/524/125 1550/526/125 1556/529/125
f 1557/529/125 1555/526/125 1553/528/125
f 1560/542/1002 1559/533/1001 1558/541/1000
f 1561/530/1003 1559/533/1001 1560/542/1002
f 1564/541/1006 1563/533/1005 1562/542/1004
f 1560/542/1002 1564/541/1006 1562/542/1004
f 1558/541/1000 1564/541/1006 1560/542/1002
f 1562/542/1004 1563/533/1005 1565/530/1007
f 1568/535/1010 1567/540/1009 1566/543/1008
f 1570/545/1012 1568/535/1010 1569/544/1011
f 1569/544/1011 1568/535/1010 1566/543/1008
f 1570/545/1012 1571/539/1013 1568/535/1010
f 1574/548/838 1573/547/1014 1572/546/838
f 1575/549/1014 1573/547/1014 1574/548/838
f 1578/552/840 1577/551/1016 1576/550/1015
f 1576/550/1015 1577/551/1016 1579/553/1017
f 1582/492/843 1581/554/843 1580/493/843
f 1585/493/1018 1584/554/1018 1583/492/1018
f 1588/561/1021 1587/562/1020 1586/563/1019
f 1590/564/1023 1588/561/1021 1589/565/1022
f 1587/562/1020 1591/566/1024 1586/563/1019
f 1592/567/1025 1588/561/1021 1590/564/1023
f 1592/567/1025 1587/562/1020 1588/561/1021
f 1595/564/1028 1594/567/1027 1593/568/1026
f 1596/569/1029 1588/561/1021 1586/563/1019
f 1588/561/1021 1597/570/1030 1589/565/1022
f 1596/569/1029 1597/570/1030 1588/561/1021
f 1596/569/1029 1591/566/1024 1598/571/1031
f 1586/563/1019 1591/566/1024 1596/569/1029
f 1591/566/1024 1599/572/1032 1598/571/1031
f 1601/573/1034 1591/566/1024 1600/574/1033
f 1598/571/1031 1599/572/1032 1602/575/1035
f 1605/576/1038 1604/577/1037 1603/578/1036
f 1608/578/1040 1607/579/1040 1606/576/1039
f 1609/580/1040 1607/579/1040 1608/578/1040
f 1612/581/1043 1611/582/1042 1610/583/1041
f 1613/584/1044 1611/582/1042 1612/581/1043
f 1615/585/1046 1614/586/1045 1612/581/1043
f 1616/587/1047 1603/578/1036 1604/577/1037
f 1605/576/1038 1617/588/1048 1604/577/1037
f 1620/589/1051 1619/590/1050 1618/591/1049
f 1621/592/1052 1619/590/1050 1620/589/1051
f 1624/593/1053 1623/594/1053 1622/595/1053
f 1625/596/1053 1623/594/1053 1624/593/1053
f 1627/597/1055 1626/598/1054 1617/588/1048
f 1630/597/1058 1629/599/1057 1628/598/1056
f 1631/600/1059 1629/599/1057 1630/597/1058
f 1633/601/1061 1632/602/1060 1587/562/1020
f 1634/603/1062 1632/602/1060 1633/601/1061
f 1635/604/1063 1587/562/1020 1592/567/1025
f 1633/601/1061 1587/562/1020 1635/604/1063
f 1638/605/1066 1637/606/1065 1636/607/1064
f 1640/605/1068 1616/587/1047 1639/606/1067
f 1603/578/1036 1616/587/1047 1640/605/1068
f 1643/608/1071 1642/609/1070 1641/610/1069
f 1644/611/1072 1642/609/1070 1643/608/1071
f 1646/568/1074 1589/565/1022 1645/612/1073
f 1590/564/1023 1589/565/1022 1646/568/1074
f 1642/609/1070 1648/613/1076 1647/614/1075
f 1644/611/1072 1648/613/1076 1642/609/1070
f 1651/615/1078 1650/616/1077 1649/617/1077
f 1652/618/1079 1650/616/1077 1651/615/1078
f 1650/616/1077 1648/613/1076 1649/617/1077
f 1647/614/1075 1648/613/1076 1650/616/1077
f 1646/568/1074 1654/565/1081 1653/564/1080
f 1645/612/1073 1654/565/1081 1646/568/1074
f 1645/612/1073 1655/570/1082 1654/565/1081
f 1656/619/1083 1655/570/1082 1645/612/1073
f 1659/563/1086 1658/566/1085 1657/562/1084
f 1662/601/1089 1661/602/1088 1660/603/1087
f 1657/562/1084 1661/602/1088 1662/601/1089
f 1663/604/1090 1657/562/1084 1662/601/1089
f 1664/567/1091 1657/562/1084 1663/604/1090
f 1659/563/1086 1657/562/1084 1665/561/1092
f 1653/564/1080 1665/561/1092 1664/567/1091
f 1654/565/1081 1665/561/1092 1653/564/1080
f 1665/561/1092 1657/562/1084 1664/567/1091
f 1659/563/1086 1665/561/1092 1666/569/1093
f 1665/561/1092 1655/570/1082 1666/569/1093
f 1654/565/1081 1655/570/1082 1665/561/1092
f 1666/569/1093 1658/566/1085 1659/563/1086
f 1667/571/1094 1658/566/1085 1666/569/1093
f 1667/571/1094 1668/572/1095 1658/566/1085
f 1657/562/1084 1658/566/1085 1661/602/1088
f 1669/575/1096 1668/572/1095 1667/571/1094
f 1645/612/1073 1597/570/1030 1656/619/1083
f 1589/565/1022 1597/570/1030 1645/612/1073
f 1671/620/1098 1670/607/1097 1614/586/1045
f 1631/600/1059 1613/584/1044 1629/599/1057
f 1611/582/1042 1613/584/1044 1631/600/1059
f 1641/610/1069 1672/590/1099 1643/608/1071
f 1673/591/1099 1672/590/1099 1641/610/1069
f 1675/564/1101 1594/567/1027 1674/567/1100
f 1593/568/1026 1594/567/1027 1675/564/1101
f 1632/602/1060 1591/566/1024 1587/562/1020
f 1676/621/1060 1591/566/1024 1632/602/1060
f 1600/574/1033 1591/566/1024 1676/621/1060
f 1678/574/1103 1658/566/1085 1677/573/1102
f 1679/621/1088 1658/566/1085 1678/574/1103
f 1661/602/1088 1658/566/1085 1679/621/1088
f 1682/588/1106 1681/584/1105 1680/577/1104
f 1685/606/1109 1684/587/1108 1683/607/1107
f 1687/599/1111 1682/588/1106 1686/598/1110
f 1681/584/1105 1682/588/1106 1687/599/1111
f 1680/577/1104 1681/584/1105 1688/581/1112
f 1683/607/1107 1684/587/1108 1689/586/1113
f 1680/577/1104 1689/586/1113 1684/587/1108
f 1688/581/1112 1689/586/1113 1680/577/1104
f 1617/588/1048 1605/576/1038 1627/597/1055
f 1612/581/1043 1610/583/1041 1615/585/1046
f 1614/586/1045 1615/585/1046 1671/620/1098
f 1636/607/1064 1690/620/1114 1638/605/1066
f 1693/622/1117 1692/623/1116 1691/624/1115
f 1696/625/1120 1695/626/1119 1694/627/1118
f 1699/627/1123 1698/626/1122 1697/625/1121
f 1700/628/1124 1698/626/1122 1699/627/1123
f 1702/629/1126 1697/625/1121 1701/630/1125
f 1699/627/1123 1697/625/1121 1702/629/1126
f 1704/631/1128 1701/630/1125 1703/632/1127
f 1702/629/1126 1701/630/1125 1704/631/1128
f 1706/624/1130 1703/632/1127 1705/623/1129
f 1704/631/1128 1703/632/1127 1706/624/1130
f 1708/622/1132 1705/623/1129 1707/633/1131
f 1706/624/1130 1705/623/1129 1708/622/1132
f 1710/634/1134 1707/633/1131 1709/635/1133
f 1708/622/1132 1707/633/1131 1710/634/1134
f 1712/636/1136 1709/635/1133 1711/637/1135
f 1710/634/1134 1709/635/1133 1712/636/1136
f 1715/636/1137 1714/628/212 1713/634/137
f 1700/628/1124 1711/637/1135 1698/626/1122
f 1712/636/1136 1711/637/1135 1700/628/1124
f 1718/638/1140 1717/639/1139 1716/640/1138
f 1719/641/1141 1717/639/1139 1718/638/1140
f 1722/640/1144 1721/641/1143 1720/638/1142
f 1723/639/1145 1721/641/1143 1722/640/1144
f 1720/638/1142 1719/641/1141 1718/638/1140
f 1721/641/1143 1719/641/1141 1720/638/1142
f 1716/640/1138 1723/639/1145 1722/640/1144
f 1717/639/1139 1723/639/1145 1716/640/1138
f 1726/641/1146 1725/639/1146 1724/641/1146
f 1727/639/1146 1725/639/1146 1726/641/1146
f 1730/642/1145 1729/643/1142 1728/644/1147
f 1731/645/1148 1729/643/1142 1730/642/1145
f 1728/644/1147 1733/643/1150 1732/644/1149
f 1729/643/1142 1733/643/1150 1728/644/1147
f 1734/642/1151 1731/645/1148 1730/642/1145
f 1735/645/1152 1731/645/1148 1734/642/1151
f 1738/643/1153 1737/645/1153 1736/643/1153
f 1739/645/1153 1737/645/1153 1738/643/1153
f 1732/644/1149 1735/645/1152 1734/642/1151
f 1733/643/1150 1735/645/1152 1732/644/1149
f 1742/628/1119 1741/637/1155 1740/636/1154
f 1695/626/1119 1741/637/1155 1742/628/1119
f 1694/627/1118 1695/626/1119 1742/628/1119
f 1743/629/1156 1696/625/1120 1694/627/1118
f 1744/630/1157 1696/625/1120 1743/629/1156
f 1745/631/1158 1744/630/1157 1743/629/1156
f 1746/632/1159 1744/630/1157 1745/631/1158
f 1691/624/1115 1746/632/1159 1745/631/1158
f 1692/623/1116 1746/632/1159 1691/624/1115
f 1747/633/1160 1692/623/1116 1693/622/1117
f 1748/634/1161 1747/633/1160 1693/622/1117
f 1749/635/1161 1747/633/1160 1748/634/1161
f 1740/636/1154 1749/635/1161 1748/634/1161
f 1741/637/1155 1749/635/1161 1740/636/1154
f 1752/627/1162 1751/628/234 1750/629/251
f 1755/638/1143 1754/639/1164 1753/641/1163
f 1756/640/1145 1754/639/1164 1755/638/1143
f 1759/640/1139 1758/641/1165 1757/639/1139
f 1760/638/1166 1758/641/1165 1759/640/1139
f 1760/638/1166 1753/641/1163 1758/641/1165
f 1755/638/1143 1753/641/1163 1760/638/1166
f 1756/640/1145 1757/639/1139 1754/639/1164
f 1759/640/1139 1757/639/1139 1756/640/1145
f 1763/641/1146 1762/639/1146 1761/639/1146
f 1764/641/1146 1762/639/1146 1763/641/1146
f 1767/642/1138 1766/643/1168 1765/645/1167
f 1768/644/1140 1766/643/1168 1767/642/1138
f 1768/644/1140 1769/643/1169 1766/643/1168
f 1770/644/1170 1769/643/1169 1768/644/1140
f 1772/642/1164 1765/645/1167 1771/645/1171
f 1767/642/1138 1765/645/1167 1772/642/1164
f 1775/643/1173 1774/645/1173 1773/645/1172
f 1776/643/1174 1774/645/1173 1775/643/1173
f 1770/644/1170 1771/645/1171 1769/643/1169
f 1772/642/1164 1771/645/1171 1770/644/1170
f 1778/629/211 1714/628/212 1777/627/1175
f 1779/631/1176 1714/628/212 1778/629/211
f 1780/624/227 1714/628/212 1779/631/1176
f 1781/622/212 1714/628/212 1780/624/227
f 1713/634/137 1714/628/212 1781/622/212
f 1783/634/1177 1751/628/234 1782/636/1177
f 1784/622/214 1751/628/234 1783/634/1177
f 1785/624/342 1751/628/234 1784/622/214
f 1786/631/234 1751/628/234 1785/624/342
f 1750/629/251 1751/628/234 1786/631/234
f 1790/646/1180 1789/647/1179 1788/648/1178 1787/649/1178
f 1789/647/1179 1790/646/1180 1792/650/1182 1791/651/1181
f 1794/652/1184 1793/653/1183 1791/651/1181 1792/650/1182
f 1798/654/1187 1797/655/1186 1796/656/1186 1795/657/1185
f 1794/652/1184 1798/654/1187 1795/657/1185 1793/653/1183
f 1802/658/1188 1801/659/1188 1800/660/1188 1799/661/1188
f 1806/662/255 1805/663/255 1804/664/255 1803/665/255
f 1810/666/124 1809/667/124 1808/668/124 1807/669/124
f 1814/670/1189 1813/671/1189 1812/672/1189 1811/673/1189
f 1818/660/1190 1817/674/1190 1816/675/1190 1815/661/1190
f 1822/676/1191 1821/677/1191 1820/671/1191 1819/670/1191
f 1826/374/1194 1825/376/1193 1824/678/1193 1823/679/1192
f 1830/678/1195 1829/376/1195 1828/376/1195 1827/680/1195
f 1834/681/1196 1833/682/1196 1832/683/1196 1831/684/1196
f 1838/685/1197 1837/686/1197 1836/687/1197 1835/688/1197
f 1842/689/1198 1841/685/1198 1840/688/1198 1839/690/1198
f 1846/379/1201 1845/691/1200 1844/692/1199 1843/380/1199
f 1850/692/1202 1849/359/1202 1848/380/1202 1847/380/1202
f 1853/691/1203 1852/382/1203 1851/693/1203
f 1845/691/1200 1846/379/1201 1854/382/1204
f 1858/683/1205 1857/694/1205 1856/695/1205 1855/684/1205
f 1862/675/1206 1861/696/1206 1860/658/1206 1859/661/1206
f 1866/674/1177 1865/660/1177 1864/659/1177 1863/697/1177
f 1870/681/1207 1869/684/1207 1868/695/1207 1867/698/1207
f 1874/682/1137 1873/699/1137 1872/694/1137 1871/683/1137
f 1877/378/1208 1876/679/1208 1875/700/1208
f 1826/374/1194 1823/679/1192 1878/378/1209
f 1881/701/1212 1880/702/1211 1879/703/1210
f 1885/704/1216 1884/705/1215 1883/706/1214 1882/707/1213
f 1889/708/1220 1888/709/1219 1887/710/1218 1886/711/1217
f 1888/709/1219 1889/708/1220 1890/712/1221
f 1894/708/1225 1893/711/1224 1892/710/1223 1891/709/1222
f 1895/712/1226 1894/708/1225 1891/709/1222
f 1899/713/1228 1898/714/1228 1897/715/1227 1896/716/1227
f 1901/717/1230 1886/711/1217 1887/710/1218 1900/718/1229
f 1881/701/1212 1886/711/1217 1901/717/1230 1880/702/1211
f 1890/712/1221 1889/708/1220 1881/701/1212 1902/719/1231
f 1889/708/1220 1886/711/1217 1881/701/1212
f 1890/712/1221 1902/719/1231 1903/720/1232
f 1888/709/1219 1905/386/1234 1904/385/1233 1887/710/1218
f 1879/703/1210 1880/702/1211 1906/721/1235
f 1902/719/1231 1881/701/1212 1879/703/1210
f 1879/703/1210 1906/721/1235 1907/722/1236
f 1911/723/1240 1910/724/1239 1909/725/1238 1908/726/1237
f 1913/727/1242 1909/725/1238 1910/724/1239 1912/728/1241
f 1913/727/1242 1912/728/1241 1914/729/1243
f 1918/730/1247 1917/731/1246 1916/732/1245 1915/733/1244
f 1920/734/1249 1919/735/1248 1917/731/1246 1918/730/1247
f 1920/734/1249 1921/735/1250 1919/735/1248
f 1923/717/1252 1922/718/1251 1892/710/1223 1893/711/1224
f 1925/701/1254 1924/702/1253 1923/717/1252 1893/711/1224
f 1895/712/1226 1926/719/1255 1925/701/1254 1894/708/1225
f 1925/701/1254 1893/711/1224 1894/708/1225
f 1927/720/1256 1926/719/1255 1895/712/1226
f 1928/703/1257 1924/702/1253 1925/701/1254
f 1906/721/1235 1924/702/1253 1928/703/1257
f 1928/703/1257 1925/701/1254 1926/719/1255
f 1907/722/1236 1906/721/1235 1928/703/1257
f 1911/723/1240 1930/726/1259 1929/725/1258 1910/724/1239
f 1931/727/1260 1912/728/1241 1910/724/1239 1929/725/1258
f 1914/729/1243 1912/728/1241 1931/727/1260
f 1933/730/1262 1932/733/1261 1916/732/1245 1917/731/1246
f 1934/734/1263 1933/730/1262 1917/731/1246 1919/735/1248
f 1919/735/1248 1921/735/1250 1934/734/1263
f 1938/736/1267 1937/737/1266 1936/738/1265 1935/739/1264
f 1940/707/1269 1937/737/1266 1938/736/1267 1939/706/1268
f 1939/706/1268 1884/705/1215 1885/704/1216 1940/707/1269
f 1944/738/1273 1943/737/1272 1942/736/1271 1941/739/1270
f 1942/736/1271 1943/737/1272 1882/707/1213 1883/706/1214
f 1947/740/1276 1946/741/1275 1945/742/1274
f 1887/710/1218 1904/385/1233 1948/384/1277 1900/718/1229
f 1951/743/1280 1950/738/1279 1949/743/1278
f 1905/386/1234 1888/709/1219 1952/744/1281
f 1954/745/1282 1953/387/1282 1905/386/1234 1952/744/1281
f 1956/390/1284 1955/391/1283 1911/723/1240 1908/726/1237
f 1892/710/1223 1922/718/1251 1958/384/1286 1957/385/1285
f 1957/385/1285 1959/386/1287 1891/709/1222 1892/710/1223
f 1960/744/1288 1891/709/1222 1959/386/1287
f 1962/745/1289 1960/744/1288 1959/386/1287 1961/387/1289
f 1963/390/1290 1930/726/1259 1911/723/1240 1955/391/1283
f 1967/738/1291 1966/743/1293 1965/746/1292 1964/741/1291
f 1966/743/1293 1969/747/1295 1968/748/1294 1965/746/1292
f 1973/749/1299 1972/750/1298 1971/751/1297 1970/752/1296
f 1973/749/1299 1970/752/1296 1947/740/1276 1945/742/1274
f 1947/740/1276 1935/739/1264 1946/741/1275
f 1971/751/1297 1976/750/1302 1975/749/1301 1974/752/1300
f 1946/741/1275 1935/739/1264 1936/738/1265
f 1979/742/1305 1978/741/1304 1977/740/1303
f 1980/738/1306 1950/738/1279 1951/743/1280
f 1982/747/1308 1949/743/1278 1981/753/1307
f 1951/743/1280 1949/743/1278 1982/747/1308
f 1986/746/1311 1985/743/1310 1984/738/1309 1983/741/1309
f 1985/743/1310 1986/746/1311 1988/748/1313 1987/747/1312
f 1976/750/1302 1971/751/1297 1972/750/1298
f 1975/749/1301 1979/742/1305 1977/740/1303 1974/752/1300
f 1991/753/1316 1990/743/1315 1989/747/1314
f 1989/747/1314 1990/743/1315 1992/743/1317
f 1978/741/1304 1941/739/1270 1977/740/1303
f 1944/738/1273 1941/739/1270 1978/741/1304
f 1992/743/1317 1994/738/1319 1993/738/1318
f 1990/743/1315 1994/738/1319 1992/743/1317
f 1899/713/1228 1996/716/1320 1995/715/1320 1898/714/1228
f 1982/747/1308 1991/753/1316 1989/747/1314
f 1982/747/1308 1981/753/1307 1991/753/1316
f 1968/748/1294 1969/747/1295 1987/747/1312 1988/748/1313
f 1999/754/107 1998/755/107 1997/756/107
f 2002/757/107 2001/758/107 2000/759/107
f 2005/760/1323 2004/758/1322 2003/757/1321
f 2006/761/1324 2004/758/1322 2005/760/1323
f 2009/762/1325 2008/763/1325 2007/761/1325
f 2009/762/1325 2007/761/1325 2010/760/1325
f 2013/762/1328 2012/764/1327 2011/763/1326
f 2014/759/1329 2012/764/1327 2013/762/1328
f 2017/762/243 2016/757/243 2015/759/243
f 2018/760/243 2016/757/243 2017/762/243
f 2021/765/1332 2020/766/1331 2019/767/1330
f 2022/768/1333 2020/766/1331 2021/765/1332
f 2025/769/1336 2024/770/1335 2023/771/1334
f 2026/772/1337 2024/770/1335 2025/769/1336
f 2029/772/1338 2028/769/1338 2027/767/1338
f 2027/767/1338 2028/769/1338 2030/765/1338
f 2033/773/1341 2032/774/1340 2031/775/1339
f 2032/774/1340 2034/776/1342 2031/775/1339
f 2037/777/146 2036/778/146 2035/776/146
f 2037/777/146 2035/776/146 2038/774/146
f 2041/779/1345 2040/778/1344 2039/777/1343
f 2041/779/1345 2039/777/1343 2042/780/1346
f 2045/780/1347 2044/777/1347 2043/773/1347
f 2043/773/1347 2044/777/1347 2046/774/1347
f 2049/781/107 2048/782/107 2047/783/107
f 2050/784/107 2048/782/107 2049/781/107
f 1997/756/107 1998/755/107 2051/785/107
f 2000/759/107 2001/758/107 2052/764/107
f 2055/786/1350 2054/787/1349 2053/788/1348
f 2056/789/1351 2054/787/1349 2055/786/1350
f 2059/790/146 2058/791/146 2057/787/146
f 2059/790/146 2057/787/146 2060/789/146
f 2063/792/1354 2062/791/1353 2061/793/1352
f 2061/793/1352 2062/791/1353 2064/790/1355
f 2067/790/243 2066/786/243 2065/793/243
f 2068/789/243 2066/786/243 2067/790/243
f 2072/794/146 2071/795/146 2070/796/146 2069/797/146
f 2074/798/146 2070/796/146 2071/795/146 2073/799/146
f 2078/800/1356 2077/801/1356 2076/802/1356 2075/803/1356
f 2082/803/1357 2081/802/1357 2080/804/1357 2079/805/1357
f 2085/806/107 2084/807/107 2083/808/107
f 2084/807/107 2086/809/107 2083/808/107
f 2084/807/107 2087/810/107 2086/809/107
f 2091/800/1358 2090/809/1358 2089/810/1358 2088/801/1358
f 2094/811/1361 2093/812/1360 2092/813/1359
f 2094/811/1361 2092/813/1359 2096/814/1363 2095/815/1362
f 2095/815/1362 2098/816/1365 2097/817/1364 2094/811/1361
f 2094/811/1361 2099/818/1366 2093/812/1360
f 2097/817/1364 2099/818/1366 2094/811/1361
f 2100/819/1367 2098/816/1365 2095/815/1362
f 2103/820/1370 2102/821/1369 2101/822/1368
f 2101/822/1368 2100/819/1367 2104/823/1371 2103/820/1370
f 2105/824/1372 2098/816/1365 2100/819/1367 2101/822/1368
f 2102/821/1369 2106/825/1373 2101/822/1368
f 2101/822/1368 2106/825/1373 2105/824/1372
f 2096/814/1363 2104/823/1371 2100/819/1367 2095/815/1362
f 2092/813/1359 2093/812/1360 2107/826/1374
f 2107/826/1374 2108/827/1375 2096/814/1363 2092/813/1359
f 2109/828/1376 2102/821/1369 2103/820/1370
f 2110/829/1377 2104/823/1371 2096/814/1363 2108/827/1375
f 2104/823/1371 2110/829/1377 2109/828/1376 2103/820/1370
f 2114/830/1381 2113/831/1380 2112/832/1379 2111/833/1378
f 2116/834/1383 2115/835/1382 2111/833/1378 2112/832/1379
f 2114/830/1381 2117/836/1384 2113/831/1380
f 2121/837/1388 2120/838/1387 2119/839/1386 2118/840/1385
f 2124/841/1391 2123/842/1390 2122/843/1389
f 2122/843/1389 2121/837/1388 2118/840/1385 2124/841/1391
f 2112/832/1379 2113/831/1380 2124/841/1391 2118/840/1385
f 2117/836/1384 2123/842/1390 2124/841/1391 2113/831/1380
f 2112/832/1379 2118/840/1385 2119/839/1386 2116/834/1383
f 2111/833/1378 2121/837/1388 2114/830/1381
f 2128/830/1395 2127/833/1394 2126/832/1393 2125/831/1392
f 2130/834/1397 2126/832/1393 2127/833/1394 2129/835/1396
f 2125/831/1392 2131/836/1398 2128/830/1395
f 2135/837/1402 2134/840/1401 2133/839/1400 2132/838/1399
f 2138/843/1405 2137/842/1404 2136/841/1403
f 2138/843/1405 2136/841/1403 2134/840/1401 2135/837/1402
f 2126/832/1393 2134/840/1401 2136/841/1403 2125/831/1392
f 2131/836/1398 2125/831/1392 2136/841/1403 2137/842/1404
f 2126/832/1393 2130/834/1397 2133/839/1400 2134/840/1401
f 2138/843/1405 2135/837/1402 2137/842/1404
f 2123/842/1390 2121/837/1388 2122/843/1389
f 2117/836/1384 2121/837/1388 2123/842/1390
f 2114/830/1381 2121/837/1388 2117/836/1384
f 2128/830/1395 2135/837/1402 2127/833/1394
f 2131/836/1398 2135/837/1402 2128/830/1395
f 2137/842/1404 2135/837/1402 2131/836/1398
f 2142/741/1406 2141/746/1408 2140/743/1407 2139/738/1406
f 2141/746/1408 2144/748/1410 2143/753/1409 2140/743/1407
f 2148/741/1413 2147/738/1413 2146/743/1412 2145/746/1411
f 2150/753/1415 2149/748/1414 2145/746/1411 2146/743/1412
f 2149/748/1414 2150/753/1415 2143/753/1409 2144/748/1410
f 2154/844/1419 2153/845/1418 2152/846/1417 2151/847/1416
f 2156/848/1421 2151/847/1416 2152/846/1417 2155/849/1420
f 2159/850/1424 2158/851/1423 2157/852/1422
f 2155/849/1420 2158/851/1423 2159/850/1424 2156/848/1421
f 2154/844/1419 2161/853/1426 2160/854/1425
f 2164/855/1429 2163/856/1428 2162/857/1427
f 2166/858/1431 2165/859/1430 2163/856/1428 2164/855/1429
f 2166/858/1431 2168/860/1433 2167/861/1432
f 2164/855/1429 2168/860/1433 2166/858/1431
f 2166/858/1431 2167/861/1432 2169/862/1434
f 2160/854/1425 2161/853/1426 2170/863/1435
f 2161/853/1426 2171/864/1436 2169/862/1434 2170/863/1435
f 2167/861/1432 2172/865/1437 2169/862/1434
f 2169/862/1434 2172/865/1437 2170/863/1435
f 2166/858/1431 2169/862/1434 2171/864/1436 2165/859/1430
f 2163/856/1428 2165/859/1430 2156/848/1421 2159/850/1424
f 2156/848/1421 2165/859/1430 2171/864/1436 2151/847/1416
f 2161/853/1426 2154/844/1419 2151/847/1416 2171/864/1436
f 2162/857/1427 2163/856/1428 2159/850/1424
f 2157/852/1422 2162/857/1427 2159/850/1424
f 2173/866/1438 2154/844/1419 2160/854/1425
f 2173/866/1438 2153/845/1418 2154/844/1419
f 2174/867/1439 2168/860/1433 2164/855/1429
f 2162/857/1427 2174/867/1439 2164/855/1429
f 2170/863/1435 2172/865/1437 2175/868/1440
f 2160/854/1425 2170/863/1435 2175/868/1440
f 2179/869/107 2178/870/107 2177/871/107 2176/872/107
f 2183/871/107 2182/870/107 2181/869/107 2180/872/107
f 2186/873/1443 2185/874/1442 2184/875/1441
f 2185/874/1442 2187/876/1444 2184/875/1441
f 2190/877/1445 2189/876/1445 2188/874/1445
f 2193/878/1446 2192/873/1446 2191/875/1446
f 2196/875/1449 2195/876/1448 2194/877/1447
f 2197/878/1450 2196/875/1449 2194/877/1447
f 2200/879/1453 2199/880/1452 2198/881/1451
f 2200/879/1453 2201/882/1452 2199/880/1452
f 2203/883/1454 2199/880/1452 2202/884/1454
f 2202/884/1454 2199/880/1452 2201/882/1452
f 2206/885/1456 2205/883/1456 2204/886/1455
f 2204/886/1455 2205/883/1456 2207/884/1455
f 2210/881/1459 2209/880/1458 2208/887/1457
f 2212/885/1461 2209/880/1458 2211/883/1460
f 2208/887/1457 2209/880/1458 2212/885/1461
f 2215/888/1464 2214/882/1463 2213/879/1462
f 2216/886/1465 2214/882/1463 2215/888/1464
f 2217/884/1466 2214/882/1463 2216/886/1465
f 2220/889/1468 2219/888/1468 2218/887/1467
f 2221/890/1469 2219/888/1468 2220/889/1468
f 2224/891/1470 2223/892/1470 2222/893/1470
f 2224/891/1470 2225/894/1470 2223/892/1470
f 2228/895/1472 2227/896/1472 2226/897/1471
f 2228/895/1472 2226/897/1471 2229/898/1471
f 2232/893/1474 2231/895/805 2230/898/1473
f 2232/893/1474 2230/898/1473 2233/891/1474
f 2236/898/1477 2235/899/1476 2234/891/1475
f 2237/897/1478 2235/899/1476 2236/898/1477
f 2240/895/1481 2239/900/1480 2238/896/1479
f 2241/893/1482 2239/900/1480 2240/895/1481
f 2234/891/1475 2235/899/1476 2242/894/1483
f 2243/892/1484 2239/900/1480 2241/893/1482
f 2246/901/1487 2245/902/1486 2244/903/1485
f 2246/901/1487 2247/904/1488 2245/902/1486
f 2250/873/1443 2249/874/1442 2248/875/1441
f 2249/874/1442 2251/876/1444 2248/875/1441
f 2254/877/1445 2253/876/1445 2252/874/1445
f 2257/878/1446 2256/873/1446 2255/875/1446
f 2260/875/1449 2259/876/1448 2258/877/1447
f 2261/878/1450 2260/875/1449 2258/877/1447
f 2264/905/1491 2263/906/1490 2262/907/1489
f 2264/905/1491 2262/907/1489 2265/908/1492
f 2268/905/1493 2267/908/1493 2266/905/1493
f 2271/908/1496 2270/907/1495 2269/905/1494
f 2270/907/1495 2272/906/1497 2269/905/1494
f 2275/909/1500 2274/910/1499 2273/911/1498
f 2276/912/1501 2274/910/1499 2275/909/1500
f 2273/911/1498 2278/913/1503 2277/914/1502
f 2274/910/1499 2278/913/1503 2273/911/1498
f 2276/912/1501 2279/908/1504 2274/910/1499
f 2280/915/1505 2279/908/1504 2276/912/1501
f 2283/910/1508 2282/908/1507 2281/912/1506
f 2281/912/1506 2282/908/1507 2284/915/1509
f 2285/909/1510 2283/910/1508 2281/912/1506
f 2286/911/1511 2283/910/1508 2285/909/1510
f 2286/911/1511 2287/913/1512 2283/910/1508
f 2288/914/1513 2287/913/1512 2286/911/1511
f 2274/910/1499 2289/906/1514 2278/913/1503
f 2287/913/1512 2290/906/1515 2283/910/1508
f 2283/910/1508 2290/906/1515 2291/905/1516
f 2294/912/1519 2293/912/1518 2292/909/1517
f 2295/915/1520 2293/912/1518 2294/912/1519
f 2298/905/1521 2297/906/1521 2296/905/1521
f 2299/905/1522 2289/906/1514 2274/910/1499
f 2302/905/1525 2301/906/1524 2300/907/1523
f 2302/905/1525 2300/907/1523 2303/908/1526
f 2306/905/1527 2305/908/1527 2304/905/1527
f 2309/908/1530 2308/907/1529 2307/905/1528
f 2308/907/1529 2310/906/1531 2307/905/1528
f 2313/909/1534 2312/910/1533 2311/911/1532
f 2314/912/1535 2312/910/1533 2313/909/1534
f 2311/911/1532 2316/913/1537 2315/914/1536
f 2312/910/1533 2316/913/1537 2311/911/1532
f 2314/912/1535 2317/908/1538 2312/910/1533
f 2318/915/1539 2317/908/1538 2314/912/1535
f 2321/910/1542 2320/908/1541 2319/912/1540
f 2319/912/1540 2320/908/1541 2322/915/1543
f 2323/909/1544 2321/910/1542 2319/912/1540
f 2324/911/1545 2321/910/1542 2323/909/1544
f 2324/911/1545 2325/913/1546 2321/910/1542
f 2326/914/1547 2325/913/1546 2324/911/1545
f 2312/910/1533 2327/906/1548 2316/913/1537
f 2325/913/1546 2328/906/1549 2321/910/1542
f 2321/910/1542 2328/906/1549 2329/905/1550
f 2332/912/1553 2331/912/1552 2330/909/1551
f 2333/915/1554 2331/912/1552 2332/912/1553
f 2336/905/1555 2335/906/1555 2334/905/1555
f 2337/905/1556 2327/906/1548 2312/910/1533
