# Blender 4.5.3 LTS
# www.blender.org
mtllib vf1sG.mtl
o vf1sG
v -0.018232 -0.028029 0.008985
v -0.009672 -0.037489 0.008695
v -0.008242 -0.022409 0.012185
v 0.004058 -0.037489 0.008695
v 0.002628 -0.022409 0.012175
v -0.019752 -0.013579 0.009435
v -0.022562 -0.013579 0.007045
v -0.020802 -0.028979 0.007045
v -0.010032 -0.038029 0.007045
v 0.004428 -0.038029 0.007045
v 0.014138 -0.013579 0.009425
v 0.003228 -0.013579 0.012935
v 0.012618 -0.028029 0.008985
v 0.016948 -0.013579 0.007045
v 0.015188 -0.028969 0.007045
v -0.012002 -0.040479 0.006925
v -0.009102 -0.028929 0.006925
v -0.017212 -0.040479 0.006925
v -0.009102 -0.013579 0.006925
v -0.008842 -0.013579 0.012945
v 0.001198 -0.010679 0.012505
v -0.006802 -0.010679 0.012505
v -0.012002 -0.040479 0.006705
v -0.017212 -0.040479 0.006705
v 0.003498 -0.028929 0.006925
v 0.006388 -0.040479 0.006925
v 0.011598 -0.040479 0.006915
v 0.003498 -0.013579 0.006925
v 0.006388 -0.040479 0.006695
v 0.011598 -0.040479 0.006695
v 0.003498 -0.028929 0.005705
v 0.012268 -0.028929 0.005695
v 0.003488 -0.013579 0.005005
v 0.014118 -0.013579 0.004995
v -0.017882 -0.028929 0.005705
v -0.009102 -0.028929 0.005705
v -0.019732 -0.013579 0.005005
v -0.009112 -0.013579 0.005005
v 0.003158 -0.013579 0.007035
v -0.008772 -0.013579 0.007035
v 0.001188 -0.010679 0.007035
v -0.006802 -0.010679 0.007035
v -0.006802 -0.010679 0.007035
v -0.006802 -0.010679 0.012505
v 0.001188 -0.010679 0.007035
v -0.008592 -0.013579 0.005005
v 0.002988 -0.013579 0.005005
v -0.010462 -0.006819 0.008925
v -0.008982 -0.013579 0.007315
v -0.009722 -0.006049 0.007315
v -0.009942 -0.013579 0.009845
v -0.014932 -0.006059 0.007315
v -0.015672 -0.013579 0.007315
v -0.014112 -0.006819 0.008925
v -0.014632 -0.013579 0.009855
v 0.004108 -0.006049 0.007315
v 0.003368 -0.013579 0.007305
v 0.004848 -0.006819 0.008925
v 0.004338 -0.013579 0.009845
v 0.008498 -0.006809 0.008925
v 0.010058 -0.013579 0.007305
v 0.009318 -0.006049 0.007305
v 0.009018 -0.013579 0.009845
v -0.000862 -0.010679 0.013775
v 0.000398 -0.010679 0.012505
v -0.006002 -0.010679 0.012505
v -0.007022 -0.010679 0.011435
v -0.006062 -0.015679 0.011225
v -0.004742 -0.010679 0.013775
v -0.003922 -0.015679 0.013105
v -0.004812 -0.020879 0.010815
v -0.003022 -0.020879 0.012055
v -0.002802 -0.010679 0.014405
v -0.002802 -0.015679 0.013485
v -0.002802 -0.020879 0.012155
v -0.007142 -0.015679 0.005975
v -0.007962 -0.010679 0.005885
v -0.005962 -0.020879 0.005975
v 0.000448 -0.015679 0.011225
v 0.001218 -0.010679 0.011635
v -0.001692 -0.015679 0.013105
v -0.002592 -0.020879 0.012055
v -0.000802 -0.020879 0.010815
v 0.001528 -0.015679 0.005975
v 0.002348 -0.010679 0.005875
v 0.000348 -0.020879 0.005975
v -0.006802 -0.010679 0.012505
v -0.002802 -0.020879 0.005975
v -0.024502 -0.011839 0.003335
v -0.033592 -0.015789 0.004365
v -0.022912 -0.013859 0.004185
v -0.022552 -0.016459 -0.002645
v -0.033242 -0.018389 -0.002465
v -0.024142 -0.014439 -0.003495
v -0.022632 -0.024679 0.000495
v -0.030032 -0.026159 0.000665
v -0.022992 -0.022069 0.007315
v -0.030392 -0.023549 0.007495
v -0.026452 -0.011189 0.001485
v -0.027902 -0.004819 -0.001015
v -0.031212 -0.012209 0.001635
v -0.031062 -0.016919 0.003725
v -0.025382 -0.011809 0.002075
v -0.031902 -0.013219 0.002265
v -0.029162 -0.003909 -0.002395
v -0.031972 -0.004509 -0.002315
v -0.032662 -0.005839 -0.000875
v -0.031012 -0.013699 -0.002255
v -0.032462 -0.007329 -0.004765
v -0.026252 -0.012669 -0.002395
v -0.027692 -0.006299 -0.004905
v -0.031852 -0.005359 -0.004515
v -0.029042 -0.004749 -0.004605
v -0.024542 -0.015519 0.003535
v -0.030832 -0.018599 -0.000665
v -0.031672 -0.014889 -0.002125
v -0.024302 -0.017189 -0.000855
v -0.025152 -0.013489 -0.002315
v -0.025952 0.012061 -0.001445
v -0.027262 0.010441 -0.010205
v -0.027282 0.015421 -0.008175
v -0.026442 0.016461 -0.002545
v -0.030872 0.016781 -0.001935
v -0.031722 0.015731 -0.007575
v -0.031712 0.012471 -0.000665
v -0.033022 0.010851 -0.009415
v -0.032432 -0.000229 0.000775
v -0.033472 -0.005929 -0.003925
v -0.034272 -0.016639 -0.004125
v -0.034052 -0.016369 -0.002665
v -0.026662 -0.000649 -0.000005
v -0.028292 -0.016779 -0.003455
v -0.028502 -0.017049 -0.004915
v -0.027712 -0.006339 -0.004705
v -0.031712 -0.005909 -0.003425
v -0.032552 -0.005259 -0.004245
v -0.028772 -0.005529 -0.004755
v -0.029362 -0.006079 -0.003745
v -0.028192 -0.004809 -0.000865
v -0.029012 -0.005639 -0.001405
v -0.031972 -0.004539 -0.000345
v -0.031362 -0.005469 -0.001095
v -0.027922 -0.001239 -0.000795
v -0.031702 -0.000969 -0.000285
v 0.020018 -0.014509 -0.003435
v 0.029118 -0.018459 -0.002405
v 0.018438 -0.016539 -0.002585
v 0.018788 -0.013929 0.004245
v 0.029468 -0.015859 0.004425
v 0.020378 -0.011909 0.003385
v 0.018858 -0.022139 0.007375
v 0.026268 -0.023619 0.007555
v 0.018508 -0.024749 0.000545
v 0.025908 -0.026229 0.000725
v 0.022118 -0.012809 -0.002515
v 0.023568 -0.006439 -0.005025
v 0.026878 -0.013829 -0.002375
v 0.026698 -0.018739 -0.000775
v 0.021018 -0.013629 -0.002435
v 0.027538 -0.015029 -0.002235
v 0.024918 -0.004889 -0.004715
v 0.027718 -0.005489 -0.004635
v 0.028328 -0.007459 -0.004875
v 0.027088 -0.012349 0.001515
v 0.028528 -0.005979 -0.000995
v 0.022318 -0.011329 0.001375
v 0.023768 -0.004949 -0.001135
v 0.027838 -0.004649 -0.002425
v 0.025028 -0.004049 -0.002515
v 0.020178 -0.017329 -0.000975
v 0.026928 -0.017059 0.003615
v 0.027768 -0.013349 0.002155
v 0.020408 -0.015659 0.003415
v 0.021248 -0.011949 0.001955
v 0.023818 0.015621 -0.006055
v 0.023888 0.010991 -0.008785
v 0.022298 0.011321 0.000065
v 0.022788 0.015831 -0.000365
v 0.028028 0.011621 0.001085
v 0.028228 0.015861 -0.005275
v 0.027208 0.016071 0.000425
v 0.029628 0.011301 -0.007765
v 0.028788 -0.001149 0.000675
v 0.030628 -0.016609 -0.005035
v 0.030888 -0.016659 -0.006515
v 0.030018 -0.006099 -0.004775
v 0.023048 -0.001459 -0.000345
v 0.024288 -0.006409 -0.005795
v 0.025158 -0.016969 -0.007535
v 0.024888 -0.016909 -0.006055
v 0.025338 -0.005599 -0.005685
v 0.029098 -0.005399 -0.005015
v 0.028238 -0.006159 -0.004335
v 0.025908 -0.006279 -0.004745
v 0.024628 -0.005449 -0.001755
v 0.025478 -0.006189 -0.002385
v 0.027808 -0.006069 -0.001975
v 0.028388 -0.005249 -0.001085
v 0.024338 -0.001929 -0.001175
v 0.028098 -0.001729 -0.000505
v 0.024628 0.023971 -0.007295
v 0.024008 0.022071 -0.007695
v 0.022718 0.022491 -0.000075
v 0.023398 0.024941 -0.000185
v 0.028008 0.022781 0.000805
v 0.029298 0.022351 -0.006815
v 0.028278 0.024171 -0.006685
v 0.027048 0.025141 0.000415
v 0.023008 0.017631 -0.000235
v 0.024198 0.017941 -0.007455
v 0.024908 0.014571 -0.006515
v 0.024018 0.014341 -0.001095
v 0.028258 0.014751 -0.005955
v 0.028818 0.018181 -0.006685
v 0.027628 0.017881 0.000535
v 0.027368 0.014521 -0.000535
v 0.022848 0.050951 0.007065
v 0.023808 0.051041 0.006115
v 0.022918 0.051681 0.006405
v 0.022118 0.049871 0.005785
v 0.022888 0.049871 0.007195
v 0.022248 0.050951 0.005855
v 0.024068 0.049971 0.006115
v 0.024448 0.056571 0.003565
v 0.023298 0.056531 0.002615
v 0.021898 0.056431 0.003145
v 0.021648 0.056371 0.004635
v 0.022808 0.056411 0.005595
v 0.024208 0.056511 0.005065
v 0.027668 0.012721 0.001885
v 0.025998 0.012661 0.000505
v 0.025558 0.020151 0.000745
v 0.027228 0.020201 0.002125
v 0.023538 0.020001 0.001515
v 0.023978 0.012521 0.001275
v 0.023188 0.019911 0.003665
v 0.023628 0.012431 0.003425
v 0.024848 0.019971 0.005045
v 0.025298 0.012481 0.004805
v 0.026868 0.020111 0.004275
v 0.027308 0.012631 0.004035
v 0.023518 0.053551 0.002225
v 0.021848 0.053431 0.002855
v 0.021558 0.053361 0.004635
v 0.022938 0.053401 0.005775
v 0.024598 0.053521 0.005135
v 0.024898 0.053601 0.003365
v 0.023098 0.046861 0.006885
v 0.025998 0.047071 0.005695
v 0.027588 0.020131 0.004815
v 0.028078 0.020261 0.001865
v 0.026488 0.047201 0.002735
v 0.021378 0.053421 0.002455
v 0.020988 0.053321 0.004845
v 0.022838 0.053381 0.006385
v 0.025078 0.053541 0.005525
v 0.025468 0.053641 0.003135
v 0.023618 0.053581 0.001605
v 0.022808 0.019981 0.000985
v 0.025718 0.020191 -0.000255
v 0.024678 0.019921 0.006055
v 0.022328 0.019851 0.003945
v 0.021218 0.046911 0.001865
v 0.024128 0.047121 0.000625
v 0.020738 0.046791 0.004825
v 0.025668 0.022681 -0.002575
v 0.026238 0.022711 -0.002475
v 0.025648 0.026321 -0.001845
v 0.026718 0.021091 -0.008325
v 0.027288 0.021121 -0.008225
v 0.026778 0.018541 -0.007855
v 0.027348 0.018571 -0.007755
v 0.025648 0.019961 -0.001545
v 0.026218 0.019991 -0.001455
v 0.025538 0.017081 0.000035
v 0.026108 0.017111 0.000125
v 0.025078 0.029741 0.000495
v -0.008612 -0.013579 0.006925
v -0.006802 -0.010679 0.007035
v -0.008772 -0.013579 0.012985
v -0.016072 0.000311 0.009695
v -0.022572 -0.013579 0.007045
v -0.019732 -0.013579 0.009435
v -0.008222 0.006381 0.009695
v 0.003158 -0.013579 0.012975
v 0.010458 0.000321 0.009695
v 0.002598 0.006381 0.009695
v 0.014118 -0.013569 0.009425
v 0.001198 -0.010679 0.012505
v -0.006802 -0.010679 0.012505
v 0.012678 0.001121 0.007045
v 0.003118 0.008311 0.007045
v -0.008732 0.008311 0.007045
v -0.018292 0.001121 0.007045
v 0.016968 -0.013569 0.006915
v 0.002998 -0.013579 0.006925
v 0.001188 -0.010679 0.007035
v -0.008612 -0.004419 0.005285
v -0.008612 -0.013579 0.005005
v -0.018742 -0.004429 0.005685
v -0.019732 -0.013579 0.005005
v -0.008612 -0.004119 0.006915
v -0.019852 -0.004109 0.007005
v 0.014118 -0.013569 0.004995
v 0.002988 -0.013579 0.005005
v 0.013128 -0.004429 0.005675
v 0.002988 -0.004419 0.005285
v 0.002988 -0.004119 0.006915
v 0.014228 -0.004109 0.007005
v -0.008322 0.001011 0.005675
v -0.006862 0.001011 0.002815
v -0.006772 -0.010909 0.003115
v -0.007962 -0.010909 0.005875
v -0.007802 0.001011 0.011085
v -0.007022 -0.010909 0.011435
v -0.005292 0.001011 0.014995
v -0.004742 -0.010909 0.013775
v -0.002812 -0.010909 0.002205
v -0.002812 0.001011 0.002205
v -0.002802 0.001011 0.015995
v -0.002802 -0.010909 0.014405
v 0.001158 -0.010909 0.003105
v 0.001248 0.001011 0.002805
v 0.002708 0.001011 0.005675
v 0.002348 -0.010909 0.005875
v 0.001418 -0.010909 0.011435
v 0.002188 0.001011 0.011085
v -0.000322 0.001011 0.014995
v -0.000862 -0.010909 0.013775
v -0.010552 -0.004029 0.007275
v -0.010542 -0.001729 0.000305
v -0.011022 0.009411 0.005965
v -0.010162 -0.008049 0.001195
v -0.010732 -0.003629 -0.002755
v -0.010452 -0.008299 -0.002875
v -0.010552 -0.007669 0.007495
v -0.018742 -0.008049 0.001185
v -0.018362 -0.008289 -0.002785
v -0.018082 -0.007669 0.007495
v -0.016372 0.007411 0.006085
v -0.018632 -0.003219 0.000395
v -0.018082 -0.004029 0.007275
v -0.018272 -0.004429 -0.002715
v -0.019912 -0.012799 0.001225
v -0.018512 -0.012799 0.000465
v -0.018512 -0.016509 0.001975
v -0.019912 -0.012809 0.002755
v -0.018512 -0.012819 0.003515
v -0.018512 -0.007989 -0.000135
v -0.020482 -0.007999 0.000935
v -0.020492 -0.008009 0.003095
v -0.018512 -0.008019 0.004185
v -0.019242 -0.005289 0.000565
v -0.018512 -0.004489 0.000515
v -0.019242 -0.005309 0.003505
v -0.018512 -0.004509 0.003565
v -0.018512 -0.003009 0.002045
v -0.020382 -0.007099 0.002025
v -0.011302 -0.017289 -0.012765
v -0.010762 -0.011559 -0.008445
v -0.010712 -0.015459 -0.006635
v -0.012162 -0.015389 -0.015875
v -0.013532 -0.013319 -0.016885
v -0.012672 -0.007989 -0.010165
v -0.015932 -0.016559 -0.006335
v -0.017652 -0.012999 -0.008055
v -0.015152 -0.018089 -0.012545
v -0.015462 -0.016079 -0.015685
v -0.017522 -0.008999 -0.009885
v -0.015152 -0.013659 -0.016795
v -0.010402 -0.011649 0.002755
v -0.010382 -0.007169 0.000685
v -0.011682 -0.008359 0.005925
v -0.011552 -0.005579 0.004645
v -0.012442 -0.002969 -0.001335
v -0.012892 -0.003219 0.003505
v -0.016592 -0.009379 0.006195
v -0.018722 -0.008909 0.001155
v -0.016692 -0.012959 0.003105
v -0.017952 -0.006919 0.005005
v -0.017802 -0.004249 0.003775
v -0.018742 -0.004289 -0.000975
v -0.020342 -0.012939 -0.016025
v -0.023492 -0.005779 -0.023135
v -0.022942 -0.009439 -0.026845
v -0.019842 -0.016259 -0.019385
v -0.010692 -0.006879 -0.027535
v -0.011252 -0.003219 -0.023825
v -0.009972 -0.010779 -0.016615
v -0.009462 -0.014089 -0.019975
v -0.009322 -0.019489 -0.014285
v -0.011362 -0.016369 -0.021705
v -0.016772 -0.017499 -0.021405
v -0.016582 -0.021009 -0.013885
v -0.028512 0.011371 -0.039935
v -0.026972 0.019861 -0.046725
v -0.026202 0.014741 -0.052005
v -0.027892 0.007291 -0.044075
v -0.024492 0.015441 -0.036305
v -0.012502 -0.008869 -0.014095
v -0.009472 -0.017749 -0.010425
v -0.016732 -0.019269 -0.010015
v -0.017912 -0.009999 -0.013785
v -0.018942 0.016261 -0.052415
v -0.015802 0.014031 -0.040645
v -0.015182 0.009951 -0.044785
v -0.019712 0.021381 -0.047135
v -0.019092 0.016571 -0.036605
v -0.022962 0.005131 -0.047465
v -0.013152 -0.010009 -0.029945
v -0.017562 0.006271 -0.047765
v -0.020022 -0.001539 -0.019895
v -0.014612 -0.000409 -0.020205
v -0.018562 -0.011139 -0.029645
v -0.027112 0.013331 -0.031865
v -0.026072 0.006271 -0.023395
v -0.020692 0.000471 -0.023355
v -0.024632 0.013821 -0.037005
v -0.022312 0.003581 -0.026995
v -0.023532 0.020631 -0.051985
v -0.020332 0.022171 -0.053025
v -0.018062 0.014031 -0.044665
v -0.025372 0.012501 -0.044255
v -0.027452 0.020681 -0.052625
v -0.021572 0.013291 -0.044465
v -0.024042 0.014521 -0.037455
v -0.024872 0.017761 -0.040045
v -0.019242 0.015531 -0.037735
v -0.020062 0.018771 -0.040315
v -0.022502 0.027461 -0.051225
v -0.027302 0.026461 -0.050945
v -0.024812 0.026981 -0.051085
v 0.005418 0.009411 0.005965
v 0.004938 -0.001729 0.000305
v 0.004948 -0.004029 0.007275
v 0.004558 -0.008049 0.001195
v 0.005128 -0.003629 -0.002755
v 0.004848 -0.008299 -0.002875
v 0.004948 -0.007669 0.007495
v 0.012758 -0.008289 -0.002785
v 0.013138 -0.008049 0.001185
v 0.012478 -0.007669 0.007495
v 0.012478 -0.004029 0.007275
v 0.013028 -0.003219 0.000395
v 0.010768 0.007411 0.006085
v 0.012668 -0.004429 -0.002715
v 0.012908 -0.016509 0.001975
v 0.012908 -0.012799 0.000465
v 0.014308 -0.012799 0.001225
v 0.014308 -0.012809 0.002755
v 0.012908 -0.012819 0.003515
v 0.012908 -0.007989 -0.000135
v 0.014878 -0.007999 0.000935
v 0.014888 -0.008009 0.003095
v 0.012908 -0.008019 0.004185
v 0.013638 -0.005289 0.000565
v 0.012908 -0.004489 0.000515
v 0.013638 -0.005309 0.003505
v 0.012908 -0.004509 0.003565
v 0.012908 -0.003009 0.002045
v 0.014778 -0.007099 0.002025
v 0.005108 -0.015709 -0.006535
v 0.005158 -0.011809 -0.008345
v 0.005698 -0.017539 -0.012665
v 0.006558 -0.015639 -0.015775
v 0.007068 -0.008239 -0.010065
v 0.007928 -0.013569 -0.016785
v 0.009548 -0.018339 -0.012445
v 0.012048 -0.013249 -0.007955
v 0.010328 -0.016809 -0.006235
v 0.009858 -0.016329 -0.015585
v 0.009548 -0.013909 -0.016695
v 0.011918 -0.009249 -0.009785
v 0.006078 -0.008609 0.006025
v 0.004778 -0.007419 0.000785
v 0.004798 -0.011899 0.002855
v 0.005948 -0.005829 0.004745
v 0.007288 -0.003469 0.003605
v 0.006838 -0.003219 -0.001235
v 0.011088 -0.013209 0.003205
v 0.013118 -0.009159 0.001255
v 0.010988 -0.009629 0.006295
v 0.012348 -0.007169 0.005105
v 0.013138 -0.004539 -0.000875
v 0.012198 -0.004499 0.003875
v 0.017368 -0.009709 -0.026755
v 0.017928 -0.006049 -0.023035
v 0.014768 -0.013209 -0.015935
v 0.014268 -0.016529 -0.019295
v 0.004398 -0.011049 -0.016515
v 0.005678 -0.003489 -0.023725
v 0.005128 -0.007149 -0.027445
v 0.003898 -0.014359 -0.019885
v 0.005798 -0.016649 -0.021615
v 0.003748 -0.019759 -0.014195
v 0.011018 -0.021279 -0.013785
v 0.011198 -0.017769 -0.021315
v 0.020638 0.014471 -0.051905
v 0.021408 0.019591 -0.046635
v 0.022948 0.011101 -0.039835
v 0.022328 0.007021 -0.043975
v 0.018928 0.015171 -0.036205
v 0.003898 -0.018019 -0.010325
v 0.006928 -0.009139 -0.014005
v 0.012338 -0.010269 -0.013695
v 0.011158 -0.019529 -0.009915
v 0.009618 0.009681 -0.044695
v 0.010238 0.013761 -0.040555
v 0.013378 0.015981 -0.052325
v 0.014148 0.021111 -0.047045
v 0.013518 0.016291 -0.036515
v 0.017408 0.004861 -0.047365
v 0.007588 -0.010279 -0.029855
v 0.011998 0.005991 -0.047675
v 0.014448 -0.001809 -0.019805
v 0.009048 -0.000679 -0.020105
v 0.012998 -0.011409 -0.029545
v 0.015128 0.000201 -0.023255
v 0.020498 0.006001 -0.023295
v 0.021538 0.013061 -0.031765
v 0.019068 0.013551 -0.036915
v 0.016748 0.003311 -0.026895
v 0.012458 0.013781 -0.044565
v 0.014728 0.021921 -0.052925
v 0.017928 0.020381 -0.051885
v 0.021848 0.020431 -0.052525
v 0.019768 0.012251 -0.044155
v 0.015968 0.013041 -0.044365
v 0.019268 0.017511 -0.039945
v 0.018438 0.014271 -0.037355
v 0.014458 0.018521 -0.040215
v 0.013638 0.015281 -0.037635
v 0.016898 0.027211 -0.051125
v 0.021698 0.026211 -0.050845
v 0.019208 0.026731 -0.050985
v -0.006942 0.003331 0.004275
v -0.006942 0.000871 0.006755
v -0.006522 0.004621 0.004755
v -0.003872 0.007991 0.008085
v -0.003872 0.006481 0.009745
v -0.006972 0.000841 -0.001685
v -0.005572 0.004631 0.007785
v -0.002782 0.006881 0.010135
v -0.000022 0.004611 0.007765
v -0.001692 0.006471 0.009735
v -0.006942 0.004621 0.003125
v -0.004452 0.008731 0.004685
v -0.006942 0.004621 0.001805
v -0.004472 0.008051 -0.000115
v -0.006982 -0.005109 0.000785
v -0.006982 -0.002649 -0.001675
v -0.004462 0.009701 0.001785
v -0.002802 0.008261 0.002045
v -0.001152 0.009691 0.001775
v -0.001162 0.008041 -0.000125
v -0.002792 0.009121 0.004675
v -0.001142 0.008721 0.004675
v -0.002802 0.008211 0.004155
v -0.001142 0.007811 0.004145
v -0.004452 0.007821 0.004155
v -0.004462 0.007871 0.002055
v -0.001152 0.007861 0.002035
v -0.006952 -0.002629 0.006765
v 0.001298 -0.002659 0.006735
v -0.006932 -0.002619 0.011815
v 0.001318 -0.002639 0.011785
v -0.000012 0.004621 0.011765
v -0.005552 0.004641 0.011785
v 0.000668 0.005181 0.002035
v 0.001298 0.004591 0.001775
v 0.000638 0.005181 0.002825
v 0.001298 0.004591 0.003095
v -0.006922 0.000881 0.011805
v -0.006262 0.005211 0.002855
v -0.006302 0.005211 0.002065
v -0.006962 -0.005109 0.004295
v 0.001278 -0.005139 0.004265
v 0.001268 -0.005149 0.000775
v -0.002782 0.008381 0.008475
v 0.001268 -0.002679 -0.001705
v 0.001278 0.000811 -0.001715
v -0.001692 0.007981 0.008075
v 0.001308 0.000841 0.006725
v 0.001308 0.003301 0.004245
v 0.001328 0.000851 0.011775
v 0.000898 0.004601 0.004725
v 0.001308 0.004591 0.003095
v 0.001268 -0.005139 0.000755
v 0.001018 0.012801 0.011385
v 0.000548 0.007631 0.013575
v -0.000252 0.007631 0.015125
v 0.000048 0.011931 0.014905
v -0.002032 0.007631 0.016515
v -0.001482 0.011421 0.016655
v -0.003582 0.007631 0.016515
v -0.004132 0.011421 0.016655
v -0.005362 0.007631 0.015135
v -0.006162 0.007631 0.013575
v -0.006632 0.012801 0.011385
v -0.005662 0.011931 0.014905
v 0.008988 0.012381 0.006415
v 0.003568 0.012381 0.006415
v 0.003568 0.008041 0.006915
v 0.009538 0.008041 0.006915
v -0.009182 0.009601 0.006205
v -0.015162 0.009601 0.006205
v -0.014612 0.013241 0.006205
v -0.009182 0.013241 0.006205
v 0.008988 0.013241 0.006195
v 0.009538 0.009601 0.006195
v 0.003568 0.009601 0.006205
v 0.003568 0.013241 0.006205
v -0.008612 0.009601 0.006205
v -0.016322 0.009601 0.006205
v -0.016322 0.008041 0.006915
v -0.008732 0.008121 0.007045
v -0.019732 -0.004189 0.006925
v -0.008612 -0.004189 0.006915
v -0.008612 -0.004489 0.005285
v -0.018742 -0.004489 0.005685
v -0.014612 0.012381 0.006415
v -0.009182 0.012381 0.006415
v 0.010698 0.008041 0.006915
v 0.010698 0.009601 0.006195
v 0.002988 0.009601 0.006205
v 0.003118 0.008121 0.007045
v 0.014118 -0.004189 0.006915
v 0.002988 -0.004189 0.006915
v 0.002988 -0.004489 0.005285
v 0.013128 -0.004479 0.005675
v -0.015162 0.008041 0.006915
v -0.009182 0.008041 0.006915
v -0.003572 0.056771 0.005015
v -0.005442 0.046671 0.002905
v -0.005782 0.046341 0.005115
v -0.000082 0.027941 0.011495
v 0.000118 0.029431 0.010845
v -0.002812 0.029431 0.012135
v -0.002812 0.027941 0.012635
v -0.007732 0.031971 0.004675
v -0.008322 0.013401 0.005475
v -0.007902 0.013891 0.009785
v -0.007402 0.030681 0.007945
v -0.006832 0.029431 0.009495
v 0.002288 0.013891 0.009785
v 0.002708 0.013401 0.005475
v 0.002108 0.031971 0.004675
v 0.001778 0.030681 0.007945
v 0.001208 0.029431 0.009495
v -0.000322 0.000881 0.014995
v -0.000452 0.005651 0.015125
v -0.002802 0.005651 0.016405
v -0.002802 0.000881 0.015995
v -0.006962 0.013151 0.002715
v -0.006592 0.033261 0.001915
v -0.004772 0.045871 0.007435
v -0.005742 0.029431 0.010845
v -0.008322 0.000881 0.005675
v -0.007802 0.000881 0.011085
v -0.002812 0.055881 0.004095
v -0.002812 0.057361 0.004915
v -0.002812 0.033851 0.001205
v -0.002812 0.013101 0.002105
v -0.002812 0.046801 0.002115
v -0.002812 0.045551 0.008735
v -0.002812 0.057361 0.005685
v 0.001348 0.013151 0.002705
v 0.000968 0.033261 0.001905
v -0.000182 0.046671 0.002905
v 0.000148 0.046341 0.005115
v -0.000852 0.045871 0.007435
v -0.002052 0.056771 0.005015
v -0.007012 0.014091 0.010585
v -0.006232 0.027941 0.010295
v -0.005542 0.027941 0.011495
v 0.000608 0.027941 0.010295
v 0.001388 0.014091 0.010585
v -0.006562 0.005651 0.013075
v -0.006862 0.000881 0.002815
v -0.005512 0.012841 0.014745
v -0.006802 0.014091 0.010585
v -0.005712 0.012841 0.014845
v -0.005292 0.000881 0.014995
v -0.005162 0.005651 0.015135
v -0.002812 0.000881 0.002205
v 0.002708 0.000881 0.005675
v 0.001248 0.000881 0.002805
v 0.002188 0.000881 0.011085
v 0.000948 0.005651 0.013075
v -0.004162 0.012331 0.016655
v -0.004012 0.012331 0.016455
v 0.000098 0.012841 0.014845
v -0.001452 0.012331 0.016655
v -0.000102 0.012841 0.014745
v -0.001602 0.012331 0.016455
v 0.001188 0.014091 0.010585
v -0.003692 0.022891 0.013535
v -0.001552 0.022891 0.012335
v -0.001922 0.022891 0.013535
v -0.004902 0.014571 0.014335
v 0.000188 0.014571 0.010335
v -0.000712 0.014571 0.014335
v -0.000712 0.016351 0.014335
v -0.000212 0.018331 0.010335
v -0.005412 0.018331 0.010335
v -0.004902 0.016351 0.014335
v -0.005812 0.014571 0.010335
v -0.000312 0.022891 0.012335
v 0.000188 0.022891 0.010335
v -0.000512 0.028041 0.010935
v -0.000012 0.028041 0.010335
v -0.005612 0.028041 0.010335
v -0.005812 0.022891 0.010335
v -0.005112 0.028041 0.010935
v -0.005312 0.022891 0.012335
v -0.001922 0.028041 0.011935
v -0.001722 0.028041 0.010935
v -0.003902 0.028041 0.010935
v -0.003692 0.028041 0.011935
v -0.004072 0.022891 0.012335
v 0.000188 0.007431 0.013535
v 0.000188 0.011791 0.011535
v -0.000712 0.007431 0.013935
v -0.000712 0.011791 0.013935
v -0.005812 0.011791 0.011535
v -0.004902 0.011791 0.013935
v -0.004902 0.007431 0.013935
v -0.005812 0.007431 0.013535
v -0.005742 0.015381 0.014535
v -0.005732 0.018761 0.013935
v -0.003872 0.020851 0.015415
v -0.004222 0.015721 0.016365
v -0.001742 0.020851 0.015415
v 0.000118 0.018761 0.013935
v 0.000128 0.015381 0.014535
v -0.001392 0.015721 0.016355
v -0.006952 0.033451 0.002785
v -0.007382 0.038241 0.002895
v -0.006872 0.038241 0.002015
v -0.006402 0.035711 0.002045
v -0.007092 0.035681 0.003835
v -0.006952 0.038241 0.004285
v -0.005782 0.038241 0.001905
v -0.007452 0.041581 0.003015
v -0.006482 0.041331 0.004365
v -0.006042 0.043901 0.003635
v -0.005852 0.044681 0.002935
v -0.005562 0.043891 0.002395
v -0.005322 0.041441 0.001985
v -0.006952 0.041621 0.002125
v 0.001248 0.038241 0.002015
v 0.001758 0.038241 0.002895
v 0.001328 0.033451 0.002775
v 0.000778 0.035711 0.002045
v 0.001468 0.035681 0.003825
v 0.001328 0.038241 0.004285
v 0.000158 0.038241 0.001905
v 0.000418 0.043901 0.003635
v 0.000858 0.041331 0.004365
v 0.001828 0.041581 0.003015
v 0.000228 0.044681 0.002935
v 0.001318 0.041631 0.002125
v -0.000302 0.041441 0.001985
v -0.000062 0.043891 0.002395
v 0.002568 -0.048319 0.006655
v -0.010582 -0.037059 0.009095
v 0.005008 -0.037059 0.009095
v -0.008142 -0.048329 0.006655
v -0.010252 -0.037229 0.009865
v 0.004678 -0.037229 0.009855
v -0.007512 -0.016909 0.019345
v -0.007472 -0.023189 0.017985
v 0.001908 -0.016909 0.019345
v 0.001868 -0.023189 0.017985
v 0.002398 -0.033459 0.014705
v -0.008002 -0.033459 0.014715
v 0.004758 -0.037039 0.010015
v -0.010362 -0.037039 0.010015
v -0.010362 -0.015879 0.014615
v 0.004758 -0.015879 0.014605
v -0.008092 -0.005929 0.016665
v 0.002488 -0.005929 0.016665
v -0.009982 -0.015659 0.013575
v 0.004378 -0.015659 0.013575
v -0.009982 -0.036829 0.009045
v 0.004378 -0.036829 0.009035
v -0.025652 0.023141 -0.004195
v -0.026802 0.021011 -0.011555
v -0.027452 0.022941 -0.011595
v -0.026362 0.025491 -0.004865
v -0.031112 0.023201 -0.011095
v -0.032102 0.021391 -0.010835
v -0.030952 0.023521 -0.003475
v -0.030022 0.025751 -0.004365
v -0.027612 0.013941 -0.008745
v -0.026932 0.017031 -0.010405
v -0.025872 0.018351 -0.003275
v -0.026822 0.014931 -0.003405
v -0.030502 0.018691 -0.002645
v -0.031572 0.017361 -0.009775
v -0.030982 0.014181 -0.008295
v -0.030182 0.015171 -0.002945
v 0.023598 0.006871 0.000485
v 0.026058 0.014571 -0.000515
v 0.026508 0.007081 -0.000755
v 0.023158 0.014351 0.000725
v 0.023108 0.006741 0.003445
v 0.022668 0.014231 0.003685
v 0.025468 0.006811 0.005555
v 0.025028 0.014301 0.005795
v 0.028378 0.007021 0.004315
v 0.027928 0.014511 0.004565
v 0.028858 0.007151 0.001355
v 0.028418 0.014641 0.001605
v 0.026618 0.002011 0.001385
v 0.026698 0.007091 -0.000725
v 0.025658 0.006821 0.005585
v 0.026328 0.001931 0.003155
v 0.025268 0.006801 0.005525
v 0.026228 0.001981 0.001315
v 0.025938 0.001911 0.003095
v 0.026308 0.007071 -0.000785
v 0.025638 0.000231 0.007845
v 0.025438 0.003721 0.007955
v 0.025048 0.003701 0.007885
v 0.025248 0.000211 0.007775
v 0.026048 0.000341 0.005375
v 0.025658 0.000321 0.005315
v 0.027358 0.004221 -0.003775
v 0.026968 0.004201 -0.003845
v 0.027568 0.000731 -0.003895
v 0.027178 0.000711 -0.003955
v 0.025578 0.001941 0.001655
v 0.026428 0.002001 0.001325
v 0.027138 0.002021 0.001915
v 0.026988 0.001981 0.002825
v 0.026128 0.001921 0.003145
v 0.025428 0.001901 0.002565
v 0.027078 0.000611 -0.000935
v 0.026688 0.000581 -0.000995
v 0.002988 -0.013479 0.009365
v 0.002988 -0.013479 0.005075
v 0.014168 -0.013479 0.005075
v 0.014118 -0.013479 0.009465
v -0.008842 -0.013479 0.009365
v -0.019972 -0.013479 0.009455
v -0.020022 -0.013479 0.005065
v -0.008842 -0.013479 0.005075
v -0.016302 -0.011879 -0.018155
v -0.013102 -0.005409 -0.008475
v -0.013502 -0.011289 -0.018315
v -0.017952 -0.006429 -0.008205
v -0.009892 -0.015439 -0.012785
v -0.017342 -0.016989 -0.012365
v -0.022592 0.006181 -0.042505
v -0.025522 0.010501 -0.056145
v -0.023282 0.005221 -0.058315
v -0.025272 0.011991 -0.044345
v -0.018482 0.006221 -0.058585
v -0.018402 0.011981 -0.056545
v -0.017782 0.007191 -0.042775
v -0.017952 0.013521 -0.044755
v -0.021792 0.011421 -0.055155
v -0.020792 0.005741 -0.058455
v -0.021472 0.012781 -0.044565
v 0.007928 -0.011549 -0.018185
v 0.007528 -0.005689 -0.008345
v 0.010738 -0.012139 -0.018025
v 0.012378 -0.006699 -0.008065
v 0.011768 -0.017259 -0.012255
v 0.004318 -0.015709 -0.012675
v 0.016188 0.011171 -0.055055
v 0.012798 0.011731 -0.056445
v 0.012348 0.013271 -0.044655
v 0.019668 0.011741 -0.044245
v 0.019918 0.010251 -0.056045
v 0.015868 0.012531 -0.044465
v 0.017678 0.004971 -0.058215
v 0.016988 0.005931 -0.042405
v 0.012178 0.006941 -0.042675
v 0.012878 0.005971 -0.058485
v 0.015188 0.005491 -0.058355
v -0.008842 0.000421 0.004595
v -0.006922 0.001571 0.006385
v -0.008852 0.001491 0.003065
v -0.008852 -0.003269 0.002015
v -0.006922 -0.003339 -0.001315
v -0.006922 -0.005349 0.001555
v 0.001318 -0.005349 0.001555
v 0.001318 -0.003349 -0.001315
v 0.003238 -0.003259 0.002005
v 0.003238 -0.002199 0.000485
v 0.001318 -0.004739 0.004995
v 0.003238 -0.002939 0.003845
v 0.001318 -0.001869 0.006995
v 0.003238 -0.001409 0.004915
v 0.001318 0.001571 0.006385
v 0.003238 0.000421 0.004585
v 0.001318 0.003571 0.003515
v 0.003238 0.001491 0.003055
v 0.001318 0.002961 0.000075
v 0.003238 0.001171 0.001225
v 0.001318 0.000101 -0.001925
v 0.003238 -0.000359 0.000155
v 0.003438 -0.000309 0.000065
v 0.003238 0.013361 -0.002165
v 0.003438 -0.000069 0.001435
v 0.003238 0.013541 -0.001175
v 0.002038 -0.000069 0.001435
v 0.002238 0.013541 -0.001175
v 0.002038 -0.000309 0.000065
v 0.002238 0.013361 -0.002165
v 0.002038 0.000501 0.004655
v 0.002238 0.014101 0.002045
v 0.002038 0.000261 0.003275
v 0.002238 0.013931 0.001055
v 0.003438 0.000501 0.004655
v 0.003238 0.014101 0.002045
v 0.003438 0.000261 0.003275
v 0.003238 0.013931 0.001055
v -0.008852 -0.000359 0.000155
v -0.006922 0.000101 -0.001925
v -0.008852 -0.002199 0.000485
v -0.008842 -0.002939 0.003845
v -0.006922 -0.004739 0.004995
v -0.008842 -0.001409 0.004915
v -0.006922 -0.001869 0.006995
v -0.006922 0.003571 0.003525
v -0.008852 0.001171 0.001225
v -0.006922 0.002961 0.000075
v -0.008852 0.013541 -0.001175
v -0.008852 0.013361 -0.002155
v -0.009052 -0.000069 0.001445
v -0.009052 -0.000309 0.000065
v -0.007852 0.013361 -0.002155
v -0.007852 0.013541 -0.001175
v -0.007652 -0.000309 0.000065
v -0.007652 -0.000069 0.001445
v -0.007852 0.013931 0.001055
v -0.007852 0.014101 0.002045
v -0.007642 0.000261 0.003285
v -0.007642 0.000501 0.004665
v -0.008852 0.014101 0.002045
v -0.009042 0.000501 0.004665
v -0.008852 0.013931 0.001055
v -0.009042 0.000261 0.003285
v -0.001392 -0.008049 0.013755
v -0.002032 -0.012269 0.011965
v -0.000252 -0.011819 0.010655
v 0.000228 -0.006919 0.012065
v -0.003582 -0.012269 0.011965
v -0.004222 -0.008049 0.013755
v -0.006162 -0.011329 0.009185
v -0.005362 -0.011819 0.010655
v -0.005842 -0.006919 0.012065
v 0.001388 -0.004259 0.008445
v 0.000258 -0.004329 0.012595
v -0.007012 -0.004259 0.008445
v -0.005872 -0.004339 0.012595
v -0.005872 -0.000809 0.013115
v -0.004292 -0.004629 0.014585
v -0.003922 0.000721 0.015335
v -0.002812 0.008201 0.014875
v -0.005542 0.008561 0.013805
v -0.001692 0.000721 0.015335
v 0.000258 -0.000809 0.013115
v -0.001322 -0.004629 0.014585
v -0.000082 0.008561 0.013805
v 0.000548 -0.011329 0.009185
v -0.006232 0.008951 0.012665
v 0.000608 0.008951 0.012665
v 0.002568 -0.048319 0.006655
v -0.010582 -0.037059 0.009095
v 0.005008 -0.037059 0.009095
v -0.008142 -0.048329 0.006655
v -0.010252 -0.037229 0.009865
v 0.004678 -0.037229 0.009855
v -0.003612 -0.012629 0.014045
v 0.003738 -0.018559 0.012875
v -0.013172 -0.010739 0.014105
v -0.013172 -0.008089 0.014835
v -0.013182 -0.010799 0.014415
v -0.013172 -0.015389 0.013275
v -0.013182 -0.014069 0.013915
v -0.015062 -0.013069 0.013735
v -0.015252 -0.011979 0.014285
v 0.003738 -0.035849 0.009215
v 0.003728 -0.032749 0.010595
v -0.013172 -0.008089 0.014835
v -0.014682 -0.007429 0.014945
v -0.015242 -0.011849 0.013665
v -0.013172 -0.013939 0.013215
v 0.003748 -0.032459 0.009225
v 0.003738 -0.018559 0.012925
v -0.013172 -0.010739 0.014105
v -0.013182 -0.010799 0.014415
v -0.001992 -0.012639 0.014065
v -0.009342 -0.018579 0.012955
v 0.007578 -0.010809 0.014445
v 0.007568 -0.008099 0.014865
v 0.007568 -0.010739 0.014135
v 0.007578 -0.015399 0.013305
v 0.007568 -0.013929 0.013255
v 0.009458 -0.013079 0.013765
v 0.009638 -0.011849 0.013705
v -0.009342 -0.035849 0.009215
v -0.009352 -0.032459 0.009225
v 0.007568 -0.008099 0.014865
v 0.009078 -0.007439 0.014985
v 0.009648 -0.011989 0.014315
v 0.007578 -0.014099 0.013945
v -0.009332 -0.032749 0.010595
v -0.009342 -0.018559 0.012925
v 0.007578 -0.010809 0.014445
v 0.007568 -0.010739 0.014135
v -0.022192 -0.016979 0.008975
v -0.018422 -0.027689 0.008475
v -0.021022 -0.016469 0.008975
v -0.022202 -0.016959 0.007385
v -0.021032 -0.016449 0.007375
v -0.018442 -0.027669 0.007655
v -0.023822 -0.013999 0.007985
v -0.030042 -0.036239 0.007945
v -0.031002 -0.032709 0.007645
v -0.028322 -0.035709 0.007945
v -0.064652 -0.044979 0.007725
v -0.064652 -0.044979 0.008435
v -0.031002 -0.032709 0.008495
v -0.027622 -0.031159 0.008515
v -0.027612 -0.031129 0.007635
v -0.066812 -0.037599 0.008695
v -0.066532 -0.038819 0.008675
v -0.066532 -0.038819 0.007595
v -0.067802 -0.039379 0.007985
v -0.066332 -0.045719 0.007965
v -0.065972 -0.047259 0.007955
v -0.064122 -0.046699 0.007955
v -0.067272 -0.036239 0.007995
v -0.066812 -0.037619 0.007595
v -0.068142 -0.037899 0.007995
v -0.064712 -0.045009 0.008435
v -0.030092 -0.036259 0.007945
v -0.031062 -0.032729 0.008495
v -0.064182 -0.046719 0.007955
v -0.064712 -0.045009 0.007725
v -0.031062 -0.032729 0.007645
v 0.016468 -0.016929 0.008865
v 0.016468 -0.016909 0.007265
v 0.015288 -0.016419 0.008865
v 0.012698 -0.027619 0.007545
v 0.015298 -0.016389 0.007265
v 0.021868 -0.031089 0.007515
v 0.021868 -0.031109 0.008395
v 0.022568 -0.035669 0.007835
v 0.025248 -0.032669 0.008385
v 0.025248 -0.032669 0.007535
v 0.024278 -0.036199 0.007835
v 0.018098 -0.013949 0.007865
v 0.012678 -0.027639 0.008365
v 0.058878 -0.044989 0.008305
v 0.058878 -0.044989 0.007595
v 0.058358 -0.046709 0.007825
v 0.060188 -0.047279 0.007825
v 0.060558 -0.045729 0.007825
v 0.060778 -0.038839 0.007455
v 0.062038 -0.039389 0.007855
v 0.060778 -0.038839 0.008545
v 0.061048 -0.037609 0.008565
v 0.061048 -0.037629 0.007455
v 0.061508 -0.036249 0.007855
v 0.062388 -0.037919 0.007855
v 0.060778 -0.038839 0.007465
v 0.061048 -0.037629 0.007445
v 0.024338 -0.036219 0.007835
v 0.058938 -0.045019 0.007595
v 0.058408 -0.046729 0.007825
v 0.025308 -0.032689 0.007535
v 0.025308 -0.032689 0.008385
v 0.058938 -0.045019 0.008305
vn -0.2329 -0.1336 0.9633
vn -0.1928 -0.2039 0.9598
vn -0.2582 -0.1192 0.9587
vn -0.0000 -0.2255 0.9742
vn 0.0004 -0.2252 0.9743
vn 0.0002 -0.2252 0.9743
vn 0.0003 -0.2251 0.9743
vn -0.6431 -0.0910 0.7603
vn -0.6325 -0.0865 0.7697
vn -0.5959 -0.0715 0.7999
vn -0.5841 -0.0668 0.8089
vn -0.4064 -0.4836 0.7752
vn -0.6462 -0.6168 0.4494
vn -0.4467 -0.5089 0.7359
vn -0.6868 -0.6323 0.3584
vn 0.0001 -0.9501 0.3119
vn 0.0001 -0.9502 0.3117
vn 0.0001 -0.9502 0.3115
vn 0.2586 -0.1192 0.9586
vn 0.2884 -0.0779 0.9543
vn 0.3053 -0.1021 0.9468
vn 0.2333 -0.1335 0.9632
vn 0.1929 -0.2036 0.9599
vn 0.5965 -0.0715 0.7995
vn 0.6330 -0.0864 0.7693
vn 0.6436 -0.0908 0.7599
vn 0.5848 -0.0668 0.8084
vn 0.4472 -0.5089 0.7355
vn 0.6467 -0.6168 0.4488
vn 0.4068 -0.4835 0.7751
vn 0.6872 -0.6323 0.3577
vn 0.0087 -0.0018 1.0000
vn 0.0055 -0.0067 1.0000
vn 0.0107 -0.0013 0.9999
vn -0.0000 -0.0104 0.9999
vn 0.0094 0.0011 1.0000
vn 0.0098 0.0006 1.0000
vn 0.0003 0.0027 1.0000
vn 0.0005 -0.0858 0.9963
vn 0.0003 0.0265 0.9996
vn 0.0004 -0.0858 0.9963
vn 0.0003 0.0266 0.9996
vn 0.0003 0.1496 0.9887
vn 0.0002 0.1494 0.9888
vn 0.0003 0.0028 1.0000
vn 0.9700 -0.2431 -0.0000
vn -0.0000 -1.0000 -0.0000
vn -0.9545 -0.2983 -0.0000
vn -0.0103 -0.0012 0.9999
vn -0.0049 -0.0066 1.0000
vn -0.0084 -0.0019 1.0000
vn 0.0004 -0.0107 0.9999
vn -0.0094 0.0005 1.0000
vn -0.0089 0.0010 1.0000
vn 0.9546 -0.2978 -0.0000
vn -0.0004 -0.0860 -0.9963
vn -0.0003 -0.0862 -0.9963
vn -0.0000 -0.0863 -0.9963
vn -0.0004 -0.0455 -0.9990
vn -0.0003 -0.0456 -0.9990
vn -0.0001 -0.0456 -0.9990
vn -0.0002 -0.0455 -0.9990
vn 0.4323 -0.0788 -0.8983
vn 0.5815 -0.1068 -0.8065
vn 0.5547 -0.0969 -0.8264
vn 0.4151 -0.0744 -0.9067
vn 0.4137 -0.1023 -0.9047
vn -0.0000 -0.0000 -1.0000
vn -0.0000 -0.0456 -0.9990
vn -0.5551 -0.0970 -0.8261
vn -0.5817 -0.1069 -0.8064
vn -0.4329 -0.0789 -0.8980
vn -0.4157 -0.0746 -0.9065
vn -0.4142 -0.1024 -0.9044
vn -0.9700 -0.2432 -0.0000
vn 0.9700 -0.2430 -0.0000
vn 0.9933 -0.1152 -0.0000
vn 0.9925 -0.1223 -0.0000
vn 1.0000 0.0001 -0.0005
vn 1.0000 0.0001 -0.0006
vn -0.9925 -0.1226 -0.0000
vn -0.9933 -0.1154 -0.0000
vn -1.0000 -0.0001 0.0005
vn -0.0003 0.0002 -1.0000
vn -0.0000 1.0000 -0.0000
vn 0.8220 -0.5695 0.0042
vn 0.8266 -0.5626 0.0091
vn 0.8238 -0.5669 0.0060
vn 0.8189 -0.5739 0.0009
vn -0.8221 -0.5693 0.0064
vn -0.8267 -0.5627 0.0012
vn -0.8238 -0.5668 0.0045
vn -0.8194 -0.5732 0.0094
vn -0.2881 -0.0780 0.9544
vn 0.9004 0.0968 0.4242
vn 0.9205 0.1132 0.3740
vn 0.8885 0.0877 0.4504
vn 0.9278 0.1198 0.3534
vn 0.9004 0.0968 0.4241
vn -0.8712 0.0860 0.4833
vn -0.9092 0.1146 0.4002
vn -0.8855 0.0962 0.4545
vn -0.9180 0.1221 0.3773
vn -0.0000 0.9042 0.4271
vn -0.0000 0.9041 0.4273
vn -0.0001 0.9043 0.4270
vn 0.0001 0.9041 0.4274
vn 0.0002 0.1355 0.9908
vn 0.0003 0.1355 0.9908
vn 0.0003 0.1354 0.9908
vn -0.8880 0.0877 0.4513
vn -0.9203 0.1130 0.3745
vn -0.9001 0.0966 0.4248
vn -0.9277 0.1196 0.3536
vn 0.8858 0.0962 0.4540
vn 0.9094 0.1147 0.3997
vn 0.8714 0.0861 0.4830
vn 0.9183 0.1221 0.3765
vn 0.8858 0.0963 0.4540
vn 0.0001 0.9043 0.4269
vn -0.0001 0.9041 0.4272
vn -0.0001 0.9041 0.4274
vn -0.0002 -0.0000 -1.0000
vn -0.0003 0.0001 -1.0000
vn -0.0002 0.0001 -1.0000
vn 0.0002 0.1353 0.9908
vn 0.0002 0.1354 0.9908
vn 0.0001 0.1352 0.9908
vn -0.3047 -0.1022 0.9470
vn -0.8957 -0.1776 0.4076
vn -0.8318 -0.2178 0.5105
vn -0.6858 -0.1794 0.7053
vn -0.6307 -0.2166 0.7452
vn -0.8148 -0.2503 0.5230
vn -0.5505 -0.2557 0.7947
vn -0.3020 -0.1753 0.9371
vn -0.3095 -0.2013 0.9293
vn 0.0002 -0.1839 0.9830
vn 0.0005 -0.2170 0.9762
vn -0.3915 -0.2280 0.8915
vn 0.0009 -0.2467 0.9691
vn -0.8957 -0.1776 0.4075
vn -0.9600 -0.2013 0.1948
vn -0.9742 -0.1551 0.1640
vn -0.9499 -0.2166 0.2252
vn 0.6862 -0.1792 0.7050
vn 0.8623 -0.2062 0.4625
vn 0.8730 -0.1711 0.4567
vn 0.6309 -0.2166 0.7450
vn 0.5505 -0.2557 0.7947
vn 0.7743 -0.2562 0.5786
vn 0.3103 -0.2012 0.9291
vn 0.3023 -0.1754 0.9369
vn 0.3930 -0.2277 0.8909
vn 0.9624 -0.1856 0.1981
vn 0.9680 -0.1585 0.1944
vn 0.9680 -0.1585 0.1945
vn 0.7744 -0.2562 0.5785
vn 0.9500 -0.2309 0.2102
vn -0.0490 0.3564 0.9330
vn -0.0486 0.3561 0.9332
vn -0.0490 0.3563 0.9331
vn 0.0485 -0.3559 -0.9332
vn 0.0490 -0.3560 -0.9332
vn 0.0489 -0.3561 -0.9332
vn 0.0491 -0.3562 -0.9331
vn -0.0491 0.3561 0.9332
vn -0.0489 0.3562 0.9331
vn 0.8089 0.5622 -0.1721
vn 0.8089 0.5621 -0.1721
vn -0.9325 -0.3510 0.0850
vn -0.9326 -0.3509 0.0850
vn 0.9988 0.0097 0.0487
vn 0.9988 0.0098 0.0487
vn 0.1907 -0.9137 0.3588
vn 0.1907 -0.9138 0.3587
vn 0.1910 -0.9135 0.3592
vn 0.1906 -0.9138 0.3587
vn -0.4066 0.8463 -0.3442
vn -0.4067 0.8462 -0.3442
vn -0.4066 0.8462 -0.3443
vn -0.0489 0.3563 0.9331
vn -0.0492 0.3564 0.9330
vn -0.0491 0.3564 0.9330
vn -0.1450 0.7602 0.6333
vn -0.1449 0.7603 0.6332
vn -0.1448 0.7603 0.6333
vn -0.1450 0.7603 0.6332
vn -0.1448 0.7604 0.6332
vn 0.0490 -0.3562 -0.9331
vn 0.0491 -0.3563 -0.9331
vn -0.0600 0.1411 -0.9882
vn -0.0599 0.1408 -0.9882
vn -0.0599 0.1409 -0.9882
vn -0.0598 0.1408 -0.9882
vn -0.0598 0.1407 -0.9882
vn -0.9772 -0.2106 0.0291
vn -0.9771 -0.2105 0.0292
vn -0.9771 -0.2105 0.0291
vn -0.9362 0.3093 -0.1670
vn -0.9363 0.3089 -0.1671
vn -0.9363 0.3090 -0.1670
vn -0.9364 0.3087 -0.1671
vn 0.9771 0.2106 -0.0291
vn 0.9772 0.2105 -0.0291
vn 0.7148 0.6650 -0.2165
vn 0.7149 0.6649 -0.2164
vn -0.0490 0.3562 0.9331
vn -0.0490 0.3565 0.9330
vn -0.1011 0.5811 0.8076
vn -0.1011 0.5807 0.8078
vn -0.1011 0.5810 0.8076
vn -0.1011 0.5806 0.8079
vn -0.0066 -0.1068 -0.9943
vn -0.0065 -0.1071 -0.9942
vn -0.0066 -0.1069 -0.9943
vn -0.0064 -0.1072 -0.9942
vn -0.9771 -0.2106 0.0292
vn -0.9772 -0.2105 0.0291
vn -0.9771 -0.2107 0.0291
vn -0.9772 -0.2103 0.0288
vn -0.8644 0.4528 -0.2184
vn -0.8646 0.4526 -0.2184
vn -0.8645 0.4528 -0.2184
vn -0.8646 0.4525 -0.2184
vn 0.9771 0.2106 -0.0289
vn 0.9772 0.2105 -0.0290
vn 0.9773 0.2098 -0.0291
vn 0.5880 0.7654 -0.2615
vn 0.5880 0.7654 -0.2616
vn 0.5879 0.7654 -0.2616
vn 0.9847 0.0695 -0.1599
vn 0.9847 0.0692 -0.1600
vn 0.9847 0.0693 -0.1600
vn -0.9700 0.2198 0.1041
vn -0.9700 0.2199 0.1040
vn -0.9884 0.0709 0.1346
vn -0.9884 0.0710 0.1346
vn -0.9884 0.0708 0.1345
vn -0.9884 0.0708 0.1346
vn -0.9884 0.0707 0.1343
vn 0.9884 -0.0707 -0.1347
vn 0.9884 -0.0705 -0.1348
vn 0.9884 -0.0708 -0.1344
vn 0.9884 -0.0707 -0.1343
vn 0.9884 -0.0706 -0.1342
vn -0.1452 -0.1806 -0.9728
vn -0.0985 0.3746 -0.9220
vn -0.0987 0.3746 -0.9219
vn -0.0986 0.3747 -0.9219
vn 0.1419 0.1103 0.9837
vn 0.1418 0.1103 0.9837
vn 0.1416 0.1102 0.9838
vn 0.0583 -0.6413 0.7651
vn 0.0582 -0.6413 0.7650
vn 0.0584 -0.6413 0.7651
vn -0.0444 -0.9811 0.1886
vn -0.0444 -0.9810 0.1887
vn -0.0445 -0.9810 0.1887
vn -0.0443 -0.9811 0.1886
vn 0.1484 0.2542 0.9557
vn 0.1483 0.2542 0.9557
vn 0.1485 0.2540 0.9557
vn 0.1482 0.2541 0.9557
vn 0.1412 0.1035 0.9846
vn 0.1411 0.1035 0.9846
vn 0.0445 0.9810 -0.1887
vn 0.0444 0.9810 -0.1887
vn 0.0444 0.9810 -0.1888
vn -0.1318 -0.8390 -0.5280
vn -0.1319 -0.8389 -0.5281
vn -0.1317 -0.8391 -0.5278
vn -0.1317 -0.8392 -0.5276
vn 0.7003 -0.7133 0.0278
vn 0.7002 -0.7134 0.0278
vn 0.7004 -0.7132 0.0277
vn 0.7005 -0.7131 0.0276
vn 0.0669 -0.5926 0.8027
vn 0.0669 -0.5925 0.8028
vn 0.0668 -0.5923 0.8029
vn 0.0668 -0.5922 0.8030
vn -0.7214 -0.6535 0.2291
vn -0.7216 -0.6533 0.2292
vn -0.7215 -0.6534 0.2291
vn 0.1328 -0.0288 0.9907
vn 0.1328 -0.0289 0.9907
vn -0.0445 -0.9810 0.1888
vn -0.9884 0.0710 0.1344
vn 0.9884 -0.0709 -0.1345
vn -0.0484 -0.3561 -0.9332
vn -0.0485 -0.3563 -0.9331
vn 0.0486 0.3564 0.9331
vn 0.0486 0.3566 0.9330
vn 0.0486 0.3563 0.9331
vn 0.0485 0.3564 0.9331
vn -0.0485 -0.3562 -0.9331
vn -0.8089 0.5620 -0.1725
vn -0.8090 0.5620 -0.1726
vn -0.8089 0.5620 -0.1726
vn 0.9325 -0.3508 0.0856
vn 0.9325 -0.3509 0.0856
vn 0.9326 -0.3507 0.0855
vn 0.9325 -0.3508 0.0855
vn -0.9988 0.0095 0.0483
vn -0.1909 -0.9136 0.3589
vn -0.1908 -0.9137 0.3589
vn -0.1907 -0.9137 0.3588
vn -0.1907 -0.9137 0.3589
vn 0.4067 0.8462 -0.3443
vn 0.4066 0.8462 -0.3443
vn 0.4066 0.8463 -0.3443
vn -0.0486 -0.3562 -0.9331
vn -0.0485 -0.3562 -0.9332
vn -0.0481 -0.3562 -0.9332
vn -0.0483 -0.3563 -0.9331
vn -0.0483 -0.3561 -0.9332
vn 0.0604 0.1411 -0.9882
vn 0.0603 0.1413 -0.9881
vn 0.0603 0.1412 -0.9881
vn 0.0603 0.1414 -0.9881
vn 0.0485 0.3563 0.9331
vn 0.1447 0.7601 0.6335
vn 0.1445 0.7600 0.6336
vn 0.1446 0.7601 0.6336
vn 0.1446 0.7601 0.6335
vn 0.1446 0.7600 0.6336
vn 0.1445 0.7600 0.6337
vn 0.9772 -0.2104 0.0295
vn 0.9772 -0.2103 0.0294
vn 0.9772 -0.2103 0.0295
vn 0.9362 0.3093 -0.1670
vn 0.9363 0.3090 -0.1666
vn 0.9363 0.3091 -0.1667
vn 0.9364 0.3089 -0.1665
vn -0.9772 0.2104 -0.0298
vn -0.9772 0.2104 -0.0296
vn -0.9772 0.2104 -0.0297
vn -0.9772 0.2104 -0.0295
vn -0.7147 0.6650 -0.2166
vn -0.7148 0.6649 -0.2166
vn -0.7148 0.6650 -0.2166
vn -0.7149 0.6649 -0.2166
vn -0.0486 -0.3564 -0.9331
vn 0.0070 -0.1067 -0.9943
vn 0.0070 -0.1073 -0.9942
vn 0.0069 -0.1070 -0.9942
vn 0.0484 0.3563 0.9331
vn 0.0479 0.3564 0.9331
vn 0.1007 0.5812 0.8075
vn 0.1006 0.5809 0.8078
vn 0.1007 0.5811 0.8076
vn 0.1006 0.5807 0.8079
vn 0.9771 -0.2105 0.0296
vn 0.9772 -0.2105 0.0297
vn 0.9772 -0.2104 0.0296
vn 0.9772 -0.2103 0.0298
vn 0.8645 0.4531 -0.2178
vn 0.8646 0.4529 -0.2176
vn 0.8645 0.4530 -0.2177
vn 0.8647 0.4528 -0.2175
vn -0.9772 0.2103 -0.0297
vn -0.9772 0.2102 -0.0295
vn -0.9772 0.2102 -0.0293
vn -0.9772 0.2103 -0.0293
vn -0.5880 0.7654 -0.2615
vn -0.5880 0.7654 -0.2616
vn -0.5879 0.7655 -0.2616
vn -0.9796 0.0900 -0.1795
vn -0.9797 0.0899 -0.1793
vn -0.9796 0.0899 -0.1795
vn -0.9797 0.0897 -0.1795
vn 0.9648 0.2041 0.1659
vn 0.9648 0.2042 0.1658
vn 0.9648 0.2043 0.1658
vn 0.9832 0.0523 0.1750
vn 0.9831 0.0525 0.1751
vn 0.9832 0.0524 0.1748
vn 0.9833 0.0524 0.1745
vn 0.9832 0.0521 0.1749
vn -0.9832 -0.0521 -0.1747
vn -0.9832 -0.0523 -0.1749
vn -0.9832 -0.0525 -0.1750
vn -0.9833 -0.0524 -0.1745
vn -0.9832 -0.0524 -0.1746
vn 0.1767 -0.0359 -0.9836
vn 0.1768 -0.0360 -0.9836
vn 0.1770 -0.0360 -0.9836
vn 0.1770 -0.0360 -0.9835
vn 0.1248 0.5055 -0.8537
vn 0.1248 0.5055 -0.8538
vn -0.1730 -0.0351 0.9843
vn -0.1731 -0.0348 0.9843
vn -0.1731 -0.0350 0.9843
vn -0.1732 -0.0349 0.9843
vn -0.0776 -0.7464 0.6609
vn -0.0777 -0.7464 0.6609
vn -0.0776 -0.7465 0.6609
vn 0.0451 -0.9980 0.0447
vn 0.0451 -0.9980 0.0448
vn -0.1797 0.1115 0.9774
vn -0.1797 0.1114 0.9774
vn -0.1796 0.1114 0.9774
vn -0.1796 0.1113 0.9774
vn -0.1726 -0.0420 0.9841
vn -0.1727 -0.0418 0.9841
vn -0.1729 -0.0418 0.9841
vn -0.1730 -0.0419 0.9840
vn -0.0452 0.9980 -0.0448
vn -0.0451 0.9980 -0.0448
vn 0.1538 -0.7526 -0.6402
vn 0.1539 -0.7524 -0.6404
vn 0.1538 -0.7525 -0.6404
vn 0.1536 -0.7528 -0.6401
vn -0.6961 -0.7110 -0.0991
vn -0.6960 -0.7112 -0.0990
vn -0.6962 -0.7110 -0.0991
vn -0.0878 -0.7035 0.7053
vn -0.0878 -0.7037 0.7051
vn -0.0880 -0.7037 0.7051
vn -0.0878 -0.7034 0.7054
vn 0.7183 -0.6784 0.1540
vn 0.7184 -0.6783 0.1541
vn 0.7183 -0.6785 0.1540
vn 0.7185 -0.6783 0.1541
vn -0.1638 -0.1735 0.9711
vn -0.1635 -0.1737 0.9711
vn 0.0452 -0.9980 0.0447
vn 0.9832 0.0525 0.1748
vn -0.9832 -0.0526 -0.1747
vn -0.9309 0.3168 -0.1816
vn -0.9744 0.1437 -0.1731
vn -0.9779 0.1048 -0.1810
vn -0.9470 0.2519 -0.1992
vn 0.9777 0.1552 0.1416
vn 0.9694 0.1918 0.1535
vn 0.8816 0.4574 0.1168
vn 0.9148 0.3899 0.1054
vn -0.9728 -0.1611 -0.1666
vn -0.9772 -0.1324 -0.1660
vn -0.9539 -0.2493 -0.1672
vn -0.9539 -0.2491 -0.1672
vn 0.9800 -0.1244 0.1556
vn 0.9807 -0.1093 0.1622
vn 0.9819 -0.1063 0.1567
vn 0.9800 -0.1242 0.1555
vn 0.9800 -0.1243 0.1556
vn -0.1655 0.0241 0.9859
vn -0.1685 0.0935 0.9813
vn -0.1653 0.0195 0.9861
vn -0.1686 0.0938 0.9812
vn -0.1532 -0.1667 0.9740
vn -0.1419 -0.2912 0.9461
vn -0.1539 -0.1580 0.9754
vn -0.1419 -0.2913 0.9461
vn 0.1613 0.0487 -0.9857
vn 0.1619 0.0400 -0.9860
vn 0.1541 0.1544 -0.9759
vn 0.1542 0.1543 -0.9759
vn 0.1697 -0.1401 -0.9755
vn 0.1696 -0.1337 -0.9764
vn 0.1717 -0.2319 -0.9575
vn 0.1718 -0.2320 -0.9574
vn -0.0296 0.9896 -0.1407
vn -0.0297 0.9896 -0.1407
vn -0.0296 0.9896 -0.1406
vn 0.6538 0.2763 0.7044
vn 0.6538 0.3195 0.6859
vn 0.5786 0.5195 0.6288
vn -0.8862 0.0563 0.4599
vn -0.8767 0.0259 0.4803
vn -0.8715 0.1940 0.4505
vn -0.8700 0.2372 0.4323
vn 0.6668 0.1086 0.7373
vn 0.6791 0.1403 0.7205
vn -0.8020 0.4442 0.3993
vn -0.0589 0.9977 0.0325
vn 0.9117 0.0664 -0.4055
vn 0.1006 0.0379 -0.9942
vn 0.2225 0.0442 -0.9739
vn 0.9545 0.0655 -0.2908
vn -0.7336 -0.0212 -0.6792
vn -0.8108 -0.0290 -0.5846
vn -0.9545 -0.0657 0.2908
vn -0.9117 -0.0670 0.4054
vn -0.2225 -0.0446 0.9739
vn -0.1007 -0.0377 0.9942
vn 0.7335 0.0216 0.6794
vn 0.8107 0.0291 0.5847
vn -0.8323 0.0645 -0.5505
vn -0.3605 0.0940 -0.9280
vn -0.3604 0.0940 -0.9280
vn -0.7243 0.0760 -0.6853
vn -0.9607 0.0281 0.2762
vn -0.8987 0.0261 0.4377
vn -0.6387 0.0180 0.7693
vn -0.6386 0.0180 0.7693
vn 0.7013 0.1116 0.7041
vn 0.3501 0.0710 0.9340
vn 0.3503 0.0709 0.9340
vn 0.8116 0.1229 0.5711
vn 0.9541 0.1600 -0.2533
vn 0.8947 0.1625 -0.4160
vn 0.6288 0.1467 -0.7636
vn 0.6290 0.1468 -0.7634
vn 0.6771 -0.0273 0.7354
vn -0.8717 -0.1104 0.4775
vn 0.7864 0.0758 0.6130
vn 0.7674 0.0252 0.6407
vn 0.9501 0.0660 -0.3050
vn 0.9433 0.1184 -0.3100
vn -0.0589 0.9977 0.0324
vn 0.0587 -0.9977 -0.0325
vn 0.0587 -0.9978 -0.0324
vn 0.0587 -0.9977 -0.0326
vn 0.0589 -0.9977 -0.0327
vn -0.7677 -0.0244 -0.6403
vn -0.8153 0.0234 -0.5785
vn -0.3894 0.0553 -0.9194
vn -0.3924 0.0069 -0.9198
vn -0.9501 -0.0660 0.3049
vn -0.9360 -0.0170 0.3517
vn -0.6646 -0.0633 0.7445
vn -0.6549 -0.0132 0.7556
vn 0.3741 0.0390 0.9266
vn 0.3923 -0.0053 0.9198
vn 0.7636 0.1302 0.6324
vn 0.8919 0.1747 -0.4171
vn 0.6654 0.0635 -0.7438
vn 0.6573 0.1137 -0.7450
vn 0.6266 0.1648 -0.7617
vn -0.7223 0.0882 -0.6859
vn -0.3606 0.1118 -0.9260
vn -0.9362 0.0392 0.3494
vn -0.6389 0.0337 0.7685
vn 0.3491 0.0867 0.9331
vn -0.1513 -0.1931 0.9695
vn 0.0071 -0.9637 0.2669
vn -0.1710 0.1759 0.9694
vn -0.0152 0.9748 -0.2226
vn -0.0151 0.9748 -0.2225
vn -0.0156 0.9748 -0.2226
vn -0.0156 0.9748 -0.2225
vn -0.1678 0.4783 0.8620
vn -0.9767 -0.0738 -0.2014
vn -0.9871 -0.0886 -0.1332
vn -0.9825 -0.0977 -0.1588
vn -0.9770 -0.0673 -0.2023
vn -0.9850 -0.0528 -0.1641
vn -0.9798 -0.0711 -0.1870
vn 0.9474 -0.0568 0.3148
vn 0.9821 0.0017 0.1882
vn 0.9916 0.0316 0.1252
vn 0.9888 0.0429 0.1427
vn 0.9850 0.0528 0.1641
vn 0.9859 0.0332 0.1638
vn 0.8489 -0.5280 0.0230
vn 0.8413 -0.5404 0.0147
vn 0.8361 -0.5485 0.0088
vn -0.7022 0.1984 0.6838
vn -0.6526 0.1645 0.7396
vn -0.6352 0.1530 0.7570
vn -0.0525 0.1636 0.9851
vn -0.2027 0.1231 0.9715
vn -0.1759 0.1183 0.9773
vn 0.1764 0.1183 0.9772
vn 0.2032 0.1231 0.9714
vn 0.0458 0.1635 0.9855
vn 0.3079 0.0629 0.9493
vn 0.0002 0.1624 0.9867
vn 0.0006 0.1626 0.9867
vn -0.0023 0.0052 -1.0000
vn -0.0014 0.0066 -1.0000
vn -0.0003 -0.0000 -1.0000
vn -0.5017 0.6496 0.5712
vn -0.4966 0.6472 0.5783
vn -0.4861 0.6423 0.5926
vn -0.4814 0.6400 0.5989
vn 0.0001 0.8081 0.5891
vn -0.0000 0.8083 0.5887
vn 0.7063 0.1953 0.6804
vn 0.6665 0.1674 0.7265
vn 0.7186 0.2041 0.6648
vn 0.6525 0.1580 0.7411
vn 0.4861 0.6423 0.5925
vn 0.4968 0.6473 0.5781
vn 0.5020 0.6497 0.5709
vn 0.4815 0.6401 0.5986
vn -0.3075 0.0628 0.9495
vn -0.0003 0.0083 -1.0000
vn -0.0122 0.0162 -0.9998
vn -0.0134 0.0139 -0.9998
vn -0.7168 0.2088 0.6652
vn -0.0045 0.0209 -0.9998
vn -0.0089 0.0431 -0.9990
vn 0.8277 -0.5612 -0.0001
vn -0.8276 -0.5613 0.0001
vn -0.8413 -0.5403 0.0149
vn -0.8361 -0.5485 0.0091
vn -0.8489 -0.5280 0.0234
vn 0.0001 -1.0000 0.0002
vn 0.0001 -1.0000 -0.0000
vn -0.0398 0.0306 -0.9987
vn -0.0210 0.0514 -0.9985
vn -0.3630 0.1255 -0.9233
vn -0.3051 0.1033 -0.9467
vn 1.0000 -0.0000 -0.0003
vn 1.0000 -0.0000 -0.0000
vn 1.0000 -0.0000 -0.0005
vn -0.7267 0.2066 -0.6551
vn -0.6049 0.1363 -0.7845
vn 0.2904 0.1021 -0.9514
vn 0.0206 0.0513 -0.9985
vn 0.3578 0.1285 -0.9249
vn 0.0393 0.0305 -0.9988
vn -1.0000 -0.0001 -0.0000
vn -1.0000 -0.0001 0.0001
vn -1.0000 -0.0000 0.0004
vn -1.0000 -0.0000 0.0005
vn 0.0001 -1.0000 -0.0001
vn -0.0000 -1.0000 -0.0001
vn 0.5842 0.1366 -0.8000
vn 0.5842 0.1367 -0.8000
vn 0.3579 0.1284 -0.9249
vn 0.7243 0.2151 -0.6551
vn -0.9782 -0.0257 -0.2059
vn -0.8912 -0.0184 -0.4532
vn -0.9132 -0.0313 -0.4063
vn -0.9950 -0.0450 -0.0893
vn -0.9513 -0.0394 0.3058
vn -0.8847 -0.0769 0.4598
vn -0.8164 -0.0529 0.5751
vn -0.7133 -0.1031 0.6932
vn -0.1657 -0.0066 -0.9862
vn -0.0003 -0.0200 -0.9998
vn -0.2215 -0.0263 -0.9748
vn -0.0004 -0.0000 -1.0000
vn -0.3711 -0.1107 0.9220
vn -0.3166 -0.1230 0.9405
vn 0.0002 -0.1211 0.9926
vn -0.0001 -0.1319 0.9913
vn 0.9130 -0.0312 -0.4068
vn 0.8909 -0.0183 -0.4537
vn 0.9781 -0.0258 -0.2064
vn 0.9950 -0.0448 -0.0898
vn 0.8849 -0.0767 0.4594
vn 0.9514 -0.0395 0.3054
vn 0.8166 -0.0527 0.5748
vn 0.7136 -0.1030 0.6930
vn 0.2210 -0.0262 -0.9749
vn -0.0002 -0.0200 -0.9998
vn 0.1652 -0.0067 -0.9862
vn 0.3166 -0.1230 0.9405
vn 0.3715 -0.1106 0.9218
vn 0.9990 0.0335 0.0313
vn 0.9987 0.0485 -0.0185
vn 0.9993 0.0364 0.0125
vn 0.9986 0.0489 -0.0215
vn 0.9951 0.0535 -0.0835
vn 0.9953 0.0627 -0.0733
vn 0.9982 0.0036 0.0602
vn -0.0001 -0.9982 0.0602
vn -0.0001 -0.9982 0.0603
vn -0.0002 -0.9982 0.0606
vn -0.0002 -0.9982 0.0605
vn -0.0000 -0.9982 0.0601
vn -0.0000 -0.9982 0.0602
vn -0.9828 0.1570 0.0971
vn -0.9977 0.0652 0.0195
vn -0.9926 0.0738 0.0963
vn -0.9998 0.0214 -0.0050
vn -0.9946 0.0063 0.1037
vn -0.9940 0.0142 -0.1081
vn -0.9949 0.0262 -0.0971
vn -0.1434 0.8696 -0.4725
vn -0.0999 0.9233 -0.3708
vn -0.1164 0.7622 -0.6368
vn -0.1453 0.6480 -0.7477
vn -0.1505 0.4577 -0.8763
vn -0.1836 0.4388 -0.8796
vn -0.0111 0.0204 -0.9997
vn -0.0100 0.0224 -0.9997
vn -0.0122 0.0179 -0.9998
vn -0.0003 0.0787 0.9969
vn -0.0000 0.0603 0.9982
vn -0.0027 0.0836 0.9965
vn -0.0138 0.0965 0.9952
vn -0.0089 0.0993 0.9950
vn -0.0089 0.0247 -0.9997
vn -0.8323 -0.2450 -0.4973
vn -0.4669 -0.2235 -0.8556
vn -0.8699 -0.4932 -0.0031
vn -0.8052 -0.2595 0.5332
vn -0.4673 -0.2333 0.8527
vn -0.4575 0.0012 -0.8892
vn -0.8700 0.0684 -0.4883
vn -0.8842 0.0528 0.4640
vn -0.4583 -0.0091 0.8888
vn -0.7723 0.3888 -0.5023
vn -0.4988 0.4100 -0.7636
vn -0.7729 0.3827 0.5062
vn -0.5006 0.4008 0.7673
vn -0.8944 0.4472 0.0023
vn -0.9333 0.3590 0.0018
vn 0.9842 0.0374 -0.1729
vn 0.9648 0.1752 -0.1959
vn 0.9982 -0.0174 -0.0567
vn 0.9205 0.2479 -0.3019
vn 0.8625 0.3579 -0.3579
vn 0.8987 0.3407 -0.2760
vn -0.9066 -0.4199 0.0425
vn -0.9672 -0.2353 -0.0961
vn -0.9217 -0.3789 -0.0827
vn -0.9640 -0.1617 -0.2110
vn -0.9830 -0.0557 -0.1751
vn -0.9617 -0.0331 -0.2721
vn 0.9921 0.0497 0.1153
vn 0.9696 0.2433 0.0274
vn 0.9608 0.0966 0.2600
vn 0.9608 0.0965 0.2599
vn 0.9405 0.3012 0.1572
vn 0.9077 0.4146 -0.0648
vn 0.8658 0.4942 0.0781
vn -0.8886 -0.2995 0.3473
vn -0.9773 -0.1676 0.1300
vn -0.9108 -0.3517 0.2160
vn -0.9633 -0.1057 0.2469
vn -0.9813 0.1003 0.1644
vn -0.9993 0.0126 0.0360
vn 0.0997 -0.6740 -0.7319
vn -0.0659 0.0450 -0.9968
vn -0.1336 0.3917 -0.9104
vn 0.0944 -0.6542 -0.7504
vn 0.1425 -0.8273 -0.5434
vn 0.1426 -0.8273 -0.5433
vn -0.2022 0.8230 -0.5308
vn -0.2017 0.8188 -0.5376
vn -0.2118 0.9494 -0.2320
vn -0.2118 0.9490 -0.2333
vn -0.2032 0.9786 0.0313
vn -0.2030 0.9787 0.0312
vn 0.2115 -0.9256 0.3139
vn 0.2119 -0.9420 0.2601
vn 0.2119 -0.9421 0.2601
vn 0.2115 -0.9263 0.3117
vn 0.1770 -0.6461 0.7424
vn 0.1771 -0.6461 0.7424
vn 0.1993 -0.7998 0.5661
vn 0.1993 -0.7999 0.5661
vn 0.1992 -0.7993 0.5670
vn -0.9494 -0.2828 0.1364
vn -0.9638 -0.2474 0.0994
vn -0.9610 -0.2549 0.1072
vn -0.9494 -0.2830 0.1363
vn 0.9644 -0.0642 -0.2566
vn 0.9138 0.3651 0.1779
vn 0.9379 0.2863 0.1960
vn 0.9689 -0.1275 -0.2120
vn 0.9974 -0.0218 -0.0684
vn 0.8308 -0.3577 -0.4264
vn -0.5519 -0.7366 -0.3909
vn -0.8669 -0.4960 0.0503
vn -0.7232 -0.6630 -0.1934
vn -0.9460 0.2492 0.2072
vn -0.9795 0.1995 0.0279
vn -0.9375 -0.1300 -0.3229
vn -0.7882 -0.4226 -0.4473
vn -0.8030 0.3640 0.4719
vn 0.7788 0.4758 0.4088
vn 0.9712 0.1935 0.1394
vn -0.9219 -0.2306 0.3113
vn -0.7817 0.1938 0.5928
vn -0.8838 -0.0362 0.4665
vn 0.9347 0.2167 -0.2819
vn 0.9046 0.4229 0.0533
vn 0.9509 0.0418 -0.3068
vn 0.8983 0.4369 -0.0467
vn 0.7788 0.5595 0.2836
vn -0.6179 -0.5827 -0.5279
vn 0.8389 -0.2950 -0.4574
vn 0.8640 -0.1774 -0.4712
vn -0.8043 0.2466 0.5407
vn -0.8009 0.2486 0.5447
vn 0.7932 0.4974 0.3514
vn -0.5643 -0.6872 -0.4574
vn -0.5608 -0.6930 -0.4531
vn 0.6835 0.6081 0.4037
vn 0.6599 0.6150 0.4316
vn 0.6711 0.6118 0.4187
vn 0.6933 0.6050 0.3916
vn -0.7096 -0.6598 -0.2471
vn -0.7356 -0.5960 -0.3219
vn -0.7306 -0.6018 -0.3226
vn -0.7335 -0.5558 -0.3911
vn -0.7256 -0.5579 -0.4027
vn -0.1840 0.6915 -0.6986
vn -0.1840 0.6915 -0.6985
vn -0.1839 0.6915 -0.6986
vn 0.2048 -0.9788 0.0028
vn 0.2089 -0.8887 0.4081
vn 0.2087 -0.8888 0.4080
vn 0.2044 -0.9789 -0.0049
vn 0.0363 -0.4174 -0.9080
vn 0.0365 -0.4173 -0.9080
vn 0.0363 -0.4173 -0.9080
vn 0.1196 -0.7477 -0.6531
vn 0.1466 -0.8412 -0.5204
vn 0.1192 -0.7462 -0.6550
vn 0.1456 -0.8380 -0.5258
vn 0.1121 -0.7198 -0.6851
vn -0.0538 0.4911 0.8694
vn -0.0853 0.6183 0.7813
vn -0.0885 0.6310 0.7707
vn -0.0458 0.4576 0.8880
vn -0.1007 0.6775 0.7286
vn -0.1013 0.6774 0.7286
vn -0.1633 0.8935 0.4183
vn -0.1634 0.8935 0.4182
vn -0.1634 0.8936 0.4182
vn -0.1633 0.8935 0.4182
vn -0.0260 0.3742 0.9270
vn -0.0262 0.3745 0.9269
vn -0.9737 -0.2175 0.0685
vn -0.9736 -0.2175 0.0688
vn 0.1059 -0.6978 -0.7084
vn 0.1053 -0.6979 -0.7084
vn 0.1056 -0.6979 -0.7083
vn 0.1056 -0.6980 -0.7083
vn -0.6565 0.3615 0.6621
vn -0.6542 0.4373 0.6171
vn -0.9782 -0.0647 0.1972
vn 0.4123 0.6298 0.6583
vn 0.5917 0.6430 0.4863
vn 0.4111 0.7552 0.5106
vn 0.9344 0.3485 0.0738
vn -0.9805 -0.0397 0.1923
vn -0.6855 0.4868 0.5413
vn 0.9418 0.3268 0.0784
vn -0.6856 0.4867 0.5414
vn 0.0085 0.1810 -0.9834
vn -0.0819 0.1236 -0.9889
vn -0.1039 0.1939 -0.9755
vn -0.1891 0.1379 -0.9722
vn 0.1573 0.2712 -0.9496
vn -0.1039 0.1938 -0.9755
vn -0.3730 0.1591 -0.9141
vn -0.9993 0.0364 0.0125
vn -0.9987 0.0485 -0.0185
vn -0.9990 0.0335 0.0313
vn -0.9986 0.0489 -0.0215
vn -0.9951 0.0535 -0.0835
vn -0.9953 0.0627 -0.0733
vn -0.9982 0.0036 0.0602
vn 0.0002 -0.9982 0.0606
vn 0.0001 -0.9982 0.0603
vn 0.0001 -0.9982 0.0602
vn 0.0002 -0.9982 0.0605
vn 0.9926 0.0738 0.0963
vn 0.9977 0.0652 0.0195
vn 0.9828 0.1570 0.0971
vn 0.9946 0.0063 0.1037
vn 0.9998 0.0214 -0.0050
vn 0.9949 0.0261 -0.0971
vn 0.9940 0.0142 -0.1081
vn 0.1164 0.7622 -0.6368
vn 0.0999 0.9233 -0.3708
vn 0.1434 0.8696 -0.4725
vn 0.1453 0.6480 -0.7477
vn 0.1505 0.4577 -0.8763
vn 0.1838 0.4389 -0.8795
vn 0.0122 0.0179 -0.9998
vn 0.0100 0.0224 -0.9997
vn 0.0111 0.0204 -0.9997
vn 0.0027 0.0836 0.9965
vn 0.0003 0.0787 0.9969
vn 0.0089 0.0993 0.9950
vn 0.0138 0.0965 0.9952
vn 0.0089 0.0247 -0.9997
vn 0.8699 -0.4932 -0.0031
vn 0.4669 -0.2235 -0.8556
vn 0.8323 -0.2450 -0.4973
vn 0.8052 -0.2595 0.5332
vn 0.4673 -0.2333 0.8527
vn 0.4575 0.0012 -0.8892
vn 0.8700 0.0684 -0.4883
vn 0.8842 0.0528 0.4640
vn 0.4583 -0.0091 0.8888
vn 0.7723 0.3888 -0.5023
vn 0.4988 0.4100 -0.7636
vn 0.7729 0.3827 0.5062
vn 0.5006 0.4008 0.7673
vn 0.8944 0.4472 0.0023
vn 0.9333 0.3590 0.0018
vn -0.9982 -0.0174 -0.0567
vn -0.9648 0.1752 -0.1959
vn -0.9842 0.0374 -0.1729
vn -0.9205 0.2479 -0.3019
vn -0.8987 0.3407 -0.2760
vn -0.8625 0.3579 -0.3579
vn 0.9217 -0.3789 -0.0827
vn 0.9672 -0.2353 -0.0961
vn 0.9066 -0.4199 0.0425
vn 0.9640 -0.1617 -0.2110
vn 0.9617 -0.0331 -0.2721
vn 0.9830 -0.0557 -0.1751
vn -0.9608 0.0967 0.2599
vn -0.9696 0.2433 0.0274
vn -0.9921 0.0497 0.1153
vn -0.9405 0.3012 0.1572
vn -0.8659 0.4942 0.0780
vn -0.9077 0.4146 -0.0648
vn 0.9108 -0.3517 0.2160
vn 0.9773 -0.1676 0.1300
vn 0.8886 -0.2995 0.3474
vn 0.8886 -0.2995 0.3473
vn 0.9633 -0.1057 0.2469
vn 0.9993 0.0126 0.0360
vn 0.9813 0.1003 0.1644
vn 0.1336 0.3917 -0.9104
vn 0.0660 0.0450 -0.9968
vn -0.0997 -0.6740 -0.7319
vn -0.0944 -0.6542 -0.7504
vn -0.1426 -0.8273 -0.5433
vn -0.1425 -0.8273 -0.5434
vn 0.2017 0.8188 -0.5376
vn 0.2022 0.8230 -0.5308
vn 0.2031 0.9787 0.0312
vn 0.2118 0.9490 -0.2333
vn 0.2118 0.9494 -0.2320
vn 0.2032 0.9786 0.0313
vn 0.2030 0.9787 0.0311
vn -0.2119 -0.9421 0.2598
vn -0.2118 -0.9421 0.2601
vn -0.2115 -0.9256 0.3139
vn -0.2115 -0.9263 0.3117
vn -0.1993 -0.7999 0.5661
vn -0.1771 -0.6461 0.7424
vn -0.1992 -0.7993 0.5670
vn 0.9610 -0.2547 0.1076
vn 0.9638 -0.2472 0.0998
vn 0.9495 -0.2823 0.1368
vn 0.9495 -0.2823 0.1369
vn -0.9380 0.2862 0.1956
vn -0.9139 0.3650 0.1775
vn -0.9643 -0.0645 -0.2570
vn -0.9688 -0.1279 -0.2124
vn -0.8304 -0.3581 -0.4267
vn -0.9974 -0.0220 -0.0688
vn 0.7234 -0.6629 -0.1930
vn 0.8670 -0.4958 0.0508
vn 0.5522 -0.7365 -0.3907
vn 0.9376 -0.1299 -0.3225
vn 0.9794 0.1998 0.0283
vn 0.9458 0.2495 0.2077
vn 0.7885 -0.4225 -0.4470
vn 0.8026 0.3643 0.4723
vn -0.9713 0.1933 0.1389
vn -0.7790 0.4757 0.4086
vn 0.8836 -0.0359 0.4669
vn 0.7815 0.1940 0.5930
vn 0.9219 -0.2303 0.3116
vn -0.9508 0.0416 -0.3071
vn -0.9048 0.4226 0.0528
vn -0.9346 0.2164 -0.2823
vn -0.8985 0.4365 -0.0471
vn -0.7792 0.5593 0.2830
vn 0.6182 -0.5826 -0.5276
vn -0.8386 -0.2953 -0.4578
vn -0.8638 -0.1775 -0.4716
vn 0.8006 0.2489 0.5451
vn 0.8039 0.2468 0.5411
vn -0.7934 0.4972 0.3511
vn 0.5648 -0.6872 -0.4570
vn 0.5612 -0.6929 -0.4527
vn -0.6715 0.6117 0.4183
vn -0.6603 0.6147 0.4314
vn -0.6839 0.6080 0.4033
vn -0.6938 0.6047 0.3910
vn 0.7309 -0.6017 -0.3222
vn 0.7360 -0.5958 -0.3215
vn 0.7099 -0.6597 -0.2467
vn 0.7339 -0.5557 -0.3907
vn 0.7262 -0.5576 -0.4022
vn 0.1842 0.6914 -0.6986
vn -0.2087 -0.8888 0.4080
vn -0.2086 -0.8889 0.4079
vn -0.2046 -0.9788 0.0029
vn -0.2042 -0.9789 -0.0048
vn -0.0356 -0.4175 -0.9080
vn -0.0357 -0.4175 -0.9080
vn -0.0355 -0.4175 -0.9080
vn -0.1188 -0.7463 -0.6550
vn -0.1463 -0.8413 -0.5204
vn -0.1192 -0.7478 -0.6531
vn -0.1453 -0.8381 -0.5258
vn -0.1112 -0.7201 -0.6849
vn 0.0882 0.6311 0.7707
vn 0.0849 0.6184 0.7813
vn 0.0534 0.4912 0.8694
vn 0.0453 0.4577 0.8879
vn 0.1003 0.6776 0.7285
vn 0.1629 0.8936 0.4183
vn 0.1629 0.8936 0.4182
vn 0.1628 0.8936 0.4183
vn 0.0258 0.3744 0.9269
vn 0.0257 0.3744 0.9269
vn 0.9736 -0.2174 0.0690
vn 0.9736 -0.2175 0.0690
vn -0.1053 -0.6979 -0.7084
vn -0.1057 -0.6980 -0.7083
vn -0.1057 -0.6979 -0.7083
vn -0.1056 -0.6979 -0.7083
vn -0.1057 -0.6979 -0.7084
vn 0.9782 -0.0647 0.1973
vn 0.6541 0.4373 0.6171
vn 0.6565 0.3615 0.6621
vn -0.5917 0.6430 0.4863
vn -0.4124 0.6294 0.6586
vn -0.9344 0.3484 0.0738
vn -0.4111 0.7552 0.5106
vn 0.6856 0.4868 0.5413
vn 0.6542 0.4373 0.6171
vn 0.9805 -0.0397 0.1923
vn 0.9782 -0.0647 0.1972
vn -0.9418 0.3268 0.0784
vn -0.4111 0.7552 0.5105
vn 0.1040 0.1938 -0.9755
vn 0.0819 0.1236 -0.9889
vn -0.0084 0.1810 -0.9834
vn 0.1891 0.1379 -0.9722
vn 0.1039 0.1939 -0.9755
vn -0.0085 0.1810 -0.9834
vn -0.1573 0.2712 -0.9496
vn 0.3730 0.1592 -0.9141
vn -0.9868 0.1115 0.1178
vn -0.9886 0.1389 0.0585
vn -0.9087 0.3320 0.2532
vn -0.6675 0.6239 0.4065
vn -0.7117 0.5345 0.4558
vn -0.9938 0.0793 -0.0783
vn -0.9190 0.3529 0.1760
vn 0.0002 -0.7218 0.6921
vn -0.0010 -0.7246 0.6892
vn -0.0222 -0.7345 0.6782
vn -0.9763 0.1786 0.1224
vn -0.6327 0.7361 0.2405
vn -0.9280 0.2655 -0.2614
vn -0.8398 0.3973 -0.3700
vn -1.0000 0.0034 0.0038
vn -0.8422 0.4103 -0.3498
vn -0.0786 0.1584 0.9842
vn 0.0043 0.1594 0.9872
vn 0.0871 0.1578 0.9836
vn 0.0001 0.7556 -0.6550
vn 0.0002 0.7555 -0.6552
vn 0.0001 0.7556 -0.6551
vn -0.0017 0.4989 -0.8667
vn 0.1572 0.4918 -0.8564
vn -0.0016 0.4990 -0.8666
vn 0.2265 0.5140 -0.8273
vn -0.2292 0.5165 -0.8251
vn -0.1606 0.4937 -0.8547
vn -0.1554 0.1612 0.9746
vn 0.1640 0.1602 0.9734
vn -0.0035 -1.0000 0.0025
vn -0.0034 -1.0000 0.0027
vn -0.0033 -1.0000 0.0028
vn 0.0036 1.0000 -0.0025
vn 0.6739 0.4596 0.5784
vn 0.5368 0.3410 0.7718
vn 0.6907 0.7226 0.0271
vn 0.6921 0.7160 -0.0914
vn 0.6778 0.7352 0.0119
vn 0.6777 0.7352 0.0119
vn 0.6921 0.7159 -0.0915
vn 0.6730 0.7171 -0.1812
vn -1.0000 0.0033 0.0037
vn -0.9892 0.1466 0.0033
vn -1.0000 0.0033 0.0038
vn -0.9401 0.3409 0.0026
vn -0.6691 0.7430 0.0126
vn -0.6847 0.7281 0.0310
vn -0.6705 0.7418 0.0142
vn -0.6641 0.4622 0.5876
vn -0.5266 0.3428 0.7779
vn -0.0015 -0.9002 0.4355
vn -0.0045 -0.9243 -0.3815
vn -0.0023 -0.9429 0.3330
vn -0.0023 -0.9430 0.3329
vn -0.0045 -0.9243 -0.3816
vn -0.0044 -0.9249 -0.3802
vn 0.0048 0.8921 0.4519
vn 0.0053 0.7399 0.6726
vn -0.0048 -0.3839 -0.9234
vn -0.0044 -0.3848 -0.9230
vn -0.0033 0.1035 -0.9946
vn -0.0033 0.0979 -0.9952
vn -0.0029 0.2141 -0.9768
vn -0.0026 0.2139 -0.9769
vn 0.7188 0.5296 0.4504
vn 0.6749 0.6192 0.4014
vn 0.6394 0.7319 0.2358
vn 0.0036 0.9816 0.1911
vn 0.9899 0.1321 0.0512
vn 0.9937 0.0724 -0.0857
vn 0.9884 0.1047 0.1105
vn 1.0000 -0.0033 -0.0038
vn 1.0000 -0.0035 -0.0036
vn 0.9902 0.1399 -0.0042
vn 0.9424 0.3343 -0.0042
vn 0.9226 0.3468 0.1691
vn 0.9128 0.3258 0.2464
vn 0.9784 0.1717 0.1152
vn 0.6394 0.7318 0.2358
vn 0.9278 0.2592 -0.2684
vn 0.8396 0.3916 -0.3764
vn 0.8423 0.4045 -0.3563
vn -0.6926 0.6430 -0.3267
vn -0.6357 0.6353 -0.4384
vn 0.0002 -0.7051 0.7091
vn -0.0000 -0.7255 0.6882
vn 0.0042 -0.7213 0.6926
vn -1.0000 0.0034 0.0037
vn 1.0000 -0.0034 -0.0038
vn 1.0000 -0.0035 -0.0039
vn 1.0000 -0.0037 -0.0036
vn 0.0037 0.9997 0.0231
vn 0.5067 0.8619 0.0181
vn 0.6008 0.7992 0.0188
vn -0.8233 0.5668 0.0293
vn -0.5952 0.8032 0.0229
vn -0.8219 0.5684 0.0376
vn 0.8258 0.5630 0.0329
vn 0.8272 0.5614 0.0242
vn 0.0036 0.9997 0.0232
vn -0.5006 0.8654 0.0216
vn -0.6582 0.7528 -0.0000
vn -0.9619 -0.0269 -0.2719
vn -0.9235 0.0112 -0.3833
vn -0.7719 0.0631 -0.6326
vn -0.8837 0.0022 -0.4681
vn -0.2600 0.0710 -0.9630
vn -0.4591 0.0492 -0.8870
vn 0.3243 0.0795 -0.9426
vn 0.4195 0.0483 -0.9064
vn 0.7716 0.0632 -0.6330
vn 0.9234 0.0113 -0.3837
vn 0.9618 -0.0267 -0.2724
vn 0.8834 0.0023 -0.4686
vn 0.0002 0.1124 0.9937
vn 0.0001 0.1125 0.9937
vn -0.0001 -0.0000 -1.0000
vn 0.0002 0.4867 0.8736
vn -0.0161 0.4229 0.9060
vn -0.0198 0.4082 0.9127
vn -0.0035 0.4725 0.8813
vn 0.0001 0.2336 0.9723
vn -0.0086 -0.0019 1.0000
vn -0.0172 0.0056 0.9998
vn -0.0058 -0.0044 1.0000
vn 0.0009 -0.0103 0.9999
vn -0.0694 0.0633 -0.9956
vn -0.0003 0.0640 -0.9980
vn -0.0258 0.0503 -0.9984
vn -0.4360 0.1061 -0.8937
vn 0.9940 -0.0052 0.1090
vn 0.9999 0.0101 -0.0019
vn 0.9999 0.0087 0.0078
vn 0.9912 -0.0084 0.1319
vn 0.0003 0.2336 0.9723
vn 0.0201 0.4082 0.9127
vn 0.0164 0.4230 0.9060
vn -0.0000 0.4869 0.8734
vn 0.0037 0.4728 0.8812
vn 0.0064 -0.0044 1.0000
vn 0.0176 0.0055 0.9998
vn 0.0091 -0.0019 1.0000
vn -0.0004 -0.0102 0.9999
vn 0.0254 0.0503 -0.9984
vn -0.0001 0.0640 -0.9980
vn 0.0690 0.0634 -0.9956
vn 0.4358 0.1062 -0.8938
vn -0.9999 0.0086 0.0078
vn -0.9999 0.0099 -0.0018
vn -0.9941 -0.0053 0.1088
vn -0.9913 -0.0085 0.1317
vn 0.8302 0.2280 0.5088
vn 0.7551 0.1510 -0.6380
vn 0.0003 0.1124 0.9937
vn 0.8772 0.1361 0.4605
vn 0.9259 0.1542 0.3449
vn 0.9162 0.1504 0.3714
vn 0.8443 0.1252 0.5211
vn -1.0000 -0.0000 -0.0000
vn -0.9162 0.1504 0.3714
vn -0.9259 0.1542 0.3449
vn -0.8772 0.1361 0.4605
vn -0.8443 0.1252 0.5211
vn -0.8296 0.2279 0.5096
vn -0.7551 0.1508 -0.6380
vn -0.6620 0.3593 -0.6577
vn -0.9689 0.1705 -0.1794
vn -0.9723 0.1766 0.1532
vn 0.5939 0.2424 0.7672
vn 0.6864 0.1624 0.7089
vn 0.0001 0.3257 0.9455
vn 0.0002 0.3136 0.9496
vn -0.9902 0.0687 -0.1217
vn -0.9874 0.0094 -0.1579
vn -0.9880 0.0242 0.1528
vn -0.9535 0.1047 0.2825
vn -0.8520 0.1381 0.5050
vn 0.9880 0.0243 0.1523
vn 0.9873 0.0096 -0.1584
vn 0.9901 0.0689 -0.1221
vn 0.9537 0.1048 0.2820
vn 0.8523 0.1382 0.5044
vn 0.3737 -0.0165 0.9274
vn 0.4401 -0.0541 0.8963
vn 0.0004 -0.0851 0.9964
vn 0.0003 -0.0411 0.9992
vn -0.8984 -0.0000 -0.4392
vn -0.9318 0.0536 -0.3589
vn -0.8835 0.1757 0.4341
vn -0.7661 0.1706 0.6196
vn -0.9775 -0.0049 -0.2109
vn -0.9451 0.0058 0.3268
vn -0.0002 0.3923 -0.9198
vn -0.0002 0.4749 -0.8801
vn -0.1463 -0.0240 -0.9889
vn -0.1945 0.0213 -0.9807
vn -0.0003 0.0120 -0.9999
vn -0.0003 -0.0252 -0.9997
vn -0.0003 0.1445 -0.9895
vn -0.2919 0.1464 -0.9452
vn -0.0002 0.2097 -0.9778
vn -0.4101 0.1879 0.8925
vn 0.0001 0.2026 0.9793
vn 0.0002 0.2357 0.9718
vn -0.5277 0.2057 0.8241
vn 0.0003 0.7756 0.6313
vn -0.7617 0.5027 0.4088
vn 0.8982 0.0002 -0.4396
vn 0.9317 0.0537 -0.3591
vn 0.9689 0.1706 -0.1795
vn 0.9723 0.1767 0.1528
vn 0.8838 0.1759 0.4336
vn 0.7666 0.1707 0.6190
vn 0.6616 0.3594 -0.6581
vn 0.1940 0.0214 -0.9808
vn 0.1459 -0.0240 -0.9890
vn 0.2913 0.1465 -0.9453
vn 0.4103 0.1880 0.8923
vn 0.5280 0.2058 0.8239
vn 0.7620 0.5031 0.4077
vn -0.6894 0.1295 0.7127
vn -0.6752 0.1404 0.7241
vn -0.7985 0.0626 0.5988
vn -0.7616 0.0399 0.6468
vn -0.6859 0.1625 0.7093
vn -0.5935 0.2425 0.7674
vn 0.6895 0.1296 0.7126
vn 0.7620 0.0399 0.6463
vn 0.7988 0.0624 0.5983
vn 0.6752 0.1406 0.7241
vn -0.8755 0.0044 0.4833
vn -0.7348 0.1711 0.6563
vn -0.8452 0.0576 0.5313
vn -0.8913 -0.0105 -0.4533
vn 0.1162 0.9683 0.2211
vn 0.0060 0.9587 0.2844
vn 0.1104 0.9677 0.2268
vn -0.8512 0.0117 0.5247
vn -0.8363 -0.0026 0.5483
vn -0.8262 0.0060 0.5634
vn -0.0003 -0.0088 -1.0000
vn -0.1464 -0.0091 -0.9892
vn 0.9774 -0.0047 -0.2114
vn 0.8911 -0.0103 -0.4536
vn 0.9452 0.0059 0.3263
vn 0.8514 0.0118 0.5244
vn 0.8365 -0.0024 0.5480
vn 0.8264 0.0062 0.5631
vn 0.1461 -0.0090 -0.9892
vn -0.9613 -0.0983 0.2574
vn -0.8639 -0.0178 0.5033
vn -0.8992 -0.0308 0.4365
vn -0.9593 -0.1164 0.2571
vn -0.3582 -0.0099 0.9336
vn -0.4791 -0.0094 0.8777
vn -0.7145 -0.0887 0.6940
vn 0.0003 -0.1991 0.9800
vn -0.3475 -0.1222 0.9297
vn -0.7679 -0.0761 0.6360
vn 0.7149 -0.0887 0.6936
vn 0.7682 -0.0761 0.6357
vn 0.3479 -0.1222 0.9295
vn 0.8455 0.0576 0.5309
vn 0.7349 0.1713 0.6561
vn 0.8757 0.0043 0.4829
vn -0.0000 0.9583 0.2858
vn 0.1013 0.9920 0.0760
vn 0.0985 0.9919 0.0799
vn 0.9615 -0.0979 0.2569
vn 0.9595 -0.1159 0.2566
vn 0.8994 -0.0304 0.4362
vn 0.8641 -0.0171 0.5031
vn 0.4327 -0.0073 0.9015
vn 0.4099 -0.0101 0.9121
vn -0.1000 0.9917 0.0811
vn -0.1162 0.9683 0.2212
vn -0.0947 0.9930 0.0710
vn -0.1104 0.9676 0.2270
vn -0.0000 0.9582 0.2860
vn -0.0060 0.9586 0.2846
vn -0.1104 0.9676 0.2269
vn -0.0061 0.9586 0.2846
vn -0.4395 -0.0542 0.8966
vn -0.3733 -0.0167 0.9276
vn 0.9757 0.0004 0.2193
vn 0.9796 0.0712 0.1881
vn 0.9789 0.0471 0.1988
vn 0.9794 0.1025 0.1739
vn 0.0001 0.8927 0.4506
vn -0.9794 0.1019 0.1744
vn -0.9795 0.0707 0.1886
vn -0.9788 0.0467 0.1993
vn -0.9788 0.0466 0.1993
vn -0.9755 -0.0000 0.2198
vn 0.0003 -0.0000 1.0000
vn -0.0000 -0.0000 1.0000
vn 0.9653 0.1013 0.2409
vn 0.9506 0.0929 0.2961
vn 0.8400 0.0503 0.5402
vn 0.8400 0.0503 0.5403
vn 0.9506 0.0929 0.2962
vn 0.7679 0.0291 0.6399
vn -0.7674 0.0293 0.6405
vn -0.9503 0.0929 0.2971
vn -0.8395 0.0502 0.5411
vn -0.8395 0.0502 0.5410
vn -0.9503 0.0928 0.2970
vn -0.9650 0.1011 0.2419
vn 0.0002 0.2577 0.9662
vn 0.9544 0.0906 0.2844
vn 0.9710 0.0871 0.2226
vn 0.9498 0.0914 0.2992
vn 0.9750 0.0860 0.2048
vn -0.9710 0.0867 0.2226
vn -0.9751 0.0856 0.2048
vn -0.9545 0.0902 0.2843
vn -0.9498 0.0910 0.2992
vn -0.9710 0.0867 0.2227
vn -0.0000 0.2916 0.9566
vn -0.0000 0.2916 0.9565
vn 0.3756 0.3806 0.8450
vn 0.8824 0.0726 0.4649
vn 0.6240 0.2699 0.7333
vn 0.6240 0.2700 0.7333
vn 0.9363 -0.0000 0.3511
vn -0.6239 0.2697 0.7335
vn -0.8821 0.0725 0.4655
vn -0.3756 0.3803 0.8451
vn -0.9361 -0.0000 0.3516
vn 0.0001 0.5177 0.8556
vn 0.0002 0.5173 0.8558
vn 0.0002 0.5174 0.8557
vn 0.0002 0.3846 0.9231
vn 0.0001 0.3847 0.9231
vn 0.0002 0.0207 0.9998
vn 0.0001 0.0206 0.9998
vn -0.0000 0.0209 0.9998
vn 0.8804 -0.0651 -0.4698
vn 0.9561 -0.0461 -0.2894
vn 0.8458 -0.1233 -0.5191
vn 0.3400 -0.2540 -0.9055
vn 0.4502 -0.1201 -0.8848
vn 0.6621 -0.2629 -0.7018
vn -0.0002 -0.4013 -0.9159
vn 0.8906 -0.1230 -0.4378
vn -0.3733 -0.2599 -0.8905
vn -0.8460 -0.1234 -0.5187
vn -0.9563 -0.0461 -0.2887
vn -0.8806 -0.0652 -0.4694
vn -0.4611 -0.1262 -0.8783
vn -0.6624 -0.2630 -0.7015
vn -0.8909 -0.1231 -0.4372
vn 0.8485 -0.0437 -0.5274
vn 0.4041 -0.0702 -0.9120
vn -0.8487 -0.0437 -0.5270
vn -0.3319 -0.0739 -0.9404
vn -0.9220 -0.1978 -0.3328
vn -0.9936 -0.0213 -0.1112
vn -0.5057 -0.0379 -0.8619
vn -0.4098 -0.2005 -0.8899
vn -0.9857 -0.0509 0.1604
vn -0.9533 0.0678 0.2943
vn 0.0852 -0.0320 -0.9958
vn -0.9691 0.2426 0.0435
vn -0.8270 0.1316 0.5466
vn -0.8262 0.3849 0.4114
vn -0.7189 0.6931 -0.0527
vn -0.3280 0.3760 -0.8666
vn 0.0985 0.0809 -0.9918
vn -0.5519 0.1858 -0.8130
vn 0.5052 -0.0379 -0.8622
vn 0.9935 -0.0212 -0.1116
vn 0.9217 -0.1973 -0.3339
vn 0.4097 -0.2005 -0.8899
vn 0.9859 -0.0505 0.1593
vn 0.9535 0.0679 0.2937
vn -0.0862 -0.0322 -0.9958
vn 0.8267 0.3852 0.4101
vn 0.8274 0.1317 0.5459
vn 0.9692 0.2427 0.0430
vn 0.7192 0.6927 -0.0544
vn 0.5516 0.1860 -0.8131
vn -0.0992 0.0811 -0.9918
vn 0.3276 0.3757 -0.8669
vn 0.9467 -0.0667 -0.3153
vn 0.8526 -0.2025 -0.4817
vn 0.8090 -0.2264 -0.5424
vn 0.9444 -0.0977 -0.3141
vn 0.4371 -0.2439 -0.8657
vn 0.3280 -0.2415 -0.9133
vn -0.8091 -0.2270 -0.5421
vn -0.8527 -0.2030 -0.4813
vn -0.9468 -0.0670 -0.3147
vn -0.9445 -0.0980 -0.3136
vn -0.3691 -0.2446 -0.8966
vn -0.3847 -0.2435 -0.8903
vn -0.0001 0.2117 -0.9773
vn -0.0000 0.2120 -0.9773
vn -0.0000 0.2118 -0.9773
vn 0.0003 0.2123 -0.9772
vn -0.9045 -0.2678 0.3319
vn 0.9039 -0.2682 0.3333
vn 0.0003 -0.2778 0.9607
vn -0.0002 -0.2781 0.9605
vn -0.0000 -0.2779 0.9606
vn 0.0001 -0.2779 0.9606
vn 0.0002 -0.2777 0.9607
vn 0.0002 -0.2107 0.9775
vn 0.0002 -0.2587 0.9660
vn 0.0003 -0.2109 0.9775
vn 0.0003 -0.2579 0.9662
vn 0.0005 -0.3038 0.9527
vn 0.0003 -0.3041 0.9526
vn 0.0002 -0.7953 0.6062
vn 0.0001 -0.7953 0.6062
vn -0.0000 -0.7955 0.6059
vn -0.8607 -0.1105 0.4969
vn -0.8585 -0.1119 0.5005
vn -0.8622 -0.1122 0.4941
vn -0.8456 -0.1227 0.5196
vn -0.8519 -0.1162 0.5107
vn 0.8623 -0.1123 0.4937
vn 0.8588 -0.1117 0.5001
vn 0.8611 -0.1104 0.4963
vn 0.8521 -0.1159 0.5104
vn 0.8459 -0.1225 0.5191
vn 0.0003 -0.2027 0.9792
vn 0.0002 -0.2028 0.9792
vn -0.0000 -0.2027 0.9792
vn -0.0000 0.3027 -0.9531
vn -0.0002 0.3029 -0.9530
vn -0.0003 0.3031 -0.9530
vn 0.0001 -0.9772 -0.2124
vn -0.0000 -0.9774 -0.2116
vn -0.0000 -0.9774 -0.2115
vn 0.0001 -0.9772 -0.2125
vn -0.0004 0.2094 -0.9778
vn -0.0003 0.2095 -0.9778
vn -0.0000 0.2097 -0.9778
vn 0.9365 0.1704 -0.3065
vn 0.9366 0.1680 -0.3075
vn 0.9354 0.0750 -0.3457
vn 0.9350 0.0752 -0.3465
vn -0.9354 0.0750 -0.3455
vn -0.9367 0.1678 -0.3072
vn -0.9357 0.0748 -0.3448
vn -0.9366 0.1702 -0.3062
vn 0.9218 0.2683 -0.2800
vn -0.9219 0.2682 -0.2797
vn 0.0001 0.9771 0.2127
vn 0.0001 0.9771 0.2126
vn 0.0001 0.9772 0.2125
vn -0.0000 0.9772 0.2123
vn 0.9794 0.0792 -0.1857
vn 0.9752 0.1188 -0.1867
vn 0.9295 0.2850 -0.2341
vn 0.9468 0.2182 -0.2364
vn -0.8898 0.4564 -0.0002
vn -0.9745 0.2041 0.0933
vn -0.9821 0.1656 0.0896
vn -0.9218 0.3877 0.0033
vn 0.9601 -0.2634 -0.0940
vn 0.9817 -0.1488 -0.1185
vn 0.9777 -0.1770 -0.1127
vn 0.9601 -0.2633 -0.0942
vn 0.9601 -0.2634 -0.0941
vn -0.9830 -0.0861 0.1623
vn -0.9818 -0.0877 0.1683
vn -0.9808 -0.1039 0.1653
vn -0.9808 -0.1037 0.1653
vn 0.1474 0.2404 0.9594
vn 0.1497 0.3116 0.9383
vn 0.1475 0.2448 0.9583
vn 0.1498 0.3117 0.9383
vn 0.1387 0.0647 0.9882
vn 0.1290 -0.0720 0.9890
vn 0.1381 0.0560 0.9888
vn 0.1290 -0.0719 0.9890
vn -0.1388 -0.0685 -0.9880
vn -0.1448 -0.1823 -0.9725
vn -0.1444 -0.1738 -0.9741
vn -0.1389 -0.0685 -0.9879
vn -0.1513 -0.4412 -0.8846
vn -0.1503 -0.3497 -0.9247
vn -0.1503 -0.3557 -0.9224
vn -0.1514 -0.4413 -0.8845
vn 0.0183 0.9342 -0.3563
vn 0.0184 0.9342 -0.3563
vn 0.0184 0.9342 -0.3562
vn -0.7352 -0.2096 -0.6446
vn 0.0776 0.0371 -0.9963
vn 0.2140 -0.1616 -0.9634
vn -0.8275 -0.0305 -0.5606
vn -0.9283 -0.2569 0.2687
vn -0.9145 -0.0669 0.3990
vn -0.1900 -0.2479 0.9500
vn -0.0775 -0.0372 0.9963
vn 0.7663 -0.1681 0.6201
vn 0.8276 0.0305 0.5605
vn 0.9480 -0.1222 -0.2938
vn 0.9144 0.0670 -0.3992
vn 0.9850 0.0526 0.1641
vn 0.9851 0.0529 0.1638
vn 0.9850 0.0528 0.1640
vn 0.9850 0.0527 0.1641
vn 0.9851 0.0529 0.1639
vn 0.9851 0.0528 0.1640
vn -0.9851 -0.0529 -0.1639
vn -0.9850 -0.0526 -0.1642
vn -0.1621 -0.0417 0.9859
vn -0.1716 0.3161 0.9331
vn -0.1717 0.2831 0.9436
vn 0.0568 -0.9978 -0.0332
vn 0.1023 -0.9450 -0.3106
vn 0.0565 -0.9978 -0.0334
vn 0.1027 -0.9445 -0.3120
vn 0.0730 0.7349 -0.6742
vn 0.1252 0.4361 -0.8911
vn 0.1296 0.4013 -0.9067
vn 0.1621 0.0417 -0.9859
vn -0.6877 -0.4238 -0.5895
vn 0.1713 -0.3756 -0.9108
vn 0.8813 -0.3398 -0.3283
vn 0.6680 -0.3829 0.6381
vn -0.1234 -0.4517 0.8836
vn -0.7949 -0.4612 0.3943
vn 0.9851 0.0527 0.1640
vn 0.9851 0.0527 0.1638
vn 0.9851 0.0528 0.1638
vn -0.9850 -0.0528 -0.1640
vn -0.9850 -0.0526 -0.1641
vn -0.9851 -0.0527 -0.1640
vn -0.9851 -0.0528 -0.1639
vn 0.9850 0.0528 0.1642
vn 0.9851 0.0528 0.1639
vn -0.9851 -0.0527 -0.1638
vn -0.9851 -0.0525 -0.1639
vn -0.9851 -0.0528 -0.1638
vn -0.1716 0.3162 0.9330
vn -0.1607 0.6068 0.7785
vn 0.1379 -0.8131 -0.5656
vn 0.0591 -0.9977 -0.0322
vn 0.0589 -0.9977 -0.0322
vn 0.0123 -0.9678 0.2514
vn 0.0126 -0.9681 0.2501
vn -0.0371 -0.8584 0.5116
vn 0.0123 -0.9678 0.2515
vn 0.0583 -0.9978 -0.0327
vn 0.0589 -0.9977 -0.0326
vn 0.0577 -0.9978 -0.0328
vn -0.0589 0.9977 0.0326
vn -0.0592 0.9977 0.0326
vn -0.0590 0.9977 0.0326
vn -0.0588 0.9977 0.0325
vn -0.2048 0.8439 -0.4959
vn -0.2046 0.8439 -0.4960
vn -0.2047 0.8439 -0.4959
vn 0.1271 -0.3574 0.9253
vn 0.1269 -0.3573 0.9253
vn 0.1271 -0.3573 0.9253
vn -0.9857 0.0090 -0.1682
vn 0.8756 0.3984 -0.2733
vn -0.4351 -0.8971 0.0764
vn -0.9103 -0.4086 0.0666
vn -0.4199 -0.9046 0.0735
vn -0.9141 -0.3994 0.0701
vn 0.6943 -0.7196 0.0134
vn 0.9991 0.0057 -0.0425
vn 0.8222 -0.5692 0.0012
vn -0.4352 -0.8971 0.0764
vn 0.6943 -0.7196 0.0135
vn 0.9991 0.0145 -0.0394
vn -0.1447 0.4103 -0.9004
vn -0.4031 0.3107 -0.8608
vn -0.2420 0.4218 -0.8738
vn -0.0446 0.4616 -0.8860
vn -0.1482 0.4768 -0.8664
vn 0.1301 0.4245 -0.8960
vn -0.1446 0.4103 -0.9004
vn -0.2091 0.9707 -0.1188
vn -0.2093 0.9707 -0.1184
vn -0.2092 0.9707 -0.1184
vn -0.2092 0.9707 -0.1185
vn 0.2042 0.8449 -0.4945
vn 0.2042 0.8448 -0.4946
vn 0.2041 0.8449 -0.4945
vn -0.1268 -0.3590 0.9247
vn -0.1269 -0.3590 0.9247
vn -0.1270 -0.3590 0.9246
vn 0.9858 0.0097 -0.1678
vn -0.8760 0.3981 -0.2724
vn 0.2092 0.9706 -0.1187
vn 0.2092 0.9707 -0.1185
vn 0.2093 0.9707 -0.1184
vn 0.2092 0.9707 -0.1184
vn 0.2095 0.9706 -0.1183
vn 0.2093 0.9706 -0.1184
vn 0.4198 -0.9046 0.0735
vn 0.9103 -0.4086 0.0666
vn 0.4351 -0.8971 0.0764
vn 0.9141 -0.3993 0.0703
vn -0.8222 -0.5692 0.0012
vn -0.9991 0.0057 -0.0425
vn -0.6943 -0.7195 0.0135
vn 0.4351 -0.8971 0.0763
vn 0.4199 -0.9046 0.0735
vn -0.9991 0.0145 -0.0394
vn 0.2420 0.4218 -0.8738
vn 0.4031 0.3107 -0.8608
vn 0.1447 0.4103 -0.9004
vn 0.1482 0.4768 -0.8664
vn 0.1446 0.4103 -0.9004
vn 0.0446 0.4616 -0.8860
vn -0.1301 0.4245 -0.8960
vn -0.7408 0.3018 0.6002
vn -0.7422 0.3845 0.5489
vn -0.7409 0.6377 0.2108
vn -0.7410 -0.6377 -0.2106
vn -0.7424 -0.3847 -0.5486
vn -0.7424 -0.6598 -0.1159
vn 0.7424 -0.6598 -0.1161
vn 0.7422 -0.3847 -0.5488
vn 0.7408 -0.6378 -0.2107
vn 0.7407 -0.3021 -0.6001
vn 0.7425 -0.5486 0.3844
vn 0.7410 -0.5998 0.3019
vn 0.7426 -0.1160 0.6596
vn 0.7412 -0.2109 0.6373
vn 0.7423 0.3848 0.5485
vn 0.7410 0.3021 0.5997
vn 0.7424 0.6598 0.1159
vn 0.7409 0.6378 0.2104
vn 0.7422 0.5487 -0.3849
vn 0.7408 0.6000 -0.3021
vn 0.7420 0.1160 -0.6603
vn 0.7406 0.2108 -0.6380
vn 0.6832 -0.1071 -0.7223
vn 0.7389 -0.0975 -0.6667
vn 0.7299 0.1398 0.6691
vn 0.6735 0.1496 0.7239
vn -0.6833 0.1478 0.7151
vn -0.7389 0.1380 0.6596
vn -0.7299 -0.0991 -0.6763
vn -0.6735 -0.1084 -0.7312
vn -0.0000 0.9846 -0.1746
vn -0.6830 0.1480 0.7153
vn -0.7386 0.1377 0.6599
vn -0.7299 -0.0993 -0.6763
vn -0.6739 -0.1090 -0.7307
vn 0.7302 0.1399 0.6688
vn 0.6738 0.1498 0.7235
vn 0.6832 -0.1073 -0.7223
vn 0.7385 -0.0976 -0.6671
vn -0.0000 0.9848 -0.1736
vn -0.7411 0.2109 -0.6375
vn -0.7425 0.1160 -0.6597
vn -0.7409 -0.3020 -0.5998
vn -0.7408 -0.5999 0.3022
vn -0.7423 -0.5486 0.3849
vn -0.7407 -0.2107 0.6379
vn -0.7422 -0.1161 0.6601
vn -0.7423 0.6599 0.1161
vn -0.7409 0.6000 -0.3018
vn -0.7423 0.5487 -0.3845
vn -1.0000 -0.0000 0.0003
vn -1.0000 0.0006 0.0004
vn -0.6731 0.1493 0.7243
vn -0.7389 -0.0976 -0.6667
vn -0.7299 0.1394 0.6692
vn -0.6832 -0.1075 -0.7222
vn 0.6735 -0.1090 -0.7311
vn 0.7392 0.1378 0.6593
vn 0.7299 -0.0992 -0.6763
vn 0.6833 0.1477 0.7151
vn 0.6732 -0.1090 -0.7314
vn 0.7299 -0.0992 -0.6764
vn 0.6832 0.1477 0.7151
vn -0.6732 0.1492 0.7243
vn -0.7392 -0.0976 -0.6664
vn -0.0000 0.9845 -0.1756
vn -0.0005 0.9845 -0.1751
vn -0.0010 0.9846 -0.1746
vn 1.0000 -0.0006 -0.0004
vn -1.0000 -0.0002 0.0003
vn -1.0000 -0.0001 0.0004
vn -1.0000 -0.0000 0.0002
vn 0.3877 -0.2973 0.8726
vn 0.3242 -0.4030 0.8558
vn 0.7739 -0.2831 0.5665
vn 0.8763 -0.1450 0.4595
vn -0.2623 -0.4028 0.8769
vn -0.4433 -0.2951 0.8464
vn -0.9242 -0.1583 0.3475
vn -0.7736 -0.2834 0.5668
vn -0.8761 -0.1452 0.4598
vn 0.9656 -0.0547 0.2543
vn 0.8917 -0.0810 0.4453
vn -0.9654 -0.0550 0.2549
vn -0.8915 -0.0812 0.4458
vn -0.8562 -0.0398 0.5151
vn -0.4585 -0.1618 0.8739
vn -0.3473 -0.0355 0.9371
vn 0.0002 0.1070 0.9943
vn -0.6628 0.0393 0.7477
vn 0.3814 -0.0248 0.9241
vn 0.8564 -0.0395 0.5147
vn 0.4695 -0.1535 0.8695
vn 0.6631 0.0395 0.7475
vn 0.9244 -0.1581 0.3473
vn -0.8933 -0.0122 0.4493
vn 0.8936 -0.0119 0.4488
vn 0.0442 0.2517 -0.9668
vn 0.0427 0.2441 -0.9688
vn 0.0463 0.2618 -0.9640
vn 0.0471 0.2661 -0.9628
vn 0.0463 0.2617 -0.9640
vn -0.9998 0.0050 -0.0183
vn 0.0077 -0.1598 0.9871
vn 0.0041 -0.1780 0.9840
vn 0.0093 -0.1518 0.9884
vn 0.0012 -0.1921 0.9814
vn -0.3003 -0.4191 0.8569
vn -0.1395 -0.2917 0.9463
vn -0.3244 -0.4535 0.8301
vn -0.0969 -0.2606 0.9606
vn -0.2638 -0.3927 0.8810
vn -0.1367 -0.2908 0.9470
vn 0.0136 -0.1475 0.9890
vn -0.0969 -0.2605 0.9606
vn 0.0137 -0.1475 0.9890
vn 0.0097 -0.1454 0.9893
vn -0.0599 0.1563 -0.9859
vn 0.0516 0.2707 -0.9613
vn -0.1034 0.1214 -0.9872
vn 0.0476 0.2724 -0.9610
vn -0.2931 -0.0733 -0.9533
vn -0.2679 -0.0318 -0.9629
vn -0.0994 0.1235 -0.9874
vn -0.2281 0.0044 -0.9736
vn 0.0156 -0.1602 0.9870
vn 0.0534 0.2578 -0.9647
vn 0.0556 0.2658 -0.9624
vn -0.9881 -0.1458 -0.0494
vn -0.9997 -0.0092 -0.0213
vn -0.9997 -0.0094 -0.0213
vn -0.9924 0.1231 0.0063
vn 0.4229 0.8850 0.1949
vn 0.4228 0.8850 0.1949
vn -0.1395 -0.2916 0.9463
vn 0.0179 -0.1514 0.9883
vn -0.0082 -0.1666 0.9860
vn -0.0067 -0.1745 0.9846
vn -0.0102 -0.1564 0.9876
vn -0.0111 -0.1519 0.9883
vn -0.0102 -0.1563 0.9877
vn 0.9999 0.0047 -0.0165
vn -0.0437 0.2585 -0.9650
vn -0.0402 0.2406 -0.9698
vn -0.0454 0.2662 -0.9629
vn -0.0374 0.2268 -0.9732
vn 0.2667 -0.0291 -0.9633
vn 0.1039 0.1225 -0.9870
vn 0.2914 -0.0713 -0.9539
vn 0.0610 0.1564 -0.9858
vn 0.2296 0.0046 -0.9733
vn 0.1010 0.1236 -0.9872
vn -0.0497 0.2704 -0.9615
vn 0.0610 0.1565 -0.9858
vn -0.0457 0.2725 -0.9611
vn 0.0958 -0.2608 0.9606
vn -0.0156 -0.1476 0.9889
vn 0.1391 -0.2928 0.9460
vn -0.0116 -0.1455 0.9893
vn 0.3260 -0.4550 0.8287
vn 0.3015 -0.4214 0.8553
vn 0.1351 -0.2909 0.9472
vn 0.2622 -0.3932 0.8813
vn -0.0516 0.2580 -0.9648
vn -0.0174 -0.1602 0.9869
vn -0.0196 -0.1521 0.9882
vn 0.9881 -0.1457 -0.0495
vn 0.9998 -0.0095 -0.0196
vn 0.9998 -0.0098 -0.0197
vn 0.9924 0.1224 0.0097
vn -0.4228 0.8840 0.1997
vn 0.1038 0.1226 -0.9870
vn -0.0540 0.2664 -0.9623
vn -0.0239 0.0477 0.9986
vn 0.0197 -0.0401 0.9990
vn 0.0215 -0.0396 0.9990
vn -0.0175 0.0314 -0.9994
vn 0.0082 -0.0227 -0.9997
vn 0.0103 -0.0220 -0.9997
vn 0.8770 0.4805 0.0063
vn 0.0241 -0.0782 -0.9967
vn 0.0168 -0.0488 -0.9987
vn 0.0266 -0.0756 -0.9968
vn -0.4002 0.9163 0.0157
vn -0.4002 0.9163 0.0156
vn 0.3426 -0.9395 -0.0000
vn 0.3429 -0.9394 -0.0000
vn 0.3430 -0.9393 0.0002
vn -0.9648 -0.2629 -0.0000
vn 0.0308 -0.0729 0.9969
vn 0.0155 -0.0399 -0.9991
vn -0.0175 0.0315 -0.9994
vn 0.0103 -0.0219 -0.9997
vn -0.1043 0.1976 0.9747
vn -0.1476 -0.0574 0.9874
vn -0.0873 -0.1050 0.9906
vn 0.0333 -0.0890 0.9955
vn 0.0492 -0.1371 0.9893
vn -0.0451 -0.0526 -0.9976
vn -0.0901 -0.0294 -0.9955
vn -0.4382 -0.1053 0.8927
vn -0.2577 -0.0856 0.9624
vn -0.0865 -0.1563 0.9839
vn 0.0761 -0.2464 0.9662
vn -0.0872 -0.1050 0.9906
vn -0.0864 -0.1564 0.9839
vn -0.2720 -0.0596 -0.9605
vn -0.1365 -0.0427 -0.9897
vn -0.0461 -0.0739 -0.9962
vn 0.0365 -0.1211 -0.9920
vn -0.1257 0.2580 0.9579
vn -0.2016 0.3945 0.8965
vn -0.1224 0.2388 -0.9633
vn -0.0791 0.1602 -0.9839
vn -0.0644 0.1213 -0.9905
vn 0.3524 -0.9355 -0.0269
vn 0.3524 -0.9354 -0.0275
vn 0.3528 -0.9351 -0.0327
vn 0.0438 -0.1422 0.9889
vn 0.9882 -0.1529 -0.0027
vn 0.3524 -0.9355 -0.0274
vn 0.3528 -0.9351 -0.0332
vn -0.4776 0.0708 0.8757
vn -0.4686 0.0268 0.8830
vn -0.4403 -0.1100 0.8911
vn -0.4383 -0.1052 0.8927
vn -0.2901 0.0211 -0.9568
vn -0.2966 0.0511 -0.9536
vn -0.2730 -0.0608 -0.9601
vn -0.3155 0.1660 -0.9343
vn -0.4962 0.2611 0.8280
vn -0.2721 -0.0592 -0.9604
vn 0.0734 -0.2367 0.9688
vn 0.0507 -0.1456 0.9880
vn 0.0495 -0.1405 0.9888
vn 0.0369 -0.1212 -0.9919
vn 0.0359 -0.1170 -0.9925
vn 0.0264 -0.0793 -0.9965
vn 0.0259 -0.0776 -0.9966
vn -0.9564 -0.2922 -0.0000
vn 0.9648 0.2628 -0.0000
vn -0.3428 0.9394 -0.0000
vn 0.0759 -0.2465 0.9662
vn 0.4003 0.9163 0.0144
vn 0.4010 0.9159 0.0151
vn 0.4009 0.9160 0.0150
vn -0.0109 -0.0219 -0.9997
vn -0.0091 -0.0225 -0.9997
vn 0.0170 0.0315 -0.9994
vn -0.0161 -0.0399 -0.9991
vn 0.4017 0.9157 0.0157
vn -0.0305 -0.0729 0.9969
vn -0.0490 -0.1371 0.9893
vn -0.0330 -0.0889 0.9955
vn -0.0270 -0.0757 -0.9968
vn -0.0175 -0.0488 -0.9987
vn -0.0242 -0.0781 -0.9967
vn -0.8763 0.4817 0.0069
vn -0.0207 -0.0397 0.9990
vn -0.0194 -0.0402 0.9990
vn 0.0245 0.0476 0.9986
vn -0.0195 -0.0402 0.9990
vn -0.3540 -0.9347 -0.0328
vn -0.3537 -0.9349 -0.0285
vn -0.3537 -0.9349 -0.0281
vn -0.0433 -0.1421 0.9889
vn -0.9884 -0.1517 -0.0024
vn -0.3443 -0.9389 -0.0002
vn -0.3443 -0.9389 -0.0001
vn -0.3441 -0.9389 0.0013
vn 0.9644 -0.2643 -0.0011
vn -0.3540 -0.9346 -0.0332
vn -0.0374 -0.1210 -0.9920
vn 0.0444 -0.0527 -0.9976
vn 0.0455 -0.0738 -0.9962
vn 0.0444 -0.0526 -0.9976
vn 0.1359 -0.0429 -0.9898
vn 0.0897 -0.0296 -0.9955
vn 0.2720 -0.0602 -0.9604
vn 0.0874 -0.1050 0.9906
vn -0.0760 -0.2459 0.9663
vn 0.0865 -0.1563 0.9839
vn 0.2578 -0.0860 0.9624
vn 0.1480 -0.0577 0.9873
vn 0.4389 -0.1060 0.8922
vn 0.1050 0.1974 0.9747
vn 0.0642 0.1213 -0.9905
vn 0.1265 0.2577 0.9579
vn 0.2026 0.3941 0.8965
vn 0.1223 0.2385 -0.9634
vn 0.0788 0.1601 -0.9840
vn 0.4779 0.0701 0.8756
vn 0.4690 0.0261 0.8828
vn 0.4966 0.2601 0.8281
vn 0.2737 -0.0694 -0.9593
vn 0.3048 0.0444 -0.9514
vn 0.2944 0.0176 -0.9555
vn 0.4406 -0.1107 0.8908
vn 0.4387 -0.1063 0.8923
vn 0.3255 0.1705 -0.9300
vn 0.2684 -0.0589 -0.9615
vn -0.0270 -0.0794 -0.9965
vn -0.0365 -0.1169 -0.9925
vn -0.0376 -0.1210 -0.9919
vn -0.0266 -0.0774 -0.9966
vn -0.9644 0.2644 -0.0000
vn 0.9557 -0.2944 -0.0000
vn 0.3442 0.9389 -0.0000
vn -0.0732 -0.2362 0.9689
vn -0.0505 -0.1457 0.9880
vn -0.0756 -0.2460 0.9663
vn -0.0492 -0.1406 0.9889
vt 0.030240 0.561150
vt 0.081240 0.504150
vt 0.090240 0.595150
vt 0.164240 0.504150
vt 0.155240 0.595150
vt 0.021240 0.649150
vt 0.004240 0.649150
vt 0.014240 0.555150
vt 0.079240 0.500150
vt 0.166240 0.500150
vt 0.224240 0.649150
vt 0.159240 0.649150
vt 0.215240 0.561150
vt 0.241240 0.649150
vt 0.231240 0.555150
vt 0.067240 0.486150
vt 0.085240 0.556150
vt 0.036240 0.486150
vt 0.085240 0.649150
vt 0.087240 0.649150
vt 0.147240 0.667150
vt 0.098240 0.667150
vt 0.160240 0.556150
vt 0.178240 0.486150
vt 0.209240 0.486150
vt 0.160240 0.649150
vt 0.446240 0.486150
vt 0.428240 0.556150
vt 0.481240 0.556150
vt 0.477240 0.486150
vt 0.428240 0.649150
vt 0.492240 0.649150
vt 0.509240 0.649150
vt 0.499240 0.556150
vt 0.272240 0.649150
vt 0.434240 0.500150
vt 0.347240 0.500150
vt 0.282240 0.555150
vt 0.300240 0.556150
vt 0.353240 0.556150
vt 0.335240 0.486150
vt 0.304240 0.486150
vt 0.289240 0.649150
vt 0.353240 0.649150
vt 0.426240 0.649150
vt 0.355240 0.649150
vt 0.414240 0.667150
vt 0.366240 0.667150
vt 0.425240 0.463150
vt 0.491240 0.440150
vt 0.354240 0.463150
vt 0.508240 0.424150
vt 0.424240 0.424150
vt 0.355240 0.424150
vt 0.271240 0.424150
vt 0.288240 0.440150
vt 0.354240 0.425150
vt 0.366240 0.425150
vt 0.366240 0.460150
vt 0.414240 0.460150
vt 0.414240 0.425150
vt 0.425240 0.425150
vt 0.355290 0.406150
vt 0.288240 0.406150
vt 0.491240 0.406150
vt 0.424240 0.406150
vt 0.234240 0.809150
vt 0.245240 0.768150
vt 0.245240 0.813150
vt 0.229240 0.768150
vt 0.282240 0.814150
vt 0.287240 0.768150
vt 0.251240 0.768150
vt 0.255240 0.814150
vt 0.236240 0.810150
vt 0.401240 0.469150
vt 0.409240 0.460150
vt 0.370240 0.460150
vt 0.594240 0.543150
vt 0.567240 0.542150
vt 0.594240 0.561150
vt 0.567240 0.555150
vt 0.537240 0.539150
vt 0.537240 0.547150
vt 0.596240 0.613150
vt 0.568240 0.608150
vt 0.596240 0.602150
vt 0.568240 0.602150
vt 0.538240 0.603150
vt 0.538240 0.602150
vt 0.567240 0.505150
vt 0.594240 0.504150
vt 0.537240 0.505150
vt 0.537240 0.548150
vt 0.378240 0.469150
vt 0.364240 0.453150
vt 0.415240 0.453150
vt 0.358240 0.418150
vt 0.420240 0.418150
vt 0.389240 0.473150
vt 0.919240 0.145150
vt 0.931240 0.076150
vt 0.934240 0.153150
vt 0.985240 0.140150
vt 0.984240 0.086150
vt 0.933240 0.166150
vt 0.918240 0.215150
vt 0.933240 0.215150
vt 0.918240 0.166150
vt 0.985240 0.166150
vt 0.931240 0.215150
vt 0.931240 0.166150
vt 0.985240 0.215150
vt 0.986240 0.215150
vt 0.986240 0.166150
vt 0.865240 0.166150
vt 0.865240 0.215150
vt 0.713240 0.347150
vt 0.667240 0.347150
vt 0.713240 0.385150
vt 0.733240 0.386150
vt 0.720240 0.347150
vt 0.720240 0.385150
vt 0.657240 0.349150
vt 0.657240 0.382150
vt 0.667240 0.385150
vt 0.713240 0.336150
vt 0.666240 0.334150
vt 0.713240 0.297150
vt 0.666240 0.299150
vt 0.657240 0.333150
vt 0.657240 0.299150
vt 0.733240 0.346150
vt 0.734240 0.336150
vt 0.720240 0.336150
vt 0.734240 0.296150
vt 0.720240 0.297150
vt 0.818240 0.346150
vt 0.818240 0.283150
vt 0.791240 0.303150
vt 0.791240 0.344150
vt 0.818240 0.282150
vt 0.895240 0.339150
vt 0.923240 0.299150
vt 0.986240 0.282150
vt 0.986240 0.294150
vt 0.986240 0.283150
vt 0.986240 0.244150
vt 0.818240 0.244150
vt 0.791240 0.278150
vt 0.791240 0.248150
vt 0.924240 0.387150
vt 0.987240 0.348150
vt 0.924240 0.348150
vt 0.987240 0.387150
vt 0.895240 0.387150
vt 0.895240 0.348150
vt 0.818240 0.348150
vt 0.791240 0.353150
vt 0.791240 0.383150
vt 0.818240 0.387150
vt 0.758240 0.344150
vt 0.758240 0.304150
vt 0.924240 0.376150
vt 0.919240 0.381150
vt 0.919240 0.356150
vt 0.924240 0.360150
vt 0.898240 0.356150
vt 0.898240 0.381150
vt 0.651240 0.184150
vt 0.662240 0.183150
vt 0.658240 0.237150
vt 0.643240 0.235150
vt 0.725240 0.237150
vt 0.729240 0.183150
vt 0.718240 0.184150
vt 0.710240 0.235150
vt 0.687240 0.237150
vt 0.687240 0.185150
vt 0.707240 0.192150
vt 0.707240 0.231150
vt 0.774240 0.192150
vt 0.754240 0.185150
vt 0.754240 0.237150
vt 0.774240 0.231150
vt 0.658240 0.273150
vt 0.643240 0.267150
vt 0.643240 0.242150
vt 0.708240 0.242150
vt 0.687240 0.269150
vt 0.708240 0.265150
vt 0.662240 0.182150
vt 0.662240 0.146150
vt 0.650240 0.176150
vt 0.650240 0.151150
vt 0.687240 0.146150
vt 0.687240 0.177150
vt 0.707240 0.151150
vt 0.707240 0.173150
vt 0.642240 0.234150
vt 0.614240 0.184150
vt 0.642240 0.184150
vt 0.614240 0.234150
vt 0.014240 0.911150
vt 0.012240 0.900150
vt 0.028240 0.900150
vt 0.028240 0.909150
vt 0.013240 0.956150
vt 0.022240 0.951150
vt 0.031240 0.956150
vt 0.031240 0.966150
vt 0.022240 0.972150
vt 0.013240 0.966150
vt 0.345240 0.954840
vt 0.345240 0.943610
vt 0.300240 0.943610
vt 0.300240 0.954840
vt 0.300240 0.969840
vt 0.345240 0.969840
vt 0.300240 0.980150
vt 0.345240 0.980150
vt 0.047240 0.886150
vt 0.047240 0.881150
vt 0.065240 0.879150
vt 0.065240 0.885150
vt 0.065240 0.898150
vt 0.047240 0.897150
vt 0.065240 0.904150
vt 0.047240 0.902150
vt 0.047240 0.967150
vt 0.047240 0.972150
vt 0.065240 0.974150
vt 0.065240 0.968150
vt 0.047240 0.956150
vt 0.065240 0.955150
vt 0.065240 0.949150
vt 0.047240 0.951150
vt 0.104240 0.982150
vt 0.088240 0.975150
vt 0.088240 0.984150
vt 0.088240 0.914150
vt 0.088240 0.905150
vt 0.104240 0.912150
vt 0.104240 0.972150
vt 0.266240 0.972150
vt 0.266240 0.951150
vt 0.104240 0.951150
vt 0.036240 0.953150
vt 0.036240 0.970150
vt 0.022240 0.978150
vt 0.008240 0.970150
vt 0.008240 0.953150
vt 0.022240 0.944150
vt 0.266240 0.881150
vt 0.266240 0.870150
vt 0.266240 0.902150
vt 0.266240 0.912150
vt 0.104240 0.881150
vt 0.104240 0.870150
vt 0.104240 0.902150
vt 0.266240 0.982150
vt 0.065240 0.970150
vt 0.065240 0.953150
vt 0.266240 0.940150
vt 0.104240 0.940150
vt 0.065240 0.944150
vt 0.065240 0.883150
vt 0.065240 0.874150
vt 0.065240 0.900150
vt 0.065240 0.908150
vt 0.065240 0.978150
vt 0.405240 0.869150
vt 0.383240 0.873150
vt 0.416240 0.829150
vt 0.431240 0.833150
vt 0.421240 0.877150
vt 0.438240 0.889150
vt 0.362240 0.889150
vt 0.088240 0.848150
vt 0.003240 0.829150
vt 0.003240 0.846150
vt 0.090240 0.770150
vt 0.043240 0.734150
vt 0.158240 0.649150
vt 0.202240 0.734150
vt 0.155240 0.770150
vt 0.099240 0.667150
vt 0.483240 0.738150
vt 0.426240 0.782150
vt 0.355240 0.782150
vt 0.297240 0.738150
vt 0.158240 0.848150
vt 0.155240 0.829150
vt 0.111240 0.848150
vt 0.097240 0.829150
vt 0.226240 0.829150
vt 0.223240 0.848150
vt 0.093240 0.829150
vt 0.425240 0.649150
vt 0.367240 0.667150
vt 0.425240 0.424150
vt 0.356240 0.704150
vt 0.356240 0.649150
vt 0.295240 0.704150
vt 0.355240 0.406150
vt 0.290240 0.704150
vt 0.486240 0.704150
vt 0.425240 0.704150
vt 0.425240 0.406150
vt 0.491240 0.704150
vt 0.661240 0.502150
vt 0.661240 0.482150
vt 0.594240 0.484150
vt 0.661240 0.541150
vt 0.661240 0.569150
vt 0.664240 0.450150
vt 0.596240 0.426150
vt 0.596240 0.449150
vt 0.664240 0.426150
vt 0.662240 0.617150
vt 0.594240 0.613150
vt 0.662240 0.602150
vt 0.594240 0.602150
vt 0.619240 0.326150
vt 0.587240 0.302150
vt 0.612240 0.308150
vt 0.613240 0.361150
vt 0.563240 0.308150
vt 0.599240 0.376150
vt 0.556240 0.326150
vt 0.561240 0.361150
vt 0.587240 0.381150
vt 0.575240 0.376150
vt 0.622240 0.079150
vt 0.639240 0.031150
vt 0.703240 0.075150
vt 0.603240 0.034150
vt 0.628240 0.008150
vt 0.603240 0.005150
vt 0.603240 0.079150
vt 0.604240 0.136150
vt 0.604240 0.133150
vt 0.604240 0.083150
vt 0.604240 0.135150
vt 0.706240 0.075150
vt 0.630240 0.031150
vt 0.624240 0.008150
vt 0.603240 0.006150
vt 0.750240 0.009150
vt 0.696240 0.009150
vt 0.694240 0.031150
vt 0.750240 0.031150
vt 0.747240 0.075150
vt 0.624240 0.132150
vt 0.623240 0.135150
vt 0.623240 0.083150
vt 0.704240 0.086150
vt 0.692240 0.123150
vt 0.624240 0.083150
vt 0.528240 0.130150
vt 0.528240 0.124150
vt 0.506240 0.135150
vt 0.528240 0.141150
vt 0.528240 0.146150
vt 0.557240 0.120150
vt 0.557240 0.128150
vt 0.557240 0.143150
vt 0.557240 0.150150
vt 0.573240 0.125150
vt 0.578240 0.124150
vt 0.573240 0.146150
vt 0.578240 0.146150
vt 0.587240 0.135150
vt 0.562240 0.135150
vt 0.396240 0.321150
vt 0.438240 0.302150
vt 0.438240 0.330150
vt 0.382240 0.302150
vt 0.382240 0.282150
vt 0.438240 0.270150
vt 0.492240 0.336150
vt 0.492240 0.302150
vt 0.518240 0.322150
vt 0.518240 0.302150
vt 0.493240 0.266150
vt 0.518240 0.282150
vt 0.493240 0.336150
vt 0.492240 0.266150
vt 0.382240 0.259150
vt 0.382240 0.235150
vt 0.382240 0.254150
vt 0.382240 0.230150
vt 0.439240 0.228150
vt 0.439240 0.262150
vt 0.493240 0.225150
vt 0.519240 0.229150
vt 0.519240 0.261150
vt 0.439240 0.339150
vt 0.396240 0.346150
vt 0.396240 0.364150
vt 0.439240 0.373150
vt 0.519240 0.372150
vt 0.519240 0.340150
vt 0.493240 0.377150
vt 0.175240 0.234150
vt 0.124240 0.232150
vt 0.124240 0.269150
vt 0.175240 0.268150
vt 0.385240 0.124150
vt 0.385240 0.087150
vt 0.448240 0.089150
vt 0.448240 0.123150
vt 0.494240 0.121150
vt 0.448240 0.141150
vt 0.239240 0.083150
vt 0.177240 0.076150
vt 0.177240 0.129150
vt 0.239240 0.124150
vt 0.245240 0.052150
vt 0.448240 0.066150
vt 0.503240 0.093150
vt 0.239240 0.155150
vt 0.385240 0.150150
vt 0.385240 0.053150
vt 0.024240 0.017150
vt 0.090240 0.010150
vt 0.120240 0.042150
vt 0.003240 0.042150
vt 0.090240 0.044150
vt 0.176240 0.203150
vt 0.176240 0.153150
vt 0.496240 0.153150
vt 0.505240 0.153150
vt 0.505240 0.203150
vt 0.496240 0.203150
vt 0.239240 0.200150
vt 0.385240 0.156150
vt 0.449240 0.200150
vt 0.385240 0.200150
vt 0.449240 0.156150
vt 0.449240 0.051150
vt 0.385240 0.007150
vt 0.385240 0.051150
vt 0.449240 0.007150
vt 0.244240 0.007150
vt 0.176240 0.054150
vt 0.176240 0.004150
vt 0.503240 0.005150
vt 0.503240 0.054150
vt 0.007240 0.228150
vt 0.007240 0.269150
vt 0.011240 0.092150
vt 0.004240 0.069150
vt 0.073240 0.068150
vt 0.073240 0.118150
vt 0.004240 0.117150
vt 0.073240 0.092150
vt 0.164240 0.134150
vt 0.139240 0.130150
vt 0.143240 0.177150
vt 0.058240 0.140150
vt 0.074240 0.177150
vt 0.012240 0.141150
vt 0.030240 0.141150
vt 0.030240 0.177150
vt 0.046240 0.141150
vt 0.002240 0.177150
vt 0.056240 0.177150
vt 0.300240 0.269150
vt 0.300240 0.232150
vt 0.351240 0.234150
vt 0.351240 0.268150
vt 0.183240 0.269150
vt 0.183240 0.228150
vt 0.672240 0.708150
vt 0.655240 0.691150
vt 0.680240 0.705150
vt 0.703240 0.682150
vt 0.693240 0.670150
vt 0.655240 0.750150
vt 0.680240 0.684150
vt 0.695240 0.667150
vt 0.680240 0.716150
vt 0.708240 0.705150
vt 0.680240 0.725150
vt 0.703240 0.738150
vt 0.616240 0.733150
vt 0.632240 0.750150
vt 0.714240 0.725150
vt 0.775240 0.725150
vt 0.764240 0.723150
vt 0.753240 0.725150
vt 0.753240 0.738150
vt 0.775240 0.738150
vt 0.764240 0.705150
vt 0.753240 0.705150
vt 0.764240 0.709150
vt 0.753240 0.709150
vt 0.775240 0.709150
vt 0.775240 0.705150
vt 0.775240 0.723150
vt 0.753240 0.723150
vt 0.593240 0.691150
vt 0.538240 0.691150
vt 0.593240 0.656150
vt 0.538240 0.656150
vt 0.745240 0.684150
vt 0.782240 0.684150
vt 0.745240 0.656150
vt 0.782240 0.656150
vt 0.740240 0.723150
vt 0.736240 0.725150
vt 0.741240 0.718150
vt 0.736240 0.716150
vt 0.632240 0.691150
vt 0.655240 0.656150
vt 0.632240 0.656150
vt 0.680240 0.656150
vt 0.786240 0.718150
vt 0.787240 0.723150
vt 0.791240 0.725150
vt 0.593240 0.708150
vt 0.593240 0.733150
vt 0.538240 0.708150
vt 0.538240 0.732150
vt 0.705240 0.679150
vt 0.591240 0.768150
vt 0.536240 0.768150
vt 0.536240 0.792150
vt 0.591240 0.792150
vt 0.553240 0.842150
vt 0.575240 0.842150
vt 0.710240 0.705150
vt 0.791240 0.716150
vt 0.616240 0.708150
vt 0.733240 0.551150
vt 0.702240 0.556150
vt 0.702240 0.562150
vt 0.728240 0.560150
vt 0.702240 0.575150
vt 0.725240 0.571150
vt 0.702240 0.587150
vt 0.725240 0.591150
vt 0.702240 0.601150
vt 0.702240 0.607150
vt 0.733240 0.612150
vt 0.728240 0.603150
vt 0.193240 0.808150
vt 0.161240 0.808150
vt 0.161240 0.782150
vt 0.197240 0.782150
vt 0.352240 0.791150
vt 0.316240 0.791150
vt 0.320240 0.814150
vt 0.352240 0.814150
vt 0.461240 0.814150
vt 0.465240 0.791150
vt 0.429240 0.791150
vt 0.429240 0.814150
vt 0.088240 0.791150
vt 0.041240 0.791150
vt 0.041240 0.782150
vt 0.088240 0.782150
vt 0.193240 0.814150
vt 0.161240 0.814150
vt 0.027240 0.704150
vt 0.088240 0.704150
vt 0.309240 0.791150
vt 0.356240 0.791150
vt 0.356240 0.782150
vt 0.052240 0.808150
vt 0.084240 0.808150
vt 0.084240 0.814150
vt 0.052240 0.814150
vt 0.204240 0.782150
vt 0.204240 0.791150
vt 0.157240 0.791150
vt 0.157240 0.782150
vt 0.218240 0.704150
vt 0.158240 0.704150
vt 0.425240 0.791150
vt 0.472240 0.791150
vt 0.472240 0.782150
vt 0.048240 0.782150
vt 0.084240 0.782150
vt 0.197240 0.791150
vt 0.161240 0.791150
vt 0.048240 0.791150
vt 0.084240 0.791150
vt 0.309240 0.782150
vt 0.983240 0.498150
vt 0.924240 0.482150
vt 0.922240 0.498150
vt 0.983240 0.655150
vt 0.993240 0.650150
vt 0.993240 0.659150
vt 0.983240 0.663150
vt 0.839240 0.496150
vt 0.733240 0.501150
vt 0.736240 0.531150
vt 0.832240 0.518150
vt 0.825240 0.529150
vt 0.665240 0.617150
vt 0.692240 0.616150
vt 0.692240 0.602150
vt 0.665240 0.602150
vt 0.732240 0.482150
vt 0.847240 0.476150
vt 0.921240 0.513150
vt 0.825240 0.539150
vt 0.976240 0.488150
vt 0.987240 0.498150
vt 0.734240 0.451150
vt 0.847240 0.448150
vt 0.851240 0.426150
vt 0.734240 0.426150
vt 0.926240 0.426150
vt 0.925240 0.442150
vt 0.978240 0.426150
vt 0.831240 0.620150
vt 0.831240 0.602150
vt 0.925240 0.602150
vt 0.926240 0.613150
vt 0.993240 0.602150
vt 0.989240 0.606150
vt 0.890240 0.642150
vt 0.891240 0.648150
vt 0.983240 0.646150
vt 0.993240 0.640150
vt 0.848240 0.670150
vt 0.882240 0.654150
vt 0.835240 0.666150
vt 0.883240 0.679150
vt 0.689240 0.555150
vt 0.689240 0.569150
vt 0.877240 0.680150
vt 0.873240 0.693150
vt 0.879240 0.693150
vt 0.835240 0.682150
vt 0.835240 0.691150
vt 0.848240 0.692150
vt 0.848240 0.682150
vt 0.879240 0.691150
vt 0.928240 0.690150
vt 0.946240 0.678150
vt 0.943240 0.690150
vt 0.890240 0.769150
vt 0.890240 0.727150
vt 0.890240 0.734150
vt 0.903240 0.734150
vt 0.919240 0.730150
vt 0.919240 0.774150
vt 0.903240 0.769150
vt 0.890240 0.777150
vt 0.954240 0.731150
vt 0.954240 0.727150
vt 0.993240 0.733150
vt 0.993240 0.728150
vt 0.993240 0.775150
vt 0.954240 0.777150
vt 0.993240 0.771150
vt 0.954240 0.773150
vt 0.954240 0.741150
vt 0.993240 0.744150
vt 0.954240 0.744150
vt 0.993240 0.743150
vt 0.993240 0.761150
vt 0.993240 0.759150
vt 0.954240 0.762150
vt 0.954240 0.759150
vt 0.910240 0.658150
vt 0.960240 0.658150
vt 0.914240 0.678150
vt 0.956240 0.678150
vt 0.925240 0.678150
vt 0.835240 0.727150
vt 0.868240 0.727150
vt 0.835240 0.734150
vt 0.868240 0.734150
vt 0.868240 0.777150
vt 0.868240 0.769150
vt 0.835240 0.769150
vt 0.835240 0.777150
vt 0.836240 0.746150
vt 0.836240 0.733150
vt 0.836240 0.771150
vt 0.836240 0.758150
vt 0.836240 0.777150
vt 0.836240 0.727150
vt 0.876240 0.786150
vt 0.876240 0.718150
vt 0.886240 0.717150
vt 0.886240 0.787150
vt 0.836240 0.780150
vt 0.836240 0.724150
vt 0.992240 0.776150
vt 0.992240 0.728150
vt 0.992240 0.752150
vt 0.992240 0.780150
vt 0.992240 0.723150
vt 0.749240 0.603150
vt 0.741240 0.613150
vt 0.769240 0.603150
vt 0.781240 0.589150
vt 0.751240 0.592150
vt 0.822240 0.603150
vt 0.822240 0.581150
vt 0.822240 0.607150
vt 0.781240 0.573150
vt 0.769240 0.559150
vt 0.741240 0.550150
vt 0.749240 0.559150
vt 0.751240 0.571150
vt 0.822240 0.560150
vt 0.822240 0.556150
vt 0.733240 0.603150
vt 0.730240 0.592150
vt 0.733240 0.559150
vt 0.730240 0.571150
vt 0.923240 0.552150
vt 0.950240 0.553150
vt 0.950240 0.547150
vt 0.936240 0.547150
vt 0.936240 0.560150
vt 0.950240 0.563150
vt 0.950240 0.546150
vt 0.970240 0.554150
vt 0.968240 0.564150
vt 0.983240 0.558150
vt 0.987240 0.554150
vt 0.983240 0.550150
vt 0.969240 0.547150
vt 0.970240 0.548150
vt 0.318240 0.301150
vt 0.236240 0.381150
vt 0.335240 0.381150
vt 0.253240 0.301150
vt 0.238240 0.374150
vt 0.333240 0.374150
vt 0.034240 0.342150
vt 0.036240 0.378150
vt 0.097240 0.342150
vt 0.095240 0.378150
vt 0.095240 0.438150
vt 0.036240 0.438150
vt 0.109240 0.464150
vt 0.022240 0.464150
vt 0.022240 0.342150
vt 0.109240 0.342150
vt 0.035240 0.282150
vt 0.096240 0.282150
vt 0.130240 0.342150
vt 0.141240 0.282150
vt 0.212240 0.342150
vt 0.201240 0.282150
vt 0.214240 0.464150
vt 0.128240 0.464150
vt 0.130240 0.464150
vt 0.212240 0.464150
vt 0.214240 0.342150
vt 0.128240 0.342150
vt 0.531240 0.275150
vt 0.545240 0.246150
vt 0.628240 0.275150
vt 0.614240 0.246150
vt 0.310240 0.881150
vt 0.310240 0.870150
vt 0.310240 0.902150
vt 0.310240 0.912150
vt 0.340240 0.885150
vt 0.340240 0.897150
vt 0.349240 0.930150
vt 0.328240 0.930150
vt 0.349240 0.912150
vt 0.328240 0.849150
vt 0.349240 0.849150
vt 0.340240 0.888150
vt 0.340240 0.894150
vt 0.349240 0.870150
vt 0.425240 0.399150
vt 0.425240 0.412150
vt 0.491240 0.412150
vt 0.491240 0.399150
vt 0.519240 0.051150
vt 0.588240 0.014150
vt 0.519240 0.007150
vt 0.588240 0.045150
vt 0.565240 0.093150
vt 0.554240 0.062150
vt 0.510240 0.093150
vt 0.520240 0.062150
vt 0.517240 0.062150
vt 0.150240 0.222150
vt 0.058240 0.214150
vt 0.046240 0.214150
vt 0.012240 0.214150
vt 0.030240 0.214150
vt 0.658240 0.786150
vt 0.663240 0.773150
vt 0.666240 0.795150
vt 0.638240 0.807150
vt 0.641240 0.829150
vt 0.625240 0.813150
vt 0.646240 0.816150
vt 0.625240 0.790150
vt 0.638240 0.795150
vt 0.641240 0.773150
vt 0.646240 0.786150
vt 0.679240 0.790150
vt 0.679240 0.813150
vt 0.666240 0.807150
vt 0.663240 0.829150
vt 0.658240 0.816150
vt 0.659240 0.817150
vt 0.751240 0.816150
vt 0.659240 0.808150
vt 0.751240 0.809150
vt 0.659240 0.785150
vt 0.751240 0.786150
vt 0.659240 0.795150
vt 0.751240 0.793150
vt 0.869900 0.827530
vt 0.831560 0.832330
vt 0.831560 0.817520
vt 0.874080 0.814590
vt 0.831560 0.845270
vt 0.869900 0.850080
vt 0.831560 0.866740
vt 0.831560 0.860070
vt 0.874080 0.863010
vt 0.884250 0.803840
vt 0.894760 0.814370
vt 0.884240 0.873800
vt 0.894750 0.863230
vt 0.922370 0.863200
vt 0.897580 0.850600
vt 0.939410 0.847670
vt 0.997240 0.838820
vt 0.997240 0.861560
vt 0.939410 0.829950
vt 0.922370 0.814420
vt 0.897580 0.827010
vt 0.997240 0.816070
vt 0.831560 0.810870
vt 0.997240 0.867320
vt 0.997240 0.810330
vt 0.786240 0.062150
vt 0.836240 0.005150
vt 0.771240 0.136150
vt 0.748240 0.136150
vt 0.810240 0.136150
vt 0.798240 0.136150
vt 0.790240 0.152150
vt 0.780240 0.152150
vt 0.983240 0.005150
vt 0.956240 0.005150
vt 0.740240 0.152150
vt 0.669360 0.974120
vt 0.664740 0.909040
vt 0.676560 0.974120
vt 0.669410 0.974270
vt 0.676560 0.974270
vt 0.664660 0.909200
vt 0.667690 0.993560
vt 0.585910 0.890750
vt 0.588890 0.911580
vt 0.595900 0.889570
vt 0.388560 0.924340
vt 0.609740 0.911950
vt 0.609810 0.912080
vt 0.394020 0.968210
vt 0.392690 0.961120
vt 0.384950 0.961120
vt 0.378320 0.924350
vt 0.376690 0.915360
vt 0.387410 0.914090
vt 0.394740 0.976420
vt 0.394000 0.968100
vt 0.386500 0.969660
vt 0.388220 0.924350
vt 0.585560 0.890760
vt 0.588540 0.911590
vt 0.387070 0.914100
vt 0.703380 0.974800
vt 0.703330 0.974930
vt 0.696180 0.974790
vt 0.708030 0.909920
vt 0.696180 0.974940
vt 0.762890 0.912760
vt 0.762970 0.912630
vt 0.776800 0.890270
vt 0.783830 0.912240
vt 0.783820 0.912240
vt 0.786790 0.891430
vt 0.705060 0.994210
vt 0.707960 0.909760
vt 0.984220 0.924830
vt 0.984210 0.924820
vt 0.985360 0.914590
vt 0.996080 0.915830
vt 0.994460 0.924820
vt 0.980110 0.961580
vt 0.987850 0.961570
vt 0.978790 0.968660
vt 0.978810 0.968560
vt 0.978080 0.976870
vt 0.986320 0.970110
vt 0.787130 0.891440
vt 0.984560 0.924840
vt 0.985700 0.914600
vt 0.784170 0.912250
s 1
usemtl Body
f 1/1/1 2/2/2 3/3/3
f 2/2/4 4/4/5 3/3/6
f 3/3/6 4/4/5 5/5/7
f 6/6/8 7/7/9 1/1/10
f 7/7/9 8/8/11 1/1/10
f 8/8/12 9/9/13 1/1/14
f 1/1/14 9/9/13 2/2/15
f 9/9/16 10/10/17 2/2/16
f 2/2/16 10/10/17 4/4/18
f 5/5/19 11/11/20 12/12/21
f 5/5/19 13/13/22 11/11/20
f 5/5/19 4/4/23 13/13/22
f 13/13/24 14/14/25 11/11/26
f 13/13/24 15/15/27 14/14/25
f 13/13/28 10/10/29 15/15/30
f 4/4/31 10/10/29 13/13/28
f 8/8/32 16/16/33 17/17/34
f 18/18/35 16/16/33 8/8/32
f 7/7/36 8/8/32 19/19/37
f 20/20/38 5/5/39 12/12/40
f 3/3/41 5/5/39 20/20/38
f 12/12/42 21/21/43 22/22/44 20/20/45
f 16/16/46 23/16/46 17/17/46
f 24/18/47 23/16/47 16/16/47
f 18/18/47 24/18/47 16/16/47
f 8/8/48 24/18/48 18/18/48
f 25/23/49 26/24/50 15/15/51
f 15/15/51 26/24/50 27/25/52
f 28/26/53 15/15/51 14/14/54
f 26/24/47 29/24/47 30/25/47
f 26/24/47 30/25/47 27/25/47
f 27/25/55 30/25/55 15/15/55
f 29/27/56 31/28/57 32/29/57
f 29/27/56 32/29/57 30/30/58
f 31/28/59 33/31/60 34/32/60
f 31/28/61 34/32/61 32/29/62
f 32/29/63 34/32/64 14/33/65
f 15/34/66 32/29/63 14/33/65
f 30/30/67 32/29/63 15/34/66
f 14/33/68 15/34/68 7/35/68
f 15/34/68 10/36/68 7/35/68
f 7/35/68 9/37/68 8/38/68
f 10/36/68 9/37/68 7/35/68
f 35/39/58 36/40/58 23/41/58
f 24/42/58 35/39/58 23/41/58
f 37/43/69 38/44/69 36/40/69
f 35/39/69 37/43/69 36/40/69
f 7/35/70 37/43/71 35/39/72
f 7/35/70 35/39/72 8/38/73
f 8/38/73 35/39/72 24/42/74
f 8/8/32 17/17/34 19/19/37
f 28/26/53 25/23/49 15/15/51
f 25/23/75 29/24/75 26/24/75
f 23/41/76 36/40/77 17/40/78
f 36/40/77 38/44/79 19/44/79
f 17/40/78 36/40/77 19/44/80
f 25/28/81 31/28/82 29/27/75
f 28/31/83 33/31/83 31/28/82
f 28/31/83 31/28/82 25/28/81
f 39/45/68 40/46/68 41/47/68
f 41/47/68 40/46/68 42/48/84
f 12/49/85 11/50/85 20/51/85
f 11/50/85 14/52/85 20/51/85
f 20/51/85 14/52/85 39/53/85 40/54/85 7/55/85
f 20/51/85 7/55/85 6/56/85
f 20/51/86 40/57/87 43/58/88 44/59/89
f 21/60/90 45/61/91 39/62/92 12/49/93
f 6/6/94 1/1/1 3/3/3
f 40/54/85 46/63/85 37/64/85
f 34/65/85 47/66/85 39/53/85
f 14/52/85 34/65/85 39/53/85
f 48/67/95 49/68/96 50/69/97
f 51/70/98 49/68/96 48/67/99
f 52/69/100 53/68/101 54/67/102
f 54/67/102 53/68/101 55/70/103
f 54/67/104 50/69/105 52/69/106
f 48/67/107 50/69/105 54/67/104
f 50/71/68 49/72/68 53/73/68
f 50/71/68 53/73/68 52/74/68
f 51/70/108 48/75/109 55/70/108
f 55/70/108 48/75/109 54/75/110
f 56/69/111 57/68/112 58/67/113
f 58/67/113 57/68/112 59/70/114
f 60/67/115 61/68/116 62/69/117
f 63/70/118 61/68/116 60/67/119
f 62/69/120 56/69/121 60/67/104
f 60/67/104 56/69/121 58/67/122
f 61/73/123 57/72/124 56/71/125
f 62/74/125 61/73/123 56/71/125
f 63/70/126 58/75/127 59/70/128
f 60/75/108 58/75/108 63/70/127
f 20/20/129 6/6/94 3/3/3
f 64/76/85 65/77/85 66/78/85
f 67/79/130 68/80/131 69/81/132
f 69/81/132 68/80/131 70/82/133
f 70/82/133 71/83/134 72/84/135
f 69/85/136 70/86/137 73/87/138
f 73/87/138 70/86/137 74/88/139
f 70/86/137 72/89/140 74/88/139
f 74/88/139 72/89/140 75/90/141
f 68/80/131 67/79/142 76/91/143
f 76/91/143 67/79/142 77/92/144
f 68/80/131 71/83/134 70/82/133
f 68/80/131 76/91/143 71/83/134
f 71/83/134 76/91/143 78/93/145
f 64/81/146 79/80/147 80/79/148
f 81/82/149 79/80/147 64/81/146
f 82/84/150 83/83/151 81/82/149
f 73/87/138 81/86/152 64/85/153
f 74/88/139 81/86/152 73/87/138
f 74/88/139 82/89/154 81/86/152
f 75/90/141 82/89/154 74/88/139
f 84/91/155 85/92/156 79/80/147
f 79/80/147 85/92/157 80/79/148
f 81/82/149 83/83/158 79/80/147
f 84/91/155 79/80/147 86/93/159
f 86/93/159 79/80/147 83/83/158
f 75/94/47 86/93/47 83/83/47
f 66/78/85 69/95/85 64/76/85
f 67/96/85 87/59/85 80/97/85
f 87/59/85 21/60/85 80/97/85
f 77/98/85 67/96/85 80/97/85
f 80/97/85 85/99/85 77/98/85
f 69/95/85 73/100/85 64/76/85
s 0
f 78/93/85 86/93/85 88/93/85
s 1
f 78/93/47 86/93/47 71/83/47
f 71/83/47 86/93/47 75/94/47
f 37/64/85 7/55/85 40/54/85
f 89/101/160 90/102/161 91/103/162
f 92/103/163 93/102/164 94/101/165
f 95/104/166 93/102/164 92/103/163
f 96/105/165 93/102/164 95/104/166
f 97/104/167 90/102/161 98/105/168
f 91/103/162 90/102/161 97/104/167
f 92/106/169 89/107/170 91/108/170
f 94/109/169 89/107/170 92/106/169
f 96/110/171 90/111/171 93/112/171
f 98/113/172 90/111/171 96/110/171
f 91/108/173 97/114/174 92/106/173
f 92/106/173 97/114/174 95/115/173
f 95/115/175 98/113/176 96/110/177
f 97/114/178 98/113/176 95/115/175
f 93/116/179 90/117/180 89/107/181
f 94/109/181 93/116/179 89/107/181
f 99/118/182 100/119/182 101/120/182
f 102/121/183 103/122/162 104/123/184
f 105/124/185 106/125/186 100/119/187
f 100/119/185 106/125/188 107/126/189
f 108/120/190 109/126/166 110/118/190
f 110/118/190 109/126/166 111/119/191
f 112/125/192 113/124/193 109/126/194
f 109/126/194 113/124/195 111/119/196
f 101/127/197 107/128/197 108/129/198
f 108/129/198 107/128/197 109/130/199
f 106/131/200 112/132/201 107/128/202
f 107/128/202 112/132/201 109/130/203
f 110/129/204 111/130/204 99/127/205
f 99/127/205 111/130/204 100/128/205
f 113/132/206 105/131/206 111/130/206
f 111/130/206 105/131/206 100/128/207
f 114/133/208 103/122/162 102/121/183
f 101/120/182 100/119/182 107/126/209
f 99/118/210 101/120/211 103/122/212
f 103/122/212 101/120/211 104/123/213
f 115/121/190 116/123/166 117/133/166
f 117/133/166 116/123/166 118/122/166
f 108/120/214 110/118/215 116/123/216
f 116/123/216 110/118/215 118/122/217
f 102/134/218 104/135/219 115/136/220
f 115/136/220 104/135/219 116/137/221
f 101/127/222 108/129/223 104/135/224
f 104/135/224 108/129/223 116/137/225
f 117/136/226 118/137/227 114/134/227
f 114/134/227 118/137/227 103/135/228
f 110/129/229 99/127/230 118/137/229
f 118/137/229 99/127/230 103/135/231
f 119/138/232 120/139/233 121/140/234
f 119/138/232 121/140/234 122/141/234
f 123/141/235 124/140/236 125/138/235
f 124/140/236 126/142/235 125/138/235
f 125/138/237 126/142/238 127/143/239
f 128/144/240 129/145/241 130/146/241
f 128/144/240 126/142/238 129/145/241
f 127/143/239 126/142/238 128/144/240
f 131/143/242 120/139/243 119/138/244
f 132/146/245 133/147/245 134/144/246
f 134/144/246 120/139/243 131/143/242
f 133/147/245 120/139/243 134/144/246
f 133/148/247 126/142/247 120/149/247
f 129/145/247 126/142/247 133/148/247
f 120/149/248 126/142/249 124/150/249
f 121/151/250 120/149/248 124/150/249
f 128/152/251 132/153/252 134/154/253
f 128/152/251 130/155/252 132/153/252
f 127/156/254 134/154/254 131/157/255
f 127/156/254 128/152/256 134/154/254
f 132/153/257 129/155/258 133/153/259
f 130/155/260 129/155/258 132/153/257
f 119/158/261 122/159/262 123/160/263
f 119/158/261 123/160/263 125/161/264
f 119/158/265 127/156/266 131/157/265
f 125/161/265 127/156/266 119/158/265
f 122/141/267 121/140/268 123/162/268
f 123/162/268 121/140/268 124/163/269
f 135/164/270 136/165/271 137/166/272
f 135/164/270 137/166/272 138/167/273
f 138/167/274 137/166/275 139/166/276
f 140/167/277 138/167/274 139/166/276
f 141/165/278 142/164/279 139/166/280
f 139/166/280 142/164/279 140/167/281
f 141/165/282 136/165/283 142/164/284
f 142/164/284 136/165/283 135/164/283
f 143/168/285 141/165/285 139/166/286
f 144/169/286 141/165/285 143/168/285
f 140/167/287 135/164/287 138/167/287
f 142/164/287 135/164/287 140/167/287
f 144/169/288 136/165/288 141/165/288
f 139/166/289 137/166/289 143/168/289
f 145/101/290 146/102/291 147/103/291
f 148/103/292 149/102/293 150/101/292
f 151/104/294 149/102/293 148/103/292
f 152/105/295 149/102/293 151/104/294
f 153/104/290 146/102/291 154/105/296
f 147/103/291 146/102/291 153/104/290
f 148/106/297 145/107/298 147/108/299
f 150/109/299 145/107/298 148/106/297
f 152/110/300 146/111/301 149/112/302
f 154/113/303 146/111/301 152/110/300
f 147/108/304 153/114/304 148/106/304
f 148/106/304 153/114/304 151/115/304
f 151/115/305 154/113/306 152/110/307
f 153/114/308 154/113/306 151/115/305
f 149/116/309 146/117/309 145/107/310
f 150/109/311 149/116/309 145/107/310
f 155/118/312 156/119/313 157/120/314
f 158/121/315 159/122/296 160/123/316
f 161/124/317 162/125/318 156/119/319
f 156/119/319 162/125/319 163/126/320
f 164/120/321 165/126/294 166/118/294
f 166/118/294 165/126/294 167/119/294
f 168/125/322 169/124/323 165/126/324
f 165/126/325 169/124/326 167/119/327
f 157/127/328 163/128/329 164/129/328
f 164/129/328 163/128/329 165/130/330
f 162/131/331 168/132/332 163/128/333
f 163/128/333 168/132/332 165/130/334
f 166/129/335 167/130/336 155/127/337
f 155/127/337 167/130/336 156/128/338
f 169/132/339 161/131/340 167/130/340
f 167/130/341 161/131/340 156/128/342
f 170/133/343 159/122/296 158/121/315
f 157/120/314 156/119/313 163/126/313
f 155/118/344 157/120/345 159/122/346
f 159/122/346 157/120/345 160/123/345
f 171/121/321 172/123/347 173/133/347
f 173/133/347 172/123/347 174/122/348
f 164/120/349 166/118/350 172/123/351
f 172/123/351 166/118/350 174/122/352
f 158/134/353 160/135/354 171/136/355
f 171/136/355 160/135/354 172/137/356
f 157/127/357 164/129/358 160/135/359
f 160/135/359 164/129/358 172/137/360
f 173/136/361 174/137/362 170/134/363
f 170/134/363 174/137/362 159/135/364
f 166/129/365 155/127/366 174/137/367
f 174/137/367 155/127/366 159/135/366
f 175/140/368 176/139/369 177/138/370
f 178/141/371 175/140/368 177/138/370
f 179/138/372 180/140/373 181/141/374
f 179/138/372 182/142/374 180/140/373
f 183/143/375 182/142/376 179/138/377
f 184/146/378 185/145/378 186/144/379
f 185/145/378 182/142/376 186/144/379
f 186/144/379 182/142/376 183/143/375
f 177/138/380 176/139/381 187/143/382
f 188/144/383 189/147/384 190/146/383
f 187/143/382 176/139/381 188/144/383
f 188/144/383 176/139/381 189/147/384
f 176/149/385 182/142/386 189/148/387
f 189/148/387 182/142/386 185/145/388
f 180/150/389 182/142/390 176/149/389
f 180/150/389 176/149/389 175/151/389
f 188/154/391 190/153/392 186/152/393
f 190/153/392 184/155/394 186/152/393
f 187/157/395 188/154/395 183/156/396
f 188/154/395 186/152/397 183/156/396
f 189/153/398 185/155/399 190/153/398
f 190/153/398 185/155/399 184/155/399
f 181/160/400 178/159/401 177/158/402
f 179/161/403 181/160/400 177/158/402
f 187/157/404 183/156/405 177/158/406
f 177/158/406 183/156/405 179/161/407
f 181/162/408 175/140/409 178/141/409
f 180/163/408 175/140/409 181/162/408
f 191/166/410 192/165/411 193/164/412
f 194/167/413 191/166/410 193/164/412
f 195/166/414 191/166/415 194/167/415
f 195/166/414 194/167/415 196/167/416
f 195/166/417 197/164/418 198/165/419
f 196/167/420 197/164/418 195/166/417
f 197/164/421 192/165/422 198/165/423
f 193/164/424 192/165/422 197/164/421
f 195/166/425 198/165/425 199/168/425
f 199/168/426 198/165/426 200/169/426
f 194/167/427 193/164/427 196/167/427
f 196/167/427 193/164/427 197/164/427
f 198/165/428 192/165/428 200/169/428
f 199/168/429 191/166/429 195/166/429
f 201/170/430 202/171/431 203/172/432
f 204/173/433 201/170/430 203/172/432
f 205/174/434 206/175/435 207/176/436
f 205/174/434 207/176/436 208/177/437
f 209/178/438 210/179/439 211/180/440
f 209/178/438 211/180/440 212/181/441
f 213/182/442 214/183/443 215/184/444
f 216/185/445 213/182/446 215/184/444
f 214/183/443 206/175/435 205/174/434
f 215/184/444 214/183/443 205/174/434
f 203/172/432 202/171/431 210/179/439
f 203/172/432 210/179/439 209/178/438
f 205/186/447 208/187/448 203/172/449
f 203/172/449 208/187/448 204/188/450
f 209/178/451 212/189/452 215/190/453
f 212/189/452 216/191/454 215/190/453
f 205/186/447 203/172/449 215/190/453
f 215/190/453 203/172/449 209/178/451
f 206/192/455 202/193/456 207/194/457
f 207/194/457 202/193/456 201/195/458
f 210/196/459 214/197/460 211/198/461
f 211/198/461 214/197/460 213/199/462
f 210/196/459 202/193/456 214/197/460
f 214/197/460 202/193/456 206/192/455
f 204/200/463 207/201/463 201/202/464
f 208/203/465 207/201/463 204/200/463
f 217/204/466 218/205/467 219/205/468
f 220/206/469 221/207/470 217/204/471 222/205/472
f 217/204/466 221/207/473 223/206/474 218/205/467
f 217/204/471 219/205/475 222/205/472
f 224/208/476 225/209/476 226/210/476 227/211/476 228/212/476 229/213/476
f 230/214/477 231/215/478 232/216/479 233/217/480
f 234/217/481 232/216/479 231/215/478 235/214/482
f 236/218/483 234/217/481 235/214/482 237/219/484
f 238/220/485 236/218/483 237/219/484 239/221/486
f 240/218/487 238/220/485 239/221/486 241/219/488
f 233/217/480 240/218/487 241/219/488 230/214/477
f 226/222/489 225/223/490 242/224/491 243/225/492
f 226/222/489 243/225/492 244/226/493 227/227/494
f 227/227/494 244/226/493 245/228/495 228/229/496
f 229/230/497 228/231/498 245/232/499 246/233/500
f 224/234/501 229/230/497 246/233/500 247/235/502
f 224/234/501 247/235/502 242/236/503 225/237/504
f 248/238/505 223/239/505 221/240/505
f 221/241/506 220/242/506 248/243/506
f 249/244/507 250/245/508 251/246/509 252/247/510
f 253/248/511 254/249/511 255/250/511 256/251/511 257/252/511 258/253/511
f 259/254/512 260/255/513 251/254/512 250/256/514 261/257/512 262/256/515
f 259/254/516 263/258/517 264/259/518 260/255/519
f 262/256/520 265/260/521 263/258/517 259/254/516
f 261/257/522 248/243/523 265/260/521 262/256/520
f 250/245/508 249/244/507 248/238/524 261/261/525
f 256/262/526 249/244/507 252/247/510 257/263/527
f 260/264/528 264/265/529 252/247/510 251/246/509
f 257/263/527 252/247/510 264/265/529 258/266/530
f 253/267/531 258/268/532 264/259/518 263/258/517
f 254/269/533 253/267/531 263/258/517 265/260/521
f 254/269/533 265/260/521 248/243/523 255/270/534
f 256/262/526 255/271/535 248/238/524 249/244/507
f 266/272/536 267/272/536 268/273/536
f 267/272/537 266/272/537 269/274/537 270/274/537
f 270/274/538 269/274/538 271/275/538 272/275/538
f 272/275/539 271/275/540 273/276/541 274/276/542
f 274/276/543 273/276/543 275/277/543 276/277/543
f 276/277/544 277/278/545 268/273/546 267/272/547 270/274/548 272/275/548 274/276/549
f 268/273/550 277/278/551 275/277/552 273/276/553 271/275/554 269/274/554 266/272/555
f 278/57/556 279/58/557 280/51/558
f 281/279/559 282/280/560 283/281/561
f 284/282/562 281/283/563 280/20/564
f 285/284/565 286/285/566 287/286/567
f 285/284/565 288/11/568 286/285/566
f 285/284/565 287/286/567 289/21/569
f 287/286/567 284/282/562 290/287/570
f 291/288/571 282/35/572 292/289/68
f 292/289/68 282/35/572 293/290/68
f 293/290/68 282/35/572 294/291/573
f 284/292/574 293/293/575 281/294/576
f 293/293/575 294/295/577 281/294/576
f 292/296/578 293/293/579 287/297/578
f 287/297/578 293/293/579 284/292/578
f 286/279/580 295/280/581 291/298/582
f 288/281/583 295/280/581 286/279/580
f 286/294/584 292/293/585 287/292/586
f 286/294/584 291/295/587 292/293/585
f 281/283/563 283/6/588 280/20/564
f 290/287/570 284/282/562 280/20/564
f 289/21/569 287/286/567 290/287/570
f 295/33/589 296/299/590 291/288/571
f 291/288/571 296/299/590 297/47/591
f 294/298/592 282/280/560 281/279/559
f 291/288/571 279/300/593 282/35/572
f 279/300/593 278/46/594 282/35/572
f 297/47/591 279/300/593 291/288/571
f 280/51/558 279/58/557 290/59/595
f 278/54/47 280/51/47 282/55/47
f 282/55/47 280/51/47 283/56/47
f 289/60/596 297/61/597 285/49/598
f 285/49/598 297/61/597 296/301/599
f 288/50/600 285/49/601 295/52/601
f 295/52/601 285/49/601 296/301/47
f 290/59/47 279/58/47 289/60/47
f 289/60/47 279/58/47 297/61/47
f 298/302/602 299/303/603 300/304/604
f 300/304/604 299/303/603 301/43/605
f 278/303/606 298/302/607 302/302/607
f 278/303/606 299/303/608 298/302/607
f 301/64/47 299/305/47 278/54/47
f 282/55/47 301/64/47 278/54/47
f 303/306/609 300/304/604 282/35/610
f 300/304/604 301/43/605 282/35/610
f 304/32/611 305/299/612 306/307/613
f 306/307/613 305/299/612 307/308/614
f 308/308/615 307/308/616 296/299/617
f 307/308/616 305/299/618 296/299/618
f 296/301/601 304/65/619 295/52/601
f 296/301/47 305/309/47 304/65/620
f 295/33/621 304/32/611 306/307/613
f 295/33/622 306/307/623 309/310/624
f 310/311/625 311/312/626 312/313/627
f 310/311/625 312/313/627 313/92/628
f 314/314/629 313/92/628 315/79/630
f 314/314/629 310/311/625 313/92/628
f 316/315/631 314/314/629 315/79/630
f 316/315/631 315/79/630 317/81/632
f 311/316/633 318/317/634 312/318/635
f 319/319/636 318/317/634 311/316/633
f 316/320/637 317/321/638 320/322/639
f 320/322/639 317/321/638 321/323/640
f 322/313/641 323/312/642 324/311/643
f 325/92/644 322/313/641 324/311/643
f 326/79/645 325/92/644 327/314/646
f 325/92/644 324/311/643 327/314/646
f 326/79/645 327/314/646 328/315/647
f 329/81/648 326/79/645 328/315/647
f 322/318/649 318/317/650 323/316/651
f 323/316/651 318/317/634 319/319/636
f 320/322/639 329/321/652 328/320/653
f 321/323/640 329/321/652 320/322/639
f 325/324/47 318/325/47 322/326/47
f 326/327/47 318/325/47 325/324/47
f 312/328/47 318/325/47 326/327/47
f 329/329/47 312/328/47 326/327/47
f 313/330/47 312/328/47 329/329/47
f 315/331/47 313/330/47 329/329/47
f 321/332/47 317/333/47 329/329/47
f 317/333/47 315/331/47 329/329/47
f 330/334/654 331/335/655 332/336/656
f 333/337/657 331/335/655 330/334/654
f 333/337/657 334/338/658 331/335/655
f 333/337/657 335/339/659 334/338/658
f 336/340/660 333/337/657 330/334/654
f 337/341/661 338/342/662 333/343/663
f 338/342/662 335/343/664 333/343/663
f 339/344/665 337/341/661 336/343/666
f 337/341/661 333/343/663 336/343/666
f 340/345/667 341/346/668 342/334/669
f 342/334/669 337/337/670 339/340/671
f 342/334/669 341/346/668 337/337/670
f 343/347/672 338/348/673 337/337/670
f 334/349/674 343/350/675 341/351/676
f 331/352/677 334/349/674 341/351/676
f 340/345/678 331/352/677 341/351/676
f 332/353/679 331/352/677 340/345/678
f 343/354/680 335/343/681 338/342/682
f 342/355/683 336/343/684 330/356/685
f 332/357/686 340/358/687 330/356/685
f 330/356/685 340/358/687 342/355/683
f 339/344/684 336/343/684 342/355/683
f 341/346/668 343/347/672 337/337/670
f 334/359/688 335/343/681 343/354/680
f 344/360/689 345/361/690 346/362/691
f 347/363/692 344/360/689 346/362/691
f 347/363/692 346/362/691 348/364/693
f 344/360/689 349/365/694 345/361/690
f 350/366/695 349/365/694 344/360/689
f 351/367/696 344/360/689 347/363/692
f 351/367/696 350/366/695 344/360/689
f 352/368/697 347/363/692 348/364/693
f 351/367/696 347/363/692 352/368/697
f 353/369/698 349/365/694 350/366/695
f 354/370/699 349/365/694 353/369/698
f 355/371/700 351/367/696 352/368/697
f 356/372/701 355/371/700 352/368/697
f 357/373/702 354/370/699 353/369/698
f 356/372/701 357/373/702 355/371/700
f 358/374/703 353/369/698 350/366/695
f 358/374/703 350/366/695 351/367/696
f 355/371/700 358/374/703 351/367/696
f 357/373/702 353/369/698 355/371/700
f 355/371/700 353/369/698 358/374/703
f 359/375/704 360/376/705 361/377/706
f 359/375/704 362/378/707 360/376/705
f 363/379/708 364/380/709 360/376/705
f 362/378/707 363/379/708 360/376/705
f 365/377/710 366/376/711 367/375/712
f 366/376/711 368/378/713 367/375/712
f 366/376/711 369/380/714 370/379/715
f 366/376/711 370/379/715 368/378/713
f 371/381/716 372/382/717 373/383/718
f 373/383/719 372/382/717 374/384/720
f 372/382/717 375/385/721 376/386/722
f 372/382/717 376/386/722 374/384/720
f 377/383/723 378/382/724 379/387/725
f 380/384/726 378/382/724 377/383/723
f 381/386/727 382/388/728 378/382/724
f 380/384/726 381/386/727 378/382/724
f 379/387/725 378/382/724 365/377/710
f 378/382/724 366/376/711 365/377/710
f 378/382/724 382/388/728 369/380/714
f 378/382/724 369/380/714 366/376/711
f 361/377/706 372/382/717 371/381/716
f 361/377/706 360/376/705 372/382/717
f 364/380/709 375/385/721 372/382/717
f 360/376/705 364/380/709 372/382/717
f 362/389/729 370/390/730 363/391/731
f 368/392/732 370/390/730 362/389/729
f 367/390/733 362/389/729 359/391/734
f 367/390/733 368/392/732 362/389/729
f 363/391/731 369/393/735 364/394/736
f 370/390/730 369/393/735 363/391/731
f 375/385/737 382/395/738 381/396/739
f 376/397/740 375/385/737 381/396/739
f 369/393/735 382/395/738 375/385/737
f 369/393/735 375/385/737 364/394/736
f 365/398/741 367/399/742 359/400/743
f 365/398/741 359/400/743 361/401/744
f 373/402/745 377/403/746 371/404/747
f 371/404/748 377/403/746 379/387/749
f 371/404/748 365/398/741 361/401/744
f 379/387/749 365/398/741 371/404/748
f 383/405/750 384/406/751 385/407/752
f 386/408/753 383/405/750 385/407/752
f 387/409/754 388/410/755 389/411/756
f 387/409/754 389/411/756 390/412/757
f 390/412/757 391/413/758 392/414/759
f 393/414/760 394/413/761 386/412/762
f 395/415/763 396/416/764 397/417/765
f 398/418/766 395/415/763 397/417/765
f 395/415/763 399/419/767 396/416/764
f 389/411/756 400/420/768 401/421/769
f 402/421/770 403/420/771 383/411/772
f 404/417/773 405/415/774 406/418/775
f 404/417/773 407/416/776 405/415/774
f 407/416/776 408/419/777 405/415/774
f 409/422/778 398/418/766 397/417/765
f 410/423/779 387/409/754 392/414/759
f 387/409/754 390/412/757 392/414/759
f 404/417/773 406/418/775 411/422/780
f 403/420/771 412/424/781 384/410/782
f 383/411/772 403/420/771 384/410/782
f 388/410/755 413/424/783 400/420/768
f 388/410/755 400/420/768 389/411/756
f 384/410/782 399/419/767 395/415/763
f 412/424/781 399/419/767 384/410/782
f 388/410/755 408/419/777 413/424/783
f 405/415/774 408/419/777 388/410/755
f 390/412/757 389/411/756 391/413/758
f 391/413/758 389/411/756 401/421/769
f 394/413/761 383/411/772 386/412/762
f 402/421/770 383/411/772 394/413/761
f 414/423/784 398/418/766 409/422/778
f 385/409/785 398/418/766 414/423/784
f 393/414/760 386/412/762 385/409/785
f 393/414/760 385/409/785 414/423/784
f 411/422/780 406/418/775 410/423/779
f 410/423/779 406/418/775 387/409/754
f 415/425/786 416/426/787 417/427/788
f 418/428/789 415/425/786 417/427/788
f 417/427/790 416/426/791 419/429/792
f 419/429/792 416/426/791 415/425/793
f 419/429/792 415/425/793 418/428/794
f 396/430/795 407/431/796 404/431/797
f 397/430/797 396/430/795 404/431/797
f 391/432/798 401/433/799 402/434/800
f 391/432/798 402/434/800 394/435/801
f 409/436/802 397/430/803 411/422/802
f 397/430/803 404/431/804 411/422/802
f 410/437/805 393/438/806 414/439/807
f 410/437/805 392/440/808 393/438/806
f 409/436/809 410/437/805 414/439/807
f 411/422/809 410/437/805 409/436/809
f 392/440/808 391/432/798 393/438/806
f 393/438/806 391/432/798 394/435/801
f 403/441/810 413/442/811 412/443/812
f 400/444/813 413/442/811 403/441/810
f 412/443/812 408/445/814 399/419/815
f 413/442/811 408/445/814 412/443/812
f 396/446/816 408/445/817 407/447/818
f 399/419/819 408/445/817 396/446/816
f 401/448/820 400/444/813 402/449/821
f 402/449/821 400/444/813 403/441/810
f 384/406/751 395/450/822 398/451/823
f 385/407/752 384/406/751 398/451/823
f 406/418/775 388/410/755 387/409/754
f 406/418/775 405/415/774 388/410/755
f 420/452/824 421/453/825 422/454/826
f 423/455/826 424/456/826 420/452/826
f 425/457/826 420/452/824 422/454/826
f 423/455/827 420/452/824 425/457/826
f 426/458/828 427/459/829 423/460/830
f 428/458/831 429/459/832 427/459/829
f 430/461/833 429/459/832 421/462/834
f 424/462/835 427/459/829 431/461/836
f 423/460/830 427/459/829 424/462/835
f 428/458/831 427/459/829 426/458/828
f 422/460/837 429/459/832 428/458/831
f 421/462/834 429/459/832 422/460/837
f 431/461/838 427/459/829 430/461/833
f 427/459/829 429/459/832 430/461/833
f 431/463/839 432/464/840 420/465/841
f 432/464/840 430/466/842 420/465/841
f 424/467/843 431/463/839 420/465/841
f 420/465/844 430/466/842 421/468/845
f 433/336/846 434/335/847 435/334/848
f 435/334/848 434/335/847 436/337/849
f 434/335/847 437/338/850 436/337/849
f 437/338/850 438/339/851 436/337/849
f 435/334/848 436/337/849 439/340/852
f 436/343/853 440/342/854 441/341/855
f 436/343/853 438/343/856 440/342/854
f 439/343/666 441/341/855 442/344/665
f 439/343/666 436/343/853 441/341/855
f 443/334/857 444/346/858 445/345/859
f 442/340/860 441/337/861 443/334/857
f 441/337/861 444/346/858 443/334/857
f 441/337/861 440/348/862 446/347/863
f 444/351/864 446/350/865 437/349/866
f 444/351/864 437/349/866 434/352/867
f 444/351/864 434/352/867 445/345/868
f 445/345/868 434/352/867 433/353/869
f 440/342/870 438/343/871 446/354/872
f 435/356/873 439/343/684 443/355/874
f 435/356/873 445/358/875 433/357/876
f 443/355/874 445/358/875 435/356/873
f 443/355/874 439/343/684 442/344/684
f 441/337/861 446/347/863 444/346/858
f 446/354/872 438/343/871 437/359/877
f 447/362/878 448/361/879 449/360/880
f 447/362/878 449/360/880 450/363/881
f 451/364/882 447/362/878 450/363/881
f 448/361/879 452/365/883 449/360/880
f 449/360/880 452/365/883 453/366/884
f 450/363/881 449/360/880 454/367/885
f 449/360/880 453/366/884 454/367/885
f 451/364/882 450/363/881 455/368/886
f 455/368/886 450/363/881 454/367/885
f 453/366/884 452/365/883 456/369/887
f 456/369/887 452/365/883 457/370/888
f 455/368/886 454/367/885 458/371/889
f 455/368/886 458/371/889 459/372/890
f 456/369/887 457/370/888 460/373/891
f 458/371/889 460/373/891 459/372/890
f 453/366/884 456/369/887 461/374/892
f 454/367/885 453/366/884 461/374/892
f 454/367/885 461/374/892 458/371/889
f 458/371/889 456/369/887 460/373/891
f 461/374/892 456/369/887 458/371/889
f 462/377/893 463/376/894 464/375/895
f 463/376/894 465/378/896 464/375/895
f 463/376/894 466/380/897 467/379/898
f 463/376/894 467/379/898 465/378/896
f 468/375/899 469/376/900 470/377/901
f 468/375/899 471/378/902 469/376/900
f 472/379/903 473/380/904 469/376/900
f 471/378/902 472/379/903 469/376/900
f 474/383/905 475/382/906 476/381/907
f 477/384/908 475/382/906 474/383/905
f 478/386/909 479/385/910 475/382/906
f 477/384/908 478/386/909 475/382/906
f 480/387/911 481/382/912 482/383/913
f 482/383/914 481/382/912 483/384/915
f 481/382/912 484/388/916 485/386/917
f 481/382/912 485/386/917 483/384/915
f 470/377/901 481/382/912 480/387/911
f 470/377/901 469/376/900 481/382/912
f 473/380/904 484/388/916 481/382/912
f 469/376/900 473/380/904 481/382/912
f 476/381/907 475/382/906 462/377/893
f 475/382/906 463/376/894 462/377/893
f 475/382/906 479/385/910 466/380/897
f 475/382/906 466/380/897 463/376/894
f 467/391/918 472/390/919 465/389/920
f 465/389/920 472/390/919 471/392/921
f 464/391/922 465/389/920 468/390/923
f 465/389/920 471/392/921 468/390/923
f 466/394/924 473/393/925 467/391/918
f 467/391/918 473/393/925 472/390/919
f 485/396/926 484/395/927 479/385/928
f 485/396/929 479/385/928 478/397/930
f 479/385/928 484/395/927 473/393/925
f 466/394/924 479/385/928 473/393/925
f 464/400/931 468/399/932 470/398/933
f 462/401/934 464/400/931 470/398/933
f 476/404/935 482/403/936 474/402/936
f 480/387/937 482/403/936 476/404/935
f 462/401/934 470/398/933 476/404/935
f 476/404/935 470/398/933 480/387/937
f 486/469/938 487/470/939 488/471/940
f 486/469/938 488/471/940 489/472/941
f 490/411/942 491/410/943 492/409/944
f 493/412/945 490/411/942 492/409/944
f 494/414/946 495/413/947 493/412/945
f 489/412/948 496/413/949 497/414/950
f 498/417/951 499/416/952 500/415/953
f 498/417/951 500/415/953 501/418/954
f 499/416/952 502/419/955 500/415/953
f 503/421/956 504/420/957 490/411/942
f 488/411/958 505/420/959 506/421/960
f 507/418/961 508/415/962 509/417/963
f 508/415/962 510/416/964 509/417/963
f 508/415/962 511/419/965 510/416/964
f 498/417/951 501/418/954 512/422/966
f 494/414/946 492/409/944 513/423/967
f 494/414/946 493/412/945 492/409/944
f 514/422/968 507/418/961 509/417/963
f 487/410/969 515/424/970 505/420/959
f 487/410/969 505/420/959 488/411/958
f 504/420/957 516/424/971 491/410/943
f 490/411/942 504/420/957 491/410/943
f 500/415/953 502/419/955 487/410/969
f 487/410/969 502/419/955 515/424/970
f 516/424/971 511/419/965 491/410/943
f 491/410/943 511/419/965 508/415/962
f 495/413/947 490/411/942 493/412/945
f 503/421/956 490/411/942 495/413/947
f 489/412/948 488/411/958 496/413/949
f 496/413/949 488/411/958 506/421/960
f 512/422/966 501/418/954 517/423/972
f 517/423/972 501/418/954 486/409/973
f 486/409/973 489/412/948 497/414/950
f 517/423/972 486/409/973 497/414/950
f 513/423/967 507/418/961 514/422/968
f 492/409/944 507/418/961 513/423/967
f 518/427/974 519/426/975 520/425/976
f 518/427/974 520/425/976 521/428/977
f 522/429/978 519/426/979 518/427/980
f 520/425/981 519/426/979 522/429/978
f 521/428/982 520/425/981 522/429/978
f 509/431/983 510/431/983 499/430/983
f 509/431/983 499/430/983 498/430/983
f 506/434/984 503/433/985 495/432/986
f 496/435/987 506/434/984 495/432/986
f 514/422/988 498/430/989 512/436/990
f 514/422/988 509/431/989 498/430/989
f 517/439/991 497/438/992 513/437/993
f 497/438/992 494/440/994 513/437/993
f 517/439/991 513/437/993 512/436/995
f 512/436/995 513/437/993 514/422/995
f 497/438/992 495/432/986 494/440/994
f 496/435/987 495/432/986 497/438/992
f 515/443/996 516/442/997 505/441/998
f 505/441/998 516/442/997 504/444/999
f 502/419/1000 511/445/1000 515/443/996
f 515/443/996 511/445/1000 516/442/997
f 510/447/1001 511/445/1002 499/446/1003
f 499/446/1003 511/445/1002 502/419/1002
f 505/441/998 504/444/999 506/449/1004
f 506/449/1004 504/444/999 503/448/1005
f 501/473/1006 500/474/1007 487/470/939
f 501/473/1006 487/470/939 486/469/938
f 492/409/944 491/410/943 507/418/961
f 491/410/943 508/415/962 507/418/961
f 523/454/1008 524/453/1008 525/452/1009
f 525/452/1010 526/456/1011 527/455/1012
f 523/454/1011 525/452/1010 528/457/1012
f 528/457/1012 525/452/1010 527/455/1012
f 527/460/1013 529/459/1014 530/458/1015
f 529/459/1014 531/459/1016 532/458/1017
f 524/462/1018 531/459/1016 533/461/1019
f 534/461/1020 529/459/1021 526/462/1022
f 526/462/1022 529/459/1021 527/460/1023
f 530/458/1015 529/459/1014 532/458/1017
f 532/458/1017 531/459/1016 523/460/1024
f 523/460/1024 531/459/1016 524/462/1018
f 533/461/1025 529/459/1021 534/461/1020
f 533/461/1019 531/459/1016 529/459/1014
f 525/465/1026 535/464/1027 534/463/1028
f 525/465/1026 533/466/1029 535/464/1027
f 525/465/1030 534/463/1031 526/467/1032
f 524/468/1033 533/466/1029 525/465/1026
f 536/475/1034 537/476/1035 538/477/1036
f 539/478/1037 538/477/1036 540/479/1038
f 536/475/1034 541/480/1039 537/476/1035
f 540/479/1038 538/477/1036 542/481/1040
f 538/477/1036 537/476/1035 542/481/1040
f 543/482/1041 544/481/1042 545/479/1043
f 536/475/1034 538/477/1036 546/483/1044
f 539/478/1037 547/484/1045 538/477/1036
f 538/477/1036 547/484/1045 546/483/1044
f 548/485/1046 541/480/1039 546/483/1044
f 546/483/1044 541/480/1039 536/475/1034
f 548/485/1046 549/486/1047 541/480/1039
f 550/487/1048 541/480/1039 551/488/1048
f 552/489/1049 549/486/1047 548/485/1046
f 552/490/1050 553/491/1051 554/492/1052
f 554/492/1053 555/493/1053 552/490/1054
f 552/490/1054 555/493/1053 549/494/1055
f 556/495/1056 557/496/1057 558/497/1058
f 558/497/1058 557/496/1057 559/498/1059
f 558/497/1058 560/499/1060 547/500/1061
f 553/491/1051 552/490/1050 561/501/1062
f 553/491/1051 562/502/1063 554/492/1052
f 563/503/1064 564/504/1065 565/505/1064
f 565/505/1066 564/504/1065 566/506/1066
f 544/507/1067 542/508/1067 567/509/1067
f 567/509/1067 542/508/1067 568/510/1067
f 562/502/1063 569/511/1068 570/512/1069
f 569/511/1070 571/513/1071 570/512/1072
f 570/512/1073 571/513/1074 572/514/1075
f 537/476/1035 563/515/1076 573/516/1077
f 573/516/1077 563/515/1076 565/517/1078
f 542/481/1040 537/476/1035 568/518/1079
f 568/518/1079 537/476/1035 573/516/1077
f 574/519/1080 575/520/1081 548/521/1082
f 575/520/1083 561/501/1062 548/521/1084
f 548/521/1084 561/501/1062 552/490/1050
f 576/522/1085 550/523/1086 577/524/1087
f 577/524/1088 550/523/1089 578/525/1090
f 579/526/1091 539/478/1037 543/482/1092
f 543/482/1092 539/478/1037 540/479/1038
f 551/527/1093 580/528/1094 550/523/1089
f 550/523/1089 580/528/1094 578/525/1090
f 581/529/1095 541/530/1096 555/531/1097
f 555/531/1097 541/530/1096 549/532/1098
f 581/529/1095 580/528/1094 541/530/1096
f 541/530/1096 580/528/1094 551/527/1093
f 545/479/1099 582/478/1100 543/482/1092
f 543/482/1092 582/478/1100 579/526/1091
f 582/478/1100 557/484/1101 579/526/1091
f 579/526/1091 557/484/1101 556/533/1102
f 583/476/1103 581/480/1104 584/475/1105
f 566/517/1106 564/515/1107 585/516/1108
f 585/516/1108 564/515/1107 583/476/1103
f 585/516/1108 583/476/1103 567/518/1109
f 567/518/1109 583/476/1103 544/481/1110
f 586/477/1111 583/476/1103 584/475/1105
f 544/481/1110 586/477/1111 545/479/1099
f 545/479/1099 586/477/1111 582/478/1100
f 544/481/1110 583/476/1103 586/477/1111
f 587/483/1112 586/477/1111 584/475/1105
f 587/483/1112 557/484/1113 586/477/1111
f 586/477/1111 557/484/1101 582/478/1100
f 584/475/1105 581/480/1104 587/483/1112
f 587/483/1112 581/480/1104 570/485/1114
f 581/480/1104 555/486/1115 570/485/1114
f 564/515/1107 581/480/1104 583/476/1103
f 570/485/1114 555/486/1115 554/489/1116
f 556/533/1102 547/484/1045 579/526/1091
f 579/526/1091 547/484/1045 539/478/1037
f 560/499/1060 574/519/1117 546/534/1118
f 571/513/1074 559/498/1059 572/514/1075
f 572/514/1075 559/498/1059 557/496/1057
f 577/524/1087 564/504/1119 576/522/1085
f 576/522/1085 564/504/1119 563/503/1119
f 542/481/1120 544/481/1042 540/479/1121
f 540/479/1121 544/481/1042 543/482/1041
f 537/476/1035 541/480/1039 563/515/1076
f 563/515/1076 541/480/1039 576/535/1122
f 576/535/1122 541/480/1039 550/487/1048
f 580/488/1123 581/480/1104 588/487/1124
f 588/487/1124 581/480/1104 577/535/1125
f 577/535/1125 581/480/1104 564/515/1107
f 553/491/1126 559/498/1127 562/502/1128
f 574/519/1129 561/501/1130 575/520/1131
f 569/511/1132 562/502/1128 571/513/1133
f 571/513/1133 562/502/1128 559/498/1127
f 558/497/1134 559/498/1127 553/491/1126
f 560/499/1135 561/501/1130 574/519/1129
f 561/501/1130 560/499/1135 553/491/1126
f 553/491/1126 560/499/1135 558/497/1134
f 570/512/1069 554/492/1052 562/502/1063
f 547/500/1061 556/495/1056 558/497/1058
f 546/534/1118 547/500/1061 560/499/1060
f 548/521/1082 546/534/1136 574/519/1080
f 589/536/1137 590/537/1138 591/538/1139 592/539/1140
f 593/540/1141 594/541/1142 592/539/1140 591/538/1139
f 594/541/1142 593/540/1141 595/542/1143 596/543/1144
f 597/544/1145 598/545/1146 599/546/1147 600/547/1148
f 595/542/1143 597/544/1145 600/547/1148 596/543/1144
f 601/548/1149 602/549/1149 603/550/1149 604/551/1150
f 605/552/68 606/553/68 607/554/68 608/555/68
f 609/556/1151 610/557/1151 611/558/1151 612/559/1151
f 613/560/1152 614/561/1153 615/562/1154 616/563/1155
f 601/548/1156 609/564/1156 612/565/1156 602/549/1156
f 616/563/1157 615/562/1158 617/566/1159 618/567/1160
f 614/568/1161 613/569/1162 619/302/1163 620/304/1164
f 616/570/1165 618/302/1166 619/302/1167 613/569/1168
f 621/571/1169 622/572/1169 608/573/1169 607/574/1169
f 623/575/1170 624/576/1171 625/577/1172 626/578/1173
f 627/579/1174 623/575/1175 626/578/1176 628/580/1177
f 629/308/1178 625/581/1179 624/582/1180 630/307/1181
f 629/308/1182 628/308/1183 626/289/1184 625/581/1185
f 623/583/1186 627/310/1186 624/582/1186
f 627/310/1187 630/307/1181 624/582/1180
f 621/571/1188 631/584/1188 632/585/1188 622/572/1188
f 601/548/1189 604/551/1190 610/586/1191 609/564/1192
f 611/587/1193 603/550/1193 602/549/1193 612/565/1193
f 606/588/1194 631/584/1195 621/571/1196 607/574/1197
f 622/572/607 632/585/607 605/589/607 608/573/607
f 615/590/1198 614/568/1198 617/306/1198
f 617/306/1199 614/568/1161 620/304/1164
f 633/591/1200 634/592/1201 635/593/1202
f 636/594/1203 637/595/1204 638/596/1205 639/597/1206
f 640/598/1207 641/599/1208 642/600/1209 643/601/1210
f 644/602/1211 643/601/1210 642/600/1209
f 645/600/1212 646/599/1213 647/598/1214 648/601/1215
f 645/600/1212 648/601/1215 649/602/1216
f 650/603/1217 651/604/1218 652/605/1219 653/606/1220
f 654/607/1221 641/599/1208 640/598/1207 655/608/1222
f 634/592/1201 655/608/1222 640/598/1207 635/593/1202
f 656/609/1223 635/593/1202 643/601/1210 644/602/1211
f 635/593/1202 640/598/1207 643/601/1210
f 657/610/1224 656/609/1223 644/602/1211
f 641/599/1208 658/311/1225 659/314/1226 642/600/1209
f 660/611/1227 634/592/1201 633/591/1200
f 633/591/1200 635/593/1202 656/609/1223
f 661/612/1228 660/611/1227 633/591/1200
f 654/613/1229 655/614/1230 662/615/1231 663/616/1232
f 664/617/1233 662/615/1231 655/614/1230 634/618/1234
f 660/619/1235 664/617/1233 634/618/1234
f 657/620/1236 638/621/1237 665/622/1238 656/623/1239
f 656/623/1239 665/622/1238 666/624/1240 633/625/1241
f 666/624/1240 661/624/85 633/625/1241
f 647/598/1214 646/599/1213 667/607/1242 668/608/1243
f 647/598/1214 668/608/1243 669/592/1244 670/593/1245
f 648/601/1215 670/593/1245 671/609/1246 649/602/1216
f 648/601/1215 647/598/1214 670/593/1245
f 649/602/1216 671/609/1246 637/610/1247
f 670/593/1245 669/592/1244 672/591/1248
f 672/591/1248 669/592/1244 660/611/1227
f 671/609/1246 670/593/1245 672/591/1248
f 672/591/1248 660/611/1227 661/612/1228
f 662/615/1231 668/614/1249 667/613/1250 663/616/1232
f 668/614/1249 662/615/1231 664/617/1233 669/618/1251
f 669/618/1251 664/617/1233 660/619/1235
f 665/622/1238 638/621/1237 637/620/1252 671/623/1253
f 666/624/1240 665/622/1238 671/623/1253 672/625/1254
f 672/625/1254 661/624/85 666/624/1240
f 642/626/1255 673/627/1256 674/628/1257 644/629/1258
f 657/595/1259 644/629/1258 674/628/1257 675/594/1260
f 675/594/1260 639/597/1206 638/596/1205 657/595/1259
f 645/626/1261 649/629/1262 676/628/1263 677/627/1264
f 637/595/1204 636/594/1203 676/628/1263 649/629/1262
f 598/630/1265 599/631/1266 678/632/1267
f 654/607/1221 679/312/1268 658/311/1225 641/599/1208
f 680/633/1269 681/627/1270 682/633/1271
f 678/634/1272 642/600/1209 659/314/1226
f 678/634/1272 659/314/1226 683/315/1273 684/635/1274
f 654/613/1229 663/616/1232 685/319/1275 679/316/1276
f 686/311/1277 687/312/1278 667/607/1242 646/599/1213
f 646/599/1213 645/600/1212 688/314/1279 686/311/1277
f 688/314/1279 645/600/1212 689/634/1280
f 650/315/1281 688/314/1279 689/634/1280 651/635/1282
f 685/319/1275 663/616/1232 667/613/1250 687/316/1283
f 599/631/1284 600/636/1285 682/633/1286 673/627/1287
f 600/636/1285 596/637/1288 690/638/1289 682/633/1286
f 684/639/1290 652/640/1291 595/641/1292 597/642/1293
f 598/630/1265 678/632/1267 684/639/1290 597/642/1293
f 599/631/1266 642/626/1255 678/632/1267
f 651/639/1294 591/642/1295 593/641/1296 652/640/1291
f 673/627/1256 642/626/1255 599/631/1266
f 689/632/1297 589/631/1298 590/630/1299
f 682/633/1271 681/627/1270 673/627/1300
f 691/643/1301 680/633/1269 690/638/1302
f 690/638/1302 680/633/1269 682/633/1271
f 589/631/1303 677/627/1304 692/633/1305 592/636/1306
f 693/638/1307 594/637/1308 592/636/1306 692/633/1305
f 595/641/1292 652/640/1291 593/641/1296
f 651/639/1294 689/632/1297 590/630/1299 591/642/1295
f 693/638/1309 694/633/1310 695/643/1311
f 692/633/1312 694/633/1310 693/638/1309
f 689/632/1297 645/626/1261 589/631/1298
f 589/631/1298 645/626/1261 677/627/1264
f 677/627/1313 696/627/1314 692/633/1315
f 692/633/1312 696/627/1316 694/633/1310
f 652/605/1219 684/604/1317 683/603/1318 653/606/1220
f 693/638/1309 695/643/1311 690/638/1302
f 695/643/1311 691/643/1301 690/638/1302
f 594/637/1308 693/638/1307 690/638/1289 596/637/1288
f 697/644/47 698/645/47 699/646/47
f 700/647/47 701/648/47 702/649/47
f 702/649/1319 701/648/1320 703/650/1321
f 703/650/1321 701/648/1320 704/651/1322
f 704/651/1323 705/652/1323 706/653/1323
f 703/650/1323 704/651/1323 706/653/1323
f 705/652/1324 707/654/1325 706/653/1326
f 706/653/1327 707/654/1325 700/647/1328
f 700/647/1329 702/649/1330 706/653/1330
f 706/653/1330 702/649/1330 703/650/1329
f 708/655/1331 709/656/1332 710/657/1333
f 710/657/1334 709/656/1335 711/658/1336
f 712/659/1337 713/660/1338 714/661/1339
f 714/661/1340 713/660/1341 715/662/1342
f 708/655/1343 714/661/1343 715/662/1343
f 710/657/1343 714/661/1343 708/655/1343
f 698/663/1344 716/664/1345 699/665/1346
f 698/663/1344 717/666/1347 716/664/1345
f 717/666/85 718/667/85 719/668/85
f 716/664/85 717/666/85 719/668/85
f 719/668/1348 718/667/1349 720/669/1350
f 697/670/1351 719/668/1352 720/669/1350
f 699/665/1353 719/668/1353 697/670/1354
f 716/664/1353 719/668/1353 699/665/1353
f 713/671/47 709/672/47 715/673/47
f 715/673/47 709/672/47 708/674/47
f 720/675/47 698/645/47 697/644/47
f 707/654/47 701/648/47 700/647/47
f 721/676/1355 722/677/1356 723/678/1357
f 723/678/1358 722/677/1356 724/679/1359
f 722/677/85 725/680/85 726/681/85
f 724/679/85 722/677/85 726/681/85
f 727/682/1360 725/680/1361 728/683/1362
f 726/681/1363 725/680/1361 727/682/1360
f 727/682/1330 723/678/1330 726/681/1330
f 726/681/1330 723/678/1330 724/679/1330
f 593/684/85 591/685/85 597/686/85 595/687/85
f 598/688/85 597/686/85 591/685/85 590/689/85
f 599/690/1364 589/691/1365 677/692/1366 673/693/1364
f 598/694/1367 590/695/1368 589/691/1367 599/690/1367
f 675/696/47 636/697/47 639/698/47
f 675/696/47 674/699/47 636/697/47
f 674/699/47 676/700/47 636/697/47
f 677/692/1369 676/700/1370 674/699/1371 673/693/1369
f 729/701/1372 673/702/1373 730/703/1374
f 731/704/1375 732/705/1376 729/701/1372 730/703/1374
f 730/703/1374 675/706/1377 639/707/1378 731/704/1375
f 673/702/1373 674/708/1379 730/703/1374
f 730/703/1374 674/708/1379 675/706/1377
f 731/704/1375 639/707/1378 733/709/1380
f 734/710/1381 677/711/1382 735/712/1383
f 735/712/1383 736/713/1384 733/709/1380 734/710/1381
f 734/710/1381 733/709/1380 639/707/1378 636/714/1385
f 734/710/1381 676/715/1386 677/711/1382
f 636/714/1385 676/715/1386 734/710/1381
f 731/704/1375 733/709/1380 736/713/1384 732/705/1376
f 682/716/1387 673/702/1373 729/701/1372
f 729/701/1372 732/705/1376 690/717/1388 682/716/1387
f 735/712/1383 677/711/1382 692/718/1389
f 690/717/1388 732/705/1376 736/713/1384 693/719/1390
f 735/712/1383 692/718/1389 693/719/1390 736/713/1384
f 737/720/1391 738/721/1392 739/722/1393 740/723/1394
f 738/721/1392 737/720/1391 741/724/1395 742/725/1396
f 739/722/1393 743/726/1397 740/723/1394
f 744/727/1398 745/728/1399 746/729/1400 747/730/1401
f 748/731/1402 749/732/1403 750/733/1404
f 750/733/1404 744/727/1398 747/730/1401 748/731/1402
f 744/727/1398 750/733/1404 739/722/1393 738/721/1392
f 739/722/1393 750/733/1404 749/732/1403 743/726/1397
f 742/725/1396 745/728/1399 744/727/1398 738/721/1392
f 740/723/1394 747/730/1401 737/720/1391
f 751/722/1405 752/721/1406 753/720/1407 754/723/1408
f 755/724/1409 753/720/1407 752/721/1406 756/725/1410
f 754/723/1408 757/726/1411 751/722/1405
f 758/729/1412 759/728/1413 760/727/1414 761/730/1415
f 762/733/1416 763/732/1417 764/731/1418
f 761/730/1415 760/727/1414 762/733/1416 764/731/1418
f 751/722/1405 762/733/1416 760/727/1414 752/721/1406
f 763/732/1417 762/733/1416 751/722/1405 757/726/1411
f 760/727/1414 759/728/1413 756/725/1410 752/721/1406
f 763/732/1417 761/730/1415 764/731/1418
f 748/731/1402 747/730/1401 749/732/1403
f 749/732/1403 747/730/1401 743/726/1397
f 743/726/1397 747/730/1401 740/723/1394
f 753/720/1407 761/730/1415 754/723/1408
f 754/723/1408 761/730/1415 757/726/1411
f 757/726/1411 761/730/1415 763/732/1417
f 681/627/1419 680/633/1420 600/636/1421 599/631/1422
f 680/633/1420 691/643/1423 596/637/1424 600/636/1421
f 592/636/1425 694/633/1426 696/627/1427 589/631/1428
f 694/633/1426 592/636/1425 594/637/1429 695/643/1430
f 596/637/1424 691/643/1423 695/643/1430 594/637/1429
f 765/734/1431 766/735/1432 767/736/1433
f 765/734/1431 768/737/1434 766/735/1432
f 766/735/1435 768/737/1435 769/738/1435
f 765/734/1436 767/736/1436 770/739/1436
f 769/738/1437 768/737/1438 765/734/1437
f 769/738/1439 765/734/1440 770/739/1441
f 771/740/1442 772/741/1443 773/742/1444
f 772/741/1443 774/743/1445 773/742/1444
f 775/744/1446 772/741/1443 776/745/1447
f 774/743/1445 772/741/1443 775/744/1446
f 777/746/1448 776/745/1449 778/747/1450
f 775/744/1448 776/745/1449 777/746/1448
f 779/748/1451 772/741/1452 771/740/1453
f 776/745/1454 772/741/1452 778/747/1455
f 778/747/1455 772/741/1452 779/748/1451
f 773/742/1456 774/743/1457 780/749/1458
f 780/749/1458 774/743/1457 777/746/1459
f 777/746/1459 774/743/1457 775/744/1460
f 779/748/1461 780/749/1462 781/750/1462
f 781/750/1462 780/749/1462 782/751/1463
f 783/752/1464 781/753/1465 784/754/1464
f 781/753/1465 782/755/1466 784/754/1464
f 777/756/1467 778/757/1468 785/758/1469
f 786/759/1470 777/756/1467 785/758/1469
f 786/759/1471 785/758/1471 783/752/1472
f 784/754/1473 786/759/1471 783/752/1472
f 784/754/1474 780/760/1475 786/759/1476
f 786/759/1476 780/760/1475 777/756/1477
f 778/757/1478 779/761/1479 785/758/1480
f 785/758/1480 779/761/1479 783/752/1481
f 782/755/1482 780/760/1475 784/754/1474
f 783/752/1481 779/761/1479 781/753/1483
f 779/762/1484 771/763/1485 780/764/1486
f 771/763/1485 773/765/1487 780/764/1486
f 787/172/1488 788/171/1489 789/170/1490
f 787/172/1488 789/170/1490 790/173/1491
f 791/176/1492 792/175/1493 793/174/1494
f 794/177/1495 791/176/1492 793/174/1494
f 795/180/1496 796/179/1497 797/178/1498
f 798/181/1499 795/180/1500 797/178/1498
f 799/184/1501 800/183/1502 801/182/1503
f 799/184/1501 801/182/1503 802/185/1504
f 793/174/1494 792/175/1493 800/183/1502
f 793/174/1494 800/183/1502 799/184/1501
f 796/179/1497 788/171/1489 787/172/1488
f 797/178/1498 796/179/1497 787/172/1488
f 787/172/1505 794/187/1506 793/186/1507
f 790/188/1508 794/187/1506 787/172/1505
f 799/190/1509 798/189/1510 797/178/1511
f 799/190/1509 802/191/1510 798/189/1512
f 799/190/1509 787/172/1505 793/186/1507
f 797/178/1511 787/172/1505 799/190/1509
f 791/194/1513 788/193/1514 792/192/1515
f 789/195/1516 788/193/1514 791/194/1513
f 795/198/1517 800/197/1518 796/196/1519
f 801/199/1520 800/197/1518 795/198/1517
f 800/197/1518 788/193/1514 796/196/1519
f 792/192/1515 788/193/1514 800/197/1518
f 789/202/1521 791/201/1522 790/200/1523
f 790/200/1523 791/201/1522 794/203/1521
f 803/766/1524 804/255/1525 805/767/1526
f 806/254/1527 804/255/1525 803/766/1524
f 807/768/1528 806/254/1527 803/766/1524
f 808/256/1529 806/254/1527 807/768/1528
f 809/769/1530 808/256/1529 807/768/1528
f 810/257/1531 808/256/1529 809/769/1530
f 809/769/1530 811/768/1532 810/257/1531
f 811/768/1532 812/256/1533 810/257/1531
f 811/768/1532 813/766/1534 812/256/1533
f 813/766/1534 814/254/1535 812/256/1533
f 813/766/1534 805/767/1526 814/254/1535
f 805/767/1526 804/255/1525 814/254/1535
f 815/770/1536 816/767/1537 817/769/1538
f 818/771/1539 815/770/1540 817/769/1541
f 819/769/548 820/770/1542 821/771/1543
f 819/769/548 822/767/1542 820/770/1542
f 823/772/1544 824/773/1545 825/773/1546
f 823/772/1544 825/773/1546 826/772/1544
f 826/772/1547 827/774/1548 823/772/1549
f 828/774/1550 827/774/1548 826/772/1547
f 816/767/1551 829/775/1552 822/767/1551
f 822/767/1551 829/775/1552 830/775/1553
f 830/775/1553 829/775/1552 831/776/1554
f 832/776/1554 830/775/1553 831/776/1554
f 803/766/1524 805/767/1526 833/777/1555
f 833/777/1555 805/767/1526 834/770/1556
f 834/770/1556 805/767/1526 835/777/1557
f 835/777/1557 805/767/1526 813/766/1534
f 835/777/1557 813/766/1534 811/768/1532
f 836/778/1558 835/777/1557 811/768/1532
f 809/769/1530 836/778/1558 811/768/1532
f 837/771/1559 836/778/1558 809/769/1530
f 809/769/1530 838/778/1560 837/771/1559
f 807/768/1528 838/778/1560 809/769/1530
f 807/768/1528 833/777/1555 838/778/1560
f 807/768/1528 803/766/1524 833/777/1555
f 824/773/1561 818/771/1539 817/769/1541
f 827/774/1562 818/771/1539 824/773/1561
f 823/772/1563 827/774/1562 824/773/1561
f 819/769/1564 821/771/1565 825/773/1542
f 825/773/1542 828/774/1566 826/772/1567
f 825/773/1542 821/771/1565 828/774/1566
f 815/770/1536 829/775/1568 816/767/1537
f 831/776/1569 829/775/1568 839/779/1568
f 839/779/1568 829/775/1568 815/770/1536
f 822/767/1570 830/775/1567 820/770/1571
f 820/770/1571 830/775/1567 840/779/1572
f 840/779/1572 830/775/1567 832/776/1567
f 824/773/1573 817/769/1574 819/769/1574
f 824/773/1545 819/769/1574 825/773/1546
f 828/774/1550 821/771/1575 827/774/1548
f 821/771/1575 818/771/1575 827/774/1548
f 832/776/1576 831/776/1577 839/779/1578
f 840/779/1579 832/776/1576 839/779/1578
f 840/779/1579 839/779/1578 820/770/1580
f 820/770/1580 839/779/1581 815/770/1580
f 837/771/1582 835/777/1583 836/778/1583
f 837/771/1582 834/770/1582 835/777/1583
f 833/777/1584 834/770/1582 837/771/1582
f 838/778/1584 833/777/1584 837/771/1582
f 814/254/1585 804/255/476 806/254/1586
f 812/256/1587 814/254/1585 806/254/1586
f 810/257/1588 812/256/1587 808/256/476
f 812/256/1587 806/254/1586 808/256/476
f 841/780/47 842/781/47 843/782/47 844/783/47
f 845/780/47 846/783/47 847/782/47 848/781/47
f 849/784/1589 850/785/1590 851/786/1589
f 852/787/1590 850/785/1590 849/784/1591
f 853/788/1592 850/789/1593 854/790/1594
f 854/790/1594 850/789/1593 852/791/1594
f 854/421/1595 852/792/1595 849/420/1595
f 851/420/1596 850/792/1596 853/421/1596
f 855/793/1597 856/462/1598 857/794/1599
f 858/460/1600 856/462/1598 855/793/1597
f 859/794/1601 860/462/1602 861/793/1603
f 855/793/1604 859/794/1601 861/793/1603
f 857/794/1599 859/794/1605 855/793/1597
f 861/793/1603 860/462/1602 862/460/1606
f 863/465/1607 860/468/1608 859/795/1609
f 857/796/1610 863/465/1607 864/797/1611
f 864/797/1611 863/465/1607 859/795/1609
f 857/796/1610 856/467/1612 863/465/1613
f 862/454/1614 860/453/1614 863/452/1614
f 863/452/1615 856/456/1616 858/455/1615
f 862/454/1615 863/452/1615 865/457/1617
f 865/457/1617 863/452/1615 858/455/1615
f 866/786/1618 867/785/1619 868/784/1620
f 868/784/1620 867/785/1619 869/787/1620
f 870/790/1621 867/789/1621 871/788/1621
f 869/791/1621 867/789/1622 870/790/1623
f 868/420/1624 869/792/1624 870/421/1624
f 871/421/1625 867/792/1625 866/420/1625
f 872/452/1626 873/453/1627 874/454/1628
f 875/455/1629 876/456/1629 872/452/1629
f 877/457/1630 872/452/1626 874/454/1628
f 875/455/1631 872/452/1626 877/457/1630
f 878/794/1632 876/462/1633 879/793/1634
f 879/793/1634 876/462/1633 875/460/1635
f 880/793/1636 873/462/1637 881/794/1638
f 880/793/1636 881/794/1638 879/793/1639
f 879/793/1639 881/794/1638 878/794/1640
f 874/460/1641 873/462/1637 880/793/1636
f 881/795/1642 873/468/1643 872/465/1644
f 882/797/1645 872/465/1646 878/796/1647
f 881/795/1642 872/465/1646 882/797/1645
f 872/465/1646 876/467/1648 878/796/1647
f 883/798/1649 884/799/1650 885/800/1651
f 886/801/1652 887/802/1653 888/803/1654
f 889/803/1655 890/802/1656 891/801/1657
f 891/801/1657 890/802/1656 892/804/1658
f 893/805/1659 889/803/1655 894/806/1660
f 894/806/1660 889/803/1655 891/801/1657
f 895/807/1661 893/805/1659 896/808/1662
f 896/808/1662 893/805/1659 894/806/1660
f 897/799/1663 895/807/1661 898/798/1664
f 898/798/1664 895/807/1661 896/808/1662
f 899/809/1665 897/799/1663 900/800/1666
f 900/800/1666 897/799/1663 898/798/1664
f 901/810/1667 899/809/1665 902/811/1668
f 902/811/1668 899/809/1665 900/800/1666
f 903/812/1669 901/810/1667 904/813/1670
f 904/813/1670 901/810/1667 902/811/1668
f 902/811/607 892/804/607 904/813/607
f 890/802/1656 903/812/1669 892/804/1658
f 892/804/1658 903/812/1669 904/813/1670
f 905/814/1671 906/815/1672 907/816/1673
f 907/816/1673 906/815/1672 908/817/1674
f 909/816/1675 910/817/1676 911/814/1677
f 911/814/1677 910/817/1676 912/815/1678
f 907/816/1673 908/817/1674 909/816/1675
f 909/816/1675 908/817/1674 910/817/1676
f 911/814/1677 912/815/1678 905/814/1671
f 905/814/1671 912/815/1678 906/815/1672
f 908/817/1679 906/815/1679 910/817/1679
f 910/817/1679 906/815/1679 912/815/1679
f 913/818/1680 914/819/1681 915/820/1682
f 915/820/1682 914/819/1681 916/821/1683
f 917/818/1684 918/819/1685 913/818/1680
f 913/818/1680 918/819/1685 914/819/1681
f 915/820/1682 916/821/1683 919/820/1686
f 919/820/1686 916/821/1683 920/821/1687
f 918/819/1688 920/821/1688 914/819/1688
f 914/819/1688 920/821/1688 916/821/1688
f 919/820/1686 920/821/1687 917/818/1684
f 917/818/1684 920/821/1687 918/819/1685
f 921/813/1689 922/812/1690 923/804/1691
f 923/804/1691 922/812/1690 887/802/1653
f 923/804/1691 887/802/1653 886/801/1652
f 886/801/1652 888/803/1654 924/806/1692
f 924/806/1692 888/803/1654 925/805/1693
f 924/806/1692 925/805/1693 926/808/1694
f 926/808/1694 925/805/1693 927/807/1695
f 926/808/1694 927/807/1695 883/798/1649
f 883/798/1649 927/807/1695 884/799/1650
f 885/800/1651 884/799/1650 928/809/1696
f 885/800/1651 928/809/1696 929/811/1697
f 929/811/1697 928/809/1696 930/810/1698
f 929/811/1697 930/810/1698 921/813/1689
f 921/813/1689 930/810/1698 922/812/1690
f 924/806/617 923/804/1699 886/801/1700
f 931/817/1701 932/815/1702 933/816/1703
f 933/816/1703 932/815/1702 934/814/1704
f 935/815/1705 936/817/1706 937/814/1707
f 937/814/1707 936/817/1706 938/816/1708
f 936/817/1706 931/817/1701 938/816/1708
f 938/816/1708 931/817/1701 933/816/1703
f 932/815/1702 935/815/1705 934/814/1704
f 934/814/1704 935/815/1705 937/814/1707
f 935/815/1679 932/815/1679 936/817/1679
f 936/817/1679 932/815/1679 931/817/1679
f 939/821/1709 940/819/1706 941/820/1710
f 941/820/1710 940/819/1706 942/818/1711
f 940/819/1706 943/819/1712 942/818/1711
f 942/818/1711 943/819/1712 944/818/1703
f 945/821/1713 939/821/1709 946/820/1704
f 946/820/1704 939/821/1709 941/820/1710
f 939/821/1714 945/821/1715 940/819/1715
f 940/819/1715 945/821/1715 943/819/1716
f 943/819/1712 945/821/1713 944/818/1703
f 944/818/1703 945/821/1713 946/820/1704
f 891/801/1717 892/804/607 894/806/607
f 894/806/607 892/804/607 896/808/607
f 896/808/607 892/804/607 898/798/607
f 898/798/607 892/804/607 900/800/607
f 900/800/607 892/804/607 902/811/607
f 921/813/1193 923/804/1699 929/811/1193
f 929/811/1193 923/804/1699 885/800/1718
f 885/800/1718 923/804/1699 883/798/1719
f 883/798/1719 923/804/1699 926/808/1720
f 926/808/1720 923/804/1699 924/806/617
f 947/822/1721 948/823/1722 949/824/1723 950/825/1724
f 951/826/1725 948/823/1722 947/822/1721 952/827/1726
f 953/828/1727 954/829/1728 955/830/1729
f 952/827/1726 955/830/1729 954/829/1728 951/826/1725
f 956/831/1730 957/832/1731 950/825/1724
f 958/833/1732 959/834/1733 960/835/1734
f 960/835/1734 959/834/1733 961/836/1735 962/837/1736
f 963/838/1737 964/839/1738 962/837/1736
f 962/837/1736 964/839/1738 960/835/1734
f 965/840/1739 963/838/1737 962/837/1736
f 966/841/1740 957/832/1731 956/831/1730
f 966/841/1740 965/840/1739 967/842/1741 957/832/1731
f 965/840/1739 968/843/1742 963/838/1737
f 966/841/1740 968/843/1742 965/840/1739
f 961/836/1735 967/842/1741 965/840/1739 962/837/1736
f 955/830/1729 952/827/1726 961/836/1735 959/834/1733
f 947/822/1721 967/842/1741 961/836/1735 952/827/1726
f 967/842/1741 947/822/1721 950/825/1724 957/832/1731
f 955/830/1729 959/834/1733 958/833/1732
f 955/830/1729 958/833/1732 953/828/1727
f 956/831/1730 950/825/1724 969/844/1743
f 950/825/1724 949/824/1723 969/844/1743
f 960/835/1734 964/839/1738 970/845/1744
f 960/835/1734 970/845/1744 958/833/1732
f 971/846/1745 968/843/1742 966/841/1740
f 971/846/1745 966/841/1740 956/831/1730
f 972/734/1431 973/735/1432 974/736/1433
f 972/734/1431 975/737/1434 973/735/1432
f 973/735/1435 975/737/1435 976/738/1435
f 972/734/1436 974/736/1436 977/739/1436
f 976/738/1437 975/737/1438 972/734/1437
f 976/738/1439 972/734/1440 977/739/1441
f 978/847/1746 979/848/1747 980/849/1748
f 981/850/1749 978/847/1746 980/849/1750
f 982/849/1751 981/850/1751 980/849/1751
f 982/849/1752 978/847/1753 981/850/1754
f 982/849/1752 979/848/1755 978/847/1753
f 983/851/1756 984/852/1757 985/853/1758
f 985/853/1758 984/852/1757 986/854/1759
f 987/855/1760 988/856/1761 983/851/1756
f 983/851/1756 988/856/1761 984/852/1757
f 984/852/1757 989/850/1762 986/854/1759
f 986/854/1763 989/850/1764 990/857/1765
f 991/854/1766 989/850/1767 992/852/1768
f 990/857/1769 989/850/1767 991/854/1766
f 991/854/1766 992/852/1768 985/853/1770
f 985/853/1770 992/852/1768 983/851/1771
f 992/852/1768 993/856/1772 983/851/1771
f 983/851/1771 993/856/1772 987/855/1773
f 988/856/1761 994/848/1774 984/852/1757
f 992/852/1768 994/848/1775 993/856/1772
f 995/849/1776 994/848/1775 992/852/1768
f 985/853/1777 986/854/1778 991/854/1779
f 991/854/1779 986/854/1778 990/857/1780
f 996/849/1781 994/848/1781 995/849/1782
f 984/852/1783 994/848/1774 996/849/1784
f 997/847/1785 998/848/1786 999/849/1787
f 1000/850/1788 997/847/1785 999/849/1789
f 1001/849/1790 1000/850/1790 999/849/1790
f 1001/849/1791 997/847/1792 1000/850/1793
f 1001/849/1791 998/848/1794 997/847/1792
f 1002/851/1795 1003/852/1796 1004/853/1797
f 1004/853/1797 1003/852/1796 1005/854/1798
f 1006/855/1799 1007/856/1800 1002/851/1795
f 1002/851/1795 1007/856/1800 1003/852/1796
f 1003/852/1796 1008/850/1801 1005/854/1798
f 1005/854/1802 1008/850/1801 1009/857/1803
f 1010/854/1804 1008/850/1805 1011/852/1806
f 1009/857/1807 1008/850/1805 1010/854/1804
f 1010/854/1804 1011/852/1806 1004/853/1808
f 1004/853/1808 1011/852/1806 1002/851/1809
f 1011/852/1806 1012/856/1810 1002/851/1809
f 1002/851/1809 1012/856/1810 1006/855/1811
f 1007/856/1800 1013/848/1812 1003/852/1796
f 1011/852/1806 1013/848/1813 1012/856/1810
f 1014/849/1814 1013/848/1813 1011/852/1806
f 1004/853/1815 1005/854/1816 1010/854/1817
f 1010/854/1817 1005/854/1816 1009/857/1818
f 1015/849/1819 1013/848/1819 1014/849/1819
f 1003/852/1820 1013/848/1812 1015/849/1821
f 1016/858/1822 1017/859/1823 1018/860/1824
f 1019/861/1825 1020/862/1826 1021/863/1827
f 1016/858/1828 1019/861/1828 1022/864/1828
f 1023/865/1829 1024/866/1830 1025/867/1831
f 1018/860/1832 1020/862/1832 1019/861/1833
f 1018/860/1832 1019/861/1833 1016/858/1832
f 1026/868/1834 1024/866/1835 1027/868/1836
f 1027/868/1836 1024/866/1835 1028/866/1834
f 1028/866/1837 1024/866/1837 1023/865/1837
f 1029/869/1838 1017/859/1823 1016/858/1822
f 1030/870/1839 1019/861/1840 1021/863/1841
f 1016/858/1822 1031/871/1842 1032/872/1843
f 1016/858/1822 1032/872/1843 1027/868/1844
f 1016/858/1822 1027/868/1844 1028/866/1845
f 1028/866/1845 1025/867/1846 1029/869/1838
f 1024/866/1830 1030/870/1839 1025/867/1831
f 1026/868/1847 1033/872/1848 1019/861/1840
f 1024/866/1830 1026/868/1847 1019/861/1840
f 1019/861/1840 1030/870/1839 1024/866/1830
f 1032/872/1843 1034/873/1849 1035/874/1850
f 1032/872/1843 1035/874/1850 1027/868/1844
f 1027/868/1844 1035/874/1850 1036/875/1851
f 1037/876/1852 1027/868/1853 1036/875/1854
f 1034/873/1855 1033/872/1848 1035/874/1856
f 1035/874/1856 1033/872/1848 1026/868/1847
f 1036/875/1857 1035/874/1856 1026/868/1847
f 1036/875/1857 1026/868/1847 1037/876/1858
f 1016/858/1822 1022/864/1859 1031/871/1842
f 1031/871/1842 1022/864/1859 1038/877/1860
f 1038/877/1861 1022/864/1862 1039/878/1863
f 1022/864/1862 1019/861/1840 1039/878/1863
f 1029/869/1864 1030/870/1865 1017/859/1866
f 1023/865/1867 1025/867/1846 1028/866/1845
f 1025/867/1868 1030/870/1868 1029/869/1868
f 1016/858/1822 1028/866/1845 1029/869/1838
f 1017/859/1866 1030/870/1869 1021/863/1870
f 1033/872/1848 1039/878/1863 1019/861/1840
f 1031/871/1871 1040/879/1872 1032/872/1873
f 1040/879/1872 1034/873/1874 1032/872/1873
f 1040/879/1875 1039/878/1876 1033/872/1877
f 1038/877/1878 1039/878/1876 1040/879/1875
f 1038/877/1879 1040/879/1872 1031/871/1871
f 1040/879/1875 1033/872/1877 1034/873/1880
f 1041/880/1881 1042/881/1882 1043/882/1883
f 1044/883/1884 1045/880/1885 1042/881/1886
f 1045/880/1885 1046/882/1887 1042/881/1886
f 1041/880/1888 1045/880/1888 1044/883/1888
f 1042/881/1889 1046/882/1889 1043/882/1889
f 1041/880/1890 1046/882/1890 1045/880/1890
f 1043/882/1890 1046/882/1890 1041/880/1890
f 1044/883/1891 1042/881/1882 1041/880/1881
f 1047/884/1892 1048/885/1893 1049/886/1894
f 1050/887/1895 1051/888/1896 1048/885/1897
f 1050/887/1895 1048/885/1897 1052/889/1898
f 1048/885/1893 1051/888/1899 1049/886/1894
f 1053/890/1900 1054/891/1901 1055/892/1902
f 1054/891/1903 1052/889/1898 1056/893/1904
f 1054/891/1903 1056/893/1904 1057/894/1905
f 1058/895/1906 1048/885/1906 1047/884/1906
f 1049/886/1907 1059/896/1908 1047/884/1909
f 1047/884/1909 1059/896/1910 1053/890/1900
f 1059/896/1911 1052/889/1912 1053/890/1913
f 1055/892/1902 1054/891/1901 1057/894/1914
f 1053/890/1915 1052/889/1915 1054/891/1915
f 1055/892/1916 1056/893/1917 1060/897/1918
f 1057/894/1919 1056/893/1919 1055/892/1919
f 1050/887/1920 1052/889/1912 1059/896/1911
f 1060/897/1918 1056/893/1917 1061/898/1918
f 1062/899/1921 1061/898/1922 1063/900/1923
f 1063/900/1923 1061/898/1924 1064/901/1925
f 1061/898/1924 1065/902/1926 1064/901/1925
f 1064/901/1925 1065/902/1926 1066/903/1927
f 1060/897/1928 1062/899/1929 1063/900/1930
f 1060/897/1928 1063/900/1930 1064/901/1931
f 1060/897/1928 1064/901/1931 1067/902/1932
f 1067/902/1932 1064/901/1931 1066/903/1933
f 1047/884/1909 1067/902/1932 1068/904/1934
f 1047/884/1909 1060/897/1928 1067/902/1932
f 1055/892/1902 1060/897/1928 1047/884/1909
f 1053/890/1900 1055/892/1902 1047/884/1909
f 1065/902/1926 1048/885/1897 1069/905/1935
f 1048/885/1897 1065/902/1926 1061/898/1924
f 1056/893/1904 1048/885/1897 1061/898/1924
f 1052/889/1898 1048/885/1897 1056/893/1904
f 1047/884/1909 1068/904/1934 1058/895/1936
f 1068/904/1934 1070/906/1937 1058/895/1936
f 1070/906/1938 1069/905/1935 1058/895/1939
f 1058/895/1939 1069/905/1935 1048/885/1897
f 1068/904/1940 1071/907/1941 1070/906/1942
f 1072/902/1943 1073/905/1944 1071/907/1945
f 1067/902/1946 1071/907/1941 1068/904/1940
f 1067/902/1946 1066/903/1947 1071/907/1941
f 1071/907/1945 1073/905/1944 1070/906/1948
f 1066/903/1949 1072/902/1943 1071/907/1945
f 1074/908/1950 1075/909/1951 1076/910/1952
f 1074/908/1950 1077/911/1953 1075/909/1951
f 1078/911/1954 1077/911/1954 1074/908/1954
f 1076/910/1955 1075/909/1955 1079/909/1955
f 1075/909/1956 1077/911/1956 1079/909/1956
f 1079/909/1956 1077/911/1956 1078/911/1956
f 1079/909/1957 1074/908/1958 1076/910/1959
f 1078/911/1960 1074/908/1958 1079/909/1957
