# Blender 4.5.3 LTS
# www.blender.org
mtllib vfx4.mtl
o VFX4
v 0.001801 0.048998 0.006052
v 0.002779 0.048987 0.005449
v 0.002800 0.049786 0.005163
v 0.002779 0.048987 0.005449
v 0.003157 0.048278 0.005211
v 0.002800 0.049786 0.005163
v 0.001398 0.053934 0.005000
v 0.001801 0.048998 0.006052
v 0.002800 0.049786 0.005163
v 0.001801 0.048998 0.006052
v 0.000008 0.049000 0.006339
v 0.000008 0.048749 0.006186
v 0.000008 0.048749 0.006186
v 0.001774 0.048749 0.005849
v 0.001801 0.048998 0.006052
v 0.002779 0.048987 0.005449
v 0.001801 0.048998 0.006052
v 0.001774 0.048749 0.005849
v 0.001774 0.048749 0.005849
v 0.002675 0.048749 0.005295
v 0.002779 0.048987 0.005449
v 0.003157 0.048278 0.005211
v 0.002779 0.048987 0.005449
v 0.002675 0.048749 0.005295
v 0.002675 0.048749 0.005295
v 0.003344 0.047155 0.004840
v 0.003157 0.048278 0.005211
v 0.002899 0.049739 0.004781
v 0.002800 0.049786 0.005163
v 0.003157 0.048278 0.005211
v 0.003157 0.048278 0.005211
v 0.003344 0.047155 0.004840
v 0.002899 0.049739 0.004781
v 0.002899 0.049739 0.004781
v 0.001500 0.054035 0.004673
v 0.001398 0.053934 0.005000
v 0.001398 0.053934 0.005000
v 0.002800 0.049786 0.005163
v 0.002899 0.049739 0.004781
v 0.001398 0.053934 0.005000
v 0.001500 0.054035 0.004673
v 0.000008 0.054035 0.004940
v 0.000008 0.054035 0.004940
v 0.000008 0.053926 0.005256
v 0.001398 0.053934 0.005000
v 0.001801 0.048998 0.006052
v 0.001398 0.053934 0.005000
v 0.000008 0.053926 0.005256
v 0.000008 0.053926 0.005256
v 0.000008 0.049000 0.006339
v 0.001801 0.048998 0.006052
v 0.000008 0.027901 0.009369
v 0.001753 0.027901 0.009028
v 0.001428 0.030318 0.009473
v 0.001428 0.030318 0.009473
v 0.000008 0.030318 0.009757
v 0.000008 0.027901 0.009369
v 0.001753 0.027901 0.009028
v 0.002754 0.027901 0.008449
v 0.003005 0.030318 0.008695
v 0.003005 0.030318 0.008695
v 0.001428 0.030318 0.009473
v 0.001753 0.027901 0.009028
v 0.003005 0.030318 0.008695
v 0.002754 0.027901 0.008449
v 0.003566 0.030331 0.007448
v 0.003566 0.030331 0.007448
v 0.003850 0.033072 0.007404
v 0.003252 0.033072 0.008809
v 0.003252 0.033072 0.008809
v 0.003005 0.030318 0.008695
v 0.003566 0.030331 0.007448
v 0.001572 0.033072 0.009821
v 0.001428 0.030318 0.009473
v 0.003005 0.030318 0.008695
v 0.003005 0.030318 0.008695
v 0.003252 0.033072 0.008809
v 0.001572 0.033072 0.009821
v 0.000008 0.033072 0.010168
v 0.000008 0.030318 0.009757
v 0.001428 0.030318 0.009473
v 0.001428 0.030318 0.009473
v 0.001572 0.033072 0.009821
v 0.000008 0.033072 0.010168
v 0.001572 0.033072 0.009821
v 0.001651 0.035918 0.009841
v 0.000008 0.035918 0.010233
v 0.000008 0.035918 0.010233
v 0.000008 0.033072 0.010168
v 0.001572 0.033072 0.009821
v 0.003252 0.033072 0.008809
v 0.003425 0.035918 0.008686
v 0.001651 0.035918 0.009841
v 0.001651 0.035918 0.009841
v 0.001572 0.033072 0.009821
v 0.003252 0.033072 0.008809
v 0.001651 0.035918 0.009841
v 0.001551 0.040338 0.009069
v 0.000008 0.040338 0.009416
v 0.000008 0.040338 0.009416
v 0.000008 0.035918 0.010233
v 0.001651 0.035918 0.009841
v 0.001551 0.040338 0.009069
v 0.001403 0.043285 0.007999
v 0.000008 0.043285 0.008294
v 0.000008 0.043285 0.008294
v 0.000008 0.040338 0.009416
v 0.001551 0.040338 0.009069
v 0.003425 0.035918 0.008686
v 0.003193 0.040338 0.007987
v 0.001551 0.040338 0.009069
v 0.001551 0.040338 0.009069
v 0.001651 0.035918 0.009841
v 0.003425 0.035918 0.008686
v 0.003850 0.033072 0.007404
v 0.004128 0.035918 0.007115
v 0.003425 0.035918 0.008686
v 0.003425 0.035918 0.008686
v 0.003252 0.033072 0.008809
v 0.003850 0.033072 0.007404
v 0.003566 0.030331 0.007448
v 0.004143 0.032747 0.006258
v 0.003850 0.033072 0.007404
v 0.004143 0.032747 0.006258
v 0.004403 0.035931 0.004910
v 0.004128 0.035918 0.007115
v 0.004128 0.035918 0.007115
v 0.003850 0.033072 0.007404
v 0.004143 0.032747 0.006258
v 0.004128 0.035918 0.007115
v 0.003828 0.040338 0.006536
v 0.003193 0.040338 0.007987
v 0.003193 0.040338 0.007987
v 0.003425 0.035918 0.008686
v 0.004128 0.035918 0.007115
v 0.003193 0.040338 0.007987
v 0.002915 0.043285 0.007133
v 0.001403 0.043285 0.007999
v 0.001403 0.043285 0.007999
v 0.001551 0.040338 0.009069
v 0.003193 0.040338 0.007987
v 0.001403 0.043285 0.007999
v 0.001774 0.048749 0.005849
v 0.000008 0.048749 0.006186
v 0.000008 0.048749 0.006186
v 0.000008 0.043285 0.008294
v 0.001403 0.043285 0.007999
v 0.002915 0.043285 0.007133
v 0.002675 0.048749 0.005295
v 0.001774 0.048749 0.005849
v 0.001774 0.048749 0.005849
v 0.001403 0.043285 0.007999
v 0.002915 0.043285 0.007133
v 0.002915 0.043285 0.007133
v 0.003714 0.043291 0.005071
v 0.003344 0.047155 0.004840
v 0.003344 0.047155 0.004840
v 0.002675 0.048749 0.005295
v 0.002915 0.043285 0.007133
v 0.003714 0.043291 0.005071
v 0.003828 0.040338 0.006536
v 0.003947 0.040332 0.005151
v 0.002915 0.043285 0.007133
v 0.003193 0.040338 0.007987
v 0.003828 0.040338 0.006536
v 0.003828 0.040338 0.006536
v 0.003714 0.043291 0.005071
v 0.002915 0.043285 0.007133
v 0.004403 0.035931 0.004910
v 0.003947 0.040332 0.005151
v 0.003828 0.040338 0.006536
v 0.003828 0.040338 0.006536
v 0.004128 0.035918 0.007115
v 0.004403 0.035931 0.004910
v 0.000659 0.039229 -0.001622
v 0.000659 0.037927 -0.009185
v 0.000272 0.040145 -0.009451
v 0.000272 0.040145 -0.009451
v 0.000272 0.045736 -0.001651
v 0.000659 0.039229 -0.001622
v 0.000008 0.037927 -0.009185
v 0.000008 0.040145 -0.009451
v 0.000272 0.040145 -0.009451
v 0.000272 0.040145 -0.009451
v 0.000659 0.037927 -0.009185
v 0.000008 0.037927 -0.009185
v 0.000272 0.045736 -0.001651
v 0.000272 0.040145 -0.009451
v 0.000008 0.040145 -0.009451
v 0.000008 0.040145 -0.009451
v 0.000008 0.045736 -0.001651
v 0.000272 0.045736 -0.001651
v 0.000008 0.037927 -0.009185
v 0.000659 0.037927 -0.009185
v 0.000659 0.039229 -0.001622
v 0.000659 0.039229 -0.001622
v 0.000008 0.039229 -0.001622
v 0.000008 0.037927 -0.009185
v 0.003109 0.047657 -0.002082
v 0.003079 0.049740 -0.002267
v 0.004306 0.049740 -0.001580
v 0.004306 0.049740 -0.001580
v 0.004345 0.047657 -0.001353
v 0.003109 0.047657 -0.002082
v 0.003162 0.043297 -0.001699
v 0.004416 0.043297 -0.000896
v 0.004455 0.039990 -0.000777
v 0.004455 0.039990 -0.000777
v 0.003177 0.039842 -0.001618
v 0.003162 0.043297 -0.001699
v 0.004345 0.047657 -0.001353
v 0.004306 0.049740 -0.001580
v 0.004734 0.049740 0.000698
v 0.004734 0.049740 0.000698
v 0.004812 0.047657 0.000925
v 0.004345 0.047657 -0.001353
v 0.004455 0.039990 -0.000777
v 0.004416 0.043297 -0.000896
v 0.004973 0.043297 0.001377
v 0.004973 0.043297 0.001377
v 0.005055 0.040186 0.001588
v 0.004455 0.039990 -0.000777
v 0.004812 0.047657 0.000925
v 0.004734 0.049740 0.000698
v 0.003959 0.049740 0.003503
v 0.003959 0.049740 0.003503
v 0.003926 0.047657 0.003935
v 0.004812 0.047657 0.000925
v 0.003714 0.043291 0.005071
v 0.003947 0.040332 0.005151
v 0.005055 0.040186 0.001588
v 0.005055 0.040186 0.001588
v 0.004973 0.043297 0.001377
v 0.003714 0.043291 0.005071
v 0.003926 0.047657 0.003935
v 0.003959 0.049740 0.003503
v 0.002899 0.049739 0.004781
v 0.002899 0.049739 0.004781
v 0.003344 0.047155 0.004840
v 0.003926 0.047657 0.003935
v 0.001072 0.064898 0.002549
v 0.001057 0.069133 0.001445
v 0.000008 0.068760 0.001711
v 0.000008 0.068760 0.001711
v 0.000008 0.064898 0.002743
v 0.001072 0.064898 0.002549
v 0.001057 0.069133 0.001445
v 0.000584 0.074292 -0.000308
v 0.000008 0.074523 0.000000
v 0.000008 0.074523 0.000000
v 0.000008 0.068760 0.001711
v 0.001057 0.069133 0.001445
v 0.001832 0.069495 -0.000058
v 0.000819 0.073609 -0.000990
v 0.000584 0.074292 -0.000308
v 0.000584 0.074292 -0.000308
v 0.001057 0.069133 0.001445
v 0.001832 0.069495 -0.000058
v 0.001057 0.069133 0.001445
v 0.001072 0.064898 0.002549
v 0.002576 0.064868 0.001065
v 0.002576 0.064868 0.001065
v 0.001832 0.069495 -0.000058
v 0.001057 0.069133 0.001445
v 0.001072 0.064898 0.002549
v 0.001203 0.061173 0.003350
v 0.002895 0.061173 0.001943
v 0.002895 0.061173 0.001943
v 0.002576 0.064868 0.001065
v 0.001072 0.064898 0.002549
v 0.000008 0.064898 0.002743
v 0.000008 0.061173 0.003570
v 0.001203 0.061173 0.003350
v 0.001203 0.061173 0.003350
v 0.001072 0.064898 0.002549
v 0.000008 0.064898 0.002743
v 0.001366 0.056790 0.004196
v 0.001203 0.061173 0.003350
v 0.000008 0.061173 0.003570
v 0.000008 0.061173 0.003570
v 0.000008 0.056790 0.004445
v 0.001366 0.056790 0.004196
v 0.003238 0.056790 0.002821
v 0.002895 0.061173 0.001943
v 0.001203 0.061173 0.003350
v 0.001203 0.061173 0.003350
v 0.001366 0.056790 0.004196
v 0.003238 0.056790 0.002821
v 0.003989 0.056790 0.000026
v 0.003561 0.061173 -0.000219
v 0.002895 0.061173 0.001943
v 0.002895 0.061173 0.001943
v 0.003238 0.056790 0.002821
v 0.003989 0.056790 0.000026
v 0.003561 0.061173 -0.000219
v 0.003054 0.064868 -0.000698
v 0.002576 0.064868 0.001065
v 0.002576 0.064868 0.001065
v 0.002895 0.061173 0.001943
v 0.003561 0.061173 -0.000219
v 0.003054 0.064868 -0.000698
v 0.001915 0.069323 -0.001137
v 0.001832 0.069495 -0.000058
v 0.001832 0.069495 -0.000058
v 0.002576 0.064868 0.001065
v 0.003054 0.064868 -0.000698
v 0.001832 0.069495 -0.000058
v 0.001915 0.069323 -0.001137
v 0.000819 0.073609 -0.000990
v 0.000008 0.074523 0.000000
v 0.000584 0.074292 -0.000308
v 0.000008 0.074360 -0.000643
v 0.001500 0.054035 0.004673
v 0.001366 0.056790 0.004196
v 0.000008 0.056790 0.004445
v 0.000008 0.056790 0.004445
v 0.000008 0.054035 0.004940
v 0.001500 0.054035 0.004673
v 0.003238 0.056790 0.002821
v 0.001366 0.056790 0.004196
v 0.001500 0.054035 0.004673
v 0.001500 0.054035 0.004673
v 0.003534 0.053700 0.003237
v 0.003238 0.056790 0.002821
v 0.004317 0.053762 0.000314
v 0.003989 0.056790 0.000026
v 0.003238 0.056790 0.002821
v 0.003238 0.056790 0.002821
v 0.003534 0.053700 0.003237
v 0.004317 0.053762 0.000314
v 0.003742 0.056790 -0.001962
v 0.003271 0.061173 -0.001851
v 0.003561 0.061173 -0.000219
v 0.003561 0.061173 -0.000219
v 0.003989 0.056790 0.000026
v 0.003742 0.056790 -0.001962
v 0.003271 0.061173 -0.001851
v 0.002645 0.064868 -0.001877
v 0.003054 0.064868 -0.000698
v 0.003054 0.064868 -0.000698
v 0.003561 0.061173 -0.000219
v 0.003271 0.061173 -0.001851
v 0.002154 0.061173 -0.002720
v 0.001987 0.064861 -0.002446
v 0.002645 0.064868 -0.001877
v 0.002645 0.064868 -0.001877
v 0.003271 0.061173 -0.001851
v 0.002154 0.061173 -0.002720
v 0.001686 0.068797 -0.001886
v 0.002645 0.064868 -0.001877
v 0.001987 0.064861 -0.002446
v 0.000008 0.064861 -0.002757
v 0.000008 0.068775 -0.002231
v 0.001686 0.068797 -0.001886
v 0.001686 0.068797 -0.001886
v 0.001987 0.064861 -0.002446
v 0.000008 0.064861 -0.002757
v 0.000677 0.073353 -0.001255
v 0.001686 0.068797 -0.001886
v 0.000008 0.068775 -0.002231
v 0.000008 0.068775 -0.002231
v 0.000028 0.073292 -0.001324
v 0.000677 0.073353 -0.001255
v 0.000677 0.073353 -0.001255
v 0.000028 0.073292 -0.001324
v 0.000008 0.074360 -0.000643
v 0.000677 0.073353 -0.001255
v 0.000008 0.074360 -0.000643
v 0.000819 0.073609 -0.000990
v 0.000819 0.073609 -0.000990
v 0.000008 0.074360 -0.000643
v 0.000584 0.074292 -0.000308
v 0.004306 0.049740 -0.001580
v 0.004002 0.053728 -0.001809
v 0.004317 0.053762 0.000314
v 0.004317 0.053762 0.000314
v 0.004734 0.049740 0.000698
v 0.004306 0.049740 -0.001580
v 0.003079 0.049740 -0.002267
v 0.002755 0.053620 -0.002543
v 0.004002 0.053728 -0.001809
v 0.004002 0.053728 -0.001809
v 0.004306 0.049740 -0.001580
v 0.003079 0.049740 -0.002267
v 0.002450 0.056790 -0.002763
v 0.002154 0.061173 -0.002720
v 0.003271 0.061173 -0.001851
v 0.003271 0.061173 -0.001851
v 0.003742 0.056790 -0.001962
v 0.002450 0.056790 -0.002763
v 0.000008 0.056812 -0.003051
v 0.000008 0.061193 -0.003032
v 0.002154 0.061173 -0.002720
v 0.002154 0.061173 -0.002720
v 0.002450 0.056790 -0.002763
v 0.000008 0.056812 -0.003051
v 0.000008 0.061193 -0.003032
v 0.000008 0.064861 -0.002757
v 0.001987 0.064861 -0.002446
v 0.001987 0.064861 -0.002446
v 0.002154 0.061173 -0.002720
v 0.000008 0.061193 -0.003032
v 0.000008 0.049732 -0.002573
v 0.000008 0.053557 -0.002839
v 0.002755 0.053620 -0.002543
v 0.002755 0.053620 -0.002543
v 0.003079 0.049740 -0.002267
v 0.000008 0.049732 -0.002573
v 0.002899 0.049739 0.004781
v 0.003959 0.049740 0.003503
v 0.003534 0.053700 0.003237
v 0.003534 0.053700 0.003237
v 0.001500 0.054035 0.004673
v 0.002899 0.049739 0.004781
v 0.004734 0.049740 0.000698
v 0.004317 0.053762 0.000314
v 0.003534 0.053700 0.003237
v 0.003534 0.053700 0.003237
v 0.003959 0.049740 0.003503
v 0.004734 0.049740 0.000698
v 0.002093 0.025350 0.008708
v 0.002754 0.027901 0.008449
v 0.001753 0.027901 0.009028
v 0.003651 0.025350 0.007267
v 0.003566 0.030331 0.007448
v 0.002754 0.027901 0.008449
v 0.002754 0.027901 0.008449
v 0.002093 0.025350 0.008708
v 0.003651 0.025350 0.007267
v 0.003566 0.030331 0.007448
v 0.003651 0.025350 0.007267
v 0.005085 0.025350 0.004079
v 0.005085 0.025350 0.004079
v 0.004143 0.032747 0.006258
v 0.003566 0.030331 0.007448
v 0.005085 0.025350 0.004079
v 0.005340 0.025350 0.001251
v 0.005236 0.033098 0.002069
v 0.005236 0.033098 0.002069
v 0.004143 0.032747 0.006258
v 0.005085 0.025350 0.004079
v 0.005236 0.033098 0.002069
v 0.005155 0.036409 0.001844
v 0.004403 0.035931 0.004910
v 0.004403 0.035931 0.004910
v 0.004143 0.032747 0.006258
v 0.005236 0.033098 0.002069
v 0.005340 0.025350 0.001251
v 0.004487 0.025350 -0.001259
v 0.004634 0.033098 -0.000608
v 0.004634 0.033098 -0.000608
v 0.005236 0.033098 0.002069
v 0.005340 0.025350 0.001251
v 0.004634 0.033098 -0.000608
v 0.004497 0.036420 -0.000649
v 0.005155 0.036409 0.001844
v 0.005155 0.036409 0.001844
v 0.005236 0.033098 0.002069
v 0.004634 0.033098 -0.000608
v 0.003223 0.033100 -0.001598
v 0.003192 0.036397 -0.001538
v 0.004497 0.036420 -0.000649
v 0.004497 0.036420 -0.000649
v 0.004634 0.033098 -0.000608
v 0.003223 0.033100 -0.001598
v 0.004487 0.025350 -0.001259
v 0.003334 0.025350 -0.001899
v 0.003223 0.033100 -0.001598
v 0.003223 0.033100 -0.001598
v 0.004634 0.033098 -0.000608
v 0.004487 0.025350 -0.001259
v 0.003334 0.025350 -0.001899
v 0.000008 0.025350 -0.002057
v 0.000008 0.033100 -0.001830
v 0.000008 0.033100 -0.001830
v 0.003223 0.033100 -0.001598
v 0.003334 0.025350 -0.001899
v 0.003599 0.014033 0.005625
v 0.002093 0.014034 0.007606
v 0.002093 0.008198 0.006870
v 0.002093 0.008198 0.006870
v 0.003723 0.008366 0.004092
v 0.003599 0.014033 0.005625
v 0.003723 0.008366 0.004092
v 0.004832 0.008376 0.003294
v 0.004949 0.014010 0.003269
v 0.004949 0.014010 0.003269
v 0.003599 0.014033 0.005625
v 0.003723 0.008366 0.004092
v 0.004832 0.008376 0.003294
v 0.006042 0.008376 -0.005470
v 0.006312 0.013887 -0.004487
v 0.006312 0.013887 -0.004487
v 0.004949 0.014010 0.003269
v 0.004832 0.008376 0.003294
v 0.006042 0.008376 -0.005470
v 0.005919 0.008376 -0.007199
v 0.005891 0.013887 -0.006168
v 0.005891 0.013887 -0.006168
v 0.006312 0.013887 -0.004487
v 0.006042 0.008376 -0.005470
v 0.005919 0.008376 -0.007199
v 0.005004 0.008376 -0.008845
v 0.004826 0.013887 -0.007651
v 0.004826 0.013887 -0.007651
v 0.005891 0.013887 -0.006168
v 0.005919 0.008376 -0.007199
v 0.005004 0.008376 -0.008845
v 0.003850 0.008376 -0.009485
v 0.003579 0.013887 -0.008081
v 0.003579 0.013887 -0.008081
v 0.004826 0.013887 -0.007651
v 0.005004 0.008376 -0.008845
v 0.003850 0.008376 -0.009485
v 0.000008 0.008376 -0.010418
v 0.000008 0.014032 -0.009215
v 0.000008 0.014032 -0.009215
v 0.003579 0.013887 -0.008081
v 0.003850 0.008376 -0.009485
v 0.002093 0.018363 0.008104
v 0.000008 0.018363 0.008638
v 0.000008 0.014034 0.008219
v 0.000008 0.014034 0.008219
v 0.002093 0.014034 0.007606
v 0.002093 0.018363 0.008104
v 0.003629 0.002718 0.003140
v 0.002093 0.002718 0.005903
v 0.002093 -0.002538 0.005117
v 0.002093 -0.002538 0.005117
v 0.003573 -0.002545 0.002601
v 0.003629 0.002718 0.003140
v 0.002093 0.014034 0.007606
v 0.003599 0.014033 0.005625
v 0.003695 0.018360 0.006375
v 0.003695 0.018360 0.006375
v 0.002093 0.018363 0.008104
v 0.002093 0.014034 0.007606
v 0.002033 -0.018005 0.001338
v 0.004129 -0.018953 0.000573
v 0.004471 -0.007977 0.001659
v 0.004471 -0.007977 0.001659
v 0.003150 -0.007979 0.002218
v 0.002033 -0.018005 0.001338
v 0.003573 -0.002545 0.002601
v 0.004832 -0.002629 0.002269
v 0.004832 0.002718 0.002848
v 0.004832 0.002718 0.002848
v 0.003629 0.002718 0.003140
v 0.003573 -0.002545 0.002601
v 0.005007 0.018314 0.002794
v 0.003695 0.018360 0.006375
v 0.003599 0.014033 0.005625
v 0.003599 0.014033 0.005625
v 0.004949 0.014010 0.003269
v 0.005007 0.018314 0.002794
v 0.004978 -0.018909 -0.002170
v 0.005548 -0.008005 -0.003479
v 0.004471 -0.007977 0.001659
v 0.004471 -0.007977 0.001659
v 0.004669 -0.019904 0.000003
v 0.004978 -0.018909 -0.002170
v 0.005660 -0.002612 -0.004334
v 0.005827 0.002718 -0.004838
v 0.004832 0.002718 0.002848
v 0.004832 0.002718 0.002848
v 0.004832 -0.002629 0.002269
v 0.005660 -0.002612 -0.004334
v 0.006035 0.018217 -0.002739
v 0.005007 0.018314 0.002794
v 0.004949 0.014010 0.003269
v 0.004949 0.014010 0.003269
v 0.006312 0.013887 -0.004487
v 0.006035 0.018217 -0.002739
v 0.004978 -0.018909 -0.002170
v 0.004855 -0.018909 -0.003899
v 0.005279 -0.008598 -0.005573
v 0.005279 -0.008598 -0.005573
v 0.005548 -0.008005 -0.003479
v 0.004978 -0.018909 -0.002170
v 0.005827 0.002718 -0.004838
v 0.005660 -0.002612 -0.004334
v 0.005537 -0.002612 -0.006062
v 0.005537 -0.002612 -0.006062
v 0.005704 0.002718 -0.006566
v 0.005827 0.002718 -0.004838
v 0.005614 0.018217 -0.004420
v 0.006035 0.018217 -0.002739
v 0.006312 0.013887 -0.004487
v 0.006312 0.013887 -0.004487
v 0.005891 0.013887 -0.006168
v 0.005614 0.018217 -0.004420
v 0.004357 -0.018953 -0.005545
v 0.004487 -0.008598 -0.007219
v 0.005279 -0.008598 -0.005573
v 0.005279 -0.008598 -0.005573
v 0.004855 -0.018909 -0.003899
v 0.004357 -0.018953 -0.005545
v 0.005537 -0.002612 -0.006062
v 0.004746 -0.002940 -0.007708
v 0.005004 0.002718 -0.008212
v 0.005004 0.002718 -0.008212
v 0.005704 0.002718 -0.006566
v 0.005537 -0.002612 -0.006062
v 0.004549 0.018217 -0.005904
v 0.005614 0.018217 -0.004420
v 0.005891 0.013887 -0.006168
v 0.005891 0.013887 -0.006168
v 0.004826 0.013887 -0.007651
v 0.004549 0.018217 -0.005904
v 0.003172 -0.018932 -0.006366
v 0.003334 -0.008598 -0.007859
v 0.004487 -0.008598 -0.007219
v 0.004487 -0.008598 -0.007219
v 0.004357 -0.018953 -0.005545
v 0.003172 -0.018932 -0.006366
v 0.004746 -0.002940 -0.007708
v 0.003592 -0.002940 -0.008348
v 0.003850 0.002718 -0.008852
v 0.003850 0.002718 -0.008852
v 0.005004 0.002718 -0.008212
v 0.004746 -0.002940 -0.007708
v 0.003302 0.018217 -0.006333
v 0.004549 0.018217 -0.005904
v 0.004826 0.013887 -0.007651
v 0.004826 0.013887 -0.007651
v 0.003579 0.013887 -0.008081
v 0.003302 0.018217 -0.006333
v 0.003334 -0.008598 -0.007859
v 0.003172 -0.018932 -0.006366
v 0.000008 -0.018757 -0.007127
v 0.000008 -0.018757 -0.007127
v 0.000008 -0.008598 -0.008921
v 0.003334 -0.008598 -0.007859
v 0.000008 -0.002940 -0.009537
v 0.000008 0.002718 -0.010089
v 0.003850 0.002718 -0.008852
v 0.003850 0.002718 -0.008852
v 0.003592 -0.002940 -0.008348
v 0.000008 -0.002940 -0.009537
v 0.003723 0.008366 0.004092
v 0.002093 0.008198 0.006870
v 0.002093 0.002718 0.005903
v 0.002093 0.002718 0.005903
v 0.003629 0.002718 0.003140
v 0.003723 0.008366 0.004092
v 0.003629 0.002718 0.003140
v 0.004832 0.002718 0.002848
v 0.004832 0.008376 0.003294
v 0.004832 0.008376 0.003294
v 0.003723 0.008366 0.004092
v 0.003629 0.002718 0.003140
v 0.005827 0.002718 -0.004838
v 0.006042 0.008376 -0.005470
v 0.004832 0.008376 0.003294
v 0.004832 0.008376 0.003294
v 0.004832 0.002718 0.002848
v 0.005827 0.002718 -0.004838
v 0.005704 0.002718 -0.006566
v 0.005919 0.008376 -0.007199
v 0.006042 0.008376 -0.005470
v 0.006042 0.008376 -0.005470
v 0.005827 0.002718 -0.004838
v 0.005704 0.002718 -0.006566
v 0.005004 0.002718 -0.008212
v 0.005004 0.008376 -0.008845
v 0.005919 0.008376 -0.007199
v 0.005919 0.008376 -0.007199
v 0.005704 0.002718 -0.006566
v 0.005004 0.002718 -0.008212
v 0.003850 0.002718 -0.008852
v 0.003850 0.008376 -0.009485
v 0.005004 0.008376 -0.008845
v 0.005004 0.008376 -0.008845
v 0.005004 0.002718 -0.008212
v 0.003850 0.002718 -0.008852
v 0.003850 0.008376 -0.009485
v 0.003850 0.002718 -0.008852
v 0.000008 0.002718 -0.010089
v 0.000008 0.002718 -0.010089
v 0.000008 0.008376 -0.010418
v 0.003850 0.008376 -0.009485
v 0.002093 0.022521 0.008464
v 0.000008 0.022521 0.008998
v 0.000008 0.018363 0.008638
v 0.000008 0.018363 0.008638
v 0.002093 0.018363 0.008104
v 0.002093 0.022521 0.008464
v 0.002093 0.018363 0.008104
v 0.003695 0.018360 0.006375
v 0.003675 0.022521 0.006970
v 0.003675 0.022521 0.006970
v 0.002093 0.022521 0.008464
v 0.002093 0.018363 0.008104
v 0.005089 0.022521 0.003242
v 0.003675 0.022521 0.006970
v 0.003695 0.018360 0.006375
v 0.003695 0.018360 0.006375
v 0.005007 0.018314 0.002794
v 0.005089 0.022521 0.003242
v 0.005340 0.022521 -0.000240
v 0.005089 0.022521 0.003242
v 0.005007 0.018314 0.002794
v 0.005007 0.018314 0.002794
v 0.006035 0.018217 -0.002739
v 0.005340 0.022521 -0.000240
v 0.005614 0.018217 -0.004420
v 0.005340 0.022521 -0.000240
v 0.006035 0.018217 -0.002739
v 0.004487 0.022521 -0.002750
v 0.005340 0.022521 -0.000240
v 0.005614 0.018217 -0.004420
v 0.005614 0.018217 -0.004420
v 0.004549 0.018217 -0.005904
v 0.004487 0.022521 -0.002750
v 0.003334 0.022521 -0.003390
v 0.004487 0.022521 -0.002750
v 0.004549 0.018217 -0.005904
v 0.004549 0.018217 -0.005904
v 0.003302 0.018217 -0.006333
v 0.003334 0.022521 -0.003390
v 0.002093 0.025350 0.008708
v 0.000008 0.025350 0.009243
v 0.000008 0.022521 0.008998
v 0.000008 0.022521 0.008998
v 0.002093 0.022521 0.008464
v 0.002093 0.025350 0.008708
v 0.002093 0.022521 0.008464
v 0.003675 0.022521 0.006970
v 0.003651 0.025350 0.007267
v 0.003651 0.025350 0.007267
v 0.002093 0.025350 0.008708
v 0.002093 0.022521 0.008464
v 0.005085 0.025350 0.004079
v 0.003651 0.025350 0.007267
v 0.003675 0.022521 0.006970
v 0.003675 0.022521 0.006970
v 0.005089 0.022521 0.003242
v 0.005085 0.025350 0.004079
v 0.005340 0.025350 0.001251
v 0.005085 0.025350 0.004079
v 0.005089 0.022521 0.003242
v 0.005089 0.022521 0.003242
v 0.005340 0.022521 -0.000240
v 0.005340 0.025350 0.001251
v 0.004487 0.025350 -0.001259
v 0.005340 0.025350 0.001251
v 0.005340 0.022521 -0.000240
v 0.005340 0.022521 -0.000240
v 0.004487 0.022521 -0.002750
v 0.004487 0.025350 -0.001259
v 0.003334 0.025350 -0.001899
v 0.004487 0.025350 -0.001259
v 0.004487 0.022521 -0.002750
v 0.004487 0.022521 -0.002750
v 0.003334 0.022521 -0.003390
v 0.003334 0.025350 -0.001899
v 0.003442 -0.024048 -0.000143
v 0.003901 -0.023458 -0.000740
v 0.004669 -0.019904 0.000003
v 0.004669 -0.019904 0.000003
v 0.004129 -0.018953 0.000573
v 0.003442 -0.024048 -0.000143
v 0.004978 -0.018909 -0.002170
v 0.004669 -0.021021 -0.001802
v 0.004599 -0.021021 -0.003494
v 0.004599 -0.021021 -0.003494
v 0.004855 -0.018909 -0.003899
v 0.004978 -0.018909 -0.002170
v 0.004855 -0.018909 -0.003899
v 0.004599 -0.021021 -0.003494
v 0.004221 -0.021025 -0.005017
v 0.004221 -0.021025 -0.005017
v 0.004357 -0.018953 -0.005545
v 0.004855 -0.018909 -0.003899
v 0.004357 -0.018953 -0.005545
v 0.004221 -0.021025 -0.005017
v 0.003021 -0.021042 -0.006016
v 0.003021 -0.021042 -0.006016
v 0.003172 -0.018932 -0.006366
v 0.004357 -0.018953 -0.005545
v 0.000008 0.025350 0.009243
v 0.002093 0.025350 0.008708
v 0.001753 0.027901 0.009028
v 0.001753 0.027901 0.009028
v 0.000008 0.027901 0.009369
v 0.000008 0.025350 0.009243
v 0.002093 0.008198 0.006870
v 0.002093 0.014034 0.007606
v 0.000008 0.014034 0.008219
v 0.000008 0.014034 0.008219
v 0.000008 0.008012 0.007581
v 0.002093 0.008198 0.006870
v 0.001356 -0.017201 0.002618
v 0.001957 -0.008019 0.004217
v 0.000008 -0.007938 0.004909
v 0.000008 -0.007938 0.004909
v 0.000008 -0.017616 0.003059
v 0.001356 -0.017201 0.002618
v 0.000008 -0.007938 0.004909
v 0.001957 -0.008019 0.004217
v 0.002093 -0.002538 0.005117
v 0.002093 -0.002538 0.005117
v 0.000008 -0.002538 0.005747
v 0.000008 -0.007938 0.004909
v 0.000008 0.018362 -0.007442
v 0.003302 0.018217 -0.006333
v 0.003579 0.013887 -0.008081
v 0.003579 0.013887 -0.008081
v 0.000008 0.014032 -0.009215
v 0.000008 0.018362 -0.007442
v 0.000008 0.002718 0.006721
v 0.002093 0.002718 0.005903
v 0.002093 0.008198 0.006870
v 0.002093 0.008198 0.006870
v 0.000008 0.008012 0.007581
v 0.000008 0.002718 0.006721
v 0.000008 0.022521 -0.003548
v 0.003334 0.022521 -0.003390
v 0.003302 0.018217 -0.006333
v 0.003302 0.018217 -0.006333
v 0.000008 0.018362 -0.007442
v 0.000008 0.022521 -0.003548
v 0.000008 0.025350 -0.002057
v 0.003334 0.025350 -0.001899
v 0.003334 0.022521 -0.003390
v 0.003334 0.022521 -0.003390
v 0.000008 0.022521 -0.003548
v 0.000008 0.025350 -0.002057
v 0.003021 -0.021042 -0.006016
v 0.000008 -0.022391 -0.005969
v 0.000008 -0.018757 -0.007127
v 0.000008 -0.018757 -0.007127
v 0.003172 -0.018932 -0.006366
v 0.003021 -0.021042 -0.006016
v 0.000008 0.047602 -0.002376
v 0.000008 0.049732 -0.002573
v 0.003079 0.049740 -0.002267
v 0.003079 0.049740 -0.002267
v 0.003109 0.047657 -0.002082
v 0.000008 0.047602 -0.002376
v 0.003162 0.043297 -0.001699
v 0.003177 0.039842 -0.001618
v 0.000008 0.039859 -0.001917
v 0.000008 0.039859 -0.001917
v 0.000008 0.043297 -0.002006
v 0.003162 0.043297 -0.001699
v 0.003192 0.036397 -0.001538
v 0.003223 0.033100 -0.001598
v 0.000008 0.033100 -0.001830
v 0.000008 0.033100 -0.001830
v 0.000008 0.036371 -0.001828
v 0.003192 0.036397 -0.001538
v 0.001874 -0.027968 -0.004026
v 0.002715 -0.023740 -0.005465
v 0.003629 -0.023740 -0.003560
v 0.003629 -0.023740 -0.003560
v 0.002995 -0.027968 -0.002585
v 0.001874 -0.027968 -0.004026
v 0.002995 -0.027968 -0.001430
v 0.003435 -0.023766 -0.000854
v 0.001681 -0.025415 0.000252
v 0.001681 -0.025415 0.000252
v 0.001874 -0.027968 -0.000318
v 0.002995 -0.027968 -0.001430
v 0.000008 -0.027968 -0.004026
v 0.000008 -0.022391 -0.005969
v 0.002715 -0.023740 -0.005465
v 0.002715 -0.023740 -0.005465
v 0.001874 -0.027968 -0.004026
v 0.000008 -0.027968 -0.004026
v 0.002995 -0.027968 -0.002585
v 0.003629 -0.023740 -0.003560
v 0.003435 -0.023766 -0.000854
v 0.003435 -0.023766 -0.000854
v 0.002995 -0.027968 -0.001430
v 0.002995 -0.027968 -0.002585
v 0.003573 -0.002545 0.002601
v 0.002093 -0.002538 0.005117
v 0.001957 -0.008019 0.004217
v 0.001957 -0.008019 0.004217
v 0.003150 -0.007979 0.002218
v 0.003573 -0.002545 0.002601
v 0.004471 -0.007977 0.001659
v 0.004832 -0.002629 0.002269
v 0.003573 -0.002545 0.002601
v 0.003573 -0.002545 0.002601
v 0.003150 -0.007979 0.002218
v 0.004471 -0.007977 0.001659
v 0.005548 -0.008005 -0.003479
v 0.005660 -0.002612 -0.004334
v 0.004832 -0.002629 0.002269
v 0.004832 -0.002629 0.002269
v 0.004471 -0.007977 0.001659
v 0.005548 -0.008005 -0.003479
v 0.005548 -0.008005 -0.003479
v 0.005279 -0.008598 -0.005573
v 0.005537 -0.002612 -0.006062
v 0.005537 -0.002612 -0.006062
v 0.005660 -0.002612 -0.004334
v 0.005548 -0.008005 -0.003479
v 0.005279 -0.008598 -0.005573
v 0.004487 -0.008598 -0.007219
v 0.004746 -0.002940 -0.007708
v 0.004746 -0.002940 -0.007708
v 0.005537 -0.002612 -0.006062
v 0.005279 -0.008598 -0.005573
v 0.004487 -0.008598 -0.007219
v 0.003334 -0.008598 -0.007859
v 0.003592 -0.002940 -0.008348
v 0.003592 -0.002940 -0.008348
v 0.004746 -0.002940 -0.007708
v 0.004487 -0.008598 -0.007219
v 0.000008 -0.008598 -0.008921
v 0.000008 -0.002940 -0.009537
v 0.003592 -0.002940 -0.008348
v 0.003592 -0.002940 -0.008348
v 0.003334 -0.008598 -0.007859
v 0.000008 -0.008598 -0.008921
v 0.002093 0.002718 0.005903
v 0.000008 0.002718 0.006721
v 0.000008 -0.002538 0.005747
v 0.000008 -0.002538 0.005747
v 0.002093 -0.002538 0.005117
v 0.002093 0.002718 0.005903
v 0.002050 -0.025383 0.000561
v 0.002033 -0.018005 0.001338
v 0.000008 -0.019698 0.001606
v 0.000008 -0.019698 0.001606
v 0.000008 -0.025810 0.000721
v 0.002050 -0.025383 0.000561
v 0.003442 -0.024048 -0.000143
v 0.004129 -0.018953 0.000573
v 0.002033 -0.018005 0.001338
v 0.002033 -0.018005 0.001338
v 0.002050 -0.025383 0.000561
v 0.003442 -0.024048 -0.000143
v 0.003901 -0.023458 -0.000740
v 0.004669 -0.021021 -0.001802
v 0.004669 -0.019904 0.000003
v 0.003629 -0.023740 -0.003560
v 0.004599 -0.021021 -0.003494
v 0.004669 -0.021021 -0.001802
v 0.004669 -0.021021 -0.001802
v 0.003901 -0.023458 -0.000740
v 0.003629 -0.023740 -0.003560
v 0.003629 -0.023740 -0.003560
v 0.004221 -0.021025 -0.005017
v 0.004599 -0.021021 -0.003494
v 0.004221 -0.021025 -0.005017
v 0.003629 -0.023740 -0.003560
v 0.002715 -0.023740 -0.005465
v 0.002715 -0.023740 -0.005465
v 0.003021 -0.021042 -0.006016
v 0.004221 -0.021025 -0.005017
v 0.002715 -0.023740 -0.005465
v 0.000008 -0.022391 -0.005969
v 0.003021 -0.021042 -0.006016
v 0.002033 -0.018005 0.001338
v 0.001356 -0.017201 0.002618
v 0.000008 -0.017616 0.003059
v 0.000008 -0.017616 0.003059
v 0.000008 -0.019698 0.001606
v 0.002033 -0.018005 0.001338
v 0.003150 -0.007979 0.002218
v 0.001957 -0.008019 0.004217
v 0.001356 -0.017201 0.002618
v 0.001356 -0.017201 0.002618
v 0.002033 -0.018005 0.001338
v 0.003150 -0.007979 0.002218
v 0.003162 0.043297 -0.001699
v 0.003109 0.047657 -0.002082
v 0.004345 0.047657 -0.001353
v 0.004345 0.047657 -0.001353
v 0.004416 0.043297 -0.000896
v 0.003162 0.043297 -0.001699
v 0.004416 0.043297 -0.000896
v 0.004345 0.047657 -0.001353
v 0.004812 0.047657 0.000925
v 0.004812 0.047657 0.000925
v 0.004973 0.043297 0.001377
v 0.004416 0.043297 -0.000896
v 0.004973 0.043297 0.001377
v 0.004812 0.047657 0.000925
v 0.003926 0.047657 0.003935
v 0.003926 0.047657 0.003935
v 0.003714 0.043291 0.005071
v 0.004973 0.043297 0.001377
v 0.003926 0.047657 0.003935
v 0.003344 0.047155 0.004840
v 0.003714 0.043291 0.005071
v 0.000008 0.043297 -0.002006
v 0.000008 0.047602 -0.002376
v 0.003109 0.047657 -0.002082
v 0.003109 0.047657 -0.002082
v 0.003162 0.043297 -0.001699
v 0.000008 0.043297 -0.002006
v 0.003054 0.064868 -0.000698
v 0.002645 0.064868 -0.001877
v 0.001686 0.068797 -0.001886
v 0.001686 0.068797 -0.001886
v 0.001915 0.069323 -0.001137
v 0.003054 0.064868 -0.000698
v 0.000677 0.073353 -0.001255
v 0.000819 0.073609 -0.000990
v 0.001915 0.069323 -0.001137
v 0.001915 0.069323 -0.001137
v 0.001686 0.068797 -0.001886
v 0.000677 0.073353 -0.001255
v 0.002450 0.056790 -0.002763
v 0.002755 0.053620 -0.002543
v 0.000008 0.053557 -0.002839
v 0.000008 0.053557 -0.002839
v 0.000008 0.056812 -0.003051
v 0.002450 0.056790 -0.002763
v 0.002755 0.053620 -0.002543
v 0.002450 0.056790 -0.002763
v 0.003742 0.056790 -0.001962
v 0.003742 0.056790 -0.001962
v 0.004002 0.053728 -0.001809
v 0.002755 0.053620 -0.002543
v 0.004002 0.053728 -0.001809
v 0.003742 0.056790 -0.001962
v 0.003989 0.056790 0.000026
v 0.003989 0.056790 0.000026
v 0.004317 0.053762 0.000314
v 0.004002 0.053728 -0.001809
v 0.003947 0.040332 0.005151
v 0.004403 0.035931 0.004910
v 0.005155 0.036409 0.001844
v 0.005155 0.036409 0.001844
v 0.005055 0.040186 0.001588
v 0.003947 0.040332 0.005151
v 0.005055 0.040186 0.001588
v 0.005155 0.036409 0.001844
v 0.004497 0.036420 -0.000649
v 0.004497 0.036420 -0.000649
v 0.004455 0.039990 -0.000777
v 0.005055 0.040186 0.001588
v 0.004497 0.036420 -0.000649
v 0.003192 0.036397 -0.001538
v 0.003177 0.039842 -0.001618
v 0.003177 0.039842 -0.001618
v 0.004455 0.039990 -0.000777
v 0.004497 0.036420 -0.000649
v 0.000008 0.036371 -0.001828
v 0.000008 0.039859 -0.001917
v 0.003177 0.039842 -0.001618
v 0.003177 0.039842 -0.001618
v 0.003192 0.036397 -0.001538
v 0.000008 0.036371 -0.001828
v 0.000008 -0.025810 0.000721
v 0.000008 -0.025683 0.000261
v 0.001681 -0.025415 0.000252
v 0.001681 -0.025415 0.000252
v 0.002050 -0.025383 0.000561
v 0.000008 -0.025810 0.000721
v 0.003442 -0.024048 -0.000143
v 0.002050 -0.025383 0.000561
v 0.001681 -0.025415 0.000252
v 0.001681 -0.025415 0.000252
v 0.003435 -0.023766 -0.000854
v 0.003442 -0.024048 -0.000143
v 0.003629 -0.023740 -0.003560
v 0.003901 -0.023458 -0.000740
v 0.003435 -0.023766 -0.000854
v 0.003442 -0.024048 -0.000143
v 0.003435 -0.023766 -0.000854
v 0.003901 -0.023458 -0.000740
v 0.004471 -0.007977 0.001659
v 0.004129 -0.018953 0.000573
v 0.004669 -0.019904 0.000003
v 0.004669 -0.019904 0.000003
v 0.004669 -0.021021 -0.001802
v 0.004978 -0.018909 -0.002170
v 0.002995 -0.027968 -0.002585
v 0.002995 -0.027968 -0.001430
v 0.001874 -0.027968 -0.000318
v 0.001874 -0.027968 -0.000318
v 0.001874 -0.027968 -0.004026
v 0.002995 -0.027968 -0.002585
v 0.009612 0.012862 -0.001365
v 0.010068 0.012234 -0.001055
v 0.010300 0.011584 -0.001072
v 0.010300 0.011584 -0.001072
v 0.010226 0.010997 -0.002193
v 0.009612 0.012862 -0.001365
v 0.051586 -0.023623 -0.005421
v 0.051586 -0.029221 -0.005421
v 0.046915 -0.026744 -0.002401
v 0.046915 -0.026744 -0.002401
v 0.046915 -0.019661 -0.002401
v 0.051586 -0.023623 -0.005421
v 0.051586 -0.029221 -0.005421
v 0.051586 -0.023623 -0.005421
v 0.055187 -0.027734 -0.008155
v 0.055187 -0.027734 -0.008155
v 0.054808 -0.029221 -0.007876
v 0.051586 -0.029221 -0.005421
v 0.046915 -0.019661 -0.002401
v 0.046915 -0.026744 -0.002401
v 0.033460 -0.026643 -0.001177
v 0.033460 -0.026643 -0.001177
v 0.032733 -0.008119 -0.001287
v 0.046915 -0.019661 -0.002401
v 0.046915 -0.019661 -0.002401
v 0.047431 -0.018648 -0.001663
v 0.052102 -0.022604 -0.004684
v 0.052102 -0.022604 -0.004684
v 0.051586 -0.023623 -0.005421
v 0.046915 -0.019661 -0.002401
v 0.055849 -0.026716 -0.007540
v 0.055187 -0.027734 -0.008155
v 0.051586 -0.023623 -0.005421
v 0.051586 -0.023623 -0.005421
v 0.052102 -0.022604 -0.004684
v 0.055849 -0.026716 -0.007540
v 0.047431 -0.018648 -0.001663
v 0.046915 -0.019661 -0.002401
v 0.032733 -0.008119 -0.001287
v 0.032733 -0.008119 -0.001287
v 0.032776 -0.007139 -0.000240
v 0.047431 -0.018648 -0.001663
v 0.047947 -0.026744 -0.000925
v 0.052617 -0.029221 -0.003948
v 0.052617 -0.023623 -0.003948
v 0.052617 -0.023623 -0.003948
v 0.047947 -0.019672 -0.000925
v 0.047947 -0.026744 -0.000925
v 0.052617 -0.029221 -0.003948
v 0.055840 -0.029221 -0.006403
v 0.056218 -0.027734 -0.006682
v 0.056218 -0.027734 -0.006682
v 0.052617 -0.023623 -0.003948
v 0.052617 -0.029221 -0.003948
v 0.033460 -0.026643 0.000621
v 0.047947 -0.026744 -0.000925
v 0.047947 -0.019672 -0.000925
v 0.047947 -0.019672 -0.000925
v 0.032818 -0.008119 0.000807
v 0.033460 -0.026643 0.000621
v 0.032733 -0.008119 -0.001287
v 0.033460 -0.026643 -0.001177
v 0.032273 -0.027758 -0.001623
v 0.032273 -0.027758 -0.001623
v 0.032273 -0.006535 -0.001623
v 0.032733 -0.008119 -0.001287
v 0.032282 -0.027758 0.001198
v 0.033460 -0.026643 0.000621
v 0.032818 -0.008119 0.000807
v 0.032818 -0.008119 0.000807
v 0.032282 -0.006535 0.001198
v 0.032282 -0.027758 0.001198
v 0.055840 -0.029221 -0.006403
v 0.054950 -0.030983 -0.006796
v 0.055849 -0.026716 -0.007540
v 0.055849 -0.026716 -0.007540
v 0.056218 -0.027734 -0.006682
v 0.055840 -0.029221 -0.006403
v 0.031747 -0.005932 -0.001640
v 0.031747 -0.004913 -0.000182
v 0.032278 -0.005521 -0.000213
v 0.032278 -0.005521 -0.000213
v 0.032273 -0.006535 -0.001623
v 0.031747 -0.005932 -0.001640
v 0.031747 -0.028120 0.001276
v 0.031747 -0.028951 -0.000182
v 0.032278 -0.028589 -0.000213
v 0.032278 -0.028589 -0.000213
v 0.032282 -0.027758 0.001198
v 0.031747 -0.028120 0.001276
v 0.054950 -0.030983 -0.006796
v 0.055840 -0.029221 -0.006403
v 0.052617 -0.029221 -0.003948
v 0.052617 -0.029221 -0.003948
v 0.052102 -0.030983 -0.004684
v 0.054950 -0.030983 -0.006796
v 0.033460 -0.026643 0.000621
v 0.033460 -0.028406 -0.000278
v 0.047431 -0.028507 -0.001663
v 0.047431 -0.028507 -0.001663
v 0.047947 -0.026744 -0.000925
v 0.033460 -0.026643 0.000621
v 0.052617 -0.029221 -0.003948
v 0.047947 -0.026744 -0.000925
v 0.047431 -0.028507 -0.001663
v 0.047431 -0.028507 -0.001663
v 0.052102 -0.030983 -0.004684
v 0.052617 -0.029221 -0.003948
v 0.033460 -0.028406 -0.000278
v 0.033460 -0.026643 -0.001177
v 0.046915 -0.026744 -0.002401
v 0.046915 -0.026744 -0.002401
v 0.047431 -0.028507 -0.001663
v 0.033460 -0.028406 -0.000278
v 0.005884 0.015179 -0.002375
v 0.005575 0.016365 -0.000832
v 0.008067 0.014234 -0.000965
v 0.008067 0.014234 -0.000965
v 0.008067 0.013312 -0.002453
v 0.005884 0.015179 -0.002375
v 0.012808 0.010102 -0.000735
v 0.011593 0.009821 -0.000068
v 0.013701 0.008024 -0.000213
v 0.013701 0.008024 -0.000213
v 0.013335 0.009705 -0.000735
v 0.012808 0.010102 -0.000735
v 0.004804 -0.019097 -0.003257
v 0.005666 0.006353 -0.004562
v 0.010968 0.002527 -0.004562
v 0.010968 0.002527 -0.004562
v 0.010971 -0.021195 -0.002393
v 0.004804 -0.019097 -0.003257
v 0.005666 0.006353 -0.004562
v 0.005871 0.010699 -0.003900
v 0.010959 0.006686 -0.003991
v 0.010959 0.006686 -0.003991
v 0.010968 0.002527 -0.004562
v 0.005666 0.006353 -0.004562
v 0.008067 0.013312 0.000523
v 0.005251 0.015721 0.000723
v 0.004841 0.011512 0.002298
v 0.004841 0.011512 0.002298
v 0.010978 0.006671 0.001752
v 0.008067 0.013312 0.000523
v 0.010971 -0.021195 -0.002393
v 0.010969 -0.023029 -0.000902
v 0.004617 -0.020932 -0.001772
v 0.004617 -0.020932 -0.001772
v 0.004804 -0.019097 -0.003257
v 0.010971 -0.021195 -0.002393
v 0.013945 0.008284 0.000105
v 0.019049 0.003917 -0.000257
v 0.019551 0.004409 -0.001577
v 0.019551 0.004409 -0.001577
v 0.013945 0.009205 -0.001278
v 0.013945 0.008284 0.000105
v 0.011322 0.011448 -0.001138
v 0.011322 0.010527 -0.002568
v 0.010470 0.011256 -0.002538
v 0.010470 0.011256 -0.002538
v 0.010470 0.012178 -0.001093
v 0.011322 0.011448 -0.001138
v 0.020188 0.002927 -0.002876
v 0.020038 -0.000473 -0.004152
v 0.010959 0.006686 -0.003991
v 0.010959 0.006686 -0.003991
v 0.013945 0.008284 -0.002662
v 0.020188 0.002927 -0.002876
v 0.010987 0.002513 0.002296
v 0.018299 -0.002763 0.001675
v 0.018707 0.000576 0.001065
v 0.018707 0.000576 0.001065
v 0.010978 0.006671 0.001752
v 0.010987 0.002513 0.002296
v 0.011322 0.010527 0.000292
v 0.010470 0.011256 0.000352
v 0.010978 0.006671 0.001752
v 0.018597 -0.002978 -0.004562
v 0.018294 -0.023537 -0.001427
v 0.010971 -0.021195 -0.002393
v 0.010971 -0.021195 -0.002393
v 0.010968 0.002527 -0.004562
v 0.018597 -0.002978 -0.004562
v 0.018294 -0.023537 -0.001427
v 0.018091 -0.025357 -0.000109
v 0.010969 -0.023029 -0.000902
v 0.010969 -0.023029 -0.000902
v 0.010971 -0.021195 -0.002393
v 0.018294 -0.023537 -0.001427
v 0.010978 0.006671 0.001752
v 0.010470 0.011256 0.000352
v 0.008067 0.013312 0.000523
v 0.010959 0.006686 -0.003991
v 0.005871 0.010699 -0.003900
v 0.005884 0.015179 -0.002375
v 0.005884 0.015179 -0.002375
v 0.008067 0.013312 -0.002453
v 0.010959 0.006686 -0.003991
v 0.010978 0.006671 0.001752
v 0.013945 0.008284 0.000105
v 0.011322 0.010527 0.000292
v 0.010978 0.006671 0.001752
v 0.004841 0.011512 0.002298
v 0.004739 0.007022 0.002827
v 0.004739 0.007022 0.002827
v 0.010987 0.002513 0.002296
v 0.010978 0.006671 0.001752
v 0.010968 0.002527 -0.004562
v 0.010959 0.006686 -0.003991
v 0.020038 -0.000473 -0.004152
v 0.020038 -0.000473 -0.004152
v 0.018597 -0.002978 -0.004562
v 0.010968 0.002527 -0.004562
v 0.019049 0.003917 -0.000257
v 0.013945 0.008284 0.000105
v 0.010978 0.006671 0.001752
v 0.010978 0.006671 0.001752
v 0.018707 0.000576 0.001065
v 0.019049 0.003917 -0.000257
v 0.008337 0.012606 -0.002121
v 0.010226 0.010997 -0.002193
v 0.010470 0.011256 -0.002538
v 0.010470 0.011256 -0.002538
v 0.008067 0.013312 -0.002453
v 0.008337 0.012606 -0.002121
v 0.008067 0.013312 -0.002453
v 0.008067 0.014234 -0.000965
v 0.008407 0.012827 -0.000982
v 0.008407 0.012827 -0.000982
v 0.008337 0.012606 -0.002121
v 0.008067 0.013312 -0.002453
v 0.010470 0.011256 0.000352
v 0.010226 0.010997 0.000034
v 0.008337 0.012606 0.000163
v 0.008337 0.012606 0.000163
v 0.008067 0.013312 0.000523
v 0.010470 0.011256 0.000352
v 0.010470 0.011256 0.000352
v 0.010470 0.012178 -0.001093
v 0.010300 0.011584 -0.001072
v 0.010300 0.011584 -0.001072
v 0.010226 0.010997 0.000034
v 0.010470 0.011256 0.000352
v 0.011593 0.009821 -0.002237
v 0.013701 0.008024 -0.002316
v 0.013945 0.008284 -0.002662
v 0.013945 0.008284 -0.002662
v 0.011322 0.010527 -0.002568
v 0.011593 0.009821 -0.002237
v 0.011322 0.010527 -0.002568
v 0.011322 0.011448 -0.001138
v 0.011748 0.009689 -0.001160
v 0.011748 0.009689 -0.001160
v 0.011593 0.009821 -0.002237
v 0.011322 0.010527 -0.002568
v 0.013945 0.008284 0.000105
v 0.013701 0.008024 -0.000213
v 0.011593 0.009821 -0.000068
v 0.011593 0.009821 -0.000068
v 0.011322 0.010527 0.000292
v 0.013945 0.008284 0.000105
v 0.013945 0.008284 0.000105
v 0.013945 0.009205 -0.001278
v 0.013669 0.008452 -0.001263
v 0.013669 0.008452 -0.001263
v 0.013701 0.008024 -0.000213
v 0.013945 0.008284 0.000105
v 0.009102 0.013113 -0.000735
v 0.008337 0.012606 0.000163
v 0.010226 0.010997 0.000034
v 0.010226 0.010997 0.000034
v 0.009614 0.012849 -0.000735
v 0.009102 0.013113 -0.000735
v 0.008067 0.014234 -0.000965
v 0.005575 0.016365 -0.000832
v 0.005251 0.015721 0.000723
v 0.005251 0.015721 0.000723
v 0.008067 0.013312 0.000523
v 0.008067 0.014234 -0.000965
v 0.012346 0.010170 -0.001126
v 0.012842 0.010107 -0.001365
v 0.011593 0.009821 -0.002237
v 0.011593 0.009821 -0.002237
v 0.011748 0.009689 -0.001160
v 0.012346 0.010170 -0.001126
v 0.013945 0.008284 -0.002662
v 0.013945 0.009205 -0.001278
v 0.019551 0.004409 -0.001577
v 0.019551 0.004409 -0.001577
v 0.020188 0.002927 -0.002876
v 0.013945 0.008284 -0.002662
v 0.011322 0.011448 -0.001138
v 0.010470 0.012178 -0.001093
v 0.010470 0.011256 0.000352
v 0.010470 0.011256 0.000352
v 0.011322 0.010527 0.000292
v 0.011322 0.011448 -0.001138
v 0.008407 0.012827 -0.000982
v 0.008067 0.014234 -0.000965
v 0.008067 0.013312 0.000523
v 0.008067 0.013312 0.000523
v 0.008337 0.012606 0.000163
v 0.008407 0.012827 -0.000982
v 0.010300 0.011584 -0.001072
v 0.010470 0.012178 -0.001093
v 0.010470 0.011256 -0.002538
v 0.010470 0.011256 -0.002538
v 0.010226 0.010997 -0.002193
v 0.010300 0.011584 -0.001072
v 0.011748 0.009689 -0.001160
v 0.011322 0.011448 -0.001138
v 0.011322 0.010527 0.000292
v 0.011322 0.010527 0.000292
v 0.011593 0.009821 -0.000068
v 0.011748 0.009689 -0.001160
v 0.013669 0.008452 -0.001263
v 0.013945 0.009205 -0.001278
v 0.013945 0.008284 -0.002662
v 0.013945 0.008284 -0.002662
v 0.013701 0.008024 -0.002316
v 0.013669 0.008452 -0.001263
v 0.013945 0.008284 -0.002662
v 0.010959 0.006686 -0.003991
v 0.011322 0.010527 -0.002568
v 0.010470 0.011256 -0.002538
v 0.010959 0.006686 -0.003991
v 0.008067 0.013312 -0.002453
v 0.011322 0.010527 -0.002568
v 0.010959 0.006686 -0.003991
v 0.010470 0.011256 -0.002538
v 0.010971 -0.021195 0.000597
v 0.010987 0.002513 0.002296
v 0.004739 0.007022 0.002827
v 0.004739 0.007022 0.002827
v 0.004626 -0.019036 -0.000240
v 0.010971 -0.021195 0.000597
v 0.051586 -0.029221 -0.005421
v 0.054808 -0.029221 -0.007876
v 0.054950 -0.030983 -0.006796
v 0.054950 -0.030983 -0.006796
v 0.052102 -0.030983 -0.004684
v 0.051586 -0.029221 -0.005421
v 0.032776 -0.007139 -0.000240
v 0.032278 -0.005521 -0.000213
v 0.032282 -0.006535 0.001198
v 0.032282 -0.006535 0.001198
v 0.032818 -0.008119 0.000807
v 0.032776 -0.007139 -0.000240
v 0.031747 -0.028120 -0.001640
v 0.031747 -0.005932 -0.001640
v 0.032273 -0.006535 -0.001623
v 0.032273 -0.006535 -0.001623
v 0.032273 -0.027758 -0.001623
v 0.031747 -0.028120 -0.001640
v 0.031747 -0.028120 0.001276
v 0.032282 -0.027758 0.001198
v 0.032282 -0.006535 0.001198
v 0.032282 -0.006535 0.001198
v 0.031747 -0.005932 0.001276
v 0.031747 -0.028120 0.001276
v 0.017813 -0.023500 0.001192
v 0.018299 -0.002763 0.001675
v 0.010987 0.002513 0.002296
v 0.010987 0.002513 0.002296
v 0.010971 -0.021195 0.000597
v 0.017813 -0.023500 0.001192
v 0.052102 -0.022604 -0.004684
v 0.047431 -0.018648 -0.001663
v 0.047947 -0.019672 -0.000925
v 0.047947 -0.019672 -0.000925
v 0.052617 -0.023623 -0.003948
v 0.052102 -0.022604 -0.004684
v 0.055849 -0.026716 -0.007540
v 0.052102 -0.022604 -0.004684
v 0.052617 -0.023623 -0.003948
v 0.052617 -0.023623 -0.003948
v 0.056218 -0.027734 -0.006682
v 0.055849 -0.026716 -0.007540
v 0.047431 -0.018648 -0.001663
v 0.032776 -0.007139 -0.000240
v 0.032818 -0.008119 0.000807
v 0.032818 -0.008119 0.000807
v 0.047947 -0.019672 -0.000925
v 0.047431 -0.018648 -0.001663
v 0.055849 -0.026716 -0.007540
v 0.054950 -0.030983 -0.006796
v 0.054808 -0.029221 -0.007876
v 0.054808 -0.029221 -0.007876
v 0.055187 -0.027734 -0.008155
v 0.055849 -0.026716 -0.007540
v 0.031747 -0.005932 0.001276
v 0.032282 -0.006535 0.001198
v 0.032278 -0.005521 -0.000213
v 0.032278 -0.005521 -0.000213
v 0.031747 -0.004913 -0.000182
v 0.031747 -0.005932 0.001276
v 0.031747 -0.028120 -0.001640
v 0.032273 -0.027758 -0.001623
v 0.032278 -0.028589 -0.000213
v 0.032278 -0.028589 -0.000213
v 0.031747 -0.028951 -0.000182
v 0.031747 -0.028120 -0.001640
v 0.051586 -0.029221 -0.005421
v 0.052102 -0.030983 -0.004684
v 0.047431 -0.028507 -0.001663
v 0.047431 -0.028507 -0.001663
v 0.046915 -0.026744 -0.002401
v 0.051586 -0.029221 -0.005421
v 0.032776 -0.007139 -0.000240
v 0.032733 -0.008119 -0.001287
v 0.032273 -0.006535 -0.001623
v 0.032273 -0.006535 -0.001623
v 0.032278 -0.005521 -0.000213
v 0.032776 -0.007139 -0.000240
v 0.010971 -0.021195 0.000597
v 0.004626 -0.019036 -0.000240
v 0.004617 -0.020932 -0.001772
v 0.004617 -0.020932 -0.001772
v 0.010969 -0.023029 -0.000902
v 0.010971 -0.021195 0.000597
v 0.017813 -0.023500 0.001192
v 0.010971 -0.021195 0.000597
v 0.010969 -0.023029 -0.000902
v 0.010969 -0.023029 -0.000902
v 0.018091 -0.025357 -0.000109
v 0.017813 -0.023500 0.001192
v 0.032282 -0.027758 0.001198
v 0.032278 -0.028589 -0.000213
v 0.033460 -0.028406 -0.000278
v 0.033460 -0.028406 -0.000278
v 0.033460 -0.026643 0.000621
v 0.032282 -0.027758 0.001198
v 0.032273 -0.027758 -0.001623
v 0.033460 -0.026643 -0.001177
v 0.033460 -0.028406 -0.000278
v 0.033460 -0.028406 -0.000278
v 0.032278 -0.028589 -0.000213
v 0.032273 -0.027758 -0.001623
v 0.013335 0.009705 -0.000735
v 0.013701 0.008024 -0.000213
v 0.013669 0.008452 -0.001263
v 0.013669 0.008452 -0.001263
v 0.013609 0.009232 -0.001126
v 0.013335 0.009705 -0.000735
v 0.013322 0.009753 -0.001365
v 0.013701 0.008024 -0.002316
v 0.011593 0.009821 -0.002237
v 0.011593 0.009821 -0.002237
v 0.012842 0.010107 -0.001365
v 0.013322 0.009753 -0.001365
v 0.009612 0.012862 -0.001365
v 0.010226 0.010997 -0.002193
v 0.008337 0.012606 -0.002121
v 0.008337 0.012606 -0.002121
v 0.009088 0.013122 -0.001365
v 0.009612 0.012862 -0.001365
v 0.008618 0.013112 -0.000999
v 0.008407 0.012827 -0.000982
v 0.008337 0.012606 0.000163
v 0.008337 0.012606 0.000163
v 0.009102 0.013113 -0.000735
v 0.008618 0.013112 -0.000999
v 0.012346 0.010170 -0.001126
v 0.011748 0.009689 -0.001160
v 0.011593 0.009821 -0.000068
v 0.011593 0.009821 -0.000068
v 0.012808 0.010102 -0.000735
v 0.012346 0.010170 -0.001126
v 0.013609 0.009232 -0.001126
v 0.013669 0.008452 -0.001263
v 0.013701 0.008024 -0.002316
v 0.013701 0.008024 -0.002316
v 0.013322 0.009753 -0.001365
v 0.013609 0.009232 -0.001126
v 0.009614 0.012849 -0.000735
v 0.010226 0.010997 0.000034
v 0.010300 0.011584 -0.001072
v 0.010300 0.011584 -0.001072
v 0.010068 0.012234 -0.001055
v 0.009614 0.012849 -0.000735
v 0.008618 0.013112 -0.000999
v 0.009088 0.013122 -0.001365
v 0.008337 0.012606 -0.002121
v 0.008337 0.012606 -0.002121
v 0.008407 0.012827 -0.000982
v 0.008618 0.013112 -0.000999
v 0.000008 -0.025683 0.000261
v 0.000008 -0.027968 -0.000318
v 0.001874 -0.027968 -0.000318
v 0.001874 -0.027968 -0.000318
v 0.001681 -0.025415 0.000252
v 0.000008 -0.025683 0.000261
v 0.000008 -0.027968 -0.000318
v 0.000008 -0.027968 -0.004026
v 0.001874 -0.027968 -0.004026
v 0.001874 -0.027968 -0.004026
v 0.001874 -0.027968 -0.000318
v 0.000008 -0.027968 -0.000318
v -0.001786 0.048998 0.006052
v -0.002784 0.049786 0.005163
v -0.002763 0.048987 0.005449
v -0.002763 0.048987 0.005449
v -0.002784 0.049786 0.005163
v -0.003141 0.048278 0.005211
v -0.001383 0.053934 0.005000
v -0.002784 0.049786 0.005163
v -0.001786 0.048998 0.006052
v -0.001786 0.048998 0.006052
v -0.001758 0.048749 0.005849
v 0.000008 0.048749 0.006186
v 0.000008 0.048749 0.006186
v 0.000008 0.049000 0.006339
v -0.001786 0.048998 0.006052
v -0.002763 0.048987 0.005449
v -0.002659 0.048749 0.005295
v -0.001758 0.048749 0.005849
v -0.001758 0.048749 0.005849
v -0.001786 0.048998 0.006052
v -0.002763 0.048987 0.005449
v -0.003141 0.048278 0.005211
v -0.003329 0.047155 0.004840
v -0.002659 0.048749 0.005295
v -0.002659 0.048749 0.005295
v -0.002763 0.048987 0.005449
v -0.003141 0.048278 0.005211
v -0.002883 0.049739 0.004781
v -0.003329 0.047155 0.004840
v -0.003141 0.048278 0.005211
v -0.003141 0.048278 0.005211
v -0.002784 0.049786 0.005163
v -0.002883 0.049739 0.004781
v -0.002883 0.049739 0.004781
v -0.002784 0.049786 0.005163
v -0.001383 0.053934 0.005000
v -0.001383 0.053934 0.005000
v -0.001484 0.054035 0.004673
v -0.002883 0.049739 0.004781
v -0.001383 0.053934 0.005000
v 0.000008 0.053926 0.005256
v 0.000008 0.054035 0.004940
v 0.000008 0.054035 0.004940
v -0.001484 0.054035 0.004673
v -0.001383 0.053934 0.005000
v -0.001786 0.048998 0.006052
v 0.000008 0.049000 0.006339
v 0.000008 0.053926 0.005256
v 0.000008 0.053926 0.005256
v -0.001383 0.053934 0.005000
v -0.001786 0.048998 0.006052
v 0.000008 0.027901 0.009369
v 0.000008 0.030318 0.009757
v -0.001412 0.030318 0.009473
v -0.001412 0.030318 0.009473
v -0.001737 0.027901 0.009028
v 0.000008 0.027901 0.009369
v -0.001737 0.027901 0.009028
v -0.001412 0.030318 0.009473
v -0.002989 0.030318 0.008695
v -0.002989 0.030318 0.008695
v -0.002738 0.027901 0.008449
v -0.001737 0.027901 0.009028
v -0.002989 0.030318 0.008695
v -0.003550 0.030331 0.007448
v -0.002738 0.027901 0.008449
v -0.003550 0.030331 0.007448
v -0.002989 0.030318 0.008695
v -0.003236 0.033072 0.008809
v -0.003236 0.033072 0.008809
v -0.003834 0.033072 0.007404
v -0.003550 0.030331 0.007448
v -0.001556 0.033072 0.009821
v -0.003236 0.033072 0.008809
v -0.002989 0.030318 0.008695
v -0.002989 0.030318 0.008695
v -0.001412 0.030318 0.009473
v -0.001556 0.033072 0.009821
v 0.000008 0.033072 0.010168
v -0.001556 0.033072 0.009821
v -0.001412 0.030318 0.009473
v -0.001412 0.030318 0.009473
v 0.000008 0.030318 0.009757
v 0.000008 0.033072 0.010168
v -0.001556 0.033072 0.009821
v 0.000008 0.033072 0.010168
v 0.000008 0.035918 0.010233
v 0.000008 0.035918 0.010233
v -0.001636 0.035918 0.009841
v -0.001556 0.033072 0.009821
v -0.003236 0.033072 0.008809
v -0.001556 0.033072 0.009821
v -0.001636 0.035918 0.009841
v -0.001636 0.035918 0.009841
v -0.003409 0.035918 0.008686
v -0.003236 0.033072 0.008809
v -0.001636 0.035918 0.009841
v 0.000008 0.035918 0.010233
v 0.000008 0.040338 0.009416
v 0.000008 0.040338 0.009416
v -0.001535 0.040338 0.009069
v -0.001636 0.035918 0.009841
v -0.001535 0.040338 0.009069
v 0.000008 0.040338 0.009416
v 0.000008 0.043285 0.008294
v 0.000008 0.043285 0.008294
v -0.001388 0.043285 0.007999
v -0.001535 0.040338 0.009069
v -0.003409 0.035918 0.008686
v -0.001636 0.035918 0.009841
v -0.001535 0.040338 0.009069
v -0.001535 0.040338 0.009069
v -0.003177 0.040338 0.007987
v -0.003409 0.035918 0.008686
v -0.003834 0.033072 0.007404
v -0.003236 0.033072 0.008809
v -0.003409 0.035918 0.008686
v -0.003409 0.035918 0.008686
v -0.004112 0.035918 0.007115
v -0.003834 0.033072 0.007404
v -0.003550 0.030331 0.007448
v -0.003834 0.033072 0.007404
v -0.004127 0.032747 0.006258
v -0.004127 0.032747 0.006258
v -0.003834 0.033072 0.007404
v -0.004112 0.035918 0.007115
v -0.004112 0.035918 0.007115
v -0.004387 0.035931 0.004910
v -0.004127 0.032747 0.006258
v -0.004112 0.035918 0.007115
v -0.003409 0.035918 0.008686
v -0.003177 0.040338 0.007987
v -0.003177 0.040338 0.007987
v -0.003812 0.040338 0.006536
v -0.004112 0.035918 0.007115
v -0.003177 0.040338 0.007987
v -0.001535 0.040338 0.009069
v -0.001388 0.043285 0.007999
v -0.001388 0.043285 0.007999
v -0.002899 0.043285 0.007133
v -0.003177 0.040338 0.007987
v -0.001388 0.043285 0.007999
v 0.000008 0.043285 0.008294
v 0.000008 0.048749 0.006186
v 0.000008 0.048749 0.006186
v -0.001758 0.048749 0.005849
v -0.001388 0.043285 0.007999
v -0.002899 0.043285 0.007133
v -0.001388 0.043285 0.007999
v -0.001758 0.048749 0.005849
v -0.001758 0.048749 0.005849
v -0.002659 0.048749 0.005295
v -0.002899 0.043285 0.007133
v -0.002899 0.043285 0.007133
v -0.002659 0.048749 0.005295
v -0.003329 0.047155 0.004840
v -0.003329 0.047155 0.004840
v -0.003699 0.043291 0.005071
v -0.002899 0.043285 0.007133
v -0.003699 0.043291 0.005071
v -0.003931 0.040332 0.005151
v -0.003812 0.040338 0.006536
v -0.002899 0.043285 0.007133
v -0.003699 0.043291 0.005071
v -0.003812 0.040338 0.006536
v -0.003812 0.040338 0.006536
v -0.003177 0.040338 0.007987
v -0.002899 0.043285 0.007133
v -0.004387 0.035931 0.004910
v -0.004112 0.035918 0.007115
v -0.003812 0.040338 0.006536
v -0.003812 0.040338 0.006536
v -0.003931 0.040332 0.005151
v -0.004387 0.035931 0.004910
v -0.000643 0.039229 -0.001622
v -0.000257 0.045736 -0.001651
v -0.000257 0.040145 -0.009451
v -0.000257 0.040145 -0.009451
v -0.000643 0.037927 -0.009185
v -0.000643 0.039229 -0.001622
v 0.000008 0.037927 -0.009185
v -0.000643 0.037927 -0.009185
v -0.000257 0.040145 -0.009451
v -0.000257 0.040145 -0.009451
v 0.000008 0.040145 -0.009451
v 0.000008 0.037927 -0.009185
v -0.000257 0.045736 -0.001651
v 0.000008 0.045736 -0.001651
v 0.000008 0.040145 -0.009451
v 0.000008 0.040145 -0.009451
v -0.000257 0.040145 -0.009451
v -0.000257 0.045736 -0.001651
v 0.000008 0.037927 -0.009185
v 0.000008 0.039229 -0.001622
v -0.000643 0.039229 -0.001622
v -0.000643 0.039229 -0.001622
v -0.000643 0.037927 -0.009185
v 0.000008 0.037927 -0.009185
v -0.003093 0.047657 -0.002082
v -0.004329 0.047657 -0.001353
v -0.004290 0.049740 -0.001580
v -0.004290 0.049740 -0.001580
v -0.003064 0.049740 -0.002267
v -0.003093 0.047657 -0.002082
v -0.003147 0.043297 -0.001699
v -0.003161 0.039842 -0.001618
v -0.004439 0.039990 -0.000777
v -0.004439 0.039990 -0.000777
v -0.004400 0.043297 -0.000896
v -0.003147 0.043297 -0.001699
v -0.004329 0.047657 -0.001353
v -0.004796 0.047657 0.000925
v -0.004719 0.049740 0.000698
v -0.004719 0.049740 0.000698
v -0.004290 0.049740 -0.001580
v -0.004329 0.047657 -0.001353
v -0.004439 0.039990 -0.000777
v -0.005039 0.040186 0.001588
v -0.004957 0.043297 0.001377
v -0.004957 0.043297 0.001377
v -0.004400 0.043297 -0.000896
v -0.004439 0.039990 -0.000777
v -0.004796 0.047657 0.000925
v -0.003910 0.047657 0.003935
v -0.003943 0.049740 0.003503
v -0.003943 0.049740 0.003503
v -0.004719 0.049740 0.000698
v -0.004796 0.047657 0.000925
v -0.003699 0.043291 0.005071
v -0.004957 0.043297 0.001377
v -0.005039 0.040186 0.001588
v -0.005039 0.040186 0.001588
v -0.003931 0.040332 0.005151
v -0.003699 0.043291 0.005071
v -0.003910 0.047657 0.003935
v -0.003329 0.047155 0.004840
v -0.002883 0.049739 0.004781
v -0.002883 0.049739 0.004781
v -0.003943 0.049740 0.003503
v -0.003910 0.047657 0.003935
v -0.001057 0.064898 0.002549
v 0.000008 0.064898 0.002743
v 0.000008 0.068760 0.001711
v 0.000008 0.068760 0.001711
v -0.001041 0.069133 0.001445
v -0.001057 0.064898 0.002549
v -0.001041 0.069133 0.001445
v 0.000008 0.068760 0.001711
v 0.000008 0.074523 0.000000
v 0.000008 0.074523 0.000000
v -0.000568 0.074292 -0.000308
v -0.001041 0.069133 0.001445
v -0.001816 0.069495 -0.000058
v -0.001041 0.069133 0.001445
v -0.000568 0.074292 -0.000308
v -0.000568 0.074292 -0.000308
v -0.000803 0.073609 -0.000990
v -0.001816 0.069495 -0.000058
v -0.001041 0.069133 0.001445
v -0.001816 0.069495 -0.000058
v -0.002560 0.064868 0.001065
v -0.002560 0.064868 0.001065
v -0.001057 0.064898 0.002549
v -0.001041 0.069133 0.001445
v -0.001057 0.064898 0.002549
v -0.002560 0.064868 0.001065
v -0.002880 0.061173 0.001943
v -0.002880 0.061173 0.001943
v -0.001187 0.061173 0.003350
v -0.001057 0.064898 0.002549
v 0.000008 0.064898 0.002743
v -0.001057 0.064898 0.002549
v -0.001187 0.061173 0.003350
v -0.001187 0.061173 0.003350
v 0.000008 0.061173 0.003570
v 0.000008 0.064898 0.002743
v -0.001351 0.056790 0.004196
v 0.000008 0.056790 0.004445
v 0.000008 0.061173 0.003570
v 0.000008 0.061173 0.003570
v -0.001187 0.061173 0.003350
v -0.001351 0.056790 0.004196
v -0.003223 0.056790 0.002821
v -0.001351 0.056790 0.004196
v -0.001187 0.061173 0.003350
v -0.001187 0.061173 0.003350
v -0.002880 0.061173 0.001943
v -0.003223 0.056790 0.002821
v -0.003974 0.056790 0.000026
v -0.003223 0.056790 0.002821
v -0.002880 0.061173 0.001943
v -0.002880 0.061173 0.001943
v -0.003546 0.061173 -0.000219
v -0.003974 0.056790 0.000026
v -0.003546 0.061173 -0.000219
v -0.002880 0.061173 0.001943
v -0.002560 0.064868 0.001065
v -0.002560 0.064868 0.001065
v -0.003038 0.064868 -0.000698
v -0.003546 0.061173 -0.000219
v -0.003038 0.064868 -0.000698
v -0.002560 0.064868 0.001065
v -0.001816 0.069495 -0.000058
v -0.001816 0.069495 -0.000058
v -0.001900 0.069323 -0.001137
v -0.003038 0.064868 -0.000698
v -0.001816 0.069495 -0.000058
v -0.000803 0.073609 -0.000990
v -0.001900 0.069323 -0.001137
v 0.000008 0.074523 0.000000
v 0.000008 0.074360 -0.000643
v -0.000568 0.074292 -0.000308
v -0.001484 0.054035 0.004673
v 0.000008 0.054035 0.004940
v 0.000008 0.056790 0.004445
v 0.000008 0.056790 0.004445
v -0.001351 0.056790 0.004196
v -0.001484 0.054035 0.004673
v -0.003223 0.056790 0.002821
v -0.003518 0.053700 0.003237
v -0.001484 0.054035 0.004673
v -0.001484 0.054035 0.004673
v -0.001351 0.056790 0.004196
v -0.003223 0.056790 0.002821
v -0.004301 0.053762 0.000314
v -0.003518 0.053700 0.003237
v -0.003223 0.056790 0.002821
v -0.003223 0.056790 0.002821
v -0.003974 0.056790 0.000026
v -0.004301 0.053762 0.000314
v -0.003727 0.056790 -0.001962
v -0.003974 0.056790 0.000026
v -0.003546 0.061173 -0.000219
v -0.003546 0.061173 -0.000219
v -0.003255 0.061173 -0.001851
v -0.003727 0.056790 -0.001962
v -0.003255 0.061173 -0.001851
v -0.003546 0.061173 -0.000219
v -0.003038 0.064868 -0.000698
v -0.003038 0.064868 -0.000698
v -0.002630 0.064868 -0.001877
v -0.003255 0.061173 -0.001851
v -0.002138 0.061173 -0.002720
v -0.003255 0.061173 -0.001851
v -0.002630 0.064868 -0.001877
v -0.002630 0.064868 -0.001877
v -0.001971 0.064861 -0.002446
v -0.002138 0.061173 -0.002720
v -0.001671 0.068797 -0.001886
v -0.001971 0.064861 -0.002446
v -0.002630 0.064868 -0.001877
v 0.000008 0.064861 -0.002757
v -0.001971 0.064861 -0.002446
v -0.001671 0.068797 -0.001886
v -0.001671 0.068797 -0.001886
v 0.000008 0.068775 -0.002231
v 0.000008 0.064861 -0.002757
v -0.000662 0.073353 -0.001255
v -0.000012 0.073292 -0.001324
v 0.000008 0.068775 -0.002231
v 0.000008 0.068775 -0.002231
v -0.001671 0.068797 -0.001886
v -0.000662 0.073353 -0.001255
v -0.000662 0.073353 -0.001255
v 0.000008 0.074360 -0.000643
v -0.000012 0.073292 -0.001324
v -0.000662 0.073353 -0.001255
v -0.000803 0.073609 -0.000990
v 0.000008 0.074360 -0.000643
v -0.000803 0.073609 -0.000990
v -0.000568 0.074292 -0.000308
v 0.000008 0.074360 -0.000643
v -0.004290 0.049740 -0.001580
v -0.004719 0.049740 0.000698
v -0.004301 0.053762 0.000314
v -0.004301 0.053762 0.000314
v -0.003986 0.053728 -0.001809
v -0.004290 0.049740 -0.001580
v -0.003064 0.049740 -0.002267
v -0.004290 0.049740 -0.001580
v -0.003986 0.053728 -0.001809
v -0.003986 0.053728 -0.001809
v -0.002739 0.053620 -0.002543
v -0.003064 0.049740 -0.002267
v -0.002435 0.056790 -0.002763
v -0.003727 0.056790 -0.001962
v -0.003255 0.061173 -0.001851
v -0.003255 0.061173 -0.001851
v -0.002138 0.061173 -0.002720
v -0.002435 0.056790 -0.002763
v 0.000008 0.056812 -0.003051
v -0.002435 0.056790 -0.002763
v -0.002138 0.061173 -0.002720
v -0.002138 0.061173 -0.002720
v 0.000008 0.061193 -0.003032
v 0.000008 0.056812 -0.003051
v 0.000008 0.061193 -0.003032
v -0.002138 0.061173 -0.002720
v -0.001971 0.064861 -0.002446
v -0.001971 0.064861 -0.002446
v 0.000008 0.064861 -0.002757
v 0.000008 0.061193 -0.003032
v 0.000008 0.049732 -0.002573
v -0.003064 0.049740 -0.002267
v -0.002739 0.053620 -0.002543
v -0.002739 0.053620 -0.002543
v 0.000008 0.053557 -0.002839
v 0.000008 0.049732 -0.002573
v -0.002883 0.049739 0.004781
v -0.001484 0.054035 0.004673
v -0.003518 0.053700 0.003237
v -0.003518 0.053700 0.003237
v -0.003943 0.049740 0.003503
v -0.002883 0.049739 0.004781
v -0.004719 0.049740 0.000698
v -0.003943 0.049740 0.003503
v -0.003518 0.053700 0.003237
v -0.003518 0.053700 0.003237
v -0.004301 0.053762 0.000314
v -0.004719 0.049740 0.000698
v -0.002078 0.025350 0.008708
v -0.001737 0.027901 0.009028
v -0.002738 0.027901 0.008449
v -0.003635 0.025350 0.007267
v -0.002078 0.025350 0.008708
v -0.002738 0.027901 0.008449
v -0.002738 0.027901 0.008449
v -0.003550 0.030331 0.007448
v -0.003635 0.025350 0.007267
v -0.003550 0.030331 0.007448
v -0.004127 0.032747 0.006258
v -0.005069 0.025350 0.004079
v -0.005069 0.025350 0.004079
v -0.003635 0.025350 0.007267
v -0.003550 0.030331 0.007448
v -0.005069 0.025350 0.004079
v -0.004127 0.032747 0.006258
v -0.005220 0.033098 0.002069
v -0.005220 0.033098 0.002069
v -0.005324 0.025350 0.001251
v -0.005069 0.025350 0.004079
v -0.005220 0.033098 0.002069
v -0.004127 0.032747 0.006258
v -0.004387 0.035931 0.004910
v -0.004387 0.035931 0.004910
v -0.005139 0.036409 0.001844
v -0.005220 0.033098 0.002069
v -0.005324 0.025350 0.001251
v -0.005220 0.033098 0.002069
v -0.004619 0.033098 -0.000608
v -0.004619 0.033098 -0.000608
v -0.004471 0.025350 -0.001259
v -0.005324 0.025350 0.001251
v -0.004619 0.033098 -0.000608
v -0.005220 0.033098 0.002069
v -0.005139 0.036409 0.001844
v -0.005139 0.036409 0.001844
v -0.004481 0.036420 -0.000649
v -0.004619 0.033098 -0.000608
v -0.003208 0.033100 -0.001598
v -0.004619 0.033098 -0.000608
v -0.004481 0.036420 -0.000649
v -0.004481 0.036420 -0.000649
v -0.003176 0.036397 -0.001538
v -0.003208 0.033100 -0.001598
v -0.004471 0.025350 -0.001259
v -0.004619 0.033098 -0.000608
v -0.003208 0.033100 -0.001598
v -0.003208 0.033100 -0.001598
v -0.003318 0.025350 -0.001899
v -0.004471 0.025350 -0.001259
v -0.003318 0.025350 -0.001899
v -0.003208 0.033100 -0.001598
v 0.000008 0.033100 -0.001830
v 0.000008 0.033100 -0.001830
v 0.000008 0.025350 -0.002057
v -0.003318 0.025350 -0.001899
v -0.003583 0.014033 0.005625
v -0.003707 0.008366 0.004092
v -0.002078 0.008198 0.006870
v -0.002078 0.008198 0.006870
v -0.002078 0.014034 0.007606
v -0.003583 0.014033 0.005625
v -0.003707 0.008366 0.004092
v -0.003583 0.014033 0.005625
v -0.004933 0.014010 0.003269
v -0.004933 0.014010 0.003269
v -0.004816 0.008376 0.003294
v -0.003707 0.008366 0.004092
v -0.004816 0.008376 0.003294
v -0.004933 0.014010 0.003269
v -0.006297 0.013887 -0.004487
v -0.006297 0.013887 -0.004487
v -0.006027 0.008376 -0.005470
v -0.004816 0.008376 0.003294
v -0.006027 0.008376 -0.005470
v -0.006297 0.013887 -0.004487
v -0.005875 0.013887 -0.006168
v -0.005875 0.013887 -0.006168
v -0.005904 0.008376 -0.007199
v -0.006027 0.008376 -0.005470
v -0.005904 0.008376 -0.007199
v -0.005875 0.013887 -0.006168
v -0.004810 0.013887 -0.007651
v -0.004810 0.013887 -0.007651
v -0.004988 0.008376 -0.008845
v -0.005904 0.008376 -0.007199
v -0.004988 0.008376 -0.008845
v -0.004810 0.013887 -0.007651
v -0.003563 0.013887 -0.008081
v -0.003563 0.013887 -0.008081
v -0.003835 0.008376 -0.009485
v -0.004988 0.008376 -0.008845
v -0.003835 0.008376 -0.009485
v -0.003563 0.013887 -0.008081
v 0.000008 0.014032 -0.009215
v 0.000008 0.014032 -0.009215
v 0.000008 0.008376 -0.010418
v -0.003835 0.008376 -0.009485
v -0.002078 0.018363 0.008104
v -0.002078 0.014034 0.007606
v 0.000008 0.014034 0.008219
v 0.000008 0.014034 0.008219
v 0.000008 0.018363 0.008638
v -0.002078 0.018363 0.008104
v -0.003613 0.002718 0.003140
v -0.003557 -0.002545 0.002601
v -0.002078 -0.002538 0.005117
v -0.002078 -0.002538 0.005117
v -0.002078 0.002718 0.005903
v -0.003613 0.002718 0.003140
v -0.002078 0.014034 0.007606
v -0.002078 0.018363 0.008104
v -0.003679 0.018360 0.006375
v -0.003679 0.018360 0.006375
v -0.003583 0.014033 0.005625
v -0.002078 0.014034 0.007606
v -0.002017 -0.018005 0.001338
v -0.003135 -0.007979 0.002218
v -0.004456 -0.007977 0.001659
v -0.004456 -0.007977 0.001659
v -0.004113 -0.018953 0.000573
v -0.002017 -0.018005 0.001338
v -0.003557 -0.002545 0.002601
v -0.003613 0.002718 0.003140
v -0.004816 0.002718 0.002848
v -0.004816 0.002718 0.002848
v -0.004816 -0.002629 0.002269
v -0.003557 -0.002545 0.002601
v -0.004991 0.018314 0.002794
v -0.004933 0.014010 0.003269
v -0.003583 0.014033 0.005625
v -0.003583 0.014033 0.005625
v -0.003679 0.018360 0.006375
v -0.004991 0.018314 0.002794
v -0.004962 -0.018909 -0.002170
v -0.004653 -0.019904 0.000003
v -0.004456 -0.007977 0.001659
v -0.004456 -0.007977 0.001659
v -0.005532 -0.008005 -0.003479
v -0.004962 -0.018909 -0.002170
v -0.005644 -0.002612 -0.004334
v -0.004816 -0.002629 0.002269
v -0.004816 0.002718 0.002848
v -0.004816 0.002718 0.002848
v -0.005811 0.002718 -0.004838
v -0.005644 -0.002612 -0.004334
v -0.006020 0.018217 -0.002739
v -0.006297 0.013887 -0.004487
v -0.004933 0.014010 0.003269
v -0.004933 0.014010 0.003269
v -0.004991 0.018314 0.002794
v -0.006020 0.018217 -0.002739
v -0.004962 -0.018909 -0.002170
v -0.005532 -0.008005 -0.003479
v -0.005263 -0.008598 -0.005573
v -0.005263 -0.008598 -0.005573
v -0.004840 -0.018909 -0.003899
v -0.004962 -0.018909 -0.002170
v -0.005811 0.002718 -0.004838
v -0.005688 0.002718 -0.006566
v -0.005522 -0.002612 -0.006062
v -0.005522 -0.002612 -0.006062
v -0.005644 -0.002612 -0.004334
v -0.005811 0.002718 -0.004838
v -0.005599 0.018217 -0.004420
v -0.005875 0.013887 -0.006168
v -0.006297 0.013887 -0.004487
v -0.006297 0.013887 -0.004487
v -0.006020 0.018217 -0.002739
v -0.005599 0.018217 -0.004420
v -0.004342 -0.018953 -0.005545
v -0.004840 -0.018909 -0.003899
v -0.005263 -0.008598 -0.005573
v -0.005263 -0.008598 -0.005573
v -0.004471 -0.008598 -0.007219
v -0.004342 -0.018953 -0.005545
v -0.005522 -0.002612 -0.006062
v -0.005688 0.002718 -0.006566
v -0.004988 0.002718 -0.008212
v -0.004988 0.002718 -0.008212
v -0.004730 -0.002940 -0.007708
v -0.005522 -0.002612 -0.006062
v -0.004533 0.018217 -0.005904
v -0.004810 0.013887 -0.007651
v -0.005875 0.013887 -0.006168
v -0.005875 0.013887 -0.006168
v -0.005599 0.018217 -0.004420
v -0.004533 0.018217 -0.005904
v -0.003156 -0.018932 -0.006366
v -0.004342 -0.018953 -0.005545
v -0.004471 -0.008598 -0.007219
v -0.004471 -0.008598 -0.007219
v -0.003318 -0.008598 -0.007859
v -0.003156 -0.018932 -0.006366
v -0.004730 -0.002940 -0.007708
v -0.004988 0.002718 -0.008212
v -0.003835 0.002718 -0.008852
v -0.003835 0.002718 -0.008852
v -0.003576 -0.002940 -0.008348
v -0.004730 -0.002940 -0.007708
v -0.003286 0.018217 -0.006333
v -0.003563 0.013887 -0.008081
v -0.004810 0.013887 -0.007651
v -0.004810 0.013887 -0.007651
v -0.004533 0.018217 -0.005904
v -0.003286 0.018217 -0.006333
v -0.003318 -0.008598 -0.007859
v 0.000008 -0.008598 -0.008921
v 0.000008 -0.018757 -0.007127
v 0.000008 -0.018757 -0.007127
v -0.003156 -0.018932 -0.006366
v -0.003318 -0.008598 -0.007859
v 0.000008 -0.002940 -0.009537
v -0.003576 -0.002940 -0.008348
v -0.003835 0.002718 -0.008852
v -0.003835 0.002718 -0.008852
v 0.000008 0.002718 -0.010089
v 0.000008 -0.002940 -0.009537
v -0.003707 0.008366 0.004092
v -0.003613 0.002718 0.003140
v -0.002078 0.002718 0.005903
v -0.002078 0.002718 0.005903
v -0.002078 0.008198 0.006870
v -0.003707 0.008366 0.004092
v -0.003613 0.002718 0.003140
v -0.003707 0.008366 0.004092
v -0.004816 0.008376 0.003294
v -0.004816 0.008376 0.003294
v -0.004816 0.002718 0.002848
v -0.003613 0.002718 0.003140
v -0.005811 0.002718 -0.004838
v -0.004816 0.002718 0.002848
v -0.004816 0.008376 0.003294
v -0.004816 0.008376 0.003294
v -0.006027 0.008376 -0.005470
v -0.005811 0.002718 -0.004838
v -0.005688 0.002718 -0.006566
v -0.005811 0.002718 -0.004838
v -0.006027 0.008376 -0.005470
v -0.006027 0.008376 -0.005470
v -0.005904 0.008376 -0.007199
v -0.005688 0.002718 -0.006566
v -0.004988 0.002718 -0.008212
v -0.005688 0.002718 -0.006566
v -0.005904 0.008376 -0.007199
v -0.005904 0.008376 -0.007199
v -0.004988 0.008376 -0.008845
v -0.004988 0.002718 -0.008212
v -0.003835 0.002718 -0.008852
v -0.004988 0.002718 -0.008212
v -0.004988 0.008376 -0.008845
v -0.004988 0.008376 -0.008845
v -0.003835 0.008376 -0.009485
v -0.003835 0.002718 -0.008852
v -0.003835 0.008376 -0.009485
v 0.000008 0.008376 -0.010418
v 0.000008 0.002718 -0.010089
v 0.000008 0.002718 -0.010089
v -0.003835 0.002718 -0.008852
v -0.003835 0.008376 -0.009485
v -0.002078 0.022521 0.008464
v -0.002078 0.018363 0.008104
v 0.000008 0.018363 0.008638
v 0.000008 0.018363 0.008638
v 0.000008 0.022521 0.008998
v -0.002078 0.022521 0.008464
v -0.002078 0.018363 0.008104
v -0.002078 0.022521 0.008464
v -0.003660 0.022521 0.006970
v -0.003660 0.022521 0.006970
v -0.003679 0.018360 0.006375
v -0.002078 0.018363 0.008104
v -0.005074 0.022521 0.003242
v -0.004991 0.018314 0.002794
v -0.003679 0.018360 0.006375
v -0.003679 0.018360 0.006375
v -0.003660 0.022521 0.006970
v -0.005074 0.022521 0.003242
v -0.005324 0.022521 -0.000240
v -0.006020 0.018217 -0.002739
v -0.004991 0.018314 0.002794
v -0.004991 0.018314 0.002794
v -0.005074 0.022521 0.003242
v -0.005324 0.022521 -0.000240
v -0.005599 0.018217 -0.004420
v -0.006020 0.018217 -0.002739
v -0.005324 0.022521 -0.000240
v -0.004471 0.022521 -0.002750
v -0.004533 0.018217 -0.005904
v -0.005599 0.018217 -0.004420
v -0.005599 0.018217 -0.004420
v -0.005324 0.022521 -0.000240
v -0.004471 0.022521 -0.002750
v -0.003318 0.022521 -0.003390
v -0.003286 0.018217 -0.006333
v -0.004533 0.018217 -0.005904
v -0.004533 0.018217 -0.005904
v -0.004471 0.022521 -0.002750
v -0.003318 0.022521 -0.003390
v -0.002078 0.025350 0.008708
v -0.002078 0.022521 0.008464
v 0.000008 0.022521 0.008998
v 0.000008 0.022521 0.008998
v 0.000008 0.025350 0.009243
v -0.002078 0.025350 0.008708
v -0.002078 0.022521 0.008464
v -0.002078 0.025350 0.008708
v -0.003635 0.025350 0.007267
v -0.003635 0.025350 0.007267
v -0.003660 0.022521 0.006970
v -0.002078 0.022521 0.008464
v -0.005069 0.025350 0.004079
v -0.005074 0.022521 0.003242
v -0.003660 0.022521 0.006970
v -0.003660 0.022521 0.006970
v -0.003635 0.025350 0.007267
v -0.005069 0.025350 0.004079
v -0.005324 0.025350 0.001251
v -0.005324 0.022521 -0.000240
v -0.005074 0.022521 0.003242
v -0.005074 0.022521 0.003242
v -0.005069 0.025350 0.004079
v -0.005324 0.025350 0.001251
v -0.004471 0.025350 -0.001259
v -0.004471 0.022521 -0.002750
v -0.005324 0.022521 -0.000240
v -0.005324 0.022521 -0.000240
v -0.005324 0.025350 0.001251
v -0.004471 0.025350 -0.001259
v -0.003318 0.025350 -0.001899
v -0.003318 0.022521 -0.003390
v -0.004471 0.022521 -0.002750
v -0.004471 0.022521 -0.002750
v -0.004471 0.025350 -0.001259
v -0.003318 0.025350 -0.001899
v -0.003426 -0.024048 -0.000143
v -0.004113 -0.018953 0.000573
v -0.004653 -0.019904 0.000003
v -0.004653 -0.019904 0.000003
v -0.003885 -0.023458 -0.000740
v -0.003426 -0.024048 -0.000143
v -0.004962 -0.018909 -0.002170
v -0.004840 -0.018909 -0.003899
v -0.004583 -0.021021 -0.003494
v -0.004583 -0.021021 -0.003494
v -0.004653 -0.021021 -0.001802
v -0.004962 -0.018909 -0.002170
v -0.004840 -0.018909 -0.003899
v -0.004342 -0.018953 -0.005545
v -0.004206 -0.021025 -0.005017
v -0.004206 -0.021025 -0.005017
v -0.004583 -0.021021 -0.003494
v -0.004840 -0.018909 -0.003899
v -0.004342 -0.018953 -0.005545
v -0.003156 -0.018932 -0.006366
v -0.003005 -0.021042 -0.006016
v -0.003005 -0.021042 -0.006016
v -0.004206 -0.021025 -0.005017
v -0.004342 -0.018953 -0.005545
v 0.000008 0.025350 0.009243
v 0.000008 0.027901 0.009369
v -0.001737 0.027901 0.009028
v -0.001737 0.027901 0.009028
v -0.002078 0.025350 0.008708
v 0.000008 0.025350 0.009243
v -0.002078 0.008198 0.006870
v 0.000008 0.008012 0.007581
v 0.000008 0.014034 0.008219
v 0.000008 0.014034 0.008219
v -0.002078 0.014034 0.007606
v -0.002078 0.008198 0.006870
v -0.001340 -0.017201 0.002618
v 0.000008 -0.017616 0.003059
v 0.000008 -0.007938 0.004909
v 0.000008 -0.007938 0.004909
v -0.001941 -0.008019 0.004217
v -0.001340 -0.017201 0.002618
v 0.000008 -0.007938 0.004909
v 0.000008 -0.002538 0.005747
v -0.002078 -0.002538 0.005117
v -0.002078 -0.002538 0.005117
v -0.001941 -0.008019 0.004217
v 0.000008 -0.007938 0.004909
v 0.000008 0.018362 -0.007442
v 0.000008 0.014032 -0.009215
v -0.003563 0.013887 -0.008081
v -0.003563 0.013887 -0.008081
v -0.003286 0.018217 -0.006333
v 0.000008 0.018362 -0.007442
v 0.000008 0.002718 0.006721
v 0.000008 0.008012 0.007581
v -0.002078 0.008198 0.006870
v -0.002078 0.008198 0.006870
v -0.002078 0.002718 0.005903
v 0.000008 0.002718 0.006721
v 0.000008 0.022521 -0.003548
v 0.000008 0.018362 -0.007442
v -0.003286 0.018217 -0.006333
v -0.003286 0.018217 -0.006333
v -0.003318 0.022521 -0.003390
v 0.000008 0.022521 -0.003548
v 0.000008 0.025350 -0.002057
v 0.000008 0.022521 -0.003548
v -0.003318 0.022521 -0.003390
v -0.003318 0.022521 -0.003390
v -0.003318 0.025350 -0.001899
v 0.000008 0.025350 -0.002057
v -0.003005 -0.021042 -0.006016
v -0.003156 -0.018932 -0.006366
v 0.000008 -0.018757 -0.007127
v 0.000008 -0.018757 -0.007127
v 0.000008 -0.022391 -0.005969
v -0.003005 -0.021042 -0.006016
v 0.000008 0.047602 -0.002376
v -0.003093 0.047657 -0.002082
v -0.003064 0.049740 -0.002267
v -0.003064 0.049740 -0.002267
v 0.000008 0.049732 -0.002573
v 0.000008 0.047602 -0.002376
v -0.003147 0.043297 -0.001699
v 0.000008 0.043297 -0.002006
v 0.000008 0.039859 -0.001917
v 0.000008 0.039859 -0.001917
v -0.003161 0.039842 -0.001618
v -0.003147 0.043297 -0.001699
v -0.003176 0.036397 -0.001538
v 0.000008 0.036371 -0.001828
v 0.000008 0.033100 -0.001830
v 0.000008 0.033100 -0.001830
v -0.003208 0.033100 -0.001598
v -0.003176 0.036397 -0.001538
v -0.001859 -0.027968 -0.004026
v -0.002979 -0.027968 -0.002585
v -0.003614 -0.023740 -0.003560
v -0.003614 -0.023740 -0.003560
v -0.002699 -0.023740 -0.005465
v -0.001859 -0.027968 -0.004026
v -0.002979 -0.027968 -0.001430
v -0.001859 -0.027968 -0.000318
v -0.001666 -0.025415 0.000252
v -0.001666 -0.025415 0.000252
v -0.003419 -0.023766 -0.000854
v -0.002979 -0.027968 -0.001430
v 0.000008 -0.027968 -0.004026
v -0.001859 -0.027968 -0.004026
v -0.002699 -0.023740 -0.005465
v -0.002699 -0.023740 -0.005465
v 0.000008 -0.022391 -0.005969
v 0.000008 -0.027968 -0.004026
v -0.002979 -0.027968 -0.002585
v -0.002979 -0.027968 -0.001430
v -0.003419 -0.023766 -0.000854
v -0.003419 -0.023766 -0.000854
v -0.003614 -0.023740 -0.003560
v -0.002979 -0.027968 -0.002585
v -0.003557 -0.002545 0.002601
v -0.003135 -0.007979 0.002218
v -0.001941 -0.008019 0.004217
v -0.001941 -0.008019 0.004217
v -0.002078 -0.002538 0.005117
v -0.003557 -0.002545 0.002601
v -0.004456 -0.007977 0.001659
v -0.003135 -0.007979 0.002218
v -0.003557 -0.002545 0.002601
v -0.003557 -0.002545 0.002601
v -0.004816 -0.002629 0.002269
v -0.004456 -0.007977 0.001659
v -0.005532 -0.008005 -0.003479
v -0.004456 -0.007977 0.001659
v -0.004816 -0.002629 0.002269
v -0.004816 -0.002629 0.002269
v -0.005644 -0.002612 -0.004334
v -0.005532 -0.008005 -0.003479
v -0.005532 -0.008005 -0.003479
v -0.005644 -0.002612 -0.004334
v -0.005522 -0.002612 -0.006062
v -0.005522 -0.002612 -0.006062
v -0.005263 -0.008598 -0.005573
v -0.005532 -0.008005 -0.003479
v -0.005263 -0.008598 -0.005573
v -0.005522 -0.002612 -0.006062
v -0.004730 -0.002940 -0.007708
v -0.004730 -0.002940 -0.007708
v -0.004471 -0.008598 -0.007219
v -0.005263 -0.008598 -0.005573
v -0.004471 -0.008598 -0.007219
v -0.004730 -0.002940 -0.007708
v -0.003576 -0.002940 -0.008348
v -0.003576 -0.002940 -0.008348
v -0.003318 -0.008598 -0.007859
v -0.004471 -0.008598 -0.007219
v 0.000008 -0.008598 -0.008921
v -0.003318 -0.008598 -0.007859
v -0.003576 -0.002940 -0.008348
v -0.003576 -0.002940 -0.008348
v 0.000008 -0.002940 -0.009537
v 0.000008 -0.008598 -0.008921
v -0.002078 0.002718 0.005903
v -0.002078 -0.002538 0.005117
v 0.000008 -0.002538 0.005747
v 0.000008 -0.002538 0.005747
v 0.000008 0.002718 0.006721
v -0.002078 0.002718 0.005903
v -0.002034 -0.025383 0.000561
v 0.000008 -0.025810 0.000721
v 0.000008 -0.019698 0.001606
v 0.000008 -0.019698 0.001606
v -0.002017 -0.018005 0.001338
v -0.002034 -0.025383 0.000561
v -0.003426 -0.024048 -0.000143
v -0.002034 -0.025383 0.000561
v -0.002017 -0.018005 0.001338
v -0.002017 -0.018005 0.001338
v -0.004113 -0.018953 0.000573
v -0.003426 -0.024048 -0.000143
v -0.003885 -0.023458 -0.000740
v -0.004653 -0.019904 0.000003
v -0.004653 -0.021021 -0.001802
v -0.003614 -0.023740 -0.003560
v -0.003885 -0.023458 -0.000740
v -0.004653 -0.021021 -0.001802
v -0.004653 -0.021021 -0.001802
v -0.004583 -0.021021 -0.003494
v -0.003614 -0.023740 -0.003560
v -0.003614 -0.023740 -0.003560
v -0.004583 -0.021021 -0.003494
v -0.004206 -0.021025 -0.005017
v -0.004206 -0.021025 -0.005017
v -0.003005 -0.021042 -0.006016
v -0.002699 -0.023740 -0.005465
v -0.002699 -0.023740 -0.005465
v -0.003614 -0.023740 -0.003560
v -0.004206 -0.021025 -0.005017
v -0.002699 -0.023740 -0.005465
v -0.003005 -0.021042 -0.006016
v 0.000008 -0.022391 -0.005969
v -0.002017 -0.018005 0.001338
v 0.000008 -0.019698 0.001606
v 0.000008 -0.017616 0.003059
v 0.000008 -0.017616 0.003059
v -0.001340 -0.017201 0.002618
v -0.002017 -0.018005 0.001338
v -0.003135 -0.007979 0.002218
v -0.002017 -0.018005 0.001338
v -0.001340 -0.017201 0.002618
v -0.001340 -0.017201 0.002618
v -0.001941 -0.008019 0.004217
v -0.003135 -0.007979 0.002218
v -0.003147 0.043297 -0.001699
v -0.004400 0.043297 -0.000896
v -0.004329 0.047657 -0.001353
v -0.004329 0.047657 -0.001353
v -0.003093 0.047657 -0.002082
v -0.003147 0.043297 -0.001699
v -0.004400 0.043297 -0.000896
v -0.004957 0.043297 0.001377
v -0.004796 0.047657 0.000925
v -0.004796 0.047657 0.000925
v -0.004329 0.047657 -0.001353
v -0.004400 0.043297 -0.000896
v -0.004957 0.043297 0.001377
v -0.003699 0.043291 0.005071
v -0.003910 0.047657 0.003935
v -0.003910 0.047657 0.003935
v -0.004796 0.047657 0.000925
v -0.004957 0.043297 0.001377
v -0.003910 0.047657 0.003935
v -0.003699 0.043291 0.005071
v -0.003329 0.047155 0.004840
v 0.000008 0.043297 -0.002006
v -0.003147 0.043297 -0.001699
v -0.003093 0.047657 -0.002082
v -0.003093 0.047657 -0.002082
v 0.000008 0.047602 -0.002376
v 0.000008 0.043297 -0.002006
v -0.003038 0.064868 -0.000698
v -0.001900 0.069323 -0.001137
v -0.001671 0.068797 -0.001886
v -0.001671 0.068797 -0.001886
v -0.002630 0.064868 -0.001877
v -0.003038 0.064868 -0.000698
v -0.000662 0.073353 -0.001255
v -0.001671 0.068797 -0.001886
v -0.001900 0.069323 -0.001137
v -0.001900 0.069323 -0.001137
v -0.000803 0.073609 -0.000990
v -0.000662 0.073353 -0.001255
v -0.002435 0.056790 -0.002763
v 0.000008 0.056812 -0.003051
v 0.000008 0.053557 -0.002839
v 0.000008 0.053557 -0.002839
v -0.002739 0.053620 -0.002543
v -0.002435 0.056790 -0.002763
v -0.002739 0.053620 -0.002543
v -0.003986 0.053728 -0.001809
v -0.003727 0.056790 -0.001962
v -0.003727 0.056790 -0.001962
v -0.002435 0.056790 -0.002763
v -0.002739 0.053620 -0.002543
v -0.003986 0.053728 -0.001809
v -0.004301 0.053762 0.000314
v -0.003974 0.056790 0.000026
v -0.003974 0.056790 0.000026
v -0.003727 0.056790 -0.001962
v -0.003986 0.053728 -0.001809
v -0.003931 0.040332 0.005151
v -0.005039 0.040186 0.001588
v -0.005139 0.036409 0.001844
v -0.005139 0.036409 0.001844
v -0.004387 0.035931 0.004910
v -0.003931 0.040332 0.005151
v -0.005039 0.040186 0.001588
v -0.004439 0.039990 -0.000777
v -0.004481 0.036420 -0.000649
v -0.004481 0.036420 -0.000649
v -0.005139 0.036409 0.001844
v -0.005039 0.040186 0.001588
v -0.004481 0.036420 -0.000649
v -0.004439 0.039990 -0.000777
v -0.003161 0.039842 -0.001618
v -0.003161 0.039842 -0.001618
v -0.003176 0.036397 -0.001538
v -0.004481 0.036420 -0.000649
v 0.000008 0.036371 -0.001828
v -0.003176 0.036397 -0.001538
v -0.003161 0.039842 -0.001618
v -0.003161 0.039842 -0.001618
v 0.000008 0.039859 -0.001917
v 0.000008 0.036371 -0.001828
v 0.000008 -0.025810 0.000721
v -0.002034 -0.025383 0.000561
v -0.001666 -0.025415 0.000252
v -0.001666 -0.025415 0.000252
v 0.000008 -0.025683 0.000261
v 0.000008 -0.025810 0.000721
v -0.003426 -0.024048 -0.000143
v -0.003419 -0.023766 -0.000854
v -0.001666 -0.025415 0.000252
v -0.001666 -0.025415 0.000252
v -0.002034 -0.025383 0.000561
v -0.003426 -0.024048 -0.000143
v -0.003614 -0.023740 -0.003560
v -0.003419 -0.023766 -0.000854
v -0.003885 -0.023458 -0.000740
v -0.003426 -0.024048 -0.000143
v -0.003885 -0.023458 -0.000740
v -0.003419 -0.023766 -0.000854
v -0.004456 -0.007977 0.001659
v -0.004653 -0.019904 0.000003
v -0.004113 -0.018953 0.000573
v -0.004653 -0.019904 0.000003
v -0.004962 -0.018909 -0.002170
v -0.004653 -0.021021 -0.001802
v -0.002979 -0.027968 -0.002585
v -0.001859 -0.027968 -0.004026
v -0.001859 -0.027968 -0.000318
v -0.001859 -0.027968 -0.000318
v -0.002979 -0.027968 -0.001430
v -0.002979 -0.027968 -0.002585
v -0.009596 0.012862 -0.001360
v -0.010210 0.010997 -0.002193
v -0.010284 0.011584 -0.001072
v -0.010284 0.011584 -0.001072
v -0.009696 0.012786 -0.001051
v -0.009596 0.012862 -0.001360
v -0.051570 -0.023623 -0.005421
v -0.046899 -0.019661 -0.002401
v -0.046899 -0.026744 -0.002401
v -0.046899 -0.026744 -0.002401
v -0.051570 -0.029221 -0.005421
v -0.051570 -0.023623 -0.005421
v -0.051570 -0.029221 -0.005421
v -0.054792 -0.029221 -0.007876
v -0.055171 -0.027734 -0.008155
v -0.055171 -0.027734 -0.008155
v -0.051570 -0.023623 -0.005421
v -0.051570 -0.029221 -0.005421
v -0.046899 -0.019661 -0.002401
v -0.032717 -0.008119 -0.001287
v -0.033444 -0.026643 -0.001177
v -0.033444 -0.026643 -0.001177
v -0.046899 -0.026744 -0.002401
v -0.046899 -0.019661 -0.002401
v -0.046899 -0.019661 -0.002401
v -0.051570 -0.023623 -0.005421
v -0.052086 -0.022604 -0.004684
v -0.052086 -0.022604 -0.004684
v -0.047415 -0.018648 -0.001663
v -0.046899 -0.019661 -0.002401
v -0.055833 -0.026716 -0.007540
v -0.052086 -0.022604 -0.004684
v -0.051570 -0.023623 -0.005421
v -0.051570 -0.023623 -0.005421
v -0.055171 -0.027734 -0.008155
v -0.055833 -0.026716 -0.007540
v -0.047415 -0.018648 -0.001663
v -0.032760 -0.007139 -0.000240
v -0.032717 -0.008119 -0.001287
v -0.032717 -0.008119 -0.001287
v -0.046899 -0.019661 -0.002401
v -0.047415 -0.018648 -0.001663
v -0.047931 -0.026744 -0.000925
v -0.047931 -0.019672 -0.000925
v -0.052602 -0.023623 -0.003948
v -0.052602 -0.023623 -0.003948
v -0.052602 -0.029221 -0.003948
v -0.047931 -0.026744 -0.000925
v -0.052602 -0.029221 -0.003948
v -0.052602 -0.023623 -0.003948
v -0.056203 -0.027734 -0.006682
v -0.056203 -0.027734 -0.006682
v -0.055824 -0.029221 -0.006403
v -0.052602 -0.029221 -0.003948
v -0.033444 -0.026643 0.000621
v -0.032802 -0.008119 0.000807
v -0.047931 -0.019672 -0.000925
v -0.047931 -0.019672 -0.000925
v -0.047931 -0.026744 -0.000925
v -0.033444 -0.026643 0.000621
v -0.032717 -0.008119 -0.001287
v -0.032257 -0.006535 -0.001623
v -0.032257 -0.027758 -0.001623
v -0.032257 -0.027758 -0.001623
v -0.033444 -0.026643 -0.001177
v -0.032717 -0.008119 -0.001287
v -0.032267 -0.027758 0.001198
v -0.032267 -0.006535 0.001198
v -0.032802 -0.008119 0.000807
v -0.032802 -0.008119 0.000807
v -0.033444 -0.026643 0.000621
v -0.032267 -0.027758 0.001198
v -0.055824 -0.029221 -0.006403
v -0.056203 -0.027734 -0.006682
v -0.055833 -0.026716 -0.007540
v -0.055833 -0.026716 -0.007540
v -0.054934 -0.030983 -0.006796
v -0.055824 -0.029221 -0.006403
v -0.031732 -0.005932 -0.001640
v -0.032257 -0.006535 -0.001623
v -0.032262 -0.005521 -0.000213
v -0.032262 -0.005521 -0.000213
v -0.031732 -0.004913 -0.000182
v -0.031732 -0.005932 -0.001640
v -0.031732 -0.028120 0.001276
v -0.032267 -0.027758 0.001198
v -0.032262 -0.028589 -0.000213
v -0.032262 -0.028589 -0.000213
v -0.031732 -0.028951 -0.000182
v -0.031732 -0.028120 0.001276
v -0.054934 -0.030983 -0.006796
v -0.052086 -0.030983 -0.004684
v -0.052602 -0.029221 -0.003948
v -0.052602 -0.029221 -0.003948
v -0.055824 -0.029221 -0.006403
v -0.054934 -0.030983 -0.006796
v -0.033444 -0.026643 0.000621
v -0.047931 -0.026744 -0.000925
v -0.047415 -0.028507 -0.001663
v -0.047415 -0.028507 -0.001663
v -0.033444 -0.028406 -0.000278
v -0.033444 -0.026643 0.000621
v -0.052602 -0.029221 -0.003948
v -0.052086 -0.030983 -0.004684
v -0.047415 -0.028507 -0.001663
v -0.047415 -0.028507 -0.001663
v -0.047931 -0.026744 -0.000925
v -0.052602 -0.029221 -0.003948
v -0.033444 -0.028406 -0.000278
v -0.047415 -0.028507 -0.001663
v -0.046899 -0.026744 -0.002401
v -0.046899 -0.026744 -0.002401
v -0.033444 -0.026643 -0.001177
v -0.033444 -0.028406 -0.000278
v -0.005869 0.015179 -0.002375
v -0.008051 0.013312 -0.002453
v -0.008051 0.014234 -0.000965
v -0.008051 0.014234 -0.000965
v -0.005559 0.016365 -0.000832
v -0.005869 0.015179 -0.002375
v -0.013319 0.009705 -0.000805
v -0.013685 0.008024 -0.000213
v -0.011577 0.009821 -0.000068
v -0.011577 0.009821 -0.000068
v -0.012672 0.010193 -0.000724
v -0.013319 0.009705 -0.000805
v -0.010952 0.002527 -0.004562
v -0.005650 0.006353 -0.004562
v -0.004788 -0.019097 -0.003257
v -0.004788 -0.019097 -0.003257
v -0.010955 -0.021195 -0.002393
v -0.010952 0.002527 -0.004562
v -0.005650 0.006353 -0.004562
v -0.010952 0.002527 -0.004562
v -0.010944 0.006686 -0.003991
v -0.010944 0.006686 -0.003991
v -0.005856 0.010699 -0.003900
v -0.005650 0.006353 -0.004562
v -0.008051 0.013312 0.000523
v -0.010962 0.006671 0.001752
v -0.004825 0.011512 0.002298
v -0.004825 0.011512 0.002298
v -0.005236 0.015721 0.000723
v -0.008051 0.013312 0.000523
v -0.010955 -0.021195 -0.002393
v -0.004788 -0.019097 -0.003257
v -0.004601 -0.020932 -0.001772
v -0.004601 -0.020932 -0.001772
v -0.010954 -0.023029 -0.000902
v -0.010955 -0.021195 -0.002393
v -0.013929 0.008284 0.000105
v -0.013929 0.009205 -0.001278
v -0.019536 0.004409 -0.001577
v -0.019536 0.004409 -0.001577
v -0.019034 0.003917 -0.000257
v -0.013929 0.008284 0.000105
v -0.011307 0.011448 -0.001138
v -0.010454 0.012178 -0.001093
v -0.010454 0.011256 -0.002538
v -0.010454 0.011256 -0.002538
v -0.011307 0.010527 -0.002568
v -0.011307 0.011448 -0.001138
v -0.020172 0.002927 -0.002876
v -0.013929 0.008284 -0.002662
v -0.010944 0.006686 -0.003991
v -0.010944 0.006686 -0.003991
v -0.020022 -0.000473 -0.004152
v -0.020172 0.002927 -0.002876
v -0.010971 0.002513 0.002296
v -0.010962 0.006671 0.001752
v -0.018691 0.000576 0.001065
v -0.018691 0.000576 0.001065
v -0.018284 -0.002763 0.001675
v -0.010971 0.002513 0.002296
v -0.011307 0.010527 0.000292
v -0.010962 0.006671 0.001752
v -0.010454 0.011256 0.000352
v -0.018581 -0.002978 -0.004562
v -0.010952 0.002527 -0.004562
v -0.010955 -0.021195 -0.002393
v -0.010955 -0.021195 -0.002393
v -0.018279 -0.023537 -0.001427
v -0.018581 -0.002978 -0.004562
v -0.018279 -0.023537 -0.001427
v -0.010955 -0.021195 -0.002393
v -0.010954 -0.023029 -0.000902
v -0.010954 -0.023029 -0.000902
v -0.018075 -0.025357 -0.000109
v -0.018279 -0.023537 -0.001427
v -0.010962 0.006671 0.001752
v -0.008051 0.013312 0.000523
v -0.010454 0.011256 0.000352
v -0.010944 0.006686 -0.003991
v -0.008051 0.013312 -0.002453
v -0.005869 0.015179 -0.002375
v -0.005869 0.015179 -0.002375
v -0.005856 0.010699 -0.003900
v -0.010944 0.006686 -0.003991
v -0.010962 0.006671 0.001752
v -0.011307 0.010527 0.000292
v -0.013929 0.008284 0.000105
v -0.010962 0.006671 0.001752
v -0.010971 0.002513 0.002296
v -0.004723 0.007022 0.002827
v -0.004723 0.007022 0.002827
v -0.004825 0.011512 0.002298
v -0.010962 0.006671 0.001752
v -0.010952 0.002527 -0.004562
v -0.018581 -0.002978 -0.004562
v -0.020022 -0.000473 -0.004152
v -0.020022 -0.000473 -0.004152
v -0.010944 0.006686 -0.003991
v -0.010952 0.002527 -0.004562
v -0.019034 0.003917 -0.000257
v -0.018691 0.000576 0.001065
v -0.010962 0.006671 0.001752
v -0.010962 0.006671 0.001752
v -0.013929 0.008284 0.000105
v -0.019034 0.003917 -0.000257
v -0.008322 0.012606 -0.002121
v -0.008051 0.013312 -0.002453
v -0.010454 0.011256 -0.002538
v -0.010454 0.011256 -0.002538
v -0.010210 0.010997 -0.002193
v -0.008322 0.012606 -0.002121
v -0.008051 0.013312 -0.002453
v -0.008322 0.012606 -0.002121
v -0.008477 0.012475 -0.000987
v -0.008477 0.012475 -0.000987
v -0.008051 0.014234 -0.000965
v -0.008051 0.013312 -0.002453
v -0.010454 0.011256 0.000352
v -0.008051 0.013312 0.000523
v -0.008322 0.012606 0.000163
v -0.008322 0.012606 0.000163
v -0.010210 0.010997 0.000034
v -0.010454 0.011256 0.000352
v -0.010454 0.011256 0.000352
v -0.010210 0.010997 0.000034
v -0.010284 0.011584 -0.001072
v -0.010284 0.011584 -0.001072
v -0.010454 0.012178 -0.001093
v -0.010454 0.011256 0.000352
v -0.011577 0.009821 -0.002237
v -0.011307 0.010527 -0.002568
v -0.013929 0.008284 -0.002662
v -0.013929 0.008284 -0.002662
v -0.013685 0.008024 -0.002316
v -0.011577 0.009821 -0.002237
v -0.011307 0.010527 -0.002568
v -0.011577 0.009821 -0.002237
v -0.011732 0.009689 -0.001160
v -0.011732 0.009689 -0.001160
v -0.011307 0.011448 -0.001138
v -0.011307 0.010527 -0.002568
v -0.013929 0.008284 0.000105
v -0.011307 0.010527 0.000292
v -0.011577 0.009821 -0.000068
v -0.011577 0.009821 -0.000068
v -0.013685 0.008024 -0.000213
v -0.013929 0.008284 0.000105
v -0.013929 0.008284 0.000105
v -0.013685 0.008024 -0.000213
v -0.013653 0.008452 -0.001263
v -0.013653 0.008452 -0.001263
v -0.013929 0.009205 -0.001278
v -0.013929 0.008284 0.000105
v -0.009598 0.012849 -0.000719
v -0.010210 0.010997 0.000034
v -0.008322 0.012606 0.000163
v -0.008322 0.012606 0.000163
v -0.009056 0.013318 -0.000672
v -0.009598 0.012849 -0.000719
v -0.008051 0.014234 -0.000965
v -0.008051 0.013312 0.000523
v -0.005236 0.015721 0.000723
v -0.005236 0.015721 0.000723
v -0.005559 0.016365 -0.000832
v -0.008051 0.014234 -0.000965
v -0.012598 0.010128 -0.001082
v -0.011732 0.009689 -0.001160
v -0.011577 0.009821 -0.002237
v -0.011577 0.009821 -0.002237
v -0.012706 0.010196 -0.001386
v -0.012598 0.010128 -0.001082
v -0.013929 0.008284 -0.002662
v -0.020172 0.002927 -0.002876
v -0.019536 0.004409 -0.001577
v -0.019536 0.004409 -0.001577
v -0.013929 0.009205 -0.001278
v -0.013929 0.008284 -0.002662
v -0.011307 0.011448 -0.001138
v -0.011307 0.010527 0.000292
v -0.010454 0.011256 0.000352
v -0.010454 0.011256 0.000352
v -0.010454 0.012178 -0.001093
v -0.011307 0.011448 -0.001138
v -0.008477 0.012475 -0.000987
v -0.008322 0.012606 0.000163
v -0.008051 0.013312 0.000523
v -0.008051 0.013312 0.000523
v -0.008051 0.014234 -0.000965
v -0.008477 0.012475 -0.000987
v -0.010284 0.011584 -0.001072
v -0.010210 0.010997 -0.002193
v -0.010454 0.011256 -0.002538
v -0.010454 0.011256 -0.002538
v -0.010454 0.012178 -0.001093
v -0.010284 0.011584 -0.001072
v -0.011732 0.009689 -0.001160
v -0.011577 0.009821 -0.000068
v -0.011307 0.010527 0.000292
v -0.011307 0.010527 0.000292
v -0.011307 0.011448 -0.001138
v -0.011732 0.009689 -0.001160
v -0.013653 0.008452 -0.001263
v -0.013685 0.008024 -0.002316
v -0.013929 0.008284 -0.002662
v -0.013929 0.008284 -0.002662
v -0.013929 0.009205 -0.001278
v -0.013653 0.008452 -0.001263
v -0.013929 0.008284 -0.002662
v -0.011307 0.010527 -0.002568
v -0.010944 0.006686 -0.003991
v -0.010454 0.011256 -0.002538
v -0.008051 0.013312 -0.002453
v -0.010944 0.006686 -0.003991
v -0.011307 0.010527 -0.002568
v -0.010454 0.011256 -0.002538
v -0.010944 0.006686 -0.003991
v -0.004723 0.007022 0.002827
v -0.010971 0.002513 0.002296
v -0.010955 -0.021195 0.000597
v -0.010955 -0.021195 0.000597
v -0.004611 -0.019036 -0.000240
v -0.004723 0.007022 0.002827
v -0.051570 -0.029221 -0.005421
v -0.052086 -0.030983 -0.004684
v -0.054934 -0.030983 -0.006796
v -0.054934 -0.030983 -0.006796
v -0.054792 -0.029221 -0.007876
v -0.051570 -0.029221 -0.005421
v -0.032760 -0.007139 -0.000240
v -0.032802 -0.008119 0.000807
v -0.032267 -0.006535 0.001198
v -0.032267 -0.006535 0.001198
v -0.032262 -0.005521 -0.000213
v -0.032760 -0.007139 -0.000240
v -0.031732 -0.028120 -0.001640
v -0.032257 -0.027758 -0.001623
v -0.032257 -0.006535 -0.001623
v -0.032257 -0.006535 -0.001623
v -0.031732 -0.005932 -0.001640
v -0.031732 -0.028120 -0.001640
v -0.031732 -0.028120 0.001276
v -0.031732 -0.005932 0.001276
v -0.032267 -0.006535 0.001198
v -0.032267 -0.006535 0.001198
v -0.032267 -0.027758 0.001198
v -0.031732 -0.028120 0.001276
v -0.010971 0.002513 0.002296
v -0.018284 -0.002763 0.001675
v -0.017797 -0.023500 0.001192
v -0.017797 -0.023500 0.001192
v -0.010955 -0.021195 0.000597
v -0.010971 0.002513 0.002296
v -0.052086 -0.022604 -0.004684
v -0.052602 -0.023623 -0.003948
v -0.047931 -0.019672 -0.000925
v -0.047931 -0.019672 -0.000925
v -0.047415 -0.018648 -0.001663
v -0.052086 -0.022604 -0.004684
v -0.055833 -0.026716 -0.007540
v -0.056203 -0.027734 -0.006682
v -0.052602 -0.023623 -0.003948
v -0.052602 -0.023623 -0.003948
v -0.052086 -0.022604 -0.004684
v -0.055833 -0.026716 -0.007540
v -0.047415 -0.018648 -0.001663
v -0.047931 -0.019672 -0.000925
v -0.032802 -0.008119 0.000807
v -0.032802 -0.008119 0.000807
v -0.032760 -0.007139 -0.000240
v -0.047415 -0.018648 -0.001663
v -0.055833 -0.026716 -0.007540
v -0.055171 -0.027734 -0.008155
v -0.054792 -0.029221 -0.007876
v -0.054792 -0.029221 -0.007876
v -0.054934 -0.030983 -0.006796
v -0.055833 -0.026716 -0.007540
v -0.031732 -0.005932 0.001276
v -0.031732 -0.004913 -0.000182
v -0.032262 -0.005521 -0.000213
v -0.032262 -0.005521 -0.000213
v -0.032267 -0.006535 0.001198
v -0.031732 -0.005932 0.001276
v -0.031732 -0.028120 -0.001640
v -0.031732 -0.028951 -0.000182
v -0.032262 -0.028589 -0.000213
v -0.032262 -0.028589 -0.000213
v -0.032257 -0.027758 -0.001623
v -0.031732 -0.028120 -0.001640
v -0.051570 -0.029221 -0.005421
v -0.046899 -0.026744 -0.002401
v -0.047415 -0.028507 -0.001663
v -0.047415 -0.028507 -0.001663
v -0.052086 -0.030983 -0.004684
v -0.051570 -0.029221 -0.005421
v -0.032760 -0.007139 -0.000240
v -0.032262 -0.005521 -0.000213
v -0.032257 -0.006535 -0.001623
v -0.032257 -0.006535 -0.001623
v -0.032717 -0.008119 -0.001287
v -0.032760 -0.007139 -0.000240
v -0.010955 -0.021195 0.000597
v -0.010954 -0.023029 -0.000902
v -0.004601 -0.020932 -0.001772
v -0.004601 -0.020932 -0.001772
v -0.004611 -0.019036 -0.000240
v -0.010955 -0.021195 0.000597
v -0.017797 -0.023500 0.001192
v -0.018075 -0.025357 -0.000109
v -0.010954 -0.023029 -0.000902
v -0.010954 -0.023029 -0.000902
v -0.010955 -0.021195 0.000597
v -0.017797 -0.023500 0.001192
v -0.032267 -0.027758 0.001198
v -0.033444 -0.026643 0.000621
v -0.033444 -0.028406 -0.000278
v -0.033444 -0.028406 -0.000278
v -0.032262 -0.028589 -0.000213
v -0.032267 -0.027758 0.001198
v -0.032257 -0.027758 -0.001623
v -0.032262 -0.028589 -0.000213
v -0.033444 -0.028406 -0.000278
v -0.033444 -0.028406 -0.000278
v -0.033444 -0.026643 -0.001177
v -0.032257 -0.027758 -0.001623
v -0.013356 0.009676 -0.001116
v -0.013653 0.008452 -0.001263
v -0.013685 0.008024 -0.000213
v -0.013685 0.008024 -0.000213
v -0.013319 0.009705 -0.000805
v -0.013356 0.009676 -0.001116
v -0.012706 0.010196 -0.001386
v -0.011577 0.009821 -0.002237
v -0.013685 0.008024 -0.002316
v -0.013685 0.008024 -0.002316
v -0.013306 0.009753 -0.001351
v -0.012706 0.010196 -0.001386
v -0.009042 0.013317 -0.001367
v -0.008322 0.012606 -0.002121
v -0.010210 0.010997 -0.002193
v -0.010210 0.010997 -0.002193
v -0.009596 0.012862 -0.001360
v -0.009042 0.013317 -0.001367
v -0.009056 0.013318 -0.000672
v -0.008322 0.012606 0.000163
v -0.008477 0.012475 -0.000987
v -0.008477 0.012475 -0.000987
v -0.008948 0.013252 -0.001012
v -0.009056 0.013318 -0.000672
v -0.012672 0.010193 -0.000724
v -0.011577 0.009821 -0.000068
v -0.011732 0.009689 -0.001160
v -0.011732 0.009689 -0.001160
v -0.012598 0.010128 -0.001082
v -0.012672 0.010193 -0.000724
v -0.013306 0.009753 -0.001351
v -0.013685 0.008024 -0.002316
v -0.013653 0.008452 -0.001263
v -0.013653 0.008452 -0.001263
v -0.013356 0.009676 -0.001116
v -0.013306 0.009753 -0.001351
v -0.009696 0.012786 -0.001051
v -0.010284 0.011584 -0.001072
v -0.010210 0.010997 0.000034
v -0.010210 0.010997 0.000034
v -0.009598 0.012849 -0.000719
v -0.009696 0.012786 -0.001051
v -0.008948 0.013252 -0.001012
v -0.008477 0.012475 -0.000987
v -0.008322 0.012606 -0.002121
v -0.008322 0.012606 -0.002121
v -0.009042 0.013317 -0.001367
v -0.008948 0.013252 -0.001012
v 0.000008 -0.025683 0.000261
v -0.001666 -0.025415 0.000252
v -0.001859 -0.027968 -0.000318
v -0.001859 -0.027968 -0.000318
v 0.000008 -0.027968 -0.000318
v 0.000008 -0.025683 0.000261
v 0.000008 -0.027968 -0.000318
v -0.001859 -0.027968 -0.000318
v -0.001859 -0.027968 -0.004026
v -0.001859 -0.027968 -0.004026
v 0.000008 -0.027968 -0.004026
v 0.000008 -0.027968 -0.000318
v 0.026387 0.008995 0.003562
v 0.025758 0.014751 0.003035
v 0.025325 0.014751 0.003285
v 0.025325 0.014751 0.003285
v 0.025659 0.008995 0.004115
v 0.026387 0.008995 0.003562
v 0.026830 0.008995 0.002345
v 0.026010 0.014751 0.002345
v 0.025758 0.014751 0.003035
v 0.025758 0.014751 0.003035
v 0.026387 0.008995 0.003562
v 0.026830 0.008995 0.002345
v 0.026387 0.008995 0.001127
v 0.025758 0.014751 0.001654
v 0.026010 0.014751 0.002345
v 0.026010 0.014751 0.002345
v 0.026830 0.008995 0.002345
v 0.026387 0.008995 0.001127
v 0.025659 0.008995 0.000574
v 0.025325 0.014751 0.001404
v 0.025758 0.014751 0.001654
v 0.025758 0.014751 0.001654
v 0.026387 0.008995 0.001127
v 0.025659 0.008995 0.000574
v 0.024934 0.014751 0.001287
v 0.025325 0.014751 0.001404
v 0.025659 0.008995 0.000574
v 0.025659 0.008995 0.000574
v 0.024934 0.008995 0.000479
v 0.024934 0.014751 0.001287
v 0.025325 0.014751 0.003285
v 0.025758 0.014751 0.003035
v 0.024934 0.014938 0.002345
v 0.025758 0.014751 0.003035
v 0.026010 0.014751 0.002345
v 0.024934 0.014938 0.002345
v 0.026010 0.014751 0.002345
v 0.025758 0.014751 0.001654
v 0.024934 0.014938 0.002345
v 0.025758 0.014751 0.001654
v 0.025325 0.014751 0.001404
v 0.024934 0.014938 0.002345
v 0.024934 0.014938 0.002345
v 0.025325 0.014751 0.001404
v 0.024934 0.014751 0.001287
v 0.024934 0.014751 0.001287
v 0.024934 0.014760 0.001340
v 0.024934 0.014938 0.002345
v 0.025659 0.008995 0.004115
v 0.025659 0.001474 0.004115
v 0.026387 0.002679 0.003562
v 0.026387 0.002679 0.003562
v 0.026387 0.008995 0.003562
v 0.025659 0.008995 0.004115
v 0.026387 0.008995 0.003562
v 0.026387 0.002679 0.003562
v 0.026830 0.004414 0.002345
v 0.026830 0.004414 0.002345
v 0.026830 0.008995 0.002345
v 0.026387 0.008995 0.003562
v 0.026830 0.008995 0.002345
v 0.026830 0.004414 0.002345
v 0.026387 0.007347 0.001127
v 0.026387 0.007347 0.001127
v 0.026387 0.008995 0.001127
v 0.026830 0.008995 0.002345
v 0.026387 0.008995 0.001127
v 0.026387 0.007347 0.001127
v 0.025659 0.008995 0.000574
v 0.024934 0.014751 0.003402
v 0.024934 0.008995 0.004210
v 0.025659 0.008995 0.004115
v 0.025659 0.008995 0.004115
v 0.025325 0.014751 0.003285
v 0.024934 0.014751 0.003402
v 0.024934 0.014760 0.003349
v 0.024934 0.014751 0.003402
v 0.025325 0.014751 0.003285
v 0.024934 0.008995 0.004210
v 0.024934 0.001474 0.004210
v 0.025659 0.001474 0.004115
v 0.025659 0.001474 0.004115
v 0.025659 0.008995 0.004115
v 0.024934 0.008995 0.004210
v 0.023481 0.008995 0.003562
v 0.024208 0.008995 0.004115
v 0.024542 0.014751 0.003285
v 0.024542 0.014751 0.003285
v 0.024109 0.014751 0.003035
v 0.023481 0.008995 0.003562
v 0.023037 0.008995 0.002345
v 0.023481 0.008995 0.003562
v 0.024109 0.014751 0.003035
v 0.024109 0.014751 0.003035
v 0.023858 0.014751 0.002345
v 0.023037 0.008995 0.002345
v 0.023481 0.008995 0.001127
v 0.023037 0.008995 0.002345
v 0.023858 0.014751 0.002345
v 0.023858 0.014751 0.002345
v 0.024109 0.014751 0.001654
v 0.023481 0.008995 0.001127
v 0.024208 0.008995 0.000574
v 0.023481 0.008995 0.001127
v 0.024109 0.014751 0.001654
v 0.024109 0.014751 0.001654
v 0.024542 0.014751 0.001404
v 0.024208 0.008995 0.000574
v 0.024934 0.014751 0.001287
v 0.024934 0.008995 0.000479
v 0.024208 0.008995 0.000574
v 0.024208 0.008995 0.000574
v 0.024542 0.014751 0.001404
v 0.024934 0.014751 0.001287
v 0.024542 0.014751 0.003285
v 0.024934 0.014938 0.002345
v 0.024109 0.014751 0.003035
v 0.024109 0.014751 0.003035
v 0.024934 0.014938 0.002345
v 0.023858 0.014751 0.002345
v 0.023858 0.014751 0.002345
v 0.024934 0.014938 0.002345
v 0.024109 0.014751 0.001654
v 0.024109 0.014751 0.001654
v 0.024934 0.014938 0.002345
v 0.024542 0.014751 0.001404
v 0.024934 0.014751 0.001287
v 0.024542 0.014751 0.001404
v 0.024934 0.014938 0.002345
v 0.024934 0.014938 0.002345
v 0.024934 0.014760 0.001340
v 0.024934 0.014751 0.001287
v 0.024208 0.008995 0.004115
v 0.023481 0.008995 0.003562
v 0.023481 0.002679 0.003562
v 0.023481 0.002679 0.003562
v 0.024208 0.001474 0.004115
v 0.024208 0.008995 0.004115
v 0.023481 0.008995 0.003562
v 0.023037 0.008995 0.002345
v 0.023037 0.004414 0.002345
v 0.023037 0.004414 0.002345
v 0.023481 0.002679 0.003562
v 0.023481 0.008995 0.003562
v 0.023037 0.008995 0.002345
v 0.023481 0.008995 0.001127
v 0.023481 0.007347 0.001127
v 0.023481 0.007347 0.001127
v 0.023037 0.004414 0.002345
v 0.023037 0.008995 0.002345
v 0.023481 0.008995 0.001127
v 0.024208 0.008995 0.000574
v 0.023481 0.007347 0.001127
v 0.024934 0.014751 0.003402
v 0.024542 0.014751 0.003285
v 0.024208 0.008995 0.004115
v 0.024208 0.008995 0.004115
v 0.024934 0.008995 0.004210
v 0.024934 0.014751 0.003402
v 0.024934 0.014751 0.003402
v 0.024934 0.014760 0.003349
v 0.024934 0.014938 0.002345
v 0.024542 0.014751 0.003285
v 0.024934 0.014751 0.003402
v 0.024934 0.008995 0.004210
v 0.024208 0.008995 0.004115
v 0.024208 0.001474 0.004115
v 0.024208 0.001474 0.004115
v 0.024934 0.001474 0.004210
v 0.024934 0.008995 0.004210
v -0.026371 0.008995 0.003562
v -0.025643 0.008995 0.004115
v -0.025310 0.014751 0.003285
v -0.025310 0.014751 0.003285
v -0.025743 0.014751 0.003035
v -0.026371 0.008995 0.003562
v -0.026814 0.008995 0.002345
v -0.026371 0.008995 0.003562
v -0.025743 0.014751 0.003035
v -0.025743 0.014751 0.003035
v -0.025994 0.014751 0.002345
v -0.026814 0.008995 0.002345
v -0.026371 0.008995 0.001127
v -0.026814 0.008995 0.002345
v -0.025994 0.014751 0.002345
v -0.025994 0.014751 0.002345
v -0.025743 0.014751 0.001654
v -0.026371 0.008995 0.001127
v -0.025643 0.008995 0.000574
v -0.026371 0.008995 0.001127
v -0.025743 0.014751 0.001654
v -0.025743 0.014751 0.001654
v -0.025310 0.014751 0.001404
v -0.025643 0.008995 0.000574
v -0.024918 0.014751 0.001287
v -0.024918 0.008995 0.000479
v -0.025643 0.008995 0.000574
v -0.025643 0.008995 0.000574
v -0.025310 0.014751 0.001404
v -0.024918 0.014751 0.001287
v -0.025310 0.014751 0.003285
v -0.024918 0.014938 0.002345
v -0.025743 0.014751 0.003035
v -0.025743 0.014751 0.003035
v -0.024918 0.014938 0.002345
v -0.025994 0.014751 0.002345
v -0.025994 0.014751 0.002345
v -0.024918 0.014938 0.002345
v -0.025743 0.014751 0.001654
v -0.025743 0.014751 0.001654
v -0.024918 0.014938 0.002345
v -0.025310 0.014751 0.001404
v -0.024918 0.014938 0.002345
v -0.024918 0.014760 0.001340
v -0.024918 0.014751 0.001287
v -0.025310 0.014751 0.001404
v -0.025643 0.008995 0.004115
v -0.026371 0.008995 0.003562
v -0.026371 0.002679 0.003562
v -0.026371 0.002679 0.003562
v -0.025643 0.001474 0.004115
v -0.025643 0.008995 0.004115
v -0.026371 0.008995 0.003562
v -0.026814 0.008995 0.002345
v -0.026814 0.004414 0.002345
v -0.026814 0.004414 0.002345
v -0.026371 0.002679 0.003562
v -0.026371 0.008995 0.003562
v -0.026814 0.008995 0.002345
v -0.026371 0.008995 0.001127
v -0.026371 0.007347 0.001127
v -0.026371 0.007347 0.001127
v -0.026814 0.004414 0.002345
v -0.026814 0.008995 0.002345
v -0.026371 0.008995 0.001127
v -0.025643 0.008995 0.000574
v -0.026371 0.007347 0.001127
v -0.024918 0.014751 0.003402
v -0.025310 0.014751 0.003285
v -0.025643 0.008995 0.004115
v -0.025643 0.008995 0.004115
v -0.024918 0.008995 0.004210
v -0.024918 0.014751 0.003402
v -0.024918 0.014938 0.002345
v -0.025310 0.014751 0.003285
v -0.024918 0.014751 0.003402
v -0.024918 0.014751 0.003402
v -0.024918 0.014760 0.003349
v -0.024918 0.014938 0.002345
v -0.024918 0.008995 0.004210
v -0.025643 0.008995 0.004115
v -0.025643 0.001474 0.004115
v -0.025643 0.001474 0.004115
v -0.024918 0.001474 0.004210
v -0.024918 0.008995 0.004210
v -0.023465 0.008995 0.003562
v -0.024093 0.014751 0.003035
v -0.024526 0.014751 0.003285
v -0.024526 0.014751 0.003285
v -0.024193 0.008995 0.004115
v -0.023465 0.008995 0.003562
v -0.023022 0.008995 0.002345
v -0.023842 0.014751 0.002345
v -0.024093 0.014751 0.003035
v -0.024093 0.014751 0.003035
v -0.023465 0.008995 0.003562
v -0.023022 0.008995 0.002345
v -0.023465 0.008995 0.001127
v -0.024093 0.014751 0.001654
v -0.023842 0.014751 0.002345
v -0.023842 0.014751 0.002345
v -0.023022 0.008995 0.002345
v -0.023465 0.008995 0.001127
v -0.024193 0.008995 0.000574
v -0.024526 0.014751 0.001404
v -0.024093 0.014751 0.001654
v -0.024093 0.014751 0.001654
v -0.023465 0.008995 0.001127
v -0.024193 0.008995 0.000574
v -0.024918 0.014751 0.001287
v -0.024526 0.014751 0.001404
v -0.024193 0.008995 0.000574
v -0.024193 0.008995 0.000574
v -0.024918 0.008995 0.000479
v -0.024918 0.014751 0.001287
v -0.024526 0.014751 0.003285
v -0.024093 0.014751 0.003035
v -0.024918 0.014938 0.002345
v -0.024093 0.014751 0.003035
v -0.023842 0.014751 0.002345
v -0.024918 0.014938 0.002345
v -0.023842 0.014751 0.002345
v -0.024093 0.014751 0.001654
v -0.024918 0.014938 0.002345
v -0.024093 0.014751 0.001654
v -0.024526 0.014751 0.001404
v -0.024918 0.014938 0.002345
v -0.024918 0.014751 0.001287
v -0.024918 0.014760 0.001340
v -0.024918 0.014938 0.002345
v -0.024918 0.014938 0.002345
v -0.024526 0.014751 0.001404
v -0.024918 0.014751 0.001287
v -0.024193 0.008995 0.004115
v -0.024193 0.001474 0.004115
v -0.023465 0.002679 0.003562
v -0.023465 0.002679 0.003562
v -0.023465 0.008995 0.003562
v -0.024193 0.008995 0.004115
v -0.023465 0.008995 0.003562
v -0.023465 0.002679 0.003562
v -0.023022 0.004414 0.002345
v -0.023022 0.004414 0.002345
v -0.023022 0.008995 0.002345
v -0.023465 0.008995 0.003562
v -0.023022 0.008995 0.002345
v -0.023022 0.004414 0.002345
v -0.023465 0.007347 0.001127
v -0.023465 0.007347 0.001127
v -0.023465 0.008995 0.001127
v -0.023022 0.008995 0.002345
v -0.023465 0.008995 0.001127
v -0.023465 0.007347 0.001127
v -0.024193 0.008995 0.000574
v -0.024918 0.014751 0.003402
v -0.024918 0.008995 0.004210
v -0.024193 0.008995 0.004115
v -0.024193 0.008995 0.004115
v -0.024526 0.014751 0.003285
v -0.024918 0.014751 0.003402
v -0.024918 0.014751 0.003402
v -0.024526 0.014751 0.003285
v -0.024918 0.014938 0.002345
v -0.024918 0.014938 0.002345
v -0.024918 0.014760 0.003349
v -0.024918 0.014751 0.003402
v -0.024918 0.008995 0.004210
v -0.024918 0.001474 0.004210
v -0.024193 0.001474 0.004115
v -0.024193 0.001474 0.004115
v -0.024193 0.008995 0.004115
v -0.024918 0.008995 0.004210
v 0.022320 -0.038266 0.024926
v 0.022510 -0.042929 0.024218
v 0.025506 -0.041126 0.010513
v 0.025506 -0.041126 0.010513
v 0.025402 -0.029283 0.010902
v 0.022320 -0.038266 0.024926
v 0.024934 -0.042415 0.009396
v 0.025695 -0.041853 0.009396
v 0.025506 -0.041126 0.010513
v 0.025506 -0.041126 0.010513
v 0.024990 -0.041688 0.010375
v 0.024934 -0.042415 0.009396
v 0.025695 -0.027185 0.009737
v 0.025695 -0.041853 0.009396
v 0.025695 -0.042365 0.008383
v 0.025402 -0.029283 0.010902
v 0.025506 -0.041126 0.010513
v 0.025695 -0.041853 0.009396
v 0.025695 -0.041853 0.009396
v 0.025695 -0.027185 0.009737
v 0.025402 -0.029283 0.010902
v 0.024886 -0.028770 0.010764
v 0.022026 -0.037759 0.024852
v 0.022320 -0.038266 0.024926
v 0.022320 -0.038266 0.024926
v 0.025402 -0.029283 0.010902
v 0.024886 -0.028770 0.010764
v 0.022214 -0.043489 0.024154
v 0.024990 -0.041688 0.010375
v 0.025506 -0.041126 0.010513
v 0.025506 -0.041126 0.010513
v 0.022510 -0.042929 0.024218
v 0.022214 -0.043489 0.024154
v 0.022026 -0.037759 0.024852
v 0.022214 -0.043489 0.024154
v 0.022510 -0.042929 0.024218
v 0.022510 -0.042929 0.024218
v 0.022320 -0.038266 0.024926
v 0.022026 -0.037759 0.024852
v 0.024934 -0.042415 0.009396
v 0.024934 -0.042927 0.008383
v 0.025695 -0.042365 0.008383
v 0.025695 -0.042365 0.008383
v 0.025695 -0.041853 0.009396
v 0.024934 -0.042415 0.009396
v 0.024934 -0.026672 0.009737
v 0.024886 -0.028770 0.010764
v 0.025402 -0.029283 0.010902
v 0.025402 -0.029283 0.010902
v 0.025695 -0.027185 0.009737
v 0.024934 -0.026672 0.009737
v 0.021735 -0.038266 0.024769
v 0.024370 -0.029283 0.010626
v 0.024474 -0.041126 0.010237
v 0.024474 -0.041126 0.010237
v 0.021925 -0.042929 0.024061
v 0.021735 -0.038266 0.024769
v 0.024934 -0.042415 0.009396
v 0.024990 -0.041688 0.010375
v 0.024474 -0.041126 0.010237
v 0.024474 -0.041126 0.010237
v 0.024172 -0.041853 0.009396
v 0.024934 -0.042415 0.009396
v 0.024172 -0.027185 0.009737
v 0.024172 -0.042365 0.008383
v 0.024172 -0.041853 0.009396
v 0.024370 -0.029283 0.010626
v 0.024172 -0.027185 0.009737
v 0.024172 -0.041853 0.009396
v 0.024172 -0.041853 0.009396
v 0.024474 -0.041126 0.010237
v 0.024370 -0.029283 0.010626
v 0.024886 -0.028770 0.010764
v 0.024370 -0.029283 0.010626
v 0.021735 -0.038266 0.024769
v 0.021735 -0.038266 0.024769
v 0.022026 -0.037759 0.024852
v 0.024886 -0.028770 0.010764
v 0.022214 -0.043489 0.024154
v 0.021925 -0.042929 0.024061
v 0.024474 -0.041126 0.010237
v 0.024474 -0.041126 0.010237
v 0.024990 -0.041688 0.010375
v 0.022214 -0.043489 0.024154
v 0.022026 -0.037759 0.024852
v 0.021735 -0.038266 0.024769
v 0.021925 -0.042929 0.024061
v 0.021925 -0.042929 0.024061
v 0.022214 -0.043489 0.024154
v 0.022026 -0.037759 0.024852
v 0.024934 -0.042415 0.009396
v 0.024172 -0.041853 0.009396
v 0.024172 -0.042365 0.008383
v 0.024172 -0.042365 0.008383
v 0.024934 -0.042927 0.008383
v 0.024934 -0.042415 0.009396
v 0.024934 -0.026672 0.009737
v 0.024172 -0.027185 0.009737
v 0.024370 -0.029283 0.010626
v 0.024370 -0.029283 0.010626
v 0.024886 -0.028770 0.010764
v 0.024934 -0.026672 0.009737
v -0.022304 -0.038266 0.024926
v -0.025386 -0.029283 0.010902
v -0.025490 -0.041126 0.010513
v -0.025490 -0.041126 0.010513
v -0.022494 -0.042929 0.024218
v -0.022304 -0.038266 0.024926
v -0.024918 -0.042415 0.009396
v -0.024975 -0.041688 0.010375
v -0.025490 -0.041126 0.010513
v -0.025490 -0.041126 0.010513
v -0.025680 -0.041853 0.009396
v -0.024918 -0.042415 0.009396
v -0.025680 -0.027185 0.009737
v -0.025680 -0.042365 0.008383
v -0.025680 -0.041853 0.009396
v -0.025386 -0.029283 0.010902
v -0.025680 -0.027185 0.009737
v -0.025680 -0.041853 0.009396
v -0.025680 -0.041853 0.009396
v -0.025490 -0.041126 0.010513
v -0.025386 -0.029283 0.010902
v -0.024870 -0.028770 0.010764
v -0.025386 -0.029283 0.010902
v -0.022304 -0.038266 0.024926
v -0.022304 -0.038266 0.024926
v -0.022011 -0.037759 0.024852
v -0.024870 -0.028770 0.010764
v -0.022198 -0.043489 0.024154
v -0.022494 -0.042929 0.024218
v -0.025490 -0.041126 0.010513
v -0.025490 -0.041126 0.010513
v -0.024975 -0.041688 0.010375
v -0.022198 -0.043489 0.024154
v -0.022011 -0.037759 0.024852
v -0.022304 -0.038266 0.024926
v -0.022494 -0.042929 0.024218
v -0.022494 -0.042929 0.024218
v -0.022198 -0.043489 0.024154
v -0.022011 -0.037759 0.024852
v -0.024918 -0.042415 0.009396
v -0.025680 -0.041853 0.009396
v -0.025680 -0.042365 0.008383
v -0.025680 -0.042365 0.008383
v -0.024918 -0.042927 0.008383
v -0.024918 -0.042415 0.009396
v -0.024918 -0.026672 0.009737
v -0.025680 -0.027185 0.009737
v -0.025386 -0.029283 0.010902
v -0.025386 -0.029283 0.010902
v -0.024870 -0.028770 0.010764
v -0.024918 -0.026672 0.009737
v -0.021719 -0.038266 0.024769
v -0.021909 -0.042929 0.024061
v -0.024459 -0.041126 0.010237
v -0.024459 -0.041126 0.010237
v -0.024355 -0.029283 0.010626
v -0.021719 -0.038266 0.024769
v -0.024918 -0.042415 0.009396
v -0.024156 -0.041853 0.009396
v -0.024459 -0.041126 0.010237
v -0.024459 -0.041126 0.010237
v -0.024975 -0.041688 0.010375
v -0.024918 -0.042415 0.009396
v -0.024156 -0.027185 0.009737
v -0.024156 -0.041853 0.009396
v -0.024156 -0.042365 0.008383
v -0.024355 -0.029283 0.010626
v -0.024459 -0.041126 0.010237
v -0.024156 -0.041853 0.009396
v -0.024156 -0.041853 0.009396
v -0.024156 -0.027185 0.009737
v -0.024355 -0.029283 0.010626
v -0.024870 -0.028770 0.010764
v -0.022011 -0.037759 0.024852
v -0.021719 -0.038266 0.024769
v -0.021719 -0.038266 0.024769
v -0.024355 -0.029283 0.010626
v -0.024870 -0.028770 0.010764
v -0.022198 -0.043489 0.024154
v -0.024975 -0.041688 0.010375
v -0.024459 -0.041126 0.010237
v -0.024459 -0.041126 0.010237
v -0.021909 -0.042929 0.024061
v -0.022198 -0.043489 0.024154
v -0.022011 -0.037759 0.024852
v -0.022198 -0.043489 0.024154
v -0.021909 -0.042929 0.024061
v -0.021909 -0.042929 0.024061
v -0.021719 -0.038266 0.024769
v -0.022011 -0.037759 0.024852
v -0.024918 -0.042415 0.009396
v -0.024918 -0.042927 0.008383
v -0.024156 -0.042365 0.008383
v -0.024156 -0.042365 0.008383
v -0.024156 -0.041853 0.009396
v -0.024918 -0.042415 0.009396
v -0.024918 -0.026672 0.009737
v -0.024870 -0.028770 0.010764
v -0.024355 -0.029283 0.010626
v -0.024355 -0.029283 0.010626
v -0.024156 -0.027185 0.009737
v -0.024918 -0.026672 0.009737
v 0.010068 0.012234 -0.001055
v 0.009612 0.012862 -0.001365
v 0.009614 0.012849 -0.000735
v 0.012808 0.010102 -0.000735
v 0.013335 0.009705 -0.000735
v 0.013322 0.009753 -0.001365
v 0.013322 0.009753 -0.001365
v 0.012842 0.010107 -0.001365
v 0.012808 0.010102 -0.000735
v -0.009056 0.013318 -0.000672
v -0.008948 0.013252 -0.001012
v -0.009696 0.012786 -0.001051
v -0.009696 0.012786 -0.001051
v -0.009598 0.012849 -0.000719
v -0.009056 0.013318 -0.000672
v -0.009042 0.013317 -0.001367
v -0.009596 0.012862 -0.001360
v -0.009696 0.012786 -0.001051
v -0.009696 0.012786 -0.001051
v -0.008948 0.013252 -0.001012
v -0.009042 0.013317 -0.001367
v -0.012598 0.010128 -0.001082
v -0.012706 0.010196 -0.001386
v -0.013319 0.009705 -0.000805
v -0.013319 0.009705 -0.000805
v -0.012672 0.010193 -0.000724
v -0.012598 0.010128 -0.001082
v -0.013306 0.009753 -0.001351
v -0.013356 0.009676 -0.001116
v -0.013319 0.009705 -0.000805
v -0.013319 0.009705 -0.000805
v -0.012706 0.010196 -0.001386
v -0.013306 0.009753 -0.001351
v 0.009088 0.013122 -0.001365
v 0.008618 0.013112 -0.000999
v 0.009102 0.013113 -0.000735
v 0.009102 0.013113 -0.000735
v 0.009614 0.012849 -0.000735
v 0.009612 0.012862 -0.001365
v 0.009612 0.012862 -0.001365
v 0.009088 0.013122 -0.001365
v 0.009102 0.013113 -0.000735
v 0.012842 0.010107 -0.001365
v 0.012346 0.010170 -0.001126
v 0.012808 0.010102 -0.000735
v 0.013335 0.009705 -0.000735
v 0.013609 0.009232 -0.001126
v 0.013322 0.009753 -0.001365
v 0.027548 -0.045162 0.004704
v 0.026792 -0.054175 0.002429
v 0.028998 -0.052974 -0.000589
v 0.028998 -0.052974 -0.000589
v 0.030042 -0.045510 -0.000589
v 0.027548 -0.045162 0.004704
v 0.024934 -0.045162 0.004706
v 0.024934 -0.054110 0.002440
v 0.026792 -0.054175 0.002429
v 0.026792 -0.054175 0.002429
v 0.027548 -0.045162 0.004704
v 0.024934 -0.045162 0.004706
v 0.030042 -0.045510 -0.000589
v 0.028998 -0.052974 -0.000589
v 0.026792 -0.053813 -0.003410
v 0.026792 -0.053813 -0.003410
v 0.027434 -0.044978 -0.005814
v 0.030042 -0.045510 -0.000589
v 0.028091 -0.008446 0.007863
v 0.028337 -0.014128 0.008402
v 0.031608 -0.014128 0.004851
v 0.031608 -0.014128 0.004851
v 0.031404 -0.008446 0.004617
v 0.028091 -0.008446 0.007863
v 0.028337 -0.014128 0.008402
v 0.028074 -0.027173 0.008831
v 0.031394 -0.027158 0.004998
v 0.031394 -0.027158 0.004998
v 0.031608 -0.014128 0.004851
v 0.028337 -0.014128 0.008402
v 0.024934 -0.008446 0.009476
v 0.024934 -0.014128 0.010053
v 0.028337 -0.014128 0.008402
v 0.028337 -0.014128 0.008402
v 0.028091 -0.008446 0.007863
v 0.024934 -0.008446 0.009476
v 0.027403 0.006798 0.005187
v 0.030530 0.004602 0.003464
v 0.029494 0.010897 0.002046
v 0.029494 0.010897 0.002046
v 0.027630 0.011018 0.003249
v 0.027403 0.006798 0.005187
v 0.027630 0.011018 0.003249
v 0.029494 0.010897 0.002046
v 0.027861 0.017733 0.000498
v 0.026632 0.003814 0.002556
v 0.026166 0.001838 0.003829
v 0.027118 0.006762 0.004886
v 0.027118 0.006762 0.004886
v 0.027630 0.011018 0.003249
v 0.026632 0.003814 0.002556
v 0.026959 0.009878 0.000260
v 0.026632 0.003814 0.002556
v 0.027630 0.011018 0.003249
v 0.027630 0.011018 0.003249
v 0.027861 0.017733 0.000498
v 0.026959 0.009878 0.000260
v 0.024934 -0.002586 0.008469
v 0.027902 -0.002586 0.006995
v 0.027403 0.006798 0.005187
v 0.027403 0.006798 0.005187
v 0.026284 0.005367 0.005836
v 0.024934 -0.002586 0.008469
v 0.030530 0.004602 0.003464
v 0.027403 0.006798 0.005187
v 0.027902 -0.002586 0.006995
v 0.027902 -0.002586 0.006995
v 0.031194 -0.002586 0.004376
v 0.030530 0.004602 0.003464
v 0.027084 -0.043316 0.008127
v 0.029607 -0.045113 0.005155
v 0.030540 -0.036833 0.005066
v 0.030540 -0.036833 0.005066
v 0.027569 -0.035950 0.008430
v 0.027084 -0.043316 0.008127
v 0.031404 -0.008446 0.004617
v 0.031608 -0.014128 0.004851
v 0.032245 -0.014098 -0.000180
v 0.032245 -0.014098 -0.000180
v 0.032109 -0.008528 -0.000180
v 0.031404 -0.008446 0.004617
v 0.031608 -0.014128 0.004851
v 0.031394 -0.027158 0.004998
v 0.032261 -0.027096 -0.000180
v 0.032261 -0.027096 -0.000180
v 0.032245 -0.014098 -0.000180
v 0.031608 -0.014128 0.004851
v 0.030530 0.004602 0.003464
v 0.031255 0.002167 -0.000175
v 0.029828 0.010895 -0.000175
v 0.029828 0.010895 -0.000175
v 0.029494 0.010897 0.002046
v 0.030530 0.004602 0.003464
v 0.029494 0.010897 0.002046
v 0.029828 0.010895 -0.000175
v 0.027861 0.017733 0.000498
v 0.031255 0.002167 -0.000175
v 0.030530 0.004602 0.003464
v 0.031194 -0.002586 0.004376
v 0.031194 -0.002586 0.004376
v 0.031972 -0.002588 -0.000180
v 0.031255 0.002167 -0.000175
v 0.031394 -0.027158 0.004998
v 0.030540 -0.036833 0.005066
v 0.031446 -0.037104 -0.000180
v 0.031446 -0.037104 -0.000180
v 0.032261 -0.027096 -0.000180
v 0.031394 -0.027158 0.004998
v 0.024934 -0.042796 0.008589
v 0.027084 -0.043316 0.008127
v 0.027569 -0.035950 0.008430
v 0.027569 -0.035950 0.008430
v 0.024934 -0.035458 0.009314
v 0.024934 -0.042796 0.008589
v 0.027569 -0.035950 0.008430
v 0.030540 -0.036833 0.005066
v 0.031394 -0.027158 0.004998
v 0.031394 -0.027158 0.004998
v 0.028074 -0.027173 0.008831
v 0.027569 -0.035950 0.008430
v 0.029607 -0.045113 0.005155
v 0.030591 -0.045513 -0.000169
v 0.031446 -0.037104 -0.000180
v 0.031446 -0.037104 -0.000180
v 0.030540 -0.036833 0.005066
v 0.029607 -0.045113 0.005155
v 0.027118 0.006762 0.004886
v 0.027403 0.006798 0.005187
v 0.027630 0.011018 0.003249
v 0.031404 -0.008446 0.004617
v 0.031194 -0.002586 0.004376
v 0.027902 -0.002586 0.006995
v 0.027902 -0.002586 0.006995
v 0.028091 -0.008446 0.007863
v 0.031404 -0.008446 0.004617
v 0.024934 -0.002586 0.008469
v 0.024934 -0.008446 0.009476
v 0.028091 -0.008446 0.007863
v 0.028091 -0.008446 0.007863
v 0.027902 -0.002586 0.006995
v 0.024934 -0.002586 0.008469
v 0.032109 -0.008528 -0.000180
v 0.031972 -0.002588 -0.000180
v 0.031194 -0.002586 0.004376
v 0.031194 -0.002586 0.004376
v 0.031404 -0.008446 0.004617
v 0.032109 -0.008528 -0.000180
v 0.028201 -0.033153 -0.010119
v 0.028289 -0.028844 -0.010589
v 0.031333 -0.028844 -0.006752
v 0.031333 -0.028844 -0.006752
v 0.031167 -0.033177 -0.006462
v 0.028201 -0.033153 -0.010119
v 0.028291 -0.024280 -0.010372
v 0.031333 -0.024284 -0.006649
v 0.031333 -0.028844 -0.006752
v 0.031333 -0.028844 -0.006752
v 0.028289 -0.028844 -0.010589
v 0.028291 -0.024280 -0.010372
v 0.024934 -0.006798 -0.009674
v 0.028691 -0.006798 -0.008687
v 0.028502 -0.011124 -0.008828
v 0.028502 -0.011124 -0.008828
v 0.024934 -0.011124 -0.009823
v 0.024934 -0.006798 -0.009674
v 0.024934 -0.011124 -0.009823
v 0.028502 -0.011124 -0.008828
v 0.028356 -0.014474 -0.009055
v 0.028356 -0.014474 -0.009055
v 0.024934 -0.014474 -0.010169
v 0.024934 -0.011124 -0.009823
v 0.024934 -0.014474 -0.010169
v 0.028356 -0.014474 -0.009055
v 0.028300 -0.019175 -0.009715
v 0.028300 -0.019175 -0.009715
v 0.024934 -0.019175 -0.011200
v 0.024934 -0.014474 -0.010169
v 0.024934 -0.019175 -0.011200
v 0.028300 -0.019175 -0.009715
v 0.028291 -0.024280 -0.010372
v 0.028291 -0.024280 -0.010372
v 0.024934 -0.024280 -0.012230
v 0.024934 -0.019175 -0.011200
v 0.031328 -0.011139 -0.005925
v 0.028502 -0.011124 -0.008828
v 0.028691 -0.006798 -0.008687
v 0.028691 -0.006798 -0.008687
v 0.031318 -0.006801 -0.005976
v 0.031328 -0.011139 -0.005925
v 0.031332 -0.014496 -0.005967
v 0.028356 -0.014474 -0.009055
v 0.028502 -0.011124 -0.008828
v 0.028502 -0.011124 -0.008828
v 0.031328 -0.011139 -0.005925
v 0.031332 -0.014496 -0.005967
v 0.028356 -0.014474 -0.009055
v 0.031332 -0.014496 -0.005967
v 0.031334 -0.019190 -0.006298
v 0.031334 -0.019190 -0.006298
v 0.028300 -0.019175 -0.009715
v 0.028356 -0.014474 -0.009055
v 0.031333 -0.024284 -0.006649
v 0.028291 -0.024280 -0.010372
v 0.028300 -0.019175 -0.009715
v 0.028300 -0.019175 -0.009715
v 0.031334 -0.019190 -0.006298
v 0.031333 -0.024284 -0.006649
v 0.029644 0.007570 -0.001896
v 0.028251 0.007362 -0.002320
v 0.029026 0.010632 -0.001528
v 0.028714 0.001464 -0.003869
v 0.030895 0.001139 -0.003102
v 0.031104 -0.000684 -0.004269
v 0.031104 -0.000684 -0.004269
v 0.028786 -0.000666 -0.005987
v 0.028714 0.001464 -0.003869
v 0.031282 -0.002641 -0.005386
v 0.028324 -0.002127 -0.007603
v 0.028786 -0.000666 -0.005987
v 0.028786 -0.000666 -0.005987
v 0.031104 -0.000684 -0.004269
v 0.031282 -0.002641 -0.005386
v 0.024934 -0.002718 -0.005747
v 0.024934 0.002618 -0.002737
v 0.028447 0.000665 -0.003444
v 0.028447 0.000665 -0.003444
v 0.028345 -0.002444 -0.005701
v 0.024934 -0.002718 -0.005747
v 0.030089 -0.041315 -0.004666
v 0.029668 -0.043562 -0.003971
v 0.027504 -0.043187 -0.006559
v 0.027504 -0.043187 -0.006559
v 0.027656 -0.041099 -0.007239
v 0.030089 -0.041315 -0.004666
v 0.024934 -0.042842 -0.007513
v 0.024934 -0.040922 -0.008378
v 0.027656 -0.041099 -0.007239
v 0.027656 -0.041099 -0.007239
v 0.027504 -0.043187 -0.006559
v 0.024934 -0.042842 -0.007513
v 0.031167 -0.033177 -0.006462
v 0.031333 -0.028844 -0.006752
v 0.032261 -0.027096 -0.000180
v 0.032261 -0.027096 -0.000180
v 0.031446 -0.037104 -0.000180
v 0.031167 -0.033177 -0.006462
v 0.031333 -0.024284 -0.006649
v 0.032261 -0.027096 -0.000180
v 0.031333 -0.028844 -0.006752
v 0.032109 -0.008528 -0.000180
v 0.031328 -0.011139 -0.005925
v 0.031318 -0.006801 -0.005976
v 0.032245 -0.014098 -0.000180
v 0.031332 -0.014496 -0.005967
v 0.031328 -0.011139 -0.005925
v 0.031328 -0.011139 -0.005925
v 0.032109 -0.008528 -0.000180
v 0.032245 -0.014098 -0.000180
v 0.031333 -0.024284 -0.006649
v 0.031334 -0.019190 -0.006298
v 0.032261 -0.027096 -0.000180
v 0.032245 -0.014098 -0.000180
v 0.032261 -0.027096 -0.000180
v 0.031334 -0.019190 -0.006298
v 0.031334 -0.019190 -0.006298
v 0.031332 -0.014496 -0.005967
v 0.032245 -0.014098 -0.000180
v 0.029644 0.007570 -0.001896
v 0.029026 0.010632 -0.001528
v 0.029828 0.010895 -0.000175
v 0.029828 0.010895 -0.000175
v 0.031255 0.002167 -0.000175
v 0.029644 0.007570 -0.001896
v 0.029828 0.010895 -0.000175
v 0.029026 0.010632 -0.001528
v 0.027821 0.017547 -0.000782
v 0.027821 0.017547 -0.000782
v 0.027861 0.017733 0.000498
v 0.029828 0.010895 -0.000175
v 0.031282 -0.002641 -0.005386
v 0.031104 -0.000684 -0.004269
v 0.031972 -0.002588 -0.000180
v 0.030895 0.001139 -0.003102
v 0.031255 0.002167 -0.000175
v 0.031972 -0.002588 -0.000180
v 0.031972 -0.002588 -0.000180
v 0.031104 -0.000684 -0.004269
v 0.030895 0.001139 -0.003102
v 0.030591 -0.045513 -0.000169
v 0.029668 -0.043562 -0.003971
v 0.030089 -0.041315 -0.004666
v 0.030089 -0.041315 -0.004666
v 0.031446 -0.037104 -0.000180
v 0.030591 -0.045513 -0.000169
v 0.031167 -0.033177 -0.006462
v 0.030671 -0.037594 -0.005632
v 0.027940 -0.037496 -0.008714
v 0.027940 -0.037496 -0.008714
v 0.028201 -0.033153 -0.010119
v 0.031167 -0.033177 -0.006462
v 0.027656 -0.041099 -0.007239
v 0.027940 -0.037496 -0.008714
v 0.030671 -0.037594 -0.005632
v 0.030671 -0.037594 -0.005632
v 0.030089 -0.041315 -0.004666
v 0.027656 -0.041099 -0.007239
v 0.024934 -0.037423 -0.010229
v 0.024934 -0.033135 -0.011987
v 0.028201 -0.033153 -0.010119
v 0.028201 -0.033153 -0.010119
v 0.027940 -0.037496 -0.008714
v 0.024934 -0.037423 -0.010229
v 0.031446 -0.037104 -0.000180
v 0.030671 -0.037594 -0.005632
v 0.031167 -0.033177 -0.006462
v 0.031446 -0.037104 -0.000180
v 0.030089 -0.041315 -0.004666
v 0.030671 -0.037594 -0.005632
v 0.028141 0.010124 -0.001771
v 0.029026 0.010632 -0.001528
v 0.028251 0.007362 -0.002320
v 0.028345 -0.002444 -0.005701
v 0.028786 -0.000666 -0.005987
v 0.028324 -0.002127 -0.007603
v 0.027821 0.017547 -0.000782
v 0.024934 0.017819 -0.000782
v 0.024934 0.018012 0.000498
v 0.024934 0.018012 0.000498
v 0.027861 0.017733 0.000498
v 0.027821 0.017547 -0.000782
v 0.029644 0.007570 -0.001896
v 0.030895 0.001139 -0.003102
v 0.028714 0.001464 -0.003869
v 0.028714 0.001464 -0.003869
v 0.028251 0.007362 -0.002320
v 0.029644 0.007570 -0.001896
v 0.031255 0.002167 -0.000175
v 0.030895 0.001139 -0.003102
v 0.029644 0.007570 -0.001896
v 0.028447 0.000665 -0.003444
v 0.028714 0.001464 -0.003869
v 0.028786 -0.000666 -0.005987
v 0.028786 -0.000666 -0.005987
v 0.028345 -0.002444 -0.005701
v 0.028447 0.000665 -0.003444
v 0.028345 -0.002444 -0.005701
v 0.028324 -0.002127 -0.007603
v 0.026708 -0.002599 -0.008508
v 0.028714 0.001464 -0.003869
v 0.028447 0.000665 -0.003444
v 0.027989 0.005262 -0.002116
v 0.027989 0.005262 -0.002116
v 0.028251 0.007362 -0.002320
v 0.028714 0.001464 -0.003869
v 0.031318 -0.006801 -0.005976
v 0.031282 -0.002641 -0.005386
v 0.031972 -0.002588 -0.000180
v 0.031972 -0.002588 -0.000180
v 0.032109 -0.008528 -0.000180
v 0.031318 -0.006801 -0.005976
v 0.027365 -0.044851 -0.006155
v 0.027504 -0.043187 -0.006559
v 0.029668 -0.043562 -0.003971
v 0.029668 -0.043562 -0.003971
v 0.029292 -0.045403 -0.003359
v 0.027365 -0.044851 -0.006155
v 0.029292 -0.045403 -0.003359
v 0.029668 -0.043562 -0.003971
v 0.030591 -0.045513 -0.000169
v 0.028691 -0.006798 -0.008687
v 0.024934 -0.006798 -0.009674
v 0.026708 -0.002599 -0.008508
v 0.026708 -0.002599 -0.008508
v 0.028324 -0.002127 -0.007603
v 0.028691 -0.006798 -0.008687
v 0.026708 -0.002599 -0.008508
v 0.024934 -0.006798 -0.009674
v 0.024934 -0.006797 -0.009674
v 0.031318 -0.006801 -0.005976
v 0.028691 -0.006798 -0.008687
v 0.028324 -0.002127 -0.007603
v 0.028324 -0.002127 -0.007603
v 0.031282 -0.002641 -0.005386
v 0.031318 -0.006801 -0.005976
v 0.027365 -0.044851 -0.006155
v 0.029292 -0.045403 -0.003359
v 0.027434 -0.044978 -0.005814
v 0.029607 -0.045113 0.005155
v 0.027548 -0.045162 0.004704
v 0.030042 -0.045510 -0.000589
v 0.030042 -0.045510 -0.000589
v 0.030591 -0.045513 -0.000169
v 0.029607 -0.045113 0.005155
v 0.024934 -0.045162 0.004706
v 0.027548 -0.045162 0.004704
v 0.027084 -0.043316 0.008127
v 0.027084 -0.043316 0.008127
v 0.024934 -0.042796 0.008589
v 0.024934 -0.045162 0.004706
v 0.027548 -0.045162 0.004704
v 0.029607 -0.045113 0.005155
v 0.027084 -0.043316 0.008127
v 0.030591 -0.045513 -0.000169
v 0.030042 -0.045510 -0.000589
v 0.029292 -0.045403 -0.003359
v 0.029292 -0.045403 -0.003359
v 0.030042 -0.045510 -0.000589
v 0.027434 -0.044978 -0.005814
v 0.028141 0.010124 -0.001771
v 0.024934 0.008034 -0.001559
v 0.024934 0.017819 -0.000782
v 0.024934 0.017819 -0.000782
v 0.027821 0.017547 -0.000782
v 0.028141 0.010124 -0.001771
v 0.027821 0.017547 -0.000782
v 0.029026 0.010632 -0.001528
v 0.028141 0.010124 -0.001771
v 0.028251 0.007362 -0.002320
v 0.027989 0.005262 -0.002116
v 0.028141 0.010124 -0.001771
v 0.028141 0.010124 -0.001771
v 0.027989 0.005262 -0.002116
v 0.024934 0.008034 -0.001559
v 0.024934 0.008034 -0.001559
v 0.024934 0.008034 -0.001559
v 0.028141 0.010124 -0.001771
v 0.027504 -0.043187 -0.006559
v 0.027365 -0.044851 -0.006155
v 0.026190 -0.044601 -0.006831
v 0.027434 -0.044978 -0.005814
v 0.024934 -0.044558 -0.006273
v 0.026190 -0.044601 -0.006831
v 0.026190 -0.044601 -0.006831
v 0.027365 -0.044851 -0.006155
v 0.027434 -0.044978 -0.005814
v 0.026190 -0.044601 -0.006831
v 0.024934 -0.044558 -0.006273
v 0.024934 -0.044558 -0.006273
v 0.026708 -0.002599 -0.008508
v 0.024934 -0.002655 -0.008833
v 0.024934 -0.002655 -0.008833
v 0.028345 -0.002444 -0.005701
v 0.024934 -0.053813 -0.003882
v 0.024934 -0.044558 -0.006273
v 0.027434 -0.044978 -0.005814
v 0.027434 -0.044978 -0.005814
v 0.026792 -0.053813 -0.003410
v 0.024934 -0.053813 -0.003882
v 0.028074 -0.027173 0.008831
v 0.024934 -0.027173 0.010114
v 0.024934 -0.035458 0.009314
v 0.024934 -0.035458 0.009314
v 0.027569 -0.035950 0.008430
v 0.028074 -0.027173 0.008831
v 0.024934 -0.014128 0.010053
v 0.024934 -0.027173 0.010114
v 0.028074 -0.027173 0.008831
v 0.028074 -0.027173 0.008831
v 0.028337 -0.014128 0.008402
v 0.024934 -0.014128 0.010053
v 0.024934 0.003761 0.002832
v 0.024934 0.001144 0.004417
v 0.026166 0.001838 0.003829
v 0.026166 0.001838 0.003829
v 0.026632 0.003814 0.002556
v 0.024934 0.003761 0.002832
v 0.024934 0.009902 0.000202
v 0.024934 0.003761 0.002832
v 0.026632 0.003814 0.002556
v 0.026632 0.003814 0.002556
v 0.026959 0.009878 0.000260
v 0.024934 0.009902 0.000202
v 0.024934 0.004875 0.005804
v 0.026069 0.005324 0.005449
v 0.024934 0.001144 0.004417
v 0.024934 0.004875 0.005804
v 0.024934 0.004925 0.006214
v 0.026284 0.005367 0.005836
v 0.026284 0.005367 0.005836
v 0.026069 0.005324 0.005449
v 0.024934 0.004875 0.005804
v 0.024934 0.018012 0.000498
v 0.024934 0.009902 0.000202
v 0.026959 0.009878 0.000260
v 0.026959 0.009878 0.000260
v 0.027861 0.017733 0.000498
v 0.024934 0.018012 0.000498
v 0.024934 -0.033135 -0.011987
v 0.024934 -0.028844 -0.012573
v 0.028289 -0.028844 -0.010589
v 0.028289 -0.028844 -0.010589
v 0.028201 -0.033153 -0.010119
v 0.024934 -0.033135 -0.011987
v 0.028289 -0.028844 -0.010589
v 0.024934 -0.028844 -0.012573
v 0.024934 -0.024280 -0.012230
v 0.024934 -0.024280 -0.012230
v 0.028291 -0.024280 -0.010372
v 0.028289 -0.028844 -0.010589
v 0.024934 -0.002718 -0.005747
v 0.028345 -0.002444 -0.005701
v 0.024934 -0.002655 -0.008833
v 0.024934 -0.040922 -0.008378
v 0.024934 -0.037423 -0.010229
v 0.027940 -0.037496 -0.008714
v 0.027940 -0.037496 -0.008714
v 0.027656 -0.041099 -0.007239
v 0.024934 -0.040922 -0.008378
v 0.024934 0.002618 -0.002737
v 0.027989 0.005262 -0.002116
v 0.027989 0.005262 -0.002116
v 0.028447 0.000665 -0.003444
v 0.024934 0.002618 -0.002737
v 0.026190 -0.044601 -0.006831
v 0.024934 -0.044430 -0.007040
v 0.024934 -0.042842 -0.007513
v 0.024934 -0.042842 -0.007513
v 0.027504 -0.043187 -0.006559
v 0.026190 -0.044601 -0.006831
v 0.024934 -0.044430 -0.007040
v 0.024934 -0.002655 -0.008833
v 0.022319 -0.045162 0.004704
v 0.019825 -0.045510 -0.000589
v 0.020869 -0.052974 -0.000589
v 0.020869 -0.052974 -0.000589
v 0.023075 -0.054175 0.002429
v 0.022319 -0.045162 0.004704
v 0.024934 -0.045162 0.004706
v 0.022319 -0.045162 0.004704
v 0.023075 -0.054175 0.002429
v 0.023075 -0.054175 0.002429
v 0.024934 -0.054110 0.002440
v 0.024934 -0.045162 0.004706
v 0.019825 -0.045510 -0.000589
v 0.022433 -0.044978 -0.005814
v 0.023075 -0.053813 -0.003410
v 0.023075 -0.053813 -0.003410
v 0.020869 -0.052974 -0.000589
v 0.019825 -0.045510 -0.000589
v 0.021776 -0.008446 0.007863
v 0.018463 -0.008446 0.004617
v 0.018259 -0.014128 0.004851
v 0.018259 -0.014128 0.004851
v 0.021530 -0.014128 0.008402
v 0.021776 -0.008446 0.007863
v 0.021530 -0.014128 0.008402
v 0.018259 -0.014128 0.004851
v 0.018473 -0.027158 0.004998
v 0.018473 -0.027158 0.004998
v 0.021793 -0.027173 0.008831
v 0.021530 -0.014128 0.008402
v 0.024934 -0.008446 0.009476
v 0.021776 -0.008446 0.007863
v 0.021530 -0.014128 0.008402
v 0.021530 -0.014128 0.008402
v 0.024934 -0.014128 0.010053
v 0.024934 -0.008446 0.009476
v 0.022464 0.006798 0.005187
v 0.022237 0.011018 0.003249
v 0.020374 0.010897 0.002046
v 0.020374 0.010897 0.002046
v 0.019338 0.004602 0.003464
v 0.022464 0.006798 0.005187
v 0.022237 0.011018 0.003249
v 0.022006 0.017733 0.000498
v 0.020374 0.010897 0.002046
v 0.023235 0.003814 0.002556
v 0.022237 0.011018 0.003249
v 0.022749 0.006762 0.004886
v 0.022749 0.006762 0.004886
v 0.023702 0.001838 0.003829
v 0.023235 0.003814 0.002556
v 0.022908 0.009878 0.000260
v 0.022006 0.017733 0.000498
v 0.022237 0.011018 0.003249
v 0.022237 0.011018 0.003249
v 0.023235 0.003814 0.002556
v 0.022908 0.009878 0.000260
v 0.022464 0.006798 0.005187
v 0.021965 -0.002586 0.006995
v 0.024934 -0.002586 0.008469
v 0.024934 -0.002586 0.008469
v 0.023583 0.005367 0.005836
v 0.022464 0.006798 0.005187
v 0.019338 0.004602 0.003464
v 0.018673 -0.002586 0.004376
v 0.021965 -0.002586 0.006995
v 0.021965 -0.002586 0.006995
v 0.022464 0.006798 0.005187
v 0.019338 0.004602 0.003464
v 0.022783 -0.043316 0.008127
v 0.022298 -0.035950 0.008430
v 0.019328 -0.036833 0.005066
v 0.019328 -0.036833 0.005066
v 0.020260 -0.045113 0.005155
v 0.022783 -0.043316 0.008127
v 0.018463 -0.008446 0.004617
v 0.017758 -0.008528 -0.000180
v 0.017623 -0.014098 -0.000180
v 0.017623 -0.014098 -0.000180
v 0.018259 -0.014128 0.004851
v 0.018463 -0.008446 0.004617
v 0.018259 -0.014128 0.004851
v 0.017623 -0.014098 -0.000180
v 0.017606 -0.027096 -0.000180
v 0.017606 -0.027096 -0.000180
v 0.018473 -0.027158 0.004998
v 0.018259 -0.014128 0.004851
v 0.019338 0.004602 0.003464
v 0.020374 0.010897 0.002046
v 0.020039 0.010895 -0.000175
v 0.020039 0.010895 -0.000175
v 0.018612 0.002167 -0.000175
v 0.019338 0.004602 0.003464
v 0.020374 0.010897 0.002046
v 0.022006 0.017733 0.000498
v 0.020039 0.010895 -0.000175
v 0.018612 0.002167 -0.000175
v 0.017895 -0.002588 -0.000180
v 0.018673 -0.002586 0.004376
v 0.018673 -0.002586 0.004376
v 0.019338 0.004602 0.003464
v 0.018612 0.002167 -0.000175
v 0.018473 -0.027158 0.004998
v 0.017606 -0.027096 -0.000180
v 0.018421 -0.037104 -0.000180
v 0.018421 -0.037104 -0.000180
v 0.019328 -0.036833 0.005066
v 0.018473 -0.027158 0.004998
v 0.024934 -0.042796 0.008589
v 0.024934 -0.035458 0.009314
v 0.022298 -0.035950 0.008430
v 0.022298 -0.035950 0.008430
v 0.022783 -0.043316 0.008127
v 0.024934 -0.042796 0.008589
v 0.022298 -0.035950 0.008430
v 0.021793 -0.027173 0.008831
v 0.018473 -0.027158 0.004998
v 0.018473 -0.027158 0.004998
v 0.019328 -0.036833 0.005066
v 0.022298 -0.035950 0.008430
v 0.020260 -0.045113 0.005155
v 0.019328 -0.036833 0.005066
v 0.018421 -0.037104 -0.000180
v 0.018421 -0.037104 -0.000180
v 0.019276 -0.045513 -0.000169
v 0.020260 -0.045113 0.005155
v 0.022749 0.006762 0.004886
v 0.022237 0.011018 0.003249
v 0.022464 0.006798 0.005187
v 0.018463 -0.008446 0.004617
v 0.021776 -0.008446 0.007863
v 0.021965 -0.002586 0.006995
v 0.021965 -0.002586 0.006995
v 0.018673 -0.002586 0.004376
v 0.018463 -0.008446 0.004617
v 0.024934 -0.002586 0.008469
v 0.021965 -0.002586 0.006995
v 0.021776 -0.008446 0.007863
v 0.021776 -0.008446 0.007863
v 0.024934 -0.008446 0.009476
v 0.024934 -0.002586 0.008469
v 0.017758 -0.008528 -0.000180
v 0.018463 -0.008446 0.004617
v 0.018673 -0.002586 0.004376
v 0.018673 -0.002586 0.004376
v 0.017895 -0.002588 -0.000180
v 0.017758 -0.008528 -0.000180
v 0.021666 -0.033153 -0.010119
v 0.018700 -0.033177 -0.006462
v 0.018534 -0.028844 -0.006752
v 0.018534 -0.028844 -0.006752
v 0.021579 -0.028844 -0.010589
v 0.021666 -0.033153 -0.010119
v 0.021576 -0.024280 -0.010372
v 0.021579 -0.028844 -0.010589
v 0.018534 -0.028844 -0.006752
v 0.018534 -0.028844 -0.006752
v 0.018534 -0.024284 -0.006649
v 0.021576 -0.024280 -0.010372
v 0.024934 -0.006798 -0.009674
v 0.024934 -0.011124 -0.009823
v 0.021365 -0.011124 -0.008828
v 0.021365 -0.011124 -0.008828
v 0.021176 -0.006798 -0.008687
v 0.024934 -0.006798 -0.009674
v 0.024934 -0.011124 -0.009823
v 0.024934 -0.014474 -0.010169
v 0.021511 -0.014474 -0.009055
v 0.021511 -0.014474 -0.009055
v 0.021365 -0.011124 -0.008828
v 0.024934 -0.011124 -0.009823
v 0.024934 -0.014474 -0.010169
v 0.024934 -0.019175 -0.011200
v 0.021567 -0.019175 -0.009715
v 0.021567 -0.019175 -0.009715
v 0.021511 -0.014474 -0.009055
v 0.024934 -0.014474 -0.010169
v 0.024934 -0.019175 -0.011200
v 0.024934 -0.024280 -0.012230
v 0.021576 -0.024280 -0.010372
v 0.021576 -0.024280 -0.010372
v 0.021567 -0.019175 -0.009715
v 0.024934 -0.019175 -0.011200
v 0.018539 -0.011139 -0.005925
v 0.018549 -0.006801 -0.005976
v 0.021176 -0.006798 -0.008687
v 0.021176 -0.006798 -0.008687
v 0.021365 -0.011124 -0.008828
v 0.018539 -0.011139 -0.005925
v 0.018535 -0.014496 -0.005967
v 0.018539 -0.011139 -0.005925
v 0.021365 -0.011124 -0.008828
v 0.021365 -0.011124 -0.008828
v 0.021511 -0.014474 -0.009055
v 0.018535 -0.014496 -0.005967
v 0.021511 -0.014474 -0.009055
v 0.021567 -0.019175 -0.009715
v 0.018534 -0.019190 -0.006298
v 0.018534 -0.019190 -0.006298
v 0.018535 -0.014496 -0.005967
v 0.021511 -0.014474 -0.009055
v 0.018534 -0.024284 -0.006649
v 0.018534 -0.019190 -0.006298
v 0.021567 -0.019175 -0.009715
v 0.021567 -0.019175 -0.009715
v 0.021576 -0.024280 -0.010372
v 0.018534 -0.024284 -0.006649
v 0.020223 0.007570 -0.001896
v 0.020841 0.010632 -0.001528
v 0.021616 0.007362 -0.002320
v 0.021154 0.001464 -0.003869
v 0.021081 -0.000666 -0.005987
v 0.018764 -0.000684 -0.004269
v 0.018764 -0.000684 -0.004269
v 0.018973 0.001139 -0.003102
v 0.021154 0.001464 -0.003869
v 0.018585 -0.002641 -0.005386
v 0.018764 -0.000684 -0.004269
v 0.021081 -0.000666 -0.005987
v 0.021081 -0.000666 -0.005987
v 0.021543 -0.002127 -0.007603
v 0.018585 -0.002641 -0.005386
v 0.024934 -0.002718 -0.005747
v 0.021522 -0.002444 -0.005701
v 0.021420 0.000665 -0.003444
v 0.021420 0.000665 -0.003444
v 0.024934 0.002618 -0.002737
v 0.024934 -0.002718 -0.005747
v 0.019778 -0.041315 -0.004666
v 0.022211 -0.041099 -0.007239
v 0.022363 -0.043187 -0.006559
v 0.022363 -0.043187 -0.006559
v 0.020200 -0.043562 -0.003971
v 0.019778 -0.041315 -0.004666
v 0.024934 -0.042842 -0.007513
v 0.022363 -0.043187 -0.006559
v 0.022211 -0.041099 -0.007239
v 0.022211 -0.041099 -0.007239
v 0.024934 -0.040922 -0.008378
v 0.024934 -0.042842 -0.007513
v 0.018700 -0.033177 -0.006462
v 0.018421 -0.037104 -0.000180
v 0.017606 -0.027096 -0.000180
v 0.017606 -0.027096 -0.000180
v 0.018534 -0.028844 -0.006752
v 0.018700 -0.033177 -0.006462
v 0.018534 -0.024284 -0.006649
v 0.018534 -0.028844 -0.006752
v 0.017606 -0.027096 -0.000180
v 0.017758 -0.008528 -0.000180
v 0.018549 -0.006801 -0.005976
v 0.018539 -0.011139 -0.005925
v 0.017623 -0.014098 -0.000180
v 0.017758 -0.008528 -0.000180
v 0.018539 -0.011139 -0.005925
v 0.018539 -0.011139 -0.005925
v 0.018535 -0.014496 -0.005967
v 0.017623 -0.014098 -0.000180
v 0.018534 -0.024284 -0.006649
v 0.017606 -0.027096 -0.000180
v 0.018534 -0.019190 -0.006298
v 0.017623 -0.014098 -0.000180
v 0.018535 -0.014496 -0.005967
v 0.018534 -0.019190 -0.006298
v 0.018534 -0.019190 -0.006298
v 0.017606 -0.027096 -0.000180
v 0.017623 -0.014098 -0.000180
v 0.020223 0.007570 -0.001896
v 0.018612 0.002167 -0.000175
v 0.020039 0.010895 -0.000175
v 0.020039 0.010895 -0.000175
v 0.020841 0.010632 -0.001528
v 0.020223 0.007570 -0.001896
v 0.020039 0.010895 -0.000175
v 0.022006 0.017733 0.000498
v 0.022046 0.017547 -0.000782
v 0.022046 0.017547 -0.000782
v 0.020841 0.010632 -0.001528
v 0.020039 0.010895 -0.000175
v 0.018585 -0.002641 -0.005386
v 0.017895 -0.002588 -0.000180
v 0.018764 -0.000684 -0.004269
v 0.018973 0.001139 -0.003102
v 0.018764 -0.000684 -0.004269
v 0.017895 -0.002588 -0.000180
v 0.017895 -0.002588 -0.000180
v 0.018612 0.002167 -0.000175
v 0.018973 0.001139 -0.003102
v 0.019276 -0.045513 -0.000169
v 0.018421 -0.037104 -0.000180
v 0.019778 -0.041315 -0.004666
v 0.019778 -0.041315 -0.004666
v 0.020200 -0.043562 -0.003971
v 0.019276 -0.045513 -0.000169
v 0.018700 -0.033177 -0.006462
v 0.021666 -0.033153 -0.010119
v 0.021927 -0.037496 -0.008714
v 0.021927 -0.037496 -0.008714
v 0.019197 -0.037594 -0.005632
v 0.018700 -0.033177 -0.006462
v 0.022211 -0.041099 -0.007239
v 0.019778 -0.041315 -0.004666
v 0.019197 -0.037594 -0.005632
v 0.019197 -0.037594 -0.005632
v 0.021927 -0.037496 -0.008714
v 0.022211 -0.041099 -0.007239
v 0.024934 -0.037423 -0.010229
v 0.021927 -0.037496 -0.008714
v 0.021666 -0.033153 -0.010119
v 0.021666 -0.033153 -0.010119
v 0.024934 -0.033135 -0.011987
v 0.024934 -0.037423 -0.010229
v 0.018421 -0.037104 -0.000180
v 0.018700 -0.033177 -0.006462
v 0.019197 -0.037594 -0.005632
v 0.018421 -0.037104 -0.000180
v 0.019197 -0.037594 -0.005632
v 0.019778 -0.041315 -0.004666
v 0.021726 0.010124 -0.001771
v 0.021616 0.007362 -0.002320
v 0.020841 0.010632 -0.001528
v 0.021522 -0.002444 -0.005701
v 0.021543 -0.002127 -0.007603
v 0.021081 -0.000666 -0.005987
v 0.022046 0.017547 -0.000782
v 0.022006 0.017733 0.000498
v 0.024934 0.018012 0.000498
v 0.024934 0.018012 0.000498
v 0.024934 0.017819 -0.000782
v 0.022046 0.017547 -0.000782
v 0.020223 0.007570 -0.001896
v 0.021616 0.007362 -0.002320
v 0.021154 0.001464 -0.003869
v 0.021154 0.001464 -0.003869
v 0.018973 0.001139 -0.003102
v 0.020223 0.007570 -0.001896
v 0.018612 0.002167 -0.000175
v 0.020223 0.007570 -0.001896
v 0.018973 0.001139 -0.003102
v 0.021420 0.000665 -0.003444
v 0.021522 -0.002444 -0.005701
v 0.021081 -0.000666 -0.005987
v 0.021081 -0.000666 -0.005987
v 0.021154 0.001464 -0.003869
v 0.021420 0.000665 -0.003444
v 0.021522 -0.002444 -0.005701
v 0.023159 -0.002599 -0.008508
v 0.021543 -0.002127 -0.007603
v 0.021154 0.001464 -0.003869
v 0.021616 0.007362 -0.002320
v 0.021878 0.005262 -0.002116
v 0.021878 0.005262 -0.002116
v 0.021420 0.000665 -0.003444
v 0.021154 0.001464 -0.003869
v 0.018549 -0.006801 -0.005976
v 0.017758 -0.008528 -0.000180
v 0.017895 -0.002588 -0.000180
v 0.017895 -0.002588 -0.000180
v 0.018585 -0.002641 -0.005386
v 0.018549 -0.006801 -0.005976
v 0.022502 -0.044851 -0.006155
v 0.020575 -0.045403 -0.003359
v 0.020200 -0.043562 -0.003971
v 0.020200 -0.043562 -0.003971
v 0.022363 -0.043187 -0.006559
v 0.022502 -0.044851 -0.006155
v 0.020575 -0.045403 -0.003359
v 0.019276 -0.045513 -0.000169
v 0.020200 -0.043562 -0.003971
v 0.024934 -0.006798 -0.009674
v 0.021176 -0.006798 -0.008687
v 0.023159 -0.002599 -0.008508
v 0.023159 -0.002599 -0.008508
v 0.024934 -0.006797 -0.009674
v 0.024934 -0.006798 -0.009674
v 0.021176 -0.006798 -0.008687
v 0.021543 -0.002127 -0.007603
v 0.018549 -0.006801 -0.005976
v 0.018585 -0.002641 -0.005386
v 0.021543 -0.002127 -0.007603
v 0.021543 -0.002127 -0.007603
v 0.021176 -0.006798 -0.008687
v 0.018549 -0.006801 -0.005976
v 0.022502 -0.044851 -0.006155
v 0.022433 -0.044978 -0.005814
v 0.020575 -0.045403 -0.003359
v 0.020260 -0.045113 0.005155
v 0.019276 -0.045513 -0.000169
v 0.019825 -0.045510 -0.000589
v 0.019825 -0.045510 -0.000589
v 0.022319 -0.045162 0.004704
v 0.020260 -0.045113 0.005155
v 0.024934 -0.045162 0.004706
v 0.024934 -0.042796 0.008589
v 0.022783 -0.043316 0.008127
v 0.022783 -0.043316 0.008127
v 0.022319 -0.045162 0.004704
v 0.024934 -0.045162 0.004706
v 0.022319 -0.045162 0.004704
v 0.022783 -0.043316 0.008127
v 0.020260 -0.045113 0.005155
v 0.019276 -0.045513 -0.000169
v 0.020575 -0.045403 -0.003359
v 0.019825 -0.045510 -0.000589
v 0.020575 -0.045403 -0.003359
v 0.022433 -0.044978 -0.005814
v 0.019825 -0.045510 -0.000589
v 0.021726 0.010124 -0.001771
v 0.022046 0.017547 -0.000782
v 0.024934 0.017819 -0.000782
v 0.024934 0.017819 -0.000782
v 0.024934 0.008034 -0.001559
v 0.021726 0.010124 -0.001771
v 0.022046 0.017547 -0.000782
v 0.021726 0.010124 -0.001771
v 0.020841 0.010632 -0.001528
v 0.021616 0.007362 -0.002320
v 0.021726 0.010124 -0.001771
v 0.021878 0.005262 -0.002116
v 0.021726 0.010124 -0.001771
v 0.024934 0.008034 -0.001559
v 0.024934 0.008034 -0.001559
v 0.021878 0.005262 -0.002116
v 0.022363 -0.043187 -0.006559
v 0.023677 -0.044601 -0.006831
v 0.022502 -0.044851 -0.006155
v 0.024934 -0.044558 -0.006273
v 0.022433 -0.044978 -0.005814
v 0.023677 -0.044601 -0.006831
v 0.023677 -0.044601 -0.006831
v 0.024934 -0.044558 -0.006273
v 0.024934 -0.044558 -0.006273
v 0.022433 -0.044978 -0.005814
v 0.022502 -0.044851 -0.006155
v 0.023159 -0.002599 -0.008508
v 0.021522 -0.002444 -0.005701
v 0.024934 -0.002655 -0.008833
v 0.024934 -0.002655 -0.008833
v 0.024934 -0.002655 -0.008833
v 0.023159 -0.002599 -0.008508
v 0.024934 -0.053813 -0.003882
v 0.023075 -0.053813 -0.003410
v 0.022433 -0.044978 -0.005814
v 0.022433 -0.044978 -0.005814
v 0.024934 -0.044558 -0.006273
v 0.024934 -0.053813 -0.003882
v 0.021793 -0.027173 0.008831
v 0.022298 -0.035950 0.008430
v 0.024934 -0.035458 0.009314
v 0.024934 -0.035458 0.009314
v 0.024934 -0.027173 0.010114
v 0.021793 -0.027173 0.008831
v 0.024934 -0.014128 0.010053
v 0.021530 -0.014128 0.008402
v 0.021793 -0.027173 0.008831
v 0.021793 -0.027173 0.008831
v 0.024934 -0.027173 0.010114
v 0.024934 -0.014128 0.010053
v 0.024934 0.003761 0.002832
v 0.023235 0.003814 0.002556
v 0.023702 0.001838 0.003829
v 0.023702 0.001838 0.003829
v 0.024934 0.001144 0.004417
v 0.024934 0.003761 0.002832
v 0.024934 0.009902 0.000202
v 0.022908 0.009878 0.000260
v 0.023235 0.003814 0.002556
v 0.023235 0.003814 0.002556
v 0.024934 0.003761 0.002832
v 0.024934 0.009902 0.000202
v 0.024934 0.004875 0.005804
v 0.024934 0.001144 0.004417
v 0.023799 0.005324 0.005449
v 0.023583 0.005367 0.005836
v 0.024934 0.004925 0.006214
v 0.024934 0.004875 0.005804
v 0.024934 0.004875 0.005804
v 0.023799 0.005324 0.005449
v 0.023583 0.005367 0.005836
v 0.024934 0.018012 0.000498
v 0.022006 0.017733 0.000498
v 0.022908 0.009878 0.000260
v 0.022908 0.009878 0.000260
v 0.024934 0.009902 0.000202
v 0.024934 0.018012 0.000498
v 0.024934 -0.033135 -0.011987
v 0.021666 -0.033153 -0.010119
v 0.021579 -0.028844 -0.010589
v 0.021579 -0.028844 -0.010589
v 0.024934 -0.028844 -0.012573
v 0.024934 -0.033135 -0.011987
v 0.021579 -0.028844 -0.010589
v 0.021576 -0.024280 -0.010372
v 0.024934 -0.024280 -0.012230
v 0.024934 -0.024280 -0.012230
v 0.024934 -0.028844 -0.012573
v 0.021579 -0.028844 -0.010589
v 0.024934 -0.002718 -0.005747
v 0.021522 -0.002444 -0.005701
v 0.024934 -0.040922 -0.008378
v 0.022211 -0.041099 -0.007239
v 0.021927 -0.037496 -0.008714
v 0.021927 -0.037496 -0.008714
v 0.024934 -0.037423 -0.010229
v 0.024934 -0.040922 -0.008378
v 0.024934 0.002618 -0.002737
v 0.021420 0.000665 -0.003444
v 0.021878 0.005262 -0.002116
v 0.021878 0.005262 -0.002116
v 0.024934 0.008034 -0.001559
v 0.024934 0.002618 -0.002737
v 0.023677 -0.044601 -0.006831
v 0.022363 -0.043187 -0.006559
v 0.024934 -0.042842 -0.007513
v 0.024934 -0.042842 -0.007513
v 0.024934 -0.044430 -0.007040
v 0.023677 -0.044601 -0.006831
v 0.024934 -0.044430 -0.007040
v 0.023677 -0.044601 -0.006831
v 0.024934 -0.002655 -0.008833
v 0.023159 -0.002599 -0.008508
v 0.027118 0.006762 0.004886
v 0.026069 0.005324 0.005449
v 0.026284 0.005367 0.005836
v 0.026284 0.005367 0.005836
v 0.027403 0.006798 0.005187
v 0.027118 0.006762 0.004886
v 0.026166 0.001838 0.003829
v 0.024934 0.001144 0.004417
v 0.026069 0.005324 0.005449
v 0.026069 0.005324 0.005449
v 0.027118 0.006762 0.004886
v 0.026166 0.001838 0.003829
v 0.023583 0.005367 0.005836
v 0.023799 0.005324 0.005449
v 0.022749 0.006762 0.004886
v 0.022749 0.006762 0.004886
v 0.022464 0.006798 0.005187
v 0.023583 0.005367 0.005836
v 0.023799 0.005324 0.005449
v 0.024934 0.001144 0.004417
v 0.023702 0.001838 0.003829
v 0.023702 0.001838 0.003829
v 0.022749 0.006762 0.004886
v 0.023799 0.005324 0.005449
v 0.024934 -0.002586 0.008469
v 0.024934 0.004925 0.006214
v 0.023583 0.005367 0.005836
v 0.026284 0.005367 0.005836
v 0.024934 0.004925 0.006214
v 0.024934 -0.002586 0.008469
v -0.027532 -0.045162 0.004704
v -0.030027 -0.045510 -0.000589
v -0.028982 -0.052974 -0.000589
v -0.028982 -0.052974 -0.000589
v -0.026776 -0.054175 0.002429
v -0.027532 -0.045162 0.004704
v -0.024918 -0.045162 0.004706
v -0.027532 -0.045162 0.004704
v -0.026776 -0.054175 0.002429
v -0.026776 -0.054175 0.002429
v -0.024918 -0.054110 0.002440
v -0.024918 -0.045162 0.004706
v -0.030027 -0.045510 -0.000589
v -0.027419 -0.044978 -0.005814
v -0.026776 -0.053813 -0.003410
v -0.026776 -0.053813 -0.003410
v -0.028982 -0.052974 -0.000589
v -0.030027 -0.045510 -0.000589
v -0.028076 -0.008446 0.007863
v -0.031389 -0.008446 0.004617
v -0.031592 -0.014128 0.004851
v -0.031592 -0.014128 0.004851
v -0.028321 -0.014128 0.008402
v -0.028076 -0.008446 0.007863
v -0.028321 -0.014128 0.008402
v -0.031592 -0.014128 0.004851
v -0.031378 -0.027158 0.004998
v -0.031378 -0.027158 0.004998
v -0.028058 -0.027173 0.008831
v -0.028321 -0.014128 0.008402
v -0.024918 -0.008446 0.009476
v -0.028076 -0.008446 0.007863
v -0.028321 -0.014128 0.008402
v -0.028321 -0.014128 0.008402
v -0.024918 -0.014128 0.010053
v -0.024918 -0.008446 0.009476
v -0.027387 0.006798 0.005187
v -0.027614 0.011018 0.003249
v -0.029478 0.010897 0.002046
v -0.029478 0.010897 0.002046
v -0.030514 0.004602 0.003464
v -0.027387 0.006798 0.005187
v -0.027614 0.011018 0.003249
v -0.027845 0.017733 0.000498
v -0.029478 0.010897 0.002046
v -0.026616 0.003814 0.002556
v -0.027614 0.011018 0.003249
v -0.027103 0.006762 0.004886
v -0.027103 0.006762 0.004886
v -0.026150 0.001838 0.003829
v -0.026616 0.003814 0.002556
v -0.026944 0.009878 0.000260
v -0.027845 0.017733 0.000498
v -0.027614 0.011018 0.003249
v -0.027614 0.011018 0.003249
v -0.026616 0.003814 0.002556
v -0.026944 0.009878 0.000260
v -0.027387 0.006798 0.005187
v -0.027887 -0.002586 0.006995
v -0.024918 -0.002586 0.008469
v -0.024918 -0.002586 0.008469
v -0.026269 0.005367 0.005836
v -0.027387 0.006798 0.005187
v -0.030514 0.004602 0.003464
v -0.031178 -0.002586 0.004376
v -0.027887 -0.002586 0.006995
v -0.027887 -0.002586 0.006995
v -0.027387 0.006798 0.005187
v -0.030514 0.004602 0.003464
v -0.027069 -0.043316 0.008127
v -0.027553 -0.035950 0.008430
v -0.030524 -0.036833 0.005066
v -0.030524 -0.036833 0.005066
v -0.029591 -0.045113 0.005155
v -0.027069 -0.043316 0.008127
v -0.031389 -0.008446 0.004617
v -0.032093 -0.008528 -0.000180
v -0.032229 -0.014098 -0.000180
v -0.032229 -0.014098 -0.000180
v -0.031592 -0.014128 0.004851
v -0.031389 -0.008446 0.004617
v -0.031592 -0.014128 0.004851
v -0.032229 -0.014098 -0.000180
v -0.032245 -0.027096 -0.000180
v -0.032245 -0.027096 -0.000180
v -0.031378 -0.027158 0.004998
v -0.031592 -0.014128 0.004851
v -0.030514 0.004602 0.003464
v -0.029478 0.010897 0.002046
v -0.029812 0.010895 -0.000175
v -0.029812 0.010895 -0.000175
v -0.031239 0.002167 -0.000175
v -0.030514 0.004602 0.003464
v -0.029478 0.010897 0.002046
v -0.027845 0.017733 0.000498
v -0.029812 0.010895 -0.000175
v -0.031239 0.002167 -0.000175
v -0.031956 -0.002588 -0.000180
v -0.031178 -0.002586 0.004376
v -0.031178 -0.002586 0.004376
v -0.030514 0.004602 0.003464
v -0.031239 0.002167 -0.000175
v -0.031378 -0.027158 0.004998
v -0.032245 -0.027096 -0.000180
v -0.031431 -0.037104 -0.000180
v -0.031431 -0.037104 -0.000180
v -0.030524 -0.036833 0.005066
v -0.031378 -0.027158 0.004998
v -0.024918 -0.042796 0.008589
v -0.024918 -0.035458 0.009314
v -0.027553 -0.035950 0.008430
v -0.027553 -0.035950 0.008430
v -0.027069 -0.043316 0.008127
v -0.024918 -0.042796 0.008589
v -0.027553 -0.035950 0.008430
v -0.028058 -0.027173 0.008831
v -0.031378 -0.027158 0.004998
v -0.031378 -0.027158 0.004998
v -0.030524 -0.036833 0.005066
v -0.027553 -0.035950 0.008430
v -0.029591 -0.045113 0.005155
v -0.030524 -0.036833 0.005066
v -0.031431 -0.037104 -0.000180
v -0.031431 -0.037104 -0.000180
v -0.030575 -0.045513 -0.000169
v -0.029591 -0.045113 0.005155
v -0.027103 0.006762 0.004886
v -0.027614 0.011018 0.003249
v -0.027387 0.006798 0.005187
v -0.031389 -0.008446 0.004617
v -0.028076 -0.008446 0.007863
v -0.027887 -0.002586 0.006995
v -0.027887 -0.002586 0.006995
v -0.031178 -0.002586 0.004376
v -0.031389 -0.008446 0.004617
v -0.024918 -0.002586 0.008469
v -0.027887 -0.002586 0.006995
v -0.028076 -0.008446 0.007863
v -0.028076 -0.008446 0.007863
v -0.024918 -0.008446 0.009476
v -0.024918 -0.002586 0.008469
v -0.032093 -0.008528 -0.000180
v -0.031389 -0.008446 0.004617
v -0.031178 -0.002586 0.004376
v -0.031178 -0.002586 0.004376
v -0.031956 -0.002588 -0.000180
v -0.032093 -0.008528 -0.000180
v -0.028186 -0.033153 -0.010119
v -0.031152 -0.033177 -0.006462
v -0.031317 -0.028844 -0.006752
v -0.031317 -0.028844 -0.006752
v -0.028273 -0.028844 -0.010589
v -0.028186 -0.033153 -0.010119
v -0.028276 -0.024280 -0.010372
v -0.028273 -0.028844 -0.010589
v -0.031317 -0.028844 -0.006752
v -0.031317 -0.028844 -0.006752
v -0.031318 -0.024284 -0.006649
v -0.028276 -0.024280 -0.010372
v -0.024918 -0.006798 -0.009674
v -0.024918 -0.011124 -0.009823
v -0.028487 -0.011124 -0.008828
v -0.028487 -0.011124 -0.008828
v -0.028676 -0.006798 -0.008687
v -0.024918 -0.006798 -0.009674
v -0.024918 -0.011124 -0.009823
v -0.024918 -0.014474 -0.010169
v -0.028340 -0.014474 -0.009055
v -0.028340 -0.014474 -0.009055
v -0.028487 -0.011124 -0.008828
v -0.024918 -0.011124 -0.009823
v -0.024918 -0.014474 -0.010169
v -0.024918 -0.019175 -0.011200
v -0.028284 -0.019175 -0.009715
v -0.028284 -0.019175 -0.009715
v -0.028340 -0.014474 -0.009055
v -0.024918 -0.014474 -0.010169
v -0.024918 -0.019175 -0.011200
v -0.024918 -0.024280 -0.012230
v -0.028276 -0.024280 -0.010372
v -0.028276 -0.024280 -0.010372
v -0.028284 -0.019175 -0.009715
v -0.024918 -0.019175 -0.011200
v -0.031312 -0.011139 -0.005925
v -0.031302 -0.006801 -0.005976
v -0.028676 -0.006798 -0.008687
v -0.028676 -0.006798 -0.008687
v -0.028487 -0.011124 -0.008828
v -0.031312 -0.011139 -0.005925
v -0.031317 -0.014496 -0.005967
v -0.031312 -0.011139 -0.005925
v -0.028487 -0.011124 -0.008828
v -0.028487 -0.011124 -0.008828
v -0.028340 -0.014474 -0.009055
v -0.031317 -0.014496 -0.005967
v -0.028340 -0.014474 -0.009055
v -0.028284 -0.019175 -0.009715
v -0.031318 -0.019190 -0.006298
v -0.031318 -0.019190 -0.006298
v -0.031317 -0.014496 -0.005967
v -0.028340 -0.014474 -0.009055
v -0.031318 -0.024284 -0.006649
v -0.031318 -0.019190 -0.006298
v -0.028284 -0.019175 -0.009715
v -0.028284 -0.019175 -0.009715
v -0.028276 -0.024280 -0.010372
v -0.031318 -0.024284 -0.006649
v -0.029628 0.007570 -0.001896
v -0.029010 0.010632 -0.001528
v -0.028235 0.007362 -0.002320
v -0.028698 0.001464 -0.003869
v -0.028770 -0.000666 -0.005987
v -0.031088 -0.000684 -0.004269
v -0.031088 -0.000684 -0.004269
v -0.030879 0.001139 -0.003102
v -0.028698 0.001464 -0.003869
v -0.031266 -0.002641 -0.005386
v -0.031088 -0.000684 -0.004269
v -0.028770 -0.000666 -0.005987
v -0.028770 -0.000666 -0.005987
v -0.028309 -0.002127 -0.007603
v -0.031266 -0.002641 -0.005386
v -0.024918 -0.002718 -0.005747
v -0.028329 -0.002444 -0.005701
v -0.028431 0.000665 -0.003444
v -0.028431 0.000665 -0.003444
v -0.024918 0.002618 -0.002737
v -0.024918 -0.002718 -0.005747
v -0.030073 -0.041315 -0.004666
v -0.027641 -0.041099 -0.007239
v -0.027489 -0.043187 -0.006559
v -0.027489 -0.043187 -0.006559
v -0.029652 -0.043562 -0.003971
v -0.030073 -0.041315 -0.004666
v -0.024918 -0.042842 -0.007513
v -0.027489 -0.043187 -0.006559
v -0.027641 -0.041099 -0.007239
v -0.027641 -0.041099 -0.007239
v -0.024918 -0.040922 -0.008378
v -0.024918 -0.042842 -0.007513
v -0.031152 -0.033177 -0.006462
v -0.031431 -0.037104 -0.000180
v -0.032245 -0.027096 -0.000180
v -0.032245 -0.027096 -0.000180
v -0.031317 -0.028844 -0.006752
v -0.031152 -0.033177 -0.006462
v -0.031318 -0.024284 -0.006649
v -0.031317 -0.028844 -0.006752
v -0.032245 -0.027096 -0.000180
v -0.032093 -0.008528 -0.000180
v -0.031302 -0.006801 -0.005976
v -0.031312 -0.011139 -0.005925
v -0.032229 -0.014098 -0.000180
v -0.032093 -0.008528 -0.000180
v -0.031312 -0.011139 -0.005925
v -0.031312 -0.011139 -0.005925
v -0.031317 -0.014496 -0.005967
v -0.032229 -0.014098 -0.000180
v -0.031318 -0.024284 -0.006649
v -0.032245 -0.027096 -0.000180
v -0.031318 -0.019190 -0.006298
v -0.032229 -0.014098 -0.000180
v -0.031317 -0.014496 -0.005967
v -0.031318 -0.019190 -0.006298
v -0.031318 -0.019190 -0.006298
v -0.032245 -0.027096 -0.000180
v -0.032229 -0.014098 -0.000180
v -0.029628 0.007570 -0.001896
v -0.031239 0.002167 -0.000175
v -0.029812 0.010895 -0.000175
v -0.029812 0.010895 -0.000175
v -0.029010 0.010632 -0.001528
v -0.029628 0.007570 -0.001896
v -0.029812 0.010895 -0.000175
v -0.027845 0.017733 0.000498
v -0.027805 0.017547 -0.000782
v -0.027805 0.017547 -0.000782
v -0.029010 0.010632 -0.001528
v -0.029812 0.010895 -0.000175
v -0.031266 -0.002641 -0.005386
v -0.031956 -0.002588 -0.000180
v -0.031088 -0.000684 -0.004269
v -0.030879 0.001139 -0.003102
v -0.031088 -0.000684 -0.004269
v -0.031956 -0.002588 -0.000180
v -0.031956 -0.002588 -0.000180
v -0.031239 0.002167 -0.000175
v -0.030879 0.001139 -0.003102
v -0.030575 -0.045513 -0.000169
v -0.031431 -0.037104 -0.000180
v -0.030073 -0.041315 -0.004666
v -0.030073 -0.041315 -0.004666
v -0.029652 -0.043562 -0.003971
v -0.030575 -0.045513 -0.000169
v -0.031152 -0.033177 -0.006462
v -0.028186 -0.033153 -0.010119
v -0.027924 -0.037496 -0.008714
v -0.027924 -0.037496 -0.008714
v -0.030655 -0.037594 -0.005632
v -0.031152 -0.033177 -0.006462
v -0.027641 -0.041099 -0.007239
v -0.030073 -0.041315 -0.004666
v -0.030655 -0.037594 -0.005632
v -0.030655 -0.037594 -0.005632
v -0.027924 -0.037496 -0.008714
v -0.027641 -0.041099 -0.007239
v -0.024918 -0.037423 -0.010229
v -0.027924 -0.037496 -0.008714
v -0.028186 -0.033153 -0.010119
v -0.028186 -0.033153 -0.010119
v -0.024918 -0.033135 -0.011987
v -0.024918 -0.037423 -0.010229
v -0.031431 -0.037104 -0.000180
v -0.031152 -0.033177 -0.006462
v -0.030655 -0.037594 -0.005632
v -0.031431 -0.037104 -0.000180
v -0.030655 -0.037594 -0.005632
v -0.030073 -0.041315 -0.004666
v -0.028125 0.010124 -0.001771
v -0.028235 0.007362 -0.002320
v -0.029010 0.010632 -0.001528
v -0.028329 -0.002444 -0.005701
v -0.028309 -0.002127 -0.007603
v -0.028770 -0.000666 -0.005987
v -0.027805 0.017547 -0.000782
v -0.027845 0.017733 0.000498
v -0.024918 0.018012 0.000498
v -0.024918 0.018012 0.000498
v -0.024918 0.017819 -0.000782
v -0.027805 0.017547 -0.000782
v -0.029628 0.007570 -0.001896
v -0.028235 0.007362 -0.002320
v -0.028698 0.001464 -0.003869
v -0.028698 0.001464 -0.003869
v -0.030879 0.001139 -0.003102
v -0.029628 0.007570 -0.001896
v -0.031239 0.002167 -0.000175
v -0.029628 0.007570 -0.001896
v -0.030879 0.001139 -0.003102
v -0.028431 0.000665 -0.003444
v -0.028329 -0.002444 -0.005701
v -0.028770 -0.000666 -0.005987
v -0.028770 -0.000666 -0.005987
v -0.028698 0.001464 -0.003869
v -0.028431 0.000665 -0.003444
v -0.028329 -0.002444 -0.005701
v -0.026692 -0.002599 -0.008508
v -0.028309 -0.002127 -0.007603
v -0.028698 0.001464 -0.003869
v -0.028235 0.007362 -0.002320
v -0.027974 0.005262 -0.002116
v -0.027974 0.005262 -0.002116
v -0.028431 0.000665 -0.003444
v -0.028698 0.001464 -0.003869
v -0.031302 -0.006801 -0.005976
v -0.032093 -0.008528 -0.000180
v -0.031956 -0.002588 -0.000180
v -0.031956 -0.002588 -0.000180
v -0.031266 -0.002641 -0.005386
v -0.031302 -0.006801 -0.005976
v -0.027350 -0.044851 -0.006155
v -0.029276 -0.045403 -0.003359
v -0.029652 -0.043562 -0.003971
v -0.029652 -0.043562 -0.003971
v -0.027489 -0.043187 -0.006559
v -0.027350 -0.044851 -0.006155
v -0.029276 -0.045403 -0.003359
v -0.030575 -0.045513 -0.000169
v -0.029652 -0.043562 -0.003971
v -0.024918 -0.006798 -0.009674
v -0.028676 -0.006798 -0.008687
v -0.026692 -0.002599 -0.008508
v -0.026692 -0.002599 -0.008508
v -0.024918 -0.006797 -0.009674
v -0.024918 -0.006798 -0.009674
v -0.028676 -0.006798 -0.008687
v -0.028309 -0.002127 -0.007603
v -0.031302 -0.006801 -0.005976
v -0.031266 -0.002641 -0.005386
v -0.028309 -0.002127 -0.007603
v -0.028309 -0.002127 -0.007603
v -0.028676 -0.006798 -0.008687
v -0.031302 -0.006801 -0.005976
v -0.027350 -0.044851 -0.006155
v -0.027419 -0.044978 -0.005814
v -0.029276 -0.045403 -0.003359
v -0.029591 -0.045113 0.005155
v -0.030575 -0.045513 -0.000169
v -0.030027 -0.045510 -0.000589
v -0.030027 -0.045510 -0.000589
v -0.027532 -0.045162 0.004704
v -0.029591 -0.045113 0.005155
v -0.024918 -0.045162 0.004706
v -0.024918 -0.042796 0.008589
v -0.027069 -0.043316 0.008127
v -0.027069 -0.043316 0.008127
v -0.027532 -0.045162 0.004704
v -0.024918 -0.045162 0.004706
v -0.027532 -0.045162 0.004704
v -0.027069 -0.043316 0.008127
v -0.029591 -0.045113 0.005155
v -0.030575 -0.045513 -0.000169
v -0.029276 -0.045403 -0.003359
v -0.030027 -0.045510 -0.000589
v -0.029276 -0.045403 -0.003359
v -0.027419 -0.044978 -0.005814
v -0.030027 -0.045510 -0.000589
v -0.028125 0.010124 -0.001771
v -0.027805 0.017547 -0.000782
v -0.024918 0.017819 -0.000782
v -0.024918 0.017819 -0.000782
v -0.024918 0.008034 -0.001559
v -0.028125 0.010124 -0.001771
v -0.027805 0.017547 -0.000782
v -0.028125 0.010124 -0.001771
v -0.029010 0.010632 -0.001528
v -0.028235 0.007362 -0.002320
v -0.028125 0.010124 -0.001771
v -0.027974 0.005262 -0.002116
v -0.028125 0.010124 -0.001771
v -0.024918 0.008034 -0.001559
v -0.024918 0.008034 -0.001559
v -0.027974 0.005262 -0.002116
v -0.027489 -0.043187 -0.006559
v -0.026174 -0.044601 -0.006831
v -0.027350 -0.044851 -0.006155
v -0.024918 -0.044558 -0.006273
v -0.027419 -0.044978 -0.005814
v -0.026174 -0.044601 -0.006831
v -0.026174 -0.044601 -0.006831
v -0.024918 -0.044558 -0.006273
v -0.024918 -0.044558 -0.006273
v -0.027419 -0.044978 -0.005814
v -0.027350 -0.044851 -0.006155
v -0.026692 -0.002599 -0.008508
v -0.028329 -0.002444 -0.005701
v -0.024918 -0.002655 -0.008833
v -0.024918 -0.002655 -0.008833
v -0.024918 -0.002655 -0.008833
v -0.026692 -0.002599 -0.008508
v -0.024918 -0.053813 -0.003882
v -0.026776 -0.053813 -0.003410
v -0.027419 -0.044978 -0.005814
v -0.027419 -0.044978 -0.005814
v -0.024918 -0.044558 -0.006273
v -0.024918 -0.053813 -0.003882
v -0.028058 -0.027173 0.008831
v -0.027553 -0.035950 0.008430
v -0.024918 -0.035458 0.009314
v -0.024918 -0.035458 0.009314
v -0.024918 -0.027173 0.010114
v -0.028058 -0.027173 0.008831
v -0.024918 -0.014128 0.010053
v -0.028321 -0.014128 0.008402
v -0.028058 -0.027173 0.008831
v -0.028058 -0.027173 0.008831
v -0.024918 -0.027173 0.010114
v -0.024918 -0.014128 0.010053
v -0.024918 0.003761 0.002832
v -0.026616 0.003814 0.002556
v -0.026150 0.001838 0.003829
v -0.026150 0.001838 0.003829
v -0.024918 0.001144 0.004417
v -0.024918 0.003761 0.002832
v -0.024918 0.009902 0.000202
v -0.026944 0.009878 0.000260
v -0.026616 0.003814 0.002556
v -0.026616 0.003814 0.002556
v -0.024918 0.003761 0.002832
v -0.024918 0.009902 0.000202
v -0.024918 0.004875 0.005804
v -0.024918 0.001144 0.004417
v -0.026053 0.005324 0.005449
v -0.024918 0.004875 0.005804
v -0.026053 0.005324 0.005449
v -0.026269 0.005367 0.005836
v -0.026269 0.005367 0.005836
v -0.024918 0.004925 0.006214
v -0.024918 0.004875 0.005804
v -0.024918 0.018012 0.000498
v -0.027845 0.017733 0.000498
v -0.026944 0.009878 0.000260
v -0.026944 0.009878 0.000260
v -0.024918 0.009902 0.000202
v -0.024918 0.018012 0.000498
v -0.024918 -0.033135 -0.011987
v -0.028186 -0.033153 -0.010119
v -0.028273 -0.028844 -0.010589
v -0.028273 -0.028844 -0.010589
v -0.024918 -0.028844 -0.012573
v -0.024918 -0.033135 -0.011987
v -0.028273 -0.028844 -0.010589
v -0.028276 -0.024280 -0.010372
v -0.024918 -0.024280 -0.012230
v -0.024918 -0.024280 -0.012230
v -0.024918 -0.028844 -0.012573
v -0.028273 -0.028844 -0.010589
v -0.024918 -0.002718 -0.005747
v -0.028329 -0.002444 -0.005701
v -0.024918 -0.040922 -0.008378
v -0.027641 -0.041099 -0.007239
v -0.027924 -0.037496 -0.008714
v -0.027924 -0.037496 -0.008714
v -0.024918 -0.037423 -0.010229
v -0.024918 -0.040922 -0.008378
v -0.024918 0.002618 -0.002737
v -0.028431 0.000665 -0.003444
v -0.027974 0.005262 -0.002116
v -0.027974 0.005262 -0.002116
v -0.024918 0.008034 -0.001559
v -0.024918 0.002618 -0.002737
v -0.026174 -0.044601 -0.006831
v -0.027489 -0.043187 -0.006559
v -0.024918 -0.042842 -0.007513
v -0.024918 -0.042842 -0.007513
v -0.024918 -0.044430 -0.007040
v -0.026174 -0.044601 -0.006831
v -0.024918 -0.044430 -0.007040
v -0.026174 -0.044601 -0.006831
v -0.024918 -0.002655 -0.008833
v -0.026692 -0.002599 -0.008508
v -0.022303 -0.045162 0.004704
v -0.023060 -0.054175 0.002429
v -0.020853 -0.052974 -0.000589
v -0.020853 -0.052974 -0.000589
v -0.019809 -0.045510 -0.000589
v -0.022303 -0.045162 0.004704
v -0.024918 -0.045162 0.004706
v -0.024918 -0.054110 0.002440
v -0.023060 -0.054175 0.002429
v -0.023060 -0.054175 0.002429
v -0.022303 -0.045162 0.004704
v -0.024918 -0.045162 0.004706
v -0.019809 -0.045510 -0.000589
v -0.020853 -0.052974 -0.000589
v -0.023060 -0.053813 -0.003410
v -0.023060 -0.053813 -0.003410
v -0.022417 -0.044978 -0.005814
v -0.019809 -0.045510 -0.000589
v -0.021760 -0.008446 0.007863
v -0.021515 -0.014128 0.008402
v -0.018243 -0.014128 0.004851
v -0.018243 -0.014128 0.004851
v -0.018447 -0.008446 0.004617
v -0.021760 -0.008446 0.007863
v -0.021515 -0.014128 0.008402
v -0.021777 -0.027173 0.008831
v -0.018458 -0.027158 0.004998
v -0.018458 -0.027158 0.004998
v -0.018243 -0.014128 0.004851
v -0.021515 -0.014128 0.008402
v -0.024918 -0.008446 0.009476
v -0.024918 -0.014128 0.010053
v -0.021515 -0.014128 0.008402
v -0.021515 -0.014128 0.008402
v -0.021760 -0.008446 0.007863
v -0.024918 -0.008446 0.009476
v -0.022448 0.006798 0.005187
v -0.019322 0.004602 0.003464
v -0.020358 0.010897 0.002046
v -0.020358 0.010897 0.002046
v -0.022221 0.011018 0.003249
v -0.022448 0.006798 0.005187
v -0.022221 0.011018 0.003249
v -0.020358 0.010897 0.002046
v -0.021991 0.017733 0.000498
v -0.023220 0.003814 0.002556
v -0.023686 0.001838 0.003829
v -0.022733 0.006762 0.004886
v -0.022733 0.006762 0.004886
v -0.022221 0.011018 0.003249
v -0.023220 0.003814 0.002556
v -0.022892 0.009878 0.000260
v -0.023220 0.003814 0.002556
v -0.022221 0.011018 0.003249
v -0.022221 0.011018 0.003249
v -0.021991 0.017733 0.000498
v -0.022892 0.009878 0.000260
v -0.024918 -0.002586 0.008469
v -0.021949 -0.002586 0.006995
v -0.022448 0.006798 0.005187
v -0.022448 0.006798 0.005187
v -0.023567 0.005367 0.005836
v -0.024918 -0.002586 0.008469
v -0.019322 0.004602 0.003464
v -0.022448 0.006798 0.005187
v -0.021949 -0.002586 0.006995
v -0.021949 -0.002586 0.006995
v -0.018658 -0.002586 0.004376
v -0.019322 0.004602 0.003464
v -0.022767 -0.043316 0.008127
v -0.020245 -0.045113 0.005155
v -0.019312 -0.036833 0.005066
v -0.019312 -0.036833 0.005066
v -0.022282 -0.035950 0.008430
v -0.022767 -0.043316 0.008127
v -0.018447 -0.008446 0.004617
v -0.018243 -0.014128 0.004851
v -0.017607 -0.014098 -0.000180
v -0.017607 -0.014098 -0.000180
v -0.017742 -0.008528 -0.000180
v -0.018447 -0.008446 0.004617
v -0.018243 -0.014128 0.004851
v -0.018458 -0.027158 0.004998
v -0.017591 -0.027096 -0.000180
v -0.017591 -0.027096 -0.000180
v -0.017607 -0.014098 -0.000180
v -0.018243 -0.014128 0.004851
v -0.019322 0.004602 0.003464
v -0.018596 0.002167 -0.000175
v -0.020023 0.010895 -0.000175
v -0.020023 0.010895 -0.000175
v -0.020358 0.010897 0.002046
v -0.019322 0.004602 0.003464
v -0.020358 0.010897 0.002046
v -0.020023 0.010895 -0.000175
v -0.021991 0.017733 0.000498
v -0.018596 0.002167 -0.000175
v -0.019322 0.004602 0.003464
v -0.018658 -0.002586 0.004376
v -0.018658 -0.002586 0.004376
v -0.017879 -0.002588 -0.000180
v -0.018596 0.002167 -0.000175
v -0.018458 -0.027158 0.004998
v -0.019312 -0.036833 0.005066
v -0.018405 -0.037104 -0.000180
v -0.018405 -0.037104 -0.000180
v -0.017591 -0.027096 -0.000180
v -0.018458 -0.027158 0.004998
v -0.024918 -0.042796 0.008589
v -0.022767 -0.043316 0.008127
v -0.022282 -0.035950 0.008430
v -0.022282 -0.035950 0.008430
v -0.024918 -0.035458 0.009314
v -0.024918 -0.042796 0.008589
v -0.022282 -0.035950 0.008430
v -0.019312 -0.036833 0.005066
v -0.018458 -0.027158 0.004998
v -0.018458 -0.027158 0.004998
v -0.021777 -0.027173 0.008831
v -0.022282 -0.035950 0.008430
v -0.020245 -0.045113 0.005155
v -0.019261 -0.045513 -0.000169
v -0.018405 -0.037104 -0.000180
v -0.018405 -0.037104 -0.000180
v -0.019312 -0.036833 0.005066
v -0.020245 -0.045113 0.005155
v -0.022733 0.006762 0.004886
v -0.022448 0.006798 0.005187
v -0.022221 0.011018 0.003249
v -0.018447 -0.008446 0.004617
v -0.018658 -0.002586 0.004376
v -0.021949 -0.002586 0.006995
v -0.021949 -0.002586 0.006995
v -0.021760 -0.008446 0.007863
v -0.018447 -0.008446 0.004617
v -0.024918 -0.002586 0.008469
v -0.024918 -0.008446 0.009476
v -0.021760 -0.008446 0.007863
v -0.021760 -0.008446 0.007863
v -0.021949 -0.002586 0.006995
v -0.024918 -0.002586 0.008469
v -0.017742 -0.008528 -0.000180
v -0.017879 -0.002588 -0.000180
v -0.018658 -0.002586 0.004376
v -0.018658 -0.002586 0.004376
v -0.018447 -0.008446 0.004617
v -0.017742 -0.008528 -0.000180
v -0.021650 -0.033153 -0.010119
v -0.021563 -0.028844 -0.010589
v -0.018518 -0.028844 -0.006752
v -0.018518 -0.028844 -0.006752
v -0.018684 -0.033177 -0.006462
v -0.021650 -0.033153 -0.010119
v -0.021560 -0.024280 -0.010372
v -0.018518 -0.024284 -0.006649
v -0.018518 -0.028844 -0.006752
v -0.018518 -0.028844 -0.006752
v -0.021563 -0.028844 -0.010589
v -0.021560 -0.024280 -0.010372
v -0.024918 -0.006798 -0.009674
v -0.021160 -0.006798 -0.008687
v -0.021349 -0.011124 -0.008828
v -0.021349 -0.011124 -0.008828
v -0.024918 -0.011124 -0.009823
v -0.024918 -0.006798 -0.009674
v -0.024918 -0.011124 -0.009823
v -0.021349 -0.011124 -0.008828
v -0.021496 -0.014474 -0.009055
v -0.021496 -0.014474 -0.009055
v -0.024918 -0.014474 -0.010169
v -0.024918 -0.011124 -0.009823
v -0.024918 -0.014474 -0.010169
v -0.021496 -0.014474 -0.009055
v -0.021552 -0.019175 -0.009715
v -0.021552 -0.019175 -0.009715
v -0.024918 -0.019175 -0.011200
v -0.024918 -0.014474 -0.010169
v -0.024918 -0.019175 -0.011200
v -0.021552 -0.019175 -0.009715
v -0.021560 -0.024280 -0.010372
v -0.021560 -0.024280 -0.010372
v -0.024918 -0.024280 -0.012230
v -0.024918 -0.019175 -0.011200
v -0.018523 -0.011139 -0.005925
v -0.021349 -0.011124 -0.008828
v -0.021160 -0.006798 -0.008687
v -0.021160 -0.006798 -0.008687
v -0.018533 -0.006801 -0.005976
v -0.018523 -0.011139 -0.005925
v -0.018519 -0.014496 -0.005967
v -0.021496 -0.014474 -0.009055
v -0.021349 -0.011124 -0.008828
v -0.021349 -0.011124 -0.008828
v -0.018523 -0.011139 -0.005925
v -0.018519 -0.014496 -0.005967
v -0.021496 -0.014474 -0.009055
v -0.018519 -0.014496 -0.005967
v -0.018518 -0.019190 -0.006298
v -0.018518 -0.019190 -0.006298
v -0.021552 -0.019175 -0.009715
v -0.021496 -0.014474 -0.009055
v -0.018518 -0.024284 -0.006649
v -0.021560 -0.024280 -0.010372
v -0.021552 -0.019175 -0.009715
v -0.021552 -0.019175 -0.009715
v -0.018518 -0.019190 -0.006298
v -0.018518 -0.024284 -0.006649
v -0.020208 0.007570 -0.001896
v -0.021600 0.007362 -0.002320
v -0.020826 0.010632 -0.001528
v -0.021138 0.001464 -0.003869
v -0.018957 0.001139 -0.003102
v -0.018748 -0.000684 -0.004269
v -0.018748 -0.000684 -0.004269
v -0.021066 -0.000666 -0.005987
v -0.021138 0.001464 -0.003869
v -0.018569 -0.002641 -0.005386
v -0.021527 -0.002127 -0.007603
v -0.021066 -0.000666 -0.005987
v -0.021066 -0.000666 -0.005987
v -0.018748 -0.000684 -0.004269
v -0.018569 -0.002641 -0.005386
v -0.024918 -0.002718 -0.005747
v -0.024918 0.002618 -0.002737
v -0.021405 0.000665 -0.003444
v -0.021405 0.000665 -0.003444
v -0.021507 -0.002444 -0.005701
v -0.024918 -0.002718 -0.005747
v -0.019763 -0.041315 -0.004666
v -0.020184 -0.043562 -0.003971
v -0.022347 -0.043187 -0.006559
v -0.022347 -0.043187 -0.006559
v -0.022195 -0.041099 -0.007239
v -0.019763 -0.041315 -0.004666
v -0.024918 -0.042842 -0.007513
v -0.024918 -0.040922 -0.008378
v -0.022195 -0.041099 -0.007239
v -0.022195 -0.041099 -0.007239
v -0.022347 -0.043187 -0.006559
v -0.024918 -0.042842 -0.007513
v -0.018684 -0.033177 -0.006462
v -0.018518 -0.028844 -0.006752
v -0.017591 -0.027096 -0.000180
v -0.017591 -0.027096 -0.000180
v -0.018405 -0.037104 -0.000180
v -0.018684 -0.033177 -0.006462
v -0.018518 -0.024284 -0.006649
v -0.017591 -0.027096 -0.000180
v -0.018518 -0.028844 -0.006752
v -0.017742 -0.008528 -0.000180
v -0.018523 -0.011139 -0.005925
v -0.018533 -0.006801 -0.005976
v -0.017607 -0.014098 -0.000180
v -0.018519 -0.014496 -0.005967
v -0.018523 -0.011139 -0.005925
v -0.018523 -0.011139 -0.005925
v -0.017742 -0.008528 -0.000180
v -0.017607 -0.014098 -0.000180
v -0.018518 -0.024284 -0.006649
v -0.018518 -0.019190 -0.006298
v -0.017591 -0.027096 -0.000180
v -0.017607 -0.014098 -0.000180
v -0.017591 -0.027096 -0.000180
v -0.018518 -0.019190 -0.006298
v -0.018518 -0.019190 -0.006298
v -0.018519 -0.014496 -0.005967
v -0.017607 -0.014098 -0.000180
v -0.020208 0.007570 -0.001896
v -0.020826 0.010632 -0.001528
v -0.020023 0.010895 -0.000175
v -0.020023 0.010895 -0.000175
v -0.018596 0.002167 -0.000175
v -0.020208 0.007570 -0.001896
v -0.020023 0.010895 -0.000175
v -0.020826 0.010632 -0.001528
v -0.022030 0.017547 -0.000782
v -0.022030 0.017547 -0.000782
v -0.021991 0.017733 0.000498
v -0.020023 0.010895 -0.000175
v -0.018569 -0.002641 -0.005386
v -0.018748 -0.000684 -0.004269
v -0.017879 -0.002588 -0.000180
v -0.018957 0.001139 -0.003102
v -0.018596 0.002167 -0.000175
v -0.017879 -0.002588 -0.000180
v -0.017879 -0.002588 -0.000180
v -0.018748 -0.000684 -0.004269
v -0.018957 0.001139 -0.003102
v -0.019261 -0.045513 -0.000169
v -0.020184 -0.043562 -0.003971
v -0.019763 -0.041315 -0.004666
v -0.019763 -0.041315 -0.004666
v -0.018405 -0.037104 -0.000180
v -0.019261 -0.045513 -0.000169
v -0.018684 -0.033177 -0.006462
v -0.019181 -0.037594 -0.005632
v -0.021912 -0.037496 -0.008714
v -0.021912 -0.037496 -0.008714
v -0.021650 -0.033153 -0.010119
v -0.018684 -0.033177 -0.006462
v -0.022195 -0.041099 -0.007239
v -0.021912 -0.037496 -0.008714
v -0.019181 -0.037594 -0.005632
v -0.019181 -0.037594 -0.005632
v -0.019763 -0.041315 -0.004666
v -0.022195 -0.041099 -0.007239
v -0.024918 -0.037423 -0.010229
v -0.024918 -0.033135 -0.011987
v -0.021650 -0.033153 -0.010119
v -0.021650 -0.033153 -0.010119
v -0.021912 -0.037496 -0.008714
v -0.024918 -0.037423 -0.010229
v -0.018405 -0.037104 -0.000180
v -0.019181 -0.037594 -0.005632
v -0.018684 -0.033177 -0.006462
v -0.018405 -0.037104 -0.000180
v -0.019763 -0.041315 -0.004666
v -0.019181 -0.037594 -0.005632
v -0.021710 0.010124 -0.001771
v -0.020826 0.010632 -0.001528
v -0.021600 0.007362 -0.002320
v -0.021507 -0.002444 -0.005701
v -0.021066 -0.000666 -0.005987
v -0.021527 -0.002127 -0.007603
v -0.022030 0.017547 -0.000782
v -0.024918 0.017819 -0.000782
v -0.024918 0.018012 0.000498
v -0.024918 0.018012 0.000498
v -0.021991 0.017733 0.000498
v -0.022030 0.017547 -0.000782
v -0.020208 0.007570 -0.001896
v -0.018957 0.001139 -0.003102
v -0.021138 0.001464 -0.003869
v -0.021138 0.001464 -0.003869
v -0.021600 0.007362 -0.002320
v -0.020208 0.007570 -0.001896
v -0.018596 0.002167 -0.000175
v -0.018957 0.001139 -0.003102
v -0.020208 0.007570 -0.001896
v -0.021405 0.000665 -0.003444
v -0.021138 0.001464 -0.003869
v -0.021066 -0.000666 -0.005987
v -0.021066 -0.000666 -0.005987
v -0.021507 -0.002444 -0.005701
v -0.021405 0.000665 -0.003444
v -0.021507 -0.002444 -0.005701
v -0.021527 -0.002127 -0.007603
v -0.023143 -0.002599 -0.008508
v -0.021138 0.001464 -0.003869
v -0.021405 0.000665 -0.003444
v -0.021862 0.005262 -0.002116
v -0.021862 0.005262 -0.002116
v -0.021600 0.007362 -0.002320
v -0.021138 0.001464 -0.003869
v -0.018533 -0.006801 -0.005976
v -0.018569 -0.002641 -0.005386
v -0.017879 -0.002588 -0.000180
v -0.017879 -0.002588 -0.000180
v -0.017742 -0.008528 -0.000180
v -0.018533 -0.006801 -0.005976
v -0.022486 -0.044851 -0.006155
v -0.022347 -0.043187 -0.006559
v -0.020184 -0.043562 -0.003971
v -0.020184 -0.043562 -0.003971
v -0.020560 -0.045403 -0.003359
v -0.022486 -0.044851 -0.006155
v -0.020560 -0.045403 -0.003359
v -0.020184 -0.043562 -0.003971
v -0.019261 -0.045513 -0.000169
v -0.021160 -0.006798 -0.008687
v -0.024918 -0.006798 -0.009674
v -0.023143 -0.002599 -0.008508
v -0.023143 -0.002599 -0.008508
v -0.021527 -0.002127 -0.007603
v -0.021160 -0.006798 -0.008687
v -0.023143 -0.002599 -0.008508
v -0.024918 -0.006798 -0.009674
v -0.024918 -0.006797 -0.009674
v -0.018533 -0.006801 -0.005976
v -0.021160 -0.006798 -0.008687
v -0.021527 -0.002127 -0.007603
v -0.021527 -0.002127 -0.007603
v -0.018569 -0.002641 -0.005386
v -0.018533 -0.006801 -0.005976
v -0.022486 -0.044851 -0.006155
v -0.020560 -0.045403 -0.003359
v -0.022417 -0.044978 -0.005814
v -0.020245 -0.045113 0.005155
v -0.022303 -0.045162 0.004704
v -0.019809 -0.045510 -0.000589
v -0.019809 -0.045510 -0.000589
v -0.019261 -0.045513 -0.000169
v -0.020245 -0.045113 0.005155
v -0.024918 -0.045162 0.004706
v -0.022303 -0.045162 0.004704
v -0.022767 -0.043316 0.008127
v -0.022767 -0.043316 0.008127
v -0.024918 -0.042796 0.008589
v -0.024918 -0.045162 0.004706
v -0.022303 -0.045162 0.004704
v -0.020245 -0.045113 0.005155
v -0.022767 -0.043316 0.008127
v -0.019261 -0.045513 -0.000169
v -0.019809 -0.045510 -0.000589
v -0.020560 -0.045403 -0.003359
v -0.020560 -0.045403 -0.003359
v -0.019809 -0.045510 -0.000589
v -0.022417 -0.044978 -0.005814
v -0.021710 0.010124 -0.001771
v -0.024918 0.008034 -0.001559
v -0.024918 0.017819 -0.000782
v -0.024918 0.017819 -0.000782
v -0.022030 0.017547 -0.000782
v -0.021710 0.010124 -0.001771
v -0.022030 0.017547 -0.000782
v -0.020826 0.010632 -0.001528
v -0.021710 0.010124 -0.001771
v -0.021600 0.007362 -0.002320
v -0.021862 0.005262 -0.002116
v -0.021710 0.010124 -0.001771
v -0.021710 0.010124 -0.001771
v -0.021862 0.005262 -0.002116
v -0.024918 0.008034 -0.001559
v -0.024918 0.008034 -0.001559
v -0.024918 0.008034 -0.001559
v -0.021710 0.010124 -0.001771
v -0.022347 -0.043187 -0.006559
v -0.022486 -0.044851 -0.006155
v -0.023661 -0.044601 -0.006831
v -0.022417 -0.044978 -0.005814
v -0.024918 -0.044558 -0.006273
v -0.023661 -0.044601 -0.006831
v -0.023661 -0.044601 -0.006831
v -0.022486 -0.044851 -0.006155
v -0.022417 -0.044978 -0.005814
v -0.023661 -0.044601 -0.006831
v -0.024918 -0.044558 -0.006273
v -0.024918 -0.044558 -0.006273
v -0.023143 -0.002599 -0.008508
v -0.024918 -0.002655 -0.008833
v -0.024918 -0.002655 -0.008833
v -0.021507 -0.002444 -0.005701
v -0.024918 -0.053813 -0.003882
v -0.024918 -0.044558 -0.006273
v -0.022417 -0.044978 -0.005814
v -0.022417 -0.044978 -0.005814
v -0.023060 -0.053813 -0.003410
v -0.024918 -0.053813 -0.003882
v -0.021777 -0.027173 0.008831
v -0.024918 -0.027173 0.010114
v -0.024918 -0.035458 0.009314
v -0.024918 -0.035458 0.009314
v -0.022282 -0.035950 0.008430
v -0.021777 -0.027173 0.008831
v -0.024918 -0.014128 0.010053
v -0.024918 -0.027173 0.010114
v -0.021777 -0.027173 0.008831
v -0.021777 -0.027173 0.008831
v -0.021515 -0.014128 0.008402
v -0.024918 -0.014128 0.010053
v -0.024918 0.003761 0.002832
v -0.024918 0.001144 0.004417
v -0.023686 0.001838 0.003829
v -0.023686 0.001838 0.003829
v -0.023220 0.003814 0.002556
v -0.024918 0.003761 0.002832
v -0.024918 0.009902 0.000202
v -0.024918 0.003761 0.002832
v -0.023220 0.003814 0.002556
v -0.023220 0.003814 0.002556
v -0.022892 0.009878 0.000260
v -0.024918 0.009902 0.000202
v -0.024918 0.004875 0.005804
v -0.023783 0.005324 0.005449
v -0.024918 0.001144 0.004417
v -0.023567 0.005367 0.005836
v -0.023783 0.005324 0.005449
v -0.024918 0.004875 0.005804
v -0.024918 0.004875 0.005804
v -0.024918 0.004925 0.006214
v -0.023567 0.005367 0.005836
v -0.024918 0.018012 0.000498
v -0.024918 0.009902 0.000202
v -0.022892 0.009878 0.000260
v -0.022892 0.009878 0.000260
v -0.021991 0.017733 0.000498
v -0.024918 0.018012 0.000498
v -0.024918 -0.033135 -0.011987
v -0.024918 -0.028844 -0.012573
v -0.021563 -0.028844 -0.010589
v -0.021563 -0.028844 -0.010589
v -0.021650 -0.033153 -0.010119
v -0.024918 -0.033135 -0.011987
v -0.021563 -0.028844 -0.010589
v -0.024918 -0.028844 -0.012573
v -0.024918 -0.024280 -0.012230
v -0.024918 -0.024280 -0.012230
v -0.021560 -0.024280 -0.010372
v -0.021563 -0.028844 -0.010589
v -0.024918 -0.002718 -0.005747
v -0.021507 -0.002444 -0.005701
v -0.024918 -0.002655 -0.008833
v -0.024918 -0.040922 -0.008378
v -0.024918 -0.037423 -0.010229
v -0.021912 -0.037496 -0.008714
v -0.021912 -0.037496 -0.008714
v -0.022195 -0.041099 -0.007239
v -0.024918 -0.040922 -0.008378
v -0.024918 0.002618 -0.002737
v -0.021862 0.005262 -0.002116
v -0.021862 0.005262 -0.002116
v -0.021405 0.000665 -0.003444
v -0.024918 0.002618 -0.002737
v -0.023661 -0.044601 -0.006831
v -0.024918 -0.044430 -0.007040
v -0.024918 -0.042842 -0.007513
v -0.024918 -0.042842 -0.007513
v -0.022347 -0.043187 -0.006559
v -0.023661 -0.044601 -0.006831
v -0.024918 -0.044430 -0.007040
v -0.024918 -0.002655 -0.008833
v -0.027103 0.006762 0.004886
v -0.027387 0.006798 0.005187
v -0.026269 0.005367 0.005836
v -0.026269 0.005367 0.005836
v -0.026053 0.005324 0.005449
v -0.027103 0.006762 0.004886
v -0.026150 0.001838 0.003829
v -0.027103 0.006762 0.004886
v -0.026053 0.005324 0.005449
v -0.026053 0.005324 0.005449
v -0.024918 0.001144 0.004417
v -0.026150 0.001838 0.003829
v -0.023567 0.005367 0.005836
v -0.022448 0.006798 0.005187
v -0.022733 0.006762 0.004886
v -0.022733 0.006762 0.004886
v -0.023783 0.005324 0.005449
v -0.023567 0.005367 0.005836
v -0.023783 0.005324 0.005449
v -0.022733 0.006762 0.004886
v -0.023686 0.001838 0.003829
v -0.023686 0.001838 0.003829
v -0.024918 0.001144 0.004417
v -0.023783 0.005324 0.005449
v -0.024918 -0.002586 0.008469
v -0.023567 0.005367 0.005836
v -0.024918 0.004925 0.006214
v -0.026269 0.005367 0.005836
v -0.024918 -0.002586 0.008469
v -0.024918 0.004925 0.006214
v 0.027801 -0.052781 -0.000583
v 0.028998 -0.052974 -0.000589
v 0.026792 -0.054175 0.002429
v 0.026792 -0.054175 0.002429
v 0.026435 -0.053777 0.001980
v 0.027801 -0.052781 -0.000583
v 0.027801 -0.052781 -0.000583
v 0.026475 -0.053462 -0.002874
v 0.026792 -0.053813 -0.003410
v 0.026792 -0.053813 -0.003410
v 0.028998 -0.052974 -0.000589
v 0.027801 -0.052781 -0.000583
v 0.027599 -0.050169 -0.000577
v 0.027801 -0.052781 -0.000583
v 0.026435 -0.053777 0.001980
v 0.026435 -0.053777 0.001980
v 0.026347 -0.048925 0.001483
v 0.027599 -0.050169 -0.000577
v 0.024934 -0.048937 0.001753
v 0.026347 -0.048925 0.001483
v 0.026435 -0.053777 0.001980
v 0.026435 -0.053777 0.001980
v 0.024934 -0.053762 0.002084
v 0.024934 -0.048937 0.001753
v 0.027801 -0.052781 -0.000583
v 0.027599 -0.050169 -0.000577
v 0.026417 -0.050897 -0.002554
v 0.026417 -0.050897 -0.002554
v 0.026475 -0.053462 -0.002874
v 0.027801 -0.052781 -0.000583
v 0.024934 -0.050169 -0.000577
v 0.027599 -0.050169 -0.000577
v 0.026347 -0.048925 0.001483
v 0.026347 -0.048925 0.001483
v 0.024934 -0.048937 0.001753
v 0.024934 -0.050169 -0.000577
v 0.024934 -0.050169 -0.000577
v 0.024934 -0.050844 -0.002804
v 0.026417 -0.050897 -0.002554
v 0.026417 -0.050897 -0.002554
v 0.027599 -0.050169 -0.000577
v 0.024934 -0.050169 -0.000577
v 0.024934 -0.054110 0.002440
v 0.024934 -0.053762 0.002084
v 0.026435 -0.053777 0.001980
v 0.026435 -0.053777 0.001980
v 0.026792 -0.054175 0.002429
v 0.024934 -0.054110 0.002440
v 0.024934 -0.053608 -0.003248
v 0.024934 -0.053813 -0.003882
v 0.026792 -0.053813 -0.003410
v 0.026792 -0.053813 -0.003410
v 0.026475 -0.053462 -0.002874
v 0.024934 -0.053608 -0.003248
v 0.024934 -0.050844 -0.002804
v 0.024934 -0.053608 -0.003248
v 0.026475 -0.053462 -0.002874
v 0.026475 -0.053462 -0.002874
v 0.026417 -0.050897 -0.002554
v 0.024934 -0.050844 -0.002804
v 0.022067 -0.052781 -0.000583
v 0.023433 -0.053777 0.001980
v 0.023075 -0.054175 0.002429
v 0.023075 -0.054175 0.002429
v 0.020869 -0.052974 -0.000589
v 0.022067 -0.052781 -0.000583
v 0.022067 -0.052781 -0.000583
v 0.020869 -0.052974 -0.000589
v 0.023075 -0.053813 -0.003410
v 0.023075 -0.053813 -0.003410
v 0.023393 -0.053462 -0.002874
v 0.022067 -0.052781 -0.000583
v 0.022269 -0.050169 -0.000577
v 0.023520 -0.048925 0.001483
v 0.023433 -0.053777 0.001980
v 0.023433 -0.053777 0.001980
v 0.022067 -0.052781 -0.000583
v 0.022269 -0.050169 -0.000577
v 0.024934 -0.048937 0.001753
v 0.024934 -0.053762 0.002084
v 0.023433 -0.053777 0.001980
v 0.023433 -0.053777 0.001980
v 0.023520 -0.048925 0.001483
v 0.024934 -0.048937 0.001753
v 0.022067 -0.052781 -0.000583
v 0.023393 -0.053462 -0.002874
v 0.023450 -0.050897 -0.002554
v 0.023450 -0.050897 -0.002554
v 0.022269 -0.050169 -0.000577
v 0.022067 -0.052781 -0.000583
v 0.024934 -0.050169 -0.000577
v 0.024934 -0.048937 0.001753
v 0.023520 -0.048925 0.001483
v 0.023520 -0.048925 0.001483
v 0.022269 -0.050169 -0.000577
v 0.024934 -0.050169 -0.000577
v 0.024934 -0.050169 -0.000577
v 0.022269 -0.050169 -0.000577
v 0.023450 -0.050897 -0.002554
v 0.023450 -0.050897 -0.002554
v 0.024934 -0.050844 -0.002804
v 0.024934 -0.050169 -0.000577
v 0.024934 -0.054110 0.002440
v 0.023075 -0.054175 0.002429
v 0.023433 -0.053777 0.001980
v 0.023433 -0.053777 0.001980
v 0.024934 -0.053762 0.002084
v 0.024934 -0.054110 0.002440
v 0.024934 -0.053608 -0.003248
v 0.023393 -0.053462 -0.002874
v 0.023075 -0.053813 -0.003410
v 0.023075 -0.053813 -0.003410
v 0.024934 -0.053813 -0.003882
v 0.024934 -0.053608 -0.003248
v 0.024934 -0.050844 -0.002804
v 0.023450 -0.050897 -0.002554
v 0.023393 -0.053462 -0.002874
v 0.023393 -0.053462 -0.002874
v 0.024934 -0.053608 -0.003248
v 0.024934 -0.050844 -0.002804
v -0.027785 -0.052781 -0.000583
v -0.026419 -0.053777 0.001980
v -0.026776 -0.054175 0.002429
v -0.026776 -0.054175 0.002429
v -0.028982 -0.052974 -0.000589
v -0.027785 -0.052781 -0.000583
v -0.027785 -0.052781 -0.000583
v -0.028982 -0.052974 -0.000589
v -0.026776 -0.053813 -0.003410
v -0.026776 -0.053813 -0.003410
v -0.026459 -0.053462 -0.002874
v -0.027785 -0.052781 -0.000583
v -0.027583 -0.050169 -0.000577
v -0.026331 -0.048925 0.001483
v -0.026419 -0.053777 0.001980
v -0.026419 -0.053777 0.001980
v -0.027785 -0.052781 -0.000583
v -0.027583 -0.050169 -0.000577
v -0.024918 -0.048937 0.001753
v -0.024918 -0.053762 0.002084
v -0.026419 -0.053777 0.001980
v -0.026419 -0.053777 0.001980
v -0.026331 -0.048925 0.001483
v -0.024918 -0.048937 0.001753
v -0.027785 -0.052781 -0.000583
v -0.026459 -0.053462 -0.002874
v -0.026401 -0.050897 -0.002554
v -0.026401 -0.050897 -0.002554
v -0.027583 -0.050169 -0.000577
v -0.027785 -0.052781 -0.000583
v -0.024918 -0.050169 -0.000577
v -0.024918 -0.048937 0.001753
v -0.026331 -0.048925 0.001483
v -0.026331 -0.048925 0.001483
v -0.027583 -0.050169 -0.000577
v -0.024918 -0.050169 -0.000577
v -0.024918 -0.050169 -0.000577
v -0.027583 -0.050169 -0.000577
v -0.026401 -0.050897 -0.002554
v -0.026401 -0.050897 -0.002554
v -0.024918 -0.050844 -0.002804
v -0.024918 -0.050169 -0.000577
v -0.024918 -0.054110 0.002440
v -0.026776 -0.054175 0.002429
v -0.026419 -0.053777 0.001980
v -0.026419 -0.053777 0.001980
v -0.024918 -0.053762 0.002084
v -0.024918 -0.054110 0.002440
v -0.024918 -0.053608 -0.003248
v -0.026459 -0.053462 -0.002874
v -0.026776 -0.053813 -0.003410
v -0.026776 -0.053813 -0.003410
v -0.024918 -0.053813 -0.003882
v -0.024918 -0.053608 -0.003248
v -0.024918 -0.050844 -0.002804
v -0.026401 -0.050897 -0.002554
v -0.026459 -0.053462 -0.002874
v -0.026459 -0.053462 -0.002874
v -0.024918 -0.053608 -0.003248
v -0.024918 -0.050844 -0.002804
v -0.022051 -0.052781 -0.000583
v -0.020853 -0.052974 -0.000589
v -0.023060 -0.054175 0.002429
v -0.023060 -0.054175 0.002429
v -0.023417 -0.053777 0.001980
v -0.022051 -0.052781 -0.000583
v -0.022051 -0.052781 -0.000583
v -0.023377 -0.053462 -0.002874
v -0.023060 -0.053813 -0.003410
v -0.023060 -0.053813 -0.003410
v -0.020853 -0.052974 -0.000589
v -0.022051 -0.052781 -0.000583
v -0.022253 -0.050169 -0.000577
v -0.022051 -0.052781 -0.000583
v -0.023417 -0.053777 0.001980
v -0.023417 -0.053777 0.001980
v -0.023504 -0.048925 0.001483
v -0.022253 -0.050169 -0.000577
v -0.024918 -0.048937 0.001753
v -0.023504 -0.048925 0.001483
v -0.023417 -0.053777 0.001980
v -0.023417 -0.053777 0.001980
v -0.024918 -0.053762 0.002084
v -0.024918 -0.048937 0.001753
v -0.022051 -0.052781 -0.000583
v -0.022253 -0.050169 -0.000577
v -0.023435 -0.050897 -0.002554
v -0.023435 -0.050897 -0.002554
v -0.023377 -0.053462 -0.002874
v -0.022051 -0.052781 -0.000583
v -0.024918 -0.050169 -0.000577
v -0.022253 -0.050169 -0.000577
v -0.023504 -0.048925 0.001483
v -0.023504 -0.048925 0.001483
v -0.024918 -0.048937 0.001753
v -0.024918 -0.050169 -0.000577
v -0.024918 -0.050169 -0.000577
v -0.024918 -0.050844 -0.002804
v -0.023435 -0.050897 -0.002554
v -0.023435 -0.050897 -0.002554
v -0.022253 -0.050169 -0.000577
v -0.024918 -0.050169 -0.000577
v -0.024918 -0.054110 0.002440
v -0.024918 -0.053762 0.002084
v -0.023417 -0.053777 0.001980
v -0.023417 -0.053777 0.001980
v -0.023060 -0.054175 0.002429
v -0.024918 -0.054110 0.002440
v -0.024918 -0.053608 -0.003248
v -0.024918 -0.053813 -0.003882
v -0.023060 -0.053813 -0.003410
v -0.023060 -0.053813 -0.003410
v -0.023377 -0.053462 -0.002874
v -0.024918 -0.053608 -0.003248
v -0.024918 -0.050844 -0.002804
v -0.024918 -0.053608 -0.003248
v -0.023377 -0.053462 -0.002874
v -0.023377 -0.053462 -0.002874
v -0.023435 -0.050897 -0.002554
v -0.024918 -0.050844 -0.002804
vn 0.3538 0.2334 0.9058
vn 0.6616 0.2384 0.7110
vn 0.5690 0.2287 0.7899
vn 0.6616 0.2384 0.7109
vn 0.7625 0.2036 0.6141
vn 0.5691 0.2286 0.7899
vn 0.2363 0.2186 0.9468
vn 0.3538 0.2333 0.9058
vn 0.5690 0.2286 0.7899
vn 0.2680 -0.6212 0.7364
vn -0.0000 -0.5173 0.8558
vn -0.0000 -0.5365 0.8439
vn 0.0001 -0.5365 0.8439
vn 0.2934 -0.6264 0.7221
vn 0.4119 -0.6158 0.6717
vn 0.2681 -0.6212 0.7364
vn 0.2935 -0.6264 0.7221
vn 0.4125 -0.6160 0.6711
vn -0.1782 -0.3477 0.9205
vn -0.2758 -0.4323 0.8585
vn -0.2572 -0.4128 0.8737
vn -0.2572 -0.4128 0.8738
vn -0.1641 -0.3375 0.9269
vn 0.9434 0.2683 0.1952
vn 0.9376 0.2784 0.2085
vn 0.9839 0.1787 0.0062
vn 0.9855 0.1690 -0.0152
vn 0.9434 0.2683 0.1951
vn 0.8822 0.2981 0.3645
vn 0.8852 0.2981 0.3572
vn 0.8852 0.2981 0.3571
vn 0.0555 0.9479 0.3137
vn 0.0549 0.9499 0.3076
vn -0.0000 0.9461 0.3240
vn -0.0000 0.9454 0.3259
vn 0.3537 0.2333 0.9058
vn -0.0000 0.2186 0.9758
vn -0.0000 0.2136 0.9769
vn -0.0000 -0.1042 0.9946
vn 0.3499 -0.0994 0.9315
vn 0.3128 -0.1366 0.9399
vn 0.3129 -0.1366 0.9399
vn -0.0000 -0.1539 0.9881
vn 0.0001 -0.1043 0.9946
vn 0.3500 -0.0994 0.9315
vn 0.6654 -0.0745 0.7428
vn 0.7209 -0.1217 0.6822
vn 0.7210 -0.1217 0.6822
vn 0.6654 -0.0745 0.7427
vn 0.9056 -0.0571 0.4202
vn 0.9404 -0.0695 0.3328
vn 0.7519 -0.0571 0.6568
vn 0.3639 -0.0696 0.9288
vn 0.7210 -0.1216 0.6822
vn 0.7518 -0.0571 0.6569
vn 0.3640 -0.0696 0.9288
vn 0.0001 -0.0795 0.9968
vn 0.0001 -0.1539 0.9881
vn -0.0000 -0.0794 0.9968
vn 0.3887 0.0770 0.9182
vn -0.0000 0.0819 0.9966
vn 0.0001 0.0819 0.9966
vn 0.0001 -0.0794 0.9968
vn 0.7597 0.0571 0.6477
vn 0.3888 0.0770 0.9181
vn 0.3640 -0.0695 0.9288
vn 0.3887 0.0771 0.9181
vn 0.3761 0.2485 0.8926
vn 0.0001 0.2632 0.9647
vn -0.0000 0.2632 0.9647
vn -0.0000 0.0820 0.9966
vn 0.3374 0.3277 0.8825
vn -0.0000 0.3576 0.9339
vn 0.0001 0.3576 0.9339
vn 0.7435 0.1988 0.6385
vn 0.3762 0.2485 0.8926
vn 0.3887 0.0770 0.9181
vn 0.9404 -0.0695 0.3329
vn 0.9607 0.0273 0.2764
vn 0.7598 0.0571 0.6476
vn 0.7598 0.0571 0.6477
vn 0.9629 -0.0224 0.2689
vn 0.9796 0.0472 0.1951
vn 0.9607 0.0273 0.2763
vn 0.9574 0.1292 0.2584
vn 0.7435 0.1987 0.6385
vn 0.7598 0.0572 0.6476
vn 0.9607 0.0274 0.2764
vn 0.7435 0.1988 0.6386
vn 0.7269 0.2483 0.6403
vn 0.3375 0.3276 0.8825
vn 0.3375 0.3277 0.8825
vn 0.3594 0.3274 0.8739
vn -0.0000 0.3572 0.9340
vn -0.0000 0.3577 0.9339
vn 0.6220 0.2778 0.7321
vn 0.3595 0.3273 0.8739
vn 0.9392 0.0994 0.3288
vn 0.8281 0.1589 0.5376
vn 0.9392 0.0994 0.3287
vn 0.9574 0.1292 0.2583
vn 0.9795 0.0845 0.1828
vn 0.9795 0.0845 0.1829
vn 0.9964 0.0746 -0.0401
vn 0.9852 0.1688 -0.0286
vn 0.9911 0.1291 -0.0335
vn 0.9973 0.0595 -0.0425
vn 0.9964 0.0745 -0.0401
vn -0.0000 -0.1192 -0.9929
vn -0.0000 0.8128 -0.5826
vn -0.0000 -0.9855 0.1696
vn 0.3064 -0.0795 -0.9486
vn 0.3041 -0.0645 -0.9504
vn 0.8144 -0.0000 -0.5803
vn 0.8163 -0.0447 -0.5760
vn 0.3275 -0.0546 -0.9433
vn 0.8190 -0.0248 -0.5732
vn 0.8151 -0.0100 -0.5792
vn 0.3329 -0.0199 -0.9427
vn 0.8163 -0.0447 -0.5759
vn 0.9969 0.0696 0.0372
vn 0.9985 0.0397 0.0364
vn 0.8191 -0.0248 -0.5731
vn 0.9987 0.0298 0.0416
vn 0.9987 0.0298 0.0417
vn 0.9992 0.0298 0.0282
vn 0.8152 -0.0100 -0.5792
vn 0.9985 0.0397 0.0365
vn 0.9969 0.0696 0.0373
vn 0.8863 0.0993 0.4523
vn 0.8863 0.0993 0.4524
vn 0.8882 0.0943 0.4497
vn 0.9992 0.0298 0.0283
vn 0.9392 0.0993 0.3288
vn 0.8863 0.0994 0.4524
vn 0.7403 0.1391 0.6577
vn 0.8882 0.0944 0.4497
vn 0.4408 0.2237 0.8693
vn 0.5346 0.2784 0.7979
vn 0.0001 0.2337 0.9723
vn 0.5346 0.2783 0.7979
vn 0.7063 0.6959 0.1303
vn -0.0000 0.8491 0.5282
vn 0.5346 0.2784 0.7980
vn 0.9291 0.2531 0.2697
vn 0.7559 0.4871 -0.4374
vn 0.7062 0.6959 0.1304
vn 0.9291 0.2531 0.2698
vn 0.4409 0.2237 0.8692
vn 0.8544 0.1988 0.4801
vn 0.8544 0.1988 0.4800
vn 0.4109 0.1988 0.8898
vn 0.8257 0.1689 0.5382
vn 0.8257 0.1690 0.5382
vn -0.0000 0.2337 0.9723
vn 0.0001 0.2086 0.9780
vn 0.4108 0.1988 0.8898
vn 0.4409 0.2236 0.8693
vn 0.3884 0.1837 0.9030
vn -0.0000 0.2086 0.9780
vn -0.0000 0.1888 0.9820
vn 0.8145 0.1590 0.5579
vn 0.3885 0.1837 0.9030
vn 0.8145 0.1589 0.5580
vn 0.9918 0.1093 0.0666
vn 0.9906 0.1193 0.0668
vn 0.8258 0.1689 0.5381
vn 0.8258 0.1690 0.5381
vn 0.8146 0.1589 0.5579
vn 0.9804 0.1938 -0.0366
vn 0.8545 0.1988 0.4800
vn 0.8545 0.1987 0.4800
vn 0.9906 0.1192 0.0668
vn 0.9803 0.1938 -0.0366
vn 0.9460 0.2435 -0.2142
vn 0.9459 0.2435 -0.2143
vn -0.0000 0.8491 0.5283
vn 0.7063 0.6958 0.1303
vn -0.0000 0.8304 -0.5572
vn 0.4513 0.1837 0.8732
vn -0.0000 0.1887 0.9820
vn -0.0000 0.1787 0.9839
vn 0.4513 0.1838 0.8732
vn 0.4514 0.1838 0.8732
vn 0.8216 0.1589 0.5475
vn 0.9931 0.1043 0.0536
vn 0.8145 0.1589 0.5579
vn 0.8336 0.0646 -0.5486
vn 0.8474 0.1043 -0.5207
vn 0.9906 0.1193 0.0667
vn 0.9906 0.1192 0.0667
vn 0.9918 0.1093 0.0665
vn 0.8474 0.1044 -0.5207
vn 0.8161 0.1589 -0.5556
vn 0.9803 0.1938 -0.0367
vn 0.9804 0.1938 -0.0367
vn 0.3874 0.0596 -0.9200
vn 0.4162 0.1241 -0.9008
vn 0.8161 0.1589 -0.5557
vn 0.8473 0.1043 -0.5207
vn 0.6049 0.2036 -0.7698
vn -0.0000 0.1142 -0.9935
vn -0.0000 0.1589 -0.9873
vn 0.6049 0.2036 -0.7699
vn 0.6049 0.2035 -0.7698
vn 0.4161 0.1241 -0.9008
vn 0.3972 0.3673 -0.8410
vn -0.0000 0.1590 -0.9873
vn 0.0653 0.3623 -0.9298
vn 0.3973 0.3672 -0.8410
vn 0.3973 0.3673 -0.8410
vn 0.0001 0.8304 -0.5572
vn 0.8287 0.0348 -0.5586
vn 0.9931 0.1043 0.0535
vn 0.3042 -0.0645 -0.9504
vn 0.3163 -0.0397 -0.9478
vn 0.3304 0.0050 -0.9438
vn 0.8473 0.1044 -0.5207
vn -0.0000 -0.0248 -0.9997
vn -0.0000 0.0447 -0.9990
vn 0.3873 0.0596 -0.9200
vn 0.3303 0.0050 -0.9439
vn -0.0000 -0.0795 -0.9968
vn -0.0000 -0.0695 -0.9976
vn 0.3162 -0.0398 -0.9479
vn 0.3162 -0.0397 -0.9479
vn 0.3041 -0.0645 -0.9505
vn 0.8215 0.1589 0.5475
vn 0.4721 -0.0819 0.8777
vn 0.3500 -0.0993 0.9315
vn 0.8171 -0.0422 0.5750
vn 0.9056 -0.0571 0.4203
vn 0.6655 -0.0745 0.7427
vn 0.4721 -0.0820 0.8777
vn 0.8171 -0.0422 0.5749
vn 0.9662 -0.0248 0.2567
vn 0.9629 -0.0223 0.2690
vn 0.9662 -0.0248 0.2566
vn 0.9956 0.0248 -0.0905
vn 0.9993 0.0298 0.0205
vn 0.9629 -0.0223 0.2689
vn 0.9993 0.0373 0.0061
vn 0.7832 0.1639 -0.5997
vn 0.8323 0.0323 -0.5534
vn 0.8322 0.0323 -0.5535
vn 0.8323 0.0322 -0.5534
vn 0.8170 0.0125 -0.5764
vn 0.9993 0.0372 0.0060
vn 0.9993 0.0372 0.0061
vn 0.3315 0.0348 -0.9428
vn 0.3359 -0.0025 -0.9419
vn 0.8170 0.0125 -0.5765
vn 0.7832 0.1639 -0.5998
vn 0.2751 0.2558 -0.9268
vn 0.2750 0.2558 -0.9268
vn -0.0000 0.2559 -0.9667
vn -0.0000 0.0248 -0.9997
vn 0.3314 0.0348 -0.9428
vn 0.8469 -0.0807 0.5256
vn 0.5570 -0.1105 0.8231
vn 0.6249 -0.1204 0.7713
vn 0.6249 -0.1204 0.7714
vn 0.7549 -0.0956 0.6488
vn 0.7548 -0.0956 0.6489
vn 0.8411 -0.0571 0.5379
vn 0.9323 -0.0173 0.3612
vn 0.9323 -0.0174 0.3613
vn 0.8411 -0.0571 0.5378
vn 0.9994 -0.0310 0.0155
vn 0.9980 0.0323 -0.0552
vn 0.9323 -0.0174 0.3612
vn 0.9527 0.0137 -0.3037
vn 0.8988 0.1427 -0.4146
vn 0.9979 0.0323 -0.0553
vn 0.9994 -0.0311 0.0155
vn 0.6888 0.0571 -0.7227
vn 0.5801 0.2557 -0.7734
vn 0.8987 0.1428 -0.4146
vn 0.3729 0.0708 -0.9252
vn 0.3129 0.3017 -0.9006
vn 0.3128 0.3016 -0.9006
vn 0.5800 0.2557 -0.7734
vn 0.3728 0.0708 -0.9252
vn 0.0001 0.0745 -0.9972
vn -0.0000 0.3076 -0.9515
vn 0.0001 0.3076 -0.9515
vn 0.5064 -0.0895 0.8576
vn -0.0000 -0.0894 0.9960
vn -0.0000 -0.1143 0.9935
vn -0.0000 -0.1142 0.9935
vn 0.5569 -0.1105 0.8232
vn 0.5064 -0.0894 0.8577
vn 0.6097 -0.0950 0.7869
vn 0.6504 -0.1310 0.7482
vn 0.6189 -0.1229 0.7758
vn 0.5955 -0.1055 0.7964
vn 0.8535 -0.0770 0.5154
vn 0.5065 -0.0894 0.8576
vn 0.4448 -0.2334 0.8647
vn 0.4609 -0.1328 0.8775
vn 0.7599 -0.0961 0.6429
vn 0.6507 -0.1222 0.7494
vn 0.4449 -0.2334 0.8647
vn 0.5954 -0.1056 0.7965
vn 0.7473 -0.0856 0.6590
vn 0.7423 -0.0621 0.6671
vn 0.7423 -0.0621 0.6672
vn 0.5954 -0.1056 0.7964
vn 0.9654 -0.0174 0.2603
vn 0.9967 -0.0745 0.0308
vn 0.9982 -0.0450 0.0385
vn 0.8566 -0.1540 0.4925
vn 0.9994 -0.0227 0.0255
vn 0.9991 -0.0292 0.0311
vn 0.7472 -0.0857 0.6590
vn 0.9902 0.1341 -0.0385
vn 0.9979 0.0323 -0.0552
vn 0.9902 0.1341 -0.0384
vn 0.9967 -0.0745 0.0307
vn 0.9791 -0.1043 -0.1744
vn 0.9592 -0.0703 -0.2738
vn 0.9982 -0.0450 0.0384
vn 0.9991 -0.0292 0.0310
vn 0.9994 -0.0227 0.0254
vn 0.9667 -0.0568 -0.2495
vn 0.9667 -0.0568 -0.2496
vn 0.9706 -0.0577 -0.2335
vn 0.8712 0.2856 -0.3992
vn 0.8988 0.1428 -0.4146
vn 0.8015 -0.1465 -0.5798
vn 0.7206 -0.1028 -0.6857
vn 0.9592 -0.0704 -0.2739
vn 0.9592 -0.0703 -0.2739
vn 0.9791 -0.1043 -0.1745
vn 0.7289 -0.0919 -0.6785
vn 0.7384 -0.0887 -0.6685
vn 0.9706 -0.0578 -0.2335
vn 0.5433 0.4149 -0.7299
vn 0.8712 0.2856 -0.3993
vn 0.3990 -0.1602 -0.9028
vn 0.3886 -0.1226 -0.9132
vn 0.7205 -0.1028 -0.6858
vn 0.8014 -0.1465 -0.5799
vn 0.7288 -0.0919 -0.6786
vn 0.3988 -0.0993 -0.9117
vn 0.3979 -0.0994 -0.9120
vn 0.7383 -0.0888 -0.6686
vn 0.2709 0.4845 -0.8318
vn 0.5432 0.4150 -0.7299
vn 0.5800 0.2558 -0.7734
vn 0.3128 0.3017 -0.9006
vn 0.3989 -0.1602 -0.9029
vn -0.0000 -0.2011 -0.9796
vn 0.0001 -0.1376 -0.9905
vn 0.0001 -0.1041 -0.9946
vn -0.0000 -0.0937 -0.9956
vn 0.3987 -0.0993 -0.9117
vn -0.0000 -0.1041 -0.9946
vn 0.7548 -0.0962 0.6488
vn 0.6249 -0.1205 0.7714
vn 0.6096 -0.0950 0.7870
vn 0.9994 -0.0310 0.0156
vn 0.9707 -0.0578 -0.2334
vn 0.9527 0.0136 -0.3036
vn 0.7384 -0.0888 -0.6685
vn 0.9527 0.0136 -0.3037
vn 0.3980 -0.0994 -0.9120
vn -0.0000 0.0745 -0.9972
vn 0.4806 -0.0770 0.8735
vn -0.0000 -0.0869 0.9962
vn 0.5064 -0.0894 0.8576
vn 0.8271 -0.0646 0.5583
vn 0.4807 -0.0770 0.8735
vn 0.9767 -0.0521 0.2083
vn 0.8272 -0.0646 0.5582
vn 0.8535 -0.0770 0.5153
vn 0.9767 -0.0522 0.2083
vn 0.9885 0.1143 -0.0992
vn 0.9767 -0.0522 0.2082
vn 0.9885 0.1142 -0.0992
vn 0.8712 0.2857 -0.3993
vn 0.9885 0.1143 -0.0993
vn 0.7087 0.4025 -0.5794
vn 0.8712 0.2857 -0.3992
vn 0.7087 0.4025 -0.5795
vn 0.2323 0.5117 -0.8272
vn 0.7086 0.4025 -0.5795
vn 0.2708 0.4846 -0.8318
vn 0.4720 -0.0820 0.8778
vn -0.0000 -0.0795 0.9968
vn -0.0000 -0.0870 0.9962
vn 0.9662 -0.0249 0.2567
vn 0.9767 -0.0521 0.2082
vn 0.9956 0.0249 -0.0905
vn 0.2751 0.2558 -0.9267
vn 0.2751 0.2559 -0.9267
vn 0.5993 -0.1528 0.7859
vn 0.8794 -0.4385 0.1855
vn 0.8565 -0.1540 0.4926
vn 0.4609 -0.1329 0.8774
vn 0.5992 -0.1528 0.7859
vn 0.9730 -0.2284 0.0316
vn 0.9613 -0.2409 -0.1335
vn 0.9613 -0.2408 -0.1335
vn 0.8343 -0.2520 -0.4904
vn 0.8343 -0.2520 -0.4903
vn 0.8342 -0.2520 -0.4904
vn 0.3902 -0.2322 -0.8909
vn 0.3903 -0.2322 -0.8909
vn 0.3990 -0.1602 -0.9029
vn 0.8014 -0.1465 -0.5798
vn 0.4720 -0.0819 0.8778
vn 0.5570 -0.1105 0.8232
vn -0.0000 -0.1341 0.9910
vn 0.6248 -0.1204 0.7714
vn 0.5854 -0.3502 0.7312
vn 0.6281 -0.1563 0.7623
vn 0.0001 -0.1788 0.9839
vn -0.0000 -0.1788 0.9839
vn -0.0000 -0.4360 0.9000
vn 0.5854 -0.3501 0.7312
vn 0.0001 -0.1787 0.9839
vn 0.6188 -0.1229 0.7758
vn -0.0000 -0.1549 0.9879
vn -0.0000 0.5313 -0.8472
vn -0.0000 -0.1757 0.9844
vn 0.6248 -0.1205 0.7714
vn -0.0000 0.5394 -0.8420
vn 0.2322 0.5117 -0.8272
vn 0.2751 0.2559 -0.9268
vn -0.0000 0.5394 -0.8421
vn 0.3902 -0.2322 -0.8910
vn -0.0000 -0.2845 -0.9587
vn -0.0000 -0.2012 -0.9796
vn -0.0000 -0.0844 -0.9964
vn 0.3040 -0.0645 -0.9505
vn 0.3063 -0.0795 -0.9486
vn 0.3274 -0.0546 -0.9433
vn 0.3328 -0.0199 -0.9428
vn -0.0000 -0.0546 -0.9985
vn 0.3314 0.0348 -0.9429
vn -0.0000 -0.0124 -0.9999
vn 0.4362 -0.3314 -0.8366
vn 0.4817 -0.3463 -0.8050
vn 0.9217 -0.3192 -0.2204
vn 0.9217 -0.3192 -0.2205
vn 0.9439 -0.1876 -0.2717
vn 0.4363 -0.3314 -0.8366
vn 0.9171 -0.1279 0.3776
vn 0.8337 -0.5017 0.2307
vn 0.4169 -0.1900 0.8889
vn 0.4174 -0.1775 0.8912
vn -0.0000 -0.3252 -0.9457
vn -0.0000 -0.2846 -0.9587
vn 0.4818 -0.3463 -0.8050
vn -0.0000 -0.3251 -0.9457
vn 0.9439 -0.1876 -0.2716
vn 0.9217 -0.3191 -0.2204
vn 0.9171 -0.1279 0.3775
vn 0.9440 -0.1875 -0.2717
vn 0.5955 -0.1056 0.7964
vn 0.6189 -0.1230 0.7758
vn 0.6282 -0.1563 0.7622
vn 0.6508 -0.1222 0.7494
vn 0.7599 -0.0960 0.6429
vn 0.7473 -0.0857 0.6590
vn 0.5954 -0.1055 0.7965
vn 0.9994 -0.0226 0.0255
vn 0.7288 -0.0919 -0.6785
vn -0.0000 -0.1376 -0.9905
vn 0.0001 -0.1042 -0.9946
vn 0.2654 -0.1204 0.9566
vn 0.0001 -0.2545 0.9671
vn -0.0000 -0.2545 0.9671
vn -0.0000 -0.1440 0.9896
vn 0.2654 -0.1205 0.9566
vn 0.5992 -0.1527 0.7859
vn 0.4609 -0.1329 0.8775
vn 0.4449 -0.2334 0.8646
vn 0.2655 -0.1204 0.9566
vn 0.8794 -0.4386 0.1854
vn 0.9730 -0.2284 0.0317
vn 0.9730 -0.2285 0.0316
vn 0.8343 -0.2521 -0.4903
vn 0.4449 -0.2335 0.8646
vn -0.0000 -0.4359 0.9000
vn -0.0000 -0.2546 0.9671
vn 0.6508 -0.1221 0.7494
vn 0.8191 -0.0248 -0.5732
vn 0.8191 -0.0249 -0.5731
vn 0.8882 0.0943 0.4496
vn 0.9391 0.0994 0.3288
vn -0.0000 -0.0547 -0.9985
vn 0.8161 0.1590 -0.5556
vn 0.7560 0.4871 -0.4374
vn 0.3303 0.0049 -0.9439
vn 0.0001 -0.0695 -0.9976
vn -0.0000 -0.0249 -0.9997
vn 0.3304 0.0049 -0.9438
vn 0.9796 0.0472 0.1952
vn 0.9795 0.0844 0.1829
vn 0.8170 0.0124 -0.5764
vn 0.8171 0.0124 -0.5764
vn 0.8151 -0.0099 -0.5792
vn 0.8170 0.0124 -0.5765
vn 0.3358 -0.0025 -0.9419
vn 0.0001 -0.9690 -0.2469
vn 0.0001 -0.9644 -0.2645
vn 0.2980 -0.9198 -0.2553
vn 0.2980 -0.9198 -0.2552
vn 0.3988 -0.8303 -0.3893
vn 0.5414 -0.7749 -0.3263
vn 0.3988 -0.8302 -0.3894
vn 0.2981 -0.9198 -0.2553
vn 0.2981 -0.9198 -0.2552
vn 0.5614 -0.7672 -0.3101
vn 0.9217 -0.3191 -0.2205
vn 0.8793 -0.4386 0.1854
vn 0.8337 -0.5018 0.2307
vn 0.5615 -0.7672 -0.3101
vn 0.5760 -0.7577 -0.3068
vn 0.4609 -0.1328 0.8774
vn 0.9731 -0.2284 0.0317
vn -0.0000 -1.0000 -0.0000
vn 0.6074 0.6931 -0.3882
vn 0.9267 0.3751 0.0243
vn 0.9116 0.4111 -0.0009
vn 0.9116 0.4111 -0.0010
vn 0.6890 0.4709 -0.5510
vn 0.6074 0.6931 -0.3881
vn -0.2932 0.3292 -0.8976
vn -0.6021 -0.2662 -0.7527
vn -0.3524 -0.2072 -0.9126
vn -0.0546 0.2967 -0.9534
vn -0.4273 0.2099 -0.8794
vn -0.5917 -0.1988 -0.7813
vn -0.6022 -0.2662 -0.7527
vn -0.0546 0.2966 -0.9534
vn 0.1887 -0.1824 -0.9649
vn 0.1887 -0.1825 -0.9649
vn 0.5764 0.2535 -0.7769
vn 0.1887 0.5216 -0.8320
vn -0.0050 0.5897 -0.8076
vn -0.2932 0.3293 -0.8976
vn -0.0546 0.2968 -0.9534
vn -0.0298 0.5389 -0.8419
vn -0.0049 0.5897 -0.8076
vn -0.0298 0.5389 -0.8418
vn 0.1888 0.5216 -0.8321
vn 0.5763 0.2536 -0.7769
vn 0.8308 0.4067 -0.3800
vn 0.1888 0.5216 -0.8320
vn 0.2981 -0.1863 0.9362
vn 0.4979 -0.2588 0.8277
vn 0.7354 0.3254 0.5944
vn 0.7354 0.3255 0.5944
vn 0.5164 0.3351 0.7880
vn 0.5995 -0.1882 0.7779
vn 0.7338 0.2070 0.6471
vn 0.3254 -0.1727 0.9297
vn 0.5165 0.3351 0.7880
vn 0.5165 0.3352 0.7880
vn 0.6285 0.2482 0.7372
vn 0.3254 -0.1726 0.9297
vn 0.5763 0.2535 -0.7769
vn 0.3378 -0.3601 -0.8696
vn 0.6078 0.2449 -0.7554
vn 0.4174 -0.3527 0.8375
vn 0.3255 -0.1726 0.9297
vn 0.6285 0.2481 0.7372
vn 0.6489 0.2455 0.7202
vn 0.4174 -0.3528 0.8374
vn 0.7647 -0.2681 -0.5860
vn 0.7877 -0.2617 -0.5577
vn 0.7861 -0.2836 -0.5492
vn 0.6952 -0.2992 -0.6536
vn 0.5766 0.4928 -0.6517
vn 0.6709 0.6078 -0.4248
vn 0.7751 0.5155 -0.3654
vn 0.5766 0.4929 -0.6517
vn 0.4568 -0.5301 0.7143
vn 0.5270 -0.7384 0.4208
vn 0.3704 -0.8029 0.4670
vn 0.4174 -0.3528 0.8375
vn 0.4569 -0.5301 0.7143
vn 0.5420 -0.4400 0.7160
vn 0.5995 -0.1883 0.7779
vn 0.4979 -0.2589 0.8277
vn 0.4416 -0.4515 0.7753
vn 0.2682 -0.5712 0.7758
vn 0.2086 -0.4297 0.8786
vn 0.2086 -0.4296 0.8786
vn 0.2980 -0.1863 0.9362
vn 0.2981 -0.1864 0.9362
vn 0.2087 -0.4297 0.8786
vn 0.1638 -0.5922 -0.7889
vn -0.3523 -0.2073 -0.9126
vn -0.4378 -0.4528 -0.7768
vn 0.1639 -0.5922 -0.7889
vn 0.5022 0.6183 -0.6046
vn 0.6489 0.7561 0.0849
vn 0.6536 0.7567 -0.0153
vn 0.3501 0.4444 -0.8246
vn 0.3376 0.8241 0.4548
vn -0.0212 0.8318 0.5547
vn 0.8014 0.3380 0.4934
vn 0.8015 0.3380 0.4934
vn 0.6746 0.5367 0.5068
vn 0.0112 -0.3202 -0.9473
vn -0.0365 -0.0497 -0.9981
vn -0.0323 -0.0664 -0.9973
vn -0.0322 -0.0665 -0.9973
vn -0.0136 -0.3923 -0.9197
vn 0.0112 -0.3203 -0.9473
vn 0.0968 0.1427 -0.9850
vn 0.1913 0.2645 -0.9452
vn 0.1676 0.2284 -0.9590
vn 0.0907 0.1335 -0.9869
vn 0.0968 0.1428 -0.9850
vn 0.4252 0.4321 0.7953
vn 0.5258 0.5662 0.6347
vn 0.2778 0.2483 0.9280
vn 0.2547 0.2174 0.9423
vn 0.4253 0.4321 0.7953
vn -0.0137 -0.3924 -0.9197
vn -0.1006 -0.6223 -0.7763
vn -0.1015 -0.6210 -0.7772
vn 0.0112 -0.3203 -0.9472
vn 0.4495 0.4657 0.7623
vn 0.4669 0.4875 0.7378
vn 0.6451 0.7520 -0.1355
vn 0.6496 0.7602 0.0081
vn 0.6516 0.7584 -0.0156
vn 0.3465 0.4409 -0.8280
vn 0.3893 0.4880 -0.7813
vn 0.6506 0.7594 0.0077
vn 0.6517 0.7584 -0.0155
vn 0.3390 0.4341 -0.8347
vn 0.1440 0.1980 -0.9696
vn 0.1676 0.2285 -0.9590
vn 0.3837 0.4856 -0.7855
vn 0.3391 0.4340 -0.8347
vn 0.1850 0.1310 0.9740
vn 0.1927 0.1533 0.9692
vn 0.2396 0.2079 0.9483
vn 0.2396 0.2080 0.9483
vn 0.2546 0.2173 0.9423
vn 0.4260 0.4309 0.7955
vn 0.4533 0.4682 0.7585
vn 0.2546 0.2174 0.9423
vn -0.0397 -0.1018 -0.9940
vn -0.0235 -0.4195 -0.9074
vn -0.0137 -0.3923 -0.9197
vn -0.0323 -0.0665 -0.9973
vn -0.0397 -0.1017 -0.9940
vn -0.0236 -0.4196 -0.9074
vn -0.0981 -0.5771 -0.8108
vn 0.1913 0.2646 -0.9452
vn 0.5022 0.6182 -0.6046
vn 0.3500 0.4444 -0.8246
vn 0.4495 0.4656 0.7623
vn 0.1751 0.1155 0.9778
vn 0.0821 0.1145 -0.9900
vn 0.4669 0.4874 0.7379
vn 0.2397 0.2080 0.9483
vn 0.4669 0.5157 0.7184
vn 0.4670 0.5158 0.7182
vn 0.9542 0.2682 -0.1322
vn 0.9721 0.2346 0.0007
vn 0.9667 0.2558 -0.0019
vn 0.9445 0.3067 -0.1176
vn 0.4035 0.5325 -0.7440
vn 0.4035 0.5325 -0.7441
vn -0.8674 0.4520 0.2082
vn -0.9612 0.2757 -0.0024
vn -0.9486 0.3164 0.0069
vn -0.9486 0.3164 0.0068
vn -0.8308 0.5121 0.2180
vn 0.4670 0.5155 0.7185
vn 0.4669 0.5157 0.7183
vn 0.4670 0.5159 0.7182
vn 0.4670 0.5156 0.7184
vn 0.9559 0.2619 -0.1332
vn 0.9721 0.2347 0.0007
vn 0.9658 0.2594 -0.0019
vn 0.9436 0.3165 -0.0975
vn 0.9559 0.2619 -0.1331
vn 0.4035 0.5328 -0.7438
vn 0.4035 0.5326 -0.7440
vn -0.8682 0.4403 0.2288
vn -0.9394 0.3430 -0.0015
vn -0.9280 0.3727 0.0050
vn -0.9279 0.3727 0.0050
vn -0.8342 0.5015 0.2294
vn 0.2322 0.8941 0.3830
vn 0.2066 0.7296 0.6519
vn 0.7027 0.4747 0.5299
vn 0.7028 0.4747 0.5299
vn 0.5760 0.6741 0.4624
vn 0.2323 0.8941 0.3830
vn 0.6536 0.7567 -0.0152
vn 0.5259 0.5663 0.6347
vn 0.5259 0.5662 0.6346
vn 0.4253 0.4321 0.7952
vn -0.2023 0.9792 -0.0168
vn 0.3653 0.8637 -0.3473
vn 0.0385 0.8561 -0.5154
vn 0.0385 0.8561 -0.5155
vn -0.6266 0.7793 0.0072
vn -0.2023 0.9792 -0.0167
vn 0.3838 0.4856 -0.7854
vn 0.6497 0.7602 0.0080
vn 0.3391 0.4341 -0.8346
vn 0.3838 0.4856 -0.7855
vn 0.6516 0.7584 -0.0155
vn 0.6506 0.7594 0.0078
vn 0.4260 0.4310 0.7955
vn 0.9667 0.2558 -0.0018
vn 0.9721 0.2346 0.0008
vn 0.9552 0.2656 0.1308
vn 0.9455 0.3041 0.1162
vn -0.9612 0.2757 -0.0025
vn -0.8749 0.4408 -0.2005
vn -0.8749 0.4409 -0.2006
vn -0.8361 0.5066 -0.2104
vn 0.9658 0.2594 -0.0018
vn 0.9574 0.2571 0.1315
vn 0.9448 0.3132 0.0965
vn 0.9658 0.2595 -0.0018
vn -0.9280 0.3726 0.0049
vn -0.9394 0.3429 -0.0016
vn -0.8745 0.4304 -0.2239
vn -0.8744 0.4304 -0.2239
vn -0.8416 0.4908 -0.2255
vn -0.9279 0.3727 0.0049
vn 0.3837 0.4855 -0.7855
vn 0.3464 0.4408 -0.8280
vn 0.3892 0.4879 -0.7813
vn -0.2123 -0.3625 0.9075
vn 0.0286 -0.0615 0.9977
vn -0.0146 -0.0820 0.9965
vn -0.2343 -0.3351 0.9126
vn -0.2123 -0.3624 0.9075
vn -0.6021 -0.2663 -0.7527
vn -0.5917 -0.1989 -0.7813
vn -0.5318 -0.4672 -0.7064
vn -0.5318 -0.4672 -0.7063
vn -0.5776 -0.4531 -0.6791
vn 0.8451 0.4111 0.3418
vn 0.7963 0.4947 0.3481
vn 0.6489 0.2456 0.7202
vn 0.3978 -0.5594 -0.7272
vn 0.6078 0.2450 -0.7554
vn 0.6489 0.2456 0.7201
vn 0.6489 0.2455 0.7201
vn 0.6136 0.4676 0.6363
vn -0.2023 -0.3923 0.8973
vn 0.0669 -0.0248 0.9975
vn 0.0285 -0.0615 0.9977
vn -0.2024 -0.3922 0.8973
vn 0.7522 0.5901 0.2932
vn 0.6153 0.6401 0.4602
vn 0.5164 0.3352 0.7880
vn 0.8052 0.5281 0.2696
vn 0.7338 0.2070 0.6470
vn 0.8052 0.5281 0.2697
vn 0.6152 0.6401 0.4602
vn 0.8450 0.4112 0.3418
vn 0.8121 -0.2674 -0.5187
vn 0.8541 -0.2980 -0.4263
vn 0.7861 -0.2836 -0.5491
vn 0.6959 0.5887 0.4113
vn 0.6136 0.4677 0.6362
vn 0.3353 -0.8145 -0.4734
vn 0.3353 -0.8146 -0.4734
vn 0.4894 -0.7578 -0.4315
vn -0.6022 -0.2663 -0.7527
vn -0.5776 -0.4531 -0.6790
vn -0.4378 -0.4528 -0.7767
vn 0.8308 0.4066 -0.3800
vn 0.6077 0.2450 -0.7554
vn 0.7751 0.5155 -0.3653
vn -0.2343 -0.3352 0.9125
vn -0.3013 -0.5996 0.7414
vn -0.2845 -0.6037 0.7447
vn -0.2024 -0.3923 0.8973
vn -0.2744 -0.5786 0.7680
vn 0.2682 -0.5712 0.7757
vn 0.3255 -0.1727 0.9296
vn 0.1639 -0.5923 -0.7889
vn 0.3352 -0.8146 -0.4734
vn 0.3377 -0.3601 -0.8696
vn 0.6745 0.5367 0.5069
vn 0.9890 0.1305 0.0690
vn 0.9891 0.1305 0.0689
vn 0.9611 0.2024 0.1881
vn 0.6894 0.6298 -0.3578
vn 0.7539 0.4049 -0.5173
vn 0.0384 0.8560 -0.5155
vn 0.3653 0.8636 -0.3474
vn 0.6889 0.4709 -0.5510
vn 0.0733 0.7202 -0.6899
vn 0.0733 0.7202 -0.6898
vn 0.1645 0.9187 -0.3591
vn -0.4467 0.8946 0.0149
vn -0.8037 0.5950 0.0022
vn 0.2322 0.8940 0.3831
vn -0.6255 0.7802 0.0071
vn -0.0211 0.8317 0.5548
vn -0.0211 0.8318 0.5547
vn 0.3376 0.8241 0.4549
vn 0.9891 0.1304 0.0689
vn 0.7539 0.4050 -0.5173
vn 0.6895 0.6298 -0.3578
vn 0.7028 0.4747 0.5298
vn 0.9267 0.3751 0.0242
vn 0.0733 0.7203 -0.6898
vn 0.0732 0.7202 -0.6899
vn -0.0000 -0.2272 0.9738
vn -0.0000 -0.2458 0.9693
vn 0.4173 -0.1776 0.8912
vn 0.4173 -0.1775 0.8912
vn 0.4168 -0.1900 0.8889
vn -0.3538 0.2333 0.9058
vn -0.5690 0.2287 0.7899
vn -0.6616 0.2384 0.7110
vn -0.6616 0.2384 0.7109
vn -0.5691 0.2287 0.7898
vn -0.7625 0.2036 0.6141
vn -0.2363 0.2186 0.9468
vn -0.5690 0.2286 0.7899
vn -0.2680 -0.6212 0.7364
vn -0.2934 -0.6264 0.7221
vn -0.0000 -0.5366 0.8439
vn -0.4118 -0.6158 0.6717
vn -0.4125 -0.6160 0.6711
vn -0.2935 -0.6264 0.7221
vn -0.2681 -0.6212 0.7364
vn -0.4119 -0.6158 0.6717
vn 0.1782 -0.3477 0.9205
vn 0.1641 -0.3375 0.9269
vn 0.2572 -0.4128 0.8738
vn 0.2572 -0.4128 0.8737
vn 0.2758 -0.4323 0.8585
vn -0.9434 0.2683 0.1951
vn -0.9855 0.1690 -0.0152
vn -0.9839 0.1787 0.0062
vn -0.9376 0.2784 0.2085
vn -0.9434 0.2683 0.1952
vn -0.8852 0.2981 0.3571
vn -0.8822 0.2981 0.3645
vn -0.0555 0.9479 0.3137
vn -0.0549 0.9499 0.3076
vn -0.3537 0.2333 0.9058
vn -0.0001 -0.1042 0.9946
vn -0.3129 -0.1366 0.9399
vn -0.3128 -0.1366 0.9399
vn -0.3499 -0.0994 0.9315
vn -0.0000 -0.1043 0.9946
vn -0.3500 -0.0994 0.9315
vn -0.7210 -0.1217 0.6822
vn -0.7209 -0.1217 0.6822
vn -0.6654 -0.0745 0.7428
vn -0.9056 -0.0571 0.4202
vn -0.6654 -0.0745 0.7427
vn -0.7519 -0.0571 0.6568
vn -0.9404 -0.0695 0.3328
vn -0.3640 -0.0696 0.9288
vn -0.7518 -0.0571 0.6569
vn -0.7210 -0.1216 0.6822
vn -0.3639 -0.0696 0.9288
vn -0.0001 -0.1539 0.9881
vn -0.0001 -0.0795 0.9968
vn -0.0001 -0.0794 0.9968
vn -0.0001 0.0819 0.9966
vn -0.3887 0.0770 0.9182
vn -0.3888 0.0770 0.9181
vn -0.7597 0.0571 0.6477
vn -0.3887 0.0771 0.9181
vn -0.3761 0.2485 0.8926
vn -0.0001 0.3577 0.9339
vn -0.3374 0.3277 0.8825
vn -0.3887 0.0770 0.9181
vn -0.3762 0.2485 0.8926
vn -0.7435 0.1987 0.6385
vn -0.7597 0.0572 0.6477
vn -0.7598 0.0571 0.6477
vn -0.9607 0.0273 0.2764
vn -0.9404 -0.0695 0.3329
vn -0.9629 -0.0224 0.2689
vn -0.9607 0.0273 0.2763
vn -0.9796 0.0472 0.1951
vn -0.9629 -0.0223 0.2689
vn -0.9607 0.0274 0.2764
vn -0.7598 0.0571 0.6476
vn -0.7435 0.1988 0.6385
vn -0.9574 0.1292 0.2584
vn -0.3375 0.3277 0.8825
vn -0.3375 0.3276 0.8825
vn -0.7269 0.2483 0.6403
vn -0.3594 0.3274 0.8739
vn -0.3374 0.3276 0.8825
vn -0.3595 0.3273 0.8739
vn -0.6220 0.2778 0.7321
vn -0.6220 0.2778 0.7320
vn -0.8281 0.1589 0.5376
vn -0.9392 0.0994 0.3288
vn -0.9392 0.0993 0.3287
vn -0.9795 0.0845 0.1828
vn -0.9574 0.1292 0.2583
vn -0.9795 0.0845 0.1829
vn -0.9964 0.0745 -0.0401
vn -0.9973 0.0595 -0.0425
vn -0.9911 0.1291 -0.0335
vn -0.9852 0.1688 -0.0286
vn -0.9964 0.0746 -0.0401
vn -0.3064 -0.0795 -0.9486
vn -0.8163 -0.0447 -0.5760
vn -0.8144 -0.0000 -0.5803
vn -0.3041 -0.0646 -0.9504
vn -0.3275 -0.0546 -0.9433
vn -0.3329 -0.0199 -0.9427
vn -0.8151 -0.0100 -0.5792
vn -0.8151 -0.0099 -0.5792
vn -0.8190 -0.0249 -0.5732
vn -0.8163 -0.0447 -0.5759
vn -0.9985 0.0397 0.0364
vn -0.9969 0.0696 0.0372
vn -0.9969 0.0695 0.0372
vn -0.8152 -0.0100 -0.5792
vn -0.9992 0.0298 0.0282
vn -0.9987 0.0298 0.0417
vn -0.9987 0.0298 0.0416
vn -0.8191 -0.0248 -0.5731
vn -0.9985 0.0397 0.0365
vn -0.8882 0.0943 0.4497
vn -0.8863 0.0994 0.4524
vn -0.8863 0.0993 0.4523
vn -0.9969 0.0696 0.0373
vn -0.9392 0.0993 0.3288
vn -0.9992 0.0298 0.0283
vn -0.8882 0.0944 0.4497
vn -0.7403 0.1391 0.6577
vn -0.8863 0.0993 0.4524
vn -0.4408 0.2237 0.8693
vn -0.0001 0.2337 0.9723
vn -0.5346 0.2783 0.7980
vn -0.0000 0.8492 0.5282
vn -0.7063 0.6958 0.1303
vn -0.5346 0.2783 0.7979
vn -0.9291 0.2531 0.2698
vn -0.7063 0.6959 0.1303
vn -0.7559 0.4871 -0.4374
vn -0.9291 0.2531 0.2697
vn -0.8544 0.1988 0.4800
vn -0.8544 0.1988 0.4801
vn -0.4409 0.2237 0.8692
vn -0.8257 0.1690 0.5382
vn -0.4109 0.1988 0.8898
vn -0.4409 0.2236 0.8693
vn -0.4108 0.1988 0.8898
vn -0.0001 0.2086 0.9780
vn -0.3884 0.1838 0.9030
vn -0.3884 0.1837 0.9030
vn -0.8145 0.1590 0.5580
vn -0.3885 0.1837 0.9030
vn -0.8257 0.1689 0.5382
vn -0.8145 0.1589 0.5580
vn -0.9918 0.1093 0.0666
vn -0.8146 0.1590 0.5579
vn -0.8258 0.1689 0.5381
vn -0.9906 0.1192 0.0668
vn -0.9906 0.1193 0.0668
vn -0.8258 0.1690 0.5381
vn -0.8545 0.1987 0.4800
vn -0.8545 0.1988 0.4800
vn -0.9804 0.1938 -0.0366
vn -0.9459 0.2435 -0.2142
vn -0.9803 0.1938 -0.0366
vn -0.9459 0.2435 -0.2143
vn -0.4513 0.1838 0.8732
vn -0.8216 0.1589 0.5475
vn -0.4514 0.1838 0.8732
vn -0.9931 0.1043 0.0536
vn -0.8146 0.1589 0.5579
vn -0.8145 0.1589 0.5579
vn -0.8336 0.0646 -0.5486
vn -0.9918 0.1093 0.0665
vn -0.9906 0.1192 0.0667
vn -0.8474 0.1043 -0.5207
vn -0.8474 0.1042 -0.5207
vn -0.9804 0.1938 -0.0367
vn -0.8161 0.1589 -0.5556
vn -0.3874 0.0596 -0.9200
vn -0.8473 0.1043 -0.5207
vn -0.8161 0.1590 -0.5557
vn -0.8161 0.1589 -0.5557
vn -0.4162 0.1241 -0.9008
vn -0.6049 0.2036 -0.7698
vn -0.4162 0.1242 -0.9008
vn -0.4161 0.1241 -0.9008
vn -0.6049 0.2036 -0.7699
vn -0.0001 0.1142 -0.9935
vn -0.3972 0.3673 -0.8410
vn -0.0653 0.3623 -0.9298
vn -0.3972 0.3672 -0.8410
vn -0.0653 0.3624 -0.9298
vn -0.0001 0.8304 -0.5572
vn -0.9931 0.1043 0.0535
vn -0.8287 0.0348 -0.5586
vn -0.3041 -0.0645 -0.9504
vn -0.3163 -0.0397 -0.9478
vn -0.3042 -0.0646 -0.9504
vn -0.3304 0.0050 -0.9438
vn -0.3303 0.0050 -0.9439
vn -0.3873 0.0596 -0.9200
vn -0.3041 -0.0645 -0.9505
vn -0.3162 -0.0397 -0.9479
vn -0.8215 0.1589 0.5475
vn -0.4721 -0.0819 0.8777
vn -0.3500 -0.0993 0.9315
vn -0.8171 -0.0422 0.5750
vn -0.6655 -0.0745 0.7427
vn -0.9056 -0.0571 0.4203
vn -0.9629 -0.0224 0.2690
vn -0.9662 -0.0248 0.2567
vn -0.8171 -0.0422 0.5749
vn -0.9993 0.0298 0.0205
vn -0.9956 0.0248 -0.0905
vn -0.9662 -0.0248 0.2566
vn -0.9796 0.0476 0.1952
vn -0.9993 0.0373 0.0061
vn -0.8322 0.0323 -0.5535
vn -0.8323 0.0323 -0.5534
vn -0.7832 0.1639 -0.5997
vn -0.9956 0.0249 -0.0905
vn -0.8323 0.0322 -0.5534
vn -0.9993 0.0373 0.0060
vn -0.8170 0.0125 -0.5764
vn -0.3315 0.0348 -0.9428
vn -0.8170 0.0125 -0.5765
vn -0.3359 -0.0025 -0.9419
vn -0.7832 0.1639 -0.5998
vn -0.2751 0.2558 -0.9267
vn -0.2750 0.2558 -0.9268
vn -0.3314 0.0348 -0.9428
vn -0.8469 -0.0807 0.5256
vn -0.7549 -0.0956 0.6488
vn -0.6249 -0.1204 0.7714
vn -0.5570 -0.1105 0.8231
vn -0.9323 -0.0174 0.3613
vn -0.9323 -0.0174 0.3612
vn -0.8411 -0.0571 0.5379
vn -0.7548 -0.0956 0.6489
vn -0.8411 -0.0571 0.5378
vn -0.9980 0.0323 -0.0552
vn -0.9994 -0.0310 0.0155
vn -0.9979 0.0323 -0.0553
vn -0.8988 0.1427 -0.4146
vn -0.8988 0.1428 -0.4146
vn -0.9527 0.0137 -0.3037
vn -0.8987 0.1427 -0.4146
vn -0.5801 0.2557 -0.7734
vn -0.6888 0.0571 -0.7227
vn -0.5800 0.2557 -0.7734
vn -0.3128 0.3016 -0.9006
vn -0.3129 0.3017 -0.9006
vn -0.3729 0.0708 -0.9252
vn -0.6888 0.0572 -0.7227
vn -0.0001 0.3076 -0.9515
vn -0.0000 0.3077 -0.9515
vn -0.0001 0.0746 -0.9972
vn -0.3728 0.0708 -0.9252
vn -0.5064 -0.0894 0.8577
vn -0.5569 -0.1105 0.8232
vn -0.5064 -0.0894 0.8576
vn -0.6097 -0.0950 0.7869
vn -0.5955 -0.1055 0.7964
vn -0.6189 -0.1230 0.7758
vn -0.6189 -0.1229 0.7758
vn -0.6504 -0.1310 0.7482
vn -0.5065 -0.0894 0.8576
vn -0.8535 -0.0770 0.5154
vn -0.4448 -0.2334 0.8647
vn -0.6507 -0.1222 0.7494
vn -0.7599 -0.0961 0.6429
vn -0.4609 -0.1329 0.8775
vn -0.5954 -0.1055 0.7964
vn -0.6097 -0.0928 0.7872
vn -0.7423 -0.0621 0.6672
vn -0.7423 -0.0621 0.6671
vn -0.7473 -0.0857 0.6590
vn -0.5954 -0.1055 0.7965
vn -0.9654 -0.0174 0.2603
vn -0.9967 -0.0745 0.0308
vn -0.8566 -0.1540 0.4925
vn -0.9982 -0.0450 0.0385
vn -0.9994 -0.0227 0.0255
vn -0.7472 -0.0857 0.6590
vn -0.9991 -0.0292 0.0311
vn -0.9902 0.1341 -0.0384
vn -0.9980 0.0323 -0.0553
vn -0.9902 0.1341 -0.0385
vn -0.9967 -0.0745 0.0307
vn -0.9982 -0.0450 0.0384
vn -0.9592 -0.0703 -0.2738
vn -0.9791 -0.1043 -0.1744
vn -0.9991 -0.0292 0.0310
vn -0.9706 -0.0578 -0.2335
vn -0.9667 -0.0568 -0.2496
vn -0.9667 -0.0568 -0.2495
vn -0.9994 -0.0227 0.0254
vn -0.8712 0.2856 -0.3992
vn -0.8015 -0.1465 -0.5798
vn -0.9791 -0.1043 -0.1745
vn -0.9592 -0.0703 -0.2739
vn -0.7206 -0.1028 -0.6857
vn -0.7384 -0.0888 -0.6685
vn -0.7289 -0.0919 -0.6785
vn -0.5433 0.4149 -0.7299
vn -0.8987 0.1428 -0.4146
vn -0.8712 0.2856 -0.3993
vn -0.3990 -0.1602 -0.9028
vn -0.8014 -0.1465 -0.5799
vn -0.7205 -0.1028 -0.6858
vn -0.3886 -0.1226 -0.9132
vn -0.3990 -0.1602 -0.9029
vn -0.7288 -0.0919 -0.6786
vn -0.7383 -0.0888 -0.6686
vn -0.3979 -0.0994 -0.9120
vn -0.3988 -0.0993 -0.9117
vn -0.2709 0.4845 -0.8318
vn -0.3128 0.3017 -0.9006
vn -0.5800 0.2558 -0.7734
vn -0.5432 0.4149 -0.7299
vn -0.2708 0.4845 -0.8318
vn -0.0001 -0.1376 -0.9905
vn -0.3989 -0.1602 -0.9029
vn -0.3987 -0.0993 -0.9117
vn -0.0001 -0.1042 -0.9946
vn -0.7549 -0.0956 0.6489
vn -0.6096 -0.0950 0.7870
vn -0.9994 -0.0310 0.0156
vn -0.9527 0.0137 -0.3036
vn -0.9707 -0.0577 -0.2334
vn -0.9527 0.0136 -0.3037
vn -0.3980 -0.0994 -0.9120
vn -0.4806 -0.0770 0.8735
vn -0.4807 -0.0770 0.8735
vn -0.8271 -0.0646 0.5583
vn -0.5065 -0.0895 0.8576
vn -0.9767 -0.0522 0.2083
vn -0.8535 -0.0770 0.5153
vn -0.8272 -0.0646 0.5582
vn -0.9885 0.1143 -0.0992
vn -0.9654 -0.0174 0.2602
vn -0.9767 -0.0521 0.2082
vn -0.7087 0.4025 -0.5795
vn -0.8712 0.2857 -0.3992
vn -0.9885 0.1143 -0.0993
vn -0.7087 0.4025 -0.5794
vn -0.2323 0.5117 -0.8272
vn -0.2708 0.4846 -0.8318
vn -0.5432 0.4150 -0.7299
vn -0.7086 0.4025 -0.5795
vn -0.4720 -0.0819 0.8778
vn -0.4720 -0.0820 0.8778
vn -0.9662 -0.0249 0.2567
vn -0.9956 0.0248 -0.0904
vn -0.9767 -0.0522 0.2082
vn -0.2751 0.2559 -0.9267
vn -0.5992 -0.1528 0.7859
vn -0.4609 -0.1329 0.8774
vn -0.8565 -0.1540 0.4926
vn -0.8794 -0.4386 0.1855
vn -0.9613 -0.2408 -0.1334
vn -0.9613 -0.2409 -0.1335
vn -0.9731 -0.2284 0.0316
vn -0.8343 -0.2520 -0.4904
vn -0.8014 -0.1465 -0.5798
vn -0.3903 -0.2322 -0.8909
vn -0.3902 -0.2322 -0.8909
vn -0.8342 -0.2520 -0.4904
vn -0.6248 -0.1204 0.7714
vn -0.5570 -0.1105 0.8232
vn -0.5854 -0.3502 0.7312
vn -0.0001 -0.1788 0.9839
vn -0.6281 -0.1563 0.7623
vn -0.5854 -0.3501 0.7312
vn -0.0000 -0.1787 0.9839
vn -0.6188 -0.1229 0.7758
vn -0.6188 -0.1230 0.7758
vn -0.0001 -0.1787 0.9839
vn -0.2322 0.5117 -0.8272
vn -0.3902 -0.2322 -0.8910
vn -0.3063 -0.0795 -0.9486
vn -0.3040 -0.0645 -0.9505
vn -0.3274 -0.0546 -0.9433
vn -0.3328 -0.0199 -0.9428
vn -0.3314 0.0348 -0.9429
vn -0.4363 -0.3314 -0.8366
vn -0.9439 -0.1876 -0.2717
vn -0.9217 -0.3191 -0.2205
vn -0.4817 -0.3463 -0.8050
vn -0.4362 -0.3314 -0.8366
vn -0.9171 -0.1279 0.3776
vn -0.4174 -0.1775 0.8912
vn -0.4169 -0.1900 0.8889
vn -0.8337 -0.5018 0.2307
vn -0.4818 -0.3463 -0.8050
vn -0.4817 -0.3464 -0.8050
vn -0.9439 -0.1875 -0.2717
vn -0.9171 -0.1279 0.3775
vn -0.8337 -0.5017 0.2307
vn -0.9217 -0.3191 -0.2204
vn -0.9440 -0.1875 -0.2717
vn -0.5955 -0.1056 0.7964
vn -0.6508 -0.1222 0.7494
vn -0.6282 -0.1563 0.7622
vn -0.6507 -0.1221 0.7494
vn -0.5954 -0.1056 0.7965
vn -0.7599 -0.0960 0.6429
vn -0.7472 -0.0856 0.6590
vn -0.9994 -0.0226 0.0255
vn -0.7288 -0.0919 -0.6785
vn -0.2654 -0.1204 0.9566
vn -0.5992 -0.1527 0.7859
vn -0.2655 -0.1204 0.9566
vn -0.4449 -0.2334 0.8646
vn -0.4609 -0.1328 0.8775
vn -0.8794 -0.4386 0.1854
vn -0.9730 -0.2284 0.0317
vn -0.9217 -0.3192 -0.2204
vn -0.9730 -0.2285 0.0316
vn -0.9217 -0.3192 -0.2205
vn -0.8343 -0.2520 -0.4903
vn -0.4449 -0.2335 0.8646
vn -0.4448 -0.2335 0.8647
vn -0.8191 -0.0249 -0.5732
vn -0.8191 -0.0249 -0.5731
vn -0.8882 0.0943 0.4496
vn -0.9391 0.0994 0.3288
vn -0.3274 -0.0547 -0.9433
vn -0.9803 0.1938 -0.0367
vn -0.6049 0.2035 -0.7699
vn -0.8161 0.1590 -0.5556
vn -0.3973 0.3673 -0.8410
vn -0.7560 0.4871 -0.4374
vn -0.3973 0.3672 -0.8410
vn -0.3303 0.0049 -0.9439
vn -0.0001 -0.0248 -0.9997
vn -0.0001 -0.0695 -0.9976
vn -0.9795 0.0844 0.1829
vn -0.9796 0.0472 0.1952
vn -0.8171 0.0124 -0.5764
vn -0.8170 0.0124 -0.5765
vn -0.3358 -0.0025 -0.9419
vn -0.0000 -0.9690 -0.2469
vn -0.3988 -0.8303 -0.3894
vn -0.2980 -0.9198 -0.2552
vn -0.2980 -0.9198 -0.2553
vn -0.0001 -0.9644 -0.2645
vn -0.0001 -0.9690 -0.2469
vn -0.5414 -0.7749 -0.3263
vn -0.5614 -0.7672 -0.3101
vn -0.2981 -0.9198 -0.2553
vn -0.2981 -0.9198 -0.2552
vn -0.3988 -0.8302 -0.3894
vn -0.8793 -0.4386 0.1854
vn -0.5760 -0.7577 -0.3068
vn -0.5615 -0.7672 -0.3101
vn -0.8565 -0.1539 0.4926
vn -0.4609 -0.1328 0.8774
vn -0.9731 -0.2284 0.0317
vn -0.6689 0.6167 -0.4151
vn -0.6897 0.4697 -0.5511
vn -0.9024 0.4307 0.0077
vn -0.9024 0.4308 0.0077
vn -0.8109 0.5849 0.0164
vn 0.2932 0.3292 -0.8976
vn 0.0546 0.2967 -0.9534
vn 0.3524 -0.2072 -0.9126
vn 0.6022 -0.2662 -0.7527
vn 0.6021 -0.2662 -0.7527
vn 0.5917 -0.1988 -0.7813
vn 0.4273 0.2099 -0.8794
vn -0.5764 0.2535 -0.7769
vn -0.1887 -0.1825 -0.9649
vn 0.0546 0.2966 -0.9534
vn 0.0546 0.2968 -0.9534
vn 0.2931 0.3292 -0.8976
vn 0.0050 0.5897 -0.8076
vn -0.1887 0.5216 -0.8321
vn 0.0298 0.5389 -0.8418
vn 0.0049 0.5897 -0.8076
vn 0.2932 0.3293 -0.8976
vn 0.0298 0.5389 -0.8419
vn -0.1888 0.5216 -0.8320
vn -0.8308 0.4067 -0.3800
vn -0.5763 0.2536 -0.7769
vn -0.1888 0.5216 -0.8321
vn -0.2981 -0.1863 0.9362
vn -0.5164 0.3351 0.7880
vn -0.7354 0.3254 0.5944
vn -0.4979 -0.2588 0.8277
vn -0.4979 -0.2589 0.8277
vn -0.7338 0.2070 0.6471
vn -0.5995 -0.1882 0.7779
vn -0.3254 -0.1726 0.9297
vn -0.6285 0.2481 0.7372
vn -0.5165 0.3352 0.7880
vn -0.5165 0.3351 0.7880
vn -0.5763 0.2535 -0.7769
vn -0.6078 0.2449 -0.7554
vn -0.3378 -0.3601 -0.8696
vn -0.4174 -0.3528 0.8375
vn -0.6489 0.2455 0.7202
vn -0.3255 -0.1726 0.9297
vn -0.4174 -0.3527 0.8375
vn -0.7647 -0.2682 -0.5860
vn -0.6952 -0.2992 -0.6536
vn -0.7861 -0.2836 -0.5492
vn -0.7877 -0.2617 -0.5577
vn -0.7647 -0.2681 -0.5860
vn -0.5766 0.4929 -0.6517
vn -0.7751 0.5155 -0.3653
vn -0.7751 0.5155 -0.3654
vn -0.6708 0.6079 -0.4248
vn -0.5766 0.4928 -0.6517
vn -0.4569 -0.5301 0.7143
vn -0.3704 -0.8029 0.4670
vn -0.5271 -0.7383 0.4208
vn -0.4568 -0.5301 0.7143
vn -0.5420 -0.4400 0.7160
vn -0.4416 -0.4515 0.7753
vn -0.5995 -0.1883 0.7779
vn -0.3254 -0.1727 0.9297
vn -0.2981 -0.1864 0.9362
vn -0.2086 -0.4297 0.8786
vn -0.2682 -0.5712 0.7758
vn -0.3255 -0.1727 0.9297
vn -0.2087 -0.4297 0.8786
vn -0.1639 -0.5922 -0.7889
vn 0.4378 -0.4528 -0.7768
vn 0.3523 -0.2072 -0.9126
vn -0.5022 0.6183 -0.6046
vn -0.3501 0.4444 -0.8246
vn -0.6536 0.7567 -0.0153
vn -0.6489 0.7561 0.0849
vn -0.7216 0.5440 0.4282
vn -0.7996 0.3439 0.4923
vn -0.0136 0.8610 0.5084
vn -0.2274 0.9247 0.3054
vn 0.0323 -0.0664 -0.9973
vn 0.0366 -0.0497 -0.9981
vn -0.0112 -0.3203 -0.9473
vn 0.0136 -0.3923 -0.9197
vn 0.0322 -0.0664 -0.9973
vn -0.0968 0.1428 -0.9850
vn -0.0907 0.1335 -0.9869
vn -0.1676 0.2284 -0.9590
vn -0.1913 0.2645 -0.9452
vn -0.0968 0.1427 -0.9850
vn -0.4252 0.4321 0.7953
vn -0.2547 0.2174 0.9423
vn -0.2778 0.2483 0.9280
vn -0.5259 0.5662 0.6347
vn 0.0136 -0.3924 -0.9197
vn -0.0111 -0.3203 -0.9472
vn 0.1015 -0.6210 -0.7772
vn 0.1006 -0.6223 -0.7763
vn 0.0137 -0.3924 -0.9197
vn -0.4495 0.4657 0.7623
vn -0.6497 0.7602 0.0081
vn -0.6451 0.7520 -0.1355
vn -0.4670 0.4875 0.7378
vn -0.6516 0.7584 -0.0155
vn -0.6506 0.7594 0.0078
vn -0.3893 0.4880 -0.7813
vn -0.3892 0.4880 -0.7813
vn -0.3465 0.4408 -0.8280
vn -0.3391 0.4340 -0.8347
vn -0.3837 0.4855 -0.7855
vn -0.1676 0.2285 -0.9590
vn -0.1440 0.1980 -0.9696
vn -0.3390 0.4341 -0.8347
vn -0.1850 0.1310 0.9740
vn -0.2546 0.2174 0.9423
vn -0.2396 0.2080 0.9483
vn -0.2396 0.2079 0.9483
vn -0.1927 0.1533 0.9692
vn -0.4260 0.4309 0.7955
vn -0.4533 0.4682 0.7585
vn 0.0397 -0.1017 -0.9940
vn 0.0323 -0.0665 -0.9973
vn 0.0137 -0.3923 -0.9197
vn 0.0236 -0.4195 -0.9074
vn 0.0397 -0.1018 -0.9940
vn 0.0236 -0.4196 -0.9074
vn 0.0981 -0.5772 -0.8107
vn -0.3500 0.4444 -0.8246
vn -0.1913 0.2646 -0.9452
vn -0.4495 0.4656 0.7623
vn -0.2546 0.2173 0.9423
vn -0.1751 0.1155 0.9778
vn -0.0821 0.1145 -0.9900
vn -0.4669 0.4874 0.7379
vn -0.2397 0.2080 0.9483
vn -0.4669 0.4874 0.7378
vn -0.4669 0.5158 0.7183
vn -0.4670 0.5158 0.7182
vn -0.9560 0.2645 -0.1266
vn -0.9432 0.3192 -0.0925
vn -0.9658 0.2595 -0.0019
vn -0.9658 0.2594 -0.0019
vn -0.9721 0.2346 0.0007
vn -0.4035 0.5325 -0.7441
vn 0.8674 0.4520 0.2082
vn 0.8308 0.5121 0.2180
vn 0.9486 0.3164 0.0068
vn 0.9486 0.3164 0.0069
vn 0.9612 0.2757 -0.0024
vn 0.8674 0.4520 0.2081
vn -0.4670 0.5154 0.7185
vn -0.4669 0.5157 0.7184
vn -0.4669 0.5157 0.7183
vn -0.4670 0.5155 0.7185
vn -0.9559 0.2619 -0.1331
vn -0.9436 0.3164 -0.0975
vn -0.9559 0.2619 -0.1332
vn -0.4035 0.5324 -0.7441
vn -0.4036 0.5327 -0.7439
vn 0.8682 0.4403 0.2288
vn 0.8342 0.5015 0.2294
vn 0.9279 0.3727 0.0050
vn 0.9280 0.3727 0.0050
vn 0.9394 0.3430 -0.0015
vn -0.7004 0.5800 0.4161
vn -0.7133 0.4586 0.5299
vn 0.0217 0.7753 0.6312
vn 0.0218 0.7753 0.6313
vn -0.0130 0.9610 0.2762
vn -0.7004 0.5800 0.4160
vn -0.6536 0.7567 -0.0152
vn -0.4253 0.4321 0.7952
vn -0.5259 0.5663 0.6347
vn 0.0522 0.9969 0.0581
vn 0.4436 0.8960 0.0212
vn -0.0571 0.8731 -0.4841
vn -0.0572 0.8732 -0.4841
vn -0.2198 0.9462 -0.2375
vn -0.3838 0.4856 -0.7855
vn -0.3391 0.4341 -0.8346
vn -0.6496 0.7602 0.0080
vn -0.3838 0.4856 -0.7854
vn -0.4260 0.4310 0.7955
vn -0.9657 0.2595 -0.0018
vn -0.9442 0.3164 0.0915
vn -0.9573 0.2607 0.1252
vn -0.9573 0.2607 0.1253
vn -0.9721 0.2346 0.0008
vn -0.9658 0.2594 -0.0018
vn 0.8362 0.5064 -0.2105
vn 0.8749 0.4409 -0.2006
vn 0.8749 0.4408 -0.2005
vn 0.9612 0.2757 -0.0025
vn -0.9658 0.2595 -0.0018
vn -0.9447 0.3134 0.0965
vn -0.9574 0.2571 0.1315
vn 0.9279 0.3727 0.0049
vn 0.8415 0.4911 -0.2252
vn 0.8744 0.4304 -0.2239
vn 0.8745 0.4304 -0.2239
vn 0.9394 0.3429 -0.0016
vn 0.9280 0.3727 0.0049
vn -0.3837 0.4856 -0.7855
vn -0.3464 0.4408 -0.8280
vn -0.3892 0.4879 -0.7813
vn 0.0146 -0.0820 0.9965
vn -0.0286 -0.0615 0.9977
vn 0.2123 -0.3625 0.9075
vn 0.2123 -0.3624 0.9075
vn 0.2343 -0.3351 0.9126
vn 0.6021 -0.2663 -0.7527
vn 0.5776 -0.4531 -0.6790
vn 0.5318 -0.4672 -0.7064
vn 0.5917 -0.1989 -0.7812
vn -0.8451 0.4111 0.3418
vn -0.6285 0.2482 0.7372
vn -0.7963 0.4947 0.3481
vn -0.3978 -0.5594 -0.7272
vn -0.6078 0.2450 -0.7554
vn -0.6136 0.4676 0.6363
vn -0.6489 0.2455 0.7201
vn -0.6489 0.2456 0.7201
vn -0.0669 -0.0248 0.9975
vn 0.2024 -0.3923 0.8973
vn 0.2024 -0.3922 0.8973
vn -0.0285 -0.0615 0.9977
vn -0.7522 0.5901 0.2932
vn -0.7354 0.3255 0.5944
vn -0.5164 0.3352 0.7880
vn -0.6153 0.6401 0.4602
vn -0.8052 0.5281 0.2697
vn -0.8052 0.5281 0.2696
vn -0.6152 0.6401 0.4602
vn -0.8450 0.4111 0.3419
vn -0.7861 -0.2836 -0.5491
vn -0.8541 -0.2980 -0.4263
vn -0.8121 -0.2674 -0.5187
vn -0.6136 0.4676 0.6362
vn -0.6959 0.5887 0.4113
vn -0.6136 0.4677 0.6363
vn -0.4894 -0.7578 -0.4315
vn -0.3353 -0.8145 -0.4734
vn 0.6022 -0.2663 -0.7527
vn 0.4378 -0.4528 -0.7767
vn -0.8308 0.4066 -0.3800
vn 0.2845 -0.6037 0.7447
vn 0.3013 -0.5996 0.7414
vn 0.3014 -0.5995 0.7414
vn 0.2343 -0.3352 0.9125
vn 0.2123 -0.3626 0.9075
vn 0.2744 -0.5786 0.7680
vn -0.4174 -0.3528 0.8374
vn -0.3255 -0.1727 0.9296
vn -0.3352 -0.8146 -0.4734
vn -0.1639 -0.5923 -0.7889
vn -0.9116 0.4110 0.0040
vn -0.9704 0.2411 -0.0112
vn -0.9116 0.4110 0.0041
vn -0.2198 0.9462 -0.2374
vn -0.0571 0.8732 -0.4841
vn -0.7542 0.4361 -0.4908
vn -0.7542 0.4362 -0.4908
vn -0.7300 0.5946 -0.3371
vn -0.0671 0.9569 -0.2824
vn 0.1086 0.7459 -0.6572
vn -0.6896 0.4697 -0.5511
vn -0.6688 0.6167 -0.4151
vn -0.0670 0.9569 -0.2824
vn 0.0217 0.7754 0.6312
vn 0.8285 0.5590 0.0332
vn 0.8285 0.5590 0.0333
vn 0.3305 0.9405 0.0789
vn -0.0130 0.9610 0.2763
vn -0.2275 0.9246 0.3055
vn -0.0137 0.8609 0.5085
vn 0.4436 0.8960 0.0211
vn -0.7299 0.5946 -0.3370
vn -0.9116 0.4111 0.0040
vn -0.8109 0.5849 0.0165
vn -0.9024 0.4307 0.0078
vn -0.7134 0.4586 0.5299
vn -0.8110 0.5849 0.0165
vn 0.1086 0.7459 -0.6571
vn 0.1085 0.7459 -0.6571
vn -0.0672 0.9569 -0.2824
vn -0.4168 -0.1900 0.8889
vn -0.4173 -0.1775 0.8912
vn -0.4173 -0.1776 0.8912
vn 0.8013 0.0708 0.5941
vn 0.7591 0.1402 0.6357
vn 0.3985 0.1453 0.9056
vn 0.3986 0.1453 0.9056
vn 0.3800 0.0733 0.9221
vn 0.9976 0.0695 0.0001
vn 0.9901 0.1404 -0.0000
vn 0.7591 0.1401 0.6357
vn 0.8013 0.0708 0.5940
vn 0.9976 0.0695 -0.0000
vn 0.8029 0.0695 -0.5920
vn 0.7618 0.1513 -0.6299
vn 0.9976 0.0695 -0.0001
vn 0.4408 0.1068 -0.8912
vn 0.3913 0.1540 -0.9073
vn 0.7617 0.1513 -0.6299
vn 0.7617 0.1514 -0.6300
vn -0.0000 0.1577 -0.9875
vn 0.4408 0.1068 -0.8913
vn -0.0000 0.1379 -0.9905
vn 0.0707 0.9837 0.1656
vn 0.1315 0.9852 0.1099
vn 0.0075 1.0000 0.0001
vn 0.1700 0.9854 -0.0000
vn 0.0075 1.0000 -0.0000
vn 0.1315 0.9852 -0.1099
vn 0.0707 0.9837 -0.1655
vn 0.0520 0.9834 -0.1738
vn 0.0522 0.9833 -0.1741
vn -1.0000 -0.0000 -0.0000
vn 0.0074 1.0000 -0.0000
vn 0.2757 -0.0000 0.9612
vn 0.6915 -0.0000 0.7224
vn 0.3801 0.0733 0.9221
vn 0.6916 -0.0000 0.7223
vn 0.9677 -0.0000 0.2519
vn 0.9065 -0.0000 -0.4223
vn -0.0000 0.1577 0.9875
vn -0.0000 0.0683 0.9977
vn -1.0000 -0.0000 0.0001
vn 0.0523 0.9833 0.1742
vn -0.0000 -0.0000 1.0000
vn 0.2757 -0.0000 0.9613
vn 0.3800 0.0732 0.9221
vn -0.8013 0.0708 0.5941
vn -0.3801 0.0733 0.9221
vn -0.3986 0.1452 0.9056
vn -0.3985 0.1453 0.9056
vn -0.7591 0.1401 0.6357
vn -0.9976 0.0695 -0.0000
vn -0.8013 0.0708 0.5940
vn -0.7591 0.1402 0.6356
vn -0.7591 0.1402 0.6357
vn -0.9901 0.1404 -0.0000
vn -0.9976 0.0695 0.0001
vn -0.8029 0.0695 -0.5920
vn -0.9976 0.0695 -0.0001
vn -0.7618 0.1514 -0.6299
vn -0.4408 0.1068 -0.8912
vn -0.8029 0.0695 -0.5921
vn -0.7617 0.1514 -0.6299
vn -0.7617 0.1514 -0.6300
vn -0.3913 0.1540 -0.9073
vn -0.0000 0.1378 -0.9905
vn -0.4408 0.1068 -0.8913
vn -0.3912 0.1540 -0.9073
vn -0.0707 0.9837 0.1656
vn -0.1315 0.9852 0.1099
vn -0.1700 0.9854 -0.0000
vn -0.1315 0.9852 -0.1099
vn -0.0707 0.9837 -0.1655
vn -0.0520 0.9834 -0.1738
vn -0.3800 0.0732 0.9221
vn -0.6915 -0.0000 0.7224
vn -0.2757 -0.0000 0.9612
vn -0.3800 0.0733 0.9221
vn -0.9677 -0.0000 0.2519
vn -0.6916 -0.0000 0.7223
vn -0.9065 -0.0000 -0.4223
vn -0.0521 0.9834 0.1738
vn -0.2757 -0.0000 0.9613
vn -0.2757 -0.0001 0.9613
vn -0.0075 1.0000 0.0001
vn -0.0075 1.0000 -0.0000
vn -0.3801 0.0732 0.9221
vn -0.4409 0.1068 -0.8912
vn -0.0521 0.9834 0.1740
vn -0.0074 1.0000 0.0001
vn -0.3799 0.0733 0.9221
vn 0.7592 0.1401 0.6356
vn 0.7617 0.1513 -0.6300
vn 0.7617 0.1514 -0.6299
vn 0.3912 0.1540 -0.9073
vn -0.0074 1.0000 -0.0000
vn 1.0000 -0.0000 -0.0000
vn 0.9065 -0.0000 -0.4222
vn 0.8029 0.0695 -0.5921
vn 0.0521 0.9834 0.1738
vn -1.0000 -0.0000 -0.0001
vn 0.9769 0.0050 0.2138
vn 0.9763 0.0074 0.2161
vn 0.9765 0.0025 0.2155
vn 0.9765 0.0024 0.2156
vn 0.9769 0.0049 0.2138
vn -0.0323 -0.7504 0.6602
vn 0.5022 -0.6837 0.5295
vn 0.5522 -0.6717 0.4938
vn 0.5523 -0.6717 0.4938
vn 0.0099 -0.8026 0.5964
vn -0.0323 -0.7503 0.6603
vn 0.9726 -0.0050 0.2326
vn 0.9863 0.0024 0.1652
vn 0.9851 0.0050 0.1717
vn 0.9718 -0.0062 0.2355
vn -0.1862 0.5786 0.7941
vn -0.0943 0.8484 0.5209
vn 0.7289 0.5000 0.4677
vn 0.4344 0.6081 0.6645
vn -0.1863 0.5786 0.7941
vn 0.0572 -0.9943 -0.0895
vn 0.0024 -0.9917 -0.1286
vn 0.7326 -0.6780 0.0596
vn 0.7327 -0.6780 0.0596
vn 0.8704 -0.4750 0.1293
vn -0.2554 -0.1513 0.9549
vn -0.2558 -0.1242 0.9587
vn -0.0000 -0.1216 0.9926
vn -0.0000 -0.1217 0.9926
vn -0.4796 -0.1491 0.8647
vn -0.2555 -0.1513 0.9549
vn -0.0000 -0.8922 0.4517
vn -0.0000 -0.8922 0.4516
vn 0.5506 -0.7447 0.3772
vn 0.5507 -0.7446 0.3773
vn -0.0148 0.4184 0.9081
vn -0.1862 0.5786 0.7940
vn 0.4343 0.6081 0.6646
vn 0.4343 0.6080 0.6646
vn 0.2906 0.4333 0.8531
vn -0.0149 0.4184 0.9082
vn -0.9833 -0.0099 -0.1815
vn -0.9828 -0.0026 -0.1848
vn -0.9828 -0.0025 -0.1844
vn -0.9829 -0.0025 -0.1843
vn -0.9829 -0.0124 -0.1837
vn -0.9833 -0.0100 -0.1815
vn 0.0100 -0.8027 0.5964
vn -0.6039 -0.5741 0.5529
vn -0.6039 -0.5741 0.5530
vn -0.4401 -0.5943 0.6732
vn -0.9775 -0.0050 0.2109
vn -0.9784 -0.0049 0.2068
vn -0.9401 -0.0174 0.3404
vn -0.9353 -0.0174 0.3535
vn -0.6628 0.5734 0.4815
vn -0.8639 0.4848 0.1368
vn -0.8639 0.4848 0.1367
vn -0.1863 0.5785 0.7941
vn 0.0571 -0.9944 -0.0894
vn -0.8525 -0.4747 -0.2187
vn -0.6946 -0.6821 -0.2288
vn -0.6945 -0.6821 -0.2288
vn 0.0025 -0.9917 -0.1286
vn 0.0572 -0.9943 -0.0894
vn -0.0186 -0.1488 0.9887
vn -0.4967 -0.1217 0.8593
vn -0.2559 -0.1242 0.9587
vn -0.5507 -0.7446 0.3773
vn -0.2408 0.3587 0.9018
vn -0.6628 0.5734 0.4816
vn -0.1863 0.5786 0.7940
vn -0.0149 0.4183 0.9082
vn -0.9769 0.0049 0.2138
vn -0.9765 0.0024 0.2156
vn -0.9765 0.0025 0.2156
vn -0.9763 0.0074 0.2161
vn 0.0323 -0.7503 0.6603
vn -0.0099 -0.8026 0.5964
vn -0.5523 -0.6717 0.4938
vn -0.5522 -0.6717 0.4938
vn -0.5021 -0.6837 0.5295
vn -0.9726 -0.0050 0.2326
vn -0.9719 -0.0062 0.2355
vn -0.9851 0.0050 0.1717
vn -0.9863 0.0024 0.1652
vn 0.1863 0.5786 0.7940
vn -0.4344 0.6081 0.6645
vn -0.7289 0.5000 0.4677
vn 0.0943 0.8484 0.5209
vn 0.1862 0.5786 0.7941
vn -0.0572 -0.9943 -0.0895
vn -0.8704 -0.4750 0.1293
vn -0.7327 -0.6780 0.0596
vn -0.7326 -0.6780 0.0596
vn -0.0025 -0.9917 -0.1286
vn -0.0571 -0.9943 -0.0895
vn 0.2555 -0.1513 0.9549
vn 0.4795 -0.1491 0.8648
vn 0.2558 -0.1242 0.9587
vn 0.2554 -0.1513 0.9549
vn -0.5506 -0.7447 0.3772
vn 0.0149 0.4184 0.9081
vn -0.2906 0.4333 0.8531
vn -0.4343 0.6081 0.6646
vn 0.0149 0.4184 0.9082
vn 0.9833 -0.0099 -0.1815
vn 0.9829 -0.0124 -0.1838
vn 0.9829 -0.0024 -0.1843
vn 0.9828 -0.0025 -0.1844
vn 0.9828 -0.0026 -0.1848
vn 0.0323 -0.7504 0.6602
vn 0.4401 -0.5943 0.6732
vn 0.6039 -0.5741 0.5530
vn 0.6039 -0.5741 0.5529
vn -0.0100 -0.8026 0.5964
vn 0.0322 -0.7503 0.6603
vn 0.9775 -0.0050 0.2109
vn 0.9353 -0.0174 0.3535
vn 0.9401 -0.0174 0.3404
vn 0.9401 -0.0173 0.3404
vn 0.9783 -0.0048 0.2071
vn 0.9775 -0.0050 0.2108
vn 0.1863 0.5785 0.7941
vn 0.8639 0.4848 0.1367
vn 0.8639 0.4848 0.1368
vn 0.6628 0.5734 0.4815
vn -0.0572 -0.9943 -0.0896
vn 0.6945 -0.6821 -0.2288
vn 0.6946 -0.6821 -0.2288
vn 0.8525 -0.4747 -0.2187
vn 0.2559 -0.1242 0.9587
vn 0.4967 -0.1217 0.8593
vn 0.0186 -0.1487 0.9887
vn 0.6628 0.5734 0.4816
vn 0.2408 0.3587 0.9018
vn 0.9266 0.3752 0.0242
vn 0.6746 0.5367 0.5069
vn 0.6895 0.6298 -0.3577
vn -0.8109 0.5850 0.0165
vn -0.0671 0.9569 -0.2825
vn 0.3305 0.9405 0.0788
vn 0.0522 0.9969 0.0582
vn -0.7299 0.5947 -0.3370
vn -0.7300 0.5946 -0.3370
vn 0.2322 0.8941 0.3831
vn 0.3654 0.8637 -0.3473
vn 0.8749 -0.1491 0.4608
vn 0.8276 -0.1988 0.5249
vn 0.8521 -0.1739 0.4937
vn 0.8945 -0.1241 0.4295
vn 0.8749 -0.1491 0.4607
vn -0.0000 -0.2434 0.9699
vn -0.0025 -0.2435 0.9699
vn -0.0024 -0.2434 0.9699
vn 0.0012 -0.2434 0.9699
vn 0.0001 -0.2457 0.9693
vn 0.8562 -0.1712 -0.4874
vn 0.7991 -0.1093 -0.5911
vn 0.8322 -0.1441 -0.5354
vn 0.8709 -0.1864 -0.4546
vn 0.8562 -0.1713 -0.4874
vn 0.5833 0.1146 0.8041
vn 0.5991 0.0528 0.7989
vn 0.9027 0.0292 0.4292
vn 0.8860 0.0601 0.4597
vn 0.5810 -0.0372 0.8131
vn 0.9031 -0.0410 0.4274
vn 0.5991 0.0527 0.7989
vn -0.0000 0.1389 0.9903
vn -0.0000 0.0602 0.9982
vn 0.5990 0.0528 0.7990
vn 0.5832 0.1146 0.8042
vn 0.0322 0.4532 0.8908
vn 0.8517 0.1912 0.4879
vn 0.8203 0.2842 0.4964
vn 0.5055 0.3266 0.7986
vn 0.0323 0.4532 0.8908
vn 0.8203 0.2842 0.4963
vn 0.9481 0.3004 0.1047
vn -0.9845 0.1753 0.0032
vn -0.7354 0.3168 -0.5991
vn -0.9763 0.1801 -0.1199
vn -0.9763 0.1801 -0.1198
vn -0.9811 0.1143 0.1564
vn -0.9777 0.1143 0.1761
vn -0.9811 0.1143 0.1565
vn -0.9810 0.1142 0.1565
vn -0.9781 0.1068 0.1787
vn -0.0000 0.1944 0.9809
vn 0.5367 0.1472 0.8308
vn 0.0323 0.4531 0.8909
vn -0.1663 0.6205 0.7664
vn -0.0000 0.1945 0.9809
vn 0.8577 0.0985 0.5046
vn 0.5401 -0.0695 0.8387
vn 0.9076 -0.0944 0.4091
vn 0.8943 -0.0869 0.4389
vn 0.8943 -0.0869 0.4388
vn 0.5375 -0.0769 0.8397
vn 0.8861 0.0601 0.4596
vn 0.9028 0.0292 0.4291
vn 0.9998 0.0143 -0.0100
vn 0.9997 0.0239 0.0069
vn 0.9032 -0.0410 0.4273
vn 0.9993 -0.0348 0.0160
vn 0.9859 0.1620 -0.0414
vn 0.9558 0.2239 -0.1906
vn 0.9481 0.3003 0.1047
vn 0.8577 0.0984 0.5046
vn 0.9958 0.0905 0.0151
vn 0.8944 -0.0869 0.4387
vn 0.9941 -0.1068 0.0202
vn 0.9941 -0.1069 0.0202
vn 0.9032 -0.0411 0.4273
vn 0.0001 -0.0621 0.9981
vn 0.5375 -0.0770 0.8398
vn 0.0001 -0.0820 0.9966
vn -0.0000 -0.0621 0.9981
vn 0.8944 -0.0869 0.4388
vn 0.9032 -0.0410 0.4274
vn 0.9076 -0.0944 0.4090
vn 0.9870 -0.1515 -0.0529
vn -0.6625 0.5123 0.5465
vn 0.8861 0.0601 0.4597
vn 0.8577 0.0984 0.5047
vn 0.5368 0.1472 0.8308
vn 0.5367 0.1472 0.8309
vn 0.9958 0.0904 0.0151
vn 0.6285 -0.1913 -0.7539
vn 0.6498 -0.0273 -0.7596
vn 0.9158 -0.0299 -0.4005
vn 0.9158 -0.0299 -0.4004
vn 0.9101 -0.1266 -0.3946
vn 0.6318 0.0757 -0.7714
vn 0.9125 0.0248 -0.4082
vn 0.9158 -0.0298 -0.4004
vn 0.6317 0.0758 -0.7715
vn 0.0001 0.0944 -0.9955
vn 0.5134 0.1029 -0.8519
vn 0.5096 0.0218 -0.8602
vn -0.0000 0.0571 -0.9984
vn 0.5312 0.0739 -0.8440
vn -0.0000 0.1353 -0.9908
vn 0.0001 0.0571 -0.9984
vn 0.0001 0.1353 -0.9908
vn 0.5798 0.1118 -0.8071
vn -0.0000 0.1839 -0.9829
vn -0.0000 0.1267 -0.9919
vn -0.0000 0.1839 -0.9830
vn 0.8977 0.0050 -0.4405
vn 0.5097 0.0217 -0.8601
vn 0.5135 0.1029 -0.8519
vn 0.8860 0.0548 -0.4605
vn 0.8969 0.0199 -0.4417
vn 0.5313 0.0738 -0.8440
vn 0.5096 0.0217 -0.8601
vn 0.5313 0.0739 -0.8440
vn 0.8970 0.0199 -0.4417
vn 0.9033 0.0336 -0.4278
vn 0.9033 0.0336 -0.4277
vn 0.5799 0.1117 -0.8070
vn 0.9125 0.0249 -0.4083
vn 0.6318 0.0758 -0.7715
vn 0.9125 0.0248 -0.4083
vn 0.6558 0.2125 -0.7244
vn 0.2435 0.2223 -0.9441
vn 0.5461 0.2035 -0.8126
vn 0.3873 0.4264 -0.8174
vn 0.7855 0.3210 -0.5291
vn 0.7952 0.3946 -0.4603
vn 0.7952 0.3945 -0.4604
vn 0.5264 0.5482 -0.6499
vn 0.8365 0.2197 -0.5020
vn 0.5641 0.2911 -0.7727
vn 0.5264 0.5481 -0.6499
vn 0.5264 0.5481 -0.6500
vn 0.8365 0.2196 -0.5021
vn -0.0000 0.5433 -0.8395
vn -0.0000 0.3316 -0.9434
vn 0.0242 0.4496 -0.8929
vn -0.0372 0.5881 -0.8079
vn -0.0000 0.5434 -0.8395
vn 0.8604 -0.2382 -0.4504
vn 0.8144 -0.3054 -0.4935
vn 0.5439 -0.2583 -0.7984
vn 0.5226 -0.3326 -0.7850
vn -0.0000 -0.3032 -0.9529
vn 0.0001 -0.4220 -0.9066
vn 0.5225 -0.3327 -0.7851
vn 0.5225 -0.3326 -0.7851
vn 0.5438 -0.2583 -0.7985
vn -0.0000 -0.3031 -0.9529
vn 0.9101 -0.1265 -0.3945
vn 0.9159 -0.0299 -0.4004
vn 0.9993 -0.0348 0.0159
vn 0.9126 0.0248 -0.4081
vn 0.9159 -0.0298 -0.4004
vn 0.9997 0.0239 0.0068
vn 0.8978 0.0050 -0.4404
vn 0.8860 0.0549 -0.4604
vn 0.9998 0.0143 -0.0101
vn 0.8970 0.0199 -0.4416
vn 0.8978 0.0050 -0.4405
vn 0.9126 0.0248 -0.4082
vn 0.9993 -0.0347 0.0160
vn 0.6558 0.2124 -0.7244
vn 0.9558 0.2239 -0.1907
vn 0.9859 0.1620 -0.0415
vn 0.9409 0.2777 -0.1937
vn 0.7953 0.3945 -0.4603
vn 0.9958 0.0905 0.0150
vn 0.7855 0.3210 -0.5290
vn 0.7953 0.3945 -0.4604
vn 0.9870 -0.1516 -0.0530
vn 0.8605 -0.2382 -0.4504
vn 0.8605 -0.2382 -0.4503
vn 0.9870 -0.1515 -0.0530
vn 0.8853 -0.2159 -0.4120
vn 0.5715 -0.3180 -0.7565
vn -0.0000 -0.4024 -0.9154
vn -0.0000 -0.2461 -0.9693
vn 0.6285 -0.1913 -0.7540
vn 0.5714 -0.3180 -0.7566
vn 0.8853 -0.2159 -0.4119
vn 0.9101 -0.1266 -0.3945
vn 0.1646 0.1789 -0.9700
vn 0.5461 0.2036 -0.8126
vn 0.2435 0.2224 -0.9441
vn -0.9711 0.2313 -0.0596
vn -0.9657 0.2156 -0.1448
vn -0.9673 0.2483 0.0517
vn 0.0955 0.9846 -0.1466
vn -0.0000 0.9888 -0.1490
vn -0.0000 0.9889 -0.1483
vn -0.0000 0.9890 -0.1482
vn 0.0943 0.9848 -0.1462
vn 0.0954 0.9846 -0.1466
vn 0.6558 0.2124 -0.7245
vn -0.9404 0.1535 -0.3033
vn -0.9164 0.1014 -0.3873
vn -0.9404 0.1536 -0.3033
vn -0.1695 0.9839 0.0571
vn -0.3575 0.9206 0.1571
vn -0.0919 0.9958 -0.0012
vn -0.9164 0.1013 -0.3873
vn -0.9404 0.1535 -0.3034
vn -0.8701 0.0608 -0.4891
vn -0.8723 0.0608 -0.4851
vn 0.8365 0.2196 -0.5020
vn 0.9958 0.0904 0.0150
vn 0.6251 -0.2580 -0.7367
vn 0.5439 -0.2582 -0.7984
vn 0.8290 -0.3204 -0.4583
vn 0.8291 -0.3204 -0.4583
vn 0.8144 -0.3054 -0.4934
vn 0.0001 0.0945 -0.9955
vn 0.2982 0.2057 -0.9321
vn 0.2983 0.2057 -0.9320
vn 0.5135 0.1030 -0.8519
vn 0.0001 0.1660 -0.9861
vn 0.5642 0.2910 -0.7726
vn 0.5642 0.2910 -0.7727
vn 0.8365 0.2197 -0.5021
vn 0.0521 -0.9326 -0.3572
vn -0.2449 -0.9692 0.0248
vn 0.1827 -0.9195 -0.3480
vn -0.0322 -0.9696 0.2427
vn -0.0248 -0.9363 0.3504
vn -0.0087 -1.0000 -0.0049
vn -0.0087 -0.9999 -0.0050
vn -0.0366 -0.9985 0.0418
vn -0.0000 -0.8726 0.4884
vn -0.0248 -0.9362 0.3505
vn -0.0683 -0.8645 0.4981
vn -0.0683 -0.8644 0.4981
vn -0.0000 -0.8541 0.5201
vn -0.0683 -0.8645 0.4980
vn -0.0087 -1.0000 -0.0050
vn -0.2448 -0.9693 0.0248
vn -0.1006 0.0844 -0.9913
vn -0.0000 0.0770 -0.9970
vn -0.0000 0.1192 -0.9929
vn 0.0124 0.1341 -0.9909
vn -0.1006 0.0845 -0.9913
vn 0.9410 0.2776 -0.1937
vn 0.5460 0.2035 -0.8127
vn 0.1646 0.1788 -0.9700
vn -0.8723 0.0607 -0.4851
vn -0.8701 0.0608 -0.4890
vn -0.8724 0.0619 -0.4848
vn -0.0360 0.1949 -0.9802
vn -0.0000 0.1105 -0.9939
vn 0.6250 -0.2580 -0.7367
vn 0.3179 -0.2061 -0.9255
vn 0.1826 -0.9195 -0.3480
vn -0.0000 -0.9809 -0.1943
vn -0.1119 -0.9719 -0.2069
vn -0.1118 -0.9719 -0.2070
vn -0.0000 -0.9839 -0.1789
vn -0.0000 0.9989 -0.0460
vn -0.0000 0.9996 -0.0273
vn -0.1694 0.9839 0.0571
vn -0.0000 -0.2732 -0.9619
vn -0.0000 -0.2509 -0.9680
vn 0.1465 -0.2509 -0.9569
vn 0.1466 -0.2509 -0.9569
vn 0.2374 -0.2685 -0.9336
vn -0.0000 -0.2733 -0.9619
vn 0.5809 -0.0372 0.8131
vn -0.0000 -0.0460 0.9989
vn -0.0000 -0.0820 0.9966
vn -0.0000 -0.0819 0.9966
vn 0.5375 -0.0769 0.8398
vn -0.0000 0.0603 0.9982
vn -0.0000 0.4625 0.8866
vn -0.0000 0.5179 0.8554
vn 0.1179 0.5159 0.8485
vn 0.1180 0.5159 0.8485
vn 0.1142 0.4426 0.8894
vn -0.0000 0.3614 0.9324
vn -0.0211 0.3552 0.9346
vn -0.0000 0.3488 -0.9372
vn -0.6172 0.3005 -0.7271
vn -0.0000 0.3925 -0.9198
vn -0.0000 0.9964 -0.0848
vn -0.0000 0.7336 0.6796
vn -0.1664 0.6205 0.7664
vn -0.5224 0.8290 0.1995
vn -0.0000 -0.0298 0.9996
vn -0.0000 -0.0373 0.9993
vn -0.0249 -0.0348 0.9991
vn -0.0248 -0.0348 0.9991
vn -0.0025 -0.0323 0.9995
vn -0.0000 -0.2460 -0.9693
vn -0.0000 -0.0273 -0.9996
vn 0.6497 -0.0273 -0.7597
vn 0.6498 -0.0273 -0.7597
vn -0.0000 0.1266 -0.9920
vn -0.0000 0.1266 -0.9919
vn -0.0000 0.9998 0.0214
vn -0.0000 -0.4220 -0.9066
vn -0.0000 -0.4024 -0.9155
vn 0.5714 -0.3180 -0.7565
vn -0.0000 0.3315 -0.9435
vn -0.0000 0.1106 -0.9939
vn -0.0360 0.1950 -0.9802
vn 0.0242 0.4495 -0.8929
vn -0.0000 0.3315 -0.9434
vn 0.3178 -0.2061 -0.9255
vn -0.0000 -0.2831 -0.9591
vn 0.0001 -0.3032 -0.9529
vn -0.0000 -0.9865 -0.1640
vn -0.0000 0.1987 -0.9801
vn -0.8749 -0.1491 0.4607
vn -0.8945 -0.1242 0.4296
vn -0.8521 -0.1739 0.4937
vn -0.8276 -0.1988 0.5249
vn -0.8749 -0.1492 0.4608
vn -0.0012 -0.2434 0.9699
vn 0.0025 -0.2434 0.9699
vn 0.0025 -0.2435 0.9699
vn -0.8562 -0.1713 -0.4874
vn -0.8709 -0.1864 -0.4547
vn -0.8322 -0.1441 -0.5354
vn -0.7991 -0.1093 -0.5911
vn -0.8562 -0.1712 -0.4874
vn -0.5833 0.1146 0.8041
vn -0.8860 0.0601 0.4597
vn -0.9027 0.0292 0.4292
vn -0.5991 0.0528 0.7989
vn -0.5991 0.0527 0.7989
vn -0.9031 -0.0410 0.4274
vn -0.5810 -0.0372 0.8131
vn -0.5832 0.1146 0.8042
vn -0.5990 0.0528 0.7990
vn -0.0323 0.4532 0.8908
vn -0.5055 0.3266 0.7986
vn -0.8203 0.2842 0.4964
vn -0.8517 0.1912 0.4879
vn -0.0322 0.4532 0.8908
vn -0.9481 0.3003 0.1047
vn 0.9845 0.1753 0.0032
vn 0.9811 0.1143 0.1564
vn 0.9763 0.1801 -0.1198
vn 0.9763 0.1801 -0.1199
vn 0.7354 0.3167 -0.5991
vn 0.9777 0.1143 0.1761
vn 0.9781 0.1068 0.1784
vn 0.9810 0.1142 0.1565
vn 0.9811 0.1143 0.1565
vn 0.9845 0.1752 0.0032
vn -0.5367 0.1472 0.8308
vn -0.0001 0.1945 0.9809
vn 0.1663 0.6205 0.7664
vn -0.0323 0.4531 0.8909
vn -0.8577 0.0985 0.5047
vn -0.5401 -0.0695 0.8387
vn -0.5375 -0.0769 0.8397
vn -0.8943 -0.0869 0.4388
vn -0.8943 -0.0869 0.4389
vn -0.9076 -0.0944 0.4091
vn -0.8861 0.0601 0.4596
vn -0.9997 0.0239 0.0069
vn -0.9998 0.0143 -0.0100
vn -0.9028 0.0292 0.4291
vn -0.9993 -0.0348 0.0160
vn -0.9032 -0.0410 0.4273
vn -0.8203 0.2842 0.4963
vn -0.9558 0.2238 -0.1906
vn -0.9558 0.2239 -0.1906
vn -0.9859 0.1620 -0.0414
vn -0.9958 0.0905 0.0151
vn -0.8577 0.0985 0.5046
vn -0.9032 -0.0411 0.4273
vn -0.9941 -0.1069 0.0202
vn -0.9941 -0.1068 0.0202
vn -0.8944 -0.0870 0.4387
vn -0.0001 -0.0820 0.9966
vn -0.5375 -0.0769 0.8398
vn -0.5375 -0.0770 0.8398
vn -0.5401 -0.0696 0.8387
vn -0.0001 -0.0621 0.9981
vn -0.9032 -0.0410 0.4274
vn -0.8943 -0.0870 0.4388
vn -0.9076 -0.0944 0.4090
vn -0.8944 -0.0869 0.4388
vn -0.9870 -0.1515 -0.0529
vn 0.6625 0.5123 0.5465
vn -0.5055 0.3267 0.7986
vn -0.0324 0.4532 0.8908
vn -0.5368 0.1472 0.8308
vn -0.8577 0.0984 0.5047
vn -0.8860 0.0602 0.4597
vn -0.5367 0.1472 0.8309
vn -0.0000 0.1390 0.9903
vn -0.8577 0.0984 0.5046
vn -0.9958 0.0904 0.0151
vn -0.6285 -0.1913 -0.7539
vn -0.9101 -0.1266 -0.3946
vn -0.9158 -0.0299 -0.4004
vn -0.9158 -0.0299 -0.4005
vn -0.6498 -0.0273 -0.7596
vn -0.6317 0.0758 -0.7715
vn -0.9158 -0.0298 -0.4004
vn -0.9125 0.0248 -0.4082
vn -0.6318 0.0758 -0.7714
vn -0.0001 0.0944 -0.9955
vn -0.5096 0.0218 -0.8602
vn -0.5096 0.0217 -0.8602
vn -0.5135 0.1029 -0.8519
vn -0.0001 0.0571 -0.9984
vn -0.5312 0.0739 -0.8440
vn -0.5312 0.0738 -0.8440
vn -0.5798 0.1118 -0.8071
vn -0.5798 0.1117 -0.8071
vn -0.0001 0.1353 -0.9908
vn -0.8977 0.0049 -0.4405
vn -0.8860 0.0548 -0.4605
vn -0.5136 0.1029 -0.8519
vn -0.5097 0.0217 -0.8601
vn -0.8977 0.0050 -0.4405
vn -0.8969 0.0199 -0.4417
vn -0.5096 0.0217 -0.8601
vn -0.5096 0.0218 -0.8601
vn -0.5313 0.0738 -0.8440
vn -0.5313 0.0739 -0.8440
vn -0.5799 0.1117 -0.8070
vn -0.9033 0.0336 -0.4277
vn -0.9033 0.0335 -0.4278
vn -0.8970 0.0199 -0.4417
vn -0.9125 0.0248 -0.4083
vn -0.5798 0.1117 -0.8070
vn -0.6318 0.0758 -0.7715
vn -0.6558 0.2124 -0.7245
vn -0.5461 0.2035 -0.8127
vn -0.2435 0.2223 -0.9441
vn -0.3873 0.4264 -0.8174
vn -0.5264 0.5482 -0.6499
vn -0.7952 0.3945 -0.4604
vn -0.7953 0.3945 -0.4604
vn -0.7855 0.3210 -0.5291
vn -0.8365 0.2197 -0.5020
vn -0.5264 0.5481 -0.6500
vn -0.5264 0.5481 -0.6499
vn -0.5641 0.2911 -0.7727
vn 0.0372 0.5881 -0.8079
vn -0.0242 0.4496 -0.8929
vn -0.8604 -0.2382 -0.4505
vn -0.5226 -0.3326 -0.7850
vn -0.5439 -0.2583 -0.7984
vn -0.8144 -0.3054 -0.4935
vn -0.8604 -0.2382 -0.4504
vn -0.5438 -0.2583 -0.7985
vn -0.5225 -0.3326 -0.7851
vn -0.5225 -0.3327 -0.7851
vn -0.0001 -0.4220 -0.9066
vn -0.0001 -0.3032 -0.9529
vn -0.9101 -0.1266 -0.3945
vn -0.9993 -0.0348 0.0159
vn -0.9159 -0.0299 -0.4004
vn -0.9126 0.0248 -0.4082
vn -0.9159 -0.0298 -0.4004
vn -0.9997 0.0239 0.0068
vn -0.8860 0.0549 -0.4604
vn -0.8978 0.0049 -0.4404
vn -0.9998 0.0143 -0.0101
vn -0.8978 0.0050 -0.4405
vn -0.8970 0.0199 -0.4416
vn -0.9126 0.0248 -0.4081
vn -0.9033 0.0335 -0.4277
vn -0.6558 0.2124 -0.7244
vn -0.9859 0.1620 -0.0415
vn -0.9558 0.2238 -0.1907
vn -0.9558 0.2239 -0.1907
vn -0.5461 0.2035 -0.8126
vn -0.9409 0.2777 -0.1937
vn -0.9958 0.0905 0.0150
vn -0.7855 0.3210 -0.5290
vn -0.9870 -0.1516 -0.0530
vn -0.8605 -0.2382 -0.4504
vn -0.5715 -0.3180 -0.7565
vn -0.8853 -0.2159 -0.4120
vn -0.8853 -0.2159 -0.4119
vn -0.5714 -0.3180 -0.7566
vn -0.6284 -0.1913 -0.7540
vn -0.6285 -0.1913 -0.7540
vn -0.0000 -0.4025 -0.9154
vn -0.1646 0.1789 -0.9700
vn -0.2435 0.2224 -0.9441
vn -0.5461 0.2036 -0.8126
vn 0.9711 0.2313 -0.0596
vn 0.9673 0.2483 0.0517
vn 0.9657 0.2156 -0.1448
vn -0.0955 0.9846 -0.1466
vn -0.0946 0.9847 -0.1463
vn -0.9859 0.1621 -0.0415
vn 0.9404 0.1535 -0.3033
vn 0.9164 0.1014 -0.3873
vn 0.1695 0.9839 0.0571
vn 0.0919 0.9958 -0.0012
vn 0.3575 0.9206 0.1571
vn 0.9164 0.1013 -0.3873
vn 0.8723 0.0608 -0.4852
vn 0.8701 0.0608 -0.4891
vn 0.9404 0.1535 -0.3034
vn -0.9958 0.0904 0.0150
vn -0.6251 -0.2580 -0.7367
vn -0.8290 -0.3204 -0.4583
vn -0.8291 -0.3204 -0.4583
vn -0.8144 -0.3054 -0.4934
vn -0.0001 0.0945 -0.9955
vn -0.2982 0.2057 -0.9321
vn -0.2983 0.2057 -0.9321
vn -0.0001 0.1660 -0.9861
vn -0.0000 0.0945 -0.9955
vn -0.2983 0.2057 -0.9320
vn -0.5135 0.1030 -0.8519
vn -0.8365 0.2197 -0.5021
vn -0.5642 0.2910 -0.7727
vn -0.5642 0.2911 -0.7726
vn -0.0521 -0.9326 -0.3572
vn -0.1827 -0.9195 -0.3480
vn 0.2449 -0.9692 0.0247
vn 0.0322 -0.9696 0.2427
vn 0.0366 -0.9985 0.0418
vn 0.0087 -0.9999 -0.0049
vn 0.0087 -1.0000 -0.0049
vn 0.0248 -0.9363 0.3504
vn -0.0000 -0.8541 0.5202
vn 0.0683 -0.8644 0.4981
vn 0.0683 -0.8645 0.4981
vn 0.0248 -0.9362 0.3505
vn -0.0000 -0.8726 0.4883
vn 0.0249 -0.9362 0.3505
vn 0.0683 -0.8645 0.4980
vn 0.0366 -0.9985 0.0417
vn 0.2448 -0.9693 0.0248
vn 0.0087 -1.0000 -0.0050
vn 0.1006 0.0844 -0.9913
vn -0.0124 0.1341 -0.9909
vn -0.9409 0.2778 -0.1937
vn -0.1646 0.1788 -0.9700
vn 0.8723 0.0606 -0.4852
vn 0.8725 0.0621 -0.4847
vn 0.0360 0.1949 -0.9802
vn -0.3179 -0.2061 -0.9255
vn -0.6250 -0.2580 -0.7367
vn -0.1827 -0.9196 -0.3479
vn 0.1119 -0.9719 -0.2069
vn 0.1119 -0.9719 -0.2070
vn 0.1118 -0.9719 -0.2070
vn -0.1826 -0.9195 -0.3480
vn 0.1694 0.9839 0.0571
vn -0.0000 0.9996 -0.0274
vn 0.0919 0.9958 -0.0013
vn -0.2374 -0.2685 -0.9336
vn -0.1466 -0.2509 -0.9569
vn -0.1465 -0.2509 -0.9569
vn -0.5809 -0.0373 0.8131
vn -0.5809 -0.0372 0.8131
vn -0.1142 0.4426 0.8894
vn -0.1180 0.5159 0.8485
vn -0.1179 0.5159 0.8485
vn 0.0212 0.3552 0.9346
vn -0.0001 0.3614 0.9324
vn -0.0000 0.3925 -0.9197
vn 0.6172 0.3005 -0.7271
vn 0.0001 0.9964 -0.0848
vn 0.5224 0.8290 0.1995
vn 0.1664 0.6205 0.7664
vn 0.0025 -0.0323 0.9995
vn 0.0248 -0.0348 0.9991
vn 0.0249 -0.0348 0.9991
vn -0.6497 -0.0273 -0.7597
vn -0.6498 -0.0273 -0.7597
vn -0.0000 0.9998 0.0211
vn -0.0000 -0.4219 -0.9066
vn -0.5714 -0.3180 -0.7565
vn -0.0242 0.4495 -0.8929
vn 0.0360 0.1950 -0.9802
vn -0.3178 -0.2061 -0.9255
vn -0.0000 -0.3031 -0.9530
vn -0.0000 0.1660 -0.9861
vn -0.6625 0.5124 0.5464
vn -0.5225 0.8290 0.1995
vn -0.6625 0.5124 0.5465
vn -0.6172 0.3006 -0.7271
vn -0.9763 0.1802 -0.1198
vn 0.5225 0.8290 0.1995
vn 0.6625 0.5124 0.5464
vn 0.6624 0.5124 0.5465
vn 0.1663 0.6205 0.7663
vn 0.6172 0.3006 -0.7271
vn 0.7354 0.3168 -0.5991
vn 0.0001 0.1945 0.9809
vn -0.8944 -0.1243 0.4296
vn -0.8709 -0.1864 -0.4546
vn -0.5991 0.0528 0.7990
vn 0.9781 0.1068 0.1787
vn -0.0001 0.0949 -0.9955
vn -0.0000 0.0949 -0.9955
vn -0.9033 0.0336 -0.4278
vn -0.5460 0.2036 -0.8126
vn -0.7855 0.3211 -0.5290
vn 0.0373 0.5881 -0.8079
vn 0.8723 0.0608 -0.4851
vn -0.0000 0.1686 -0.9857
vn -0.5641 0.2910 -0.7727
vn 0.2449 -0.9692 0.0248
vn 0.0087 -0.9999 -0.0050
vn 0.8723 0.0607 -0.4851
vn 0.8724 0.0619 -0.4848
vn 0.8701 0.0608 -0.4890
vn -0.0000 0.1092 -0.9940
vn -0.1826 -0.9196 -0.3479
vn -0.0000 0.1093 -0.9940
vn 0.8945 -0.1242 0.4295
vn -0.0025 -0.2434 0.9699
vn 0.8577 0.0985 0.5047
vn 0.0324 0.4532 0.8908
vn 0.9158 -0.0298 -0.4005
vn 0.6318 0.0757 -0.7715
vn 0.0001 0.0948 -0.9955
vn -0.0000 0.1354 -0.9908
vn 0.8977 0.0049 -0.4405
vn 0.8969 0.0198 -0.4417
vn 0.5798 0.1117 -0.8070
vn 0.9993 -0.0347 0.0159
vn 0.6284 -0.1913 -0.7540
vn 0.0944 0.9847 -0.1462
vn -0.8723 0.0608 -0.4852
vn 0.0001 0.0949 -0.9955
vn 0.1827 -0.9195 -0.3479
vn -0.0087 -0.9999 -0.0049
vn -0.0000 -0.8727 0.4883
vn -0.0366 -0.9985 0.0417
vn -0.8723 0.0606 -0.4852
vn -0.8725 0.0621 -0.4847
vn -0.1118 -0.9719 -0.2069
vn -0.0212 0.3552 0.9346
vn -0.0001 0.9964 -0.0848
vn 0.6625 0.5124 0.5465
vn 0.7354 0.3168 -0.5990
vn -0.6624 0.5124 0.5465
vn -0.1740 -0.9842 -0.0336
vn -0.1587 -0.9861 -0.0501
vn -0.1591 -0.8106 -0.5635
vn -0.1592 -0.8106 -0.5636
vn -0.1743 -0.7964 -0.5791
vn -0.1739 -0.9842 -0.0336
vn -0.1740 -0.9842 -0.0335
vn -0.1693 -0.8665 0.4696
vn -0.1368 -0.8855 0.4440
vn -0.1587 -0.9860 -0.0501
vn -0.9907 -0.0770 -0.1124
vn -0.9964 -0.0844 0.0077
vn -0.4770 -0.0795 -0.8753
vn -0.5266 -0.0944 -0.8449
vn -0.0000 -0.0969 -0.9953
vn -0.5265 -0.0944 -0.8449
vn -0.9964 -0.0843 0.0077
vn -0.5943 -0.1044 0.7975
vn -0.5942 -0.1044 0.7975
vn -0.5190 -0.1291 0.8449
vn -0.9964 -0.0844 0.0078
vn -0.0000 -0.9099 0.4149
vn -0.0000 -0.9006 0.4346
vn 0.0522 -0.8700 0.4903
vn -0.0000 -0.8842 0.4671
vn -0.0000 -0.9099 0.4148
vn -0.0000 -0.9573 0.2892
vn -0.0399 -0.9467 0.3195
vn -0.0398 -0.9467 0.3195
vn -0.0000 -0.9007 0.4345
vn -0.0000 -0.7257 -0.6880
vn -0.0000 -0.7149 -0.6992
vn -0.1742 -0.7964 -0.5792
vn -0.1591 -0.8106 -0.5636
vn -0.0000 -0.9347 0.3555
vn -0.0000 -0.9513 0.3082
vn -0.1693 -0.8665 0.4697
vn -0.0000 -0.1390 0.9903
vn -0.0000 -0.1590 0.9873
vn -0.5190 -0.1291 0.8450
vn -0.0001 -0.1390 0.9903
vn 0.1740 -0.9842 -0.0336
vn 0.1742 -0.7964 -0.5791
vn 0.1591 -0.8106 -0.5635
vn 0.1587 -0.9860 -0.0501
vn 0.1740 -0.9842 -0.0335
vn 0.1368 -0.8855 0.4440
vn 0.1693 -0.8665 0.4696
vn 0.9907 -0.0770 -0.1124
vn 0.5266 -0.0944 -0.8449
vn 0.4770 -0.0795 -0.8753
vn 0.9964 -0.0844 0.0077
vn -0.0000 -0.0689 -0.9976
vn 0.5265 -0.0944 -0.8449
vn 0.9964 -0.0844 0.0078
vn 0.5190 -0.1291 0.8449
vn 0.5943 -0.1044 0.7975
vn -0.0522 -0.8700 0.4903
vn 0.0398 -0.9467 0.3195
vn 0.0399 -0.9467 0.3195
vn 0.1591 -0.8106 -0.5636
vn 0.1742 -0.7964 -0.5792
vn -0.0000 -0.7150 -0.6992
vn 0.1693 -0.8665 0.4697
vn 0.0001 -0.1390 0.9903
vn 0.5942 -0.1044 0.7975
vn 0.5190 -0.1291 0.8450
vn 0.9964 -0.0843 0.0077
vt 0.766900 0.825800
vt 0.763800 0.837200
vt 0.770500 0.838800
vt 0.758800 0.839600
vt 0.810800 0.833700
vt 0.765400 0.825500
vt 0.769000 0.807700
vt 0.765900 0.807400
vt 0.762100 0.825300
vt 0.762700 0.836700
vt 0.759800 0.835700
vt 0.757000 0.839300
vt 0.748700 0.843100
vt 0.770500 0.844400
vt 0.770800 0.839900
vt 0.757300 0.840800
vt 0.749500 0.844300
vt 0.814400 0.838200
vt 0.812200 0.835000
vt 0.814200 0.838100
vt 0.819800 0.824000
vt 0.816500 0.822700
vt 0.815000 0.822000
vt 0.770700 0.808500
vt 0.556500 0.773200
vt 0.556400 0.790900
vt 0.580700 0.786600
vt 0.580700 0.772100
vt 0.556000 0.802400
vt 0.580200 0.803800
vt 0.579100 0.817200
vt 0.605900 0.820700
vt 0.606800 0.806100
vt 0.607600 0.787300
vt 0.608100 0.772100
vt 0.634600 0.789400
vt 0.636100 0.773300
vt 0.633400 0.809300
vt 0.676900 0.796200
vt 0.679600 0.781000
vt 0.706600 0.803700
vt 0.709700 0.789800
vt 0.675100 0.814900
vt 0.632900 0.825400
vt 0.602000 0.832000
vt 0.632600 0.846700
vt 0.675100 0.830000
vt 0.704300 0.820800
vt 0.760100 0.824700
vt 0.763900 0.806700
vt 0.758000 0.834400
vt 0.704800 0.842700
vt 0.743400 0.844900
vt 0.675500 0.843400
vt 0.997300 0.989900
vt 0.912000 0.989900
vt 0.912000 0.966300
vt 0.997300 0.922800
vt 0.905500 0.989900
vt 0.905500 0.966300
vt 0.909800 0.966300
vt 0.909800 0.989900
vt 0.997300 0.918800
vt 0.912000 0.962200
vt 0.910700 0.959600
vt 0.997300 0.914800
vt 0.912000 0.999200
vt 0.912000 0.992400
vt 0.997300 0.992400
vt 0.997300 0.999200
vt 0.749100 0.921900
vt 0.769300 0.922600
vt 0.768900 0.909300
vt 0.749000 0.907900
vt 0.705900 0.919900
vt 0.705800 0.905000
vt 0.672700 0.904400
vt 0.671400 0.919600
vt 0.768400 0.887400
vt 0.748400 0.885400
vt 0.705200 0.881700
vt 0.674300 0.880100
vt 0.769100 0.859600
vt 0.748900 0.854700
vt 0.770500 0.845800
vt 0.915700 0.867900
vt 0.952800 0.883800
vt 0.953600 0.873500
vt 0.919100 0.858300
vt 0.993300 0.903600
vt 0.999200 0.900200
vt 0.953000 0.899600
vt 0.987600 0.908300
vt 0.911400 0.886900
vt 0.881800 0.856900
vt 0.877900 0.877000
vt 0.885100 0.845900
vt 0.841200 0.845200
vt 0.845000 0.832700
vt 0.837100 0.866900
vt 0.835500 0.894200
vt 0.876300 0.897900
vt 0.909900 0.903400
vt 0.950900 0.909300
vt 0.997800 0.908000
vt 0.815700 0.839700
vt 0.821700 0.824700
vt 0.807500 0.861900
vt 0.806800 0.891100
vt 0.835400 0.912900
vt 0.876100 0.913100
vt 0.910200 0.914600
vt 0.877200 0.926200
vt 0.911000 0.922500
vt 0.946700 0.916500
vt 0.914500 0.940900
vt 0.950700 0.931800
vt 0.986200 0.911200
vt 0.988800 0.916300
vt 0.806700 0.911400
vt 0.806300 0.925200
vt 0.836300 0.927100
vt 0.838100 0.950400
vt 0.879800 0.946500
vt 0.769300 0.952500
vt 0.806600 0.951800
vt 0.530800 0.794400
vt 0.529400 0.815400
vt 0.526300 0.850700
vt 0.523400 0.880200
vt 0.603700 0.875100
vt 0.636800 0.877800
vt 0.521000 0.909000
vt 0.603300 0.902700
vt 0.636900 0.903700
vt 0.603600 0.920100
vt 0.636900 0.919600
vt 0.521700 0.923300
vt 0.527800 0.957000
vt 0.604800 0.952500
vt 0.416700 0.816600
vt 0.419400 0.792600
vt 0.362300 0.792100
vt 0.360200 0.823000
vt 0.359200 0.836100
vt 0.412900 0.842700
vt 0.350400 0.917700
vt 0.401000 0.915100
vt 0.348900 0.933200
vt 0.398700 0.930600
vt 0.347300 0.949800
vt 0.397100 0.947000
vt 0.346500 0.961600
vt 0.397800 0.959000
vt 0.344700 0.998100
vt 0.401000 0.994500
vt 0.461800 0.793200
vt 0.462700 0.772200
vt 0.420300 0.771400
vt 0.305700 0.824000
vt 0.308700 0.794000
vt 0.257600 0.796600
vt 0.255600 0.824400
vt 0.459600 0.816200
vt 0.106700 0.817700
vt 0.099400 0.839500
vt 0.203600 0.836100
vt 0.203400 0.822600
vt 0.254900 0.836700
vt 0.305500 0.835700
vt 0.453900 0.853400
vt 0.098200 0.867100
vt 0.199100 0.887000
vt 0.090700 0.846900
vt 0.249500 0.899400
vt 0.299100 0.908100
vt 0.443300 0.906400
vt 0.096700 0.882900
vt 0.191700 0.906500
vt 0.248100 0.915800
vt 0.297900 0.924200
vt 0.440600 0.922500
vt 0.094400 0.898600
vt 0.189800 0.923800
vt 0.243300 0.932800
vt 0.296400 0.940800
vt 0.439000 0.939400
vt 0.091600 0.911800
vt 0.187500 0.936200
vt 0.241300 0.945300
vt 0.294900 0.953100
vt 0.440900 0.951700
vt 0.083900 0.942600
vt 0.180900 0.969400
vt 0.235100 0.981300
vt 0.289700 0.991600
vt 0.502800 0.794100
vt 0.503500 0.773000
vt 0.501100 0.815600
vt 0.496700 0.855700
vt 0.491700 0.891800
vt 0.487700 0.919200
vt 0.488800 0.932800
vt 0.531300 0.773100
vt 0.050600 0.841200
vt 0.057000 0.849200
vt 0.079000 0.861900
vt 0.077600 0.877500
vt 0.075900 0.891800
vt 0.072000 0.906000
vt 0.361300 0.770700
vt 0.115800 0.804700
vt 0.204300 0.800200
vt 0.204100 0.780100
vt 0.110500 0.791700
vt 0.257000 0.775500
vt 0.446000 0.984900
vt 0.309000 0.772200
vt 0.497900 0.965100
vt 0.048100 0.927900
vt 0.748300 0.952400
vt 0.671700 0.951200
vt 0.705600 0.951400
vt 0.637200 0.951400
vt 0.001100 0.883600
vt 0.046900 0.897400
vt 0.049900 0.876700
vt 0.001100 0.865700
vt 0.001100 0.853900
vt 0.049800 0.849500
vt 0.031100 0.830800
vt 0.001100 0.837900
vt 0.001100 0.900300
vt 0.037800 0.827200
vt 0.087500 0.800400
vt 0.031400 0.809200
vt 0.030000 0.810300
vt 0.025800 0.813600
vt 0.032900 0.830100
vt 0.036600 0.828200
vt 0.049600 0.842600
vt 0.050200 0.847900
vt 0.054600 0.848200
vt 0.922600 0.829200
vt 0.922600 0.800400
vt 0.950500 0.772700
vt 0.950500 0.865100
vt 0.957200 0.166800
vt 0.949500 0.158700
vt 0.942100 0.158700
vt 0.934000 0.189000
vt 0.098900 0.298900
vt 0.032900 0.301300
vt 0.065200 0.228400
vt 0.144800 0.225400
vt 0.051000 0.346100
vt 0.035500 0.345100
vt 0.051000 0.029300
vt 0.326100 0.030400
vt 0.163100 0.225800
vt 0.115800 0.302000
vt 0.062400 0.357000
vt 0.342100 0.042800
vt 0.065300 0.228300
vt 0.033100 0.301300
vt 0.144800 0.225600
vt 0.035500 0.344900
vt 0.051300 0.029100
vt 0.030800 0.010300
vt 0.356000 0.010000
vt 0.034000 0.351600
vt 0.010800 0.357500
vt 0.060900 0.363600
vt 0.049500 0.352700
vt 0.364700 0.002400
vt 0.386300 0.016500
vt 0.376300 0.022400
vt 0.025500 0.002200
vt 0.003600 0.012700
vt 0.009500 0.019900
vt 0.017900 0.350400
vt 0.008000 0.304400
vt 0.023200 0.034200
vt 0.039400 0.226300
vt 0.805900 0.795100
vt 0.835100 0.818000
vt 0.835100 0.758300
vt 0.805900 0.740300
vt 0.907800 0.148900
vt 0.931300 0.131900
vt 0.864300 0.130200
vt 0.891500 0.148900
vt 0.683300 0.342400
vt 0.683400 0.001900
vt 0.765800 0.060200
vt 0.765700 0.369500
vt 0.681100 0.689200
vt 0.740900 0.738500
vt 0.740900 0.615200
vt 0.681100 0.565900
vt 0.867400 0.743100
vt 0.867400 0.815900
vt 0.936500 0.773400
vt 0.936500 0.626400
vt 0.765900 0.400200
vt 0.683400 0.374000
vt 0.868800 0.596000
vt 0.867400 0.469100
vt 0.835100 0.457500
vt 0.835100 0.582200
vt 0.835100 0.670400
vt 0.804000 0.657200
vt 0.805900 0.680900
vt 0.835100 0.675800
vt 0.805900 0.436100
vt 0.740900 0.401700
vt 0.804000 0.591800
vt 0.998200 0.576900
vt 0.998200 0.405700
vt 0.936500 0.438300
vt 0.868800 0.659700
vt 0.867400 0.684700
vt 0.858100 0.128200
vt 0.858100 0.398500
vt 0.858100 0.429500
vt 0.998200 0.722100
vt 0.681100 0.390100
vt 0.820900 0.730200
vt 0.820900 0.692000
vt 0.808600 0.684200
vt 0.808600 0.738200
vt 0.809700 0.739000
vt 0.835000 0.754500
vt 0.835300 0.733300
vt 0.821300 0.731300
vt 0.864600 0.687600
vt 0.855500 0.693900
vt 0.855500 0.730200
vt 0.864600 0.740800
vt 0.863100 0.687100
vt 0.835400 0.679600
vt 0.835400 0.688500
vt 0.854600 0.693100
vt 0.820300 0.644200
vt 0.820300 0.602600
vt 0.809100 0.595800
vt 0.809100 0.655100
vt 0.811200 0.655900
vt 0.835500 0.667200
vt 0.835500 0.642600
vt 0.821800 0.645500
vt 0.865000 0.598500
vt 0.855800 0.604700
vt 0.855800 0.644000
vt 0.865000 0.657400
vt 0.862900 0.598400
vt 0.835300 0.590000
vt 0.835300 0.598700
vt 0.854400 0.604100
vt 0.975300 0.149500
vt 0.995400 0.128100
vt 0.935000 0.128500
vt 0.957200 0.149100
vt 0.917900 0.159300
vt 0.907800 0.168200
vt 0.930200 0.186900
vt 0.932000 0.159300
vt 0.862900 0.741400
vt 0.854300 0.731300
vt 0.810300 0.683900
vt 0.821800 0.691300
vt 0.863400 0.658000
vt 0.854800 0.645500
vt 0.811300 0.594700
vt 0.821800 0.601200
vt 0.765800 0.369600
vt 0.765800 0.060100
vt 0.683400 0.342400
vt 0.017800 0.350500
vt 0.008000 0.304500
vt 0.025300 0.002200
vt 0.163100 0.225900
vt 0.061100 0.363700
vt 0.011300 0.357400
vt 0.034600 0.351200
vt 0.050100 0.352600
vt 0.009500 0.019800
vt 0.003500 0.012600
vt 0.765800 0.400300
vt 0.868000 0.159300
vt 0.879100 0.159300
vt 0.891500 0.168200
vt 0.862800 0.189800
vt 0.994500 0.187200
vt 0.975700 0.167400
vt 0.984500 0.159600
vt 0.992500 0.158700
vt 0.024300 0.814300
vt 0.001100 0.819400
vt 0.997000 0.772700
vt 0.997000 0.865100
vt 0.766900 -0.174200
vt 0.770500 -0.161200
vt 0.763800 -0.162800
vt 0.758800 -0.160400
vt 0.810800 -0.166300
vt 0.765400 -0.174500
vt 0.762100 -0.174700
vt 0.765900 -0.192600
vt 0.769000 -0.192300
vt 0.762700 -0.163300
vt 0.759800 -0.164300
vt 0.757000 -0.160700
vt 0.748700 -0.156900
vt 0.770500 -0.155600
vt 0.749500 -0.155700
vt 0.757300 -0.159200
vt 0.770800 -0.160100
vt 0.812200 -0.165000
vt 0.814400 -0.161800
vt 0.816500 -0.177300
vt 0.819800 -0.176000
vt 0.814200 -0.161900
vt 0.770700 -0.191500
vt 0.815000 -0.178000
vt 0.556500 -0.226800
vt 0.580700 -0.227700
vt 0.580700 -0.213400
vt 0.556400 -0.209100
vt 0.580200 -0.196200
vt 0.556000 -0.197600
vt 0.579100 -0.182800
vt 0.606800 -0.193900
vt 0.605900 -0.179300
vt 0.607600 -0.212700
vt 0.608100 -0.228200
vt 0.636100 -0.226700
vt 0.634600 -0.210600
vt 0.633400 -0.190700
vt 0.679600 -0.219000
vt 0.676900 -0.203800
vt 0.709700 -0.210200
vt 0.706600 -0.196300
vt 0.675100 -0.185100
vt 0.632900 -0.174600
vt 0.602000 -0.168000
vt 0.632600 -0.153300
vt 0.675100 -0.170000
vt 0.704300 -0.179200
vt 0.763900 -0.193300
vt 0.760100 -0.175300
vt 0.758000 -0.165600
vt 0.743400 -0.155100
vt 0.704800 -0.157300
vt 0.675500 -0.156600
vt 0.997300 -0.010100
vt 0.997300 -0.077200
vt 0.912000 -0.033700
vt 0.912000 -0.010100
vt 0.905500 -0.010100
vt 0.909800 -0.010100
vt 0.909800 -0.033700
vt 0.905500 -0.033700
vt 0.912000 -0.000800
vt 0.997300 -0.000800
vt 0.997300 -0.007600
vt 0.912000 -0.007600
vt 0.749100 -0.078100
vt 0.749000 -0.092100
vt 0.768900 -0.090700
vt 0.769300 -0.077400
vt 0.705900 -0.080100
vt 0.671400 -0.080400
vt 0.672700 -0.095600
vt 0.705800 -0.095000
vt 0.748400 -0.114600
vt 0.768400 -0.112600
vt 0.674300 -0.119900
vt 0.705200 -0.118300
vt 0.748900 -0.145300
vt 0.769100 -0.140400
vt 0.770500 -0.154200
vt 0.915700 -0.132100
vt 0.919100 -0.141700
vt 0.953600 -0.126500
vt 0.952800 -0.116200
vt 0.999200 -0.099800
vt 0.993300 -0.096400
vt 0.953000 -0.100400
vt 0.987600 -0.091700
vt 0.911400 -0.113100
vt 0.877900 -0.123000
vt 0.881800 -0.143100
vt 0.885100 -0.154100
vt 0.841200 -0.154800
vt 0.845000 -0.167300
vt 0.837100 -0.133100
vt 0.835500 -0.105800
vt 0.876300 -0.102100
vt 0.909900 -0.096600
vt 0.950900 -0.090700
vt 0.997800 -0.092000
vt 0.815700 -0.160300
vt 0.821700 -0.175300
vt 0.807500 -0.138100
vt 0.806800 -0.108900
vt 0.835400 -0.087100
vt 0.876100 -0.086900
vt 0.910200 -0.085400
vt 0.877200 -0.073800
vt 0.911000 -0.077500
vt 0.946700 -0.083500
vt 0.914500 -0.059100
vt 0.950700 -0.068200
vt 0.986200 -0.088800
vt 0.988800 -0.083700
vt 0.806700 -0.088600
vt 0.806300 -0.074800
vt 0.836300 -0.072900
vt 0.838100 -0.049600
vt 0.879800 -0.053500
vt 0.769300 -0.047500
vt 0.806600 -0.048200
vt 0.530800 -0.205600
vt 0.529400 -0.184600
vt 0.526300 -0.149300
vt 0.603700 -0.124900
vt 0.523400 -0.119800
vt 0.636800 -0.122200
vt 0.603300 -0.097300
vt 0.521000 -0.091000
vt 0.636900 -0.096300
vt 0.603600 -0.079900
vt 0.636900 -0.080400
vt 0.521700 -0.076700
vt 0.604800 -0.047500
vt 0.527800 -0.043000
vt 0.416700 -0.183400
vt 0.360200 -0.177000
vt 0.362300 -0.207900
vt 0.419400 -0.207400
vt 0.412900 -0.157300
vt 0.359200 -0.163900
vt 0.401000 -0.084900
vt 0.350400 -0.082300
vt 0.398700 -0.069400
vt 0.348900 -0.066800
vt 0.397100 -0.053000
vt 0.347300 -0.050200
vt 0.397800 -0.041000
vt 0.346500 -0.038400
vt 0.401000 -0.005500
vt 0.344700 -0.001900
vt 0.461800 -0.206800
vt 0.420300 -0.228600
vt 0.462700 -0.227800
vt 0.305700 -0.176000
vt 0.255600 -0.175600
vt 0.257600 -0.203400
vt 0.308700 -0.206000
vt 0.459600 -0.183800
vt 0.106700 -0.182300
vt 0.203400 -0.177400
vt 0.203600 -0.163900
vt 0.099400 -0.160500
vt 0.305500 -0.164300
vt 0.254900 -0.163300
vt 0.453900 -0.146600
vt 0.098200 -0.132900
vt 0.090700 -0.153100
vt 0.199100 -0.113000
vt 0.249500 -0.100600
vt 0.299100 -0.091900
vt 0.443300 -0.093600
vt 0.191700 -0.093500
vt 0.096700 -0.117100
vt 0.297900 -0.075800
vt 0.248100 -0.084200
vt 0.440600 -0.077500
vt 0.094400 -0.101400
vt 0.189800 -0.076200
vt 0.296400 -0.059200
vt 0.243300 -0.067200
vt 0.439000 -0.060600
vt 0.091600 -0.088200
vt 0.187500 -0.063800
vt 0.294900 -0.046900
vt 0.241300 -0.054700
vt 0.440900 -0.048300
vt 0.180900 -0.030600
vt 0.083900 -0.057400
vt 0.235100 -0.018700
vt 0.289700 -0.008400
vt 0.502800 -0.205900
vt 0.503500 -0.227000
vt 0.501100 -0.184400
vt 0.496700 -0.144300
vt 0.491700 -0.108200
vt 0.487700 -0.080800
vt 0.488800 -0.067200
vt 0.531300 -0.226900
vt 0.050600 -0.158800
vt 0.057000 -0.150800
vt 0.077600 -0.122500
vt 0.079000 -0.138100
vt 0.075900 -0.108200
vt 0.072000 -0.094000
vt 0.361300 -0.229300
vt 0.115800 -0.195300
vt 0.110500 -0.208300
vt 0.204100 -0.219900
vt 0.204300 -0.199800
vt 0.257000 -0.224500
vt 0.446000 -0.015100
vt 0.309000 -0.227800
vt 0.497900 -0.034900
vt 0.048100 -0.072100
vt 0.748300 -0.047600
vt 0.705600 -0.048600
vt 0.671700 -0.048800
vt 0.637200 -0.048600
vt 0.001100 -0.116400
vt 0.001100 -0.134300
vt 0.049900 -0.123300
vt 0.046900 -0.102600
vt 0.001100 -0.146100
vt 0.001100 -0.162100
vt 0.031100 -0.169200
vt 0.049800 -0.150500
vt 0.001100 -0.099700
vt 0.037800 -0.172800
vt 0.031400 -0.190800
vt 0.087500 -0.199600
vt 0.030000 -0.189700
vt 0.036600 -0.171800
vt 0.032900 -0.169900
vt 0.025800 -0.186400
vt 0.049600 -0.157400
vt 0.050200 -0.152100
vt 0.054600 -0.151800
vt 0.922600 -0.170800
vt 0.950500 -0.134900
vt 0.950500 -0.227300
vt 0.922600 -0.199600
vt 0.957200 -0.833000
vt 0.934000 -0.811000
vt 0.942100 -0.840100
vt 0.954200 -0.840900
vt 0.098900 -0.701100
vt 0.144800 -0.774600
vt 0.065200 -0.771600
vt 0.032900 -0.698700
vt 0.035500 -0.654900
vt 0.051000 -0.653900
vt 0.326100 -0.969600
vt 0.051000 -0.970700
vt 0.115800 -0.698000
vt 0.163100 -0.774200
vt 0.062400 -0.643000
vt 0.342100 -0.957200
vt 0.065300 -0.771700
vt 0.144800 -0.774400
vt 0.033100 -0.698700
vt 0.035500 -0.655100
vt 0.051300 -0.970900
vt 0.356000 -0.990000
vt 0.030800 -0.989700
vt 0.034000 -0.648400
vt 0.049500 -0.647300
vt 0.060900 -0.636400
vt 0.010800 -0.642500
vt 0.364700 -0.997600
vt 0.376300 -0.977600
vt 0.386300 -0.983500
vt 0.025500 -0.997800
vt 0.009500 -0.980100
vt 0.003600 -0.987300
vt 0.017900 -0.649600
vt 0.008000 -0.695600
vt 0.039400 -0.773700
vt 0.023200 -0.965800
vt 0.805900 -0.204900
vt 0.805900 -0.259700
vt 0.835100 -0.241700
vt 0.835100 -0.182000
vt 0.891200 -0.850700
vt 0.864300 -0.869800
vt 0.931300 -0.868100
vt 0.910900 -0.851300
vt 0.765800 -0.939800
vt 0.683400 -0.998100
vt 0.683300 -0.657600
vt 0.765700 -0.630500
vt 0.681100 -0.310800
vt 0.681100 -0.434100
vt 0.740900 -0.384800
vt 0.740900 -0.261500
vt 0.867400 -0.256900
vt 0.936500 -0.373600
vt 0.936500 -0.226600
vt 0.867400 -0.184100
vt 0.683400 -0.626000
vt 0.765900 -0.599800
vt 0.868800 -0.404000
vt 0.835100 -0.417800
vt 0.835100 -0.542500
vt 0.867400 -0.530900
vt 0.835100 -0.329600
vt 0.835100 -0.324200
vt 0.805900 -0.319100
vt 0.804000 -0.342800
vt 0.805900 -0.563900
vt 0.804000 -0.408200
vt 0.740900 -0.598300
vt 0.998200 -0.423100
vt 0.936500 -0.561700
vt 0.998200 -0.594300
vt 0.868800 -0.340300
vt 0.867400 -0.315300
vt 0.858100 -0.871800
vt 0.858100 -0.601500
vt 0.858100 -0.570500
vt 0.998200 -0.277900
vt 0.681100 -0.609900
vt 0.820900 -0.269800
vt 0.808600 -0.261800
vt 0.808600 -0.315800
vt 0.820900 -0.308000
vt 0.809700 -0.261000
vt 0.821300 -0.268700
vt 0.835000 -0.272000
vt 0.835000 -0.245500
vt 0.864600 -0.312400
vt 0.864600 -0.259200
vt 0.855500 -0.269800
vt 0.855500 -0.306100
vt 0.863100 -0.312900
vt 0.854600 -0.306900
vt 0.835400 -0.311500
vt 0.835400 -0.320400
vt 0.820300 -0.355800
vt 0.809100 -0.344900
vt 0.809100 -0.404200
vt 0.820300 -0.397400
vt 0.811200 -0.344100
vt 0.821800 -0.354500
vt 0.835500 -0.357400
vt 0.835500 -0.332800
vt 0.865000 -0.401500
vt 0.865000 -0.342600
vt 0.855800 -0.356000
vt 0.855800 -0.395300
vt 0.862900 -0.401600
vt 0.854400 -0.395900
vt 0.835300 -0.401300
vt 0.835300 -0.410000
vt 0.957300 -0.850400
vt 0.935000 -0.871500
vt 0.995400 -0.871900
vt 0.975100 -0.850700
vt 0.913800 -0.842500
vt 0.932000 -0.841000
vt 0.930200 -0.813100
vt 0.910000 -0.834500
vt 0.854300 -0.268700
vt 0.862900 -0.258600
vt 0.821800 -0.308700
vt 0.810300 -0.316100
vt 0.854800 -0.354500
vt 0.863400 -0.342000
vt 0.821800 -0.398800
vt 0.811300 -0.405300
vt 0.765800 -0.939900
vt 0.765800 -0.630400
vt 0.683400 -0.657600
vt 0.008000 -0.695500
vt 0.017800 -0.649500
vt 0.025300 -0.997800
vt 0.163100 -0.774100
vt 0.061100 -0.636300
vt 0.050100 -0.647400
vt 0.034600 -0.648800
vt 0.011300 -0.642600
vt 0.003500 -0.987400
vt 0.009500 -0.980200
vt 0.765800 -0.599700
vt 0.889000 -0.841800
vt 0.868000 -0.838800
vt 0.862800 -0.810200
vt 0.891800 -0.835200
vt 0.975100 -0.832700
vt 0.994500 -0.812800
vt 0.996500 -0.842700
vt 0.978800 -0.842100
vt 0.024300 -0.185700
vt 0.001100 -0.180600
vt 0.997000 -0.227300
vt 0.997000 -0.134900
vt 0.883400 0.038100
vt 0.997100 0.047000
vt 0.997100 0.037000
vt 0.883400 0.019500
vt 0.883400 0.063000
vt 0.997100 0.063000
vt 0.883400 0.090200
vt 0.997100 0.076500
vt 0.883400 0.107800
vt 0.997100 0.086400
vt 0.997100 0.094400
vt 0.883400 0.122100
vt 0.455900 0.009200
vt 0.432200 0.024000
vt 0.477400 0.061800
vt 0.418600 0.061800
vt 0.432200 0.100400
vt 0.455900 0.114000
vt 0.477400 0.120500
vt 0.477400 0.117500
vt 0.731600 0.019500
vt 0.755300 0.038100
vt 0.789600 0.063000
vt 0.848800 0.090200
vt 0.997100 0.028800
vt 0.883400 0.004900
vt 0.477400 0.004800
vt 0.477400 0.001800
vt 0.732000 0.004900
vt 1.883400 0.038100
vt 1.883400 0.019500
vt 1.997100 0.037000
vt 1.997100 0.047000
vt 1.883400 0.063000
vt 1.997100 0.063000
vt 1.883400 0.090200
vt 1.997100 0.076500
vt 1.883400 0.107800
vt 1.997100 0.086400
vt 1.997100 0.094400
vt 1.883400 0.122100
vt 1.455900 0.009200
vt 1.477400 0.061800
vt 1.432200 0.024000
vt 1.418600 0.061800
vt 1.432200 0.100400
vt 1.455900 0.114000
vt 1.477400 0.120500
vt 1.477400 0.117500
vt 1.755300 0.038100
vt 1.731600 0.019500
vt 1.789600 0.063000
vt 1.848800 0.090200
vt 1.997100 0.028800
vt 1.883400 0.004900
vt 1.477400 0.001800
vt 1.477400 0.004800
vt 1.732000 0.004900
vt 0.883400 -0.961900
vt 0.883400 -0.980500
vt 0.997100 -0.963000
vt 0.997100 -0.953000
vt 0.883400 -0.937000
vt 0.997100 -0.937000
vt 0.883400 -0.909800
vt 0.997100 -0.923500
vt 0.883400 -0.892200
vt 0.997100 -0.913600
vt 0.997100 -0.905600
vt 0.883400 -0.877900
vt 0.455900 -0.990800
vt 0.477400 -0.938200
vt 0.432200 -0.976000
vt 0.418600 -0.938200
vt 0.432200 -0.899600
vt 0.455900 -0.886000
vt 0.477400 -0.882500
vt 0.477400 -0.879500
vt 0.755300 -0.961900
vt 0.731600 -0.980500
vt 0.789600 -0.937000
vt 0.848800 -0.909800
vt 0.997100 -0.971200
vt 0.883400 -0.995100
vt 0.477400 -0.998200
vt 0.477400 -0.995200
vt 0.732000 -0.995100
vt 1.883400 -0.961900
vt 1.997100 -0.953000
vt 1.997100 -0.963000
vt 1.883400 -0.980500
vt 1.883400 -0.937000
vt 1.997100 -0.937000
vt 1.883400 -0.909800
vt 1.997100 -0.923500
vt 1.883400 -0.892200
vt 1.997100 -0.913600
vt 1.997100 -0.905600
vt 1.883400 -0.877900
vt 1.455900 -0.990800
vt 1.432200 -0.976000
vt 1.477400 -0.938200
vt 1.418600 -0.938200
vt 1.432200 -0.899600
vt 1.455900 -0.886000
vt 1.477400 -0.879500
vt 1.477400 -0.882500
vt 1.731600 -0.980500
vt 1.755300 -0.961900
vt 1.789600 -0.937000
vt 1.848800 -0.909800
vt 1.997100 -0.971200
vt 1.883400 -0.995100
vt 1.477400 -0.998200
vt 1.477400 -0.995200
vt 1.732000 -0.995100
vt 0.238000 0.185800
vt 0.377400 0.185800
vt 0.377400 0.440900
vt 0.070800 0.440900
vt 0.421000 0.467600
vt 0.401000 0.467600
vt 0.383800 0.449100
vt 0.393600 0.449100
vt 0.022800 0.474900
vt 0.395200 0.474900
vt 0.395200 0.496700
vt 0.070800 0.449100
vt 0.377400 0.449100
vt 0.394800 0.468100
vt 0.022800 0.468100
vt 0.049800 0.434600
vt 0.221100 0.182100
vt 0.226400 0.185800
vt 0.059200 0.441000
vt 0.393600 0.185600
vt 0.393600 0.440900
vt 0.383800 0.440900
vt 0.383800 0.185600
vt 0.238100 0.173800
vt 0.377300 0.173800
vt 0.377400 0.180700
vt 0.238000 0.180700
vt 0.421000 0.474900
vt 0.421000 0.496700
vt 0.401700 0.496700
vt 0.401700 0.474900
vt 0.003800 0.450500
vt 0.017300 0.459600
vt 1.238000 0.185800
vt 1.070800 0.440900
vt 1.377400 0.440900
vt 1.377400 0.185800
vt 1.421000 0.467600
vt 1.393600 0.449100
vt 1.383800 0.449100
vt 1.401000 0.467600
vt 1.022800 0.474900
vt 1.395200 0.496700
vt 1.395200 0.474900
vt 1.070800 0.449100
vt 1.022800 0.468100
vt 1.394800 0.468100
vt 1.377400 0.449100
vt 1.049800 0.434600
vt 1.059200 0.441000
vt 1.226400 0.185800
vt 1.221100 0.182100
vt 1.393600 0.185600
vt 1.383800 0.185600
vt 1.383800 0.440900
vt 1.393600 0.440900
vt 1.238100 0.173800
vt 1.238000 0.180700
vt 1.377400 0.180700
vt 1.377300 0.173800
vt 1.421000 0.474900
vt 1.401700 0.474900
vt 1.401700 0.496700
vt 1.421000 0.496700
vt 1.003800 0.450500
vt 1.017300 0.459600
vt 0.238000 1.185800
vt 0.070800 1.440900
vt 0.377400 1.440900
vt 0.377400 1.185800
vt 0.421000 1.467600
vt 0.393600 1.449100
vt 0.383800 1.449100
vt 0.401000 1.467600
vt 0.022800 1.474900
vt 0.395200 1.496700
vt 0.395200 1.474900
vt 0.070800 1.449100
vt 0.022800 1.468100
vt 0.394800 1.468100
vt 0.377400 1.449100
vt 0.049800 1.434600
vt 0.059200 1.441000
vt 0.226400 1.185800
vt 0.221100 1.182100
vt 0.393600 1.185600
vt 0.383800 1.185600
vt 0.383800 1.440900
vt 0.393600 1.440900
vt 0.238100 1.173800
vt 0.238000 1.180700
vt 0.377400 1.180700
vt 0.377300 1.173800
vt 0.421000 1.474900
vt 0.401700 1.474900
vt 0.401700 1.496700
vt 0.421000 1.496700
vt 0.003800 1.450500
vt 0.017300 1.459600
vt 1.238000 1.185800
vt 1.377400 1.185800
vt 1.377400 1.440900
vt 1.070800 1.440900
vt 1.421000 1.467600
vt 1.401000 1.467600
vt 1.383800 1.449100
vt 1.393600 1.449100
vt 1.022800 1.474900
vt 1.395200 1.474900
vt 1.395200 1.496700
vt 1.070800 1.449100
vt 1.377400 1.449100
vt 1.394800 1.468100
vt 1.022800 1.468100
vt 1.049800 1.434600
vt 1.221100 1.182100
vt 1.226400 1.185800
vt 1.059200 1.441000
vt 1.393600 1.185600
vt 1.393600 1.440900
vt 1.383800 1.440900
vt 1.383800 1.185600
vt 1.238100 1.173800
vt 1.377300 1.173800
vt 1.377400 1.180700
vt 1.238000 1.180700
vt 1.421000 1.474900
vt 1.421000 1.496700
vt 1.401700 1.496700
vt 1.401700 1.474900
vt 1.003800 1.450500
vt 1.017300 1.459600
vt 0.869500 0.238400
vt 0.988400 0.267300
vt 0.968300 0.317900
vt 0.869500 0.317900
vt 0.869500 0.199900
vt 0.995300 0.238400
vt 0.988400 0.262900
vt 0.869500 0.234000
vt 0.869500 0.322100
vt 0.968300 0.322100
vt 0.985000 0.368900
vt 0.869500 0.403100
vt 0.356800 0.539300
vt 0.302100 0.536300
vt 0.301700 0.582000
vt 0.355500 0.583700
vt 0.178200 0.532300
vt 0.179400 0.580100
vt 0.358900 0.504800
vt 0.303100 0.499800
vt 0.506600 0.561500
vt 0.480000 0.593200
vt 0.542500 0.603700
vt 0.548200 0.582800
vt 0.610900 0.618300
vt 0.479500 0.403400
vt 0.479500 0.481200
vt 0.406500 0.358900
vt 0.406500 0.244300
vt 0.479500 0.241300
vt 0.406500 0.076600
vt 0.416800 0.513700
vt 0.413800 0.546000
vt 0.493800 0.549300
vt 0.411000 0.586400
vt 0.022100 0.537600
vt 0.006800 0.576800
vt 0.087600 0.578100
vt 0.093900 0.534600
vt 0.302000 0.629900
vt 0.354500 0.629700
vt 0.180000 0.629200
vt 0.456600 0.629800
vt 0.543000 0.625500
vt 0.410500 0.629800
vt 0.085700 0.628900
vt 0.025100 0.515700
vt 0.096600 0.507300
vt 0.004200 0.629800
vt 0.509200 0.558200
vt 0.120900 0.730800
vt 0.161000 0.735800
vt 0.162900 0.690400
vt 0.123000 0.687300
vt 0.204100 0.735900
vt 0.205300 0.690600
vt 0.376000 0.756300
vt 0.372500 0.719300
vt 0.331700 0.723700
vt 0.333900 0.759500
vt 0.299200 0.727200
vt 0.301200 0.762300
vt 0.253300 0.732200
vt 0.254300 0.768100
vt 0.203500 0.773000
vt 0.330400 0.684800
vt 0.371200 0.684200
vt 0.298300 0.685600
vt 0.253400 0.688400
vt 0.512400 0.645600
vt 0.515100 0.659900
vt 0.543000 0.640900
vt 0.458300 0.680000
vt 0.447400 0.659400
vt 0.428500 0.669600
vt 0.433900 0.697300
vt 0.409600 0.678600
vt 0.418100 0.713100
vt 0.672200 0.544500
vt 0.672200 0.392400
vt 0.590900 0.444400
vt 0.590900 0.544500
vt 0.045400 0.673500
vt 0.022900 0.668200
vt 0.022400 0.701600
vt 0.043200 0.708000
vt 0.018900 0.728600
vt 0.038000 0.736600
vt 0.610600 0.628200
vt 0.081600 0.680900
vt 0.079100 0.719800
vt 0.073900 0.752000
vt 0.117000 0.766600
vt 0.541200 0.651000
vt 0.582500 0.544500
vt 0.547600 0.511100
vt 0.538300 0.568300
vt 0.486000 0.024700
vt 0.539700 0.024700
vt 0.539700 0.046000
vt 0.486000 0.046000
vt 0.582500 0.444400
vt 0.560300 0.433900
vt 0.591000 0.550600
vt 0.591000 0.596400
vt 0.631200 0.616500
vt 0.582500 0.324100
vt 0.569100 0.274400
vt 0.006000 0.697300
vt 0.004100 0.663500
vt 0.415200 0.731600
vt 0.697300 0.711700
vt 0.649900 0.676300
vt 0.688100 0.715900
vt 0.503900 0.672400
vt 0.511600 0.707500
vt 0.602100 0.665100
vt 0.600100 0.654300
vt 0.512200 0.765400
vt 0.445400 0.716300
vt 0.434700 0.765400
vt 0.590900 0.200200
vt 0.672200 0.252200
vt 0.672200 0.007400
vt 0.590900 0.007400
vt 0.582500 0.200400
vt 0.590900 0.323500
vt 0.005500 0.710800
vt 0.695200 0.767600
vt 0.709100 0.731600
vt 0.672700 0.623400
vt 0.992200 0.399300
vt 0.869500 0.443200
vt 0.869500 0.408200
vt 0.985000 0.374000
vt 0.177200 0.499800
vt 0.539700 0.422900
vt 0.539700 0.504900
vt 0.486000 0.480800
vt 0.486000 0.417900
vt 0.539700 0.243900
vt 0.486000 0.243900
vt 0.406500 0.432100
vt 0.406500 0.395500
vt 0.479500 0.522200
vt 0.496100 0.531800
vt 0.492200 0.533000
vt 0.497000 0.547100
vt 0.539700 0.052000
vt 0.539700 0.236500
vt 0.486000 0.236500
vt 0.486000 0.052000
vt 0.158800 0.772900
vt 0.672700 0.550600
vt 0.003500 0.723300
vt 0.709100 0.767600
vt 0.417100 0.749200
vt 1.869500 0.238400
vt 1.869500 0.317900
vt 1.968300 0.317900
vt 1.988400 0.267300
vt 1.869500 0.199900
vt 1.869500 0.234000
vt 1.988400 0.262900
vt 1.995300 0.238400
vt 1.869500 0.322100
vt 1.869500 0.403100
vt 1.985000 0.368900
vt 1.968300 0.322100
vt 1.356800 0.539300
vt 1.355500 0.583700
vt 1.301700 0.582000
vt 1.302100 0.536300
vt 1.179400 0.580100
vt 1.178200 0.532300
vt 1.358900 0.504800
vt 1.303100 0.499800
vt 1.506600 0.561500
vt 1.548200 0.582800
vt 1.542500 0.603700
vt 1.480000 0.593200
vt 1.610900 0.618300
vt 1.479500 0.403400
vt 1.406500 0.244300
vt 1.406500 0.358900
vt 1.479500 0.481200
vt 1.479500 0.241300
vt 1.406500 0.076600
vt 1.413800 0.546000
vt 1.416800 0.513700
vt 1.499400 0.547300
vt 1.411000 0.586400
vt 1.022100 0.537600
vt 1.093900 0.534600
vt 1.087600 0.578100
vt 1.006800 0.576800
vt 1.354500 0.629700
vt 1.302000 0.629900
vt 1.180000 0.629200
vt 1.543000 0.625500
vt 1.456600 0.629800
vt 1.410500 0.629800
vt 1.085700 0.628900
vt 1.025100 0.515700
vt 1.096600 0.507300
vt 1.004200 0.629800
vt 1.509200 0.558200
vt 1.120900 0.730800
vt 1.123000 0.687300
vt 1.162900 0.690400
vt 1.161000 0.735800
vt 1.204100 0.735900
vt 1.205300 0.690600
vt 1.376000 0.756300
vt 1.333900 0.759500
vt 1.331700 0.723700
vt 1.372500 0.719300
vt 1.301200 0.762300
vt 1.299200 0.727200
vt 1.254300 0.768100
vt 1.253300 0.732200
vt 1.203500 0.773000
vt 1.330400 0.684800
vt 1.371200 0.684200
vt 1.298300 0.685600
vt 1.253400 0.688400
vt 1.512400 0.645600
vt 1.543000 0.640900
vt 1.515100 0.659900
vt 1.458300 0.680000
vt 1.433900 0.697300
vt 1.428500 0.669600
vt 1.447400 0.659400
vt 1.409600 0.678600
vt 1.418100 0.713100
vt 1.672200 0.544500
vt 1.590900 0.544500
vt 1.590900 0.444400
vt 1.672200 0.392400
vt 1.045400 0.673500
vt 1.043200 0.708000
vt 1.022400 0.701600
vt 1.022900 0.668200
vt 1.018900 0.728600
vt 1.038000 0.736600
vt 1.610600 0.628200
vt 1.079100 0.719800
vt 1.081600 0.680900
vt 1.073900 0.752000
vt 1.117000 0.766600
vt 1.541200 0.651000
vt 1.582500 0.544500
vt 1.538300 0.568300
vt 1.547600 0.511100
vt 1.486000 0.024700
vt 1.486000 0.046000
vt 1.539700 0.046000
vt 1.539700 0.024700
vt 1.582500 0.444400
vt 1.560300 0.433900
vt 1.591000 0.550600
vt 1.631200 0.616500
vt 1.591000 0.596400
vt 1.569100 0.274400
vt 1.582500 0.324100
vt 1.006000 0.697300
vt 1.004100 0.663500
vt 1.415200 0.731600
vt 1.697300 0.711700
vt 1.688100 0.715900
vt 1.649900 0.676300
vt 1.503900 0.672400
vt 1.600100 0.654300
vt 1.602100 0.665100
vt 1.511600 0.707500
vt 1.512200 0.765400
vt 1.434700 0.765400
vt 1.445400 0.716300
vt 1.590900 0.200200
vt 1.590900 0.007400
vt 1.672200 0.007400
vt 1.672200 0.252200
vt 1.582500 0.200400
vt 1.590900 0.323500
vt 1.005500 0.710800
vt 1.695200 0.767600
vt 1.709100 0.731600
vt 1.672700 0.623400
vt 1.992200 0.399300
vt 1.985000 0.374000
vt 1.869500 0.408200
vt 1.869500 0.443200
vt 1.177200 0.499800
vt 1.539700 0.422900
vt 1.486000 0.417900
vt 1.486000 0.480800
vt 1.539700 0.504900
vt 1.539700 0.243900
vt 1.486000 0.243900
vt 1.406500 0.432100
vt 1.479500 0.522200
vt 1.406500 0.395500
vt 1.492200 0.533000
vt 1.496100 0.531800
vt 1.502700 0.545000
vt 1.539700 0.052000
vt 1.486000 0.052000
vt 1.486000 0.236500
vt 1.539700 0.236500
vt 1.158800 0.772900
vt 1.672700 0.550600
vt 1.003500 0.723300
vt 1.709100 0.767600
vt 1.417100 0.749200
vt 0.869500 -0.761600
vt 0.869500 -0.682100
vt 0.968300 -0.682100
vt 0.988400 -0.732700
vt 0.869500 -0.800100
vt 0.869500 -0.766000
vt 0.988400 -0.737100
vt 0.995300 -0.761600
vt 0.869500 -0.677900
vt 0.869500 -0.596900
vt 0.985000 -0.631100
vt 0.968300 -0.677900
vt 0.356800 -0.460700
vt 0.355500 -0.416300
vt 0.301700 -0.418000
vt 0.302100 -0.463700
vt 0.179400 -0.419900
vt 0.178200 -0.467700
vt 0.358900 -0.495200
vt 0.303100 -0.500200
vt 0.506600 -0.438500
vt 0.548200 -0.417200
vt 0.542500 -0.396300
vt 0.480000 -0.406800
vt 0.610900 -0.381700
vt 0.479500 -0.596600
vt 0.406500 -0.755700
vt 0.406500 -0.641100
vt 0.479500 -0.518800
vt 0.479500 -0.758700
vt 0.406500 -0.923400
vt 0.413800 -0.454000
vt 0.416800 -0.486300
vt 0.499400 -0.452700
vt 0.411000 -0.413600
vt 0.022100 -0.462400
vt 0.093900 -0.465400
vt 0.087600 -0.421900
vt 0.006800 -0.423200
vt 0.354500 -0.370300
vt 0.302000 -0.370100
vt 0.180000 -0.370800
vt 0.543000 -0.374500
vt 0.456600 -0.370200
vt 0.410500 -0.370200
vt 0.085700 -0.371100
vt 0.025100 -0.484300
vt 0.096600 -0.492700
vt 0.004200 -0.370200
vt 0.509200 -0.441800
vt 0.120900 -0.269200
vt 0.123000 -0.312700
vt 0.162900 -0.309600
vt 0.161000 -0.264200
vt 0.204100 -0.264100
vt 0.205300 -0.309400
vt 0.376000 -0.243700
vt 0.333900 -0.240500
vt 0.331700 -0.276300
vt 0.372500 -0.280700
vt 0.301200 -0.237700
vt 0.299200 -0.272800
vt 0.254300 -0.231900
vt 0.253300 -0.267800
vt 0.203500 -0.227000
vt 0.330400 -0.315200
vt 0.371200 -0.315800
vt 0.298300 -0.314400
vt 0.253400 -0.311600
vt 0.512400 -0.354400
vt 0.543000 -0.359100
vt 0.515100 -0.340100
vt 0.458300 -0.320000
vt 0.433900 -0.302700
vt 0.428500 -0.330400
vt 0.447400 -0.340600
vt 0.409600 -0.321400
vt 0.418100 -0.286900
vt 0.672200 -0.455500
vt 0.590900 -0.455500
vt 0.590900 -0.555600
vt 0.672200 -0.607600
vt 0.045400 -0.326500
vt 0.043200 -0.292000
vt 0.022400 -0.298400
vt 0.022900 -0.331800
vt 0.018900 -0.271400
vt 0.038000 -0.263400
vt 0.610600 -0.371800
vt 0.079100 -0.280200
vt 0.081600 -0.319100
vt 0.073900 -0.248000
vt 0.117000 -0.233400
vt 0.541200 -0.349000
vt 0.582500 -0.455500
vt 0.538300 -0.431700
vt 0.547600 -0.488900
vt 0.486000 -0.975300
vt 0.486000 -0.954000
vt 0.539700 -0.954000
vt 0.539700 -0.975300
vt 0.582500 -0.555600
vt 0.560300 -0.566100
vt 0.591000 -0.449400
vt 0.631200 -0.383500
vt 0.591000 -0.403600
vt 0.569100 -0.725600
vt 0.582500 -0.675900
vt 0.006000 -0.302700
vt 0.004100 -0.336500
vt 0.415200 -0.268400
vt 0.697300 -0.288300
vt 0.688100 -0.284100
vt 0.649900 -0.323700
vt 0.503900 -0.327600
vt 0.600100 -0.345700
vt 0.602100 -0.334900
vt 0.511600 -0.292500
vt 0.512200 -0.234600
vt 0.434700 -0.234600
vt 0.445400 -0.283700
vt 0.590900 -0.799800
vt 0.590900 -0.992600
vt 0.672200 -0.992600
vt 0.672200 -0.747800
vt 0.582500 -0.799600
vt 0.590900 -0.676500
vt 0.005500 -0.289200
vt 0.695200 -0.232400
vt 0.709100 -0.268400
vt 0.672700 -0.376600
vt 0.992200 -0.600700
vt 0.985000 -0.626000
vt 0.869500 -0.591800
vt 0.869500 -0.556800
vt 0.177200 -0.500200
vt 0.539700 -0.577100
vt 0.486000 -0.582100
vt 0.486000 -0.519200
vt 0.539700 -0.495100
vt 0.539700 -0.756100
vt 0.486000 -0.756100
vt 0.406500 -0.567900
vt 0.479500 -0.477800
vt 0.406500 -0.604500
vt 0.496100 -0.468200
vt 0.502700 -0.455000
vt 0.492200 -0.467000
vt 0.539700 -0.948000
vt 0.486000 -0.948000
vt 0.486000 -0.763500
vt 0.539700 -0.763500
vt 0.158800 -0.227100
vt 0.672700 -0.449400
vt 0.003500 -0.276700
vt 0.709100 -0.232400
vt 0.417100 -0.250800
vt 1.869500 -0.761600
vt 1.988400 -0.732700
vt 1.968300 -0.682100
vt 1.869500 -0.682100
vt 1.869500 -0.800100
vt 1.995300 -0.761600
vt 1.988400 -0.737100
vt 1.869500 -0.766000
vt 1.869500 -0.677900
vt 1.968300 -0.677900
vt 1.985000 -0.631100
vt 1.869500 -0.596900
vt 1.356800 -0.460700
vt 1.302100 -0.463700
vt 1.301700 -0.418000
vt 1.355500 -0.416300
vt 1.178200 -0.467700
vt 1.179400 -0.419900
vt 1.358900 -0.495200
vt 1.303100 -0.500200
vt 1.506600 -0.438500
vt 1.480000 -0.406800
vt 1.542500 -0.396300
vt 1.548200 -0.417200
vt 1.610900 -0.381700
vt 1.479500 -0.596600
vt 1.479500 -0.518800
vt 1.406500 -0.641100
vt 1.406500 -0.755700
vt 1.479500 -0.758700
vt 1.406500 -0.923400
vt 1.416800 -0.486300
vt 1.413800 -0.454000
vt 1.499400 -0.452700
vt 1.411000 -0.413600
vt 1.022100 -0.462400
vt 1.006800 -0.423200
vt 1.087600 -0.421900
vt 1.093900 -0.465400
vt 1.302000 -0.370100
vt 1.354500 -0.370300
vt 1.180000 -0.370800
vt 1.456600 -0.370200
vt 1.543000 -0.374500
vt 1.410500 -0.370200
vt 1.085700 -0.371100
vt 1.025100 -0.484300
vt 1.096600 -0.492700
vt 1.004200 -0.370200
vt 1.509200 -0.441800
vt 1.120900 -0.269200
vt 1.161000 -0.264200
vt 1.162900 -0.309600
vt 1.123000 -0.312700
vt 1.204100 -0.264100
vt 1.205300 -0.309400
vt 1.376000 -0.243700
vt 1.372500 -0.280700
vt 1.331700 -0.276300
vt 1.333900 -0.240500
vt 1.299200 -0.272800
vt 1.301200 -0.237700
vt 1.253300 -0.267800
vt 1.254300 -0.231900
vt 1.203500 -0.227000
vt 1.330400 -0.315200
vt 1.371200 -0.315800
vt 1.298300 -0.314400
vt 1.253400 -0.311600
vt 1.512400 -0.354400
vt 1.515100 -0.340100
vt 1.543000 -0.359100
vt 1.458300 -0.320000
vt 1.447400 -0.340600
vt 1.428500 -0.330400
vt 1.433900 -0.302700
vt 1.409600 -0.321400
vt 1.418100 -0.286900
vt 1.672200 -0.455500
vt 1.672200 -0.607600
vt 1.590900 -0.555600
vt 1.590900 -0.455500
vt 1.045400 -0.326500
vt 1.022900 -0.331800
vt 1.022400 -0.298400
vt 1.043200 -0.292000
vt 1.018900 -0.271400
vt 1.038000 -0.263400
vt 1.610600 -0.371800
vt 1.081600 -0.319100
vt 1.079100 -0.280200
vt 1.073900 -0.248000
vt 1.117000 -0.233400
vt 1.541200 -0.349000
vt 1.582500 -0.455500
vt 1.547600 -0.488900
vt 1.538300 -0.431700
vt 1.486000 -0.975300
vt 1.539700 -0.975300
vt 1.539700 -0.954000
vt 1.486000 -0.954000
vt 1.582500 -0.555600
vt 1.560300 -0.566100
vt 1.591000 -0.449400
vt 1.591000 -0.403600
vt 1.631200 -0.383500
vt 1.582500 -0.675900
vt 1.569100 -0.725600
vt 1.006000 -0.302700
vt 1.004100 -0.336500
vt 1.415200 -0.268400
vt 1.697300 -0.288300
vt 1.649900 -0.323700
vt 1.688100 -0.284100
vt 1.503900 -0.327600
vt 1.511600 -0.292500
vt 1.602100 -0.334900
vt 1.600100 -0.345700
vt 1.512200 -0.234600
vt 1.445400 -0.283700
vt 1.434700 -0.234600
vt 1.590900 -0.799800
vt 1.672200 -0.747800
vt 1.672200 -0.992600
vt 1.590900 -0.992600
vt 1.582500 -0.799600
vt 1.590900 -0.676500
vt 1.005500 -0.289200
vt 1.695200 -0.232400
vt 1.709100 -0.268400
vt 1.672700 -0.376600
vt 1.992200 -0.600700
vt 1.869500 -0.556800
vt 1.869500 -0.591800
vt 1.985000 -0.626000
vt 1.177200 -0.500200
vt 1.539700 -0.577100
vt 1.539700 -0.495100
vt 1.486000 -0.519200
vt 1.486000 -0.582100
vt 1.539700 -0.756100
vt 1.486000 -0.756100
vt 1.406500 -0.567900
vt 1.406500 -0.604500
vt 1.479500 -0.477800
vt 1.502700 -0.455000
vt 1.496100 -0.468200
vt 1.492200 -0.467000
vt 1.539700 -0.948000
vt 1.539700 -0.763500
vt 1.486000 -0.763500
vt 1.486000 -0.948000
vt 1.158800 -0.227100
vt 1.672700 -0.449400
vt 1.003500 -0.276700
vt 1.709100 -0.232400
vt 1.417100 -0.250800
vt 0.601300 0.699700
vt 0.601300 0.671300
vt 0.522300 0.718000
vt 0.535300 0.727900
vt 0.658700 0.727600
vt 0.672900 0.718800
vt 0.340000 0.116900
vt 0.340000 0.168500
vt 0.377900 0.168500
vt 0.377900 0.116900
vt 0.399300 0.116900
vt 0.399300 0.168500
vt 0.302800 0.116900
vt 0.302800 0.168500
vt 0.601000 0.767200
vt 0.601100 0.704800
vt 0.544800 0.734000
vt 0.539500 0.767200
vt 0.655400 0.767200
vt 0.650300 0.732400
vt 0.518200 0.765400
vt 0.529800 0.765400
vt 0.665400 0.767600
vt 0.680900 0.767600
vt 0.280900 0.116900
vt 0.280900 0.168500
vt 1.601300 0.699700
vt 1.535300 0.727900
vt 1.522300 0.718000
vt 1.601300 0.671300
vt 1.672900 0.718800
vt 1.658700 0.727600
vt 1.340000 0.116900
vt 1.377900 0.116900
vt 1.377900 0.168500
vt 1.340000 0.168500
vt 1.399300 0.116900
vt 1.399300 0.168500
vt 1.302800 0.168500
vt 1.302800 0.116900
vt 1.601000 0.767200
vt 1.539500 0.767200
vt 1.544800 0.734000
vt 1.601100 0.704800
vt 1.650300 0.732400
vt 1.655400 0.767200
vt 1.518200 0.765400
vt 1.529800 0.765400
vt 1.665400 0.767600
vt 1.680900 0.767600
vt 1.280900 0.116900
vt 1.280900 0.168500
vt 0.601300 -0.300300
vt 0.535300 -0.272100
vt 0.522300 -0.282000
vt 0.601300 -0.328700
vt 0.672900 -0.281200
vt 0.658700 -0.272400
vt 0.340000 -0.883100
vt 0.377900 -0.883100
vt 0.377900 -0.831500
vt 0.340000 -0.831500
vt 0.399300 -0.883100
vt 0.399300 -0.831500
vt 0.302800 -0.831500
vt 0.302800 -0.883100
vt 0.601000 -0.232800
vt 0.539500 -0.232800
vt 0.544800 -0.266000
vt 0.601100 -0.295200
vt 0.650300 -0.267600
vt 0.655400 -0.232800
vt 0.518200 -0.234600
vt 0.529800 -0.234600
vt 0.665400 -0.232400
vt 0.680900 -0.232400
vt 0.280900 -0.883100
vt 0.280900 -0.831500
vt 1.601300 -0.300300
vt 1.601300 -0.328700
vt 1.522300 -0.282000
vt 1.535300 -0.272100
vt 1.658700 -0.272400
vt 1.672900 -0.281200
vt 1.340000 -0.883100
vt 1.340000 -0.831500
vt 1.377900 -0.831500
vt 1.377900 -0.883100
vt 1.399300 -0.883100
vt 1.399300 -0.831500
vt 1.302800 -0.883100
vt 1.302800 -0.831500
vt 1.601000 -0.232800
vt 1.601100 -0.295200
vt 1.544800 -0.266000
vt 1.539500 -0.232800
vt 1.655400 -0.232800
vt 1.650300 -0.267600
vt 1.518200 -0.234600
vt 1.529800 -0.234600
vt 1.665400 -0.232400
vt 1.680900 -0.232400
vt 1.280900 -0.883100
vt 1.280900 -0.831500
s 1
usemtl VFX4Body
f 1/1/1 2/2/2 3/3/3
f 4/2/4 5/4/5 6/3/6
f 7/5/7 8/1/8 9/3/9
f 10/6/10 11/7/11 12/8/12
f 13/8/13 14/9/14 15/6/10
f 16/10/15 17/6/16 18/9/17
f 19/9/17 20/11/18 21/10/15
f 22/12/19 23/10/20 24/11/21
f 25/11/22 26/13/23 27/12/19
f 28/14/24 29/15/25 30/16/26
f 31/16/26 32/17/27 33/14/28
f 34/14/24 35/18/29 36/19/30
f 37/19/31 38/15/25 39/14/24
f 40/19/32 41/20/33 42/21/34
f 43/21/34 44/22/35 45/19/32
f 46/1/36 47/5/7 48/23/37
f 49/23/37 50/24/38 51/1/36
f 52/25/39 53/26/40 54/27/41
f 55/27/42 56/28/43 57/25/44
f 58/26/45 59/29/46 60/30/47
f 61/30/48 62/27/42 63/26/45
f 64/30/48 65/29/49 66/31/50
f 67/31/50 68/32/51 69/33/52
f 70/33/52 71/30/48 72/31/50
f 73/34/53 74/27/42 75/30/54
f 76/30/54 77/33/55 78/34/56
f 79/35/57 80/28/58 81/27/42
f 82/27/42 83/34/53 84/35/59
f 85/34/53 86/36/60 87/37/61
f 88/37/62 89/35/63 90/34/53
f 91/33/55 92/38/64 93/36/65
f 94/36/65 95/34/66 96/33/55
f 97/36/67 98/39/68 99/40/69
f 100/40/70 101/37/71 102/36/67
f 103/39/68 104/41/72 105/42/73
f 106/42/74 107/40/70 108/39/68
f 109/38/64 110/43/75 111/39/68
f 112/39/76 113/36/77 114/38/64
f 115/32/78 116/44/79 117/38/80
f 118/38/81 119/33/52 120/32/51
f 121/31/50 122/45/82 123/32/51
f 124/45/82 125/46/83 126/44/84
f 127/44/84 128/32/51 129/45/82
f 130/44/79 131/47/85 132/43/86
f 133/43/75 134/38/87 135/44/88
f 136/43/89 137/48/90 138/41/91
f 139/41/92 140/39/76 141/43/75
f 142/41/72 143/49/93 144/50/94
f 145/50/94 146/42/95 147/41/72
f 148/48/90 149/51/96 150/49/97
f 151/49/97 152/41/91 153/48/90
f 154/48/90 155/52/98 156/53/99
f 157/53/99 158/51/96 159/48/90
f 160/52/100 161/47/101 162/54/102
f 163/48/90 164/43/75 165/47/85
f 166/47/85 167/52/98 168/48/90
f 169/46/83 170/54/103 171/47/101
f 172/47/101 173/44/84 174/46/83
f 175/55/104 176/56/105 177/57/106
f 178/57/106 179/58/107 180/55/108
f 181/59/109 182/60/109 183/61/109
f 184/61/109 185/62/109 186/59/109
f 187/63/110 188/64/110 189/65/110
f 190/65/110 191/66/110 192/63/110
f 193/67/111 194/68/111 195/69/111
f 196/69/111 197/70/111 198/67/111
f 199/71/112 200/72/113 201/73/114
f 202/73/114 203/74/115 204/71/112
f 205/75/116 206/76/117 207/77/118
f 208/77/118 209/78/119 210/75/116
f 211/74/120 212/73/114 213/79/121
f 214/79/121 215/80/122 216/74/120
f 217/77/118 218/76/123 219/81/124
f 220/81/125 221/82/126 222/77/127
f 223/80/128 224/79/129 225/83/130
f 226/83/131 227/84/132 228/80/128
f 229/52/98 230/54/103 231/82/133
f 232/82/133 233/81/125 234/52/134
f 235/84/132 236/83/135 237/85/136
f 238/85/136 239/53/99 240/84/137
f 241/86/138 242/87/139 243/88/70
f 244/88/70 245/89/140 246/86/138
f 247/87/141 248/90/142 249/91/143
f 250/91/143 251/88/70 252/87/144
f 253/92/145 254/93/146 255/90/142
f 256/90/147 257/87/141 258/92/148
f 259/87/141 260/86/149 261/94/150
f 262/94/151 263/92/148 264/87/139
f 265/86/149 266/95/152 267/96/153
f 268/96/154 269/94/150 270/86/149
f 271/89/155 272/97/156 273/95/157
f 274/95/157 275/86/158 276/89/140
f 277/98/159 278/95/157 279/97/160
f 280/97/160 281/99/161 282/98/159
f 283/100/162 284/96/154 285/95/152
f 286/95/157 287/98/163 288/100/164
f 289/101/165 290/102/166 291/96/167
f 292/96/168 293/100/169 294/101/165
f 295/102/166 296/103/170 297/94/171
f 298/94/172 299/96/167 300/102/173
f 301/103/174 302/104/175 303/92/145
f 304/92/145 305/94/171 306/103/170
f 307/92/145 308/104/176 309/93/146
f 310/91/177 311/90/178 312/105/179
f 313/106/180 314/98/159 315/99/181
f 316/99/161 317/107/182 318/106/183
f 319/100/164 320/98/159 321/106/184
f 322/106/184 323/108/185 324/100/164
f 325/109/186 326/101/165 327/100/187
f 328/100/169 329/108/185 330/109/186
f 331/110/188 332/111/189 333/102/190
f 334/102/191 335/101/192 336/110/188
f 337/111/193 338/112/194 339/103/195
f 340/103/196 341/102/191 342/111/189
f 343/113/197 344/114/198 345/112/199
f 346/112/199 347/111/200 348/113/197
f 349/115/201 350/112/199 351/114/198
f 352/116/202 353/117/203 354/115/204
f 355/115/205 356/114/206 357/116/202
f 358/118/207 359/115/205 360/117/208
f 361/117/208 362/119/209 363/118/210
f 364/118/211 365/119/209 366/105/179
f 367/118/207 368/105/212 369/93/146
f 370/93/146 371/105/179 372/90/178
f 373/73/114 374/120/213 375/109/214
f 376/109/214 377/79/121 378/73/114
f 379/72/215 380/121/216 381/120/213
f 382/120/213 383/73/114 384/72/113
f 385/122/217 386/113/197 387/111/218
f 388/111/200 389/110/188 390/122/217
f 391/123/219 392/124/220 393/113/221
f 394/113/221 395/122/222 396/123/219
f 397/124/220 398/116/202 399/114/206
f 400/114/206 401/113/221 402/124/220
f 403/125/223 404/126/224 405/121/225
f 406/121/226 407/72/227 408/125/223
f 409/85/136 410/83/135 411/108/185
f 412/108/228 413/106/184 414/85/136
f 415/79/129 416/109/186 417/108/185
f 418/108/185 419/83/135 420/79/129
f 421/127/229 422/29/46 423/26/230
f 424/128/231 425/31/232 426/29/233
f 427/29/49 428/127/234 429/128/231
f 430/31/50 431/128/235 432/129/236
f 433/129/236 434/45/237 435/31/50
f 436/129/238 437/130/239 438/131/240
f 439/131/240 440/45/241 441/129/236
f 442/131/240 443/132/242 444/46/83
f 445/46/83 446/45/241 447/131/240
f 448/130/239 449/133/243 450/134/244
f 451/134/245 452/131/240 453/130/239
f 454/134/246 455/135/247 456/132/248
f 457/132/249 458/131/240 459/134/246
f 460/136/250 461/137/251 462/135/252
f 463/135/252 464/134/245 465/136/250
f 466/133/253 467/138/254 468/136/250
f 469/136/250 470/134/245 471/133/253
f 472/138/255 473/139/256 474/140/257
f 475/140/257 476/136/258 477/138/255
f 478/141/259 479/142/260 480/143/261
f 481/143/262 482/144/263 483/141/259
f 484/144/264 485/145/265 486/146/266
f 487/146/267 488/141/259 489/144/263
f 490/145/268 491/147/269 492/148/270
f 493/148/270 494/146/271 495/145/268
f 496/147/269 497/149/272 498/150/273
f 499/150/273 500/148/274 501/147/275
f 502/149/272 503/151/276 504/152/277
f 505/152/277 506/150/278 507/149/272
f 508/151/276 509/153/279 510/154/280
f 511/154/281 512/152/282 513/151/276
f 514/153/283 515/155/284 516/156/285
f 517/156/286 518/154/281 519/153/279
f 520/157/287 521/158/288 522/159/289
f 523/159/290 524/142/291 525/157/292
f 526/160/293 527/161/294 528/162/295
f 529/162/295 530/163/296 531/160/293
f 532/142/260 533/141/259 534/164/297
f 535/164/297 536/157/298 537/142/260
f 538/165/299 539/166/300 540/167/301
f 541/167/301 542/168/302 543/165/303
f 544/163/304 545/169/305 546/170/306
f 547/170/307 548/160/293 549/163/308
f 550/171/309 551/164/297 552/141/259
f 553/141/259 554/146/267 555/171/309
f 556/172/310 557/173/311 558/167/301
f 559/167/301 560/174/312 561/172/310
f 562/175/313 563/176/314 564/170/307
f 565/170/307 566/169/315 567/175/313
f 568/177/316 569/171/309 570/146/271
f 571/146/271 572/148/317 573/177/318
f 574/172/319 575/178/320 576/179/321
f 577/179/321 578/173/322 579/172/319
f 580/176/323 581/175/324 582/180/325
f 583/180/326 584/181/327 585/176/323
f 586/182/328 587/177/316 588/148/274
f 589/148/274 590/150/329 591/182/328
f 592/183/330 593/184/331 594/179/332
f 595/179/333 596/178/334 597/183/330
f 598/180/326 599/185/335 600/186/336
f 601/186/336 602/181/337 603/180/326
f 604/187/338 605/182/339 606/150/278
f 607/150/278 608/152/277 609/187/338
f 610/188/340 611/189/341 612/184/342
f 613/184/342 614/183/343 615/188/340
f 616/185/344 617/190/345 618/191/346
f 619/191/346 620/186/347 621/185/344
f 622/192/348 623/187/349 624/152/282
f 625/152/350 626/154/351 627/192/348
f 628/189/341 629/188/352 630/193/353
f 631/193/353 632/194/354 633/189/341
f 634/195/355 635/196/356 636/191/346
f 637/191/346 638/190/357 639/195/358
f 640/144/359 641/143/360 642/161/294
f 643/161/294 644/160/293 645/144/263
f 646/160/361 647/170/307 648/145/268
f 649/145/265 650/144/264 651/160/293
f 652/176/314 653/147/362 654/145/268
f 655/145/268 656/170/307 657/176/314
f 658/181/363 659/149/364 660/147/269
f 661/147/269 662/176/323 663/181/337
f 664/186/365 665/151/276 666/149/366
f 667/149/366 668/181/337 669/186/365
f 670/191/346 671/153/279 672/151/276
f 673/151/276 674/186/365 675/191/367
f 676/153/279 677/191/346 678/196/356
f 679/196/356 680/155/368 681/153/283
f 682/197/369 683/198/370 684/158/288
f 685/158/288 686/157/371 687/197/369
f 688/157/298 689/164/297 690/199/372
f 691/199/372 692/197/373 693/157/298
f 694/200/374 695/199/375 696/164/376
f 697/164/376 698/171/309 699/200/377
f 700/201/378 701/200/379 702/171/309
f 703/171/309 704/177/316 705/201/380
f 706/182/381 707/201/382 708/177/316
f 709/202/383 710/201/378 711/182/384
f 712/182/339 713/187/338 714/202/385
f 715/203/386 716/202/387 717/187/349
f 718/187/349 719/192/388 720/203/386
f 721/127/389 722/204/390 723/198/370
f 724/198/391 725/197/369 726/127/389
f 727/197/373 728/199/372 729/128/231
f 730/128/231 731/127/229 732/197/373
f 733/129/236 734/128/235 735/199/375
f 736/199/375 737/200/377 738/129/392
f 739/130/239 740/129/236 741/200/379
f 742/200/393 743/201/378 744/130/239
f 745/133/243 746/130/394 747/201/382
f 748/201/382 749/202/385 750/133/243
f 751/138/395 752/133/253 753/202/387
f 754/202/387 755/203/386 756/138/396
f 757/205/397 758/206/398 759/174/312
f 760/174/399 761/166/400 762/205/401
f 763/172/319 764/207/402 765/208/403
f 766/208/404 767/178/320 768/172/319
f 769/178/334 770/208/403 771/209/405
f 772/209/406 773/183/330 774/178/334
f 775/183/343 776/209/407 777/210/408
f 778/210/409 779/188/410 780/183/411
f 781/204/59 782/127/412 783/26/40
f 784/26/40 785/25/39 786/204/63
f 787/143/360 788/142/413 789/159/290
f 790/159/290 791/211/414 792/143/415
f 793/212/416 794/213/417 795/214/418
f 796/214/419 797/215/420 798/212/421
f 799/214/422 800/213/417 801/162/423
f 802/162/423 803/216/424 804/214/419
f 805/217/425 806/192/348 807/154/351
f 808/154/351 809/156/285 810/217/425
f 811/218/426 812/161/294 813/143/427
f 814/143/415 815/211/414 816/218/426
f 817/219/428 818/203/429 819/192/388
f 820/192/388 821/217/425 822/219/428
f 823/139/256 824/138/430 825/203/429
f 826/203/429 827/219/431 828/139/256
f 829/210/432 830/220/433 831/193/434
f 832/193/353 833/188/352 834/210/432
f 835/221/435 836/125/223 837/72/227
f 838/72/436 839/71/437 840/221/435
f 841/75/438 842/78/439 843/222/219
f 844/222/219 845/223/440 846/75/438
f 847/137/251 848/136/441 849/140/257
f 850/140/257 851/224/442 852/137/251
f 853/225/443 854/226/444 855/227/445
f 856/227/446 857/228/447 858/225/448
f 859/229/449 860/230/450 861/231/451
f 862/231/451 863/232/452 864/229/449
f 865/233/453 866/220/454 867/226/444
f 868/226/455 869/225/448 870/233/456
f 871/228/457 872/227/458 873/230/450
f 874/230/450 875/229/459 876/228/460
f 877/163/461 878/162/462 879/213/463
f 880/213/463 881/168/464 882/163/296
f 883/167/465 884/169/466 885/163/304
f 886/163/467 887/168/302 888/167/301
f 889/173/311 890/175/468 891/169/315
f 892/169/315 893/167/465 894/173/311
f 895/173/311 896/179/321 897/180/326
f 898/180/326 899/175/324 900/173/311
f 901/179/333 902/184/331 903/185/469
f 904/185/469 905/180/326 906/179/333
f 907/184/342 908/189/341 909/190/345
f 910/190/345 911/185/344 912/184/342
f 913/194/470 914/195/471 915/190/357
f 916/190/357 917/189/341 918/194/470
f 919/161/294 920/218/426 921/216/424
f 922/216/424 923/162/462 924/161/294
f 925/234/472 926/165/299 927/235/473
f 928/235/474 929/236/475 930/234/476
f 931/205/477 932/166/478 933/165/299
f 934/165/479 935/234/480 936/205/477
f 937/206/481 938/207/482 939/174/312
f 940/227/445 941/208/403 942/207/483
f 943/207/483 944/206/481 945/227/445
f 946/227/445 947/209/484 948/208/403
f 949/209/405 950/227/445 951/226/455
f 952/226/455 953/210/409 954/209/407
f 955/226/444 956/220/433 957/210/432
f 958/165/485 959/212/416 960/215/420
f 961/215/486 962/235/487 963/165/485
f 964/168/464 965/213/463 966/212/421
f 967/212/421 968/165/479 969/168/488
f 970/75/116 971/71/112 972/74/115
f 973/74/115 974/76/489 975/75/116
f 976/76/490 977/74/120 978/80/122
f 979/80/122 980/81/124 981/76/490
f 982/81/125 983/80/128 984/84/491
f 985/84/132 986/52/134 987/81/125
f 988/84/132 989/53/99 990/52/492
f 991/223/493 992/221/435 993/71/437
f 994/71/437 995/75/438 996/223/493
f 997/103/195 998/112/494 999/115/201
f 1000/115/201 1001/104/176 1002/103/196
f 1003/118/211 1004/93/495 1005/104/176
f 1006/104/176 1007/115/201 1008/118/211
f 1009/122/496 1010/121/226 1011/126/497
f 1012/126/497 1013/123/498 1014/122/496
f 1015/121/216 1016/122/499 1017/110/188
f 1018/110/188 1019/120/213 1020/121/216
f 1021/120/213 1022/110/188 1023/101/192
f 1024/101/165 1025/109/214 1026/120/213
f 1027/54/103 1028/46/500 1029/132/242
f 1030/132/249 1031/82/133 1032/54/501
f 1033/82/126 1034/132/242 1035/135/502
f 1036/135/503 1037/77/504 1038/82/126
f 1039/135/505 1040/137/251 1041/78/119
f 1042/78/119 1043/77/118 1044/135/505
f 1045/224/442 1046/222/219 1047/78/439
f 1048/78/439 1049/137/506 1050/224/442
f 1051/237/507 1052/238/508 1053/239/509
f 1054/239/510 1055/240/511 1056/237/507
f 1057/241/512 1058/240/513 1059/239/514
f 1060/239/515 1061/242/516 1062/241/512
f 1063/227/517 1064/206/518 1065/230/519
f 1066/241/512 1067/242/520 1068/243/521
f 1069/167/301 1070/166/522 1071/174/399
f 1072/174/312 1073/207/523 1074/172/319
f 1075/244/524 1076/245/524 1077/246/524
f 1078/246/524 1079/247/524 1080/244/524
f 1081/248/525 1082/249/526 1083/250/527
f 1084/250/528 1085/251/529 1086/248/530
f 1087/252/531 1088/253/532 1089/254/533
f 1090/254/533 1091/255/534 1092/252/531
f 1093/253/532 1094/252/531 1095/256/535
f 1096/256/535 1097/257/536 1098/253/537
f 1099/255/538 1100/254/533 1101/258/539
f 1102/258/540 1103/259/541 1104/255/534
f 1105/255/534 1106/260/542 1107/261/543
f 1108/261/543 1109/252/544 1110/255/545
f 1111/262/546 1112/256/535 1113/252/531
f 1114/252/544 1115/261/547 1116/262/548
f 1117/260/549 1118/255/534 1119/259/550
f 1120/259/550 1121/263/551 1122/260/552
f 1123/264/553 1124/265/554 1125/252/555
f 1126/252/556 1127/266/557 1128/264/553
f 1129/265/554 1130/267/558 1131/256/559
f 1132/256/559 1133/252/555 1134/265/554
f 1135/268/560 1136/264/553 1137/266/561
f 1138/266/562 1139/259/563 1140/268/564
f 1141/259/565 1142/258/540 1143/269/566
f 1144/269/566 1145/270/567 1146/259/565
f 1147/269/568 1148/268/569 1149/259/570
f 1150/259/570 1151/270/571 1152/269/572
f 1153/271/573 1154/272/574 1155/273/575
f 1156/273/575 1157/274/576 1158/271/573
f 1159/275/577 1160/276/578 1161/277/579
f 1162/277/579 1163/270/567 1164/275/580
f 1165/278/581 1166/279/582 1167/280/583
f 1168/280/583 1169/269/584 1170/278/585
f 1171/281/586 1172/267/587 1173/265/588
f 1174/265/588 1175/282/589 1176/281/586
f 1177/268/560 1178/283/590 1179/284/591
f 1180/284/592 1181/264/593 1182/268/560
f 1183/265/588 1184/264/594 1185/284/591
f 1186/284/595 1187/282/589 1188/265/588
f 1189/283/596 1190/258/540 1191/254/533
f 1192/254/597 1193/284/598 1194/283/599
f 1195/285/600 1196/286/601 1197/287/602
f 1198/287/602 1199/288/603 1200/285/600
f 1201/289/604 1202/290/605 1203/291/606
f 1204/291/607 1205/292/608 1206/289/604
f 1207/293/609 1208/294/610 1209/295/611
f 1210/295/612 1211/296/613 1212/293/614
f 1213/297/615 1214/298/616 1215/299/617
f 1216/299/617 1217/300/618 1218/297/619
f 1219/301/620 1220/302/621 1221/303/622
f 1222/303/622 1223/304/623 1224/301/624
f 1225/296/625 1226/305/626 1227/306/627
f 1228/306/627 1229/293/628 1230/296/625
f 1231/307/629 1232/308/630 1233/309/631
f 1234/309/631 1235/310/632 1236/307/629
f 1237/311/633 1238/312/634 1239/313/635
f 1240/313/635 1241/314/636 1242/311/637
f 1243/315/638 1244/316/639 1245/299/640
f 1246/299/617 1247/317/641 1248/315/642
f 1249/318/643 1250/319/644 1251/320/645
f 1252/320/646 1253/304/647 1254/318/643
f 1255/321/648 1256/322/649 1257/304/650
f 1258/323/651 1259/324/652 1260/296/653
f 1261/296/653 1262/295/654 1263/323/655
f 1264/324/656 1265/325/657 1266/305/626
f 1267/305/626 1268/296/625 1269/324/656
f 1270/304/650 1271/322/649 1272/301/620
f 1273/299/640 1274/298/658 1275/285/600
f 1276/285/659 1277/288/660 1278/299/640
f 1279/304/623 1280/307/661 1281/321/648
f 1282/304/650 1283/303/622 1284/326/662
f 1285/326/662 1286/318/643 1287/304/650
f 1288/300/618 1289/299/617 1290/316/639
f 1291/316/639 1292/327/663 1293/300/618
f 1294/308/664 1295/307/661 1296/304/623
f 1297/304/623 1298/320/665 1299/308/664
f 1300/328/666 1301/329/666 1302/330/666
f 1303/330/667 1304/331/667 1305/328/667
f 1306/332/668 1307/333/669 1308/334/670
f 1309/334/670 1310/335/671 1311/332/668
f 1312/336/672 1313/337/672 1314/338/672
f 1315/338/673 1316/339/673 1317/336/673
f 1318/340/674 1319/341/675 1320/342/676
f 1321/342/677 1322/343/678 1323/340/674
f 1324/344/679 1325/345/680 1326/346/680
f 1327/346/681 1328/347/682 1329/344/682
f 1330/348/683 1331/349/684 1332/350/685
f 1333/350/685 1334/351/686 1335/348/687
f 1336/352/673 1337/353/673 1338/354/688
f 1339/354/688 1340/355/688 1341/352/689
f 1342/356/690 1343/357/691 1344/358/692
f 1345/358/693 1346/359/694 1347/356/690
f 1348/360/695 1349/361/696 1350/362/697
f 1351/362/698 1352/363/699 1353/360/700
f 1354/287/701 1355/286/601 1356/302/702
f 1357/302/703 1358/301/704 1359/287/701
f 1360/364/705 1361/365/706 1362/366/707
f 1363/366/708 1364/367/709 1365/364/710
f 1366/317/711 1367/310/712 1368/309/631
f 1369/309/631 1370/315/713 1371/317/714
f 1372/311/715 1373/314/716 1374/322/649
f 1375/322/649 1376/321/717 1377/311/715
f 1378/334/718 1379/333/719 1380/368/720
f 1381/368/720 1382/369/721 1383/334/718
f 1384/342/677 1385/341/722 1386/370/723
f 1387/370/724 1388/371/725 1389/342/677
f 1390/350/726 1391/349/719 1392/372/727
f 1393/372/727 1394/373/728 1395/350/729
f 1396/358/730 1397/357/731 1398/374/732
f 1399/374/733 1400/375/734 1401/358/735
f 1402/317/736 1403/299/640 1404/312/737
f 1405/313/738 1406/299/640 1407/288/660
f 1408/312/737 1409/299/640 1410/313/738
f 1411/376/739 1412/377/740 1413/294/741
f 1414/294/741 1415/378/742 1416/376/743
f 1417/253/744 1418/257/745 1419/379/746
f 1420/379/747 1421/380/748 1422/253/744
f 1423/263/749 1424/277/750 1425/270/751
f 1426/270/751 1427/259/570 1428/263/749
f 1429/381/752 1430/275/577 1431/270/567
f 1432/270/753 1433/269/566 1434/381/752
f 1435/278/581 1436/269/584 1437/270/754
f 1438/270/755 1439/275/756 1440/278/581
f 1441/324/757 1442/323/758 1443/377/740
f 1444/377/759 1445/376/739 1446/324/760
f 1447/261/761 1448/382/762 1449/266/562
f 1450/266/763 1451/252/555 1452/261/761
f 1453/262/764 1454/261/761 1455/252/556
f 1456/252/556 1457/256/765 1458/262/766
f 1459/382/767 1460/263/768 1461/259/570
f 1462/259/570 1463/266/562 1464/382/767
f 1465/383/575 1466/384/574 1467/385/769
f 1468/385/769 1469/386/770 1470/383/771
f 1471/275/756 1472/270/755 1473/277/750
f 1474/277/750 1475/276/772 1476/275/773
f 1477/381/752 1478/269/566 1479/387/774
f 1480/387/775 1481/388/776 1482/381/752
f 1483/253/777 1484/380/778 1485/284/779
f 1486/284/779 1487/254/533 1488/253/744
f 1489/263/780 1490/259/550 1491/270/567
f 1492/270/781 1493/277/782 1494/263/780
f 1495/376/739 1496/378/783 1497/306/784
f 1498/306/784 1499/389/785 1500/376/739
f 1501/324/786 1502/376/739 1503/389/785
f 1504/389/785 1505/325/787 1506/324/757
f 1507/269/584 1508/280/583 1509/283/590
f 1510/283/788 1511/268/789 1512/269/572
f 1513/269/566 1514/258/540 1515/283/599
f 1516/283/790 1517/387/791 1518/269/792
f 1519/292/793 1520/291/606 1521/390/794
f 1522/390/795 1523/391/796 1524/292/793
f 1525/392/797 1526/393/798 1527/366/799
f 1528/366/799 1529/365/800 1530/392/797
f 1531/248/525 1532/251/801 1533/394/802
f 1534/394/803 1535/395/804 1536/248/525
f 1537/396/805 1538/397/806 1539/361/696
f 1540/361/696 1541/360/807 1542/396/805
f 1543/364/705 1544/367/808 1545/290/809
f 1546/290/810 1547/289/811 1548/364/710
f 1549/391/796 1550/390/812 1551/393/813
f 1552/393/798 1553/392/814 1554/391/796
f 1555/363/699 1556/362/815 1557/250/527
f 1558/250/528 1559/249/816 1560/363/699
f 1561/396/805 1562/395/804 1563/394/817
f 1564/394/818 1565/397/806 1566/396/805
f 1567/398/819 1568/399/820 1569/232/821
f 1570/232/822 1571/231/823 1572/398/819
f 1573/400/524 1574/401/524 1575/247/524
f 1576/247/524 1577/246/524 1578/400/524
f 1579/402/824 1580/403/825 1581/404/826
f 1582/404/827 1583/403/828 1584/405/829
f 1585/406/830 1586/403/831 1587/402/824
f 1588/407/832 1589/408/833 1590/409/834
f 1591/409/12 1592/410/11 1593/407/832
f 1594/411/835 1595/412/836 1596/408/837
f 1597/408/837 1598/407/838 1599/411/839
f 1600/413/840 1601/414/841 1602/412/842
f 1603/412/843 1604/411/844 1605/413/840
f 1606/415/845 1607/416/846 1608/417/847
f 1609/417/847 1610/418/848 1611/415/849
f 1612/415/849 1613/418/848 1614/419/850
f 1615/419/850 1616/420/851 1617/415/849
f 1618/419/852 1619/421/35 1620/422/34
f 1621/422/34 1622/423/853 1623/419/852
f 1624/402/854 1625/424/38 1626/425/37
f 1627/425/37 1628/406/830 1629/402/854
f 1630/426/855 1631/427/43 1632/428/856
f 1633/428/857 1634/429/858 1635/426/859
f 1636/429/860 1637/428/856 1638/430/861
f 1639/430/862 1640/431/863 1641/429/860
f 1642/430/861 1643/432/864 1644/431/865
f 1645/432/864 1646/430/861 1647/433/866
f 1648/433/866 1649/434/867 1650/432/864
f 1651/435/868 1652/433/869 1653/430/861
f 1654/430/870 1655/428/856 1656/435/868
f 1657/436/390 1658/435/871 1659/428/856
f 1660/428/856 1661/427/872 1662/436/873
f 1663/435/871 1664/436/874 1665/437/875
f 1666/437/61 1667/438/876 1668/435/871
f 1669/433/869 1670/435/868 1671/438/877
f 1672/438/877 1673/439/878 1674/433/869
f 1675/438/879 1676/437/71 1677/440/70
f 1678/440/70 1679/441/880 1680/438/879
f 1681/441/880 1682/440/70 1683/442/881
f 1684/442/73 1685/443/882 1686/441/880
f 1687/439/878 1688/438/883 1689/441/884
f 1690/441/880 1691/444/885 1692/439/886
f 1693/434/867 1694/433/866 1695/439/887
f 1696/439/887 1697/445/888 1698/434/889
f 1699/432/864 1700/434/867 1701/446/890
f 1702/446/890 1703/434/867 1704/445/891
f 1705/445/891 1706/447/892 1707/446/893
f 1708/445/894 1709/439/895 1710/444/896
f 1711/444/885 1712/448/897 1713/445/894
f 1714/444/896 1715/441/884 1716/443/898
f 1717/443/899 1718/449/900 1719/444/896
f 1720/443/882 1721/442/95 1722/450/94
f 1723/450/94 1724/451/901 1725/443/902
f 1726/449/900 1727/443/899 1728/451/903
f 1729/451/903 1730/452/904 1731/449/900
f 1732/449/900 1733/452/905 1734/453/906
f 1735/453/906 1736/454/907 1737/449/900
f 1738/454/908 1739/455/909 1740/448/910
f 1741/449/900 1742/454/907 1743/448/897
f 1744/448/897 1745/444/896 1746/449/900
f 1747/447/892 1748/445/891 1749/448/910
f 1750/448/910 1751/455/911 1752/447/892
f 1753/456/912 1754/457/913 1755/458/914
f 1756/458/914 1757/459/915 1758/456/916
f 1759/460/109 1760/461/109 1761/462/109
f 1762/462/109 1763/463/109 1764/460/109
f 1765/63/110 1766/66/110 1767/65/110
f 1768/65/110 1769/64/110 1770/63/110
f 1771/464/111 1772/465/111 1773/466/111
f 1774/466/111 1775/467/111 1776/464/111
f 1777/468/917 1778/469/918 1779/470/919
f 1780/470/919 1781/471/920 1782/468/917
f 1783/472/921 1784/473/922 1785/474/923
f 1786/474/924 1787/475/925 1788/472/921
f 1789/469/926 1790/476/927 1791/477/928
f 1792/477/929 1793/470/919 1794/469/926
f 1795/474/930 1796/478/931 1797/479/932
f 1798/479/933 1799/475/934 1800/474/924
f 1801/476/935 1802/480/936 1803/481/937
f 1804/481/938 1805/477/939 1806/476/935
f 1807/454/940 1808/479/932 1809/478/941
f 1810/478/941 1811/455/911 1812/454/907
f 1813/480/942 1814/453/906 1815/482/943
f 1816/482/943 1817/481/944 1818/480/942
f 1819/483/945 1820/484/946 1821/485/70
f 1822/485/70 1823/486/947 1824/483/945
f 1825/486/947 1826/485/70 1827/487/143
f 1828/487/948 1829/488/949 1830/486/950
f 1831/489/951 1832/486/950 1833/488/952
f 1834/488/952 1835/490/953 1836/489/954
f 1837/486/950 1838/489/951 1839/491/955
f 1840/491/956 1841/483/957 1842/486/950
f 1843/483/957 1844/491/956 1845/492/958
f 1846/492/958 1847/493/959 1848/483/957
f 1849/484/946 1850/483/960 1851/493/961
f 1852/493/961 1853/494/962 1854/484/155
f 1855/495/963 1856/496/161 1857/494/160
f 1858/494/160 1859/493/961 1860/495/964
f 1861/497/965 1862/495/966 1863/493/961
f 1864/493/959 1865/492/967 1866/497/968
f 1867/498/969 1868/497/970 1869/492/971
f 1870/492/971 1871/499/972 1872/498/969
f 1873/499/973 1874/492/974 1875/491/975
f 1876/491/976 1877/500/977 1878/499/973
f 1879/500/977 1880/491/976 1881/489/954
f 1882/489/954 1883/501/978 1884/500/979
f 1885/489/954 1886/490/953 1887/501/980
f 1888/487/177 1889/502/179 1890/488/949
f 1891/503/981 1892/504/182 1893/496/161
f 1894/496/181 1895/495/964 1896/503/981
f 1897/497/968 1898/505/982 1899/503/983
f 1900/503/983 1901/495/964 1902/497/968
f 1903/506/984 1904/505/982 1905/497/985
f 1906/497/986 1907/498/969 1908/506/984
f 1909/507/987 1910/498/988 1911/499/989
f 1912/499/989 1913/508/990 1914/507/987
f 1915/508/991 1916/499/989 1917/500/992
f 1918/500/992 1919/509/993 1920/508/990
f 1921/510/994 1922/508/995 1923/509/996
f 1924/509/997 1925/511/998 1926/510/994
f 1927/512/999 1928/511/1000 1929/509/996
f 1930/513/202 1931/511/1001 1932/512/999
f 1933/512/1002 1934/514/208 1935/513/1003
f 1936/515/1004 1937/516/1005 1938/514/208
f 1939/514/208 1940/512/999 1941/515/1006
f 1942/515/1004 1943/502/179 1944/516/1007
f 1945/515/1004 1946/490/953 1947/502/1008
f 1948/490/953 1949/488/949 1950/502/179
f 1951/470/919 1952/477/928 1953/506/1009
f 1954/506/1009 1955/517/1010 1956/470/919
f 1957/471/1011 1958/470/919 1959/517/1010
f 1960/517/1010 1961/518/1012 1962/471/1013
f 1963/519/1014 1964/507/987 1965/508/995
f 1966/508/995 1967/510/994 1968/519/1014
f 1969/520/219 1970/519/1015 1971/510/1016
f 1972/510/1016 1973/521/220 1974/520/219
f 1975/521/220 1976/510/1016 1977/511/1001
f 1978/511/1001 1979/513/202 1980/521/220
f 1981/522/223 1982/471/1017 1983/518/1018
f 1984/518/1018 1985/523/224 1986/522/223
f 1987/482/943 1988/503/983 1989/505/1019
f 1990/505/982 1991/481/937 1992/482/943
f 1993/477/939 1994/481/937 1995/505/982
f 1996/505/982 1997/506/984 1998/477/939
f 1999/524/1020 2000/429/1021 2001/431/863
f 2002/525/1022 2003/524/1020 2004/431/865
f 2005/431/1023 2006/432/1024 2007/525/1022
f 2008/432/864 2009/446/1025 2010/526/1026
f 2011/526/1026 2012/525/1027 2013/432/864
f 2014/526/1026 2015/446/893 2016/527/1028
f 2017/527/1028 2018/528/1029 2019/526/1030
f 2020/527/1028 2021/446/893 2022/447/892
f 2023/447/1031 2024/529/1032 2025/527/1028
f 2026/528/1029 2027/527/1028 2028/530/1033
f 2029/530/1034 2030/531/1035 2031/528/1036
f 2032/530/1037 2033/527/1028 2034/529/1032
f 2035/529/1038 2036/532/1039 2037/530/1034
f 2038/533/1040 2039/530/1033 2040/532/1041
f 2041/532/1041 2042/534/1042 2043/533/1040
f 2044/531/1043 2045/530/1033 2046/533/1040
f 2047/533/1040 2048/535/1044 2049/531/1043
f 2050/535/1045 2051/533/1046 2052/536/257
f 2053/536/257 2054/537/256 2055/535/1045
f 2056/538/1047 2057/539/1048 2058/540/1049
f 2059/540/1049 2060/541/1050 2061/538/1047
f 2062/539/1048 2063/538/1047 2064/542/1051
f 2065/542/1052 2066/543/1053 2067/539/1054
f 2068/543/1055 2069/542/1052 2070/544/1056
f 2071/544/1056 2072/545/1057 2073/543/1055
f 2074/545/1057 2075/544/1058 2076/546/1059
f 2077/546/1060 2078/547/1061 2079/545/1057
f 2080/547/1061 2081/546/1062 2082/548/1063
f 2083/548/1063 2084/549/1064 2085/547/1061
f 2086/549/1064 2087/548/1065 2088/550/1066
f 2089/550/1067 2090/551/1068 2091/549/1069
f 2092/551/1068 2093/550/1066 2094/552/1070
f 2095/552/1071 2096/553/1072 2097/551/1073
f 2098/554/1074 2099/541/1075 2100/555/290
f 2101/555/290 2102/556/288 2103/554/1076
f 2104/557/1077 2105/558/1078 2106/559/1079
f 2107/559/1080 2108/560/1081 2109/557/1077
f 2110/541/1050 2111/554/1082 2112/561/1083
f 2113/561/1083 2114/538/1047 2115/541/1050
f 2116/562/1084 2117/563/1085 2118/564/1086
f 2119/564/1086 2120/565/1087 2121/562/1084
f 2122/558/1088 2123/557/1089 2124/566/1090
f 2125/566/1091 2126/567/1092 2127/558/1093
f 2128/568/1094 2129/542/1052 2130/538/1047
f 2131/538/1047 2132/561/1083 2133/568/1094
f 2134/569/1095 2135/570/1096 2136/564/1086
f 2137/564/1086 2138/571/1097 2139/569/1095
f 2140/572/1098 2141/567/1099 2142/566/1090
f 2143/566/1090 2144/573/1100 2145/572/1098
f 2146/574/1101 2147/544/1102 2148/542/1052
f 2149/542/1052 2150/568/1094 2151/574/1103
f 2152/569/1104 2153/571/1105 2154/575/1106
f 2155/575/1106 2156/576/1107 2157/569/1104
f 2158/573/1108 2159/577/1109 2160/578/1110
f 2161/578/1111 2162/572/1112 2163/573/1108
f 2164/579/1113 2165/546/1060 2166/544/1058
f 2167/544/1058 2168/574/1103 2169/579/1113
f 2170/580/1114 2171/576/1115 2172/575/1116
f 2173/575/1116 2174/581/1117 2175/580/1114
f 2176/578/1110 2177/577/1109 2178/582/1118
f 2179/582/1118 2180/583/1119 2181/578/1110
f 2182/584/1120 2183/548/1063 2184/546/1121
f 2185/546/1121 2186/579/1122 2187/584/1120
f 2188/585/1123 2189/580/1124 2190/581/1125
f 2191/581/1125 2192/586/1126 2193/585/1127
f 2194/583/1128 2195/582/1129 2196/587/1130
f 2197/587/1130 2198/588/1131 2199/583/1128
f 2200/589/1132 2201/550/1133 2202/548/1065
f 2203/548/1134 2204/584/1135 2205/589/1136
f 2206/586/1126 2207/590/1137 2208/591/353
f 2209/591/353 2210/585/1138 2211/586/1126
f 2212/592/358 2213/588/1139 2214/587/1130
f 2215/587/1130 2216/593/356 2217/592/1140
f 2218/539/1048 2219/557/1077 2220/560/1081
f 2221/560/1081 2222/540/1049 2223/539/1141
f 2224/557/1077 2225/539/1054 2226/543/1053
f 2227/543/1055 2228/566/1090 2229/557/1142
f 2230/573/1100 2231/566/1090 2232/543/1055
f 2233/543/1055 2234/545/1143 2235/573/1100
f 2236/577/1109 2237/573/1108 2238/545/1057
f 2239/545/1057 2240/547/1144 2241/577/1145
f 2242/582/1118 2243/577/1109 2244/547/1146
f 2245/547/1146 2246/549/1064 2247/582/1118
f 2248/587/1147 2249/582/1118 2250/549/1064
f 2251/549/1064 2252/551/1068 2253/587/1130
f 2254/551/1073 2255/553/368 2256/593/356
f 2257/593/356 2258/587/1130 2259/551/1068
f 2260/594/1148 2261/554/1076 2262/556/288
f 2263/556/288 2264/595/370 2265/594/1148
f 2266/554/1082 2267/594/1149 2268/596/1150
f 2269/596/1150 2270/561/1083 2271/554/1151
f 2272/597/1152 2273/568/1094 2274/561/1153
f 2275/561/1153 2276/596/1154 2277/597/1152
f 2278/598/1155 2279/574/1103 2280/568/1156
f 2281/568/1094 2282/597/1157 2283/598/1155
f 2284/579/1122 2285/574/1103 2286/598/1155
f 2287/599/1158 2288/584/1120 2289/579/1122
f 2290/579/1159 2291/598/1160 2292/599/1161
f 2293/600/1162 2294/589/1163 2295/584/1164
f 2296/584/1164 2297/599/1165 2298/600/1162
f 2299/524/1166 2300/594/1148 2301/595/391
f 2302/595/391 2303/601/59 2304/524/1167
f 2305/594/1149 2306/524/1020 2307/525/1022
f 2308/525/1022 2309/596/1150 2310/594/1149
f 2311/526/1168 2312/597/1152 2313/596/1154
f 2314/596/1154 2315/525/1027 2316/526/1026
f 2317/528/1169 2318/598/1155 2319/597/1157
f 2320/597/1170 2321/526/1026 2322/528/1029
f 2323/531/1035 2324/599/1161 2325/598/1160
f 2326/598/1160 2327/528/1036 2328/531/1035
f 2329/535/1171 2330/600/1162 2331/599/1165
f 2332/599/1165 2333/531/1035 2334/535/1171
f 2335/602/1172 2336/565/1173 2337/570/1174
f 2338/570/1096 2339/603/1175 2340/602/1172
f 2341/569/1104 2342/576/1107 2343/604/1176
f 2344/604/1177 2345/605/1178 2346/569/1104
f 2347/576/1115 2348/580/1114 2349/606/1179
f 2350/606/1179 2351/604/1177 2352/576/1115
f 2353/580/1180 2354/585/1127 2355/607/1181
f 2356/607/1182 2357/606/1183 2358/580/1180
f 2359/601/874 2360/426/39 2361/429/858
f 2362/429/858 2363/524/1166 2364/601/59
f 2365/540/1184 2366/608/414 2367/555/289
f 2368/555/289 2369/541/1185 2370/540/1049
f 2371/609/1186 2372/610/420 2373/611/419
f 2374/611/1187 2375/612/1188 2376/609/1189
f 2377/611/1190 2378/613/424 2379/559/1191
f 2380/559/1192 2381/612/1188 2382/611/1193
f 2383/614/425 2384/552/1071 2385/550/1133
f 2386/550/1133 2387/589/1132 2388/614/425
f 2389/615/426 2390/608/414 2391/540/1184
f 2392/540/1184 2393/560/1081 2394/615/426
f 2395/616/428 2396/614/425 2397/589/1163
f 2398/589/1136 2399/600/1194 2400/616/428
f 2401/537/256 2402/616/431 2403/600/1194
f 2404/600/1194 2405/535/1045 2406/537/256
f 2407/607/1195 2408/585/1138 2409/591/434
f 2410/591/434 2411/617/433 2412/607/1195
f 2413/618/435 2414/468/1196 2415/471/1197
f 2416/471/1017 2417/522/223 2418/618/435
f 2419/472/1198 2420/619/440 2421/620/219
f 2422/620/219 2423/473/1199 2424/472/1198
f 2425/534/1042 2426/621/442 2427/536/257
f 2428/536/257 2429/533/1200 2430/534/1042
f 2431/622/1201 2432/623/1202 2433/624/1203
f 2434/624/1203 2435/625/1204 2436/622/1205
f 2437/626/1206 2438/627/1207 2439/628/1208
f 2440/628/1208 2441/629/1209 2442/626/1206
f 2443/630/456 2444/622/1201 2445/625/1210
f 2446/625/1211 2447/617/454 2448/630/453
f 2449/623/1212 2450/626/1213 2451/629/1214
f 2452/629/1214 2453/624/1215 2454/623/1216
f 2455/558/1217 2456/563/1218 2457/612/1219
f 2458/612/1219 2459/559/1079 2460/558/1217
f 2461/564/1086 2462/563/1220 2463/558/1221
f 2464/558/1221 2465/567/1092 2466/564/1222
f 2467/571/1097 2468/564/1086 2469/567/1099
f 2470/567/1223 2471/572/1224 2472/571/1097
f 2473/571/1097 2474/572/1112 2475/578/1110
f 2476/578/1110 2477/575/1106 2478/571/1097
f 2479/575/1116 2480/578/1110 2481/583/1225
f 2482/583/1225 2483/581/1117 2484/575/1116
f 2485/581/1125 2486/583/1128 2487/588/1131
f 2488/588/1131 2489/586/1126 2490/581/1125
f 2491/590/470 2492/586/1126 2493/588/1139
f 2494/588/1139 2495/592/1140 2496/590/470
f 2497/560/1081 2498/559/1079 2499/613/424
f 2500/613/424 2501/615/426 2502/560/1081
f 2503/631/1226 2504/632/475 2505/633/487
f 2506/633/474 2507/562/1084 2508/631/1226
f 2509/602/1227 2510/631/1228 2511/562/1229
f 2512/562/1084 2513/565/1230 2514/602/1172
f 2515/603/1231 2516/570/1096 2517/605/1232
f 2518/624/1233 2519/603/1231 2520/605/1234
f 2521/605/1232 2522/604/1177 2523/624/1233
f 2524/624/1235 2525/604/1177 2526/606/1236
f 2527/606/1183 2528/607/1181 2529/625/1210
f 2530/625/1210 2531/624/1233 2532/606/1179
f 2533/625/1204 2534/607/1195 2535/617/433
f 2536/562/1237 2537/633/487 2538/610/486
f 2539/610/486 2540/609/1186 2541/562/1238
f 2542/563/1218 2543/562/1229 2544/609/1186
f 2545/609/1186 2546/612/1219 2547/563/1218
f 2548/472/921 2549/475/1239 2550/469/918
f 2551/469/918 2552/468/917 2553/472/921
f 2554/475/1240 2555/479/933 2556/476/927
f 2557/476/927 2558/469/926 2559/475/1240
f 2560/479/932 2561/454/940 2562/480/936
f 2563/480/1241 2564/476/935 2565/479/932
f 2566/480/936 2567/454/1242 2568/453/906
f 2569/619/493 2570/472/1243 2571/468/1196
f 2572/468/1196 2573/618/435 2574/619/493
f 2575/500/1244 2576/501/980 2577/512/999
f 2578/512/1245 2579/509/1246 2580/500/992
f 2581/515/1247 2582/512/999 2583/501/980
f 2584/501/980 2585/490/1248 2586/515/1249
f 2587/519/1250 2588/520/1251 2589/523/1252
f 2590/523/1252 2591/518/1018 2592/519/1250
f 2593/518/1012 2594/517/1010 2595/507/987
f 2596/507/987 2597/519/1014 2598/518/1012
f 2599/517/1010 2600/506/1009 2601/498/969
f 2602/498/988 2603/507/987 2604/517/1010
f 2605/455/1253 2606/478/941 2607/529/1032
f 2608/529/1032 2609/447/1254 2610/455/911
f 2611/478/931 2612/474/923 2613/532/1255
f 2614/532/1039 2615/529/1032 2616/478/931
f 2617/532/1256 2618/474/923 2619/473/922
f 2620/473/922 2621/534/1042 2622/532/1256
f 2623/621/442 2624/534/1257 2625/473/1199
f 2626/473/1199 2627/620/219 2628/621/442
f 2629/634/1258 2630/635/1259 2631/636/1260
f 2632/636/1261 2633/637/1262 2634/634/1263
f 2635/638/1264 2636/639/1265 2637/636/1266
f 2638/636/1267 2639/635/1268 2640/638/1264
f 2641/624/1215 2642/629/1209 2643/603/1269
f 2644/638/1264 2645/640/1270 2646/639/1271
f 2647/564/1086 2648/570/1272 2649/565/1273
f 2650/570/1096 2651/569/1104 2652/605/1274
f 2653/641/524 2654/642/524 2655/643/524
f 2656/643/524 2657/644/524 2658/641/524
f 2659/645/1275 2660/646/1276 2661/647/1277
f 2662/647/1278 2663/648/1279 2664/645/1275
f 2665/649/1280 2666/650/1281 2667/651/1282
f 2668/651/1282 2669/652/1283 2670/649/1280
f 2671/652/1284 2672/653/1285 2673/654/1286
f 2674/654/1286 2675/649/1280 2676/652/1283
f 2677/650/1281 2678/655/1287 2679/656/1288
f 2680/656/1288 2681/651/1282 2682/650/1289
f 2683/650/1290 2684/649/1291 2685/657/1292
f 2686/657/1292 2687/658/1293 2688/650/1281
f 2689/659/1294 2690/657/1295 2691/649/1296
f 2692/649/1280 2693/654/1286 2694/659/1297
f 2695/658/1298 2696/660/1299 2697/655/1300
f 2698/655/1300 2699/650/1281 2700/658/1301
f 2701/661/1302 2702/662/1303 2703/649/1304
f 2704/649/1304 2705/663/1305 2706/661/1302
f 2707/663/1306 2708/649/1304 2709/654/1307
f 2710/654/1307 2711/664/1308 2712/663/1305
f 2713/665/1309 2714/655/1310 2715/662/1311
f 2716/662/1312 2717/661/1302 2718/665/1309
f 2719/655/1313 2720/666/1314 2721/667/1315
f 2722/667/1315 2723/656/1288 2724/655/1313
f 2725/667/1316 2726/666/1317 2727/655/1310
f 2728/655/1310 2729/665/1318 2730/667/1319
f 2731/668/1320 2732/669/1321 2733/670/1322
f 2734/670/1322 2735/671/1323 2736/668/1324
f 2737/672/1325 2738/666/1314 2739/673/1326
f 2740/673/1327 2741/674/1328 2742/672/1329
f 2743/675/1330 2744/667/1316 2745/676/1331
f 2746/676/1331 2747/677/1332 2748/675/1333
f 2749/678/1334 2750/679/1335 2751/663/1306
f 2752/663/1306 2753/664/1336 2754/678/1334
f 2755/665/1337 2756/661/1338 2757/680/1339
f 2758/680/1339 2759/681/1340 2760/665/1341
f 2761/663/1306 2762/679/1335 2763/680/1342
f 2764/680/1339 2765/661/1338 2766/663/1306
f 2767/681/1343 2768/680/1344 2769/651/1345
f 2770/651/1282 2771/656/1288 2772/681/1343
f 2773/682/1346 2774/683/1347 2775/684/1348
f 2776/684/1348 2777/685/1349 2778/682/1346
f 2779/686/1350 2780/687/1351 2781/688/1352
f 2782/688/1352 2783/689/1353 2784/686/1350
f 2785/690/1354 2786/691/1355 2787/692/1356
f 2788/692/1356 2789/693/1357 2790/690/1358
f 2791/694/1359 2792/695/1360 2793/696/1361
f 2794/696/1361 2795/697/1362 2796/694/1363
f 2797/698/1364 2798/699/1365 2799/700/1366
f 2800/700/1366 2801/701/1367 2802/698/1364
f 2803/693/1368 2804/692/1369 2805/702/1370
f 2806/702/1370 2807/703/1371 2808/693/1372
f 2809/704/1373 2810/705/1374 2811/706/1375
f 2812/706/1375 2813/707/1376 2814/704/1373
f 2815/708/1377 2816/709/1378 2817/710/1379
f 2818/710/1380 2819/711/1381 2820/708/1377
f 2821/712/1382 2822/713/1383 2823/696/1361
f 2824/696/1384 2825/714/1385 2826/712/1386
f 2827/715/1387 2828/699/1388 2829/716/1389
f 2830/716/1390 2831/717/1391 2832/715/1387
f 2833/718/1392 2834/699/1388 2835/719/1393
f 2836/720/1394 2837/690/1395 2838/693/1396
f 2839/693/1357 2840/721/1397 2841/720/1398
f 2842/721/1399 2843/693/1372 2844/703/1371
f 2845/703/1371 2846/722/1400 2847/721/1399
f 2848/699/1365 2849/698/1364 2850/719/1393
f 2851/696/1384 2852/683/1401 2853/682/1346
f 2854/682/1346 2855/697/1402 2856/696/1384
f 2857/699/1365 2858/718/1392 2859/704/1403
f 2860/699/1404 2861/715/1387 2862/723/1405
f 2863/723/1405 2864/700/1366 2865/699/1388
f 2866/695/1360 2867/724/1406 2868/714/1385
f 2869/714/1385 2870/696/1361 2871/695/1360
f 2872/707/1407 2873/716/1408 2874/699/1365
f 2875/699/1388 2876/704/1403 2877/707/1409
f 2878/725/1410 2879/726/1410 2880/727/1410
f 2881/727/1411 2882/728/1411 2883/725/1411
f 2884/729/1412 2885/730/1413 2886/731/1414
f 2887/731/1415 2888/732/1416 2889/729/1412
f 2890/733/1417 2891/734/1417 2892/735/1417
f 2893/735/1417 2894/736/1417 2895/733/1417
f 2896/737/1418 2897/738/1419 2898/739/1420
f 2899/739/1421 2900/740/1422 2901/737/1423
f 2902/741/1424 2903/742/1424 2904/743/1425
f 2905/743/1426 2906/744/1426 2907/741/1427
f 2908/745/1428 2909/746/1429 2910/747/1415
f 2911/747/1415 2912/748/1416 2913/745/1430
f 2914/749/1431 2915/750/1432 2916/751/1432
f 2917/751/1432 2918/752/1417 2919/749/1417
f 2920/753/1433 2921/754/1434 2922/755/1435
f 2923/755/1436 2924/756/1437 2925/753/1433
f 2926/757/1438 2927/758/1439 2928/759/1440
f 2929/759/1441 2930/760/1442 2931/757/1443
f 2932/684/1444 2933/698/1445 2934/701/1446
f 2935/701/1446 2936/685/1349 2937/684/1444
f 2938/761/1447 2939/762/1448 2940/763/1449
f 2941/763/1450 2942/764/1451 2943/761/1447
f 2944/713/1452 2945/712/1453 2946/706/1375
f 2947/706/1375 2948/705/1454 2949/713/1455
f 2950/708/1377 2951/718/1456 2952/719/1393
f 2953/719/1393 2954/709/1378 2955/708/1377
f 2956/731/1457 2957/765/1458 2958/766/1459
f 2959/766/1460 2960/732/1461 2961/731/1462
f 2962/739/1420 2963/767/1463 2964/768/1464
f 2965/768/1465 2966/740/1466 2967/739/1420
f 2968/747/1467 2969/769/1468 2970/770/1469
f 2971/770/1469 2972/748/1461 2973/747/1462
f 2974/755/1470 2975/771/1471 2976/772/1472
f 2977/772/1473 2978/756/1474 2979/755/1475
f 2980/713/1476 2981/711/1477 2982/696/1384
f 2983/710/1478 2984/683/1401 2985/696/1384
f 2986/711/1477 2987/710/1478 2988/696/1361
f 2989/691/1479 2990/773/1480 2991/774/1481
f 2992/774/1482 2993/775/1483 2994/691/1479
f 2995/652/1484 2996/776/1485 2997/777/1486
f 2998/777/1486 2999/653/1487 3000/652/1484
f 3001/660/1488 3002/655/1489 3003/666/1317
f 3004/666/1317 3005/673/1490 3006/660/1488
f 3007/778/1491 3008/667/1315 3009/666/1492
f 3010/666/1314 3011/672/1329 3012/778/1491
f 3013/675/1333 3014/672/1493 3015/666/1494
f 3016/666/1495 3017/667/1316 3018/675/1333
f 3019/773/1480 3020/720/1496 3021/721/1497
f 3022/721/1498 3023/774/1482 3024/773/1499
f 3025/657/1500 3026/649/1501 3027/662/1502
f 3028/662/1502 3029/779/1503 3030/657/1500
f 3031/659/1504 3032/654/1307 3033/649/1501
f 3034/649/1501 3035/657/1500 3036/659/1505
f 3037/779/1506 3038/662/1311 3039/655/1310
f 3040/655/1310 3041/660/1507 3042/779/1506
f 3043/780/1508 3044/781/1509 3045/782/1510
f 3046/782/1510 3047/783/1323 3048/780/1322
f 3049/672/1511 3050/674/1512 3051/673/1490
f 3052/673/1490 3053/666/1494 3054/672/1513
f 3055/778/1491 3056/784/1514 3057/785/1515
f 3058/785/1515 3059/667/1315 3060/778/1491
f 3061/652/1516 3062/651/1282 3063/680/1517
f 3064/680/1517 3065/776/1485 3066/652/1484
f 3067/660/1518 3068/673/1326 3069/666/1314
f 3070/666/1314 3071/655/1313 3072/660/1299
f 3073/774/1481 3074/786/1519 3075/702/1520
f 3076/702/1521 3077/775/1522 3078/774/1523
f 3079/721/1497 3080/722/1524 3081/786/1519
f 3082/786/1519 3083/774/1481 3084/721/1497
f 3085/667/1525 3086/665/1526 3087/681/1340
f 3088/681/1340 3089/676/1331 3090/667/1316
f 3091/667/1315 3092/785/1527 3093/681/1528
f 3094/681/1528 3095/656/1288 3096/667/1315
f 3097/787/1529 3098/788/1530 3099/687/1351
f 3100/687/1351 3101/686/1350 3102/787/1531
f 3103/764/1532 3104/763/1533 3105/789/1534
f 3106/789/1535 3107/790/1536 3108/764/1451
f 3109/791/1537 3110/792/1538 3111/646/1539
f 3112/646/1539 3113/645/1540 3114/791/1541
f 3115/760/1442 3116/759/1542 3117/793/1543
f 3118/793/1544 3119/794/1545 3120/760/1546
f 3121/689/1547 3122/688/1548 3123/762/1549
f 3124/762/1549 3125/761/1447 3126/689/1547
f 3127/790/1550 3128/789/1535 3129/788/1530
f 3130/788/1530 3131/787/1551 3132/790/1550
f 3133/648/1552 3134/647/1553 3135/758/1554
f 3136/758/1554 3137/757/1443 3138/648/1555
f 3139/794/1545 3140/793/1544 3141/792/1556
f 3142/792/1557 3143/791/1558 3144/794/1545
f 3145/795/819 3146/628/1559 3147/627/1560
f 3148/627/1561 3149/796/820 3150/795/819
f 3151/797/524 3152/643/524 3153/642/524
f 3154/642/524 3155/798/524 3156/797/524
f 3157/799/1562 3158/800/1563 3159/801/1564
f 3160/801/1565 3161/802/1566 3162/799/1562
f 3163/803/1567 3164/804/1568 3165/800/1563
f 3166/800/1569 3167/799/1570 3168/803/1571
f 3169/805/1572 3170/806/1573 3171/804/1568
f 3172/804/1568 3173/803/1574 3174/805/1572
f 3175/807/1575 3176/808/1576 3177/806/1577
f 3178/806/1578 3179/805/1572 3180/807/1575
f 3181/809/1579 3182/808/1576 3183/807/1580
f 3184/807/1580 3185/810/1581 3186/809/1579
f 3187/811/1582 3188/812/1583 3189/813/1584
f 3190/812/1583 3191/814/1585 3192/813/1586
f 3193/814/1585 3194/815/1587 3195/813/1586
f 3196/815/1587 3197/816/1588 3198/813/1586
f 3199/813/1586 3200/816/1588 3201/817/1589
f 3202/817/1590 3203/818/1591 3204/813/1592
f 3205/802/1566 3206/819/1593 3207/820/1594
f 3208/820/1594 3209/799/1562 3210/802/1595
f 3211/799/1570 3212/820/1596 3213/821/1597
f 3214/821/1597 3215/803/1571 3216/799/1570
f 3217/803/1571 3218/821/1597 3219/822/1598
f 3220/822/1598 3221/805/1572 3222/803/1571
f 3223/805/1572 3224/822/1598 3225/807/1575
f 3226/823/1599 3227/824/1600 3228/802/1566
f 3229/802/1566 3230/801/1564 3231/823/1599
f 3204/813/1584 3232/825/1601 3233/826/1602
f 3233/826/1602 3234/811/1582 3204/813/1584
f 3235/824/1600 3236/827/1603 3237/819/1604
f 3238/819/1604 3239/802/1605 3240/824/1600
f 3241/828/1606 3242/829/1607 3243/830/1608
f 3244/830/1609 3245/831/1610 3246/828/1606
f 3247/832/1611 3248/828/1612 3249/831/1613
f 3250/831/1614 3251/833/1615 3252/832/1616
f 3253/834/1617 3254/832/1618 3255/833/1615
f 3256/833/1615 3257/835/1619 3258/834/1617
f 3259/836/1620 3260/834/1621 3261/835/1622
f 3262/835/1623 3263/837/1624 3264/836/1620
f 3265/838/1579 3266/839/1625 3267/836/1620
f 3268/836/1626 3269/837/1627 3270/838/1579
f 3271/840/1628 3272/841/1592 3273/842/1629
f 3274/842/1629 3275/841/1592 3276/843/1630
f 3277/843/1630 3278/841/1592 3279/844/1631
f 3280/844/1631 3281/841/1592 3282/845/1632
f 3283/846/1633 3284/845/1632 3285/841/1633
f 3286/841/1591 3287/847/1591 3288/846/1591
f 3289/829/1634 3290/828/1606 3291/848/1635
f 3292/848/1635 3293/849/1636 3294/829/1637
f 3295/828/1612 3296/832/1611 3297/850/1638
f 3298/850/1638 3299/848/1639 3300/828/1612
f 3301/832/1611 3302/834/1617 3303/851/1640
f 3304/851/1640 3305/850/1638 3306/832/1611
f 3307/834/1621 3308/836/1620 3309/851/1640
f 3310/852/1599 3311/830/1609 3312/829/1637
f 3313/829/1637 3314/853/1600 3315/852/1599
f 3316/854/1591 3317/855/1591 3286/841/1591
f 3318/841/1641 3319/840/1628 3320/854/1641
f 3321/853/1600 3322/829/1637 3323/849/1642
f 3324/849/1643 3325/856/1603 3326/853/1600
f 3327/857/1606 3328/858/1637 3329/859/1608
f 3330/859/1609 3331/860/1610 3332/857/1606
f 3333/861/1611 3334/857/1612 3335/860/1613
f 3336/860/1614 3337/862/1615 3338/861/1616
f 3339/863/1617 3340/861/1618 3341/862/1615
f 3342/862/1615 3343/864/1619 3344/863/1617
f 3345/865/1620 3346/863/1621 3347/864/1623
f 3348/864/1622 3349/866/1624 3350/865/1620
f 3351/867/1579 3352/868/1625 3353/865/1620
f 3354/865/1626 3355/866/1624 3356/867/1579
f 3357/869/1628 3358/870/1644 3359/871/1629
f 3360/871/1629 3361/870/1645 3362/872/1630
f 3363/872/1630 3364/870/1645 3365/873/1631
f 3366/873/1631 3367/870/1645 3368/874/1632
f 3369/870/1645 3370/875/1591 3371/876/1633
f 3371/876/1633 3372/874/1632 3369/870/1645
f 3373/858/1646 3374/857/1606 3375/877/1635
f 3376/877/1635 3377/878/1636 3378/858/1637
f 3379/857/1612 3380/861/1611 3381/879/1638
f 3382/879/1638 3383/877/1639 3384/857/1612
f 3385/861/1611 3386/863/1617 3387/880/1640
f 3388/880/1640 3389/879/1638 3390/861/1611
f 3391/863/1617 3392/865/1647 3393/880/1640
f 3394/881/1599 3395/859/1609 3396/858/1637
f 3397/858/1637 3398/882/1600 3399/881/1599
f 3400/870/1644 3401/869/1628 3402/883/1641
f 3403/883/1648 3404/884/1591 3405/870/1649
f 3406/882/1600 3407/858/1650 3408/878/1642
f 3409/878/1642 3410/885/1603 3411/882/1600
f 3412/886/1562 3413/887/1563 3414/888/1564
f 3415/888/1564 3416/889/1595 3417/886/1562
f 3418/890/1567 3419/891/1568 3420/887/1563
f 3421/887/1651 3422/886/1570 3423/890/1571
f 3424/892/1572 3425/893/1573 3426/891/1568
f 3427/891/1568 3428/890/1574 3429/892/1572
f 3430/894/1575 3431/895/1576 3432/893/1652
f 3433/893/1653 3434/892/1572 3435/894/1575
f 3436/896/1579 3437/895/1654 3438/894/1580
f 3439/894/1580 3440/897/1581 3441/896/1579
f 3442/898/1582 3443/899/1583 3444/900/1655
f 3445/899/1583 3446/901/1585 3447/900/1655
f 3448/901/1585 3449/902/1587 3450/900/1655
f 3451/902/1587 3452/903/1588 3453/900/1655
f 3454/904/1656 3455/905/1591 3456/900/1591
f 3457/900/1590 3458/903/1588 3459/904/1590
f 3460/889/1566 3461/906/1593 3462/907/1594
f 3463/907/1594 3464/886/1562 3465/889/1566
f 3466/886/1570 3467/907/1596 3468/908/1597
f 3469/908/1597 3470/890/1571 3471/886/1570
f 3472/890/1571 3473/908/1597 3474/909/1657
f 3475/909/1598 3476/892/1572 3477/890/1571
f 3478/892/1658 3479/909/1598 3480/894/1575
f 3481/910/1599 3482/911/1600 3483/889/1566
f 3484/889/1566 3485/888/1564 3486/910/1599
f 3487/912/1659 3488/898/1582 3489/900/1659
f 3490/900/1656 3491/913/1660 3492/912/1591
f 3493/911/1600 3494/914/1603 3495/906/1604
f 3496/906/1604 3497/889/1605 3498/911/1600
f 3499/915/1661 3500/916/1662 3501/917/1663
f 3502/917/1664 3503/918/1664 3504/915/1665
f 3505/919/1666 3506/920/1667 3507/921/1668
f 3508/921/1669 3509/922/1670 3510/919/1671
f 3511/923/1656 3512/924/1656 3513/925/1656
f 3514/926/1672 3515/927/1673 3516/928/1674
f 3517/928/1674 3518/929/1675 3519/926/1672
f 3520/930/1676 3521/931/1677 3522/932/1678
f 3523/932/1678 3524/933/1679 3525/930/1680
f 3526/934/1681 3527/935/1682 3528/936/1683
f 3529/936/1684 3530/937/1685 3531/934/1681
f 3532/938/1686 3533/939/1687 3534/940/1688
f 3535/940/1689 3536/941/1690 3537/938/1691
f 3538/942/1692 3539/943/1693 3540/944/1694
f 3541/944/1695 3542/945/1695 3543/942/1692
f 3544/946/1696 3545/930/1697 3546/933/1698
f 3547/933/1699 3548/947/1700 3549/946/1701
f 3550/948/1702 3551/949/1703 3552/950/1704
f 3553/950/1705 3554/951/1706 3555/948/1707
f 3556/952/1671 3557/953/1708 3558/954/1709
f 3559/954/1710 3560/955/1711 3561/952/1671
f 3562/956/1591 3563/957/1591 3564/958/1591
f 3565/959/1712 3566/960/1713 3567/961/1714
f 3568/961/1714 3569/962/1715 3570/959/1712
f 3571/963/1680 3572/964/1716 3573/965/1717
f 3574/965/1718 3575/966/1677 3576/963/1719
f 3577/967/1720 3578/968/1721 3579/969/1722
f 3580/969/1723 3581/970/1724 3582/967/1725
f 3583/971/1686 3584/972/1726 3585/973/1727
f 3586/973/1727 3587/974/1728 3588/971/1691
f 3589/975/1692 3590/976/1729 3591/977/1729
f 3592/977/1729 3593/978/1692 3594/975/1693
f 3595/979/1701 3596/980/1730 3597/964/1731
f 3598/964/1731 3599/963/1732 3600/979/1733
f 3601/981/1734 3602/982/1735 3603/983/1735
f 3604/983/1736 3605/984/1737 3606/981/1734
f 3607/985/1738 3608/986/1739 3609/987/1740
f 3610/987/1741 3611/988/1742 3612/985/1738
f 3613/989/1591 3614/990/1591 3615/991/1591
f 3616/992/1743 3617/993/1744 3618/994/1745
f 3619/994/1745 3620/995/1746 3621/992/1743
f 3622/996/1747 3623/997/1748 3624/998/1749
f 3625/998/1749 3626/999/1750 3627/996/1751
f 3628/1000/1752 3629/1001/1753 3630/1002/1754
f 3631/1002/1755 3632/1003/1756 3633/1000/1757
f 3634/1004/1758 3635/1005/1759 3636/1006/1688
f 3637/1006/1688 3638/1007/1760 3639/1004/1761
f 3640/1008/1692 3641/1009/1729 3642/1010/1729
f 3643/1010/1762 3644/1011/1692 3645/1008/1693
f 3646/1012/1763 3647/1013/1764 3648/997/1765
f 3649/997/1765 3650/996/1751 3651/1012/1766
f 3652/1014/1767 3653/1015/1768 3654/1016/1769
f 3655/1016/1770 3656/1017/1771 3657/1014/1767
f 3658/1018/1772 3659/1019/1773 3660/1020/1774
f 3661/1020/1775 3662/1021/1776 3663/1018/1777
f 3664/1022/1656 3665/1023/1656 3666/1024/1656
f 3667/1025/1778 3668/1026/1779 3669/1027/1780
f 3670/1027/1781 3671/1028/1782 3672/1025/1783
f 3673/1029/1784 3674/1030/1750 3675/1031/1785
f 3676/1031/1786 3677/1032/1787 3678/1029/1751
f 3679/1033/1788 3680/1034/1756 3681/1035/1789
f 3682/1035/1790 3683/1036/1791 3684/1033/1788
f 3685/1037/1758 3686/1038/1792 3687/1039/1793
f 3688/1039/1793 3689/1040/1794 3690/1037/1761
f 3691/1041/1692 3692/1042/1693 3693/1043/1695
f 3694/1043/1695 3695/1044/1695 3696/1041/1692
f 3697/1045/1766 3698/1029/1747 3699/1032/1795
f 3700/1032/1795 3701/1046/1796 3702/1045/1766
f 3703/249/1797 3704/248/525 3705/363/699
f 3706/289/811 3707/292/1798 3708/392/1799
f 3709/392/1799 3710/365/706 3711/289/604
f 3712/760/1546 3713/794/1545 3714/648/1279
f 3715/648/1800 3716/757/1443 3717/760/1442
f 3718/791/1801 3719/645/1275 3720/648/1552
f 3721/648/1552 3722/794/1802 3723/791/1801
f 3724/761/1447 3725/764/1451 3726/686/1350
f 3727/686/1350 3728/689/1353 3729/761/1803
f 3730/790/1804 3731/787/1551 3732/686/1350
f 3733/686/1350 3734/764/1451 3735/790/1805
f 3736/395/804 3737/396/805 3738/360/1806
f 3739/360/695 3740/363/699 3741/248/525
f 3742/248/525 3743/395/804 3744/360/1806
f 3745/365/1807 3746/364/705 3747/289/811
f 3748/292/1798 3749/391/796 3750/392/1799
f 3751/1047/1808 3752/1048/1809 3753/1049/1810
f 3754/1049/1810 3755/1050/1811 3756/1047/1812
f 3757/1051/820 3758/1052/1813 3759/1053/1814
f 3760/1053/1815 3761/1054/1816 3762/1051/1817
f 3763/1055/1818 3764/1056/1819 3765/1057/1820
f 3766/1057/1820 3767/1058/1821 3768/1055/1822
f 3769/1059/1823 3770/1060/1824 3771/1061/1825
f 3772/1061/1825 3773/1062/1826 3774/1059/1823
f 3775/1060/1824 3776/1063/1827 3777/1064/1828
f 3778/1064/1828 3779/1061/1825 3780/1060/1829
f 3781/1065/1830 3782/1066/1831 3783/1060/1832
f 3784/1060/1832 3785/1059/1833 3786/1065/1830
f 3787/1067/1834 3788/1068/1835 3789/1069/1836
f 3790/1069/1836 3791/1070/1837 3792/1067/1838
f 3793/1070/1837 3794/1069/1839 3795/1071/1840
f 3796/1072/1841 3797/1073/1842 3798/1074/1843
f 3799/1074/1844 3800/1075/1845 3801/1072/1841
f 3802/1076/1846 3803/1072/1841 3804/1075/1847
f 3805/1075/1848 3806/1077/1849 3807/1076/1846
f 3808/1078/1850 3809/1079/1851 3810/1067/1838
f 3811/1067/1852 3812/1080/1853 3813/1078/1854
f 3814/1068/1835 3815/1067/1838 3816/1079/1851
f 3817/1079/1851 3818/1081/1855 3819/1068/1835
f 3820/1082/1856 3821/1083/1857 3822/1084/1858
f 3823/1084/1859 3824/1085/1860 3825/1082/1856
f 3826/1062/1861 3827/1061/1862 3828/1086/1863
f 3829/1086/1863 3830/1087/1864 3831/1062/1861
f 3832/1061/1862 3833/1064/1865 3834/1088/1866
f 3835/1088/1866 3836/1086/1863 3837/1061/1862
f 3838/1068/1835 3839/1089/1867 3840/1090/1868
f 3841/1090/1868 3842/1069/1839 3843/1068/1835
f 3844/1069/1839 3845/1090/1868 3846/1071/1869
f 3847/1089/1867 3848/1068/1835 3849/1081/1870
f 3850/1081/1855 3851/1091/1871 3852/1089/1867
f 3853/1064/1865 3854/1084/1872 3855/1092/1873
f 3856/1092/1874 3857/1088/1866 3858/1064/1875
f 3859/1093/1876 3860/1082/1856 3861/1085/1877
f 3862/1085/1877 3863/1094/1878 3864/1093/1879
f 3865/1085/1860 3866/1084/1880 3867/1064/1881
f 3868/1064/1828 3869/1063/1827 3870/1085/1860
f 3871/1083/1882 3872/1095/1883 3873/1092/1873
f 3874/1092/1874 3875/1084/1880 3876/1083/1882
f 3877/1096/1884 3878/1067/1838 3879/1070/1837
f 3880/1062/1885 3881/1081/1886 3882/1079/1851
f 3883/1079/1887 3884/1059/1823 3885/1062/1826
f 3886/1078/1850 3887/1065/1830 3888/1059/1833
f 3889/1059/1833 3890/1079/1888 3891/1078/1854
f 3892/1087/1864 3893/1091/1889 3894/1081/1870
f 3895/1081/1870 3896/1062/1861 3897/1087/1864
f 3898/1097/1890 3899/1098/1891 3900/1099/1892
f 3901/1099/1893 3902/1100/1894 3903/1097/1890
f 3904/1101/1895 3905/1102/1896 3906/1099/1897
f 3907/1099/1897 3908/1098/1891 3909/1101/1898
f 3910/1103/1899 3911/1104/1900 3912/1105/1901
f 3913/1105/1901 3914/1106/1902 3915/1103/1899
f 3916/1106/1902 3917/1105/1901 3918/1107/1903
f 3919/1107/1903 3920/1108/1904 3921/1106/1905
f 3922/1108/1906 3923/1107/1903 3924/1109/1907
f 3925/1109/1907 3926/1110/1908 3927/1108/1904
f 3928/1110/1908 3929/1109/1907 3930/1101/1898
f 3931/1101/1898 3932/1111/1909 3933/1110/1910
f 3934/1112/1911 3935/1105/1912 3936/1104/1913
f 3937/1104/1913 3938/1113/1914 3939/1112/1911
f 3940/1114/1915 3941/1107/1916 3942/1105/1912
f 3943/1105/1917 3944/1112/1911 3945/1114/1915
f 3946/1107/1918 3947/1114/1919 3948/1115/1920
f 3949/1115/1921 3950/1109/1922 3951/1107/1916
f 3952/1102/1923 3953/1101/1924 3954/1109/1922
f 3955/1109/1922 3956/1115/1921 3957/1102/1925
f 3958/1116/1926 3959/1117/1927 3960/1118/1928
f 3961/1119/1929 3962/1120/1930 3963/1121/1931
f 3964/1121/1932 3965/1122/1933 3966/1119/1929
f 3967/1123/1934 3968/1124/1935 3969/1122/1936
f 3970/1122/1937 3971/1121/1932 3972/1123/1938
f 3973/1125/1939 3974/1126/1940 3975/1127/1941
f 3976/1127/1941 3977/1128/1942 3978/1125/1943
f 3979/1129/1944 3980/1130/1945 3981/1131/1946
f 3982/1131/1946 3983/1132/1947 3984/1129/1944
f 3985/1133/1948 3986/1134/1949 3987/1132/1950
f 3988/1132/1951 3989/1131/1952 3990/1133/1953
f 3991/1100/1954 3992/1099/1955 3993/1088/1956
f 3994/1088/1866 3995/1092/1873 3996/1100/1954
f 3997/1102/1957 3998/1088/1866 3999/1099/1958
f 4000/1087/1959 4001/1112/1960 4002/1113/1961
f 4003/1086/1962 4004/1114/1963 4005/1112/1964
f 4006/1112/1964 4007/1087/1959 4008/1086/1962
f 4009/1102/1965 4010/1115/1921 4011/1088/1866
f 4012/1086/1962 4013/1088/1966 4014/1115/1921
f 4015/1115/1921 4016/1114/1963 4017/1086/1962
f 4018/1116/1967 4019/1118/1928 4020/1090/1968
f 4021/1090/1968 4022/1089/1969 4023/1116/1967
f 4024/1090/1868 4025/1118/1928 4026/1135/1970
f 4027/1135/1970 4028/1071/1869 4029/1090/1868
f 4030/1123/1934 4031/1121/1971 4032/1091/1972
f 4033/1120/1973 4034/1089/1969 4035/1091/1972
f 4036/1091/1972 4037/1121/1974 4038/1120/1973
f 4039/1095/1975 4040/1130/1945 4041/1129/1976
f 4042/1129/1977 4043/1092/1873 4044/1095/1978
f 4045/1100/1894 4046/1136/1979 4047/1137/1980
f 4048/1137/1980 4049/1097/1890 4050/1100/1894
f 4051/1132/1947 4052/1137/1980 4053/1136/1979
f 4054/1136/1979 4055/1129/1944 4056/1132/1947
f 4057/1138/1981 4058/1139/1982 4059/1097/1983
f 4060/1097/1983 4061/1137/1984 4062/1138/1981
f 4063/1092/1874 4064/1136/1985 4065/1100/1986
f 4066/1092/1874 4067/1129/1976 4068/1136/1985
f 4069/1140/1987 4070/1118/1988 4071/1117/1989
f 4072/1141/1990 4073/1142/1991 4074/1143/1992
f 4075/1144/1993 4076/1145/1994 4077/1146/1995
f 4078/1146/1996 4079/1147/1997 4080/1144/1998
f 4081/1116/1999 4082/1120/1973 4083/1119/1929
f 4084/1119/1929 4085/1117/1989 4086/1116/1967
f 4087/1089/1969 4088/1120/1973 4089/1116/1999
f 4090/1148/2000 4091/1149/2001 4092/1142/1991
f 4093/1142/1991 4094/1141/1990 4095/1148/2002
f 4096/1150/2003 4097/1151/2004 4098/1152/2005
f 4099/1149/2006 4100/1148/2007 4101/1153/2008
f 4102/1153/2008 4103/1154/2009 4104/1149/2006
f 4105/1113/1961 4106/1123/2010 4107/1091/2011
f 4108/1091/2011 4109/1087/1959 4110/1113/1961
f 4111/1155/2012 4112/1131/2013 4113/1130/1945
f 4114/1130/1945 4115/1156/2014 4116/1155/2012
f 4117/1156/2015 4118/1130/2016 4119/1095/1975
f 4120/1104/1913 4121/1103/2017 4122/1157/2018
f 4123/1157/2019 4124/1124/1935 4125/1104/2020
f 4126/1157/2018 4127/1103/2017 4128/1103/2021
f 4129/1113/1961 4130/1104/1913 4131/1124/2022
f 4132/1124/2023 4133/1123/2024 4134/1113/1961
f 4135/1158/2025 4136/1159/2026 4137/1160/2027
f 4138/1161/2028 4139/1162/2029 4140/1163/2030
f 4141/1163/2031 4142/1164/2032 4143/1161/2028
f 4144/1165/2033 4145/1162/2034 4146/1166/2035
f 4147/1166/2036 4148/1167/2037 4149/1165/2033
f 4150/1162/2034 4151/1161/2028 4152/1166/2038
f 4153/1164/2032 4154/1163/2039 4155/1159/2040
f 4156/1159/2040 4157/1163/2031 4158/1160/2027
f 4159/1168/2041 4160/1169/2042 4161/1170/2043
f 4162/1170/2043 4163/1171/2044 4164/1168/2045
f 4165/1135/2046 4166/1118/2047 4167/1140/2048
f 4168/1154/2049 4169/1153/2050 4170/1172/2051
f 4171/1168/2041 4172/1173/2052 4173/1169/2053
f 4174/1169/2053 4175/1169/2042 4176/1168/2045
f 4177/1131/1952 4178/1155/2054 4179/1174/2055
f 4180/1160/2056 4181/1175/2057 4182/1176/2058
f 4183/1176/2059 4184/1158/2025 4185/1160/2056
f 4186/1176/2058 4187/1175/2057 4188/1175/2060
f 4189/1152/2005 4190/1177/2061 4191/1177/2062
f 4191/1177/2062 4192/1150/2063 4189/1152/2005
f 4193/1178/2064 4194/1179/2065 4195/1180/2066
f 4196/1180/2067 4197/1181/2068 4198/1178/2069
f 4199/1063/2070 4200/1182/2071 4201/1094/2072
f 4202/1094/2073 4203/1085/2074 4204/1063/2070
f 4205/1066/2075 4206/1182/2071 4207/1063/2070
f 4208/1063/2070 4209/1060/1832 4210/1066/1831
f 4211/1183/2076 4212/1184/2077 4213/1185/2078
f 4214/1185/2079 4215/1186/2080 4216/1183/2076
f 4217/1187/2081 4218/1183/2076 4219/1186/2080
f 4220/1186/2080 4221/1188/2082 4222/1187/2081
f 4223/1189/2083 4224/1190/2084 4225/1191/2085
f 4226/1192/2086 4227/1193/2087 4228/1080/2088
f 4229/1080/1853 4230/1194/2089 4231/1192/2086
f 4232/1195/2090 4233/1196/2091 4234/1197/2092
f 4235/1197/2093 4236/1198/2094 4237/1195/2090
f 4238/1139/2095 4239/1199/2096 4240/1098/2097
f 4241/1098/1891 4242/1097/1983 4243/1139/2095
f 4244/1098/2098 4245/1199/2096 4246/1111/2099
f 4247/1111/2100 4248/1101/1898 4249/1098/1891
f 4250/1200/2101 4251/1150/2063 4252/1177/2062
f 4253/1134/2102 4254/1138/2103 4255/1137/2104
f 4256/1137/2104 4257/1132/1950 4258/1134/2102
f 4259/1126/2105 4174/1169/2106 4260/1173/2052
f 4261/1173/2107 4262/1127/2108 4263/1126/2109
f 4264/1174/2110 4265/1201/2111 4266/1133/1953
f 4267/1133/2112 4268/1131/1952 4269/1174/2110
f 4270/1202/2113 4186/1176/2058 4188/1175/2060
f 4271/1203/2114 4126/1157/2018 4128/1103/2021
f 4272/1204/2115 4273/1205/2116 4274/1206/2117
f 4275/1206/2117 4276/1207/2118 4277/1204/2119
f 4278/1208/820 4279/1209/2120 4280/1210/2121
f 4281/1210/2122 4282/1211/1813 4283/1208/820
f 4284/1212/2123 4285/1213/2124 4286/1214/2125
f 4287/1214/2125 4288/1215/2126 4289/1212/2127
f 4290/1216/2128 4291/1217/2129 4292/1218/2130
f 4293/1218/2130 4294/1219/2131 4295/1216/2128
f 4296/1219/2132 4297/1218/2130 4298/1220/2133
f 4299/1220/2133 4300/1221/2134 4301/1219/2131
f 4302/1222/1830 4303/1216/2135 4304/1219/2136
f 4305/1219/2136 4306/1223/2075 4307/1222/1830
f 4308/1224/2137 4309/1225/2138 4310/1226/2139
f 4311/1226/2139 4312/1227/2140 4313/1224/2141
f 4314/1225/2138 4315/1228/2142 4316/1226/2139
f 4317/1229/2143 4318/1230/2144 4319/1231/2145
f 4320/1231/2146 4321/1232/2147 4322/1229/2143
f 4323/1233/2148 4324/1234/2149 4325/1230/2150
f 4326/1230/2151 4327/1229/2152 4328/1233/2148
f 4329/1224/2137 4330/1235/2153 4331/1236/1850
f 4332/1236/2154 4333/1237/2155 4334/1224/2156
f 4335/1227/2140 4336/1238/2157 4337/1235/2153
f 4338/1235/2153 4339/1224/2137 4340/1227/2140
f 4341/1239/2158 4342/1240/2159 4343/1241/2160
f 4344/1241/2161 4345/1242/2162 4346/1239/2158
f 4347/1217/2163 4348/1243/2164 4349/1244/2165
f 4350/1244/2165 4351/1218/2166 4352/1217/2163
f 4353/1218/2166 4354/1244/2165 4355/1245/2167
f 4356/1245/2167 4357/1220/2168 4358/1218/2166
f 4359/1227/2140 4360/1226/2169 4361/1246/2170
f 4362/1246/2171 4363/1247/2172 4364/1227/2140
f 4365/1226/2169 4366/1228/2142 4367/1246/2171
f 4368/1247/2172 4369/1248/2173 4370/1238/2174
f 4371/1238/2174 4372/1227/2140 4373/1247/2172
f 4374/1220/2175 4375/1245/2167 4376/1249/2176
f 4377/1249/2177 4378/1241/2178 4379/1220/2168
f 4380/1250/1879 4381/1251/2179 4382/1240/2180
f 4383/1240/2181 4384/1239/2182 4385/1250/2183
f 4386/1240/2159 4387/1221/2134 4388/1220/2133
f 4389/1220/2184 4390/1241/2185 4391/1240/2159
f 4392/1242/2186 4393/1241/2187 4394/1249/2176
f 4395/1249/2177 4396/1252/2188 4397/1242/2186
f 4398/1253/2189 4399/1225/2190 4400/1224/2191
f 4401/1217/2129 4402/1216/2128 4403/1235/2192
f 4404/1235/2153 4405/1238/2193 4406/1217/2194
f 4407/1236/1850 4408/1235/2195 4409/1216/2135
f 4410/1216/2135 4411/1222/2196 4412/1236/1854
f 4413/1243/2164 4414/1217/2163 4415/1238/2197
f 4416/1238/2197 4417/1248/2198 4418/1243/2164
f 4419/1254/2199 4420/1255/2200 4421/1256/2201
f 4422/1256/2202 4423/1257/2203 4424/1254/2199
f 4425/1258/2204 4426/1257/2203 4427/1256/2205
f 4428/1256/2201 4429/1259/2206 4430/1258/2207
f 4431/1260/2208 4432/1261/1902 4433/1262/2209
f 4434/1262/2210 4435/1263/2211 4436/1260/2208
f 4437/1261/2212 4438/1264/1904 4439/1265/2213
f 4440/1265/2214 4441/1262/2209 4442/1261/1902
f 4443/1264/1904 4444/1266/1908 4445/1267/2215
f 4446/1267/2216 4447/1265/2213 4448/1264/2217
f 4449/1266/1908 4450/1268/2100 4451/1258/2204
f 4452/1258/2204 4453/1267/2215 4454/1266/1908
f 4455/1269/2218 4456/1270/2219 4457/1263/2211
f 4458/1263/2220 4459/1262/2221 4460/1269/2222
f 4461/1271/2223 4462/1269/2222 4463/1262/2224
f 4464/1262/2225 4465/1265/2226 4466/1271/2223
f 4467/1265/2227 4468/1267/2228 4469/1272/2229
f 4470/1272/2230 4471/1271/2231 4472/1265/2226
f 4473/1259/2232 4474/1272/2229 4475/1267/2233
f 4476/1267/2228 4477/1258/2234 4478/1259/2206
f 4479/1273/2235 4480/1274/2236 4481/1275/2237
f 4482/1276/2238 4483/1277/2239 4484/1278/2240
f 4485/1278/2241 4486/1279/2242 4487/1276/2238
f 4488/1280/2243 4489/1278/2240 4490/1277/2244
f 4491/1277/2245 4492/1281/2246 4493/1280/2243
f 4494/1282/1943 4495/1283/2247 4496/1284/2248
f 4497/1284/2248 4498/1285/1940 4499/1282/1939
f 4500/1286/2249 4501/1287/2250 4502/1288/2251
f 4503/1288/2251 4504/1289/2252 4505/1286/2253
f 4506/1290/1953 4507/1288/2254 4508/1287/2255
f 4509/1287/2256 4510/1291/2257 4511/1290/2258
f 4512/1255/2259 4513/1249/2177 4514/1245/2167
f 4515/1245/2260 4516/1256/2261 4517/1255/2259
f 4518/1259/2262 4519/1256/2263 4520/1245/2260
f 4521/1243/2264 4522/1270/2265 4523/1269/2266
f 4524/1244/2267 4525/1243/2264 4526/1269/2268
f 4527/1269/2268 4528/1271/2269 4529/1244/2267
f 4530/1259/2270 4531/1245/2167 4532/1272/2229
f 4533/1244/2267 4534/1271/2269 4535/1272/2229
f 4536/1272/2271 4537/1245/2260 4538/1244/2267
f 4539/1273/2272 4540/1247/2273 4541/1246/2274
f 4542/1246/2275 4543/1274/2276 4544/1273/2272
f 4545/1246/2171 4546/1228/2142 4547/1292/2277
f 4548/1292/2277 4549/1274/2276 4550/1246/2171
f 4551/1280/2243 4552/1248/2278 4553/1278/2241
f 4554/1279/2279 4555/1278/2241 4556/1248/2278
f 4557/1248/2278 4558/1247/2273 4559/1279/2279
f 4560/1252/2280 4561/1249/2176 4562/1286/2281
f 4563/1286/2281 4564/1289/2252 4565/1252/2280
f 4566/1255/2200 4567/1254/2199 4568/1293/2282
f 4569/1293/2282 4570/1294/2283 4571/1255/2200
f 4572/1287/2250 4573/1286/2253 4574/1294/2284
f 4575/1294/2284 4576/1293/2282 4577/1287/2250
f 4578/1295/1981 4579/1293/2285 4580/1254/2286
f 4581/1254/2287 4582/1296/2095 4583/1295/2288
f 4584/1249/2177 4585/1255/2259 4586/1294/2284
f 4587/1249/2176 4588/1294/2284 4589/1286/2281
f 4590/1297/2289 4591/1275/2290 4592/1274/2291
f 4593/1298/2292 4594/1299/2293 4595/1300/2294
f 4596/1301/2295 4597/1302/2296 4598/1303/1996
f 4599/1303/1996 4600/1304/1994 4601/1301/2295
f 4602/1273/2272 4603/1275/2290 4604/1276/2238
f 4605/1276/2238 4606/1279/2279 4607/1273/2235
f 4608/1247/2297 4609/1273/2235 4610/1279/2279
f 4611/1305/2298 4612/1298/2292 4613/1300/2294
f 4614/1300/2294 4615/1306/2299 4616/1305/2298
f 4617/1307/2300 4618/1308/2301 4619/1309/2302
f 4620/1306/2303 4621/1310/2304 4622/1311/2305
f 4623/1311/2305 4624/1305/2306 4625/1306/2303
f 4626/1270/2265 4627/1243/2264 4628/1248/2307
f 4629/1248/2307 4630/1280/2243 4631/1270/2265
f 4632/1312/2308 4633/1313/2309 4634/1289/2252
f 4635/1289/2252 4636/1288/2251 4637/1312/2308
f 4638/1313/2310 4639/1252/2280 4640/1289/2311
f 4641/1260/2312 4642/1263/2211 4643/1314/2313
f 4644/1314/2314 4645/1260/2315 4646/1260/2316
f 4644/1314/2317 4647/1263/2318 4648/1281/2246
f 4649/1270/2265 4650/1280/2319 4651/1281/2320
f 4652/1281/2321 4653/1263/2318 4654/1270/2265
f 4655/1315/2322 4656/1316/2323 4657/1317/2324
f 4658/1318/2325 4659/1319/2326 4660/1320/2327
f 4661/1320/2328 4662/1321/2329 4663/1318/2325
f 4664/1322/2033 4665/1323/2330 4666/1324/2331
f 4667/1324/2332 4668/1321/2333 4669/1322/2334
f 4670/1321/2335 4671/1324/2336 4672/1318/2325
f 4673/1319/2337 4674/1317/2338 4675/1320/2339
f 4676/1317/2338 4677/1316/2323 4678/1320/2327
f 4679/1325/2340 4680/1326/2341 4681/1327/2043
f 4682/1327/2043 4683/1328/2042 4684/1325/2340
f 4685/1292/2342 4686/1297/2343 4687/1274/2236
f 4688/1310/2344 4689/1329/2345 4690/1311/2305
f 4691/1325/2340 4692/1328/2042 4693/1328/2053
f 4693/1328/2053 4694/1330/2346 4691/1325/2340
f 4695/1288/2254 4696/1331/2347 4697/1312/2348
f 4698/1332/2057 4699/1316/2349 4700/1333/2350
f 4701/1333/2351 4702/1332/2060 4703/1332/2057
f 4701/1333/2352 4704/1316/2353 4705/1315/2322
f 4706/1308/2301 4707/1307/2354 4708/1334/2062
f 4709/1334/2355 4710/1334/2061 4711/1308/2356
f 4712/1335/2069 4713/1336/2357 4714/1337/2358
f 4715/1337/2359 4716/1338/2065 4717/1335/2069
f 4718/1221/2360 4719/1240/2181 4720/1251/2072
f 4721/1251/2072 4722/1339/2071 4723/1221/2361
f 4724/1223/1831 4725/1219/2136 4726/1221/2361
f 4727/1221/2361 4728/1339/2071 4729/1223/1831
f 4730/1340/2076 4731/1341/2362 4732/1342/2363
f 4733/1342/2364 4734/1343/2077 4735/1340/2076
f 4736/1344/2081 4737/1345/2365 4738/1341/2362
f 4739/1341/2362 4740/1340/2076 4741/1344/2366
f 4742/1346/2083 4743/1347/2367 4744/1348/2368
f 4745/1237/2155 4746/1349/2087 4747/1350/2369
f 4748/1350/2086 4749/1351/2370 4750/1237/2371
f 4751/1352/2090 4752/1353/2372 4753/1354/2373
f 4754/1354/2374 4755/1355/2091 4756/1352/2090
f 4757/1296/2095 4758/1254/2287 4759/1257/2203
f 4760/1257/2375 4761/1356/2096 4762/1296/2095
f 4763/1257/2203 4764/1258/2204 4765/1268/2099
f 4766/1268/2099 4767/1356/2096 4768/1257/2376
f 4769/1357/2377 4709/1334/2062 4770/1307/2354
f 4771/1291/2378 4772/1287/2255 4773/1293/2379
f 4774/1293/2379 4775/1295/2288 4776/1291/2102
f 4777/1285/2109 4778/1284/2380 4779/1330/2381
f 4780/1330/2346 4781/1328/2106 4782/1285/2105
f 4783/1331/2382 4784/1288/2254 4785/1290/2383
f 4786/1290/1953 4787/1358/2111 4788/1331/2382
f 4789/1359/2113 4702/1332/2060 4790/1333/2350
f 4791/1360/2114 4645/1260/2384 4792/1314/2313
f 4793/1096/2385 4794/1194/2386 4795/1080/1853
f 4796/1080/1853 4797/1067/1838 4798/1096/2387
f 4799/1073/1842 4800/1191/2085 4801/1190/2388
f 4802/1190/2084 4803/1074/2389 4804/1073/1842
f 4805/1237/2155 4806/1351/2390 4807/1253/2391
f 4808/1253/2392 4809/1224/2137 4810/1237/2393
f 4811/1348/2394 4812/1347/2085 4813/1232/2395
f 4814/1232/2395 4815/1231/2145 4816/1348/2368
f 4817/1236/2154 4818/1349/2087 4819/1237/2155
f 4820/1080/1853 4821/1193/2087 4822/1078/2396
f 4823/1361/2115 4824/1362/2397 4825/1363/2117
f 4826/1363/2117 4827/1364/2118 4828/1361/2119
f 4829/1365/820 4830/1366/2120 4831/1367/2121
f 4832/1367/2122 4833/1368/1813 4834/1365/820
f 4835/1369/2123 4836/1370/2398 4837/1371/2125
f 4838/1371/2125 4839/1372/2126 4840/1369/2127
f 4841/1373/2128 4842/1374/2129 4843/1375/2130
f 4844/1375/2130 4845/1376/2131 4846/1373/2128
f 4847/1376/2132 4848/1375/2130 4849/1377/2133
f 4850/1377/2133 4851/1378/2134 4852/1376/2399
f 4853/1379/1830 4854/1373/2135 4855/1376/2136
f 4856/1376/2136 4857/1380/2075 4858/1379/1830
f 4859/1381/2137 4860/1382/2138 4861/1383/2139
f 4862/1383/2139 4863/1384/2140 4864/1381/2141
f 4865/1382/2138 4866/1385/2142 4867/1383/2139
f 4868/1386/2143 4869/1387/2144 4870/1388/2145
f 4871/1388/2146 4872/1389/2147 4873/1386/2143
f 4874/1390/2148 4875/1391/2400 4876/1387/2150
f 4877/1387/2151 4878/1386/2152 4879/1390/2148
f 4880/1381/2137 4881/1392/2153 4882/1393/1850
f 4883/1393/2154 4884/1394/2393 4885/1381/2137
f 4886/1384/2140 4887/1395/2174 4888/1392/2153
f 4889/1392/2153 4890/1381/2137 4891/1384/2140
f 4892/1396/2158 4893/1397/2159 4894/1398/2160
f 4895/1398/2161 4896/1399/2162 4897/1396/2158
f 4898/1374/2163 4899/1400/2164 4900/1401/2165
f 4901/1401/2165 4902/1375/2166 4903/1374/2163
f 4904/1375/2166 4905/1401/2165 4906/1402/2167
f 4907/1402/2167 4908/1377/2168 4909/1375/2166
f 4910/1384/2140 4911/1383/2169 4912/1403/2170
f 4913/1403/2171 4914/1404/2172 4915/1384/2140
f 4916/1383/2169 4917/1385/2142 4918/1403/2171
f 4919/1404/2172 4920/1405/2173 4921/1395/2174
f 4922/1395/2174 4923/1384/2140 4924/1404/2172
f 4925/1377/2175 4926/1402/2167 4927/1406/2176
f 4928/1406/2177 4929/1398/2178 4930/1377/2168
f 4931/1407/1879 4932/1408/2179 4933/1397/2180
f 4934/1397/2181 4935/1396/2182 4936/1407/2183
f 4937/1397/2159 4938/1378/2134 4939/1377/2133
f 4940/1377/2184 4941/1398/2185 4942/1397/2159
f 4943/1399/2186 4944/1398/2187 4945/1406/2176
f 4946/1406/2177 4947/1409/2188 4948/1399/2186
f 4949/1410/2189 4950/1382/2138 4951/1381/2137
f 4952/1374/2129 4953/1373/2128 4954/1392/2192
f 4955/1392/2153 4956/1395/2193 4957/1374/2194
f 4958/1393/1850 4959/1392/2195 4960/1373/2135
f 4961/1373/2135 4962/1379/2196 4963/1393/1854
f 4964/1400/2164 4965/1374/2163 4966/1395/2197
f 4967/1395/2197 4968/1405/2198 4969/1400/2164
f 4970/1411/2199 4971/1412/2200 4972/1413/2201
f 4973/1413/2202 4974/1414/2203 4975/1411/2199
f 4976/1415/2204 4977/1414/2203 4978/1413/2205
f 4979/1413/2201 4980/1416/2206 4981/1415/2207
f 4982/1417/2401 4983/1418/1902 4984/1419/2209
f 4985/1419/2210 4986/1420/2211 4987/1417/2402
f 4988/1418/2212 4989/1421/1904 4990/1422/2213
f 4991/1422/2214 4992/1419/2209 4993/1418/1902
f 4994/1421/1904 4995/1423/1908 4996/1424/2215
f 4997/1424/2216 4998/1422/2213 4999/1421/2217
f 5000/1423/1908 5001/1425/2100 5002/1415/2204
f 5003/1415/2204 5004/1424/2215 5005/1423/1908
f 5006/1426/2222 5007/1427/2219 5008/1420/2211
f 5009/1420/2220 5010/1419/2221 5011/1426/2222
f 5012/1428/2223 5013/1426/2222 5014/1419/2224
f 5015/1419/2225 5016/1422/2214 5017/1428/2223
f 5018/1422/2227 5019/1424/2228 5020/1429/2229
f 5021/1429/2403 5022/1428/2231 5023/1422/2226
f 5024/1416/2232 5025/1429/2229 5026/1424/2233
f 5027/1424/2228 5028/1415/2234 5029/1416/2232
f 5030/1430/2235 5031/1431/2404 5032/1432/2237
f 5033/1433/2238 5034/1434/2239 5035/1435/2240
f 5036/1435/2241 5037/1436/2405 5038/1433/2238
f 5039/1437/2243 5040/1435/2240 5041/1434/2244
f 5042/1434/2245 5043/1438/2246 5044/1437/2243
f 5045/1439/1943 5046/1440/2406 5047/1441/2248
f 5048/1441/2248 5049/1442/1940 5050/1439/1939
f 5051/1443/2249 5052/1444/2250 5053/1445/2251
f 5054/1445/2251 5055/1446/2252 5056/1443/2253
f 5057/1447/1953 5058/1445/2254 5059/1444/2255
f 5060/1444/2256 5061/1448/2257 5062/1447/2258
f 5063/1412/2259 5064/1406/2176 5065/1402/2167
f 5066/1402/2260 5067/1413/2261 5068/1412/2259
f 5069/1416/2270 5070/1413/2263 5071/1402/2260
f 5072/1400/2264 5073/1427/2265 5074/1426/2266
f 5075/1401/2267 5076/1400/2264 5077/1426/2268
f 5078/1426/2268 5079/1428/2269 5080/1401/2267
f 5081/1416/2270 5082/1402/2167 5083/1429/2229
f 5084/1401/2267 5085/1428/2269 5086/1429/2229
f 5087/1429/2271 5088/1402/2260 5089/1401/2267
f 5090/1430/2272 5091/1404/2273 5092/1403/2274
f 5093/1403/2275 5094/1431/2276 5095/1430/2272
f 5096/1403/2171 5097/1385/2142 5098/1449/2277
f 5099/1449/2277 5100/1431/2276 5101/1403/2171
f 5102/1437/2243 5103/1405/2278 5104/1435/2241
f 5105/1436/2405 5106/1435/2241 5107/1405/2278
f 5108/1405/2307 5109/1404/2273 5110/1436/2279
f 5111/1409/2280 5112/1406/2176 5113/1443/2281
f 5114/1443/2281 5115/1446/2311 5116/1409/2280
f 5117/1412/2200 5118/1411/2199 5119/1450/2282
f 5120/1450/2282 5121/1451/2283 5122/1412/2200
f 5123/1444/2250 5124/1443/2253 5125/1451/2284
f 5126/1451/2284 5127/1450/2282 5128/1444/2250
f 5129/1452/1981 5130/1450/2285 5131/1411/2199
f 5132/1411/2287 5133/1453/2095 5134/1452/2288
f 5135/1406/2177 5136/1412/2259 5137/1451/2284
f 5138/1406/2176 5139/1451/2284 5140/1443/2281
f 5141/1454/2289 5142/1432/2290 5143/1431/2291
f 5144/1455/2292 5145/1456/2293 5146/1457/2294
f 5147/1458/2295 5148/1459/2296 5149/1460/1995
f 5150/1460/1996 5151/1461/1994 5152/1458/2295
f 5153/1430/2272 5154/1432/2290 5155/1433/2238
f 5156/1433/2238 5157/1436/2279 5158/1430/2235
f 5159/1404/2297 5160/1430/2235 5161/1436/2279
f 5162/1462/2298 5163/1455/2292 5164/1457/2294
f 5165/1457/2294 5166/1463/2299 5167/1462/2298
f 5168/1464/2300 5169/1465/2301 5170/1466/2302
f 5171/1463/2303 5172/1467/2407 5173/1468/2305
f 5174/1468/2305 5175/1462/2306 5176/1463/2303
f 5177/1427/2265 5178/1400/2264 5179/1405/2307
f 5180/1405/2307 5181/1437/2243 5182/1427/2265
f 5183/1469/2308 5184/1470/2309 5185/1446/2252
f 5186/1446/2252 5187/1445/2251 5188/1469/2308
f 5189/1470/2310 5190/1409/2280 5191/1446/2311
f 5192/1417/2401 5193/1420/2211 5194/1471/2313
f 5195/1471/2314 5196/1417/2408 5197/1417/2401
f 5195/1471/2317 5198/1420/2318 5199/1438/2246
f 5200/1427/2265 5201/1437/2319 5202/1438/2409
f 5203/1438/2321 5204/1420/2318 5205/1427/2265
f 5206/1472/2322 5207/1473/2323 5208/1474/2410
f 5209/1475/2325 5210/1476/2326 5211/1477/2411
f 5212/1477/2328 5213/1478/2329 5214/1475/2325
f 5215/1479/2033 5216/1480/2330 5217/1481/2331
f 5218/1481/2331 5219/1478/2333 5220/1479/2033
f 5221/1478/2335 5222/1481/2336 5223/1475/2325
f 5224/1476/2326 5225/1474/2338 5226/1477/2339
f 5227/1474/2338 5228/1473/2323 5229/1477/2327
f 5230/1482/2340 5231/1483/2341 5232/1484/2043
f 5233/1484/2043 5234/1485/368 5235/1482/2340
f 5236/1449/2342 5237/1454/2343 5238/1431/2236
f 5239/1467/2412 5240/1486/2413 5241/1468/2414
f 5242/1482/2340 5243/1485/368 5244/1485/2415
f 5244/1485/2415 5245/1487/2346 5242/1482/2340
f 5246/1445/2254 5247/1488/2347 5248/1469/2348
f 5249/1489/2057 5250/1473/2349 5251/1490/2350
f 5252/1490/2351 5253/1489/2060 5254/1489/2057
f 5252/1490/2352 5255/1473/2416 5256/1472/2322
f 5257/1465/2301 5258/1464/2354 5259/1491/2062
f 5260/1491/2062 5261/1491/2061 5262/1465/2356
f 5263/1492/2069 5264/1493/2357 5265/1494/2358
f 5266/1494/2359 5267/1495/2065 5268/1492/2069
f 5269/1378/2360 5270/1397/2181 5271/1408/2072
f 5272/1408/2072 5273/1496/2071 5274/1378/2361
f 5275/1380/1831 5276/1376/2136 5277/1378/2361
f 5278/1378/2361 5279/1496/2071 5280/1380/1831
f 5281/1497/2076 5282/1498/2362 5283/1499/2363
f 5284/1499/2364 5285/1500/2077 5286/1497/2076
f 5287/1501/2081 5288/1502/2365 5289/1498/2362
f 5290/1498/2362 5291/1497/2076 5292/1501/2366
f 5293/1503/2083 5294/1504/2367 5295/1505/2368
f 5296/1506/2086 5297/1507/2370 5298/1394/2371
f 5299/1394/2155 5300/1508/2087 5301/1506/2086
f 5302/1509/2090 5303/1510/2372 5304/1511/2373
f 5305/1511/2374 5306/1512/2091 5307/1509/2090
f 5308/1453/2095 5309/1411/2287 5310/1414/2203
f 5311/1414/2375 5312/1513/2096 5313/1453/2095
f 5314/1414/2203 5315/1415/2204 5316/1425/2099
f 5317/1425/2099 5318/1513/2096 5319/1414/2376
f 5320/1514/2377 5260/1491/2062 5321/1464/2354
f 5322/1448/2378 5323/1444/2255 5324/1450/2379
f 5325/1450/2379 5326/1452/2288 5327/1448/2102
f 5328/1442/2109 5329/1441/2380 5330/1487/2381
f 5331/1487/2346 5332/1485/2417 5333/1442/2105
f 5334/1488/2382 5335/1445/2254 5336/1447/2383
f 5337/1447/1953 5338/1515/2111 5339/1488/2382
f 5340/1516/2113 5253/1489/2060 5341/1490/2350
f 5342/1517/2114 5196/1417/2408 5343/1471/2313
f 5344/1518/1808 5345/1519/1809 5346/1520/1810
f 5347/1520/1810 5348/1521/2418 5349/1518/1812
f 5350/1522/820 5351/1523/1813 5352/1524/2419
f 5353/1524/2419 5354/1525/1816 5355/1522/820
f 5356/1526/1818 5357/1527/1819 5358/1528/1820
f 5359/1528/1820 5360/1529/1821 5361/1526/1822
f 5362/1530/1823 5363/1531/1824 5364/1532/1825
f 5365/1532/1825 5366/1533/1826 5367/1530/1823
f 5368/1531/1824 5369/1534/1827 5370/1535/1828
f 5371/1535/1828 5372/1532/1825 5373/1531/1829
f 5374/1536/1830 5375/1537/1831 5376/1531/1832
f 5377/1531/1832 5378/1530/1833 5379/1536/1830
f 5380/1538/1834 5381/1539/1835 5382/1540/1836
f 5383/1540/1836 5384/1541/1837 5385/1538/1838
f 5386/1541/1837 5387/1540/1839 5388/1542/1840
f 5389/1543/1841 5390/1544/1842 5391/1545/1843
f 5392/1545/1844 5393/1546/1845 5394/1543/1841
f 5395/1547/1846 5396/1543/1841 5397/1546/1847
f 5398/1546/1848 5399/1548/1849 5400/1547/1846
f 5401/1549/1850 5402/1550/1851 5403/1538/1838
f 5404/1538/1852 5405/1551/1853 5406/1549/1854
f 5407/1539/1835 5408/1538/1838 5409/1550/1851
f 5410/1550/1851 5411/1552/2420 5412/1539/1835
f 5413/1553/1856 5414/1554/1857 5415/1555/1858
f 5416/1555/1859 5417/1556/1860 5418/1553/1856
f 5419/1533/1861 5420/1532/1862 5421/1557/1863
f 5422/1557/1863 5423/1558/1864 5424/1533/1861
f 5425/1532/1862 5426/1535/1865 5427/1559/1866
f 5428/1559/1866 5429/1557/1863 5430/1532/1862
f 5431/1539/1835 5432/1560/1867 5433/1561/1868
f 5434/1561/1868 5435/1540/1839 5436/1539/1835
f 5437/1540/1839 5438/1561/1868 5439/1542/1869
f 5440/1560/1867 5441/1539/1835 5442/1552/1870
f 5443/1552/1870 5444/1562/1871 5445/1560/1867
f 5446/1535/1865 5447/1555/1872 5448/1563/1873
f 5449/1563/1874 5450/1559/1866 5451/1535/1875
f 5452/1564/1876 5453/1553/1856 5454/1556/1877
f 5455/1556/1877 5456/1565/1878 5457/1564/1879
f 5458/1556/1860 5459/1555/1859 5460/1535/1881
f 5461/1535/1828 5462/1534/1827 5463/1556/1860
f 5464/1554/1882 5465/1566/1883 5466/1563/1873
f 5467/1563/1874 5468/1555/1880 5469/1554/1882
f 5470/1567/1884 5471/1538/2421 5472/1541/1837
f 5473/1533/1885 5474/1552/1886 5475/1550/1851
f 5476/1550/1887 5477/1530/1823 5478/1533/1826
f 5479/1549/1850 5480/1536/1830 5481/1530/1833
f 5482/1530/1833 5483/1550/1888 5484/1549/1854
f 5485/1558/1864 5486/1562/1889 5487/1552/1870
f 5488/1552/1870 5489/1533/1861 5490/1558/1864
f 5491/1568/1890 5492/1569/1891 5493/1570/2422
f 5494/1570/1893 5495/1571/1894 5496/1568/1890
f 5497/1572/2423 5498/1573/1896 5499/1570/1897
f 5500/1570/1897 5501/1569/1891 5502/1572/1898
f 5503/1574/2402 5504/1575/1900 5505/1576/1901
f 5506/1576/1901 5507/1577/1902 5508/1574/2424
f 5509/1577/1902 5510/1576/1901 5511/1578/1903
f 5512/1578/1903 5513/1579/1904 5514/1577/1905
f 5515/1579/1906 5516/1578/1903 5517/1580/1907
f 5518/1580/1907 5519/1581/1908 5520/1579/2425
f 5521/1581/1908 5522/1580/1907 5523/1572/1898
f 5524/1572/1898 5525/1582/1909 5526/1581/1910
f 5527/1583/2426 5528/1576/1912 5529/1575/1913
f 5530/1575/1913 5531/1584/1914 5532/1583/1911
f 5533/1585/2427 5534/1578/1916 5535/1576/1917
f 5536/1576/1917 5537/1583/1911 5538/1585/1915
f 5539/1578/1918 5540/1585/1919 5541/1586/1920
f 5542/1586/1921 5543/1580/1922 5544/1578/1916
f 5545/1573/1896 5546/1572/1924 5547/1580/1922
f 5548/1580/2428 5549/1586/1921 5550/1573/1925
f 5551/1587/1999 5552/1588/1927 5553/1589/1928
f 5554/1590/1929 5555/1591/1930 5556/1592/1931
f 5557/1592/1932 5558/1593/1933 5559/1590/1929
f 5560/1594/2024 5561/1595/1935 5562/1593/1936
f 5563/1593/1936 5564/1592/1932 5565/1594/1938
f 5566/1596/1939 5567/1597/1940 5568/1598/1941
f 5569/1598/1941 5570/1599/1942 5571/1596/1943
f 5572/1600/1944 5573/1601/1945 5574/1602/1946
f 5575/1602/1946 5576/1603/1947 5577/1600/1944
f 5578/1604/1948 5579/1605/1949 5580/1603/1950
f 5581/1603/1951 5582/1602/1952 5583/1604/1953
f 5584/1571/1954 5585/1570/1955 5586/1559/1956
f 5587/1559/1866 5588/1563/1873 5589/1571/1954
f 5590/1573/1965 5591/1559/1866 5592/1570/1958
f 5593/1558/1959 5594/1583/1960 5595/1584/1961
f 5596/1557/1962 5597/1585/1963 5598/1583/1964
f 5599/1583/1964 5600/1558/1959 5601/1557/1962
f 5602/1573/1957 5603/1586/1921 5604/1559/1866
f 5605/1557/1962 5606/1559/2429 5607/1586/1921
f 5608/1586/1921 5609/1585/1963 5610/1557/1962
f 5611/1587/1967 5612/1589/1928 5613/1561/1968
f 5614/1561/1968 5615/1560/1969 5616/1587/1967
f 5617/1561/1868 5618/1589/1928 5619/1606/1970
f 5620/1606/1970 5621/1542/1869 5622/1561/1868
f 5623/1594/1934 5624/1592/1971 5625/1562/1972
f 5626/1591/1973 5627/1560/1969 5628/1562/1972
f 5629/1562/1972 5630/1592/1971 5631/1591/1973
f 5632/1566/1975 5633/1601/1945 5634/1600/1976
f 5635/1600/1976 5636/1563/1873 5637/1566/1978
f 5638/1571/1894 5639/1607/1979 5640/1608/1980
f 5641/1608/1980 5642/1568/1890 5643/1571/1894
f 5644/1603/1947 5645/1608/1980 5646/1607/1979
f 5647/1607/1979 5648/1600/1944 5649/1603/1947
f 5650/1609/1981 5651/1610/1982 5652/1568/1983
f 5653/1568/2430 5654/1608/1984 5655/1609/1981
f 5656/1563/1874 5657/1607/1985 5658/1571/1986
f 5659/1563/1874 5660/1600/1976 5661/1607/1985
f 5662/1611/1987 5663/1589/1988 5664/1588/1989
f 5665/1612/1990 5666/1613/1991 5667/1614/1992
f 5668/1615/1993 5669/1616/1994 5670/1617/1995
f 5671/1617/1996 5672/1618/2431 5673/1615/1998
f 5674/1587/1999 5675/1591/1973 5676/1590/1929
f 5677/1590/1929 5678/1588/1989 5679/1587/1967
f 5680/1560/1969 5681/1591/1973 5682/1587/1999
f 5683/1619/2000 5684/1620/2001 5685/1613/1991
f 5686/1613/1991 5687/1612/1990 5688/1619/2002
f 5689/1621/2003 5690/1622/2004 5691/1623/2005
f 5692/1620/2006 5693/1619/2007 5694/1624/2008
f 5695/1624/2008 5696/1625/2432 5697/1620/2006
f 5698/1584/1961 5699/1594/2010 5700/1562/2011
f 5701/1562/2011 5702/1558/1959 5703/1584/1961
f 5704/1626/2012 5705/1602/1946 5706/1601/1945
f 5707/1601/1945 5708/1627/2014 5709/1626/2012
f 5710/1627/2015 5711/1601/2016 5712/1566/1975
f 5713/1575/1913 5714/1574/2433 5715/1628/2018
f 5716/1628/2019 5717/1595/1935 5718/1575/2020
f 5719/1628/2018 5720/1574/2402 5721/1574/2408
f 5722/1584/1961 5723/1575/1913 5724/1595/2022
f 5725/1595/2023 5726/1594/2024 5727/1584/1961
f 5728/1629/2025 5729/1630/2026 5730/1631/2434
f 5731/1632/2028 5732/1633/2029 5733/1634/2030
f 5734/1634/2435 5735/1635/2032 5736/1632/2028
f 5737/1636/2436 5738/1633/2034 5739/1637/2035
f 5740/1637/2036 5741/1638/2037 5742/1636/2033
f 5743/1633/2034 5744/1632/2028 5745/1637/2038
f 5746/1635/2437 5747/1634/2039 5748/1630/2040
f 5749/1630/2040 5750/1634/2031 5751/1631/2027
f 5752/1639/2041 5753/1640/368 5754/1641/2043
f 5755/1641/2043 5756/1642/2044 5757/1639/2045
f 5758/1606/2046 5759/1589/2047 5760/1611/2048
f 5761/1625/2438 5762/1624/2008 5763/1643/2439
f 5764/1639/2041 5765/1644/2052 5766/1640/2415
f 5767/1640/2415 5768/1640/368 5769/1639/2045
f 5770/1602/1952 5771/1626/2054 5772/1645/2055
f 5773/1631/2056 5774/1646/2057 5775/1647/2058
f 5776/1647/2059 5777/1629/2025 5778/1631/2056
f 5779/1647/2440 5780/1646/2057 5781/1646/2060
f 5782/1623/2005 5783/1648/2061 5784/1648/2355
f 5784/1648/2355 5785/1621/2063 5782/1623/2005
f 5786/1649/2064 5787/1650/2065 5788/1651/2066
f 5789/1651/2067 5790/1652/2068 5791/1649/2069
f 5792/1534/2070 5793/1653/2071 5794/1565/2072
f 5795/1565/2073 5796/1556/2074 5797/1534/2070
f 5798/1537/2075 5799/1653/2071 5800/1534/2070
f 5801/1534/2070 5802/1531/1832 5803/1537/1831
f 5804/1654/2076 5805/1655/2077 5806/1656/2078
f 5807/1656/2079 5808/1657/2080 5809/1654/2076
f 5810/1658/2081 5811/1654/2076 5812/1657/2080
f 5813/1657/2080 5814/1659/2441 5815/1658/2081
f 5816/1660/2083 5817/1661/2084 5818/1662/2085
f 5819/1551/1853 5820/1663/2089 5821/1664/2086
f 5822/1664/2442 5823/1665/2087 5824/1551/2088
f 5825/1666/2090 5826/1667/2091 5827/1668/2092
f 5828/1668/2093 5829/1669/2094 5830/1666/2090
f 5831/1610/2095 5832/1670/2096 5833/1569/2098
f 5834/1569/1891 5835/1568/1983 5836/1610/2095
f 5837/1569/2098 5838/1670/2096 5839/1582/2099
f 5840/1582/2100 5841/1572/1898 5842/1569/1891
f 5843/1671/2101 5844/1621/2063 5845/1648/2062
f 5846/1605/2102 5847/1609/2103 5848/1608/2104
f 5849/1608/2104 5850/1603/1950 5851/1605/2102
f 5852/1597/2105 5767/1640/2417 5853/1644/2052
f 5854/1644/2107 5855/1598/2108 5856/1597/2109
f 5857/1645/2110 5858/1672/2111 5859/1604/1953
f 5860/1604/2112 5861/1602/1952 5862/1645/2110
f 5863/1673/2113 5779/1647/2440 5781/1646/2060
f 5864/1674/2114 5719/1628/2018 5721/1574/2408
f 5865/1410/2443 5866/1381/2137 5867/1394/2393
f 5868/1394/2155 5869/1507/2390 5870/1410/2391
f 5871/1389/2444 5872/1388/2145 5873/1505/2368
f 5874/1505/2368 5875/1504/2085 5876/1389/2395
f 5877/1551/1853 5878/1538/1838 5879/1567/2445
f 5880/1567/2385 5881/1663/2386 5882/1551/1853
f 5883/1661/2084 5884/1545/2389 5885/1544/1842
f 5886/1544/1842 5887/1662/2085 5888/1661/2388
f 5889/1549/2396 5890/1551/1853 5891/1665/2087
f 5892/1394/2155 5893/1393/2154 5894/1508/2087
usemtl VFX4Engine
f 5895/1675/2446 5896/1676/2447 5897/1677/2448
f 5898/1677/2449 5899/1678/2450 5900/1675/2451
f 5901/1675/2452 5902/1679/2453 5903/1680/2454
f 5904/1680/2454 5905/1676/2455 5906/1675/2452
f 5907/1681/2456 5908/1682/2457 5909/1683/2458
f 5910/1683/2458 5911/1684/2459 5912/1681/2456
f 5913/1685/2460 5914/1684/2461 5915/1683/2458
f 5916/1683/2458 5917/1686/224 5918/1685/2460
f 5919/1682/2462 5920/1681/2456 5921/1687/2463
f 5922/1687/2464 5923/1688/2465 5924/1682/2466
f 5925/1689/2467 5926/1690/2468 5927/1691/2469
f 5928/1691/2469 5929/1692/2470 5930/1689/2467
f 5931/1689/2471 5932/1693/2472 5933/1694/2473
f 5934/1694/2474 5935/1690/2475 5936/1689/2471
f 5937/1695/2476 5938/1696/2477 5939/1678/2478
f 5940/1678/2478 5941/1677/2479 5942/1695/2476
f 5943/1697/2480 5944/1698/2481 5945/1680/2454
f 5946/1680/2454 5947/1679/2482 5948/1697/2480
f 5949/1699/2483 5950/1700/2484 5951/1688/2485
f 5952/1688/2485 5953/1687/2464 5954/1699/2486
f 5955/1701/2487 5956/1702/2488 5957/1703/2489
f 5958/1703/2489 5959/1704/2490 5960/1701/2487
f 5961/1701/2491 5962/1704/2490 5963/1705/2492
f 5964/1705/2492 5965/1706/2493 5966/1701/2491
f 5967/1707/2494 5968/1708/2495 5969/1709/2496
f 5970/1709/2496 5971/1710/2497 5972/1707/2494
f 5973/1711/2460 5974/1712/2498 5975/1709/2496
f 5976/1709/2496 5977/1708/2499 5978/1711/2460
f 5979/1710/2500 5980/1713/2501 5981/1714/2502
f 5982/1714/2502 5983/1707/2494 5984/1710/2497
f 5985/1715/2467 5986/1716/2470 5987/1717/2503
f 5988/1717/2503 5989/1718/2468 5990/1715/2467
f 5991/1715/2467 5992/1718/2475 5993/1719/2504
f 5994/1719/2505 5995/1720/2472 5996/1715/2471
f 5997/1721/2476 5998/1703/2506 5999/1702/2507
f 6000/1702/2507 6001/1722/2508 6002/1721/2476
f 6003/1723/2480 6004/1706/2509 6005/1705/2492
f 6006/1705/2492 6007/1724/2481 6008/1723/2480
f 6009/1725/2510 6010/1714/2511 6011/1713/2512
f 6012/1713/2512 6013/1726/2484 6014/1725/2483
f 6015/1727/2487 6016/1728/2488 6017/1729/2489
f 6018/1729/2489 6019/1730/2490 6020/1727/2487
f 6021/1727/2491 6022/1730/2490 6023/1731/2492
f 6024/1731/2492 6025/1732/2493 6026/1727/2491
f 6027/1733/2494 6028/1734/2495 6029/1735/2496
f 6030/1735/2496 6031/1736/2513 6032/1733/2494
f 6033/1737/2460 6034/1738/2498 6035/1735/2496
f 6036/1735/2496 6037/1734/2499 6038/1737/2460
f 6039/1736/2500 6040/1739/2501 6041/1740/2502
f 6042/1740/2502 6043/1733/2494 6044/1736/2497
f 6045/1741/2467 6046/1742/2470 6047/1743/2503
f 6048/1743/2503 6049/1744/2468 6050/1741/2467
f 6051/1741/2471 6052/1744/2475 6053/1745/2504
f 6054/1745/2505 6055/1746/2472 6056/1741/2471
f 6057/1747/2476 6058/1729/2506 6059/1728/2507
f 6060/1728/2507 6061/1748/2508 6062/1747/2476
f 6063/1749/2480 6064/1732/2509 6065/1731/2492
f 6066/1731/2492 6067/1750/2481 6068/1749/2480
f 6069/1751/2510 6070/1740/2511 6071/1739/2512
f 6072/1739/2512 6073/1752/2484 6074/1751/2483
f 6075/1753/2446 6076/1754/2447 6077/1755/2448
f 6078/1755/2449 6079/1756/2450 6080/1753/2451
f 6081/1753/2452 6082/1757/2453 6083/1758/2454
f 6084/1758/2454 6085/1754/2455 6086/1753/2452
f 6087/1759/2456 6088/1760/2457 6089/1761/2458
f 6090/1761/2458 6091/1762/2459 6092/1759/2456
f 6093/1763/2460 6094/1762/2461 6095/1761/2458
f 6096/1761/2458 6097/1764/224 6098/1763/2460
f 6099/1760/2462 6100/1759/2456 6101/1765/2463
f 6102/1765/2464 6103/1766/2465 6104/1760/2466
f 6105/1767/2467 6106/1768/2468 6107/1769/2469
f 6108/1769/2469 6109/1770/2470 6110/1767/2467
f 6111/1767/2471 6112/1771/2472 6113/1772/2473
f 6114/1772/2474 6115/1768/2475 6116/1767/2467
f 6117/1773/2476 6118/1774/2477 6119/1756/2478
f 6120/1756/2478 6121/1755/2479 6122/1773/2476
f 6123/1775/2480 6124/1776/2481 6125/1758/2454
f 6126/1758/2454 6127/1757/2482 6128/1775/2480
f 6129/1777/2483 6130/1778/2484 6131/1766/2485
f 6132/1766/2485 6133/1765/2464 6134/1777/2486
