# Blender 4.5.3 LTS
# www.blender.org
mtllib yf19F.mtl
o yf19F
v -0.014312 -0.049169 0.002980
v -0.013861 -0.048704 0.006079
v -0.010900 -0.048704 0.006079
v -0.010904 -0.049169 0.002980
v -0.010900 -0.058393 0.004552
v -0.010900 -0.048704 0.006079
v -0.013861 -0.048704 0.006079
v -0.012803 -0.058393 0.004552
v -0.010900 -0.058393 0.004552
v -0.012803 -0.058393 0.004552
v -0.013291 -0.060372 0.002533
v -0.010900 -0.060372 0.002533
v -0.010900 -0.062012 0.000514
v -0.013780 -0.062012 0.000514
v -0.010900 -0.062012 0.000514
v -0.013780 -0.062012 0.000514
v -0.014220 -0.053004 0.000514
v -0.010904 -0.053004 0.000514
v -0.012803 -0.058393 0.004552
v -0.013861 -0.048704 0.006079
v -0.013291 -0.060372 0.002533
v -0.013780 -0.062012 0.000514
v -0.014220 -0.053004 0.000514
v -0.014312 -0.049169 0.002980
v -0.007588 -0.053004 0.000514
v -0.007939 -0.048704 0.006079
v -0.008020 -0.062012 0.000514
v -0.007496 -0.049169 0.002980
v -0.008509 -0.060372 0.002533
v -0.008997 -0.058393 0.004552
v -0.010904 -0.053004 0.000514
v -0.007588 -0.053004 0.000514
v -0.008020 -0.062012 0.000514
v -0.010900 -0.062012 0.000514
v -0.010900 -0.060372 0.002533
v -0.008509 -0.060372 0.002533
v -0.008997 -0.058393 0.004552
v -0.010900 -0.058393 0.004552
v -0.010900 -0.062012 0.000514
v -0.008020 -0.062012 0.000514
v -0.007939 -0.048704 0.006079
v -0.010900 -0.048704 0.006079
v -0.010900 -0.058393 0.004552
v -0.008997 -0.058393 0.004552
v -0.010900 -0.048704 0.006079
v -0.007939 -0.048704 0.006079
v -0.007496 -0.049169 0.002980
v -0.010904 -0.049169 0.002980
v -0.014220 -0.053004 0.000514
v -0.014312 -0.049169 0.002980
v -0.010904 -0.049169 0.002980
v -0.010904 -0.053004 0.000514
v -0.010904 -0.049169 0.002980
v -0.007496 -0.049169 0.002980
v -0.007588 -0.053004 0.000514
v -0.010904 -0.053004 0.000514
v -0.013268 -0.060384 -0.002928
v -0.012905 -0.057172 -0.004436
v -0.011975 -0.059802 -0.004356
v -0.014913 -0.054615 -0.002928
v -0.013754 -0.054618 -0.004535
v -0.012660 -0.054520 -0.005876
v -0.010900 -0.059079 -0.006266
v -0.010900 -0.055970 -0.007482
v -0.011900 -0.050859 -0.008770
v -0.014145 -0.050405 -0.004981
v -0.010888 -0.052590 -0.008739
v -0.015024 -0.049815 -0.002928
v -0.014142 -0.046160 -0.005129
v -0.010900 -0.062174 -0.004356
v -0.010900 -0.063972 -0.002928
v -0.012240 -0.047181 -0.008650
v -0.012041 -0.047181 -0.008171
v -0.014913 -0.054615 -0.002928
v -0.010900 -0.055256 -0.002928
v -0.010900 -0.049815 -0.002928
v -0.015024 -0.049815 -0.002928
v -0.013268 -0.060384 -0.002928
v -0.010900 -0.063972 -0.002928
v -0.006776 -0.049815 -0.002928
v -0.006887 -0.054615 -0.002928
v -0.007655 -0.050405 -0.004981
v -0.008046 -0.054618 -0.004535
v -0.009140 -0.054520 -0.005876
v -0.008895 -0.057172 -0.004436
v -0.008532 -0.060384 -0.002928
v -0.009825 -0.059802 -0.004356
v -0.010900 -0.059079 -0.006266
v -0.010900 -0.055970 -0.007482
v -0.009955 -0.050859 -0.008770
v -0.009560 -0.047181 -0.008650
v -0.010888 -0.052590 -0.008739
v -0.009759 -0.047181 -0.008171
v -0.007658 -0.046160 -0.005129
v -0.010900 -0.062174 -0.004356
v -0.010900 -0.063972 -0.002928
v -0.006776 -0.049815 -0.002928
v -0.010900 -0.049815 -0.002928
v -0.010900 -0.055256 -0.002928
v -0.006887 -0.054615 -0.002928
v -0.008532 -0.060384 -0.002928
v -0.010900 -0.063972 -0.002928
v -0.014142 -0.046160 -0.005129
v -0.015024 -0.049815 -0.002928
v -0.010900 -0.049815 -0.002928
v -0.010900 -0.046160 -0.005129
v -0.010900 -0.048054 -0.006545
v -0.012240 -0.047181 -0.008650
v -0.010900 -0.048054 -0.006545
v -0.012041 -0.047181 -0.008171
v -0.012240 -0.047181 -0.008650
v -0.010900 -0.047181 -0.008588
v -0.011699 -0.047181 -0.008588
v -0.007658 -0.046160 -0.005129
v -0.010900 -0.046160 -0.005129
v -0.010900 -0.049815 -0.002928
v -0.006776 -0.049815 -0.002928
v -0.009560 -0.047181 -0.008650
v -0.010900 -0.048054 -0.006545
v -0.010900 -0.048054 -0.006545
v -0.009560 -0.047181 -0.008650
v -0.009759 -0.047181 -0.008171
v -0.010900 -0.047181 -0.008588
v -0.010101 -0.047181 -0.008588
v -0.011470 -0.050277 -0.008772
v -0.011728 -0.050385 -0.008395
v -0.012041 -0.047181 -0.008171
v -0.010893 -0.051164 -0.008491
v -0.010900 -0.050556 -0.008772
v -0.010900 -0.047181 -0.008588
v -0.011699 -0.047181 -0.008588
v -0.009955 -0.050859 -0.008770
v -0.010127 -0.050385 -0.008395
v -0.009759 -0.047181 -0.008171
v -0.010893 -0.051164 -0.008491
v -0.010888 -0.052590 -0.008739
v -0.010127 -0.050385 -0.008395
v -0.010893 -0.051164 -0.008491
v -0.010900 -0.050556 -0.008772
v -0.010385 -0.050277 -0.008772
v -0.010900 -0.047181 -0.008588
v -0.009759 -0.047181 -0.008171
v -0.010101 -0.047181 -0.008588
v -0.010888 -0.052590 -0.008739
v -0.011900 -0.050859 -0.008770
v -0.011728 -0.050385 -0.008395
v -0.010893 -0.051164 -0.008491
v -0.012041 -0.047181 -0.008171
v -0.007628 0.009505 -0.000434
v -0.012591 0.008726 -0.000399
v -0.012599 0.012470 -0.000095
v -0.007086 0.016870 -0.000134
v -0.013324 0.006802 -0.003590
v -0.013037 0.006396 -0.002792
v -0.012981 0.005980 -0.004828
v -0.012981 0.005638 -0.004828
v -0.010769 0.006759 -0.005558
v -0.010769 0.005638 -0.005558
v -0.008307 0.007647 -0.005217
v -0.008307 0.005638 -0.005217
v -0.007425 0.011275 -0.003497
v -0.007423 0.007290 -0.002792
v -0.007086 0.016870 -0.000134
v -0.007628 0.009505 -0.000434
v -0.008288 -0.002342 -0.006856
v -0.010900 -0.002342 -0.007252
v -0.010900 -0.001857 -0.007202
v -0.008270 -0.001857 -0.006829
v -0.013512 -0.002342 -0.006856
v -0.013520 -0.001857 -0.006803
v -0.007885 -0.002342 -0.006256
v -0.007863 -0.001857 -0.006255
v -0.006296 -0.002342 -0.002418
v -0.006345 -0.001857 -0.002535
v -0.007064 -0.001857 0.001140
v -0.007149 -0.002342 0.001151
v -0.013926 -0.001857 -0.006233
v -0.013921 -0.002342 -0.006256
v -0.015333 -0.002342 -0.002471
v -0.015196 -0.001857 -0.002574
v -0.014703 -0.001857 0.001044
v -0.014708 -0.002342 0.001044
v -0.008111 0.002796 -0.006579
v -0.010900 0.002786 -0.006755
v -0.010900 0.006229 -0.006313
v -0.013666 0.005413 -0.005851
v -0.013586 0.002506 -0.006327
v -0.013976 0.002400 -0.006025
v -0.007823 0.007248 -0.005887
v -0.007662 0.002690 -0.006248
v -0.014651 0.004189 0.001044
v -0.013961 0.006458 -0.003497
v -0.013188 0.013113 0.000662
v -0.006788 0.011619 -0.003590
v -0.006296 0.004189 0.001044
v -0.006514 0.018962 0.000710
v -0.010900 -0.002342 0.001097
v -0.006296 -0.002342 -0.002418
v -0.007149 -0.002342 0.001151
v -0.007885 -0.002342 -0.006256
v -0.008288 -0.002342 -0.006856
v -0.010900 -0.002342 -0.007252
v -0.010900 -0.002342 0.001097
v -0.007149 -0.002342 0.001151
v -0.007064 -0.001857 0.001140
v -0.010900 -0.001857 0.001092
v -0.014703 -0.001857 0.001044
v -0.014708 -0.002342 0.001044
v -0.006296 0.004189 0.001044
v -0.010900 0.004189 0.001044
v -0.006514 0.018962 0.000710
v -0.013188 0.013113 0.000662
v -0.014651 0.004189 0.001044
v -0.010900 -0.002342 0.001097
v -0.014708 -0.002342 0.001044
v -0.015333 -0.002342 -0.002471
v -0.013921 -0.002342 -0.006256
v -0.013512 -0.002342 -0.006856
v -0.010900 -0.002342 -0.007252
v -0.006514 0.018962 0.000710
v -0.006788 0.011619 -0.003590
v -0.007425 0.011275 -0.003497
v -0.007086 0.016870 -0.000134
v -0.007823 0.007248 -0.005887
v -0.008307 0.007647 -0.005217
v -0.010900 0.006229 -0.006313
v -0.010769 0.006759 -0.005558
v -0.013666 0.005413 -0.005851
v -0.012981 0.005980 -0.004828
v -0.013961 0.006458 -0.003497
v -0.013324 0.006802 -0.003590
v -0.013188 0.013113 0.000662
v -0.012599 0.012470 -0.000095
v -0.007628 0.009505 -0.000434
v -0.007423 0.007290 -0.002792
v -0.010243 0.006396 -0.002792
v -0.012591 0.008726 -0.000399
v -0.013037 0.006396 -0.002792
v -0.012981 0.005638 -0.004828
v -0.010769 0.005638 -0.005558
v -0.008307 0.005638 -0.005217
v -0.013420 -0.003268 0.000486
v -0.013420 -0.006772 -0.000920
v -0.010900 -0.006772 -0.000920
v -0.010900 -0.003268 0.000486
v -0.013308 -0.008594 -0.003667
v -0.010900 -0.008594 -0.003667
v -0.010900 -0.008815 -0.005118
v -0.013308 -0.008815 -0.005118
v -0.010900 -0.000435 -0.006228
v -0.013308 -0.000435 -0.006228
v -0.013420 -0.000570 0.000486
v -0.010900 -0.000570 0.000486
v -0.013308 -0.000435 -0.006228
v -0.013308 -0.008815 -0.005118
v -0.008492 -0.000435 -0.006228
v -0.008380 -0.000570 0.000486
v -0.008380 -0.003268 0.000486
v -0.010900 -0.003268 0.000486
v -0.010900 -0.006772 -0.000920
v -0.008380 -0.006772 -0.000920
v -0.010900 -0.008594 -0.003667
v -0.008492 -0.008594 -0.003667
v -0.010900 -0.008815 -0.005118
v -0.008492 -0.008815 -0.005118
v -0.010900 -0.000435 -0.006228
v -0.008492 -0.000435 -0.006228
v -0.010900 -0.000570 0.000486
v -0.008492 -0.008815 -0.005118
v 0.005907 -0.055661 0.000817
v 0.005907 -0.055661 -0.001125
v 0.006544 -0.056133 0.001183
v 0.006501 -0.056133 -0.003237
v 0.005864 -0.055661 -0.002864
v 0.015195 -0.027340 0.003358
v 0.014960 -0.027737 0.004350
v 0.016173 -0.042101 0.002565
v 0.016025 -0.027342 0.002575
v 0.014991 -0.024083 0.003267
v 0.015945 -0.024083 0.002575
v 0.016489 -0.024045 0.001996
v 0.016788 -0.027338 0.001996
v 0.017498 -0.023962 0.000082
v 0.016662 -0.041307 0.001845
v 0.017885 -0.038756 0.000434
v 0.017278 -0.047416 0.000179
v 0.017498 -0.023962 -0.002731
v 0.015926 -0.015167 -0.001730
v 0.015962 -0.018474 -0.004214
v 0.015328 -0.014366 -0.002196
v 0.015572 -0.011229 0.001003
v 0.015968 -0.012710 0.000986
v 0.015322 -0.018304 -0.005274
v 0.016118 -0.023962 -0.004597
v 0.015523 -0.023962 -0.005529
v 0.016227 -0.034771 -0.005122
v 0.015523 -0.034771 -0.005976
v 0.017885 -0.038711 -0.003331
v 0.016286 -0.037433 -0.003919
v 0.017278 -0.047416 -0.002486
v 0.016613 -0.044883 -0.003877
v 0.015812 -0.038034 -0.004723
v 0.016085 -0.044883 -0.004596
v 0.016983 -0.048000 -0.003058
v 0.014701 -0.011204 -0.003076
v 0.015016 -0.008156 0.001044
v 0.015148 -0.013813 0.001800
v 0.014851 -0.011162 0.002615
v 0.014490 -0.035730 -0.007727
v 0.014749 -0.021705 -0.007072
v 0.010924 -0.021830 -0.007473
v 0.010924 -0.035734 -0.008020
v 0.007099 -0.021705 -0.007072
v 0.007358 -0.035730 -0.007727
v 0.006325 -0.024083 -0.005529
v 0.006008 -0.034771 -0.005976
v 0.007474 -0.042758 -0.007994
v 0.005553 -0.044883 -0.004596
v 0.014374 -0.042758 -0.007994
v 0.005612 -0.034771 -0.005122
v 0.005809 -0.024083 -0.004597
v 0.004978 -0.024083 -0.002731
v 0.004515 -0.041924 -0.003331
v 0.005159 -0.024083 0.002615
v 0.004724 -0.041988 0.002061
v 0.004850 -0.047416 0.000179
v 0.004786 -0.047416 -0.002486
v 0.005089 -0.044883 -0.003877
v 0.005893 -0.018474 -0.004214
v 0.005813 -0.015993 -0.001730
v 0.005633 -0.013889 0.002107
v 0.006127 -0.012296 0.002107
v 0.006303 -0.015030 -0.002293
v 0.006832 -0.008156 0.001044
v 0.007148 -0.011204 -0.003076
v 0.006384 -0.018304 -0.005274
v 0.007985 -0.017066 -0.006497
v 0.009042 -0.020592 -0.007208
v 0.005195 -0.048000 -0.003058
v 0.005601 -0.047080 -0.004034
v 0.006690 -0.045360 -0.006298
v 0.007780 -0.047635 -0.008077
v 0.009025 -0.047821 -0.010100
v 0.010924 -0.047821 -0.010132
v 0.010924 -0.042758 -0.007994
v 0.012823 -0.047821 -0.010100
v 0.014068 -0.047635 -0.008077
v 0.006921 -0.049629 -0.005440
v 0.006552 -0.051969 -0.005148
v 0.005864 -0.055661 -0.002864
v 0.015306 -0.045360 -0.006298
v 0.016247 -0.047080 -0.004034
v 0.014993 -0.049629 -0.005440
v 0.015218 -0.051969 -0.005148
v 0.015902 -0.055661 -0.002864
v 0.015946 -0.055661 -0.001125
v 0.016983 -0.048000 0.000826
v 0.016421 -0.047064 0.002208
v 0.015946 -0.055661 0.000817
v 0.015913 -0.052437 0.002138
v 0.015754 -0.049488 0.003108
v 0.015598 -0.045360 0.004260
v 0.014438 -0.041988 0.006896
v 0.013993 -0.028912 0.006735
v 0.014974 -0.047635 0.006099
v 0.014675 -0.048968 0.006982
v 0.007514 -0.049972 0.006381
v 0.010924 -0.049972 0.006381
v 0.010924 -0.048968 0.006982
v 0.007173 -0.048968 0.006982
v 0.014675 -0.048968 0.006982
v 0.014334 -0.049972 0.006381
v 0.010924 -0.028912 0.006735
v 0.010924 -0.041988 0.006896
v 0.013993 -0.028912 0.006735
v 0.007855 -0.028912 0.006735
v 0.014438 -0.041988 0.006896
v 0.010924 -0.048968 0.006982
v 0.007407 -0.041988 0.006896
v 0.014675 -0.048968 0.006982
v 0.007173 -0.048968 0.006982
v 0.006659 -0.052997 0.002472
v 0.005933 -0.052437 0.002138
v 0.005907 -0.055661 0.000817
v 0.006544 -0.056133 0.001183
v 0.007173 -0.048968 0.006982
v 0.007514 -0.049972 0.006381
v 0.010924 -0.047821 -0.010132
v 0.010924 -0.048641 -0.009855
v 0.009390 -0.048641 -0.009823
v 0.009025 -0.047821 -0.010100
v 0.012823 -0.047821 -0.010100
v 0.012458 -0.048641 -0.009823
v 0.006552 -0.051969 -0.005148
v 0.007183 -0.052444 -0.005427
v 0.006501 -0.056133 -0.003237
v 0.005864 -0.055661 -0.002864
v 0.009025 -0.047821 -0.010100
v 0.009390 -0.048641 -0.009823
v 0.015266 -0.056133 -0.003237
v 0.015946 -0.055661 -0.001125
v 0.015309 -0.056133 0.001183
v 0.015946 -0.055661 0.000817
v 0.015902 -0.055661 -0.002864
v 0.015913 -0.052437 0.002138
v 0.015187 -0.052997 0.002472
v 0.015309 -0.056133 0.001183
v 0.015946 -0.055661 0.000817
v 0.014334 -0.049972 0.006381
v 0.014675 -0.048968 0.006982
v 0.014588 -0.052444 -0.005427
v 0.012458 -0.048641 -0.009823
v 0.012823 -0.047821 -0.010100
v 0.015218 -0.051969 -0.005148
v 0.015266 -0.056133 -0.003237
v 0.015902 -0.055661 -0.002864
v 0.014334 -0.049972 0.006381
v 0.010924 -0.049972 0.006381
v 0.010924 -0.048641 -0.009855
v 0.012458 -0.048641 -0.009823
v 0.007183 -0.052444 -0.005427
v 0.009390 -0.048641 -0.009823
v 0.007514 -0.049972 0.006381
v 0.006659 -0.052997 0.002472
v 0.006501 -0.056133 -0.003237
v 0.006544 -0.056133 0.001183
v 0.005933 -0.052437 0.002138
v 0.005277 -0.048000 0.000826
v 0.005907 -0.055661 0.000817
v 0.005907 -0.055661 -0.001125
v 0.006136 -0.049488 0.003108
v 0.005570 -0.047064 0.002208
v 0.005690 -0.041988 0.002037
v 0.007173 -0.048968 0.006982
v 0.006896 -0.047635 0.006099
v 0.006424 -0.045360 0.004260
v 0.007407 -0.041988 0.006896
v 0.006888 -0.027712 0.004350
v 0.007855 -0.028912 0.006735
v 0.006653 -0.027340 0.003358
v 0.006197 -0.028890 0.002615
v 0.006197 -0.024083 0.002615
v 0.006857 -0.024083 0.003267
v 0.006384 -0.013889 0.002107
v 0.007173 -0.016978 0.002968
v 0.007221 -0.013938 0.002948
v 0.006127 -0.012296 0.002107
v 0.015309 -0.056133 0.001183
v 0.015187 -0.052997 0.002472
v 0.014588 -0.052444 -0.005427
v 0.015266 -0.056133 -0.003237
v 0.012458 -0.048641 -0.009823
v 0.014334 -0.049972 0.006381
v 0.007514 -0.049972 0.006381
v 0.009390 -0.048641 -0.009823
v 0.010924 -0.048641 -0.009855
v 0.010924 -0.049972 0.006381
v 0.005277 -0.048000 0.000826
v 0.005690 -0.041988 0.002037
v 0.004724 -0.041988 0.002061
v 0.004850 -0.047416 0.000179
v 0.006197 -0.028890 0.002615
v 0.005159 -0.024083 0.002615
v 0.006197 -0.024083 0.002615
v 0.005633 -0.013889 0.002107
v 0.006384 -0.013889 0.002107
v 0.006127 -0.012296 0.002107
v 0.008896 -0.015770 -0.001764
v 0.007708 -0.011204 -0.003076
v 0.007514 -0.008156 0.001044
v 0.007784 -0.011162 0.002615
v 0.008183 -0.013938 0.002968
v 0.008878 -0.016957 0.002968
v 0.010924 -0.016957 0.002968
v 0.010924 -0.015770 -0.001764
v 0.008646 -0.017083 -0.006269
v 0.009346 -0.020300 -0.006833
v 0.010924 -0.021374 -0.006882
v 0.014960 -0.027737 0.004350
v 0.010922 -0.027737 0.004350
v 0.010924 -0.028912 0.006735
v 0.013993 -0.028912 0.006735
v 0.006888 -0.027712 0.004350
v 0.007855 -0.028912 0.006735
v 0.006653 -0.027340 0.003358
v 0.010924 -0.027381 0.003358
v 0.015195 -0.027340 0.003358
v 0.012448 -0.020300 -0.006833
v 0.013198 -0.017083 -0.006269
v 0.013859 -0.017066 -0.006497
v 0.012752 -0.020592 -0.007208
v 0.010924 -0.021374 -0.006882
v 0.010924 -0.021830 -0.007473
v 0.009346 -0.020300 -0.006833
v 0.009042 -0.020592 -0.007208
v 0.008646 -0.017083 -0.006269
v 0.007985 -0.017066 -0.006497
v 0.007148 -0.011204 -0.003076
v 0.007708 -0.011204 -0.003076
v 0.007514 -0.008156 0.001044
v 0.006832 -0.008156 0.001044
v 0.014140 -0.011204 -0.003076
v 0.014701 -0.011204 -0.003076
v 0.015016 -0.008156 0.001044
v 0.014334 -0.008156 0.001044
v 0.010924 -0.027381 0.003358
v 0.015195 -0.027340 0.003358
v 0.014991 -0.024083 0.003267
v 0.010924 -0.024083 0.003267
v 0.006653 -0.027340 0.003358
v 0.006857 -0.024083 0.003267
v 0.012970 -0.016957 0.002968
v 0.014675 -0.016978 0.002968
v 0.010924 -0.016957 0.002968
v 0.008878 -0.016957 0.002968
v 0.007173 -0.016978 0.002968
v 0.007221 -0.013938 0.002948
v 0.008183 -0.013938 0.002968
v 0.013665 -0.013938 0.002968
v 0.014627 -0.013938 0.002948
v 0.014851 -0.011162 0.002615
v 0.014064 -0.011162 0.002615
v 0.015016 -0.008156 0.001044
v 0.014334 -0.008156 0.001044
v 0.007784 -0.011162 0.002615
v 0.006127 -0.012296 0.002107
v 0.007514 -0.008156 0.001044
v 0.006832 -0.008156 0.001044
v 0.014064 -0.011162 0.002615
v 0.014334 -0.008156 0.001044
v 0.012952 -0.015770 -0.001764
v 0.013665 -0.013938 0.002968
v 0.012970 -0.016957 0.002968
v 0.010924 -0.016957 0.002968
v 0.010924 -0.015770 -0.001764
v 0.014140 -0.011204 -0.003076
v 0.013198 -0.017083 -0.006269
v 0.012448 -0.020300 -0.006833
v 0.010924 -0.021374 -0.006882
v 0.012752 -0.020592 -0.007208
v 0.013859 -0.017066 -0.006497
v 0.015832 -0.014352 0.001499
v 0.015924 -0.016543 0.002013
v 0.015279 -0.016539 0.002587
v 0.016264 -0.019446 0.001996
v 0.015597 -0.019446 0.002575
v 0.014675 -0.016978 0.002968
v 0.014627 -0.013938 0.002948
v 0.014336 -0.049169 0.002980
v 0.010928 -0.049169 0.002980
v 0.010924 -0.048704 0.006079
v 0.013885 -0.048704 0.006079
v 0.010924 -0.058393 0.004552
v 0.012827 -0.058393 0.004552
v 0.013885 -0.048704 0.006079
v 0.010924 -0.048704 0.006079
v 0.010924 -0.058393 0.004552
v 0.010924 -0.060372 0.002533
v 0.013315 -0.060372 0.002533
v 0.012827 -0.058393 0.004552
v 0.010924 -0.062012 0.000514
v 0.013804 -0.062012 0.000514
v 0.010924 -0.062012 0.000514
v 0.010928 -0.053004 0.000514
v 0.014244 -0.053004 0.000514
v 0.013804 -0.062012 0.000514
v 0.013885 -0.048704 0.006079
v 0.012827 -0.058393 0.004552
v 0.013315 -0.060372 0.002533
v 0.013804 -0.062012 0.000514
v 0.014244 -0.053004 0.000514
v 0.014336 -0.049169 0.002980
v 0.007963 -0.048704 0.006079
v 0.007612 -0.053004 0.000514
v 0.008044 -0.062012 0.000514
v 0.007520 -0.049169 0.002980
v 0.008533 -0.060372 0.002533
v 0.009021 -0.058393 0.004552
v 0.010928 -0.053004 0.000514
v 0.010924 -0.062012 0.000514
v 0.008044 -0.062012 0.000514
v 0.007612 -0.053004 0.000514
v 0.010924 -0.060372 0.002533
v 0.010924 -0.058393 0.004552
v 0.009021 -0.058393 0.004552
v 0.008533 -0.060372 0.002533
v 0.010924 -0.062012 0.000514
v 0.008044 -0.062012 0.000514
v 0.007963 -0.048704 0.006079
v 0.009021 -0.058393 0.004552
v 0.010924 -0.058393 0.004552
v 0.010924 -0.048704 0.006079
v 0.010924 -0.048704 0.006079
v 0.010928 -0.049169 0.002980
v 0.007520 -0.049169 0.002980
v 0.007963 -0.048704 0.006079
v 0.014244 -0.053004 0.000514
v 0.010928 -0.053004 0.000514
v 0.010928 -0.049169 0.002980
v 0.014336 -0.049169 0.002980
v 0.010928 -0.049169 0.002980
v 0.010928 -0.053004 0.000514
v 0.007612 -0.053004 0.000514
v 0.007520 -0.049169 0.002980
v 0.012929 -0.057172 -0.004436
v 0.013292 -0.060384 -0.002928
v 0.011999 -0.059802 -0.004356
v 0.014937 -0.054615 -0.002928
v 0.013778 -0.054618 -0.004535
v 0.012684 -0.054520 -0.005876
v 0.010924 -0.059079 -0.006266
v 0.010924 -0.055970 -0.007482
v 0.011924 -0.050859 -0.008770
v 0.014169 -0.050405 -0.004981
v 0.010912 -0.052590 -0.008739
v 0.015048 -0.049815 -0.002928
v 0.014166 -0.046160 -0.005129
v 0.010924 -0.062174 -0.004356
v 0.010924 -0.063972 -0.002928
v 0.012264 -0.047181 -0.008650
v 0.012065 -0.047181 -0.008171
v 0.014937 -0.054615 -0.002928
v 0.015048 -0.049815 -0.002928
v 0.010924 -0.049815 -0.002928
v 0.010924 -0.055256 -0.002928
v 0.013292 -0.060384 -0.002928
v 0.010924 -0.063972 -0.002928
v 0.006911 -0.054615 -0.002928
v 0.006800 -0.049815 -0.002928
v 0.007679 -0.050405 -0.004981
v 0.008070 -0.054618 -0.004535
v 0.009164 -0.054520 -0.005876
v 0.008919 -0.057172 -0.004436
v 0.008556 -0.060384 -0.002928
v 0.009849 -0.059802 -0.004356
v 0.010924 -0.059079 -0.006266
v 0.010924 -0.055970 -0.007482
v 0.009979 -0.050859 -0.008770
v 0.009584 -0.047181 -0.008650
v 0.010912 -0.052590 -0.008739
v 0.009783 -0.047181 -0.008171
v 0.007682 -0.046160 -0.005129
v 0.010924 -0.062174 -0.004356
v 0.010924 -0.063972 -0.002928
v 0.006800 -0.049815 -0.002928
v 0.006911 -0.054615 -0.002928
v 0.010924 -0.055256 -0.002928
v 0.010924 -0.049815 -0.002928
v 0.008556 -0.060384 -0.002928
v 0.010924 -0.063972 -0.002928
v 0.014166 -0.046160 -0.005129
v 0.010924 -0.046160 -0.005129
v 0.010924 -0.049815 -0.002928
v 0.015048 -0.049815 -0.002928
v 0.010924 -0.048054 -0.006545
v 0.012264 -0.047181 -0.008650
v 0.012065 -0.047181 -0.008171
v 0.010924 -0.048054 -0.006545
v 0.012264 -0.047181 -0.008650
v 0.010924 -0.047181 -0.008588
v 0.011723 -0.047181 -0.008588
v 0.007682 -0.046160 -0.005129
v 0.006800 -0.049815 -0.002928
v 0.010924 -0.049815 -0.002928
v 0.010924 -0.046160 -0.005129
v 0.009584 -0.047181 -0.008650
v 0.010924 -0.048054 -0.006545
v 0.009584 -0.047181 -0.008650
v 0.010924 -0.048054 -0.006545
v 0.009783 -0.047181 -0.008171
v 0.010924 -0.047181 -0.008588
v 0.010125 -0.047181 -0.008588
v 0.011752 -0.050385 -0.008395
v 0.011494 -0.050277 -0.008772
v 0.012065 -0.047181 -0.008171
v 0.010917 -0.051164 -0.008491
v 0.010924 -0.050556 -0.008772
v 0.010924 -0.047181 -0.008588
v 0.011723 -0.047181 -0.008588
v 0.010151 -0.050385 -0.008395
v 0.009979 -0.050859 -0.008770
v 0.009783 -0.047181 -0.008171
v 0.010917 -0.051164 -0.008491
v 0.010912 -0.052590 -0.008739
v 0.010151 -0.050385 -0.008395
v 0.010409 -0.050277 -0.008772
v 0.010924 -0.050556 -0.008772
v 0.010917 -0.051164 -0.008491
v 0.010924 -0.047181 -0.008588
v 0.009783 -0.047181 -0.008171
v 0.010125 -0.047181 -0.008588
v 0.010912 -0.052590 -0.008739
v 0.010917 -0.051164 -0.008491
v 0.011752 -0.050385 -0.008395
v 0.011924 -0.050859 -0.008770
v 0.012065 -0.047181 -0.008171
v 0.012784 -0.042054 -0.000992
v 0.010924 -0.042054 -0.000992
v 0.010924 -0.042054 0.000641
v 0.012081 -0.042054 0.000641
v 0.010924 -0.042054 -0.002626
v 0.012081 -0.042054 -0.002626
v 0.012081 -0.042054 0.000641
v 0.010924 -0.042054 0.000641
v 0.010924 -0.052281 0.002042
v 0.013074 -0.052281 0.002042
v 0.012439 -0.050728 0.001146
v 0.013359 -0.050728 -0.000992
v 0.014380 -0.052281 -0.000992
v 0.013074 -0.052281 0.002042
v 0.013074 -0.052281 -0.004027
v 0.010924 -0.052281 -0.004027
v 0.010924 -0.042054 -0.002626
v 0.012081 -0.042054 -0.002626
v 0.013074 -0.052281 0.002042
v 0.014380 -0.052281 -0.000992
v 0.012784 -0.042054 -0.000992
v 0.012081 -0.042054 0.000641
v 0.009767 -0.042054 0.000641
v 0.009064 -0.042054 -0.000992
v 0.007468 -0.052281 -0.000992
v 0.008774 -0.052281 0.002042
v 0.010924 -0.042054 -0.002626
v 0.010924 -0.052281 -0.004027
v 0.008774 -0.052281 -0.004027
v 0.009767 -0.042054 -0.002626
v 0.009410 -0.050728 0.001146
v 0.010924 -0.052281 0.002042
v 0.008774 -0.052281 0.002042
v 0.012439 -0.050728 0.001146
v 0.013074 -0.052281 0.002042
v 0.010924 -0.052281 0.002042
v 0.010924 -0.042054 0.000641
v 0.009767 -0.042054 0.000641
v 0.008774 -0.052281 0.002042
v 0.010924 -0.042054 0.000641
v 0.010924 -0.042054 -0.000992
v 0.009064 -0.042054 -0.000992
v 0.009767 -0.042054 0.000641
v 0.009767 -0.042054 -0.002626
v 0.010924 -0.042054 -0.002626
v 0.014380 -0.052281 -0.000992
v 0.013074 -0.052281 -0.004027
v 0.012081 -0.042054 -0.002626
v 0.012784 -0.042054 -0.000992
v 0.013359 -0.050728 -0.000992
v 0.012439 -0.050728 -0.003130
v 0.013074 -0.052281 -0.004027
v 0.014380 -0.052281 -0.000992
v 0.010924 -0.052281 -0.004027
v 0.009410 -0.050728 -0.003130
v 0.008774 -0.052281 -0.004027
v 0.012439 -0.050728 -0.003130
v 0.013074 -0.052281 -0.004027
v 0.009064 -0.042054 -0.000992
v 0.009767 -0.042054 -0.002626
v 0.008774 -0.052281 -0.004027
v 0.007468 -0.052281 -0.000992
v 0.009410 -0.050728 -0.003130
v 0.008489 -0.050728 -0.000992
v 0.007468 -0.052281 -0.000992
v 0.008774 -0.052281 -0.004027
v 0.008489 -0.050728 -0.000992
v 0.009410 -0.050728 0.001146
v 0.008774 -0.052281 0.002042
v 0.007468 -0.052281 -0.000992
v 0.010924 -0.050728 -0.000992
v 0.012439 -0.050728 -0.003130
v 0.013359 -0.050728 -0.000992
v 0.012439 -0.050728 0.001146
v 0.009410 -0.050728 0.001146
v 0.008489 -0.050728 -0.000992
v 0.009410 -0.050728 -0.003130
v 0.019884 -0.046487 0.017055
v 0.013917 -0.028599 0.006719
v 0.019467 -0.046871 0.016695
v 0.013492 -0.037279 0.006965
v 0.017206 -0.047724 0.013397
v 0.013917 -0.049022 0.006719
v 0.017690 -0.054249 0.013254
v 0.019921 -0.047738 0.017118
v 0.018056 -0.047724 0.012906
v 0.014342 -0.037279 0.006474
v 0.019781 -0.046871 0.016513
v 0.017690 -0.054249 0.013254
v 0.013917 -0.049022 0.006719
v 0.013917 -0.028599 0.006719
v 0.019884 -0.046487 0.017055
v 0.019921 -0.047738 0.017118
v 0.014342 -0.037279 0.006474
v 0.013492 -0.037279 0.006965
v 0.013917 -0.028599 0.006719
v 0.013917 -0.049022 0.006719
v 0.019467 -0.046871 0.016695
v 0.019921 -0.047738 0.017118
v 0.020133 -0.047277 0.017485
v 0.019884 -0.046487 0.017055
v 0.020133 -0.047277 0.017485
v 0.019921 -0.047738 0.017118
v 0.019781 -0.046871 0.016513
v 0.019884 -0.046487 0.017055
v 0.018019 -0.032680 -0.014445
v 0.013770 -0.023922 -0.007085
v 0.014342 -0.031137 -0.007095
v 0.016995 -0.034454 -0.011690
v 0.013917 -0.046185 -0.007340
v 0.016380 -0.041983 -0.011606
v 0.016145 -0.034454 -0.012181
v 0.013492 -0.031137 -0.007586
v 0.013770 -0.023922 -0.007085
v 0.018019 -0.032680 -0.014445
v 0.016380 -0.041983 -0.011606
v 0.013917 -0.046185 -0.007340
v 0.013917 -0.046185 -0.007340
v 0.014342 -0.031137 -0.007095
v 0.013492 -0.031137 -0.007586
v 0.013770 -0.023922 -0.007085
v 0.010877 -0.008604 0.000385
v 0.010877 -0.010551 0.001569
v 0.013838 -0.010551 0.001569
v 0.014069 -0.008604 0.000385
v 0.010877 -0.014281 0.001991
v 0.013233 -0.014281 0.001991
v 0.010877 -0.016318 0.001463
v 0.012921 -0.016318 0.001463
v 0.012798 -0.019535 -0.000886
v 0.010877 -0.019535 -0.000886
v 0.012343 -0.020851 -0.004245
v 0.013856 -0.010554 -0.001862
v 0.010877 -0.020851 -0.004245
v 0.013838 -0.010551 0.001569
v 0.014069 -0.008604 0.000385
v 0.012343 -0.020503 -0.004735
v 0.010877 -0.020503 -0.004735
v 0.012343 -0.020503 -0.004735
v 0.007916 -0.010551 0.001569
v 0.007899 -0.010554 -0.001862
v 0.008522 -0.014281 0.001991
v 0.008834 -0.016318 0.001463
v 0.010877 -0.016318 0.001463
v 0.010877 -0.019535 -0.000886
v 0.008956 -0.019535 -0.000886
v 0.010877 -0.014281 0.001991
v 0.010877 -0.020851 -0.004245
v 0.009412 -0.020851 -0.004245
v 0.007916 -0.010551 0.001569
v 0.010877 -0.010551 0.001569
v 0.007685 -0.008604 0.000385
v 0.010877 -0.008604 0.000385
v 0.007685 -0.008604 0.000385
v 0.010877 -0.020503 -0.004735
v 0.009412 -0.020503 -0.004735
v 0.009412 -0.020503 -0.004735
v 0.008528 -0.012046 -0.007398
v 0.008312 -0.006268 -0.007294
v 0.010920 -0.012046 -0.007398
v 0.007922 -0.006650 -0.006792
v 0.008225 -0.012039 -0.006866
v 0.007471 -0.007952 -0.003837
v 0.010916 -0.017088 -0.006530
v 0.013287 -0.012046 -0.007398
v 0.013536 -0.006268 -0.007294
v 0.013925 -0.006650 -0.006799
v 0.013557 -0.012039 -0.006866
v 0.012732 -0.016960 -0.006492
v 0.013007 -0.016770 -0.006045
v 0.014209 -0.011137 -0.001739
v 0.014395 -0.007952 -0.003841
v 0.012230 -0.005842 -0.007471
v 0.009618 -0.005842 -0.007471
v 0.012176 -0.021087 -0.005218
v 0.012458 -0.021151 -0.004788
v 0.010912 -0.021607 -0.004492
v 0.010912 -0.021607 -0.005270
v 0.009654 -0.021087 -0.005218
v 0.009345 -0.021151 -0.004788
v 0.008785 -0.016770 -0.006045
v 0.009091 -0.016960 -0.006492
v 0.007683 -0.011137 -0.001739
v 0.010924 -0.005616 -0.007471
v 0.014395 -0.007952 -0.003841
v 0.015316 -0.002656 -0.002445
v 0.014209 -0.011137 -0.001739
v 0.014303 -0.009130 0.001044
v 0.014709 -0.002656 0.001044
v 0.014732 -0.002342 0.001044
v 0.015357 -0.002342 -0.002471
v 0.013944 -0.002656 -0.006289
v 0.013945 -0.002342 -0.006256
v 0.013536 -0.002656 -0.006890
v 0.013536 -0.002342 -0.006856
v 0.010924 -0.002342 -0.007252
v 0.010924 -0.002656 -0.007293
v 0.013536 -0.006268 -0.007294
v 0.013925 -0.006650 -0.006799
v 0.012230 -0.005842 -0.007471
v 0.008312 -0.002656 -0.006890
v 0.008312 -0.002342 -0.006856
v 0.007910 -0.002656 -0.006288
v 0.007922 -0.006650 -0.006792
v 0.008312 -0.006268 -0.007294
v 0.007910 -0.002342 -0.006256
v 0.006369 -0.002656 -0.002394
v 0.007471 -0.007952 -0.003837
v 0.006320 -0.002342 -0.002418
v 0.007193 -0.002656 0.001145
v 0.007173 -0.002342 0.001151
v 0.007545 -0.009130 0.001044
v 0.007683 -0.011137 -0.001739
v 0.009618 -0.005842 -0.007471
v 0.010924 -0.005616 -0.007471
v 0.007173 -0.002342 0.001151
v 0.010924 -0.002342 0.001097
v 0.006320 -0.002342 -0.002418
v 0.007910 -0.002342 -0.006256
v 0.008312 -0.002342 -0.006856
v 0.010924 -0.002342 -0.007252
v 0.014732 -0.002342 0.001044
v 0.015357 -0.002342 -0.002471
v 0.010924 -0.002342 0.001097
v 0.013945 -0.002342 -0.006256
v 0.013536 -0.002342 -0.006856
v 0.010924 -0.002342 -0.007252
v 0.014709 -0.002656 0.001044
v 0.010924 -0.002656 0.001094
v 0.010924 -0.009130 0.001044
v 0.014303 -0.009130 0.001044
v 0.010924 -0.002342 0.001097
v 0.007173 -0.002342 0.001151
v 0.007193 -0.002656 0.001145
v 0.014732 -0.002342 0.001044
v 0.007545 -0.009130 0.001044
v 0.010924 -0.009130 0.001044
v 0.010924 -0.010554 -0.001739
v 0.014209 -0.011137 -0.001739
v 0.014303 -0.009130 0.001044
v 0.007545 -0.009130 0.001044
v 0.007683 -0.011137 -0.001739
v 0.010912 -0.021607 -0.004492
v 0.012458 -0.021151 -0.004788
v 0.009345 -0.021151 -0.004788
v 0.021446 -0.024778 0.000807
v 0.025433 -0.033533 0.000611
v 0.018001 -0.041639 0.001548
v 0.032688 -0.030218 0.000026
v 0.023860 -0.013723 0.000964
v 0.056216 0.003241 -0.001910
v 0.056216 0.005078 -0.001884
v 0.056724 0.004006 -0.001950
v 0.058041 0.001475 -0.002016
v 0.056216 -0.004109 -0.002016
v 0.057916 0.004351 -0.002016
v 0.056747 0.005247 -0.001936
v 0.025433 -0.033533 0.000611
v 0.025433 -0.026703 0.001957
v 0.018001 -0.041639 0.001548
v 0.027424 -0.022845 0.001799
v 0.032688 -0.030218 0.000026
v 0.021446 -0.024778 0.001923
v 0.023677 -0.020479 0.001960
v 0.024467 -0.016289 0.001996
v 0.056216 0.003011 -0.001463
v 0.056216 0.000177 -0.001565
v 0.056216 -0.004109 -0.002016
v 0.058041 0.001475 -0.002016
v 0.056216 0.005078 -0.001884
v 0.056747 0.004006 -0.001684
v 0.057916 0.004351 -0.002016
v 0.057545 0.005499 -0.002016
v 0.056747 0.005247 -0.001936
v 0.023860 -0.013723 0.000964
v 0.018001 -0.041639 0.001548
v 0.021446 -0.024778 0.001923
v 0.021446 -0.024778 0.000807
v 0.023677 -0.020479 0.001960
v 0.023860 -0.013723 0.000964
v 0.024467 -0.016289 0.001996
v 0.057916 0.004351 -0.002016
v 0.056724 0.004006 -0.001950
v 0.057545 0.005499 -0.002016
v 0.056747 0.005247 -0.001936
v 0.021446 -0.024778 0.001992
v 0.023677 -0.020479 0.002067
v 0.017465 -0.018364 0.002992
v 0.015016 -0.021812 0.003507
v 0.014675 -0.015453 0.003850
v 0.015195 -0.028890 0.003358
v 0.014334 -0.012934 0.003926
v 0.016648 -0.011608 0.003063
v 0.018634 -0.014426 0.002764
v 0.020130 -0.009237 0.002362
v 0.015911 0.003838 0.002447
v 0.020554 -0.006803 0.000578
v 0.016750 0.004507 0.000829
v 0.013386 -0.009652 0.003929
v 0.014741 0.004155 0.002738
v 0.010924 0.004955 0.003288
v 0.010924 -0.007077 0.003929
v 0.022242 -0.008473 0.000631
v 0.026183 -0.012370 0.000755
v 0.026287 -0.015238 0.002087
v 0.016052 -0.042348 0.002812
v 0.019864 -0.036106 0.002051
v 0.018281 -0.043469 0.001856
v 0.016416 -0.045115 0.001950
v 0.026183 -0.012370 0.000755
v 0.026287 -0.014875 0.000512
v 0.020130 -0.009237 0.000031
v 0.022242 -0.008473 0.000631
v 0.015641 -0.015586 0.000031
v 0.010924 -0.005771 0.000031
v 0.010924 0.004955 0.000031
v 0.014741 0.004155 -0.000052
v 0.015911 0.003838 -0.000052
v 0.016750 0.004507 0.000829
v 0.020554 -0.006803 0.000578
v 0.021446 -0.024778 0.000674
v 0.016356 -0.036094 0.000933
v 0.018281 -0.041158 0.001198
v 0.016662 -0.042572 0.001320
v 0.010924 0.004955 0.000031
v 0.010924 0.004955 0.003288
v 0.014741 0.004155 0.001343
v 0.014741 0.004155 -0.000052
v 0.015911 0.003838 -0.000052
v 0.015911 0.003838 0.002447
v 0.016750 0.004507 0.000829
v 0.014741 0.004155 0.002738
v 0.010924 0.004955 0.000031
v 0.010924 -0.005771 0.000031
v 0.010924 -0.007077 0.003929
v 0.010924 0.004955 0.003288
v 0.013386 -0.009652 0.003929
v 0.014334 -0.012934 0.003926
v 0.015641 -0.015586 0.000031
v 0.014675 -0.015453 0.003850
v 0.015016 -0.021812 0.003507
v 0.015195 -0.028890 0.003358
v 0.016356 -0.036094 0.000933
v 0.016052 -0.042348 0.002812
v 0.016416 -0.045115 0.001950
v 0.016662 -0.042572 0.001320
v 0.018281 -0.043469 0.001856
v 0.018281 -0.041158 0.001198
v 0.019864 -0.036106 0.002051
v 0.018281 -0.041158 0.001198
v 0.021446 -0.024778 0.000674
v 0.019864 -0.036106 0.002051
v 0.021446 -0.024778 0.001992
v 0.023677 -0.020479 0.002067
v 0.026287 -0.014875 0.000512
v 0.026287 -0.015238 0.002087
v 0.026183 -0.012370 0.000755
v 0.007652 0.009505 -0.000434
v 0.007110 0.016870 -0.000134
v 0.012623 0.012470 -0.000095
v 0.012615 0.008726 -0.000399
v 0.013348 0.006802 -0.003590
v 0.013061 0.006396 -0.002792
v 0.013005 0.005980 -0.004828
v 0.013005 0.005638 -0.004828
v 0.010793 0.006759 -0.005558
v 0.010793 0.005638 -0.005558
v 0.008331 0.007647 -0.005217
v 0.008331 0.005638 -0.005217
v 0.007449 0.011275 -0.003497
v 0.007447 0.007290 -0.002792
v 0.007110 0.016870 -0.000134
v 0.007652 0.009505 -0.000434
v 0.008312 -0.002342 -0.006856
v 0.008294 -0.001857 -0.006829
v 0.010924 -0.001857 -0.007202
v 0.010924 -0.002342 -0.007252
v 0.013536 -0.002342 -0.006856
v 0.013544 -0.001857 -0.006803
v 0.007910 -0.002342 -0.006256
v 0.007887 -0.001857 -0.006255
v 0.006320 -0.002342 -0.002418
v 0.006369 -0.001857 -0.002535
v 0.007088 -0.001857 0.001140
v 0.007173 -0.002342 0.001151
v 0.013950 -0.001857 -0.006233
v 0.013945 -0.002342 -0.006256
v 0.015357 -0.002342 -0.002471
v 0.015220 -0.001857 -0.002574
v 0.014727 -0.001857 0.001044
v 0.014732 -0.002342 0.001044
v 0.006812 0.011619 -0.003590
v 0.007686 0.002690 -0.006248
v 0.008135 0.002796 -0.006579
v 0.007847 0.007248 -0.005887
v 0.010924 0.006229 -0.006313
v 0.010924 0.002786 -0.006755
v 0.013690 0.005413 -0.005851
v 0.013610 0.002506 -0.006327
v 0.014000 0.002400 -0.006025
v 0.014675 0.004189 0.001044
v 0.013985 0.006458 -0.003497
v 0.013212 0.013113 0.000662
v 0.006320 -0.002342 -0.002418
v 0.010924 -0.002342 0.001097
v 0.007173 -0.002342 0.001151
v 0.007910 -0.002342 -0.006256
v 0.008312 -0.002342 -0.006856
v 0.010924 -0.002342 -0.007252
v 0.010924 -0.002342 0.001097
v 0.010924 -0.001857 0.001092
v 0.007088 -0.001857 0.001140
v 0.007173 -0.002342 0.001151
v 0.014727 -0.001857 0.001044
v 0.014732 -0.002342 0.001044
v 0.006320 0.004189 0.001044
v 0.010924 0.004189 0.001044
v 0.006538 0.018962 0.000710
v 0.013212 0.013113 0.000662
v 0.014675 0.004189 0.001044
v 0.014732 -0.002342 0.001044
v 0.010924 -0.002342 0.001097
v 0.015357 -0.002342 -0.002471
v 0.013945 -0.002342 -0.006256
v 0.013536 -0.002342 -0.006856
v 0.010924 -0.002342 -0.007252
v 0.006538 0.018962 0.000710
v 0.006320 0.004189 0.001044
v 0.006538 0.018962 0.000710
v 0.007110 0.016870 -0.000134
v 0.007449 0.011275 -0.003497
v 0.006812 0.011619 -0.003590
v 0.007847 0.007248 -0.005887
v 0.008331 0.007647 -0.005217
v 0.010924 0.006229 -0.006313
v 0.010793 0.006759 -0.005558
v 0.013690 0.005413 -0.005851
v 0.013005 0.005980 -0.004828
v 0.013985 0.006458 -0.003497
v 0.013348 0.006802 -0.003590
v 0.013212 0.013113 0.000662
v 0.012623 0.012470 -0.000095
v 0.007447 0.007290 -0.002792
v 0.007652 0.009505 -0.000434
v 0.010267 0.006396 -0.002792
v 0.012615 0.008726 -0.000399
v 0.013061 0.006396 -0.002792
v 0.013005 0.005638 -0.004828
v 0.010793 0.005638 -0.005558
v 0.008331 0.005638 -0.005217
v 0.013444 -0.003268 0.000486
v 0.010924 -0.003268 0.000486
v 0.010924 -0.006772 -0.000920
v 0.013444 -0.006772 -0.000920
v 0.013332 -0.008594 -0.003667
v 0.010924 -0.008594 -0.003667
v 0.010924 -0.008815 -0.005118
v 0.013332 -0.008815 -0.005118
v 0.010924 -0.000435 -0.006228
v 0.013332 -0.000435 -0.006228
v 0.013444 -0.000570 0.000486
v 0.010924 -0.000570 0.000486
v 0.013332 -0.000435 -0.006228
v 0.013332 -0.008815 -0.005118
v 0.008404 -0.000570 0.000486
v 0.008516 -0.000435 -0.006228
v 0.008404 -0.003268 0.000486
v 0.010924 -0.003268 0.000486
v 0.010924 -0.006772 -0.000920
v 0.008404 -0.006772 -0.000920
v 0.010924 -0.008594 -0.003667
v 0.008516 -0.008594 -0.003667
v 0.010924 -0.008815 -0.005118
v 0.008516 -0.008815 -0.005118
v 0.010924 -0.000435 -0.006228
v 0.008516 -0.000435 -0.006228
v 0.010924 -0.000570 0.000486
v 0.008516 -0.008815 -0.005118
v -0.005020 0.008456 -0.000564
v -0.005933 0.008456 -0.000564
v -0.006017 0.008264 -0.000418
v -0.004936 0.008264 -0.000418
v -0.004564 0.008456 -0.001355
v -0.004395 0.008264 -0.001355
v -0.006558 0.008264 -0.001355
v -0.006390 0.008456 -0.001355
v -0.006017 0.005332 -0.000855
v -0.004936 0.005332 -0.000855
v -0.004395 0.005426 -0.001787
v -0.006558 0.005426 -0.001787
v -0.005020 0.008456 -0.002145
v -0.004564 0.008456 -0.001355
v -0.004395 0.008264 -0.001355
v -0.004936 0.008264 -0.002291
v -0.005933 0.008456 -0.002145
v -0.006017 0.008264 -0.002291
v -0.006390 0.008456 -0.001355
v -0.006558 0.008264 -0.001355
v -0.004395 0.005426 -0.001787
v -0.004936 0.005520 -0.002718
v -0.006017 0.005520 -0.002718
v -0.006558 0.005426 -0.001787
v -0.005581 -0.010969 -0.002871
v -0.005279 -0.010969 -0.003397
v -0.004980 -0.010969 -0.002871
v -0.004680 -0.010969 -0.003391
v -0.005881 -0.010969 -0.003391
v -0.004680 -0.010969 -0.003391
v -0.005279 -0.010969 -0.003397
v -0.004980 -0.010969 -0.003911
v -0.005581 -0.010969 -0.003911
v -0.005881 -0.010969 -0.003391
v -0.005020 0.008456 -0.000564
v -0.005477 0.008456 -0.001355
v -0.005933 0.008456 -0.000564
v -0.004564 0.008456 -0.001355
v -0.005020 0.008456 -0.002145
v -0.005933 0.008456 -0.002145
v -0.006390 0.008456 -0.001355
v -0.004731 0.005314 -0.000438
v -0.006249 0.005314 -0.000438
v -0.006060 -0.000227 -0.001024
v -0.004543 -0.000227 -0.001024
v -0.003973 0.005446 -0.001746
v -0.003784 -0.000072 -0.002329
v -0.006819 -0.000072 -0.002329
v -0.007008 0.005446 -0.001746
v -0.006017 0.005332 -0.000855
v -0.006558 0.005426 -0.001787
v -0.004395 0.005426 -0.001787
v -0.004936 0.005332 -0.000855
v -0.005858 -0.000183 -0.001355
v -0.004777 -0.000183 -0.001355
v -0.004236 -0.000073 -0.002285
v -0.006399 -0.000073 -0.002285
v -0.004731 0.005578 -0.003053
v -0.003973 0.005446 -0.001746
v -0.003784 -0.000072 -0.002329
v -0.004543 0.000083 -0.003635
v -0.006249 0.005578 -0.003053
v -0.006060 0.000083 -0.003635
v -0.007008 0.005446 -0.001746
v -0.006819 -0.000072 -0.002329
v -0.006558 0.005426 -0.001787
v -0.006017 0.005520 -0.002718
v -0.004936 0.005520 -0.002718
v -0.004395 0.005426 -0.001787
v -0.004236 -0.000073 -0.002285
v -0.004777 0.000037 -0.003215
v -0.005858 0.000037 -0.003215
v -0.006399 -0.000073 -0.002285
v -0.005723 -0.010474 -0.002545
v -0.004845 -0.010474 -0.002545
v -0.004777 -0.000183 -0.001355
v -0.005858 -0.000183 -0.001355
v -0.004236 -0.000073 -0.002285
v -0.004407 -0.010460 -0.003304
v -0.006162 -0.010460 -0.003304
v -0.006399 -0.000073 -0.002285
v -0.004976 -0.010491 -0.002818
v -0.004669 -0.010482 -0.003349
v -0.005896 -0.010482 -0.003349
v -0.005589 -0.010491 -0.002818
v -0.004407 -0.010460 -0.003304
v -0.004845 -0.010447 -0.004063
v -0.004777 0.000037 -0.003215
v -0.004236 -0.000073 -0.002285
v -0.005858 0.000037 -0.003215
v -0.005723 -0.010447 -0.004063
v -0.006399 -0.000073 -0.002285
v -0.006162 -0.010460 -0.003304
v -0.004669 -0.010482 -0.003349
v -0.004976 -0.010474 -0.003879
v -0.005589 -0.010474 -0.003879
v -0.005896 -0.010482 -0.003349
v -0.004980 -0.010969 -0.002871
v -0.004680 -0.010969 -0.003391
v -0.004669 -0.010482 -0.003349
v -0.004976 -0.010491 -0.002818
v -0.005581 -0.010969 -0.002871
v -0.005589 -0.010491 -0.002818
v -0.005896 -0.010482 -0.003349
v -0.005881 -0.010969 -0.003391
v -0.004680 -0.010969 -0.003391
v -0.004980 -0.010969 -0.003911
v -0.004976 -0.010474 -0.003879
v -0.004669 -0.010482 -0.003349
v -0.005589 -0.010474 -0.003879
v -0.005581 -0.010969 -0.003911
v -0.005896 -0.010482 -0.003349
v -0.005881 -0.010969 -0.003391
v 0.005044 0.008456 -0.000564
v 0.004960 0.008264 -0.000418
v 0.006041 0.008264 -0.000418
v 0.005957 0.008456 -0.000564
v 0.004588 0.008456 -0.001355
v 0.004419 0.008264 -0.001355
v 0.006582 0.008264 -0.001355
v 0.006414 0.008456 -0.001355
v 0.006041 0.005332 -0.000855
v 0.004960 0.005332 -0.000855
v 0.004419 0.005426 -0.001787
v 0.006582 0.005426 -0.001787
v 0.005044 0.008456 -0.002145
v 0.004960 0.008264 -0.002291
v 0.004419 0.008264 -0.001355
v 0.004588 0.008456 -0.001355
v 0.005957 0.008456 -0.002145
v 0.006041 0.008264 -0.002291
v 0.006414 0.008456 -0.001355
v 0.006582 0.008264 -0.001355
v 0.004419 0.005426 -0.001787
v 0.004960 0.005520 -0.002718
v 0.006041 0.005520 -0.002718
v 0.006582 0.005426 -0.001787
v 0.005304 -0.010969 -0.003397
v 0.005605 -0.010969 -0.002871
v 0.005004 -0.010969 -0.002871
v 0.004704 -0.010969 -0.003391
v 0.005905 -0.010969 -0.003391
v 0.005304 -0.010969 -0.003397
v 0.004704 -0.010969 -0.003391
v 0.005004 -0.010969 -0.003911
v 0.005605 -0.010969 -0.003911
v 0.005905 -0.010969 -0.003391
v 0.005501 0.008456 -0.001355
v 0.005044 0.008456 -0.000564
v 0.005957 0.008456 -0.000564
v 0.004588 0.008456 -0.001355
v 0.005044 0.008456 -0.002145
v 0.005957 0.008456 -0.002145
v 0.006414 0.008456 -0.001355
v 0.004756 0.005314 -0.000438
v 0.004567 -0.000227 -0.001024
v 0.006084 -0.000227 -0.001024
v 0.006273 0.005314 -0.000438
v 0.003997 0.005446 -0.001746
v 0.003808 -0.000072 -0.002329
v 0.006843 -0.000072 -0.002329
v 0.007032 0.005446 -0.001746
v 0.006041 0.005332 -0.000855
v 0.006582 0.005426 -0.001787
v 0.004419 0.005426 -0.001787
v 0.004960 0.005332 -0.000855
v 0.005882 -0.000183 -0.001355
v 0.004801 -0.000183 -0.001355
v 0.004260 -0.000073 -0.002285
v 0.006423 -0.000073 -0.002285
v 0.004756 0.005578 -0.003053
v 0.004567 0.000083 -0.003635
v 0.003808 -0.000072 -0.002329
v 0.003997 0.005446 -0.001746
v 0.006273 0.005578 -0.003053
v 0.006084 0.000083 -0.003635
v 0.007032 0.005446 -0.001746
v 0.006843 -0.000072 -0.002329
v 0.006582 0.005426 -0.001787
v 0.006041 0.005520 -0.002718
v 0.004960 0.005520 -0.002718
v 0.004419 0.005426 -0.001787
v 0.004260 -0.000073 -0.002285
v 0.004801 0.000037 -0.003215
v 0.005882 0.000037 -0.003215
v 0.006423 -0.000073 -0.002285
v 0.005747 -0.010474 -0.002545
v 0.005882 -0.000183 -0.001355
v 0.004801 -0.000183 -0.001355
v 0.004869 -0.010474 -0.002545
v 0.004260 -0.000073 -0.002285
v 0.004431 -0.010460 -0.003304
v 0.006186 -0.010460 -0.003304
v 0.006423 -0.000073 -0.002285
v 0.005000 -0.010491 -0.002818
v 0.004693 -0.010482 -0.003349
v 0.005920 -0.010482 -0.003349
v 0.005613 -0.010491 -0.002818
v 0.004431 -0.010460 -0.003304
v 0.004260 -0.000073 -0.002285
v 0.004801 0.000037 -0.003215
v 0.004869 -0.010447 -0.004063
v 0.005882 0.000037 -0.003215
v 0.005747 -0.010447 -0.004063
v 0.006423 -0.000073 -0.002285
v 0.006186 -0.010460 -0.003304
v 0.004693 -0.010482 -0.003349
v 0.005000 -0.010474 -0.003879
v 0.005613 -0.010474 -0.003879
v 0.005920 -0.010482 -0.003349
v 0.005004 -0.010969 -0.002871
v 0.005000 -0.010491 -0.002818
v 0.004693 -0.010482 -0.003349
v 0.004704 -0.010969 -0.003391
v 0.005605 -0.010969 -0.002871
v 0.005613 -0.010491 -0.002818
v 0.005920 -0.010482 -0.003349
v 0.005905 -0.010969 -0.003391
v 0.004704 -0.010969 -0.003391
v 0.004693 -0.010482 -0.003349
v 0.005000 -0.010474 -0.003879
v 0.005004 -0.010969 -0.003911
v 0.005613 -0.010474 -0.003879
v 0.005605 -0.010969 -0.003911
v 0.005920 -0.010482 -0.003349
v 0.005905 -0.010969 -0.003391
v 0.000012 -0.007902 0.006586
v -0.001345 -0.007902 0.006180
v -0.001386 -0.009502 0.006114
v 0.000012 -0.009502 0.006532
v -0.002711 -0.009502 0.005078
v -0.002703 -0.007907 0.005088
v -0.003577 -0.009502 0.004067
v -0.003483 -0.007907 0.004049
v -0.003468 -0.011286 0.003995
v -0.002661 -0.011253 0.004946
v -0.003064 -0.011625 0.002830
v -0.002468 -0.011625 0.003680
v -0.001732 -0.011609 0.004550
v -0.001405 -0.011251 0.005920
v -0.000863 -0.011613 0.005342
v 0.000012 -0.011269 0.006288
v 0.000012 -0.011604 0.005396
v -0.000600 -0.012070 0.004947
v 0.000012 -0.012070 0.004947
v 0.000012 -0.011604 0.005396
v -0.000863 -0.011613 0.005342
v -0.000863 -0.012070 0.004865
v -0.000863 -0.011613 0.005342
v -0.001732 -0.011609 0.004550
v -0.000863 -0.012070 0.004865
v -0.002675 -0.012343 0.002566
v -0.002468 -0.011625 0.003680
v -0.003064 -0.011625 0.002830
v -0.001672 -0.012912 0.002831
v -0.000863 -0.013152 0.003303
v -0.000863 -0.012070 0.004865
v -0.000863 -0.013152 0.003303
v -0.000863 -0.011093 0.001023
v 0.001372 -0.007920 0.006189
v 0.000012 -0.007902 0.006586
v 0.000012 -0.009502 0.006532
v 0.001410 -0.009502 0.006114
v 0.002735 -0.009502 0.005078
v 0.002727 -0.007907 0.005088
v 0.003507 -0.007907 0.004049
v 0.003601 -0.009502 0.004067
v 0.000012 -0.011269 0.006288
v 0.001429 -0.011251 0.005920
v 0.000887 -0.011613 0.005342
v 0.000012 -0.011604 0.005396
v 0.001757 -0.011609 0.004550
v 0.002685 -0.011253 0.004946
v 0.002492 -0.011625 0.003680
v 0.003088 -0.011625 0.002830
v 0.003492 -0.011286 0.003995
v 0.000624 -0.012070 0.004947
v 0.000887 -0.011613 0.005342
v 0.000012 -0.011604 0.005396
v 0.000012 -0.012070 0.004947
v 0.000887 -0.012070 0.004865
v 0.002699 -0.012343 0.002566
v 0.001757 -0.011609 0.004550
v 0.000887 -0.012070 0.004865
v 0.000887 -0.011613 0.005342
v 0.001696 -0.012912 0.002831
v 0.002492 -0.011625 0.003680
v 0.003088 -0.011625 0.002830
v 0.000887 -0.013152 0.003303
v 0.000887 -0.013152 0.003303
v 0.000887 -0.012070 0.004865
v 0.000887 -0.011093 0.001023
v -0.000600 -0.012070 0.004947
v 0.000012 -0.011093 0.001023
v 0.000012 -0.012070 0.004947
v -0.000863 -0.011093 0.001023
v -0.000863 -0.012070 0.004865
v 0.000624 -0.012070 0.004947
v 0.000012 -0.012070 0.004947
v 0.000012 -0.011093 0.001023
v 0.000887 -0.011093 0.001023
v 0.000887 -0.012070 0.004865
v -0.002817 -0.001889 0.005736
v -0.002773 0.002821 0.006052
v -0.003691 -0.002778 0.004461
v -0.001407 0.002965 0.007031
v -0.001504 -0.001561 0.006618
v 0.000012 -0.001422 0.006932
v 0.000012 0.003019 0.007222
v -0.003513 -0.007902 0.004438
v -0.003846 -0.007902 0.003441
v -0.002703 -0.007907 0.005088
v -0.001345 -0.007902 0.006180
v 0.000012 -0.007902 0.006586
v 0.002797 0.002821 0.006052
v 0.002841 -0.001889 0.005736
v 0.003715 -0.002778 0.004461
v 0.001431 0.002965 0.007031
v 0.001528 -0.001561 0.006618
v 0.000012 -0.001422 0.006932
v 0.000012 0.003019 0.007222
v 0.003537 -0.007902 0.004438
v 0.003870 -0.007902 0.003441
v 0.002727 -0.007907 0.005088
v 0.001369 -0.007902 0.006180
v 0.000012 -0.007902 0.006586
v -0.007213 -0.015453 0.004650
v -0.007149 -0.015453 0.002968
v -0.007378 -0.012934 0.004548
v -0.009003 -0.015453 0.005392
v -0.009623 -0.011452 0.004994
v -0.009533 -0.015453 0.005674
v -0.010900 -0.015453 0.005674
v -0.010900 -0.011452 0.004994
v -0.010900 -0.010095 0.004861
v -0.010900 -0.007077 0.003929
v -0.012177 -0.011452 0.004994
v -0.012267 -0.015453 0.005674
v -0.012797 -0.015453 0.005392
v -0.014310 -0.012934 0.003926
v -0.014651 -0.015453 0.003850
v -0.013362 -0.009652 0.003929
v -0.008438 -0.009652 0.003929
v -0.014651 -0.015453 0.002968
v -0.010937 -0.015453 0.005404
v -0.009607 -0.015453 0.005404
v -0.009533 -0.015453 0.005674
v -0.010900 -0.015453 0.005674
v -0.009003 -0.015453 0.005392
v -0.010164 -0.017161 0.004421
v -0.010968 -0.017161 0.004421
v -0.007881 -0.015453 0.002937
v -0.009121 -0.017161 0.002930
v -0.009160 -0.015453 0.001278
v -0.007149 -0.015453 0.002968
v -0.008719 -0.015453 0.000932
v -0.011000 -0.015453 0.000649
v -0.010977 -0.015453 0.000159
v -0.009894 -0.017161 0.001927
v -0.011006 -0.017161 0.001547
v -0.007213 -0.015453 0.004650
v -0.010977 -0.017809 0.002968
v -0.010950 -0.012934 0.000249
v -0.008719 -0.012934 0.000932
v -0.008719 -0.015453 0.000932
v -0.010977 -0.015453 0.000159
v -0.007378 -0.012934 0.004548
v -0.007149 -0.015453 0.002968
v -0.012267 -0.015453 0.005674
v -0.012267 -0.015453 0.005404
v -0.010937 -0.015453 0.005404
v -0.010900 -0.015453 0.005674
v -0.012797 -0.015453 0.005392
v -0.011772 -0.017161 0.004421
v -0.012815 -0.017161 0.002930
v -0.013994 -0.015453 0.002937
v -0.010968 -0.017161 0.004421
v -0.012131 -0.017161 0.001927
v -0.012862 -0.015453 0.001278
v -0.014651 -0.015453 0.002968
v -0.013262 -0.015453 0.000932
v -0.011000 -0.015453 0.000649
v -0.010977 -0.015453 0.000159
v -0.011006 -0.017161 0.001547
v -0.014651 -0.015453 0.003850
v -0.010977 -0.017809 0.002968
v -0.010977 -0.015453 0.000159
v -0.013262 -0.015453 0.000932
v -0.013262 -0.012934 0.000932
v -0.010950 -0.012934 0.000249
v -0.014651 -0.015453 0.002968
v -0.014310 -0.012934 0.003926
v -0.013362 -0.009652 0.003929
v -0.010900 -0.007077 0.003929
v -0.010950 -0.012934 0.003488
v -0.014310 -0.012934 0.003926
v -0.010900 -0.007077 0.003929
v -0.008438 -0.009652 0.003929
v -0.010950 -0.012934 0.003488
v -0.007378 -0.012934 0.004548
v -0.008719 -0.012934 0.000932
v -0.010950 -0.012934 0.000249
v -0.010950 -0.012934 0.003488
v -0.007378 -0.012934 0.004548
v -0.010950 -0.012934 0.003488
v -0.010950 -0.012934 0.000249
v -0.013262 -0.012934 0.000932
v -0.014310 -0.012934 0.003926
v -0.007157 -0.020766 0.005131
v -0.008854 -0.018492 0.006211
v -0.009152 -0.020766 0.007912
v -0.007213 -0.015453 0.004650
v -0.009003 -0.015453 0.005398
v -0.007831 -0.028912 0.006735
v -0.009152 -0.025958 0.007914
v -0.007018 -0.021824 0.004287
v -0.006864 -0.027712 0.004350
v -0.007149 -0.015453 0.002968
v -0.006833 -0.020487 0.003267
v -0.006833 -0.020487 0.003267
v -0.006759 -0.022921 0.003298
v -0.009152 -0.025958 0.007914
v -0.009152 -0.020766 0.007912
v -0.010900 -0.020766 0.007912
v -0.010900 -0.025958 0.007909
v -0.012648 -0.020766 0.007912
v -0.012648 -0.025958 0.007914
v -0.009152 -0.025958 0.007914
v -0.010900 -0.025958 0.007909
v -0.010900 -0.028912 0.006735
v -0.008274 -0.028912 0.006735
v -0.007831 -0.028912 0.006735
v -0.010900 -0.028912 0.006735
v -0.012648 -0.025958 0.007914
v -0.013526 -0.028912 0.006735
v -0.013969 -0.028912 0.006735
v -0.010900 -0.018492 0.006211
v -0.010900 -0.020766 0.007912
v -0.009152 -0.020766 0.007912
v -0.012648 -0.020766 0.007912
v -0.008854 -0.018492 0.006211
v -0.012946 -0.018492 0.006211
v -0.010900 -0.015453 0.002968
v -0.010900 -0.015453 0.005680
v -0.009533 -0.015453 0.005680
v -0.009003 -0.015453 0.005398
v -0.009217 -0.015453 0.002968
v -0.007300 -0.015453 0.002968
v -0.007213 -0.015453 0.004650
v -0.007149 -0.015453 0.002968
v -0.007300 -0.015453 0.001839
v -0.007300 -0.016024 -0.000123
v -0.007694 -0.016362 -0.001041
v -0.008497 -0.016362 -0.001041
v -0.006759 -0.024279 0.002534
v -0.006759 -0.022921 0.003298
v -0.006629 -0.027340 0.003358
v -0.006629 -0.027172 0.002743
v -0.006805 -0.021456 0.002125
v -0.006745 -0.022258 0.000595
v -0.007300 -0.016024 -0.000123
v -0.007300 -0.015453 0.001839
v -0.007025 -0.027041 0.002212
v -0.007161 -0.025201 0.002006
v -0.007161 -0.025201 0.002006
v -0.007127 -0.022840 -0.000271
v -0.007127 -0.022840 -0.000271
v -0.007694 -0.016362 -0.001041
v -0.007127 -0.022840 -0.000271
v -0.007161 -0.025201 0.002006
v -0.008745 -0.021627 0.001619
v -0.008497 -0.016362 -0.001041
v -0.009217 -0.015453 0.002968
v -0.008415 -0.027500 0.004308
v -0.007025 -0.027041 0.002212
v -0.007136 -0.027718 0.002771
v -0.008147 -0.029018 0.006208
v -0.010900 -0.015453 0.002968
v -0.009217 -0.015453 0.002968
v -0.008745 -0.021627 0.001619
v -0.010900 -0.021627 0.001617
v -0.008415 -0.027500 0.004308
v -0.010900 -0.027500 0.004307
v -0.006833 -0.020487 0.003267
v -0.007048 -0.020487 0.003267
v -0.007300 -0.015453 0.002968
v -0.007149 -0.015453 0.002968
v -0.006759 -0.022921 0.003298
v -0.007300 -0.015453 0.002968
v -0.007048 -0.020487 0.003267
v -0.006805 -0.021456 0.002125
v -0.007300 -0.015453 0.001839
v -0.006759 -0.022921 0.003298
v -0.006759 -0.022921 0.003298
v -0.007018 -0.021824 0.004287
v -0.006864 -0.027712 0.004350
v -0.006629 -0.027340 0.003358
v -0.007136 -0.027718 0.002771
v -0.006629 -0.027172 0.002743
v -0.007025 -0.027041 0.002212
v -0.008147 -0.029018 0.006208
v -0.007831 -0.028912 0.006735
v -0.008274 -0.028912 0.006735
v -0.014967 -0.020487 0.003267
v -0.015041 -0.022921 0.003298
v -0.014782 -0.021824 0.004287
v -0.015171 -0.027340 0.003358
v -0.014936 -0.027712 0.004350
v -0.014664 -0.027718 0.002771
v -0.015171 -0.027172 0.002743
v -0.014775 -0.027041 0.002212
v -0.013653 -0.029018 0.006208
v -0.013969 -0.028912 0.006735
v -0.013526 -0.028912 0.006735
v -0.012267 -0.015453 0.005680
v -0.010900 -0.015453 0.005680
v -0.010900 -0.015453 0.002968
v -0.012797 -0.015453 0.005398
v -0.012583 -0.015453 0.002968
v -0.014477 -0.015453 0.002968
v -0.014477 -0.015453 0.001839
v -0.014651 -0.015453 0.002968
v -0.014651 -0.015453 0.003850
v -0.014477 -0.016115 -0.000411
v -0.014083 -0.016362 -0.001041
v -0.013279 -0.016362 -0.001041
v -0.015041 -0.024279 0.002534
v -0.015171 -0.027172 0.002743
v -0.015171 -0.027340 0.003358
v -0.015041 -0.022921 0.003298
v -0.015054 -0.022258 0.000595
v -0.014994 -0.021456 0.002125
v -0.014477 -0.016115 -0.000411
v -0.014477 -0.015453 0.001839
v -0.014083 -0.016362 -0.001041
v -0.014650 -0.022840 -0.000271
v -0.014639 -0.025201 0.002006
v -0.014650 -0.022840 -0.000271
v -0.014639 -0.025201 0.002006
v -0.014775 -0.027041 0.002212
v -0.013054 -0.021627 0.001619
v -0.014650 -0.022840 -0.000271
v -0.013279 -0.016362 -0.001041
v -0.012583 -0.015453 0.002968
v -0.014639 -0.025201 0.002006
v -0.013385 -0.027500 0.004308
v -0.014775 -0.027041 0.002212
v -0.014664 -0.027718 0.002771
v -0.013653 -0.029018 0.006208
v -0.012583 -0.015453 0.002968
v -0.010900 -0.015453 0.002968
v -0.010900 -0.021627 0.001617
v -0.013054 -0.021627 0.001619
v -0.010900 -0.027500 0.004307
v -0.013385 -0.027500 0.004308
v -0.014651 -0.015453 0.003850
v -0.014651 -0.015453 0.002968
v -0.014967 -0.020487 0.003267
v -0.014782 -0.021824 0.004287
v -0.014543 -0.020766 0.005131
v -0.014543 -0.025958 0.005131
v -0.014936 -0.027712 0.004350
v -0.013969 -0.028912 0.006735
v -0.012648 -0.025958 0.007914
v -0.012648 -0.020766 0.007912
v -0.012946 -0.018492 0.006211
v -0.012797 -0.015453 0.005398
v -0.014967 -0.020487 0.003267
v -0.014651 -0.015453 0.002968
v -0.014477 -0.015453 0.002968
v -0.014752 -0.020487 0.003267
v -0.015041 -0.022921 0.003298
v -0.014477 -0.015453 0.002968
v -0.014477 -0.015453 0.001839
v -0.014994 -0.021456 0.002125
v -0.014752 -0.020487 0.003267
v -0.015041 -0.022921 0.003298
v -0.010900 -0.018492 0.006211
v -0.008854 -0.018492 0.006211
v -0.010900 -0.015453 0.005680
v -0.012946 -0.018492 0.006211
v -0.009533 -0.015453 0.005680
v -0.012267 -0.015453 0.005680
v -0.009003 -0.015453 0.005398
v -0.012797 -0.015453 0.005398
v -0.008147 -0.029018 0.006208
v -0.008274 -0.028912 0.006735
v -0.010900 -0.028912 0.006735
v -0.010900 -0.029018 0.006208
v -0.010900 -0.027500 0.004307
v -0.008415 -0.027500 0.004308
v -0.013653 -0.029018 0.006208
v -0.010900 -0.029018 0.006208
v -0.010900 -0.028912 0.006735
v -0.013526 -0.028912 0.006735
v -0.013385 -0.027500 0.004308
v -0.010900 -0.027500 0.004307
v -0.007694 -0.016362 -0.001041
v -0.007127 -0.022840 -0.000271
v -0.008497 -0.016362 -0.001041
v -0.014650 -0.022840 -0.000271
v -0.014083 -0.016362 -0.001041
v -0.013279 -0.016362 -0.001041
v -0.008580 -0.029908 -0.004055
v -0.006647 -0.031794 -0.004037
v -0.006689 -0.031812 -0.001462
v -0.008622 -0.029927 -0.001480
v -0.006731 -0.031831 0.001113
v -0.008665 -0.029945 0.001095
v -0.008635 -0.027115 -0.001460
v -0.008663 -0.027128 0.000274
v -0.008606 -0.027103 -0.003193
v -0.008602 -0.024908 -0.004019
v -0.008687 -0.024945 0.001131
v -0.000122 -0.046150 -0.003386
v -0.002355 -0.046173 -0.001495
v -0.004524 -0.046168 -0.003459
v -0.000154 -0.046164 -0.001459
v -0.000186 -0.046178 0.000468
v -0.004587 -0.046196 0.000395
v -0.004556 -0.046182 -0.001532
v 0.002243 -0.026864 -0.004191
v 0.002195 -0.026885 -0.001279
v 0.001244 -0.044790 -0.001426
v 0.001292 -0.044768 -0.004337
v 0.002146 -0.026906 0.001641
v 0.001196 -0.044811 0.001495
v -0.000480 -0.018389 -0.001261
v -0.000432 -0.018368 -0.004173
v -0.000528 -0.018411 0.001659
v -0.002489 -0.018142 0.002245
v -0.003605 -0.044857 0.001489
v -0.002376 -0.018092 -0.004574
v -0.003507 -0.044813 -0.004468
v -0.003954 -0.023444 -0.004766
v 0.000815 -0.045526 -0.004182
v 0.000770 -0.045546 -0.001439
v 0.000815 -0.045526 -0.004182
v -0.004746 -0.045566 -0.004275
v -0.004707 -0.044825 -0.004488
v -0.006090 -0.031789 -0.004416
v -0.008020 -0.029903 -0.004434
v -0.008041 -0.025060 -0.004399
v -0.008602 -0.024908 -0.004019
v -0.003963 -0.023088 -0.004316
v -0.008580 -0.029908 -0.004055
v -0.006647 -0.031794 -0.004037
v -0.006090 -0.031789 -0.004416
v -0.006102 -0.044260 -0.004119
v -0.005547 -0.043862 -0.004495
v -0.005547 -0.043862 -0.004495
v -0.006102 -0.044260 -0.004119
v 0.000724 -0.045567 0.001309
v -0.004837 -0.045606 0.001217
v -0.004805 -0.044868 0.001469
v -0.004067 -0.023494 0.002053
v -0.006188 -0.031832 0.001541
v -0.008139 -0.025104 0.001558
v -0.008118 -0.029946 0.001523
v -0.008687 -0.024945 0.001131
v -0.004061 -0.023131 0.001597
v -0.005657 -0.043906 0.001462
v -0.006196 -0.044298 0.001031
v -0.006731 -0.031831 0.001113
v -0.008118 -0.029946 0.001523
v -0.008665 -0.029945 0.001095
v -0.008687 -0.024945 0.001131
v -0.008139 -0.025104 0.001558
v -0.003806 -0.018147 0.002223
v -0.000480 -0.018389 -0.001261
v -0.000432 -0.018368 -0.004173
v -0.001022 -0.018375 -0.003599
v -0.001060 -0.018392 -0.001271
v -0.000528 -0.018411 0.001659
v -0.001099 -0.018409 0.001066
v -0.003701 -0.018101 -0.004138
v -0.002376 -0.018092 -0.004574
v -0.003694 -0.018098 -0.004596
v -0.003799 -0.018144 0.001775
v -0.003806 -0.018147 0.002223
v -0.002489 -0.018142 0.002245
v -0.001022 -0.018375 -0.003599
v -0.003701 -0.018101 -0.004138
v -0.003750 -0.018123 -0.001187
v -0.001060 -0.018392 -0.001271
v -0.003963 -0.023088 -0.004316
v -0.004012 -0.023109 -0.001354
v -0.003997 -0.026467 -0.001378
v -0.003969 -0.026454 -0.003112
v -0.008606 -0.027103 -0.003193
v -0.008635 -0.027115 -0.001460
v -0.008602 -0.024908 -0.004019
v -0.006144 -0.044279 -0.001544
v -0.006689 -0.031812 -0.001462
v -0.006647 -0.031794 -0.004037
v -0.006102 -0.044260 -0.004119
v -0.006196 -0.044298 0.001031
v -0.006731 -0.031831 0.001113
v -0.005254 -0.046104 -0.004119
v -0.005296 -0.046123 -0.001543
v -0.005339 -0.046141 0.001032
v -0.003701 -0.018101 -0.004138
v -0.003694 -0.018098 -0.004596
v -0.003954 -0.023444 -0.004766
v -0.003963 -0.023088 -0.004316
v -0.004061 -0.023131 0.001597
v -0.004067 -0.023494 0.002053
v -0.003806 -0.018147 0.002223
v -0.003799 -0.018144 0.001775
v -0.008635 -0.027115 -0.001460
v -0.008663 -0.027128 0.000274
v -0.004026 -0.026480 0.000355
v -0.003997 -0.026467 -0.001378
v -0.004061 -0.023131 0.001597
v -0.004012 -0.023109 -0.001354
v -0.003750 -0.018123 -0.001187
v -0.003799 -0.018144 0.001775
v -0.001099 -0.018409 0.001066
v -0.001060 -0.018392 -0.001271
v -0.008687 -0.024945 0.001131
v 0.000770 -0.045546 -0.001439
v 0.000724 -0.045567 0.001309
v 0.000543 -0.046116 0.001129
v 0.000586 -0.046098 -0.001446
v 0.000815 -0.045526 -0.004182
v 0.000628 -0.046079 -0.004022
v 0.000628 -0.046079 -0.004022
v -0.005254 -0.046104 -0.004119
v -0.004746 -0.045566 -0.004275
v 0.000815 -0.045526 -0.004182
v -0.006102 -0.044260 -0.004119
v 0.000104 -0.046572 0.000727
v 0.000140 -0.046556 -0.001457
v 0.000406 -0.045956 -0.001448
v 0.000366 -0.045974 0.000970
v -0.004883 -0.046593 0.000644
v -0.005157 -0.045997 0.000879
v -0.004847 -0.046577 -0.001539
v -0.005117 -0.045980 -0.001539
v -0.004811 -0.046561 -0.003723
v -0.005078 -0.045962 -0.003958
v 0.000176 -0.046540 -0.003640
v 0.000446 -0.045939 -0.003867
v 0.000406 -0.045956 -0.001448
v 0.000586 -0.046098 -0.001446
v 0.000543 -0.046116 0.001129
v 0.000366 -0.045974 0.000970
v -0.005339 -0.046141 0.001032
v -0.005157 -0.045997 0.000879
v 0.000446 -0.045939 -0.003867
v 0.000628 -0.046079 -0.004022
v -0.005078 -0.045962 -0.003958
v -0.005254 -0.046104 -0.004119
v -0.005117 -0.045980 -0.001539
v -0.005157 -0.045997 0.000879
v -0.005339 -0.046141 0.001032
v -0.005296 -0.046123 -0.001543
v -0.005254 -0.046104 -0.004119
v -0.005078 -0.045962 -0.003958
v -0.004587 -0.046196 0.000395
v -0.000186 -0.046178 0.000468
v 0.000104 -0.046572 0.000727
v -0.004883 -0.046593 0.000644
v 0.000140 -0.046556 -0.001457
v -0.000154 -0.046164 -0.001459
v 0.000176 -0.046540 -0.003640
v -0.000122 -0.046150 -0.003386
v -0.004811 -0.046561 -0.003723
v -0.004524 -0.046168 -0.003459
v -0.004847 -0.046577 -0.001539
v -0.004556 -0.046182 -0.001532
v 0.000724 -0.045567 0.001309
v -0.004837 -0.045606 0.001217
v -0.005339 -0.046141 0.001032
v 0.000543 -0.046116 0.001129
v -0.006196 -0.044298 0.001031
v -0.003694 -0.018098 -0.004596
v -0.007176 -0.017751 0.004683
v -0.003349 -0.014637 0.004577
v -0.003349 -0.014637 0.004071
v -0.007205 -0.017751 0.004071
v -0.007176 -0.017751 0.004683
v -0.002978 -0.021654 0.004535
v -0.003349 -0.014637 0.004577
v -0.007058 -0.024768 0.004486
v -0.007058 -0.024768 0.004071
v -0.002995 -0.021654 0.003926
v -0.002978 -0.021654 0.004535
v -0.007058 -0.024768 0.004486
v -0.007205 -0.017751 0.004071
v -0.003349 -0.014637 0.004071
v -0.002995 -0.021654 0.003926
v -0.007058 -0.024768 0.004071
v -0.007058 -0.024768 0.004486
v -0.007176 -0.017751 0.004683
v -0.007205 -0.017751 0.004071
v -0.007058 -0.024768 0.004071
v -0.003349 -0.014637 0.004577
v -0.002978 -0.021654 0.004535
v -0.002995 -0.021654 0.003926
v -0.003349 -0.014637 0.004071
v 0.007200 -0.017751 0.004683
v 0.007229 -0.017751 0.004071
v 0.003373 -0.014637 0.004071
v 0.003373 -0.014637 0.004577
v 0.003002 -0.021654 0.004535
v 0.007200 -0.017751 0.004683
v 0.003373 -0.014637 0.004577
v 0.007082 -0.024768 0.004486
v 0.007082 -0.024768 0.004071
v 0.007082 -0.024768 0.004486
v 0.003002 -0.021654 0.004535
v 0.003019 -0.021654 0.003926
v 0.007229 -0.017751 0.004071
v 0.007082 -0.024768 0.004071
v 0.003019 -0.021654 0.003926
v 0.003373 -0.014637 0.004071
v 0.007082 -0.024768 0.004486
v 0.007082 -0.024768 0.004071
v 0.007229 -0.017751 0.004071
v 0.007200 -0.017751 0.004683
v 0.003373 -0.014637 0.004577
v 0.003373 -0.014637 0.004071
v 0.003019 -0.021654 0.003926
v 0.003002 -0.021654 0.004535
v 0.002566 -0.050171 0.003361
v 0.000012 -0.052346 0.003537
v 0.000012 -0.059974 0.002712
v 0.002164 -0.059258 0.002694
v 0.003627 -0.050972 0.003041
v 0.000012 -0.060821 0.002077
v 0.002593 -0.060268 0.002077
v 0.004534 -0.051515 0.002077
v 0.003627 -0.050972 0.003041
v 0.006287 -0.045987 0.003140
v 0.002942 -0.043221 0.003882
v 0.006327 -0.042079 0.003882
v 0.004534 -0.051515 0.002077
v 0.006251 -0.049461 0.002077
v 0.002566 -0.050171 0.003361
v 0.000012 -0.043221 0.003882
v 0.002942 -0.043221 0.003882
v 0.002253 -0.029403 0.004514
v 0.001521 -0.032559 0.004514
v 0.007017 -0.028890 0.004514
v 0.000012 -0.032559 0.004514
v 0.003002 -0.021654 0.004535
v 0.007082 -0.024768 0.004486
v 0.006327 -0.042079 0.003882
v 0.000595 -0.029493 0.005001
v 0.000573 -0.022182 0.005305
v 0.000012 -0.029369 0.005169
v 0.001613 -0.022182 0.005078
v 0.001667 -0.019082 0.005083
v 0.003002 -0.021654 0.004535
v 0.002253 -0.029403 0.004514
v 0.001521 -0.032559 0.004514
v 0.000012 -0.032559 0.004514
v 0.000012 -0.022182 0.005305
v 0.000012 -0.021872 0.004500
v 0.000573 -0.021872 0.004500
v 0.000573 -0.019082 0.005300
v 0.000573 -0.019082 0.004734
v 0.000012 -0.019082 0.004734
v 0.003153 -0.019082 0.004581
v 0.007159 -0.025725 0.002077
v 0.007082 -0.024768 0.004486
v 0.007017 -0.028890 0.004514
v 0.007106 -0.028890 0.002077
v 0.007106 -0.028890 0.002077
v 0.007017 -0.028890 0.004514
v 0.006327 -0.042079 0.003882
v 0.006862 -0.042079 0.002077
v 0.006251 -0.049461 0.002077
v 0.006862 -0.042079 0.002077
v 0.006287 -0.045987 0.003140
v 0.006327 -0.042079 0.003882
v 0.003153 -0.019082 0.004581
v 0.002827 -0.019082 0.002077
v 0.000012 -0.019082 0.002077
v 0.001667 -0.019082 0.005083
v 0.000573 -0.019082 0.004734
v 0.000012 -0.019082 0.004734
v 0.000573 -0.019082 0.005300
v 0.002827 -0.019082 0.002077
v 0.003153 -0.019082 0.004581
v 0.003002 -0.021654 0.004535
v 0.002795 -0.022342 0.002077
v 0.002795 -0.022342 0.002077
v 0.003002 -0.021654 0.004535
v 0.007082 -0.024768 0.004486
v 0.007159 -0.025725 0.002077
v 0.007159 -0.025725 0.002077
v 0.007106 -0.028890 0.002077
v 0.002795 -0.022342 0.002077
v 0.002942 -0.043221 0.002077
v 0.006862 -0.042079 0.002077
v 0.002566 -0.050171 0.002077
v 0.006251 -0.049461 0.002077
v 0.004534 -0.051515 0.002077
v 0.002593 -0.060268 0.002077
v 0.000012 -0.060821 0.002077
v 0.000012 -0.043221 0.002077
v 0.000012 -0.019082 0.002077
v 0.002827 -0.019082 0.002077
v 0.000012 -0.052346 0.003537
v -0.002542 -0.050171 0.003537
v -0.002140 -0.059258 0.002712
v 0.000012 -0.059974 0.002712
v -0.003603 -0.050972 0.003129
v -0.002569 -0.060268 0.002077
v -0.004510 -0.051515 0.002077
v 0.000012 -0.060821 0.002077
v -0.006263 -0.045987 0.003316
v -0.003603 -0.050972 0.003129
v -0.002918 -0.043221 0.003882
v -0.006303 -0.042079 0.003882
v -0.006227 -0.049461 0.002077
v -0.004510 -0.051515 0.002077
v -0.002542 -0.050171 0.003537
v 0.000012 -0.043221 0.003882
v -0.002918 -0.043221 0.003882
v -0.002229 -0.029403 0.004514
v -0.001497 -0.032559 0.004514
v -0.006993 -0.028890 0.004514
v 0.000012 -0.032559 0.004514
v -0.002978 -0.021654 0.004535
v -0.007058 -0.024768 0.004486
v -0.006303 -0.042079 0.003882
v -0.000549 -0.022182 0.005305
v -0.000571 -0.029493 0.005001
v 0.000012 -0.029369 0.005169
v -0.001589 -0.022182 0.005078
v -0.001643 -0.019082 0.005083
v -0.002978 -0.021654 0.004535
v -0.002229 -0.029403 0.004514
v -0.001497 -0.032559 0.004514
v 0.000012 -0.032559 0.004514
v 0.000012 -0.022182 0.005305
v 0.000012 -0.021872 0.004500
v -0.000549 -0.021872 0.004500
v -0.000549 -0.019082 0.005300
v -0.000549 -0.019082 0.004734
v 0.000012 -0.019082 0.004734
v -0.003128 -0.019082 0.004581
v -0.007135 -0.025725 0.002077
v -0.007082 -0.028890 0.002077
v -0.006993 -0.028890 0.004514
v -0.007058 -0.024768 0.004486
v -0.007082 -0.028890 0.002077
v -0.006838 -0.042079 0.002077
v -0.006303 -0.042079 0.003882
v -0.006993 -0.028890 0.004514
v -0.006838 -0.042079 0.002077
v -0.006227 -0.049461 0.002077
v -0.006263 -0.045987 0.003316
v -0.006303 -0.042079 0.003882
v -0.002803 -0.019082 0.002077
v -0.003128 -0.019082 0.004581
v 0.000012 -0.019082 0.002077
v -0.001643 -0.019082 0.005083
v -0.000549 -0.019082 0.004734
v 0.000012 -0.019082 0.004734
v -0.000549 -0.019082 0.005300
v -0.002803 -0.019082 0.002077
v -0.002771 -0.022342 0.002077
v -0.002978 -0.021654 0.004535
v -0.003128 -0.019082 0.004581
v -0.002771 -0.022342 0.002077
v -0.007135 -0.025725 0.002077
v -0.007058 -0.024768 0.004486
v -0.002978 -0.021654 0.004535
v -0.007082 -0.028890 0.002077
v -0.007135 -0.025725 0.002077
v -0.002771 -0.022342 0.002077
v -0.002918 -0.043221 0.002077
v -0.006838 -0.042079 0.002077
v -0.002542 -0.050171 0.002077
v -0.006227 -0.049461 0.002077
v -0.004510 -0.051515 0.002077
v -0.002569 -0.060268 0.002077
v 0.000012 -0.060821 0.002077
v 0.000012 -0.043221 0.002077
v 0.000012 -0.019082 0.002077
v -0.002803 -0.019082 0.002077
v -0.009003 -0.023659 0.002336
v -0.009003 -0.022112 -0.000345
v -0.008463 -0.021228 0.000917
v -0.008463 -0.022124 0.002470
v -0.008994 -0.021309 0.003976
v -0.009900 -0.024237 0.002165
v -0.009900 -0.022548 -0.000760
v -0.010900 -0.022701 0.005001
v -0.009920 -0.022252 0.004936
v -0.010837 -0.019296 0.004855
v -0.009526 -0.019596 0.003930
v -0.010837 -0.017748 0.002174
v -0.009526 -0.018700 0.002376
v -0.009920 -0.019156 -0.000426
v -0.008994 -0.019515 0.000870
v -0.011900 -0.019477 0.004913
v -0.011900 -0.017789 0.001988
v -0.010900 -0.019324 -0.000848
v -0.008700 -0.020319 0.002477
v -0.010963 -0.024277 0.001979
v -0.010963 -0.022729 -0.000702
v -0.009900 -0.022548 -0.000760
v -0.009900 -0.024237 0.002165
v -0.011880 -0.022869 0.004579
v -0.010900 -0.022701 0.005001
v -0.012797 -0.019914 0.004498
v -0.011900 -0.019477 0.004913
v -0.012797 -0.018366 0.001817
v -0.011900 -0.017789 0.001988
v -0.011880 -0.019774 -0.000783
v -0.010900 -0.019324 -0.000848
v -0.012274 -0.023326 0.001777
v -0.012274 -0.022429 0.000223
v -0.012806 -0.022510 0.003283
v -0.013337 -0.020798 0.003236
v -0.013337 -0.019901 0.001683
v -0.012806 -0.020717 0.000177
v -0.013100 -0.021706 0.001676
v -0.010567 -0.027405 -0.000320
v -0.011088 -0.026635 -0.001170
v -0.008485 -0.026795 -0.001275
v -0.010567 -0.026285 -0.002261
v -0.009039 -0.028394 0.000010
v -0.008224 -0.028448 0.000250
v -0.009039 -0.026493 -0.003283
v -0.008224 -0.026323 -0.003430
v -0.006826 -0.025105 -0.001580
v -0.006582 -0.025215 -0.000350
v -0.008485 -0.026795 -0.001275
v -0.006826 -0.026226 0.000361
v -0.007553 -0.027926 0.000281
v -0.007553 -0.026025 -0.003013
v -0.008224 -0.026323 -0.003430
v -0.008224 -0.028448 0.000250
v -0.010567 -0.027405 -0.000320
v -0.010969 -0.027150 0.000767
v -0.011935 -0.026009 -0.000808
v -0.011088 -0.026635 -0.001170
v -0.010567 -0.026285 -0.002261
v -0.010969 -0.025216 -0.002583
v -0.009538 -0.025313 -0.002889
v -0.009538 -0.027463 0.000835
v -0.009039 -0.028394 0.000010
v -0.008224 -0.028448 0.000250
v -0.008674 -0.027515 0.001109
v -0.009039 -0.026493 -0.003283
v -0.008674 -0.025113 -0.003052
v -0.008224 -0.026323 -0.003430
v -0.006826 -0.026226 0.000361
v -0.007009 -0.025902 0.001487
v -0.007954 -0.026963 0.001123
v -0.006398 -0.024264 0.000199
v -0.006582 -0.025215 -0.000350
v -0.006826 -0.025105 -0.001580
v -0.007009 -0.023967 -0.001863
v -0.007954 -0.024813 -0.002600
v -0.007553 -0.027926 0.000281
v -0.007553 -0.026025 -0.003013
v -0.008224 -0.026323 -0.003430
v -0.008674 -0.025113 -0.003052
v -0.008674 -0.027515 0.001109
v -0.008224 -0.028448 0.000250
v -0.007954 -0.024813 -0.002600
v -0.009167 -0.023577 -0.003006
v -0.007009 -0.023967 -0.001863
v -0.008674 -0.025113 -0.003052
v -0.008077 -0.021205 -0.000138
v -0.010160 -0.021182 -0.001696
v -0.008717 -0.020167 0.000813
v -0.006398 -0.024264 0.000199
v -0.007571 -0.021957 0.001531
v -0.008519 -0.020863 0.002163
v -0.010677 -0.021543 0.001770
v -0.010677 -0.020723 0.000350
v -0.008717 -0.021684 0.003441
v -0.010677 -0.022363 0.003190
v -0.008077 -0.023027 0.003017
v -0.010160 -0.024364 0.003816
v -0.009167 -0.026696 0.002397
v -0.007009 -0.025902 0.001487
v -0.007954 -0.026963 0.001123
v -0.008674 -0.027515 0.001109
v -0.011935 -0.026009 -0.000808
v -0.010969 -0.027150 0.000767
v -0.012244 -0.024341 0.002259
v -0.012750 -0.023589 0.000589
v -0.012636 -0.022920 0.002728
v -0.010160 -0.024364 0.003816
v -0.009167 -0.026696 0.002397
v -0.009538 -0.027463 0.000835
v -0.008674 -0.027515 0.001109
v -0.012244 -0.022519 -0.000897
v -0.010969 -0.025216 -0.002583
v -0.009167 -0.023577 -0.003006
v -0.010160 -0.021182 -0.001696
v -0.009538 -0.025313 -0.002889
v -0.008674 -0.025113 -0.003052
v -0.012636 -0.021402 0.000099
v -0.010677 -0.020723 0.000350
v -0.010677 -0.021543 0.001770
v -0.012835 -0.022223 0.001377
v -0.010677 -0.022363 0.003190
v -0.010005 -0.028326 -0.000921
v -0.010005 -0.027265 -0.002759
v -0.008926 -0.029604 -0.004041
v -0.008926 -0.030609 -0.002300
v -0.008278 -0.028312 0.000313
v -0.007291 -0.030596 -0.001132
v -0.007291 -0.028586 -0.004613
v -0.008278 -0.026190 -0.003363
v -0.006970 -0.030353 -0.003313
v -0.006551 -0.027237 -0.000292
v -0.008278 -0.028312 0.000313
v -0.007291 -0.030596 -0.001132
v -0.005655 -0.029578 -0.001704
v -0.006551 -0.026176 -0.002130
v -0.005655 -0.028573 -0.003445
v -0.008278 -0.026190 -0.003363
v -0.007291 -0.028586 -0.004613
v -0.006970 -0.030353 -0.003313
v -0.009756 -0.027882 -0.000909
v -0.009756 -0.027033 -0.002380
v -0.010005 -0.027265 -0.002759
v -0.010005 -0.028326 -0.000921
v -0.008374 -0.027871 0.000077
v -0.008278 -0.028312 0.000313
v -0.008278 -0.026190 -0.003363
v -0.008374 -0.026173 -0.002864
v -0.006992 -0.027011 -0.000406
v -0.008374 -0.027871 0.000077
v -0.008278 -0.028312 0.000313
v -0.006551 -0.027237 -0.000292
v -0.006992 -0.026162 -0.001877
v -0.006551 -0.026176 -0.002130
v -0.008374 -0.026173 -0.002864
v -0.008278 -0.026190 -0.003363
v -0.010126 -0.027854 -0.000692
v -0.010126 -0.026830 -0.002464
v -0.009756 -0.027033 -0.002380
v -0.009756 -0.027882 -0.000909
v -0.008460 -0.027840 0.000498
v -0.008374 -0.027871 0.000077
v -0.008374 -0.026173 -0.002864
v -0.008460 -0.025794 -0.003047
v -0.006795 -0.026804 -0.000085
v -0.008460 -0.027840 0.000498
v -0.008374 -0.027871 0.000077
v -0.006992 -0.027011 -0.000406
v -0.006795 -0.025780 -0.001858
v -0.006992 -0.026162 -0.001877
v -0.008460 -0.025794 -0.003047
v -0.008374 -0.026173 -0.002864
v -0.010538 -0.026255 0.000085
v -0.010538 -0.025358 -0.001468
v -0.010126 -0.026830 -0.002464
v -0.010126 -0.027854 -0.000692
v -0.009078 -0.026244 0.001127
v -0.008460 -0.027840 0.000498
v -0.008460 -0.025794 -0.003047
v -0.009078 -0.024450 -0.001979
v -0.009399 -0.024585 0.000014
v -0.007619 -0.025335 0.000616
v -0.009078 -0.026244 0.001127
v -0.008460 -0.027840 0.000498
v -0.006795 -0.026804 -0.000085
v -0.007619 -0.024438 -0.000937
v -0.006795 -0.025780 -0.001858
v -0.009078 -0.024450 -0.001979
v -0.008460 -0.025794 -0.003047
v -0.009399 -0.024585 0.000014
v 0.008604 -0.029908 -0.004055
v 0.008646 -0.029927 -0.001480
v 0.006713 -0.031812 -0.001462
v 0.006671 -0.031794 -0.004037
v 0.006756 -0.031831 0.001113
v 0.008689 -0.029945 0.001095
v 0.008659 -0.027115 -0.001460
v 0.008687 -0.027128 0.000274
v 0.008630 -0.027103 -0.003193
v 0.008626 -0.024908 -0.004019
v 0.008711 -0.024945 0.001131
v 0.002379 -0.046173 -0.001495
v 0.000147 -0.046150 -0.003386
v 0.004548 -0.046168 -0.003459
v 0.000178 -0.046164 -0.001459
v 0.000210 -0.046178 0.000468
v 0.004612 -0.046196 0.000395
v 0.004580 -0.046182 -0.001532
v -0.002219 -0.026864 -0.004191
v -0.001268 -0.044768 -0.004337
v -0.001220 -0.044790 -0.001426
v -0.002171 -0.026885 -0.001279
v -0.002122 -0.026906 0.001641
v -0.001172 -0.044811 0.001495
v 0.000504 -0.018389 -0.001261
v 0.000456 -0.018368 -0.004173
v 0.000552 -0.018411 0.001659
v 0.002513 -0.018142 0.002245
v 0.003629 -0.044857 0.001489
v 0.002401 -0.018092 -0.004574
v 0.003531 -0.044813 -0.004468
v 0.003978 -0.023444 -0.004766
v -0.000791 -0.045526 -0.004182
v -0.000746 -0.045546 -0.001439
v -0.000791 -0.045526 -0.004182
v 0.004770 -0.045566 -0.004275
v 0.004731 -0.044825 -0.004488
v 0.006114 -0.031789 -0.004416
v 0.008044 -0.029903 -0.004434
v 0.008065 -0.025060 -0.004399
v 0.008626 -0.024908 -0.004019
v 0.003987 -0.023088 -0.004316
v 0.008604 -0.029908 -0.004055
v 0.006671 -0.031794 -0.004037
v 0.006114 -0.031789 -0.004416
v 0.006126 -0.044260 -0.004119
v 0.005571 -0.043862 -0.004495
v 0.005571 -0.043862 -0.004495
v 0.006126 -0.044260 -0.004119
v -0.000700 -0.045567 0.001309
v 0.004861 -0.045606 0.001217
v 0.004829 -0.044868 0.001469
v 0.004091 -0.023494 0.002053
v 0.006212 -0.031832 0.001541
v 0.008163 -0.025104 0.001558
v 0.008142 -0.029946 0.001523
v 0.008711 -0.024945 0.001131
v 0.004085 -0.023131 0.001597
v 0.005681 -0.043906 0.001462
v 0.006220 -0.044298 0.001031
v 0.006756 -0.031831 0.001113
v 0.008142 -0.029946 0.001523
v 0.008689 -0.029945 0.001095
v 0.008711 -0.024945 0.001131
v 0.008163 -0.025104 0.001558
v 0.003830 -0.018147 0.002223
v 0.000504 -0.018389 -0.001261
v 0.001084 -0.018392 -0.001271
v 0.001046 -0.018375 -0.003599
v 0.000456 -0.018368 -0.004173
v 0.000552 -0.018411 0.001659
v 0.001123 -0.018409 0.001066
v 0.003725 -0.018101 -0.004138
v 0.002401 -0.018092 -0.004574
v 0.003718 -0.018098 -0.004596
v 0.003823 -0.018144 0.001775
v 0.003830 -0.018147 0.002223
v 0.002513 -0.018142 0.002245
v 0.001046 -0.018375 -0.003599
v 0.001084 -0.018392 -0.001271
v 0.003774 -0.018123 -0.001187
v 0.003725 -0.018101 -0.004138
v 0.003987 -0.023088 -0.004316
v 0.004036 -0.023109 -0.001354
v 0.004021 -0.026467 -0.001378
v 0.003993 -0.026454 -0.003112
v 0.008630 -0.027103 -0.003193
v 0.008659 -0.027115 -0.001460
v 0.008626 -0.024908 -0.004019
v 0.006168 -0.044279 -0.001544
v 0.006126 -0.044260 -0.004119
v 0.006671 -0.031794 -0.004037
v 0.006713 -0.031812 -0.001462
v 0.006220 -0.044298 0.001031
v 0.006756 -0.031831 0.001113
v 0.005278 -0.046104 -0.004119
v 0.005320 -0.046123 -0.001543
v 0.005363 -0.046141 0.001032
v 0.003725 -0.018101 -0.004138
v 0.003987 -0.023088 -0.004316
v 0.003978 -0.023444 -0.004766
v 0.003718 -0.018098 -0.004596
v 0.004085 -0.023131 0.001597
v 0.003823 -0.018144 0.001775
v 0.003830 -0.018147 0.002223
v 0.004091 -0.023494 0.002053
v 0.008659 -0.027115 -0.001460
v 0.004021 -0.026467 -0.001378
v 0.004050 -0.026480 0.000355
v 0.008687 -0.027128 0.000274
v 0.004085 -0.023131 0.001597
v 0.004036 -0.023109 -0.001354
v 0.003774 -0.018123 -0.001187
v 0.003823 -0.018144 0.001775
v 0.001123 -0.018409 0.001066
v 0.001084 -0.018392 -0.001271
v 0.008711 -0.024945 0.001131
v -0.000746 -0.045546 -0.001439
v -0.000562 -0.046098 -0.001446
v -0.000519 -0.046116 0.001129
v -0.000700 -0.045567 0.001309
v -0.000791 -0.045526 -0.004182
v -0.000604 -0.046079 -0.004022
v -0.000604 -0.046079 -0.004022
v -0.000791 -0.045526 -0.004182
v 0.004770 -0.045566 -0.004275
v 0.005278 -0.046104 -0.004119
v 0.006126 -0.044260 -0.004119
v -0.000080 -0.046572 0.000727
v -0.000342 -0.045974 0.000970
v -0.000382 -0.045956 -0.001448
v -0.000116 -0.046556 -0.001457
v 0.004907 -0.046593 0.000644
v 0.005181 -0.045997 0.000879
v 0.004871 -0.046577 -0.001539
v 0.005142 -0.045980 -0.001539
v 0.004835 -0.046561 -0.003723
v 0.005102 -0.045962 -0.003958
v -0.000152 -0.046540 -0.003640
v -0.000422 -0.045939 -0.003867
v -0.000382 -0.045956 -0.001448
v -0.000342 -0.045974 0.000970
v -0.000519 -0.046116 0.001129
v -0.000562 -0.046098 -0.001446
v 0.005363 -0.046141 0.001032
v 0.005181 -0.045997 0.000879
v -0.000422 -0.045939 -0.003867
v -0.000604 -0.046079 -0.004022
v 0.005102 -0.045962 -0.003958
v 0.005278 -0.046104 -0.004119
v 0.005142 -0.045980 -0.001539
v 0.005320 -0.046123 -0.001543
v 0.005363 -0.046141 0.001032
v 0.005181 -0.045997 0.000879
v 0.005278 -0.046104 -0.004119
v 0.005102 -0.045962 -0.003958
v 0.004612 -0.046196 0.000395
v 0.004907 -0.046593 0.000644
v -0.000080 -0.046572 0.000727
v 0.000210 -0.046178 0.000468
v -0.000116 -0.046556 -0.001457
v 0.000178 -0.046164 -0.001459
v -0.000152 -0.046540 -0.003640
v 0.000147 -0.046150 -0.003386
v 0.004835 -0.046561 -0.003723
v 0.004548 -0.046168 -0.003459
v 0.004871 -0.046577 -0.001539
v 0.004580 -0.046182 -0.001532
v -0.000700 -0.045567 0.001309
v -0.000519 -0.046116 0.001129
v 0.005363 -0.046141 0.001032
v 0.004861 -0.045606 0.001217
v 0.006220 -0.044298 0.001031
v 0.003718 -0.018098 -0.004596
v 0.009027 -0.023659 0.002336
v 0.008487 -0.022124 0.002470
v 0.008487 -0.021228 0.000917
v 0.009027 -0.022112 -0.000345
v 0.009018 -0.021309 0.003976
v 0.009924 -0.024237 0.002165
v 0.009924 -0.022548 -0.000760
v 0.010924 -0.022701 0.005001
v 0.009944 -0.022252 0.004936
v 0.010861 -0.019296 0.004855
v 0.009550 -0.019596 0.003930
v 0.010861 -0.017748 0.002174
v 0.009550 -0.018700 0.002376
v 0.009944 -0.019156 -0.000426
v 0.009018 -0.019515 0.000870
v 0.011924 -0.019477 0.004913
v 0.011924 -0.017789 0.001988
v 0.010924 -0.019324 -0.000848
v 0.008724 -0.020319 0.002477
v 0.010987 -0.024277 0.001979
v 0.009924 -0.024237 0.002165
v 0.009924 -0.022548 -0.000760
v 0.010987 -0.022729 -0.000702
v 0.011904 -0.022869 0.004579
v 0.010924 -0.022701 0.005001
v 0.012821 -0.019914 0.004498
v 0.011924 -0.019477 0.004913
v 0.012821 -0.018366 0.001817
v 0.011924 -0.017789 0.001988
v 0.011904 -0.019774 -0.000783
v 0.010924 -0.019324 -0.000848
v 0.012298 -0.023326 0.001777
v 0.012298 -0.022429 0.000223
v 0.012830 -0.022510 0.003283
v 0.013361 -0.020798 0.003236
v 0.013361 -0.019901 0.001683
v 0.012830 -0.020717 0.000177
v 0.013124 -0.021706 0.001676
v 0.011112 -0.026635 -0.001170
v 0.010591 -0.027405 -0.000320
v 0.008509 -0.026795 -0.001275
v 0.010591 -0.026285 -0.002261
v 0.009063 -0.028394 0.000010
v 0.008248 -0.028448 0.000250
v 0.009063 -0.026493 -0.003283
v 0.008248 -0.026323 -0.003430
v 0.006606 -0.025215 -0.000350
v 0.006850 -0.025105 -0.001580
v 0.008509 -0.026795 -0.001275
v 0.006850 -0.026226 0.000361
v 0.007577 -0.027926 0.000281
v 0.007577 -0.026025 -0.003013
v 0.008248 -0.026323 -0.003430
v 0.008248 -0.028448 0.000250
v 0.010591 -0.027405 -0.000320
v 0.011112 -0.026635 -0.001170
v 0.011959 -0.026009 -0.000808
v 0.010993 -0.027150 0.000767
v 0.010591 -0.026285 -0.002261
v 0.010993 -0.025216 -0.002583
v 0.009562 -0.025313 -0.002889
v 0.009562 -0.027463 0.000835
v 0.009063 -0.028394 0.000010
v 0.008248 -0.028448 0.000250
v 0.008698 -0.027515 0.001109
v 0.009063 -0.026493 -0.003283
v 0.008698 -0.025113 -0.003052
v 0.008248 -0.026323 -0.003430
v 0.007033 -0.025902 0.001487
v 0.006850 -0.026226 0.000361
v 0.007978 -0.026963 0.001123
v 0.006422 -0.024264 0.000199
v 0.006606 -0.025215 -0.000350
v 0.006850 -0.025105 -0.001580
v 0.007033 -0.023967 -0.001863
v 0.007978 -0.024813 -0.002600
v 0.007577 -0.027926 0.000281
v 0.007577 -0.026025 -0.003013
v 0.008248 -0.026323 -0.003430
v 0.008698 -0.025113 -0.003052
v 0.008698 -0.027515 0.001109
v 0.008248 -0.028448 0.000250
v 0.009191 -0.023577 -0.003006
v 0.007978 -0.024813 -0.002600
v 0.007033 -0.023967 -0.001863
v 0.008698 -0.025113 -0.003052
v 0.008101 -0.021205 -0.000138
v 0.010184 -0.021182 -0.001696
v 0.008742 -0.020167 0.000813
v 0.006422 -0.024264 0.000199
v 0.007595 -0.021957 0.001531
v 0.008543 -0.020863 0.002163
v 0.010701 -0.021543 0.001770
v 0.010701 -0.020723 0.000350
v 0.008742 -0.021684 0.003441
v 0.010701 -0.022363 0.003190
v 0.008101 -0.023027 0.003017
v 0.010184 -0.024364 0.003816
v 0.009191 -0.026696 0.002397
v 0.007033 -0.025902 0.001487
v 0.007978 -0.026963 0.001123
v 0.008698 -0.027515 0.001109
v 0.010993 -0.027150 0.000767
v 0.011959 -0.026009 -0.000808
v 0.012268 -0.024341 0.002259
v 0.012774 -0.023589 0.000589
v 0.012660 -0.022920 0.002728
v 0.010184 -0.024364 0.003816
v 0.009191 -0.026696 0.002397
v 0.009562 -0.027463 0.000835
v 0.008698 -0.027515 0.001109
v 0.012268 -0.022519 -0.000897
v 0.010993 -0.025216 -0.002583
v 0.009191 -0.023577 -0.003006
v 0.010184 -0.021182 -0.001696
v 0.009562 -0.025313 -0.002889
v 0.008698 -0.025113 -0.003052
v 0.012660 -0.021402 0.000099
v 0.010701 -0.020723 0.000350
v 0.010701 -0.021543 0.001770
v 0.012859 -0.022223 0.001377
v 0.010701 -0.022363 0.003190
v 0.010029 -0.028326 -0.000921
v 0.008951 -0.030609 -0.002300
v 0.008951 -0.029604 -0.004041
v 0.010029 -0.027265 -0.002759
v 0.008302 -0.028312 0.000313
v 0.007315 -0.030596 -0.001132
v 0.007315 -0.028586 -0.004613
v 0.008302 -0.026190 -0.003363
v 0.006994 -0.030353 -0.003313
v 0.006575 -0.027237 -0.000292
v 0.005679 -0.029578 -0.001704
v 0.007315 -0.030596 -0.001132
v 0.008302 -0.028312 0.000313
v 0.006575 -0.026176 -0.002130
v 0.005679 -0.028573 -0.003445
v 0.008302 -0.026190 -0.003363
v 0.007315 -0.028586 -0.004613
v 0.006994 -0.030353 -0.003313
v 0.009780 -0.027882 -0.000909
v 0.010029 -0.028326 -0.000921
v 0.010029 -0.027265 -0.002759
v 0.009780 -0.027033 -0.002380
v 0.008398 -0.027871 0.000077
v 0.008302 -0.028312 0.000313
v 0.008302 -0.026190 -0.003363
v 0.008398 -0.026173 -0.002864
v 0.007016 -0.027011 -0.000406
v 0.006575 -0.027237 -0.000292
v 0.008302 -0.028312 0.000313
v 0.008398 -0.027871 0.000077
v 0.007016 -0.026162 -0.001877
v 0.006575 -0.026176 -0.002130
v 0.008398 -0.026173 -0.002864
v 0.008302 -0.026190 -0.003363
v 0.010150 -0.027854 -0.000692
v 0.009780 -0.027882 -0.000909
v 0.009780 -0.027033 -0.002380
v 0.010150 -0.026830 -0.002464
v 0.008485 -0.027840 0.000498
v 0.008398 -0.027871 0.000077
v 0.008398 -0.026173 -0.002864
v 0.008485 -0.025794 -0.003047
v 0.006819 -0.026804 -0.000085
v 0.007016 -0.027011 -0.000406
v 0.008398 -0.027871 0.000077
v 0.008485 -0.027840 0.000498
v 0.006819 -0.025780 -0.001858
v 0.007016 -0.026162 -0.001877
v 0.008485 -0.025794 -0.003047
v 0.008398 -0.026173 -0.002864
v 0.010562 -0.026255 0.000085
v 0.010150 -0.027854 -0.000692
v 0.010150 -0.026830 -0.002464
v 0.010562 -0.025358 -0.001468
v 0.009102 -0.026244 0.001127
v 0.008485 -0.027840 0.000498
v 0.008485 -0.025794 -0.003047
v 0.009102 -0.024450 -0.001979
v 0.009423 -0.024585 0.000014
v 0.007643 -0.025335 0.000616
v 0.006819 -0.026804 -0.000085
v 0.008485 -0.027840 0.000498
v 0.009102 -0.026244 0.001127
v 0.007643 -0.024438 -0.000937
v 0.006819 -0.025780 -0.001858
v 0.009102 -0.024450 -0.001979
v 0.008485 -0.025794 -0.003047
v 0.009423 -0.024585 0.000014
v 0.008878 -0.018492 0.006211
v 0.007202 -0.020766 0.005131
v 0.009176 -0.020766 0.007914
v 0.009027 -0.015453 0.005398
v 0.007237 -0.015453 0.004650
v 0.007084 -0.021824 0.004287
v 0.007173 -0.015453 0.002968
v 0.006857 -0.020487 0.003267
v 0.007855 -0.028912 0.006735
v 0.009176 -0.025958 0.007917
v 0.006888 -0.027712 0.004350
v 0.009176 -0.025958 0.007917
v 0.010924 -0.025958 0.007912
v 0.010924 -0.020766 0.007914
v 0.009176 -0.020766 0.007914
v 0.012672 -0.025958 0.007917
v 0.012672 -0.020766 0.007914
v 0.010924 -0.025958 0.007912
v 0.009176 -0.025958 0.007917
v 0.010924 -0.028912 0.006735
v 0.008298 -0.028912 0.006735
v 0.007855 -0.028912 0.006735
v 0.010924 -0.028912 0.006735
v 0.012672 -0.025958 0.007917
v 0.013550 -0.028912 0.006735
v 0.013993 -0.028912 0.006735
v 0.010924 -0.020766 0.007914
v 0.010924 -0.018492 0.006211
v 0.009176 -0.020766 0.007914
v 0.012672 -0.020766 0.007914
v 0.008878 -0.018492 0.006211
v 0.012970 -0.018492 0.006211
v 0.010924 -0.015453 0.005680
v 0.010924 -0.015453 0.002968
v 0.009557 -0.015453 0.005680
v 0.009027 -0.015453 0.005398
v 0.009241 -0.015453 0.002968
v 0.007324 -0.015453 0.002968
v 0.007237 -0.015453 0.004650
v 0.007173 -0.015453 0.002968
v 0.007324 -0.015453 0.001839
v 0.007324 -0.016024 -0.000123
v 0.007718 -0.016362 -0.001041
v 0.008521 -0.016362 -0.001041
v 0.006783 -0.024279 0.002534
v 0.006653 -0.027172 0.002743
v 0.006653 -0.027340 0.003358
v 0.006783 -0.022921 0.003298
v 0.006830 -0.021456 0.002125
v 0.006769 -0.022258 0.000595
v 0.007324 -0.016024 -0.000123
v 0.007324 -0.015453 0.001839
v 0.007049 -0.027041 0.002212
v 0.007185 -0.025201 0.002006
v 0.007185 -0.025201 0.002006
v 0.007151 -0.022840 -0.000271
v 0.007151 -0.022840 -0.000271
v 0.007718 -0.016362 -0.001041
v 0.007185 -0.025201 0.002006
v 0.007151 -0.022840 -0.000271
v 0.008769 -0.021627 0.001619
v 0.008521 -0.016362 -0.001041
v 0.009241 -0.015453 0.002968
v 0.008439 -0.027500 0.004308
v 0.007049 -0.027041 0.002212
v 0.007160 -0.027718 0.002771
v 0.008171 -0.029018 0.006208
v 0.010924 -0.015453 0.002968
v 0.010924 -0.021627 0.001617
v 0.008769 -0.021627 0.001619
v 0.009241 -0.015453 0.002968
v 0.008439 -0.027500 0.004308
v 0.010924 -0.027500 0.004307
v 0.006857 -0.020487 0.003267
v 0.007173 -0.015453 0.002968
v 0.007324 -0.015453 0.002968
v 0.007072 -0.020487 0.003267
v 0.006783 -0.022921 0.003298
v 0.007324 -0.015453 0.002968
v 0.007324 -0.015453 0.001839
v 0.006830 -0.021456 0.002125
v 0.007072 -0.020487 0.003267
v 0.006783 -0.022921 0.003298
v 0.007084 -0.021824 0.004287
v 0.006857 -0.020487 0.003267
v 0.006783 -0.022921 0.003298
v 0.006783 -0.022921 0.003298
v 0.006653 -0.027340 0.003358
v 0.006888 -0.027712 0.004350
v 0.007084 -0.021824 0.004287
v 0.007160 -0.027718 0.002771
v 0.006653 -0.027172 0.002743
v 0.007049 -0.027041 0.002212
v 0.008171 -0.029018 0.006208
v 0.007855 -0.028912 0.006735
v 0.008298 -0.028912 0.006735
v 0.015065 -0.022921 0.003298
v 0.014991 -0.020487 0.003267
v 0.014764 -0.021824 0.004287
v 0.015195 -0.027340 0.003358
v 0.014960 -0.027712 0.004350
v 0.010924 -0.015453 0.005680
v 0.012291 -0.015453 0.005680
v 0.010924 -0.015453 0.002968
v 0.012821 -0.015453 0.005398
v 0.012607 -0.015453 0.002968
v 0.014501 -0.015453 0.002968
v 0.014501 -0.015453 0.001839
v 0.014675 -0.015453 0.002968
v 0.014675 -0.015453 0.003850
v 0.014501 -0.016115 -0.000411
v 0.014107 -0.016362 -0.001041
v 0.013304 -0.016362 -0.001041
v 0.015065 -0.024279 0.002534
v 0.015065 -0.022921 0.003298
v 0.015195 -0.027340 0.003358
v 0.015195 -0.027172 0.002743
v 0.015079 -0.022258 0.000595
v 0.015018 -0.021456 0.002125
v 0.014501 -0.016115 -0.000411
v 0.014501 -0.015453 0.001839
v 0.014107 -0.016362 -0.001041
v 0.014674 -0.022840 -0.000271
v 0.014663 -0.025201 0.002006
v 0.014674 -0.022840 -0.000271
v 0.014663 -0.025201 0.002006
v 0.014799 -0.027041 0.002212
v 0.014674 -0.022840 -0.000271
v 0.013079 -0.021627 0.001619
v 0.013304 -0.016362 -0.001041
v 0.012607 -0.015453 0.002968
v 0.014663 -0.025201 0.002006
v 0.013409 -0.027500 0.004308
v 0.014799 -0.027041 0.002212
v 0.014688 -0.027718 0.002771
v 0.013677 -0.029018 0.006208
v 0.012607 -0.015453 0.002968
v 0.013079 -0.021627 0.001619
v 0.010924 -0.021627 0.001617
v 0.010924 -0.015453 0.002968
v 0.010924 -0.027500 0.004307
v 0.013409 -0.027500 0.004308
v 0.014991 -0.020487 0.003267
v 0.014776 -0.020487 0.003267
v 0.014501 -0.015453 0.002968
v 0.014675 -0.015453 0.002968
v 0.015065 -0.022921 0.003298
v 0.014501 -0.015453 0.002968
v 0.014776 -0.020487 0.003267
v 0.015018 -0.021456 0.002125
v 0.014501 -0.015453 0.001839
v 0.015065 -0.022921 0.003298
v 0.008878 -0.018492 0.006211
v 0.010924 -0.018492 0.006211
v 0.010924 -0.015453 0.005680
v 0.012970 -0.018492 0.006211
v 0.009557 -0.015453 0.005680
v 0.012291 -0.015453 0.005680
v 0.009027 -0.015453 0.005398
v 0.012821 -0.015453 0.005398
v 0.012672 -0.020766 0.007914
v 0.014764 -0.021824 0.004287
v 0.012970 -0.018492 0.006211
v 0.014567 -0.025958 0.005131
v 0.012672 -0.025958 0.007917
v 0.013993 -0.028912 0.006735
v 0.014960 -0.027712 0.004350
v 0.014675 -0.015453 0.003850
v 0.014675 -0.015453 0.002968
v 0.014991 -0.020487 0.003267
v 0.012821 -0.015453 0.005398
v 0.008171 -0.029018 0.006208
v 0.010924 -0.029018 0.006208
v 0.010924 -0.028912 0.006735
v 0.008298 -0.028912 0.006735
v 0.010924 -0.027500 0.004307
v 0.008439 -0.027500 0.004308
v 0.013677 -0.029018 0.006208
v 0.013550 -0.028912 0.006735
v 0.010924 -0.028912 0.006735
v 0.010924 -0.029018 0.006208
v 0.013409 -0.027500 0.004308
v 0.010924 -0.027500 0.004307
v 0.007151 -0.022840 -0.000271
v 0.007718 -0.016362 -0.001041
v 0.008521 -0.016362 -0.001041
v 0.014107 -0.016362 -0.001041
v 0.014674 -0.022840 -0.000271
v 0.013304 -0.016362 -0.001041
v 0.013550 -0.028912 0.006735
v 0.013677 -0.029018 0.006208
v 0.013993 -0.028912 0.006735
v 0.014960 -0.027712 0.004350
v 0.014688 -0.027718 0.002771
v 0.015195 -0.027340 0.003358
v 0.015195 -0.027172 0.002743
v 0.014799 -0.027041 0.002212
v 0.007173 -0.015453 0.002968
v 0.007237 -0.015453 0.004650
v 0.007403 -0.012934 0.004548
v 0.009027 -0.015453 0.005392
v 0.009647 -0.011452 0.004994
v 0.009557 -0.015453 0.005674
v 0.010924 -0.015453 0.005674
v 0.010924 -0.011452 0.004994
v 0.010924 -0.010095 0.004861
v 0.010924 -0.007077 0.003929
v 0.012201 -0.011452 0.004994
v 0.012291 -0.015453 0.005674
v 0.012821 -0.015453 0.005392
v 0.014334 -0.012934 0.003926
v 0.014675 -0.015453 0.003850
v 0.013386 -0.009652 0.003929
v 0.008462 -0.009652 0.003929
v 0.014675 -0.015453 0.002968
v 0.010962 -0.015453 0.005404
v 0.010924 -0.015453 0.005674
v 0.009557 -0.015453 0.005674
v 0.009632 -0.015453 0.005404
v 0.009027 -0.015453 0.005392
v 0.010188 -0.017161 0.004421
v 0.010992 -0.017161 0.004421
v 0.007905 -0.015453 0.002937
v 0.009145 -0.017161 0.002930
v 0.009184 -0.015453 0.001278
v 0.007173 -0.015453 0.002968
v 0.008743 -0.015453 0.000932
v 0.011025 -0.015453 0.000649
v 0.011001 -0.015453 0.000159
v 0.009918 -0.017161 0.001927
v 0.011030 -0.017161 0.001547
v 0.007237 -0.015453 0.004650
v 0.011001 -0.017809 0.002968
v 0.010974 -0.012934 0.000249
v 0.011001 -0.015453 0.000159
v 0.008743 -0.015453 0.000932
v 0.008743 -0.012934 0.000932
v 0.007403 -0.012934 0.004548
v 0.007173 -0.015453 0.002968
v 0.012291 -0.015453 0.005674
v 0.010924 -0.015453 0.005674
v 0.010962 -0.015453 0.005404
v 0.012292 -0.015453 0.005404
v 0.012821 -0.015453 0.005392
v 0.011796 -0.017161 0.004421
v 0.012839 -0.017161 0.002930
v 0.014018 -0.015453 0.002937
v 0.010992 -0.017161 0.004421
v 0.012155 -0.017161 0.001927
v 0.012886 -0.015453 0.001278
v 0.014675 -0.015453 0.002968
v 0.013286 -0.015453 0.000932
v 0.011025 -0.015453 0.000649
v 0.011001 -0.015453 0.000159
v 0.011030 -0.017161 0.001547
v 0.014675 -0.015453 0.003850
v 0.011001 -0.017809 0.002968
v 0.011001 -0.015453 0.000159
v 0.010974 -0.012934 0.000249
v 0.013286 -0.012934 0.000932
v 0.013286 -0.015453 0.000932
v 0.014675 -0.015453 0.002968
v 0.014334 -0.012934 0.003926
v 0.010924 -0.007077 0.003929
v 0.013386 -0.009652 0.003929
v 0.010974 -0.012934 0.003488
v 0.014334 -0.012934 0.003926
v 0.008462 -0.009652 0.003929
v 0.010924 -0.007077 0.003929
v 0.010974 -0.012934 0.003488
v 0.007403 -0.012934 0.004548
v 0.010974 -0.012934 0.000249
v 0.008743 -0.012934 0.000932
v 0.010974 -0.012934 0.003488
v 0.007403 -0.012934 0.004548
v 0.010974 -0.012934 0.000249
v 0.010974 -0.012934 0.003488
v 0.013286 -0.012934 0.000932
v 0.014334 -0.012934 0.003926
v 0.010924 0.004955 0.003288
v 0.008472 0.006616 0.003358
v 0.008462 -0.009652 0.003929
v 0.010924 -0.007077 0.003929
v 0.003715 -0.002778 0.004461
v 0.003537 -0.007902 0.004438
v 0.004244 0.007383 0.003793
v 0.007403 -0.012934 0.004548
v 0.003374 -0.012934 0.004544
v 0.010924 -0.012049 0.004548
v 0.004446 0.010790 0.003569
v 0.007848 0.008557 0.003428
v 0.003374 -0.014637 0.004577
v 0.007185 -0.017751 0.004683
v 0.007403 -0.012934 0.004548
v 0.003824 0.012147 0.001395
v 0.007848 0.009914 0.001255
v 0.007848 0.008789 0.000379
v 0.003859 0.011021 0.000519
v 0.007848 0.008750 0.002471
v 0.004072 0.010983 0.002612
v 0.003824 0.012147 0.001395
v 0.003859 0.011021 0.000519
v 0.003655 0.010790 0.002518
v 0.004072 0.010983 0.002612
v 0.004446 0.010790 0.003569
v 0.002075 0.009420 0.004619
v 0.002797 0.009420 0.006052
v 0.000954 0.009420 0.005234
v 0.001442 0.009420 0.007130
v 0.000012 0.009420 0.007450
v 0.000012 0.009420 0.005498
v 0.003020 -0.020079 -0.001285
v 0.003020 -0.018896 -0.002904
v 0.007178 -0.018896 -0.002904
v 0.007178 -0.020079 -0.001285
v 0.003374 -0.014637 0.004071
v 0.003374 -0.014637 0.004577
v 0.003374 -0.012934 0.004544
v 0.003520 -0.006530 -0.003891
v 0.003020 -0.018896 -0.002904
v 0.003020 -0.020079 -0.001285
v 0.003020 -0.020079 0.004071
v 0.003020 -0.020079 0.002635
v 0.003537 -0.007902 0.004438
v 0.003715 -0.002778 0.004461
v 0.003859 0.009149 -0.001941
v 0.003655 0.010790 0.002518
v 0.002257 0.002563 0.004403
v 0.002075 0.009420 0.004619
v 0.000954 0.009420 0.005234
v 0.001045 0.002707 0.005018
v 0.000012 0.002761 0.005254
v 0.000012 0.009420 0.005498
v 0.003859 0.011021 0.000519
v 0.002797 0.002821 0.006052
v 0.001431 0.002965 0.007031
v 0.001045 0.002707 0.005018
v 0.000012 0.002761 0.005254
v 0.000012 0.003019 0.007222
v 0.002257 0.002563 0.004403
v 0.002257 0.002563 0.004403
v 0.003715 -0.002778 0.004461
v 0.002797 0.002821 0.006052
v 0.010924 0.004955 0.003288
v 0.010924 -0.007077 0.003929
v 0.010924 -0.002671 0.001273
v 0.010924 -0.006004 0.001323
v 0.010924 -0.012049 0.004548
v 0.010924 -0.013223 -0.000545
v 0.010924 -0.012829 0.001167
v 0.010924 0.001673 -0.001356
v 0.010924 0.005175 0.000352
v 0.010924 -0.006530 -0.002188
v 0.010924 0.006306 0.001171
v 0.010924 0.005146 0.002348
v 0.007741 0.006176 -0.003299
v 0.007741 -0.006294 -0.004088
v 0.006904 -0.006294 -0.004065
v 0.006904 0.006836 -0.003452
v 0.008472 0.006828 0.000422
v 0.008840 0.002074 -0.001922
v 0.007741 0.006176 -0.003299
v 0.007848 0.008789 0.000379
v 0.007741 -0.006294 -0.004088
v 0.008840 -0.006530 -0.002672
v 0.006904 0.006836 -0.003452
v 0.006333 0.008321 -0.001966
v 0.007848 0.008789 0.000379
v 0.007741 0.006176 -0.003299
v 0.003859 0.011021 0.000519
v 0.003859 0.009149 -0.001941
v 0.007178 -0.018896 -0.002904
v 0.003020 -0.018896 -0.002904
v 0.003520 -0.006530 -0.003891
v 0.007280 -0.006530 -0.002941
v 0.010924 0.001673 -0.001356
v 0.008840 0.002074 -0.001922
v 0.010924 0.005175 0.000352
v 0.008472 0.006828 0.000422
v 0.007403 -0.014284 -0.000545
v 0.007178 -0.018896 -0.002904
v 0.007280 -0.006530 -0.002941
v 0.007178 -0.020079 -0.001285
v 0.007403 -0.013993 0.001045
v 0.007403 -0.013609 0.002635
v 0.007178 -0.020079 0.002635
v 0.007214 -0.017751 0.004071
v 0.007403 -0.012934 0.004548
v 0.007185 -0.017751 0.004683
v 0.007178 -0.020079 0.004071
v 0.008472 0.006828 0.000422
v 0.008472 0.007963 0.001242
v 0.010924 0.006306 0.001171
v 0.010924 0.005175 0.000352
v 0.008472 0.006806 0.002418
v 0.010924 0.005146 0.002348
v 0.007848 0.009914 0.001255
v 0.008472 0.007963 0.001242
v 0.008472 0.006828 0.000422
v 0.007848 0.008789 0.000379
v 0.008472 0.006806 0.002418
v 0.007848 0.008750 0.002471
v 0.003374 -0.014637 0.004071
v 0.007214 -0.017751 0.004071
v 0.007185 -0.017751 0.004683
v 0.003374 -0.014637 0.004577
v 0.003020 -0.020079 0.004071
v 0.007214 -0.017751 0.004071
v 0.003374 -0.014637 0.004071
v 0.007178 -0.020079 0.004071
v 0.006333 -0.004342 -0.003046
v 0.006904 0.006836 -0.003452
v 0.006904 -0.006294 -0.004065
v 0.007280 -0.006530 -0.002941
v 0.006333 0.008321 -0.001966
v 0.003020 -0.020079 0.004071
v 0.003020 -0.020079 0.002635
v 0.007178 -0.020079 0.002635
v 0.007178 -0.020079 0.004071
v 0.007178 -0.020079 -0.001285
v 0.003020 -0.020079 -0.001285
v 0.001439 0.007470 0.007100
v 0.000012 0.007500 0.007437
v 0.000012 0.003019 0.007222
v 0.001431 0.002965 0.007031
v 0.002797 0.002821 0.006052
v 0.002797 0.007441 0.006052
v 0.004244 0.007383 0.003793
v 0.003715 -0.002778 0.004461
v 0.002797 0.009420 0.006052
v 0.004446 0.010790 0.003569
v 0.001442 0.009420 0.007130
v 0.000012 0.009420 0.007450
v 0.007280 -0.006530 -0.002941
v 0.006904 -0.006294 -0.004065
v 0.007741 -0.006294 -0.004088
v 0.008840 -0.006530 -0.002672
v 0.010924 0.001673 -0.001356
v 0.010924 -0.006530 -0.002188
v 0.008840 -0.006530 -0.002672
v 0.008840 0.002074 -0.001922
v 0.010924 -0.012049 0.004548
v 0.007403 -0.012934 0.004548
v 0.007403 -0.013609 0.002635
v 0.010924 -0.012829 0.001167
v 0.007403 -0.013993 0.001045
v 0.007403 -0.014284 -0.000545
v 0.010924 -0.013223 -0.000545
v 0.006333 0.008321 -0.001966
v 0.006333 -0.004342 -0.003046
v 0.003520 -0.006530 -0.003891
v 0.003859 0.009149 -0.001941
v 0.007280 -0.006530 -0.002941
v 0.007403 -0.014284 -0.000545
v 0.010924 -0.006530 -0.002188
v 0.010924 -0.013223 -0.000545
v 0.008840 -0.006530 -0.002672
v 0.007280 -0.006530 -0.002941
v -0.009421 0.002070 0.003495
v -0.009238 0.003660 0.003495
v -0.010402 0.003660 0.003495
v -0.009088 0.002070 0.003495
v -0.007982 0.003621 0.003495
v -0.008130 0.003841 0.003495
v -0.010287 0.003841 0.003495
v -0.008438 -0.009652 0.003929
v -0.003513 -0.007902 0.004438
v -0.003691 -0.002778 0.004461
v -0.007378 -0.012934 0.004548
v -0.003350 -0.012934 0.004544
v -0.010900 -0.012049 0.004548
v -0.010900 -0.007077 0.003929
v -0.009088 0.002070 0.003495
v -0.009421 0.002070 0.003495
v -0.010402 0.003660 0.003495
v -0.010900 0.004955 0.003288
v -0.010287 0.003841 0.003495
v -0.008448 0.006616 0.003358
v -0.008130 0.003841 0.003495
v -0.007982 0.003621 0.003495
v -0.004220 0.007383 0.003793
v -0.004422 0.010790 0.003569
v -0.007824 0.008557 0.003428
v -0.003350 -0.014637 0.004577
v -0.007161 -0.017751 0.004683
v -0.007378 -0.012934 0.004548
v -0.003800 0.012147 0.001395
v -0.003835 0.011021 0.000519
v -0.007824 0.008789 0.000379
v -0.007824 0.009914 0.001255
v -0.007824 0.008750 0.002471
v -0.004048 0.010983 0.002612
v -0.003631 0.010790 0.002518
v -0.004048 0.010983 0.002612
v -0.004422 0.010790 0.003569
v -0.002051 0.009420 0.004619
v -0.002773 0.009420 0.006052
v -0.000930 0.009420 0.005234
v -0.001418 0.009420 0.007130
v 0.000012 0.009420 0.007450
v 0.000012 0.009420 0.005498
v -0.003835 0.011021 0.000519
v -0.003800 0.012147 0.001395
v -0.002996 -0.020079 -0.001285
v -0.007154 -0.020079 -0.001285
v -0.007154 -0.018896 -0.002904
v -0.002996 -0.018896 -0.002904
v -0.003350 -0.014637 0.004577
v -0.003350 -0.014637 0.004071
v -0.003350 -0.012934 0.004544
v -0.003496 -0.006530 -0.003891
v -0.002996 -0.018896 -0.002904
v -0.002996 -0.020079 -0.001285
v -0.002996 -0.020079 0.004071
v -0.002996 -0.020079 0.002635
v -0.003513 -0.007902 0.004438
v -0.003691 -0.002778 0.004461
v -0.003835 0.009149 -0.001941
v -0.003631 0.010790 0.002518
v -0.002233 0.002563 0.004403
v -0.002051 0.009420 0.004619
v -0.000930 0.009420 0.005234
v -0.001021 0.002707 0.005018
v 0.000012 0.002761 0.005254
v 0.000012 0.009420 0.005498
v -0.003835 0.011021 0.000519
v -0.001407 0.002965 0.007031
v -0.002773 0.002821 0.006052
v -0.001021 0.002707 0.005018
v -0.002233 0.002563 0.004403
v 0.000012 0.002761 0.005254
v 0.000012 0.003019 0.007222
v -0.003691 -0.002778 0.004461
v -0.002233 0.002563 0.004403
v -0.002773 0.002821 0.006052
v -0.010900 -0.007077 0.003929
v -0.010900 0.004955 0.003288
v -0.010900 -0.002671 0.001273
v -0.010900 -0.006004 0.001323
v -0.010900 -0.012049 0.004548
v -0.010900 -0.012829 0.001167
v -0.010900 0.001673 -0.001356
v -0.010900 0.005175 0.000352
v -0.010900 0.006306 0.001172
v -0.010900 -0.006530 -0.002188
v -0.010900 -0.013223 -0.000545
v -0.010900 0.005146 0.002348
v -0.007717 0.006176 -0.003299
v -0.006879 0.006836 -0.003452
v -0.006879 -0.006294 -0.004065
v -0.007717 -0.006294 -0.004088
v -0.008448 0.006828 0.000422
v -0.007824 0.008789 0.000379
v -0.007717 0.006176 -0.003299
v -0.008816 0.002074 -0.001922
v -0.007717 -0.006294 -0.004088
v -0.008816 -0.006530 -0.002672
v -0.006879 0.006836 -0.003452
v -0.007717 0.006176 -0.003299
v -0.007824 0.008789 0.000379
v -0.006309 0.008321 -0.001966
v -0.003835 0.011021 0.000519
v -0.003835 0.009149 -0.001941
v -0.007154 -0.018896 -0.002904
v -0.007256 -0.006530 -0.002941
v -0.003496 -0.006530 -0.003891
v -0.002996 -0.018896 -0.002904
v -0.008816 0.002074 -0.001922
v -0.010900 0.001673 -0.001356
v -0.010900 0.005175 0.000352
v -0.008448 0.006828 0.000422
v -0.007154 -0.018896 -0.002904
v -0.007378 -0.014284 -0.000545
v -0.007256 -0.006530 -0.002941
v -0.007154 -0.020079 -0.001285
v -0.007378 -0.013993 0.001045
v -0.007378 -0.013609 0.002635
v -0.007154 -0.020079 0.002635
v -0.007190 -0.017751 0.004071
v -0.007378 -0.012934 0.004548
v -0.007161 -0.017751 0.004683
v -0.007154 -0.020079 0.004071
v -0.008448 0.006828 0.000422
v -0.010900 0.005175 0.000352
v -0.010900 0.006306 0.001172
v -0.008448 0.007963 0.001242
v -0.010900 0.005146 0.002348
v -0.008448 0.006806 0.002418
v -0.007824 0.009914 0.001255
v -0.007824 0.008789 0.000379
v -0.008448 0.006828 0.000422
v -0.008448 0.007963 0.001242
v -0.008448 0.006806 0.002418
v -0.007824 0.008750 0.002471
v -0.010900 -0.012049 0.004548
v -0.010900 -0.012829 0.001167
v -0.007378 -0.013609 0.002635
v -0.007378 -0.012934 0.004548
v -0.007378 -0.013993 0.001045
v -0.010900 -0.013223 -0.000545
v -0.007378 -0.014284 -0.000545
v -0.003350 -0.014637 0.004071
v -0.003350 -0.014637 0.004577
v -0.007161 -0.017751 0.004683
v -0.007190 -0.017751 0.004071
v -0.007190 -0.017751 0.004071
v -0.007154 -0.020079 0.004071
v -0.002996 -0.020079 0.004071
v -0.003350 -0.014637 0.004071
v -0.001415 0.007470 0.007100
v -0.002773 0.007441 0.006052
v -0.002773 0.002821 0.006052
v -0.001407 0.002965 0.007031
v 0.000012 0.003019 0.007222
v 0.000012 0.007500 0.007437
v -0.004220 0.007383 0.003793
v -0.003691 -0.002778 0.004461
v 0.000012 0.009420 0.007450
v -0.001418 0.009420 0.007130
v -0.002773 0.009420 0.006052
v -0.004422 0.010790 0.003569
v -0.006879 0.006836 -0.003452
v -0.006309 -0.004342 -0.003046
v -0.006879 -0.006294 -0.004065
v -0.007256 -0.006530 -0.002941
v -0.006309 0.008321 -0.001966
v -0.002996 -0.020079 0.004071
v -0.007154 -0.020079 0.004071
v -0.007154 -0.020079 0.002635
v -0.002996 -0.020079 0.002635
v -0.007154 -0.020079 -0.001285
v -0.002996 -0.020079 -0.001285
v -0.007256 -0.006530 -0.002941
v -0.008816 -0.006530 -0.002672
v -0.007717 -0.006294 -0.004088
v -0.006879 -0.006294 -0.004065
v -0.010900 -0.006530 -0.002188
v -0.010900 0.001673 -0.001356
v -0.008816 -0.006530 -0.002672
v -0.008816 0.002074 -0.001922
v -0.006309 0.008321 -0.001966
v -0.003835 0.009149 -0.001941
v -0.003496 -0.006530 -0.003891
v -0.006309 -0.004342 -0.003046
v -0.007256 -0.006530 -0.002941
v -0.010900 -0.006530 -0.002188
v -0.007378 -0.014284 -0.000545
v -0.010900 -0.013223 -0.000545
v -0.008816 -0.006530 -0.002672
v -0.007256 -0.006530 -0.002941
v -0.008448 0.006806 0.002418
v -0.010900 0.005146 0.002348
v -0.010900 0.004955 0.003288
v -0.008448 0.006616 0.003358
v -0.008448 0.006616 0.003358
v -0.007824 0.008557 0.003428
v -0.007824 0.008750 0.002471
v -0.008448 0.006806 0.002418
v -0.007824 0.008557 0.003428
v -0.004422 0.010790 0.003569
v -0.004048 0.010983 0.002612
v -0.007824 0.008750 0.002471
v 0.004446 0.010790 0.003569
v 0.007848 0.008557 0.003428
v 0.007848 0.008750 0.002471
v 0.004072 0.010983 0.002612
v 0.007848 0.008557 0.003428
v 0.008472 0.006616 0.003358
v 0.008472 0.006806 0.002418
v 0.007848 0.008750 0.002471
v 0.008472 0.006806 0.002418
v 0.008472 0.006616 0.003358
v 0.010924 0.004955 0.003288
v 0.010924 0.005146 0.002348
v 0.002508 0.011344 -0.000729
v 0.000012 0.011344 -0.000729
v 0.000012 0.013028 0.002096
v 0.003689 0.013028 0.002096
v 0.000012 -0.021412 -0.002954
v 0.000012 -0.019955 -0.004376
v 0.002880 -0.019955 -0.004376
v 0.002880 -0.021412 -0.002957
v 0.002880 -0.019955 -0.004376
v 0.003112 -0.012729 -0.005222
v 0.003570 -0.019810 -0.002520
v 0.003727 -0.019537 0.004301
v 0.003982 -0.007149 0.003881
v 0.003112 -0.010555 -0.006175
v 0.002856 -0.004451 -0.003397
v 0.002600 0.000000 -0.001905
v 0.003689 0.013028 0.002096
v 0.002341 0.002678 -0.003099
v 0.002508 0.011344 -0.000729
v 0.000012 -0.019955 -0.004376
v 0.000012 -0.012729 -0.005222
v 0.003112 -0.012729 -0.005222
v 0.002880 -0.019955 -0.004376
v 0.002341 0.002678 -0.003099
v 0.000012 0.002678 -0.003099
v 0.000012 0.011344 -0.000729
v 0.002508 0.011344 -0.000729
v 0.002311 -0.010077 -0.005957
v 0.002654 -0.010077 -0.005957
v 0.003112 -0.010555 -0.006175
v 0.000012 -0.010555 -0.006175
v 0.000012 -0.010077 -0.005957
v 0.002589 -0.008504 -0.005241
v 0.002856 -0.004451 -0.003397
v 0.002421 -0.004451 -0.003397
v 0.002600 0.000000 -0.001905
v 0.002207 0.000000 -0.001905
v 0.002589 -0.008504 -0.005241
v 0.002311 -0.010077 -0.005957
v 0.002119 -0.008660 -0.006053
v 0.000012 -0.008677 -0.006061
v 0.000012 -0.010077 -0.005957
v 0.002600 0.000000 -0.001905
v 0.002207 0.000000 -0.001905
v 0.002341 0.002678 -0.003099
v 0.000012 0.000000 -0.001905
v 0.000012 0.002678 -0.003099
v 0.002880 -0.019955 -0.004376
v 0.003570 -0.019810 -0.002520
v 0.002880 -0.021412 -0.002957
v 0.003727 -0.019537 0.004301
v 0.002880 -0.021174 0.002525
v 0.000012 0.013028 0.002096
v 0.000012 -0.007149 0.003881
v 0.003982 -0.007149 0.003881
v 0.003689 0.013028 0.002096
v 0.002574 -0.020082 0.004273
v 0.003727 -0.019537 0.004301
v 0.000012 -0.020082 0.004273
v 0.000012 -0.012729 -0.005222
v 0.000012 -0.010555 -0.006175
v 0.003112 -0.010555 -0.006175
v 0.003112 -0.012729 -0.005222
v 0.000012 -0.021174 0.002525
v 0.002880 -0.021174 0.002525
v 0.002574 -0.020082 0.004273
v 0.003727 -0.019537 0.004301
v 0.000012 -0.020082 0.004273
v 0.002880 -0.021174 0.002525
v 0.000012 -0.021174 0.002525
v 0.000012 -0.021412 -0.002954
v 0.002880 -0.021412 -0.002957
v 0.000012 -0.003426 -0.003991
v 0.001372 -0.003426 -0.003991
v 0.000012 -0.004451 -0.003397
v 0.002421 -0.004451 -0.003397
v 0.001858 -0.002890 -0.003812
v 0.002207 0.000000 -0.001905
v 0.001858 -0.000994 -0.003176
v 0.001260 -0.000451 -0.002994
v 0.000012 0.000000 -0.001905
v 0.000012 -0.000451 -0.002994
v 0.001387 -0.004147 -0.004200
v 0.002421 -0.004451 -0.003397
v 0.001942 -0.004679 -0.004441
v 0.001942 -0.006513 -0.005276
v 0.000012 -0.004451 -0.003397
v 0.000012 -0.004147 -0.004200
v 0.002589 -0.008504 -0.005241
v 0.001472 -0.007115 -0.005550
v 0.000012 -0.008523 -0.005250
v 0.000012 -0.007115 -0.005550
v 0.000012 -0.003426 -0.003991
v 0.000012 -0.001944 -0.003494
v 0.001372 -0.003426 -0.003991
v 0.001858 -0.002890 -0.003812
v 0.001858 -0.000994 -0.003176
v 0.001260 -0.000451 -0.002994
v 0.000012 -0.000451 -0.002994
v 0.000012 -0.007115 -0.005550
v 0.000012 -0.005468 -0.004800
v 0.001472 -0.007115 -0.005550
v 0.001942 -0.006513 -0.005276
v 0.001942 -0.004679 -0.004441
v 0.001387 -0.004147 -0.004200
v 0.000012 -0.004147 -0.004200
v 0.000012 -0.008677 -0.006061
v 0.000012 -0.008523 -0.005250
v 0.002589 -0.008504 -0.005241
v 0.002119 -0.008660 -0.006053
v -0.002483 0.011344 -0.000729
v -0.003665 0.013028 0.002096
v 0.000012 0.013028 0.002096
v 0.000012 0.011344 -0.000729
v -0.002856 -0.021174 0.002525
v 0.000012 -0.021174 0.002525
v -0.002550 -0.020082 0.004273
v 0.000012 -0.020082 0.004273
v -0.003703 -0.019537 0.004301
v 0.000012 -0.021412 -0.002954
v -0.002856 -0.021412 -0.002957
v -0.002856 -0.019955 -0.004376
v 0.000012 -0.019955 -0.004376
v -0.003088 -0.012729 -0.005222
v -0.002856 -0.019955 -0.004376
v -0.003546 -0.019810 -0.002520
v -0.003703 -0.019537 0.004301
v -0.003958 -0.007149 0.003881
v -0.003088 -0.010555 -0.006175
v -0.002832 -0.004451 -0.003397
v -0.002576 0.000000 -0.001905
v -0.003665 0.013028 0.002096
v -0.002316 0.002678 -0.003099
v -0.002483 0.011344 -0.000729
v 0.000012 -0.021174 0.002525
v -0.002856 -0.021174 0.002525
v 0.000012 -0.021412 -0.002954
v -0.002856 -0.021412 -0.002957
v 0.000012 -0.019955 -0.004376
v -0.002856 -0.019955 -0.004376
v -0.003088 -0.012729 -0.005222
v 0.000012 -0.012729 -0.005222
v -0.002316 0.002678 -0.003099
v -0.002483 0.011344 -0.000729
v 0.000012 0.011344 -0.000729
v 0.000012 0.002678 -0.003099
v -0.002630 -0.010077 -0.005957
v -0.002287 -0.010077 -0.005957
v -0.003088 -0.010555 -0.006175
v -0.002565 -0.008504 -0.005241
v 0.000012 -0.010555 -0.006175
v 0.000012 -0.010077 -0.005957
v -0.002832 -0.004451 -0.003397
v -0.002397 -0.004451 -0.003397
v -0.002576 0.000000 -0.001905
v -0.002183 0.000000 -0.001905
v -0.002287 -0.010077 -0.005957
v -0.002565 -0.008504 -0.005241
v -0.002095 -0.008660 -0.006053
v 0.000012 -0.008677 -0.006061
v 0.000012 -0.010077 -0.005957
v -0.002183 0.000000 -0.001905
v -0.002576 0.000000 -0.001905
v -0.002316 0.002678 -0.003099
v 0.000012 0.000000 -0.001905
v 0.000012 0.002678 -0.003099
v -0.003546 -0.019810 -0.002520
v -0.002856 -0.019955 -0.004376
v -0.002856 -0.021412 -0.002957
v -0.003703 -0.019537 0.004301
v -0.002856 -0.021174 0.002525
v 0.000012 0.013028 0.002096
v -0.003665 0.013028 0.002096
v -0.003958 -0.007149 0.003881
v 0.000012 -0.007149 0.003881
v -0.002550 -0.020082 0.004273
v -0.003703 -0.019537 0.004301
v 0.000012 -0.020082 0.004273
v 0.000012 -0.012729 -0.005222
v -0.003088 -0.012729 -0.005222
v -0.003088 -0.010555 -0.006175
v 0.000012 -0.010555 -0.006175
v -0.001348 -0.003426 -0.003991
v 0.000012 -0.003426 -0.003991
v 0.000012 -0.004451 -0.003397
v -0.002397 -0.004451 -0.003397
v -0.001834 -0.002890 -0.003812
v -0.002183 0.000000 -0.001905
v -0.001834 -0.000994 -0.003176
v -0.001236 -0.000451 -0.002994
v 0.000012 0.000000 -0.001905
v 0.000012 -0.000451 -0.002994
v -0.002397 -0.004451 -0.003397
v -0.001363 -0.004147 -0.004200
v -0.001918 -0.004679 -0.004441
v -0.001918 -0.006513 -0.005276
v 0.000012 -0.004451 -0.003397
v 0.000012 -0.004147 -0.004200
v -0.002565 -0.008504 -0.005241
v -0.001448 -0.007115 -0.005550
v 0.000012 -0.008523 -0.005250
v 0.000012 -0.007115 -0.005550
v 0.000012 -0.001944 -0.003494
v 0.000012 -0.003426 -0.003991
v -0.001348 -0.003426 -0.003991
v -0.001834 -0.002890 -0.003812
v -0.001834 -0.000994 -0.003176
v -0.001236 -0.000451 -0.002994
v 0.000012 -0.000451 -0.002994
v 0.000012 -0.005468 -0.004800
v 0.000012 -0.007115 -0.005550
v -0.001448 -0.007115 -0.005550
v -0.001918 -0.006513 -0.005276
v -0.001918 -0.004679 -0.004441
v -0.001363 -0.004147 -0.004200
v 0.000012 -0.004147 -0.004200
v 0.000012 -0.008677 -0.006061
v -0.002095 -0.008660 -0.006053
v -0.002565 -0.008504 -0.005241
v 0.000012 -0.008523 -0.005250
v -0.002503 -0.000676 -0.004626
v -0.002503 -0.000917 -0.003135
v -0.004183 -0.000056 -0.003920
v 0.000012 -0.000683 -0.004627
v 0.000012 -0.000889 -0.003130
v -0.004426 0.000046 -0.004499
v -0.004386 0.009541 -0.002628
v 0.000012 0.009951 -0.002248
v -0.002748 0.005580 -0.003679
v 0.000012 0.005565 -0.003683
v -0.005376 0.002053 -0.004145
v -0.002503 -0.000676 -0.004626
v 0.000012 -0.000683 -0.004627
v -0.004426 0.000046 -0.004499
v -0.002503 -0.000917 -0.003135
v -0.005140 0.001951 -0.003566
v -0.004183 -0.000056 -0.003920
v -0.005376 0.002053 -0.004145
v -0.004426 0.000046 -0.004499
v -0.004043 0.009504 -0.002231
v -0.004386 0.009541 -0.002628
v -0.000797 0.012511 -0.000767
v -0.000883 0.012868 -0.001091
v 0.000012 0.013483 -0.000740
v 0.000012 0.013019 -0.000344
v 0.000012 0.009057 -0.000465
v 0.000012 0.003307 -0.000794
v 0.000012 -0.000889 -0.003130
v -0.000883 0.012868 -0.001091
v 0.000012 0.009951 -0.002248
v -0.004386 0.009541 -0.002628
v 0.000012 0.013483 -0.000740
v 0.002527 -0.000917 -0.003135
v 0.002527 -0.000676 -0.004626
v 0.004207 -0.000056 -0.003920
v 0.000012 -0.000683 -0.004627
v 0.000012 -0.000889 -0.003130
v 0.004450 0.000046 -0.004499
v 0.000012 0.009951 -0.002248
v 0.004410 0.009541 -0.002628
v 0.002772 0.005580 -0.003679
v 0.000012 0.005565 -0.003683
v 0.005400 0.002053 -0.004145
v 0.002527 -0.000676 -0.004626
v 0.000012 -0.000683 -0.004627
v 0.004450 0.000046 -0.004499
v 0.000012 0.013019 -0.000344
v 0.000012 0.009057 -0.000465
v 0.000821 0.012511 -0.000767
v 0.000012 0.013483 -0.000740
v 0.000907 0.012868 -0.001091
v 0.004410 0.009541 -0.002628
v 0.004067 0.009504 -0.002231
v 0.005400 0.002053 -0.004145
v 0.005164 0.001951 -0.003566
v 0.004207 -0.000056 -0.003920
v 0.004450 0.000046 -0.004499
v 0.000012 0.003307 -0.000794
v 0.002527 -0.000917 -0.003135
v 0.000012 -0.000889 -0.003130
v 0.000012 0.009951 -0.002248
v 0.000907 0.012868 -0.001091
v 0.004410 0.009541 -0.002628
v 0.000012 0.013483 -0.000740
v -0.002109 0.035741 -0.001568
v 0.000012 0.035720 -0.002182
v 0.000012 0.028261 -0.001866
v -0.002181 0.028261 -0.001035
v -0.004040 0.028261 0.000506
v -0.004030 0.035762 -0.000104
v -0.002156 0.045002 -0.002518
v -0.003572 0.045002 -0.001135
v 0.000012 0.045002 -0.003051
v 0.002133 0.035741 -0.001568
v 0.002205 0.028261 -0.001035
v 0.000012 0.028261 -0.001866
v 0.000012 0.035720 -0.002182
v 0.004064 0.028261 0.000506
v 0.004054 0.035762 -0.000104
v 0.002180 0.045002 -0.002518
v 0.003596 0.045002 -0.001135
v 0.000012 0.045002 -0.003051
v -0.014010 0.026343 0.012295
v -0.011728 0.026557 0.011305
v -0.002610 0.033513 0.006280
v -0.002982 0.035369 0.005928
v -0.011803 0.023044 0.011021
v -0.006029 0.024924 0.007688
v -0.002855 0.027484 0.005855
v -0.012011 0.026557 0.010814
v -0.014010 0.026343 0.012295
v -0.002982 0.035369 0.005928
v -0.003100 0.033513 0.005430
v -0.011803 0.023044 0.011021
v -0.006029 0.024924 0.007688
v -0.002855 0.027484 0.005855
v -0.002855 0.027484 0.005855
v -0.003100 0.033513 0.005430
v -0.002982 0.035369 0.005928
v -0.002610 0.033513 0.006280
v 0.014034 0.026343 0.012295
v 0.003006 0.035369 0.005928
v 0.002634 0.033513 0.006280
v 0.011752 0.026557 0.011305
v 0.011827 0.023044 0.011021
v 0.006053 0.024924 0.007688
v 0.002879 0.027484 0.005855
v 0.012035 0.026557 0.010814
v 0.003125 0.033513 0.005430
v 0.003006 0.035369 0.005928
v 0.014034 0.026343 0.012295
v 0.011827 0.023044 0.011021
v 0.006053 0.024924 0.007688
v 0.002879 0.027484 0.005855
v 0.002879 0.027484 0.005855
v 0.002634 0.033513 0.006280
v 0.003006 0.035369 0.005928
v 0.003125 0.033513 0.005430
v -0.002156 0.045002 -0.002518
v -0.003192 0.054673 -0.003022
v -0.002382 0.057231 -0.003730
v 0.000012 0.045002 -0.003051
v 0.000012 0.060061 -0.004140
v -0.003572 0.047543 -0.001531
v -0.003572 0.045002 -0.001135
v 0.003216 0.054673 -0.003022
v 0.002180 0.045002 -0.002518
v 0.002406 0.057231 -0.003730
v 0.000012 0.045002 -0.003051
v 0.000012 0.060061 -0.004140
v 0.003596 0.047543 -0.001531
v 0.003596 0.045002 -0.001135
v 0.002841 0.055052 0.003936
v 0.000861 0.059354 0.004525
v 0.001251 0.056623 0.005514
v 0.002394 0.054447 0.005060
v 0.001641 0.053891 0.006027
v 0.000826 0.053403 0.006859
v 0.000012 0.056806 0.006159
v 0.000012 0.060365 0.004669
v 0.000012 0.053246 0.007172
v 0.000012 0.056806 0.006159
v 0.000012 0.060365 0.004669
v -0.001227 0.056623 0.005514
v -0.000802 0.053403 0.006859
v 0.000012 0.053246 0.007172
v -0.001617 0.053891 0.006027
v -0.002370 0.054447 0.005060
v -0.002817 0.055052 0.003936
v -0.000837 0.059354 0.004525
v 0.006067 0.052729 0.000347
v 0.006380 0.055169 0.000098
v 0.004750 0.055489 0.001604
v 0.004750 0.055133 -0.001699
v 0.006040 0.057349 -0.000086
v 0.005172 0.057767 0.000836
v 0.005211 0.057596 -0.001193
v 0.005098 0.061312 0.000633
v 0.005098 0.060855 -0.001448
v 0.005247 0.063082 -0.000563
v 0.002774 0.059327 0.003368
v 0.004750 0.055489 0.001604
v 0.002841 0.055052 0.003936
v 0.000861 0.059354 0.004525
v 0.000012 0.060365 0.004669
v 0.000012 0.065524 0.003409
v 0.002674 0.064464 0.002262
v 0.002391 0.069506 0.001030
v 0.003786 0.067764 -0.000399
v 0.003690 0.069690 -0.001205
v 0.004386 0.066668 -0.001008
v 0.005247 0.063082 -0.000563
v 0.002529 0.073281 -0.001503
v 0.000012 0.075580 -0.000301
v 0.000012 0.072477 0.001051
v 0.000012 0.078032 -0.001990
v 0.005098 0.061312 0.000633
v 0.004386 0.066668 -0.001008
v 0.003786 0.067764 -0.001561
v 0.003690 0.069690 -0.001205
v 0.005247 0.063082 -0.000563
v 0.002013 0.069506 -0.003095
v 0.002529 0.073281 -0.001503
v 0.000012 0.074570 -0.002833
v 0.000012 0.078032 -0.001990
v 0.000012 0.071274 -0.003706
v 0.002788 0.063351 -0.003030
v 0.000012 0.064267 -0.004234
v 0.002406 0.057231 -0.003730
v 0.003216 0.054673 -0.003022
v 0.005098 0.060855 -0.001448
v 0.000012 0.060061 -0.004140
v 0.005211 0.057596 -0.001193
v 0.004750 0.055133 -0.001699
v 0.004750 0.055133 -0.001699
v 0.006067 0.052729 0.000347
v 0.003596 0.047543 -0.001531
v 0.005612 0.047543 0.000738
v 0.003216 0.054673 -0.003022
v 0.003596 0.047543 -0.001531
v 0.003596 0.045002 -0.001135
v 0.005209 0.043469 0.000869
v 0.004996 0.040276 0.000969
v 0.005008 0.035789 0.001117
v 0.004054 0.035762 -0.000104
v 0.004064 0.028261 0.000506
v 0.005386 0.028261 0.001159
v -0.006356 0.055169 0.000098
v -0.006043 0.052729 0.000347
v -0.004726 0.055489 0.001604
v -0.004726 0.055133 -0.001699
v -0.006016 0.057349 -0.000086
v -0.005148 0.057767 0.000836
v -0.005074 0.061312 0.000633
v -0.005223 0.063082 -0.000563
v -0.005074 0.060855 -0.001448
v -0.005186 0.057596 -0.001193
v -0.002750 0.059327 0.003368
v -0.004726 0.055489 0.001604
v -0.002817 0.055052 0.003936
v -0.000837 0.059354 0.004525
v 0.000012 0.060365 0.004669
v 0.000012 0.065524 0.003409
v -0.002650 0.064464 0.002262
v -0.002367 0.069506 0.001030
v -0.003762 0.067764 -0.000399
v -0.003666 0.069690 -0.001205
v -0.004362 0.066668 -0.001008
v -0.005223 0.063082 -0.000563
v -0.002505 0.073281 -0.001503
v 0.000012 0.075580 -0.000301
v 0.000012 0.072477 0.001051
v 0.000012 0.078032 -0.001990
v -0.005074 0.061312 0.000633
v -0.003762 0.067764 -0.001561
v -0.004362 0.066668 -0.001008
v -0.003666 0.069690 -0.001205
v -0.005223 0.063082 -0.000563
v -0.001989 0.069506 -0.003095
v -0.005074 0.060855 -0.001448
v -0.002505 0.073281 -0.001503
v 0.000012 0.074570 -0.002833
v 0.000012 0.078032 -0.001990
v 0.000012 0.071274 -0.003706
v -0.002763 0.063351 -0.003030
v 0.000012 0.064267 -0.004234
v -0.002382 0.057231 -0.003730
v -0.003192 0.054673 -0.003022
v 0.000012 0.060061 -0.004140
v -0.005186 0.057596 -0.001193
v -0.004726 0.055133 -0.001699
v -0.006043 0.052729 0.000347
v -0.004726 0.055133 -0.001699
v -0.003572 0.047543 -0.001531
v -0.005588 0.047543 0.000738
v -0.003192 0.054673 -0.003022
v -0.003572 0.047543 -0.001531
v -0.003572 0.045002 -0.001135
v -0.005185 0.043469 0.000869
v -0.004972 0.040276 0.000969
v -0.004984 0.035789 0.001117
v -0.004030 0.035762 -0.000104
v -0.004040 0.028261 0.000506
v -0.005362 0.028261 0.001159
v 0.000012 0.028261 0.008608
v 0.000012 0.034283 0.009217
v -0.000618 0.034357 0.008909
v -0.000616 0.028261 0.008280
v 0.000012 0.038227 0.010006
v -0.000832 0.038228 0.009670
v -0.001465 0.034507 0.008268
v -0.001885 0.038313 0.008974
v -0.002135 0.035004 0.007301
v -0.002632 0.038697 0.007611
v -0.001595 0.028261 0.007584
v -0.002760 0.028261 0.006305
v -0.003096 0.035621 0.005985
v -0.003009 0.037206 0.005679
v -0.003849 0.037631 0.003207
v -0.004613 0.028261 0.002548
v -0.005362 0.028261 0.001159
v -0.004984 0.035789 0.001117
v 0.000012 0.041375 0.010348
v -0.000951 0.041466 0.010072
v 0.000012 0.042000 0.010348
v -0.000958 0.042089 0.010072
v 0.000012 0.044445 0.010109
v -0.001013 0.044475 0.009819
v -0.002273 0.042491 0.009294
v -0.002468 0.044612 0.008945
v -0.003027 0.043288 0.007640
v -0.002206 0.041792 0.009321
v -0.003025 0.042495 0.007640
v -0.003150 0.042858 0.006861
v -0.003109 0.039048 0.005933
v -0.003188 0.043319 0.006447
v -0.003150 0.043594 0.006986
v -0.003114 0.043842 0.007028
v -0.002867 0.046818 0.007288
v -0.003280 0.046857 0.004585
v -0.003077 0.046804 0.006359
v -0.002657 0.050860 0.006219
v -0.002957 0.050860 0.005250
v -0.001920 0.050851 0.007192
v -0.002292 0.046832 0.008390
v -0.000866 0.050849 0.008004
v -0.000997 0.046861 0.009348
v 0.000012 0.050847 0.008235
v 0.000012 0.046890 0.009644
v 0.000012 0.052775 0.007375
v -0.000813 0.052912 0.007086
v -0.001638 0.053303 0.006273
v -0.002390 0.053915 0.005232
v -0.002719 0.054420 0.004268
v -0.000802 0.053403 0.006859
v 0.000012 0.053246 0.007172
v -0.001617 0.053891 0.006027
v -0.002370 0.054447 0.005060
v -0.002817 0.055052 0.003936
v -0.003235 0.046248 0.004117
v -0.003889 0.047543 0.003193
v -0.004077 0.049328 0.002836
v -0.003376 0.043572 0.004746
v -0.003897 0.046551 0.003186
v -0.003922 0.043525 0.003164
v -0.003907 0.040911 0.003171
v -0.005185 0.043469 0.000869
v -0.005588 0.047543 0.000738
v -0.006043 0.052729 0.000347
v -0.004092 0.038160 0.002759
v -0.004726 0.055489 0.001604
v -0.004972 0.040276 0.000969
v 0.000012 0.028261 0.008608
v 0.000640 0.028261 0.008280
v 0.000642 0.034357 0.008909
v 0.000012 0.034283 0.009217
v 0.001619 0.028261 0.007584
v 0.001490 0.034507 0.008268
v 0.002159 0.035004 0.007301
v 0.002785 0.028261 0.006305
v 0.003120 0.035621 0.005985
v 0.004637 0.028261 0.002548
v 0.000012 0.038227 0.010006
v 0.000856 0.038228 0.009670
v 0.001909 0.038313 0.008974
v 0.002656 0.038697 0.007611
v 0.003049 0.042495 0.007640
v 0.003174 0.042858 0.006861
v 0.003174 0.043594 0.006986
v 0.003051 0.043288 0.007640
v 0.003138 0.043842 0.007028
v 0.002230 0.041792 0.009321
v 0.002297 0.042491 0.009294
v 0.000975 0.041466 0.010072
v 0.000983 0.042089 0.010072
v 0.000012 0.042000 0.010348
v 0.001037 0.044475 0.009819
v 0.000012 0.044445 0.010109
v 0.000012 0.041375 0.010348
v 0.002891 0.046818 0.007288
v 0.002492 0.044612 0.008945
v 0.002316 0.046832 0.008390
v 0.001021 0.046861 0.009348
v 0.001944 0.050851 0.007192
v 0.000890 0.050849 0.008004
v 0.000012 0.046890 0.009644
v 0.000012 0.050847 0.008235
v 0.002681 0.050860 0.006219
v 0.002981 0.050860 0.005250
v 0.003101 0.046804 0.006359
v 0.003304 0.046857 0.004585
v 0.002743 0.054420 0.004268
v 0.002414 0.053915 0.005232
v 0.001662 0.053303 0.006273
v 0.000837 0.052912 0.007086
v 0.000012 0.052775 0.007375
v 0.002394 0.054447 0.005060
v 0.002841 0.055052 0.003936
v 0.001641 0.053891 0.006027
v 0.000826 0.053403 0.006859
v 0.000012 0.053246 0.007172
v 0.003259 0.046248 0.004117
v 0.003913 0.047543 0.003193
v 0.003212 0.043319 0.006447
v 0.003133 0.039048 0.005933
v 0.003033 0.037206 0.005679
v 0.003874 0.037631 0.003207
v 0.003931 0.040911 0.003171
v 0.003400 0.043572 0.004746
v 0.003921 0.046551 0.003186
v 0.005612 0.047543 0.000738
v 0.004101 0.049328 0.002836
v 0.003946 0.043525 0.003164
v 0.005209 0.043469 0.000869
v 0.004996 0.040276 0.000969
v 0.006067 0.052729 0.000347
v 0.004750 0.055489 0.001604
v 0.004116 0.038160 0.002759
v 0.005008 0.035789 0.001117
v 0.005386 0.028261 0.001159
v 0.004825 0.019120 0.002920
v 0.005386 0.028261 0.001159
v 0.005900 0.022593 0.001495
v 0.002785 0.028261 0.006305
v 0.002294 0.017263 0.006277
v 0.004446 0.010790 0.003569
v 0.001619 0.028261 0.007584
v 0.001404 0.015269 0.007389
v 0.001442 0.009420 0.007130
v 0.002797 0.009420 0.006052
v 0.000012 0.009420 0.007450
v 0.000012 0.014268 0.007716
v 0.000640 0.028261 0.008280
v 0.000012 0.028261 0.008608
v 0.006616 0.021896 0.001044
v -0.005802 0.022593 0.001495
v -0.013476 0.014168 0.001044
v -0.011713 0.011589 0.002920
v -0.014717 0.008443 0.001821
v -0.014717 0.005730 0.002562
v -0.014724 0.004155 0.002738
v -0.010900 0.004955 0.003288
v -0.015887 0.003838 0.002447
v -0.008448 0.006616 0.003358
v -0.007824 0.008557 0.003428
v -0.004422 0.010784 0.003569
v -0.004801 0.019120 0.002920
v -0.016725 0.004507 0.000829
v -0.006592 0.021896 0.001044
v -0.014633 0.004155 -0.000052
v -0.010900 0.004955 -0.000052
v -0.010900 0.004955 0.003288
v -0.014724 0.004155 0.002738
v -0.015887 0.003838 -0.000052
v -0.015887 0.003838 0.002447
v -0.008448 0.006616 -0.000052
v -0.008448 0.006616 0.003358
v -0.016725 0.004507 0.000829
v -0.004422 0.010790 -0.000052
v -0.005802 0.019677 0.000710
v -0.004422 0.010784 0.003569
v -0.004801 0.019120 0.002920
v -0.006592 0.021896 0.001044
v -0.005802 0.022593 0.001495
v -0.007824 0.008557 -0.000052
v -0.007824 0.008557 0.003428
v -0.008448 0.006616 0.003358
v -0.008448 0.006616 -0.000052
v -0.015887 0.003838 -0.000052
v -0.016725 0.004507 0.000829
v -0.013476 0.014168 0.001044
v -0.013188 0.013113 0.000662
v -0.014633 0.004155 -0.000052
v -0.010900 0.004955 -0.000052
v -0.013188 0.013113 0.000662
v -0.008448 0.006616 -0.000052
v -0.007824 0.008557 -0.000052
v -0.005802 0.019677 0.000710
v -0.004422 0.010790 -0.000052
v -0.007824 0.008557 0.003428
v -0.007824 0.008557 -0.000052
v -0.004422 0.010790 -0.000052
v -0.004422 0.010784 0.003569
v -0.013188 0.013113 0.000662
v -0.013476 0.014168 0.001044
v -0.006592 0.021896 0.001044
v -0.005802 0.019677 0.000710
v 0.013500 0.014168 0.001044
v 0.005826 0.022593 0.001495
v 0.011737 0.011589 0.002920
v 0.014741 0.008443 0.001821
v 0.014741 0.005730 0.002562
v 0.014748 0.004155 0.002738
v 0.010924 0.004955 0.003288
v 0.015911 0.003838 0.002447
v 0.008472 0.006616 0.003358
v 0.007848 0.008557 0.003428
v 0.004446 0.010784 0.003569
v 0.004825 0.019120 0.002920
v 0.016749 0.004507 0.000829
v 0.006616 0.021896 0.001044
v 0.014657 0.004155 -0.000052
v 0.014748 0.004155 0.002738
v 0.010924 0.004955 0.003288
v 0.010924 0.004955 -0.000052
v 0.015911 0.003838 -0.000052
v 0.015911 0.003838 0.002447
v 0.008472 0.006616 -0.000052
v 0.008472 0.006616 0.003358
v 0.016749 0.004507 0.000829
v 0.005826 0.019677 0.000710
v 0.004446 0.010790 -0.000052
v 0.004446 0.010784 0.003569
v 0.004825 0.019120 0.002920
v 0.006616 0.021896 0.001044
v 0.005826 0.022593 0.001495
v 0.007848 0.008557 -0.000052
v 0.008472 0.006616 -0.000052
v 0.008472 0.006616 0.003358
v 0.007848 0.008557 0.003428
v 0.016749 0.004507 0.000829
v 0.015911 0.003838 -0.000052
v 0.013500 0.014168 0.001044
v 0.013212 0.013113 0.000662
v 0.014657 0.004155 -0.000052
v 0.010924 0.004955 -0.000052
v 0.013212 0.013113 0.000662
v 0.008472 0.006616 -0.000052
v 0.007848 0.008557 -0.000052
v 0.005826 0.019677 0.000710
v 0.004446 0.010790 -0.000052
v 0.007848 0.008557 -0.000052
v 0.007848 0.008557 0.003428
v 0.004446 0.010790 -0.000052
v 0.004446 0.010784 0.003569
v 0.013212 0.013113 0.000662
v 0.005826 0.019677 0.000710
v 0.006616 0.021896 0.001044
v 0.013500 0.014168 0.001044
v -0.004508 0.009978 -0.002241
v -0.004403 0.021896 0.000245
v -0.001713 0.021896 -0.001546
v 0.000012 0.021896 -0.002005
v 0.000012 0.009964 -0.002244
v -0.002181 0.028261 -0.001035
v 0.000012 0.028261 -0.001866
v -0.004040 0.028261 0.000506
v -0.004422 0.009412 -0.000052
v -0.006592 0.009412 -0.000052
v -0.004508 0.009978 -0.002241
v -0.006051 0.009980 -0.002139
v 0.000012 0.009412 -0.000052
v 0.000012 0.009964 -0.002244
v -0.004403 0.021896 0.000245
v -0.006051 0.009980 -0.002139
v -0.006592 0.021896 0.001044
v -0.004508 0.009978 -0.002241
v -0.006592 0.009412 -0.000052
v -0.004040 0.028261 0.000506
v -0.005362 0.028261 0.001159
v -0.001418 0.009420 0.007130
v -0.001380 0.015269 0.007389
v -0.002270 0.017263 0.006277
v -0.002773 0.009420 0.006052
v -0.004422 0.010790 0.003569
v -0.001595 0.028261 0.007584
v -0.002760 0.028261 0.006305
v 0.000012 0.009420 0.007450
v 0.000012 0.014268 0.007716
v -0.000616 0.028261 0.008280
v 0.000012 0.028261 0.008608
v -0.004801 0.019120 0.002920
v -0.005362 0.028261 0.001159
v -0.005876 0.022593 0.001495
v -0.006592 0.021896 0.001044
v 0.000012 0.010790 0.003569
v 0.000012 0.009420 0.007450
v -0.001418 0.009420 0.007130
v -0.002773 0.009420 0.006052
v -0.004422 0.010790 0.003569
v 0.000012 0.009412 -0.000052
v -0.004422 0.009412 -0.000052
v -0.004801 0.019120 0.002920
v -0.004422 0.009412 -0.000052
v -0.004422 0.010790 0.003569
v -0.005876 0.022593 0.001495
v -0.006592 0.021896 0.001044
v -0.006592 0.009412 -0.000052
v 0.004427 0.021896 0.000245
v 0.004532 0.009978 -0.002241
v 0.001737 0.021896 -0.001546
v 0.000012 0.021896 -0.002005
v 0.000012 0.009964 -0.002244
v 0.002205 0.028261 -0.001035
v 0.000012 0.028261 -0.001866
v 0.004064 0.028261 0.000506
v 0.004532 0.009978 -0.002241
v 0.004446 0.009412 -0.000052
v 0.000012 0.009412 -0.000052
v 0.000012 0.009964 -0.002244
v 0.006616 0.009412 -0.000052
v 0.006075 0.009980 -0.002139
v 0.006075 0.009980 -0.002139
v 0.004427 0.021896 0.000245
v 0.006616 0.021896 0.001044
v 0.004532 0.009978 -0.002241
v 0.006616 0.009412 -0.000052
v 0.004064 0.028261 0.000506
v 0.005386 0.028261 0.001159
v 0.006616 0.021896 0.001044
v 0.005900 0.022593 0.001495
v 0.004825 0.019120 0.002920
v 0.004446 0.009412 -0.000052
v 0.004446 0.010790 0.003569
v 0.006616 0.009412 -0.000052
v 0.000012 0.009412 -0.000052
v 0.004446 0.009412 -0.000052
v 0.004446 0.010790 0.003569
v 0.000012 0.010790 0.003569
v 0.002797 0.009420 0.006052
v 0.001442 0.009420 0.007130
v 0.000012 0.009420 0.007450
v -0.025409 -0.033533 0.000611
v -0.021422 -0.024778 0.000807
v -0.017977 -0.041639 0.001548
v -0.032664 -0.030218 0.000026
v -0.023836 -0.013723 0.000964
v -0.056191 0.003241 -0.001910
v -0.056191 0.005078 -0.001884
v -0.056700 0.004006 -0.001950
v -0.058016 0.001475 -0.002015
v -0.057891 0.004351 -0.002015
v -0.056723 0.005247 -0.001936
v -0.056191 -0.004109 -0.002015
v -0.025409 -0.026703 0.001957
v -0.025409 -0.033533 0.000611
v -0.017977 -0.041639 0.001548
v -0.032664 -0.030218 0.000026
v -0.021422 -0.024778 0.001923
v -0.027400 -0.022845 0.001799
v -0.041796 -0.011334 0.000117
v -0.024443 -0.016289 0.001996
v -0.023653 -0.020479 0.001960
v -0.056191 -0.004109 -0.002015
v -0.056191 0.000177 -0.001565
v -0.058016 0.001475 -0.002015
v -0.056191 0.003011 -0.001463
v -0.056191 0.005078 -0.001884
v -0.056723 0.004006 -0.001684
v -0.056723 0.005247 -0.001936
v -0.057521 0.005499 -0.002015
v -0.057891 0.004351 -0.002015
v -0.023836 -0.013723 0.000964
v -0.021422 -0.024778 0.001923
v -0.017977 -0.041639 0.001548
v -0.021422 -0.024778 0.000807
v -0.023653 -0.020479 0.001960
v -0.023836 -0.013723 0.000964
v -0.024443 -0.016289 0.001996
v -0.056700 0.004006 -0.001950
v -0.057891 0.004351 -0.002015
v -0.057521 0.005499 -0.002015
v -0.056723 0.005247 -0.001936
v -0.023653 -0.020479 0.002067
v -0.021422 -0.024778 0.001992
v -0.017440 -0.018364 0.002992
v -0.014992 -0.021812 0.003507
v -0.014651 -0.015453 0.003850
v -0.015171 -0.028890 0.003358
v -0.014310 -0.012934 0.003926
v -0.016623 -0.011608 0.003063
v -0.018609 -0.014426 0.002764
v -0.020105 -0.009237 0.002362
v -0.015887 0.003838 0.002447
v -0.020529 -0.006803 0.000578
v -0.016725 0.004507 0.000829
v -0.013362 -0.009652 0.003929
v -0.014717 0.004155 0.002738
v -0.010900 0.004955 0.003288
v -0.010900 -0.007077 0.003929
v -0.022218 -0.008473 0.000631
v -0.026159 -0.012370 0.000755
v -0.026263 -0.015238 0.002087
v -0.019840 -0.036106 0.002051
v -0.016028 -0.042348 0.002812
v -0.018257 -0.043469 0.001856
v -0.016392 -0.045115 0.001950
v -0.026159 -0.012370 0.000755
v -0.022218 -0.008473 0.000631
v -0.020105 -0.009237 0.000031
v -0.026263 -0.014875 0.000512
v -0.015617 -0.015586 0.000031
v -0.010900 -0.005771 0.000031
v -0.010900 0.004955 0.000031
v -0.014717 0.004155 -0.000052
v -0.015887 0.003838 -0.000052
v -0.016725 0.004507 0.000829
v -0.020529 -0.006803 0.000578
v -0.021422 -0.024778 0.000674
v -0.016331 -0.036094 0.000933
v -0.018257 -0.041158 0.001198
v -0.016637 -0.042572 0.001320
v -0.010900 0.004955 0.003288
v -0.010900 0.004955 0.000031
v -0.014717 0.004155 0.001343
v -0.014717 0.004155 -0.000052
v -0.015887 0.003838 -0.000052
v -0.015887 0.003838 0.002447
v -0.016725 0.004507 0.000829
v -0.014717 0.004155 0.002738
v -0.010900 0.004955 0.000031
v -0.010900 0.004955 0.003288
v -0.010900 -0.007077 0.003929
v -0.010900 -0.005771 0.000031
v -0.013362 -0.009652 0.003929
v -0.014310 -0.012934 0.003926
v -0.015617 -0.015586 0.000031
v -0.014651 -0.015453 0.003850
v -0.014992 -0.021812 0.003507
v -0.015171 -0.028890 0.003358
v -0.016331 -0.036094 0.000933
v -0.016028 -0.042348 0.002812
v -0.016392 -0.045115 0.001950
v -0.016637 -0.042572 0.001320
v -0.018257 -0.043469 0.001856
v -0.018257 -0.041158 0.001198
v -0.019840 -0.036106 0.002051
v -0.021422 -0.024778 0.000674
v -0.018257 -0.041158 0.001198
v -0.019840 -0.036106 0.002051
v -0.021422 -0.024778 0.001992
v -0.023653 -0.020479 0.002067
v -0.026263 -0.014875 0.000512
v -0.026263 -0.015238 0.002087
v -0.026159 -0.012370 0.000755
v -0.012760 -0.042054 -0.000992
v -0.012057 -0.042054 0.000641
v -0.010900 -0.042054 0.000641
v -0.010900 -0.042054 -0.000992
v -0.010900 -0.042054 -0.002626
v -0.012057 -0.042054 -0.002626
v -0.012057 -0.042054 0.000641
v -0.013050 -0.052281 0.002042
v -0.010900 -0.052281 0.002042
v -0.010900 -0.042054 0.000641
v -0.012414 -0.050728 0.001146
v -0.013050 -0.052281 0.002042
v -0.014356 -0.052281 -0.000992
v -0.013334 -0.050728 -0.000992
v -0.013050 -0.052281 -0.004027
v -0.012057 -0.042054 -0.002626
v -0.010900 -0.042054 -0.002626
v -0.010900 -0.052281 -0.004027
v -0.013050 -0.052281 0.002042
v -0.012057 -0.042054 0.000641
v -0.012760 -0.042054 -0.000992
v -0.014356 -0.052281 -0.000992
v -0.009743 -0.042054 0.000641
v -0.008750 -0.052281 0.002042
v -0.007444 -0.052281 -0.000992
v -0.009040 -0.042054 -0.000992
v -0.010900 -0.042054 -0.002626
v -0.009743 -0.042054 -0.002626
v -0.008750 -0.052281 -0.004027
v -0.010900 -0.052281 -0.004027
v -0.010900 -0.052281 0.002042
v -0.009385 -0.050728 0.001146
v -0.008750 -0.052281 0.002042
v -0.012414 -0.050728 0.001146
v -0.013050 -0.052281 0.002042
v -0.010900 -0.052281 0.002042
v -0.008750 -0.052281 0.002042
v -0.009743 -0.042054 0.000641
v -0.010900 -0.042054 0.000641
v -0.010900 -0.042054 0.000641
v -0.009743 -0.042054 0.000641
v -0.009040 -0.042054 -0.000992
v -0.010900 -0.042054 -0.000992
v -0.009743 -0.042054 -0.002626
v -0.010900 -0.042054 -0.002626
v -0.014356 -0.052281 -0.000992
v -0.012760 -0.042054 -0.000992
v -0.012057 -0.042054 -0.002626
v -0.013050 -0.052281 -0.004027
v -0.013334 -0.050728 -0.000992
v -0.014356 -0.052281 -0.000992
v -0.013050 -0.052281 -0.004027
v -0.012414 -0.050728 -0.003130
v -0.009385 -0.050728 -0.003130
v -0.010900 -0.052281 -0.004027
v -0.008750 -0.052281 -0.004027
v -0.012414 -0.050728 -0.003130
v -0.013050 -0.052281 -0.004027
v -0.009040 -0.042054 -0.000992
v -0.007444 -0.052281 -0.000992
v -0.008750 -0.052281 -0.004027
v -0.009743 -0.042054 -0.002626
v -0.009385 -0.050728 -0.003130
v -0.008750 -0.052281 -0.004027
v -0.007444 -0.052281 -0.000992
v -0.008465 -0.050728 -0.000992
v -0.008465 -0.050728 -0.000992
v -0.007444 -0.052281 -0.000992
v -0.008750 -0.052281 0.002042
v -0.009385 -0.050728 0.001146
v -0.012414 -0.050728 -0.003130
v -0.010900 -0.050728 -0.000992
v -0.013334 -0.050728 -0.000992
v -0.012414 -0.050728 0.001146
v -0.009385 -0.050728 0.001146
v -0.008465 -0.050728 -0.000992
v -0.009385 -0.050728 -0.003130
v -0.017995 -0.032680 -0.014445
v -0.016971 -0.034454 -0.011690
v -0.014318 -0.031137 -0.007095
v -0.013746 -0.023922 -0.007085
v -0.013893 -0.046185 -0.007340
v -0.016356 -0.041983 -0.011606
v -0.016121 -0.034454 -0.012181
v -0.017995 -0.032680 -0.014445
v -0.013746 -0.023922 -0.007085
v -0.013468 -0.031137 -0.007586
v -0.016356 -0.041983 -0.011606
v -0.013893 -0.046185 -0.007340
v -0.014318 -0.031137 -0.007095
v -0.013893 -0.046185 -0.007340
v -0.013468 -0.031137 -0.007586
v -0.013746 -0.023922 -0.007085
v -0.013893 -0.028599 0.006719
v -0.019860 -0.046487 0.017055
v -0.019443 -0.046871 0.016695
v -0.013468 -0.037279 0.006965
v -0.017182 -0.047724 0.013397
v -0.013893 -0.049022 0.006719
v -0.017666 -0.054249 0.013254
v -0.019897 -0.047738 0.017118
v -0.014318 -0.037279 0.006474
v -0.018032 -0.047724 0.012906
v -0.019757 -0.046871 0.016513
v -0.017666 -0.054249 0.013254
v -0.013893 -0.049022 0.006719
v -0.013893 -0.028599 0.006719
v -0.019860 -0.046487 0.017055
v -0.019897 -0.047738 0.017118
v -0.013468 -0.037279 0.006965
v -0.014318 -0.037279 0.006474
v -0.013893 -0.028599 0.006719
v -0.013893 -0.049022 0.006719
v -0.019897 -0.047738 0.017118
v -0.019443 -0.046871 0.016695
v -0.020109 -0.047277 0.017485
v -0.019860 -0.046487 0.017055
v -0.019897 -0.047738 0.017118
v -0.020109 -0.047277 0.017485
v -0.019757 -0.046871 0.016513
v -0.019860 -0.046487 0.017055
v -0.005883 -0.055661 -0.001125
v -0.005883 -0.055661 0.000817
v -0.006520 -0.056133 0.001183
v -0.006477 -0.056133 -0.003237
v -0.005840 -0.055661 -0.002864
v -0.014936 -0.027737 0.004350
v -0.015171 -0.027340 0.003358
v -0.016149 -0.042101 0.002565
v -0.016000 -0.027342 0.002575
v -0.014967 -0.024083 0.003267
v -0.015921 -0.024083 0.002575
v -0.016465 -0.024045 0.001996
v -0.016764 -0.027338 0.001996
v -0.017474 -0.023962 0.000082
v -0.016638 -0.041307 0.001845
v -0.017861 -0.038756 0.000434
v -0.017254 -0.047416 0.000179
v -0.017474 -0.023962 -0.002731
v -0.015902 -0.015167 -0.001730
v -0.015938 -0.018474 -0.004214
v -0.015304 -0.014366 -0.002196
v -0.015548 -0.011229 0.001003
v -0.015944 -0.012710 0.000986
v -0.015298 -0.018304 -0.005274
v -0.016094 -0.023962 -0.004597
v -0.015499 -0.023962 -0.005529
v -0.016203 -0.034771 -0.005122
v -0.015499 -0.034771 -0.005976
v -0.017861 -0.038711 -0.003331
v -0.016262 -0.037433 -0.003919
v -0.017254 -0.047416 -0.002486
v -0.016589 -0.044883 -0.003877
v -0.015788 -0.038034 -0.004723
v -0.016061 -0.044883 -0.004596
v -0.016959 -0.048000 -0.003058
v -0.014676 -0.011204 -0.003076
v -0.014992 -0.008156 0.001044
v -0.015124 -0.013813 0.001800
v -0.014827 -0.011162 0.002615
v -0.014466 -0.035730 -0.007727
v -0.014725 -0.021705 -0.007072
v -0.010900 -0.021830 -0.007473
v -0.010900 -0.035734 -0.008020
v -0.007075 -0.021705 -0.007072
v -0.007334 -0.035730 -0.007727
v -0.006301 -0.024083 -0.005529
v -0.005984 -0.034771 -0.005976
v -0.007450 -0.042758 -0.007994
v -0.005529 -0.044883 -0.004596
v -0.014350 -0.042758 -0.007994
v -0.005588 -0.034771 -0.005122
v -0.005785 -0.024083 -0.004597
v -0.004954 -0.024083 -0.002731
v -0.004491 -0.041924 -0.003331
v -0.005135 -0.024083 0.002615
v -0.004700 -0.041988 0.002061
v -0.004826 -0.047416 0.000179
v -0.004762 -0.047416 -0.002486
v -0.005065 -0.044883 -0.003877
v -0.005869 -0.018474 -0.004214
v -0.005789 -0.015993 -0.001730
v -0.005609 -0.013889 0.002107
v -0.006103 -0.012296 0.002107
v -0.006279 -0.015030 -0.002293
v -0.006808 -0.008156 0.001044
v -0.007123 -0.011204 -0.003076
v -0.006360 -0.018304 -0.005274
v -0.007961 -0.017066 -0.006497
v -0.009018 -0.020592 -0.007208
v -0.005171 -0.048000 -0.003058
v -0.005577 -0.047080 -0.004034
v -0.006666 -0.045360 -0.006298
v -0.007756 -0.047635 -0.008077
v -0.009001 -0.047821 -0.010100
v -0.010900 -0.047821 -0.010132
v -0.010900 -0.042758 -0.007994
v -0.012799 -0.047821 -0.010100
v -0.014044 -0.047635 -0.008077
v -0.006897 -0.049629 -0.005440
v -0.006528 -0.051969 -0.005148
v -0.005840 -0.055661 -0.002864
v -0.015282 -0.045360 -0.006298
v -0.016223 -0.047080 -0.004034
v -0.014969 -0.049629 -0.005440
v -0.015194 -0.051969 -0.005148
v -0.015878 -0.055661 -0.002864
v -0.015921 -0.055661 -0.001125
v -0.016959 -0.048000 0.000826
v -0.016397 -0.047064 0.002208
v -0.015921 -0.055661 0.000817
v -0.015889 -0.052437 0.002138
v -0.015730 -0.049488 0.003108
v -0.015574 -0.045360 0.004260
v -0.014414 -0.041988 0.006896
v -0.013969 -0.028912 0.006735
v -0.014950 -0.047635 0.006099
v -0.014651 -0.048968 0.006982
v -0.007490 -0.049972 0.006381
v -0.007149 -0.048968 0.006982
v -0.010900 -0.048968 0.006982
v -0.010900 -0.049972 0.006381
v -0.014651 -0.048968 0.006982
v -0.014310 -0.049972 0.006381
v -0.010900 -0.041988 0.006896
v -0.010900 -0.028912 0.006735
v -0.013969 -0.028912 0.006735
v -0.007831 -0.028912 0.006735
v -0.014414 -0.041988 0.006896
v -0.010900 -0.048968 0.006982
v -0.007383 -0.041988 0.006896
v -0.014651 -0.048968 0.006982
v -0.007149 -0.048968 0.006982
v -0.006635 -0.052997 0.002472
v -0.006520 -0.056133 0.001183
v -0.005883 -0.055661 0.000817
v -0.005909 -0.052437 0.002138
v -0.007149 -0.048968 0.006982
v -0.007490 -0.049972 0.006381
v -0.010900 -0.047821 -0.010132
v -0.009001 -0.047821 -0.010100
v -0.009366 -0.048641 -0.009823
v -0.010900 -0.048641 -0.009855
v -0.012799 -0.047821 -0.010100
v -0.012434 -0.048641 -0.009823
v -0.006528 -0.051969 -0.005148
v -0.005840 -0.055661 -0.002864
v -0.006477 -0.056133 -0.003237
v -0.007159 -0.052444 -0.005427
v -0.009001 -0.047821 -0.010100
v -0.009366 -0.048641 -0.009823
v -0.015921 -0.055661 -0.001125
v -0.015242 -0.056133 -0.003237
v -0.015285 -0.056133 0.001183
v -0.015921 -0.055661 0.000817
v -0.015878 -0.055661 -0.002864
v -0.015889 -0.052437 0.002138
v -0.015921 -0.055661 0.000817
v -0.015285 -0.056133 0.001183
v -0.015163 -0.052997 0.002472
v -0.014310 -0.049972 0.006381
v -0.014651 -0.048968 0.006982
v -0.014563 -0.052444 -0.005427
v -0.015194 -0.051969 -0.005148
v -0.012799 -0.047821 -0.010100
v -0.012434 -0.048641 -0.009823
v -0.015242 -0.056133 -0.003237
v -0.015878 -0.055661 -0.002864
v -0.014310 -0.049972 0.006381
v -0.012434 -0.048641 -0.009823
v -0.010900 -0.048641 -0.009855
v -0.010900 -0.049972 0.006381
v -0.007159 -0.052444 -0.005427
v -0.006635 -0.052997 0.002472
v -0.007490 -0.049972 0.006381
v -0.009366 -0.048641 -0.009823
v -0.006477 -0.056133 -0.003237
v -0.006520 -0.056133 0.001183
v -0.005253 -0.048000 0.000826
v -0.005909 -0.052437 0.002138
v -0.005883 -0.055661 0.000817
v -0.005883 -0.055661 -0.001125
v -0.006112 -0.049488 0.003108
v -0.005546 -0.047064 0.002208
v -0.005666 -0.041988 0.002037
v -0.007149 -0.048968 0.006982
v -0.006872 -0.047635 0.006099
v -0.006400 -0.045360 0.004260
v -0.007383 -0.041988 0.006896
v -0.006864 -0.027712 0.004350
v -0.007831 -0.028912 0.006735
v -0.006629 -0.027340 0.003358
v -0.006173 -0.028890 0.002615
v -0.006173 -0.024083 0.002615
v -0.006833 -0.024083 0.003267
v -0.006360 -0.013889 0.002107
v -0.007149 -0.016978 0.002968
v -0.007197 -0.013938 0.002948
v -0.006103 -0.012296 0.002107
v -0.015285 -0.056133 0.001183
v -0.015242 -0.056133 -0.003237
v -0.014563 -0.052444 -0.005427
v -0.015163 -0.052997 0.002472
v -0.012434 -0.048641 -0.009823
v -0.014310 -0.049972 0.006381
v -0.007490 -0.049972 0.006381
v -0.010900 -0.049972 0.006381
v -0.010900 -0.048641 -0.009855
v -0.009366 -0.048641 -0.009823
v -0.005253 -0.048000 0.000826
v -0.004826 -0.047416 0.000179
v -0.004700 -0.041988 0.002061
v -0.005666 -0.041988 0.002037
v -0.006173 -0.028890 0.002615
v -0.005135 -0.024083 0.002615
v -0.006173 -0.024083 0.002615
v -0.005609 -0.013889 0.002107
v -0.006360 -0.013889 0.002107
v -0.006103 -0.012296 0.002107
v -0.007684 -0.011204 -0.003076
v -0.008872 -0.015770 -0.001764
v -0.007490 -0.008156 0.001044
v -0.007760 -0.011162 0.002615
v -0.008159 -0.013938 0.002968
v -0.008854 -0.016957 0.002968
v -0.010900 -0.016957 0.002968
v -0.010900 -0.015770 -0.001764
v -0.008622 -0.017083 -0.006269
v -0.009322 -0.020300 -0.006833
v -0.010900 -0.021374 -0.006882
v -0.014936 -0.027737 0.004350
v -0.013969 -0.028912 0.006735
v -0.010900 -0.028912 0.006735
v -0.010897 -0.027737 0.004350
v -0.006864 -0.027712 0.004350
v -0.007831 -0.028912 0.006735
v -0.006629 -0.027340 0.003358
v -0.010900 -0.027381 0.003358
v -0.015171 -0.027340 0.003358
v -0.012424 -0.020300 -0.006833
v -0.012728 -0.020592 -0.007208
v -0.013835 -0.017066 -0.006497
v -0.013174 -0.017083 -0.006269
v -0.010900 -0.021374 -0.006882
v -0.010900 -0.021830 -0.007473
v -0.009322 -0.020300 -0.006833
v -0.009018 -0.020592 -0.007208
v -0.008622 -0.017083 -0.006269
v -0.007961 -0.017066 -0.006497
v -0.007123 -0.011204 -0.003076
v -0.007684 -0.011204 -0.003076
v -0.007490 -0.008156 0.001044
v -0.006808 -0.008156 0.001044
v -0.014116 -0.011204 -0.003076
v -0.014676 -0.011204 -0.003076
v -0.014992 -0.008156 0.001044
v -0.014310 -0.008156 0.001044
v -0.010900 -0.027381 0.003358
v -0.010900 -0.024083 0.003267
v -0.014967 -0.024083 0.003267
v -0.015171 -0.027340 0.003358
v -0.006629 -0.027340 0.003358
v -0.006833 -0.024083 0.003267
v -0.012946 -0.016957 0.002968
v -0.014651 -0.016978 0.002968
v -0.010900 -0.016957 0.002968
v -0.008854 -0.016957 0.002968
v -0.007149 -0.016978 0.002968
v -0.007197 -0.013938 0.002948
v -0.008159 -0.013938 0.002968
v -0.013641 -0.013938 0.002968
v -0.014603 -0.013938 0.002948
v -0.014827 -0.011162 0.002615
v -0.014039 -0.011162 0.002615
v -0.014992 -0.008156 0.001044
v -0.014310 -0.008156 0.001044
v -0.007760 -0.011162 0.002615
v -0.006103 -0.012296 0.002107
v -0.007490 -0.008156 0.001044
v -0.006808 -0.008156 0.001044
v -0.014310 -0.008156 0.001044
v -0.014039 -0.011162 0.002615
v -0.012928 -0.015770 -0.001764
v -0.013641 -0.013938 0.002968
v -0.012946 -0.016957 0.002968
v -0.010900 -0.016957 0.002968
v -0.010900 -0.015770 -0.001764
v -0.014116 -0.011204 -0.003076
v -0.013174 -0.017083 -0.006269
v -0.012424 -0.020300 -0.006833
v -0.010900 -0.021374 -0.006882
v -0.013835 -0.017066 -0.006497
v -0.012728 -0.020592 -0.007208
v -0.015808 -0.014352 0.001499
v -0.015900 -0.016543 0.002013
v -0.015255 -0.016539 0.002587
v -0.016240 -0.019446 0.001996
v -0.015573 -0.019446 0.002575
v -0.014651 -0.016978 0.002968
v -0.014603 -0.013938 0.002948
v -0.010853 -0.008604 0.000385
v -0.014045 -0.008604 0.000385
v -0.013814 -0.010551 0.001569
v -0.010853 -0.010551 0.001569
v -0.010853 -0.014281 0.001991
v -0.013209 -0.014281 0.001991
v -0.010853 -0.016318 0.001463
v -0.012897 -0.016318 0.001463
v -0.012774 -0.019535 -0.000886
v -0.010853 -0.019535 -0.000886
v -0.012318 -0.020851 -0.004245
v -0.013831 -0.010554 -0.001862
v -0.010853 -0.020851 -0.004245
v -0.013814 -0.010551 0.001569
v -0.014045 -0.008604 0.000385
v -0.012318 -0.020503 -0.004735
v -0.010853 -0.020503 -0.004735
v -0.012318 -0.020503 -0.004735
v -0.007875 -0.010554 -0.001862
v -0.007892 -0.010551 0.001569
v -0.008497 -0.014281 0.001991
v -0.008810 -0.016318 0.001463
v -0.010853 -0.016318 0.001463
v -0.010853 -0.019535 -0.000886
v -0.008932 -0.019535 -0.000886
v -0.010853 -0.014281 0.001991
v -0.010853 -0.020851 -0.004245
v -0.009388 -0.020851 -0.004245
v -0.007892 -0.010551 0.001569
v -0.010853 -0.010551 0.001569
v -0.007661 -0.008604 0.000385
v -0.010853 -0.008604 0.000385
v -0.007661 -0.008604 0.000385
v -0.010853 -0.020503 -0.004735
v -0.009388 -0.020503 -0.004735
v -0.009388 -0.020503 -0.004735
v -0.008288 -0.006268 -0.007294
v -0.008504 -0.012046 -0.007398
v -0.010896 -0.012046 -0.007398
v -0.007898 -0.006650 -0.006792
v -0.008201 -0.012039 -0.006866
v -0.007447 -0.007952 -0.003837
v -0.010892 -0.017088 -0.006530
v -0.013263 -0.012046 -0.007398
v -0.013512 -0.006268 -0.007294
v -0.013901 -0.006650 -0.006799
v -0.013532 -0.012039 -0.006866
v -0.012708 -0.016960 -0.006492
v -0.012983 -0.016770 -0.006045
v -0.014185 -0.011137 -0.001739
v -0.014371 -0.007952 -0.003841
v -0.012206 -0.005842 -0.007471
v -0.009594 -0.005842 -0.007471
v -0.012152 -0.021087 -0.005218
v -0.012434 -0.021151 -0.004788
v -0.010888 -0.021607 -0.004492
v -0.010888 -0.021607 -0.005270
v -0.009629 -0.021087 -0.005218
v -0.009321 -0.021151 -0.004788
v -0.008761 -0.016770 -0.006045
v -0.009067 -0.016960 -0.006492
v -0.007659 -0.011137 -0.001739
v -0.010900 -0.005616 -0.007471
v -0.015292 -0.002656 -0.002445
v -0.014371 -0.007952 -0.003841
v -0.014185 -0.011137 -0.001739
v -0.014279 -0.009130 0.001044
v -0.014685 -0.002656 0.001044
v -0.014708 -0.002342 0.001044
v -0.015333 -0.002342 -0.002471
v -0.013920 -0.002656 -0.006289
v -0.013921 -0.002342 -0.006256
v -0.013512 -0.002656 -0.006890
v -0.013512 -0.002342 -0.006856
v -0.010900 -0.002342 -0.007252
v -0.010900 -0.002656 -0.007293
v -0.013512 -0.006268 -0.007294
v -0.013901 -0.006650 -0.006799
v -0.012206 -0.005842 -0.007471
v -0.008288 -0.002656 -0.006890
v -0.008288 -0.002342 -0.006856
v -0.007886 -0.002656 -0.006288
v -0.007898 -0.006650 -0.006792
v -0.008288 -0.006268 -0.007294
v -0.007885 -0.002342 -0.006256
v -0.006345 -0.002656 -0.002394
v -0.007447 -0.007952 -0.003837
v -0.006296 -0.002342 -0.002418
v -0.007169 -0.002656 0.001145
v -0.007149 -0.002342 0.001151
v -0.007521 -0.009130 0.001044
v -0.007659 -0.011137 -0.001739
v -0.009594 -0.005842 -0.007471
v -0.010900 -0.005616 -0.007471
v -0.010900 -0.002342 0.001097
v -0.007149 -0.002342 0.001151
v -0.006296 -0.002342 -0.002418
v -0.007885 -0.002342 -0.006256
v -0.008288 -0.002342 -0.006856
v -0.010900 -0.002342 -0.007252
v -0.015333 -0.002342 -0.002471
v -0.014708 -0.002342 0.001044
v -0.010900 -0.002342 0.001097
v -0.013921 -0.002342 -0.006256
v -0.013512 -0.002342 -0.006856
v -0.010900 -0.002342 -0.007252
v -0.014685 -0.002656 0.001044
v -0.014279 -0.009130 0.001044
v -0.010900 -0.009130 0.001044
v -0.010900 -0.002656 0.001094
v -0.010900 -0.002342 0.001097
v -0.007149 -0.002342 0.001151
v -0.007169 -0.002656 0.001145
v -0.014708 -0.002342 0.001044
v -0.007521 -0.009130 0.001044
v -0.010900 -0.009130 0.001044
v -0.014279 -0.009130 0.001044
v -0.014185 -0.011137 -0.001739
v -0.010900 -0.010554 -0.001739
v -0.007521 -0.009130 0.001044
v -0.007659 -0.011137 -0.001739
v -0.010888 -0.021607 -0.004492
v -0.012434 -0.021151 -0.004788
v -0.009321 -0.021151 -0.004788
v 0.000474 -0.040145 -0.002741
v 0.000068 -0.039148 -0.001767
v 0.000074 -0.040142 -0.002747
v 0.000082 -0.041466 -0.004052
v -0.000325 -0.040139 -0.002753
v -0.000547 -0.041461 -0.004061
v 0.000088 -0.042481 -0.005052
v 0.000711 -0.041472 -0.004043
v 0.000088 -0.042481 -0.005052
v 0.000167 -0.037142 -0.007266
v 0.000789 -0.036166 -0.006290
v 0.000711 -0.041472 -0.004043
v 0.000220 -0.033455 -0.008778
v 0.000843 -0.032469 -0.007791
v 0.000839 -0.031749 -0.007082
v 0.000806 -0.033138 -0.005673
v 0.000785 -0.035456 -0.005574
v 0.000791 -0.033295 -0.004744
v 0.000782 -0.031722 -0.003195
v 0.000768 -0.032110 -0.002471
v 0.000787 -0.029922 -0.002515
v 0.000793 -0.030427 -0.003164
v 0.000823 -0.029119 -0.004490
v 0.000820 -0.028538 -0.003918
v 0.000728 -0.039170 -0.003861
v 0.000474 -0.040145 -0.002741
v 0.000154 -0.035074 -0.005212
v 0.000097 -0.038788 -0.003499
v 0.000068 -0.039148 -0.001767
v -0.000530 -0.039160 -0.003880
v -0.000530 -0.039160 -0.003880
v -0.000473 -0.035445 -0.005592
v -0.000468 -0.036155 -0.006309
v -0.000451 -0.033127 -0.005692
v -0.000466 -0.033284 -0.004763
v -0.000476 -0.031711 -0.003213
v -0.000490 -0.032099 -0.002489
v -0.000470 -0.029911 -0.002533
v -0.000465 -0.030416 -0.003182
v -0.000434 -0.029108 -0.004509
v -0.000438 -0.028528 -0.003937
v -0.000418 -0.031738 -0.007101
v -0.000414 -0.032458 -0.007810
v -0.000547 -0.041461 -0.004061
v -0.000325 -0.040139 -0.002753
v 0.000068 -0.039148 -0.001767
v 0.000159 -0.029916 -0.002524
v 0.000139 -0.032105 -0.002480
v 0.000768 -0.032110 -0.002471
v 0.000787 -0.029922 -0.002515
v -0.000490 -0.032099 -0.002489
v -0.000470 -0.029911 -0.002533
v 0.000191 -0.028533 -0.003927
v 0.000159 -0.029916 -0.002524
v 0.000787 -0.029922 -0.002515
v 0.000820 -0.028538 -0.003918
v -0.000470 -0.029911 -0.002533
v -0.000438 -0.028528 -0.003937
v 0.000139 -0.032105 -0.002480
v 0.000154 -0.035074 -0.005212
v 0.000785 -0.035456 -0.005574
v 0.000768 -0.032110 -0.002471
v -0.000473 -0.035445 -0.005592
v -0.000490 -0.032099 -0.002489
v 0.000164 -0.030421 -0.003173
v 0.000793 -0.030427 -0.003164
v 0.000782 -0.031722 -0.003195
v 0.000153 -0.031717 -0.003204
v -0.000476 -0.031711 -0.003213
v -0.000465 -0.030416 -0.003182
v 0.000163 -0.033289 -0.004754
v 0.000791 -0.033295 -0.004744
v 0.000806 -0.033138 -0.005673
v 0.000178 -0.033132 -0.005683
v -0.000451 -0.033127 -0.005692
v -0.000466 -0.033284 -0.004763
v 0.000153 -0.031717 -0.003204
v 0.000782 -0.031722 -0.003195
v 0.000791 -0.033295 -0.004744
v 0.000163 -0.033289 -0.004754
v -0.000466 -0.033284 -0.004763
v -0.000476 -0.031711 -0.003213
v 0.000178 -0.033132 -0.005683
v 0.000806 -0.033138 -0.005673
v 0.000839 -0.031749 -0.007082
v 0.000210 -0.031744 -0.007092
v -0.000418 -0.031738 -0.007101
v -0.000451 -0.033127 -0.005692
v 0.000195 -0.029114 -0.004500
v 0.000823 -0.029119 -0.004490
v 0.000793 -0.030427 -0.003164
v 0.000164 -0.030421 -0.003173
v -0.000465 -0.030416 -0.003182
v -0.000434 -0.029108 -0.004509
v 0.000474 -0.040145 -0.002741
v 0.000082 -0.041466 -0.004052
v 0.000711 -0.041472 -0.004043
v 0.000071 0.003534 -0.005689
v -0.001348 0.003528 -0.005713
v -0.001226 0.003532 -0.005210
v -0.001210 0.003525 -0.006215
v -0.000896 0.003523 -0.006646
v -0.000436 0.003523 -0.006929
v 0.000093 0.003524 -0.007043
v -0.000926 0.003537 -0.004773
v -0.000477 0.003541 -0.004470
v 0.000048 0.003544 -0.004336
v 0.000234 -0.051169 -0.001148
v -0.000839 -0.051174 -0.001166
v -0.000593 -0.051211 -0.001323
v 0.000237 -0.051207 -0.001309
v -0.000849 -0.051413 -0.004936
v 0.000241 -0.052092 -0.001327
v -0.000599 -0.052096 -0.001340
v -0.000769 -0.052320 -0.004929
v 0.000301 -0.052327 -0.004911
v 0.000407 -0.052724 -0.011220
v -0.000437 -0.052727 -0.011234
v 0.000125 -0.000443 -0.007917
v -0.000436 0.003523 -0.006929
v 0.000093 0.003524 -0.007043
v -0.001356 -0.000444 -0.007251
v -0.000896 0.003523 -0.006646
v -0.001210 0.003525 -0.006215
v -0.002035 -0.000436 -0.005712
v -0.001348 0.003528 -0.005713
v -0.001226 0.003532 -0.005210
v -0.001407 -0.000422 -0.004151
v -0.000926 0.003537 -0.004773
v -0.000477 0.003541 -0.004470
v 0.000051 -0.000411 -0.003436
v 0.000048 0.003544 -0.004336
v -0.000438 -0.051840 -0.011376
v -0.000604 -0.051843 -0.011676
v 0.000410 -0.051838 -0.011660
v 0.000406 -0.051836 -0.011362
v -0.001105 -0.051544 -0.007056
v -0.000813 -0.051543 -0.007051
v -0.000849 -0.051413 -0.004936
v -0.001141 -0.051415 -0.004941
v -0.000604 -0.051843 -0.011676
v -0.000613 -0.049810 -0.011691
v 0.000402 -0.049805 -0.011675
v 0.000410 -0.051838 -0.011660
v 0.000336 -0.043035 -0.009463
v -0.000679 -0.043039 -0.009479
v 0.000316 -0.038368 -0.009497
v -0.000699 -0.038372 -0.009513
v -0.001105 -0.051544 -0.007056
v -0.000720 -0.033261 -0.009551
v 0.000294 -0.033256 -0.009534
v -0.001267 -0.024890 -0.010152
v -0.000870 -0.033665 -0.008794
v -0.002046 -0.030083 -0.007226
v -0.002387 -0.024877 -0.007630
v -0.002399 -0.022008 -0.007651
v -0.002769 -0.023304 -0.005171
v -0.002576 -0.024881 -0.005157
v -0.001655 -0.028081 -0.005118
v -0.001504 -0.023288 -0.003712
v -0.001379 -0.028069 -0.003714
v 0.000148 -0.023278 -0.003299
v 0.000169 -0.028060 -0.003303
v 0.000123 -0.021949 -0.002137
v -0.001362 -0.021956 -0.002161
v -0.001353 -0.013020 -0.002160
v -0.002763 -0.021984 -0.005181
v -0.001208 -0.035469 -0.005058
v -0.001186 -0.028070 -0.003975
v -0.001159 -0.034260 -0.003930
v -0.002729 -0.013977 -0.005238
v -0.002467 -0.005988 -0.007768
v -0.002694 -0.005971 -0.005295
v -0.001347 -0.006555 -0.002159
v -0.002684 -0.004692 -0.005304
v -0.001848 -0.001312 -0.006868
v -0.002514 -0.001303 -0.005326
v -0.001356 -0.000444 -0.007251
v -0.002035 -0.000436 -0.005712
v -0.001407 -0.000422 -0.004151
v -0.002286 -0.001296 -0.004402
v -0.002421 -0.004684 -0.004379
v -0.001219 -0.000450 -0.008087
v -0.000963 -0.001279 -0.002919
v 0.000046 -0.001275 -0.002903
v 0.000051 -0.000411 -0.003436
v 0.000058 -0.004661 -0.002726
v -0.001026 -0.004666 -0.002744
v 0.000056 -0.006549 -0.002135
v -0.001291 -0.003783 -0.009686
v -0.001353 -0.005999 -0.009976
v 0.000169 -0.003777 -0.009727
v 0.000269 -0.024884 -0.010192
v 0.000184 -0.005993 -0.010017
v 0.000127 -0.000444 -0.008065
v 0.000083 -0.013020 -0.002160
v 0.000237 -0.042992 -0.003494
v -0.000871 -0.042996 -0.003512
v -0.000827 -0.049444 -0.001271
v 0.000228 -0.049440 -0.001253
v 0.000208 -0.035999 -0.003545
v -0.000880 -0.036004 -0.003563
v -0.000849 -0.051413 -0.004936
v 0.000206 -0.034254 -0.003907
v -0.000877 -0.034259 -0.003925
v -0.000853 -0.035467 -0.005052
v -0.000839 -0.051174 -0.001166
v 0.000234 -0.051169 -0.001148
v -0.000846 -0.043007 -0.004997
v 0.000169 -0.028060 -0.003303
v -0.001379 -0.028069 -0.003714
v -0.001186 -0.028070 -0.003975
v 0.000180 -0.028065 -0.003952
v -0.001655 -0.028081 -0.005118
v -0.001141 -0.051415 -0.004941
v -0.001176 -0.043009 -0.005003
v -0.001385 -0.043025 -0.007122
v -0.001568 -0.038177 -0.007160
v -0.001174 -0.038369 -0.008765
v -0.000849 -0.051413 -0.004936
v -0.000769 -0.052320 -0.004929
v -0.000599 -0.052096 -0.001340
v -0.000813 -0.051543 -0.007051
v -0.000437 -0.052727 -0.011234
v -0.000438 -0.051840 -0.011376
v -0.000593 -0.051211 -0.001323
v 0.000241 -0.052092 -0.001327
v 0.000237 -0.051207 -0.001309
v -0.001186 -0.028070 -0.003975
v -0.001159 -0.034260 -0.003930
v -0.000877 -0.034259 -0.003925
v -0.001176 -0.043009 -0.005003
v -0.001141 -0.051415 -0.004941
v -0.000849 -0.051413 -0.004936
v -0.000846 -0.043007 -0.004997
v -0.001208 -0.035469 -0.005058
v -0.000853 -0.035467 -0.005052
v -0.001159 -0.034260 -0.003930
v -0.001208 -0.035469 -0.005058
v -0.000853 -0.035467 -0.005052
v -0.000877 -0.034259 -0.003925
v 0.000127 -0.000444 -0.008065
v -0.001219 -0.000450 -0.008087
v -0.001356 -0.000444 -0.007251
v 0.000125 -0.000443 -0.007917
v 0.000180 -0.028065 -0.003952
v -0.001186 -0.028070 -0.003975
v -0.000877 -0.034259 -0.003925
v 0.000206 -0.034254 -0.003907
v 0.000407 -0.052724 -0.011220
v -0.000437 -0.052727 -0.011234
v -0.000438 -0.051840 -0.011376
v 0.000406 -0.051836 -0.011362
v 0.001489 0.003540 -0.005666
v 0.000071 0.003534 -0.005689
v 0.001351 0.003543 -0.005167
v 0.001368 0.003536 -0.006173
v 0.001068 0.003532 -0.006613
v 0.000618 0.003528 -0.006912
v 0.000093 0.003524 -0.007043
v 0.001037 0.003545 -0.004740
v 0.000577 0.003545 -0.004453
v 0.000048 0.003544 -0.004336
v 0.000234 -0.051169 -0.001148
v 0.000237 -0.051207 -0.001309
v 0.001067 -0.051203 -0.001296
v 0.001308 -0.051164 -0.001131
v 0.001443 -0.051403 -0.004899
v 0.000241 -0.052092 -0.001327
v 0.000301 -0.052327 -0.004911
v 0.001372 -0.052310 -0.004893
v 0.001081 -0.052088 -0.001313
v 0.000407 -0.052724 -0.011220
v 0.001251 -0.052720 -0.011206
v 0.000618 0.003528 -0.006912
v 0.000125 -0.000443 -0.007917
v 0.000093 0.003524 -0.007043
v 0.001583 -0.000432 -0.007202
v 0.001068 0.003532 -0.006613
v 0.001368 0.003536 -0.006173
v 0.002211 -0.000418 -0.005641
v 0.001489 0.003540 -0.005666
v 0.001351 0.003543 -0.005167
v 0.001531 -0.000409 -0.004102
v 0.001037 0.003545 -0.004740
v 0.000577 0.003545 -0.004453
v 0.000051 -0.000411 -0.003436
v 0.000048 0.003544 -0.004336
v 0.001249 -0.051832 -0.011348
v 0.000406 -0.051836 -0.011362
v 0.000410 -0.051838 -0.011660
v 0.001425 -0.051834 -0.011643
v 0.001771 -0.051532 -0.007008
v 0.001479 -0.051533 -0.007013
v 0.001443 -0.051403 -0.004899
v 0.001736 -0.051402 -0.004894
v 0.001425 -0.051834 -0.011643
v 0.000410 -0.051838 -0.011660
v 0.000402 -0.049805 -0.011675
v 0.001417 -0.049801 -0.011658
v 0.000336 -0.043035 -0.009463
v 0.001351 -0.043030 -0.009446
v 0.000316 -0.038368 -0.009497
v 0.001331 -0.038363 -0.009480
v 0.001771 -0.051532 -0.007008
v 0.001309 -0.033252 -0.009517
v 0.000294 -0.033256 -0.009534
v 0.001803 -0.024877 -0.010101
v 0.001437 -0.033655 -0.008756
v 0.002530 -0.030063 -0.007151
v 0.002839 -0.024854 -0.007544
v 0.002827 -0.021986 -0.007565
v 0.003126 -0.023278 -0.005074
v 0.002946 -0.024857 -0.005066
v 0.002052 -0.028065 -0.005057
v 0.001813 -0.023273 -0.003657
v 0.001730 -0.028056 -0.003663
v 0.000148 -0.023278 -0.003299
v 0.000169 -0.028060 -0.003303
v 0.000123 -0.021949 -0.002137
v 0.001608 -0.021943 -0.002112
v 0.003109 -0.021958 -0.005084
v 0.003006 -0.013952 -0.005143
v 0.001668 -0.035456 -0.005010
v 0.001545 -0.028059 -0.003930
v 0.001571 -0.034248 -0.003885
v 0.001519 -0.013008 -0.002112
v 0.000083 -0.013020 -0.002160
v 0.000056 -0.006549 -0.002135
v 0.001459 -0.006543 -0.002112
v 0.000058 -0.004661 -0.002726
v 0.001141 -0.004656 -0.002709
v 0.001054 -0.001271 -0.002886
v 0.000046 -0.001275 -0.002903
v 0.001531 -0.000409 -0.004102
v 0.000051 -0.000411 -0.003436
v 0.002425 -0.001275 -0.004324
v 0.002685 -0.001281 -0.005240
v 0.002211 -0.000418 -0.005641
v 0.001583 -0.000432 -0.007202
v 0.002069 -0.001295 -0.006804
v 0.002883 -0.004667 -0.005213
v 0.002589 -0.004662 -0.004297
v 0.002759 -0.005965 -0.007682
v 0.002903 -0.005946 -0.005203
v 0.001473 -0.000438 -0.008043
v 0.001628 -0.003770 -0.009637
v 0.001718 -0.005986 -0.009925
v 0.000169 -0.003777 -0.009727
v 0.000269 -0.024884 -0.010192
v 0.000184 -0.005993 -0.010017
v 0.000127 -0.000444 -0.008065
v 0.000237 -0.042992 -0.003494
v 0.000228 -0.049440 -0.001253
v 0.001283 -0.049435 -0.001236
v 0.001345 -0.042987 -0.003476
v 0.000208 -0.035999 -0.003545
v 0.001295 -0.035995 -0.003527
v 0.000206 -0.034254 -0.003907
v 0.001288 -0.034249 -0.003889
v 0.001308 -0.051164 -0.001131
v 0.000234 -0.051169 -0.001148
v 0.001443 -0.051403 -0.004899
v 0.001370 -0.042997 -0.004961
v 0.001312 -0.035458 -0.005016
v 0.000169 -0.028060 -0.003303
v 0.000180 -0.028065 -0.003952
v 0.001545 -0.028059 -0.003930
v 0.001730 -0.028056 -0.003663
v 0.002052 -0.028065 -0.005057
v 0.001736 -0.051402 -0.004894
v 0.001700 -0.042996 -0.004955
v 0.001978 -0.043010 -0.007067
v 0.002120 -0.038161 -0.007099
v 0.001781 -0.038356 -0.008716
v 0.001372 -0.052310 -0.004893
v 0.001443 -0.051403 -0.004899
v 0.001081 -0.052088 -0.001313
v 0.001479 -0.051533 -0.007013
v 0.001251 -0.052720 -0.011206
v 0.001249 -0.051832 -0.011348
v 0.001067 -0.051203 -0.001296
v 0.000241 -0.052092 -0.001327
v 0.000237 -0.051207 -0.001309
v 0.001571 -0.034248 -0.003885
v 0.001545 -0.028059 -0.003930
v 0.001288 -0.034249 -0.003889
v 0.001700 -0.042996 -0.004955
v 0.001370 -0.042997 -0.004961
v 0.001443 -0.051403 -0.004899
v 0.001736 -0.051402 -0.004894
v 0.001668 -0.035456 -0.005010
v 0.001312 -0.035458 -0.005016
v 0.001571 -0.034248 -0.003885
v 0.001288 -0.034249 -0.003889
v 0.001312 -0.035458 -0.005016
v 0.001668 -0.035456 -0.005010
v 0.000127 -0.000444 -0.008065
v 0.000125 -0.000443 -0.007917
v 0.001583 -0.000432 -0.007202
v 0.001473 -0.000438 -0.008043
v 0.000180 -0.028065 -0.003952
v 0.000206 -0.034254 -0.003907
v 0.001288 -0.034249 -0.003889
v 0.001545 -0.028059 -0.003930
v 0.000407 -0.052724 -0.011220
v 0.000406 -0.051836 -0.011362
v 0.001249 -0.051832 -0.011348
v 0.001251 -0.052720 -0.011206
v 0.000293 -0.013718 0.003754
v 0.000012 -0.013767 0.003669
v 0.000012 -0.013063 0.004662
v 0.000240 -0.013118 0.004566
v -0.000269 -0.013718 0.003754
v -0.000216 -0.013118 0.004566
v 0.000012 -0.013767 0.003669
v 0.000293 -0.013718 0.003754
v 0.000437 -0.014880 0.004326
v 0.000012 -0.014922 0.004254
v 0.000240 -0.013118 0.004566
v 0.000324 -0.014246 0.005425
v 0.000012 -0.013063 0.004662
v 0.000012 -0.014207 0.005492
v 0.000012 -0.022976 0.009695
v 0.000288 -0.022976 0.009695
v 0.000288 -0.022658 0.010245
v 0.000012 -0.022658 0.010245
v 0.000012 -0.022339 0.010257
v 0.000288 -0.022339 0.010257
v -0.000556 -0.014342 0.003893
v 0.000012 -0.014342 0.003893
v 0.000012 -0.013456 0.005228
v -0.000592 -0.013456 0.005228
v 0.000580 -0.014342 0.003893
v 0.000616 -0.013456 0.005228
v 0.000012 -0.011489 0.001864
v -0.000556 -0.011489 0.001864
v -0.000528 -0.010769 0.003110
v 0.000012 -0.010769 0.003110
v 0.000552 -0.010769 0.003110
v 0.000580 -0.011489 0.001864
v 0.000012 -0.014216 0.003627
v 0.000012 -0.014342 0.003893
v -0.000556 -0.014342 0.003893
v -0.000556 -0.014216 0.003627
v -0.000592 -0.013456 0.005228
v 0.000012 -0.013456 0.005228
v 0.000012 -0.012275 0.004936
v -0.000592 -0.012275 0.004936
v 0.000616 -0.013456 0.005228
v 0.000616 -0.012275 0.004936
v 0.000552 -0.010769 0.003110
v 0.000012 -0.010769 0.003110
v -0.000528 -0.010769 0.003110
v 0.000580 -0.011489 0.001864
v 0.000580 -0.014342 0.003893
v -0.000556 -0.014342 0.003893
v -0.000556 -0.011489 0.001864
v -0.000556 -0.014216 0.003627
v 0.000012 -0.014216 0.003627
v 0.000012 -0.011489 0.001864
v 0.000580 -0.014216 0.003627
v 0.000012 -0.011489 0.001864
v 0.000012 -0.014216 0.003627
v -0.000269 -0.013718 0.003754
v 0.000012 -0.013767 0.003669
v 0.000012 -0.014922 0.004254
v -0.000413 -0.014880 0.004326
v -0.000216 -0.013118 0.004566
v -0.000300 -0.014246 0.005425
v 0.000012 -0.013063 0.004662
v 0.000012 -0.014207 0.005492
v -0.000264 -0.022976 0.009695
v 0.000012 -0.022976 0.009695
v 0.000012 -0.022658 0.010245
v -0.000264 -0.022658 0.010245
v 0.000012 -0.022339 0.010257
v -0.000264 -0.022339 0.010257
v 0.000012 -0.014216 0.003627
v 0.000580 -0.014216 0.003627
v 0.000580 -0.014342 0.003893
v 0.000012 -0.014342 0.003893
v 0.000012 -0.014922 0.004254
v 0.000437 -0.014880 0.004326
v 0.000479 -0.015231 0.004428
v 0.000012 -0.015282 0.004338
v 0.000344 -0.014448 0.005784
v 0.000324 -0.014246 0.005425
v 0.000012 -0.014402 0.005863
v 0.000012 -0.014207 0.005492
v 0.000012 -0.022976 0.009695
v 0.000288 -0.022976 0.009695
v 0.000012 -0.022339 0.010257
v 0.000288 -0.022339 0.010257
v 0.000288 -0.022658 0.010245
v -0.000413 -0.014880 0.004326
v 0.000012 -0.014922 0.004254
v 0.000012 -0.015282 0.004338
v -0.000455 -0.015231 0.004428
v -0.000300 -0.014246 0.005425
v -0.000320 -0.014448 0.005784
v 0.000012 -0.014207 0.005492
v 0.000012 -0.014402 0.005863
v 0.000012 -0.022976 0.009695
v -0.000264 -0.022976 0.009695
v -0.000264 -0.022658 0.010245
v -0.000264 -0.022339 0.010257
v 0.000012 -0.022339 0.010257
v -0.011681 -0.027879 0.004217
v -0.012214 -0.020740 0.003987
v -0.010905 -0.020727 0.004404
v -0.010900 -0.027879 0.004464
v -0.012098 -0.027248 0.003111
v -0.013538 -0.020400 0.002475
v -0.012214 -0.020740 0.003987
v -0.012237 -0.021047 0.004706
v -0.010900 -0.021099 0.004821
v -0.010905 -0.020727 0.004404
v -0.010900 -0.027879 0.004821
v -0.013538 -0.020400 0.002475
v -0.011963 -0.027879 0.004489
v -0.010900 -0.027879 0.004464
v -0.011681 -0.027879 0.004217
v -0.012098 -0.027248 0.003111
v -0.009578 -0.027248 0.003111
v -0.008138 -0.020400 0.002475
v -0.009837 -0.027879 0.004489
v -0.010057 -0.027879 0.004217
v -0.010900 -0.027879 0.004464
v -0.010900 -0.027879 0.004821
v -0.009563 -0.021047 0.004706
v -0.010900 -0.021099 0.004821
v -0.010905 -0.020727 0.004404
v -0.009528 -0.020740 0.003987
v -0.010900 -0.027879 0.004464
v -0.010905 -0.020727 0.004404
v -0.009528 -0.020740 0.003987
v -0.010057 -0.027879 0.004217
v -0.009578 -0.027248 0.003111
v -0.008138 -0.020400 0.002475
v 0.011705 -0.027879 0.004217
v 0.010924 -0.027879 0.004464
v 0.010929 -0.020727 0.004404
v 0.012239 -0.020740 0.003987
v 0.012122 -0.027248 0.003111
v 0.013562 -0.020400 0.002475
v 0.012239 -0.020740 0.003987
v 0.010929 -0.020727 0.004404
v 0.010924 -0.021099 0.004821
v 0.012261 -0.021047 0.004706
v 0.010924 -0.027879 0.004821
v 0.013562 -0.020400 0.002475
v 0.011987 -0.027879 0.004489
v 0.010924 -0.027879 0.004464
v 0.011705 -0.027879 0.004217
v 0.012122 -0.027248 0.003111
v 0.008162 -0.020400 0.002475
v 0.009602 -0.027248 0.003111
v 0.009861 -0.027879 0.004489
v 0.010081 -0.027879 0.004217
v 0.010924 -0.027879 0.004464
v 0.010924 -0.027879 0.004821
v 0.009587 -0.021047 0.004706
v 0.010924 -0.021099 0.004821
v 0.010929 -0.020727 0.004404
v 0.009553 -0.020740 0.003987
v 0.010924 -0.027879 0.004464
v 0.010081 -0.027879 0.004217
v 0.009553 -0.020740 0.003987
v 0.010929 -0.020727 0.004404
v 0.009602 -0.027248 0.003111
v 0.008162 -0.020400 0.002475
vn -0.0000 0.9889 -0.1485
vn -0.0000 -0.1556 0.9878
vn -0.0000 -0.7142 0.6999
vn -0.0000 -0.7514 0.6599
vn -0.0000 -0.7479 0.6638
vn -0.0000 -0.7763 0.6304
vn -0.0000 -0.0000 -1.0000
vn -0.9127 -0.1589 0.3765
vn -0.9864 -0.0751 0.1460
vn -0.9240 -0.1518 0.3511
vn -0.9792 -0.0833 0.1848
vn -0.9933 -0.0512 0.1036
vn -0.9786 -0.1274 0.1615
vn 0.9936 -0.0503 0.1016
vn 0.9868 -0.0742 0.1442
vn 0.9795 -0.0827 0.1835
vn 0.9793 -0.1257 0.1589
vn 0.9240 -0.1518 0.3511
vn 0.9127 -0.1589 0.3765
vn -0.0000 0.5409 -0.8411
vn -0.6552 -0.3167 -0.6859
vn -0.7541 -0.2404 -0.6111
vn -0.7058 -0.3285 -0.6276
vn -0.8157 -0.1589 -0.5562
vn -0.7780 -0.1919 -0.5983
vn -0.7890 -0.2359 -0.5673
vn -0.0000 -0.4350 -0.9004
vn 0.0009 -0.4022 -0.9155
vn -0.8368 -0.1577 -0.5243
vn -0.8821 -0.0799 -0.4643
vn 0.0039 -0.3484 -0.9373
vn -0.9209 -0.0173 -0.3894
vn -0.8893 -0.0154 -0.4570
vn -0.0000 -0.5925 -0.8056
vn 0.0001 -0.5235 -0.8520
vn -0.8310 -0.0323 -0.5554
vn 0.9188 0.0975 -0.3824
vn -0.0000 -0.0000 1.0000
vn 0.9209 -0.0173 -0.3894
vn 0.8157 -0.1589 -0.5562
vn 0.8800 -0.0809 -0.4680
vn 0.7780 -0.1919 -0.5983
vn 0.7873 -0.2324 -0.5711
vn 0.7541 -0.2404 -0.6111
vn 0.6551 -0.3167 -0.6859
vn 0.7058 -0.3285 -0.6276
vn 0.0008 -0.4022 -0.9156
vn 0.8331 -0.1597 -0.5295
vn 0.8284 -0.0377 -0.5588
vn -0.9175 0.1111 -0.3818
vn 0.8893 -0.0154 -0.4570
vn -0.0001 -0.5235 -0.8520
vn 0.0948 0.7199 0.6876
vn -0.0000 0.5160 0.8566
vn -0.0001 0.8140 0.5809
vn -0.0000 0.9314 -0.3641
vn 0.3321 0.8642 -0.3781
vn 0.0088 0.9313 -0.3642
vn -0.0946 0.8775 0.4701
vn 0.3321 0.8642 -0.3780
vn 0.0001 0.9368 0.3500
vn 0.1268 0.9292 0.3472
vn -0.0947 0.7198 0.6877
vn -0.0000 0.8140 0.5809
vn -0.3321 0.8641 -0.3781
vn -0.0001 0.9313 -0.3641
vn -0.0000 0.9313 -0.3642
vn -0.3320 0.8642 -0.3780
vn 0.0946 0.8775 0.4701
vn -0.0001 0.9367 0.3500
vn -0.1268 0.9292 0.3472
vn -0.3698 -0.1005 -0.9236
vn -0.7258 -0.2087 -0.6555
vn -0.7773 -0.0213 -0.6288
vn -0.0038 -0.5703 -0.8214
vn 0.0011 -0.2245 -0.9745
vn 0.0001 0.0589 -0.9983
vn -0.3654 0.0283 -0.9304
vn -0.4362 0.2477 -0.8651
vn -0.6549 0.1967 -0.7297
vn -0.8263 0.1332 -0.5472
vn -0.0029 0.2814 -0.9596
vn 0.0087 0.2814 -0.9595
vn 0.7319 -0.2046 -0.6500
vn -0.0037 -0.5704 -0.8214
vn 0.0013 -0.2245 -0.9745
vn 0.3826 -0.0991 -0.9186
vn -0.0000 0.0589 -0.9983
vn 0.7768 -0.0350 -0.6288
vn 0.3694 0.0213 -0.9290
vn 0.4157 0.2523 -0.8738
vn 0.6437 0.1960 -0.7398
vn -0.0028 0.2814 -0.9596
vn 0.8368 0.1191 -0.5343
vn -0.5746 0.1594 -0.8028
vn 0.2560 0.2044 -0.9448
vn 0.0190 0.0572 -0.9982
vn -0.3645 0.0665 -0.9288
vn 0.9727 0.0832 -0.2164
vn 0.7174 0.4979 -0.4872
vn 0.6998 0.1569 0.6969
vn 0.2629 0.9587 0.1084
vn -0.0375 -0.0000 0.9993
vn -0.0216 0.8188 0.5737
vn -0.8569 0.0359 0.5142
vn -0.6951 0.5579 0.4534
vn -0.9989 0.0459 0.0019
vn -0.9486 0.3045 -0.0869
vn -0.3646 0.0666 -0.9288
vn -0.5745 0.1594 -0.8029
vn 0.2961 0.0606 -0.9532
vn -0.0024 0.0905 -0.9959
vn -0.0241 0.0869 -0.9959
vn 0.2267 0.0603 -0.9721
vn -0.2973 0.0941 -0.9501
vn -0.2666 0.0932 -0.9593
vn 0.9119 -0.0197 -0.4099
vn 0.8920 -0.0310 -0.4509
vn 0.9983 -0.0143 -0.0566
vn 0.9960 -0.0147 -0.0877
vn 0.9996 -0.0155 0.0225
vn 0.9772 -0.0084 0.2120
vn -0.9111 0.0285 -0.4111
vn -0.9220 0.0895 -0.3766
vn -0.9881 0.1371 -0.0690
vn -0.9939 0.0881 -0.0664
vn -0.9956 0.0934 0.0096
vn -0.9752 0.1599 0.1528
vn 0.1764 0.0967 -0.9796
vn -0.0313 0.1111 -0.9933
vn -0.0142 0.1400 -0.9900
vn -0.5058 0.1518 -0.8492
vn -0.2447 0.1106 -0.9633
vn -0.9518 0.0951 -0.2915
vn 0.5260 0.1175 -0.8424
vn 0.9246 0.0031 -0.3810
vn -0.9940 0.1077 -0.0182
vn -0.9904 0.1244 -0.0597
vn -0.9848 0.1584 -0.0706
vn 0.9954 0.0073 -0.0957
vn 0.9999 -0.0115 -0.0020
vn 0.9963 0.0128 -0.0853
vn -0.0000 -1.0000 -0.0000
vn -0.0134 0.0117 0.9998
vn -0.0134 0.0177 0.9998
vn -0.0061 0.0126 0.9999
vn -0.0066 0.0086 0.9999
vn -0.0069 0.0041 1.0000
vn -0.0133 0.0056 0.9999
vn -0.0023 0.0182 0.9998
vn -0.0073 0.0200 0.9998
vn -0.0237 0.0296 0.9993
vn -0.0333 0.0342 0.9989
vn -0.0038 0.0193 0.9998
vn -0.4019 0.4644 -0.7892
vn -0.4736 0.4700 -0.7448
vn -0.4746 0.4751 -0.7409
vn -0.4191 0.4649 -0.7799
vn -0.3343 0.6699 -0.6630
vn -0.3710 0.6278 -0.6843
vn -0.3032 0.8433 -0.4437
vn -0.2742 0.8332 -0.4801
vn -0.3330 0.8565 -0.3943
vn -0.3149 0.8547 -0.4126
vn -0.3606 0.6273 -0.6903
vn -0.3739 0.5924 -0.7136
vn -0.3913 0.4738 -0.7889
vn -0.3936 0.4871 -0.7796
vn -0.9485 0.3045 -0.0870
vn -0.1079 0.7924 -0.6004
vn 0.7175 0.4979 -0.4872
vn -0.0218 0.8187 0.5738
vn -0.6951 0.5579 0.4535
vn -0.7961 -0.1335 0.5902
vn -0.8039 -0.3741 0.4623
vn -0.0000 -0.6123 0.7906
vn -0.0000 -0.2211 0.9752
vn -0.8227 -0.5182 0.2336
vn -0.0000 -0.8982 0.4396
vn -0.0000 -0.2994 -0.9541
vn -0.2850 -0.2869 -0.9146
vn -0.0000 -0.1313 -0.9913
vn -0.4516 -0.1164 -0.8846
vn -0.8098 -0.0000 0.5868
vn -0.4517 -0.1164 -0.8846
vn -0.2850 -0.2870 -0.9145
vn 0.4517 -0.1164 -0.8846
vn 0.8098 -0.0000 0.5868
vn 0.7961 -0.1335 0.5902
vn 0.8039 -0.3741 0.4623
vn -0.0001 -0.8982 0.4395
vn 0.8227 -0.5182 0.2335
vn 0.2850 -0.2869 -0.9146
vn 0.4516 -0.1164 -0.8846
vn 0.2850 -0.2870 -0.9146
vn -0.5952 -0.8036 -0.0000
vn -0.6072 -0.7945 0.0061
vn -0.6017 -0.7987 0.0028
vn -0.5998 -0.8001 0.0100
vn -0.5896 -0.8076 0.0146
vn 0.8041 0.0297 0.5938
vn 0.9402 0.0401 0.3382
vn 0.9010 0.0179 0.4335
vn 0.6938 0.0095 0.7201
vn 0.5838 0.0472 0.8106
vn 0.6247 0.0445 0.7796
vn 0.8026 0.0515 0.5943
vn 0.8458 0.0226 0.5330
vn 0.9963 0.0570 0.0637
vn 0.7745 -0.0277 0.6320
vn 0.9876 -0.0119 0.1567
vn 0.9892 -0.0953 0.1112
vn 0.9877 0.0589 -0.1447
vn 0.9519 0.2096 -0.2233
vn 0.9028 0.1918 -0.3850
vn 0.9423 0.2102 -0.2606
vn 0.9875 0.1533 -0.0368
vn 0.9692 0.2285 -0.0920
vn 0.8210 0.1930 -0.5373
vn 0.8137 0.0432 -0.5796
vn 0.8638 0.0225 -0.5033
vn 0.7911 0.0171 -0.6114
vn 0.8728 -0.0016 -0.4881
vn 0.9884 -0.0069 -0.1515
vn 0.5909 -0.1395 -0.7946
vn 0.9918 -0.1035 -0.0744
vn 0.8048 -0.0500 -0.5915
vn 0.8863 -0.0163 -0.4629
vn 0.8755 0.0154 -0.4829
vn 0.9674 -0.1327 -0.2157
vn 0.9579 0.1631 -0.2362
vn 0.9844 0.1455 -0.0987
vn 0.8501 0.1079 0.5155
vn 0.9106 0.0748 0.4065
vn 0.4324 0.0261 -0.9013
vn 0.3274 0.0501 -0.9435
vn -0.0000 0.0424 -0.9991
vn -0.0000 0.0388 -0.9992
vn -0.3210 0.0498 -0.9458
vn -0.4669 0.0241 -0.8840
vn -0.8621 0.0301 -0.5059
vn -0.8554 0.0098 -0.5179
vn -0.6360 0.0389 -0.7707
vn -0.8551 -0.0418 -0.5168
vn 0.5730 0.0815 -0.8155
vn -0.9043 0.0300 -0.4258
vn -0.9059 0.0385 -0.4218
vn -0.9970 0.0337 -0.0692
vn -0.9993 0.0100 -0.0366
vn -0.9989 0.0292 0.0358
vn -0.9993 0.0142 0.0359
vn -0.9941 -0.1034 0.0323
vn -0.9930 -0.1141 -0.0305
vn -0.8773 -0.0708 -0.4746
vn -0.9481 0.1358 -0.2876
vn -0.9698 0.1774 -0.1671
vn -0.9819 0.1625 -0.0976
vn -0.9696 0.1767 -0.1694
vn -0.9584 0.2000 -0.2036
vn -0.9753 0.1526 -0.1598
vn -0.9677 0.1623 -0.1929
vn -0.8322 0.1825 -0.5235
vn -0.6633 0.2562 -0.7031
vn -0.1343 0.1147 -0.9843
vn -0.9767 -0.1273 -0.1726
vn -0.8457 -0.1517 -0.5117
vn -0.8681 -0.0982 -0.4866
vn -0.8714 -0.1264 -0.4739
vn -0.4947 0.2065 -0.8442
vn -0.0000 0.3846 -0.9231
vn -0.0000 0.1722 -0.9851
vn 0.4936 0.2013 -0.8461
vn 0.8621 -0.1261 -0.4908
vn -0.8828 0.0011 -0.4697
vn -0.8997 -0.0437 -0.4343
vn -0.9880 -0.0895 -0.1263
vn 0.8792 -0.0618 -0.4724
vn 0.8314 -0.1111 -0.5445
vn 0.8676 -0.0378 -0.4958
vn 0.8685 -0.0923 -0.4870
vn 0.9716 -0.1419 -0.1891
vn 0.9906 -0.1363 -0.0085
vn 0.9758 -0.1164 0.1851
vn 0.9188 -0.0282 0.3937
vn 0.9895 -0.1341 0.0533
vn 0.9358 -0.1053 0.3366
vn 0.9388 -0.0604 0.3390
vn 0.9344 0.0127 0.3560
vn 0.9279 0.0325 0.3713
vn 0.9198 0.0361 0.3908
vn 0.9465 0.0005 0.3228
vn 0.9545 -0.0183 0.2975
vn -0.0000 -0.5135 0.8581
vn -0.0000 0.0123 0.9999
vn -0.6335 -0.4329 0.6413
vn -0.6370 -0.4569 0.6209
vn -0.6026 -0.2916 0.7428
vn -0.6438 -0.5327 0.5493
vn -0.0000 -0.3235 -0.9462
vn -0.0176 -0.3235 -0.9461
vn 0.0176 -0.3235 -0.9461
vn 0.0176 -0.3234 -0.9461
vn -0.5982 -0.3979 -0.6956
vn -0.5986 -0.3967 -0.6959
vn -0.6126 -0.3234 -0.7212
vn -0.5857 -0.4488 -0.6749
vn 0.5903 -0.8071 -0.0097
vn 0.5836 -0.8120 -0.0058
vn 0.5886 -0.8084 -0.0028
vn 0.5952 -0.8036 -0.0000
vn 0.6008 -0.7993 -0.0149
vn 0.6370 -0.4565 0.6212
vn 0.6335 -0.4325 0.6416
vn 0.6022 -0.2906 0.7436
vn 0.6440 -0.5327 0.5491
vn 0.6008 -0.3984 -0.6930
vn 0.5896 -0.4518 -0.6696
vn 0.5895 -0.4518 -0.6696
vn 0.6005 -0.3999 -0.6924
vn 0.6128 -0.3239 -0.7209
vn 0.6127 -0.3239 -0.7209
vn 0.0004 -0.9966 -0.0818
vn -0.0000 -0.9967 -0.0817
vn -0.0000 -0.9966 -0.0818
vn 0.0006 -0.9966 -0.0818
vn 0.9307 -0.3615 0.0556
vn 0.9124 -0.4050 0.0592
vn 0.9354 -0.3493 0.0546
vn 0.9932 -0.1115 0.0338
vn -0.9686 -0.0633 0.2402
vn -0.9902 -0.1053 0.0915
vn -0.9961 -0.0820 0.0322
vn -0.9963 -0.0846 0.0137
vn -0.9556 -0.0315 0.2930
vn -0.9504 -0.0133 0.3106
vn -0.9428 0.0243 0.3326
vn -0.9590 -0.0087 0.2832
vn -0.9564 0.0148 0.2918
vn -0.9458 0.0214 0.3241
vn -0.9422 0.0255 0.3341
vn -0.9441 0.0346 0.3278
vn -0.9196 0.0363 0.3912
vn -0.9000 0.0330 0.4346
vn -0.8548 0.0129 0.5188
vn -0.7032 0.0466 0.7094
vn -0.7031 0.0466 0.7095
vn -0.6896 0.0017 0.7242
vn -0.6645 0.0531 0.7454
vn -0.7087 -0.0121 0.7054
vn -0.7071 -0.1137 0.6979
vn -0.9928 -0.1101 0.0469
vn -0.9380 -0.3412 0.0603
vn -0.9335 -0.3533 0.0610
vn -0.9928 -0.1102 0.0469
vn -0.9162 -0.3957 0.0632
vn -0.0004 -0.9966 -0.0818
vn -0.0005 -0.9966 -0.0818
vn -0.4737 -0.2188 0.8531
vn -0.1873 -0.1209 0.9748
vn -0.1984 -0.1209 0.9726
vn -0.4737 -0.2187 0.8531
vn -0.1232 -0.0274 0.9920
vn -0.0228 0.0239 0.9995
vn -0.0000 0.0338 0.9994
vn -0.0000 0.0444 0.9990
vn -0.0000 0.0436 0.9991
vn 0.7669 0.6418 -0.0074
vn 0.9688 0.2186 -0.1166
vn 0.9842 0.1771 0.0041
vn 0.9847 0.1442 0.0982
vn 0.9804 0.1814 0.0775
vn 0.4706 0.8554 0.2163
vn -0.0000 0.9700 0.2433
vn -0.0001 0.9995 -0.0328
vn 0.8718 0.3189 -0.3719
vn 0.5782 0.5106 -0.6363
vn 0.0023 0.6744 -0.7384
vn -0.0019 0.9135 0.4068
vn 0.0015 0.9103 0.4140
vn 0.0017 0.8963 0.4434
vn -0.0000 0.8970 0.4420
vn 0.0048 0.9145 0.4046
vn 0.0030 0.8954 0.4453
vn 0.0074 0.9391 0.3435
vn 0.0014 0.9372 0.3487
vn -0.0046 0.9353 0.3539
vn -0.4407 0.4178 -0.7945
vn -0.2697 0.4319 -0.8607
vn -0.2532 0.4438 -0.8596
vn -0.4353 0.4658 -0.7704
vn -0.0010 0.7213 -0.6927
vn 0.0018 0.7213 -0.6927
vn 0.4392 0.4186 -0.7949
vn 0.4323 0.4682 -0.7706
vn 0.2698 0.4306 -0.8613
vn 0.2543 0.4420 -0.8602
vn 0.0916 0.6564 -0.7489
vn 0.1010 0.6386 -0.7629
vn -0.0000 0.8039 -0.5947
vn -0.1010 0.6386 -0.7629
vn -0.0916 0.6564 -0.7488
vn 0.0001 0.0277 0.9996
vn -0.0003 0.0280 0.9996
vn -0.0000 0.0360 0.9994
vn -0.0000 0.0357 0.9994
vn 0.0001 0.0278 0.9996
vn -0.0000 0.0359 0.9994
vn 0.0009 0.0378 0.9993
vn 0.0013 0.0357 0.9994
vn -0.0000 0.0419 0.9991
vn -0.0009 0.0378 0.9993
vn -0.0013 0.0357 0.9994
vn -0.1464 0.0919 0.9849
vn -0.1131 0.0704 0.9911
vn 0.0088 0.0411 0.9991
vn 0.0090 0.0485 0.9988
vn 0.0055 0.3059 0.9521
vn 0.0061 0.2867 0.9580
vn -0.0000 0.4632 0.8862
vn -0.3276 0.2884 0.8997
vn -0.3071 0.2488 0.9186
vn -0.3547 0.3423 0.8700
vn -0.9847 0.1441 0.0983
vn -0.9842 0.1772 0.0040
vn -0.7669 0.6418 -0.0071
vn -0.9803 0.1814 0.0775
vn -0.4706 0.8554 0.2163
vn -0.0002 0.9995 -0.0328
vn -0.9688 0.2187 -0.1164
vn -0.8689 0.3263 -0.3721
vn -0.5855 0.5090 -0.6310
vn 0.0022 0.6743 -0.7384
vn 0.1316 0.1164 -0.9844
vn 0.6889 0.2435 -0.6827
vn 0.8126 0.1293 0.5683
vn 0.8488 0.1305 0.5123
vn 0.6214 0.0877 0.7786
vn 0.8216 0.0755 0.5650
vn 0.5973 0.0529 0.8003
vn 0.5250 0.0380 0.8502
vn 0.8909 0.0685 0.4490
vn 0.9864 -0.0751 0.1460
vn 0.9238 -0.1519 0.3515
vn 0.9792 -0.0833 0.1848
vn 0.9933 -0.0512 0.1036
vn 0.9786 -0.1274 0.1615
vn -0.9868 -0.0742 0.1442
vn -0.9936 -0.0503 0.1016
vn -0.9795 -0.0827 0.1835
vn -0.9793 -0.1257 0.1589
vn -0.9238 -0.1519 0.3515
vn 0.6552 -0.3167 -0.6859
vn 0.7890 -0.2359 -0.5673
vn -0.0009 -0.4022 -0.9155
vn 0.8368 -0.1577 -0.5243
vn 0.8821 -0.0799 -0.4643
vn -0.0039 -0.3484 -0.9373
vn 0.8310 -0.0324 -0.5554
vn -0.9188 0.0975 -0.3824
vn -0.8800 -0.0809 -0.4680
vn -0.7873 -0.2324 -0.5711
vn -0.6551 -0.3167 -0.6859
vn -0.0008 -0.4022 -0.9155
vn -0.8331 -0.1597 -0.5295
vn -0.8285 -0.0377 -0.5588
vn 0.9175 0.1111 -0.3818
vn -0.0948 0.7199 0.6876
vn -0.3321 0.8642 -0.3781
vn -0.3321 0.8642 -0.3780
vn 0.0947 0.7198 0.6876
vn 0.0001 0.8140 0.5809
vn 0.3321 0.8641 -0.3781
vn 0.0001 0.9314 -0.3641
vn 0.3320 0.8642 -0.3780
vn 0.7258 -0.2087 -0.6555
vn 0.3698 -0.1005 -0.9236
vn 0.7771 -0.0213 -0.6291
vn 0.0038 -0.5703 -0.8214
vn -0.0011 -0.2245 -0.9745
vn -0.0001 0.0589 -0.9983
vn 0.3654 0.0283 -0.9304
vn 0.6549 0.1967 -0.7297
vn 0.4362 0.2477 -0.8651
vn 0.8263 0.1332 -0.5472
vn 0.0029 0.2814 -0.9596
vn -0.0087 0.2814 -0.9595
vn -0.7319 -0.2046 -0.6500
vn -0.3826 -0.0991 -0.9186
vn -0.0013 -0.2245 -0.9745
vn 0.0037 -0.5704 -0.8214
vn -0.7770 -0.0351 -0.6285
vn -0.3694 0.0213 -0.9290
vn 0.0028 0.2814 -0.9596
vn -0.6437 0.1960 -0.7398
vn -0.4157 0.2523 -0.8738
vn -0.8368 0.1191 -0.5343
vn -0.0000 1.0000 -0.0000
vn -0.0000 0.1358 0.9907
vn -0.7862 -0.5171 -0.3383
vn -0.0000 0.1358 -0.9907
vn 0.9093 0.1419 0.3913
vn -0.9093 0.1419 0.3913
vn -0.0000 -0.5001 -0.8660
vn 0.9093 0.1419 -0.3913
vn -0.7862 -0.5171 0.3383
vn -0.0000 -0.5001 0.8660
vn -0.9093 0.1419 -0.3913
vn 0.7862 -0.5171 0.3383
vn 0.7862 -0.5171 -0.3383
vn -0.7214 0.1499 0.6760
vn -0.8244 0.0570 0.5632
vn -0.8072 0.0354 0.5892
vn -0.8396 0.0378 0.5418
vn -0.8636 -0.0265 0.5034
vn -0.8921 -0.0498 0.4490
vn -0.8722 -0.0758 0.4832
vn -0.7771 -0.1037 0.6208
vn 0.8678 -0.0265 -0.4962
vn 0.8890 0.0378 -0.4563
vn 0.9139 0.0354 -0.4045
vn 0.8546 -0.0758 -0.5138
vn 0.8349 -0.0498 -0.5481
vn 0.8999 0.0570 -0.4324
vn 0.9462 0.1499 -0.2868
vn 0.9262 -0.1038 -0.3626
vn -0.5000 -0.0000 -0.8660
vn -0.7771 -0.1038 0.6208
vn -0.7718 -0.0294 0.6351
vn -0.7213 0.1497 0.6762
vn 0.9360 -0.0293 -0.3508
vn 0.9262 -0.1037 -0.3626
vn 0.9463 0.1497 -0.2866
vn 0.9067 0.0667 0.4164
vn 0.8981 0.0866 0.4311
vn 0.8865 0.0482 0.4601
vn 0.8927 0.0140 0.4505
vn 0.8674 -0.0438 0.4957
vn 0.8964 -0.0684 0.4380
vn -0.8365 0.0140 -0.5478
vn -0.8417 0.0482 -0.5377
vn -0.8224 0.0865 -0.5622
vn -0.8140 0.0667 -0.5770
vn -0.8275 -0.0684 -0.5573
vn -0.8630 -0.0438 -0.5033
vn -0.5000 -0.0000 0.8660
vn -0.5000 -0.0130 0.8660
vn -0.4996 -0.0409 0.8653
vn -0.0000 0.5197 0.8544
vn -0.0000 0.2868 0.9580
vn 0.4983 0.1942 0.8450
vn 0.4211 0.4344 0.7962
vn -0.0000 -0.0029 1.0000
vn 0.5252 -0.0727 0.8478
vn -0.0000 -0.4722 0.8815
vn 0.7661 -0.3394 0.5458
vn 0.8506 -0.4548 0.2638
vn -0.0000 -0.7687 0.6396
vn 0.8152 -0.5760 0.0600
vn 0.9914 -0.1305 0.0033
vn -0.0000 -0.9659 0.2590
vn 0.4984 0.1941 0.8450
vn 0.9278 -0.3044 -0.2158
vn -0.0000 -0.8157 -0.5784
vn -0.4984 0.1941 0.8450
vn -0.9915 -0.1304 0.0032
vn -0.5252 -0.0727 0.8478
vn -0.7661 -0.3394 0.5458
vn -0.0000 -0.7688 0.6395
vn -0.8507 -0.4548 0.2638
vn -0.8152 -0.5760 0.0600
vn -0.4983 0.1942 0.8450
vn -0.0000 0.2869 0.9580
vn -0.4211 0.4344 0.7962
vn -0.9278 -0.3044 -0.2158
vn -0.9278 -0.3043 -0.2158
vn -0.3125 -0.0850 -0.9461
vn -0.3292 -0.0255 -0.9439
vn -0.0000 -0.0796 -0.9968
vn -0.9361 -0.0436 -0.3490
vn -0.9714 -0.1151 -0.2076
vn -0.9879 -0.0874 -0.1279
vn -0.0000 -0.2320 -0.9727
vn 0.3165 -0.0859 -0.9447
vn 0.3315 -0.0285 -0.9430
vn 0.9368 -0.0544 -0.3455
vn 0.9699 -0.1179 -0.2130
vn 0.3806 -0.2563 -0.8885
vn 0.9752 -0.1568 -0.1559
vn 0.9863 -0.1323 -0.0989
vn 0.9850 -0.0959 -0.1433
vn 0.0600 -0.0244 -0.9979
vn -0.0598 -0.0243 -0.9979
vn 0.4469 -0.3594 -0.8192
vn 0.9516 -0.2218 -0.2129
vn -0.0000 -0.9983 -0.0580
vn -0.0000 -0.4454 -0.8953
vn -0.4361 -0.3612 -0.8243
vn -0.9505 -0.2240 -0.2153
vn -0.9762 -0.1573 -0.1491
vn -0.3718 -0.2568 -0.8921
vn -0.9885 -0.1291 -0.0788
vn -0.0000 -0.0114 -0.9999
vn 0.9791 -0.1289 -0.1571
vn 0.9964 -0.0842 0.0046
vn 0.9917 -0.1013 0.0789
vn 0.9893 -0.0949 0.1112
vn 0.9890 -0.0948 0.1139
vn 0.9806 -0.0929 0.1724
vn 0.9902 -0.0768 -0.1169
vn 0.9205 0.0354 -0.3892
vn 0.9264 -0.0434 -0.3739
vn 0.4526 0.1040 -0.8856
vn 0.3211 0.1090 -0.9407
vn -0.0000 0.1172 -0.9931
vn -0.0000 0.1119 -0.9937
vn 0.6265 0.0885 -0.7744
vn 0.9509 -0.0395 -0.3070
vn 0.1274 0.1016 -0.9866
vn -0.4550 0.1039 -0.8844
vn -0.3218 0.1091 -0.9405
vn -0.9105 0.0377 -0.4118
vn -0.9458 -0.0522 -0.3204
vn -0.6296 0.0884 -0.7719
vn -0.9151 -0.0512 -0.3999
vn -0.9953 -0.0952 0.0192
vn -0.9724 -0.1548 -0.1743
vn -0.9903 -0.0858 -0.1096
vn -0.9840 -0.1043 0.1441
vn -0.9685 -0.0992 0.2285
vn -0.9846 -0.1046 0.1400
vn -0.9885 -0.1134 0.0995
vn -0.1274 0.1016 -0.9866
vn -0.0000 0.0600 -0.9982
vn 0.0074 -0.0042 1.0000
vn 0.0074 -0.0079 0.9999
vn 0.0070 -0.0078 0.9999
vn 0.0071 -0.0041 1.0000
vn 0.0138 -0.0089 0.9999
vn 0.0139 -0.0133 0.9998
vn 0.0075 -0.0116 0.9999
vn 0.0137 -0.0051 0.9999
vn 0.0071 -0.0115 0.9999
vn -0.0000 -0.8505 0.5260
vn -0.0000 -0.4886 0.8725
vn 0.0172 -0.4582 0.8887
vn -0.0742 -0.8483 0.5243
vn 0.0745 -0.8481 0.5246
vn -0.0173 -0.4578 0.8889
vn -0.0000 -0.2694 0.9630
vn 0.0518 -0.2692 0.9617
vn -0.0520 -0.2689 0.9618
vn -0.0666 0.0124 -0.9977
vn -0.0902 -0.0188 -0.9957
vn -0.1000 -0.0233 -0.9947
vn -0.0880 0.0078 -0.9961
vn -0.0893 0.0089 -0.9960
vn -0.0938 0.0101 -0.9955
vn -0.0960 0.0143 -0.9953
vn -0.0678 -0.0011 -0.9977
vn -0.0449 0.0129 -0.9989
vn -0.1015 0.0143 -0.9947
vn -0.0527 -0.0070 -0.9986
vn -0.1027 0.0130 -0.9946
vn 0.2613 -0.1660 0.9509
vn 0.1254 -0.0970 0.9873
vn 0.1391 -0.0962 0.9856
vn 0.1528 -0.0576 0.9866
vn 0.1916 -0.1072 0.9756
vn -0.0088 -0.0130 0.9999
vn 0.0309 -0.0191 0.9993
vn 0.0707 0.0618 0.9956
vn 0.0837 0.0563 0.9949
vn 0.1288 -0.0155 0.9916
vn 0.1994 -0.1024 0.9746
vn 0.2875 -0.0316 0.9573
vn -0.0236 0.2139 0.9766
vn 0.2319 0.0419 0.9718
vn 0.2633 0.0347 0.9641
vn 0.1682 0.1271 0.9775
vn 0.0339 0.1993 0.9794
vn -0.1192 0.3461 0.9306
vn -0.9798 0.2002 -0.0000
vn -0.9656 0.2599 -0.0000
vn -0.9620 0.2457 0.1195
vn -0.6529 0.1380 0.7448
vn -0.6560 0.1274 0.7440
vn -0.6899 0.1237 0.7133
vn -0.0527 -0.0069 -0.9986
vn -0.0678 -0.0012 -0.9977
vn -0.0702 -0.0050 -0.9975
vn 0.2040 -0.0332 0.9784
vn 0.1002 -0.0332 0.9944
vn 0.2044 -0.0155 0.9788
vn 0.2270 -0.0169 0.9737
vn 0.3149 0.0149 0.9490
vn 0.2290 -0.0234 0.9731
vn 0.3220 0.0389 0.9459
vn 0.2573 0.0482 0.9651
vn 0.1701 0.0264 0.9851
vn 0.2747 0.1464 0.9503
vn 0.4204 0.1176 0.8997
vn 0.7776 0.2786 0.5637
vn 0.8090 0.2604 0.5270
vn 0.2450 0.0578 0.9678
vn 0.1928 0.0615 0.9793
vn 0.1496 0.0685 0.9864
vn 0.0555 0.0531 0.9970
vn 0.4343 0.4343 0.7891
vn 0.4327 0.4293 0.7928
vn 0.1370 0.1011 0.9854
vn 0.2847 -0.0736 0.9558
vn 0.2380 -0.0283 0.9709
vn 0.3328 -0.1346 0.9333
vn 0.2708 -0.2538 0.9286
vn 0.1868 0.1360 -0.9729
vn 0.0644 -0.0171 -0.9978
vn 0.0620 0.0146 -0.9980
vn 0.1889 0.1403 -0.9719
vn 0.0345 -0.0288 -0.9990
vn -0.0090 -0.0064 -0.9999
vn -0.0196 -0.0140 -0.9997
vn 0.1577 0.0484 -0.9863
vn 0.5163 0.1757 -0.8382
vn 0.5010 0.1764 -0.8473
vn 0.0442 -0.0413 -0.9982
vn 0.0367 -0.0403 -0.9985
vn 0.0097 -0.0485 -0.9988
vn -0.0223 -0.0606 -0.9979
vn 0.2052 0.9787 -0.0000
vn 0.2190 0.9757 -0.0000
vn 0.2187 0.9758 -0.0000
vn -0.0993 0.9951 -0.0000
vn 0.0209 0.9998 -0.0000
vn -0.6236 0.7818 -0.0000
vn 0.2161 0.9764 -0.0000
vn -1.0000 -0.0000 -0.0000
vn -0.9964 -0.0843 -0.0052
vn -0.9876 -0.1488 -0.0498
vn -0.9050 -0.3778 0.1955
vn -0.9193 -0.3934 -0.0073
vn -0.9637 -0.2181 -0.1539
vn -0.9680 -0.0651 -0.2425
vn -0.9757 -0.0236 -0.2178
vn -0.9496 -0.0458 -0.3100
vn -0.9486 -0.0474 -0.3129
vn -0.9560 -0.0409 -0.2904
vn -0.4347 -0.2130 -0.8750
vn -0.2043 -0.2229 -0.9532
vn 0.2480 -0.2569 -0.9341
vn 0.6593 -0.2029 -0.7240
vn 0.8122 -0.1597 -0.5611
vn 0.8444 -0.1793 -0.5048
vn 0.9658 -0.2564 -0.0386
vn 0.8523 -0.1788 -0.4916
vn 0.9714 -0.2375 -0.0000
vn 0.8947 -0.4399 -0.0776
vn 0.9541 -0.2927 -0.0635
vn 0.9285 -0.3617 -0.0834
vn 0.9991 0.0406 0.0094
vn 0.5746 0.1594 -0.8028
vn 0.3645 0.0665 -0.9288
vn -0.0190 0.0572 -0.9982
vn -0.2560 0.2044 -0.9448
vn -0.9728 0.0832 -0.2164
vn -0.7174 0.4979 -0.4872
vn -0.6998 0.1569 0.6969
vn -0.2629 0.9587 0.1085
vn 0.0375 -0.0000 0.9993
vn 0.0217 0.8187 0.5737
vn 0.8569 0.0359 0.5142
vn 0.6951 0.5579 0.4534
vn 0.9989 0.0459 0.0019
vn 0.9486 0.3044 -0.0869
vn 0.3646 0.0665 -0.9288
vn 0.5745 0.1594 -0.8028
vn -0.2962 0.0606 -0.9532
vn -0.2267 0.0603 -0.9721
vn 0.0241 0.0869 -0.9959
vn 0.0024 0.0905 -0.9959
vn 0.2973 0.0941 -0.9501
vn 0.2666 0.0932 -0.9593
vn -0.9119 -0.0197 -0.4099
vn -0.8920 -0.0310 -0.4509
vn -0.9983 -0.0143 -0.0565
vn -0.9960 -0.0147 -0.0877
vn -0.9996 -0.0155 0.0225
vn -0.9772 -0.0084 0.2120
vn 0.9111 0.0285 -0.4111
vn 0.9220 0.0895 -0.3766
vn 0.9881 0.1371 -0.0690
vn 0.9939 0.0881 -0.0664
vn 0.9956 0.0934 0.0096
vn 0.9752 0.1599 0.1528
vn -0.9954 0.0073 -0.0957
vn -0.9245 0.0030 -0.3810
vn -0.1764 0.0967 -0.9796
vn -0.5260 0.1175 -0.8424
vn 0.0142 0.1400 -0.9900
vn 0.0313 0.1111 -0.9933
vn 0.5058 0.1518 -0.8492
vn 0.2447 0.1106 -0.9633
vn 0.9518 0.0951 -0.2915
vn 0.9940 0.1077 -0.0182
vn 0.9904 0.1244 -0.0597
vn 0.9848 0.1584 -0.0706
vn 0.0133 0.0116 0.9998
vn 0.0066 0.0086 0.9999
vn 0.0061 0.0126 0.9999
vn 0.0134 0.0177 0.9998
vn 0.0070 0.0041 1.0000
vn 0.0133 0.0056 0.9999
vn 0.0023 0.0182 0.9998
vn 0.0072 0.0200 0.9998
vn 0.0240 0.0297 0.9993
vn 0.0333 0.0342 0.9989
vn 0.0038 0.0193 0.9998
vn -0.9963 0.0128 -0.0853
vn -0.9999 -0.0115 -0.0020
vn 0.4019 0.4644 -0.7892
vn 0.4191 0.4649 -0.7799
vn 0.4746 0.4751 -0.7409
vn 0.4736 0.4700 -0.7448
vn 0.3343 0.6699 -0.6630
vn 0.3710 0.6278 -0.6843
vn 0.3032 0.8433 -0.4437
vn 0.2742 0.8332 -0.4801
vn 0.3330 0.8565 -0.3943
vn 0.3149 0.8547 -0.4126
vn 0.3604 0.6274 -0.6903
vn 0.3739 0.5924 -0.7136
vn 0.3913 0.4738 -0.7889
vn 0.3936 0.4871 -0.7796
vn 0.9485 0.3045 -0.0870
vn 0.1079 0.7924 -0.6004
vn -0.7175 0.4979 -0.4872
vn -0.2630 0.9587 0.1084
vn 0.0218 0.8187 0.5738
vn 0.6950 0.5579 0.4535
vn -0.0000 -0.2211 0.9753
vn 0.8227 -0.5182 0.2336
vn -0.0000 -0.8982 0.4395
vn -0.8227 -0.5182 0.2335
vn -0.2849 -0.2869 -0.9146
vn 0.2174 0.9005 0.3767
vn -0.2175 0.9005 0.3766
vn -0.4759 -0.0832 0.8756
vn 0.4759 -0.0832 0.8756
vn 0.4348 0.9005 -0.0000
vn 0.9980 0.0333 0.0545
vn -0.9980 0.0333 0.0545
vn -0.4348 0.9005 -0.0000
vn -0.5001 -0.1280 0.8564
vn 0.5001 -0.1280 0.8564
vn 1.0000 0.0020 -0.0064
vn -1.0000 0.0019 -0.0064
vn 0.2175 0.9005 -0.3766
vn 0.5181 0.1639 -0.8395
vn -0.2174 0.9005 -0.3766
vn -0.5181 0.1639 -0.8395
vn 0.4941 0.1333 -0.8591
vn -0.4942 0.1333 -0.8591
vn -0.4575 -0.4521 0.7657
vn 0.4601 -0.4488 0.7661
vn 0.9206 -0.3894 -0.0298
vn -0.9177 -0.3961 -0.0297
vn 0.9206 -0.3893 -0.0299
vn 0.4591 -0.3332 -0.8235
vn -0.4565 -0.3365 -0.8236
vn -0.9177 -0.3961 -0.0298
vn 0.2174 0.9005 0.3766
vn -0.2174 0.9005 0.3766
vn 0.2174 0.9005 -0.3766
vn 0.4899 -0.0278 0.8713
vn -0.5069 -0.0588 0.8600
vn -0.4890 -0.1477 0.8597
vn 0.5058 -0.1156 0.8548
vn 0.9970 0.0765 0.0106
vn 0.9999 -0.0137 0.0034
vn -0.9970 -0.0769 -0.0036
vn -0.9999 0.0127 0.0036
vn 0.0256 0.9980 0.0573
vn 0.0534 0.9934 0.1016
vn -0.0568 0.9932 0.1018
vn -0.0269 0.9981 0.0562
vn 0.0050 -0.9919 -0.1267
vn -0.0045 -0.9919 -0.1266
vn -0.0088 -0.9930 -0.1181
vn 0.0095 -0.9929 -0.1182
vn 0.4921 0.1485 -0.8578
vn 0.9999 -0.0136 0.0035
vn 0.5099 0.0581 -0.8583
vn -0.5090 0.1156 -0.8530
vn -0.4929 0.0271 -0.8697
vn 0.0283 0.9881 0.1514
vn -0.0296 0.9878 0.1528
vn -0.0042 -0.9938 -0.1108
vn 0.0046 -0.9938 -0.1107
vn -0.5091 -0.1195 0.8523
vn 0.5107 -0.1162 0.8519
vn 0.5020 -0.1027 0.8588
vn -0.5034 -0.1056 0.8575
vn 0.9998 -0.0155 -0.0100
vn 0.9992 -0.0265 -0.0288
vn -0.9990 -0.0329 -0.0293
vn -0.9997 -0.0219 -0.0105
vn 0.0385 -0.9982 0.0453
vn 0.0875 -0.9959 -0.0222
vn -0.0864 -0.9960 -0.0221
vn -0.0380 -0.9983 0.0451
vn 0.4883 0.0561 -0.8709
vn 0.4948 0.0669 -0.8664
vn -0.4963 0.0637 -0.8658
vn -0.4867 0.0530 -0.8720
vn -0.9997 -0.0218 -0.0105
vn -0.9990 -0.0330 -0.0292
vn 0.0495 -0.9928 -0.1093
vn -0.0488 -0.9929 -0.1089
vn 0.4602 -0.4487 0.7661
vn 0.9996 -0.0238 0.0171
vn 0.4888 -0.0999 0.8666
vn -0.4576 -0.4520 0.7657
vn -0.4909 -0.1040 0.8650
vn -0.9993 -0.0324 0.0171
vn 0.9206 -0.3893 -0.0298
vn 0.4591 -0.3330 -0.8236
vn 0.5057 0.0499 -0.8613
vn -0.5077 0.0455 -0.8603
vn -0.4566 -0.3364 -0.8236
vn -0.4758 -0.0832 0.8756
vn -0.5001 -0.1280 0.8565
vn 1.0000 0.0019 -0.0064
vn -0.2174 0.9005 -0.3767
vn 0.4942 0.1333 -0.8591
vn 0.4575 -0.4521 0.7657
vn -0.4602 -0.4488 0.7660
vn -0.9206 -0.3894 -0.0298
vn 0.9177 -0.3961 -0.0297
vn -0.9206 -0.3893 -0.0299
vn -0.4591 -0.3332 -0.8235
vn 0.4565 -0.3365 -0.8236
vn 0.9177 -0.3961 -0.0298
vn -0.4898 -0.0278 0.8714
vn -0.5059 -0.1156 0.8548
vn 0.4890 -0.1477 0.8597
vn 0.5069 -0.0588 0.8600
vn -0.9970 0.0765 0.0105
vn -0.9999 -0.0137 0.0034
vn 0.9970 -0.0769 -0.0036
vn 0.9999 0.0127 0.0036
vn -0.0256 0.9980 0.0573
vn -0.0534 0.9934 0.1016
vn 0.0568 0.9932 0.1018
vn 0.0268 0.9981 0.0562
vn -0.0050 -0.9919 -0.1267
vn 0.0045 -0.9919 -0.1266
vn 0.0088 -0.9930 -0.1181
vn -0.0095 -0.9929 -0.1182
vn -0.4921 0.1485 -0.8578
vn -0.5099 0.0581 -0.8583
vn -0.9999 -0.0137 0.0035
vn -0.9970 0.0765 0.0106
vn 0.5090 0.1156 -0.8530
vn 0.4928 0.0271 -0.8697
vn -0.0282 0.9881 0.1515
vn 0.0296 0.9878 0.1528
vn 0.0042 -0.9938 -0.1108
vn -0.0046 -0.9938 -0.1107
vn 0.5091 -0.1195 0.8523
vn 0.5034 -0.1056 0.8575
vn -0.5020 -0.1027 0.8588
vn -0.5107 -0.1162 0.8519
vn -0.9998 -0.0156 -0.0100
vn -0.9992 -0.0265 -0.0288
vn 0.9990 -0.0329 -0.0293
vn 0.9997 -0.0219 -0.0105
vn -0.0385 -0.9982 0.0453
vn -0.0875 -0.9959 -0.0222
vn 0.0864 -0.9960 -0.0221
vn 0.0380 -0.9983 0.0451
vn -0.9998 -0.0155 -0.0100
vn -0.4948 0.0669 -0.8664
vn -0.4883 0.0561 -0.8709
vn 0.4964 0.0637 -0.8658
vn 0.4867 0.0530 -0.8719
vn 0.9997 -0.0218 -0.0105
vn 0.9990 -0.0330 -0.0292
vn -0.0494 -0.9928 -0.1094
vn 0.0488 -0.9929 -0.1089
vn -0.4602 -0.4487 0.7661
vn -0.4887 -0.0999 0.8667
vn -0.9996 -0.0238 0.0171
vn 0.4576 -0.4520 0.7657
vn 0.4908 -0.1040 0.8651
vn 0.9993 -0.0324 0.0171
vn 0.9177 -0.3960 -0.0298
vn -0.9206 -0.3893 -0.0298
vn -0.5057 0.0499 -0.8613
vn -0.4591 -0.3330 -0.8236
vn 0.5077 0.0455 -0.8603
vn 0.4566 -0.3364 -0.8236
vn -0.0037 -0.0355 0.9994
vn -0.4722 -0.0206 0.8813
vn -0.4661 -0.0612 0.8826
vn -0.0013 -0.0809 0.9967
vn -0.6873 -0.0362 0.7255
vn -0.6940 0.0061 0.7200
vn -0.7693 -0.0250 0.6383
vn -0.7795 0.0263 0.6258
vn -0.6969 -0.3825 0.6066
vn -0.6598 -0.2662 0.7028
vn -0.2487 -0.9447 0.2136
vn -0.2994 -0.9267 0.2269
vn -0.2479 -0.9285 0.2764
vn -0.4536 -0.2474 0.8562
vn -0.1725 -0.9122 0.3717
vn -0.0000 -0.2494 0.9684
vn -0.0000 -0.9361 0.3518
vn -0.0447 -0.6832 0.7288
vn -0.0000 -0.6788 0.7343
vn -0.2302 -0.6769 0.6992
vn -0.5142 -0.6746 0.5296
vn -0.2303 -0.6769 0.6991
vn -0.5440 -0.6642 0.5127
vn -0.5143 -0.6746 0.5296
vn -0.5653 -0.6582 0.4973
vn -0.6107 -0.6090 0.5061
vn -0.6851 -0.5476 0.4804
vn -0.5176 -0.6981 0.4947
vn -0.4995 -0.7121 0.4933
vn 1.0000 -0.0000 -0.0000
vn 0.4718 -0.0235 0.8814
vn -0.0011 -0.0809 0.9967
vn 0.4661 -0.0627 0.8825
vn 0.6878 -0.0369 0.7249
vn 0.6954 0.0047 0.7186
vn 0.7795 0.0263 0.6258
vn 0.7693 -0.0249 0.6383
vn 0.4536 -0.2474 0.8562
vn 0.1725 -0.9122 0.3717
vn 0.2478 -0.9285 0.2764
vn 0.6599 -0.2662 0.7026
vn 0.2995 -0.9267 0.2269
vn 0.2486 -0.9448 0.2136
vn 0.6969 -0.3825 0.6066
vn 0.0447 -0.6832 0.7288
vn 0.2302 -0.6769 0.6991
vn 0.5142 -0.6746 0.5296
vn 0.5653 -0.6582 0.4973
vn 0.5440 -0.6642 0.5127
vn 0.5143 -0.6746 0.5296
vn 0.2303 -0.6769 0.6991
vn 0.5176 -0.6981 0.4947
vn 0.6107 -0.6090 0.5061
vn 0.6851 -0.5476 0.4804
vn 0.4995 -0.7121 0.4933
vn 0.0175 -0.9700 -0.2425
vn -0.0000 -0.9704 -0.2415
vn 0.0010 -0.9704 -0.2415
vn 0.0769 -0.9663 -0.2456
vn -0.0175 -0.9700 -0.2425
vn -0.0010 -0.9704 -0.2415
vn -0.0769 -0.9663 -0.2456
vn -0.6509 -0.0650 0.7564
vn -0.5816 -0.0550 0.8116
vn -0.7577 -0.0550 0.6503
vn -0.3686 -0.0676 0.9271
vn -0.4087 -0.0701 0.9100
vn -0.0001 -0.0696 0.9976
vn -0.0001 -0.0763 0.9971
vn -0.8086 -0.0538 0.5859
vn -0.9480 -0.0343 0.3163
vn -0.6533 -0.0740 0.7535
vn -0.4282 -0.0748 0.9006
vn -0.0001 -0.0640 0.9979
vn 0.5816 -0.0550 0.8116
vn 0.6509 -0.0650 0.7564
vn 0.7577 -0.0550 0.6503
vn 0.3686 -0.0676 0.9271
vn 0.4087 -0.0701 0.9100
vn 0.0001 -0.0696 0.9976
vn 0.0001 -0.0763 0.9971
vn 0.8086 -0.0538 0.5859
vn 0.9480 -0.0343 0.3163
vn 0.6533 -0.0740 0.7535
vn 0.4282 -0.0748 0.9006
vn 0.0001 -0.0640 0.9979
vn 0.5517 0.1143 0.8262
vn 0.9970 0.0671 0.0378
vn 0.3879 0.1367 0.9115
vn 0.3387 0.1173 0.9335
vn 0.2537 0.2113 0.9439
vn 0.1425 0.1689 0.9753
vn -0.0000 0.1675 0.9859
vn -0.0000 0.1500 0.9887
vn -0.0000 0.2718 0.9624
vn -0.0000 0.3231 0.9464
vn -0.3855 0.1827 0.9044
vn -0.1425 0.1689 0.9753
vn -0.5618 0.1292 0.8171
vn -0.5812 0.1293 0.8034
vn -0.6679 0.1329 0.7323
vn -0.3887 0.2661 0.8821
vn 0.3375 0.3048 0.8906
vn -0.9910 0.1341 -0.0000
vn -0.0000 -0.6128 0.7902
vn 0.4513 -0.7007 0.5526
vn 0.4869 -0.6282 0.6069
vn -0.0000 -0.6172 0.7868
vn 0.5314 -0.8449 0.0622
vn 0.7518 -0.6548 0.0778
vn 0.4054 -0.7468 -0.5273
vn 0.0003 -0.7266 -0.6871
vn 0.4690 -0.5898 -0.6574
vn -0.0007 -0.5654 -0.8248
vn 0.0011 -0.9999 0.0111
vn 0.0021 0.0178 -0.9998
vn 0.6877 0.1201 -0.7160
vn 0.6877 0.1202 -0.7160
vn -0.0021 0.0178 -0.9998
vn 0.8744 0.1810 -0.4502
vn -0.4785 -0.6454 0.5954
vn -0.0000 -0.6127 0.7903
vn -0.4956 -0.6169 0.6114
vn -0.7609 -0.6396 0.1087
vn -0.5846 -0.8069 0.0843
vn -0.4820 -0.5916 -0.6464
vn -0.4156 -0.7466 -0.5196
vn 0.0010 -0.9999 0.0111
vn -0.6749 0.0929 -0.7320
vn -0.8908 0.1423 -0.4316
vn -0.8908 0.1424 -0.4315
vn -0.0936 0.0648 -0.9935
vn 0.0009 0.0751 -0.9972
vn 0.0468 0.0201 -0.9987
vn -0.1292 0.0383 -0.9909
vn 0.1463 0.0210 -0.9890
vn 0.0469 0.0201 -0.9987
vn 0.2835 -0.0886 -0.9549
vn 0.8583 0.0668 0.5088
vn 0.6470 0.1701 0.7433
vn 0.8038 0.0911 0.5878
vn 0.9117 0.0931 0.4002
vn 0.3727 0.2568 0.8917
vn 0.8617 0.0307 0.5064
vn 0.6664 0.0004 0.7456
vn 0.9751 0.0325 0.2196
vn 0.9213 0.0283 0.3878
vn 0.9926 0.0438 0.1132
vn -0.0015 -0.0000 1.0000
vn -0.0014 -0.0000 1.0000
vn -0.0003 -0.0001 1.0000
vn 0.0012 -0.0001 1.0000
vn 0.0015 -0.0000 1.0000
vn -0.0014 -0.3700 0.9290
vn -0.0000 -0.3694 0.9293
vn -0.0001 -0.3704 0.9289
vn -0.0000 -0.3707 0.9287
vn 0.0002 -0.3704 0.9289
vn 0.0014 -0.3700 0.9290
vn -0.0000 0.5990 0.8008
vn -0.0239 0.9986 -0.0479
vn -0.1285 0.9673 -0.2185
vn -0.1651 0.9465 -0.2771
vn -0.0616 0.9681 -0.2429
vn -0.0000 0.9752 -0.2211
vn 0.9889 -0.0684 -0.1322
vn 0.9998 0.0206 0.0030
vn 0.9990 0.0344 -0.0296
vn 0.9775 0.0226 -0.2097
vn 0.9976 0.0691 -0.0102
vn 0.9808 0.0045 -0.1952
vn 0.9868 0.0685 -0.1464
vn 0.9963 0.0840 -0.0159
vn 0.8009 -0.0075 -0.5987
vn 0.8012 -0.0076 -0.5984
vn 0.9339 -0.2530 -0.2526
vn 0.9103 0.0320 -0.4127
vn -0.8112 -0.3070 -0.4978
vn -0.6897 -0.3434 -0.6375
vn -0.8673 -0.2223 -0.4454
vn -0.9680 -0.0753 -0.2393
vn -0.9850 -0.0385 -0.1682
vn -0.6751 -0.4797 -0.5605
vn -0.8079 -0.1524 -0.5693
vn -0.7023 -0.4919 -0.5147
vn -0.6274 -0.6492 -0.4300
vn 0.0001 0.2135 -0.9769
vn -0.0000 0.2135 -0.9769
vn 0.0004 -0.1549 -0.9879
vn -0.0000 -0.1418 -0.9899
vn 0.0002 -0.4164 -0.9092
vn 0.0001 -0.4164 -0.9092
vn -0.0000 -0.0485 -0.9988
vn -0.0000 -0.0498 -0.9988
vn -0.0000 -0.0592 -0.9982
vn -0.0000 -0.0128 -0.9999
vn 0.9946 0.0712 0.0759
vn 0.9941 0.0750 0.0786
vn 0.9928 0.0846 0.0852
vn 0.9869 0.1188 0.1089
vn 0.9723 0.0295 0.2317
vn 0.9425 -0.3152 0.1114
vn 0.9780 -0.0435 0.2042
vn 0.6513 -0.7375 -0.1783
vn 0.6622 -0.6366 -0.3952
vn 0.5832 -0.5724 -0.5764
vn 0.5635 -0.8135 -0.1434
vn 0.5066 -0.8518 -0.1330
vn -0.0000 -0.9805 0.1965
vn -0.9751 0.0325 0.2196
vn -0.9725 0.0298 0.2309
vn -0.9733 0.0306 0.2274
vn -0.9780 -0.0435 0.2041
vn -0.9424 -0.3152 0.1114
vn -0.6514 -0.7375 -0.1783
vn -0.6622 -0.6366 -0.3952
vn -0.5832 -0.5724 -0.5764
vn -0.5636 -0.8135 -0.1434
vn -0.5066 -0.8518 -0.1330
vn 0.0260 0.9983 -0.0515
vn 0.1352 0.9645 -0.2270
vn 0.1597 0.9480 -0.2751
vn 0.0586 0.9686 -0.2415
vn -0.9883 -0.0700 -0.1356
vn -0.9775 0.0226 -0.2097
vn -0.9990 0.0344 -0.0297
vn -0.9998 0.0206 0.0030
vn -0.9800 0.0016 -0.1988
vn -0.9973 0.0730 -0.0124
vn -0.9856 0.0676 -0.1550
vn -0.9960 0.0878 -0.0182
vn -0.8789 0.0126 -0.4768
vn -0.9304 -0.2568 -0.2615
vn -0.9303 -0.2569 -0.2618
vn -0.8012 -0.0074 -0.5983
vn -0.8010 -0.0076 -0.5986
vn 0.8702 -0.2229 -0.4395
vn 0.8152 -0.3075 -0.4908
vn 0.9696 -0.0761 -0.2326
vn 0.9859 -0.0399 -0.1623
vn 0.6904 -0.3435 -0.6367
vn 0.6751 -0.4797 -0.5605
vn 0.8079 -0.1524 -0.5693
vn 0.7023 -0.4919 -0.5147
vn 0.6274 -0.6492 -0.4300
vn -0.0001 0.2137 -0.9769
vn -0.0000 0.2137 -0.9769
vn -0.0004 -0.1549 -0.9879
vn -0.0002 -0.4163 -0.9092
vn -0.0001 -0.4163 -0.9092
vn -0.9051 0.1145 0.4096
vn -0.9905 0.0472 0.1295
vn -0.9904 0.0472 0.1296
vn -0.9572 0.0237 0.2885
vn -0.8608 0.0697 0.5041
vn -0.8825 0.0305 0.4693
vn -0.9275 0.0267 0.3729
vn -0.8474 0.1166 0.5179
vn -0.8259 0.0400 0.5624
vn -0.8245 0.0676 0.5619
vn -0.7166 0.2058 0.6665
vn -0.6236 0.2303 0.7470
vn -0.0000 -0.0490 -0.9988
vn -0.0000 -0.0503 -0.9987
vn -0.9944 0.0753 0.0742
vn -0.9926 0.0875 0.0839
vn -0.9939 0.0788 0.0770
vn -0.9869 0.1188 0.1089
vn -0.0000 0.1721 0.9851
vn 0.0202 0.1764 0.9841
vn -0.0202 0.1764 0.9841
vn 0.1245 0.1976 0.9723
vn -0.1244 0.1976 0.9723
vn 0.4547 0.2508 0.8546
vn -0.4547 0.2508 0.8546
vn -0.0000 -0.8605 -0.5094
vn -0.0000 -0.8661 -0.4999
vn -0.0000 -0.7813 -0.6241
vn 0.0001 -0.7813 -0.6242
vn -0.0000 -0.8606 -0.5094
vn 0.0001 -0.8661 -0.4999
vn -0.0001 -0.7814 -0.6241
vn -0.0000 -0.1181 -0.9930
vn -0.8974 -0.4409 -0.0180
vn -0.6981 -0.7158 -0.0167
vn -0.9088 -0.4168 -0.0180
vn -0.9999 -0.0042 -0.0165
vn 0.0044 -1.0000 -0.0072
vn 0.7442 0.0473 -0.6662
vn 0.9977 0.0651 0.0169
vn 0.9970 -0.0757 0.0159
vn 0.6545 -0.0525 -0.7542
vn 0.7381 0.0353 0.6738
vn 0.6339 -0.0695 0.7703
vn 0.9537 0.3002 0.0179
vn 0.9027 0.2848 -0.3225
vn 0.8974 0.2818 0.3395
vn 0.0866 -0.0016 0.9962
vn -0.0043 -0.0416 0.9991
vn 0.0940 0.0140 -0.9955
vn 0.0273 -0.0191 -0.9994
vn 0.0642 0.0269 -0.9976
vn 0.0277 -0.2225 -0.9745
vn 0.8472 -0.5311 0.0101
vn -0.1224 -0.2826 -0.9514
vn -0.0302 -0.0417 -0.9987
vn -0.1845 -0.0192 -0.9827
vn -0.1339 -0.0423 -0.9901
vn -0.1558 0.0729 -0.9851
vn -0.5192 0.2280 -0.8237
vn -0.3219 0.6924 -0.6458
vn -0.5559 -0.1055 -0.8245
vn -0.5526 -0.1188 -0.8249
vn -0.1845 -0.0192 -0.9826
vn -0.5308 -0.0564 -0.8456
vn -0.3389 -0.0251 -0.9405
vn -0.3388 -0.0251 -0.9405
vn -0.5308 -0.0565 -0.8456
vn 0.5902 -0.5251 0.6131
vn -0.1646 -0.3264 0.9308
vn -0.0645 -0.0586 0.9962
vn -0.0681 0.0132 0.9976
vn -0.2169 -0.0335 0.9756
vn -0.1907 0.0637 0.9796
vn -0.1685 -0.0576 0.9840
vn -0.5700 0.2271 0.7897
vn -0.3447 0.7002 0.6252
vn -0.3924 -0.0411 0.9189
vn -0.5887 -0.0725 0.8051
vn -0.6093 -0.1359 0.7812
vn -0.1685 -0.0575 0.9840
vn -0.6119 -0.1249 0.7810
vn -0.5700 0.2271 0.7896
vn -0.1906 0.0636 0.9796
vn -0.0164 -0.0310 0.9994
vn -0.0044 1.0000 0.0072
vn 0.0311 0.9979 0.0565
vn 0.0269 0.9989 0.0394
vn 0.0330 0.9986 -0.0421
vn 0.0261 0.9994 -0.0221
vn 0.0593 0.9817 0.1808
vn 0.0564 0.9799 0.1912
vn 0.0557 0.9880 -0.1442
vn 0.0530 0.9869 -0.1527
vn 0.0530 0.9868 -0.1527
vn 0.0999 0.9950 0.0089
vn -0.8972 0.4414 -0.0116
vn -0.8715 0.4902 -0.0108
vn -0.9543 0.1404 0.2638
vn -0.9991 0.0386 -0.0162
vn -0.5273 0.8497 -0.0025
vn -0.3541 0.7439 0.5668
vn -0.1322 0.8616 0.4900
vn -0.1386 0.9903 0.0049
vn -0.0782 0.3512 0.9330
vn -0.9951 -0.0969 -0.0184
vn -0.9989 -0.0433 -0.0174
vn -0.9989 -0.0435 -0.0168
vn -0.9950 -0.0972 -0.0217
vn -0.9952 -0.0972 -0.0144
vn -0.9989 -0.0431 -0.0184
vn -0.8049 -0.4560 -0.3798
vn -0.9078 -0.4189 -0.0189
vn -0.8153 -0.4650 0.3450
vn -0.9979 0.0517 -0.0382
vn -0.9987 0.0503 0.0056
vn -0.1167 0.8685 -0.4817
vn -0.3353 0.7515 -0.5682
vn -0.5272 0.8497 -0.0028
vn -0.9476 0.1416 -0.2862
vn -0.9017 0.4323 -0.0117
vn -0.0495 0.3647 -0.9298
vn 0.9483 -0.3170 0.0133
vn 0.0174 -0.2890 -0.9572
vn -0.0109 -0.2649 -0.9642
vn 0.0175 -0.2890 -0.9572
vn 0.3343 -0.4773 0.8127
vn 0.9142 -0.4050 0.0121
vn 0.3541 -0.4815 0.8017
vn -0.3569 -0.4802 0.8013
vn -0.3763 -0.4846 0.7896
vn -0.9107 -0.4127 -0.0180
vn -0.3302 -0.4684 -0.8195
vn -0.3500 -0.4729 -0.8086
vn 0.3610 -0.4655 -0.8081
vn 0.3805 -0.4698 -0.7965
vn -0.6177 -0.7863 -0.0159
vn -0.2268 -0.8372 -0.4977
vn -0.2015 -0.8302 -0.5197
vn 0.2501 -0.8351 -0.4899
vn 0.2255 -0.8284 -0.5127
vn -0.2183 -0.8377 0.5006
vn -0.2428 -0.8443 0.4777
vn 0.2087 -0.8359 0.5077
vn 0.2340 -0.8422 0.4857
vn 0.6245 -0.7810 0.0046
vn 0.2501 -0.8352 -0.4899
vn 0.2340 -0.8423 0.4856
vn 0.2086 -0.8359 0.5077
vn 0.3049 -0.6583 -0.6882
vn -0.2764 -0.6608 -0.6978
vn -0.3015 -0.6679 -0.6804
vn 0.3295 -0.6653 -0.6700
vn -0.7996 -0.6002 -0.0176
vn -0.3236 -0.6777 0.6603
vn -0.2991 -0.6708 0.6786
vn 0.3074 -0.6750 0.6707
vn 0.2822 -0.6684 0.6882
vn 0.8048 -0.5935 0.0089
vn -0.0140 -0.3105 0.9505
vn -0.0432 -0.2860 0.9572
vn 0.0164 0.0310 -0.9994
vn -0.6295 0.7768 0.0165
vn 0.0234 -0.0128 0.9996
vn 0.0172 -0.0196 0.9997
vn 0.0313 -0.0044 0.9995
vn 0.0094 -0.0279 0.9996
vn 0.6074 -0.7943 -0.0101
vn -0.0256 0.0094 -0.9996
vn -0.0257 0.0094 -0.9996
vn -0.9994 -0.0192 0.0285
vn 0.9985 0.0518 -0.0152
vn 0.6295 0.7768 0.0165
vn -0.0172 -0.0196 0.9997
vn -0.0234 -0.0128 0.9996
vn -0.0313 -0.0044 0.9995
vn -0.0094 -0.0279 0.9996
vn -0.6074 -0.7943 -0.0101
vn 0.0256 0.0094 -0.9996
vn 0.0257 0.0094 -0.9996
vn 0.9994 -0.0192 0.0285
vn -0.9985 0.0518 -0.0152
vn 0.1283 -0.0887 0.9878
vn 0.0177 -0.0955 0.9953
vn 0.0151 -0.1744 0.9846
vn 0.3242 -0.1500 0.9340
vn 0.4901 -0.1228 0.8630
vn 0.0005 -0.5389 0.8424
vn 0.5235 -0.2943 0.7996
vn 0.6780 -0.1501 0.7196
vn 0.3972 -0.2554 0.8815
vn 0.1509 -0.1353 0.9793
vn 0.1282 -0.0887 0.9878
vn 0.1200 -0.1192 0.9856
vn 0.4802 -0.3100 0.8206
vn 0.4801 -0.3100 0.8206
vn 0.0177 -0.0954 0.9953
vn 0.0538 -0.0549 0.9970
vn 0.0095 -0.0512 0.9986
vn 0.0376 -0.0519 0.9979
vn 0.0065 -0.0335 0.9994
vn 0.0390 -0.0540 0.9978
vn 0.0051 -0.0293 0.9996
vn -0.0000 -0.0592 0.9982
vn 0.0043 -0.0004 1.0000
vn 0.0169 0.0065 0.9998
vn 0.0164 -0.0488 0.9987
vn 0.2589 -0.0700 0.9634
vn -0.0467 0.0329 0.9984
vn 0.0001 -0.0801 0.9968
vn 0.3107 -0.0322 0.9500
vn 0.2761 -0.0143 0.9610
vn 0.3678 -0.0293 0.9294
vn 0.2913 -0.0528 0.9552
vn 0.0940 -0.1283 0.9873
vn -0.0000 -0.1591 0.9873
vn -0.0000 0.1857 0.9826
vn -0.0000 0.1811 0.9835
vn -0.8058 0.1073 0.5824
vn -0.7083 0.0014 0.7059
vn -0.8070 -0.0494 0.5885
vn -0.0000 -0.0836 0.9965
vn 0.3198 -0.0358 0.9468
vn 0.9992 -0.0159 0.0373
vn 0.9992 -0.0159 0.0374
vn 0.9992 -0.0162 0.0369
vn 0.9992 -0.0160 0.0371
vn 0.9886 -0.0385 0.1454
vn 0.9886 -0.0385 0.1455
vn 0.9699 -0.0803 0.2300
vn 0.9594 -0.0668 0.2740
vn 0.9682 -0.0779 0.2379
vn 0.9567 -0.0637 0.2839
vn 0.9943 -0.0303 -0.1025
vn 0.9943 -0.0302 -0.1024
vn 0.5856 0.7631 -0.2735
vn -0.1167 -0.1000 0.9881
vn -0.3197 -0.1601 0.9339
vn 0.0150 -0.1743 0.9846
vn -0.5298 -0.1347 0.8374
vn -0.5438 -0.2988 0.7842
vn -0.6992 -0.1568 0.6975
vn 0.0004 -0.5389 0.8424
vn -0.1349 -0.1106 0.9847
vn -0.4348 -0.2895 0.8528
vn -0.0960 -0.0868 0.9916
vn -0.5119 -0.3392 0.7893
vn -0.5119 -0.3392 0.7892
vn -0.0172 -0.0432 0.9989
vn 0.0094 -0.0512 0.9986
vn -0.0253 -0.0480 0.9985
vn -0.0065 -0.0335 0.9994
vn -0.0390 -0.0540 0.9978
vn -0.0051 -0.0294 0.9996
vn -0.0043 -0.0004 1.0000
vn -0.0169 0.0065 0.9998
vn -0.0164 -0.0488 0.9987
vn 0.0467 0.0329 0.9984
vn -0.2589 -0.0700 0.9634
vn -0.0001 -0.0801 0.9968
vn -0.3107 -0.0322 0.9500
vn -0.2761 -0.0143 0.9610
vn -0.3678 -0.0293 0.9294
vn -0.2913 -0.0528 0.9552
vn -0.0940 -0.1283 0.9873
vn 0.8058 0.1073 0.5824
vn 0.7083 0.0012 0.7059
vn 0.8070 -0.0494 0.5885
vn -0.3198 -0.0358 0.9468
vn -0.9992 -0.0162 0.0370
vn -0.9992 -0.0161 0.0371
vn -0.9992 -0.0162 0.0369
vn -0.9992 -0.0159 0.0373
vn -0.9886 -0.0385 0.1454
vn -0.9886 -0.0385 0.1455
vn -0.9628 -0.0582 0.2637
vn -0.9767 -0.0808 0.1987
vn -0.9747 -0.0770 0.2099
vn -0.9574 -0.0509 0.2841
vn -0.9943 -0.0303 -0.1025
vn -0.9943 -0.0302 -0.1024
vn -0.5856 0.7631 -0.2735
vn 0.7194 -0.6919 0.0602
vn 0.7194 -0.2939 -0.6293
vn 0.9733 -0.0810 -0.2147
vn 0.9733 -0.2265 0.0372
vn 0.7741 0.0574 0.6305
vn 0.2962 -0.9548 0.0261
vn 0.2962 -0.4547 -0.8399
vn -0.0000 -0.5000 0.8660
vn 0.4534 -0.2619 0.8520
vn 0.2393 0.5425 0.8052
vn 0.6356 0.4935 0.5937
vn 0.2393 0.9686 0.0672
vn 0.6356 0.7609 0.1305
vn 0.4534 0.6068 -0.6528
vn 0.7741 0.5747 -0.2655
vn -0.2961 0.4548 0.8399
vn -0.2962 0.9548 -0.0261
vn -0.0000 0.5000 -0.8660
vn 0.9397 0.2962 0.1710
vn -0.1853 -0.9771 -0.1045
vn -0.1853 -0.5790 -0.7940
vn 0.2962 -0.4548 -0.8399
vn 0.2961 -0.9548 0.0261
vn -0.4753 -0.5547 0.6829
vn -0.7441 0.2325 0.6262
vn -0.2962 0.4548 0.8399
vn -0.7441 0.6587 -0.1117
vn -0.4753 0.3141 -0.8218
vn -0.6315 -0.7323 -0.2548
vn -0.6315 -0.5868 -0.5068
vn -0.8275 -0.4475 0.3390
vn -0.9524 -0.0071 0.3047
vn -0.9524 0.2603 -0.1585
vn -0.8276 0.0698 -0.5570
vn -0.9397 -0.2962 -0.1710
vn -0.1319 -0.6796 -0.7217
vn -0.0733 -0.8635 -0.4989
vn 0.3395 -0.8152 -0.4692
vn -0.1294 -0.9653 -0.2267
vn -0.0620 -0.6122 -0.7883
vn 0.3252 -0.6130 -0.7200
vn -0.0655 -0.9892 -0.1308
vn 0.3245 -0.9314 -0.1646
vn 0.7052 -0.7053 -0.0722
vn 0.6935 -0.6235 -0.3609
vn 0.3396 -0.8152 -0.4692
vn 0.7072 -0.4143 -0.5729
vn 0.6396 -0.3868 -0.6643
vn 0.6408 -0.7677 0.0033
vn 0.3246 -0.9314 -0.1646
vn 0.3253 -0.6130 -0.7200
vn -0.6068 -0.7948 -0.0033
vn -0.5516 -0.8323 -0.0552
vn -0.6984 -0.6198 -0.3578
vn -0.6984 -0.6198 -0.3579
vn -0.6068 -0.4003 -0.6867
vn -0.5516 -0.4639 -0.6932
vn -0.3629 0.0479 -0.9306
vn -0.3712 -0.7810 0.5022
vn -0.3485 -0.7208 0.5991
vn 0.0693 -0.6546 0.7528
vn -0.3344 0.1653 -0.9278
vn 0.0691 0.3252 -0.9431
vn 0.9084 -0.3173 0.2724
vn 0.9036 -0.3736 0.2097
vn 0.5577 -0.4882 0.6713
vn 0.9951 -0.0860 -0.0497
vn 0.9084 0.0773 -0.4110
vn 0.9036 -0.0052 -0.4284
vn 0.5505 0.3358 -0.7644
vn 0.4757 -0.4610 0.7491
vn 0.4624 0.4165 -0.7828
vn 0.0692 0.3252 -0.9431
vn 0.0694 -0.6546 0.7528
vn 0.4819 0.1926 -0.8548
vn 0.0230 0.4443 -0.8956
vn 0.6649 0.5339 -0.5224
vn 0.1543 0.0792 -0.9848
vn 0.6751 0.6101 -0.4147
vn -0.0626 0.6406 -0.7653
vn 0.1942 0.9809 0.0054
vn 0.9380 0.3002 0.1733
vn 0.8954 0.3857 0.2227
vn 0.1931 0.8497 0.4906
vn -0.3420 0.8138 0.4698
vn -0.3071 0.9508 0.0404
vn 0.1942 0.4951 0.8468
vn -0.3071 0.5104 0.8033
vn 0.6751 -0.0541 0.7357
vn -0.0626 -0.3425 0.9374
vn 0.0227 -0.5530 0.8329
vn 0.6649 -0.1855 0.7236
vn 0.4853 -0.6393 0.5965
vn 0.1505 -0.8070 0.5710
vn -0.9414 -0.2922 -0.1687
vn -0.6386 -0.5963 0.4863
vn -0.7235 -0.4950 0.4812
vn -0.9721 -0.2030 -0.1172
vn -0.6966 0.2143 0.6847
vn -0.0627 -0.3425 0.9374
vn -0.2077 -0.8577 0.4704
vn 0.1504 -0.8070 0.5710
vn -0.7235 0.1692 -0.6693
vn -0.6386 0.1230 -0.7596
vn 0.0229 0.4443 -0.8956
vn -0.0627 0.6406 -0.7653
vn -0.2017 -0.0228 -0.9792
vn 0.1542 0.0792 -0.9849
vn -0.6966 0.7001 -0.1568
vn -0.7786 0.5434 0.3137
vn -0.7998 -0.5383 0.2656
vn -0.7991 -0.0397 -0.5998
vn -0.7071 -0.2029 -0.6774
vn -0.7076 -0.6875 0.1634
vn 0.0125 -0.5306 0.8476
vn 0.0822 -0.6800 0.7286
vn 0.0828 0.2894 -0.9536
vn 0.0132 0.4669 -0.8842
vn 0.3420 -0.8138 -0.4699
vn 0.8259 -0.0236 0.5633
vn 0.0124 -0.5305 0.8476
vn 0.8719 -0.1878 0.4522
vn 0.8260 0.4753 -0.3031
vn 0.8720 0.2970 -0.3892
vn 0.3421 -0.8138 -0.4698
vn -0.7348 0.3983 0.5490
vn -0.7348 0.6746 0.0704
vn -0.2851 0.4018 0.8702
vn -0.2851 0.4019 0.8702
vn -0.2851 0.9545 -0.0871
vn 0.1648 0.6818 0.7127
vn -0.2850 0.4019 0.8702
vn 0.1647 0.9582 0.2341
vn -0.2850 0.9546 -0.0870
vn -0.2850 0.9546 -0.0871
vn -0.1997 -0.9562 -0.2138
vn -0.1997 -0.6633 -0.7213
vn -0.1997 -0.6632 -0.7213
vn -0.1998 -0.9562 -0.2138
vn 0.2771 -0.9524 0.1268
vn 0.2771 -0.3665 -0.8882
vn 0.7540 -0.6556 -0.0402
vn 0.2772 -0.9524 0.1268
vn 0.7540 -0.3626 -0.5477
vn 0.2772 -0.3664 -0.8882
vn -0.8825 -0.1759 0.4363
vn -0.8825 0.2899 -0.3705
vn -0.8534 0.1065 -0.5103
vn -0.8534 -0.3886 0.3474
vn -0.1244 -0.1699 0.9776
vn -0.0475 -0.3822 0.9229
vn -0.0475 0.6081 -0.7924
vn -0.1243 0.7617 -0.6359
vn -0.3421 0.8138 0.4698
vn 0.6337 0.3020 0.7122
vn -0.0475 -0.3822 0.9228
vn 0.7584 0.1194 0.6407
vn 0.6337 0.7678 -0.0946
vn 0.7584 0.6146 -0.2169
vn -0.3420 0.8138 0.4699
vn 0.8974 -0.4409 -0.0180
vn 0.9088 -0.4168 -0.0180
vn 0.6981 -0.7158 -0.0167
vn 0.9999 -0.0042 -0.0165
vn -0.0044 -1.0000 -0.0072
vn -0.7442 0.0473 -0.6662
vn -0.6545 -0.0525 -0.7542
vn -0.9970 -0.0757 0.0159
vn -0.9977 0.0651 0.0169
vn -0.7381 0.0353 0.6738
vn -0.6339 -0.0695 0.7703
vn -0.9537 0.3002 0.0179
vn -0.9027 0.2848 -0.3225
vn -0.8974 0.2818 0.3395
vn -0.0866 -0.0016 0.9962
vn 0.0054 -0.0416 0.9991
vn -0.0940 0.0140 -0.9955
vn -0.0264 -0.0191 -0.9995
vn -0.0642 0.0269 -0.9976
vn -0.0277 -0.2225 -0.9745
vn -0.8472 -0.5311 0.0101
vn 0.1224 -0.2826 -0.9514
vn 0.0302 -0.0417 -0.9987
vn 0.1845 -0.0192 -0.9827
vn 0.1339 -0.0423 -0.9901
vn 0.1558 0.0729 -0.9851
vn 0.5192 0.2279 -0.8237
vn 0.3219 0.6924 -0.6458
vn 0.5561 -0.1055 -0.8244
vn 0.5526 -0.1188 -0.8249
vn 0.5308 -0.0564 -0.8456
vn 0.3389 -0.0251 -0.9405
vn 0.3388 -0.0251 -0.9405
vn 0.5308 -0.0565 -0.8456
vn -0.5902 -0.5252 0.6131
vn 0.1646 -0.3264 0.9308
vn 0.0645 -0.0586 0.9962
vn 0.0681 0.0132 0.9976
vn 0.2169 -0.0335 0.9756
vn 0.1906 0.0637 0.9796
vn 0.1685 -0.0576 0.9840
vn 0.5700 0.2271 0.7896
vn 0.3447 0.7002 0.6252
vn 0.3923 -0.0411 0.9189
vn 0.5887 -0.0725 0.8051
vn 0.6093 -0.1359 0.7812
vn 0.1685 -0.0575 0.9840
vn 0.6117 -0.1249 0.7812
vn 0.1906 0.0636 0.9796
vn 0.0164 -0.0310 0.9994
vn 0.0044 1.0000 0.0072
vn -0.0269 0.9989 0.0394
vn -0.0311 0.9979 0.0565
vn -0.0330 0.9986 -0.0421
vn -0.0261 0.9994 -0.0221
vn -0.0593 0.9817 0.1808
vn -0.0564 0.9799 0.1912
vn -0.0557 0.9880 -0.1442
vn -0.0530 0.9869 -0.1527
vn -0.0530 0.9868 -0.1527
vn -0.0999 0.9950 0.0089
vn 0.8715 0.4902 -0.0108
vn 0.8972 0.4414 -0.0116
vn 0.9543 0.1404 0.2638
vn 0.9991 0.0386 -0.0162
vn 0.5272 0.8497 -0.0026
vn 0.3541 0.7439 0.5668
vn 0.1322 0.8616 0.4900
vn 0.1386 0.9903 0.0049
vn 0.0782 0.3512 0.9330
vn 0.9951 -0.0969 -0.0180
vn 0.9950 -0.0972 -0.0217
vn 0.9989 -0.0435 -0.0168
vn 0.9989 -0.0433 -0.0174
vn 0.9952 -0.0972 -0.0144
vn 0.9989 -0.0431 -0.0185
vn 0.8049 -0.4560 -0.3798
vn 0.9079 -0.4189 -0.0188
vn 0.8153 -0.4650 0.3450
vn 0.9979 0.0517 -0.0382
vn 0.9987 0.0503 0.0056
vn 0.5272 0.8497 -0.0025
vn 0.3353 0.7515 -0.5682
vn 0.1167 0.8685 -0.4817
vn 0.9476 0.1416 -0.2862
vn 0.9017 0.4323 -0.0117
vn 0.0495 0.3647 -0.9298
vn -0.9483 -0.3170 0.0133
vn -0.0174 -0.2890 -0.9572
vn -0.0175 -0.2890 -0.9572
vn 0.0109 -0.2649 -0.9642
vn -0.3343 -0.4773 0.8127
vn -0.3541 -0.4815 0.8017
vn -0.9142 -0.4050 0.0121
vn 0.3569 -0.4802 0.8013
vn 0.3763 -0.4846 0.7896
vn 0.9107 -0.4127 -0.0180
vn 0.3302 -0.4684 -0.8195
vn 0.3500 -0.4729 -0.8086
vn -0.3610 -0.4655 -0.8081
vn -0.3805 -0.4698 -0.7965
vn 0.6177 -0.7863 -0.0159
vn 0.2015 -0.8302 -0.5197
vn 0.2268 -0.8372 -0.4977
vn -0.2501 -0.8351 -0.4899
vn -0.2255 -0.8284 -0.5127
vn 0.2183 -0.8377 0.5006
vn 0.2428 -0.8443 0.4777
vn -0.2087 -0.8359 0.5077
vn -0.2340 -0.8423 0.4856
vn -0.6245 -0.7810 0.0046
vn -0.2501 -0.8352 -0.4899
vn -0.2086 -0.8359 0.5077
vn -0.3049 -0.6584 -0.6882
vn -0.3295 -0.6652 -0.6700
vn 0.3015 -0.6679 -0.6804
vn 0.2764 -0.6608 -0.6978
vn 0.7996 -0.6002 -0.0176
vn 0.3237 -0.6777 0.6603
vn 0.2991 -0.6709 0.6786
vn -0.3074 -0.6750 0.6707
vn -0.2822 -0.6684 0.6882
vn -0.8048 -0.5935 0.0089
vn 0.0140 -0.3105 0.9505
vn 0.0432 -0.2860 0.9572
vn -0.0164 0.0310 -0.9994
vn -0.7195 -0.6919 0.0602
vn -0.9733 -0.2265 0.0372
vn -0.9733 -0.0810 -0.2147
vn -0.7194 -0.2939 -0.6293
vn -0.7741 0.0574 0.6304
vn -0.2962 -0.9548 0.0261
vn -0.2962 -0.4548 -0.8399
vn -0.4534 -0.2619 0.8520
vn -0.2393 0.5425 0.8052
vn -0.6356 0.4935 0.5937
vn -0.2393 0.9686 0.0672
vn -0.6357 0.7609 0.1305
vn -0.4534 0.6068 -0.6528
vn -0.7741 0.5747 -0.2655
vn 0.2962 0.4548 0.8399
vn 0.2962 0.9548 -0.0261
vn -0.9397 0.2962 0.1710
vn 0.1853 -0.9771 -0.1045
vn 0.1853 -0.5790 -0.7940
vn 0.4753 -0.5547 0.6829
vn 0.7441 0.2325 0.6262
vn 0.2962 0.4547 0.8399
vn 0.7441 0.6586 -0.1117
vn 0.4753 0.3141 -0.8218
vn 0.6315 -0.7323 -0.2548
vn 0.6315 -0.5868 -0.5068
vn 0.8276 -0.4475 0.3390
vn 0.9524 -0.0071 0.3047
vn 0.9524 0.2603 -0.1585
vn 0.8276 0.0698 -0.5570
vn 0.9397 -0.2962 -0.1710
vn 0.0733 -0.8635 -0.4989
vn 0.1319 -0.6796 -0.7217
vn -0.3395 -0.8152 -0.4692
vn 0.1294 -0.9653 -0.2267
vn 0.0620 -0.6122 -0.7883
vn -0.3252 -0.6131 -0.7200
vn 0.0655 -0.9892 -0.1308
vn -0.3245 -0.9314 -0.1646
vn -0.6935 -0.6238 -0.3605
vn -0.7052 -0.7053 -0.0722
vn -0.3396 -0.8152 -0.4692
vn -0.7072 -0.4143 -0.5729
vn -0.6396 -0.3868 -0.6643
vn -0.6408 -0.7677 0.0033
vn -0.3246 -0.9314 -0.1646
vn -0.3253 -0.6130 -0.7200
vn 0.6068 -0.7948 -0.0033
vn 0.6984 -0.6198 -0.3579
vn 0.6984 -0.6198 -0.3578
vn 0.5516 -0.8323 -0.0552
vn 0.6068 -0.4003 -0.6867
vn 0.5516 -0.4639 -0.6932
vn 0.3629 0.0479 -0.9306
vn 0.3712 -0.7810 0.5022
vn 0.3485 -0.7208 0.5991
vn -0.0693 -0.6546 0.7528
vn 0.3344 0.1653 -0.9278
vn -0.0691 0.3252 -0.9431
vn -0.9036 -0.3736 0.2097
vn -0.9084 -0.3173 0.2724
vn -0.5577 -0.4882 0.6713
vn -0.9951 -0.0860 -0.0497
vn -0.9084 0.0773 -0.4110
vn -0.9036 -0.0052 -0.4284
vn -0.5505 0.3358 -0.7644
vn -0.4757 -0.4610 0.7491
vn -0.4624 0.4165 -0.7828
vn -0.0692 0.3252 -0.9431
vn -0.0694 -0.6546 0.7528
vn -0.0229 0.4444 -0.8956
vn -0.4819 0.1926 -0.8548
vn -0.6649 0.5339 -0.5224
vn -0.1543 0.0792 -0.9848
vn -0.6751 0.6101 -0.4147
vn 0.0626 0.6406 -0.7653
vn -0.1942 0.9809 0.0053
vn -0.9380 0.3002 0.1733
vn -0.8954 0.3857 0.2227
vn -0.1931 0.8497 0.4906
vn 0.3420 0.8138 0.4698
vn 0.3071 0.9508 0.0404
vn -0.1942 0.4951 0.8468
vn 0.3071 0.5104 0.8033
vn -0.6751 -0.0541 0.7357
vn 0.0626 -0.3425 0.9374
vn -0.0227 -0.5530 0.8329
vn -0.6649 -0.1855 0.7236
vn -0.4853 -0.6393 0.5965
vn -0.1505 -0.8070 0.5711
vn 0.6386 -0.5963 0.4863
vn 0.9414 -0.2922 -0.1687
vn 0.7235 -0.4950 0.4812
vn 0.9721 -0.2030 -0.1172
vn 0.6966 0.2143 0.6847
vn 0.0627 -0.3425 0.9374
vn 0.2076 -0.8577 0.4704
vn -0.1504 -0.8070 0.5710
vn 0.7235 0.1692 -0.6693
vn 0.6386 0.1230 -0.7596
vn -0.0229 0.4443 -0.8956
vn 0.0627 0.6406 -0.7653
vn 0.2017 -0.0228 -0.9792
vn -0.1542 0.0792 -0.9849
vn 0.6966 0.7002 -0.1568
vn 0.7786 0.5434 0.3137
vn 0.7998 -0.5383 0.2656
vn 0.7073 -0.6876 0.1638
vn 0.7071 -0.2029 -0.6774
vn 0.7991 -0.0397 -0.5998
vn -0.0125 -0.5306 0.8476
vn -0.0822 -0.6800 0.7286
vn -0.0828 0.2894 -0.9536
vn -0.0132 0.4669 -0.8842
vn -0.3420 -0.8138 -0.4699
vn -0.8259 -0.0236 0.5633
vn -0.8719 -0.1878 0.4523
vn -0.0124 -0.5305 0.8476
vn -0.8260 0.4753 -0.3031
vn -0.8722 0.2968 -0.3887
vn -0.3421 -0.8138 -0.4698
vn 0.7348 0.3983 0.5490
vn 0.7348 0.6746 0.0704
vn 0.2851 0.4018 0.8702
vn 0.2851 0.4019 0.8702
vn 0.2851 0.9545 -0.0871
vn -0.1648 0.6818 0.7127
vn 0.2850 0.4019 0.8702
vn -0.1647 0.9582 0.2341
vn 0.2850 0.9546 -0.0870
vn 0.1997 -0.9562 -0.2138
vn 0.1998 -0.9562 -0.2138
vn 0.1997 -0.6632 -0.7213
vn 0.1997 -0.6633 -0.7213
vn -0.2771 -0.9525 0.1268
vn -0.2771 -0.3664 -0.8882
vn -0.2771 -0.3665 -0.8882
vn -0.7540 -0.6556 -0.0402
vn -0.2772 -0.9524 0.1268
vn -0.7540 -0.3626 -0.5477
vn -0.2772 -0.3664 -0.8882
vn 0.8825 -0.1759 0.4363
vn 0.8534 -0.3886 0.3474
vn 0.8534 0.1065 -0.5103
vn 0.8825 0.2899 -0.3705
vn 0.1244 -0.1699 0.9776
vn 0.0475 -0.3822 0.9229
vn 0.0475 0.6081 -0.7924
vn 0.1243 0.7617 -0.6359
vn 0.3421 0.8138 0.4699
vn -0.6337 0.3020 0.7122
vn -0.7584 0.1194 0.6407
vn -0.6337 0.7678 -0.0946
vn -0.7584 0.6146 -0.2169
vn 0.3420 0.8138 0.4699
vn -0.5905 0.1782 0.7871
vn -0.8431 0.0786 0.5320
vn -0.8069 0.0912 0.5836
vn -0.5326 0.1411 0.8345
vn -0.8314 0.1018 0.5462
vn -0.9811 -0.0021 0.1935
vn -0.9911 0.0400 0.1266
vn -0.9911 0.0400 0.1267
vn -0.8628 0.0338 0.5044
vn -0.6672 0.0004 0.7449
vn -0.9199 0.0348 0.3906
vn 0.0016 -0.0001 1.0000
vn -0.0000 -0.0005 1.0000
vn -0.0000 -0.0001 1.0000
vn 0.0013 -0.0000 1.0000
vn -0.0017 -0.0001 1.0000
vn -0.0000 -0.3701 0.9290
vn 0.0014 -0.3707 0.9288
vn 0.0002 -0.3711 0.9286
vn -0.0000 -0.3714 0.9285
vn -0.0001 -0.3711 0.9286
vn -0.0014 -0.3707 0.9288
vn -0.0000 0.5995 0.8003
vn 0.0239 0.9986 -0.0479
vn 0.1285 0.9673 -0.2185
vn 0.1651 0.9465 -0.2771
vn 0.0616 0.9681 -0.2429
vn -0.9889 -0.0684 -0.1322
vn -0.9990 0.0344 -0.0296
vn -0.9976 0.0691 -0.0102
vn -0.9808 0.0045 -0.1952
vn -0.9868 0.0685 -0.1464
vn -0.9963 0.0840 -0.0159
vn -0.8009 -0.0075 -0.5987
vn -0.8011 -0.0076 -0.5985
vn -0.9339 -0.2530 -0.2526
vn -0.9103 0.0320 -0.4127
vn 0.6897 -0.3434 -0.6375
vn 0.8112 -0.3070 -0.4978
vn 0.8673 -0.2223 -0.4454
vn 0.9680 -0.0753 -0.2393
vn 0.9850 -0.0385 -0.1682
vn 0.8079 -0.1523 -0.5693
vn -0.0001 0.2135 -0.9769
vn -0.0002 -0.4164 -0.9092
vn -0.0001 -0.4164 -0.9092
vn -0.9946 0.0712 0.0759
vn -0.9928 0.0846 0.0852
vn -0.9941 0.0750 0.0786
vn -0.9656 0.0327 0.2581
vn -0.9677 0.0336 0.2497
vn -0.9744 -0.0394 0.2213
vn -0.9419 -0.3118 0.1247
vn -0.9677 0.0336 0.2498
vn -0.5635 -0.8135 -0.1434
vn 0.9676 0.0335 0.2504
vn 0.9656 0.0327 0.2581
vn 0.9670 0.0333 0.2527
vn 0.9744 -0.0394 0.2213
vn 0.9420 -0.3117 0.1247
vn -0.0259 0.9983 -0.0516
vn -0.1352 0.9645 -0.2270
vn -0.1600 0.9480 -0.2753
vn -0.0586 0.9686 -0.2415
vn 0.9883 -0.0700 -0.1356
vn 0.9800 0.0016 -0.1988
vn 0.9973 0.0730 -0.0124
vn 0.9856 0.0676 -0.1550
vn 0.9960 0.0878 -0.0182
vn 0.8788 0.0131 -0.4769
vn 0.8789 0.0126 -0.4768
vn 0.9304 -0.2568 -0.2615
vn 0.9303 -0.2569 -0.2619
vn 0.8012 -0.0074 -0.5983
vn 0.8011 -0.0075 -0.5985
vn -0.8152 -0.3075 -0.4908
vn -0.8702 -0.2229 -0.4395
vn -0.9696 -0.0761 -0.2326
vn -0.9859 -0.0399 -0.1623
vn -0.6904 -0.3435 -0.6367
vn 0.0001 0.2137 -0.9769
vn 0.0001 -0.4163 -0.9092
vn 0.9944 0.0753 0.0742
vn 0.9939 0.0788 0.0770
vn 0.9926 0.0875 0.0839
vn -0.1245 0.1976 0.9723
vn 0.8646 0.1011 0.4922
vn 0.8585 0.0913 0.5046
vn 0.7678 0.1300 0.6274
vn 0.8685 0.0495 0.4933
vn 0.8262 0.0400 0.5620
vn 0.8476 0.1164 0.5177
vn 0.9207 0.0333 0.3888
vn 0.8440 0.0936 0.5281
vn 0.9878 0.0447 0.1493
vn 0.9878 0.0447 0.1494
vn 0.7351 0.1075 0.6694
vn -0.0003 -0.8661 -0.4999
vn -0.0001 -0.7813 -0.6242
vn 0.0001 -0.7814 -0.6241
vn 0.9419 -0.3118 0.1247
vn 0.9744 -0.0393 0.2213
vn -0.9970 0.0671 0.0378
vn -0.5517 0.1143 0.8262
vn -0.3879 0.1367 0.9115
vn -0.3387 0.1173 0.9335
vn -0.2537 0.2113 0.9439
vn 0.3855 0.1827 0.9044
vn 0.5618 0.1292 0.8171
vn 0.5812 0.1293 0.8034
vn 0.6679 0.1329 0.7323
vn 0.3887 0.2661 0.8821
vn -0.3375 0.3048 0.8906
vn 0.9910 0.1341 -0.0000
vn -0.4513 -0.7007 0.5525
vn -0.4869 -0.6282 0.6069
vn -0.5314 -0.8449 0.0621
vn -0.7518 -0.6548 0.0778
vn -0.4054 -0.7468 -0.5273
vn -0.0003 -0.7266 -0.6871
vn -0.4690 -0.5898 -0.6574
vn 0.0007 -0.5654 -0.8248
vn -0.0011 -0.9999 0.0111
vn -0.6877 0.1202 -0.7160
vn -0.6877 0.1201 -0.7160
vn -0.8744 0.1810 -0.4502
vn 0.4785 -0.6454 0.5954
vn 0.4955 -0.6169 0.6115
vn 0.7609 -0.6397 0.1087
vn 0.5846 -0.8069 0.0843
vn 0.4820 -0.5916 -0.6463
vn 0.4156 -0.7466 -0.5196
vn -0.0010 -0.9999 0.0111
vn 0.6749 0.0929 -0.7320
vn 0.6749 0.0929 -0.7321
vn 0.8908 0.1423 -0.4316
vn 0.8908 0.1424 -0.4315
vn -0.0009 0.0751 -0.9972
vn 0.0937 0.0647 -0.9935
vn -0.0468 0.0201 -0.9987
vn 0.1292 0.0383 -0.9909
vn -0.1463 0.0210 -0.9890
vn -0.0469 0.0201 -0.9987
vn -0.2835 -0.0886 -0.9549
vn 0.0459 0.0361 0.9983
vn 0.1278 0.0421 0.9909
vn 0.0741 0.0748 0.9944
vn -0.0642 0.0614 0.9960
vn 0.1412 0.0408 0.9891
vn 0.0883 0.0190 0.9959
vn 0.1397 0.0453 0.9892
vn 0.0445 0.1071 0.9933
vn -0.0032 0.0264 0.9996
vn -0.0870 0.1644 0.9825
vn 0.1048 0.0509 0.9932
vn 0.0222 -0.0290 0.9993
vn -0.0031 0.0264 0.9996
vn -0.0119 0.0195 0.9997
vn -0.0020 0.0273 0.9996
vn -0.0010 0.0281 0.9996
vn 0.4919 0.8702 -0.0284
vn 0.4911 0.8700 -0.0443
vn 0.3017 0.5886 -0.7500
vn 0.4108 0.6793 0.6081
vn 0.4107 0.6793 0.6081
vn -0.9731 0.2060 0.1029
vn -0.9731 0.2060 0.1028
vn -0.6212 0.7506 0.2253
vn -0.9345 0.3228 0.1498
vn -0.4020 0.8821 0.2455
vn -0.2800 0.9447 0.1705
vn -0.2094 0.9695 0.1276
vn -0.0000 -0.8072 -0.5902
vn -0.9990 0.0408 0.0171
vn -0.9998 0.0189 -0.0028
vn -0.9995 0.0283 0.0155
vn -0.9988 0.0417 0.0253
vn -0.9986 0.0507 0.0146
vn -0.9979 0.0652 -0.0000
vn -0.9997 -0.0232 -0.0000
vn -0.9994 0.0335 0.0076
vn -0.9995 0.0163 -0.0258
vn -0.9999 0.0042 -0.0167
vn -0.9573 -0.0296 -0.2875
vn -0.5941 -0.0561 -0.8024
vn -0.5817 -0.0489 -0.8119
vn -0.3709 0.0247 -0.9284
vn -0.3794 0.0241 -0.9249
vn -0.0001 0.0327 -0.9995
vn -0.0000 0.0340 -0.9994
vn -0.9895 0.1150 -0.0875
vn -0.0184 -0.9899 0.1407
vn -0.0168 -0.9914 0.1298
vn -0.0222 -0.9898 0.1404
vn -0.0000 -0.9914 0.1308
vn -0.0000 -0.9915 0.1300
vn -0.0330 -0.9857 0.1650
vn -0.9096 -0.2446 0.3358
vn 1.0000 -0.0000 -0.0001
vn 1.0000 -0.0000 0.0006
vn 0.0987 0.0544 -0.9936
vn 0.0988 0.0544 -0.9936
vn 0.9499 0.2173 -0.2246
vn 0.8462 0.0700 -0.5283
vn 0.9281 0.1702 -0.3313
vn 0.8158 0.0421 -0.5767
vn 0.5656 0.6700 -0.4809
vn 0.4758 0.7352 -0.4828
vn 0.4732 0.7568 -0.4509
vn 0.3622 0.7889 -0.4964
vn 0.2516 0.7701 -0.5862
vn 0.1190 -0.0440 -0.9919
vn 0.1244 0.0015 -0.9922
vn 0.1267 -0.0378 -0.9912
vn 0.3122 0.4164 -0.8539
vn 0.2950 0.4282 -0.8542
vn 0.2807 0.4377 -0.8542
vn 0.2737 0.4424 -0.8540
vn 0.9981 -0.0155 -0.0603
vn 0.9985 -0.0236 -0.0491
vn 0.9969 -0.0085 -0.0784
vn 0.9994 -0.0354 -0.0063
vn 0.9991 -0.0404 0.0090
vn 0.9992 -0.0379 0.0096
vn 0.9994 -0.0334 0.0033
vn 0.9989 -0.0356 0.0292
vn 0.9991 -0.0406 0.0155
vn 0.9979 -0.0437 0.0478
vn 0.9999 -0.0158 -0.0000
vn 0.3488 0.5488 -0.7597
vn 0.5602 0.8267 0.0528
vn 0.5596 0.8287 -0.0133
vn 0.3488 0.5493 -0.7594
vn 0.4486 0.6370 0.6269
vn 0.4486 0.6367 0.6272
vn 0.9531 0.3005 0.0347
vn 0.9537 0.3007 -0.0072
vn 0.8850 0.2794 -0.3725
vn 0.9156 0.2886 0.2801
vn 0.9156 0.2885 0.2799
vn -0.6311 -0.7755 -0.0165
vn -0.6311 -0.7755 -0.0166
vn -0.8686 0.0109 -0.4953
vn -0.9197 0.0327 -0.3913
vn -0.9488 -0.1261 -0.2897
vn -0.8986 -0.3785 0.2220
vn -0.9216 0.0330 -0.3868
vn 0.4259 -0.0158 0.9046
vn -0.0000 -0.0255 0.9997
vn 0.0001 -0.0318 0.9995
vn 0.4266 -0.0178 0.9043
vn 0.7911 -0.0082 0.6116
vn 0.7193 -0.0037 0.6947
vn 0.8431 -0.0064 0.5377
vn 0.8509 -0.0097 0.5253
vn 0.7577 -0.0083 0.6526
vn 0.8364 -0.0137 0.5480
vn 0.4479 -0.0087 0.8940
vn -0.0000 -0.0112 0.9999
vn 0.0197 -0.9809 -0.1935
vn 0.0198 -0.9809 -0.1934
vn 0.0199 -0.9809 -0.1934
vn 0.2692 0.0856 -0.9593
vn 0.2255 0.0983 -0.9693
vn 0.2339 0.0959 -0.9675
vn 0.2763 0.0835 -0.9574
vn 0.2821 -0.9293 0.2384
vn 0.2306 -0.9176 0.3237
vn 0.2787 -0.9276 0.2487
vn 0.2943 -0.9334 0.2052
vn 0.2944 -0.9338 0.2033
vn 0.2925 -0.9363 0.1942
vn 0.1262 0.1039 -0.9865
vn 0.1338 0.1012 -0.9858
vn 0.1245 0.0015 -0.9922
vn 0.1023 -0.2517 -0.9624
vn 0.1696 -0.2774 -0.9457
vn 0.0716 -0.2378 -0.9687
vn 0.1956 -0.2931 -0.9359
vn 0.1625 -0.2890 -0.9434
vn 0.0481 0.0368 0.9982
vn -0.1603 0.0444 0.9861
vn -0.1049 0.0689 0.9921
vn -0.1260 0.0582 0.9903
vn -0.0588 0.0334 0.9977
vn -0.0487 0.0768 0.9959
vn -0.0408 0.0592 0.9974
vn -0.0883 0.0190 0.9959
vn -0.1099 0.0469 0.9928
vn -0.0445 0.1071 0.9933
vn 0.0032 0.0264 0.9996
vn 0.0870 0.1644 0.9825
vn -0.0632 0.0295 0.9976
vn -0.1603 0.0445 0.9861
vn -0.1536 0.1032 0.9827
vn -0.0920 0.0427 0.9948
vn -0.1261 0.0582 0.9903
vn -0.1245 0.0559 0.9906
vn -0.1048 0.0510 0.9932
vn -0.0222 -0.0290 0.9993
vn 0.0119 0.0195 0.9997
vn 0.0031 0.0264 0.9996
vn 0.0020 0.0273 0.9996
vn 0.0010 0.0281 0.9996
vn -0.4919 0.8702 -0.0284
vn -0.3017 0.5886 -0.7500
vn -0.3017 0.5887 -0.7499
vn -0.4911 0.8700 -0.0443
vn -0.4108 0.6793 0.6081
vn -0.4107 0.6793 0.6081
vn 0.6211 0.7506 0.2252
vn 0.9345 0.3229 0.1499
vn 0.4020 0.8821 0.2455
vn 0.2800 0.9447 0.1705
vn 0.2094 0.9695 0.1276
vn 0.9731 0.2060 0.1029
vn 0.9990 0.0408 0.0171
vn 0.9998 0.0189 -0.0028
vn 0.9995 0.0283 0.0156
vn 0.9988 0.0417 0.0253
vn 0.9986 0.0507 0.0146
vn 0.9979 0.0649 -0.0000
vn 0.9994 0.0335 0.0076
vn 0.9995 0.0163 -0.0258
vn 0.9999 0.0042 -0.0167
vn 0.9573 -0.0296 -0.2875
vn 0.5942 -0.0566 -0.8023
vn 0.5817 -0.0489 -0.8119
vn 0.3709 0.0247 -0.9284
vn 0.3794 0.0241 -0.9249
vn 0.0001 0.0327 -0.9995
vn -0.0000 0.0327 -0.9995
vn 0.9895 0.1150 -0.0875
vn 0.0168 -0.9914 0.1298
vn 0.0184 -0.9899 0.1407
vn 0.0222 -0.9898 0.1404
vn 0.0330 -0.9857 0.1650
vn 0.9096 -0.2446 0.3358
vn -0.0987 0.0544 -0.9936
vn -0.0988 0.0544 -0.9936
vn -0.9499 0.2173 -0.2246
vn -0.9281 0.1702 -0.3313
vn -0.8462 0.0700 -0.5283
vn -0.8158 0.0421 -0.5767
vn -0.5656 0.6700 -0.4809
vn -0.4732 0.7568 -0.4509
vn -0.4758 0.7352 -0.4828
vn -0.3622 0.7889 -0.4964
vn -0.2516 0.7701 -0.5862
vn -0.1190 -0.0440 -0.9919
vn -0.1267 -0.0378 -0.9912
vn -0.1244 0.0015 -0.9922
vn -0.2950 0.4282 -0.8542
vn -0.3122 0.4164 -0.8539
vn -0.2807 0.4378 -0.8541
vn -0.2737 0.4424 -0.8540
vn -0.9985 -0.0236 -0.0491
vn -0.9981 -0.0155 -0.0603
vn -0.9969 -0.0085 -0.0784
vn -0.9994 -0.0354 -0.0063
vn -0.9991 -0.0404 0.0090
vn -0.9992 -0.0379 0.0096
vn -0.9994 -0.0334 0.0033
vn -0.9989 -0.0356 0.0293
vn -0.9991 -0.0406 0.0155
vn -0.9979 -0.0437 0.0478
vn -0.9999 -0.0158 -0.0000
vn -0.3488 0.5492 -0.7594
vn -0.3488 0.5493 -0.7593
vn -0.5596 0.8287 -0.0133
vn -0.5602 0.8267 0.0527
vn -0.4485 0.6367 0.6273
vn -0.4486 0.6368 0.6271
vn -0.9531 0.3005 0.0347
vn -0.8850 0.2794 -0.3725
vn -0.9537 0.3007 -0.0072
vn -0.9156 0.2886 0.2800
vn -0.9156 0.2885 0.2799
vn -0.2821 -0.9293 0.2384
vn -0.2943 -0.9334 0.2052
vn -0.2786 -0.9276 0.2487
vn -0.2306 -0.9176 0.3237
vn -0.2943 -0.9338 0.2032
vn -0.2925 -0.9363 0.1942
vn 0.6311 -0.7755 -0.0165
vn 0.6311 -0.7755 -0.0166
vn -0.4261 -0.0155 0.9046
vn -0.7193 -0.0037 0.6947
vn -0.7911 -0.0082 0.6116
vn -0.4266 -0.0178 0.9043
vn -0.0001 -0.0318 0.9995
vn -0.0001 -0.0255 0.9997
vn -0.8431 -0.0064 0.5378
vn -0.8509 -0.0097 0.5253
vn -0.4479 -0.0087 0.8941
vn -0.7577 -0.0083 0.6526
vn -0.8364 -0.0137 0.5480
vn 0.9197 0.0327 -0.3913
vn 0.8686 0.0109 -0.4953
vn 0.9488 -0.1261 -0.2897
vn 0.8986 -0.3785 0.2220
vn 0.9216 0.0330 -0.3868
vn -0.0197 -0.9809 -0.1935
vn -0.0198 -0.9809 -0.1934
vn -0.2255 0.0983 -0.9693
vn -0.2689 0.0857 -0.9593
vn -0.2339 0.0959 -0.9675
vn -0.2763 0.0835 -0.9574
vn -0.1262 0.1039 -0.9865
vn -0.1245 0.0015 -0.9922
vn -0.1338 0.1012 -0.9858
vn -0.1267 -0.0377 -0.9912
vn -0.1696 -0.2774 -0.9457
vn -0.1023 -0.2517 -0.9624
vn -0.0716 -0.2378 -0.9687
vn -0.1956 -0.2931 -0.9359
vn -0.1625 -0.2890 -0.9434
vn -0.5564 0.8144 0.1646
vn -0.5562 0.8145 0.1652
vn -0.5563 0.8145 0.1648
vn -0.9509 0.3034 0.0612
vn -0.9509 0.3034 0.0611
vn -0.5289 0.8460 0.0668
vn -0.5289 0.8460 0.0667
vn -0.5289 0.8460 0.0669
vn 0.5289 0.8460 0.0668
vn 0.5289 0.8460 0.0669
vn 0.9509 0.3034 0.0611
vn 0.9509 0.3034 0.0612
vn 0.9509 0.3035 0.0611
vn 0.5564 0.8144 0.1646
vn 0.5563 0.8145 0.1648
vn 0.5562 0.8145 0.1651
vn -0.0000 0.8590 -0.5121
vn -0.0000 0.8589 -0.5121
vn -0.0003 -0.6982 -0.7159
vn -0.0000 -0.6982 -0.7159
vn -0.0005 -0.6980 -0.7161
vn -0.0005 -0.6981 -0.7160
vn 0.9368 -0.0702 -0.3428
vn 0.9969 -0.0148 -0.0771
vn 0.9963 0.0345 -0.0785
vn 0.9977 -0.0049 -0.0680
vn 0.9913 0.0073 -0.1312
vn 0.9945 0.0358 -0.0982
vn 0.9885 0.0955 -0.1174
vn 0.9745 0.0059 -0.2245
vn 0.9583 0.0172 -0.2851
vn 0.9684 -0.0011 -0.2493
vn 0.8948 0.1017 -0.4348
vn -0.0000 -0.1163 -0.9932
vn -0.0000 0.2638 -0.9646
vn -0.0000 0.4141 -0.9102
vn -0.0000 0.3522 -0.9359
vn -0.0000 0.3492 -0.9371
vn -0.0000 0.3178 -0.9481
vn 0.8173 0.1131 -0.5651
vn 0.0680 -0.0219 -0.9974
vn 0.1605 -0.0480 -0.9859
vn 0.0001 -0.0706 -0.9975
vn -0.0000 -0.0706 -0.9975
vn -0.0000 -0.4072 -0.9133
vn 0.9008 -0.3030 -0.3111
vn 0.9058 -0.4233 -0.0203
vn 0.9070 -0.4202 -0.0295
vn 0.9017 -0.4323 0.0064
vn 0.9017 -0.4322 0.0064
vn -0.0000 0.0881 0.9961
vn -0.0000 0.0742 0.9972
vn -0.0002 0.0742 0.9972
vn -0.0079 0.0311 0.9995
vn -0.0411 0.0347 0.9986
vn -0.0000 0.0302 0.9995
vn -0.0000 -0.4015 -0.9159
vn -0.0000 -0.8481 0.5299
vn 0.0492 -0.8431 0.5354
vn 0.1109 -0.8340 0.5405
vn 0.3491 -0.7661 0.5397
vn -0.0000 -0.9991 0.0433
vn -0.0000 -0.5016 -0.8651
vn 0.1056 -0.4156 -0.9034
vn 0.5854 -0.1341 -0.7996
vn 0.8444 0.1632 -0.5103
vn 0.5022 0.6945 -0.5152
vn 0.8625 0.2558 -0.4367
vn 0.1135 0.8791 -0.4629
vn -0.0000 0.9239 -0.3827
vn 0.1013 0.9667 0.2350
vn 0.7203 0.6292 -0.2918
vn 0.8216 0.3467 -0.4525
vn 0.7953 0.2445 -0.5547
vn -0.0000 0.9354 0.3536
vn 0.4050 -0.0063 -0.9143
vn 0.1083 -0.1305 -0.9855
vn -0.0000 -0.2115 -0.9774
vn -0.0000 -0.2084 -0.9780
vn -0.0000 0.9826 -0.1856
vn -0.0001 0.9826 -0.1856
vn -0.0072 0.9826 -0.1854
vn -0.0072 0.9826 -0.1855
vn -0.0492 -0.8431 0.5354
vn -0.1109 -0.8340 0.5405
vn -0.3491 -0.7661 0.5397
vn 0.0003 -0.6982 -0.7159
vn 0.0006 -0.6979 -0.7161
vn 0.0005 -0.6980 -0.7161
vn -0.0000 -0.6986 -0.7156
vn -0.9969 -0.0148 -0.0771
vn -0.9368 -0.0702 -0.3428
vn -0.9963 0.0345 -0.0786
vn -0.9977 -0.0049 -0.0680
vn -0.9913 0.0073 -0.1313
vn -0.9945 0.0358 -0.0981
vn -0.9885 0.0955 -0.1174
vn -0.9744 0.0059 -0.2245
vn -0.9583 0.0172 -0.2851
vn -0.9684 -0.0011 -0.2493
vn -0.8948 0.1017 -0.4348
vn -0.0680 -0.0219 -0.9974
vn -0.8173 0.1131 -0.5651
vn -0.1605 -0.0479 -0.9859
vn -0.0001 -0.0706 -0.9975
vn -0.9058 -0.4233 -0.0203
vn -0.9008 -0.3030 -0.3111
vn -0.9070 -0.4202 -0.0295
vn -0.9017 -0.4323 0.0064
vn -0.9017 -0.4322 0.0064
vn 0.0002 0.0742 0.9972
vn 0.0079 0.0311 0.9995
vn 0.0411 0.0347 0.9986
vn -0.1056 -0.4156 -0.9034
vn -0.5854 -0.1341 -0.7996
vn -0.8444 0.1632 -0.5103
vn -0.5022 0.6945 -0.5152
vn -0.8625 0.2558 -0.4367
vn -0.1135 0.8791 -0.4629
vn -0.7203 0.6292 -0.2918
vn -0.1013 0.9667 0.2350
vn -0.8216 0.3467 -0.4525
vn -0.7953 0.2445 -0.5547
vn -0.4050 -0.0063 -0.9143
vn -0.1083 -0.1305 -0.9855
vn 0.0071 0.9826 -0.1855
vn 0.0073 0.9827 -0.1849
vn -0.1583 -0.9755 -0.1525
vn -0.1354 -0.9789 -0.1528
vn -0.3758 -0.9228 -0.0848
vn -0.0000 -0.9895 -0.1444
vn -0.0000 -0.9907 -0.1364
vn -0.3522 -0.9358 -0.0173
vn 0.0134 0.2617 -0.9651
vn -0.0000 0.2878 -0.9577
vn -0.0313 0.2131 -0.9765
vn -0.0000 0.2191 -0.9757
vn -0.0424 0.1632 -0.9857
vn -0.0081 0.1501 -0.9886
vn -0.0001 0.1494 -0.9888
vn -0.0000 0.1736 -0.9848
vn -0.2961 -0.3313 0.8959
vn -0.5496 -0.1408 0.8235
vn -0.6718 -0.4266 0.6055
vn -0.8790 -0.0903 0.4682
vn -0.8499 -0.4516 0.2715
vn -0.5318 -0.0008 0.8469
vn -0.8334 0.1023 0.5431
vn -0.5007 0.1147 0.8580
vn -0.6514 0.4318 0.6238
vn 0.0001 0.6130 0.7901
vn -0.0000 0.1854 0.9827
vn -0.0001 -0.0442 0.9990
vn -0.0000 -0.1508 0.9886
vn -0.0000 -0.4864 0.8737
vn 0.0588 0.3836 -0.9216
vn -0.0000 0.3810 -0.9246
vn 0.0443 0.3800 -0.9239
vn -0.0000 0.3927 -0.9197
vn 0.1354 -0.9789 -0.1528
vn 0.1583 -0.9755 -0.1525
vn 0.3758 -0.9228 -0.0848
vn 0.3522 -0.9358 -0.0173
vn -0.0134 0.2617 -0.9651
vn 0.0313 0.2131 -0.9765
vn 0.0424 0.1632 -0.9857
vn 0.0081 0.1501 -0.9886
vn 0.0001 0.1494 -0.9888
vn 0.0001 -0.0442 0.9990
vn 0.5007 0.1147 0.8580
vn -0.0001 0.6130 0.7901
vn 0.6514 0.4318 0.6238
vn 0.8334 0.1023 0.5431
vn 0.5318 -0.0008 0.8469
vn 0.8790 -0.0904 0.4681
vn 0.5496 -0.1408 0.8235
vn 0.6718 -0.4266 0.6055
vn 0.8499 -0.4516 0.2715
vn 0.0001 -0.1507 0.9886
vn 0.2961 -0.3313 0.8959
vn -0.0588 0.3836 -0.9216
vn -0.0443 0.3800 -0.9239
vn -0.4720 -0.0701 -0.8788
vn -0.0001 -0.0792 -0.9969
vn -0.0001 -0.0552 -0.9985
vn -0.4857 -0.0552 -0.8724
vn -0.6215 -0.0562 -0.7814
vn -0.6350 -0.0616 -0.7701
vn -0.4569 -0.0835 -0.8856
vn -0.6479 -0.0669 -0.7588
vn -0.0001 -0.0983 -0.9952
vn 0.4720 -0.0701 -0.8788
vn 0.4857 -0.0552 -0.8724
vn 0.0001 -0.0552 -0.9985
vn 0.0001 -0.0792 -0.9969
vn 0.6215 -0.0562 -0.7814
vn 0.6350 -0.0616 -0.7701
vn 0.4569 -0.0835 -0.8856
vn 0.6479 -0.0669 -0.7588
vn 0.0001 -0.0983 -0.9952
vn 0.3681 0.1286 0.9209
vn 0.4295 0.0777 0.8997
vn 0.4062 0.1286 0.9047
vn 0.3496 0.2101 0.9130
vn 0.5109 -0.0736 0.8565
vn 0.5179 -0.0664 0.8529
vn 0.5466 -0.0810 0.8335
vn -0.5644 0.0777 -0.8218
vn -0.6134 0.1286 -0.7792
vn -0.6159 0.2101 -0.7593
vn -0.5804 0.1286 -0.8041
vn -0.4863 -0.0736 -0.8707
vn -0.4797 -0.0664 -0.8749
vn -0.4486 -0.0810 -0.8901
vn 0.8659 0.0186 -0.4999
vn 0.8658 0.0186 -0.5000
vn -0.3681 0.1286 0.9209
vn -0.3496 0.2101 0.9130
vn -0.4062 0.1286 0.9047
vn -0.4295 0.0777 0.8997
vn -0.5109 -0.0736 0.8565
vn -0.5179 -0.0664 0.8529
vn -0.5466 -0.0810 0.8335
vn 0.5644 0.0777 -0.8218
vn 0.5804 0.1286 -0.8041
vn 0.6159 0.2101 -0.7593
vn 0.6134 0.1286 -0.7792
vn 0.4863 -0.0736 -0.8707
vn 0.4797 -0.0664 -0.8749
vn 0.4486 -0.0810 -0.8901
vn -0.8659 0.0186 -0.4999
vn -0.2235 -0.0893 -0.9706
vn -0.4899 -0.0976 -0.8663
vn -0.1601 -0.0847 -0.9835
vn -0.0000 -0.0852 -0.9964
vn -0.6950 -0.1113 -0.7103
vn -0.6945 -0.1108 -0.7110
vn 0.4899 -0.0976 -0.8663
vn 0.2235 -0.0894 -0.9706
vn 0.1601 -0.0847 -0.9835
vn 0.6950 -0.1113 -0.7103
vn 0.6945 -0.1108 -0.7110
vn 0.8063 0.3104 0.5035
vn 0.6596 0.3373 0.6717
vn 0.6696 0.3088 0.6755
vn 0.7583 0.2753 0.5910
vn 0.6531 0.2289 0.7218
vn 0.4310 0.2605 0.8639
vn -0.0000 0.3543 0.9351
vn -0.0000 0.3997 0.9166
vn 0.0001 0.2739 0.9618
vn -0.6696 0.3088 0.6755
vn -0.4310 0.2605 0.8639
vn -0.0001 0.2738 0.9618
vn -0.6532 0.2288 0.7217
vn -0.7583 0.2753 0.5910
vn -0.8063 0.3104 0.5036
vn -0.6596 0.3373 0.6717
vn 0.9916 -0.1285 -0.0141
vn 1.0000 -0.0018 -0.0059
vn 0.6942 0.0755 0.7158
vn 0.7498 -0.0532 -0.6596
vn 0.9966 0.0828 0.0057
vn 0.7414 0.0659 0.6678
vn 0.7978 -0.0222 -0.6025
vn 0.9141 0.1488 0.3773
vn 0.9075 0.0839 -0.4115
vn 0.9906 0.1361 -0.0110
vn 0.6224 0.1414 0.7698
vn 0.7562 0.0918 0.6478
vn 0.7143 0.1032 0.6922
vn 0.5111 0.1802 0.8404
vn -0.0000 0.2420 0.9703
vn -0.0000 0.2603 0.9655
vn 0.6126 0.2132 0.7611
vn 0.5740 0.2950 0.7639
vn 0.8085 0.2115 0.5491
vn 0.8192 0.2868 0.4966
vn 0.8782 0.2557 0.4043
vn 0.7759 0.2578 0.5758
vn 0.6899 0.3891 0.6104
vn -0.0000 0.5363 0.8440
vn -0.0000 0.3682 0.9298
vn -0.0000 0.5671 0.8236
vn 0.7271 0.1674 0.6658
vn 0.7776 0.1133 -0.6184
vn 0.7324 0.1316 -0.6681
vn 0.7304 0.1723 -0.6609
vn 0.8394 0.1505 -0.5222
vn 0.5234 0.1175 -0.8439
vn 0.5814 0.2340 -0.7792
vn -0.0000 0.2621 -0.9650
vn -0.0000 0.2366 -0.9716
vn -0.0000 0.1635 -0.9865
vn 0.5143 0.0637 -0.8552
vn -0.0000 0.0723 -0.9974
vn 0.5984 0.0397 -0.8002
vn 0.6386 0.0194 -0.7693
vn 0.6208 0.0407 -0.7829
vn 0.0001 -0.0224 -0.9997
vn 0.6956 -0.0254 -0.7179
vn 0.6465 0.0358 -0.7621
vn 0.7126 -0.1236 -0.6906
vn 0.7550 -0.1267 -0.6434
vn 0.7374 -0.1198 -0.6647
vn 0.7427 -0.1149 -0.6597
vn 0.6685 -0.1179 -0.7343
vn 0.7436 -0.1029 -0.6606
vn 0.7519 -0.0823 -0.6542
vn 0.7458 -0.0801 -0.6613
vn 0.8068 -0.0238 -0.5903
vn 0.6989 -0.0213 -0.7149
vn 0.7031 -0.0224 -0.7107
vn 0.6358 -0.0170 -0.7717
vn 0.6358 -0.0171 -0.7717
vn -1.0000 -0.0018 -0.0059
vn -0.9916 -0.1285 -0.0141
vn -0.6941 0.0755 0.7159
vn -0.7498 -0.0532 -0.6596
vn -0.9966 0.0828 0.0057
vn -0.7451 0.0687 0.6634
vn -0.9141 0.1488 0.3773
vn -0.9906 0.1361 -0.0110
vn -0.9075 0.0839 -0.4115
vn -0.7979 -0.0219 -0.6024
vn -0.6224 0.1414 0.7698
vn -0.7562 0.0918 0.6478
vn -0.7143 0.1032 0.6922
vn -0.5111 0.1802 0.8404
vn -0.0000 0.2421 0.9703
vn -0.6126 0.2132 0.7611
vn -0.5740 0.2950 0.7639
vn -0.8085 0.2115 0.5491
vn -0.8192 0.2868 0.4966
vn -0.8782 0.2557 0.4043
vn -0.7759 0.2577 0.5758
vn -0.6899 0.3891 0.6104
vn -0.0000 0.5672 0.8236
vn -0.7271 0.1674 0.6658
vn -0.7324 0.1316 -0.6681
vn -0.7778 0.1136 -0.6181
vn -0.7304 0.1723 -0.6609
vn -0.8394 0.1505 -0.5222
vn -0.5234 0.1175 -0.8439
vn -0.6208 0.0407 -0.7829
vn -0.5814 0.2340 -0.7792
vn -0.5143 0.0637 -0.8552
vn -0.5984 0.0397 -0.8002
vn -0.6386 0.0194 -0.7693
vn -0.0001 -0.0224 -0.9997
vn -0.6956 -0.0254 -0.7179
vn -0.6465 0.0358 -0.7621
vn -0.7549 -0.1266 -0.6435
vn -0.7126 -0.1236 -0.6906
vn -0.7374 -0.1198 -0.6647
vn -0.7427 -0.1149 -0.6597
vn -0.6685 -0.1179 -0.7343
vn -0.7436 -0.1029 -0.6606
vn -0.7518 -0.0823 -0.6542
vn -0.7458 -0.0801 -0.6613
vn -0.8068 -0.0238 -0.5903
vn -0.6989 -0.0213 -0.7149
vn -0.7031 -0.0224 -0.7107
vn -0.6358 -0.0171 -0.7717
vn -0.0000 -0.1017 0.9948
vn -0.0000 -0.1460 0.9893
vn -0.5298 -0.1286 0.8383
vn -0.5439 -0.0836 0.8349
vn -0.0001 -0.1631 0.9866
vn -0.4844 -0.1606 0.8599
vn -0.7156 -0.1210 0.6879
vn -0.7612 -0.1548 0.6298
vn -0.8478 -0.0814 0.5240
vn -0.9198 -0.1202 0.3736
vn -0.6689 -0.0571 0.7411
vn -0.8602 -0.0237 0.5095
vn -0.9177 0.0404 0.3952
vn -0.9439 -0.0493 0.3265
vn -0.9392 0.0331 0.3419
vn -0.9016 0.0120 0.4323
vn -0.8824 0.0399 0.4688
vn -0.8938 0.0429 0.4463
vn -0.0000 -0.1031 0.9947
vn -0.4594 -0.1062 0.8818
vn -0.0000 0.0763 0.9971
vn -0.3991 0.0683 0.9143
vn -0.0001 0.1437 0.9896
vn -0.4196 0.1439 0.8962
vn -0.6753 0.0396 0.7365
vn -0.7109 0.1266 0.6918
vn -0.9437 0.0158 0.3305
vn -0.7937 -0.1052 0.5991
vn -0.9348 -0.0905 0.3434
vn -0.9778 -0.0629 0.2001
vn -0.9679 -0.0420 0.2479
vn -0.9912 -0.0173 0.1310
vn -0.9947 0.0196 0.1009
vn -0.9816 0.0658 0.1792
vn -0.9045 0.1524 0.3982
vn -0.9960 0.0464 0.0762
vn -0.9805 0.0739 0.1820
vn -0.8727 0.1957 0.4474
vn -0.9772 0.1103 0.1816
vn -0.6921 0.2729 0.6682
vn -0.6790 0.2376 0.6946
vn -0.4572 0.3214 0.8292
vn -0.4457 0.2601 0.8566
vn -0.0001 0.3545 0.9351
vn -0.0000 0.2758 0.9612
vn -0.0001 0.4097 0.9122
vn -0.4694 0.3679 0.8027
vn -0.6717 0.3095 0.6731
vn -0.8565 0.2195 0.4671
vn -0.9854 0.0889 0.1450
vn -0.4787 0.3650 0.7985
vn -0.0001 0.4106 0.9118
vn -0.6534 0.2961 0.6967
vn -0.8080 0.2132 0.5493
vn -0.8088 0.0494 0.5860
vn -0.9266 0.0664 0.3701
vn -0.7946 0.0385 0.6059
vn -0.7839 0.0198 0.6205
vn -0.9736 0.0216 0.2272
vn -0.8477 -0.0131 0.5303
vn -0.9060 0.0007 0.4233
vn -0.9336 -0.0048 0.3584
vn -0.8666 -0.0319 0.4980
vn -0.8174 -0.0356 0.5749
vn -0.7615 0.0336 0.6473
vn -0.8897 0.0072 0.4565
vn -0.7608 0.0492 0.6471
vn -0.8950 -0.0175 0.4458
vn 0.5439 -0.0836 0.8349
vn 0.5298 -0.1286 0.8383
vn 0.6689 -0.0571 0.7411
vn 0.7156 -0.1210 0.6879
vn 0.8478 -0.0814 0.5240
vn 0.8602 -0.0237 0.5095
vn 0.9177 0.0404 0.3952
vn 0.9016 0.0120 0.4323
vn 0.0001 -0.1630 0.9866
vn 0.4844 -0.1607 0.8599
vn 0.7612 -0.1548 0.6298
vn 0.9198 -0.1202 0.3736
vn 0.9348 -0.0905 0.3434
vn 0.9778 -0.0629 0.2000
vn 0.9947 0.0196 0.1009
vn 0.9437 0.0158 0.3305
vn 0.9816 0.0658 0.1793
vn 0.7937 -0.1052 0.5991
vn 0.6753 0.0396 0.7365
vn 0.4594 -0.1062 0.8818
vn 0.3992 0.0683 0.9143
vn -0.0000 0.0764 0.9971
vn 0.4196 0.1439 0.8962
vn -0.0000 0.1437 0.9896
vn 0.9045 0.1524 0.3982
vn 0.7109 0.1266 0.6918
vn 0.6790 0.2376 0.6946
vn 0.4457 0.2601 0.8566
vn 0.6921 0.2729 0.6682
vn 0.4572 0.3214 0.8292
vn 0.0001 0.2758 0.9612
vn -0.0000 0.3545 0.9350
vn 0.8727 0.1957 0.4473
vn 0.9772 0.1103 0.1816
vn 0.9805 0.0739 0.1820
vn 0.9960 0.0464 0.0761
vn 0.9854 0.0889 0.1450
vn 0.8565 0.2195 0.4672
vn 0.6717 0.3095 0.6730
vn 0.4694 0.3679 0.8027
vn -0.0000 0.4097 0.9122
vn 0.8080 0.2132 0.5493
vn 0.8088 0.0494 0.5861
vn 0.6534 0.2961 0.6967
vn 0.4787 0.3650 0.7985
vn -0.0000 0.4106 0.9118
vn 0.9266 0.0664 0.3701
vn 0.7946 0.0385 0.6059
vn 0.9912 -0.0173 0.1310
vn 0.9679 -0.0420 0.2479
vn 0.9439 -0.0493 0.3265
vn 0.9392 0.0331 0.3419
vn 0.9336 -0.0048 0.3584
vn 0.9736 0.0216 0.2272
vn 0.8477 -0.0131 0.5303
vn 0.8174 -0.0356 0.5749
vn 0.7839 0.0198 0.6205
vn 0.9060 0.0005 0.4233
vn 0.8666 -0.0318 0.4980
vn 0.8948 -0.0175 0.4461
vn 0.7613 0.0339 0.6475
vn 0.7607 0.0492 0.6472
vn 0.8897 0.0072 0.4565
vn 0.8938 0.0429 0.4463
vn 0.8823 0.0399 0.4689
vn 0.8161 -0.0100 0.5778
vn 0.8579 0.0456 0.5118
vn 0.6406 0.1031 0.7609
vn 0.8272 -0.0063 0.5619
vn 0.7828 -0.0166 0.6220
vn 0.8137 0.0276 0.5806
vn 0.7188 -0.0268 0.6947
vn 0.5344 -0.0300 0.8447
vn 0.5296 -0.0183 0.8480
vn 0.7593 0.0181 0.6505
vn -0.0000 -0.0481 0.9988
vn 0.0001 -0.0517 0.9987
vn 0.4152 -0.0432 0.9087
vn -0.0000 -0.0560 0.9984
vn 0.5985 0.1013 0.7947
vn -0.3634 0.3186 0.8754
vn -0.4455 0.3157 0.8378
vn -0.2675 0.1755 0.9475
vn -0.6636 0.2408 0.7083
vn -0.4074 0.1708 0.8971
vn -0.1741 0.0488 0.9835
vn -0.1224 0.0400 0.9917
vn -0.7340 0.2616 0.6267
vn -0.0762 0.0377 0.9964
vn -0.0965 0.0428 0.9944
vn -0.0805 0.0721 0.9941
vn -0.2202 0.2021 0.9543
vn -0.7972 0.2708 0.5395
vn -0.7191 0.6406 0.2695
vn 0.2070 -0.9783 0.0031
vn 0.3759 -0.9267 0.0017
vn 0.3857 -0.9226 0.0016
vn 0.0963 -0.9953 0.0044
vn 0.1578 -0.9875 0.0040
vn 0.5609 -0.8279 -0.0000
vn -0.6236 -0.7818 -0.0000
vn 0.9882 0.1534 0.0002
vn 0.9259 0.0972 -0.3649
vn 0.9893 0.1391 -0.0449
vn 0.8977 0.0352 -0.4392
vn 0.8165 0.1499 -0.5576
vn 0.8165 0.1500 -0.5576
vn 0.9520 -0.3060 -0.0000
vn -0.3898 0.1748 -0.9042
vn -0.6154 0.2238 -0.7558
vn -0.5027 0.2064 -0.8395
vn -0.4128 0.1887 -0.8911
vn -0.0209 0.0828 -0.9964
vn -0.0298 0.0788 -0.9964
vn -0.0592 0.0785 -0.9951
vn -0.0635 0.0631 -0.9960
vn -0.0698 0.0697 -0.9951
vn -0.0618 0.0794 -0.9949
vn -0.0509 0.0775 -0.9957
vn 0.5483 -0.8363 -0.0006
vn 0.5487 -0.8360 -0.0000
vn 0.5482 -0.8364 -0.0007
vn 0.5478 -0.8366 -0.0013
vn -0.1578 0.1609 -0.9743
vn -0.1579 0.1609 -0.9743
vn 0.4455 0.3157 0.8378
vn 0.3634 0.3186 0.8754
vn 0.2675 0.1755 0.9475
vn 0.6636 0.2408 0.7083
vn 0.4074 0.1708 0.8971
vn 0.1741 0.0488 0.9835
vn 0.1224 0.0400 0.9917
vn 0.7340 0.2616 0.6267
vn 0.0762 0.0377 0.9964
vn 0.0965 0.0428 0.9944
vn 0.0805 0.0721 0.9941
vn 0.2202 0.2021 0.9543
vn 0.7972 0.2708 0.5396
vn 0.7191 0.6406 0.2695
vn -0.2070 -0.9783 0.0031
vn -0.3857 -0.9226 0.0016
vn -0.3759 -0.9267 0.0017
vn -0.0963 -0.9953 0.0038
vn -0.1578 -0.9875 0.0040
vn -0.5609 -0.8279 -0.0000
vn 0.6236 -0.7818 -0.0000
vn -0.9259 0.0972 -0.3649
vn -0.9882 0.1534 0.0002
vn -0.9893 0.1391 -0.0449
vn -0.8977 0.0352 -0.4392
vn -0.8165 0.1500 -0.5576
vn -0.8165 0.1499 -0.5576
vn -0.9520 -0.3060 -0.0000
vn 0.6154 0.2238 -0.7558
vn 0.3898 0.1748 -0.9042
vn 0.5027 0.2064 -0.8395
vn 0.4128 0.1887 -0.8911
vn 0.0209 0.0828 -0.9964
vn 0.0208 0.0828 -0.9964
vn 0.0297 0.0789 -0.9964
vn 0.0592 0.0785 -0.9951
vn 0.0635 0.0631 -0.9960
vn 0.0698 0.0697 -0.9951
vn 0.0618 0.0794 -0.9949
vn 0.0509 0.0775 -0.9957
vn -0.5487 -0.8360 -0.0000
vn -0.5483 -0.8363 -0.0006
vn -0.5482 -0.8364 -0.0007
vn -0.5478 -0.8366 -0.0013
vn 0.1578 0.1609 -0.9743
vn 0.1579 0.1609 -0.9743
vn -0.1192 0.0603 -0.9910
vn -0.5490 0.1365 -0.8246
vn -0.2758 0.0761 -0.9582
vn -0.0000 0.0455 -0.9990
vn -0.0000 0.0477 -0.9989
vn -0.4502 0.0286 -0.8925
vn -0.0001 0.0389 -0.9992
vn -0.6082 0.0333 -0.7931
vn -0.0000 -0.9682 -0.2502
vn -0.0054 -0.9669 -0.2551
vn -0.0029 -0.9680 -0.2509
vn -0.0189 -0.9635 -0.2670
vn -0.0001 -0.9693 -0.2459
vn -0.0001 -0.9697 -0.2441
vn -0.3290 0.1700 -0.9289
vn -0.7261 0.1241 -0.6762
vn -0.4006 0.1694 -0.9005
vn -0.0643 0.2043 -0.9768
vn -0.9692 0.0215 -0.2455
vn -0.4108 0.0880 -0.9075
vn -0.4411 0.1014 -0.8917
vn -0.5296 -0.0183 0.8480
vn -0.5344 -0.0300 0.8447
vn -0.7828 -0.0166 0.6220
vn -0.7593 0.0181 0.6505
vn -0.8137 0.0276 0.5806
vn -0.7188 -0.0268 0.6947
vn -0.8272 -0.0063 0.5619
vn -0.0001 -0.0517 0.9987
vn -0.4152 -0.0432 0.9087
vn -0.8161 -0.0100 0.5779
vn -0.8579 0.0456 0.5118
vn -0.6406 0.1031 0.7609
vn -0.5985 0.1013 0.7947
vn -0.0000 -0.9965 0.0839
vn -0.0000 -0.9430 -0.3328
vn 0.1482 -0.9415 -0.3027
vn 0.0811 -0.9084 -0.4102
vn -0.0000 -0.9961 0.0883
vn -0.0000 -0.9346 0.3556
vn -0.8555 -0.1444 0.4972
vn -0.6308 -0.1056 0.7688
vn -0.9989 -0.0441 0.0168
vn -0.8190 -0.1551 0.5525
vn -0.7908 -0.1549 0.5922
vn -0.0000 -0.0874 0.9962
vn 0.5490 0.1365 -0.8246
vn 0.1192 0.0603 -0.9910
vn 0.2758 0.0761 -0.9582
vn -0.0000 0.0456 -0.9990
vn 0.4502 0.0286 -0.8925
vn 0.0001 0.0389 -0.9992
vn 0.6081 0.0333 -0.7931
vn 0.0029 -0.9680 -0.2509
vn -0.0000 -0.9693 -0.2459
vn 0.0001 -0.9697 -0.2441
vn 0.0054 -0.9669 -0.2550
vn 0.0189 -0.9635 -0.2670
vn 0.7261 0.1241 -0.6762
vn 0.3290 0.1700 -0.9289
vn 0.4006 0.1694 -0.9005
vn 0.0643 0.2043 -0.9768
vn 0.9692 0.0215 -0.2455
vn 0.4108 0.0880 -0.9075
vn 0.4411 0.1014 -0.8917
vn 0.7907 -0.1549 0.5922
vn 0.8190 -0.1551 0.5524
vn 0.8555 -0.1444 0.4972
vn 0.6308 -0.1049 0.7689
vn 0.9989 -0.0441 0.0168
vn -0.0811 -0.9084 -0.4102
vn -0.1482 -0.9415 -0.3027
vn 0.0902 -0.0188 -0.9957
vn 0.0666 0.0124 -0.9977
vn 0.1000 -0.0233 -0.9947
vn 0.0880 0.0078 -0.9961
vn 0.0893 0.0089 -0.9960
vn 0.0938 0.0101 -0.9955
vn 0.0960 0.0143 -0.9953
vn 0.0678 -0.0011 -0.9977
vn 0.0449 0.0129 -0.9989
vn 0.0527 -0.0070 -0.9986
vn 0.1027 0.0130 -0.9946
vn 0.1015 0.0143 -0.9947
vn -0.1006 -0.0738 0.9922
vn -0.2696 -0.1862 0.9448
vn -0.1391 -0.0962 0.9856
vn -0.1904 -0.1102 0.9755
vn 0.0088 -0.0130 0.9999
vn -0.1521 -0.0512 0.9870
vn -0.1541 -0.0517 0.9867
vn -0.0273 0.1269 0.9915
vn -0.0310 -0.0189 0.9993
vn -0.1966 -0.1009 0.9753
vn -0.1817 -0.0646 0.9812
vn -0.2832 -0.0479 0.9579
vn -0.0444 0.1216 0.9916
vn 0.0236 0.2139 0.9766
vn -0.2175 0.0764 0.9731
vn -0.0339 0.1993 0.9794
vn -0.1683 0.1271 0.9775
vn -0.2633 0.0347 0.9641
vn 0.1192 0.3461 0.9306
vn 0.9656 0.2599 -0.0000
vn 0.9798 0.2002 -0.0000
vn 0.9620 0.2457 0.1195
vn 0.6529 0.1380 0.7448
vn 0.6560 0.1274 0.7440
vn 0.6899 0.1237 0.7133
vn 0.0678 -0.0012 -0.9977
vn 0.0527 -0.0069 -0.9986
vn 0.0702 -0.0050 -0.9975
vn -0.1002 -0.0332 0.9944
vn -0.2040 -0.0332 0.9784
vn -0.2044 -0.0155 0.9788
vn -0.2270 -0.0169 0.9737
vn -0.3149 0.0149 0.9490
vn -0.2289 -0.0233 0.9732
vn -0.3220 0.0389 0.9459
vn -0.2574 0.0483 0.9651
vn -0.1701 0.0264 0.9851
vn -0.2747 0.1464 0.9503
vn -0.4204 0.1176 0.8997
vn -0.7776 0.2786 0.5637
vn -0.8090 0.2604 0.5270
vn -0.2450 0.0578 0.9678
vn -0.1928 0.0615 0.9793
vn -0.1496 0.0685 0.9864
vn -0.0555 0.0531 0.9970
vn -0.4343 0.4343 0.7891
vn -0.4327 0.4293 0.7928
vn -0.1370 0.1011 0.9854
vn -0.2380 -0.0283 0.9708
vn -0.2847 -0.0736 0.9558
vn -0.3328 -0.1346 0.9333
vn -0.2708 -0.2538 0.9286
vn -0.1868 0.1360 -0.9729
vn -0.1889 0.1403 -0.9719
vn -0.0620 0.0146 -0.9980
vn -0.0644 -0.0171 -0.9978
vn -0.0345 -0.0288 -0.9990
vn 0.0090 -0.0064 -0.9999
vn 0.0195 -0.0140 -0.9997
vn -0.1577 0.0484 -0.9863
vn -0.5163 0.1757 -0.8382
vn -0.5010 0.1764 -0.8473
vn -0.0442 -0.0413 -0.9982
vn -0.0367 -0.0403 -0.9985
vn -0.0097 -0.0485 -0.9988
vn 0.0223 -0.0606 -0.9979
vn -0.2052 0.9787 -0.0000
vn -0.2190 0.9757 -0.0000
vn -0.2187 0.9758 -0.0000
vn 0.0993 0.9951 -0.0000
vn -0.0209 0.9998 -0.0000
vn 0.6236 0.7818 -0.0000
vn -0.2161 0.9764 -0.0000
vn 0.9876 -0.1488 -0.0499
vn 0.9964 -0.0843 -0.0052
vn 0.9050 -0.3778 0.1955
vn 0.9193 -0.3934 -0.0073
vn 0.9637 -0.2181 -0.1539
vn 0.9680 -0.0651 -0.2425
vn 0.9757 -0.0236 -0.2178
vn 0.9496 -0.0458 -0.3100
vn 0.9486 -0.0474 -0.3129
vn 0.9560 -0.0409 -0.2904
vn 0.4347 -0.2130 -0.8750
vn 0.2043 -0.2229 -0.9532
vn -0.2480 -0.2569 -0.9341
vn -0.6593 -0.2029 -0.7240
vn -0.8122 -0.1597 -0.5611
vn -0.9658 -0.2564 -0.0386
vn -0.8444 -0.1793 -0.5048
vn -0.8523 -0.1788 -0.4916
vn -0.9714 -0.2375 -0.0000
vn -0.8947 -0.4399 -0.0776
vn -0.9541 -0.2927 -0.0635
vn -0.9285 -0.3617 -0.0834
vn -0.9991 0.0406 0.0094
vn -0.9067 0.0667 0.4164
vn -0.8927 0.0140 0.4505
vn -0.8866 0.0481 0.4601
vn -0.8981 0.0866 0.4311
vn -0.8674 -0.0438 0.4957
vn -0.8964 -0.0684 0.4380
vn 0.8365 0.0140 -0.5478
vn 0.8140 0.0667 -0.5770
vn 0.8224 0.0865 -0.5622
vn 0.8417 0.0482 -0.5377
vn 0.8275 -0.0684 -0.5573
vn 0.8630 -0.0438 -0.5033
vn 0.5000 -0.0130 0.8660
vn 0.5000 -0.0000 0.8660
vn 0.4996 -0.0409 0.8653
vn 0.8244 0.0571 0.5632
vn 0.7213 0.1497 0.6762
vn 0.8072 0.0354 0.5892
vn 0.8397 0.0378 0.5418
vn 0.8636 -0.0265 0.5034
vn 0.8921 -0.0498 0.4490
vn 0.8722 -0.0758 0.4832
vn 0.7770 -0.1037 0.6209
vn -0.8891 0.0378 -0.4562
vn -0.8678 -0.0265 -0.4962
vn -0.9139 0.0354 -0.4045
vn -0.8546 -0.0758 -0.5138
vn -0.8349 -0.0498 -0.5481
vn -0.8999 0.0570 -0.4324
vn -0.9462 0.1499 -0.2868
vn -0.9261 -0.1038 -0.3626
vn 0.5000 -0.0000 -0.8660
vn 0.7771 -0.1037 0.6208
vn 0.7718 -0.0294 0.6351
vn -0.9262 -0.1037 -0.3626
vn -0.9360 -0.0294 -0.3509
vn -0.9463 0.1497 -0.2866
vn 0.6073 -0.7945 0.0061
vn 0.6017 -0.7987 0.0028
vn 0.5998 -0.8001 0.0101
vn 0.5896 -0.8076 0.0146
vn -0.9402 0.0401 0.3382
vn -0.8041 0.0297 0.5938
vn -0.9010 0.0179 0.4335
vn -0.6938 0.0095 0.7201
vn -0.5838 0.0472 0.8106
vn -0.6247 0.0445 0.7796
vn -0.8026 0.0515 0.5943
vn -0.8458 0.0226 0.5330
vn -0.9963 0.0570 0.0637
vn -0.7744 -0.0276 0.6321
vn -0.9876 -0.0118 0.1567
vn -0.9892 -0.0953 0.1112
vn -0.9877 0.0589 -0.1447
vn -0.9519 0.2096 -0.2233
vn -0.9028 0.1918 -0.3850
vn -0.9423 0.2102 -0.2606
vn -0.9875 0.1533 -0.0368
vn -0.9692 0.2284 -0.0920
vn -0.8210 0.1929 -0.5373
vn -0.8137 0.0432 -0.5796
vn -0.8638 0.0225 -0.5033
vn -0.7911 0.0171 -0.6114
vn -0.8728 -0.0016 -0.4881
vn -0.9884 -0.0069 -0.1515
vn -0.5909 -0.1395 -0.7946
vn -0.9918 -0.1035 -0.0744
vn -0.8048 -0.0500 -0.5915
vn -0.8863 -0.0163 -0.4629
vn -0.8755 0.0154 -0.4829
vn -0.9674 -0.1327 -0.2157
vn -0.9579 0.1631 -0.2362
vn -0.9844 0.1455 -0.0987
vn -0.8501 0.1079 0.5155
vn -0.9106 0.0748 0.4065
vn -0.4324 0.0260 -0.9013
vn -0.3274 0.0501 -0.9435
vn 0.3210 0.0498 -0.9458
vn 0.4669 0.0241 -0.8840
vn 0.8621 0.0301 -0.5059
vn 0.8554 0.0098 -0.5179
vn 0.6360 0.0389 -0.7707
vn 0.8551 -0.0418 -0.5168
vn -0.5729 0.0815 -0.8155
vn 0.9043 0.0300 -0.4258
vn 0.9059 0.0385 -0.4218
vn 0.9970 0.0337 -0.0692
vn 0.9993 0.0100 -0.0366
vn 0.9989 0.0292 0.0358
vn 0.9993 0.0142 0.0359
vn 0.9941 -0.1034 0.0323
vn 0.9930 -0.1141 -0.0305
vn 0.8773 -0.0708 -0.4746
vn 0.9481 0.1358 -0.2876
vn 0.9698 0.1774 -0.1671
vn 0.9819 0.1625 -0.0976
vn 0.9696 0.1767 -0.1694
vn 0.9584 0.2000 -0.2036
vn 0.9753 0.1526 -0.1598
vn 0.9677 0.1623 -0.1929
vn 0.8323 0.1825 -0.5235
vn 0.6633 0.2562 -0.7031
vn 0.1343 0.1147 -0.9843
vn 0.9767 -0.1273 -0.1726
vn 0.8457 -0.1517 -0.5117
vn 0.8681 -0.0982 -0.4866
vn 0.8714 -0.1264 -0.4739
vn 0.4947 0.2065 -0.8442
vn -0.4936 0.2013 -0.8461
vn -0.8621 -0.1261 -0.4908
vn 0.8828 0.0011 -0.4697
vn 0.8997 -0.0437 -0.4343
vn 0.9879 -0.0895 -0.1263
vn -0.8792 -0.0618 -0.4724
vn -0.8314 -0.1111 -0.5445
vn -0.8676 -0.0378 -0.4958
vn -0.8685 -0.0923 -0.4870
vn -0.9716 -0.1419 -0.1891
vn -0.9906 -0.1363 -0.0084
vn -0.9758 -0.1164 0.1851
vn -0.9188 -0.0282 0.3937
vn -0.9895 -0.1341 0.0533
vn -0.9358 -0.1053 0.3365
vn -0.9388 -0.0604 0.3390
vn -0.9344 0.0126 0.3560
vn -0.9279 0.0325 0.3713
vn -0.9198 0.0361 0.3908
vn -0.9465 0.0005 0.3228
vn -0.9545 -0.0183 0.2975
vn 0.6335 -0.4329 0.6413
vn 0.6026 -0.2916 0.7428
vn 0.6370 -0.4569 0.6209
vn 0.6438 -0.5327 0.5493
vn -0.0177 -0.3235 -0.9461
vn -0.0176 -0.3234 -0.9461
vn 0.5982 -0.3979 -0.6956
vn 0.6126 -0.3234 -0.7212
vn 0.5984 -0.3968 -0.6960
vn 0.5857 -0.4488 -0.6749
vn -0.5835 -0.8121 -0.0058
vn -0.5903 -0.8071 -0.0097
vn -0.5886 -0.8084 -0.0028
vn -0.6008 -0.7993 -0.0149
vn -0.6370 -0.4565 0.6212
vn -0.6022 -0.2906 0.7436
vn -0.6335 -0.4325 0.6416
vn -0.6440 -0.5327 0.5491
vn -0.6008 -0.3984 -0.6930
vn -0.6005 -0.3999 -0.6924
vn -0.5895 -0.4518 -0.6696
vn -0.6128 -0.3239 -0.7209
vn -0.6127 -0.3239 -0.7209
vn -0.9307 -0.3615 0.0556
vn -0.9354 -0.3493 0.0546
vn -0.9124 -0.4050 0.0592
vn -0.9932 -0.1115 0.0338
vn 0.9902 -0.1053 0.0915
vn 0.9686 -0.0634 0.2403
vn 0.9961 -0.0820 0.0322
vn 0.9963 -0.0848 0.0140
vn 0.9556 -0.0315 0.2930
vn 0.9504 -0.0133 0.3106
vn 0.9428 0.0243 0.3326
vn 0.9590 -0.0087 0.2832
vn 0.9564 0.0148 0.2918
vn 0.9458 0.0214 0.3241
vn 0.9422 0.0255 0.3340
vn 0.9441 0.0346 0.3278
vn 0.9196 0.0363 0.3912
vn 0.9000 0.0330 0.4346
vn 0.8548 0.0129 0.5189
vn 0.7032 0.0466 0.7094
vn 0.7031 0.0466 0.7095
vn 0.6896 0.0017 0.7242
vn 0.6645 0.0531 0.7454
vn 0.7087 -0.0121 0.7054
vn 0.7071 -0.1137 0.6979
vn 0.9928 -0.1101 0.0469
vn 0.9928 -0.1102 0.0469
vn 0.9335 -0.3533 0.0610
vn 0.9380 -0.3412 0.0603
vn 0.9162 -0.3957 0.0632
vn 0.0005 -0.9966 -0.0818
vn 0.4737 -0.2187 0.8531
vn 0.4737 -0.2188 0.8531
vn 0.1984 -0.1209 0.9726
vn 0.1873 -0.1209 0.9748
vn 0.1232 -0.0274 0.9920
vn 0.0228 0.0239 0.9995
vn -0.9688 0.2186 -0.1166
vn -0.7669 0.6418 -0.0074
vn -0.9842 0.1771 0.0041
vn -0.9804 0.1814 0.0775
vn 0.0001 0.9995 -0.0328
vn -0.8718 0.3189 -0.3719
vn -0.5782 0.5106 -0.6363
vn -0.0023 0.6744 -0.7384
vn 0.0019 0.9135 0.4068
vn -0.0017 0.8963 0.4434
vn -0.0015 0.9103 0.4140
vn -0.0048 0.9145 0.4046
vn -0.0030 0.8954 0.4453
vn -0.0074 0.9391 0.3435
vn -0.0014 0.9372 0.3487
vn 0.0046 0.9353 0.3539
vn 0.4407 0.4178 -0.7945
vn 0.4353 0.4658 -0.7704
vn 0.2532 0.4438 -0.8596
vn 0.2697 0.4319 -0.8607
vn 0.0010 0.7213 -0.6927
vn -0.0018 0.7213 -0.6927
vn -0.4393 0.4186 -0.7949
vn -0.4323 0.4682 -0.7706
vn -0.2698 0.4305 -0.8613
vn -0.2543 0.4420 -0.8602
vn -0.0916 0.6564 -0.7489
vn 0.0916 0.6564 -0.7488
vn -0.0001 0.0277 0.9996
vn -0.0000 0.0358 0.9994
vn 0.0003 0.0280 0.9996
vn -0.0001 0.0278 0.9996
vn 0.1464 0.0919 0.9849
vn 0.1131 0.0704 0.9911
vn -0.0088 0.0411 0.9991
vn -0.0090 0.0485 0.9988
vn -0.0054 0.3059 0.9521
vn -0.0061 0.2867 0.9580
vn 0.3276 0.2884 0.8997
vn 0.3071 0.2488 0.9186
vn 0.3547 0.3424 0.8700
vn 0.3547 0.3423 0.8701
vn 0.9842 0.1772 0.0040
vn 0.9847 0.1441 0.0983
vn 0.7669 0.6418 -0.0071
vn 0.9803 0.1814 0.0775
vn 0.0002 0.9995 -0.0328
vn 0.9688 0.2187 -0.1164
vn 0.8689 0.3263 -0.3721
vn 0.5855 0.5090 -0.6310
vn -0.0022 0.6743 -0.7384
vn -0.6889 0.2435 -0.6827
vn -0.1316 0.1164 -0.9844
vn -0.8126 0.1293 0.5683
vn -0.8488 0.1305 0.5123
vn -0.6214 0.0877 0.7786
vn -0.8216 0.0755 0.5650
vn -0.5973 0.0529 0.8003
vn -0.5250 0.0380 0.8502
vn -0.8909 0.0685 0.4490
vn -0.8506 -0.4548 0.2638
vn -0.9914 -0.1305 0.0033
vn 0.9915 -0.1304 0.0032
vn 0.8507 -0.4548 0.2638
vn 0.0004 -0.9659 0.2590
vn 0.3292 -0.0255 -0.9439
vn 0.3125 -0.0850 -0.9461
vn 0.9361 -0.0436 -0.3490
vn 0.9714 -0.1151 -0.2076
vn 0.9879 -0.0875 -0.1278
vn -0.0001 -0.2320 -0.9727
vn -0.3165 -0.0859 -0.9447
vn -0.3315 -0.0285 -0.9430
vn -0.9368 -0.0544 -0.3455
vn -0.9699 -0.1179 -0.2130
vn -0.3806 -0.2563 -0.8885
vn -0.9752 -0.1569 -0.1559
vn -0.9863 -0.1322 -0.0990
vn -0.9850 -0.0959 -0.1433
vn -0.0600 -0.0244 -0.9979
vn 0.0598 -0.0243 -0.9979
vn -0.4469 -0.3594 -0.8192
vn -0.9516 -0.2218 -0.2129
vn 0.4361 -0.3612 -0.8242
vn 0.9505 -0.2240 -0.2154
vn 0.9762 -0.1573 -0.1491
vn 0.3718 -0.2568 -0.8921
vn 0.9885 -0.1291 -0.0788
vn -0.9964 -0.0842 0.0046
vn -0.9791 -0.1289 -0.1572
vn -0.9917 -0.1013 0.0789
vn -0.9893 -0.0949 0.1112
vn -0.9890 -0.0948 0.1139
vn -0.9806 -0.0929 0.1724
vn -0.9902 -0.0768 -0.1169
vn -0.9205 0.0354 -0.3892
vn -0.9265 -0.0434 -0.3739
vn -0.4526 0.1040 -0.8856
vn -0.3211 0.1090 -0.9407
vn -0.6265 0.0885 -0.7744
vn -0.9509 -0.0395 -0.3070
vn 0.4550 0.1039 -0.8844
vn 0.3218 0.1091 -0.9405
vn 0.9105 0.0377 -0.4117
vn 0.9458 -0.0522 -0.3204
vn 0.6296 0.0884 -0.7719
vn 0.9151 -0.0512 -0.3999
vn 0.9953 -0.0952 0.0192
vn 0.9724 -0.1548 -0.1744
vn 0.9903 -0.0858 -0.1096
vn 0.9841 -0.1043 0.1440
vn 0.9685 -0.0992 0.2285
vn 0.9846 -0.1046 0.1400
vn 0.9885 -0.1134 0.0995
vn -0.0074 -0.0042 1.0000
vn -0.0071 -0.0041 1.0000
vn -0.0071 -0.0078 0.9999
vn -0.0074 -0.0079 0.9999
vn -0.0138 -0.0089 0.9999
vn -0.0139 -0.0133 0.9998
vn -0.0075 -0.0116 0.9999
vn -0.0137 -0.0051 0.9999
vn -0.0071 -0.0115 0.9999
vn 0.0742 -0.8483 0.5243
vn -0.0172 -0.4581 0.8887
vn -0.0745 -0.8481 0.5246
vn 0.0173 -0.4578 0.8889
vn -0.0518 -0.2692 0.9617
vn 0.0520 -0.2689 0.9618
vn -0.0165 -0.7019 0.7121
vn 0.0103 -0.3866 -0.9222
vn 0.0103 -0.3841 -0.9232
vn 0.9627 -0.1153 -0.2447
vn 0.9369 -0.1509 -0.3154
vn 0.0104 -0.3779 -0.9258
vn 0.9819 -0.0837 -0.1699
vn 0.9999 -0.0086 0.0147
vn 0.9409 0.1298 0.3128
vn 0.9725 0.0969 0.2119
vn 0.9684 0.0317 0.2475
vn -0.0098 0.4188 0.9080
vn -0.0074 0.5601 0.8284
vn -0.0042 0.7155 0.6987
vn -0.9765 0.1135 0.1831
vn -0.9765 0.1136 0.1831
vn -0.9474 0.1460 0.2850
vn -0.9569 -0.0988 -0.2730
vn -0.9999 0.0086 -0.0147
vn -0.9777 -0.0669 -0.1988
vn -0.9296 -0.1349 -0.3429
vn -0.9746 0.0484 0.2188
vn -0.0042 0.7154 0.6987
vn -0.0146 0.0203 0.9997
vn -0.0042 0.7122 0.7019
vn -0.0167 -0.6786 0.7343
vn -0.0166 -0.6785 0.7344
vn -0.0031 -0.6786 0.7345
vn -0.0302 -0.6784 0.7341
vn 0.0149 0.0238 -0.9996
vn 0.0060 0.9860 0.1668
vn 0.0165 0.7019 -0.7121
vn 0.0042 -0.7122 -0.7019
vn -0.0042 1.0000 -0.0073
vn 0.0005 -0.9733 0.2296
vn -0.0906 -0.9917 0.0913
vn -0.0770 -0.9907 0.1124
vn -0.1084 -0.9921 0.0633
vn 0.0033 -0.9979 0.0640
vn -0.0029 -0.9980 0.0639
vn -0.0029 -0.9980 0.0637
vn 0.0033 -0.9980 0.0638
vn 0.0053 -0.9983 -0.0589
vn -0.0008 -0.9984 -0.0563
vn 0.0154 0.1865 -0.9823
vn -0.3782 0.1907 -0.9059
vn 0.0151 0.2152 -0.9764
vn -0.6988 0.1636 -0.6963
vn -0.6677 0.1874 -0.7204
vn -0.8927 0.1635 -0.4200
vn -0.9883 0.1516 -0.0184
vn -0.9852 0.1708 -0.0167
vn -0.9054 0.1666 0.3904
vn -0.7228 0.1687 0.6702
vn -0.6913 0.1934 0.6962
vn -0.4125 0.1973 0.8894
vn -0.0170 0.1939 0.9809
vn -0.0171 0.2217 0.9750
vn -0.0266 -0.9982 0.0536
vn -0.0218 -0.9987 0.0464
vn 0.0042 -1.0000 0.0073
vn -0.0194 -0.9979 0.0625
vn -0.0202 -0.9978 0.0625
vn 0.0033 -0.9981 0.0613
vn -0.8695 -0.0073 -0.4939
vn -0.8762 0.0722 -0.4765
vn 0.0150 0.2422 -0.9701
vn 0.0165 -0.0072 -0.9998
vn 0.0154 0.1871 -0.9822
vn -0.6631 0.1267 -0.7378
vn -0.2688 0.0007 -0.9632
vn -0.9968 -0.0237 -0.0764
vn -0.6038 -0.0913 -0.7919
vn 0.0167 -0.0530 -0.9985
vn -0.4991 -0.0237 -0.8662
vn -0.8809 -0.0411 -0.4715
vn -0.9962 -0.0752 -0.0438
vn -0.9686 -0.0828 -0.2344
vn -0.9266 -0.0047 -0.3761
vn -0.9855 -0.1056 0.1326
vn -0.9764 -0.1167 0.1815
vn -0.9740 -0.0802 0.2118
vn -0.5301 -0.1891 0.8265
vn -0.4667 -0.0516 0.8829
vn -0.0151 -0.2290 0.9733
vn -0.0165 -0.0035 0.9999
vn -0.0150 -0.2360 0.9716
vn -0.6774 -0.1211 0.7256
vn -0.7336 0.0006 0.6795
vn -0.9776 -0.0270 0.2087
vn -0.9721 -0.0478 0.2295
vn -0.9706 -0.0319 0.2387
vn -0.9706 -0.0319 0.2386
vn -0.9939 -0.0014 0.1107
vn -0.9343 0.0223 -0.3559
vn -0.9836 -0.0000 0.1801
vn -0.7415 0.0506 0.6690
vn -0.9886 0.0952 -0.1165
vn -0.9337 0.1755 -0.3120
vn -0.9790 0.1836 -0.0886
vn -0.8816 0.3608 -0.3044
vn -0.8778 0.4563 -0.1460
vn -0.5808 0.6178 0.5301
vn -0.8416 0.1484 0.5193
vn -0.8571 0.0402 0.5135
vn -0.7905 0.2876 -0.5407
vn -0.5209 0.1624 0.8380
vn -0.0171 0.2506 0.9679
vn -0.0150 0.6868 0.7267
vn -0.0170 0.1541 0.9879
vn -0.4967 0.1420 0.8562
vn -0.0168 0.1055 0.9943
vn -0.7825 0.2396 -0.5747
vn -0.6541 0.0080 -0.7563
vn 0.0142 0.3210 -0.9470
vn 0.0165 -0.0134 -0.9998
vn 0.0164 0.0161 -0.9997
vn 0.0128 0.4465 -0.8947
vn -0.0165 -0.0001 0.9999
vn -0.0170 0.1669 0.9858
vn -0.7258 0.1145 0.6783
vn -0.8874 0.1236 0.4441
vn -0.0171 0.2764 0.9609
vn -0.0167 0.0468 0.9988
vn -0.6338 0.0360 0.7726
vn -1.0000 -0.0027 0.0058
vn -0.0170 0.2031 0.9790
vn -0.3691 0.1895 0.9099
vn -0.9998 -0.0014 -0.0189
vn -0.8740 0.0359 0.4845
vn -0.0167 0.0607 0.9980
vn -0.9999 -0.0006 -0.0167
vn 0.0043 -1.0000 0.0073
vn -0.9999 -0.0044 -0.0165
vn -0.9948 -0.0265 0.0984
vn -0.9968 -0.0186 -0.0777
vn -0.9986 -0.0360 0.0395
vn -0.9390 -0.0285 -0.3429
vn -0.9964 -0.0782 0.0315
vn -0.9941 -0.1074 0.0138
vn -0.8946 -0.0156 0.4466
vn -0.9868 -0.1565 -0.0418
vn -0.9961 -0.0430 -0.0775
vn -0.9962 -0.0153 -0.0853
vn -0.8741 -0.0039 0.4857
vn -0.0164 -0.0196 0.9997
vn -0.0165 0.0072 0.9998
vn -0.0091 -0.6820 0.7313
vn 0.0053 -0.9982 -0.0589
vn -0.0008 -0.9984 -0.0564
vn 0.0170 -0.1576 -0.9874
vn 0.0818 -0.9900 0.1150
vn 0.0960 -0.9909 0.0944
vn 0.1149 -0.9911 0.0670
vn 0.0034 -0.9979 0.0640
vn 0.0095 -0.9979 0.0639
vn 0.0095 -0.9979 0.0641
vn 0.0114 -0.9984 -0.0561
vn 0.4062 0.1941 -0.8929
vn 0.0152 0.2152 -0.9764
vn 0.7199 0.1698 -0.6730
vn 0.6894 0.1933 -0.6981
vn 0.9046 0.1712 -0.3903
vn 0.9870 0.1600 0.0142
vn 0.9837 0.1794 0.0155
vn 0.8906 0.1744 0.4201
vn 0.6988 0.1749 0.6936
vn 0.6662 0.1993 0.7186
vn 0.3812 0.2008 0.9025
vn -0.0170 0.2217 0.9750
vn 0.0336 -0.9979 0.0546
vn 0.0290 -0.9985 0.0472
vn 0.0259 -0.9977 0.0632
vn 0.0268 -0.9976 0.0633
vn 0.0034 -0.9981 0.0613
vn 0.8853 0.0002 -0.4650
vn 0.0149 0.2422 -0.9701
vn 0.8908 0.0799 -0.4474
vn 0.6859 0.1326 -0.7155
vn 0.3004 0.0031 -0.9538
vn 0.9989 -0.0150 -0.0435
vn 0.6304 -0.0859 -0.7715
vn 0.5276 -0.0193 -0.8493
vn 0.8963 -0.0334 -0.4421
vn 0.9977 -0.0666 -0.0109
vn 0.9765 -0.0743 -0.2023
vn 0.9385 0.0034 -0.3454
vn 0.9815 -0.0970 0.1650
vn 0.9709 -0.1082 0.2136
vn 0.9672 -0.0717 0.2438
vn 0.5042 -0.1846 0.8436
vn 0.4378 -0.0477 0.8978
vn -0.0150 -0.2290 0.9733
vn -0.0164 -0.0035 0.9999
vn 0.6541 -0.1152 0.7476
vn 0.9704 -0.0185 0.2408
vn 0.9896 0.0073 0.1437
vn 0.9644 -0.0393 0.2614
vn 0.9624 -0.0235 0.2705
vn 0.7103 0.0069 0.7038
vn -0.0169 0.1055 0.9943
vn 0.7186 0.0569 0.6931
vn 0.4670 0.1462 0.8721
vn 0.4916 0.1668 0.8547
vn -0.0170 0.2506 0.9679
vn 0.5576 0.6227 0.5489
vn 0.8227 0.1557 0.5467
vn 0.9797 0.1922 -0.0563
vn 0.8781 0.4639 -0.1170
vn 0.8880 0.3685 -0.2751
vn 0.9419 0.1837 -0.2811
vn 0.9910 0.1039 -0.0838
vn 0.8394 0.0476 0.5415
vn 0.9453 0.0304 -0.3249
vn 0.9771 0.0085 0.2125
vn 0.8054 0.2946 -0.5144
vn 0.7989 0.2465 -0.5486
vn 0.6786 0.0139 -0.7344
vn 0.0166 -0.0134 -0.9998
vn -0.0170 0.1668 0.9858
vn 0.8711 0.1313 0.4731
vn 0.7020 0.1208 0.7019
vn 0.6077 0.0414 0.7931
vn 0.3372 0.1932 0.9214
vn 0.8573 0.0424 0.5131
vn 0.9992 0.0061 0.0387
vn 0.9998 0.0081 0.0163
vn 0.9999 0.0077 0.0143
vn 0.9999 0.0044 0.0165
vn 0.9912 -0.0178 0.1311
vn 0.9989 -0.0099 -0.0448
vn 0.9970 -0.0273 0.0724
vn 0.9500 -0.0203 -0.3117
vn 0.9940 -0.0987 0.0466
vn 0.9955 -0.0695 0.0644
vn 0.8795 -0.0079 0.4758
vn 0.9890 -0.1479 -0.0093
vn 0.9984 -0.0343 -0.0446
vn 0.9986 -0.0066 -0.0524
vn 0.8576 0.0037 0.5143
vn 0.0054 -0.9982 -0.0589
vn 0.0114 -0.9984 -0.0562
vn -0.0026 0.8104 -0.5858
vn -0.0000 0.8105 -0.5858
vn 0.0026 0.8104 -0.5858
vn 0.0027 0.8104 -0.5858
vn 0.0001 -0.4337 -0.9010
vn 0.9763 -0.0113 -0.2160
vn 0.9742 -0.0163 -0.2253
vn 0.9555 0.2279 0.1871
vn 0.9515 0.2354 0.1982
vn -0.0000 0.6050 0.7962
vn -0.0000 0.6051 0.7962
vn -0.0000 -0.8660 0.5000
vn -0.0000 -0.6620 0.7495
vn -0.0000 -0.0384 0.9993
vn -0.0000 -0.8331 0.5531
vn -0.0000 0.8660 -0.5000
vn -0.0000 -0.9030 -0.4296
vn -0.8451 0.1283 0.5190
vn -0.0000 0.2400 0.9708
vn -0.0000 0.6128 0.7902
vn -0.8997 0.2703 0.3427
vn 0.8451 0.1283 0.5190
vn 0.8997 0.2703 0.3426
vn 0.8061 0.4701 0.3595
vn -0.0000 0.7717 0.6360
vn -0.8061 0.4701 0.3595
vn 0.7907 -0.3251 -0.5187
vn 0.9998 -0.0094 -0.0148
vn -0.9998 -0.0094 -0.0148
vn -0.7907 -0.3251 -0.5187
vn -0.2191 -0.5297 -0.8194
vn -0.0000 -0.5429 -0.8398
vn 0.2191 -0.5297 -0.8194
vn -0.9763 -0.0113 -0.2159
vn -0.0000 -0.4337 -0.9010
vn -0.0001 -0.4337 -0.9010
vn -0.9742 -0.0163 -0.2253
vn -0.9555 0.2279 0.1872
vn -0.9515 0.2354 0.1982
vn -0.0001 -0.6620 0.7495
vn -0.0000 -0.2413 -0.9705
vn 0.9693 0.0566 -0.2391
vn 0.9314 -0.2075 -0.2990
vn -0.0000 -0.5552 -0.8317
vn 0.9149 0.2031 0.3488
vn 0.9555 0.2756 0.1049
vn 0.0001 0.5083 0.8612
vn -0.0000 0.8809 0.4733
vn -0.0000 -0.5680 -0.8230
vn 0.7132 -0.4084 -0.5697
vn -0.0000 0.4883 0.8727
vn 0.5155 0.4164 0.7489
vn 0.9997 -0.0053 0.0245
vn -0.9694 0.0566 -0.2391
vn -0.0001 -0.5552 -0.8317
vn -0.9314 -0.2074 -0.2990
vn -0.9555 0.2756 0.1049
vn -0.9150 0.2030 0.3487
vn -0.0001 0.8809 0.4733
vn -0.0000 0.5083 0.8612
vn -0.7132 -0.4084 -0.5697
vn -0.9997 -0.0053 0.0245
vn -0.5155 0.4164 0.7489
vn 0.5858 0.0374 -0.8096
vn 0.6782 0.0537 -0.7329
vn 0.0002 -0.0088 -1.0000
vn -0.0001 -0.0073 -1.0000
vn 0.8443 0.0863 -0.5289
vn 0.8442 0.0863 -0.5290
vn -0.1499 0.8839 0.4430
vn -0.6933 0.0314 0.7199
vn -0.0000 0.1399 0.9902
vn -0.0007 0.8580 0.5137
vn -0.0000 -0.1082 0.9941
vn -0.8862 -0.0529 0.4603
vn -0.7509 -0.1602 0.6407
vn -0.1477 -0.9771 -0.1530
vn -0.9776 -0.2103 -0.0006
vn 0.9755 -0.2001 0.0918
vn 0.8648 -0.0534 0.4993
vn 0.7270 -0.1529 0.6695
vn 0.1633 -0.9777 -0.1319
vn 0.6744 0.0319 0.7377
vn 0.1529 0.8794 0.4508
vn -0.0002 -0.0088 -1.0000
vn 0.0001 -0.0103 -0.9999
vn -0.6528 0.0492 -0.7559
vn -0.5615 0.0337 -0.8268
vn -0.8253 0.0815 -0.5588
vn -0.8252 0.0815 -0.5589
vn -0.5858 0.0374 -0.8096
vn 0.0001 -0.0088 -1.0000
vn -0.0002 -0.0104 -0.9999
vn -0.6782 0.0537 -0.7329
vn -0.8443 0.0863 -0.5289
vn -0.8442 0.0863 -0.5290
vn 0.1499 0.8839 0.4430
vn 0.0007 0.8580 0.5137
vn 0.6933 0.0314 0.7199
vn 0.8862 -0.0529 0.4603
vn 0.7509 -0.1602 0.6407
vn 0.1477 -0.9771 -0.1530
vn 0.9776 -0.2103 -0.0006
vn -0.8647 -0.0534 0.4994
vn -0.9755 -0.2001 0.0918
vn -0.7270 -0.1529 0.6694
vn -0.1633 -0.9777 -0.1319
vn -0.6744 0.0319 0.7377
vn -0.1529 0.8794 0.4508
vn 0.0002 -0.0095 -1.0000
vn 0.5615 0.0337 -0.8268
vn 0.6528 0.0492 -0.7559
vn -0.0001 -0.0088 -1.0000
vn 0.8253 0.0815 -0.5588
vn 0.8252 0.0815 -0.5589
vt 0.425552 0.430177
vt 0.408863 0.404823
vt 0.388032 0.404823
vt 0.388032 0.430177
vt 0.428568 0.525893
vt 0.428568 0.408007
vt 0.466965 0.408299
vt 0.462703 0.525892
vt 0.467877 0.548736
vt 0.428568 0.548737
vt 0.428568 0.571580
vt 0.473052 0.571580
vt 0.388032 0.572537
vt 0.417129 0.572537
vt 0.424541 0.508901
vt 0.388032 0.508900
vt 0.498333 0.504355
vt 0.486860 0.413316
vt 0.467011 0.408299
vt 0.486906 0.413315
vt 0.467877 0.548736
vt 0.462703 0.525892
vt 0.388038 0.508901
vt 0.424547 0.508901
vt 0.417136 0.572537
vt 0.388038 0.572537
vt 0.388038 0.404823
vt 0.408869 0.404823
vt 0.425558 0.430177
vt 0.388038 0.430177
vt 0.285256 0.370811
vt 0.291883 0.342597
vt 0.302741 0.355299
vt 0.260424 0.318750
vt 0.281857 0.311844
vt 0.299989 0.308067
vt 0.313600 0.330525
vt 0.313600 0.321434
vt 0.300538 0.266730
vt 0.281010 0.268919
vt 0.313600 0.266730
vt 0.242545 0.250232
vt 0.261777 0.230253
vt 0.313600 0.368000
vt 0.313600 0.400493
vt 0.281010 0.210275
vt 0.300538 0.229540
vt 0.353530 0.314717
vt 0.321564 0.314717
vt 0.321564 0.378430
vt 0.354514 0.378482
vt 0.340398 0.265224
vt 0.321564 0.234973
vt 0.260424 0.318750
vt 0.281858 0.311844
vt 0.299989 0.308067
vt 0.291883 0.342597
vt 0.285257 0.370811
vt 0.302741 0.355299
vt 0.313600 0.330525
vt 0.313600 0.321434
vt 0.281010 0.210275
vt 0.313600 0.266730
vt 0.261777 0.230253
vt 0.313600 0.368000
vt 0.313600 0.400493
vt 0.354514 0.378378
vt 0.340398 0.265165
vt 0.348718 0.404950
vt 0.321564 0.404907
vt 0.321564 0.431384
vt 0.342923 0.431418
vt 0.313600 0.210275
vt 0.313600 0.229540
vt 0.304456 0.229540
vt 0.348718 0.404864
vt 0.342923 0.431351
vt 0.313600 0.210275
vt 0.313600 0.229540
vt 0.304457 0.229540
vt 0.306557 0.255847
vt 0.302945 0.262377
vt 0.313600 0.262377
vt 0.313600 0.255847
vt 0.313600 0.262377
vt 0.313600 0.255847
vt 0.370037 0.796947
vt 0.370036 0.794331
vt 0.399019 0.794460
vt 0.399019 0.797051
vt 0.399019 0.792693
vt 0.370037 0.792741
vt 0.399019 0.790603
vt 0.370037 0.790524
vt 0.399019 0.789729
vt 0.370037 0.789738
vt 0.399019 0.788753
vt 0.370037 0.788656
vt 0.399019 0.787337
vt 0.370037 0.787382
vt 0.399019 0.784493
vt 0.370036 0.784822
vt 0.862735 0.534023
vt 0.881364 0.534023
vt 0.881368 0.536256
vt 0.862655 0.536256
vt 0.899984 0.534023
vt 0.900107 0.536256
vt 0.858332 0.534023
vt 0.858439 0.536256
vt 0.836049 0.534023
vt 0.836049 0.536256
vt 0.813781 0.536256
vt 0.813781 0.534023
vt 0.904302 0.536256
vt 0.904413 0.534023
vt 0.926697 0.534023
vt 0.926697 0.536256
vt 0.945866 0.536256
vt 0.945866 0.534023
vt 0.861940 0.559251
vt 0.881402 0.558783
vt 0.881439 0.583544
vt 0.902445 0.578684
vt 0.901215 0.556354
vt 0.903306 0.559154
vt 0.860747 0.597094
vt 0.859410 0.562168
vt 0.945866 0.571585
vt 0.926697 0.599896
vt 0.945866 0.629801
vt 0.836049 0.621538
vt 0.813781 0.573450
vt 0.813781 0.679028
vt 0.808080 0.688110
vt 0.779411 0.665533
vt 0.784636 0.688157
vt 0.788656 0.643092
vt 0.797317 0.636043
vt 0.808080 0.635048
vt 0.970811 0.534023
vt 0.994235 0.534023
vt 0.994246 0.536256
vt 0.970811 0.536256
vt 0.994340 0.574080
vt 0.970811 0.572663
vt 0.994340 0.680164
vt 0.784636 0.688069
vt 0.779411 0.665896
vt 0.788656 0.643571
vt 0.797317 0.636308
vt 0.848665 0.708156
vt 0.848556 0.644725
vt 0.852153 0.643258
vt 0.853177 0.694440
vt 0.850592 0.613142
vt 0.854026 0.617022
vt 0.870172 0.599591
vt 0.870214 0.605257
vt 0.889270 0.594732
vt 0.886636 0.602104
vt 0.896855 0.624238
vt 0.893365 0.625911
vt 0.896370 0.663491
vt 0.892453 0.658112
vt 0.899314 0.698678
vt 0.897142 0.671686
vt 0.926933 0.671677
vt 0.951715 0.699030
vt 0.956445 0.671699
vt 0.950869 0.643478
vt 0.926941 0.638472
vt 0.903030 0.643467
vt 0.022229 0.492185
vt 0.022229 0.465030
vt 0.001206 0.465030
vt 0.001207 0.492185
vt 0.022229 0.433441
vt 0.001207 0.433441
vt 0.001207 0.418892
vt 0.022229 0.418892
vt 0.001207 0.417948
vt 0.018827 0.417948
vt 0.022229 0.511893
vt 0.001207 0.511893
vt 0.055066 0.441413
vt 0.022229 0.418892
vt 0.055066 0.441413
vt 0.018827 0.417948
vt 0.597977 0.411596
vt 0.609544 0.411740
vt 0.595594 0.407605
vt 0.623657 0.407605
vt 0.621110 0.411883
vt 0.781825 0.565094
vt 0.787204 0.565094
vt 0.775489 0.477610
vt 0.775174 0.565094
vt 0.779324 0.604374
vt 0.775440 0.608430
vt 0.770726 0.608074
vt 0.770787 0.565094
vt 0.755108 0.602786
vt 0.770708 0.480717
vt 0.755108 0.498715
vt 0.759987 0.453519
vt 0.740828 0.602786
vt 0.744949 0.658044
vt 0.731460 0.636123
vt 0.742735 0.662083
vt 0.760221 0.678854
vt 0.760221 0.672543
vt 0.725668 0.636794
vt 0.721508 0.602786
vt 0.715199 0.602786
vt 0.716926 0.530423
vt 0.711457 0.530423
vt 0.740828 0.498715
vt 0.727496 0.506467
vt 0.738015 0.453519
vt 0.727496 0.481301
vt 0.722652 0.505623
vt 0.722652 0.478945
vt 0.734940 0.449350
vt 0.737805 0.672837
vt 0.760221 0.691779
vt 0.769050 0.669898
vt 0.771710 0.673514
vt 0.701314 0.530423
vt 0.701314 0.602786
vt 0.679609 0.627428
vt 0.679609 0.530423
vt 0.657849 0.602786
vt 0.657849 0.530423
vt 0.643890 0.602786
vt 0.643890 0.530423
vt 0.657849 0.485649
vt 0.643890 0.477929
vt 0.701314 0.485649
vt 0.637285 0.530423
vt 0.637285 0.602786
vt 0.618336 0.602786
vt 0.618336 0.498715
vt 0.599176 0.602786
vt 0.599176 0.498715
vt 0.599176 0.453519
vt 0.621148 0.453519
vt 0.637285 0.480321
vt 0.628449 0.636123
vt 0.614214 0.658044
vt 0.594719 0.676047
vt 0.594860 0.684460
vt 0.617307 0.663544
vt 0.598943 0.691779
vt 0.621358 0.672837
vt 0.635132 0.637407
vt 0.653896 0.638359
vt 0.664037 0.631209
vt 0.624625 0.448036
vt 0.629541 0.453884
vt 0.644910 0.465591
vt 0.654869 0.452042
vt 0.675033 0.451402
vt 0.679609 0.451402
vt 0.679609 0.485649
vt 0.684131 0.451402
vt 0.704454 0.452568
vt 0.638839 0.441230
vt 0.634750 0.432653
vt 0.713553 0.465591
vt 0.728496 0.454244
vt 0.720991 0.441349
vt 0.724414 0.432604
vt 0.738053 0.411830
vt 0.749620 0.411736
vt 0.762889 0.449350
vt 0.768680 0.454188
vt 0.761187 0.411641
vt 0.774401 0.432818
vt 0.778085 0.440338
vt 0.785264 0.465505
vt 0.800959 0.485257
vt 0.800959 0.558705
vt 0.794635 0.451408
vt 0.800959 0.446071
vt 0.541966 0.407295
vt 0.524900 0.407282
vt 0.524895 0.412667
vt 0.543669 0.412682
vt 0.506122 0.412652
vt 0.507833 0.407268
vt 0.524823 0.533795
vt 0.524870 0.450773
vt 0.506122 0.533795
vt 0.543669 0.533795
vt 0.506122 0.450773
vt 0.543669 0.450773
vt 0.580611 0.429926
vt 0.585029 0.432673
vt 0.558205 0.446071
vt 0.562025 0.439944
vt 0.679609 0.445283
vt 0.675033 0.445283
vt 0.684131 0.445283
vt 0.639202 0.430073
vt 0.735506 0.407605
vt 0.763570 0.407605
vt 0.778851 0.429926
vt 0.797139 0.439944
vt 0.719962 0.430073
vt 0.634171 0.415937
vt 0.634171 0.404511
vt 0.723454 0.404539
vt 0.723454 0.415937
vt 0.705660 0.422796
vt 0.651021 0.422813
vt 0.691520 0.437260
vt 0.663640 0.437268
vt 0.595519 0.448036
vt 0.581292 0.441352
vt 0.590256 0.454514
vt 0.590087 0.480316
vt 0.564152 0.451677
vt 0.574298 0.465551
vt 0.558205 0.480332
vt 0.571975 0.565094
vt 0.558205 0.558705
vt 0.577415 0.565094
vt 0.590379 0.571949
vt 0.590379 0.602786
vt 0.579920 0.602786
vt 0.590379 0.676047
vt 0.583080 0.644470
vt 0.583080 0.672624
vt 0.590379 0.679824
vt 0.663590 0.437327
vt 0.650993 0.422864
vt 0.705632 0.422880
vt 0.691470 0.437335
vt 0.723454 0.404443
vt 0.634171 0.404470
vt 0.673459 0.677104
vt 0.669905 0.662198
vt 0.691960 0.642685
vt 0.699708 0.660719
vt 0.704433 0.675902
vt 0.707290 0.684667
vt 0.707290 0.695429
vt 0.673459 0.695429
vt 0.630985 0.682773
vt 0.622930 0.689094
vt 0.620539 0.695429
vt 0.501435 0.549021
vt 0.524827 0.549021
vt 0.547868 0.549021
vt 0.549210 0.555042
vt 0.524812 0.555042
vt 0.500414 0.555042
vt 0.694025 0.633771
vt 0.702972 0.639709
vt 0.705267 0.638359
vt 0.695136 0.631225
vt 0.679609 0.630244
vt 0.665147 0.633755
vt 0.656191 0.639709
vt 0.624217 0.674986
vt 0.598943 0.696557
vt 0.734946 0.674986
vt 0.760221 0.696557
vt 0.500414 0.595476
vt 0.524810 0.595476
vt 0.549210 0.595476
vt 0.513121 0.642732
vt 0.500414 0.631839
vt 0.524808 0.642732
vt 0.536496 0.642732
vt 0.549210 0.631839
vt 0.549210 0.652291
vt 0.540459 0.652291
vt 0.509156 0.652291
vt 0.500414 0.652291
vt 0.500414 0.671073
vt 0.506895 0.671073
vt 0.500414 0.693195
vt 0.505367 0.693195
vt 0.542718 0.671073
vt 0.549967 0.674433
vt 0.544245 0.693195
vt 0.549210 0.693195
vt 0.669905 0.662198
vt 0.764507 0.667973
vt 0.767729 0.656425
vt 0.773076 0.657183
vt 0.770889 0.638410
vt 0.775373 0.639129
vt 0.778266 0.640018
vt 0.774733 0.655938
vt 0.796281 0.580984
vt 0.796282 0.573844
vt 0.801645 0.580984
vt 0.799868 0.580984
vt 0.790918 0.580984
vt 0.792694 0.580984
vt 0.808931 0.622003
vt 0.804130 0.622003
vt 0.145209 0.956738
vt 0.141108 0.943020
vt 0.129902 0.943020
vt 0.137254 0.967239
vt 0.788433 0.622003
vt 0.783632 0.622003
vt 0.796281 0.622003
vt 0.799869 0.580984
vt 0.796281 0.580984
vt 0.790918 0.580984
vt 0.788433 0.622003
vt 0.165644 0.956738
vt 0.155506 0.967239
vt 0.173599 0.967239
vt 0.808930 0.622003
vt 0.801645 0.580984
vt 0.796281 0.573846
vt 0.145209 0.929301
vt 0.137254 0.918800
vt 0.155507 0.918800
vt 0.165644 0.929301
vt 0.173599 0.918800
vt 0.169745 0.943020
vt 0.180950 0.943020
vt 0.155506 0.943020
vt 0.839607 0.324462
vt 0.730459 0.392823
vt 0.840225 0.330073
vt 0.785575 0.393010
vt 0.842694 0.352517
vt 0.849879 0.393151
vt 0.878970 0.352517
vt 0.846453 0.323972
vt 0.960852 0.279199
vt 0.903733 0.319692
vt 0.958383 0.256755
vt 0.997129 0.279199
vt 0.968038 0.319832
vt 0.848618 0.319505
vt 0.957766 0.251143
vt 0.964612 0.250654
vt 0.785575 0.398575
vt 0.785575 0.393010
vt 0.730459 0.395783
vt 0.849879 0.395783
vt 0.681296 0.377061
vt 0.674931 0.374781
vt 0.672398 0.379159
vt 0.678955 0.382531
vt 0.450244 0.151750
vt 0.382015 0.220864
vt 0.446008 0.221259
vt 0.474183 0.176571
vt 0.575207 0.220891
vt 0.530990 0.174424
vt 0.474051 0.274933
vt 0.446008 0.230246
vt 0.382015 0.230640
vt 0.450112 0.299754
vt 0.530859 0.277080
vt 0.575208 0.230614
vt 0.575208 0.226362
vt 0.382015 0.225426
vt 0.006159 0.511948
vt 0.006158 0.497923
vt 0.022574 0.497923
vt 0.022574 0.511949
vt 0.006158 0.467466
vt 0.022797 0.467466
vt 0.006159 0.451338
vt 0.022767 0.451338
vt 0.022574 0.417792
vt 0.006159 0.417792
vt 0.022574 0.405731
vt 0.055785 0.459304
vt 0.006159 0.405731
vt 0.022574 0.402716
vt 0.006159 0.402716
vt 0.055785 0.459304
vt 0.862497 0.474683
vt 0.862497 0.507537
vt 0.881373 0.474683
vt 0.858258 0.504225
vt 0.858950 0.474683
vt 0.847418 0.493820
vt 0.881373 0.457214
vt 0.901269 0.474683
vt 0.901269 0.507537
vt 0.904170 0.505360
vt 0.903823 0.474683
vt 0.901269 0.457214
vt 0.922078 0.455456
vt 0.926697 0.479865
vt 0.915137 0.494501
vt 0.891101 0.513636
vt 0.871715 0.513636
vt 0.901269 0.439746
vt 0.940333 0.436230
vt 0.881373 0.436230
vt 0.881373 0.439746
vt 0.862497 0.439746
vt 0.822184 0.436230
vt 0.840567 0.455456
vt 0.862497 0.457214
vt 0.836049 0.479865
vt 0.881373 0.516340
vt 0.926697 0.532088
vt 0.945866 0.513786
vt 0.945866 0.532088
vt 0.904170 0.532088
vt 0.904170 0.534023
vt 0.901269 0.532088
vt 0.901269 0.534023
vt 0.881373 0.534023
vt 0.881373 0.532088
vt 0.862497 0.532088
vt 0.862497 0.534023
vt 0.858258 0.532088
vt 0.858258 0.534023
vt 0.836049 0.532088
vt 0.813781 0.532088
vt 0.813781 0.510802
vt 0.784636 0.688195
vt 0.808080 0.688055
vt 0.779411 0.665488
vt 0.788656 0.642907
vt 0.797317 0.635791
vt 0.808080 0.634749
vt 0.784636 0.687919
vt 0.779411 0.665629
vt 0.788656 0.643235
vt 0.797317 0.635973
vt 0.970811 0.532088
vt 0.970811 0.513786
vt 0.994235 0.532088
vt 0.994235 0.513786
vt 0.970811 0.485714
vt 0.945866 0.485714
vt 0.994235 0.485714
vt 0.970811 0.437975
vt 0.945866 0.437975
vt 0.994235 0.437975
vt 0.647312 0.206842
vt 0.676378 0.229715
vt 0.714207 0.205980
vt 0.659271 0.254065
vt 0.603261 0.207150
vt 0.512869 0.317736
vt 0.505857 0.316275
vt 0.508998 0.319058
vt 0.518160 0.326112
vt 0.540918 0.323580
vt 0.507283 0.323359
vt 0.504790 0.318181
vt 0.938729 0.238990
vt 0.897389 0.229609
vt 0.996494 0.201986
vt 0.875070 0.234832
vt 0.912131 0.275774
vt 0.893507 0.202061
vt 0.869396 0.202956
vt 0.845285 0.203850
vt 0.689081 0.373886
vt 0.705642 0.377367
vt 0.730782 0.382956
vt 0.695787 0.386907
vt 0.676645 0.371568
vt 0.681833 0.376953
vt 0.675039 0.374530
vt 0.824841 0.202947
vt 0.647349 0.202500
vt 0.631613 0.202650
vt 0.615876 0.202801
vt 0.266664 0.583507
vt 0.292355 0.535227
vt 0.222008 0.509429
vt 0.193209 0.548165
vt 0.190886 0.475957
vt 0.194001 0.628644
vt 0.187535 0.435320
vt 0.213903 0.432571
vt 0.236602 0.464791
vt 0.254748 0.405579
vt 0.209040 0.252338
vt 0.269652 0.374034
vt 0.226831 0.239863
vt 0.180047 0.408137
vt 0.195322 0.250043
vt 0.151307 0.244631
vt 0.151307 0.369240
vt 0.286792 0.394386
vt 0.326787 0.441873
vt 0.322849 0.477000
vt 0.197783 0.710883
vt 0.246350 0.711788
vt 0.230699 0.814246
vt 0.205856 0.813708
vt 0.276578 0.597312
vt 0.277815 0.574179
vt 0.330235 0.630657
vt 0.309484 0.636306
vt 0.376041 0.575612
vt 0.412443 0.668772
vt 0.405276 0.767197
vt 0.370774 0.757338
vt 0.360260 0.753624
vt 0.349152 0.759939
vt 0.323587 0.653018
vt 0.329495 0.486846
vt 0.379188 0.442973
vt 0.360488 0.384186
vt 0.380537 0.386127
vt 0.927668 0.975994
vt 0.927614 0.993177
vt 0.949820 0.984585
vt 0.949843 0.975994
vt 0.954382 0.975994
vt 0.954341 0.993177
vt 0.958691 0.983649
vt 0.949797 0.993177
vt 0.902550 0.975994
vt 0.902550 0.985410
vt 0.927614 0.985410
vt 0.883915 0.986646
vt 0.873969 0.986646
vt 0.859481 0.975994
vt 0.859481 0.986646
vt 0.833968 0.986646
vt 0.805625 0.986646
vt 0.799838 0.975994
vt 0.799838 0.986102
vt 0.776646 0.986102
vt 0.776646 0.975994
vt 0.760269 0.986102
vt 0.760269 0.975994
vt 0.741219 0.986973
vt 0.713800 0.975994
vt 0.713800 0.987926
vt 0.694306 0.987926
vt 0.670726 0.975994
vt 0.670726 0.987926
vt 0.659049 0.975994
vt 0.736725 0.873085
vt 0.736725 0.882227
vt 0.739737 0.882227
vt 0.739737 0.873085
vt 0.736725 0.868514
vt 0.739737 0.868514
vt 0.739737 0.886798
vt 0.736725 0.886798
vt 0.757694 0.882227
vt 0.757694 0.873085
vt 0.757694 0.868514
vt 0.757694 0.886798
vt 0.892780 0.873098
vt 0.889362 0.870877
vt 0.892780 0.868655
vt 0.889346 0.866434
vt 0.889346 0.875319
vt 0.961671 0.855382
vt 0.973230 0.835413
vt 0.984744 0.855407
vt 0.950157 0.835388
vt 0.961715 0.815419
vt 0.984788 0.815445
vt 0.996302 0.835439
vt 0.760947 0.873085
vt 0.760947 0.882227
vt 0.782665 0.882227
vt 0.782665 0.873085
vt 0.760947 0.868514
vt 0.782665 0.868514
vt 0.782665 0.886798
vt 0.760947 0.886798
vt 0.786333 0.882227
vt 0.786333 0.873085
vt 0.786333 0.868514
vt 0.786333 0.886798
vt 0.868593 0.882227
vt 0.868593 0.873085
vt 0.868593 0.868514
vt 0.868593 0.886798
vt 0.870971 0.873085
vt 0.870971 0.868514
vt 0.870971 0.886798
vt 0.870971 0.882227
vt 0.880325 0.873085
vt 0.880325 0.868514
vt 0.880325 0.882227
vt 0.880325 0.886798
vt 0.725366 0.807570
vt 0.696699 0.807570
vt 0.696700 0.837053
vt 0.725366 0.837053
vt 0.663596 0.837053
vt 0.663596 0.807570
vt 0.639762 0.837053
vt 0.639762 0.807570
vt 0.639762 0.863488
vt 0.663596 0.863488
vt 0.639762 0.870973
vt 0.663596 0.870973
vt 0.682430 0.870973
vt 0.696699 0.863488
vt 0.696699 0.870973
vt 0.725366 0.863488
vt 0.725366 0.870973
vt 0.709710 0.907417
vt 0.714119 0.907417
vt 0.729661 0.886647
vt 0.720506 0.886647
vt 0.707820 0.907417
vt 0.720506 0.886647
vt 0.712357 0.886647
vt 0.692733 0.907145
vt 0.698675 0.886647
vt 0.681706 0.886647
vt 0.676158 0.924690
vt 0.693896 0.924690
vt 0.642422 0.954683
vt 0.649209 0.964033
vt 0.663745 0.954683
vt 0.709738 0.907417
vt 0.729755 0.886647
vt 0.714213 0.907417
vt 0.641229 0.952942
vt 0.663745 0.947951
vt 0.641229 0.947951
vt 0.044880 0.324494
vt 0.048370 0.259824
vt 0.070340 0.335119
vt 0.029349 0.259824
vt 0.027945 0.321349
vt 0.010968 0.320379
vt 0.010968 0.259824
vt 0.054076 0.392799
vt 0.067925 0.392799
vt 0.041167 0.392799
vt 0.026302 0.392799
vt 0.010968 0.392799
vt 0.417619 0.366650
vt 0.413230 0.366650
vt 0.419663 0.337534
vt 0.431383 0.366650
vt 0.436628 0.326867
vt 0.435601 0.366650
vt 0.445305 0.366650
vt 0.445305 0.326867
vt 0.445305 0.321271
vt 0.445305 0.300941
vt 0.453984 0.326867
vt 0.454983 0.366650
vt 0.459177 0.366650
vt 0.470966 0.337534
vt 0.473020 0.366650
vt 0.458977 0.310465
vt 0.431639 0.310465
vt 0.477433 0.366650
vt 0.390372 0.369974
vt 0.392757 0.377154
vt 0.386571 0.376812
vt 0.384300 0.369974
vt 0.388842 0.383651
vt 0.398649 0.373565
vt 0.397456 0.369975
vt 0.404540 0.387525
vt 0.404540 0.378750
vt 0.414066 0.380489
vt 0.404540 0.395047
vt 0.418149 0.384995
vt 0.417681 0.369975
vt 0.423312 0.369975
vt 0.409303 0.375232
vt 0.411110 0.369975
vt 0.400745 0.392292
vt 0.404540 0.369975
vt 0.383173 0.337534
vt 0.397824 0.337534
vt 0.397824 0.366650
vt 0.383173 0.366650
vt 0.507445 0.366650
vt 0.492772 0.366650
vt 0.492772 0.337534
vt 0.507445 0.337534
vt 0.482143 0.382079
vt 0.496677 0.371146
vt 0.452108 0.371146
vt 0.452108 0.398302
vt 0.496677 0.371086
vt 0.482143 0.382049
vt 0.452108 0.371086
vt 0.436110 0.389256
vt 0.430686 0.371086
vt 0.430686 0.371146
vt 0.240421 0.937858
vt 0.236026 0.922875
vt 0.244816 0.920746
vt 0.184772 0.944346
vt 0.184772 0.925439
vt 0.303873 0.934281
vt 0.284497 0.921269
vt 0.244816 0.952841
vt 0.294727 0.951757
vt 0.184772 0.950540
vt 0.236026 0.958774
vt 0.251386 0.961015
vt 0.244816 0.905977
vt 0.284497 0.906069
vt 0.244816 0.891241
vt 0.284497 0.890846
vt 0.306490 0.906077
vt 0.306444 0.933258
vt 0.306490 0.878895
vt 0.303922 0.877859
vt 0.236026 0.905976
vt 0.236026 0.889072
vt 0.308910 0.926113
vt 0.308910 0.948203
vt 0.320851 0.944237
vt 0.323836 0.943246
vt 0.321186 0.926113
vt 0.333473 0.926113
vt 0.333205 0.930341
vt 0.336275 0.926113
vt 0.333479 0.917224
vt 0.330775 0.905750
vt 0.328070 0.894275
vt 0.323440 0.894277
vt 0.265744 0.972168
vt 0.291968 0.959346
vt 0.296030 0.965409
vt 0.238720 0.971392
vt 0.244486 0.984857
vt 0.192544 0.982046
vt 0.187423 0.963978
vt 0.300173 0.971287
vt 0.272669 0.977541
vt 0.248271 0.992706
vt 0.194525 0.990039
vt 0.474690 0.018358
vt 0.487484 0.015995
vt 0.474690 0.012178
vt 0.454069 0.018358
vt 0.448672 0.012178
vt 0.502062 0.012178
vt 0.502062 0.015995
vt 0.505306 0.015041
vt 0.513743 0.012178
vt 0.448672 0.001389
vt 0.474690 0.001389
vt 0.502062 0.001389
vt 0.236026 0.961553
vt 0.184772 0.953781
vt 0.301741 0.961780
vt 0.304924 0.947606
vt 0.235480 0.853334
vt 0.251399 0.850990
vt 0.244707 0.859640
vt 0.291968 0.852581
vt 0.294799 0.860802
vt 0.301836 0.850374
vt 0.296126 0.846724
vt 0.300284 0.840867
vt 0.304996 0.864551
vt 0.320828 0.944237
vt 0.308887 0.948203
vt 0.308887 0.926113
vt 0.323813 0.943246
vt 0.321162 0.926113
vt 0.333450 0.926113
vt 0.333455 0.917224
vt 0.336251 0.926113
vt 0.333182 0.930341
vt 0.330210 0.903455
vt 0.328047 0.894275
vt 0.323416 0.894277
vt 0.265552 0.839866
vt 0.244911 0.827309
vt 0.238695 0.840608
vt 0.192386 0.829825
vt 0.187320 0.848157
vt 0.194377 0.822072
vt 0.248244 0.819294
vt 0.272741 0.834507
vt 0.454069 0.018358
vt 0.184772 0.867797
vt 0.184772 0.861599
vt 0.244816 0.865586
vt 0.284497 0.865586
vt 0.184772 0.886715
vt 0.184772 0.858360
vt 0.235480 0.850448
vt 0.184772 0.906081
vt 0.184772 0.918981
vt 0.184772 0.893175
vt 0.515041 0.012178
vt 0.515041 0.001389
vt 0.513743 0.001389
vt 0.454069 0.022020
vt 0.528367 0.898121
vt 0.528367 0.889553
vt 0.512811 0.889553
vt 0.512811 0.898121
vt 0.497255 0.889553
vt 0.497255 0.898121
vt 0.512811 0.919109
vt 0.501149 0.919109
vt 0.524474 0.919110
vt 0.528367 0.935759
vt 0.497255 0.935759
vt 0.430501 0.773698
vt 0.452732 0.748754
vt 0.474963 0.773916
vt 0.430501 0.748683
vt 0.430501 0.723593
vt 0.474963 0.723810
vt 0.474963 0.748826
vt 0.418261 0.918858
vt 0.405470 0.918858
vt 0.405470 0.813424
vt 0.422699 0.813424
vt 0.392790 0.918858
vt 0.389119 0.813424
vt 0.405470 0.964839
vt 0.427193 0.964839
vt 0.383684 0.964839
vt 0.372197 0.964839
vt 0.360071 0.813424
vt 0.438359 0.964839
vt 0.451805 0.813424
vt 0.449247 0.931963
vt 0.422699 0.809295
vt 0.405470 0.809295
vt 0.460965 0.809295
vt 0.458498 0.813424
vt 0.464055 0.885378
vt 0.472433 0.895791
vt 0.472433 0.922380
vt 0.475997 0.924272
vt 0.452152 0.936774
vt 0.475997 0.894025
vt 0.467946 0.883009
vt 0.470342 0.813559
vt 0.466568 0.816355
vt 0.389119 0.809295
vt 0.350597 0.809295
vt 0.353317 0.813424
vt 0.362211 0.931963
vt 0.346968 0.885378
vt 0.338044 0.922380
vt 0.338044 0.895525
vt 0.335148 0.923691
vt 0.358768 0.935349
vt 0.345019 0.816355
vt 0.341347 0.812920
vt 0.342788 0.883009
vt 0.335148 0.893002
vt 0.364996 0.964839
vt 0.427605 0.968012
vt 0.405470 0.968012
vt 0.399140 0.968012
vt 0.447498 0.968012
vt 0.445550 0.964839
vt 0.362779 0.968012
vt 0.414200 0.779567
vt 0.401038 0.774117
vt 0.401038 0.797160
vt 0.414200 0.797160
vt 0.382819 0.774117
vt 0.382818 0.797160
vt 0.351950 0.797160
vt 0.351950 0.785313
vt 0.322048 0.785313
vt 0.322048 0.797160
vt 0.330046 0.774117
vt 0.512812 0.814806
vt 0.528367 0.814806
vt 0.497255 0.814806
vt 0.528367 0.804177
vt 0.512812 0.804177
vt 0.497255 0.804177
vt 0.382818 0.774117
vt 0.401038 0.774117
vt 0.414200 0.779558
vt 0.389119 0.804671
vt 0.405470 0.804671
vt 0.422699 0.804671
vt 0.460965 0.804671
vt 0.425366 0.717782
vt 0.425366 0.748713
vt 0.418688 0.748752
vt 0.418688 0.710074
vt 0.480097 0.717899
vt 0.486775 0.709861
vt 0.480097 0.748796
vt 0.486775 0.748757
vt 0.480097 0.779726
vt 0.486775 0.787434
vt 0.425366 0.779609
vt 0.418688 0.787647
vt 0.405470 0.803414
vt 0.389119 0.803414
vt 0.350597 0.804671
vt 0.350597 0.803414
vt 0.422699 0.803414
vt 0.460965 0.803414
vt 0.512812 0.802919
vt 0.497255 0.802919
vt 0.528367 0.802919
vt 0.100826 0.504916
vt 0.066621 0.469782
vt 0.057752 0.548525
vt 0.092657 0.583969
vt 0.044721 0.869066
vt 0.011979 0.893105
vt 0.011979 0.971797
vt 0.034955 0.969125
vt 0.057136 0.877698
vt 0.011979 0.989327
vt 0.043414 0.983575
vt 0.069551 0.886329
vt 0.086938 0.822264
vt 0.049674 0.790901
vt 0.087844 0.778456
vt 0.088894 0.863476
vt 0.011979 0.790901
vt 0.033186 0.667857
vt 0.020461 0.704046
vt 0.090935 0.657246
vt 0.011979 0.704046
vt 0.057752 0.548525
vt 0.092183 0.583969
vt 0.018612 0.682715
vt 0.020363 0.555645
vt 0.011979 0.680694
vt 0.034983 0.548407
vt 0.035433 0.518544
vt 0.011979 0.555645
vt 0.011979 0.551934
vt 0.017101 0.551934
vt 0.020363 0.518544
vt 0.017101 0.518544
vt 0.011979 0.518544
vt 0.059176 0.518544
vt 0.093468 0.585799
vt 0.093468 0.657246
vt 0.090578 0.778456
vt 0.088894 0.863476
vt 0.260246 0.042989
vt 0.260479 0.034579
vt 0.282558 0.034579
vt 0.272058 0.050027
vt 0.278943 0.047812
vt 0.282558 0.047812
vt 0.277308 0.051401
vt 0.760372 0.788472
vt 0.760372 0.783698
vt 0.771710 0.783698
vt 0.779461 0.786898
vt 0.786430 0.768303
vt 0.796919 0.768303
vt 0.814330 0.768595
vt 0.893169 0.791502
vt 0.886890 0.769934
vt 0.931404 0.793570
vt 0.927502 0.773296
vt 0.938801 0.782741
vt 0.986953 0.793423
vt 0.989996 0.807621
vt 0.893169 0.807621
vt 0.760372 0.807621
vt 0.302855 0.730622
vt 0.272499 0.730622
vt 0.279849 0.743375
vt 0.295603 0.743375
vt 0.302877 0.757428
vt 0.308914 0.718970
vt 0.265496 0.718970
vt 0.330551 0.757428
vt 0.317485 0.757428
vt 0.302855 0.783476
vt 0.295603 0.770800
vt 0.272499 0.783475
vt 0.279849 0.770800
vt 0.256759 0.757428
vt 0.271365 0.757428
vt 0.308914 0.794572
vt 0.265496 0.794572
vt 0.243691 0.757428
vt 0.287121 0.757428
vt 0.302855 0.730622
vt 0.272499 0.730622
vt 0.308914 0.718970
vt 0.317485 0.757428
vt 0.330551 0.757428
vt 0.302855 0.783476
vt 0.308915 0.794572
vt 0.265496 0.794572
vt 0.243691 0.757428
vt 0.295603 0.743375
vt 0.279849 0.743375
vt 0.302877 0.757428
vt 0.295603 0.770800
vt 0.279849 0.770800
vt 0.271365 0.757428
vt 0.439254 0.597641
vt 0.450628 0.601756
vt 0.450628 0.576191
vt 0.461858 0.597664
vt 0.429748 0.584146
vt 0.426296 0.576191
vt 0.471352 0.584243
vt 0.474599 0.576191
vt 0.431490 0.606045
vt 0.450628 0.611677
vt 0.469660 0.606035
vt 0.477524 0.595807
vt 0.423631 0.595760
vt 0.417016 0.589968
vt 0.484107 0.589983
vt 0.484107 0.589983
vt 0.492291 0.607922
vt 0.465355 0.637237
vt 0.494777 0.641365
vt 0.462930 0.667541
vt 0.450628 0.637237
vt 0.450628 0.667541
vt 0.450628 0.685156
vt 0.473711 0.675389
vt 0.438303 0.667541
vt 0.427453 0.675542
vt 0.435862 0.637237
vt 0.406503 0.641421
vt 0.408923 0.607925
vt 0.492291 0.607923
vt 0.427453 0.675542
vt 0.276782 0.676633
vt 0.296751 0.676633
vt 0.296751 0.643694
vt 0.276782 0.643694
vt 0.257361 0.676633
vt 0.262461 0.643694
vt 0.311073 0.643694
vt 0.316173 0.676633
vt 0.286708 0.631597
vt 0.276782 0.643694
vt 0.276782 0.681854
vt 0.296751 0.681854
vt 0.257361 0.681854
vt 0.316173 0.681854
vt 0.276782 0.686378
vt 0.296751 0.686378
vt 0.257361 0.686378
vt 0.316173 0.686378
vt 0.276782 0.706594
vt 0.296751 0.706594
vt 0.264124 0.706594
vt 0.309409 0.706594
vt 0.286825 0.718010
vt 0.333787 0.929540
vt 0.265552 0.972168
vt 0.238695 0.971392
vt 0.192386 0.982116
vt 0.187320 0.963978
vt 0.248244 0.992706
vt 0.194377 0.990039
vt 0.333326 0.930142
vt 0.284497 0.946355
vt 0.294799 0.860802
vt 0.122456 0.228006
vt 0.118020 0.411348
vt 0.067925 0.393283
vt 0.073722 0.215506
vt 0.107893 0.450445
vt 0.066603 0.450371
vt 0.151307 0.440517
vt 0.074856 0.181147
vt 0.113818 0.206578
vt 0.066554 0.469714
vt 0.100895 0.505096
vt 0.683731 0.963039
vt 0.716044 0.963039
vt 0.716044 0.955845
vt 0.683731 0.955845
vt 0.716044 0.968075
vt 0.683731 0.968075
vt 0.634169 0.006936
vt 0.640806 0.000766
vt 0.627299 0.000766
vt 0.629360 0.006936
vt 0.627299 0.006936
vt 0.601743 0.000766
vt 0.601743 0.006936
vt 0.593367 0.000766
vt 0.593367 0.006936
vt 0.586906 0.006936
vt 0.586906 0.000766
vt 0.994550 0.928074
vt 0.994550 0.918149
vt 0.975750 0.918149
vt 0.975750 0.928074
vt 0.912430 0.890836
vt 0.912477 0.892485
vt 0.918336 0.892485
vt 0.925695 0.876407
vt 0.891055 0.878680
vt 0.888434 0.881316
vt 0.888434 0.890836
vt 0.888434 0.887980
vt 0.935634 0.892485
vt 0.953251 0.892485
vt 0.984134 0.878036
vt 0.995174 0.892485
vt 0.975986 0.900515
vt 0.995174 0.901344
vt 0.995174 0.905998
vt 0.975986 0.905433
vt 0.975986 0.909140
vt 0.995174 0.909402
vt 0.998278 0.884750
vt 0.541731 0.007766
vt 0.530748 0.007545
vt 0.530748 0.000766
vt 0.519822 0.000766
vt 0.519822 0.007766
vt 0.541731 0.000766
vt 0.579727 0.000766
vt 0.750677 0.970233
vt 0.847647 0.970233
vt 0.810454 0.955845
vt 0.841318 0.955845
vt 0.883806 0.970233
vt 0.883806 0.943367
vt 0.883806 0.951355
vt 0.786853 0.931520
vt 0.750677 0.955845
vt 0.863110 0.927132
vt 0.750677 0.963039
vt 0.750677 0.968075
vt 0.765175 0.908517
vt 0.850386 0.902229
vt 0.850386 0.889809
vt 0.756632 0.897246
vt 0.732535 0.955845
vt 0.772667 0.916128
vt 0.863110 0.910073
vt 0.732319 0.914778
vt 0.723749 0.903301
vt 0.961673 0.912880
vt 0.961673 0.899681
vt 0.890867 0.899681
vt 0.890867 0.912880
vt 0.910740 0.943367
vt 0.910740 0.951355
vt 0.910740 0.955374
vt 0.975750 0.955374
vt 0.948589 0.965803
vt 0.910740 0.970233
vt 0.948589 0.970233
vt 0.975750 0.965803
vt 0.732535 0.963039
vt 0.732535 0.968075
vt 0.994550 0.992417
vt 0.975750 0.977100
vt 0.975750 0.980661
vt 0.994550 0.995979
vt 0.994550 0.965803
vt 0.949239 0.871812
vt 0.974273 0.863638
vt 0.925695 0.861528
vt 0.925695 0.871812
vt 0.984557 0.871812
vt 0.994550 0.955374
vt 0.029232 0.215506
vt 0.010968 0.215506
vt 0.048781 0.215506
vt 0.048957 0.195337
vt 0.029181 0.195337
vt 0.010968 0.195337
vt 0.863110 0.889809
vt 0.042785 0.140780
vt 0.045782 0.174517
vt 0.024986 0.174517
vt 0.048262 0.140780
vt 0.066315 0.174517
vt 0.063780 0.179215
vt 0.028195 0.179215
vt 0.121504 0.288699
vt 0.125286 0.288699
vt 0.138476 0.267322
vt 0.135001 0.263496
vt 0.109939 0.263996
vt 0.107622 0.267065
vt 0.732535 0.970233
vt 0.716044 0.970233
vt 0.683731 0.970233
vt 0.145212 0.507749
vt 0.181128 0.507749
vt 0.181128 0.460676
vt 0.128162 0.460533
vt 0.125406 0.901288
vt 0.125406 0.884331
vt 0.077053 0.884331
vt 0.090686 0.901288
vt 0.101178 0.877761
vt 0.102338 0.831874
vt 0.107702 0.877063
vt 0.133795 0.874269
vt 0.133479 0.815623
vt 0.098184 0.822390
vt 0.106435 0.799277
vt 0.114686 0.776164
vt 0.130698 0.729154
vt 0.110022 0.768429
vt 0.117252 0.736343
vt 0.181128 0.907032
vt 0.181128 0.796637
vt 0.140504 0.796637
vt 0.139419 0.907032
vt 0.143337 0.621936
vt 0.181128 0.621936
vt 0.150555 0.767180
vt 0.147158 0.767180
vt 0.141269 0.773260
vt 0.181128 0.773260
vt 0.181128 0.767182
vt 0.147217 0.747207
vt 0.141269 0.695741
vt 0.147369 0.695741
vt 0.141269 0.639755
vt 0.147326 0.639755
vt 0.151526 0.751861
vt 0.181128 0.752088
vt 0.181128 0.639755
vt 0.077053 0.901288
vt 0.077053 0.977882
vt 0.090686 0.964577
vt 0.106036 0.518589
vt 0.106036 0.639210
vt 0.125894 0.639210
vt 0.125894 0.518589
vt 0.117950 0.707519
vt 0.125894 0.707519
vt 0.106036 0.707519
vt 0.125406 0.964577
vt 0.095683 0.977882
vt 0.125406 0.977882
vt 0.181128 0.684763
vt 0.162072 0.684637
vt 0.181128 0.695741
vt 0.154969 0.677896
vt 0.154218 0.654049
vt 0.162358 0.647216
vt 0.181128 0.647227
vt 0.161934 0.698724
vt 0.154465 0.705320
vt 0.154323 0.728617
vt 0.181128 0.698573
vt 0.161656 0.736002
vt 0.181128 0.747455
vt 0.181128 0.736261
vt 0.181128 0.665995
vt 0.181128 0.715340
vt 0.029842 0.003970
vt 0.029842 0.011381
vt 0.045071 0.011381
vt 0.004676 0.003970
vt 0.004676 0.011381
vt 0.050715 0.003970
vt 0.082392 0.067148
vt 0.053696 0.067085
vt 0.069632 0.037345
vt 0.053696 0.037345
vt 0.086624 0.023476
vt 0.070176 0.004270
vt 0.053696 0.004270
vt 0.084016 0.006646
vt 0.045071 0.029712
vt 0.050715 0.029712
vt 0.043936 0.125497
vt 0.049856 0.125369
vt 0.017195 0.160652
vt 0.020091 0.163140
vt 0.004676 0.172954
vt 0.004676 0.168712
vt 0.004676 0.119538
vt 0.004676 0.047638
vt 0.060089 0.096220
vt 0.053696 0.098798
vt 0.730962 0.034432
vt 0.730962 0.011579
vt 0.807462 0.011520
vt 0.807462 0.033424
vt 0.807462 0.072223
vt 0.730962 0.073700
vt 0.641088 0.034432
vt 0.640111 0.067574
vt 0.643061 0.011579
vt 0.387813 0.322747
vt 0.386311 0.304745
vt 0.335828 0.229655
vt 0.321990 0.231123
vt 0.411776 0.304265
vt 0.398145 0.255991
vt 0.379590 0.229500
vt 0.386311 0.146794
vt 0.387813 0.128792
vt 0.321990 0.220415
vt 0.335828 0.221883
vt 0.411776 0.147273
vt 0.398145 0.195548
vt 0.379590 0.222038
vt 0.379590 0.225840
vt 0.335829 0.222348
vt 0.321990 0.225841
vt 0.335829 0.229334
vt 0.545524 0.053074
vt 0.515635 0.037564
vt 0.487161 0.022542
vt 0.616308 0.064436
vt 0.543783 0.136672
vt 0.504941 0.150474
vt 0.524362 0.153246
vt 0.543783 0.146344
vt 0.543783 0.156017
vt 0.543783 0.164079
vt 0.516039 0.164265
vt 0.488295 0.156390
vt 0.543783 0.172141
vt 0.575695 0.086865
vt 0.540952 0.087178
vt 0.537173 0.106986
vt 0.541274 0.065925
vt 0.522985 0.087178
vt 0.518642 0.102085
vt 0.517386 0.073134
vt 0.484301 0.097707
vt 0.485303 0.076560
vt 0.471060 0.087582
vt 0.501852 0.130041
vt 0.438486 0.143062
vt 0.454468 0.121171
vt 0.408292 0.108464
vt 0.426094 0.092368
vt 0.408591 0.087178
vt 0.436169 0.087178
vt 0.375026 0.087178
vt 0.351776 0.108970
vt 0.376898 0.122996
vt 0.329928 0.087178
vt 0.425161 0.080726
vt 0.404367 0.063976
vt 0.353501 0.068645
vt 0.382061 0.052243
vt 0.459500 0.049982
vt 0.445461 0.030673
vt 0.575599 0.086910
vt 0.616283 0.064453
vt 0.616297 0.087005
vt 0.656049 0.087078
vt 0.687166 0.087118
vt 0.730962 0.087178
vt 0.807348 0.073309
vt 0.807377 0.087178
vt 0.807377 0.180136
vt 0.752550 0.184260
vt 0.751227 0.177398
vt 0.807377 0.171720
vt 0.711016 0.190371
vt 0.709839 0.182493
vt 0.749426 0.168965
vt 0.708251 0.172818
vt 0.747062 0.159408
vt 0.706251 0.160320
vt 0.807377 0.163303
vt 0.807377 0.144999
vt 0.736672 0.147232
vt 0.730878 0.147159
vt 0.725672 0.113240
vt 0.807377 0.104238
vt 0.671009 0.194750
vt 0.671009 0.186199
vt 0.663902 0.194750
vt 0.663902 0.186199
vt 0.643431 0.192499
vt 0.643431 0.183674
vt 0.663902 0.176063
vt 0.643431 0.173242
vt 0.663902 0.161231
vt 0.671009 0.176063
vt 0.671009 0.161231
vt 0.671009 0.150386
vt 0.703840 0.146816
vt 0.671009 0.146399
vt 0.663902 0.150386
vt 0.659399 0.150386
vt 0.622960 0.158260
vt 0.622960 0.130450
vt 0.622960 0.146099
vt 0.580930 0.152573
vt 0.580930 0.143914
vt 0.580930 0.163490
vt 0.622960 0.170422
vt 0.580930 0.172884
vt 0.622960 0.181148
vt 0.580930 0.181736
vt 0.622960 0.190248
vt 0.548334 0.173534
vt 0.548334 0.165522
vt 0.548334 0.157276
vt 0.548334 0.147268
vt 0.548334 0.141189
vt 0.626338 0.125261
vt 0.616308 0.118458
vt 0.598530 0.115880
vt 0.656049 0.131305
vt 0.627652 0.117271
vt 0.656049 0.116194
vt 0.681182 0.115062
vt 0.616308 0.087025
vt 0.575702 0.086865
vt 0.711599 0.106195
vt 0.899679 0.107466
vt 0.882851 0.095293
vt 0.944412 0.147917
vt 0.981847 0.118172
vt 0.959551 0.166965
vt 0.994211 0.166798
vt 0.994211 0.149595
vt 0.994211 0.181647
vt 0.968798 0.181599
vt 0.871632 0.087178
vt 0.092664 0.058690
vt 0.178111 0.136883
vt 0.155036 0.170314
vt 0.195251 0.200864
vt 0.195861 0.232320
vt 0.074856 0.090091
vt 0.095551 0.054124
vt 0.160033 0.027138
vt 0.160033 0.056976
vt 0.173470 0.056976
vt 0.173470 0.027138
vt 0.160033 0.019272
vt 0.173470 0.019272
vt 0.160033 0.078914
vt 0.173470 0.078914
vt 0.164707 0.011107
vt 0.272341 0.118106
vt 0.189663 0.032722
vt 0.291204 0.071709
vt 0.214571 0.017337
vt 0.178111 0.017337
vt 0.196341 0.017337
vt 0.160033 0.094014
vt 0.173470 0.094014
vt 0.242201 0.237387
vt 0.189663 0.142721
vt 0.249628 0.224939
vt 0.272951 0.188893
vt 0.279329 0.156097
vt 0.269000 0.135638
vt 0.160033 0.111978
vt 0.173470 0.111978
vt 0.989993 0.067257
vt 0.871632 0.067363
vt 0.871632 0.028555
vt 0.871632 0.011579
vt 0.989993 0.011579
vt 0.807462 0.011286
vt 0.358887 0.140097
vt 0.369577 0.140101
vt 0.354831 0.126839
vt 0.369577 0.126839
vt 0.327523 0.140101
vt 0.327523 0.126839
vt 0.989993 0.077712
vt 0.981847 0.087178
vt 0.327523 0.157455
vt 0.327523 0.183487
vt 0.337521 0.180460
vt 0.347004 0.172363
vt 0.357755 0.156038
vt 0.358899 0.140111
vt 0.981847 0.098575
vt 0.581306 0.361829
vt 0.539966 0.352447
vt 0.482202 0.389451
vt 0.566564 0.315664
vt 0.585188 0.389376
vt 0.603625 0.356605
vt 0.684645 0.287043
vt 0.633411 0.387587
vt 0.609299 0.388482
vt 0.747913 0.208481
vt 0.773053 0.214071
vt 0.782908 0.204531
vt 0.789614 0.217551
vt 0.802050 0.219870
vt 0.796121 0.214739
vt 0.803656 0.216907
vt 0.806066 0.212464
vt 0.799740 0.208906
vt 0.653854 0.388490
vt 0.803656 0.216573
vt 0.796489 0.214405
vt 0.800075 0.208906
vt 0.646825 0.716336
vt 0.653171 0.720287
vt 0.627937 0.716336
vt 0.615344 0.716336
vt 0.630825 0.764977
vt 0.630825 0.792940
vt 0.670679 0.792940
vt 0.670679 0.769785
vt 0.654795 0.756957
vt 0.674802 0.763894
vt 0.691647 0.763894
vt 0.693418 0.757883
vt 0.705072 0.777904
vt 0.698854 0.778725
vt 0.698854 0.792940
vt 0.705072 0.792940
vt 0.645215 0.727674
vt 0.729524 0.782278
vt 0.745578 0.782278
vt 0.744346 0.775439
vt 0.744425 0.788632
vt 0.740586 0.794274
vt 0.735371 0.797702
vt 0.729524 0.798998
vt 0.740428 0.770101
vt 0.735134 0.766305
vt 0.729524 0.765116
vt 0.982295 0.699967
vt 0.982295 0.710174
vt 0.983333 0.710174
vt 0.983333 0.699967
vt 0.982295 0.726923
vt 0.995461 0.710174
vt 0.987484 0.710174
vt 0.987484 0.726923
vt 0.995461 0.726923
vt 0.995461 0.763023
vt 0.986899 0.763023
vt 0.697059 0.748151
vt 0.675679 0.742892
vt 0.675679 0.746168
vt 0.697058 0.741132
vt 0.675679 0.739617
vt 0.675679 0.734120
vt 0.697059 0.728623
vt 0.675679 0.728623
vt 0.675679 0.723804
vt 0.697058 0.717114
vt 0.675679 0.718986
vt 0.675679 0.715923
vt 0.697058 0.710881
vt 0.675679 0.712860
vt 0.982295 0.765326
vt 0.981582 0.765326
vt 0.981582 0.773190
vt 0.982295 0.773190
vt 0.981582 0.737612
vt 0.982295 0.737612
vt 0.981582 0.727552
vt 0.970192 0.765326
vt 0.970192 0.773190
vt 0.934415 0.756441
vt 0.934415 0.752156
vt 0.906792 0.756441
vt 0.906792 0.752156
vt 0.880580 0.752426
vt 0.880580 0.756441
vt 0.831810 0.752335
vt 0.883907 0.747415
vt 0.861552 0.737333
vt 0.831810 0.741117
vt 0.811092 0.741117
vt 0.816626 0.726605
vt 0.831810 0.726605
vt 0.851880 0.726605
vt 0.816665 0.716448
vt 0.851880 0.716448
vt 0.816665 0.711051
vt 0.851880 0.711051
vt 0.811092 0.702275
vt 0.811092 0.711689
vt 0.765864 0.711982
vt 0.811092 0.726605
vt 0.894575 0.727552
vt 0.855558 0.719446
vt 0.886753 0.719837
vt 0.770406 0.726605
vt 0.729719 0.741117
vt 0.729719 0.726605
vt 0.729719 0.712177
vt 0.717939 0.726605
vt 0.702311 0.741132
vt 0.702311 0.726605
vt 0.702311 0.719739
vt 0.717939 0.719739
vt 0.699079 0.744943
vt 0.702311 0.714427
vt 0.702311 0.709116
vt 0.717939 0.705963
vt 0.717939 0.712851
vt 0.729719 0.702275
vt 0.718961 0.752335
vt 0.729719 0.752335
vt 0.718961 0.760866
vt 0.831810 0.759613
vt 0.729719 0.759613
vt 0.699079 0.750896
vt 0.765864 0.702275
vt 0.934415 0.712896
vt 0.934415 0.720066
vt 0.971285 0.710174
vt 0.971285 0.699967
vt 0.898959 0.712896
vt 0.898959 0.719917
vt 0.888541 0.712896
vt 0.888541 0.719880
vt 0.895224 0.726605
vt 0.934415 0.726605
vt 0.855558 0.712896
vt 0.934415 0.727552
vt 0.934415 0.737612
vt 0.906792 0.737612
vt 0.906792 0.747415
vt 0.987484 0.699967
vt 0.986899 0.773190
vt 0.294849 0.993898
vt 0.294849 0.998371
vt 0.294849 0.980729
vt 0.294849 0.983285
vt 0.319944 0.993898
vt 0.319944 0.998371
vt 0.319944 0.983285
vt 0.319944 0.980729
vt 0.421151 0.977846
vt 0.411984 0.977846
vt 0.411984 0.993770
vt 0.421151 0.993770
vt 0.421151 0.998192
vt 0.411984 0.998192
vt 0.320250 0.962641
vt 0.320250 0.966640
vt 0.320250 0.955970
vt 0.321314 0.973614
vt 0.321314 0.970002
vt 0.321314 0.958968
vt 0.349902 0.973614
vt 0.353079 0.973614
vt 0.353079 0.968694
vt 0.349902 0.970002
vt 0.353079 0.956446
vt 0.329994 0.953476
vt 0.323134 0.993898
vt 0.323134 0.998371
vt 0.323134 0.983285
vt 0.323134 0.980729
vt 0.407852 0.998371
vt 0.407852 0.993898
vt 0.407852 0.980729
vt 0.407852 0.983285
vt 0.407852 0.985408
vt 0.325457 0.884377
vt 0.320662 0.844511
vt 0.329956 0.844511
vt 0.329956 0.884377
vt 0.318577 0.881285
vt 0.309882 0.842891
vt 0.333601 0.822092
vt 0.327556 0.822092
vt 0.327556 0.801829
vt 0.333601 0.801829
vt 0.265959 0.801829
vt 0.335685 0.841898
vt 0.265960 0.812122
vt 0.262697 0.801829
vt 0.262697 0.812122
vt 0.265960 0.825744
vt 0.265959 0.825744
vt 0.335685 0.841898
vt 0.265960 0.812122
vt 0.327556 0.822092
vt 0.329956 0.844511
vt 0.320662 0.844511
vt 0.325457 0.884377
vt 0.318577 0.881244
vt 0.309882 0.842857
s 1
usemtl yf19F
f 1/1/1 2/2/1 3/3/1
f 4/4/1 1/1/1 3/3/1
f 5/5/2 6/6/2 7/7/2
f 8/8/2 5/5/2 7/7/2
f 9/5/3 10/8/3 11/9/4
f 12/10/5 9/5/3 11/9/4
f 12/10/5 11/9/4 13/11/6
f 11/9/4 14/12/6 13/11/6
f 15/13/7 16/14/7 17/15/7
f 18/16/7 15/13/7 17/15/7
f 19/8/8 20/7/9 21/9/10
f 20/7/9 22/12/11 21/9/10
f 20/7/9 23/17/12 22/12/11
f 20/7/9 24/18/13 23/17/12
f 25/17/14 26/19/15 27/12/16
f 28/20/17 26/19/15 25/17/14
f 26/19/15 29/21/18 27/12/16
f 26/19/15 30/22/19 29/21/18
f 31/23/7 32/24/7 33/25/7
f 34/26/7 31/23/7 33/25/7
f 35/10/5 36/21/4 37/22/3
f 38/5/3 35/10/5 37/22/3
f 35/10/5 39/11/6 36/21/4
f 39/11/6 40/12/6 36/21/4
f 41/19/2 42/6/2 43/5/2
f 44/22/2 41/19/2 43/5/2
f 45/27/1 46/28/1 47/29/1
f 48/30/1 45/27/1 47/29/1
f 49/15/20 50/1/20 51/4/20
f 52/16/20 49/15/20 51/4/20
f 53/30/20 54/29/20 55/24/20
f 56/23/20 53/30/20 55/24/20
f 57/31/21 58/32/22 59/33/23
f 60/34/24 58/32/22 57/31/21
f 60/34/24 61/35/25 58/32/22
f 61/35/25 62/36/26 58/32/22
f 58/32/22 62/36/26 63/37/27
f 59/33/23 58/32/22 63/37/27
f 62/36/26 64/38/28 63/37/27
f 62/36/26 65/39/29 64/38/28
f 66/40/30 65/39/29 62/36/26
f 60/34/24 66/40/30 61/35/25
f 61/35/25 66/40/30 62/36/26
f 65/39/29 67/41/31 64/38/28
f 66/40/30 60/34/24 68/42/32
f 69/43/33 66/40/30 68/42/32
f 59/33/23 63/37/27 70/44/34
f 59/33/23 70/44/34 71/45/35
f 57/31/21 59/33/23 71/45/35
f 66/40/30 72/46/36 65/39/29
f 69/43/33 72/46/36 66/40/30
f 65/39/29 72/46/36 73/47/37
f 74/48/38 75/49/38 76/50/38
f 77/51/38 74/48/38 76/50/38
f 74/48/38 78/52/38 75/49/38
f 78/52/38 79/53/38 75/49/38
f 80/42/39 81/54/40 82/40/41
f 83/55/42 82/40/41 81/54/40
f 83/55/42 84/56/43 82/40/41
f 85/57/44 83/55/42 81/54/40
f 83/55/42 85/57/44 84/56/43
f 85/57/44 81/54/40 86/58/45
f 87/59/46 85/57/44 86/58/45
f 85/57/44 87/59/46 88/60/27
f 85/57/44 88/60/27 84/56/43
f 84/56/43 88/60/27 89/61/47
f 84/56/43 89/61/47 90/39/48
f 90/39/48 82/40/41 84/56/43
f 90/39/48 91/62/49 82/40/41
f 89/61/47 92/63/31 90/39/48
f 90/39/48 93/47/50 91/62/49
f 94/64/51 80/42/39 82/40/41
f 91/62/49 94/64/51 82/40/41
f 87/59/46 95/65/34 88/60/27
f 87/59/46 96/66/52 95/65/34
f 87/59/46 86/58/45 96/66/52
f 97/67/38 98/50/38 99/49/38
f 100/48/38 97/67/38 99/49/38
f 100/48/38 99/49/38 101/68/38
f 99/49/38 102/53/38 101/68/38
f 103/69/53 104/51/54 105/50/54
f 106/70/55 103/69/53 105/50/54
f 106/70/55 107/71/56 103/69/53
f 107/71/56 108/72/57 103/69/53
f 109/73/58 110/47/59 111/46/60
f 109/73/58 112/74/61 110/47/59
f 112/74/61 113/75/62 110/47/59
f 114/76/63 115/70/64 116/50/54
f 117/67/54 114/76/63 116/50/54
f 114/76/63 118/77/65 115/70/64
f 118/77/65 119/71/66 115/70/64
f 120/78/67 121/62/68 122/47/69
f 120/78/67 122/47/69 123/79/70
f 122/47/69 124/80/71 123/79/70
f 125/81/72 126/82/73 127/47/74
f 128/83/75 126/82/73 125/81/72
f 129/84/76 128/83/75 125/81/72
f 129/84/76 125/81/72 130/74/77
f 125/81/72 131/75/78 130/74/77
f 125/81/72 127/47/74 131/75/78
f 132/39/79 133/82/80 134/47/81
f 133/82/80 132/39/79 135/85/82
f 132/39/79 136/63/83 135/85/82
f 137/82/84 138/85/85 139/86/86
f 140/81/87 137/82/84 139/86/86
f 140/81/87 139/86/86 141/79/88
f 137/82/84 140/81/87 142/47/89
f 140/81/87 143/80/90 142/47/89
f 140/81/87 141/79/88 143/80/90
f 144/41/83 145/39/91 146/82/92
f 147/83/93 144/41/83 146/82/92
f 146/82/92 145/39/91 148/47/94
f 149/87/95 150/88/96 151/89/97
f 152/90/98 149/87/95 151/89/97
f 151/89/97 150/88/96 153/91/99
f 150/88/96 154/92/100 153/91/99
f 153/91/99 154/92/100 155/93/101
f 154/92/100 156/94/102 155/93/101
f 155/93/101 156/94/102 157/95/103
f 156/94/102 158/96/104 157/95/103
f 157/95/103 158/96/104 159/97/105
f 158/96/104 160/98/106 159/97/105
f 159/97/105 160/98/106 161/99/107
f 160/98/106 162/100/108 161/99/107
f 163/101/109 161/99/107 162/100/108
f 164/102/110 163/101/109 162/100/108
f 165/103/111 166/104/112 167/105/113
f 168/106/114 165/103/111 167/105/113
f 167/105/113 166/104/112 169/107/115
f 170/108/116 167/105/113 169/107/115
f 171/109/117 165/103/111 168/106/114
f 172/110/118 171/109/117 168/106/114
f 171/109/117 172/110/118 173/111/119
f 172/110/118 174/112/120 173/111/119
f 174/112/120 175/113/121 173/111/119
f 175/113/121 176/114/122 173/111/119
f 170/108/116 169/107/115 177/115/123
f 169/107/115 178/116/124 177/115/123
f 177/115/123 178/116/124 179/117/125
f 180/118/126 177/115/123 179/117/125
f 180/118/126 179/117/125 181/119/127
f 179/117/125 182/120/128 181/119/127
f 172/110/118 168/106/114 183/121/129
f 183/121/129 168/106/114 184/122/130
f 183/121/129 184/122/130 185/123/131
f 186/124/132 185/123/131 184/122/130
f 187/125/133 186/124/132 184/122/130
f 187/125/133 188/126/134 186/124/132
f 180/118/126 188/126/134 177/115/123
f 189/127/135 183/121/129 185/123/131
f 190/128/136 183/121/129 189/127/135
f 168/106/114 167/105/113 184/122/130
f 187/125/133 184/122/130 167/105/113
f 190/128/136 172/110/118 183/121/129
f 180/118/126 181/119/127 191/129/137
f 192/130/138 180/118/126 191/129/137
f 192/130/138 186/124/132 188/126/134
f 180/118/126 192/130/138 188/126/134
f 193/131/139 192/130/138 191/129/137
f 187/125/133 170/108/116 188/126/134
f 170/108/116 187/125/133 167/105/113
f 170/108/116 177/115/123 188/126/134
f 172/110/118 190/128/136 174/112/120
f 190/128/136 194/132/140 174/112/120
f 190/128/136 189/127/135 194/132/140
f 174/112/120 194/132/140 175/113/121
f 194/132/140 195/133/141 175/113/121
f 194/132/140 196/134/142 195/133/141
f 197/135/143 198/136/143 199/137/143
f 197/135/143 200/138/143 198/136/143
f 197/135/143 201/139/143 200/138/143
f 197/135/143 202/140/143 201/139/143
f 203/141/144 204/142/145 205/143/146
f 206/144/147 203/141/144 205/143/146
f 206/144/147 207/119/148 203/141/144
f 207/119/148 208/120/149 203/141/144
f 206/144/147 205/143/146 209/145/150
f 210/146/151 206/144/147 209/145/150
f 206/144/147 210/146/151 207/119/148
f 211/147/152 210/146/151 209/145/150
f 211/147/152 212/131/153 210/146/151
f 212/131/153 213/129/154 210/146/151
f 210/146/151 213/129/154 207/119/148
f 214/135/143 215/148/143 216/149/143
f 214/135/143 216/149/143 217/150/143
f 214/135/143 217/150/143 218/151/143
f 214/135/143 218/151/143 219/140/143
f 220/152/155 221/153/156 222/154/157
f 223/155/158 220/152/155 222/154/157
f 222/154/157 221/153/156 224/156/159
f 225/157/160 222/154/157 224/156/159
f 225/157/160 224/156/159 226/158/161
f 227/159/162 225/157/160 226/158/161
f 227/159/162 226/158/161 228/160/163
f 229/161/164 227/159/162 228/160/163
f 229/161/164 228/160/163 230/162/165
f 231/163/166 229/161/164 230/162/165
f 231/163/166 230/162/165 232/164/167
f 220/152/155 223/155/158 232/164/167
f 233/165/168 231/163/166 232/164/167
f 223/155/158 233/165/168 232/164/167
f 234/166/95 235/167/169 236/168/170
f 234/166/95 236/168/170 237/169/96
f 237/169/96 236/168/170 238/170/171
f 238/170/171 236/168/170 239/171/102
f 239/171/102 236/168/170 240/172/172
f 240/172/172 236/168/170 241/173/173
f 241/173/173 236/168/170 235/167/169
f 242/174/174 243/175/175 244/176/176
f 245/177/177 242/174/174 244/176/176
f 244/176/176 243/175/175 246/178/178
f 247/179/179 244/176/176 246/178/178
f 247/179/179 246/178/178 248/180/180
f 246/178/178 249/181/181 248/180/180
f 248/180/180 249/181/181 250/182/182
f 249/181/181 251/183/183 250/182/182
f 252/184/184 242/174/174 245/177/177
f 253/185/38 252/184/184 245/177/177
f 242/174/174 252/184/184 254/186/185
f 243/175/175 242/174/174 254/186/185
f 246/178/178 243/175/175 254/186/185
f 255/187/186 246/178/178 254/186/185
f 256/188/187 257/184/188 258/174/189
f 259/177/177 258/174/189 257/184/188
f 259/177/177 260/176/176 258/174/189
f 260/176/176 261/175/190 258/174/189
f 256/188/187 258/174/189 261/175/190
f 260/176/176 262/179/191 261/175/190
f 262/179/191 263/178/192 261/175/190
f 256/188/187 261/175/190 263/178/192
f 262/179/191 264/180/180 263/178/192
f 264/180/180 265/181/193 263/178/192
f 264/180/180 266/182/182 265/181/193
f 266/182/182 267/189/194 265/181/193
f 268/185/38 259/177/177 257/184/188
f 256/188/187 263/178/192 269/187/195
f 270/190/196 271/191/197 272/192/198
f 271/191/197 273/193/199 272/192/198
f 274/194/200 273/193/199 271/191/197
f 275/195/201 276/196/202 277/197/203
f 278/198/204 275/195/201 277/197/203
f 275/195/201 278/198/204 279/199/205
f 278/198/204 280/200/206 279/199/205
f 281/201/207 280/200/206 278/198/204
f 282/202/208 281/201/207 278/198/204
f 282/202/208 278/198/204 277/197/203
f 282/202/208 283/203/209 281/201/207
f 284/204/210 282/202/208 277/197/203
f 284/204/210 285/205/211 282/202/208
f 282/202/208 285/205/211 283/203/209
f 284/204/210 286/206/212 285/205/211
f 283/203/209 285/205/211 287/207/213
f 287/207/213 288/208/214 283/203/209
f 288/208/214 287/207/213 289/209/215
f 290/210/216 288/208/214 289/209/215
f 288/208/214 290/210/216 291/211/217
f 292/212/218 288/208/214 291/211/217
f 283/203/209 288/208/214 292/212/218
f 293/213/219 290/210/216 289/209/215
f 289/209/215 294/214/220 293/213/219
f 289/209/215 287/207/213 294/214/220
f 294/214/220 295/215/221 293/213/219
f 294/214/220 296/216/222 295/215/221
f 294/214/220 287/207/213 296/216/222
f 296/216/222 297/217/223 295/215/221
f 285/205/211 298/218/224 287/207/213
f 285/205/211 286/206/212 298/218/224
f 296/216/222 287/207/213 298/218/224
f 299/219/225 296/216/222 298/218/224
f 296/216/222 299/219/225 297/217/223
f 286/206/212 300/220/226 298/218/224
f 301/221/227 298/218/224 300/220/226
f 298/218/224 301/221/227 299/219/225
f 299/219/225 301/221/227 302/222/228
f 299/219/225 302/222/228 297/217/223
f 301/221/227 303/223/229 302/222/228
f 304/224/230 303/223/229 301/221/227
f 300/220/226 304/224/230 301/221/227
f 291/211/217 290/210/216 305/225/231
f 305/225/231 290/210/216 293/213/219
f 306/226/232 291/211/217 305/225/231
f 307/227/233 291/211/217 306/226/232
f 308/228/234 307/227/233 306/226/232
f 295/215/221 297/217/223 309/229/235
f 310/230/236 295/215/221 309/229/235
f 310/230/236 309/229/235 311/231/237
f 309/229/235 312/232/238 311/231/237
f 311/231/237 312/232/238 313/233/239
f 312/232/238 314/234/240 313/233/239
f 313/233/239 314/234/240 315/235/241
f 314/234/240 316/236/242 315/235/241
f 314/234/240 317/237/243 316/236/242
f 314/234/240 312/232/238 317/237/243
f 317/237/243 318/238/244 316/236/242
f 319/239/245 312/232/238 309/229/235
f 315/235/241 316/236/242 320/240/246
f 321/241/247 315/235/241 320/240/246
f 322/242/248 321/241/247 320/240/246
f 323/243/249 322/242/248 320/240/246
f 324/244/250 322/242/248 323/243/249
f 325/245/251 324/244/250 323/243/249
f 326/246/252 325/245/251 323/243/249
f 327/247/253 326/246/252 323/243/249
f 328/248/254 327/247/253 323/243/249
f 323/243/249 320/240/246 328/248/254
f 316/236/242 318/238/244 328/248/254
f 320/240/246 316/236/242 328/248/254
f 328/248/254 318/238/244 327/247/253
f 321/241/247 322/242/248 329/249/255
f 321/241/247 329/249/255 315/235/241
f 322/242/248 330/250/256 329/249/255
f 322/242/248 331/251/257 330/250/256
f 324/244/250 331/251/257 322/242/248
f 330/250/256 331/251/257 332/252/258
f 333/253/259 330/250/256 332/252/258
f 333/253/259 332/252/258 334/254/260
f 335/255/261 333/253/259 334/254/260
f 330/250/256 333/253/259 336/256/262
f 329/249/255 330/250/256 336/256/262
f 336/256/262 333/253/259 335/255/261
f 337/257/263 336/256/262 335/255/261
f 336/256/262 337/257/263 313/233/239
f 337/257/263 338/258/264 313/233/239
f 329/249/255 336/256/262 315/235/241
f 315/235/241 336/256/262 313/233/239
f 327/247/253 339/259/265 326/246/252
f 318/238/244 339/259/265 327/247/253
f 338/258/264 311/231/237 313/233/239
f 318/238/244 340/260/266 339/259/265
f 341/261/267 340/260/266 318/238/244
f 318/238/244 317/237/243 341/261/267
f 341/261/267 317/237/243 342/262/268
f 317/237/243 343/263/269 342/262/268
f 343/263/269 317/237/243 344/264/270
f 317/237/243 345/265/271 344/264/270
f 344/264/270 345/265/271 319/239/245
f 346/266/272 344/264/270 319/239/245
f 346/266/272 319/239/245 347/267/273
f 345/265/271 312/232/238 319/239/245
f 317/237/243 312/232/238 345/265/271
f 342/262/268 348/268/274 341/261/267
f 340/260/266 348/268/274 339/259/265
f 342/262/268 343/263/269 348/268/274
f 341/261/267 348/268/274 340/260/266
f 348/268/274 343/263/269 349/269/275
f 339/259/265 348/268/274 349/269/275
f 349/269/275 350/194/276 339/259/265
f 319/239/245 351/270/277 347/267/273
f 303/223/229 351/270/277 319/239/245
f 302/222/228 303/223/229 319/239/245
f 297/217/223 302/222/228 319/239/245
f 309/229/235 297/217/223 319/239/245
f 303/223/229 352/271/278 351/270/277
f 347/267/273 351/270/277 353/272/279
f 347/267/273 353/272/279 346/266/272
f 353/272/279 351/270/277 352/271/278
f 353/272/279 352/271/278 304/224/230
f 304/224/230 352/271/278 303/223/229
f 353/272/279 304/224/230 354/273/280
f 346/266/272 353/272/279 354/273/280
f 354/273/280 304/224/230 355/274/281
f 355/274/281 304/224/230 356/275/282
f 356/275/282 304/224/230 357/276/283
f 357/276/283 304/224/230 286/206/212
f 286/206/212 284/204/210 357/276/283
f 284/204/210 277/197/203 357/276/283
f 277/197/203 358/277/284 357/276/283
f 304/224/230 300/220/226 286/206/212
f 359/278/285 356/275/282 357/276/283
f 360/279/286 359/278/285 357/276/283
f 361/280/287 360/279/286 357/276/283
f 358/277/284 361/280/287 357/276/283
f 362/281/288 361/280/287 358/277/284
f 362/281/288 358/277/284 277/197/203
f 277/197/203 363/282/289 362/281/288
f 276/196/202 363/282/289 277/197/203
f 364/283/290 363/282/289 276/196/202
f 362/281/288 363/282/289 365/284/291
f 365/284/291 361/280/287 362/281/288
f 365/284/291 363/282/289 366/285/292
f 361/280/287 365/284/291 366/285/292
f 360/279/286 361/280/287 366/285/292
f 367/286/293 368/287/293 369/288/293
f 370/289/293 367/286/293 369/288/293
f 369/288/293 368/287/293 371/290/293
f 368/287/293 372/291/293 371/290/293
f 373/292/294 374/293/294 375/294/294
f 373/292/294 376/295/294 374/293/294
f 374/293/294 377/296/294 375/294/294
f 374/293/294 378/288/294 377/296/294
f 374/293/294 379/297/294 378/288/294
f 374/293/294 376/295/294 379/297/294
f 378/288/294 380/290/294 377/296/294
f 379/297/294 381/289/294 378/288/294
f 382/298/295 383/299/296 384/190/297
f 385/192/297 382/298/295 384/190/297
f 383/299/296 382/298/295 386/300/298
f 382/298/295 387/301/298 386/300/298
f 388/264/299 389/302/299 390/303/300
f 391/263/300 388/264/299 390/303/300
f 389/302/299 388/264/299 392/266/301
f 393/304/302 389/302/299 392/266/301
f 394/269/303 395/305/304 396/193/305
f 397/194/305 394/269/303 396/193/305
f 394/269/303 398/263/306 395/305/304
f 398/263/306 399/303/306 395/305/304
f 400/306/307 401/275/308 402/307/309
f 401/275/308 403/278/310 402/307/309
f 404/274/311 401/275/308 400/306/307
f 405/279/312 406/308/313 407/307/314
f 408/278/314 405/279/312 407/307/314
f 409/309/315 406/308/313 405/279/312
f 410/285/315 409/309/315 405/279/312
f 411/310/316 412/304/317 413/266/318
f 414/273/319 411/310/316 413/266/318
f 415/306/320 411/310/316 414/273/319
f 416/274/321 415/306/320 414/273/319
f 417/311/322 418/312/323 419/313/324
f 420/314/325 417/311/322 419/313/324
f 421/315/326 422/314/327 423/311/327
f 424/316/328 421/315/326 423/311/327
f 425/317/329 421/315/326 424/316/328
f 426/318/329 425/317/329 424/316/328
f 427/299/330 428/319/331 429/190/332
f 429/190/332 428/319/331 430/191/333
f 430/191/333 428/319/331 339/259/265
f 339/259/265 428/319/331 326/246/252
f 350/194/276 430/191/333 339/259/265
f 431/320/334 428/319/331 427/299/330
f 432/321/335 428/319/331 431/320/334
f 432/321/335 433/322/336 428/319/331
f 431/320/334 427/299/330 434/300/337
f 431/320/334 434/300/337 435/323/338
f 431/320/334 436/324/339 432/321/335
f 435/323/338 436/324/339 431/320/334
f 436/324/339 433/322/336 432/321/335
f 433/322/336 436/324/339 437/325/340
f 436/324/339 435/323/338 437/325/340
f 437/325/340 435/323/338 434/300/337
f 438/326/341 433/322/336 437/325/340
f 439/327/342 438/326/341 437/325/340
f 440/328/343 433/322/336 438/326/341
f 441/329/344 433/322/336 440/328/343
f 442/330/345 441/329/344 440/328/343
f 443/331/346 442/330/345 440/328/343
f 442/330/345 443/331/346 444/332/347
f 443/331/346 445/333/348 444/332/347
f 445/333/348 446/334/349 444/332/347
f 444/332/347 446/334/349 447/335/350
f 448/336/351 449/337/352 450/338/353
f 451/339/354 448/336/351 450/338/353
f 450/338/353 449/337/352 452/314/355
f 449/337/352 453/311/355 452/314/355
f 454/311/356 455/314/357 456/340/324
f 457/341/323 454/311/356 456/340/324
f 458/319/358 459/322/359 460/245/360
f 461/246/361 458/319/358 460/245/360
f 460/245/360 459/322/359 462/329/362
f 463/244/363 460/245/360 462/329/362
f 463/244/363 462/329/362 464/330/364
f 463/244/363 464/330/364 465/251/365
f 464/330/364 466/332/366 465/251/365
f 465/251/365 466/332/366 467/252/38
f 468/342/367 469/343/368 470/344/369
f 470/344/369 471/345/370 468/342/367
f 471/345/370 472/346/371 468/342/367
f 468/342/367 472/346/371 473/347/372
f 468/342/367 473/347/372 474/348/373
f 475/349/374 468/342/367 474/348/373
f 475/349/374 476/350/375 468/342/367
f 476/350/375 469/343/368 468/342/367
f 475/349/374 477/351/376 476/350/375
f 475/349/374 478/352/377 477/351/376
f 479/353/378 480/354/379 481/292/380
f 482/294/381 479/353/378 481/292/380
f 480/354/379 483/355/382 481/292/380
f 483/355/382 484/295/383 481/292/380
f 485/356/384 483/355/382 480/354/379
f 486/357/385 485/356/384 480/354/379
f 486/357/385 480/354/379 479/353/378
f 487/358/386 486/357/385 479/353/378
f 488/359/387 489/360/388 490/361/389
f 491/362/390 488/359/387 490/361/389
f 492/363/391 488/359/387 491/362/390
f 493/231/392 492/363/391 491/362/390
f 494/364/393 492/363/391 493/231/392
f 495/258/394 494/364/393 493/231/392
f 496/365/395 494/364/393 495/258/394
f 497/257/396 496/365/395 495/258/394
f 497/257/396 498/255/397 496/365/395
f 498/255/397 499/366/398 496/365/395
f 500/367/399 499/366/398 498/255/397
f 501/254/399 500/367/399 498/255/397
f 490/361/389 489/360/388 502/368/400
f 503/225/401 490/361/389 502/368/400
f 503/225/401 502/368/400 504/226/399
f 502/368/400 505/369/399 504/226/399
f 506/357/402 507/358/403 508/370/404
f 509/371/405 506/357/402 508/370/404
f 506/357/402 509/371/405 510/356/406
f 509/371/405 511/372/407 510/356/406
f 509/371/405 508/370/404 512/373/408
f 508/370/404 513/374/409 512/373/408
f 514/375/410 509/371/405 512/373/408
f 514/375/410 515/376/411 509/371/405
f 511/372/407 509/371/405 515/376/411
f 516/377/412 511/372/407 515/376/411
f 517/378/413 516/377/412 515/376/411
f 518/379/414 517/378/413 515/376/411
f 512/373/408 513/374/409 519/380/415
f 513/374/409 520/381/416 519/380/415
f 520/381/416 521/382/417 519/380/415
f 521/382/417 522/383/418 519/380/415
f 521/382/417 523/384/419 522/383/418
f 523/384/419 524/385/419 522/383/418
f 517/378/413 518/379/414 525/386/420
f 526/387/421 517/378/413 525/386/420
f 526/387/421 525/386/420 527/388/422
f 528/389/422 526/387/421 527/388/422
f 529/345/423 530/344/424 531/342/425
f 532/346/426 529/345/423 531/342/425
f 532/346/426 531/342/425 533/347/427
f 534/348/373 533/347/427 531/342/425
f 535/349/428 534/348/373 531/342/425
f 531/342/425 530/344/424 536/390/429
f 536/390/429 537/350/430 531/342/425
f 537/350/430 535/349/428 531/342/425
f 535/349/428 537/350/430 538/351/431
f 535/349/428 538/351/431 539/352/432
f 540/362/433 541/361/434 310/230/236
f 541/361/434 293/213/219 310/230/236
f 293/213/219 295/215/221 310/230/236
f 541/361/434 305/225/231 293/213/219
f 311/231/237 540/362/433 310/230/236
f 292/212/218 291/211/217 307/227/233
f 292/212/218 307/227/233 542/391/435
f 542/391/435 307/227/233 543/392/436
f 543/392/436 283/203/209 542/391/435
f 542/391/435 283/203/209 292/212/218
f 307/227/233 544/393/437 543/392/436
f 543/392/436 544/393/437 545/394/438
f 545/394/438 283/203/209 543/392/436
f 281/201/207 283/203/209 545/394/438
f 545/394/438 546/395/439 281/201/207
f 544/393/437 546/395/439 545/394/438
f 546/395/439 280/200/206 281/201/207
f 280/200/206 546/395/439 547/396/440
f 279/199/205 280/200/206 547/396/440
f 546/395/439 544/393/437 548/397/441
f 547/396/440 546/395/439 548/397/441
f 544/393/437 307/227/233 548/397/441
f 307/227/233 308/228/234 548/397/441
f 549/1/1 550/4/1 551/3/1
f 552/2/1 549/1/1 551/3/1
f 553/5/2 554/8/2 555/7/2
f 556/6/2 553/5/2 555/7/2
f 557/5/3 558/10/5 559/9/4
f 560/8/3 557/5/3 559/9/4
f 559/9/4 558/10/5 561/11/6
f 562/12/6 559/9/4 561/11/6
f 563/13/7 564/16/7 565/15/7
f 566/14/7 563/13/7 565/15/7
f 567/7/442 568/8/19 569/9/443
f 570/12/444 567/7/442 569/9/443
f 571/17/445 567/7/442 570/12/444
f 572/18/446 567/7/442 571/17/445
f 573/19/447 574/17/448 575/12/449
f 573/19/447 576/20/450 574/17/448
f 577/21/451 573/19/447 575/12/449
f 578/22/8 573/19/447 577/21/451
f 579/23/7 580/26/7 581/25/7
f 582/24/7 579/23/7 581/25/7
f 583/10/5 584/5/3 585/22/3
f 586/21/4 583/10/5 585/22/3
f 587/11/6 583/10/5 586/21/4
f 588/12/6 587/11/6 586/21/4
f 589/19/2 590/22/2 591/5/2
f 592/6/2 589/19/2 591/5/2
f 593/27/1 594/30/1 595/29/1
f 596/28/1 593/27/1 595/29/1
f 597/15/20 598/16/20 599/4/20
f 600/1/20 597/15/20 599/4/20
f 601/30/20 602/23/20 603/24/20
f 604/29/20 601/30/20 603/24/20
f 605/32/44 606/31/452 607/33/46
f 605/32/44 608/34/40 606/31/452
f 609/35/42 608/34/40 605/32/44
f 610/36/453 609/35/42 605/32/44
f 610/36/453 605/32/44 611/37/27
f 605/32/44 607/33/46 611/37/27
f 612/38/454 610/36/453 611/37/27
f 613/39/455 610/36/453 612/38/454
f 613/39/455 614/40/456 610/36/453
f 614/40/456 608/34/40 609/35/42
f 614/40/456 609/35/42 610/36/453
f 615/41/457 613/39/455 612/38/454
f 608/34/40 614/40/456 616/42/39
f 614/40/456 617/43/51 616/42/39
f 611/37/27 607/33/46 618/44/34
f 618/44/34 607/33/46 619/45/52
f 607/33/46 606/31/452 619/45/52
f 620/46/458 614/40/456 613/39/455
f 620/46/458 617/43/51 614/40/456
f 620/46/458 613/39/455 621/47/459
f 622/48/38 623/51/38 624/50/38
f 625/49/38 622/48/38 624/50/38
f 626/52/38 622/48/38 625/49/38
f 627/53/38 626/52/38 625/49/38
f 628/54/24 629/42/32 630/40/460
f 630/40/460 631/55/25 628/54/24
f 632/56/461 631/55/25 630/40/460
f 631/55/25 633/57/22 628/54/24
f 633/57/22 631/55/25 632/56/461
f 628/54/24 633/57/22 634/58/462
f 633/57/22 635/59/23 634/58/462
f 635/59/23 633/57/22 636/60/27
f 636/60/27 633/57/22 632/56/461
f 636/60/27 632/56/461 637/61/463
f 637/61/463 632/56/461 638/39/464
f 630/40/460 638/39/464 632/56/461
f 639/62/465 638/39/464 630/40/460
f 640/63/457 637/61/463 638/39/464
f 641/47/466 638/39/464 639/62/465
f 629/42/32 642/64/33 630/40/460
f 642/64/33 639/62/465 630/40/460
f 643/65/34 635/59/23 636/60/27
f 644/66/35 635/59/23 643/65/34
f 634/58/462 635/59/23 644/66/35
f 645/67/38 646/48/38 647/49/38
f 648/50/38 645/67/38 647/49/38
f 647/49/38 646/48/38 649/68/38
f 650/53/38 647/49/38 649/68/38
f 651/69/467 652/70/64 653/50/54
f 654/51/54 651/69/467 653/50/54
f 655/71/56 652/70/64 651/69/467
f 656/72/468 655/71/56 651/69/467
f 657/47/69 658/73/67 659/46/469
f 660/74/70 658/73/67 657/47/69
f 661/75/71 660/74/70 657/47/69
f 662/76/470 663/67/54 664/50/54
f 665/70/471 662/76/470 664/50/54
f 666/77/472 662/76/470 665/70/471
f 667/71/473 666/77/472 665/70/471
f 668/62/474 669/78/58 670/47/59
f 670/47/59 669/78/58 671/79/61
f 672/80/62 670/47/59 671/79/61
f 673/82/475 674/81/476 675/47/477
f 673/82/475 676/83/478 674/81/476
f 676/83/478 677/84/479 674/81/476
f 674/81/476 677/84/479 678/74/480
f 679/75/481 674/81/476 678/74/480
f 675/47/477 674/81/476 679/75/481
f 680/82/482 681/39/483 682/47/484
f 681/39/483 680/82/482 683/85/485
f 684/63/486 681/39/483 683/85/485
f 685/82/487 686/81/488 687/86/489
f 688/85/490 685/82/487 687/86/489
f 687/86/489 686/81/488 689/79/88
f 686/81/488 685/82/487 690/47/491
f 691/80/492 686/81/488 690/47/491
f 689/79/88 686/81/488 691/80/492
f 692/41/486 693/83/493 694/82/494
f 695/39/495 692/41/486 694/82/494
f 695/39/495 694/82/494 696/47/496
f 697/398/497 698/399/497 699/400/497
f 700/401/497 697/398/497 699/400/497
f 701/402/497 698/399/497 697/398/497
f 702/403/497 701/402/497 697/398/497
f 703/401/498 704/400/498 705/404/498
f 706/405/498 703/401/498 705/404/498
f 707/406/499 708/407/499 709/408/499
f 710/409/499 707/406/499 709/408/499
f 711/410/500 712/411/500 713/402/500
f 714/403/500 711/410/500 713/402/500
f 715/405/501 716/412/501 717/398/501
f 718/401/501 715/405/501 717/398/501
f 719/413/502 720/414/502 721/412/502
f 722/405/502 719/413/502 721/412/502
f 723/415/500 724/411/500 725/416/500
f 726/403/500 723/415/500 725/416/500
f 727/417/503 728/418/503 729/419/503
f 727/417/503 730/406/503 728/418/503
f 728/418/503 730/406/503 731/409/503
f 732/420/498 733/421/498 734/413/498
f 735/405/498 732/420/498 734/413/498
f 736/421/497 737/422/497 738/414/497
f 739/413/497 736/421/497 738/414/497
f 738/414/497 737/422/497 740/403/497
f 737/422/497 741/415/497 740/403/497
f 742/412/504 743/410/504 744/403/504
f 745/398/504 742/412/504 744/403/504
f 746/407/505 747/423/505 748/424/505
f 749/408/505 746/407/505 748/424/505
f 750/425/506 751/426/506 752/427/506
f 750/425/506 753/423/506 751/426/506
f 754/424/506 753/423/506 750/425/506
f 755/414/507 756/403/507 757/416/507
f 758/412/507 755/414/507 757/416/507
f 759/426/508 760/428/508 761/429/508
f 762/427/508 759/426/508 761/429/508
f 763/428/509 764/417/509 765/419/509
f 766/429/509 763/428/509 765/419/509
f 767/430/143 768/423/143 769/407/143
f 767/430/143 769/407/143 770/406/143
f 771/417/143 767/430/143 770/406/143
f 767/430/143 771/417/143 772/428/143
f 767/430/143 772/428/143 773/426/143
f 773/426/143 768/423/143 767/430/143
f 774/431/510 775/432/511 776/433/512
f 776/433/512 775/432/511 777/434/513
f 778/435/514 776/433/512 777/434/513
f 778/435/514 777/434/513 779/436/515
f 780/437/516 778/435/514 779/436/515
f 780/437/516 776/433/512 778/435/514
f 781/438/517 776/433/512 780/437/516
f 782/439/518 783/440/519 784/441/520
f 782/439/518 784/441/520 785/442/521
f 785/442/521 786/443/522 782/439/518
f 782/439/518 786/443/522 783/440/519
f 784/441/520 783/440/519 787/444/523
f 788/445/524 784/441/520 787/444/523
f 785/442/521 784/441/520 789/446/525
f 790/447/526 791/448/526 792/449/526
f 793/450/526 791/448/526 790/447/526
f 794/451/512 795/452/527 796/453/528
f 797/454/529 794/451/512 796/453/528
f 798/453/530 799/452/531 800/451/520
f 801/454/532 798/453/530 800/451/520
f 802/455/533 803/456/534 804/457/535
f 805/458/536 802/455/533 804/457/535
f 805/458/536 804/457/535 806/459/537
f 807/460/538 802/455/533 805/458/536
f 807/460/538 805/458/536 806/459/537
f 808/461/539 809/462/540 810/463/541
f 811/464/542 808/461/539 810/463/541
f 812/465/543 808/461/539 811/464/542
f 812/465/543 813/466/544 808/461/539
f 808/461/539 813/466/544 809/462/540
f 814/467/545 815/457/546 816/462/546
f 816/462/546 815/457/546 817/468/547
f 818/469/548 819/470/549 820/471/550
f 821/472/551 818/469/548 820/471/550
f 820/471/550 819/470/549 822/473/552
f 823/474/553 820/471/550 822/473/552
f 823/474/553 822/473/552 824/475/554
f 825/476/555 823/474/553 824/475/554
f 825/476/555 824/475/554 826/477/556
f 824/475/554 827/478/557 826/477/556
f 826/477/556 827/478/557 828/479/558
f 828/479/558 829/480/559 826/477/556
f 826/477/556 829/480/559 825/476/555
f 825/476/555 829/480/559 823/474/553
f 827/478/557 830/481/560 828/479/558
f 823/474/553 829/480/559 831/471/561
f 831/471/561 829/480/559 832/472/551
f 833/482/562 829/480/559 828/479/558
f 828/479/558 830/481/560 834/483/563
f 835/482/562 828/479/558 834/483/563
f 836/471/564 837/484/565 838/474/566
f 838/474/566 837/484/565 839/476/567
f 839/476/567 840/475/554 838/474/566
f 841/478/568 840/475/554 839/476/567
f 842/477/569 841/478/568 839/476/567
f 839/476/567 837/484/565 842/477/569
f 840/475/554 843/473/552 838/474/566
f 844/481/560 841/478/568 842/477/569
f 845/479/570 844/481/560 842/477/569
f 842/477/569 837/484/565 845/479/570
f 838/474/566 843/473/552 846/471/571
f 843/473/552 847/470/572 846/471/571
f 846/471/571 847/470/572 848/472/573
f 847/470/572 849/469/548 848/472/573
f 850/472/573 837/484/565 836/471/564
f 851/483/563 844/481/560 845/479/570
f 852/482/574 851/483/563 845/479/570
f 845/479/570 837/484/565 853/482/575
f 854/485/576 855/486/577 856/487/578
f 855/486/577 854/485/576 857/488/579
f 854/485/576 858/489/580 857/488/579
f 857/488/579 858/489/580 859/490/581
f 856/487/578 860/491/582 854/485/576
f 861/492/583 860/491/582 856/487/578
f 856/487/578 862/493/584 861/492/583
f 861/492/583 862/493/584 863/494/585
f 864/495/586 861/492/583 863/494/585
f 865/496/587 861/492/583 864/495/586
f 865/496/587 860/491/582 861/492/583
f 866/497/588 865/496/587 864/495/586
f 867/498/589 866/497/588 864/495/586
f 868/499/590 867/498/589 864/495/586
f 868/499/590 864/495/586 863/494/585
f 869/500/591 862/493/584 856/487/578
f 855/486/577 870/501/592 856/487/578
f 871/502/593 860/491/582 865/496/587
f 871/502/593 865/496/587 866/497/588
f 872/503/594 871/502/593 866/497/588
f 872/503/594 866/497/588 867/498/589
f 872/503/594 873/504/595 871/502/593
f 871/502/593 873/504/595 874/505/596
f 874/505/596 860/491/582 871/502/593
f 874/505/596 873/504/595 875/506/597
f 860/491/582 874/505/596 875/506/597
f 873/504/595 876/507/598 875/506/597
f 875/506/597 876/507/598 877/508/599
f 878/509/600 875/506/597 877/508/599
f 877/508/599 876/507/598 879/510/601
f 878/509/600 860/491/582 875/506/597
f 878/509/600 877/508/599 858/489/580
f 858/489/580 877/508/599 879/510/601
f 854/485/576 878/509/600 858/489/580
f 854/485/576 860/491/582 878/509/600
f 879/510/601 859/490/581 858/489/580
f 880/511/602 869/500/591 856/487/578
f 870/501/592 880/511/602 856/487/578
f 881/499/603 882/512/604 883/498/605
f 883/498/605 882/512/604 884/513/606
f 882/512/604 885/514/607 884/513/606
f 886/120/608 885/514/607 882/512/604
f 887/117/609 886/120/608 882/512/604
f 887/117/609 882/512/604 888/515/610
f 889/516/611 887/117/609 888/515/610
f 888/515/610 890/517/612 889/516/611
f 890/517/612 891/518/613 889/516/611
f 891/518/613 890/517/612 892/519/614
f 890/517/612 893/520/615 892/519/614
f 894/493/616 890/517/612 888/515/610
f 895/494/617 894/493/616 888/515/610
f 888/515/610 882/512/604 895/494/617
f 881/499/603 895/494/617 882/512/604
f 894/493/616 896/500/618 890/517/612
f 896/500/618 893/520/615 890/517/612
f 892/519/614 893/520/615 897/521/619
f 898/522/620 892/519/614 897/521/619
f 898/522/620 897/521/619 899/523/621
f 899/523/621 897/521/619 900/488/622
f 897/521/619 901/486/623 900/488/622
f 902/524/624 898/522/620 899/523/621
f 902/524/624 899/523/621 903/525/625
f 903/525/625 899/523/621 900/488/622
f 900/488/622 904/490/626 903/525/625
f 905/111/627 902/524/624 903/525/625
f 903/525/625 906/526/628 905/111/627
f 906/526/628 907/114/629 905/111/627
f 908/527/630 906/526/628 903/525/625
f 909/510/631 908/527/630 903/525/625
f 909/510/631 903/525/625 904/490/626
f 901/486/623 897/521/619 910/501/632
f 897/521/619 893/520/615 910/501/632
f 893/520/615 911/511/633 910/501/632
f 911/511/633 893/520/615 896/500/618
f 912/528/497 913/529/497 914/530/497
f 914/530/497 913/529/497 915/531/497
f 915/531/497 913/529/497 916/532/497
f 916/532/497 913/529/497 917/533/497
f 918/534/497 919/535/497 920/529/497
f 919/535/497 921/536/497 920/529/497
f 921/536/497 922/537/497 920/529/497
f 920/529/497 922/537/497 923/533/497
f 924/514/634 925/538/635 926/539/636
f 927/513/637 924/514/634 926/539/636
f 928/141/638 925/538/635 924/514/634
f 925/538/635 928/141/638 929/142/639
f 930/540/640 925/538/635 929/142/639
f 926/539/636 925/538/635 930/540/640
f 931/120/641 928/141/638 924/514/634
f 932/541/642 926/539/636 930/540/640
f 933/539/643 934/542/644 935/543/645
f 936/513/646 933/539/643 935/543/645
f 934/542/644 933/539/643 937/541/647
f 938/544/648 934/542/644 937/541/647
f 935/543/645 934/542/644 939/545/649
f 939/545/649 934/542/644 938/544/648
f 940/546/650 935/543/645 939/545/649
f 941/547/651 939/545/649 938/544/648
f 942/548/652 943/549/653 944/550/654
f 943/549/653 942/548/652 945/551/655
f 942/548/652 946/552/656 945/551/655
f 947/553/657 945/551/655 946/552/656
f 948/554/658 947/553/657 946/552/656
f 949/555/659 947/553/657 948/554/658
f 949/555/659 950/556/660 947/553/657
f 951/557/661 947/553/657 950/556/660
f 951/557/661 945/551/655 947/553/657
f 952/558/662 950/556/660 949/555/659
f 953/559/663 949/555/659 948/554/658
f 954/560/664 955/561/665 956/562/666
f 957/563/667 955/561/665 954/560/664
f 958/564/668 957/563/667 954/560/664
f 957/563/667 959/565/669 955/561/665
f 955/561/665 959/565/669 956/562/666
f 957/563/667 960/566/670 959/565/669
f 961/567/671 960/566/670 957/563/667
f 962/568/672 961/567/671 957/563/667
f 963/569/673 962/568/672 957/563/667
f 957/563/667 958/564/668 963/569/673
f 963/569/673 958/564/668 964/570/674
f 965/571/675 963/569/673 964/570/674
f 961/567/671 962/568/672 966/572/676
f 963/569/673 965/571/675 967/573/677
f 962/568/672 963/569/673 967/573/677
f 962/568/672 967/573/677 966/572/676
f 967/573/677 965/571/675 968/454/678
f 967/573/677 968/454/678 969/453/679
f 970/574/680 967/573/677 969/453/679
f 966/572/676 967/573/677 970/574/680
f 971/575/681 961/567/671 966/572/676
f 972/550/682 973/576/683 974/548/684
f 973/576/683 975/577/685 974/548/684
f 975/577/685 976/552/686 974/548/684
f 977/578/687 976/552/686 975/577/685
f 978/454/688 979/573/689 980/453/690
f 980/453/690 979/573/689 981/574/663
f 982/579/691 983/580/692 984/581/693
f 985/582/694 982/579/691 984/581/693
f 986/583/695 985/582/694 984/581/693
f 987/584/696 982/579/691 985/582/694
f 986/583/695 984/581/693 988/585/697
f 984/581/693 989/586/698 988/585/697
f 984/581/693 990/587/699 989/586/698
f 984/581/693 983/580/692 990/587/699
f 990/587/699 983/580/692 991/588/700
f 991/588/700 992/589/701 990/587/699
f 989/586/698 990/587/699 992/589/701
f 993/590/702 992/589/701 991/588/700
f 994/591/703 992/589/701 993/590/702
f 988/585/697 989/586/698 995/592/704
f 996/593/705 989/586/698 992/589/701
f 995/592/704 989/586/698 996/593/705
f 997/594/706 995/592/704 996/593/705
f 995/592/704 997/594/706 998/595/707
f 993/590/702 991/588/700 999/596/708
f 999/596/708 991/588/700 1000/597/709
f 991/588/700 1001/598/710 1000/597/709
f 983/580/692 1001/598/710 991/588/700
f 1002/599/711 1003/600/712 987/584/696
f 1004/601/713 1003/600/712 1002/599/711
f 1005/602/714 1004/601/713 1002/599/711
f 1003/600/712 982/579/691 987/584/696
f 1006/603/715 1007/604/716 1008/605/717
f 1009/606/718 1006/603/715 1008/605/717
f 1008/605/717 1007/604/716 1010/607/719
f 1008/605/717 1010/607/719 1011/608/7
f 1011/608/7 1012/609/720 1008/605/717
f 1012/609/720 1013/610/721 1008/605/717
f 1013/610/721 1014/611/722 1008/605/717
f 1008/605/717 1014/611/722 1015/612/723
f 1016/613/724 1008/605/717 1015/612/723
f 1016/613/724 1009/606/718 1008/605/717
f 1007/604/716 1017/614/725 1010/607/719
f 1017/614/725 1018/615/726 1010/607/719
f 1019/616/727 1018/615/726 1017/614/725
f 1020/617/728 1018/615/726 1019/616/727
f 1021/618/729 1022/619/729 1023/620/730
f 1024/621/731 1021/618/729 1023/620/730
f 1024/621/731 1023/620/730 1025/622/732
f 1025/622/732 1023/620/730 1026/623/733
f 1027/624/734 1025/622/732 1026/623/733
f 1026/623/733 1023/620/730 1028/625/735
f 1023/620/730 1022/619/729 1028/625/735
f 1029/618/736 1030/626/737 1031/627/738
f 1032/628/736 1029/618/736 1031/627/738
f 1031/627/738 1030/626/737 1033/629/739
f 1033/629/739 1030/626/737 1034/630/740
f 1030/626/737 1035/631/741 1034/630/740
f 1034/630/740 1035/631/741 1036/632/742
f 1035/631/741 1037/633/743 1036/632/742
f 1038/634/744 1037/633/743 1035/631/741
f 1039/635/745 1038/634/744 1035/631/741
f 1040/636/746 1038/634/744 1039/635/745
f 1040/636/746 1039/635/745 1041/637/747
f 1039/635/745 1042/638/748 1041/637/747
f 1043/639/749 1041/637/747 1042/638/748
f 1044/640/750 1043/639/749 1042/638/748
f 1045/641/751 1043/639/749 1044/640/750
f 1046/640/752 1047/642/753 1048/641/754
f 1048/641/754 1047/642/753 1049/643/755
f 1049/643/755 1047/642/753 1050/644/756
f 1047/642/753 1051/645/757 1050/644/756
f 1050/644/756 1051/645/757 1052/646/758
f 1052/646/758 1051/645/757 1053/647/759
f 1054/87/760 1055/90/761 1056/89/762
f 1057/88/763 1054/87/760 1056/89/762
f 1057/88/763 1056/89/762 1058/91/764
f 1059/92/765 1057/88/763 1058/91/764
f 1059/92/765 1058/91/764 1060/93/766
f 1061/94/767 1059/92/765 1060/93/766
f 1061/94/767 1060/93/766 1062/95/768
f 1063/96/769 1061/94/767 1062/95/768
f 1063/96/769 1062/95/768 1064/97/770
f 1065/98/771 1063/96/769 1064/97/770
f 1065/98/771 1064/97/770 1066/99/772
f 1067/100/773 1065/98/771 1066/99/772
f 1066/99/772 1068/101/774 1067/100/773
f 1068/101/774 1069/102/775 1067/100/773
f 1070/103/776 1071/106/777 1072/105/778
f 1073/104/779 1070/103/776 1072/105/778
f 1073/104/779 1072/105/778 1074/107/780
f 1072/105/778 1075/108/781 1074/107/780
f 1070/103/776 1076/109/782 1071/106/777
f 1076/109/782 1077/110/783 1071/106/777
f 1077/110/783 1076/109/782 1078/111/784
f 1079/112/785 1077/110/783 1078/111/784
f 1080/113/786 1079/112/785 1078/111/784
f 1081/114/787 1080/113/786 1078/111/784
f 1074/107/780 1075/108/781 1082/115/788
f 1083/116/789 1074/107/780 1082/115/788
f 1083/116/789 1082/115/788 1084/117/790
f 1082/115/788 1085/118/791 1084/117/790
f 1084/117/790 1085/118/791 1086/119/792
f 1087/120/793 1084/117/790 1086/119/792
f 1088/132/794 1079/112/785 1080/113/786
f 1088/132/794 1089/128/795 1079/112/785
f 1089/128/795 1077/110/783 1079/112/785
f 1077/110/783 1089/128/795 1090/121/796
f 1090/121/796 1089/128/795 1091/127/797
f 1091/127/797 1089/128/795 1088/132/794
f 1090/121/796 1091/127/797 1092/123/798
f 1093/122/799 1090/121/796 1092/123/798
f 1092/123/798 1094/124/800 1093/122/799
f 1094/124/800 1095/125/801 1093/122/799
f 1096/126/802 1095/125/801 1094/124/800
f 1096/126/802 1085/118/791 1082/115/788
f 1071/106/777 1090/121/796 1093/122/799
f 1072/105/778 1071/106/777 1093/122/799
f 1093/122/799 1095/125/801 1072/105/778
f 1071/106/777 1077/110/783 1090/121/796
f 1086/119/792 1085/118/791 1097/129/803
f 1085/118/791 1098/130/804 1097/129/803
f 1094/124/800 1098/130/804 1096/126/802
f 1098/130/804 1085/118/791 1096/126/802
f 1098/130/804 1099/131/805 1097/129/803
f 1075/108/781 1095/125/801 1096/126/802
f 1095/125/801 1075/108/781 1072/105/778
f 1082/115/788 1075/108/781 1096/126/802
f 1100/136/143 1101/135/143 1102/137/143
f 1103/138/143 1101/135/143 1100/136/143
f 1104/139/143 1101/135/143 1103/138/143
f 1105/140/143 1101/135/143 1104/139/143
f 1106/141/806 1107/144/807 1108/143/808
f 1109/142/809 1106/141/806 1108/143/808
f 1110/119/810 1107/144/807 1106/141/806
f 1111/120/811 1110/119/810 1106/141/806
f 1108/143/808 1107/144/807 1112/145/812
f 1107/144/807 1113/146/813 1112/145/812
f 1113/146/813 1107/144/807 1110/119/810
f 1113/146/813 1114/147/814 1112/145/812
f 1115/131/815 1114/147/814 1113/146/813
f 1116/129/816 1115/131/815 1113/146/813
f 1116/129/816 1113/146/813 1110/119/810
f 1117/148/143 1118/135/143 1119/149/143
f 1119/149/143 1118/135/143 1120/150/143
f 1120/150/143 1118/135/143 1121/151/143
f 1121/151/143 1118/135/143 1122/140/143
f 1123/134/817 1088/132/794 1124/133/818
f 1124/133/818 1088/132/794 1080/113/786
f 1125/152/819 1126/155/820 1127/154/821
f 1128/153/822 1125/152/819 1127/154/821
f 1128/153/822 1127/154/821 1129/156/823
f 1127/154/821 1130/157/824 1129/156/823
f 1129/156/823 1130/157/824 1131/158/825
f 1130/157/824 1132/159/826 1131/158/825
f 1131/158/825 1132/159/826 1133/160/827
f 1132/159/826 1134/161/828 1133/160/827
f 1133/160/827 1134/161/828 1135/162/829
f 1134/161/828 1136/163/830 1135/162/829
f 1135/162/829 1136/163/830 1137/164/831
f 1126/155/820 1125/152/819 1137/164/831
f 1136/163/830 1138/165/832 1137/164/831
f 1138/165/832 1126/155/820 1137/164/831
f 1139/167/833 1140/166/775 1141/168/834
f 1141/168/834 1140/166/775 1142/169/763
f 1141/168/834 1142/169/763 1143/170/835
f 1141/168/834 1143/170/835 1144/171/836
f 1141/168/834 1144/171/836 1145/172/837
f 1141/168/834 1145/172/837 1146/173/838
f 1141/168/834 1146/173/838 1139/167/833
f 1147/174/189 1148/177/839 1149/176/176
f 1150/175/190 1147/174/189 1149/176/176
f 1150/175/190 1149/176/176 1151/178/840
f 1149/176/176 1152/179/179 1151/178/840
f 1151/178/840 1152/179/179 1153/180/180
f 1154/181/193 1151/178/840 1153/180/180
f 1154/181/193 1153/180/180 1155/182/182
f 1156/183/194 1154/181/193 1155/182/182
f 1147/174/189 1157/184/188 1148/177/839
f 1157/184/188 1158/185/38 1148/177/839
f 1157/184/188 1147/174/189 1159/186/187
f 1147/174/189 1150/175/190 1159/186/187
f 1150/175/190 1151/178/840 1159/186/187
f 1151/178/840 1160/187/195 1159/186/187
f 1161/184/184 1162/188/185 1163/174/174
f 1163/174/174 1164/177/177 1161/184/184
f 1165/176/176 1164/177/177 1163/174/174
f 1166/175/175 1165/176/176 1163/174/174
f 1163/174/174 1162/188/185 1166/175/175
f 1167/179/841 1165/176/176 1166/175/175
f 1168/178/842 1167/179/841 1166/175/175
f 1166/175/175 1162/188/185 1168/178/842
f 1169/180/180 1167/179/841 1168/178/842
f 1170/181/843 1169/180/180 1168/178/842
f 1171/182/182 1169/180/180 1170/181/843
f 1172/189/183 1171/182/182 1170/181/843
f 1164/177/177 1173/185/38 1161/184/184
f 1168/178/842 1162/188/185 1174/187/186
f 1175/648/844 1176/649/845 1177/650/846
f 1178/651/847 1175/648/844 1177/650/846
f 1179/652/848 1175/648/844 1178/651/847
f 1180/653/849 1179/652/848 1178/651/847
f 1177/650/846 1176/649/845 1181/654/850
f 1176/649/845 1182/655/851 1181/654/850
f 1178/651/847 1177/650/846 1183/656/852
f 1184/657/853 1178/651/847 1183/656/852
f 1180/653/849 1178/651/847 1184/657/853
f 1185/658/854 1180/653/849 1184/657/853
f 1177/650/846 1181/654/850 1186/659/855
f 1183/656/852 1177/650/846 1186/659/855
f 1187/648/856 1188/652/848 1189/653/849
f 1190/651/857 1187/648/856 1189/653/849
f 1191/649/858 1187/648/856 1190/651/857
f 1192/650/859 1191/649/858 1190/651/857
f 1193/655/851 1191/649/858 1192/650/859
f 1194/654/850 1193/655/851 1192/650/859
f 1190/651/857 1189/653/849 1195/658/854
f 1196/657/860 1190/651/857 1195/658/854
f 1192/650/859 1190/651/857 1196/657/860
f 1197/656/861 1192/650/859 1196/657/860
f 1194/654/850 1192/650/859 1197/656/861
f 1198/659/855 1194/654/850 1197/656/861
f 1199/660/862 1200/661/143 1201/662/863
f 1201/662/863 1200/661/143 1202/663/864
f 1203/664/865 1200/661/143 1199/660/862
f 1204/663/866 1205/661/143 1206/662/867
f 1206/662/867 1205/661/143 1207/660/868
f 1207/660/868 1205/661/143 1208/664/869
f 1209/665/870 1210/666/497 1211/667/871
f 1212/668/848 1210/666/497 1209/665/870
f 1213/669/872 1210/666/497 1212/668/848
f 1214/670/858 1210/666/497 1213/669/872
f 1215/671/851 1210/666/497 1214/670/858
f 1211/667/871 1210/666/497 1215/671/851
f 1216/672/873 1217/673/874 1218/674/875
f 1219/675/876 1216/672/873 1218/674/875
f 1220/676/877 1216/672/873 1219/675/876
f 1221/677/878 1220/676/877 1219/675/876
f 1218/674/875 1217/673/874 1222/678/879
f 1217/673/874 1223/679/880 1222/678/879
f 1217/673/874 1224/656/881 1223/679/880
f 1224/656/881 1225/659/882 1223/679/880
f 1220/676/877 1226/658/883 1216/672/873
f 1226/658/883 1227/657/884 1216/672/873
f 1227/657/884 1224/656/881 1217/673/874
f 1216/672/873 1227/657/884 1217/673/874
f 1219/675/876 1218/674/875 1228/680/885
f 1229/681/886 1219/675/876 1228/680/885
f 1221/677/878 1219/675/876 1229/681/886
f 1230/682/887 1221/677/878 1229/681/886
f 1218/674/875 1222/678/879 1231/683/888
f 1228/680/885 1218/674/875 1231/683/888
f 1232/672/889 1233/676/877 1234/677/890
f 1235/675/891 1232/672/889 1234/677/890
f 1236/673/892 1232/672/889 1235/675/891
f 1237/674/893 1236/673/892 1235/675/891
f 1238/679/880 1236/673/892 1237/674/893
f 1239/678/879 1238/679/880 1237/674/893
f 1238/679/880 1240/659/882 1236/673/892
f 1240/659/882 1241/656/894 1236/673/892
f 1236/673/892 1241/656/894 1232/672/889
f 1241/656/894 1242/657/895 1232/672/889
f 1232/672/889 1242/657/895 1233/676/877
f 1242/657/895 1243/658/883 1233/676/877
f 1235/675/891 1234/677/890 1244/682/887
f 1245/681/896 1235/675/891 1244/682/887
f 1237/674/893 1235/675/891 1245/681/896
f 1246/680/897 1237/674/893 1245/681/896
f 1239/678/879 1237/674/893 1246/680/897
f 1247/683/888 1239/678/879 1246/680/897
f 1248/684/898 1249/685/899 1250/681/900
f 1251/680/901 1248/684/898 1250/681/900
f 1250/681/900 1249/685/899 1252/682/902
f 1249/685/899 1253/686/903 1252/682/902
f 1248/684/898 1251/680/901 1254/687/904
f 1251/680/901 1255/683/905 1254/687/904
f 1249/685/899 1256/688/906 1253/686/903
f 1256/688/906 1257/689/907 1253/686/903
f 1248/684/898 1254/687/904 1258/690/908
f 1259/691/909 1248/684/898 1258/690/908
f 1259/691/909 1256/688/906 1249/685/899
f 1248/684/898 1259/691/909 1249/685/899
f 1260/686/903 1261/685/910 1262/681/911
f 1263/682/902 1260/686/903 1262/681/911
f 1262/681/911 1261/685/910 1264/680/912
f 1261/685/910 1265/684/913 1264/680/912
f 1264/680/912 1265/684/913 1266/683/914
f 1265/684/913 1267/687/915 1266/683/914
f 1260/686/903 1268/689/907 1261/685/910
f 1268/689/907 1269/688/916 1261/685/910
f 1261/685/910 1269/688/916 1265/684/913
f 1269/688/916 1270/691/917 1265/684/913
f 1265/684/913 1270/691/917 1267/687/915
f 1270/691/917 1271/690/908 1267/687/915
f 1272/692/918 1273/693/866 1274/689/919
f 1275/688/920 1272/692/918 1274/689/919
f 1276/694/921 1272/692/918 1275/688/920
f 1277/691/922 1276/694/921 1275/688/920
f 1277/691/922 1278/690/923 1276/694/921
f 1278/690/923 1279/695/869 1276/694/921
f 1280/693/924 1281/692/925 1282/688/926
f 1283/689/919 1280/693/924 1282/688/926
f 1282/688/926 1281/692/925 1284/691/927
f 1281/692/925 1285/694/928 1284/691/927
f 1284/691/927 1285/694/928 1286/690/923
f 1285/694/928 1287/695/865 1286/690/923
f 1288/648/845 1289/651/929 1290/650/847
f 1291/649/870 1288/648/845 1290/650/847
f 1288/648/845 1292/652/851 1289/651/929
f 1292/652/851 1293/653/850 1289/651/929
f 1291/649/870 1290/650/847 1294/654/849
f 1295/655/848 1291/649/870 1294/654/849
f 1290/650/847 1289/651/929 1296/656/853
f 1289/651/929 1297/657/930 1296/656/853
f 1289/651/929 1293/653/850 1297/657/930
f 1293/653/850 1298/658/855 1297/657/930
f 1290/650/847 1296/656/853 1299/659/931
f 1294/654/849 1290/650/847 1299/659/931
f 1300/648/932 1301/651/859 1302/653/850
f 1303/652/851 1300/648/932 1302/653/850
f 1300/648/932 1304/649/856 1301/651/859
f 1304/649/856 1305/650/857 1301/651/859
f 1304/649/856 1306/655/848 1305/650/857
f 1306/655/848 1307/654/849 1305/650/857
f 1302/653/850 1301/651/859 1308/658/855
f 1301/651/859 1309/657/861 1308/658/855
f 1301/651/859 1305/650/857 1309/657/861
f 1305/650/857 1310/656/933 1309/657/861
f 1305/650/857 1307/654/849 1310/656/933
f 1307/654/849 1311/659/931 1310/656/933
f 1312/661/143 1313/660/934 1314/662/935
f 1312/661/143 1314/662/935 1315/663/936
f 1312/661/143 1316/664/937 1313/660/934
f 1317/661/143 1318/663/938 1319/662/939
f 1317/661/143 1319/662/939 1320/660/940
f 1317/661/143 1320/660/940 1321/664/941
f 1322/666/497 1323/665/871 1324/667/870
f 1322/666/497 1325/668/851 1323/665/871
f 1322/666/497 1326/669/858 1325/668/851
f 1322/666/497 1327/670/872 1326/669/858
f 1322/666/497 1328/671/848 1327/670/872
f 1322/666/497 1324/667/870 1328/671/848
f 1329/672/942 1330/675/943 1331/674/944
f 1332/673/945 1329/672/942 1331/674/944
f 1329/672/942 1333/676/946 1330/675/943
f 1333/676/946 1334/677/947 1330/675/943
f 1332/673/945 1331/674/944 1335/678/948
f 1336/679/949 1332/673/945 1335/678/948
f 1337/656/950 1332/673/945 1336/679/949
f 1338/659/951 1337/656/950 1336/679/949
f 1339/658/952 1333/676/946 1329/672/942
f 1340/657/953 1339/658/952 1329/672/942
f 1340/657/953 1329/672/942 1332/673/945
f 1337/656/950 1340/657/953 1332/673/945
f 1331/674/944 1330/675/943 1341/680/954
f 1330/675/943 1342/681/955 1341/680/954
f 1330/675/943 1334/677/947 1342/681/955
f 1334/677/947 1343/682/956 1342/681/955
f 1331/674/944 1341/680/954 1344/683/957
f 1335/678/948 1331/674/944 1344/683/957
f 1345/672/958 1346/675/959 1347/677/960
f 1348/676/961 1345/672/958 1347/677/960
f 1345/672/958 1349/673/962 1346/675/959
f 1349/673/962 1350/674/963 1346/675/959
f 1349/673/962 1351/679/949 1350/674/963
f 1351/679/949 1352/678/948 1350/674/963
f 1353/659/951 1351/679/949 1349/673/962
f 1354/656/964 1353/659/951 1349/673/962
f 1354/656/964 1349/673/962 1345/672/958
f 1355/657/965 1354/656/964 1345/672/958
f 1355/657/965 1345/672/958 1348/676/961
f 1356/658/952 1355/657/965 1348/676/961
f 1347/677/960 1346/675/959 1357/682/956
f 1346/675/959 1358/681/966 1357/682/956
f 1346/675/959 1350/674/963 1358/681/966
f 1350/674/963 1359/680/967 1358/681/966
f 1350/674/963 1352/678/948 1359/680/967
f 1352/678/948 1360/683/957 1359/680/967
f 1361/684/968 1362/680/969 1363/681/970
f 1364/685/971 1361/684/968 1363/681/970
f 1364/685/971 1363/681/970 1365/682/972
f 1366/686/973 1364/685/971 1365/682/972
f 1362/680/969 1361/684/968 1367/687/974
f 1368/683/975 1362/680/969 1367/687/974
f 1369/688/976 1364/685/971 1366/686/973
f 1370/689/977 1369/688/976 1366/686/973
f 1367/687/974 1361/684/968 1371/690/978
f 1361/684/968 1372/691/979 1371/690/978
f 1372/691/979 1361/684/968 1364/685/971
f 1369/688/976 1372/691/979 1364/685/971
f 1373/686/973 1374/682/980 1375/681/981
f 1376/685/982 1373/686/973 1375/681/981
f 1376/685/982 1375/681/981 1377/680/983
f 1378/684/984 1376/685/982 1377/680/983
f 1378/684/984 1377/680/983 1379/683/985
f 1380/687/986 1378/684/984 1379/683/985
f 1381/689/977 1373/686/973 1376/685/982
f 1382/688/987 1381/689/977 1376/685/982
f 1382/688/987 1376/685/982 1378/684/984
f 1383/691/988 1382/688/987 1378/684/984
f 1383/691/988 1378/684/984 1380/687/986
f 1384/690/978 1383/691/988 1380/687/986
f 1385/692/989 1386/688/990 1387/689/991
f 1388/693/938 1385/692/989 1387/689/991
f 1385/692/989 1389/694/992 1386/688/990
f 1389/694/992 1390/691/993 1386/688/990
f 1391/690/994 1390/691/993 1389/694/992
f 1392/695/995 1391/690/994 1389/694/992
f 1393/693/996 1394/689/991 1395/688/997
f 1396/692/998 1393/693/996 1395/688/997
f 1396/692/998 1395/688/997 1397/691/999
f 1398/694/1000 1396/692/998 1397/691/999
f 1398/694/1000 1397/691/999 1399/690/994
f 1400/695/937 1398/694/1000 1399/690/994
f 1401/696/1001 1402/697/1002 1403/698/1003
f 1404/699/1004 1401/696/1001 1403/698/1003
f 1405/700/1005 1403/698/1003 1402/697/1002
f 1406/701/1006 1405/700/1005 1402/697/1002
f 1405/700/1005 1406/701/1006 1407/702/1007
f 1406/701/1006 1408/703/1008 1407/702/1007
f 1405/700/1005 1407/702/1007 1409/704/1009
f 1410/705/1010 1405/700/1005 1409/704/1009
f 1405/700/1005 1410/705/1010 1403/698/1003
f 1409/704/1009 1411/706/1011 1410/705/1010
f 1411/706/1011 1412/707/1012 1410/705/1010
f 1412/707/1012 1413/708/1013 1410/705/1010
f 1413/708/1013 1414/709/1014 1410/705/1010
f 1410/705/1010 1414/709/1014 1403/698/1003
f 1415/710/1015 1414/709/1014 1413/708/1013
f 1414/709/1014 1415/710/1015 1416/711/1016
f 1403/698/1003 1414/709/1014 1416/711/1016
f 1404/699/1004 1403/698/1003 1416/711/1016
f 1416/711/1016 1415/710/1015 1417/712/1017
f 1418/713/1018 1419/714/1019 1420/715/1019
f 1421/716/1020 1418/713/1018 1420/715/1019
f 1421/716/1020 1422/717/1021 1418/713/1018
f 1423/718/1022 1424/719/1023 1425/717/1024
f 1424/719/1023 1426/720/1025 1425/717/1024
f 1424/719/1023 1427/721/1026 1426/720/1025
f 1427/721/1026 1428/722/1027 1426/720/1025
f 1426/720/1025 1429/723/1028 1425/717/1024
f 1429/723/1028 1430/724/1029 1425/717/1024
f 1431/725/1030 1432/726/1030 1433/727/1030
f 1434/697/1031 1435/696/1001 1436/699/1032
f 1437/698/1033 1434/697/1031 1436/699/1032
f 1437/698/1033 1438/700/1034 1434/697/1031
f 1438/700/1034 1439/701/1035 1434/697/1031
f 1440/703/1036 1439/701/1035 1438/700/1034
f 1441/702/1037 1440/703/1036 1438/700/1034
f 1437/698/1033 1436/699/1032 1442/711/1016
f 1443/709/1038 1437/698/1033 1442/711/1016
f 1437/698/1033 1443/709/1038 1438/700/1034
f 1444/710/1039 1443/709/1038 1442/711/1016
f 1444/710/1039 1442/711/1016 1445/712/1017
f 1443/709/1038 1444/710/1039 1446/708/1040
f 1443/709/1038 1446/708/1040 1447/705/1041
f 1443/709/1038 1447/705/1041 1438/700/1034
f 1446/708/1040 1448/707/1042 1447/705/1041
f 1448/707/1042 1449/706/1043 1447/705/1041
f 1449/706/1043 1450/704/1044 1447/705/1041
f 1438/700/1034 1447/705/1041 1450/704/1044
f 1441/702/1037 1438/700/1034 1450/704/1044
f 1451/728/1045 1452/716/1046 1453/729/1019
f 1454/730/1019 1451/728/1045 1453/729/1019
f 1451/728/1045 1455/717/1047 1452/716/1046
f 1456/720/1048 1457/719/1049 1458/717/1050
f 1457/719/1049 1459/718/1051 1458/717/1050
f 1460/723/1052 1456/720/1048 1458/717/1050
f 1456/720/1048 1461/721/1053 1457/719/1049
f 1462/722/1054 1461/721/1053 1456/720/1048
f 1463/724/1055 1460/723/1052 1458/717/1050
f 1464/726/736 1465/725/736 1466/727/736
f 1467/731/1056 1468/732/1057 1469/733/1057
f 1467/731/1056 1470/727/1058 1468/732/1057
f 1467/731/1056 1471/725/1059 1470/727/1058
f 1472/731/1060 1473/733/1057 1474/732/1057
f 1472/731/1060 1474/732/1057 1475/727/1061
f 1472/731/1060 1475/727/1061 1476/725/1062
f 1477/734/1063 1478/735/1064 1479/736/1065
f 1480/737/1066 1478/735/1064 1477/734/1063
f 1481/738/1067 1480/737/1066 1477/734/1063
f 1481/738/1067 1482/739/1068 1480/737/1066
f 1482/739/1068 1483/740/1069 1480/737/1066
f 1477/734/1063 1479/736/1065 1484/741/1070
f 1484/741/1070 1479/736/1065 1485/742/1071
f 1486/743/1072 1477/734/1063 1484/741/1070
f 1481/738/1067 1477/734/1063 1486/743/1072
f 1487/744/1073 1481/738/1067 1486/743/1072
f 1481/738/1067 1487/744/1073 1482/739/1068
f 1487/744/1073 1488/745/1074 1482/739/1068
f 1489/735/1075 1490/734/1076 1491/736/1077
f 1489/735/1075 1492/737/1078 1490/734/1076
f 1492/737/1078 1493/738/1079 1490/734/1076
f 1494/739/1080 1493/738/1079 1492/737/1078
f 1495/740/1081 1494/739/1080 1492/737/1078
f 1491/736/1077 1490/734/1076 1496/741/1082
f 1491/736/1077 1496/741/1082 1497/742/1083
f 1490/734/1076 1498/743/1084 1496/741/1082
f 1490/734/1076 1493/738/1079 1498/743/1084
f 1493/738/1079 1499/744/1085 1498/743/1084
f 1499/744/1085 1493/738/1079 1494/739/1080
f 1500/745/1086 1499/744/1085 1494/739/1080
f 1501/746/1087 1502/747/1088 1503/748/1089
f 1501/746/1087 1503/748/1089 1504/749/1090
f 1503/748/1089 1505/750/1091 1504/749/1090
f 1506/751/1092 1504/749/1090 1505/750/1091
f 1507/752/1093 1506/751/1092 1505/750/1091
f 1507/752/1093 1505/750/1091 1508/753/1094
f 1508/753/1094 1505/750/1091 1509/754/1095
f 1510/755/1096 1509/754/1095 1505/750/1091
f 1510/755/1096 1511/756/1097 1509/754/1095
f 1508/753/1094 1509/754/1095 1511/756/1097
f 1507/752/1093 1508/753/1094 1511/756/1097
f 1507/752/1093 1511/756/1097 1512/757/1098
f 1513/758/1099 1512/757/1098 1511/756/1097
f 1511/756/1097 1514/759/1100 1513/758/1099
f 1514/759/1100 1515/760/1101 1513/758/1099
f 1511/756/1097 1516/761/1102 1514/759/1100
f 1510/755/1096 1516/761/1102 1511/756/1097
f 1517/762/1103 1505/750/1091 1503/748/1089
f 1510/755/1096 1505/750/1091 1517/762/1103
f 1514/759/1100 1518/763/1104 1515/760/1101
f 1519/764/1105 1520/765/1106 1521/766/143
f 1522/767/143 1519/764/1105 1521/766/143
f 1520/765/1106 1523/768/143 1521/766/143
f 1524/769/1107 1520/765/1106 1519/764/1105
f 1525/770/1108 1524/769/1107 1519/764/1105
f 1520/765/1106 1524/769/1107 1526/771/1109
f 1524/769/1107 1527/772/1110 1526/771/1109
f 1526/771/1109 1527/772/1110 1528/773/1111
f 1526/771/1109 1528/773/1111 1529/774/143
f 1528/773/1111 1530/775/143 1529/774/143
f 1528/773/1111 1531/776/1112 1530/775/143
f 1531/776/1112 1532/777/143 1530/775/143
f 1527/772/1110 1533/778/1113 1528/773/1111
f 1528/773/1111 1533/778/1113 1531/776/1112
f 1533/778/1113 1534/779/1114 1531/776/1112
f 1520/765/1106 1535/780/143 1523/768/143
f 1526/771/1109 1529/774/143 1535/780/143
f 1520/765/1106 1526/771/1109 1535/780/143
f 1525/770/1108 1536/781/1115 1524/769/1107
f 1524/769/1107 1536/781/1115 1527/772/1110
f 1527/772/1110 1536/781/1115 1533/778/1113
f 1533/778/1113 1536/781/1115 1534/779/1114
f 1537/782/1116 1538/783/1117 1539/784/1118
f 1540/785/1119 1537/782/1116 1539/784/1118
f 1539/784/1118 1538/783/1117 1541/748/1120
f 1542/747/1120 1539/784/1118 1541/748/1120
f 1543/766/143 1544/765/1121 1545/764/1122
f 1546/767/143 1543/766/143 1545/764/1122
f 1544/765/1121 1543/766/143 1547/768/143
f 1545/764/1122 1544/765/1121 1548/769/1123
f 1548/769/1123 1544/765/1121 1549/772/1124
f 1544/765/1121 1550/771/1125 1549/772/1124
f 1551/770/1108 1545/764/1122 1548/769/1123
f 1549/772/1124 1550/771/1125 1552/778/1126
f 1550/771/1125 1553/773/1127 1552/778/1126
f 1550/771/1125 1554/774/143 1553/773/1127
f 1554/774/143 1555/775/143 1553/773/1127
f 1553/773/1127 1555/775/143 1556/776/1112
f 1555/775/143 1557/777/143 1556/776/1112
f 1553/773/1127 1556/776/1112 1558/779/1114
f 1552/778/1126 1553/773/1127 1558/779/1114
f 1544/765/1121 1559/780/143 1550/771/1125
f 1544/765/1121 1547/768/143 1559/780/143
f 1559/780/143 1554/774/143 1550/771/1125
f 1551/770/1108 1548/769/1123 1560/781/1128
f 1552/778/1126 1558/779/1114 1560/781/1128
f 1549/772/1124 1552/778/1126 1560/781/1128
f 1548/769/1123 1549/772/1124 1560/781/1128
f 1561/786/1119 1562/787/1129 1563/788/1129
f 1564/789/1116 1561/786/1119 1563/788/1129
f 1563/788/1129 1562/787/1129 1565/763/1130
f 1566/759/1131 1563/788/1129 1565/763/1130
f 1567/790/1132 1568/791/1133 1569/792/1134
f 1567/790/1132 1569/792/1134 1570/793/1135
f 1571/794/1133 1572/795/1136 1573/796/1137
f 1572/795/1136 1574/793/1138 1573/796/1137
f 1575/797/497 1576/798/497 1577/796/497
f 1578/793/497 1575/797/497 1577/796/497
f 1579/792/497 1580/799/497 1581/797/497
f 1579/792/497 1581/797/497 1582/793/497
f 1583/800/1139 1584/801/1140 1585/802/1141
f 1586/803/1142 1584/801/1140 1583/800/1139
f 1586/803/1142 1587/804/1143 1584/801/1140
f 1583/800/1139 1585/802/1141 1588/805/1144
f 1589/806/1145 1588/805/1144 1585/802/1141
f 1586/803/1142 1583/800/1139 1590/807/1146
f 1583/800/1139 1588/805/1144 1590/807/1146
f 1588/805/1144 1591/808/1147 1590/807/1146
f 1586/803/1142 1590/807/1146 1592/809/1148
f 1590/807/1146 1593/810/1148 1592/809/1148
f 1594/810/1146 1590/807/1146 1595/811/1146
f 1596/806/1149 1597/802/1150 1598/812/1151
f 1599/813/1151 1596/806/1149 1598/812/1151
f 1598/812/1151 1600/814/1152 1599/813/1151
f 1600/814/1152 1601/815/1153 1599/813/1151
f 1602/806/1154 1603/813/1155 1604/816/1156
f 1602/806/1154 1604/816/1156 1605/817/1157
f 1606/805/1157 1602/806/1154 1605/817/1157
f 1607/816/1158 1603/813/1155 1608/815/1159
f 1607/816/1158 1608/815/1159 1609/818/1157
f 1608/815/1159 1610/819/1157 1609/818/1157
f 1611/820/1160 1612/812/1160 1613/802/1160
f 1614/814/1160 1612/812/1160 1611/820/1160
f 1611/820/1160 1613/802/1160 1615/801/1160
f 1616/821/1160 1614/814/1160 1611/820/1160
f 1617/822/497 1618/823/497 1619/824/497
f 1617/822/497 1619/824/497 1620/825/497
f 1621/826/1161 1617/822/497 1620/825/497
f 1620/825/497 1622/827/497 1621/826/1161
f 1620/825/497 1623/828/497 1622/827/497
f 1623/828/497 1624/829/497 1622/827/497
f 1625/830/1162 1621/826/1161 1622/827/497
f 1621/826/1161 1625/830/1162 1626/831/1163
f 1621/826/1161 1626/831/1163 1627/832/1164
f 1621/826/1161 1627/832/1164 1628/833/1165
f 1629/834/1166 1630/811/1167 1631/835/1168
f 1632/836/1169 1629/834/1166 1631/835/1168
f 1633/837/1170 1630/811/1167 1629/834/1166
f 1634/838/1171 1633/837/1170 1629/834/1166
f 1634/838/1171 1635/839/1172 1633/837/1170
f 1635/839/1172 1636/840/1173 1633/837/1170
f 1632/836/1169 1637/841/1174 1629/834/1166
f 1637/841/1174 1638/842/1175 1629/834/1166
f 1634/838/1171 1629/834/1166 1639/842/1176
f 1640/843/1176 1634/838/1171 1639/842/1176
f 1634/838/1171 1641/843/1177 1635/839/1172
f 1641/843/1177 1642/844/1177 1635/839/1172
f 1643/845/1178 1644/846/1179 1645/847/1180
f 1643/845/1178 1645/847/1180 1646/848/1181
f 1645/847/1180 1647/849/1182 1646/848/1181
f 1648/850/1183 1645/847/1180 1644/846/1179
f 1649/851/1184 1648/850/1183 1644/846/1179
f 1649/851/1184 1650/852/1185 1648/850/1183
f 1650/852/1185 1651/853/1186 1648/850/1183
f 1652/854/1187 1653/849/1188 1654/847/1189
f 1655/855/1190 1652/854/1187 1654/847/1189
f 1655/855/1190 1654/847/1189 1656/850/1191
f 1657/856/1192 1655/855/1190 1656/850/1191
f 1658/810/1193 1659/857/1194 1660/858/1195
f 1661/809/1195 1658/810/1193 1660/858/1195
f 1662/811/1196 1659/857/1194 1658/810/1193
f 1663/858/1197 1664/857/1198 1665/837/1199
f 1666/840/1197 1663/858/1197 1665/837/1199
f 1665/837/1199 1664/857/1198 1667/811/1200
f 1668/811/1201 1669/807/1201 1670/808/1202
f 1671/835/1203 1668/811/1201 1670/808/1202
f 1670/808/1202 1672/859/1204 1671/835/1203
f 1672/859/1204 1673/836/1205 1671/835/1203
f 1672/859/1204 1674/841/1206 1673/836/1205
f 1670/808/1202 1675/860/1207 1672/859/1204
f 1670/808/1202 1676/805/1208 1675/860/1207
f 1676/805/1208 1677/817/1209 1675/860/1207
f 1678/861/1210 1679/862/1211 1680/863/1212
f 1680/863/1212 1679/862/1211 1681/864/1213
f 1682/865/1214 1680/863/1212 1681/864/1213
f 1683/866/1215 1682/865/1214 1681/864/1213
f 1684/867/1216 1683/866/1215 1681/864/1213
f 1684/867/1216 1685/868/1217 1683/866/1215
f 1683/866/1215 1686/869/1218 1682/865/1214
f 1686/869/1218 1687/819/1219 1682/865/1214
f 1686/869/1218 1688/818/1209 1687/819/1219
f 1689/870/497 1690/871/497 1691/872/497
f 1689/870/497 1691/872/497 1692/873/497
f 1691/872/497 1693/874/1220 1692/873/497
f 1694/875/497 1692/873/497 1693/874/1220
f 1693/874/1220 1695/876/1221 1694/875/497
f 1694/875/497 1696/877/497 1692/873/497
f 1696/877/497 1697/878/497 1692/873/497
f 1698/879/1222 1695/876/1221 1693/874/1220
f 1699/880/1223 1698/879/1222 1693/874/1220
f 1699/880/1223 1693/874/1220 1700/881/1165
f 1701/882/1224 1702/867/1225 1703/864/1226
f 1704/862/1227 1701/882/1224 1703/864/1226
f 1701/882/1224 1704/862/1227 1705/883/1228
f 1704/862/1227 1706/884/1229 1705/883/1228
f 1707/885/1230 1705/883/1228 1706/884/1229
f 1708/886/1231 1707/885/1230 1706/884/1229
f 1707/885/1230 1709/887/1232 1705/883/1228
f 1709/887/1232 1710/888/1232 1705/883/1228
f 1701/882/1224 1705/883/1228 1711/889/1233
f 1705/883/1228 1712/888/1234 1711/889/1233
f 1701/882/1224 1713/889/1235 1702/867/1225
f 1713/889/1235 1714/868/1236 1702/867/1225
f 1715/847/1237 1716/845/1238 1717/890/1239
f 1717/890/1239 1718/849/1240 1715/847/1237
f 1715/847/1237 1719/846/1241 1716/845/1238
f 1715/847/1237 1720/850/1242 1719/846/1241
f 1720/850/1242 1721/851/1243 1719/846/1241
f 1720/850/1242 1722/852/1244 1721/851/1243
f 1720/850/1242 1723/853/1245 1722/852/1244
f 1724/849/1246 1725/854/1247 1726/855/1190
f 1727/847/1248 1724/849/1246 1726/855/1190
f 1727/847/1248 1726/855/1190 1728/856/1249
f 1729/850/1250 1727/847/1248 1728/856/1249
f 1730/891/1251 1731/892/1252 1732/861/1253
f 1733/863/1254 1730/891/1251 1732/861/1253
f 1730/891/1251 1733/863/1254 1734/893/1255
f 1735/894/1256 1734/893/1255 1733/863/1254
f 1736/865/1257 1735/894/1256 1733/863/1254
f 1735/894/1256 1736/865/1257 1737/819/1258
f 1735/894/1256 1737/819/1258 1738/815/1259
f 1738/815/1259 1734/893/1255 1735/894/1256
f 1738/815/1259 1739/814/1260 1734/893/1255
f 1739/814/1260 1740/821/1261 1734/893/1255
f 1740/821/1261 1730/891/1251 1734/893/1255
f 1740/821/1261 1741/895/1262 1730/891/1251
f 1742/861/1263 1743/892/1195 1744/896/1195
f 1745/897/1264 1742/861/1263 1744/896/1195
f 1742/861/1263 1745/897/1264 1746/862/1196
f 1747/896/1265 1748/886/1265 1749/884/1266
f 1750/897/1267 1747/896/1265 1749/884/1266
f 1750/897/1267 1749/884/1266 1751/862/1268
f 1752/820/1269 1753/801/1270 1754/898/1269
f 1755/821/1271 1752/820/1269 1754/898/1269
f 1753/801/1270 1756/899/1272 1754/898/1269
f 1757/900/1273 1755/821/1271 1754/898/1269
f 1753/801/1270 1758/804/1274 1756/899/1272
f 1757/900/1273 1759/895/1275 1755/821/1271
f 1760/853/1276 1761/901/1209 1762/902/1209
f 1763/903/1277 1760/853/1276 1762/902/1209
f 1763/903/1277 1764/856/1278 1760/853/1276
f 1764/856/1278 1765/850/1279 1760/853/1276
f 1766/853/1280 1767/903/1281 1768/902/1209
f 1769/901/1209 1766/853/1280 1768/902/1209
f 1766/853/1280 1770/850/1278 1767/903/1281
f 1770/850/1278 1771/856/1282 1767/903/1281
f 1772/904/1283 1773/845/1283 1774/848/1283
f 1775/845/1283 1776/904/1283 1777/890/1283
f 1778/905/1284 1779/906/1285 1780/907/1285
f 1781/908/1286 1778/905/1284 1780/907/1285
f 1781/908/1286 1780/907/1285 1782/909/1285
f 1783/910/1284 1781/908/1286 1782/909/1285
f 1784/911/1287 1781/908/1286 1783/910/1284
f 1785/912/1287 1784/911/1287 1783/910/1284
f 1786/913/1287 1778/905/1284 1781/908/1286
f 1784/911/1287 1786/913/1287 1781/908/1286
f 1786/913/1287 1787/914/1287 1778/905/1284
f 1788/915/1287 1785/912/1287 1783/910/1284
f 1789/916/1288 1790/917/1288 1791/918/1288
f 1792/919/1288 1790/917/1288 1789/916/1288
f 1793/920/1288 1790/917/1288 1792/919/1288
f 1794/921/1288 1790/917/1288 1793/920/1288
f 1795/922/1288 1790/917/1288 1794/921/1288
f 1791/918/1288 1790/917/1288 1795/922/1288
f 1796/923/1289 1797/924/1290 1798/925/1291
f 1799/926/1292 1796/923/1289 1798/925/1291
f 1798/925/1291 1797/924/1290 1800/927/1293
f 1801/928/1294 1798/925/1291 1800/927/1293
f 1797/924/1290 1796/923/1289 1802/929/1295
f 1797/924/1290 1802/929/1295 1800/927/1293
f 1796/923/1289 1803/930/1296 1802/929/1295
f 1802/929/1295 1804/931/1297 1800/927/1293
f 1801/928/1294 1800/927/1293 1805/932/1298
f 1800/927/1293 1804/931/1297 1805/932/1298
f 1806/933/1299 1801/928/1294 1805/932/1298
f 1807/934/1300 1803/930/1296 1796/923/1289
f 1807/934/1300 1796/923/1289 1799/926/1292
f 1808/935/1301 1807/934/1300 1799/926/1292
f 1808/935/1301 1809/936/1302 1807/934/1300
f 1799/926/1292 1810/937/1303 1808/935/1301
f 1798/925/1291 1811/938/1304 1799/926/1292
f 1811/938/1304 1812/937/1304 1799/926/1292
f 1810/937/1303 1813/939/1305 1808/935/1301
f 1813/939/1305 1814/940/1306 1808/935/1301
f 1808/935/1301 1814/940/1306 1809/936/1302
f 1815/941/1307 1809/936/1302 1814/940/1306
f 1815/941/1307 1816/942/1308 1809/936/1302
f 1816/942/1308 1817/943/1309 1809/936/1302
f 1809/936/1302 1817/943/1309 1818/944/1310
f 1819/945/1311 1809/936/1302 1818/944/1310
f 1817/943/1309 1816/942/1308 1820/946/1312
f 1818/944/1310 1817/943/1309 1820/946/1312
f 1820/946/1312 1816/942/1308 1821/947/1313
f 1816/942/1308 1822/941/1314 1821/947/1313
f 1823/948/1315 1821/947/1313 1822/941/1314
f 1824/949/1316 1823/948/1315 1822/941/1314
f 1815/941/1307 1814/940/1306 1825/949/1317
f 1825/949/1317 1814/940/1306 1813/939/1305
f 1826/948/1318 1825/949/1317 1813/939/1305
f 1811/938/1304 1798/925/1291 1827/950/1319
f 1798/925/1291 1801/928/1294 1827/950/1319
f 1827/950/1319 1801/928/1294 1806/933/1299
f 1827/950/1319 1806/933/1299 1828/951/1320
f 1806/933/1299 1829/952/1321 1828/951/1320
f 1806/933/1299 1830/953/1322 1829/952/1321
f 1830/953/1322 1831/954/1323 1829/952/1321
f 1830/953/1322 1832/955/1324 1831/954/1323
f 1832/955/1324 1833/956/1325 1831/954/1323
f 1834/957/1326 1832/955/1324 1830/953/1322
f 1835/958/1327 1834/957/1326 1830/953/1322
f 1831/954/1323 1836/959/1328 1829/952/1321
f 1836/959/1328 1831/954/1323 1837/960/1329
f 1829/952/1321 1836/959/1328 1837/960/1329
f 1828/951/1320 1829/952/1321 1837/960/1329
f 1831/954/1323 1838/961/1330 1837/960/1329
f 1838/961/1330 1831/954/1323 1839/956/1331
f 1840/962/1332 1838/961/1330 1839/956/1331
f 1841/957/1333 1840/962/1332 1839/956/1331
f 1842/955/1334 1841/957/1333 1839/956/1331
f 1806/933/1299 1805/932/1298 1830/953/1322
f 1805/932/1298 1843/963/1335 1830/953/1322
f 1844/929/1336 1845/930/1337 1846/964/1338
f 1847/965/1336 1844/929/1336 1846/964/1338
f 1844/929/1336 1847/965/1336 1848/931/1339
f 1847/965/1336 1849/966/1340 1848/931/1339
f 1846/964/1338 1845/930/1337 1850/967/1341
f 1845/930/1337 1851/934/1342 1850/967/1341
f 1851/934/1342 1852/968/1342 1850/967/1341
f 1849/966/1340 1853/969/1343 1848/931/1339
f 1853/969/1343 1854/963/1344 1848/931/1339
f 1854/963/1344 1855/932/1345 1848/931/1339
f 1856/970/1346 1857/971/1347 1858/972/1348
f 1859/973/1346 1856/970/1346 1858/972/1348
f 1857/971/1347 1860/974/1349 1858/972/1348
f 1860/974/1349 1861/975/1350 1858/972/1348
f 1861/975/1350 1860/974/1349 1862/976/1351
f 1860/974/1349 1863/977/1352 1862/976/1351
f 1863/977/1352 1864/978/1353 1862/976/1351
f 1863/977/1352 1860/974/1349 1864/978/1353
f 1864/978/1353 1865/979/1354 1862/976/1351
f 1860/974/1349 1866/980/1355 1864/978/1353
f 1867/981/1356 1868/907/1357 1869/906/1358
f 1870/982/1359 1867/981/1356 1869/906/1358
f 1867/981/1356 1871/983/1360 1868/907/1357
f 1871/983/1360 1872/909/1361 1868/907/1357
f 1867/981/1356 1870/982/1359 1873/984/1362
f 1874/985/1363 1867/981/1356 1873/984/1362
f 1867/981/1356 1874/985/1363 1875/986/1364
f 1871/983/1360 1867/981/1356 1875/986/1364
f 1876/967/1365 1877/968/1365 1878/936/1365
f 1879/945/1365 1876/967/1365 1878/936/1365
f 1880/958/1366 1881/953/1366 1882/963/1366
f 1883/969/1366 1880/958/1366 1882/963/1366
f 1884/979/1354 1885/978/1367 1886/977/1368
f 1887/976/1369 1884/979/1354 1886/977/1368
f 1886/977/1368 1885/978/1367 1888/987/1370
f 1887/976/1369 1886/977/1368 1888/987/1370
f 1889/975/1350 1887/976/1369 1888/987/1370
f 1889/975/1350 1888/987/1370 1890/972/1348
f 1888/987/1370 1891/988/1371 1890/972/1348
f 1890/972/1348 1891/988/1371 1892/989/1346
f 1893/973/1346 1890/972/1348 1892/989/1346
f 1885/978/1367 1894/980/1372 1888/987/1370
f 1895/938/1373 1896/950/1373 1897/990/1373
f 1898/991/1373 1895/938/1373 1897/990/1373
f 1895/938/1373 1898/991/1373 1899/937/1373
f 1898/991/1373 1900/992/1373 1899/937/1373
f 1901/992/1374 1902/993/1362 1903/939/1375
f 1904/937/1376 1901/992/1374 1903/939/1375
f 1905/948/1359 1903/939/1375 1902/993/1362
f 1906/994/1377 1907/995/1378 1908/996/1378
f 1909/997/1379 1906/994/1377 1908/996/1378
f 1910/998/1380 1906/994/1377 1909/997/1379
f 1911/999/1381 1910/998/1380 1909/997/1379
f 1912/1000/1382 1910/998/1380 1911/999/1381
f 1913/1001/1382 1912/1000/1382 1911/999/1381
f 1914/1002/1383 1912/1000/1382 1913/1001/1382
f 1915/1003/1384 1914/1002/1383 1913/1001/1382
f 1916/1004/1385 1914/1002/1383 1915/1003/1384
f 1917/1005/1386 1916/1004/1385 1915/1003/1384
f 1907/995/1378 1916/1004/1385 1917/1005/1386
f 1908/996/1378 1907/995/1378 1917/1005/1386
f 1918/1006/1387 1919/991/1387 1920/990/1388
f 1921/1007/1389 1918/1006/1387 1920/990/1388
f 1921/1007/1389 1920/990/1388 1922/1008/1390
f 1923/1009/1391 1921/1007/1389 1922/1008/1390
f 1918/1006/1387 1924/1010/1392 1919/991/1387
f 1924/1010/1392 1925/992/1393 1919/991/1387
f 1924/1010/1392 1926/1011/1394 1925/992/1393
f 1926/1011/1394 1927/993/1395 1925/992/1393
f 1928/1012/1396 1929/1013/1391 1930/986/1397
f 1931/985/1396 1928/1012/1396 1930/986/1397
f 1928/1012/1396 1931/985/1396 1932/984/1398
f 1933/1014/1399 1928/1012/1396 1932/984/1398
f 1934/921/1400 1935/920/1401 1936/994/1402
f 1937/998/1403 1934/921/1400 1936/994/1402
f 1936/994/1402 1935/920/1401 1938/995/1404
f 1935/920/1401 1939/919/1404 1938/995/1404
f 1938/995/1404 1939/919/1404 1940/1004/1405
f 1939/919/1404 1941/916/1406 1940/1004/1405
f 1940/1004/1405 1941/916/1406 1942/1002/1407
f 1941/916/1406 1943/918/1408 1942/1002/1407
f 1942/1002/1407 1943/918/1408 1944/1000/1409
f 1943/918/1408 1945/922/1409 1944/1000/1409
f 1945/922/1409 1934/921/1400 1937/998/1403
f 1944/1000/1409 1945/922/1409 1937/998/1403
f 1946/950/1410 1947/951/1411 1948/1008/1364
f 1949/990/1410 1946/950/1410 1948/1008/1364
f 1947/951/1411 1950/960/1360 1948/1008/1364
f 1809/936/1302 1951/968/1412 1807/934/1300
f 1952/1015/1413 1953/1016/1413 1954/1016/1413
f 1955/1015/1413 1952/1015/1413 1954/1016/1413
f 1956/1015/1414 1957/1017/1415 1958/1016/1416
f 1956/1015/1414 1959/1018/1417 1957/1017/1415
f 1960/1018/1418 1961/1017/1418 1962/1017/1418
f 1963/1018/1418 1960/1018/1418 1962/1017/1418
f 1964/1015/1419 1965/1016/1419 1966/1017/1420
f 1967/1018/1419 1964/1015/1419 1966/1017/1420
f 1968/1018/1421 1969/1015/1421 1970/1015/1421
f 1971/1018/1421 1968/1018/1421 1970/1015/1421
f 1972/1016/1422 1973/1017/1422 1974/1017/1422
f 1975/1016/1422 1972/1016/1422 1974/1017/1422
f 1976/1015/1423 1977/1015/1423 1978/1016/1423
f 1979/1016/1423 1976/1015/1423 1978/1016/1423
f 1980/1017/1424 1981/1015/1425 1982/1016/1426
f 1983/1018/1427 1981/1015/1425 1980/1017/1424
f 1984/1018/1428 1985/1018/1428 1986/1017/1428
f 1987/1017/1428 1984/1018/1428 1986/1017/1428
f 1988/1015/1429 1989/1018/1429 1990/1017/1430
f 1991/1016/1429 1988/1015/1429 1990/1017/1430
f 1992/1018/1431 1993/1018/1431 1994/1015/1431
f 1995/1015/1431 1992/1018/1431 1994/1015/1431
f 1996/1016/1432 1997/1016/1432 1998/1017/1432
f 1999/1017/1432 1996/1016/1432 1998/1017/1432
f 2000/1019/1433 2001/1020/1434 2002/1021/1435
f 2003/1022/1436 2000/1019/1433 2002/1021/1435
f 2004/1023/1437 2000/1019/1433 2003/1022/1436
f 2003/1022/1436 2002/1021/1435 2005/1024/1438
f 2006/1025/1439 2003/1022/1436 2005/1024/1438
f 2004/1023/1437 2003/1022/1436 2006/1025/1439
f 2007/1026/1440 2004/1023/1437 2006/1025/1439
f 2008/1023/1441 2009/1027/1442 2000/1019/1443
f 2000/1019/1443 2009/1027/1442 2010/1028/1444
f 2009/1027/1442 2011/1029/1444 2010/1028/1444
f 2008/1023/1441 2012/1026/1445 2009/1027/1442
f 2012/1026/1445 2013/1030/1446 2009/1027/1442
f 2001/1020/1447 2014/1019/1448 2015/1031/1449
f 2014/1019/1448 2016/1028/1450 2015/1031/1449
f 2015/1031/1449 2016/1028/1450 2017/1032/1451
f 2018/1033/1452 2015/1031/1449 2017/1032/1451
f 2017/1032/1451 2016/1028/1450 2019/1034/1453
f 2020/1035/1454 2015/1031/1449 2018/1033/1452
f 2021/1036/1455 2017/1032/1451 2019/1034/1453
f 2022/1037/1456 2021/1036/1455 2019/1034/1453
f 2016/1028/1450 2023/1029/1457 2019/1034/1453
f 2024/1038/1458 2025/1039/1459 2026/1040/1460
f 2024/1038/1458 2027/1041/1461 2025/1039/1459
f 2025/1039/1459 2027/1041/1461 2028/1042/1462
f 2028/1042/1462 2027/1041/1461 2029/1036/1463
f 2029/1036/1463 2027/1041/1461 2030/1032/1464
f 2030/1032/1464 2027/1041/1461 2024/1038/1458
f 2031/1033/1465 2030/1032/1464 2024/1038/1458
f 2032/1035/1466 2024/1038/1458 2026/1040/1460
f 2032/1035/1466 2031/1033/1465 2024/1038/1458
f 2026/1040/1460 2025/1039/1459 2033/1043/1467
f 2033/1043/1467 2025/1039/1459 2034/1044/1468
f 2025/1039/1459 2035/1045/1469 2034/1044/1468
f 2035/1045/1469 2025/1039/1459 2036/1046/1470
f 2036/1046/1470 2025/1039/1459 2028/1042/1462
f 2037/1047/1471 2035/1045/1469 2036/1046/1470
f 2035/1045/1469 2037/1047/1471 2038/1048/1472
f 2034/1044/1468 2035/1045/1469 2038/1048/1472
f 2039/1049/1473 2028/1042/1462 2029/1036/1463
f 2040/1050/1474 2041/1037/1475 2042/1034/1476
f 2043/1051/1477 2040/1050/1474 2042/1034/1476
f 2044/1051/1478 2045/1034/1478 2046/1029/1479
f 2047/1052/1479 2044/1051/1478 2046/1029/1479
f 2048/1053/1480 2049/1052/1481 2050/1027/1482
f 2049/1052/1481 2051/1029/1483 2050/1027/1482
f 2052/1054/497 2053/1055/497 2054/1056/497
f 2055/1057/497 2052/1054/497 2054/1056/497
f 2054/1056/497 2056/1058/497 2055/1057/497
f 2057/1059/497 2056/1058/497 2054/1056/497
f 2055/1057/497 2056/1058/497 2058/1060/497
f 2059/1061/1484 2060/1062/1484 2061/1063/1485
f 2062/1064/1484 2059/1061/1484 2061/1063/1485
f 2063/1064/1486 2064/1063/1486 2065/1065/1486
f 2066/1066/1486 2063/1064/1486 2065/1065/1486
f 2067/1066/7 2068/1067/7 2069/1064/7
f 2068/1067/7 2070/1068/7 2069/1064/7
f 2071/1069/7 2070/1068/7 2068/1067/7
f 2070/1068/7 2071/1069/7 2072/1070/7
f 2071/1069/7 2073/1071/7 2072/1070/7
f 2072/1070/7 2073/1071/7 2074/1072/7
f 2072/1070/7 2074/1072/7 2075/1073/7
f 2076/1074/7 2072/1070/7 2075/1073/7
f 2077/1075/7 2072/1070/7 2076/1074/7
f 2069/1064/7 2070/1068/7 2077/1075/7
f 2070/1068/7 2072/1070/7 2077/1075/7
f 2078/1076/7 2069/1064/7 2077/1075/7
f 2079/1061/7 2069/1064/7 2078/1076/7
f 2080/1020/1434 2081/1019/1487 2082/1022/1488
f 2083/1021/1489 2080/1020/1434 2082/1022/1488
f 2082/1022/1488 2081/1019/1487 2084/1023/1490
f 2082/1022/1488 2084/1023/1490 2085/1025/1491
f 2084/1023/1490 2086/1026/1492 2085/1025/1491
f 2082/1022/1488 2085/1025/1491 2087/1024/1493
f 2083/1021/1489 2082/1022/1488 2087/1024/1493
f 2088/1027/1494 2089/1023/1495 2081/1019/1487
f 2088/1027/1494 2081/1019/1487 2090/1028/1496
f 2091/1029/1496 2088/1027/1494 2090/1028/1496
f 2088/1027/1494 2092/1030/1497 2089/1023/1495
f 2092/1030/1497 2093/1026/1498 2089/1023/1495
f 2094/1019/1499 2080/1020/1434 2095/1031/1500
f 2096/1028/1501 2094/1019/1499 2095/1031/1500
f 2096/1028/1501 2095/1031/1500 2097/1032/1502
f 2095/1031/1500 2098/1033/1503 2097/1032/1502
f 2096/1028/1501 2097/1032/1502 2099/1034/1504
f 2095/1031/1500 2100/1035/1454 2098/1033/1503
f 2097/1032/1502 2101/1036/1505 2099/1034/1504
f 2101/1036/1505 2102/1037/1506 2099/1034/1504
f 2103/1029/1507 2096/1028/1501 2099/1034/1504
f 2104/1039/1508 2105/1038/1509 2106/1040/1510
f 2107/1041/1511 2105/1038/1509 2104/1039/1508
f 2107/1041/1511 2104/1039/1508 2108/1042/1512
f 2107/1041/1511 2108/1042/1512 2109/1036/1513
f 2107/1041/1511 2109/1036/1513 2110/1032/1514
f 2107/1041/1511 2110/1032/1514 2105/1038/1509
f 2110/1032/1514 2111/1033/1515 2105/1038/1509
f 2105/1038/1509 2112/1035/1466 2106/1040/1510
f 2105/1038/1509 2111/1033/1515 2112/1035/1466
f 2104/1039/1508 2106/1040/1510 2113/1043/1467
f 2104/1039/1508 2113/1043/1467 2114/1044/1468
f 2115/1045/1516 2104/1039/1508 2114/1044/1468
f 2104/1039/1508 2115/1045/1516 2116/1046/1517
f 2104/1039/1508 2116/1046/1517 2108/1042/1512
f 2115/1045/1516 2117/1047/1518 2116/1046/1517
f 2115/1045/1516 2114/1044/1468 2118/1048/1472
f 2117/1047/1518 2115/1045/1516 2118/1048/1472
f 2108/1042/1512 2119/1049/1519 2109/1036/1513
f 2120/1050/1520 2121/1051/1521 2122/1034/1522
f 2123/1037/1523 2120/1050/1520 2122/1034/1522
f 2124/1051/1524 2125/1052/1525 2126/1029/1525
f 2127/1034/1524 2124/1051/1524 2126/1029/1525
f 2128/1052/1526 2129/1053/1527 2130/1027/1528
f 2131/1029/1529 2128/1052/1526 2130/1027/1528
f 2132/1055/497 2133/1054/497 2134/1056/497
f 2133/1054/497 2135/1057/497 2134/1056/497
f 2136/1058/497 2134/1056/497 2135/1057/497
f 2136/1058/497 2137/1059/497 2134/1056/497
f 2136/1058/497 2135/1057/497 2138/1060/497
f 2139/1061/1530 2140/1064/1530 2141/1063/1531
f 2142/1062/1530 2139/1061/1530 2141/1063/1531
f 2143/1064/1532 2144/1066/1532 2145/1065/1532
f 2146/1063/1532 2143/1064/1532 2145/1065/1532
f 2147/1067/7 2148/1066/7 2149/1064/7
f 2150/1068/7 2147/1067/7 2149/1064/7
f 2150/1068/7 2151/1069/7 2147/1067/7
f 2151/1069/7 2150/1068/7 2152/1070/7
f 2153/1071/7 2151/1069/7 2152/1070/7
f 2153/1071/7 2152/1070/7 2154/1072/7
f 2154/1072/7 2152/1070/7 2155/1073/7
f 2152/1070/7 2156/1074/7 2155/1073/7
f 2152/1070/7 2157/1075/7 2156/1074/7
f 2150/1068/7 2149/1064/7 2157/1075/7
f 2152/1070/7 2150/1068/7 2157/1075/7
f 2149/1064/7 2158/1076/7 2157/1075/7
f 2149/1064/7 2159/1061/7 2158/1076/7
f 2160/1077/1533 2161/1078/1534 2162/1079/1535
f 2163/1080/1536 2160/1077/1533 2162/1079/1535
f 2164/1081/1537 2160/1077/1533 2163/1080/1536
f 2160/1077/1533 2165/1082/1538 2161/1078/1534
f 2165/1082/1538 2166/1083/1539 2161/1078/1534
f 2167/1084/1540 2165/1082/1538 2160/1077/1533
f 2168/1085/1541 2167/1084/1540 2160/1077/1533
f 2164/1081/1537 2168/1085/1541 2160/1077/1533
f 2169/1086/1542 2168/1085/1541 2164/1081/1537
f 2170/1087/1543 2169/1086/1542 2164/1081/1537
f 2171/1088/1544 2169/1086/1542 2170/1087/1543
f 2172/1089/1545 2171/1088/1544 2170/1087/1543
f 2173/1090/1546 2171/1088/1544 2172/1089/1545
f 2161/1078/1534 2166/1083/1539 2173/1090/1546
f 2174/1091/1547 2173/1090/1546 2172/1089/1545
f 2161/1078/1534 2173/1090/1546 2174/1091/1547
f 2162/1079/1535 2161/1078/1534 2174/1091/1547
f 2175/1092/1548 2167/1084/1540 2168/1085/1541
f 2169/1086/1542 2175/1092/1548 2168/1085/1541
f 2176/1093/1549 2175/1092/1548 2169/1086/1542
f 2171/1088/1544 2176/1093/1549 2169/1086/1542
f 2177/1094/1550 2176/1093/1549 2171/1088/1544
f 2173/1090/1546 2177/1094/1550 2171/1088/1544
f 2166/1083/1539 2177/1094/1550 2173/1090/1546
f 2163/1080/1536 2178/1095/1551 2164/1081/1537
f 2164/1081/1537 2178/1095/1551 2170/1087/1543
f 2170/1087/1543 2178/1095/1551 2172/1089/1545
f 2172/1089/1545 2178/1095/1551 2174/1091/1547
f 2162/1079/1535 2178/1095/1551 2163/1080/1536
f 2174/1091/1547 2178/1095/1551 2162/1079/1535
f 2179/1096/1552 2180/1097/1553 2181/1083/1554
f 2182/1098/1555 2179/1096/1552 2181/1083/1554
f 2183/1099/1556 2179/1096/1552 2182/1098/1555
f 2184/1100/1540 2183/1099/1556 2182/1098/1555
f 2185/1101/1557 2183/1099/1556 2184/1100/1540
f 2186/1102/1558 2185/1101/1557 2184/1100/1540
f 2187/1088/1559 2185/1101/1557 2186/1102/1558
f 2188/1103/1549 2187/1088/1559 2186/1102/1558
f 2189/1090/1560 2187/1088/1559 2188/1103/1549
f 2190/1104/1550 2189/1090/1560 2188/1103/1549
f 2180/1097/1553 2189/1090/1560 2190/1104/1550
f 2181/1083/1554 2180/1097/1553 2190/1104/1550
f 2179/1096/1552 2191/1105/1561 2180/1097/1553
f 2191/1105/1561 2192/1106/1562 2180/1097/1553
f 2183/1099/1556 2193/1107/1563 2179/1096/1552
f 2193/1107/1563 2191/1105/1561 2179/1096/1552
f 2194/1108/1564 2193/1107/1563 2183/1099/1556
f 2185/1101/1557 2194/1108/1564 2183/1099/1556
f 2195/1109/1565 2194/1108/1564 2185/1101/1557
f 2187/1088/1559 2195/1109/1565 2185/1101/1557
f 2196/1110/1566 2195/1109/1565 2187/1088/1559
f 2189/1090/1560 2196/1110/1566 2187/1088/1559
f 2180/1097/1553 2192/1106/1562 2196/1110/1566
f 2180/1097/1553 2196/1110/1566 2189/1090/1560
f 2191/1105/1561 2197/1095/1567 2192/1106/1562
f 2193/1107/1563 2197/1095/1567 2191/1105/1561
f 2194/1108/1564 2197/1095/1567 2193/1107/1563
f 2195/1109/1565 2197/1095/1567 2194/1108/1564
f 2196/1110/1566 2197/1095/1567 2195/1109/1565
f 2192/1106/1562 2197/1095/1567 2196/1110/1566
f 2198/1111/1568 2199/1112/1569 2200/1113/1570
f 2201/1114/1571 2200/1113/1570 2199/1112/1569
f 2202/1115/1572 2198/1111/1568 2200/1113/1570
f 2203/1116/1573 2202/1115/1572 2200/1113/1570
f 2204/1117/1574 2200/1113/1570 2201/1114/1571
f 2205/1118/1575 2200/1113/1570 2204/1117/1574
f 2206/1114/1576 2207/1112/1577 2208/1113/1578
f 2209/1111/1579 2208/1113/1578 2207/1112/1577
f 2210/1115/1580 2208/1113/1578 2209/1111/1579
f 2211/1117/1581 2206/1114/1576 2208/1113/1578
f 2212/1118/1582 2211/1117/1581 2208/1113/1578
f 2213/1116/1583 2208/1113/1578 2210/1115/1580
f 2214/1111/1584 2215/1119/1585 2216/1120/1586
f 2217/1112/1587 2214/1111/1584 2216/1120/1586
f 2217/1112/1587 2216/1120/1586 2218/1114/1588
f 2216/1120/1586 2219/1121/1589 2218/1114/1588
f 2218/1114/1588 2219/1121/1589 2220/1122/1590
f 2221/1123/1591 2215/1119/1585 2214/1111/1584
f 2222/1115/1592 2221/1123/1591 2214/1111/1584
f 2221/1123/1591 2222/1115/1592 2223/1116/1593
f 2224/1124/1593 2221/1123/1591 2223/1116/1593
f 2225/1117/1594 2218/1114/1588 2220/1122/1590
f 2220/1122/1590 2226/1125/1595 2225/1117/1594
f 2226/1125/1595 2227/1118/1595 2225/1117/1594
f 2228/1111/1596 2229/1119/1597 2230/1123/1598
f 2231/1120/1599 2229/1119/1597 2228/1111/1596
f 2232/1112/1599 2231/1120/1599 2228/1111/1596
f 2232/1112/1599 2233/1114/1600 2231/1120/1599
f 2233/1114/1600 2234/1121/1601 2231/1120/1599
f 2235/1122/1602 2234/1121/1601 2233/1114/1600
f 2236/1115/1603 2228/1111/1596 2230/1123/1598
f 2237/1117/1604 2235/1122/1602 2233/1114/1600
f 2235/1122/1602 2237/1117/1604 2238/1118/1605
f 2239/1126/1605 2235/1122/1602 2238/1118/1605
f 2230/1123/1598 2240/1124/1606 2236/1115/1603
f 2240/1124/1606 2241/1116/1606 2236/1115/1603
f 2242/1122/1607 2243/1127/1608 2244/1121/1609
f 2242/1122/1607 2245/1126/1610 2243/1127/1608
f 2243/1127/1608 2246/1128/1611 2244/1121/1609
f 2243/1127/1608 2247/1129/1612 2246/1128/1611
f 2247/1129/1612 2248/1130/1613 2246/1128/1611
f 2249/1120/1614 2244/1121/1609 2246/1128/1611
f 2249/1120/1614 2246/1128/1611 2250/1131/1615
f 2250/1131/1615 2246/1128/1611 2248/1130/1613
f 2250/1131/1615 2248/1130/1613 2251/1132/1616
f 2251/1132/1616 2248/1130/1613 2252/1133/1617
f 2253/1134/1618 2252/1133/1617 2248/1130/1613
f 2247/1129/1612 2253/1134/1618 2248/1130/1613
f 2251/1132/1616 2252/1133/1617 2254/1135/1619
f 2250/1131/1615 2251/1132/1616 2254/1135/1619
f 2254/1135/1619 2252/1133/1617 2255/1136/1620
f 2249/1120/1614 2250/1131/1615 2256/1137/1621
f 2250/1131/1615 2254/1135/1619 2256/1137/1621
f 2256/1137/1621 2254/1135/1619 2257/1138/1622
f 2254/1135/1619 2255/1136/1620 2257/1138/1622
f 2256/1137/1621 2257/1138/1622 2258/1139/1623
f 2259/1119/1624 2256/1137/1621 2258/1139/1623
f 2249/1120/1614 2256/1137/1621 2259/1119/1624
f 2260/1123/1625 2259/1119/1624 2258/1139/1623
f 2261/1124/1626 2260/1123/1625 2258/1139/1623
f 2262/1120/1627 2263/1119/1628 2264/1137/1629
f 2262/1120/1627 2264/1137/1629 2265/1131/1630
f 2265/1131/1630 2264/1137/1629 2266/1135/1631
f 2267/1138/1632 2266/1135/1631 2264/1137/1629
f 2268/1139/1623 2267/1138/1632 2264/1137/1629
f 2268/1139/1623 2264/1137/1629 2263/1119/1628
f 2269/1123/1633 2268/1139/1623 2263/1119/1628
f 2269/1123/1633 2270/1124/1634 2268/1139/1623
f 2262/1120/1627 2265/1131/1630 2271/1128/1635
f 2262/1120/1627 2271/1128/1635 2272/1121/1636
f 2272/1121/1636 2271/1128/1635 2273/1140/1637
f 2271/1128/1635 2274/1129/1638 2273/1140/1637
f 2275/1122/1639 2272/1121/1636 2273/1140/1637
f 2276/1125/1640 2275/1122/1639 2273/1140/1637
f 2271/1128/1635 2277/1130/1641 2274/1129/1638
f 2265/1131/1630 2277/1130/1641 2271/1128/1635
f 2277/1130/1641 2278/1134/1618 2274/1129/1638
f 2277/1130/1641 2279/1133/1617 2278/1134/1618
f 2280/1132/1642 2266/1135/1631 2279/1133/1617
f 2280/1132/1642 2279/1133/1617 2277/1130/1641
f 2265/1131/1630 2280/1132/1642 2277/1130/1641
f 2265/1131/1630 2266/1135/1631 2280/1132/1642
f 2281/1141/1620 2279/1133/1617 2266/1135/1631
f 2267/1138/1632 2281/1141/1620 2266/1135/1631
f 2282/1142/1643 2283/1143/1644 2284/1144/1645
f 2285/1145/1646 2282/1142/1643 2284/1144/1645
f 2286/1146/1647 2282/1142/1643 2285/1145/1646
f 2287/1147/1648 2286/1146/1647 2285/1145/1646
f 2284/1144/1645 2283/1143/1644 2288/1148/1649
f 2283/1143/1644 2289/1149/1650 2288/1148/1649
f 2284/1144/1645 2290/1150/1651 2285/1145/1646
f 2285/1145/1646 2290/1150/1651 2287/1147/1648
f 2288/1148/1649 2290/1150/1651 2284/1144/1645
f 2291/1142/1652 2292/1146/1653 2293/1147/1648
f 2294/1151/1654 2291/1142/1652 2293/1147/1648
f 2295/1143/1655 2291/1142/1652 2294/1151/1654
f 2296/1144/1656 2295/1143/1655 2294/1151/1654
f 2297/1149/1650 2295/1143/1655 2296/1144/1656
f 2298/1148/1649 2297/1149/1650 2296/1144/1656
f 2293/1147/1648 2299/1150/1657 2294/1151/1654
f 2294/1151/1654 2299/1150/1657 2296/1144/1656
f 2296/1144/1656 2299/1150/1657 2298/1148/1649
f 2300/1152/1658 2301/1153/1659 2302/1143/1659
f 2303/1142/1658 2300/1152/1658 2302/1143/1659
f 2304/1154/1660 2300/1152/1658 2303/1142/1658
f 2305/1146/1661 2304/1154/1660 2303/1142/1658
f 2302/1143/1659 2301/1153/1659 2306/1149/1662
f 2301/1153/1659 2307/1155/1662 2306/1149/1662
f 2308/1152/1663 2309/1154/1664 2310/1146/1664
f 2311/1142/1663 2308/1152/1663 2310/1146/1664
f 2312/1153/1665 2308/1152/1663 2311/1142/1663
f 2313/1143/1665 2312/1153/1665 2311/1142/1663
f 2314/1155/1666 2312/1153/1665 2313/1143/1665
f 2315/1149/1667 2314/1155/1666 2313/1143/1665
f 2316/1156/1668 2317/1157/1669 2318/1153/1670
f 2319/1152/1671 2316/1156/1668 2318/1153/1670
f 2320/1158/1672 2316/1156/1668 2319/1152/1671
f 2321/1154/1672 2320/1158/1672 2319/1152/1671
f 2318/1153/1670 2317/1157/1669 2322/1155/1673
f 2317/1157/1669 2323/1159/1673 2322/1155/1673
f 2324/1156/1674 2325/1158/1675 2326/1154/1675
f 2327/1152/1674 2324/1156/1674 2326/1154/1675
f 2328/1157/1676 2324/1156/1674 2327/1152/1674
f 2329/1153/1676 2328/1157/1676 2327/1152/1674
f 2330/1159/1677 2328/1157/1676 2329/1153/1676
f 2331/1155/1677 2330/1159/1677 2329/1153/1676
f 2332/1160/1678 2333/1161/1679 2334/1157/1680
f 2335/1156/1681 2332/1160/1678 2334/1157/1680
f 2336/1162/1682 2332/1160/1678 2335/1156/1681
f 2337/1158/1683 2336/1162/1682 2335/1156/1681
f 2334/1157/1680 2333/1161/1679 2338/1159/1684
f 2333/1161/1679 2339/1163/1685 2338/1159/1684
f 2332/1160/1678 2340/1164/1686 2333/1161/1679
f 2336/1162/1682 2340/1164/1686 2332/1160/1678
f 2333/1161/1679 2340/1164/1686 2339/1163/1685
f 2341/1160/1687 2342/1162/1682 2343/1158/1688
f 2344/1156/1689 2341/1160/1687 2343/1158/1688
f 2345/1161/1690 2341/1160/1687 2344/1156/1689
f 2346/1157/1691 2345/1161/1690 2344/1156/1689
f 2347/1163/1685 2345/1161/1690 2346/1157/1691
f 2348/1159/1684 2347/1163/1685 2346/1157/1691
f 2341/1160/1687 2349/1164/1692 2342/1162/1682
f 2345/1161/1690 2349/1164/1692 2341/1160/1687
f 2347/1163/1685 2349/1164/1692 2345/1161/1690
f 2350/905/1693 2351/908/1694 2352/907/1695
f 2353/906/1695 2350/905/1693 2352/907/1695
f 2352/907/1695 2351/908/1694 2354/909/1695
f 2351/908/1694 2355/910/1693 2354/909/1695
f 2351/908/1694 2356/911/1696 2355/910/1693
f 2356/911/1696 2357/912/1696 2355/910/1693
f 2358/913/1696 2356/911/1696 2351/908/1694
f 2350/905/1693 2358/913/1696 2351/908/1694
f 2359/914/1696 2358/913/1696 2350/905/1693
f 2357/912/1696 2360/915/1696 2355/910/1693
f 2361/917/1697 2362/916/1697 2363/918/1697
f 2361/917/1697 2364/919/1697 2362/916/1697
f 2361/917/1697 2365/920/1697 2364/919/1697
f 2361/917/1697 2366/921/1697 2365/920/1697
f 2361/917/1697 2367/922/1697 2366/921/1697
f 2361/917/1697 2363/918/1697 2367/922/1697
f 2368/923/1698 2369/926/1699 2370/925/1700
f 2371/924/1701 2368/923/1698 2370/925/1700
f 2371/924/1701 2370/925/1700 2372/927/1702
f 2370/925/1700 2373/928/1703 2372/927/1702
f 2368/923/1698 2371/924/1701 2374/929/1704
f 2374/929/1704 2371/924/1701 2372/927/1702
f 2375/930/1705 2368/923/1698 2374/929/1704
f 2376/931/1706 2374/929/1704 2372/927/1702
f 2372/927/1702 2373/928/1703 2377/932/1707
f 2376/931/1706 2372/927/1702 2377/932/1707
f 2373/928/1703 2378/933/1708 2377/932/1707
f 2375/930/1705 2379/934/1709 2368/923/1698
f 2368/923/1698 2379/934/1709 2369/926/1699
f 2379/934/1709 2380/935/1710 2369/926/1699
f 2381/936/1711 2380/935/1710 2379/934/1709
f 2382/937/1712 2369/926/1699 2380/935/1710
f 2383/938/1713 2370/925/1700 2369/926/1699
f 2384/937/1713 2383/938/1713 2369/926/1699
f 2385/939/1714 2382/937/1712 2380/935/1710
f 2386/940/1715 2385/939/1714 2380/935/1710
f 2386/940/1715 2380/935/1710 2381/936/1711
f 2381/936/1711 2387/941/1716 2386/940/1715
f 2388/942/1717 2387/941/1716 2381/936/1711
f 2389/943/1718 2388/942/1717 2381/936/1711
f 2389/943/1718 2381/936/1711 2390/944/1719
f 2381/936/1711 2391/945/1720 2390/944/1719
f 2389/943/1718 2390/944/1719 2392/946/1721
f 2388/942/1717 2389/943/1718 2392/946/1721
f 2388/942/1717 2392/946/1721 2393/947/1722
f 2394/941/1716 2388/942/1717 2393/947/1722
f 2393/947/1722 2395/948/1723 2394/941/1716
f 2395/948/1723 2396/949/1724 2394/941/1716
f 2386/940/1715 2387/941/1716 2397/949/1725
f 2386/940/1715 2397/949/1725 2385/939/1714
f 2397/949/1725 2398/948/1726 2385/939/1714
f 2370/925/1700 2383/938/1713 2399/950/1727
f 2373/928/1703 2370/925/1700 2399/950/1727
f 2373/928/1703 2399/950/1727 2378/933/1708
f 2378/933/1708 2399/950/1727 2400/951/1728
f 2401/952/1729 2378/933/1708 2400/951/1728
f 2402/953/1730 2378/933/1708 2401/952/1729
f 2403/954/1731 2402/953/1730 2401/952/1729
f 2404/955/1732 2402/953/1730 2403/954/1731
f 2405/956/1733 2404/955/1732 2403/954/1731
f 2404/955/1732 2406/957/1734 2402/953/1730
f 2406/957/1734 2407/958/1735 2402/953/1730
f 2408/959/1736 2403/954/1731 2401/952/1729
f 2403/954/1731 2408/959/1736 2409/960/1737
f 2401/952/1729 2400/951/1728 2409/960/1737
f 2408/959/1736 2401/952/1729 2409/960/1737
f 2410/961/1738 2403/954/1731 2409/960/1737
f 2403/954/1731 2410/961/1738 2411/956/1739
f 2410/961/1738 2412/962/1740 2411/956/1739
f 2412/962/1740 2413/957/1734 2411/956/1739
f 2413/957/1734 2414/955/1741 2411/956/1739
f 2377/932/1707 2378/933/1708 2402/953/1730
f 2415/963/1742 2377/932/1707 2402/953/1730
f 2416/929/1743 2417/965/1743 2418/964/1744
f 2419/930/1745 2416/929/1743 2418/964/1744
f 2417/965/1743 2416/929/1743 2420/931/1746
f 2421/966/1747 2417/965/1743 2420/931/1746
f 2419/930/1745 2418/964/1744 2422/967/1748
f 2423/934/1749 2419/930/1745 2422/967/1748
f 2424/968/1749 2423/934/1749 2422/967/1748
f 2425/969/1750 2421/966/1747 2420/931/1746
f 2426/963/1751 2425/969/1750 2420/931/1746
f 2427/932/1752 2426/963/1751 2420/931/1746
f 2428/970/1753 2429/973/1753 2430/972/1754
f 2431/971/1755 2428/970/1753 2430/972/1754
f 2432/974/1756 2431/971/1755 2430/972/1754
f 2433/975/1757 2432/974/1756 2430/972/1754
f 2432/974/1756 2433/975/1757 2434/976/1758
f 2435/977/1759 2432/974/1756 2434/976/1758
f 2436/978/1760 2435/977/1759 2434/976/1758
f 2432/974/1756 2435/977/1759 2436/978/1760
f 2437/979/1761 2436/978/1760 2434/976/1758
f 2438/980/1762 2432/974/1756 2436/978/1760
f 2439/981/1763 2440/982/1764 2441/906/1765
f 2442/907/1766 2439/981/1763 2441/906/1765
f 2443/983/1767 2439/981/1763 2442/907/1766
f 2444/909/1768 2443/983/1767 2442/907/1766
f 2440/982/1764 2439/981/1763 2445/984/1769
f 2439/981/1763 2446/985/1770 2445/984/1769
f 2439/981/1763 2443/983/1767 2447/986/1771
f 2446/985/1770 2439/981/1763 2447/986/1771
f 2448/967/1772 2449/945/1772 2450/936/1772
f 2451/968/1772 2448/967/1772 2450/936/1772
f 2452/958/1773 2453/969/1773 2454/963/1773
f 2455/953/1773 2452/958/1773 2454/963/1773
f 2456/979/1761 2457/976/1774 2458/977/1775
f 2459/978/1776 2456/979/1761 2458/977/1775
f 2459/978/1776 2458/977/1775 2460/987/1777
f 2458/977/1775 2457/976/1774 2460/987/1777
f 2457/976/1774 2461/975/1757 2460/987/1777
f 2460/987/1777 2461/975/1757 2462/972/1754
f 2463/988/1778 2460/987/1777 2462/972/1754
f 2463/988/1778 2462/972/1754 2464/989/1753
f 2462/972/1754 2465/973/1753 2464/989/1753
f 2466/980/1779 2459/978/1776 2460/987/1777
f 2467/938/1780 2468/991/1780 2469/990/1780
f 2470/950/1780 2467/938/1780 2469/990/1780
f 2468/991/1780 2467/938/1780 2471/937/1780
f 2472/992/1780 2468/991/1780 2471/937/1780
f 2473/992/1781 2474/937/1782 2475/939/1783
f 2476/993/1769 2473/992/1781 2475/939/1783
f 2475/939/1783 2477/948/1764 2476/993/1769
f 2478/994/1784 2479/997/1785 2480/996/1786
f 2481/995/1786 2478/994/1784 2480/996/1786
f 2478/994/1784 2482/998/1787 2479/997/1785
f 2482/998/1787 2483/999/1788 2479/997/1785
f 2482/998/1787 2484/1000/1789 2483/999/1788
f 2484/1000/1789 2485/1001/1789 2483/999/1788
f 2484/1000/1789 2486/1002/1790 2485/1001/1789
f 2486/1002/1790 2487/1003/1791 2485/1001/1789
f 2486/1002/1790 2488/1004/1792 2487/1003/1791
f 2488/1004/1792 2489/1005/1793 2487/1003/1791
f 2481/995/1786 2480/996/1786 2489/1005/1793
f 2488/1004/1792 2481/995/1786 2489/1005/1793
f 2490/1006/1794 2491/1007/1795 2492/990/1796
f 2493/991/1794 2490/1006/1794 2492/990/1796
f 2492/990/1796 2491/1007/1795 2494/1008/1797
f 2491/1007/1795 2495/1009/1798 2494/1008/1797
f 2496/1010/1799 2490/1006/1794 2493/991/1794
f 2497/992/1800 2496/1010/1799 2493/991/1794
f 2498/1011/1801 2496/1010/1799 2497/992/1800
f 2499/993/1802 2498/1011/1801 2497/992/1800
f 2500/1012/1803 2501/985/1803 2502/986/1804
f 2503/1013/1798 2500/1012/1803 2502/986/1804
f 2501/985/1803 2500/1012/1803 2504/984/1802
f 2500/1012/1803 2505/1014/1805 2504/984/1802
f 2506/921/1806 2507/998/1807 2508/994/1808
f 2509/920/1809 2506/921/1806 2508/994/1808
f 2509/920/1809 2508/994/1808 2510/995/1810
f 2511/919/1810 2509/920/1809 2510/995/1810
f 2511/919/1810 2510/995/1810 2512/1004/1811
f 2513/916/1812 2511/919/1810 2512/1004/1811
f 2513/916/1812 2512/1004/1811 2514/1002/1813
f 2515/918/1814 2513/916/1812 2514/1002/1813
f 2515/918/1814 2514/1002/1813 2516/1000/1815
f 2517/922/1815 2515/918/1814 2516/1000/1815
f 2517/922/1815 2516/1000/1815 2507/998/1807
f 2506/921/1806 2517/922/1815 2507/998/1807
f 2518/950/1816 2519/990/1816 2520/1008/1771
f 2521/951/1817 2518/950/1816 2520/1008/1771
f 2522/960/1767 2521/951/1817 2520/1008/1771
f 2523/968/1818 2381/936/1711 2379/934/1709
f 2524/1077/1819 2525/1080/1820 2526/1079/1821
f 2527/1078/1822 2524/1077/1819 2526/1079/1821
f 2524/1077/1819 2528/1081/1823 2525/1080/1820
f 2529/1082/1824 2524/1077/1819 2527/1078/1822
f 2530/1083/1825 2529/1082/1824 2527/1078/1822
f 2529/1082/1824 2531/1084/1540 2524/1077/1819
f 2531/1084/1540 2532/1085/1826 2524/1077/1819
f 2532/1085/1826 2528/1081/1823 2524/1077/1819
f 2532/1085/1826 2533/1086/1827 2528/1081/1823
f 2533/1086/1827 2534/1087/1828 2528/1081/1823
f 2533/1086/1827 2535/1088/1829 2534/1087/1828
f 2535/1088/1829 2536/1089/1830 2534/1087/1828
f 2535/1088/1829 2537/1090/1831 2536/1089/1830
f 2530/1083/1825 2527/1078/1822 2537/1090/1831
f 2537/1090/1831 2538/1091/1832 2536/1089/1830
f 2537/1090/1831 2527/1078/1822 2538/1091/1832
f 2527/1078/1822 2526/1079/1821 2538/1091/1832
f 2539/1092/1833 2533/1086/1827 2532/1085/1826
f 2531/1084/1540 2539/1092/1833 2532/1085/1826
f 2540/1093/1834 2535/1088/1829 2533/1086/1827
f 2539/1092/1833 2540/1093/1834 2533/1086/1827
f 2541/1094/1550 2537/1090/1831 2535/1088/1829
f 2540/1093/1834 2541/1094/1550 2535/1088/1829
f 2541/1094/1550 2530/1083/1825 2537/1090/1831
f 2542/1095/1835 2528/1081/1823 2534/1087/1828
f 2542/1095/1835 2534/1087/1828 2536/1089/1830
f 2542/1095/1835 2536/1089/1830 2538/1091/1832
f 2542/1095/1835 2525/1080/1820 2528/1081/1823
f 2542/1095/1835 2526/1079/1821 2525/1080/1820
f 2542/1095/1835 2538/1091/1832 2526/1079/1821
f 2543/1096/1836 2544/1098/1824 2545/1083/1825
f 2546/1097/1837 2543/1096/1836 2545/1083/1825
f 2543/1096/1836 2547/1099/1838 2544/1098/1824
f 2547/1099/1838 2548/1100/1540 2544/1098/1824
f 2547/1099/1838 2549/1101/1839 2548/1100/1540
f 2549/1101/1839 2550/1102/1840 2548/1100/1540
f 2549/1101/1839 2551/1088/1841 2550/1102/1840
f 2551/1088/1841 2552/1103/1834 2550/1102/1840
f 2551/1088/1841 2553/1090/1842 2552/1103/1834
f 2553/1090/1842 2554/1104/1550 2552/1103/1834
f 2546/1097/1837 2545/1083/1825 2554/1104/1550
f 2553/1090/1842 2546/1097/1837 2554/1104/1550
f 2555/1105/1843 2543/1096/1836 2546/1097/1837
f 2556/1106/1844 2555/1105/1843 2546/1097/1837
f 2557/1107/1845 2547/1099/1838 2543/1096/1836
f 2555/1105/1843 2557/1107/1845 2543/1096/1836
f 2558/1108/1846 2549/1101/1839 2547/1099/1838
f 2557/1107/1845 2558/1108/1846 2547/1099/1838
f 2559/1109/1847 2551/1088/1841 2549/1101/1839
f 2558/1108/1846 2559/1109/1847 2549/1101/1839
f 2560/1110/1848 2553/1090/1842 2551/1088/1841
f 2559/1109/1847 2560/1110/1848 2551/1088/1841
f 2556/1106/1844 2546/1097/1837 2560/1110/1848
f 2560/1110/1848 2546/1097/1837 2553/1090/1842
f 2561/1095/1849 2555/1105/1843 2556/1106/1844
f 2561/1095/1849 2557/1107/1845 2555/1105/1843
f 2561/1095/1849 2558/1108/1846 2557/1107/1845
f 2561/1095/1849 2559/1109/1847 2558/1108/1846
f 2561/1095/1849 2560/1110/1848 2559/1109/1847
f 2561/1095/1849 2556/1106/1844 2560/1110/1848
f 2562/1112/1850 2563/1111/1851 2564/1113/1852
f 2564/1113/1852 2565/1114/1853 2562/1112/1850
f 2563/1111/1851 2566/1115/1854 2564/1113/1852
f 2566/1115/1854 2567/1116/1855 2564/1113/1852
f 2564/1113/1852 2568/1117/1856 2565/1114/1853
f 2564/1113/1852 2569/1118/1857 2568/1117/1856
f 2570/1112/1858 2571/1114/1859 2572/1113/1860
f 2572/1113/1860 2573/1111/1861 2570/1112/1858
f 2572/1113/1860 2574/1115/1862 2573/1111/1861
f 2571/1114/1859 2575/1117/1863 2572/1113/1860
f 2575/1117/1863 2576/1118/1864 2572/1113/1860
f 2572/1113/1860 2577/1116/1865 2574/1115/1862
f 2578/1111/1866 2579/1112/1867 2580/1120/1868
f 2581/1119/1869 2578/1111/1866 2580/1120/1868
f 2580/1120/1868 2579/1112/1867 2582/1114/1870
f 2583/1121/1871 2580/1120/1868 2582/1114/1870
f 2583/1121/1871 2582/1114/1870 2584/1122/1872
f 2581/1119/1869 2585/1123/1873 2578/1111/1866
f 2585/1123/1873 2586/1115/1874 2578/1111/1866
f 2586/1115/1874 2585/1123/1873 2587/1116/1875
f 2585/1123/1873 2588/1124/1875 2587/1116/1875
f 2582/1114/1870 2589/1117/1876 2584/1122/1872
f 2590/1125/1877 2584/1122/1872 2589/1117/1876
f 2591/1118/1877 2590/1125/1877 2589/1117/1876
f 2592/1119/1878 2593/1111/1879 2594/1123/1880
f 2592/1119/1878 2595/1120/1881 2593/1111/1879
f 2595/1120/1881 2596/1112/1881 2593/1111/1879
f 2597/1114/1882 2596/1112/1881 2595/1120/1881
f 2598/1121/1883 2597/1114/1882 2595/1120/1881
f 2598/1121/1883 2599/1122/1884 2597/1114/1882
f 2593/1111/1879 2600/1115/1885 2594/1123/1880
f 2599/1122/1884 2601/1117/1886 2597/1114/1882
f 2601/1117/1886 2599/1122/1884 2602/1118/1887
f 2599/1122/1884 2603/1126/1887 2602/1118/1887
f 2604/1124/1888 2594/1123/1880 2600/1115/1885
f 2605/1116/1888 2604/1124/1888 2600/1115/1885
f 2606/1127/1889 2607/1122/1890 2608/1121/1891
f 2609/1126/1892 2607/1122/1890 2606/1127/1889
f 2610/1128/1893 2606/1127/1889 2608/1121/1891
f 2611/1129/1894 2606/1127/1889 2610/1128/1893
f 2612/1130/1895 2611/1129/1894 2610/1128/1893
f 2608/1121/1891 2613/1120/1896 2610/1128/1893
f 2610/1128/1893 2613/1120/1896 2614/1131/1897
f 2610/1128/1893 2614/1131/1897 2612/1130/1895
f 2612/1130/1895 2614/1131/1897 2615/1132/1898
f 2612/1130/1895 2615/1132/1898 2616/1133/1899
f 2616/1133/1899 2617/1134/1900 2612/1130/1895
f 2617/1134/1900 2611/1129/1894 2612/1130/1895
f 2616/1133/1899 2615/1132/1898 2618/1135/1901
f 2615/1132/1898 2614/1131/1897 2618/1135/1901
f 2616/1133/1899 2618/1135/1901 2619/1136/1902
f 2614/1131/1897 2613/1120/1896 2620/1137/1903
f 2618/1135/1901 2614/1131/1897 2620/1137/1903
f 2618/1135/1901 2620/1137/1903 2621/1138/1904
f 2619/1136/1902 2618/1135/1901 2621/1138/1904
f 2621/1138/1904 2620/1137/1903 2622/1139/1905
f 2620/1137/1903 2623/1119/1906 2622/1139/1905
f 2620/1137/1903 2613/1120/1896 2623/1119/1906
f 2623/1119/1906 2624/1123/1907 2622/1139/1905
f 2624/1123/1907 2625/1124/1908 2622/1139/1905
f 2626/1119/1909 2627/1120/1910 2628/1137/1911
f 2628/1137/1911 2627/1120/1910 2629/1131/1912
f 2628/1137/1911 2629/1131/1912 2630/1135/1913
f 2630/1135/1913 2631/1138/1914 2628/1137/1911
f 2631/1138/1914 2632/1139/1905 2628/1137/1911
f 2628/1137/1911 2632/1139/1905 2626/1119/1909
f 2632/1139/1905 2633/1123/1915 2626/1119/1909
f 2634/1124/1916 2633/1123/1915 2632/1139/1905
f 2629/1131/1912 2627/1120/1910 2635/1128/1917
f 2635/1128/1917 2627/1120/1910 2636/1121/1918
f 2635/1128/1917 2636/1121/1918 2637/1140/1919
f 2638/1129/1920 2635/1128/1917 2637/1140/1919
f 2636/1121/1918 2639/1122/1921 2637/1140/1919
f 2639/1122/1921 2640/1125/1922 2637/1140/1919
f 2641/1130/1923 2635/1128/1917 2638/1129/1920
f 2641/1130/1923 2629/1131/1912 2635/1128/1917
f 2642/1134/1900 2641/1130/1923 2638/1129/1920
f 2643/1133/1899 2641/1130/1923 2642/1134/1900
f 2630/1135/1913 2644/1132/1924 2643/1133/1899
f 2643/1133/1899 2644/1132/1924 2641/1130/1923
f 2644/1132/1924 2629/1131/1912 2641/1130/1923
f 2630/1135/1913 2629/1131/1912 2644/1132/1924
f 2643/1133/1899 2645/1141/1902 2630/1135/1913
f 2645/1141/1902 2631/1138/1914 2630/1135/1913
f 2646/1142/1925 2647/1145/1926 2648/1144/1927
f 2649/1143/1928 2646/1142/1925 2648/1144/1927
f 2646/1142/1925 2650/1146/1929 2647/1145/1926
f 2650/1146/1929 2651/1147/1930 2647/1145/1926
f 2649/1143/1928 2648/1144/1927 2652/1148/1931
f 2653/1149/1932 2649/1143/1928 2652/1148/1931
f 2654/1150/1933 2648/1144/1927 2647/1145/1926
f 2654/1150/1933 2647/1145/1926 2651/1147/1930
f 2654/1150/1933 2652/1148/1931 2648/1144/1927
f 2655/1142/1934 2656/1151/1935 2657/1147/1930
f 2658/1146/1936 2655/1142/1934 2657/1147/1930
f 2655/1142/1934 2659/1143/1937 2656/1151/1935
f 2659/1143/1937 2660/1144/1938 2656/1151/1935
f 2659/1143/1937 2661/1149/1932 2660/1144/1938
f 2661/1149/1932 2662/1148/1931 2660/1144/1938
f 2663/1150/1939 2657/1147/1930 2656/1151/1935
f 2663/1150/1939 2656/1151/1935 2660/1144/1938
f 2663/1150/1939 2660/1144/1938 2662/1148/1931
f 2664/1152/1940 2665/1142/1940 2666/1143/1941
f 2667/1153/1941 2664/1152/1940 2666/1143/1941
f 2664/1152/1940 2668/1154/1942 2665/1142/1940
f 2668/1154/1942 2669/1146/1943 2665/1142/1940
f 2667/1153/1941 2666/1143/1941 2670/1149/1944
f 2671/1155/1944 2667/1153/1941 2670/1149/1944
f 2672/1152/1945 2673/1142/1945 2674/1146/1946
f 2675/1154/1946 2672/1152/1945 2674/1146/1946
f 2672/1152/1945 2676/1153/1947 2673/1142/1945
f 2676/1153/1947 2677/1143/1947 2673/1142/1945
f 2676/1153/1947 2678/1155/1948 2677/1143/1947
f 2678/1155/1948 2679/1149/1948 2677/1143/1947
f 2680/1156/1949 2681/1152/1950 2682/1153/1951
f 2683/1157/1952 2680/1156/1949 2682/1153/1951
f 2680/1156/1949 2684/1158/1953 2681/1152/1950
f 2684/1158/1953 2685/1154/1953 2681/1152/1950
f 2683/1157/1952 2682/1153/1951 2686/1155/1954
f 2687/1159/1955 2683/1157/1952 2686/1155/1954
f 2688/1156/1956 2689/1152/1956 2690/1154/1957
f 2691/1158/1957 2688/1156/1956 2690/1154/1957
f 2688/1156/1956 2692/1157/1958 2689/1152/1956
f 2692/1157/1958 2693/1153/1958 2689/1152/1956
f 2692/1157/1958 2694/1159/1959 2693/1153/1958
f 2694/1159/1959 2695/1155/1959 2693/1153/1958
f 2696/1160/1960 2697/1156/1961 2698/1157/1962
f 2699/1161/1963 2696/1160/1960 2698/1157/1962
f 2696/1160/1960 2700/1162/1964 2697/1156/1961
f 2700/1162/1964 2701/1158/1965 2697/1156/1961
f 2699/1161/1963 2698/1157/1962 2702/1159/1966
f 2703/1163/1967 2699/1161/1963 2702/1159/1966
f 2704/1164/1968 2696/1160/1960 2699/1161/1963
f 2704/1164/1968 2700/1162/1964 2696/1160/1960
f 2704/1164/1968 2699/1161/1963 2703/1163/1967
f 2705/1160/1969 2706/1156/1970 2707/1158/1965
f 2708/1162/1964 2705/1160/1969 2707/1158/1965
f 2705/1160/1969 2709/1161/1971 2706/1156/1970
f 2709/1161/1971 2710/1157/1972 2706/1156/1970
f 2709/1161/1971 2711/1163/1967 2710/1157/1972
f 2711/1163/1967 2712/1159/1966 2710/1157/1972
f 2713/1164/1973 2705/1160/1969 2708/1162/1964
f 2713/1164/1973 2709/1161/1971 2705/1160/1969
f 2713/1164/1973 2711/1163/1967 2709/1161/1971
f 2714/801/1974 2715/800/1975 2716/802/1976
f 2714/801/1974 2717/804/1977 2715/800/1975
f 2717/804/1977 2718/803/1978 2715/800/1975
f 2715/800/1975 2718/803/1978 2719/807/1979
f 2719/807/1979 2718/803/1978 2720/809/1980
f 2721/810/1981 2719/807/1979 2720/809/1980
f 2722/805/1982 2715/800/1975 2719/807/1979
f 2716/802/1976 2715/800/1975 2722/805/1982
f 2722/805/1982 2723/806/1983 2716/802/1976
f 2724/808/1984 2722/805/1982 2719/807/1979
f 2725/806/1985 2726/813/1986 2727/812/1987
f 2728/802/1988 2725/806/1985 2727/812/1987
f 2726/813/1986 2729/815/1989 2727/812/1987
f 2729/815/1989 2730/814/1150 2727/812/1987
f 2731/813/1990 2732/806/1991 2733/816/1992
f 2733/816/1992 2732/806/1991 2734/817/1993
f 2732/806/1991 2735/805/1993 2734/817/1993
f 2731/813/1990 2736/816/1994 2737/815/1995
f 2737/815/1995 2736/816/1994 2738/818/1993
f 2739/819/1993 2737/815/1995 2738/818/1993
f 2740/812/1996 2741/820/1996 2742/802/1996
f 2740/812/1996 2743/814/1996 2741/820/1996
f 2742/802/1996 2741/820/1996 2744/801/1996
f 2743/814/1996 2745/821/1996 2741/820/1996
f 2746/823/497 2747/822/497 2748/824/497
f 2748/824/497 2747/822/497 2749/825/497
f 2747/822/497 2750/826/1997 2749/825/497
f 2751/827/497 2749/825/497 2750/826/1997
f 2752/1165/497 2749/825/497 2751/827/497
f 2753/829/497 2752/1165/497 2751/827/497
f 2750/826/1997 2754/830/1998 2751/827/497
f 2754/830/1998 2750/826/1997 2755/831/1999
f 2755/831/1999 2750/826/1997 2756/832/2000
f 2756/832/2000 2750/826/1997 2757/833/1165
f 2758/1166/2001 2759/836/1225 2760/835/2002
f 2761/811/1227 2758/1166/2001 2760/835/2002
f 2761/811/1227 2762/1167/2003 2758/1166/2001
f 2762/1167/2003 2763/838/2004 2758/1166/2001
f 2764/1168/2005 2763/838/2004 2762/1167/2003
f 2765/1169/2006 2764/1168/2005 2762/1167/2003
f 2766/841/2007 2759/836/1225 2758/1166/2001
f 2767/842/2008 2766/841/2007 2758/1166/2001
f 2758/1166/2001 2763/838/2004 2768/842/2009
f 2763/838/2004 2769/1170/2009 2768/842/2009
f 2770/1170/2010 2763/838/2004 2764/1168/2005
f 2771/1171/2010 2770/1170/2010 2764/1168/2005
f 2772/846/2011 2773/845/2012 2774/847/2013
f 2774/847/2013 2773/845/2012 2775/848/2014
f 2776/849/2015 2774/847/2013 2775/848/2014
f 2774/847/2013 2777/850/1242 2772/846/2011
f 2777/850/1242 2778/851/2016 2772/846/2011
f 2779/852/1244 2778/851/2016 2777/850/1242
f 2780/853/1245 2779/852/1244 2777/850/1242
f 2781/854/2017 2782/855/1190 2783/847/1248
f 2784/849/1188 2781/854/2017 2783/847/1248
f 2783/847/1248 2782/855/1190 2785/850/2018
f 2782/855/1190 2786/856/2019 2785/850/2018
f 2787/810/1193 2788/809/1195 2789/858/1195
f 2790/857/1194 2787/810/1193 2789/858/1195
f 2790/857/1194 2791/811/1196 2787/810/1193
f 2792/858/2020 2793/1169/2020 2794/1167/2021
f 2795/857/2022 2792/858/2020 2794/1167/2021
f 2795/857/2022 2794/1167/2021 2796/811/1268
f 2797/807/2023 2798/810/2023 2799/811/2023
f 2800/811/2024 2801/835/2025 2802/808/2026
f 2803/807/2027 2800/811/2024 2802/808/2026
f 2804/859/1215 2802/808/2026 2801/835/2025
f 2805/836/1216 2804/859/1215 2801/835/2025
f 2806/841/1217 2804/859/1215 2805/836/1216
f 2807/860/2028 2802/808/2026 2804/859/1215
f 2808/805/1219 2802/808/2026 2807/860/2028
f 2809/817/1209 2808/805/1219 2807/860/2028
f 2810/811/2029 2811/810/2030 2812/807/2031
f 2810/811/2029 2812/807/2031 2813/835/2032
f 2812/807/2031 2814/808/2033 2813/835/2032
f 2815/871/497 2816/870/497 2817/872/497
f 2817/872/497 2816/870/497 2818/873/497
f 2819/874/2034 2817/872/497 2818/873/497
f 2818/873/497 2820/875/497 2819/874/2034
f 2821/876/2035 2819/874/2034 2820/875/497
f 2822/877/497 2820/875/497 2818/873/497
f 2823/1172/497 2822/877/497 2818/873/497
f 2821/876/2035 2824/879/2036 2819/874/2034
f 2824/879/2036 2825/880/2037 2819/874/2034
f 2819/874/2034 2825/880/2037 2826/881/1165
f 2827/1166/2038 2828/811/1167 2829/835/1168
f 2830/836/1169 2827/1166/2038 2829/835/1168
f 2828/811/1167 2827/1166/2038 2831/838/2039
f 2832/1167/2040 2828/811/1167 2831/838/2039
f 2831/838/2039 2833/1168/2041 2832/1167/2040
f 2833/1168/2041 2834/1169/2042 2832/1167/2040
f 2835/1171/2043 2833/1168/2041 2831/838/2039
f 2836/1170/2044 2835/1171/2043 2831/838/2039
f 2831/838/2039 2827/1166/2038 2837/842/2045
f 2838/1170/2046 2831/838/2039 2837/842/2045
f 2839/842/2047 2827/1166/2038 2830/836/1169
f 2840/841/2048 2839/842/2047 2830/836/1169
f 2841/845/2049 2842/847/2050 2843/890/2051
f 2844/849/2052 2843/890/2051 2842/847/2050
f 2845/846/2053 2842/847/2050 2841/845/2049
f 2846/850/1183 2842/847/2050 2845/846/2053
f 2847/851/1184 2846/850/1183 2845/846/2053
f 2848/852/1185 2846/850/1183 2847/851/1184
f 2849/853/1186 2846/850/1183 2848/852/1185
f 2850/849/2054 2851/847/1189 2852/855/1190
f 2853/854/1247 2850/849/2054 2852/855/1190
f 2852/855/1190 2851/847/1189 2854/856/2019
f 2851/847/1189 2855/850/2055 2854/856/2019
f 2856/810/1263 2857/857/1264 2858/858/1195
f 2859/809/1195 2856/810/1263 2858/858/1195
f 2857/857/1264 2856/810/1263 2860/811/1196
f 2861/858/2056 2862/857/2057 2863/1167/2058
f 2864/1169/2056 2861/858/2056 2863/1167/2058
f 2863/1167/2058 2862/857/2057 2865/811/1200
f 2866/801/1271 2867/820/1269 2868/898/1269
f 2867/820/1269 2869/821/1270 2868/898/1269
f 2870/899/2059 2866/801/1271 2868/898/1269
f 2869/821/1270 2871/900/1272 2868/898/1269
f 2872/804/1275 2866/801/1271 2870/899/2059
f 2873/895/1274 2871/900/1272 2869/821/1270
f 2874/802/2060 2875/807/2061 2876/801/2062
f 2874/802/2060 2877/1173/2063 2875/807/2061
f 2878/806/2064 2877/1173/2063 2874/802/2060
f 2879/805/2065 2877/1173/2063 2878/806/2064
f 2877/1173/2063 2880/808/2066 2875/807/2061
f 2880/808/2066 2877/1173/2063 2879/805/2065
f 2875/807/2061 2881/803/2067 2876/801/2062
f 2882/809/2068 2881/803/2067 2875/807/2061
f 2883/810/2069 2882/809/2068 2875/807/2061
f 2881/803/2067 2884/804/2070 2876/801/2062
f 2885/853/1276 2886/903/2071 2887/902/1209
f 2888/901/1209 2885/853/1276 2887/902/1209
f 2889/856/1278 2886/903/2071 2885/853/1276
f 2890/850/2072 2889/856/1278 2885/853/1276
f 2891/853/1280 2892/901/1209 2893/902/1209
f 2894/903/1277 2891/853/1280 2893/902/1209
f 2895/850/1278 2891/853/1280 2894/903/1277
f 2896/856/2073 2895/850/1278 2894/903/1277
f 2897/845/1283 2898/904/1283 2899/848/1283
f 2900/904/1283 2901/845/1283 2902/890/1283
f 2903/818/1209 2904/869/1207 2905/819/1208
f 2905/819/1208 2904/869/1207 2906/1174/2074
f 2904/869/1207 2907/866/1204 2906/1174/2074
f 2906/1174/2074 2907/866/1204 2908/864/2075
f 2907/866/1204 2909/867/1205 2908/864/2075
f 2910/868/1206 2909/867/1205 2907/866/1204
f 2911/747/2076 2912/746/2077 2913/748/2078
f 2913/748/2078 2912/746/2077 2914/749/2079
f 2915/750/2080 2913/748/2078 2914/749/2079
f 2914/749/2079 2916/751/1098 2915/750/2080
f 2916/751/1098 2917/752/1093 2915/750/2080
f 2915/750/2080 2917/752/1093 2918/753/1094
f 2915/750/2080 2918/753/1094 2919/754/1095
f 2919/754/1095 2920/755/1096 2915/750/2080
f 2921/756/2081 2920/755/1096 2919/754/1095
f 2919/754/1095 2918/753/1094 2921/756/2081
f 2918/753/1094 2917/752/1093 2921/756/2081
f 2921/756/2081 2917/752/1093 2922/757/1092
f 2922/757/1092 2923/758/2082 2921/756/2081
f 2924/759/2083 2921/756/2081 2923/758/2082
f 2925/760/2084 2924/759/2083 2923/758/2082
f 2926/761/2085 2921/756/2081 2924/759/2083
f 2926/761/2085 2920/755/1096 2921/756/2081
f 2915/750/2080 2927/762/2086 2913/748/2078
f 2915/750/2080 2920/755/1096 2927/762/2086
f 2928/763/2087 2924/759/2083 2925/760/2084
f 2929/764/1105 2930/767/143 2931/766/143
f 2932/765/2088 2929/764/1105 2931/766/143
f 2933/768/143 2932/765/2088 2931/766/143
f 2932/765/2088 2934/769/2089 2929/764/1105
f 2934/769/2089 2935/770/1108 2929/764/1105
f 2934/769/2089 2932/765/2088 2936/771/2090
f 2937/772/2091 2934/769/2089 2936/771/2090
f 2937/772/2091 2936/771/2090 2938/773/2092
f 2938/773/2092 2936/771/2090 2939/774/143
f 2940/775/143 2938/773/2092 2939/774/143
f 2941/776/2093 2938/773/2092 2940/775/143
f 2942/777/143 2941/776/2093 2940/775/143
f 2943/778/2094 2937/772/2091 2938/773/2092
f 2943/778/2094 2938/773/2092 2941/776/2093
f 2944/779/2095 2943/778/2094 2941/776/2093
f 2945/780/143 2932/765/2088 2933/768/143
f 2939/774/143 2936/771/2090 2945/780/143
f 2936/771/2090 2932/765/2088 2945/780/143
f 2946/781/2096 2935/770/1108 2934/769/2089
f 2946/781/2096 2934/769/2089 2937/772/2091
f 2946/781/2096 2937/772/2091 2943/778/2094
f 2946/781/2096 2943/778/2094 2944/779/2095
f 2947/782/1119 2948/785/1116 2949/784/2097
f 2950/783/2098 2947/782/1119 2949/784/2097
f 2950/783/2098 2949/784/2097 2951/748/2099
f 2949/784/2097 2952/747/2099 2951/748/2099
f 2953/766/143 2954/767/143 2955/764/1122
f 2956/765/2100 2953/766/143 2955/764/1122
f 2953/766/143 2956/765/2100 2957/768/143
f 2956/765/2100 2955/764/1122 2958/769/2101
f 2956/765/2100 2958/769/2101 2959/772/2102
f 2960/771/2103 2956/765/2100 2959/772/2102
f 2955/764/1122 2961/770/1108 2958/769/2101
f 2960/771/2103 2959/772/2102 2962/778/2104
f 2963/773/2105 2960/771/2103 2962/778/2104
f 2964/774/143 2960/771/2103 2963/773/2105
f 2965/775/143 2964/774/143 2963/773/2105
f 2965/775/143 2963/773/2105 2966/776/2093
f 2967/777/143 2965/775/143 2966/776/2093
f 2963/773/2105 2962/778/2104 2968/779/2095
f 2966/776/2093 2963/773/2105 2968/779/2095
f 2969/780/143 2956/765/2100 2960/771/2103
f 2957/768/143 2956/765/2100 2969/780/143
f 2964/774/143 2969/780/143 2960/771/2103
f 2958/769/2101 2961/770/1108 2970/781/2106
f 2968/779/2095 2962/778/2104 2970/781/2106
f 2962/778/2104 2959/772/2102 2970/781/2106
f 2959/772/2102 2958/769/2101 2970/781/2106
f 2971/786/1116 2972/789/1119 2973/788/2107
f 2974/787/2108 2971/786/1116 2973/788/2107
f 2974/787/2108 2973/788/2107 2975/763/2109
f 2973/788/2107 2976/759/2110 2975/763/2109
f 2977/791/2111 2978/790/2112 2979/792/2113
f 2979/792/2113 2978/790/2112 2980/793/2114
f 2981/795/2115 2982/794/2111 2983/796/2116
f 2984/793/2117 2981/795/2115 2983/796/2116
f 2985/798/497 2986/797/497 2987/796/497
f 2986/797/497 2988/793/497 2987/796/497
f 2989/799/497 2990/792/497 2991/797/497
f 2991/797/497 2990/792/497 2992/793/497
f 2993/594/2118 2994/1175/2119 2995/1176/2120
f 2996/595/2121 2993/594/2118 2995/1176/2120
f 2997/736/2122 2995/1176/2120 2994/1175/2119
f 2998/1177/2123 2995/1176/2120 2997/736/2122
f 2999/1178/2124 2997/736/2122 2994/1175/2119
f 3000/1179/2125 2995/1176/2120 2998/1177/2123
f 3001/1180/2126 3000/1179/2125 2998/1177/2123
f 2996/595/2121 2995/1176/2120 3002/1181/2127
f 2995/1176/2120 3000/1179/2125 3002/1181/2127
f 2999/1178/2124 2994/1175/2119 3003/1182/2128
f 3004/1183/2129 3003/1182/2128 2994/1175/2119
f 3001/1180/2130 3005/1184/2131 3006/1185/2132
f 3006/1185/2132 3007/1179/2133 3001/1180/2130
f 3008/1186/2134 3009/1187/2135 3010/1188/2136
f 3011/1189/2136 3008/1186/2134 3010/1188/2136
f 3012/1190/2137 3009/1187/2135 3008/1186/2134
f 3013/1191/2138 3012/1190/2137 3008/1186/2134
f 3014/1192/2139 3015/1193/2140 3016/1194/2141
f 3017/1195/2142 3014/1192/2139 3016/1194/2141
f 3017/1195/2142 3016/1194/2141 3018/1196/2143
f 3016/1194/2141 3019/1197/2144 3018/1196/2143
f 3019/1197/2144 3020/1198/2145 3018/1196/2143
f 3019/1197/2144 3021/1199/497 3020/1198/2145
f 3021/1199/497 3022/1200/497 3020/1198/2145
f 3023/1201/497 3022/1200/497 3021/1199/497
f 3024/1202/497 3023/1201/497 3021/1199/497
f 3025/1203/2146 3026/1204/2146 3027/1205/2146
f 3028/1206/2146 3025/1203/2146 3027/1205/2146
f 3029/1207/2147 3030/1208/736 3031/1209/2148
f 3031/1209/2148 3032/1210/2149 3029/1207/2147
f 3029/1207/2147 3032/1210/2149 3033/1211/2150
f 3034/1212/2151 3029/1207/2147 3033/1211/2150
f 3035/1213/2152 3029/1207/2147 3034/1212/2151
f 3036/1214/2153 3035/1213/2152 3034/1212/2151
f 3031/1209/2148 3037/1215/2154 3032/1210/2149
f 3032/1210/2149 3037/1215/2154 3038/1216/2155
f 3039/1217/2156 3032/1210/2149 3038/1216/2155
f 3040/1218/2157 3039/1217/2156 3038/1216/2155
f 3040/1218/2157 3038/1216/2155 3041/1219/2158
f 3042/1220/2159 3040/1218/2157 3041/1219/2158
f 3042/1220/2159 3041/1219/2158 3043/1221/2160
f 3041/1219/2158 3044/1222/2161 3043/1221/2160
f 3043/1221/2160 3044/1222/2161 3045/1223/2162
f 3046/1224/2163 3043/1221/2160 3045/1223/2162
f 3047/1225/2164 3039/1217/2156 3040/1218/2157
f 3048/1226/2165 3049/1227/2166 3050/1228/2167
f 3051/1229/2168 3050/1228/2167 3049/1227/2166
f 3051/1229/2168 3049/1227/2166 3052/1230/2169
f 3053/1231/2170 3048/1226/2165 3050/1228/2167
f 3054/1231/2171 3055/1232/2171 3056/1226/2171
f 3057/1233/1030 3058/1234/2172 3059/1235/1030
f 3059/1235/1030 3058/1234/2172 3060/1236/1030
f 3061/1237/1030 3060/1236/1030 3058/1234/2172
f 3060/1236/1030 3061/1237/1030 3062/1238/1030
f 3061/1237/1030 3063/1239/2173 3062/1238/1030
f 3059/1235/1030 3060/1236/1030 3064/1240/1030
f 3065/1241/1030 3059/1235/1030 3064/1240/1030
f 3066/1242/1030 3060/1236/1030 3062/1238/1030
f 3064/1240/1030 3060/1236/1030 3066/1242/1030
f 3065/1241/1030 3067/1243/1030 3059/1235/1030
f 3067/1243/1030 3068/1244/1030 3059/1235/1030
f 3068/1244/1030 3057/1233/1030 3059/1235/1030
f 3069/1245/2174 3070/1246/2174 3071/1247/2174
f 3072/1248/2175 3069/1245/2174 3071/1247/2174
f 3073/1249/2176 3074/1250/2177 3075/1245/2178
f 3076/1188/2176 3073/1249/2176 3075/1245/2178
f 3075/1245/2178 3074/1250/2177 3077/1246/2179
f 3074/1250/2177 3078/1251/2179 3077/1246/2179
f 3079/1248/2180 3080/1252/2181 3081/1188/2182
f 3082/1245/2180 3079/1248/2180 3081/1188/2182
f 3080/1252/2181 3083/1189/2183 3081/1188/2182
f 3080/1252/2181 3084/1253/2184 3083/1189/2183
f 3085/1254/2185 3086/1255/2185 3087/1256/2186
f 3088/1257/2187 3085/1254/2185 3087/1256/2186
f 3089/1240/2188 3090/1250/2189 3091/1241/2190
f 3090/1250/2189 3092/1249/2191 3091/1241/2190
f 3093/1258/2192 3094/1254/2193 3095/1257/2194
f 3093/1258/2192 3096/1206/2195 3094/1254/2193
f 3096/1206/2195 3093/1258/2192 3097/1259/2196
f 3096/1206/2195 3097/1259/2196 3098/1260/2197
f 3096/1206/2195 3098/1260/2197 3099/1261/2198
f 3100/1262/2199 3099/1261/2198 3098/1260/2197
f 3101/1263/2200 3100/1262/2199 3098/1260/2197
f 3102/1264/2201 3100/1262/2199 3101/1263/2200
f 3100/1262/2199 3103/1265/2202 3099/1261/2198
f 3104/1249/2203 3105/1266/2204 3106/1243/2205
f 3107/1241/2206 3104/1249/2203 3106/1243/2205
f 3106/1243/2205 3105/1266/2204 3108/1267/2207
f 3109/1244/2208 3106/1243/2205 3108/1267/2207
f 3110/1187/2209 3111/1266/2210 3112/1249/2211
f 3113/1188/2211 3110/1187/2209 3112/1249/2211
f 3114/1267/2212 3111/1266/2210 3110/1187/2209
f 3115/1190/2213 3114/1267/2212 3110/1187/2209
f 3116/1268/2214 3117/1269/2215 3118/1270/2215
f 3119/1271/2215 3116/1268/2214 3118/1270/2215
f 3120/1272/38 3121/1269/38 3122/1268/38
f 3120/1272/38 3123/1265/38 3121/1269/38
f 3124/1273/2216 3125/1274/2217 3126/1275/2218
f 3127/1276/2219 3124/1273/2216 3126/1275/2218
f 3125/1274/2217 3124/1273/2216 3128/1277/2220
f 3129/1272/143 3130/1278/143 3131/1261/143
f 3132/1265/143 3129/1272/143 3131/1261/143
f 3131/1261/143 3130/1278/143 3133/1206/143
f 3130/1278/143 3134/1203/143 3133/1206/143
f 3135/1279/2221 3136/1280/2222 3137/740/2223
f 3138/737/2224 3135/1279/2221 3137/740/2223
f 3135/1279/2221 3138/737/2224 3139/735/2225
f 3140/1281/2226 3135/1279/2221 3139/735/2225
f 3140/1281/2226 3139/735/2225 3141/1178/2227
f 3139/735/2225 3142/736/2228 3141/1178/2227
f 3143/1282/2229 3140/1281/2226 3141/1178/2227
f 3140/1281/2226 3143/1282/2229 3135/1279/2221
f 3143/1282/2229 3141/1178/2227 3144/1182/2230
f 3143/1282/2229 3145/1283/2231 3135/1279/2221
f 3135/1279/2221 3145/1283/2231 3136/1280/2222
f 3145/1283/2231 3146/1284/2232 3136/1280/2222
f 3147/1285/2233 3148/1247/2234 3149/1246/2235
f 3150/1251/2234 3147/1285/2233 3149/1246/2235
f 3151/1240/2236 3152/1242/2237 3153/1251/2238
f 3154/1250/2239 3151/1240/2236 3153/1251/2238
f 3155/1237/2240 3156/1263/2241 3157/1260/2242
f 3158/1239/2243 3155/1237/2240 3157/1260/2242
f 3159/1259/2244 3158/1239/2243 3157/1260/2242
f 3159/1259/2244 3160/1258/2245 3158/1239/2243
f 3160/1258/2245 3161/1238/2245 3158/1239/2243
f 3162/1277/2246 3163/1273/2247 3164/1210/2248
f 3165/1217/2246 3162/1277/2246 3164/1210/2248
f 3163/1273/2247 3166/1276/2187 3164/1210/2248
f 3167/1258/2249 3168/1242/2250 3169/1238/2251
f 3170/1251/2252 3168/1242/2250 3167/1258/2249
f 3171/1285/2253 3170/1251/2252 3167/1258/2249
f 3172/1286/2254 3173/1287/38 3174/1288/2255
f 3175/1289/2256 3173/1287/38 3172/1286/2254
f 3176/1290/2257 3173/1287/38 3175/1289/2256
f 3176/1290/2257 3177/1291/2258 3173/1287/38
f 3173/1287/38 3177/1291/2258 3178/1292/2259
f 3173/1287/38 3178/1292/2259 3174/1288/2255
f 3179/1176/2260 3180/1177/2261 3181/736/2262
f 3179/1176/2260 3182/1179/2263 3180/1177/2261
f 3182/1179/2263 3183/1180/2264 3180/1177/2261
f 3182/1179/2263 3179/1176/2260 3184/1181/2265
f 3179/1176/2260 3185/595/2266 3184/1181/2265
f 3181/736/2262 3185/595/2266 3179/1176/2260
f 3181/736/2262 3186/1293/2256 3185/595/2266
f 3186/1293/2256 3187/1294/2254 3185/595/2266
f 3188/1295/2267 3185/595/2266 3187/1294/2254
f 3188/1295/2267 3189/594/2268 3185/595/2266
f 3188/1295/2267 3190/1296/2259 3189/594/2268
f 3191/1175/2269 3189/594/2268 3190/1296/2259
f 3191/1175/2269 3190/1296/2259 3192/1297/2258
f 3193/1298/2270 3186/1293/2256 3181/736/2262
f 3191/1175/2269 3192/1297/2258 3194/1178/2271
f 3192/1297/2258 3193/1298/2270 3194/1178/2271
f 3193/1298/2270 3181/736/2262 3194/1178/2271
f 3191/1175/2269 3194/1178/2271 3195/1182/2272
f 3195/1182/2272 3196/1183/2273 3191/1175/2269
f 3197/1184/2274 3183/1180/2275 3198/1185/2276
f 3199/1179/2277 3198/1185/2276 3183/1180/2275
f 3200/1186/2278 3201/1189/2279 3202/1188/2280
f 3203/1187/2281 3200/1186/2278 3202/1188/2280
f 3203/1187/2281 3204/1190/2282 3200/1186/2278
f 3204/1190/2282 3205/1191/2283 3200/1186/2278
f 3206/1194/2284 3207/1195/2285 3208/1196/2286
f 3209/1197/2287 3206/1194/2284 3208/1196/2286
f 3210/1198/2288 3209/1197/2287 3208/1196/2286
f 3211/1199/497 3209/1197/2287 3210/1198/2288
f 3212/1200/497 3211/1199/497 3210/1198/2288
f 3212/1200/497 3213/1201/497 3211/1199/497
f 3213/1201/497 3214/1202/497 3211/1199/497
f 3206/1194/2284 3215/1193/2289 3207/1195/2285
f 3215/1193/2289 3216/1192/2289 3207/1195/2285
f 3217/1203/2146 3218/1206/2146 3219/1205/2146
f 3220/1204/2146 3217/1203/2146 3219/1205/2146
f 3221/1208/1030 3222/1207/2290 3223/1209/2291
f 3224/1210/2292 3223/1209/2291 3222/1207/2290
f 3224/1210/2292 3222/1207/2290 3225/1211/2293
f 3222/1207/2290 3226/1212/2294 3225/1211/2293
f 3222/1207/2290 3227/1213/2295 3226/1212/2294
f 3227/1213/2295 3228/1214/2295 3226/1212/2294
f 3229/1215/2296 3223/1209/2291 3224/1210/2292
f 3229/1215/2296 3224/1210/2292 3230/1216/2297
f 3224/1210/2292 3231/1217/2298 3230/1216/2297
f 3231/1217/2298 3232/1218/2299 3230/1216/2297
f 3230/1216/2297 3232/1218/2299 3233/1219/2300
f 3232/1218/2299 3234/1220/2301 3233/1219/2300
f 3233/1219/2300 3234/1220/2301 3235/1221/2302
f 3236/1222/2303 3233/1219/2300 3235/1221/2302
f 3236/1222/2303 3235/1221/2302 3237/1223/2304
f 3235/1221/2302 3238/1224/2305 3237/1223/2304
f 3231/1217/2298 3239/1225/2306 3232/1218/2299
f 3240/1227/2307 3241/1226/2308 3242/1228/2309
f 3241/1226/2308 3243/1231/2310 3242/1228/2309
f 3240/1227/2307 3242/1228/2309 3244/1229/2168
f 3240/1227/2307 3244/1229/2168 3245/1230/2169
f 3246/1232/2311 3247/1231/2311 3248/1226/2311
f 3249/1234/736 3250/1233/736 3251/1235/736
f 3249/1234/736 3251/1235/736 3252/1236/736
f 3252/1236/736 3253/1237/736 3249/1234/736
f 3252/1236/736 3254/1239/736 3253/1237/736
f 3252/1236/736 3251/1235/736 3255/1240/736
f 3251/1235/736 3256/1241/736 3255/1240/736
f 3257/1243/736 3256/1241/736 3251/1235/736
f 3252/1236/736 3255/1240/736 3258/1242/736
f 3252/1236/736 3258/1242/736 3259/1238/736
f 3252/1236/736 3259/1238/736 3254/1239/736
f 3250/1233/736 3260/1244/736 3251/1235/736
f 3260/1244/736 3257/1243/736 3251/1235/736
f 3261/1245/2312 3262/1248/2313 3263/1247/2312
f 3264/1246/2312 3261/1245/2312 3263/1247/2312
f 3265/1249/2314 3266/1188/2314 3267/1245/2315
f 3268/1250/2316 3265/1249/2314 3267/1245/2315
f 3268/1250/2316 3267/1245/2315 3269/1246/2317
f 3270/1251/2317 3268/1250/2316 3269/1246/2317
f 3271/1248/2318 3272/1245/2318 3273/1188/2319
f 3274/1252/2320 3271/1248/2318 3273/1188/2319
f 3275/1189/2321 3274/1252/2320 3273/1188/2319
f 3275/1189/2321 3276/1253/2322 3274/1252/2320
f 3277/1254/2323 3278/1257/2324 3279/1256/2325
f 3280/1255/2323 3277/1254/2323 3279/1256/2325
f 3281/1250/2326 3282/1240/2327 3283/1241/2328
f 3284/1249/2329 3281/1250/2326 3283/1241/2328
f 3285/1254/2330 3286/1258/2331 3287/1257/2332
f 3288/1206/2333 3286/1258/2331 3285/1254/2330
f 3289/1259/2334 3286/1258/2331 3288/1206/2333
f 3290/1260/2335 3289/1259/2334 3288/1206/2333
f 3290/1260/2335 3288/1206/2333 3291/1261/2336
f 3291/1261/2336 3292/1262/2337 3290/1260/2335
f 3292/1262/2337 3293/1263/2338 3290/1260/2335
f 3292/1262/2337 3294/1264/2339 3293/1263/2338
f 3291/1261/2336 3295/1265/2340 3292/1262/2337
f 3296/1249/2341 3297/1241/2342 3298/1243/2343
f 3299/1266/2344 3296/1249/2341 3298/1243/2343
f 3299/1266/2344 3298/1243/2343 3300/1244/2345
f 3301/1267/2346 3299/1266/2344 3300/1244/2345
f 3302/1187/2347 3303/1188/2348 3304/1249/2348
f 3305/1266/2349 3302/1187/2347 3304/1249/2348
f 3305/1266/2349 3306/1267/2350 3302/1187/2347
f 3306/1267/2350 3307/1190/2351 3302/1187/2347
f 3308/1237/2352 3309/1239/2353 3310/1260/2354
f 3311/1263/2355 3308/1237/2352 3310/1260/2354
f 3309/1239/2353 3312/1259/2356 3310/1260/2354
f 3309/1239/2353 3313/1238/2357 3312/1259/2356
f 3313/1238/2357 3314/1258/2357 3312/1259/2356
f 3315/1268/2358 3316/1271/2359 3317/1270/2359
f 3318/1269/2359 3315/1268/2358 3317/1270/2359
f 3319/1269/38 3320/1265/38 3321/1272/38
f 3319/1269/38 3321/1272/38 3322/1268/38
f 3323/1279/2360 3324/1281/2361 3325/735/2362
f 3326/737/2363 3323/1279/2360 3325/735/2362
f 3323/1279/2360 3326/737/2363 3327/740/2364
f 3328/1280/2365 3323/1279/2360 3327/740/2364
f 3329/1178/2366 3325/735/2362 3324/1281/2361
f 3329/1178/2366 3330/736/2367 3325/735/2362
f 3328/1280/2365 3331/1284/2232 3323/1279/2360
f 3331/1284/2232 3332/1283/2368 3323/1279/2360
f 3323/1279/2360 3332/1283/2368 3324/1281/2361
f 3332/1283/2368 3333/1282/2369 3324/1281/2361
f 3329/1178/2366 3324/1281/2361 3333/1282/2369
f 3329/1178/2366 3333/1282/2369 3334/1182/2370
f 3335/1274/2371 3336/1273/2372 3337/1275/2373
f 3336/1273/2372 3338/1276/2374 3337/1275/2373
f 3336/1273/2372 3335/1274/2371 3339/1277/2375
f 3340/1272/143 3341/1265/143 3342/1261/143
f 3343/1278/143 3340/1272/143 3342/1261/143
f 3343/1278/143 3342/1261/143 3344/1206/143
f 3345/1203/143 3343/1278/143 3344/1206/143
f 3346/1285/2376 3347/1251/2377 3348/1246/2377
f 3349/1247/2377 3346/1285/2376 3348/1246/2377
f 3350/1242/2378 3351/1240/2379 3352/1251/2380
f 3351/1240/2379 3353/1250/2381 3352/1251/2380
f 3354/1277/2382 3355/1217/2382 3356/1210/2383
f 3357/1273/2384 3354/1277/2382 3356/1210/2383
f 3358/1276/2385 3357/1273/2384 3356/1210/2383
f 3359/1242/2386 3360/1258/2387 3361/1238/2388
f 3359/1242/2386 3362/1251/2389 3360/1258/2387
f 3362/1251/2389 3363/1285/2390 3360/1258/2387
f 3364/1267/2391 3365/1244/2392 3366/1233/2393
f 3367/1299/2393 3364/1267/2391 3366/1233/2393
f 3368/1299/2394 3369/1300/2395 3370/1190/2395
f 3371/1267/2394 3368/1299/2394 3370/1190/2395
f 3372/1300/2396 3373/1301/2397 3374/1191/2396
f 3375/1190/2398 3372/1300/2396 3374/1191/2396
f 3376/1301/2399 3377/1300/2400 3378/1190/2399
f 3379/1191/2399 3376/1301/2399 3378/1190/2399
f 3380/1300/2401 3381/1299/2402 3382/1267/2402
f 3383/1190/2403 3380/1300/2401 3382/1267/2402
f 3384/1267/2404 3385/1299/2405 3386/1233/2405
f 3387/1244/2406 3384/1267/2404 3386/1233/2405
f 3388/1302/2407 3389/1303/2407 3390/1304/2407
f 3391/1305/2408 3388/1302/2407 3390/1304/2407
f 3392/1306/2409 3393/1307/2410 3394/1308/2411
f 3395/1309/2412 3392/1306/2409 3394/1308/2411
f 3396/1310/2413 3397/1311/2414 3398/1312/2415
f 3398/1312/2415 3397/1311/2414 3399/1313/2416
f 3399/1313/2416 3397/1311/2414 3400/1314/2417
f 3397/1311/2414 3401/1315/2418 3400/1314/2417
f 3401/1315/2418 3402/1316/2419 3400/1314/2417
f 3402/1316/2419 3403/1317/2420 3400/1314/2417
f 3404/1318/2421 3400/1314/2417 3403/1317/2420
f 3405/1319/2422 3404/1318/2421 3403/1317/2420
f 3406/1320/2423 3404/1318/2421 3405/1319/2422
f 3407/1321/2424 3408/1322/2424 3409/1323/2424
f 3410/1324/2424 3407/1321/2424 3409/1323/2424
f 3411/1325/2425 3412/1326/2425 3413/1303/2425
f 3414/1302/2425 3411/1325/2425 3413/1303/2425
f 3415/1327/2426 3416/1328/2426 3417/1329/2426
f 3418/1330/2426 3415/1327/2426 3417/1329/2426
f 3419/1331/2426 3415/1327/2426 3418/1330/2426
f 3417/1329/2426 3416/1328/2426 3420/1332/2426
f 3421/1333/2427 3417/1329/2426 3420/1332/2426
f 3421/1333/2427 3420/1332/2426 3422/1334/2428
f 3421/1333/2427 3422/1334/2428 3423/1335/2429
f 3422/1334/2428 3424/1336/2429 3423/1335/2429
f 3425/1332/2430 3416/1328/2426 3426/1327/2431
f 3425/1332/2430 3426/1327/2431 3427/1337/2432
f 3428/1338/2433 3427/1337/2432 3426/1327/2431
f 3429/1331/2434 3428/1338/2433 3426/1327/2431
f 3430/1335/2435 3431/1336/2435 3432/1325/2435
f 3431/1336/2435 3433/1339/2435 3432/1325/2435
f 3433/1339/2435 3434/1326/2435 3432/1325/2435
f 3435/1308/2436 3436/1340/2437 3437/1309/2438
f 3437/1309/2438 3436/1340/2437 3438/1341/2439
f 3439/1342/2440 3437/1309/2438 3438/1341/2439
f 3440/1343/2441 3441/1344/2442 3442/1345/2443
f 3443/1346/2441 3440/1343/2441 3442/1345/2443
f 3441/1344/2442 3444/1347/2444 3442/1345/2443
f 3442/1345/2443 3444/1347/2444 3445/1348/2445
f 3446/1349/2446 3444/1347/2444 3441/1344/2442
f 3447/1322/2447 3448/1330/2447 3449/1329/2447
f 3450/1323/2447 3447/1322/2447 3449/1329/2447
f 3451/1350/2448 3452/1342/2449 3453/1351/2450
f 3452/1342/2449 3454/1341/2451 3453/1351/2450
f 3455/1352/2448 3451/1350/2448 3453/1351/2450
f 3456/1342/2452 3457/1350/2452 3458/1306/2452
f 3459/1309/2452 3456/1342/2452 3458/1306/2452
f 3460/1353/2453 3461/1354/2454 3462/1355/2453
f 3462/1355/2453 3461/1354/2454 3463/1334/2455
f 3461/1354/2454 3464/1356/2456 3463/1334/2455
f 3464/1356/2456 3465/1336/2457 3463/1334/2455
f 3466/1357/2458 3465/1336/2457 3464/1356/2456
f 3465/1336/2457 3466/1357/2458 3467/1358/2459
f 3467/1358/2459 3468/1339/2460 3465/1336/2457
f 3469/1359/2460 3468/1339/2460 3467/1358/2459
f 3470/1360/2461 3471/1334/2462 3472/1361/2463
f 3472/1361/2463 3471/1334/2462 3473/1362/2464
f 3471/1334/2462 3470/1360/2461 3474/1355/2465
f 3474/1355/2465 3470/1360/2461 3475/1363/2465
f 3473/1362/2464 3471/1334/2462 3476/1332/2466
f 3477/1364/2467 3473/1362/2464 3476/1332/2466
f 3478/1365/2468 3477/1364/2467 3476/1332/2466
f 3479/1366/2469 3477/1364/2467 3478/1365/2468
f 3480/1353/2429 3481/1367/2429 3482/1354/2429
f 3482/1354/2429 3481/1367/2429 3483/1356/2429
f 3483/1356/2429 3481/1367/2429 3484/1357/2429
f 3484/1357/2429 3481/1367/2429 3485/1358/2429
f 3485/1358/2429 3481/1367/2429 3486/1359/2429
f 3487/1366/2426 3488/1368/2426 3489/1364/2426
f 3489/1364/2426 3488/1368/2426 3490/1362/2426
f 3490/1362/2426 3488/1368/2426 3491/1361/2426
f 3488/1368/2426 3492/1360/2426 3491/1361/2426
f 3493/1363/2426 3492/1360/2426 3488/1368/2426
f 3494/1338/2470 3495/1365/2471 3496/1332/2472
f 3497/1337/2473 3494/1338/2470 3496/1332/2472
f 3498/1302/2407 3499/1305/2407 3500/1304/2407
f 3501/1303/2407 3498/1302/2407 3500/1304/2407
f 3502/1342/2474 3503/1350/2448 3504/1351/2475
f 3503/1350/2448 3505/1352/2448 3504/1351/2475
f 3506/1341/2476 3502/1342/2474 3504/1351/2475
f 3507/1306/2477 3508/1309/2478 3509/1308/2479
f 3510/1307/2480 3507/1306/2477 3509/1308/2479
f 3511/1311/2481 3512/1310/2482 3513/1312/2483
f 3511/1311/2481 3513/1312/2483 3514/1313/2484
f 3511/1311/2481 3514/1313/2484 3515/1314/2485
f 3516/1315/2486 3511/1311/2481 3515/1314/2485
f 3517/1316/2487 3516/1315/2486 3515/1314/2485
f 3518/1317/2488 3517/1316/2487 3515/1314/2485
f 3515/1314/2485 3519/1318/2489 3518/1317/2488
f 3519/1318/2489 3520/1319/2490 3518/1317/2488
f 3519/1318/2489 3521/1320/2491 3520/1319/2490
f 3522/1350/2452 3523/1342/2452 3524/1306/2452
f 3523/1342/2452 3525/1309/2452 3524/1306/2452
f 3526/1321/2424 3527/1324/2424 3528/1323/2424
f 3529/1322/2424 3526/1321/2424 3528/1323/2424
f 3530/1325/2425 3531/1302/2425 3532/1303/2425
f 3533/1326/2425 3530/1325/2425 3532/1303/2425
f 3534/1328/2426 3535/1327/2426 3536/1329/2426
f 3537/1332/2426 3534/1328/2426 3536/1329/2426
f 3535/1327/2426 3538/1330/2426 3536/1329/2426
f 3535/1327/2426 3539/1331/2426 3538/1330/2426
f 3537/1332/2426 3536/1329/2426 3540/1333/2427
f 3537/1332/2426 3540/1333/2427 3541/1334/2428
f 3541/1334/2428 3540/1333/2427 3542/1335/2429
f 3543/1336/2429 3541/1334/2428 3542/1335/2429
f 3544/1327/2492 3534/1328/2426 3545/1332/2493
f 3544/1327/2492 3545/1332/2493 3546/1337/2494
f 3546/1337/2494 3547/1338/2495 3544/1327/2492
f 3547/1338/2495 3548/1331/2434 3544/1327/2492
f 3549/1336/2435 3550/1335/2435 3551/1325/2435
f 3552/1339/2435 3549/1336/2435 3551/1325/2435
f 3553/1326/2435 3552/1339/2435 3551/1325/2435
f 3554/1340/2496 3555/1308/2497 3556/1309/2498
f 3554/1340/2496 3556/1309/2498 3557/1341/2499
f 3556/1309/2498 3558/1342/2500 3557/1341/2499
f 3559/1343/2441 3560/1346/2441 3561/1345/2501
f 3562/1344/2442 3559/1343/2441 3561/1345/2501
f 3563/1347/2502 3562/1344/2442 3561/1345/2501
f 3563/1347/2502 3561/1345/2501 3564/1348/2503
f 3563/1347/2502 3565/1349/2446 3562/1344/2442
f 3566/1322/2447 3567/1323/2447 3568/1329/2447
f 3569/1330/2447 3566/1322/2447 3568/1329/2447
f 3570/1354/2504 3571/1353/2453 3572/1355/2453
f 3570/1354/2504 3572/1355/2453 3573/1334/2505
f 3574/1356/2506 3570/1354/2504 3573/1334/2505
f 3575/1336/2507 3574/1356/2506 3573/1334/2505
f 3575/1336/2507 3576/1357/2508 3574/1356/2506
f 3576/1357/2508 3575/1336/2507 3577/1358/2509
f 3578/1339/2460 3577/1358/2509 3575/1336/2507
f 3578/1339/2460 3579/1359/2460 3577/1358/2509
f 3580/1334/2510 3581/1360/2511 3582/1361/2512
f 3580/1334/2510 3582/1361/2512 3583/1362/2513
f 3581/1360/2511 3580/1334/2510 3584/1355/2465
f 3581/1360/2511 3584/1355/2465 3585/1363/2465
f 3580/1334/2510 3583/1362/2513 3586/1332/2514
f 3583/1362/2513 3587/1364/2515 3586/1332/2514
f 3587/1364/2515 3588/1365/2468 3586/1332/2514
f 3587/1364/2515 3589/1366/2469 3588/1365/2468
f 3590/1367/2429 3591/1353/2429 3592/1354/2429
f 3590/1367/2429 3592/1354/2429 3593/1356/2429
f 3590/1367/2429 3593/1356/2429 3594/1357/2429
f 3590/1367/2429 3594/1357/2429 3595/1358/2429
f 3590/1367/2429 3595/1358/2429 3596/1359/2429
f 3597/1368/2426 3598/1366/2426 3599/1364/2426
f 3597/1368/2426 3599/1364/2426 3600/1362/2426
f 3597/1368/2426 3600/1362/2426 3601/1361/2426
f 3602/1360/2426 3597/1368/2426 3601/1361/2426
f 3602/1360/2426 3603/1363/2426 3597/1368/2426
f 3604/1338/2470 3605/1337/2516 3606/1332/2517
f 3607/1365/2470 3604/1338/2470 3606/1332/2517
f 3608/1369/2518 3609/1370/2519 3610/1371/2520
f 3609/1370/2519 3608/1369/2518 3611/1372/2521
f 3612/1373/2522 3609/1370/2519 3611/1372/2521
f 3608/1369/2518 3610/1371/2520 3613/1374/2523
f 3614/1375/2524 3615/1376/2525 3616/1377/2526
f 3616/1377/2526 3615/1376/2525 3617/1378/2527
f 3616/1377/2526 3618/1379/2528 3614/1375/2524
f 3616/1377/2526 3619/1380/2529 3618/1379/2528
f 3616/1377/2526 3617/1378/2527 3619/1380/2529
f 3617/1378/2527 3620/1381/2530 3619/1380/2529
f 3619/1380/2529 3621/1382/2531 3618/1379/2528
f 3622/1370/2532 3623/1383/2533 3624/1371/2534
f 3623/1383/2533 3625/1384/2535 3624/1371/2534
f 3625/1384/2535 3626/1374/2536 3624/1371/2534
f 3623/1383/2533 3627/1385/2537 3625/1384/2535
f 3627/1385/2537 3628/1386/2538 3625/1384/2535
f 3627/1385/2537 3629/1387/2539 3628/1386/2538
f 3629/1387/2539 3630/1388/2540 3628/1386/2538
f 3631/1389/2541 3630/1388/2540 3629/1387/2539
f 3632/1390/2542 3631/1389/2541 3629/1387/2539
f 3633/1391/2543 3632/1390/2542 3629/1387/2539
f 3633/1391/2543 3629/1387/2539 3627/1385/2537
f 3634/1392/2544 3627/1385/2537 3623/1383/2533
f 3622/1370/2532 3634/1392/2544 3623/1383/2533
f 3634/1392/2544 3633/1391/2543 3627/1385/2537
f 3622/1370/2532 3635/1373/2545 3634/1392/2544
f 3636/1393/2546 3637/1376/2547 3638/1375/2548
f 3636/1393/2546 3639/1394/2549 3637/1376/2547
f 3640/1370/2550 3641/1369/2551 3642/1371/2552
f 3641/1369/2551 3640/1370/2550 3643/1372/2521
f 3640/1370/2550 3644/1373/2522 3643/1372/2521
f 3642/1371/2552 3641/1369/2551 3645/1374/2553
f 3646/1376/2525 3647/1375/2554 3648/1377/2555
f 3646/1376/2525 3648/1377/2555 3649/1378/2527
f 3650/1379/2556 3648/1377/2555 3647/1375/2554
f 3651/1380/2557 3648/1377/2555 3650/1379/2556
f 3649/1378/2527 3648/1377/2555 3651/1380/2557
f 3652/1381/2558 3649/1378/2527 3651/1380/2557
f 3653/1382/2531 3651/1380/2557 3650/1379/2556
f 3654/1390/2542 3655/1391/2559 3656/1387/2560
f 3657/1389/2561 3654/1390/2542 3656/1387/2560
f 3658/1388/2562 3657/1389/2561 3656/1387/2560
f 3658/1388/2562 3656/1387/2560 3659/1386/2563
f 3656/1387/2560 3660/1385/2564 3659/1386/2563
f 3656/1387/2560 3655/1391/2559 3660/1385/2564
f 3659/1386/2563 3660/1385/2564 3661/1384/2565
f 3660/1385/2564 3662/1383/2566 3661/1384/2565
f 3661/1384/2565 3662/1383/2566 3663/1371/2567
f 3664/1374/2568 3661/1384/2565 3663/1371/2567
f 3662/1383/2566 3660/1385/2564 3665/1392/2569
f 3660/1385/2564 3655/1391/2559 3665/1392/2569
f 3662/1383/2566 3665/1392/2569 3666/1370/2570
f 3662/1383/2566 3666/1370/2570 3663/1371/2567
f 3667/1373/2545 3666/1370/2570 3665/1392/2569
f 3668/1376/2547 3669/1393/2571 3670/1375/2572
f 3671/1394/2549 3669/1393/2571 3668/1376/2547
f 3672/1395/2573 3673/1396/2574 3674/1397/2575
f 3675/1398/2576 3672/1395/2573 3674/1397/2575
f 3675/1398/2576 3676/1399/2577 3672/1395/2573
f 3676/1399/2577 3677/1400/2578 3672/1395/2573
f 3672/1395/2573 3677/1400/2578 3678/1401/2579
f 3672/1395/2573 3678/1401/2579 3673/1396/2574
f 3677/1400/2578 3679/1402/2580 3678/1401/2579
f 3678/1401/2579 3680/1403/2581 3673/1396/2574
f 3681/1395/2582 3682/1398/2583 3683/1397/2584
f 3684/1396/2585 3681/1395/2582 3683/1397/2584
f 3685/1399/2586 3682/1398/2583 3681/1395/2582
f 3686/1400/2587 3685/1399/2586 3681/1395/2582
f 3686/1400/2587 3681/1395/2582 3687/1401/2588
f 3687/1401/2588 3681/1395/2582 3684/1396/2585
f 3688/1402/2589 3686/1400/2587 3687/1401/2588
f 3689/1403/2590 3687/1401/2588 3684/1396/2585
f 3690/1404/2591 3691/1405/2592 3692/1406/2593
f 3693/1407/2594 3690/1404/2591 3692/1406/2593
f 3692/1406/2593 3691/1405/2592 3694/1408/2595
f 3690/1404/2591 3694/1408/2595 3691/1405/2592
f 3692/1406/2593 3694/1408/2595 3695/1409/2596
f 3692/1406/2593 3695/1409/2596 3696/1410/2597
f 3697/1411/2598 3698/1412/2599 3699/1413/2600
f 3700/1414/2601 3697/1411/2598 3699/1413/2600
f 3697/1411/2598 3701/1415/2602 3698/1412/2599
f 3701/1415/2602 3697/1411/2598 3700/1414/2601
f 3702/1416/2603 3701/1415/2602 3700/1414/2601
f 3703/1417/2604 3702/1416/2603 3700/1414/2601
f 3704/1418/2605 3705/1419/2605 3706/1420/2605
f 3707/1421/2606 3704/1418/2605 3706/1420/2605
f 3708/1404/2607 3709/1407/2608 3710/1406/2609
f 3711/1405/2610 3708/1404/2607 3710/1406/2609
f 3711/1405/2610 3710/1406/2609 3712/1408/2611
f 3712/1408/2611 3708/1404/2607 3711/1405/2610
f 3712/1408/2611 3710/1406/2609 3713/1409/2612
f 3713/1409/2612 3710/1406/2609 3714/1410/2613
f 3715/1411/2614 3716/1414/2615 3717/1413/2616
f 3718/1412/2617 3715/1411/2614 3717/1413/2616
f 3719/1415/2618 3715/1411/2614 3718/1412/2617
f 3715/1411/2614 3719/1415/2618 3716/1414/2615
f 3719/1415/2618 3720/1416/2619 3716/1414/2615
f 3720/1416/2619 3721/1417/2620 3716/1414/2615
f 3722/1418/2621 3723/1421/2621 3724/1420/2621
f 3725/1419/2621 3722/1418/2621 3724/1420/2621
f 3726/1401/2622 3727/1422/2623 3728/1423/2624
f 3726/1401/2622 3728/1423/2624 3729/1403/2625
f 3728/1423/2624 3730/1424/2625 3729/1403/2625
f 3726/1401/2622 3731/1425/2626 3727/1422/2623
f 3726/1401/2622 3732/1402/2627 3731/1425/2626
f 3733/1422/2628 3734/1401/2629 3735/1423/2630
f 3735/1423/2630 3734/1401/2629 3736/1403/2625
f 3737/1424/2625 3735/1423/2630 3736/1403/2625
f 3738/1425/2631 3734/1401/2629 3733/1422/2628
f 3739/1402/2632 3734/1401/2629 3738/1425/2631
f 3740/1426/2633 3741/1427/2634 3742/1428/2635
f 3740/1426/2633 3742/1428/2635 3743/1429/2636
f 3742/1428/2635 3744/1430/2637 3743/1429/2636
f 3744/1430/2637 3742/1428/2635 3745/1431/2638
f 3742/1428/2635 3746/1432/2639 3745/1431/2638
f 3742/1428/2635 3747/1433/2640 3746/1432/2639
f 3742/1428/2635 3741/1427/2634 3747/1433/2640
f 3746/1432/2639 3748/1434/2641 3745/1431/2638
f 3749/1432/2639 3750/1433/2640 3751/1428/2642
f 3749/1432/2639 3751/1428/2642 3752/1431/2643
f 3753/1434/2644 3749/1432/2639 3752/1431/2643
f 3751/1428/2642 3754/1430/2645 3752/1431/2643
f 3754/1430/2645 3751/1428/2642 3755/1429/2646
f 3751/1428/2642 3756/1426/2647 3755/1429/2646
f 3751/1428/2642 3757/1427/2648 3756/1426/2647
f 3750/1433/2640 3757/1427/2648 3751/1428/2642
f 3758/1435/2649 3759/1436/2650 3760/1437/2651
f 3761/1438/2652 3759/1436/2650 3758/1435/2649
f 3762/1439/2653 3760/1437/2651 3759/1436/2650
f 3759/1436/2650 3761/1438/2652 3762/1439/2653
f 3762/1439/2653 3763/1440/2654 3760/1437/2651
f 3761/1438/2652 3764/1441/2655 3762/1439/2653
f 3765/1442/2656 3763/1440/2654 3762/1439/2653
f 3762/1439/2653 3764/1441/2655 3766/1443/2657
f 3767/1444/2658 3765/1442/2656 3762/1439/2653
f 3767/1444/2658 3762/1439/2653 3766/1443/2657
f 3763/1440/2654 3768/1445/2659 3769/1437/2660
f 3769/1437/2660 3768/1445/2659 3770/1426/2661
f 3768/1445/2659 3771/1427/2662 3770/1426/2661
f 3772/1433/2663 3771/1427/2662 3768/1445/2659
f 3772/1433/2663 3768/1445/2659 3773/1446/2664
f 3768/1445/2659 3774/1447/2665 3773/1446/2664
f 3775/1448/2666 3773/1446/2664 3774/1447/2665
f 3775/1448/2666 3774/1447/2665 3776/1449/2667
f 3775/1448/2666 3776/1449/2667 3777/1450/2668
f 3777/1450/2668 3776/1449/2667 3778/1451/2669
f 3778/1451/2669 3776/1449/2667 3779/1444/2670
f 3776/1449/2667 3774/1447/2665 3779/1444/2670
f 3780/1452/2671 3775/1448/2666 3777/1450/2668
f 3781/1453/2672 3775/1448/2666 3780/1452/2671
f 3782/1454/2673 3775/1448/2666 3781/1453/2672
f 3775/1448/2666 3782/1454/2673 3773/1446/2664
f 3783/1455/2674 3781/1453/2672 3780/1452/2671
f 3768/1445/2659 3784/1442/2675 3774/1447/2665
f 3774/1447/2665 3784/1442/2675 3779/1444/2670
f 3784/1442/2675 3768/1445/2659 3763/1440/2654
f 3785/1451/2676 3786/1456/2677 3787/1450/2678
f 3785/1451/2676 3788/1444/2679 3786/1456/2677
f 3786/1456/2677 3789/1457/2680 3787/1450/2678
f 3787/1450/2678 3789/1457/2680 3790/1452/2681
f 3790/1452/2681 3789/1457/2680 3791/1458/2682
f 3792/1455/2683 3790/1452/2681 3791/1458/2682
f 3791/1458/2682 3789/1457/2680 3793/1459/2684
f 3789/1457/2680 3794/1460/2685 3793/1459/2684
f 3793/1459/2684 3794/1460/2685 3795/1461/2686
f 3795/1461/2686 3794/1460/2685 3796/1423/2687
f 3796/1423/2687 3794/1460/2685 3797/1422/2688
f 3794/1460/2685 3798/1443/2689 3797/1422/2688
f 3789/1457/2680 3798/1443/2689 3794/1460/2685
f 3798/1443/2689 3786/1456/2677 3788/1444/2679
f 3786/1456/2677 3798/1443/2689 3789/1457/2680
f 3799/1424/2690 3795/1461/2686 3796/1423/2687
f 3798/1443/2689 3800/1441/2691 3797/1422/2688
f 3800/1441/2691 3801/1438/2692 3797/1422/2688
f 3802/1438/2693 3803/1462/2694 3804/1463/2695
f 3803/1462/2694 3805/1464/2696 3804/1463/2695
f 3806/1422/2697 3802/1438/2693 3804/1463/2695
f 3807/1425/2698 3805/1464/2696 3808/1402/2699
f 3805/1464/2696 3809/1465/2700 3808/1402/2699
f 3809/1465/2700 3810/1466/2701 3808/1402/2699
f 3810/1466/2701 3811/1467/2702 3808/1402/2699
f 3811/1467/2702 3812/1400/2703 3808/1402/2699
f 3812/1400/2703 3811/1467/2702 3813/1468/2704
f 3811/1467/2702 3814/1469/2705 3813/1468/2704
f 3815/1436/2706 3816/1435/2707 3817/1437/2708
f 3815/1436/2706 3818/1438/2709 3816/1435/2707
f 3817/1437/2708 3819/1439/2710 3815/1436/2706
f 3818/1438/2709 3815/1436/2706 3819/1439/2710
f 3817/1437/2708 3820/1440/2711 3819/1439/2710
f 3820/1440/2711 3821/1442/2712 3819/1439/2710
f 3821/1442/2712 3822/1444/2713 3819/1439/2710
f 3819/1439/2710 3822/1444/2713 3823/1443/2714
f 3824/1441/2715 3819/1439/2710 3823/1443/2714
f 3824/1441/2715 3818/1438/2709 3819/1439/2710
f 3825/1445/2716 3820/1440/2711 3826/1437/2717
f 3825/1445/2716 3826/1437/2717 3827/1426/2718
f 3828/1427/2719 3825/1445/2716 3827/1426/2718
f 3828/1427/2719 3829/1433/2720 3825/1445/2716
f 3825/1445/2716 3829/1433/2720 3830/1446/2664
f 3831/1447/2721 3825/1445/2716 3830/1446/2664
f 3830/1446/2664 3832/1448/2722 3831/1447/2721
f 3831/1447/2721 3832/1448/2722 3833/1449/2723
f 3833/1449/2723 3832/1448/2722 3834/1450/2724
f 3833/1449/2723 3834/1450/2724 3835/1451/2725
f 3833/1449/2723 3835/1451/2725 3836/1444/2726
f 3831/1447/2721 3833/1449/2723 3836/1444/2726
f 3832/1448/2722 3837/1452/2727 3834/1450/2724
f 3832/1448/2722 3838/1453/2672 3837/1452/2727
f 3832/1448/2722 3839/1454/2673 3838/1453/2672
f 3830/1446/2664 3839/1454/2673 3832/1448/2722
f 3838/1453/2672 3840/1455/2728 3837/1452/2727
f 3841/1442/2729 3825/1445/2716 3831/1447/2721
f 3841/1442/2729 3831/1447/2721 3836/1444/2726
f 3825/1445/2716 3841/1442/2729 3820/1440/2711
f 3842/1456/2730 3843/1451/2731 3844/1450/2732
f 3845/1444/2733 3843/1451/2731 3842/1456/2730
f 3846/1457/2734 3842/1456/2730 3844/1450/2732
f 3842/1456/2730 3847/1443/2735 3845/1444/2733
f 3847/1443/2735 3842/1456/2730 3846/1457/2734
f 3846/1457/2734 3844/1450/2732 3848/1452/2736
f 3846/1457/2734 3848/1452/2736 3849/1458/2682
f 3848/1452/2736 3850/1455/2683 3849/1458/2682
f 3846/1457/2734 3849/1458/2682 3851/1459/2684
f 3852/1460/2737 3846/1457/2734 3851/1459/2684
f 3847/1443/2735 3846/1457/2734 3852/1460/2737
f 3852/1460/2737 3851/1459/2684 3853/1461/2686
f 3852/1460/2737 3853/1461/2686 3854/1423/2738
f 3852/1460/2737 3854/1423/2738 3855/1422/2739
f 3847/1443/2735 3852/1460/2737 3855/1422/2739
f 3853/1461/2686 3856/1424/2740 3854/1423/2738
f 3857/1441/2741 3847/1443/2735 3855/1422/2739
f 3858/1438/2742 3857/1441/2741 3855/1422/2739
f 3859/1462/2743 3860/1438/2744 3861/1463/2745
f 3862/1464/2746 3859/1462/2743 3861/1463/2745
f 3860/1438/2744 3863/1422/2747 3861/1463/2745
f 3862/1464/2746 3864/1425/2748 3865/1402/2749
f 3866/1465/2750 3862/1464/2746 3865/1402/2749
f 3867/1466/2751 3866/1465/2750 3865/1402/2749
f 3868/1467/2752 3867/1466/2751 3865/1402/2749
f 3869/1400/2753 3868/1467/2752 3865/1402/2749
f 3868/1467/2752 3869/1400/2753 3870/1468/2754
f 3871/1469/2754 3868/1467/2752 3870/1468/2754
f 3872/1470/2755 3873/1471/2756 3874/1472/2757
f 3875/1473/2758 3872/1470/2755 3874/1472/2757
f 3873/1471/2756 3876/1474/2759 3874/1472/2757
f 3876/1474/2759 3877/1475/2760 3874/1472/2757
f 3874/1472/2757 3877/1475/2760 3878/1476/2761
f 3877/1475/2760 3879/1477/2762 3878/1476/2761
f 3878/1476/2761 3879/1477/2762 3880/1478/2763
f 3879/1477/2762 3881/1479/2764 3880/1478/2763
f 3882/1480/2765 3878/1476/2761 3880/1478/2763
f 3874/1472/2757 3878/1476/2761 3882/1480/2765
f 3875/1473/2758 3874/1472/2757 3882/1480/2765
f 3883/1481/2766 3882/1480/2765 3880/1478/2763
f 3883/1481/2766 3880/1478/2763 3884/1482/2767
f 3880/1478/2763 3885/1483/2768 3884/1482/2767
f 3880/1478/2763 3881/1479/2764 3885/1483/2768
f 3884/1482/2767 3885/1483/2768 3886/1484/2769
f 3884/1482/2767 3886/1484/2769 3887/1485/2770
f 3883/1481/2766 3884/1482/2767 3887/1485/2770
f 3887/1485/2770 3886/1484/2769 3888/1469/2771
f 3886/1484/2769 3889/1467/2772 3888/1469/2771
f 3876/1474/2759 3890/1486/2773 3877/1475/2760
f 3890/1486/2773 3891/1487/2774 3877/1475/2760
f 3877/1475/2760 3891/1487/2774 3879/1477/2762
f 3891/1487/2774 3890/1486/2773 3892/1488/2775
f 3893/1489/2776 3891/1487/2774 3892/1488/2775
f 3893/1489/2776 3892/1488/2775 3894/1490/2777
f 3895/1491/2778 3893/1489/2776 3894/1490/2777
f 3893/1489/2776 3895/1491/2778 3896/1492/2779
f 3893/1489/2776 3896/1492/2779 3891/1487/2774
f 3895/1491/2778 3897/1493/2780 3896/1492/2779
f 3896/1492/2779 3897/1493/2780 3898/1494/2781
f 3896/1492/2779 3898/1494/2781 3899/1495/2782
f 3896/1492/2779 3899/1495/2782 3891/1487/2774
f 3898/1494/2781 3900/1496/2783 3899/1495/2782
f 3891/1487/2774 3899/1495/2782 3879/1477/2762
f 3899/1495/2782 3900/1496/2783 3881/1479/2764
f 3879/1477/2762 3899/1495/2782 3881/1479/2764
f 3881/1479/2764 3900/1496/2783 3901/1497/2784
f 3881/1479/2764 3901/1497/2784 3902/1498/2785
f 3901/1497/2784 3903/1499/2786 3902/1498/2785
f 3904/1500/2787 3901/1497/2784 3900/1496/2783
f 3898/1494/2781 3904/1500/2787 3900/1496/2783
f 3903/1499/2786 3901/1497/2784 3904/1500/2787
f 3904/1500/2787 3898/1494/2781 3905/1501/2788
f 3898/1494/2781 3906/1502/2789 3905/1501/2788
f 3897/1493/2780 3906/1502/2789 3898/1494/2781
f 3905/1501/2788 3907/1503/2790 3904/1500/2787
f 3905/1501/2788 3908/1504/2791 3907/1503/2790
f 3906/1502/2789 3908/1504/2791 3905/1501/2788
f 3908/1504/2791 3906/1502/2789 3909/1505/2792
f 3910/1506/2793 3908/1504/2791 3909/1505/2792
f 3907/1503/2790 3908/1504/2791 3910/1506/2793
f 3909/1505/2792 3906/1502/2789 3911/1507/2794
f 3906/1502/2789 3912/1508/2795 3911/1507/2794
f 3911/1507/2794 3912/1508/2795 3913/1509/2796
f 3912/1508/2795 3914/1510/2797 3913/1509/2796
f 3913/1509/2796 3914/1510/2797 3915/1511/2798
f 3914/1510/2797 3916/1512/2799 3915/1511/2798
f 3913/1509/2796 3915/1511/2798 3917/1513/2800
f 3918/1514/2801 3913/1509/2796 3917/1513/2800
f 3911/1507/2794 3913/1509/2796 3918/1514/2801
f 3919/1515/2802 3911/1507/2794 3918/1514/2801
f 3909/1505/2792 3911/1507/2794 3919/1515/2802
f 3920/1516/2803 3909/1505/2792 3919/1515/2802
f 3910/1506/2793 3909/1505/2792 3920/1516/2803
f 3921/1517/2804 3910/1506/2793 3920/1516/2803
f 3907/1503/2790 3910/1506/2793 3921/1517/2804
f 3918/1514/2801 3917/1513/2800 3922/1431/2805
f 3917/1513/2800 3923/1434/2806 3922/1431/2805
f 3918/1514/2801 3922/1431/2805 3924/1430/2807
f 3919/1515/2802 3918/1514/2801 3924/1430/2807
f 3919/1515/2802 3924/1430/2807 3925/1429/2808
f 3920/1516/2803 3919/1515/2802 3925/1429/2808
f 3921/1517/2804 3920/1516/2803 3925/1429/2808
f 3921/1517/2804 3925/1429/2808 3926/1426/2809
f 3914/1510/2797 3895/1491/2778 3916/1512/2799
f 3895/1491/2778 3894/1490/2777 3916/1512/2799
f 3895/1491/2778 3914/1510/2797 3897/1493/2780
f 3914/1510/2797 3912/1508/2795 3897/1493/2780
f 3897/1493/2780 3912/1508/2795 3906/1502/2789
f 3907/1503/2790 3921/1517/2804 3926/1426/2809
f 3927/1518/2810 3907/1503/2790 3926/1426/2809
f 3927/1518/2810 3926/1426/2809 3928/1519/2811
f 3929/1520/2812 3928/1519/2811 3926/1426/2809
f 3907/1503/2790 3927/1518/2810 3904/1500/2787
f 3927/1518/2810 3903/1499/2786 3904/1500/2787
f 3930/1521/2813 3903/1499/2786 3927/1518/2810
f 3903/1499/2786 3930/1521/2813 3902/1498/2785
f 3930/1521/2813 3927/1518/2810 3931/1522/2814
f 3927/1518/2810 3928/1519/2811 3931/1522/2814
f 3930/1521/2813 3931/1522/2814 3932/1523/2815
f 3930/1521/2813 3932/1523/2815 3933/1524/2816
f 3933/1524/2816 3902/1498/2785 3930/1521/2813
f 3931/1522/2814 3934/1465/2817 3932/1523/2815
f 3934/1465/2817 3933/1524/2816 3932/1523/2815
f 3931/1522/2814 3928/1519/2811 3935/1525/2818
f 3931/1522/2814 3935/1525/2818 3934/1465/2817
f 3935/1525/2818 3928/1519/2811 3929/1520/2812
f 3935/1525/2818 3929/1520/2812 3936/1526/2819
f 3933/1524/2816 3886/1484/2769 3902/1498/2785
f 3933/1524/2816 3937/1527/2820 3886/1484/2769
f 3885/1483/2768 3902/1498/2785 3886/1484/2769
f 3881/1479/2764 3902/1498/2785 3885/1483/2768
f 3929/1520/2812 3938/1437/2821 3936/1526/2819
f 3929/1520/2812 3926/1426/2809 3938/1437/2821
f 3933/1524/2816 3934/1465/2817 3939/1466/2822
f 3933/1524/2816 3939/1466/2822 3937/1527/2820
f 3937/1527/2820 3889/1467/2772 3886/1484/2769
f 3937/1527/2820 3939/1466/2822 3889/1467/2772
f 3940/1470/2755 3941/1473/2823 3942/1472/2824
f 3943/1471/2756 3940/1470/2755 3942/1472/2824
f 3942/1472/2824 3941/1473/2823 3944/1480/2825
f 3945/1476/2826 3942/1472/2824 3944/1480/2825
f 3945/1476/2826 3944/1480/2825 3946/1478/2827
f 3944/1480/2825 3947/1481/2828 3946/1478/2827
f 3946/1478/2827 3947/1481/2828 3948/1482/2829
f 3948/1482/2829 3947/1481/2828 3949/1485/2830
f 3950/1474/2831 3943/1471/2756 3942/1472/2824
f 3951/1475/2832 3950/1474/2831 3942/1472/2824
f 3951/1475/2832 3942/1472/2824 3945/1476/2826
f 3952/1477/2833 3951/1475/2832 3945/1476/2826
f 3952/1477/2833 3945/1476/2826 3946/1478/2827
f 3953/1479/2834 3952/1477/2833 3946/1478/2827
f 3953/1479/2834 3954/1496/2835 3952/1477/2833
f 3955/1497/2836 3954/1496/2835 3953/1479/2834
f 3955/1497/2836 3956/1500/2837 3954/1496/2835
f 3956/1500/2837 3957/1494/2838 3954/1496/2835
f 3957/1494/2838 3956/1500/2837 3958/1501/2839
f 3954/1496/2835 3957/1494/2838 3959/1495/2840
f 3954/1496/2835 3959/1495/2840 3952/1477/2833
f 3952/1477/2833 3959/1495/2840 3951/1475/2832
f 3957/1494/2838 3960/1492/2841 3959/1495/2840
f 3959/1495/2840 3960/1492/2841 3961/1487/2842
f 3959/1495/2840 3961/1487/2842 3951/1475/2832
f 3951/1475/2832 3961/1487/2842 3950/1474/2831
f 3960/1492/2841 3962/1489/2843 3961/1487/2842
f 3961/1487/2842 3962/1489/2843 3963/1488/2844
f 3963/1488/2844 3962/1489/2843 3964/1491/2845
f 3964/1491/2845 3962/1489/2843 3960/1492/2841
f 3965/1490/2846 3963/1488/2844 3964/1491/2845
f 3966/1486/2773 3961/1487/2842 3963/1488/2844
f 3961/1487/2842 3966/1486/2773 3950/1474/2831
f 3967/1502/2847 3957/1494/2838 3958/1501/2839
f 3967/1502/2847 3968/1493/2848 3957/1494/2838
f 3968/1493/2848 3964/1491/2845 3960/1492/2841
f 3968/1493/2848 3960/1492/2841 3957/1494/2838
f 3968/1493/2848 3969/1508/2849 3964/1491/2845
f 3967/1502/2847 3969/1508/2849 3968/1493/2848
f 3969/1508/2849 3970/1510/2850 3964/1491/2845
f 3970/1510/2850 3969/1508/2849 3971/1507/2851
f 3972/1509/2852 3970/1510/2850 3971/1507/2851
f 3973/1512/2853 3970/1510/2850 3972/1509/2852
f 3964/1491/2845 3970/1510/2850 3973/1512/2853
f 3965/1490/2846 3964/1491/2845 3973/1512/2853
f 3974/1511/2854 3973/1512/2853 3972/1509/2852
f 3969/1508/2849 3967/1502/2847 3975/1505/2855
f 3971/1507/2851 3969/1508/2849 3975/1505/2855
f 3975/1505/2855 3967/1502/2847 3976/1506/2856
f 3967/1502/2847 3977/1504/2857 3976/1506/2856
f 3976/1506/2856 3977/1504/2857 3978/1503/2858
f 3977/1504/2857 3958/1501/2839 3978/1503/2858
f 3977/1504/2857 3967/1502/2847 3958/1501/2839
f 3976/1506/2856 3978/1503/2858 3979/1517/2859
f 3975/1505/2855 3976/1506/2856 3979/1517/2859
f 3980/1516/2860 3975/1505/2855 3979/1517/2859
f 3971/1507/2851 3975/1505/2855 3980/1516/2860
f 3981/1515/2861 3971/1507/2851 3980/1516/2860
f 3972/1509/2852 3971/1507/2851 3981/1515/2861
f 3982/1514/2862 3972/1509/2852 3981/1515/2861
f 3974/1511/2854 3972/1509/2852 3982/1514/2862
f 3983/1513/2863 3974/1511/2854 3982/1514/2862
f 3980/1516/2860 3979/1517/2859 3984/1429/2864
f 3981/1515/2861 3980/1516/2860 3984/1429/2864
f 3984/1429/2864 3979/1517/2859 3985/1426/2865
f 3986/1430/2866 3981/1515/2861 3984/1429/2864
f 3982/1514/2862 3981/1515/2861 3986/1430/2866
f 3987/1431/2867 3982/1514/2862 3986/1430/2866
f 3983/1513/2863 3982/1514/2862 3987/1431/2867
f 3988/1434/2868 3983/1513/2863 3987/1431/2867
f 3979/1517/2859 3978/1503/2858 3989/1518/2869
f 3985/1426/2865 3979/1517/2859 3989/1518/2869
f 3985/1426/2865 3989/1518/2869 3990/1519/2870
f 3989/1518/2869 3978/1503/2858 3956/1500/2837
f 3978/1503/2858 3958/1501/2839 3956/1500/2837
f 3991/1499/2871 3989/1518/2869 3956/1500/2837
f 3955/1497/2836 3991/1499/2871 3956/1500/2837
f 3991/1499/2871 3955/1497/2836 3953/1479/2834
f 3992/1498/2872 3991/1499/2871 3953/1479/2834
f 3993/1483/2873 3992/1498/2872 3953/1479/2834
f 3992/1498/2872 3993/1483/2873 3994/1484/2874
f 3992/1498/2872 3994/1484/2874 3995/1524/2875
f 3996/1521/2876 3991/1499/2871 3992/1498/2872
f 3996/1521/2876 3989/1518/2869 3991/1499/2871
f 3996/1521/2876 3992/1498/2872 3995/1524/2875
f 3993/1483/2873 3948/1482/2829 3994/1484/2874
f 3993/1483/2873 3946/1478/2827 3948/1482/2829
f 3993/1483/2873 3953/1479/2834 3946/1478/2827
f 3997/1522/2877 3990/1519/2870 3989/1518/2869
f 3997/1522/2877 3989/1518/2869 3996/1521/2876
f 3998/1525/2878 3990/1519/2870 3997/1522/2877
f 3999/1520/2879 3990/1519/2870 3998/1525/2878
f 3997/1522/2877 3996/1521/2876 4000/1523/2880
f 4000/1523/2880 3996/1521/2876 3995/1524/2875
f 4001/1465/2881 3998/1525/2878 3997/1522/2877
f 4001/1465/2881 3997/1522/2877 4000/1523/2880
f 3995/1524/2875 4001/1465/2881 4000/1523/2880
f 4002/1466/2882 4001/1465/2881 3995/1524/2875
f 3999/1520/2879 3998/1525/2878 4003/1526/2883
f 4004/1437/2884 3999/1520/2879 4003/1526/2883
f 3985/1426/2865 3999/1520/2879 4004/1437/2884
f 3985/1426/2865 3990/1519/2870 3999/1520/2879
f 4005/1527/2885 4002/1466/2882 3995/1524/2875
f 4005/1527/2885 3995/1524/2875 3994/1484/2874
f 4006/1467/2886 4002/1466/2882 4005/1527/2885
f 4006/1467/2886 4005/1527/2885 3994/1484/2874
f 4006/1467/2886 3994/1484/2874 4007/1469/2887
f 3994/1484/2874 3949/1485/2830 4007/1469/2887
f 3994/1484/2874 3948/1482/2829 3949/1485/2830
f 3949/1485/2830 4008/1528/2888 4009/1469/2889
f 4009/1469/2889 4008/1528/2888 4010/1529/2890
f 4008/1528/2888 3949/1485/2830 4011/1481/2891
f 4008/1528/2888 4011/1481/2891 4012/1530/2892
f 4008/1528/2888 4012/1530/2892 4013/1531/2893
f 4011/1481/2891 4014/1480/2894 4012/1530/2892
f 4014/1480/2894 4015/1532/2895 4012/1530/2892
f 4015/1532/2895 4016/1533/2896 4012/1530/2892
f 4016/1533/2896 4017/1534/2897 4012/1530/2892
f 4012/1530/2892 4017/1534/2897 4013/1531/2893
f 4018/1535/2898 4016/1533/2896 4015/1532/2895
f 4019/1536/2899 4018/1535/2898 4015/1532/2895
f 4020/1473/2900 4015/1532/2895 4014/1480/2894
f 4019/1536/2899 4015/1532/2895 4020/1473/2900
f 4021/1470/2901 4019/1536/2899 4020/1473/2900
f 4009/1469/2889 4010/1529/2890 4022/1537/2902
f 4023/1538/2903 4024/1539/2904 4025/1540/2905
f 4026/1541/2906 4025/1540/2905 4024/1539/2904
f 4026/1541/2906 4027/1542/2907 4025/1540/2905
f 4027/1542/2907 4028/593/2908 4025/1540/2905
f 4029/594/2909 4025/1540/2905 4028/593/2908
f 4030/589/2910 4027/1542/2907 4026/1541/2906
f 4027/1542/2907 4030/589/2910 4028/593/2908
f 4025/1540/2905 4029/594/2909 4031/1175/2911
f 4025/1540/2905 4031/1175/2911 4032/1183/2912
f 4025/1540/2905 4032/1183/2912 4033/1182/2913
f 4025/1540/2905 4033/1182/2913 4034/1543/2914
f 4023/1538/2903 4025/1540/2905 4034/1543/2914
f 4026/1541/2906 4024/1539/2904 4035/591/2915
f 4030/589/2910 4026/1541/2906 4035/591/2915
f 4023/1538/2903 4036/1544/2916 4024/1539/2904
f 4037/1545/2917 4038/1546/2918 4039/1547/2919
f 4040/1548/2917 4037/1545/2917 4039/1547/2919
f 4041/1549/2920 4037/1545/2917 4040/1548/2917
f 4042/1550/2921 4041/1549/2920 4040/1548/2917
f 4038/1546/2918 4043/1551/2922 4039/1547/2919
f 4043/1551/2922 4044/1552/2922 4039/1547/2919
f 4042/1550/2921 4045/1553/2923 4041/1549/2920
f 4046/1554/2924 4047/1555/2925 4048/1556/2926
f 4047/1555/2925 4049/1557/2927 4048/1556/2926
f 4047/1555/2925 4050/1558/2928 4049/1557/2927
f 4050/1558/2928 4051/1559/2929 4049/1557/2927
f 4052/1560/2930 4053/1561/2930 4054/1552/2930
f 4055/1551/2930 4052/1560/2930 4054/1552/2930
f 4056/1562/2931 4057/591/2932 4058/1539/2933
f 4056/1562/2931 4058/1539/2933 4059/1563/2934
f 4056/1562/2931 4059/1563/2934 4060/1564/2935
f 4061/1565/2936 4060/1564/2935 4062/1563/2937
f 4061/1565/2936 4062/1563/2937 4063/1566/2938
f 4062/1563/2937 4064/1567/2939 4063/1566/2938
f 4062/1563/2937 4065/1555/2940 4064/1567/2939
f 4064/1567/2939 4065/1555/2940 4066/1554/2941
f 4067/1561/2942 4068/1560/2943 4069/1568/2944
f 4070/1569/2945 4067/1561/2942 4069/1568/2944
f 4071/1563/2946 4072/1539/2947 4073/1558/2946
f 4074/1555/2946 4071/1563/2946 4073/1558/2946
f 4075/1539/2948 4076/1538/2949 4077/1540/2950
f 4077/1540/2950 4078/1541/2951 4075/1539/2948
f 4079/1542/2952 4078/1541/2951 4077/1540/2950
f 4080/593/2953 4079/1542/2952 4077/1540/2950
f 4077/1540/2950 4081/594/2954 4080/593/2953
f 4079/1542/2952 4082/589/2955 4078/1541/2951
f 4082/589/2955 4079/1542/2952 4080/593/2953
f 4081/594/2954 4077/1540/2950 4083/1175/2956
f 4083/1175/2956 4077/1540/2950 4084/1183/2957
f 4084/1183/2957 4077/1540/2950 4085/1182/2958
f 4085/1182/2958 4077/1540/2950 4086/1543/2959
f 4077/1540/2950 4076/1538/2949 4086/1543/2959
f 4075/1539/2948 4078/1541/2951 4087/591/2960
f 4078/1541/2951 4082/589/2955 4087/591/2960
f 4088/1544/2961 4076/1538/2949 4075/1539/2948
f 4089/1545/2962 4090/1548/2962 4091/1547/2963
f 4092/1546/2964 4089/1545/2962 4091/1547/2963
f 4089/1545/2962 4093/1549/2965 4090/1548/2962
f 4093/1549/2965 4094/1550/2966 4090/1548/2962
f 4095/1551/2967 4092/1546/2964 4091/1547/2963
f 4096/1552/2967 4095/1551/2967 4091/1547/2963
f 4097/1553/2968 4094/1550/2966 4093/1549/2965
f 4098/1555/2969 4099/1554/2970 4100/1556/2971
f 4101/1557/2972 4098/1555/2969 4100/1556/2971
f 4102/1558/2973 4098/1555/2969 4101/1557/2972
f 4103/1559/2974 4102/1558/2973 4101/1557/2972
f 4104/1560/2975 4105/1551/2975 4106/1552/2975
f 4107/1561/2975 4104/1560/2975 4106/1552/2975
f 4108/591/2976 4109/1562/2977 4110/1539/2978
f 4110/1539/2978 4109/1562/2977 4111/1563/2979
f 4111/1563/2979 4109/1562/2977 4112/1564/2980
f 4112/1564/2981 4113/1565/2982 4114/1563/2983
f 4114/1563/2983 4113/1565/2982 4115/1566/2984
f 4116/1567/2985 4114/1563/2983 4115/1566/2984
f 4117/1555/2986 4114/1563/2983 4116/1567/2985
f 4117/1555/2986 4116/1567/2985 4118/1554/2987
f 4119/1560/2988 4120/1561/2989 4121/1568/2990
f 4120/1561/2989 4122/1569/2991 4121/1568/2990
f 4123/1563/2992 4124/1555/2992 4125/1558/2992
f 4126/1539/2993 4123/1563/2992 4125/1558/2992
f 4127/1570/2994 4128/1571/2995 4129/1572/2996
f 4127/1570/2994 4129/1572/2996 4130/1573/2997
f 4131/1574/2998 4127/1570/2994 4130/1573/2997
f 4129/1572/2996 4132/1398/2999 4130/1573/2997
f 4132/1398/2999 4133/1575/3000 4130/1573/2997
f 4129/1572/2996 4134/1399/3001 4132/1398/2999
f 4129/1572/2996 4128/1571/2995 4134/1399/3001
f 4135/1576/3002 4136/1577/3003 4137/1578/3004
f 4136/1577/3003 4138/1579/3005 4137/1578/3004
f 4135/1576/3002 4137/1578/3004 4139/1580/3006
f 4137/1578/3004 4140/1581/3007 4139/1580/3006
f 4141/1571/3008 4142/1582/3009 4143/1537/3010
f 4141/1571/3008 4144/1570/3011 4142/1582/3009
f 4142/1582/3009 4145/1583/3012 4143/1537/3010
f 4143/1537/3010 4146/1399/3013 4141/1571/3008
f 4147/1469/3014 4146/1399/3013 4143/1537/3010
f 4148/1533/3015 4149/1532/3016 4150/1530/3017
f 4151/1534/3018 4148/1533/3015 4150/1530/3017
f 4151/1534/3018 4150/1530/3017 4152/1531/3019
f 4149/1532/3016 4153/1480/3020 4150/1530/3017
f 4153/1480/3020 4154/1481/3021 4150/1530/3017
f 4148/1533/3015 4155/1535/2898 4149/1532/3016
f 4155/1535/2898 4156/1536/3022 4149/1532/3016
f 4149/1532/3016 4157/1473/3023 4153/1480/3020
f 4149/1532/3016 4156/1536/3022 4157/1473/3023
f 4156/1536/3022 4158/1470/2901 4157/1473/3023
f 4150/1530/3017 4159/1528/3024 4152/1531/3019
f 4154/1481/3021 4159/1528/3024 4150/1530/3017
f 4154/1481/3021 3887/1485/2770 4159/1528/3024
f 4159/1528/3024 3887/1485/2770 4160/1469/3025
f 4161/1529/3026 4159/1528/3024 4160/1469/3025
f 4161/1529/3026 4160/1469/3025 4162/1537/3027
f 4163/1584/3028 4164/1585/3029 4165/1586/3030
f 4166/1587/3031 4163/1584/3028 4165/1586/3030
f 4166/1587/3031 4167/1588/3032 4163/1584/3028
f 4167/1588/3032 4168/1580/3033 4163/1584/3028
f 4169/1589/3033 4168/1580/3033 4167/1588/3032
f 4170/1528/3034 4171/1590/3035 4172/1531/3036
f 4170/1528/3034 4173/1529/3037 4171/1590/3035
f 4173/1529/3037 4174/1537/3038 4171/1590/3035
f 4174/1537/3038 4175/1583/3039 4171/1590/3035
f 4176/1571/3040 4177/1570/3041 4178/1572/3042
f 4178/1572/3042 4177/1570/3041 4179/1573/3043
f 4177/1570/3041 4180/1574/2998 4179/1573/3043
f 4181/1398/3044 4178/1572/3042 4179/1573/3043
f 4182/1575/3045 4181/1398/3044 4179/1573/3043
f 4183/1399/3046 4178/1572/3042 4181/1398/3044
f 4176/1571/3040 4178/1572/3042 4183/1399/3046
f 4184/1578/3047 4185/1576/3002 4186/1580/3048
f 4187/1581/3049 4184/1578/3047 4186/1580/3048
f 4184/1578/3047 4188/1577/3050 4185/1576/3002
f 4189/1579/3051 4188/1577/3050 4184/1578/3047
f 4190/1582/3052 4191/1571/3053 4192/1537/3054
f 4193/1570/3055 4191/1571/3053 4190/1582/3052
f 4194/1583/3056 4190/1582/3052 4192/1537/3054
f 4195/1399/3057 4192/1537/3054 4191/1571/3053
f 4195/1399/3057 4196/1469/3058 4192/1537/3054
f 4197/1537/3059 4198/1529/3060 4199/1528/3061
f 4200/1590/3062 4197/1537/3059 4199/1528/3061
f 4200/1590/3062 4199/1528/3061 4201/1531/3063
f 4200/1590/3062 4202/1583/3039 4197/1537/3059
f 4203/1580/3033 4204/1589/3033 4205/1588/3032
f 4206/1584/3028 4203/1580/3033 4205/1588/3032
f 4206/1584/3028 4205/1588/3032 4207/1587/3064
f 4206/1584/3028 4207/1587/3064 4208/1586/3065
f 4209/1585/3029 4206/1584/3028 4208/1586/3065
f 4210/549/3066 4211/548/3067 4212/550/3068
f 4211/548/3067 4210/549/3066 4213/551/3069
f 4214/552/3070 4211/548/3067 4213/551/3069
f 4215/553/3071 4214/552/3070 4213/551/3069
f 4215/553/3071 4216/554/3072 4214/552/3070
f 4215/553/3071 4217/555/3073 4216/554/3072
f 4218/556/3074 4217/555/3073 4215/553/3071
f 4218/556/3074 4219/558/3075 4217/555/3073
f 4217/555/3073 4220/559/3076 4216/554/3072
f 4221/557/3077 4218/556/3074 4215/553/3071
f 4215/553/3071 4213/551/3069 4221/557/3077
f 4222/1591/3078 4223/1592/3079 4224/1593/3080
f 4222/1591/3078 4225/1594/3081 4223/1592/3079
f 4226/1595/3082 4222/1591/3078 4224/1593/3080
f 4226/1595/3082 4227/1596/3083 4222/1591/3078
f 4222/1591/3078 4227/1596/3083 4225/1594/3081
f 4227/1596/3083 4228/1597/3084 4225/1594/3081
f 4229/1598/3085 4228/1597/3084 4227/1596/3083
f 4230/1599/3086 4229/1598/3085 4227/1596/3083
f 4230/1599/3086 4227/1596/3083 4226/1595/3082
f 4228/1597/3084 4231/1600/3087 4225/1594/3081
f 4228/1597/3084 4232/1601/3088 4231/1600/3087
f 4232/1601/3088 4233/1602/3089 4231/1600/3087
f 4233/1602/3089 4232/1601/3088 4234/1603/3090
f 4234/1603/3090 4232/1601/3088 4228/1597/3084
f 4229/1598/3085 4234/1603/3090 4228/1597/3084
f 4234/1603/3090 4229/1598/3085 4235/1604/3091
f 4236/1605/3092 4234/1603/3090 4235/1604/3091
f 4233/1602/3089 4234/1603/3090 4236/1605/3092
f 4236/1605/3092 4235/1604/3091 4237/1606/3093
f 4236/1605/3092 4237/1606/3093 4238/1607/3094
f 4239/1608/3095 4236/1605/3092 4238/1607/3094
f 4233/1602/3089 4236/1605/3092 4239/1608/3095
f 4229/1598/3085 4240/1609/3096 4235/1604/3091
f 4241/576/3097 4242/550/3098 4243/548/3099
f 4244/577/3100 4241/576/3097 4243/548/3099
f 4245/552/3101 4244/577/3100 4243/548/3099
f 4245/552/3101 4246/578/3102 4244/577/3100
f 4247/1605/3103 4248/1608/3104 4249/1607/3105
f 4247/1605/3103 4249/1607/3105 4250/1606/3076
f 4251/580/3106 4252/579/3107 4253/581/3108
f 4252/579/3107 4254/582/3109 4253/581/3108
f 4254/582/3109 4255/583/3110 4253/581/3108
f 4252/579/3107 4256/584/3111 4254/582/3109
f 4253/581/3108 4255/583/3110 4257/585/3112
f 4258/586/3113 4253/581/3108 4257/585/3112
f 4259/587/3114 4253/581/3108 4258/586/3113
f 4251/580/3106 4253/581/3108 4259/587/3114
f 4251/580/3106 4259/587/3114 4260/588/3115
f 4261/589/3116 4260/588/3115 4259/587/3114
f 4259/587/3114 4258/586/3113 4261/589/3116
f 4261/589/3116 4262/590/3117 4260/588/3115
f 4261/589/3116 4263/591/3118 4262/590/3117
f 4258/586/3113 4257/585/3112 4264/592/3119
f 4258/586/3113 4265/593/3120 4261/589/3116
f 4258/586/3113 4264/592/3119 4265/593/3120
f 4264/592/3119 4266/594/3121 4265/593/3120
f 4266/594/3121 4264/592/3119 4267/595/3122
f 4260/588/3115 4262/590/3117 4268/596/3123
f 4260/588/3115 4268/596/3123 4269/597/3124
f 4270/598/3125 4260/588/3115 4269/597/3124
f 4270/598/3125 4251/580/3106 4260/588/3115
f 4271/600/3126 4272/599/3127 4256/584/3111
f 4271/600/3126 4273/601/3128 4272/599/3127
f 4273/601/3128 4274/602/3129 4272/599/3127
f 4252/579/3107 4271/600/3126 4256/584/3111
f 4275/603/3130 4276/606/3131 4277/605/3132
f 4278/604/3133 4275/603/3130 4277/605/3132
f 4278/604/3133 4277/605/3132 4279/607/3134
f 4279/607/3134 4277/605/3132 4280/608/7
f 4281/609/3135 4280/608/7 4277/605/3132
f 4282/610/3136 4281/609/3135 4277/605/3132
f 4283/611/3137 4282/610/3136 4277/605/3132
f 4283/611/3137 4277/605/3132 4284/612/3138
f 4277/605/3132 4285/613/3139 4284/612/3138
f 4276/606/3131 4285/613/3139 4277/605/3132
f 4286/614/3140 4278/604/3133 4279/607/3134
f 4287/615/3141 4286/614/3140 4279/607/3134
f 4287/615/3141 4288/616/3142 4286/614/3140
f 4287/615/3141 4289/617/3143 4288/616/3142
f 4290/619/3144 4291/618/3144 4292/620/3145
f 4291/618/3144 4293/621/3146 4292/620/3145
f 4292/620/3145 4293/621/3146 4294/622/3147
f 4292/620/3145 4294/622/3147 4295/623/3148
f 4294/622/3147 4296/624/3149 4295/623/3148
f 4292/620/3145 4295/623/3148 4297/625/3150
f 4290/619/3144 4292/620/3145 4297/625/3150
f 4298/618/1030 4299/628/1030 4300/627/3151
f 4301/626/3152 4298/618/1030 4300/627/3151
f 4301/626/3152 4300/627/3151 4302/629/3153
f 4301/626/3152 4302/629/3153 4303/630/3154
f 4304/631/3155 4301/626/3152 4303/630/3154
f 4304/631/3155 4303/630/3154 4305/632/3156
f 4306/633/3157 4304/631/3155 4305/632/3156
f 4306/633/3157 4307/634/3158 4304/631/3155
f 4307/634/3158 4308/635/3159 4304/631/3155
f 4307/634/3158 4309/636/3160 4308/635/3159
f 4308/635/3159 4309/636/3160 4310/637/3161
f 4311/638/3162 4308/635/3159 4310/637/3161
f 4310/637/3161 4312/639/3163 4311/638/3162
f 4312/639/3163 4313/640/3164 4311/638/3162
f 4312/639/3163 4314/641/3165 4313/640/3164
f 4315/642/3166 4316/640/3167 4317/641/3168
f 4315/642/3166 4317/641/3168 4318/643/3169
f 4315/642/3166 4318/643/3169 4319/644/3170
f 4320/645/3171 4315/642/3166 4319/644/3170
f 4320/645/3171 4319/644/3170 4321/646/3172
f 4320/645/3171 4321/646/3172 4322/647/3173
f 4323/398/497 4324/401/497 4325/400/497
f 4326/399/497 4323/398/497 4325/400/497
f 4326/399/497 4327/402/497 4323/398/497
f 4327/402/497 4328/403/497 4323/398/497
f 4329/401/498 4330/405/498 4331/404/498
f 4332/400/498 4329/401/498 4331/404/498
f 4333/406/509 4334/409/509 4335/408/509
f 4336/407/509 4333/406/509 4335/408/509
f 4337/410/500 4338/403/500 4339/402/500
f 4340/411/500 4337/410/500 4339/402/500
f 4341/405/502 4342/401/502 4343/398/502
f 4344/412/502 4341/405/502 4343/398/502
f 4345/413/501 4346/405/501 4347/412/501
f 4348/414/501 4345/413/501 4347/412/501
f 4349/415/500 4350/403/500 4351/416/500
f 4352/411/500 4349/415/500 4351/416/500
f 4353/418/503 4354/417/503 4355/419/503
f 4356/406/503 4354/417/503 4353/418/503
f 4356/406/503 4353/418/503 4357/409/503
f 4358/420/498 4359/405/498 4360/413/498
f 4361/421/498 4358/420/498 4360/413/498
f 4362/421/497 4363/413/497 4364/414/497
f 4365/422/497 4362/421/497 4364/414/497
f 4365/422/497 4364/414/497 4366/403/497
f 4367/415/497 4365/422/497 4366/403/497
f 4368/412/507 4369/398/507 4370/403/507
f 4371/410/507 4368/412/507 4370/403/507
f 4372/407/508 4373/408/508 4374/424/508
f 4375/423/508 4372/407/508 4374/424/508
f 4376/426/506 4377/425/506 4378/427/506
f 4379/423/506 4377/425/506 4376/426/506
f 4379/423/506 4380/424/506 4377/425/506
f 4381/414/504 4382/412/504 4383/416/504
f 4384/403/504 4381/414/504 4383/416/504
f 4385/426/505 4386/427/505 4387/429/505
f 4388/428/505 4385/426/505 4387/429/505
f 4389/428/499 4390/429/499 4391/419/499
f 4392/417/499 4389/428/499 4391/419/499
f 4393/423/143 4394/430/143 4395/407/143
f 4395/407/143 4394/430/143 4396/406/143
f 4394/430/143 4397/417/143 4396/406/143
f 4397/417/143 4394/430/143 4398/428/143
f 4398/428/143 4394/430/143 4399/426/143
f 4393/423/143 4399/426/143 4394/430/143
f 4400/455/3174 4401/458/3175 4402/457/3176
f 4403/456/3177 4400/455/3174 4402/457/3176
f 4402/457/3176 4401/458/3175 4404/459/3178
f 4400/455/3174 4405/460/3179 4401/458/3175
f 4401/458/3175 4405/460/3179 4404/459/3178
f 4406/461/3180 4407/464/3181 4408/463/3182
f 4409/462/3183 4406/461/3180 4408/463/3182
f 4406/461/3180 4410/465/3184 4407/464/3181
f 4411/466/3185 4410/465/3184 4406/461/3180
f 4411/466/3185 4406/461/3180 4409/462/3183
f 4412/457/3186 4413/467/3187 4414/462/3186
f 4412/457/3186 4414/462/3186 4415/468/3188
f 4416/432/3189 4417/431/3190 4418/433/3191
f 4416/432/3189 4418/433/3191 4419/434/3192
f 4418/433/3191 4420/435/3193 4419/434/3192
f 4419/434/3192 4420/435/3193 4421/436/3194
f 4420/435/3193 4422/437/3195 4421/436/3194
f 4418/433/3191 4422/437/3195 4420/435/3193
f 4418/433/3191 4423/438/3196 4422/437/3195
f 4424/440/3197 4425/439/3198 4426/441/3199
f 4426/441/3199 4425/439/3198 4427/442/3200
f 4428/443/3201 4427/442/3200 4425/439/3198
f 4428/443/3201 4425/439/3198 4424/440/3197
f 4424/440/3197 4426/441/3199 4429/444/3202
f 4426/441/3199 4430/445/3203 4429/444/3202
f 4426/441/3199 4427/442/3200 4431/446/3204
f 4432/448/3205 4433/447/3205 4434/449/3205
f 4432/448/3205 4435/450/3205 4433/447/3205
f 4436/1610/3206 4437/1611/3191 4438/1607/3207
f 4437/1611/3191 4439/1612/3190 4438/1607/3207
f 4440/1610/3208 4441/1607/3209 4442/1611/3199
f 4441/1607/3209 4443/1612/3210 4442/1611/3199
f 4444/191/3211 4445/190/310 4446/192/3212
f 4447/193/3213 4444/191/3211 4446/192/3212
f 4447/193/3213 4448/194/3214 4444/191/3211
f 4449/196/3215 4450/195/3216 4451/197/3217
f 4450/195/3216 4452/198/3218 4451/197/3217
f 4452/198/3218 4450/195/3216 4453/199/3219
f 4454/200/3220 4452/198/3218 4453/199/3219
f 4454/200/3220 4455/201/3221 4452/198/3218
f 4455/201/3221 4456/202/3222 4452/198/3218
f 4452/198/3218 4456/202/3222 4451/197/3217
f 4457/203/3223 4456/202/3222 4455/201/3221
f 4456/202/3222 4458/204/3224 4451/197/3217
f 4459/205/3225 4458/204/3224 4456/202/3222
f 4459/205/3225 4456/202/3222 4457/203/3223
f 4460/206/3226 4458/204/3224 4459/205/3225
f 4459/205/3225 4457/203/3223 4461/207/3227
f 4462/208/3228 4461/207/3227 4457/203/3223
f 4461/207/3227 4462/208/3228 4463/209/3229
f 4462/208/3228 4464/210/3230 4463/209/3229
f 4464/210/3230 4462/208/3228 4465/211/3231
f 4462/208/3228 4466/212/3232 4465/211/3231
f 4462/208/3228 4457/203/3223 4466/212/3232
f 4464/210/3230 4467/213/3233 4463/209/3229
f 4468/214/3234 4463/209/3229 4467/213/3233
f 4461/207/3227 4463/209/3229 4468/214/3234
f 4469/215/3235 4468/214/3234 4467/213/3233
f 4470/216/3236 4468/214/3234 4469/215/3235
f 4461/207/3227 4468/214/3234 4470/216/3236
f 4471/217/3237 4470/216/3236 4469/215/3235
f 4472/218/3238 4459/205/3225 4461/207/3227
f 4460/206/3226 4459/205/3225 4472/218/3238
f 4461/207/3227 4470/216/3236 4472/218/3238
f 4470/216/3236 4473/219/3239 4472/218/3238
f 4473/219/3239 4470/216/3236 4471/217/3237
f 4474/220/3240 4460/206/3226 4472/218/3238
f 4472/218/3238 4475/221/3241 4474/220/3240
f 4475/221/3241 4472/218/3238 4473/219/3239
f 4475/221/3241 4473/219/3239 4476/222/3242
f 4476/222/3242 4473/219/3239 4471/217/3237
f 4477/223/3243 4475/221/3241 4476/222/3242
f 4478/224/3244 4474/220/3240 4475/221/3241
f 4477/223/3243 4478/224/3244 4475/221/3241
f 4464/210/3230 4465/211/3231 4479/225/3245
f 4464/210/3230 4479/225/3245 4467/213/3233
f 4465/211/3231 4480/226/3246 4479/225/3245
f 4465/211/3231 4481/227/3247 4480/226/3246
f 4481/227/3247 4482/228/3248 4480/226/3246
f 4471/217/3237 4469/215/3235 4483/229/3249
f 4469/215/3235 4484/230/3250 4483/229/3249
f 4483/229/3249 4484/230/3250 4485/231/237
f 4486/232/238 4483/229/3249 4485/231/237
f 4486/232/238 4485/231/237 4487/233/3251
f 4488/234/3252 4486/232/238 4487/233/3251
f 4488/234/3252 4487/233/3251 4489/235/3253
f 4490/236/3254 4488/234/3252 4489/235/3253
f 4491/237/3255 4488/234/3252 4490/236/3254
f 4486/232/238 4488/234/3252 4491/237/3255
f 4492/238/3256 4491/237/3255 4490/236/3254
f 4486/232/238 4493/239/3257 4483/229/3249
f 4490/236/3254 4489/235/3253 4494/240/3258
f 4489/235/3253 4495/241/3259 4494/240/3258
f 4495/241/3259 4496/242/3260 4494/240/3258
f 4496/242/3260 4497/243/3261 4494/240/3258
f 4496/242/3260 4498/244/3262 4497/243/3261
f 4498/244/3262 4499/245/3263 4497/243/3261
f 4499/245/3263 4500/246/3264 4497/243/3261
f 4500/246/3264 4501/247/3265 4497/243/3261
f 4501/247/3265 4502/248/3266 4497/243/3261
f 4494/240/3258 4497/243/3261 4502/248/3266
f 4490/236/3254 4494/240/3258 4502/248/3266
f 4492/238/3256 4490/236/3254 4502/248/3266
f 4492/238/3256 4502/248/3266 4501/247/3265
f 4496/242/3260 4495/241/3259 4503/249/3267
f 4503/249/3267 4495/241/3259 4489/235/3253
f 4504/250/3268 4496/242/3260 4503/249/3267
f 4505/251/3269 4496/242/3260 4504/250/3268
f 4505/251/3269 4498/244/3262 4496/242/3260
f 4505/251/3269 4504/250/3268 4506/252/3270
f 4504/250/3268 4507/253/3271 4506/252/3270
f 4506/252/3270 4507/253/3271 4508/254/3272
f 4507/253/3271 4509/255/3273 4508/254/3272
f 4504/250/3268 4503/249/3267 4510/256/3274
f 4507/253/3271 4504/250/3268 4510/256/3274
f 4507/253/3271 4510/256/3274 4509/255/3273
f 4510/256/3274 4511/257/3275 4509/255/3273
f 4511/257/3275 4510/256/3274 4487/233/3251
f 4512/258/3276 4511/257/3275 4487/233/3251
f 4510/256/3274 4503/249/3267 4489/235/3253
f 4510/256/3274 4489/235/3253 4487/233/3251
f 4513/259/3277 4501/247/3265 4500/246/3264
f 4513/259/3277 4492/238/3256 4501/247/3265
f 4485/231/237 4512/258/3276 4487/233/3251
f 4514/260/3278 4492/238/3256 4513/259/3277
f 4514/260/3278 4515/261/3279 4492/238/3256
f 4491/237/3255 4492/238/3256 4515/261/3279
f 4491/237/3255 4515/261/3279 4516/262/3280
f 4517/263/3281 4491/237/3255 4516/262/3280
f 4491/237/3255 4517/263/3281 4518/264/270
f 4519/265/271 4491/237/3255 4518/264/270
f 4519/265/271 4518/264/270 4493/239/3257
f 4518/264/270 4520/266/3282 4493/239/3257
f 4493/239/3257 4520/266/3282 4521/267/3283
f 4486/232/238 4519/265/271 4493/239/3257
f 4486/232/238 4491/237/3255 4519/265/271
f 4522/268/3284 4516/262/3280 4515/261/3279
f 4522/268/3284 4514/260/3278 4513/259/3277
f 4517/263/3281 4516/262/3280 4522/268/3284
f 4522/268/3284 4515/261/3279 4514/260/3278
f 4517/263/3281 4522/268/3284 4523/269/3285
f 4522/268/3284 4513/259/3277 4523/269/3285
f 4524/194/3286 4523/269/3285 4513/259/3277
f 4525/270/3287 4493/239/3257 4521/267/3283
f 4525/270/3287 4477/223/3243 4493/239/3257
f 4477/223/3243 4476/222/3242 4493/239/3257
f 4476/222/3242 4471/217/3237 4493/239/3257
f 4471/217/3237 4483/229/3249 4493/239/3257
f 4526/271/3288 4477/223/3243 4525/270/3287
f 4525/270/3287 4521/267/3283 4527/272/3289
f 4527/272/3289 4521/267/3283 4520/266/3282
f 4525/270/3287 4527/272/3289 4526/271/3288
f 4526/271/3288 4527/272/3289 4478/224/3244
f 4526/271/3288 4478/224/3244 4477/223/3243
f 4478/224/3244 4527/272/3289 4528/273/3290
f 4527/272/3289 4520/266/3282 4528/273/3290
f 4478/224/3244 4528/273/3290 4529/274/3291
f 4478/224/3244 4529/274/3291 4530/275/3292
f 4478/224/3244 4530/275/3292 4531/276/3293
f 4478/224/3244 4531/276/3293 4460/206/3226
f 4458/204/3224 4460/206/3226 4531/276/3293
f 4451/197/3217 4458/204/3224 4531/276/3293
f 4532/277/3294 4451/197/3217 4531/276/3293
f 4474/220/3240 4478/224/3244 4460/206/3226
f 4530/275/3292 4533/278/3295 4531/276/3293
f 4533/278/3295 4534/279/3296 4531/276/3293
f 4534/279/3296 4535/280/3297 4531/276/3293
f 4535/280/3297 4532/277/3294 4531/276/3293
f 4535/280/3297 4536/281/3298 4532/277/3294
f 4532/277/3294 4536/281/3298 4451/197/3217
f 4537/282/3299 4451/197/3217 4536/281/3298
f 4537/282/3299 4449/196/3215 4451/197/3217
f 4537/282/3299 4538/283/3300 4449/196/3215
f 4537/282/3299 4536/281/3298 4539/284/3301
f 4535/280/3297 4539/284/3301 4536/281/3298
f 4537/282/3299 4539/284/3301 4540/285/3302
f 4539/284/3301 4535/280/3297 4540/285/3302
f 4535/280/3297 4534/279/3296 4540/285/3302
f 4541/286/293 4542/289/293 4543/288/293
f 4544/287/293 4541/286/293 4543/288/293
f 4544/287/293 4543/288/293 4545/290/293
f 4546/291/293 4544/287/293 4545/290/293
f 4547/293/294 4548/292/294 4549/294/294
f 4550/295/294 4548/292/294 4547/293/294
f 4551/296/294 4547/293/294 4549/294/294
f 4552/288/294 4547/293/294 4551/296/294
f 4553/297/294 4547/293/294 4552/288/294
f 4550/295/294 4547/293/294 4553/297/294
f 4554/290/294 4552/288/294 4551/296/294
f 4555/289/294 4553/297/294 4552/288/294
f 4556/298/3303 4557/192/3304 4558/190/3304
f 4559/299/3305 4556/298/3303 4558/190/3304
f 4556/298/3303 4559/299/3305 4560/300/3306
f 4561/301/3306 4556/298/3303 4560/300/3306
f 4562/264/299 4563/263/301 4564/303/301
f 4565/302/299 4562/264/299 4564/303/301
f 4562/264/299 4565/302/299 4566/266/3307
f 4565/302/299 4567/304/3308 4566/266/3307
f 4568/269/3309 4569/194/3310 4570/193/3310
f 4571/305/3311 4568/269/3309 4570/193/3310
f 4572/263/3312 4568/269/3309 4571/305/3311
f 4573/303/3312 4572/263/3312 4571/305/3311
f 4574/275/3313 4575/306/3314 4576/307/3315
f 4577/278/196 4574/275/3313 4576/307/3315
f 4574/275/3313 4578/274/3316 4575/306/3314
f 4579/279/3317 4580/278/3318 4581/307/3318
f 4582/308/3319 4579/279/3317 4581/307/3318
f 4582/308/3319 4583/309/3320 4579/279/3317
f 4583/309/3320 4584/285/3320 4579/279/3317
f 4585/310/3321 4586/273/3322 4587/266/3323
f 4588/304/3323 4585/310/3321 4587/266/3323
f 4585/310/3321 4589/306/3324 4586/273/3322
f 4589/306/3324 4590/274/3325 4586/273/3322
f 4591/311/356 4592/314/357 4593/313/324
f 4594/312/323 4591/311/356 4593/313/324
f 4595/315/3326 4596/316/3327 4597/311/3328
f 4598/314/3328 4595/315/3326 4597/311/3328
f 4595/315/3326 4599/317/3329 4596/316/3327
f 4599/317/3329 4600/318/3329 4596/316/3327
f 4601/319/3330 4602/299/3331 4603/190/3332
f 4601/319/3330 4603/190/3332 4604/191/3333
f 4601/319/3330 4604/191/3333 4513/259/3277
f 4601/319/3330 4513/259/3277 4500/246/3264
f 4604/191/3333 4524/194/3286 4513/259/3277
f 4601/319/3330 4605/320/3334 4602/299/3331
f 4601/319/3330 4606/321/3335 4605/320/3334
f 4607/322/3336 4606/321/3335 4601/319/3330
f 4602/299/3331 4605/320/3334 4608/300/3337
f 4608/300/3337 4605/320/3334 4609/323/3338
f 4610/324/3339 4605/320/3334 4606/321/3335
f 4610/324/3339 4609/323/3338 4605/320/3334
f 4607/322/3336 4610/324/3339 4606/321/3335
f 4610/324/3339 4607/322/3336 4611/325/3340
f 4609/323/3338 4610/324/3339 4611/325/3340
f 4609/323/3338 4611/325/3340 4608/300/3337
f 4607/322/3336 4612/326/3341 4611/325/3340
f 4612/326/3341 4613/327/3342 4611/325/3340
f 4607/322/3336 4614/328/3343 4612/326/3341
f 4607/322/3336 4615/329/3344 4614/328/3343
f 4615/329/3344 4616/330/3345 4614/328/3343
f 4616/330/3345 4617/331/3346 4614/328/3343
f 4617/331/3346 4616/330/3345 4618/332/3347
f 4619/333/3348 4617/331/3346 4618/332/3347
f 4620/334/3349 4619/333/3348 4618/332/3347
f 4620/334/3349 4618/332/3347 4621/335/3350
f 4622/336/3351 4623/339/3352 4624/338/3353
f 4625/337/3354 4622/336/3351 4624/338/3353
f 4625/337/3354 4624/338/3353 4626/314/3355
f 4627/311/3355 4625/337/3354 4626/314/3355
f 4628/311/322 4629/341/323 4630/340/324
f 4631/314/3356 4628/311/322 4630/340/324
f 4632/319/3357 4633/246/3358 4634/245/3359
f 4635/322/3360 4632/319/3357 4634/245/3359
f 4635/322/3360 4634/245/3359 4636/329/3361
f 4634/245/3359 4637/244/3362 4636/329/3361
f 4636/329/3361 4637/244/3362 4638/330/364
f 4638/330/364 4637/244/3362 4639/251/365
f 4640/332/366 4638/330/364 4639/251/365
f 4640/332/366 4639/251/365 4641/252/38
f 4642/343/3363 4643/342/3364 4644/344/3365
f 4645/345/423 4644/344/3365 4643/342/3364
f 4646/346/3366 4645/345/423 4643/342/3364
f 4646/346/3366 4643/342/3364 4647/347/427
f 4647/347/427 4643/342/3364 4648/348/373
f 4643/342/3364 4649/349/3367 4648/348/373
f 4650/350/3368 4649/349/3367 4643/342/3364
f 4642/343/3363 4650/350/3368 4643/342/3364
f 4651/351/3369 4649/349/3367 4650/350/3368
f 4652/352/3370 4649/349/3367 4651/351/3369
f 4653/353/3371 4654/294/381 4655/292/3372
f 4656/354/3373 4653/353/3371 4655/292/3372
f 4657/355/3374 4656/354/3373 4655/292/3372
f 4658/295/3375 4657/355/3374 4655/292/3372
f 4657/355/3374 4659/356/3376 4656/354/3373
f 4659/356/3376 4660/357/3377 4656/354/3373
f 4656/354/3373 4660/357/3377 4653/353/3371
f 4660/357/3377 4661/358/3378 4653/353/3371
f 4662/359/3379 4663/362/3380 4664/361/3381
f 4665/360/3382 4662/359/3379 4664/361/3381
f 4662/359/3379 4666/363/3383 4663/362/3380
f 4666/363/3383 4667/231/3384 4663/362/3380
f 4666/363/3383 4668/364/3385 4667/231/3384
f 4668/364/3385 4669/258/3386 4667/231/3384
f 4668/364/3385 4670/365/3387 4669/258/3386
f 4670/365/3387 4671/257/3388 4669/258/3386
f 4672/255/3389 4671/257/3388 4670/365/3387
f 4673/366/400 4672/255/3389 4670/365/3387
f 4673/366/400 4674/367/399 4672/255/3389
f 4674/367/399 4675/254/399 4672/255/3389
f 4665/360/3382 4664/361/3381 4676/368/398
f 4664/361/3381 4677/225/3390 4676/368/398
f 4676/368/398 4677/225/3390 4678/226/399
f 4679/369/399 4676/368/398 4678/226/399
f 4680/357/3391 4681/371/3392 4682/370/404
f 4683/358/3393 4680/357/3391 4682/370/404
f 4681/371/3392 4680/357/3391 4684/356/3394
f 4685/372/407 4681/371/3392 4684/356/3394
f 4682/370/404 4681/371/3392 4686/373/411
f 4687/374/412 4682/370/404 4686/373/411
f 4681/371/3392 4688/375/410 4686/373/411
f 4689/376/408 4688/375/410 4681/371/3392
f 4681/371/3392 4685/372/407 4689/376/408
f 4685/372/407 4690/377/409 4689/376/408
f 4690/377/409 4691/378/3395 4689/376/408
f 4691/378/3395 4692/379/3396 4689/376/408
f 4687/374/412 4686/373/411 4693/380/3397
f 4694/381/3398 4687/374/412 4693/380/3397
f 4695/382/3399 4694/381/3398 4693/380/3397
f 4696/383/3400 4695/382/3399 4693/380/3397
f 4697/384/419 4695/382/3399 4696/383/3400
f 4698/385/419 4697/384/419 4696/383/3400
f 4692/379/3396 4691/378/3395 4699/386/3401
f 4691/378/3395 4700/387/3402 4699/386/3401
f 4699/386/3401 4700/387/3402 4701/388/3403
f 4700/387/3402 4702/389/3404 4701/388/3403
f 4703/344/3405 4704/345/3406 4705/342/3407
f 4704/345/3406 4706/346/3408 4705/342/3407
f 4705/342/3407 4706/346/3408 4707/347/372
f 4707/347/372 4708/348/373 4705/342/3407
f 4708/348/373 4709/349/3409 4705/342/3407
f 4703/344/3405 4705/342/3407 4710/390/3410
f 4711/350/3411 4710/390/3410 4705/342/3407
f 4709/349/3409 4711/350/3411 4705/342/3407
f 4711/350/3411 4709/349/3409 4712/351/3412
f 4712/351/3412 4709/349/3409 4713/352/3413
f 4714/361/3414 4715/362/3415 4484/230/3250
f 4467/213/3233 4714/361/3414 4484/230/3250
f 4469/215/3235 4467/213/3233 4484/230/3250
f 4479/225/3245 4714/361/3414 4467/213/3233
f 4715/362/3415 4485/231/237 4484/230/3250
f 4465/211/3231 4466/212/3232 4481/227/3247
f 4481/227/3247 4466/212/3232 4716/391/3416
f 4481/227/3247 4716/391/3416 4717/392/3417
f 4457/203/3223 4717/392/3417 4716/391/3416
f 4457/203/3223 4716/391/3416 4466/212/3232
f 4718/393/3418 4481/227/3247 4717/392/3417
f 4718/393/3418 4717/392/3417 4719/394/3419
f 4457/203/3223 4719/394/3419 4717/392/3417
f 4457/203/3223 4455/201/3221 4719/394/3419
f 4720/395/3420 4719/394/3419 4455/201/3221
f 4720/395/3420 4718/393/3418 4719/394/3419
f 4454/200/3220 4720/395/3420 4455/201/3221
f 4720/395/3420 4454/200/3220 4721/396/3421
f 4454/200/3220 4453/199/3219 4721/396/3421
f 4720/395/3420 4721/396/3421 4722/397/3422
f 4718/393/3418 4720/395/3420 4722/397/3422
f 4481/227/3247 4718/393/3418 4722/397/3422
f 4482/228/3248 4481/227/3247 4722/397/3422
f 4723/469/548 4724/472/573 4725/471/571
f 4726/470/549 4723/469/548 4725/471/571
f 4726/470/549 4725/471/571 4727/473/552
f 4725/471/571 4728/474/566 4727/473/552
f 4727/473/552 4728/474/566 4729/475/554
f 4728/474/566 4730/476/567 4729/475/554
f 4729/475/554 4730/476/567 4731/477/3423
f 4732/478/557 4729/475/554 4731/477/3423
f 4732/478/557 4731/477/3423 4733/479/570
f 4734/480/3424 4733/479/570 4731/477/3423
f 4734/480/3424 4731/477/3423 4730/476/567
f 4734/480/3424 4730/476/567 4728/474/566
f 4735/481/560 4732/478/557 4733/479/570
f 4734/480/3424 4728/474/566 4736/471/564
f 4734/480/3424 4736/471/564 4737/472/573
f 4734/480/3424 4738/482/575 4733/479/570
f 4735/481/560 4733/479/570 4739/483/563
f 4733/479/570 4740/482/574 4739/483/563
f 4741/484/3425 4742/471/561 4743/474/553
f 4741/484/3425 4743/474/553 4744/476/555
f 4745/475/554 4744/476/555 4743/474/553
f 4745/475/554 4746/478/568 4744/476/555
f 4746/478/568 4747/477/3426 4744/476/555
f 4741/484/3425 4744/476/555 4747/477/3426
f 4748/473/552 4745/475/554 4743/474/553
f 4746/478/568 4749/481/3427 4747/477/3426
f 4749/481/3427 4750/479/558 4747/477/3426
f 4741/484/3425 4747/477/3426 4750/479/558
f 4748/473/552 4743/474/553 4751/471/550
f 4752/470/572 4748/473/552 4751/471/550
f 4752/470/572 4751/471/550 4753/472/551
f 4754/469/548 4752/470/572 4753/472/551
f 4741/484/3425 4755/472/551 4742/471/561
f 4749/481/3427 4756/483/563 4750/479/558
f 4756/483/563 4757/482/562 4750/479/558
f 4741/484/3425 4750/479/558 4758/482/562
f 4759/486/3428 4760/485/3429 4761/487/578
f 4760/485/3429 4759/486/3428 4762/488/3430
f 4763/489/3431 4760/485/3429 4762/488/3430
f 4763/489/3431 4762/488/3430 4764/490/3432
f 4765/491/3433 4761/487/578 4760/485/3429
f 4765/491/3433 4766/492/3434 4761/487/578
f 4767/493/3435 4761/487/578 4766/492/3434
f 4767/493/3435 4766/492/3434 4768/494/3436
f 4766/492/3434 4769/495/3437 4768/494/3436
f 4766/492/3434 4770/496/3438 4769/495/3437
f 4765/491/3433 4770/496/3438 4766/492/3434
f 4770/496/3438 4771/497/3439 4769/495/3437
f 4771/497/3439 4772/498/3440 4769/495/3437
f 4772/498/3440 4773/499/3441 4769/495/3437
f 4769/495/3437 4773/499/3441 4768/494/3436
f 4767/493/3435 4774/500/3442 4761/487/578
f 4775/501/3443 4759/486/3428 4761/487/578
f 4765/491/3433 4776/502/3444 4770/496/3438
f 4770/496/3438 4776/502/3444 4771/497/3439
f 4776/502/3444 4777/503/3445 4771/497/3439
f 4771/497/3439 4777/503/3445 4772/498/3440
f 4778/504/595 4777/503/3445 4776/502/3444
f 4778/504/595 4776/502/3444 4779/505/596
f 4765/491/3433 4779/505/596 4776/502/3444
f 4778/504/595 4779/505/596 4780/506/3446
f 4779/505/596 4765/491/3433 4780/506/3446
f 4781/507/3447 4778/504/595 4780/506/3446
f 4781/507/3447 4780/506/3446 4782/508/3448
f 4780/506/3446 4783/509/3449 4782/508/3448
f 4781/507/3447 4782/508/3448 4784/510/3450
f 4765/491/3433 4783/509/3449 4780/506/3446
f 4782/508/3448 4783/509/3449 4763/489/3431
f 4782/508/3448 4763/489/3431 4784/510/3450
f 4783/509/3449 4760/485/3429 4763/489/3431
f 4765/491/3433 4760/485/3429 4783/509/3449
f 4764/490/3432 4784/510/3450 4763/489/3431
f 4774/500/3442 4785/511/602 4761/487/578
f 4785/511/602 4775/501/3443 4761/487/578
f 4786/512/3451 4787/499/3452 4788/498/3453
f 4786/512/3451 4788/498/3453 4789/513/3454
f 4790/514/3455 4786/512/3451 4789/513/3454
f 4790/514/3455 4791/120/3456 4786/512/3451
f 4791/120/3456 4792/117/3457 4786/512/3451
f 4786/512/3451 4792/117/3457 4793/515/3458
f 4792/117/3457 4794/516/3459 4793/515/3458
f 4795/517/3460 4793/515/3458 4794/516/3459
f 4796/518/3461 4795/517/3460 4794/516/3459
f 4795/517/3460 4796/518/3461 4797/519/614
f 4798/520/615 4795/517/3460 4797/519/614
f 4795/517/3460 4799/493/3462 4793/515/3458
f 4799/493/3462 4800/494/3463 4793/515/3458
f 4786/512/3451 4793/515/3458 4800/494/3463
f 4800/494/3463 4787/499/3452 4786/512/3451
f 4801/500/632 4799/493/3462 4795/517/3460
f 4798/520/615 4801/500/632 4795/517/3460
f 4798/520/615 4797/519/614 4802/521/3464
f 4797/519/614 4803/522/3465 4802/521/3464
f 4802/521/3464 4803/522/3465 4804/523/3466
f 4802/521/3464 4804/523/3466 4805/488/3467
f 4806/486/3468 4802/521/3464 4805/488/3467
f 4803/522/3465 4807/524/3469 4804/523/3466
f 4804/523/3466 4807/524/3469 4808/525/3470
f 4804/523/3466 4808/525/3470 4805/488/3467
f 4809/490/3471 4805/488/3467 4808/525/3470
f 4807/524/3469 4810/111/3472 4808/525/3470
f 4811/526/3473 4808/525/3470 4810/111/3472
f 4812/114/3474 4811/526/3473 4810/111/3472
f 4811/526/3473 4813/527/3475 4808/525/3470
f 4813/527/3475 4814/510/3476 4808/525/3470
f 4808/525/3470 4814/510/3476 4809/490/3471
f 4802/521/3464 4806/486/3468 4815/501/618
f 4798/520/615 4802/521/3464 4815/501/618
f 4816/511/633 4798/520/615 4815/501/618
f 4798/520/615 4816/511/633 4801/500/632
f 4817/529/497 4818/528/497 4819/530/497
f 4817/529/497 4819/530/497 4820/531/497
f 4817/529/497 4820/531/497 4821/532/497
f 4817/529/497 4821/532/497 4822/533/497
f 4823/535/497 4824/534/497 4825/529/497
f 4826/536/497 4823/535/497 4825/529/497
f 4827/537/497 4826/536/497 4825/529/497
f 4827/537/497 4825/529/497 4828/533/497
f 4829/514/3477 4830/513/3478 4831/539/3479
f 4832/538/3480 4829/514/3477 4831/539/3479
f 4832/538/3480 4833/141/3481 4829/514/3477
f 4833/141/3481 4832/538/3480 4834/142/3482
f 4832/538/3480 4835/540/3483 4834/142/3482
f 4832/538/3480 4831/539/3479 4835/540/3483
f 4833/141/3481 4836/120/3484 4829/514/3477
f 4831/539/3479 4837/541/3485 4835/540/3483
f 4838/539/643 4839/513/3486 4840/543/3487
f 4841/542/644 4838/539/643 4840/543/3487
f 4838/539/643 4841/542/644 4842/541/3488
f 4841/542/644 4843/544/3489 4842/541/3488
f 4841/542/644 4840/543/3487 4844/545/649
f 4841/542/644 4844/545/649 4843/544/3489
f 4840/543/3487 4845/546/3490 4844/545/649
f 4844/545/649 4846/547/3491 4843/544/3489
f 4847/1613/3492 4848/1614/3492 4849/1613/3492
f 4847/1613/3492 4849/1613/3492 4850/1615/3492
f 4848/1614/3492 4851/1613/3492 4849/1613/3492
f 4850/1615/3492 4849/1613/3492 4851/1613/3492
f 4850/1615/3492 4851/1613/3492 4852/1616/3492
f 4850/1615/3492 4852/1616/3492 4853/1616/3492
f 4854/1616/3492 4850/1615/3492 4853/1616/3492
f 4855/1616/3493 4856/1617/3494 4857/1617/3495
f 4858/1616/3496 4855/1616/3493 4857/1617/3495
f 4857/1617/3495 4856/1617/3494 4859/1618/3497
f 4860/1618/3498 4857/1617/3495 4859/1618/3497
f 4860/1618/3498 4861/1619/3499 4857/1617/3495
f 4861/1619/3499 4862/1620/3499 4857/1617/3495
f 4862/1620/3499 4863/1621/3500 4857/1617/3495
f 4864/1622/3499 4863/1621/3500 4862/1620/3499
f 4863/1621/3500 4864/1622/3499 4865/1623/3499
f 4866/1624/3499 4863/1621/3500 4865/1623/3499
f 4866/1624/3499 4865/1623/3499 4867/1625/3499
f 4865/1623/3499 4868/1626/3499 4867/1625/3499
f 4867/1625/3499 4868/1626/3499 4869/1627/3499
f 4870/1628/3499 4867/1625/3499 4869/1627/3499
f 4871/1629/3501 4858/1616/3496 4857/1617/3495
f 4872/1613/3502 4858/1616/3496 4871/1629/3501
f 4863/1621/3500 4873/1621/3503 4871/1629/3501
f 4873/1621/3503 4874/1629/3504 4871/1629/3501
f 4871/1629/3501 4874/1629/3504 4875/1614/3505
f 4875/1614/3505 4872/1613/3502 4871/1629/3501
f 4863/1621/3500 4871/1629/3501 4857/1617/3495
f 4874/1629/3504 4876/1629/3506 4875/1614/3505
f 4874/1629/3504 4873/1621/3503 4877/1629/3507
f 4873/1621/3503 4878/1621/3508 4877/1629/3507
f 4877/1629/3507 4878/1621/3508 4879/1617/3509
f 4878/1621/3508 4880/1620/3510 4879/1617/3509
f 4878/1621/3508 4881/1622/3510 4880/1620/3510
f 4881/1622/3510 4878/1621/3508 4882/1623/3510
f 4878/1621/3508 4883/1624/3510 4882/1623/3510
f 4882/1623/3510 4883/1624/3510 4884/1625/3510
f 4885/1626/3510 4882/1623/3510 4884/1625/3510
f 4885/1626/3510 4884/1625/3510 4886/1627/3510
f 4884/1625/3510 4887/1628/3510 4886/1627/3510
f 4880/1620/3510 4888/1619/3510 4879/1617/3509
f 4888/1619/3510 4889/1618/3511 4879/1617/3509
f 4879/1617/3509 4889/1618/3511 4859/1618/3497
f 4856/1617/3494 4879/1617/3509 4859/1618/3497
f 4856/1617/3494 4855/1616/3493 4879/1617/3509
f 4855/1616/3493 4890/1616/3512 4879/1617/3509
f 4890/1616/3512 4877/1629/3507 4879/1617/3509
f 4890/1616/3512 4891/1613/3513 4877/1629/3507
f 4891/1613/3513 4892/1614/3514 4877/1629/3507
f 4893/1625/3515 4894/1624/3515 4895/1624/3515
f 4896/1625/3515 4893/1625/3515 4895/1624/3515
f 4894/1624/3515 4893/1625/3515 4897/1624/3515
f 4893/1625/3515 4898/1625/3515 4897/1624/3515
f 4899/1628/3516 4900/1625/3516 4901/1625/3516
f 4902/1628/3516 4899/1628/3516 4901/1625/3516
f 4900/1625/3516 4899/1628/3516 4903/1625/3516
f 4899/1628/3516 4904/1628/3516 4903/1625/3516
f 4905/1624/3517 4906/1621/3518 4907/1621/3519
f 4908/1624/3519 4905/1624/3517 4907/1621/3519
f 4906/1621/3518 4905/1624/3517 4909/1621/3520
f 4905/1624/3517 4910/1624/3520 4909/1621/3520
f 4911/1626/3521 4912/1626/3521 4913/1623/3521
f 4914/1623/3521 4911/1626/3521 4913/1623/3521
f 4911/1626/3521 4914/1623/3521 4915/1623/3521
f 4916/1626/3521 4911/1626/3521 4915/1623/3521
f 4917/1622/3522 4918/1622/3522 4919/1620/3522
f 4920/1620/3522 4917/1622/3522 4919/1620/3522
f 4917/1622/3522 4920/1620/3522 4921/1620/3522
f 4922/1622/3522 4917/1622/3522 4921/1620/3522
f 4923/1623/3523 4924/1623/3523 4925/1622/3523
f 4926/1622/3523 4923/1623/3523 4925/1622/3523
f 4923/1623/3523 4926/1622/3523 4927/1622/3523
f 4928/1623/3523 4923/1623/3523 4927/1622/3523
f 4929/1620/3516 4930/1620/3516 4931/1619/3516
f 4932/1619/3516 4929/1620/3516 4931/1619/3516
f 4929/1620/3516 4932/1619/3516 4933/1619/3516
f 4934/1620/3516 4929/1620/3516 4933/1619/3516
f 4935/1627/3524 4936/1627/3524 4937/1626/3524
f 4938/1626/3524 4935/1627/3524 4937/1626/3524
f 4935/1627/3524 4938/1626/3524 4939/1626/3524
f 4940/1627/3524 4935/1627/3524 4939/1626/3524
f 4941/1613/3492 4942/1615/3492 4943/1616/3492
f 4944/1630/3525 4945/1631/3525 4946/1632/3525
f 4944/1630/3525 4947/1633/3525 4945/1631/3525
f 4944/1630/3525 4948/1634/3525 4947/1633/3525
f 4944/1630/3525 4949/1635/3525 4948/1634/3525
f 4944/1630/3525 4950/1636/3525 4949/1635/3525
f 4944/1630/3525 4946/1632/3525 4951/1637/3525
f 4944/1630/3525 4951/1637/3525 4952/1638/3525
f 4944/1630/3525 4952/1638/3525 4953/1639/3525
f 4954/1640/3526 4955/1641/3527 4956/1642/3528
f 4957/1643/3526 4954/1640/3526 4956/1642/3528
f 4958/1644/3529 4956/1642/3528 4955/1641/3527
f 4959/1645/3530 4960/1646/3531 4961/1647/3532
f 4962/1648/3533 4959/1645/3530 4961/1647/3532
f 4962/1648/3533 4961/1647/3532 4963/1649/3534
f 4961/1647/3532 4964/1650/3535 4963/1649/3534
f 4965/1651/3536 4966/1652/3537 4967/1653/3538
f 4965/1651/3536 4968/1654/3539 4966/1652/3537
f 4968/1654/3539 4969/1655/3540 4966/1652/3537
f 4968/1654/3539 4970/1656/3541 4969/1655/3540
f 4968/1654/3539 4971/1657/3542 4970/1656/3541
f 4971/1657/3542 4972/1658/3543 4970/1656/3541
f 4971/1657/3542 4973/1659/3544 4972/1658/3543
f 4971/1657/3542 4974/1660/3545 4973/1659/3544
f 4974/1660/3545 4975/1661/3546 4973/1659/3544
f 4976/1662/3547 4975/1661/3546 4974/1660/3545
f 4977/1663/3548 4976/1662/3547 4974/1660/3545
f 4977/1663/3548 4978/1664/3549 4976/1662/3547
f 4979/1665/3550 4980/1666/3551 4981/1667/3552
f 4982/1668/3552 4979/1665/3550 4981/1667/3552
f 4983/1669/3553 4980/1666/3551 4979/1665/3550
f 4984/1670/3554 4983/1669/3553 4979/1665/3550
f 4984/1670/3554 4985/1644/3555 4983/1669/3553
f 4985/1644/3555 4986/1671/3555 4983/1669/3553
f 4987/1666/3556 4988/1672/3557 4989/1673/3558
f 4990/1667/3559 4987/1666/3556 4989/1673/3558
f 4989/1673/3558 4988/1672/3557 4991/1674/3560
f 4988/1672/3557 4992/1675/3561 4991/1674/3560
f 4993/1676/3559 4991/1674/3560 4992/1675/3561
f 4994/1677/3562 4993/1676/3559 4992/1675/3561
f 4988/1672/3557 4987/1666/3556 4995/1669/3563
f 4993/1676/3559 4994/1677/3562 4996/1678/3564
f 4997/1679/3565 4993/1676/3559 4996/1678/3564
f 4997/1679/3565 4996/1678/3564 4998/1680/3566
f 4998/1680/3566 4996/1678/3564 4999/1681/3567
f 4994/1677/3562 4999/1681/3567 4996/1678/3564
f 5000/1682/3568 4998/1680/3566 4999/1681/3567
f 5000/1682/3568 5001/1683/3569 4998/1680/3566
f 4998/1680/3566 5001/1683/3569 5002/1684/3570
f 5003/1685/3571 5002/1684/3570 5001/1683/3569
f 5004/1686/3572 5003/1685/3571 5001/1683/3569
f 5005/1687/3573 5004/1686/3572 5001/1683/3569
f 5000/1682/3568 5005/1687/3573 5001/1683/3569
f 5003/1685/3571 5004/1686/3572 5006/1688/3574
f 5004/1686/3572 5007/1689/3575 5006/1688/3574
f 5004/1686/3572 5005/1687/3573 5007/1689/3575
f 5008/1690/3576 5006/1688/3574 5007/1689/3575
f 5009/1691/3577 5008/1690/3576 5007/1689/3575
f 5008/1690/3576 5010/1692/3578 5006/1688/3574
f 5010/1692/3578 5011/1693/3579 5006/1688/3574
f 5003/1685/3571 5006/1688/3574 5011/1693/3579
f 5010/1692/3578 5012/1694/3580 5011/1693/3579
f 5013/1695/3581 5003/1685/3571 5011/1693/3579
f 5003/1685/3571 5013/1695/3581 5002/1684/3570
f 5014/1696/3582 5005/1687/3573 5000/1682/3568
f 5015/1697/3583 5005/1687/3573 5014/1696/3582
f 5016/1698/3584 5015/1697/3583 5014/1696/3582
f 5017/1699/3585 5013/1695/3581 5011/1693/3579
f 5013/1695/3581 5017/1699/3585 5002/1684/3570
f 5017/1699/3585 5011/1693/3579 5012/1694/3580
f 5017/1699/3585 5018/1700/3586 5002/1684/3570
f 5017/1699/3585 5019/1701/3587 5018/1700/3586
f 5017/1699/3585 5020/1702/3588 5019/1701/3587
f 5017/1699/3585 5012/1694/3580 5020/1702/3588
f 5019/1701/3587 5021/1703/3589 5018/1700/3586
f 5018/1700/3586 5021/1703/3589 5022/1704/3590
f 5021/1703/3589 5023/1705/3591 5022/1704/3590
f 5024/1654/3592 5022/1704/3590 5023/1705/3591
f 5025/1657/3593 5024/1654/3592 5023/1705/3591
f 5025/1657/3593 5023/1705/3591 5026/1660/3594
f 5023/1705/3591 5027/1706/3595 5026/1660/3594
f 5023/1705/3591 5021/1703/3589 5027/1706/3595
f 5021/1703/3589 5028/1707/3596 5027/1706/3595
f 5019/1701/3587 5028/1707/3596 5021/1703/3589
f 5019/1701/3587 5020/1702/3588 5028/1707/3596
f 5029/1708/3597 5022/1704/3590 5024/1654/3592
f 5030/1709/3598 5026/1660/3594 5027/1706/3595
f 5030/1709/3598 5027/1706/3595 5028/1707/3596
f 5030/1709/3598 5031/1710/3599 5026/1660/3594
f 5031/1710/3599 5032/1663/3600 5026/1660/3594
f 5033/1711/3601 5031/1710/3599 5030/1709/3598
f 5034/1712/3602 5033/1711/3601 5030/1709/3598
f 5033/1711/3601 5034/1712/3602 5020/1702/3588
f 5034/1712/3602 5030/1709/3598 5028/1707/3596
f 5034/1712/3602 5028/1707/3596 5020/1702/3588
f 5035/1713/3603 5033/1711/3601 5020/1702/3588
f 5029/1708/3597 5036/1714/3604 5022/1704/3590
f 5036/1714/3604 5018/1700/3586 5022/1704/3590
f 5036/1714/3604 5037/1715/3605 5018/1700/3586
f 5036/1714/3604 5038/1716/3606 5037/1715/3605
f 5036/1714/3604 5029/1708/3597 5038/1716/3606
f 5002/1684/3570 5018/1700/3586 5037/1715/3605
f 4998/1680/3566 5002/1684/3570 5037/1715/3605
f 5039/1717/3607 4998/1680/3566 5037/1715/3605
f 5040/1718/3608 5039/1717/3607 5037/1715/3605
f 5038/1716/3606 5040/1718/3608 5037/1715/3605
f 5039/1717/3607 4997/1679/3565 4998/1680/3566
f 5029/1708/3597 5041/1719/3609 5038/1716/3606
f 5035/1713/3603 5020/1702/3588 5012/1694/3580
f 5042/1720/3610 5035/1713/3603 5012/1694/3580
f 5010/1692/3578 5042/1720/3610 5012/1694/3580
f 5043/1721/3611 5044/1722/3612 5045/1723/3613
f 5046/1724/3614 5043/1721/3611 5045/1723/3613
f 5043/1721/3611 5047/1725/3615 5044/1722/3612
f 5047/1725/3615 5048/1726/3616 5044/1722/3612
f 5049/1644/3617 5045/1723/3613 5044/1722/3612
f 5047/1725/3615 5050/1727/3618 5048/1726/3616
f 5050/1727/3618 5051/1728/3619 5048/1726/3616
f 5052/1729/3620 5048/1726/3616 5051/1728/3619
f 5046/1724/3614 5045/1723/3613 5053/1641/3621
f 5049/1644/3617 5053/1641/3621 5045/1723/3613
f 5054/1640/3622 5046/1724/3614 5053/1641/3621
f 5055/1730/3623 5044/1722/3612 5048/1726/3616
f 5052/1729/3620 5055/1730/3623 5048/1726/3616
f 5055/1730/3623 5049/1644/3617 5044/1722/3612
f 5056/1691/3552 5057/1689/3624 5058/1697/3624
f 5059/1731/3552 5056/1691/3552 5058/1697/3624
f 5060/1687/3624 5058/1697/3624 5057/1689/3624
f 4995/1669/3563 5061/1671/3625 5062/1732/3626
f 5063/1733/3627 4995/1669/3563 5062/1732/3626
f 5063/1733/3627 5062/1732/3626 5064/1734/3628
f 5062/1732/3626 5014/1696/3582 5064/1734/3628
f 5064/1734/3628 5014/1696/3582 5000/1682/3568
f 5065/1735/3629 5064/1734/3628 5000/1682/3568
f 5064/1734/3628 5065/1735/3629 5063/1733/3627
f 5065/1735/3629 4992/1675/3561 5063/1733/3627
f 5063/1733/3627 4992/1675/3561 4988/1672/3557
f 5063/1733/3627 4988/1672/3557 4995/1669/3563
f 5000/1682/3568 4999/1681/3567 5065/1735/3629
f 4994/1677/3562 5065/1735/3629 4999/1681/3567
f 5065/1735/3629 4994/1677/3562 4992/1675/3561
f 5066/1644/3630 5067/1647/3631 5068/1646/3632
f 5066/1644/3630 5069/1670/3633 5067/1647/3631
f 5069/1670/3633 5070/1650/3634 5067/1647/3631
f 5069/1670/3633 5071/1665/3635 5070/1650/3634
f 5066/1644/3630 5068/1646/3632 5072/1642/3636
f 5072/1642/3636 5068/1646/3632 5073/1736/3637
f 5074/1643/3637 5072/1642/3636 5073/1736/3637
f 5075/1697/3638 5076/1698/3638 5077/1728/3638
f 5078/1732/3638 5079/1671/3638 5080/1644/3638
f 5081/1730/3638 5078/1732/3638 5080/1644/3638
f 5078/1732/3638 5081/1730/3638 5082/1696/3638
f 5081/1730/3638 5083/1729/3638 5082/1696/3638
f 5084/1698/3639 5085/1696/3639 5086/1729/3639
f 5087/1728/3639 5084/1698/3639 5086/1729/3639
f 5088/1719/3525 5089/1708/3525 5090/1654/3525
f 5091/1651/3525 5088/1719/3525 5090/1654/3525
f 5092/1731/3638 5093/1697/3638 5094/1728/3638
f 5095/1727/3638 5092/1731/3638 5094/1728/3638
f 5096/1737/3640 5097/1650/3641 5098/1665/3642
f 5099/1668/3642 5096/1737/3640 5098/1665/3642
f 5100/1631/3525 5101/1630/3525 5102/1632/3525
f 5103/1633/3525 5101/1630/3525 5100/1631/3525
f 5104/1634/3525 5101/1630/3525 5103/1633/3525
f 5105/1635/3525 5101/1630/3525 5104/1634/3525
f 5106/1636/3525 5101/1630/3525 5105/1635/3525
f 5102/1632/3525 5101/1630/3525 5107/1637/3525
f 5107/1637/3525 5101/1630/3525 5108/1638/3525
f 5108/1638/3525 5101/1630/3525 5109/1639/3525
f 5110/1640/3526 5111/1643/3526 5112/1642/3643
f 5113/1641/3644 5110/1640/3526 5112/1642/3643
f 5112/1642/3643 5114/1644/3645 5113/1641/3644
f 5115/1645/3646 5116/1648/3533 5117/1647/3647
f 5118/1646/3648 5115/1645/3646 5117/1647/3647
f 5117/1647/3647 5116/1648/3533 5119/1649/3534
f 5120/1650/3649 5117/1647/3647 5119/1649/3534
f 5121/1652/3650 5122/1651/3536 5123/1653/3651
f 5124/1654/3652 5122/1651/3536 5121/1652/3650
f 5125/1655/3653 5124/1654/3652 5121/1652/3650
f 5126/1656/3654 5124/1654/3652 5125/1655/3653
f 5127/1657/3655 5124/1654/3652 5126/1656/3654
f 5128/1658/3656 5127/1657/3655 5126/1656/3654
f 5129/1659/3657 5127/1657/3655 5128/1658/3656
f 5130/1660/3658 5127/1657/3655 5129/1659/3657
f 5131/1661/3659 5130/1660/3658 5129/1659/3657
f 5131/1661/3659 5132/1662/3660 5130/1660/3658
f 5132/1662/3660 5133/1663/3548 5130/1660/3658
f 5134/1664/3661 5133/1663/3548 5132/1662/3660
f 5135/1665/3662 5136/1668/3552 5137/1667/3552
f 5138/1666/3663 5135/1665/3662 5137/1667/3552
f 5138/1666/3663 5139/1669/3664 5135/1665/3662
f 5139/1669/3664 5140/1670/3665 5135/1665/3662
f 5141/1644/3666 5140/1670/3665 5139/1669/3664
f 5142/1671/3666 5141/1644/3666 5139/1669/3664
f 5143/1666/3667 5144/1667/3559 5145/1673/3668
f 5146/1672/3669 5143/1666/3667 5145/1673/3668
f 5146/1672/3669 5145/1673/3668 5147/1674/3560
f 5148/1675/3670 5146/1672/3669 5147/1674/3560
f 5147/1674/3560 5149/1676/3559 5148/1675/3670
f 5149/1676/3559 5150/1677/3671 5148/1675/3670
f 5143/1666/3667 5146/1672/3669 5151/1669/3672
f 5150/1677/3671 5149/1676/3559 5152/1678/3673
f 5149/1676/3559 5153/1679/3565 5152/1678/3673
f 5152/1678/3673 5153/1679/3565 5154/1680/3674
f 5152/1678/3673 5154/1680/3674 5155/1681/3675
f 5155/1681/3675 5150/1677/3671 5152/1678/3673
f 5154/1680/3674 5156/1682/3676 5155/1681/3675
f 5157/1683/3677 5156/1682/3676 5154/1680/3674
f 5157/1683/3677 5154/1680/3674 5158/1684/3678
f 5158/1684/3678 5159/1685/3679 5157/1683/3677
f 5159/1685/3679 5160/1686/3680 5157/1683/3677
f 5160/1686/3680 5161/1687/3681 5157/1683/3677
f 5161/1687/3681 5156/1682/3676 5157/1683/3677
f 5160/1686/3680 5159/1685/3679 5162/1688/3682
f 5163/1689/3683 5160/1686/3680 5162/1688/3682
f 5161/1687/3681 5160/1686/3680 5163/1689/3683
f 5162/1688/3682 5164/1690/3684 5163/1689/3683
f 5164/1690/3684 5165/1691/3685 5163/1689/3683
f 5166/1692/3578 5164/1690/3684 5162/1688/3682
f 5167/1693/3686 5166/1692/3578 5162/1688/3682
f 5162/1688/3682 5159/1685/3679 5167/1693/3686
f 5159/1685/3679 5168/1695/3687 5167/1693/3686
f 5168/1695/3687 5159/1685/3679 5158/1684/3678
f 5167/1693/3686 5168/1695/3687 5169/1699/3688
f 5169/1699/3688 5168/1695/3687 5158/1684/3678
f 5161/1687/3681 5170/1696/3689 5156/1682/3676
f 5161/1687/3681 5171/1697/3690 5170/1696/3689
f 5171/1697/3690 5172/1698/3690 5170/1696/3689
f 5173/1694/3691 5166/1692/3578 5167/1693/3686
f 5173/1694/3691 5167/1693/3686 5169/1699/3688
f 5173/1694/3691 5174/1720/3610 5166/1692/3578
f 5173/1694/3691 5175/1713/3692 5174/1720/3610
f 5173/1694/3691 5176/1702/3693 5175/1713/3692
f 5173/1694/3691 5169/1699/3688 5176/1702/3693
f 5177/1711/3601 5175/1713/3692 5176/1702/3693
f 5178/1712/3694 5177/1711/3601 5176/1702/3693
f 5177/1711/3601 5178/1712/3694 5179/1709/3695
f 5180/1710/3696 5177/1711/3601 5179/1709/3695
f 5180/1710/3696 5179/1709/3695 5181/1660/3697
f 5182/1663/3600 5180/1710/3696 5181/1660/3697
f 5181/1660/3697 5179/1709/3695 5183/1706/3698
f 5183/1706/3698 5184/1705/3699 5181/1660/3697
f 5184/1705/3699 5185/1657/3700 5181/1660/3697
f 5186/1654/3701 5185/1657/3700 5184/1705/3699
f 5187/1704/3702 5186/1654/3701 5184/1705/3699
f 5188/1703/3703 5184/1705/3699 5183/1706/3698
f 5184/1705/3699 5188/1703/3703 5187/1704/3702
f 5189/1707/3704 5188/1703/3703 5183/1706/3698
f 5179/1709/3695 5178/1712/3694 5189/1707/3704
f 5183/1706/3698 5179/1709/3695 5189/1707/3704
f 5189/1707/3704 5178/1712/3694 5176/1702/3693
f 5188/1703/3703 5190/1700/3705 5187/1704/3702
f 5189/1707/3704 5191/1701/3706 5188/1703/3703
f 5188/1703/3703 5191/1701/3706 5190/1700/3705
f 5176/1702/3693 5191/1701/3706 5189/1707/3704
f 5187/1704/3702 5192/1708/3707 5186/1654/3701
f 5193/1714/3708 5192/1708/3707 5187/1704/3702
f 5190/1700/3705 5193/1714/3708 5187/1704/3702
f 5194/1715/3709 5193/1714/3708 5190/1700/3705
f 5195/1716/3606 5193/1714/3708 5194/1715/3709
f 5192/1708/3707 5193/1714/3708 5195/1716/3606
f 5190/1700/3705 5158/1684/3678 5194/1715/3709
f 5158/1684/3678 5154/1680/3674 5194/1715/3709
f 5154/1680/3674 5196/1717/3710 5194/1715/3709
f 5196/1717/3710 5197/1718/3608 5194/1715/3709
f 5197/1718/3608 5195/1716/3606 5194/1715/3709
f 5153/1679/3565 5196/1717/3710 5154/1680/3674
f 5198/1719/3609 5192/1708/3707 5195/1716/3606
f 5190/1700/3705 5191/1701/3706 5169/1699/3688
f 5190/1700/3705 5169/1699/3688 5158/1684/3678
f 5169/1699/3688 5191/1701/3706 5176/1702/3693
f 5199/1721/3711 5200/1724/3614 5201/1723/3712
f 5202/1722/3713 5199/1721/3711 5201/1723/3712
f 5203/1725/3615 5199/1721/3711 5202/1722/3713
f 5204/1726/3714 5203/1725/3615 5202/1722/3713
f 5205/1727/3618 5203/1725/3615 5204/1726/3714
f 5206/1728/3715 5205/1727/3618 5204/1726/3714
f 5201/1723/3712 5200/1724/3614 5207/1641/3716
f 5200/1724/3614 5208/1640/3622 5207/1641/3716
f 5207/1641/3716 5209/1644/3717 5201/1723/3712
f 5201/1723/3712 5209/1644/3717 5202/1722/3713
f 5209/1644/3717 5210/1730/3718 5202/1722/3713
f 5204/1726/3714 5202/1722/3713 5210/1730/3718
f 5204/1726/3714 5210/1730/3718 5211/1729/3719
f 5204/1726/3714 5211/1729/3719 5206/1728/3715
f 5212/1691/3552 5213/1731/3552 5214/1697/3552
f 5215/1689/3552 5212/1691/3552 5214/1697/3552
f 5214/1697/3552 5216/1687/3552 5215/1689/3552
f 5217/1671/3720 5151/1669/3672 5218/1732/3721
f 5151/1669/3672 5219/1733/3722 5218/1732/3721
f 5218/1732/3721 5219/1733/3722 5220/1734/3723
f 5170/1696/3689 5218/1732/3721 5220/1734/3723
f 5170/1696/3689 5220/1734/3723 5156/1682/3676
f 5220/1734/3723 5221/1735/3724 5156/1682/3676
f 5221/1735/3724 5220/1734/3723 5219/1733/3722
f 5148/1675/3670 5221/1735/3724 5219/1733/3722
f 5148/1675/3670 5219/1733/3722 5146/1672/3669
f 5146/1672/3669 5219/1733/3722 5151/1669/3672
f 5155/1681/3675 5156/1682/3676 5221/1735/3724
f 5221/1735/3724 5150/1677/3671 5155/1681/3675
f 5150/1677/3671 5221/1735/3724 5148/1675/3670
f 5222/1647/3725 5223/1644/3726 5224/1646/3727
f 5225/1670/3728 5223/1644/3726 5222/1647/3725
f 5226/1650/3729 5225/1670/3728 5222/1647/3725
f 5227/1665/3730 5225/1670/3728 5226/1650/3729
f 5224/1646/3727 5223/1644/3726 5228/1642/3731
f 5224/1646/3727 5228/1642/3731 5229/1736/3637
f 5228/1642/3731 5230/1643/3637 5229/1736/3637
f 5231/1698/3638 5232/1697/3638 5233/1728/3638
f 5234/1732/3638 5235/1730/3638 5236/1644/3638
f 5237/1671/3638 5234/1732/3638 5236/1644/3638
f 5235/1730/3638 5234/1732/3638 5238/1696/3638
f 5239/1729/3638 5235/1730/3638 5238/1696/3638
f 5240/1698/3639 5241/1728/3639 5242/1729/3639
f 5243/1696/3639 5240/1698/3639 5242/1729/3639
f 5244/1719/3525 5245/1651/3525 5246/1654/3525
f 5247/1708/3525 5244/1719/3525 5246/1654/3525
f 5248/1731/3638 5249/1727/3638 5250/1728/3638
f 5251/1697/3638 5248/1731/3638 5250/1728/3638
f 5252/1737/3732 5253/1668/3642 5254/1665/3642
f 5255/1650/3733 5252/1737/3732 5254/1665/3642
f 5256/1738/3734 5257/1739/3735 5258/1740/3735
f 5259/1741/3734 5256/1738/3734 5258/1740/3735
f 5257/1739/3735 5260/1738/3736 5258/1740/3735
f 5260/1738/3736 5261/1741/3737 5258/1740/3735
f 5262/1739/3738 5263/1738/3739 5264/1742/3740
f 5265/1743/3738 5262/1739/3738 5264/1742/3740
f 5264/1742/3740 5263/1738/3739 5266/1741/3741
f 5267/1744/3742 5264/1742/3740 5266/1741/3741
f 5267/1744/3742 5266/1741/3741 5268/1740/3743
f 5269/1745/3744 5267/1744/3742 5268/1740/3743
f 5270/1746/3745 5271/1747/3745 5272/1748/3746
f 5273/1749/3746 5270/1746/3745 5272/1748/3746
f 5273/1749/3746 5272/1748/3746 5274/1750/3747
f 5272/1748/3746 5275/1751/3747 5274/1750/3747
f 5276/1752/3748 5277/1753/3748 5278/1754/3748
f 5279/1754/3748 5276/1752/3748 5278/1754/3748
f 5277/1753/3748 5280/1752/3748 5278/1754/3748
f 5280/1752/3748 5281/1754/3748 5278/1754/3748
f 5282/1755/3749 5283/1756/3749 5284/1757/3749
f 5285/1757/3749 5282/1755/3749 5284/1757/3749
f 5282/1755/3749 5285/1757/3749 5286/1757/3749
f 5287/1756/3749 5282/1755/3749 5286/1757/3749
f 5288/1758/3750 5289/1759/3750 5290/1760/3750
f 5291/1761/3750 5288/1758/3750 5290/1760/3750
f 5292/1762/3751 5293/1762/3752 5294/1763/3753
f 5295/1763/3754 5292/1762/3751 5294/1763/3753
f 5293/1762/3752 5296/1762/3755 5294/1763/3753
f 5296/1762/3755 5297/1763/3756 5294/1763/3753
f 5297/1763/3756 5298/1757/3757 5294/1763/3753
f 5298/1757/3757 5299/1757/3758 5294/1763/3753
f 5294/1763/3753 5299/1757/3758 5295/1763/3754
f 5299/1757/3758 5300/1757/3759 5295/1763/3754
f 5298/1757/3757 5297/1763/3756 5301/1756/3760
f 5302/1760/3761 5301/1756/3760 5297/1763/3756
f 5296/1762/3755 5302/1760/3761 5297/1763/3756
f 5295/1763/3754 5303/1760/3762 5292/1762/3751
f 5295/1763/3754 5300/1757/3759 5304/1756/3763
f 5295/1763/3754 5304/1756/3763 5303/1760/3762
f 5304/1756/3763 5305/1761/3764 5303/1760/3762
f 5305/1761/3764 5304/1756/3763 5306/1758/3765
f 5304/1756/3763 5307/1755/3765 5306/1758/3765
f 5302/1760/3761 5308/1761/3766 5301/1756/3760
f 5309/1755/3765 5301/1756/3760 5308/1761/3766
f 5310/1758/3765 5309/1755/3765 5308/1761/3766
f 5311/1738/3767 5312/1739/3768 5313/1743/3769
f 5314/1742/3770 5311/1738/3767 5313/1743/3769
f 5315/1741/3771 5311/1738/3767 5314/1742/3770
f 5316/1744/3772 5315/1741/3771 5314/1742/3770
f 5315/1741/3771 5316/1744/3772 5317/1740/3744
f 5316/1744/3772 5318/1745/3744 5317/1740/3744
f 5319/1747/3745 5320/1746/3745 5321/1749/3773
f 5322/1748/3746 5319/1747/3745 5321/1749/3773
f 5322/1748/3746 5321/1749/3773 5323/1750/3747
f 5324/1751/3747 5322/1748/3746 5323/1750/3747
f 5325/1758/3750 5326/1761/3750 5327/1760/3750
f 5328/1759/3750 5325/1758/3750 5327/1760/3750
f 5329/1743/3774 5330/1742/3775 5331/1764/3776
f 5332/1765/3777 5329/1743/3774 5331/1764/3776
f 5333/1766/3778 5331/1764/3776 5330/1742/3775
f 5334/1744/3779 5333/1766/3778 5330/1742/3775
f 5335/1767/3780 5333/1766/3778 5334/1744/3779
f 5336/1745/3781 5335/1767/3780 5334/1744/3779
f 5332/1765/3777 5331/1764/3776 5337/1768/3782
f 5331/1764/3776 5338/1769/3783 5337/1768/3782
f 5335/1767/3780 5339/1770/3784 5333/1766/3778
f 5339/1770/3784 5340/1771/3785 5333/1766/3778
f 5341/1772/3786 5338/1769/3783 5331/1764/3776
f 5340/1771/3785 5341/1772/3786 5333/1766/3778
f 5341/1772/3786 5331/1764/3776 5333/1766/3778
f 5342/1742/3787 5343/1743/3774 5344/1765/3788
f 5345/1764/3789 5342/1742/3787 5344/1765/3788
f 5346/1744/3790 5342/1742/3787 5345/1764/3789
f 5347/1766/3791 5346/1744/3790 5345/1764/3789
f 5346/1744/3790 5347/1766/3791 5348/1745/3792
f 5347/1766/3791 5349/1767/3793 5348/1745/3792
f 5345/1764/3789 5344/1765/3788 5350/1768/3782
f 5351/1769/3794 5345/1764/3789 5350/1768/3782
f 5345/1764/3789 5352/1772/3795 5347/1766/3791
f 5345/1764/3789 5351/1769/3794 5352/1772/3795
f 5347/1766/3791 5353/1771/3796 5349/1767/3793
f 5352/1772/3795 5353/1771/3796 5347/1766/3791
f 5353/1771/3796 5354/1770/3784 5349/1767/3793
f 5355/1773/3797 5356/1774/3798 5357/1775/3799
f 5358/1776/3800 5355/1773/3797 5357/1775/3799
f 5355/1773/3797 5359/1777/3801 5356/1774/3798
f 5359/1777/3801 5360/1778/3802 5356/1774/3798
f 5361/1779/3803 5362/1780/3804 5363/1781/3805
f 5364/1782/3806 5361/1779/3803 5363/1781/3805
f 5363/1781/3805 5362/1780/3804 5365/1783/3807
f 5361/1779/3803 5366/1784/3808 5362/1780/3804
f 5367/1785/3809 5362/1780/3804 5366/1784/3808
f 5362/1780/3804 5367/1785/3809 5365/1783/3807
f 5365/1783/3807 5367/1785/3809 5368/1786/143
f 5367/1785/3809 5369/1787/3810 5368/1786/143
f 5367/1785/3809 5370/1788/3811 5369/1787/3810
f 5367/1785/3809 5366/1784/3808 5370/1788/3811
f 5371/1789/3812 5372/1790/3813 5373/1791/3814
f 5374/1787/3815 5371/1789/3812 5373/1791/3814
f 5375/1786/143 5374/1787/3815 5373/1791/3814
f 5376/1783/3807 5375/1786/143 5373/1791/3814
f 5376/1783/3807 5373/1791/3814 5377/1792/3816
f 5372/1790/3813 5377/1792/3816 5373/1791/3814
f 5378/1781/3805 5376/1783/3807 5377/1792/3816
f 5379/1782/3806 5378/1781/3805 5377/1792/3816
f 5380/1779/3817 5379/1782/3806 5377/1792/3816
f 5380/1779/3817 5377/1792/3816 5372/1790/3813
f 5381/1776/3818 5382/1793/3819 5383/1794/3820
f 5384/1795/3821 5381/1776/3818 5383/1794/3820
f 5384/1795/3821 5383/1794/3820 5385/1796/3822
f 5383/1794/3820 5386/1797/3823 5385/1796/3822
f 5387/1773/3824 5388/1776/3825 5389/1775/3826
f 5390/1774/3827 5387/1773/3824 5389/1775/3826
f 5391/1777/3828 5387/1773/3824 5390/1774/3827
f 5392/1778/3829 5391/1777/3828 5390/1774/3827
f 5393/1779/3830 5394/1782/3831 5395/1781/3805
f 5396/1780/3832 5393/1779/3830 5395/1781/3805
f 5396/1780/3832 5395/1781/3805 5397/1783/3807
f 5398/1784/3833 5393/1779/3830 5396/1780/3832
f 5396/1780/3832 5399/1785/3834 5398/1784/3833
f 5399/1785/3834 5396/1780/3832 5397/1783/3807
f 5399/1785/3834 5397/1783/3807 5400/1786/143
f 5401/1787/3835 5399/1785/3834 5400/1786/143
f 5402/1788/3836 5399/1785/3834 5401/1787/3835
f 5398/1784/3833 5399/1785/3834 5402/1788/3836
f 5403/1790/3837 5404/1789/3838 5405/1791/3839
f 5404/1789/3838 5406/1787/3840 5405/1791/3839
f 5406/1787/3840 5407/1786/143 5405/1791/3839
f 5407/1786/143 5408/1783/3807 5405/1791/3839
f 5405/1791/3839 5408/1783/3807 5409/1792/3841
f 5409/1792/3841 5403/1790/3837 5405/1791/3839
f 5408/1783/3807 5410/1781/3805 5409/1792/3841
f 5410/1781/3805 5411/1782/3831 5409/1792/3841
f 5411/1782/3831 5412/1779/3842 5409/1792/3841
f 5409/1792/3841 5412/1779/3842 5403/1790/3837
f 5413/1776/3843 5414/1795/3844 5415/1794/3845
f 5416/1793/3846 5413/1776/3843 5415/1794/3845
f 5415/1794/3845 5414/1795/3844 5417/1796/3847
f 5418/1797/3848 5415/1794/3845 5417/1796/3847
