# Blender 4.5.3 LTS
# www.blender.org
mtllib yf21B.mtl
o yf21B
v 0.026556 -0.007028 0.031106
v 0.025197 -0.008515 0.028286
v 0.025057 -0.008476 0.024543
v 0.025404 -0.008568 0.033315
v 0.026248 -0.007200 0.027211
v 0.026556 -0.005453 0.031133
v 0.026248 -0.005200 0.027235
v 0.024922 -0.003961 0.024590
v 0.025067 -0.006346 0.024565
v 0.025130 -0.003542 0.028193
v 0.025773 -0.002960 0.034043
v 0.026211 -0.007341 0.034797
v 0.025363 -0.007191 0.036845
v 0.026211 -0.004570 0.034831
v 0.025363 -0.003760 0.036881
v 0.023338 -0.006905 0.031695
v 0.025363 -0.007191 0.036845
v 0.025363 -0.003760 0.036881
v 0.025773 -0.002960 0.034043
v 0.025130 -0.003542 0.028193
v 0.025197 -0.008515 0.028286
v 0.025404 -0.008568 0.033315
v 0.025067 -0.006346 0.024565
v 0.025057 -0.008476 0.024543
v 0.024922 -0.003961 0.024590
v 0.035573 -0.007458 0.034671
v 0.035843 -0.006738 0.030444
v 0.036129 -0.003590 0.032294
v 0.035688 -0.004461 0.035763
v 0.034275 -0.001906 0.035901
v 0.034461 -0.000827 0.031753
v 0.034111 -0.005640 0.039419
v 0.033829 -0.008371 0.038565
v 0.032752 -0.008354 0.027220
v 0.031805 -0.009808 0.033221
v 0.026465 -0.011618 0.028810
v 0.023465 -0.013420 0.034477
v 0.028670 -0.011241 0.036736
v 0.024240 -0.012258 0.039616
v 0.028323 -0.010885 0.039595
v 0.025700 -0.010325 0.040621
v 0.032592 -0.008830 0.039736
v 0.027938 -0.007580 0.041659
v 0.032117 0.000591 0.029876
v 0.026759 -0.007962 0.041327
v 0.026558 -0.005606 0.041083
v 0.026830 -0.003728 0.040493
v 0.031437 -0.003891 0.040831
v 0.025825 -0.003637 0.040333
v 0.026584 -0.002321 0.038712
v 0.025887 -0.001696 0.036534
v 0.029685 -0.000745 0.035229
v 0.032645 -0.003309 0.039687
v 0.032916 -0.006166 0.040530
v 0.023308 -0.012748 0.034626
v 0.026302 -0.010923 0.028964
v 0.026465 -0.011618 0.028810
v 0.023465 -0.013420 0.034477
v 0.024025 -0.011665 0.039245
v 0.024240 -0.012258 0.039616
v 0.025700 -0.010325 0.040621
v 0.025438 -0.010012 0.040201
v 0.032752 -0.008354 0.027220
v 0.032568 -0.007693 0.026987
v 0.035843 -0.006738 0.030444
v 0.035413 -0.006094 0.029823
v 0.036129 -0.003590 0.032294
v 0.035600 -0.003497 0.031316
v 0.034461 -0.000827 0.031753
v 0.034288 -0.001283 0.030889
v 0.032117 0.000591 0.029876
v 0.032209 0.000069 0.029381
v 0.026449 -0.007931 0.040857
v 0.026759 -0.007962 0.041327
v 0.026558 -0.005606 0.041083
v 0.026351 -0.005844 0.040676
v 0.025825 -0.003637 0.040333
v 0.025722 -0.004145 0.039989
v 0.035413 -0.006094 0.029823
v 0.026449 -0.007931 0.040857
v 0.035600 -0.003497 0.031316
v 0.034288 -0.001283 0.030889
v 0.025438 -0.010012 0.040201
v 0.024025 -0.011665 0.039245
v 0.032568 -0.007693 0.026987
v 0.026302 -0.010923 0.028964
v 0.023308 -0.012748 0.034626
v 0.026351 -0.005844 0.040676
v 0.025722 -0.004145 0.039989
v 0.032209 0.000069 0.029381
v 0.025779 -0.002318 0.036342
v 0.025779 -0.002318 0.036342
v 0.025722 -0.004145 0.039989
v 0.025825 -0.003637 0.040333
v 0.025887 -0.001696 0.036534
v 0.032117 0.000591 0.029876
v 0.032209 0.000069 0.029381
v 0.043149 -0.009549 -0.011867
v 0.042798 -0.007872 -0.012602
v 0.041946 -0.008022 -0.012827
v 0.040925 -0.009029 -0.012792
v 0.040639 -0.009989 -0.012531
v 0.041054 -0.010827 -0.012085
v 0.042192 -0.011455 -0.011479
v 0.043040 -0.011269 -0.011268
v 0.043604 -0.007801 -0.015544
v 0.044787 -0.008624 -0.019495
v 0.044564 -0.008540 -0.019241
v 0.043135 -0.008728 -0.019459
v 0.041067 -0.009129 -0.015890
v 0.041946 -0.008022 -0.012827
v 0.040925 -0.009029 -0.012792
v 0.042798 -0.007872 -0.012602
v 0.043522 -0.008058 -0.014056
v 0.045186 -0.009233 -0.019498
v 0.045537 -0.014144 -0.017569
v 0.045217 -0.014652 -0.017128
v 0.044787 -0.008624 -0.019495
v 0.044995 -0.014568 -0.016873
v 0.044564 -0.008540 -0.019241
v 0.044337 -0.014610 -0.016983
v 0.043135 -0.008728 -0.019459
v 0.043389 -0.014156 -0.017371
v 0.043635 -0.013728 -0.014913
v 0.044337 -0.014610 -0.016983
v 0.044995 -0.014568 -0.016873
v 0.043985 -0.013127 -0.013452
v 0.045217 -0.014652 -0.017128
v 0.041323 -0.012711 -0.014483
v 0.042192 -0.011455 -0.011479
v 0.041054 -0.010827 -0.012085
v 0.043389 -0.014156 -0.017371
v 0.043040 -0.011269 -0.011268
v 0.043805 -0.012030 -0.012496
v 0.045249 -0.008921 -0.018412
v 0.045186 -0.009233 -0.019498
v 0.044787 -0.008624 -0.019495
v 0.045537 -0.014144 -0.017569
v 0.045600 -0.013828 -0.016485
v 0.045217 -0.014652 -0.017128
v 0.043604 -0.007801 -0.015544
v 0.044368 -0.008287 -0.015113
v 0.044678 -0.012628 -0.013408
v 0.043522 -0.008058 -0.014056
v 0.043805 -0.012030 -0.012496
v 0.043985 -0.013127 -0.013452
v 0.041067 -0.009129 -0.015890
v 0.043135 -0.008728 -0.019459
v 0.043389 -0.014156 -0.017371
v 0.041323 -0.012711 -0.014483
v 0.040639 -0.009989 -0.012531
v 0.040925 -0.009029 -0.012792
v 0.041054 -0.010827 -0.012085
v 0.043522 -0.008058 -0.014056
v 0.043149 -0.009549 -0.011867
v 0.043805 -0.012030 -0.012496
v 0.042798 -0.007872 -0.012602
v 0.043040 -0.011269 -0.011268
v 0.044029 -0.014469 -0.019145
v 0.043539 -0.013680 -0.017817
v 0.044142 -0.013019 -0.017437
v 0.044915 -0.014265 -0.019532
v 0.045026 -0.013364 -0.017457
v 0.045516 -0.014153 -0.018784
v 0.045037 -0.014035 -0.017054
v 0.045527 -0.014824 -0.018382
v 0.044934 -0.015447 -0.018823
v 0.044029 -0.014469 -0.019145
v 0.044038 -0.015030 -0.018808
v 0.044161 -0.014200 -0.016727
v 0.043549 -0.014240 -0.017480
v 0.044038 -0.015030 -0.018808
v 0.043539 -0.013680 -0.017817
v 0.044029 -0.014469 -0.019145
v 0.043539 -0.013680 -0.017817
v 0.043549 -0.014240 -0.017480
v 0.043523 -0.016160 -0.021945
v 0.044400 -0.015424 -0.020745
v 0.045270 -0.015292 -0.021082
v 0.043576 -0.016586 -0.022874
v 0.045517 -0.015916 -0.021719
v 0.043942 -0.016659 -0.022912
v 0.043942 -0.016659 -0.022912
v 0.045528 -0.016587 -0.021316
v 0.043953 -0.017329 -0.022509
v 0.043576 -0.016586 -0.022874
v 0.043589 -0.017338 -0.022422
v 0.043953 -0.017329 -0.022509
v 0.045287 -0.016323 -0.020462
v 0.043589 -0.017338 -0.022422
v 0.044409 -0.015985 -0.020408
v 0.043532 -0.016720 -0.021608
v 0.044400 -0.015424 -0.020745
v 0.043532 -0.016720 -0.021608
v 0.043523 -0.016160 -0.021945
v 0.043589 -0.017338 -0.022422
v 0.043576 -0.016586 -0.022874
v 0.045287 -0.016323 -0.020462
v 0.045270 -0.015292 -0.021082
v 0.045517 -0.015916 -0.021719
v 0.045528 -0.016587 -0.021316
v 0.044480 -0.015543 -0.020945
v 0.044147 -0.014730 -0.019583
v 0.044814 -0.014154 -0.019227
v 0.045338 -0.015385 -0.021408
v 0.045674 -0.014492 -0.019353
v 0.046006 -0.015305 -0.020715
v 0.045685 -0.015163 -0.018950
v 0.046017 -0.015976 -0.020312
v 0.045357 -0.016566 -0.020698
v 0.044480 -0.015543 -0.020945
v 0.044489 -0.016104 -0.020608
v 0.044832 -0.015231 -0.018580
v 0.044157 -0.015291 -0.019246
v 0.044489 -0.016104 -0.020608
v 0.044147 -0.014730 -0.019583
v 0.044480 -0.015543 -0.020945
v 0.044147 -0.014730 -0.019583
v 0.044157 -0.015291 -0.019246
v 0.041615 -0.014159 -0.021658
v 0.043032 -0.013667 -0.020950
v 0.043685 -0.013646 -0.021628
v 0.041195 -0.014515 -0.022521
v 0.043525 -0.014249 -0.022312
v 0.041490 -0.014640 -0.022713
v 0.041490 -0.014640 -0.022713
v 0.043588 -0.014943 -0.021956
v 0.041553 -0.015334 -0.022357
v 0.041195 -0.014515 -0.022521
v 0.041265 -0.015292 -0.022121
v 0.041553 -0.015334 -0.022357
v 0.043782 -0.014713 -0.021081
v 0.041265 -0.015292 -0.022121
v 0.043084 -0.014246 -0.020652
v 0.041667 -0.014739 -0.021360
v 0.043032 -0.013667 -0.020950
v 0.041667 -0.014739 -0.021360
v 0.041615 -0.014159 -0.021658
v 0.041265 -0.015292 -0.022121
v 0.041195 -0.014515 -0.022521
v 0.043782 -0.014713 -0.021081
v 0.043685 -0.013646 -0.021628
v 0.043525 -0.014249 -0.022312
v 0.043588 -0.014943 -0.021956
v 0.043048 -0.013736 -0.021088
v 0.043670 -0.013008 -0.019781
v 0.044537 -0.012624 -0.019847
v 0.043550 -0.013719 -0.021938
v 0.045101 -0.013122 -0.020398
v 0.044478 -0.013851 -0.021705
v 0.045164 -0.013816 -0.020041
v 0.044541 -0.014544 -0.021348
v 0.043661 -0.014941 -0.021310
v 0.043048 -0.013736 -0.021088
v 0.043100 -0.014316 -0.020790
v 0.044638 -0.013737 -0.019275
v 0.043723 -0.013588 -0.019483
v 0.043100 -0.014316 -0.020790
v 0.043670 -0.013008 -0.019781
v 0.043048 -0.013736 -0.021088
v 0.043670 -0.013008 -0.019781
v 0.043723 -0.013588 -0.019483
v 0.043770 -0.012967 -0.019718
v 0.043380 -0.012276 -0.018305
v 0.043997 -0.011622 -0.017936
v 0.044613 -0.012712 -0.020167
v 0.044885 -0.011938 -0.018055
v 0.045275 -0.012629 -0.019468
v 0.044948 -0.012632 -0.017698
v 0.045338 -0.013323 -0.019112
v 0.044724 -0.013934 -0.019539
v 0.043770 -0.012967 -0.019718
v 0.043823 -0.013546 -0.019420
v 0.044108 -0.012844 -0.017308
v 0.043433 -0.012856 -0.018007
v 0.043823 -0.013546 -0.019420
v 0.043380 -0.012276 -0.018305
v 0.043770 -0.012967 -0.019718
v 0.043380 -0.012276 -0.018305
v 0.043433 -0.012856 -0.018007
v 0.040865 -0.011098 -0.019919
v 0.042269 -0.011301 -0.020779
v 0.042037 -0.011280 -0.021692
v 0.039846 -0.011030 -0.019991
v 0.041174 -0.011570 -0.021860
v 0.039776 -0.011177 -0.020328
v 0.039776 -0.011177 -0.020328
v 0.041195 -0.012323 -0.021648
v 0.039797 -0.011930 -0.020116
v 0.039846 -0.011030 -0.019991
v 0.039870 -0.011874 -0.019753
v 0.039797 -0.011930 -0.020116
v 0.042069 -0.012437 -0.021366
v 0.039870 -0.011874 -0.019753
v 0.042286 -0.011931 -0.020602
v 0.040882 -0.011727 -0.019742
v 0.042269 -0.011301 -0.020779
v 0.040882 -0.011727 -0.019742
v 0.040865 -0.011098 -0.019919
v 0.039870 -0.011874 -0.019753
v 0.039846 -0.011030 -0.019991
v 0.042069 -0.012437 -0.021366
v 0.042037 -0.011280 -0.021692
v 0.041174 -0.011570 -0.021860
v 0.041195 -0.012323 -0.021648
v 0.041714 -0.011357 -0.020920
v 0.043033 -0.011067 -0.020024
v 0.043846 -0.010858 -0.020471
v 0.041762 -0.011255 -0.021901
v 0.043937 -0.011327 -0.021271
v 0.042618 -0.011616 -0.022167
v 0.043958 -0.012080 -0.021059
v 0.042639 -0.012369 -0.021955
v 0.041799 -0.012582 -0.021527
v 0.041714 -0.011357 -0.020920
v 0.041732 -0.011986 -0.020742
v 0.043879 -0.012066 -0.020130
v 0.043051 -0.011696 -0.019846
v 0.041732 -0.011986 -0.020742
v 0.043033 -0.011067 -0.020024
v 0.041714 -0.011357 -0.020920
v 0.043033 -0.011067 -0.020024
v 0.043051 -0.011696 -0.019846
v 0.043080 -0.011117 -0.020207
v 0.043148 -0.010676 -0.018649
v 0.043936 -0.010193 -0.018350
v 0.043830 -0.010890 -0.020809
v 0.044705 -0.010592 -0.018740
v 0.044637 -0.011033 -0.020298
v 0.044726 -0.011345 -0.018528
v 0.044658 -0.011786 -0.020086
v 0.043867 -0.012216 -0.020435
v 0.043080 -0.011117 -0.020207
v 0.043098 -0.011747 -0.020030
v 0.043973 -0.011520 -0.017976
v 0.043165 -0.011305 -0.018472
v 0.043098 -0.011747 -0.020030
v 0.043148 -0.010676 -0.018649
v 0.043080 -0.011117 -0.020207
v 0.043148 -0.010676 -0.018649
v 0.043165 -0.011305 -0.018472
v 0.040731 -0.009187 -0.019149
v 0.041637 -0.009564 -0.020487
v 0.041074 -0.009466 -0.021237
v 0.039790 -0.008961 -0.018818
v 0.040180 -0.009612 -0.021047
v 0.039571 -0.009080 -0.019098
v 0.039571 -0.009080 -0.019098
v 0.040162 -0.010368 -0.020846
v 0.039554 -0.009836 -0.018897
v 0.039790 -0.008961 -0.018818
v 0.039770 -0.009809 -0.018592
v 0.039554 -0.009836 -0.018897
v 0.041047 -0.010628 -0.020928
v 0.039770 -0.009809 -0.018592
v 0.041622 -0.010196 -0.020319
v 0.040716 -0.009819 -0.018982
v 0.041637 -0.009564 -0.020487
v 0.040716 -0.009819 -0.018982
v 0.040731 -0.009187 -0.019149
v 0.039770 -0.009809 -0.018592
v 0.039790 -0.008961 -0.018818
v 0.041047 -0.010628 -0.020928
v 0.041074 -0.009466 -0.021237
v 0.040180 -0.009612 -0.021047
v 0.040162 -0.010368 -0.020846
v 0.041111 -0.009528 -0.020399
v 0.042717 -0.009507 -0.020177
v 0.043277 -0.009411 -0.020939
v 0.040745 -0.009385 -0.021305
v 0.042930 -0.009846 -0.021687
v 0.041325 -0.009868 -0.021909
v 0.042912 -0.010602 -0.021486
v 0.041307 -0.010624 -0.021708
v 0.040714 -0.010717 -0.020951
v 0.041111 -0.009528 -0.020399
v 0.041097 -0.010160 -0.020231
v 0.043248 -0.010624 -0.020616
v 0.042702 -0.010138 -0.020009
v 0.041097 -0.010160 -0.020231
v 0.042717 -0.009507 -0.020177
v 0.041111 -0.009528 -0.020399
v 0.042717 -0.009507 -0.020177
v 0.042702 -0.010138 -0.020009
v 0.042559 -0.009595 -0.020524
v 0.042991 -0.009203 -0.019012
v 0.043872 -0.008814 -0.018881
v 0.043189 -0.009432 -0.021267
v 0.044496 -0.009281 -0.019423
v 0.044063 -0.009673 -0.020934
v 0.044479 -0.010037 -0.019222
v 0.044046 -0.010429 -0.020733
v 0.043158 -0.010764 -0.020913
v 0.042559 -0.009595 -0.020524
v 0.042544 -0.010227 -0.020356
v 0.043841 -0.010146 -0.018527
v 0.042977 -0.009835 -0.018844
v 0.042544 -0.010227 -0.020356
v 0.042991 -0.009203 -0.019012
v 0.042559 -0.009595 -0.020524
v 0.042991 -0.009203 -0.019012
v 0.042977 -0.009835 -0.018844
v 0.043339 -0.015517 -0.018543
v 0.043171 -0.014799 -0.017057
v 0.043086 -0.015493 -0.016425
v 0.043315 -0.016408 -0.019045
v 0.042711 -0.016265 -0.016773
v 0.043131 -0.016633 -0.018808
v 0.043131 -0.016633 -0.018808
v 0.041986 -0.016040 -0.016963
v 0.042407 -0.016408 -0.018999
v 0.043315 -0.016408 -0.019045
v 0.042502 -0.016156 -0.019258
v 0.042407 -0.016408 -0.018999
v 0.041972 -0.015147 -0.016717
v 0.042502 -0.016156 -0.019258
v 0.042565 -0.014611 -0.017216
v 0.042733 -0.015329 -0.018702
v 0.043171 -0.014799 -0.017057
v 0.042733 -0.015329 -0.018702
v 0.043339 -0.015517 -0.018543
v 0.042502 -0.016156 -0.019258
v 0.043315 -0.016408 -0.019045
v 0.041972 -0.015147 -0.016717
v 0.043086 -0.015493 -0.016425
v 0.042711 -0.016265 -0.016773
v 0.041986 -0.016040 -0.016963
v 0.043105 -0.015109 -0.017172
v 0.043454 -0.013595 -0.016712
v 0.043651 -0.013817 -0.014928
v 0.043095 -0.015831 -0.016498
v 0.043037 -0.014120 -0.014665
v 0.042682 -0.015456 -0.015709
v 0.041944 -0.013781 -0.014952
v 0.041958 -0.015231 -0.015900
v 0.041818 -0.015435 -0.016834
v 0.043105 -0.015109 -0.017172
v 0.042499 -0.014921 -0.017332
v 0.041785 -0.013238 -0.015418
v 0.042848 -0.013407 -0.016872
v 0.042499 -0.014921 -0.017332
v 0.043454 -0.013595 -0.016712
v 0.043105 -0.015109 -0.017172
v 0.043454 -0.013595 -0.016712
v 0.042848 -0.013407 -0.016872
v 0.045155 -0.009359 -0.000709
v 0.044667 -0.002590 -0.003369
v 0.042947 -0.002893 -0.003824
v 0.044086 -0.008897 -0.001232
v 0.045521 -0.009769 -0.001820
v 0.045033 -0.003000 -0.004480
v 0.044667 -0.002590 -0.003369
v 0.045155 -0.009359 -0.000709
v 0.044452 -0.009307 -0.002343
v 0.043313 -0.003303 -0.004935
v 0.045033 -0.003000 -0.004480
v 0.045521 -0.009769 -0.001820
v 0.044086 -0.008897 -0.001232
v 0.042947 -0.002893 -0.003824
v 0.043313 -0.003303 -0.004935
v 0.044452 -0.009307 -0.002343
v 0.045521 -0.009769 -0.001820
v 0.045155 -0.009359 -0.000709
v 0.044086 -0.008897 -0.001232
v 0.044452 -0.009307 -0.002343
v 0.044667 -0.002590 -0.003369
v 0.045033 -0.003000 -0.004480
v 0.043313 -0.003303 -0.004935
v 0.042947 -0.002893 -0.003824
v 0.041533 -0.005297 0.010292
v 0.041045 0.001472 0.007632
v 0.039324 0.001169 0.007177
v 0.040464 -0.004835 0.009769
v 0.041899 -0.005708 0.009181
v 0.041410 0.001061 0.006521
v 0.041045 0.001472 0.007632
v 0.041533 -0.005297 0.010292
v 0.040829 -0.005246 0.008658
v 0.039690 0.000759 0.006066
v 0.041410 0.001061 0.006521
v 0.041899 -0.005708 0.009181
v 0.040464 -0.004835 0.009769
v 0.039324 0.001169 0.007177
v 0.039690 0.000759 0.006066
v 0.040829 -0.005246 0.008658
v 0.041899 -0.005708 0.009181
v 0.041533 -0.005297 0.010292
v 0.040464 -0.004835 0.009769
v 0.040829 -0.005246 0.008658
v 0.041045 0.001472 0.007632
v 0.041410 0.001061 0.006521
v 0.039690 0.000759 0.006066
v 0.039324 0.001169 0.007177
v 0.045254 0.007489 -0.012523
v 0.045663 0.008062 -0.013383
v 0.045968 0.007022 -0.013843
v 0.045434 0.008604 -0.012875
v 0.048960 -0.004940 -0.017181
v 0.043927 0.010433 -0.009356
v 0.044052 0.011946 -0.009873
v 0.043826 0.012421 -0.009335
v 0.043286 0.011453 -0.006644
v 0.036650 0.002225 0.024621
v 0.044221 -0.000336 -0.004594
v 0.042021 -0.009672 0.009948
v 0.038422 -0.000280 0.017919
v 0.039224 -0.005790 0.020218
v 0.046169 -0.013614 -0.000844
v 0.043113 -0.009480 0.010237
v 0.048960 -0.004940 -0.017181
v 0.045314 -0.000143 -0.004305
v 0.045768 0.007580 -0.012387
v 0.045968 0.007022 -0.013843
v 0.045663 0.008062 -0.013383
v 0.045434 0.008604 -0.012875
v 0.044052 0.011946 -0.009873
v 0.044390 0.010515 -0.009234
v 0.043826 0.012421 -0.009335
v 0.043286 0.011453 -0.006644
v 0.036650 0.002225 0.024621
v 0.039222 -0.000140 0.018131
v 0.039224 -0.005790 0.020218
v 0.046169 -0.013614 -0.000844
v 0.042021 -0.009672 0.009948
v 0.046169 -0.013614 -0.000844
v 0.043113 -0.009480 0.010237
v 0.039224 -0.005790 0.020218
v 0.040556 -0.002955 -0.012762
v 0.041065 -0.002563 -0.012739
v 0.041155 -0.002454 -0.013154
v 0.040452 -0.002996 -0.013186
v 0.040599 -0.003551 -0.012528
v 0.040511 -0.003821 -0.012862
v 0.041151 -0.003756 -0.012270
v 0.041274 -0.004105 -0.012506
v 0.041659 -0.003364 -0.012248
v 0.041978 -0.003563 -0.012474
v 0.041616 -0.002768 -0.012482
v 0.041918 -0.002738 -0.012798
v 0.041896 -0.003285 -0.015405
v 0.041193 -0.003827 -0.015437
v 0.041252 -0.004652 -0.015112
v 0.042015 -0.004936 -0.014757
v 0.042719 -0.004394 -0.014725
v 0.042660 -0.003569 -0.015049
v 0.041937 -0.003407 -0.015479
v 0.041304 -0.003895 -0.015508
v 0.041357 -0.004638 -0.015216
v 0.042045 -0.004893 -0.014895
v 0.042678 -0.004405 -0.014867
v 0.042625 -0.003662 -0.015159
v 0.041937 -0.003407 -0.015479
v 0.041991 -0.004150 -0.015187
v 0.041304 -0.003895 -0.015508
v 0.041357 -0.004638 -0.015216
v 0.042045 -0.004893 -0.014895
v 0.042678 -0.004405 -0.014867
v 0.042625 -0.003662 -0.015159
v 0.036720 -0.010133 0.001631
v 0.038515 -0.010450 0.002144
v 0.035728 -0.007325 0.010607
v 0.033863 -0.006930 0.010307
v 0.034874 -0.005602 0.012692
v 0.031786 -0.005894 0.010382
v 0.033599 -0.005294 0.012371
v 0.031606 -0.003954 0.012306
v 0.029919 -0.002956 0.010092
v 0.030117 -0.000476 0.012187
v 0.033183 -0.006615 0.000181
v 0.034821 -0.009297 0.001165
v 0.032884 -0.003368 -0.000733
v 0.029472 0.000458 0.009630
v 0.028735 0.004224 0.017607
v 0.034546 0.000702 -0.002038
v 0.031277 0.004367 0.007889
v 0.035637 0.001957 -0.002138
v 0.032378 0.005492 0.007837
v 0.029419 0.007397 0.016660
v 0.037236 0.003067 -0.002018
v 0.033969 0.006730 0.007903
v 0.030304 0.008554 0.016547
v 0.038949 0.002540 -0.001263
v 0.035690 0.006075 0.008712
v 0.040199 0.001697 -0.000544
v 0.036930 0.005362 0.009383
v 0.033267 0.008074 0.017678
v 0.038819 0.002103 0.012101
v 0.042231 -0.001723 0.001738
v 0.042586 -0.004960 0.002667
v 0.039323 -0.001301 0.012578
v 0.037363 0.000799 0.014102
v 0.037201 -0.002969 0.013785
v 0.041634 -0.008098 0.002966
v 0.038599 -0.004695 0.012182
v 0.040126 -0.009534 0.002532
v 0.037269 -0.006330 0.011207
v 0.034386 0.005218 0.019100
v 0.035971 -0.004876 0.012998
v 0.034874 -0.005602 0.012692
v 0.035728 -0.007325 0.010607
v 0.038515 -0.010450 0.002144
v 0.040317 -0.011729 -0.003814
v 0.041820 -0.010945 -0.003589
v 0.044100 -0.013312 -0.010559
v 0.042579 -0.014151 -0.010766
v 0.043295 -0.009764 -0.003520
v 0.045627 -0.012028 -0.010513
v 0.044311 -0.007268 -0.004137
v 0.046618 -0.009853 -0.010990
v 0.046389 -0.007046 -0.012102
v 0.044079 -0.004433 -0.005253
v 0.042149 -0.001234 -0.007057
v 0.043943 -0.004132 -0.013360
v 0.042819 -0.002844 -0.013209
v 0.041009 -0.000391 -0.007738
v 0.039461 0.000010 -0.008389
v 0.041947 -0.002010 -0.012831
v 0.038006 -0.000919 -0.008532
v 0.037023 -0.002136 -0.008412
v 0.035603 -0.005925 -0.007493
v 0.037836 -0.008551 -0.014363
v 0.035784 -0.008769 -0.006391
v 0.038013 -0.011367 -0.013265
v 0.039289 -0.013144 -0.012189
v 0.037116 -0.010851 -0.005153
v 0.040969 -0.013863 -0.011386
v 0.038731 -0.011489 -0.004405
v 0.042579 -0.014151 -0.010766
v 0.040317 -0.011729 -0.003814
v 0.039507 -0.004913 -0.014533
v 0.039934 -0.003352 -0.013971
v 0.040203 -0.002315 -0.013291
v 0.040988 -0.001840 -0.012943
v 0.030077 0.007654 0.022012
v 0.028735 0.004224 0.017607
v 0.031252 0.002351 0.012204
v 0.033121 0.004105 0.012860
v 0.034554 -0.001093 0.010899
v 0.035523 0.003103 0.013334
v 0.034386 0.005218 0.019100
v 0.030117 -0.000476 0.012187
v 0.031606 -0.003954 0.012306
v 0.033599 -0.005294 0.012371
v 0.034874 -0.005602 0.012692
v 0.035971 -0.004876 0.012998
v 0.037201 -0.002969 0.013785
v 0.037363 0.000799 0.014102
v 0.031381 0.007052 0.017480
v 0.030304 0.008554 0.016547
v 0.029419 0.007397 0.016660
v 0.029468 0.008273 0.019634
v 0.031228 0.009180 0.016643
v 0.032228 0.008893 0.017056
v 0.033267 0.008074 0.017678
v 0.031518 0.008634 0.020176
v 0.030236 0.008665 0.020736
v 0.042852 -0.013269 -0.012385
v 0.042579 -0.014151 -0.010766
v 0.040969 -0.013863 -0.011386
v 0.041803 -0.013164 -0.012613
v 0.043784 -0.012816 -0.012089
v 0.044100 -0.013312 -0.010559
v 0.042076 -0.009456 -0.011989
v 0.039981 -0.012157 -0.013061
v 0.039180 -0.010366 -0.013772
v 0.039289 -0.013144 -0.012189
v 0.038013 -0.011367 -0.013265
v 0.037836 -0.008551 -0.014363
v 0.039808 -0.008589 -0.014781
v 0.041681 -0.007570 -0.015877
v 0.042763 -0.007284 -0.016034
v 0.045165 -0.011244 -0.011691
v 0.045588 -0.009238 -0.012078
v 0.046618 -0.009853 -0.010990
v 0.045627 -0.012028 -0.010513
v 0.046389 -0.007046 -0.012102
v 0.044992 -0.007677 -0.013411
v 0.043662 -0.007221 -0.015353
v 0.043943 -0.004132 -0.013360
v 0.043164 -0.005807 -0.014646
v 0.042433 -0.006420 -0.015364
v 0.041296 -0.006136 -0.015139
v 0.041276 -0.003365 -0.013018
v 0.042819 -0.002844 -0.013209
v 0.041947 -0.002010 -0.012831
v 0.039507 -0.004913 -0.014533
v 0.039934 -0.003352 -0.013971
v 0.040203 -0.002315 -0.013291
v 0.040988 -0.001840 -0.012943
v 0.031518 0.008634 0.020176
v 0.030077 0.007654 0.022012
v 0.030236 0.008665 0.020736
v 0.029468 0.008273 0.019634
v 0.032228 0.008893 0.017056
v 0.031228 0.009180 0.016643
v -0.043376 -0.004594 -0.020699
v -0.042848 -0.005364 -0.021012
v -0.045819 -0.013007 -0.027457
v -0.047082 -0.013269 -0.028017
v -0.044194 -0.005134 -0.020604
v -0.047688 -0.012686 -0.026890
v -0.046019 -0.008906 -0.021265
v -0.047274 -0.011869 -0.023729
v -0.042930 -0.009437 -0.022201
v -0.044185 -0.012399 -0.024665
v -0.044185 -0.012399 -0.024665
v -0.045644 -0.011210 -0.024437
v -0.047082 -0.013269 -0.028017
v -0.045819 -0.013007 -0.027457
v -0.042930 -0.009437 -0.022201
v -0.044545 -0.008729 -0.022217
v -0.043376 -0.004594 -0.020699
v -0.042848 -0.005364 -0.021012
v -0.047274 -0.011869 -0.023729
v -0.047688 -0.012686 -0.026890
v -0.046019 -0.008906 -0.021265
v -0.044194 -0.005134 -0.020604
v -0.056586 -0.023529 -0.056183
v -0.047445 -0.016532 -0.034121
v -0.056401 -0.024644 -0.056589
v -0.047944 -0.015506 -0.033994
v -0.045973 -0.014287 -0.029823
v -0.045363 -0.012593 -0.026798
v -0.044511 -0.012535 -0.025182
v -0.044991 -0.014858 -0.028419
v -0.043302 -0.012383 -0.022329
v -0.049114 -0.015009 -0.033735
v -0.046997 -0.012473 -0.028188
v -0.057293 -0.023407 -0.055969
v -0.050322 -0.015097 -0.033273
v -0.058000 -0.023286 -0.055755
v -0.051096 -0.015905 -0.033015
v -0.058706 -0.024248 -0.055891
v -0.047563 -0.012216 -0.026131
v -0.049239 -0.013727 -0.028833
v -0.047340 -0.012049 -0.024325
v -0.049424 -0.014097 -0.027075
v -0.046698 -0.011800 -0.021299
v -0.044991 -0.014858 -0.028419
v -0.044780 -0.014894 -0.028483
v -0.045973 -0.014287 -0.029823
v -0.041287 -0.016851 -0.023032
v -0.041287 -0.016851 -0.023032
v -0.046868 -0.016090 -0.025714
v -0.056763 -0.025472 -0.057093
v -0.057857 -0.025299 -0.056757
v -0.058948 -0.025097 -0.056431
v -0.050025 -0.015352 -0.020384
v -0.059092 -0.024315 -0.056158
v -0.051342 -0.016011 -0.032765
v -0.049636 -0.014061 -0.027011
v -0.049239 -0.013727 -0.028833
v -0.056264 -0.024801 -0.057015
v -0.047149 -0.016731 -0.034035
v -0.044780 -0.014894 -0.028483
v -0.045973 -0.014287 -0.029823
v -0.057355 -0.023704 -0.056006
v -0.057293 -0.023407 -0.055969
v -0.056586 -0.023529 -0.056183
v -0.056840 -0.023806 -0.056202
v -0.058000 -0.023286 -0.055755
v -0.057896 -0.023625 -0.055882
v -0.057554 -0.024446 -0.056240
v -0.058706 -0.024248 -0.055891
v -0.058571 -0.024836 -0.056023
v -0.057675 -0.025001 -0.056326
v -0.056758 -0.025147 -0.056572
v -0.056401 -0.024644 -0.056589
v -0.049636 -0.014061 -0.027011
v -0.049424 -0.014097 -0.027075
v -0.049239 -0.013727 -0.028833
v -0.050025 -0.015352 -0.020384
v -0.051342 -0.016011 -0.032765
v -0.051096 -0.015905 -0.033015
v -0.058706 -0.024248 -0.055891
v -0.059092 -0.024315 -0.056158
v -0.058831 -0.024360 -0.056237
v -0.050025 -0.015352 -0.020384
v -0.046868 -0.016090 -0.025714
v -0.049424 -0.014097 -0.027075
v -0.047208 -0.014477 -0.027747
v -0.046868 -0.016090 -0.025714
v -0.044991 -0.014858 -0.028419
v -0.041287 -0.016851 -0.023032
v -0.043302 -0.012383 -0.022329
v -0.044511 -0.012535 -0.025182
v -0.045011 -0.012257 -0.021756
v -0.045363 -0.012593 -0.026798
v -0.046997 -0.012473 -0.028188
v -0.047563 -0.012216 -0.026131
v -0.047340 -0.012049 -0.024325
v -0.046698 -0.011800 -0.021299
v -0.044991 -0.014858 -0.028419
v -0.043302 -0.012383 -0.022329
v -0.045011 -0.012257 -0.021756
v -0.047208 -0.014477 -0.027747
v -0.046698 -0.011800 -0.021299
v -0.049424 -0.014097 -0.027075
v -0.049239 -0.013727 -0.028833
v -0.051096 -0.015905 -0.033015
v -0.051342 -0.016011 -0.032765
v -0.058831 -0.024360 -0.056237
v -0.058696 -0.024948 -0.056369
v -0.058948 -0.025097 -0.056431
v -0.059092 -0.024315 -0.056158
v -0.057799 -0.025113 -0.056673
v -0.057857 -0.025299 -0.056757
v -0.056763 -0.025472 -0.057093
v -0.056882 -0.025259 -0.056919
v -0.056525 -0.024756 -0.056936
v -0.056264 -0.024801 -0.057015
v -0.058831 -0.024360 -0.056237
v -0.058706 -0.024248 -0.055891
v -0.058571 -0.024836 -0.056023
v -0.058696 -0.024948 -0.056369
v -0.056882 -0.025259 -0.056919
v -0.056758 -0.025147 -0.056572
v -0.056401 -0.024644 -0.056589
v -0.056525 -0.024756 -0.056936
v -0.058696 -0.024948 -0.056369
v -0.058571 -0.024836 -0.056023
v -0.057675 -0.025001 -0.056326
v -0.057799 -0.025113 -0.056673
v -0.056758 -0.025147 -0.056572
v -0.056882 -0.025259 -0.056919
v -0.056525 -0.024756 -0.056936
v -0.056401 -0.024644 -0.056589
v -0.056264 -0.024801 -0.057015
v -0.047149 -0.016731 -0.034035
v -0.047445 -0.016532 -0.034121
v -0.047445 -0.016532 -0.034121
v -0.045973 -0.014287 -0.029823
v -0.047149 -0.016731 -0.034035
v -0.044154 -0.010048 -0.003591
v -0.040259 -0.008963 -0.007943
v -0.042024 -0.008289 -0.006790
v -0.040356 -0.006363 -0.009733
v -0.038047 -0.008972 -0.007995
v -0.035187 -0.011587 -0.006309
v -0.039759 -0.010119 -0.005637
v -0.044339 -0.009812 -0.015337
v -0.045395 -0.010764 -0.018283
v -0.045919 -0.011595 -0.017058
v -0.042024 -0.008289 -0.006790
v -0.048484 -0.014287 -0.018238
v -0.044154 -0.010048 -0.003591
v -0.042278 -0.007733 -0.012609
v -0.040356 -0.006363 -0.009733
v -0.041321 -0.007287 -0.012394
v -0.040823 -0.007982 -0.013050
v -0.038047 -0.008972 -0.007995
v -0.041320 -0.010330 -0.016252
v -0.041557 -0.012343 -0.018380
v -0.042376 -0.011282 -0.019198
v -0.041010 -0.015570 -0.020504
v -0.035187 -0.011587 -0.006309
v -0.046807 -0.013946 -0.018051
v -0.044154 -0.010048 -0.003591
v -0.048484 -0.014287 -0.018238
v -0.039759 -0.010119 -0.005637
v -0.045206 -0.014004 -0.018606
v -0.044733 -0.014164 -0.019759
v -0.043690 -0.014264 -0.019066
v -0.035187 -0.011587 -0.006309
v -0.042118 -0.014751 -0.019472
v -0.041010 -0.015570 -0.020504
v -0.041557 -0.012343 -0.018380
v -0.042118 -0.014751 -0.019472
v -0.043690 -0.014264 -0.019066
v -0.041730 -0.010783 -0.015959
v -0.041010 -0.015570 -0.020504
v -0.042829 -0.010071 -0.015795
v -0.044733 -0.014164 -0.019759
v -0.045206 -0.014004 -0.018606
v -0.043997 -0.010394 -0.015272
v -0.045919 -0.011595 -0.017058
v -0.046807 -0.013946 -0.018051
v -0.048484 -0.014287 -0.018238
v -0.042376 -0.011282 -0.019198
v -0.041320 -0.010330 -0.016252
v -0.041321 -0.007287 -0.012394
v -0.040823 -0.007982 -0.013050
v -0.044339 -0.009812 -0.015337
v -0.042278 -0.007733 -0.012609
v -0.045395 -0.010764 -0.018283
v -0.044877 -0.016554 -0.026600
v -0.043171 -0.015220 -0.022019
v -0.044352 -0.015017 -0.021661
v -0.045912 -0.016377 -0.026286
v -0.044301 -0.015748 -0.027067
v -0.042512 -0.014300 -0.022552
v -0.044759 -0.014765 -0.027221
v -0.043035 -0.013177 -0.022728
v -0.045793 -0.014587 -0.026907
v -0.044217 -0.012974 -0.022370
v -0.046477 -0.015375 -0.026407
v -0.045107 -0.013855 -0.021766
v -0.043739 -0.014369 -0.020639
v -0.042901 -0.014513 -0.020893
v -0.042434 -0.013861 -0.021272
v -0.042805 -0.013065 -0.021396
v -0.043642 -0.012921 -0.021142
v -0.044109 -0.013573 -0.020764
v -0.046485 -0.016825 -0.028449
v -0.046823 -0.016100 -0.028562
v -0.046397 -0.015506 -0.028907
v -0.045634 -0.015637 -0.029138
v -0.047677 -0.017872 -0.031973
v -0.047970 -0.017242 -0.032071
v -0.047600 -0.016725 -0.032371
v -0.046937 -0.016839 -0.032572
v -0.045297 -0.016362 -0.029024
v -0.045722 -0.016956 -0.028680
v -0.046644 -0.017469 -0.032473
v -0.047014 -0.017986 -0.032174
v -0.042405 -0.014370 -0.019755
v -0.043468 -0.014188 -0.019432
v -0.041812 -0.013542 -0.020235
v -0.042283 -0.012532 -0.020393
v -0.043346 -0.012349 -0.020071
v -0.043939 -0.013177 -0.019590
v -0.042168 -0.012901 -0.016636
v -0.041519 -0.013012 -0.016833
v -0.041157 -0.012507 -0.017126
v -0.041444 -0.011889 -0.017223
v -0.042094 -0.011778 -0.017026
v -0.042456 -0.012284 -0.016732
v -0.048015 -0.016016 -0.025649
v -0.046321 -0.014680 -0.021064
v -0.047503 -0.014477 -0.020706
v -0.049050 -0.015838 -0.025335
v -0.047337 -0.015227 -0.026147
v -0.045438 -0.013798 -0.021666
v -0.047896 -0.014226 -0.026270
v -0.046186 -0.012637 -0.021773
v -0.048931 -0.014049 -0.025956
v -0.047367 -0.012434 -0.021415
v -0.049508 -0.014855 -0.025489
v -0.048026 -0.013354 -0.020882
v -0.046889 -0.013829 -0.019685
v -0.046052 -0.013972 -0.019938
v -0.045585 -0.013320 -0.020317
v -0.045955 -0.012524 -0.020441
v -0.046793 -0.012380 -0.020187
v -0.047260 -0.013033 -0.019809
v -0.049635 -0.016284 -0.027494
v -0.049973 -0.015559 -0.027607
v -0.049548 -0.014965 -0.027952
v -0.048785 -0.015096 -0.028183
v -0.050827 -0.017331 -0.031018
v -0.051121 -0.016701 -0.031117
v -0.050751 -0.016185 -0.031416
v -0.050088 -0.016298 -0.031617
v -0.048447 -0.015821 -0.028070
v -0.048873 -0.016415 -0.027725
v -0.049795 -0.016929 -0.031518
v -0.050164 -0.017445 -0.031219
v -0.045556 -0.013830 -0.018800
v -0.046619 -0.013647 -0.018478
v -0.044963 -0.013001 -0.019280
v -0.045433 -0.011991 -0.019438
v -0.046497 -0.011809 -0.019116
v -0.047089 -0.012637 -0.018636
v -0.045319 -0.012360 -0.015681
v -0.044669 -0.012472 -0.015878
v -0.044307 -0.011966 -0.016171
v -0.044594 -0.011349 -0.016268
v -0.045244 -0.011237 -0.016071
v -0.045606 -0.011743 -0.015778
v -0.049407 -0.016629 -0.030874
v -0.049152 -0.015989 -0.031172
v -0.047999 -0.016187 -0.031522
v -0.047833 -0.016899 -0.031351
v -0.043351 -0.011168 -0.013983
v -0.049407 -0.016629 -0.030874
v -0.047833 -0.016899 -0.031351
v -0.041776 -0.011438 -0.014460
v -0.041956 -0.010934 -0.014558
v -0.043109 -0.010736 -0.014209
v -0.043351 -0.011168 -0.013983
v -0.041776 -0.011438 -0.014460
v -0.046830 -0.013569 -0.024884
v -0.045407 -0.012286 -0.020914
v -0.044254 -0.012484 -0.021263
v -0.045677 -0.013767 -0.025233
v -0.046830 -0.013569 -0.024884
v -0.046971 -0.013181 -0.025568
v -0.049407 -0.016629 -0.030874
v -0.049152 -0.015989 -0.031172
v -0.045407 -0.012286 -0.020914
v -0.043351 -0.011168 -0.013983
v -0.043734 -0.011300 -0.015951
v -0.045369 -0.011337 -0.021326
v -0.045156 -0.010640 -0.021016
v -0.043109 -0.010736 -0.014209
v -0.045390 -0.011161 -0.021494
v -0.044646 -0.010498 -0.021549
v -0.044888 -0.010976 -0.022076
v -0.044003 -0.010838 -0.021366
v -0.044237 -0.011359 -0.021844
v -0.044216 -0.011535 -0.021676
v -0.042581 -0.011497 -0.016300
v -0.044254 -0.012484 -0.021263
v -0.041776 -0.011438 -0.014460
v -0.041956 -0.010934 -0.014558
v -0.045677 -0.013767 -0.025233
v -0.047833 -0.016899 -0.031351
v -0.045818 -0.013379 -0.025918
v -0.047999 -0.016187 -0.031522
v -0.047999 -0.016187 -0.031522
v -0.049152 -0.015989 -0.031172
v -0.046971 -0.013181 -0.025568
v -0.045818 -0.013379 -0.025918
v -0.045156 -0.010640 -0.021016
v -0.043734 -0.011300 -0.015951
v -0.042581 -0.011497 -0.016300
v -0.044003 -0.010838 -0.021366
v -0.044646 -0.010498 -0.021549
v -0.043734 -0.011300 -0.015951
v -0.043109 -0.010736 -0.014209
v -0.041956 -0.010934 -0.014558
v -0.042581 -0.011497 -0.016300
v -0.045818 -0.013379 -0.025918
v -0.046971 -0.013181 -0.025568
v -0.046830 -0.013569 -0.024884
v -0.045677 -0.013767 -0.025233
v -0.044254 -0.012484 -0.021263
v -0.045407 -0.012286 -0.020914
v -0.045369 -0.011337 -0.021326
v -0.044216 -0.011535 -0.021676
v -0.045369 -0.011337 -0.021326
v -0.045390 -0.011161 -0.021494
v -0.044237 -0.011359 -0.021844
v -0.044216 -0.011535 -0.021676
v -0.044888 -0.010976 -0.022076
v -0.046053 -0.012768 -0.023446
v -0.046402 -0.013385 -0.025707
v -0.046687 -0.013929 -0.024881
v -0.046221 -0.013509 -0.023580
v -0.044810 -0.010945 -0.021836
v -0.045148 -0.011094 -0.021410
v -0.046402 -0.013385 -0.025707
v -0.045264 -0.012903 -0.023685
v -0.045432 -0.013645 -0.023819
v -0.045899 -0.014065 -0.025120
v -0.044360 -0.011229 -0.021648
v -0.044810 -0.010945 -0.021836
v -0.045148 -0.011094 -0.021410
v -0.046053 -0.012768 -0.023446
v -0.045264 -0.012903 -0.023685
v -0.044360 -0.011229 -0.021648
v -0.046053 -0.012768 -0.023446
v -0.046221 -0.013509 -0.023580
v -0.045432 -0.013645 -0.023819
v -0.045264 -0.012903 -0.023685
v -0.043484 -0.004571 -0.011808
v -0.043826 -0.006275 -0.011134
v -0.042640 -0.004717 -0.012063
v -0.041626 -0.005730 -0.012099
v -0.041339 -0.006702 -0.011887
v -0.041747 -0.007555 -0.011465
v -0.042872 -0.008201 -0.010853
v -0.043713 -0.008020 -0.010610
v -0.045674 -0.005020 -0.018666
v -0.044373 -0.004371 -0.014720
v -0.045443 -0.004948 -0.018415
v -0.044023 -0.005135 -0.018682
v -0.041856 -0.005699 -0.015193
v -0.042640 -0.004717 -0.012063
v -0.041626 -0.005730 -0.012099
v -0.043484 -0.004571 -0.011808
v -0.044250 -0.004691 -0.013247
v -0.046077 -0.005626 -0.018683
v -0.045674 -0.005020 -0.018666
v -0.046080 -0.011140 -0.016542
v -0.046408 -0.010612 -0.016952
v -0.045850 -0.011068 -0.016291
v -0.045443 -0.004948 -0.018415
v -0.045196 -0.011109 -0.016421
v -0.044023 -0.005135 -0.018682
v -0.044255 -0.010645 -0.016817
v -0.045196 -0.011109 -0.016421
v -0.044429 -0.010320 -0.014337
v -0.045850 -0.011068 -0.016291
v -0.044732 -0.009779 -0.012843
v -0.046080 -0.011140 -0.016542
v -0.042098 -0.009336 -0.013931
v -0.042872 -0.008201 -0.010853
v -0.041747 -0.007555 -0.011465
v -0.044255 -0.010645 -0.016817
v -0.043713 -0.008020 -0.010610
v -0.044518 -0.008724 -0.011847
v -0.046077 -0.005626 -0.018683
v -0.046107 -0.005359 -0.017584
v -0.045674 -0.005020 -0.018666
v -0.046408 -0.010612 -0.016952
v -0.046438 -0.010341 -0.015855
v -0.046080 -0.011140 -0.016542
v -0.044373 -0.004371 -0.014720
v -0.045128 -0.004871 -0.014288
v -0.045421 -0.009277 -0.012758
v -0.044250 -0.004691 -0.013247
v -0.044518 -0.008724 -0.011847
v -0.044732 -0.009779 -0.012843
v -0.041856 -0.005699 -0.015193
v -0.042098 -0.009336 -0.013931
v -0.044255 -0.010645 -0.016817
v -0.044023 -0.005135 -0.018682
v -0.041339 -0.006702 -0.011887
v -0.041626 -0.005730 -0.012099
v -0.041747 -0.007555 -0.011465
v -0.043826 -0.006275 -0.011134
v -0.044250 -0.004691 -0.013247
v -0.044518 -0.008724 -0.011847
v -0.043484 -0.004571 -0.011808
v -0.043713 -0.008020 -0.010610
v -0.044925 -0.010599 -0.018665
v -0.045801 -0.010292 -0.019003
v -0.044970 -0.009464 -0.016730
v -0.044399 -0.010074 -0.017225
v -0.045869 -0.009762 -0.016801
v -0.046396 -0.010287 -0.018241
v -0.045909 -0.010491 -0.016521
v -0.046436 -0.011016 -0.017961
v -0.045872 -0.011578 -0.018509
v -0.044925 -0.010599 -0.018665
v -0.044959 -0.011209 -0.018431
v -0.045041 -0.010749 -0.016236
v -0.044432 -0.010684 -0.016991
v -0.044959 -0.011209 -0.018431
v -0.044399 -0.010074 -0.017225
v -0.044925 -0.010599 -0.018665
v -0.044399 -0.010074 -0.017225
v -0.044432 -0.010684 -0.016991
v -0.044499 -0.011798 -0.021721
v -0.044573 -0.012054 -0.022709
v -0.046205 -0.011019 -0.020703
v -0.045341 -0.011245 -0.020403
v -0.046480 -0.011511 -0.021437
v -0.044941 -0.012103 -0.022756
v -0.044941 -0.012103 -0.022756
v -0.046520 -0.012241 -0.021157
v -0.044981 -0.012832 -0.022475
v -0.044573 -0.012054 -0.022709
v -0.044618 -0.012872 -0.022394
v -0.044981 -0.012832 -0.022475
v -0.046267 -0.012140 -0.020272
v -0.044618 -0.012872 -0.022394
v -0.045374 -0.011854 -0.020168
v -0.044533 -0.012408 -0.021486
v -0.045341 -0.011245 -0.020403
v -0.044533 -0.012408 -0.021486
v -0.044499 -0.011798 -0.021721
v -0.044618 -0.012872 -0.022394
v -0.044573 -0.012054 -0.022709
v -0.046267 -0.012140 -0.020272
v -0.046205 -0.011019 -0.020703
v -0.046480 -0.011511 -0.021437
v -0.046520 -0.012241 -0.021157
v -0.045426 -0.011324 -0.020620
v -0.046277 -0.011050 -0.021041
v -0.045696 -0.010241 -0.018684
v -0.045056 -0.010775 -0.019141
v -0.046570 -0.010514 -0.018859
v -0.046940 -0.011063 -0.020338
v -0.046610 -0.011244 -0.018578
v -0.046980 -0.011792 -0.020057
v -0.046348 -0.012335 -0.020546
v -0.045426 -0.011324 -0.020620
v -0.045460 -0.011933 -0.020386
v -0.045760 -0.011412 -0.018233
v -0.045089 -0.011385 -0.018906
v -0.045460 -0.011933 -0.020386
v -0.045056 -0.010775 -0.019141
v -0.045426 -0.011324 -0.020620
v -0.045056 -0.010775 -0.019141
v -0.045089 -0.011385 -0.018906
v -0.042872 -0.008521 -0.019063
v -0.041866 -0.008372 -0.019174
v -0.044136 -0.008503 -0.020782
v -0.044310 -0.008683 -0.019873
v -0.043269 -0.008701 -0.021037
v -0.041807 -0.008458 -0.019533
v -0.041807 -0.008458 -0.019533
v -0.043231 -0.009478 -0.020948
v -0.041770 -0.009235 -0.019444
v -0.041866 -0.008372 -0.019174
v -0.041824 -0.009243 -0.019074
v -0.041770 -0.009235 -0.019444
v -0.044078 -0.009696 -0.020645
v -0.041824 -0.009243 -0.019074
v -0.044279 -0.009332 -0.019799
v -0.042841 -0.009170 -0.018989
v -0.044310 -0.008683 -0.019873
v -0.042841 -0.009170 -0.018989
v -0.042872 -0.008521 -0.019063
v -0.041824 -0.009243 -0.019074
v -0.041866 -0.008372 -0.019174
v -0.044078 -0.009696 -0.020645
v -0.044136 -0.008503 -0.020782
v -0.043269 -0.008701 -0.021037
v -0.043231 -0.009478 -0.020948
v -0.043645 -0.008680 -0.020122
v -0.043916 -0.008433 -0.021040
v -0.045626 -0.008359 -0.019138
v -0.044730 -0.008595 -0.018922
v -0.045890 -0.008705 -0.019962
v -0.044805 -0.008790 -0.021163
v -0.045853 -0.009482 -0.019873
v -0.044768 -0.009567 -0.021074
v -0.043850 -0.009801 -0.020883
v -0.043645 -0.008680 -0.020122
v -0.043614 -0.009329 -0.020048
v -0.045565 -0.009606 -0.018995
v -0.044699 -0.009244 -0.018847
v -0.043614 -0.009329 -0.020048
v -0.044730 -0.008595 -0.018922
v -0.043645 -0.008680 -0.020122
v -0.044730 -0.008595 -0.018922
v -0.044699 -0.009244 -0.018847
v -0.044823 -0.008631 -0.019203
v -0.045731 -0.008340 -0.019460
v -0.044946 -0.008025 -0.017047
v -0.044326 -0.008432 -0.017674
v -0.045812 -0.008385 -0.017196
v -0.046310 -0.008584 -0.018726
v -0.045774 -0.009161 -0.017107
v -0.046272 -0.009360 -0.018637
v -0.045665 -0.009708 -0.019304
v -0.044823 -0.008631 -0.019203
v -0.044792 -0.009280 -0.019129
v -0.044880 -0.009393 -0.016890
v -0.044294 -0.009081 -0.017600
v -0.044792 -0.009280 -0.019129
v -0.044326 -0.008432 -0.017674
v -0.044823 -0.008631 -0.019203
v -0.044326 -0.008432 -0.017674
v -0.044294 -0.009081 -0.017600
v -0.042376 -0.007286 -0.018273
v -0.041443 -0.007248 -0.017855
v -0.042591 -0.007108 -0.020389
v -0.043215 -0.007280 -0.019704
v -0.041735 -0.007398 -0.020187
v -0.041219 -0.007335 -0.018141
v -0.041219 -0.007335 -0.018141
v -0.041816 -0.008175 -0.020143
v -0.041300 -0.008112 -0.018097
v -0.041443 -0.007248 -0.017855
v -0.041535 -0.008119 -0.017805
v -0.041300 -0.008112 -0.018097
v -0.042716 -0.008302 -0.020320
v -0.041535 -0.008119 -0.017805
v -0.043284 -0.007929 -0.019667
v -0.042444 -0.007935 -0.018236
v -0.043215 -0.007280 -0.019704
v -0.042444 -0.007935 -0.018236
v -0.042376 -0.007286 -0.018273
v -0.041535 -0.008119 -0.017805
v -0.041443 -0.007248 -0.017855
v -0.042716 -0.008302 -0.020320
v -0.042591 -0.007108 -0.020389
v -0.041735 -0.007398 -0.020187
v -0.041816 -0.008175 -0.020143
v -0.042518 -0.007346 -0.019585
v -0.042265 -0.007060 -0.020496
v -0.044688 -0.006822 -0.019707
v -0.044049 -0.007157 -0.019087
v -0.044529 -0.007127 -0.020574
v -0.042998 -0.007316 -0.021071
v -0.044611 -0.007904 -0.020529
v -0.043080 -0.008093 -0.021027
v -0.042409 -0.008429 -0.020418
v -0.042518 -0.007346 -0.019585
v -0.042587 -0.007996 -0.019548
v -0.044819 -0.008069 -0.019636
v -0.044117 -0.007806 -0.019050
v -0.042587 -0.007996 -0.019548
v -0.044049 -0.007157 -0.019087
v -0.042518 -0.007346 -0.019585
v -0.044049 -0.007157 -0.019087
v -0.044117 -0.007806 -0.019050
v -0.043948 -0.007192 -0.019511
v -0.044671 -0.006781 -0.020044
v -0.044748 -0.006627 -0.017492
v -0.043997 -0.007094 -0.017894
v -0.045541 -0.006871 -0.017954
v -0.045492 -0.006968 -0.019571
v -0.045623 -0.007647 -0.017910
v -0.045574 -0.007745 -0.019527
v -0.044815 -0.008150 -0.019966
v -0.043948 -0.007192 -0.019511
v -0.044016 -0.007841 -0.019474
v -0.044892 -0.007996 -0.017414
v -0.044065 -0.007743 -0.017857
v -0.044016 -0.007841 -0.019474
v -0.043997 -0.007094 -0.017894
v -0.043948 -0.007192 -0.019511
v -0.043997 -0.007094 -0.017894
v -0.044065 -0.007743 -0.017857
v -0.042170 -0.005980 -0.017678
v -0.041385 -0.006011 -0.017022
v -0.041795 -0.005684 -0.019758
v -0.042588 -0.005858 -0.019279
v -0.041036 -0.006026 -0.019352
v -0.041095 -0.006094 -0.017243
v -0.041095 -0.006094 -0.017243
v -0.041154 -0.006799 -0.019380
v -0.041212 -0.006868 -0.017271
v -0.041385 -0.006011 -0.017022
v -0.041517 -0.006877 -0.017054
v -0.041212 -0.006868 -0.017271
v -0.041975 -0.006872 -0.019801
v -0.041517 -0.006877 -0.017054
v -0.042685 -0.006505 -0.019303
v -0.042268 -0.006627 -0.017702
v -0.042588 -0.005858 -0.019279
v -0.042268 -0.006627 -0.017702
v -0.042170 -0.005980 -0.017678
v -0.041517 -0.006877 -0.017054
v -0.041385 -0.006011 -0.017022
v -0.041975 -0.006872 -0.019801
v -0.041795 -0.005684 -0.019758
v -0.041036 -0.006026 -0.019352
v -0.041154 -0.006799 -0.019380
v -0.042085 -0.005944 -0.019013
v -0.041453 -0.005648 -0.019712
v -0.043970 -0.005316 -0.020037
v -0.043674 -0.005696 -0.019218
v -0.043461 -0.005607 -0.020762
v -0.041872 -0.005855 -0.020558
v -0.043578 -0.006380 -0.020791
v -0.041989 -0.006628 -0.020586
v -0.041660 -0.007010 -0.019762
v -0.042085 -0.005944 -0.019013
v -0.042183 -0.006591 -0.019037
v -0.044158 -0.006557 -0.020083
v -0.043772 -0.006342 -0.019241
v -0.042183 -0.006591 -0.019037
v -0.043674 -0.005696 -0.019218
v -0.042085 -0.005944 -0.019013
v -0.043674 -0.005696 -0.019218
v -0.043772 -0.006342 -0.019241
v -0.043324 -0.005732 -0.019673
v -0.043860 -0.005259 -0.020354
v -0.044624 -0.005233 -0.017913
v -0.043808 -0.005716 -0.018126
v -0.045269 -0.005412 -0.018586
v -0.044786 -0.005429 -0.020133
v -0.045387 -0.006185 -0.018615
v -0.044903 -0.006202 -0.020162
v -0.044067 -0.006621 -0.020404
v -0.043324 -0.005732 -0.019673
v -0.043422 -0.006378 -0.019697
v -0.044830 -0.006595 -0.017963
v -0.043906 -0.006362 -0.018150
v -0.043422 -0.006378 -0.019697
v -0.043808 -0.005716 -0.018126
v -0.043324 -0.005732 -0.019673
v -0.043808 -0.005716 -0.018126
v -0.043906 -0.006362 -0.018150
v -0.043348 -0.010045 -0.018355
v -0.043004 -0.010209 -0.019304
v -0.042321 -0.010912 -0.016698
v -0.043053 -0.010320 -0.016746
v -0.041744 -0.010843 -0.017418
v -0.042646 -0.010305 -0.019249
v -0.042646 -0.010305 -0.019249
v -0.041456 -0.010119 -0.017347
v -0.042359 -0.009581 -0.019178
v -0.043004 -0.010209 -0.019304
v -0.042681 -0.009397 -0.019225
v -0.042359 -0.009581 -0.019178
v -0.041879 -0.009799 -0.016589
v -0.042681 -0.009397 -0.019225
v -0.042812 -0.009715 -0.016686
v -0.043107 -0.009440 -0.018296
v -0.043053 -0.010320 -0.016746
v -0.043107 -0.009440 -0.018296
v -0.043348 -0.010045 -0.018355
v -0.042681 -0.009397 -0.019225
v -0.043004 -0.010209 -0.019304
v -0.041879 -0.009799 -0.016589
v -0.042321 -0.010912 -0.016698
v -0.041744 -0.010843 -0.017418
v -0.041456 -0.010119 -0.017347
v -0.042736 -0.010399 -0.017219
v -0.042093 -0.011077 -0.016899
v -0.043671 -0.010998 -0.014816
v -0.043995 -0.009991 -0.016284
v -0.042999 -0.010839 -0.014572
v -0.041962 -0.010900 -0.015958
v -0.042565 -0.009746 -0.014465
v -0.041674 -0.010175 -0.015887
v -0.041586 -0.009801 -0.016774
v -0.042736 -0.010399 -0.017219
v -0.042496 -0.009794 -0.017160
v -0.042931 -0.009134 -0.014634
v -0.043755 -0.009386 -0.016225
v -0.042496 -0.009794 -0.017160
v -0.043995 -0.009991 -0.016284
v -0.042736 -0.010399 -0.017219
v -0.043995 -0.009991 -0.016284
v -0.043755 -0.009386 -0.016225
v -0.043191 -0.006500 -0.012539
v -0.043191 -0.006500 -0.012539
v -0.043191 -0.006500 -0.012539
v -0.043191 -0.006500 -0.012539
v -0.043191 -0.006500 -0.012539
v -0.043191 -0.006500 -0.012539
v -0.043191 -0.006500 -0.012539
v -0.043191 -0.006500 -0.012539
v -0.043191 -0.006500 -0.012539
v -0.043191 -0.006500 -0.012539
v -0.043191 -0.006500 -0.012539
v -0.043191 -0.006500 -0.012539
v -0.043191 -0.006500 -0.012539
v -0.043191 -0.006500 -0.012539
v -0.043191 -0.006500 -0.012539
v -0.043191 -0.006500 -0.012539
v -0.043191 -0.006500 -0.012539
v -0.043191 -0.006500 -0.012539
v -0.043191 -0.006500 -0.012539
v -0.043191 -0.006500 -0.012539
v -0.043191 -0.006500 -0.012539
v -0.043191 -0.006500 -0.012539
v -0.043191 -0.006500 -0.012539
v -0.043191 -0.006500 -0.012539
v -0.043191 -0.006500 -0.012539
v -0.043191 -0.006500 -0.012539
v -0.043191 -0.006500 -0.012539
v -0.043191 -0.006500 -0.012539
v -0.043191 -0.006500 -0.012539
v -0.043191 -0.006500 -0.012539
v -0.043191 -0.006500 -0.012539
v -0.043191 -0.006500 -0.012539
v -0.043191 -0.006500 -0.012539
v -0.043191 -0.006500 -0.012539
v -0.043191 -0.006500 -0.012539
v -0.043191 -0.006500 -0.012539
v -0.043191 -0.006500 -0.012539
v -0.043191 -0.006500 -0.012539
v -0.043191 -0.006500 -0.012539
v -0.043191 -0.006500 -0.012539
v -0.043191 -0.006500 -0.012539
v -0.043191 -0.006500 -0.012539
v -0.043191 -0.006500 -0.012539
v -0.043191 -0.006500 -0.012539
v -0.043191 -0.006500 -0.012539
v -0.043191 -0.006500 -0.012539
v -0.043191 -0.006500 -0.012539
v -0.043191 -0.006500 -0.012539
v -0.043191 -0.006500 -0.012539
v -0.043191 -0.006500 -0.012539
v -0.043191 -0.006500 -0.012539
v -0.043191 -0.006500 -0.012539
v -0.043191 -0.006500 -0.012539
v -0.043191 -0.006500 -0.012539
v -0.043191 -0.006500 -0.012539
v -0.043191 -0.006500 -0.012539
v -0.043191 -0.006500 -0.012539
v -0.043191 -0.006500 -0.012539
v -0.043191 -0.006500 -0.012539
v -0.043191 -0.006500 -0.012539
v -0.043191 -0.006500 -0.012539
v -0.043191 -0.006500 -0.012539
v -0.043191 -0.006500 -0.012539
v -0.043191 -0.006500 -0.012539
v -0.043191 -0.006500 -0.012539
v -0.043191 -0.006500 -0.012539
v -0.043191 -0.006500 -0.012539
v -0.043191 -0.006500 -0.012539
v -0.043191 -0.006500 -0.012539
v -0.043191 -0.006500 -0.012539
v -0.043191 -0.006500 -0.012539
v -0.043191 -0.006500 -0.012539
v -0.043191 -0.006500 -0.012539
v -0.043191 -0.006500 -0.012539
v -0.043191 -0.006500 -0.012539
v -0.043191 -0.006500 -0.012539
v -0.043191 -0.006500 -0.012539
v -0.043191 -0.006500 -0.012539
v -0.043191 -0.006500 -0.012539
v -0.043191 -0.006500 -0.012539
v -0.043191 -0.006500 -0.012539
v -0.043191 -0.006500 -0.012539
v -0.043191 -0.006500 -0.012539
v -0.043191 -0.006500 -0.012539
v -0.043191 -0.006500 -0.012539
v -0.043191 -0.006500 -0.012539
v -0.043191 -0.006500 -0.012539
v -0.043191 -0.006500 -0.012539
v -0.043191 -0.006500 -0.012539
v -0.043191 -0.006500 -0.012539
v -0.043191 -0.006500 -0.012539
v -0.043191 -0.006500 -0.012539
v -0.043191 -0.006500 -0.012539
v -0.043191 -0.006500 -0.012539
v -0.043191 -0.006500 -0.012539
v -0.043191 -0.006500 -0.012539
v -0.043191 -0.006500 -0.012539
v -0.043191 -0.006500 -0.012539
v -0.043191 -0.006500 -0.012539
v -0.043191 -0.006500 -0.012539
v -0.043191 -0.006500 -0.012539
v -0.043191 -0.006500 -0.012539
v -0.043191 -0.006500 -0.012539
v -0.043191 -0.006500 -0.012539
v -0.043191 -0.006500 -0.012539
v -0.043191 -0.006500 -0.012539
v -0.043191 -0.006500 -0.012539
v -0.043191 -0.006500 -0.012539
v -0.043191 -0.006500 -0.012539
v -0.043191 -0.006500 -0.012539
v -0.043191 -0.006500 -0.012539
v -0.043191 -0.006500 -0.012539
v -0.043191 -0.006500 -0.012539
v -0.043191 -0.006500 -0.012539
v -0.043191 -0.006500 -0.012539
v -0.043191 -0.006500 -0.012539
v -0.043191 -0.006500 -0.012539
v -0.043191 -0.006500 -0.012539
v -0.043191 -0.006500 -0.012539
v -0.043191 -0.006500 -0.012539
v -0.043191 -0.006500 -0.012539
v -0.043191 -0.006500 -0.012539
v -0.043191 -0.006500 -0.012539
v -0.043191 -0.006500 -0.012539
v -0.043191 -0.006500 -0.012539
v -0.043191 -0.006500 -0.012539
v -0.043191 -0.006500 -0.012539
v -0.043191 -0.006500 -0.012539
v -0.043191 -0.006500 -0.012539
v -0.043191 -0.006500 -0.012539
v -0.043191 -0.006500 -0.012539
v -0.043191 -0.006500 -0.012539
v -0.043191 -0.006500 -0.012539
v -0.043191 -0.006500 -0.012539
v -0.043191 -0.006500 -0.012539
v -0.043191 -0.006500 -0.012539
v -0.043191 -0.006500 -0.012539
v -0.043191 -0.006500 -0.012539
v -0.043191 -0.006500 -0.012539
v -0.043191 -0.006500 -0.012539
v -0.043191 -0.006500 -0.012539
v -0.043191 -0.006500 -0.012539
v -0.043191 -0.006500 -0.012539
v -0.043191 -0.006500 -0.012539
v -0.043191 -0.006500 -0.012539
v -0.043191 -0.006500 -0.012539
v -0.043191 -0.006500 -0.012539
v -0.043191 -0.006500 -0.012539
v -0.043191 -0.006500 -0.012539
v -0.043191 -0.006500 -0.012539
v -0.043191 -0.006500 -0.012539
v -0.043191 -0.006500 -0.012539
v -0.043191 -0.006500 -0.012539
v -0.043191 -0.006500 -0.012539
v -0.043191 -0.006500 -0.012539
v -0.043191 -0.006500 -0.012539
v -0.043191 -0.006500 -0.012539
v -0.043191 -0.006500 -0.012539
v -0.043191 -0.006500 -0.012539
v -0.043191 -0.006500 -0.012539
v -0.043191 -0.006500 -0.012539
v -0.043191 -0.006500 -0.012539
v -0.043191 -0.006500 -0.012539
v -0.043191 -0.006500 -0.012539
v -0.043191 -0.006500 -0.012539
v -0.043191 -0.006500 -0.012539
v -0.043191 -0.006500 -0.012539
v -0.043191 -0.006500 -0.012539
v -0.043191 -0.006500 -0.012539
v -0.043191 -0.006500 -0.012539
v -0.043191 -0.006500 -0.012539
v -0.043191 -0.006500 -0.012539
v -0.043191 -0.006500 -0.012539
v -0.043191 -0.006500 -0.012539
v -0.043191 -0.006500 -0.012539
v -0.043191 -0.006500 -0.012539
v -0.043191 -0.006500 -0.012539
v -0.043191 -0.006500 -0.012539
v -0.043191 -0.006500 -0.012539
v -0.043191 -0.006500 -0.012539
v -0.043191 -0.006500 -0.012539
v -0.043191 -0.006500 -0.012539
v -0.043191 -0.006500 -0.012539
v -0.043191 -0.006500 -0.012539
v -0.043191 -0.006500 -0.012539
v -0.043191 -0.006500 -0.012539
v -0.043191 -0.006500 -0.012539
v -0.043191 -0.006500 -0.012539
v -0.043191 -0.006500 -0.012539
v -0.043191 -0.006500 -0.012539
v -0.043191 -0.006500 -0.012539
v -0.043191 -0.006500 -0.012539
v -0.043191 -0.006500 -0.012539
v -0.043191 -0.006500 -0.012539
v -0.043191 -0.006500 -0.012539
v -0.043191 -0.006500 -0.012539
v -0.043191 -0.006500 -0.012539
v -0.043191 -0.006500 -0.012539
v -0.043191 -0.006500 -0.012539
v -0.043191 -0.006500 -0.012539
v -0.043191 -0.006500 -0.012539
v -0.043191 -0.006500 -0.012539
v -0.043191 -0.006500 -0.012539
v -0.043191 -0.006500 -0.012539
v -0.043191 -0.006500 -0.012539
v -0.043191 -0.006500 -0.012539
v -0.043191 -0.006500 -0.012539
v -0.043191 -0.006500 -0.012539
v -0.043191 -0.006500 -0.012539
v -0.043191 -0.006500 -0.012539
v -0.043191 -0.006500 -0.012539
v -0.043191 -0.006500 -0.012539
v -0.043191 -0.006500 -0.012539
v -0.043191 -0.006500 -0.012539
v -0.043191 -0.006500 -0.012539
v -0.043191 -0.006500 -0.012539
v -0.043191 -0.006500 -0.012539
v -0.043191 -0.006500 -0.012539
v -0.043191 -0.006500 -0.012539
v -0.043191 -0.006500 -0.012539
v -0.043191 -0.006500 -0.012539
v -0.043191 -0.006500 -0.012539
v -0.043191 -0.006500 -0.012539
v -0.043191 -0.006500 -0.012539
v -0.043191 -0.006500 -0.012539
v -0.043191 -0.006500 -0.012539
v -0.043191 -0.006500 -0.012539
v -0.043191 -0.006500 -0.012539
v -0.043191 -0.006500 -0.012539
v -0.043191 -0.006500 -0.012539
v -0.043191 -0.006500 -0.012539
v -0.043191 -0.006500 -0.012539
v -0.043191 -0.006500 -0.012539
v -0.043191 -0.006500 -0.012539
v -0.043191 -0.006500 -0.012539
v -0.043191 -0.006500 -0.012539
v -0.043191 -0.006500 -0.012539
v -0.043191 -0.006500 -0.012539
v -0.043191 -0.006500 -0.012539
v -0.043191 -0.006500 -0.012539
v -0.043191 -0.006500 -0.012539
v -0.043191 -0.006500 -0.012539
v -0.043191 -0.006500 -0.012539
v -0.043191 -0.006500 -0.012539
v -0.043191 -0.006500 -0.012539
v -0.043191 -0.006500 -0.012539
v -0.043191 -0.006500 -0.012539
v -0.043191 -0.006500 -0.012539
v -0.043191 -0.006500 -0.012539
v -0.043191 -0.006500 -0.012539
v -0.043191 -0.006500 -0.012539
v -0.043191 -0.006500 -0.012539
v -0.043191 -0.006500 -0.012539
v -0.043191 -0.006500 -0.012539
v -0.043191 -0.006500 -0.012539
v -0.043191 -0.006500 -0.012539
v -0.043191 -0.006500 -0.012539
v -0.043191 -0.006500 -0.012539
v -0.043191 -0.006500 -0.012539
v -0.043191 -0.006500 -0.012539
v -0.043191 -0.006500 -0.012539
v -0.043191 -0.006500 -0.012539
v -0.043191 -0.006500 -0.012539
v -0.043191 -0.006500 -0.012539
v -0.043191 -0.006500 -0.012539
v -0.043191 -0.006500 -0.012539
v -0.043191 -0.006500 -0.012539
v -0.043191 -0.006500 -0.012539
v -0.043191 -0.006500 -0.012539
v -0.043191 -0.006500 -0.012539
v -0.043191 -0.006500 -0.012539
v -0.043191 -0.006500 -0.012539
v -0.043191 -0.006500 -0.012539
v -0.043191 -0.006500 -0.012539
v -0.043191 -0.006500 -0.012539
v -0.043191 -0.006500 -0.012539
v -0.043191 -0.006500 -0.012539
v -0.043191 -0.006500 -0.012539
v -0.043191 -0.006500 -0.012539
v -0.043191 -0.006500 -0.012539
v -0.043191 -0.006500 -0.012539
v -0.043191 -0.006500 -0.012539
v -0.043191 -0.006500 -0.012539
v -0.043191 -0.006500 -0.012539
v -0.043191 -0.006500 -0.012539
v -0.043191 -0.006500 -0.012539
v -0.043191 -0.006500 -0.012539
v -0.043191 -0.006500 -0.012539
v -0.043191 -0.006500 -0.012539
v -0.043191 -0.006500 -0.012539
v -0.043191 -0.006500 -0.012539
v -0.043191 -0.006500 -0.012539
v -0.043191 -0.006500 -0.012539
v -0.043191 -0.006500 -0.012539
v -0.043191 -0.006500 -0.012539
v -0.043191 -0.006500 -0.012539
v -0.043191 -0.006500 -0.012539
v -0.043191 -0.006500 -0.012539
v -0.043191 -0.006500 -0.012539
v -0.043191 -0.006500 -0.012539
v -0.043191 -0.006500 -0.012539
v -0.043191 -0.006500 -0.012539
v -0.043191 -0.006500 -0.012539
v -0.043191 -0.006500 -0.012539
v -0.043191 -0.006500 -0.012539
v -0.043191 -0.006500 -0.012539
v -0.043191 -0.006500 -0.012539
v -0.043191 -0.006500 -0.012539
v -0.043191 -0.006500 -0.012539
v -0.043191 -0.006500 -0.012539
v -0.043191 -0.006500 -0.012539
v -0.043191 -0.006500 -0.012539
v -0.043191 -0.006500 -0.012539
v -0.043191 -0.006500 -0.012539
v -0.043191 -0.006500 -0.012539
v -0.043191 -0.006500 -0.012539
v -0.043191 -0.006500 -0.012539
v -0.043191 -0.006500 -0.012539
v -0.043191 -0.006500 -0.012539
v -0.043191 -0.006500 -0.012539
v -0.043191 -0.006500 -0.012539
v -0.043191 -0.006500 -0.012539
v -0.043191 -0.006500 -0.012539
v -0.043191 -0.006500 -0.012539
v -0.043191 -0.006500 -0.012539
v -0.043191 -0.006500 -0.012539
v -0.043191 -0.006500 -0.012539
v -0.043191 -0.006500 -0.012539
v -0.043191 -0.006500 -0.012539
v -0.043191 -0.006500 -0.012539
v -0.043191 -0.006500 -0.012539
v -0.043191 -0.006500 -0.012539
v -0.043191 -0.006500 -0.012539
v -0.043191 -0.006500 -0.012539
v -0.043191 -0.006500 -0.012539
v -0.043191 -0.006500 -0.012539
v -0.043191 -0.006500 -0.012539
v -0.043191 -0.006500 -0.012539
v -0.043191 -0.006500 -0.012539
v -0.043191 -0.006500 -0.012539
v -0.043191 -0.006500 -0.012539
v -0.043191 -0.006500 -0.012539
v -0.043191 -0.006500 -0.012539
v -0.043191 -0.006500 -0.012539
v -0.043191 -0.006500 -0.012539
v -0.043191 -0.006500 -0.012539
v -0.043191 -0.006500 -0.012539
v -0.043191 -0.006500 -0.012539
v -0.046374 0.011376 -0.011790
v -0.045939 0.010766 -0.010969
v -0.046693 0.010358 -0.012285
v -0.046129 0.011895 -0.011266
v -0.049793 -0.001448 -0.016056
v -0.044514 0.013568 -0.007717
v -0.044654 0.015102 -0.008163
v -0.044411 0.015553 -0.007611
v -0.043789 0.014468 -0.004983
v -0.036204 0.003871 0.025625
v -0.044668 0.002599 -0.003429
v -0.042030 -0.007370 0.010612
v -0.038182 0.001663 0.018877
v -0.038917 -0.003944 0.020953
v -0.046508 -0.010834 -0.000212
v -0.049793 -0.001448 -0.016056
v -0.043112 -0.007192 0.010942
v -0.045752 0.002777 -0.003099
v -0.046449 0.010850 -0.010813
v -0.046693 0.010358 -0.012285
v -0.046374 0.011376 -0.011790
v -0.046129 0.011895 -0.011266
v -0.044654 0.015102 -0.008163
v -0.044973 0.013644 -0.007577
v -0.044411 0.015553 -0.007611
v -0.043789 0.014468 -0.004983
v -0.036204 0.003871 0.025625
v -0.038975 0.001793 0.019119
v -0.038917 -0.003944 0.020953
v -0.046508 -0.010834 -0.000212
v -0.046508 -0.010834 -0.000212
v -0.042030 -0.007370 0.010612
v -0.043112 -0.007192 0.010942
v -0.038917 -0.003944 0.020953
v -0.045489 -0.006588 0.000079
v -0.044436 -0.006103 -0.000455
v -0.043373 0.000011 -0.002812
v -0.045078 0.000292 -0.002292
v -0.045888 -0.006949 -0.001037
v -0.045489 -0.006588 0.000079
v -0.045078 0.000292 -0.002292
v -0.045478 -0.000069 -0.003408
v -0.044835 -0.006464 -0.001571
v -0.045888 -0.006949 -0.001037
v -0.045478 -0.000069 -0.003408
v -0.043772 -0.000350 -0.003928
v -0.044436 -0.006103 -0.000455
v -0.044835 -0.006464 -0.001571
v -0.043772 -0.000350 -0.003928
v -0.043373 0.000011 -0.002812
v -0.045888 -0.006949 -0.001037
v -0.044835 -0.006464 -0.001571
v -0.044436 -0.006103 -0.000455
v -0.045489 -0.006588 0.000079
v -0.045078 0.000292 -0.002292
v -0.043373 0.000011 -0.002812
v -0.043772 -0.000350 -0.003928
v -0.045478 -0.000069 -0.003408
v -0.041528 -0.003014 0.011133
v -0.040475 -0.002529 0.010599
v -0.039412 0.003585 0.008241
v -0.041118 0.003866 0.008762
v -0.041928 -0.003375 0.010017
v -0.041528 -0.003014 0.011133
v -0.041118 0.003866 0.008762
v -0.041517 0.003505 0.007645
v -0.040875 -0.002890 0.009483
v -0.041928 -0.003375 0.010017
v -0.041517 0.003505 0.007645
v -0.039812 0.003224 0.007125
v -0.040475 -0.002529 0.010599
v -0.040875 -0.002890 0.009483
v -0.039812 0.003224 0.007125
v -0.039412 0.003585 0.008241
v -0.041928 -0.003375 0.010017
v -0.040875 -0.002890 0.009483
v -0.040475 -0.002529 0.010599
v -0.041528 -0.003014 0.011133
v -0.041118 0.003866 0.008762
v -0.039412 0.003585 0.008241
v -0.039812 0.003224 0.007125
v -0.041517 0.003505 0.007645
v -0.041257 0.000347 -0.011813
v -0.041165 0.000324 -0.012242
v -0.041867 0.000863 -0.012165
v -0.041764 0.000736 -0.011757
v -0.041293 -0.000259 -0.011604
v -0.041215 -0.000515 -0.011953
v -0.041836 -0.000476 -0.011340
v -0.041967 -0.000814 -0.011586
v -0.042344 -0.000086 -0.011284
v -0.042669 -0.000275 -0.011509
v -0.042307 0.000520 -0.011493
v -0.042619 0.000564 -0.011798
v -0.042678 0.000132 -0.014426
v -0.041976 -0.000407 -0.014503
v -0.042026 -0.001246 -0.014214
v -0.042778 -0.001545 -0.013848
v -0.043480 -0.001006 -0.013771
v -0.043430 -0.000167 -0.014060
v -0.042721 0.000014 -0.014504
v -0.042089 -0.000471 -0.014574
v -0.042134 -0.001227 -0.014314
v -0.042811 -0.001497 -0.013984
v -0.043443 -0.001011 -0.013914
v -0.043398 -0.000256 -0.014174
v -0.042766 -0.000741 -0.014244
v -0.042721 0.000014 -0.014504
v -0.042089 -0.000471 -0.014574
v -0.042134 -0.001227 -0.014314
v -0.042811 -0.001497 -0.013984
v -0.043443 -0.001011 -0.013914
v -0.043398 -0.000256 -0.014174
v -0.036986 -0.007459 0.002124
v -0.033862 -0.004640 0.010841
v -0.035718 -0.005050 0.011181
v -0.038765 -0.007799 0.002676
v -0.034799 -0.003420 0.013313
v -0.031783 -0.003607 0.010898
v -0.033534 -0.003097 0.012967
v -0.031544 -0.001754 0.012900
v -0.029925 -0.000657 0.010682
v -0.030057 0.001727 0.012889
v -0.033493 -0.003877 0.000724
v -0.035101 -0.006601 0.001637
v -0.033220 -0.000593 -0.000055
v -0.029490 0.002774 0.010358
v -0.028507 0.006183 0.018467
v -0.034919 0.003530 -0.001127
v -0.031345 0.006755 0.008848
v -0.036012 0.004787 -0.001138
v -0.032447 0.007880 0.008879
v -0.029217 0.009395 0.017683
v -0.037606 0.005889 -0.000920
v -0.034034 0.009112 0.009049
v -0.030105 0.010555 0.017649
v -0.039295 0.005328 -0.000137
v -0.035730 0.008421 0.009880
v -0.040523 0.004454 0.000582
v -0.036949 0.007678 0.010557
v -0.033032 0.010024 0.018847
v -0.038756 0.004301 0.013184
v -0.042486 0.000934 0.002771
v -0.042815 -0.002341 0.003567
v -0.039246 0.000879 0.013525
v -0.037240 0.002911 0.015080
v -0.037090 -0.000840 0.014591
v -0.041855 -0.005488 0.003697
v -0.038537 -0.002494 0.012958
v -0.040363 -0.006902 0.003154
v -0.037239 -0.004084 0.011871
v -0.034108 0.007107 0.020175
v -0.035886 -0.002709 0.013684
v -0.034799 -0.003420 0.013313
v -0.035718 -0.005050 0.011181
v -0.038765 -0.007799 0.002676
v -0.040749 -0.008815 -0.003274
v -0.042244 -0.008043 -0.002968
v -0.044737 -0.010101 -0.009963
v -0.043224 -0.010929 -0.010254
v -0.043715 -0.006866 -0.002802
v -0.046262 -0.008821 -0.009814
v -0.044749 -0.004347 -0.003277
v -0.047266 -0.006628 -0.010164
v -0.047069 -0.003774 -0.011157
v -0.044549 -0.001465 -0.004272
v -0.042673 0.001812 -0.005992
v -0.044661 -0.000806 -0.012359
v -0.043532 0.000475 -0.012185
v -0.041554 0.002686 -0.006669
v -0.040026 0.003115 -0.007350
v -0.042649 0.001292 -0.011798
v -0.038577 0.002195 -0.007577
v -0.037592 0.000975 -0.007542
v -0.036146 -0.002850 -0.006835
v -0.038591 -0.005171 -0.013743
v -0.036295 -0.005740 -0.005855
v -0.038736 -0.008034 -0.012766
v -0.039979 -0.009857 -0.011731
v -0.037590 -0.007876 -0.004670
v -0.041634 -0.010612 -0.010910
v -0.039182 -0.008548 -0.003902
v -0.043224 -0.010929 -0.010254
v -0.040749 -0.008815 -0.003274
v -0.040263 -0.001530 -0.013701
v -0.040673 0.000004 -0.013058
v -0.040920 0.001009 -0.012324
v -0.041693 0.001468 -0.011932
v -0.029711 0.009414 0.023059
v -0.033036 0.006271 0.013857
v -0.031189 0.004550 0.013067
v -0.028507 0.006183 0.018467
v -0.034532 0.001164 0.011712
v -0.035423 0.005248 0.014358
v -0.034108 0.007107 0.020175
v -0.030057 0.001727 0.012889
v -0.031544 -0.001754 0.012900
v -0.033534 -0.003097 0.012967
v -0.034799 -0.003420 0.013313
v -0.035886 -0.002709 0.013684
v -0.037090 -0.000840 0.014591
v -0.037240 0.002911 0.015080
v -0.030105 0.010555 0.017649
v -0.031154 0.009013 0.018546
v -0.029217 0.009395 0.017683
v -0.029175 0.010139 0.020693
v -0.031025 0.011176 0.017801
v -0.032012 0.010870 0.018231
v -0.033032 0.010024 0.018847
v -0.031207 0.010474 0.021312
v -0.029909 0.010481 0.021834
v -0.043546 -0.009976 -0.011823
v -0.042505 -0.009861 -0.012078
v -0.041634 -0.010612 -0.010910
v -0.043224 -0.010929 -0.010254
v -0.044468 -0.009537 -0.011479
v -0.044737 -0.010101 -0.009963
v -0.042756 -0.006184 -0.011282
v -0.040697 -0.008833 -0.012537
v -0.039917 -0.007012 -0.013192
v -0.039979 -0.009857 -0.011731
v -0.038736 -0.008034 -0.012766
v -0.038591 -0.005171 -0.013743
v -0.040574 -0.005193 -0.014102
v -0.042480 -0.004127 -0.015093
v -0.043565 -0.003836 -0.015205
v -0.045836 -0.007986 -0.010969
v -0.046269 -0.005965 -0.011254
v -0.047266 -0.006628 -0.010164
v -0.046262 -0.008821 -0.009814
v -0.047069 -0.003774 -0.011157
v -0.045713 -0.004346 -0.012534
v -0.044443 -0.003803 -0.014495
v -0.044661 -0.000806 -0.012359
v -0.043922 -0.002422 -0.013741
v -0.043215 -0.003002 -0.014507
v -0.042072 -0.002727 -0.014305
v -0.041984 -0.000052 -0.012065
v -0.043532 0.000475 -0.012185
v -0.042649 0.001292 -0.011798
v -0.040263 -0.001530 -0.013701
v -0.040673 0.000004 -0.013058
v -0.040920 0.001009 -0.012324
v -0.041693 0.001468 -0.011932
v -0.031207 0.010474 0.021312
v -0.029711 0.009414 0.023059
v -0.029909 0.010481 0.021834
v -0.029175 0.010139 0.020693
v -0.032012 0.010870 0.018231
v -0.031025 0.011176 0.017801
v -0.034983 -0.007679 0.034698
v -0.034993 -0.004818 0.036114
v -0.035516 -0.003562 0.032778
v -0.035362 -0.006492 0.030586
v -0.033514 -0.002324 0.036485
v -0.033798 -0.000792 0.032488
v -0.033336 -0.006425 0.039566
v -0.033146 -0.009050 0.038411
v -0.032409 -0.007808 0.027107
v -0.031318 -0.009933 0.032879
v -0.026158 -0.011357 0.028126
v -0.023034 -0.013834 0.033462
v -0.028115 -0.011809 0.036113
v -0.023627 -0.013228 0.038720
v -0.027674 -0.011776 0.038981
v -0.025009 -0.011387 0.039977
v -0.031886 -0.009661 0.039484
v -0.027148 -0.008727 0.041381
v -0.031478 0.000775 0.030702
v -0.025989 -0.009095 0.040971
v -0.025738 -0.006731 0.040979
v -0.025982 -0.004794 0.040608
v -0.030579 -0.004897 0.041074
v -0.024981 -0.004707 0.040425
v -0.025755 -0.003205 0.038984
v -0.025109 -0.002359 0.036866
v -0.028920 -0.001191 0.035796
v -0.031807 -0.004168 0.040040
v -0.032121 -0.007094 0.040575
v -0.022856 -0.013185 0.033679
v -0.023034 -0.013834 0.033462
v -0.026158 -0.011357 0.028126
v -0.025974 -0.010687 0.028350
v -0.023409 -0.012602 0.038409
v -0.023627 -0.013228 0.038720
v -0.025009 -0.011387 0.039977
v -0.024752 -0.011036 0.039585
v -0.032409 -0.007808 0.027107
v -0.032215 -0.007130 0.026941
v -0.035362 -0.006492 0.030586
v -0.034935 -0.005793 0.030026
v -0.035516 -0.003562 0.032778
v -0.035014 -0.003373 0.031799
v -0.033798 -0.000792 0.032488
v -0.033662 -0.001153 0.031574
v -0.031478 0.000775 0.030702
v -0.031597 0.000313 0.030156
v -0.025693 -0.009018 0.040497
v -0.025989 -0.009095 0.040971
v -0.025738 -0.006731 0.040979
v -0.025550 -0.006927 0.040542
v -0.024981 -0.004707 0.040425
v -0.024900 -0.005176 0.040025
v -0.025693 -0.009018 0.040497
v -0.034935 -0.005793 0.030026
v -0.035014 -0.003373 0.031799
v -0.033662 -0.001153 0.031574
v -0.024752 -0.011036 0.039585
v -0.023409 -0.012602 0.038409
v -0.032215 -0.007130 0.026941
v -0.025974 -0.010687 0.028350
v -0.022856 -0.013185 0.033679
v -0.025550 -0.006927 0.040542
v -0.024900 -0.005176 0.040025
v -0.031597 0.000313 0.030156
v -0.025022 -0.002958 0.036603
v -0.025022 -0.002958 0.036603
v -0.025109 -0.002359 0.036866
v -0.024981 -0.004707 0.040425
v -0.024900 -0.005176 0.040025
v -0.031478 0.000775 0.030702
v -0.031597 0.000313 0.030156
v -0.024675 -0.008515 0.028286
v -0.026034 -0.007028 0.031106
v -0.024535 -0.008476 0.024543
v -0.024883 -0.008568 0.033315
v -0.025726 -0.007200 0.027211
v -0.026034 -0.005453 0.031133
v -0.025726 -0.005200 0.027235
v -0.024401 -0.003961 0.024590
v -0.024546 -0.006346 0.024565
v -0.024609 -0.003542 0.028193
v -0.025251 -0.002960 0.034043
v -0.025689 -0.007341 0.034796
v -0.024842 -0.007191 0.036844
v -0.025689 -0.004570 0.034831
v -0.024842 -0.003760 0.036881
v -0.024842 -0.007191 0.036844
v -0.022817 -0.006905 0.031695
v -0.024842 -0.003760 0.036881
v -0.025251 -0.002960 0.034043
v -0.024609 -0.003542 0.028193
v -0.024675 -0.008515 0.028286
v -0.024883 -0.008568 0.033315
v -0.024546 -0.006346 0.024565
v -0.024535 -0.008476 0.024543
v -0.024401 -0.003961 0.024590
v -0.009407 0.033133 -0.003179
v -0.008939 0.033133 -0.003179
v -0.009407 0.034259 -0.002756
v -0.011534 0.034459 -0.002681
v -0.012708 0.033687 -0.002971
v -0.012708 0.034459 -0.002681
v -0.013882 0.034459 -0.002681
v -0.015885 0.033133 -0.003179
v -0.015885 0.034259 -0.002756
v -0.016477 0.033133 -0.003179
v -0.011534 0.034459 -0.002681
v -0.012708 0.035507 -0.005577
v -0.012708 0.034459 -0.002681
v -0.013882 0.034459 -0.002681
v -0.011243 0.035397 -0.009203
v -0.009486 0.034265 -0.006191
v -0.009407 0.033133 -0.003179
v -0.012708 0.033687 -0.002971
v -0.012708 0.035796 -0.010262
v -0.014173 0.035397 -0.009203
v -0.015885 0.033133 -0.003179
v -0.008939 0.033133 -0.003179
v -0.015930 0.034265 -0.006191
v -0.016477 0.033133 -0.003179
v -0.011243 0.035397 -0.009203
v -0.011615 0.035931 -0.008258
v -0.010097 0.035180 -0.005732
v -0.012708 0.035507 -0.005577
v -0.009407 0.034259 -0.002756
v -0.011534 0.034459 -0.002681
v -0.009486 0.034265 -0.006191
v -0.012708 0.036160 -0.008866
v -0.012708 0.035796 -0.010262
v -0.008939 0.033133 -0.003179
v -0.013788 0.035931 -0.008258
v -0.012708 0.036160 -0.008866
v -0.012708 0.035796 -0.010262
v -0.012708 0.035507 -0.005577
v -0.015251 0.035180 -0.005732
v -0.014173 0.035397 -0.009203
v -0.015885 0.034259 -0.002756
v -0.013882 0.034459 -0.002681
v -0.015930 0.034265 -0.006191
v -0.016477 0.033133 -0.003179
v -0.007505 0.030192 -0.004285
v -0.007710 0.029861 -0.004409
v -0.006668 0.029298 -0.004621
v -0.007414 0.027689 -0.005226
v -0.008642 0.027242 -0.005394
v -0.007927 0.026856 -0.005539
v -0.008441 0.026023 -0.005852
v -0.010544 0.025266 -0.006137
v -0.009502 0.024703 -0.006348
v -0.010803 0.024846 -0.006295
v -0.007961 0.027958 -0.008415
v -0.007414 0.027689 -0.005226
v -0.007927 0.026856 -0.005539
v -0.008441 0.026023 -0.005852
v -0.007744 0.030937 -0.007442
v -0.008513 0.030823 -0.010922
v -0.007710 0.029861 -0.004409
v -0.008642 0.027242 -0.005394
v -0.009154 0.030182 -0.012372
v -0.009795 0.028745 -0.011703
v -0.010544 0.025266 -0.006137
v -0.007505 0.030192 -0.004285
v -0.010564 0.026366 -0.009160
v -0.010803 0.024846 -0.006295
v -0.007956 0.029924 -0.010516
v -0.008513 0.030823 -0.010922
v -0.007131 0.029990 -0.007683
v -0.007961 0.027958 -0.008415
v -0.006668 0.029298 -0.004621
v -0.007414 0.027689 -0.005226
v -0.007744 0.030937 -0.007442
v -0.008434 0.029378 -0.011415
v -0.009154 0.030182 -0.012372
v -0.007505 0.030192 -0.004285
v -0.008434 0.029378 -0.011415
v -0.008906 0.028383 -0.011095
v -0.009154 0.030182 -0.012372
v -0.007961 0.027958 -0.008415
v -0.009385 0.026334 -0.009057
v -0.009795 0.028745 -0.011703
v -0.009502 0.024703 -0.006348
v -0.008441 0.026023 -0.005852
v -0.010564 0.026366 -0.009160
v -0.010803 0.024846 -0.006295
v -0.014613 0.024846 -0.006295
v -0.014818 0.025178 -0.006170
v -0.015859 0.024615 -0.006381
v -0.016975 0.026023 -0.005852
v -0.016774 0.027242 -0.005394
v -0.017489 0.026856 -0.005539
v -0.018003 0.027689 -0.005226
v -0.017652 0.029773 -0.004443
v -0.018693 0.029210 -0.004654
v -0.017911 0.030192 -0.004285
v -0.017456 0.027958 -0.008415
v -0.016975 0.026023 -0.005852
v -0.017489 0.026856 -0.005539
v -0.018003 0.027689 -0.005226
v -0.014852 0.026366 -0.009160
v -0.015621 0.028745 -0.011703
v -0.014818 0.025178 -0.006170
v -0.016774 0.027242 -0.005394
v -0.016262 0.030182 -0.012372
v -0.016903 0.030823 -0.010922
v -0.017652 0.029773 -0.004443
v -0.014613 0.024846 -0.006295
v -0.017672 0.030937 -0.007442
v -0.017911 0.030192 -0.004285
v -0.016505 0.028374 -0.011099
v -0.015621 0.028745 -0.011703
v -0.016001 0.026285 -0.009076
v -0.017456 0.027958 -0.008415
v -0.015859 0.024615 -0.006381
v -0.016975 0.026023 -0.005852
v -0.014852 0.026366 -0.009160
v -0.016983 0.029378 -0.011415
v -0.016262 0.030182 -0.012372
v -0.014613 0.024846 -0.006295
v -0.016983 0.029378 -0.011415
v -0.017455 0.029915 -0.010519
v -0.016262 0.030182 -0.012372
v -0.017456 0.027958 -0.008415
v -0.018256 0.029941 -0.007701
v -0.016903 0.030823 -0.010922
v -0.018693 0.029210 -0.004654
v -0.018003 0.027689 -0.005226
v -0.017672 0.030937 -0.007442
v -0.017911 0.030192 -0.004285
v 0.009461 0.033133 -0.003179
v 0.009929 0.033133 -0.003179
v 0.009929 0.034259 -0.002756
v 0.012055 0.034459 -0.002681
v 0.013230 0.033687 -0.002971
v 0.013230 0.034459 -0.002681
v 0.014404 0.034459 -0.002681
v 0.016406 0.033133 -0.003179
v 0.016406 0.034259 -0.002756
v 0.016998 0.033133 -0.003179
v 0.013230 0.035507 -0.005577
v 0.012055 0.034459 -0.002681
v 0.013230 0.034459 -0.002681
v 0.014404 0.034459 -0.002681
v 0.010007 0.034265 -0.006191
v 0.011765 0.035397 -0.009203
v 0.009929 0.033133 -0.003179
v 0.013230 0.033687 -0.002971
v 0.013230 0.035796 -0.010262
v 0.014694 0.035397 -0.009203
v 0.016406 0.033133 -0.003179
v 0.009461 0.033133 -0.003179
v 0.016452 0.034265 -0.006191
v 0.016998 0.033133 -0.003179
v 0.012137 0.035931 -0.008258
v 0.011765 0.035397 -0.009203
v 0.010619 0.035180 -0.005732
v 0.013230 0.035507 -0.005577
v 0.009929 0.034259 -0.002756
v 0.012055 0.034459 -0.002681
v 0.010007 0.034265 -0.006191
v 0.013230 0.036160 -0.008866
v 0.013230 0.035796 -0.010262
v 0.009461 0.033133 -0.003179
v 0.013230 0.036160 -0.008866
v 0.014310 0.035931 -0.008258
v 0.013230 0.035796 -0.010262
v 0.013230 0.035507 -0.005577
v 0.015772 0.035180 -0.005732
v 0.014694 0.035397 -0.009203
v 0.016406 0.034259 -0.002756
v 0.014404 0.034459 -0.002681
v 0.016452 0.034265 -0.006191
v 0.016998 0.033133 -0.003179
v 0.015339 0.025178 -0.006170
v 0.015135 0.024846 -0.006295
v 0.016381 0.024615 -0.006381
v 0.017497 0.026023 -0.005852
v 0.017296 0.027242 -0.005394
v 0.018010 0.026856 -0.005539
v 0.018524 0.027689 -0.005226
v 0.018173 0.029773 -0.004443
v 0.019215 0.029210 -0.004654
v 0.018432 0.030192 -0.004285
v 0.017497 0.026023 -0.005852
v 0.017977 0.027958 -0.008415
v 0.018010 0.026856 -0.005539
v 0.018524 0.027689 -0.005226
v 0.016143 0.028745 -0.011703
v 0.015374 0.026366 -0.009160
v 0.015339 0.025178 -0.006170
v 0.017296 0.027242 -0.005394
v 0.016784 0.030182 -0.012372
v 0.017424 0.030823 -0.010922
v 0.018173 0.029773 -0.004443
v 0.015135 0.024846 -0.006295
v 0.018193 0.030937 -0.007442
v 0.018432 0.030192 -0.004285
v 0.016143 0.028745 -0.011703
v 0.017026 0.028374 -0.011099
v 0.016522 0.026285 -0.009076
v 0.017977 0.027958 -0.008415
v 0.016381 0.024615 -0.006381
v 0.017497 0.026023 -0.005852
v 0.015374 0.026366 -0.009160
v 0.017504 0.029378 -0.011415
v 0.016784 0.030182 -0.012372
v 0.015135 0.024846 -0.006295
v 0.017977 0.029915 -0.010519
v 0.017504 0.029378 -0.011415
v 0.016784 0.030182 -0.012372
v 0.017977 0.027958 -0.008415
v 0.018777 0.029941 -0.007701
v 0.017424 0.030823 -0.010922
v 0.019215 0.029210 -0.004654
v 0.018524 0.027689 -0.005226
v 0.018193 0.030937 -0.007442
v 0.018432 0.030192 -0.004285
v 0.011324 0.024846 -0.006295
v 0.011120 0.025178 -0.006170
v 0.010078 0.024615 -0.006381
v 0.008963 0.026023 -0.005852
v 0.009163 0.027242 -0.005394
v 0.008449 0.026856 -0.005539
v 0.007935 0.027689 -0.005226
v 0.008286 0.029773 -0.004443
v 0.007244 0.029210 -0.004654
v 0.008027 0.030192 -0.004285
v 0.008482 0.027958 -0.008415
v 0.008963 0.026023 -0.005852
v 0.008449 0.026856 -0.005539
v 0.007935 0.027689 -0.005226
v 0.011085 0.026366 -0.009160
v 0.010316 0.028745 -0.011703
v 0.011120 0.025178 -0.006170
v 0.009163 0.027242 -0.005394
v 0.009676 0.030182 -0.012372
v 0.009035 0.030823 -0.010922
v 0.008286 0.029773 -0.004443
v 0.011324 0.024846 -0.006295
v 0.008266 0.030937 -0.007442
v 0.008027 0.030192 -0.004285
v 0.009433 0.028374 -0.011099
v 0.010316 0.028745 -0.011703
v 0.009937 0.026285 -0.009076
v 0.008482 0.027958 -0.008415
v 0.010078 0.024615 -0.006381
v 0.008963 0.026023 -0.005852
v 0.011085 0.026366 -0.009160
v 0.008955 0.029378 -0.011415
v 0.009676 0.030182 -0.012372
v 0.011324 0.024846 -0.006295
v 0.008955 0.029378 -0.011415
v 0.008482 0.029915 -0.010519
v 0.009676 0.030182 -0.012372
v 0.008482 0.027958 -0.008415
v 0.007682 0.029941 -0.007701
v 0.009035 0.030823 -0.010922
v 0.007244 0.029210 -0.004654
v 0.007935 0.027689 -0.005226
v 0.008266 0.030937 -0.007442
v 0.008027 0.030192 -0.004285
v 0.007414 0.017627 0.021262
v 0.005808 0.016427 0.024777
v 0.007420 0.015992 0.025617
v 0.018369 0.021328 0.015184
v 0.018440 0.014438 0.033010
v 0.007380 0.015222 0.027624
v 0.018451 0.013539 0.035338
v 0.025972 0.012552 0.040411
v 0.026372 0.013450 0.038437
v 0.030563 0.019385 0.025612
v 0.030625 0.014070 0.039271
v 0.005808 0.015811 0.026413
v 0.004061 0.017291 0.025102
v 0.002859 0.018502 0.023710
v 0.005809 0.017588 0.021688
v 0.004116 0.018471 0.022020
v 0.005807 0.018260 0.020268
v 0.007410 0.018534 0.018846
v 0.018369 0.022920 0.010950
v 0.030645 0.012109 0.044334
v 0.030604 0.020642 0.021951
v 0.030645 0.021899 0.018290
v 0.030936 0.019788 0.021630
v 0.031055 0.018121 0.025137
v 0.018605 0.020720 0.014955
v 0.031168 0.015557 0.031073
v 0.018820 0.013467 0.032645
v 0.007622 0.015444 0.025411
v 0.007638 0.017040 0.021041
v 0.007380 0.015222 0.027624
v 0.018451 0.013539 0.035338
v 0.018369 0.022920 0.010950
v 0.026822 0.012292 0.038001
v 0.025972 0.012552 0.040411
v 0.005808 0.015811 0.026413
v 0.005960 0.016026 0.024626
v 0.005907 0.017332 0.021592
v 0.004061 0.017291 0.025102
v 0.002859 0.018502 0.023710
v 0.004116 0.018471 0.022020
v 0.005807 0.018260 0.020268
v 0.007410 0.018534 0.018846
v 0.031152 0.012716 0.038762
v 0.030645 0.012109 0.044334
v 0.030645 0.021899 0.018290
v 0.030625 0.014070 0.039271
v 0.030645 0.012109 0.044334
v 0.031152 0.012716 0.038762
v 0.031168 0.015557 0.031073
v 0.030563 0.019385 0.025612
v 0.031055 0.018121 0.025137
v 0.030936 0.019788 0.021630
v 0.030604 0.020642 0.021951
v 0.030645 0.021899 0.018290
v -0.005286 0.016427 0.024777
v -0.006892 0.017627 0.021262
v -0.006898 0.015992 0.025617
v -0.017847 0.021328 0.015184
v -0.017919 0.014438 0.033010
v -0.006858 0.015222 0.027624
v -0.017930 0.013539 0.035338
v -0.025450 0.012552 0.040411
v -0.025850 0.013450 0.038437
v -0.030042 0.019385 0.025612
v -0.030104 0.014070 0.039271
v -0.017847 0.022920 0.010950
v -0.030083 0.020642 0.021951
v -0.005286 0.015811 0.026413
v -0.030123 0.012109 0.044334
v -0.005288 0.017588 0.021688
v -0.005286 0.018260 0.020268
v -0.006889 0.018534 0.018846
v -0.030123 0.021899 0.018290
v -0.030533 0.018121 0.025137
v -0.030415 0.019788 0.021630
v -0.018084 0.020720 0.014955
v -0.030647 0.015557 0.031073
v -0.018299 0.013467 0.032645
v -0.007101 0.015444 0.025411
v -0.007117 0.017040 0.021041
v -0.006858 0.015222 0.027624
v -0.017930 0.013539 0.035338
v -0.026300 0.012292 0.038001
v -0.025450 0.012552 0.040411
v -0.005286 0.015811 0.026413
v -0.005438 0.016026 0.024626
v -0.005386 0.017332 0.021592
v -0.003539 0.017291 0.025102
v -0.006889 0.018534 0.018846
v -0.017847 0.022920 0.010950
v -0.005286 0.018260 0.020268
v -0.003595 0.018471 0.022020
v -0.030630 0.012716 0.038762
v -0.030123 0.012109 0.044334
v -0.002337 0.018502 0.023710
v -0.030123 0.021899 0.018290
v -0.003595 0.018471 0.022020
v -0.005286 0.018260 0.020268
v -0.005288 0.017588 0.021688
v -0.002337 0.018502 0.023710
v -0.005286 0.016427 0.024777
v -0.003539 0.017291 0.025102
v -0.005286 0.015811 0.026413
v -0.030415 0.019788 0.021630
v -0.030083 0.020642 0.021951
v -0.030123 0.021899 0.018290
v -0.030042 0.019385 0.025612
v -0.030533 0.018121 0.025137
v -0.030647 0.015557 0.031073
v -0.030104 0.014070 0.039271
v -0.030630 0.012716 0.038762
v -0.030123 0.012109 0.044334
v 0.013230 0.014072 0.049433
v 0.013230 0.016423 0.042531
v 0.008653 0.014666 0.045665
v 0.018379 0.015058 0.043916
v 0.015055 0.018153 0.037446
v 0.013230 0.017452 0.039310
v 0.011404 0.018153 0.037446
v 0.008689 0.015106 0.044278
v 0.005715 0.014738 0.045692
v 0.003888 0.020263 0.032842
v 0.008738 0.012063 0.051879
v 0.018751 0.011486 0.051013
v 0.022106 0.012648 0.047804
v 0.030645 0.015407 0.039773
v 0.022106 0.011019 0.050224
v 0.019635 0.010383 0.051793
v 0.025883 0.011447 0.047597
v 0.022106 0.012648 0.047804
v 0.030645 0.012109 0.044334
v 0.020584 0.018785 0.032287
v 0.030645 0.018336 0.032118
v 0.020584 0.019997 0.029061
v 0.030645 0.020299 0.025956
v 0.022199 0.020541 0.026400
v 0.023680 0.021865 0.022411
v 0.030645 0.021336 0.022212
v 0.030645 0.021899 0.018290
v 0.026043 0.022795 0.016445
v 0.022176 0.021552 0.023808
v 0.020421 0.022251 0.022669
v 0.020545 0.020779 0.026490
v 0.019756 0.021553 0.026781
v 0.019063 0.021934 0.026924
v 0.019378 0.023064 0.024376
v 0.019339 0.023840 0.023379
v 0.020421 0.021789 0.023897
v 0.017443 0.020263 0.032842
v 0.015850 0.018686 0.036028
v 0.001348 0.023249 0.028975
v 0.000261 0.022300 0.033608
v 0.002074 0.021859 0.033458
v 0.002878 0.021970 0.028301
v 0.003888 0.020263 0.032842
v 0.000261 0.024214 0.025325
v 0.000261 0.023393 0.029223
v 0.001167 0.023482 0.024277
v 0.000261 0.024154 0.023127
v -0.000646 0.023482 0.024277
v -0.000827 0.023249 0.028975
v -0.001553 0.021859 0.033458
v -0.002357 0.021970 0.028301
v -0.003367 0.020263 0.032842
v -0.004104 0.015844 0.047118
v -0.005193 0.014738 0.045692
v -0.005180 0.013232 0.048999
v -0.002053 0.018142 0.045125
v 0.000261 0.019012 0.044095
v 0.002574 0.018142 0.045125
v 0.004625 0.015844 0.047118
v 0.005715 0.014738 0.045692
v 0.005702 0.013232 0.048999
v 0.010609 0.018686 0.036028
v 0.011329 0.020346 0.035064
v 0.010580 0.020214 0.034434
v 0.012381 0.021462 0.035103
v 0.012051 0.021788 0.034597
v 0.010134 0.023570 0.029848
v 0.009016 0.020263 0.032842
v 0.013230 0.022401 0.034527
v 0.013230 0.024625 0.030245
v 0.016326 0.023570 0.029848
v 0.014408 0.021670 0.034553
v 0.015879 0.019978 0.034345
v 0.017443 0.020263 0.032842
v 0.014078 0.021377 0.035071
v 0.015130 0.020185 0.035004
v 0.015850 0.018686 0.036028
v 0.013230 0.021833 0.035127
v 0.013230 0.027525 0.025518
v 0.016523 0.026547 0.025150
v 0.018120 0.026855 0.018943
v 0.009936 0.026547 0.025150
v 0.008339 0.026855 0.018943
v 0.010214 0.028844 0.021313
v 0.016245 0.028844 0.021313
v 0.012028 0.029617 0.021604
v 0.013230 0.030069 0.021421
v 0.014431 0.029617 0.021604
v 0.014307 0.030047 0.020953
v 0.015311 0.029822 0.019704
v 0.013230 0.029881 0.018856
v 0.012152 0.030047 0.020953
v 0.011149 0.029844 0.019646
v 0.011224 0.030013 0.017315
v 0.015235 0.029991 0.017373
v 0.014987 0.030036 0.015071
v 0.014385 0.030346 0.016429
v 0.013230 0.030541 0.015909
v 0.013813 0.030833 0.015498
v 0.014033 0.030673 0.014206
v 0.013230 0.030936 0.015223
v 0.013230 0.030806 0.013853
v 0.012420 0.030715 0.014094
v 0.012646 0.030833 0.015498
v 0.011472 0.030141 0.014792
v 0.012074 0.030346 0.016429
v 0.022106 0.010644 0.047051
v 0.019602 0.010713 0.045497
v 0.030645 0.013966 0.039232
v 0.019602 0.013135 0.038919
v 0.030645 0.018954 0.025450
v 0.030645 0.012109 0.044334
v 0.025883 0.011447 0.047597
v 0.019602 0.010190 0.049091
v 0.022106 0.011019 0.050224
v 0.019635 0.010383 0.051793
v 0.019602 0.019167 0.025602
v 0.023507 0.020535 0.021911
v 0.019339 0.020767 0.022224
v 0.030645 0.020426 0.021870
v 0.030645 0.021899 0.018290
v 0.026043 0.022795 0.016445
v 0.022106 0.011019 0.050224
v 0.022106 0.010644 0.047051
v 0.007493 0.023822 0.023373
v 0.002878 0.021970 0.028301
v 0.001167 0.023482 0.024277
v 0.007358 0.025866 0.018571
v 0.000261 0.024154 0.023127
v 0.009016 0.020263 0.032842
v 0.000261 0.025866 0.018571
v 0.007446 0.028716 0.011811
v -0.006837 0.025866 0.018571
v -0.006924 0.028716 0.011811
v -0.000646 0.023482 0.024277
v -0.006972 0.023822 0.023373
v -0.002357 0.021970 0.028301
v -0.003367 0.020263 0.032842
v -0.008495 0.020263 0.032842
v 0.000261 0.028829 0.011853
v 0.007238 0.032009 0.004557
v -0.006717 0.032009 0.004557
v 0.000261 0.033466 0.000680
v -0.010088 0.018686 0.036028
v -0.008168 0.015106 0.044278
v -0.005193 0.014738 0.045692
v -0.008132 0.014666 0.045665
v -0.012708 0.016423 0.042531
v -0.010882 0.018153 0.037446
v -0.012708 0.017452 0.039310
v -0.014534 0.018153 0.037446
v -0.017858 0.015058 0.043916
v -0.012708 0.014072 0.049433
v -0.008216 0.012063 0.051879
v -0.018229 0.011486 0.051013
v -0.021585 0.012648 0.047804
v -0.030123 0.015407 0.039773
v -0.025361 0.011447 0.047597
v -0.021585 0.011019 0.050224
v -0.019113 0.010383 0.051793
v -0.021585 0.012648 0.047804
v -0.030123 0.012109 0.044334
v -0.020063 0.018785 0.032287
v -0.030123 0.018336 0.032118
v -0.020063 0.019997 0.029061
v -0.016921 0.020263 0.032842
v -0.015329 0.018686 0.036028
v -0.030123 0.020299 0.025956
v -0.018542 0.021934 0.026924
v -0.021677 0.020541 0.026400
v -0.021654 0.021552 0.023808
v -0.019899 0.021789 0.023897
v -0.020024 0.020779 0.026490
v -0.018857 0.023064 0.024376
v -0.019235 0.021553 0.026781
v -0.023159 0.021865 0.022411
v -0.030123 0.021336 0.022212
v -0.030123 0.021899 0.018290
v -0.025522 0.022795 0.016445
v -0.019899 0.022251 0.022669
v -0.018818 0.023840 0.023379
v 0.019654 0.031662 -0.002622
v 0.016689 0.034373 -0.001588
v 0.019431 0.032013 0.003177
v 0.019828 0.029400 0.002194
v 0.015696 0.035219 0.002112
v 0.015696 0.032336 0.009781
v 0.019431 0.028716 0.011811
v 0.019654 0.031662 -0.002622
v 0.016458 0.034587 -0.002715
v 0.019686 0.029354 -0.004683
v 0.019640 0.028961 -0.003637
v 0.018120 0.026855 0.018943
v 0.019339 0.026399 0.018772
v 0.017355 0.029331 0.014488
v 0.019339 0.023840 0.023379
v 0.015696 0.032336 0.009781
v 0.015696 0.030419 0.012857
v 0.019378 0.023064 0.024376
v 0.019063 0.021934 0.026924
v 0.017443 0.020263 0.032842
v 0.014987 0.030036 0.015071
v 0.017355 0.029331 0.014488
v 0.015696 0.030419 0.012857
v 0.014033 0.030673 0.014206
v 0.015696 0.032336 0.009781
v 0.018120 0.026855 0.018943
v 0.013230 0.030806 0.013853
v 0.010763 0.032336 0.009781
v 0.012420 0.030715 0.014094
v 0.010763 0.035206 0.002147
v 0.015696 0.035219 0.002112
v 0.010763 0.030419 0.012857
v 0.011472 0.030141 0.014792
v 0.009104 0.029331 0.014488
v 0.008339 0.026855 0.018943
v 0.010763 0.035206 0.002147
v 0.015696 0.035219 0.002112
v 0.013230 0.034373 -0.001588
v 0.016689 0.034373 -0.001588
v 0.009446 0.034373 -0.001588
v 0.006727 0.030024 0.001146
v 0.000261 0.031447 -0.002638
v 0.000261 0.032292 -0.001441
v 0.007238 0.032009 0.004557
v 0.000261 0.033466 0.000680
v 0.013230 0.034373 -0.001588
v 0.016689 0.034373 -0.001588
v 0.016458 0.034587 -0.002715
v 0.010001 0.034587 -0.002715
v 0.009446 0.034373 -0.001588
v 0.007493 0.023822 0.023373
v 0.009016 0.020263 0.032842
v 0.008339 0.026855 0.018943
v 0.007358 0.025866 0.018571
v 0.009104 0.029331 0.014488
v 0.007446 0.028716 0.011811
v 0.010763 0.032336 0.009781
v 0.010763 0.030419 0.012857
v 0.019654 0.031662 -0.002622
v 0.019828 0.029400 0.002194
v 0.022639 0.029400 0.002194
v 0.020736 0.030528 -0.001956
v 0.022324 0.025986 0.000911
v 0.020303 0.027493 -0.003097
v 0.019640 0.028961 -0.003637
v 0.020997 0.023790 0.000086
v 0.018896 0.024585 -0.004190
v 0.018871 0.022380 -0.000445
v 0.016412 0.023727 -0.005605
v 0.016587 0.021772 -0.000673
v 0.007238 0.032009 0.004557
v 0.010763 0.032336 0.009781
v 0.010763 0.035206 0.002147
v 0.007446 0.028716 0.011811
v 0.009446 0.034373 -0.001588
v 0.006727 0.030024 0.001146
v 0.006727 0.028956 -0.003625
v 0.007193 0.029285 0.003114
v 0.007290 0.027059 0.001933
v 0.009955 0.023727 -0.005605
v 0.010001 0.024120 -0.006650
v 0.016458 0.024120 -0.006650
v 0.016412 0.023727 -0.005605
v 0.016587 0.021772 -0.000673
v 0.009221 0.021964 -0.000645
v 0.016860 0.021170 0.002401
v 0.009221 0.021964 -0.000645
v 0.009380 0.022886 -0.000167
v 0.007193 0.029285 0.003114
v 0.007290 0.027059 0.001933
v 0.019040 0.029354 -0.004683
v 0.019686 0.029354 -0.004683
v 0.016458 0.024120 -0.006650
v 0.016135 0.024643 -0.006453
v 0.016458 0.034587 -0.002715
v 0.016135 0.034064 -0.002912
v 0.010324 0.024643 -0.006453
v 0.010001 0.024120 -0.006650
v 0.007419 0.029354 -0.004683
v 0.006773 0.029354 -0.004683
v 0.010324 0.034064 -0.002912
v 0.010001 0.034587 -0.002715
v 0.016412 0.023727 -0.005605
v 0.016458 0.024120 -0.006650
v 0.019686 0.029354 -0.004683
v 0.019640 0.028961 -0.003637
v 0.007193 0.029285 0.003114
v 0.000261 0.030719 -0.000701
v 0.000261 0.031447 -0.002638
v 0.006727 0.030024 0.001146
v 0.005252 0.026842 0.009611
v 0.007193 0.027833 0.006975
v 0.000261 0.026842 0.009611
v 0.005252 0.017953 0.033257
v 0.000261 0.019470 0.029221
v 0.000261 0.013459 0.045211
v 0.005252 0.013459 0.045211
v 0.006951 0.017549 0.034331
v -0.006672 0.029285 0.003114
v -0.006206 0.030024 0.001146
v -0.004730 0.017953 0.033257
v -0.004730 0.026842 0.009611
v -0.006672 0.027833 0.006975
v -0.004730 0.013459 0.045211
v 0.008615 0.013459 0.045211
v 0.016581 0.014765 0.041739
v 0.016581 0.017549 0.034331
v -0.006429 0.017549 0.034331
v -0.008094 0.013459 0.045211
v -0.016060 0.014765 0.041739
v -0.016060 0.017549 0.034331
v 0.015497 0.013915 0.043999
v 0.008615 0.013459 0.045211
v 0.013230 0.013040 0.047970
v 0.008713 0.011901 0.050379
v 0.013230 0.013248 0.049123
v 0.008738 0.012063 0.051879
v -0.014975 0.013915 0.043999
v -0.008094 0.013459 0.045211
v -0.012708 0.013040 0.047970
v -0.008192 0.011901 0.050379
v -0.012708 0.013248 0.049123
v -0.008216 0.012063 0.051879
v 0.016365 0.021794 0.002459
v 0.009380 0.022886 -0.000167
v 0.009221 0.021964 -0.000645
v 0.016860 0.021170 0.002401
v 0.008653 0.014666 0.045665
v 0.005715 0.014738 0.045692
v 0.008615 0.013459 0.045211
v 0.005252 0.013459 0.045211
v 0.000261 0.013459 0.045211
v 0.000261 0.014738 0.045692
v -0.005193 0.014738 0.045692
v -0.004730 0.013459 0.045211
v -0.008094 0.013459 0.045211
v -0.008132 0.014666 0.045665
v 0.030645 0.020426 0.021870
v 0.030645 0.021899 0.018290
v 0.030645 0.021336 0.022212
v 0.030645 0.018954 0.025450
v 0.030645 0.020299 0.025956
v 0.030645 0.018336 0.032118
v 0.030645 0.013966 0.039232
v 0.030645 0.015407 0.039773
v 0.030645 0.012109 0.044334
v 0.019594 0.013555 0.039077
v 0.019602 0.019528 0.025738
v 0.019602 0.019167 0.025602
v 0.019602 0.013135 0.038919
v 0.019602 0.010713 0.045497
v 0.016581 0.014765 0.041739
v 0.015497 0.013915 0.043999
v 0.016581 0.017549 0.034331
v 0.016581 0.021936 0.022664
v 0.013230 0.013040 0.047970
v 0.019602 0.010190 0.049091
v 0.013230 0.013248 0.049123
v 0.019635 0.010383 0.051793
v 0.019602 0.019528 0.025738
v 0.019339 0.021059 0.022334
v 0.019339 0.020767 0.022224
v 0.019602 0.019167 0.025602
v 0.016581 0.021936 0.022664
v 0.016581 0.028515 0.005162
v 0.019431 0.032013 0.003177
v 0.019431 0.028716 0.011811
v 0.016581 0.027833 0.006975
v 0.019339 0.026399 0.018772
v 0.016581 0.021936 0.022664
v 0.019339 0.023840 0.023379
v 0.019339 0.021059 0.022334
v 0.020997 0.023790 0.000086
v 0.022324 0.025986 0.000911
v 0.019828 0.029400 0.002194
v 0.018871 0.022380 -0.000445
v 0.022639 0.029400 0.002194
v 0.016581 0.028515 0.005162
v 0.019431 0.032013 0.003177
v 0.016587 0.021772 -0.000673
v 0.016860 0.021170 0.002401
v 0.016365 0.021794 0.002459
v 0.013230 0.013248 0.049123
v 0.018751 0.011486 0.051013
v 0.013230 0.014072 0.049433
v 0.019635 0.010383 0.051793
v 0.008615 0.013459 0.045211
v 0.008713 0.011901 0.050379
v 0.008738 0.012063 0.051879
v 0.008653 0.014666 0.045665
v 0.007017 0.018295 0.033678
v 0.007481 0.027964 0.007958
v 0.016148 0.027964 0.007957
v 0.016148 0.018295 0.033678
v 0.005685 0.027060 0.010362
v 0.005685 0.018670 0.032681
v 0.016581 0.027833 0.006975
v 0.007193 0.027833 0.006975
v 0.009949 0.021807 0.003162
v 0.015767 0.021715 0.003127
v 0.016365 0.021794 0.002459
v 0.015767 0.021715 0.003127
v 0.009380 0.022886 -0.000167
v 0.009949 0.021807 0.003162
v 0.016581 0.028515 0.005162
v 0.016581 0.027833 0.006975
v 0.016365 0.021794 0.002459
v 0.015767 0.021715 0.003127
v 0.009380 0.022886 -0.000167
v 0.009949 0.021807 0.003162
v 0.007193 0.027833 0.006975
v 0.007193 0.029285 0.003114
v 0.016581 0.021936 0.022664
v 0.016148 0.018295 0.033678
v 0.016148 0.027964 0.007957
v 0.016581 0.027833 0.006975
v 0.016581 0.017549 0.034331
v 0.007017 0.018295 0.033678
v 0.016148 0.018295 0.033678
v 0.016581 0.017549 0.034331
v 0.006951 0.017549 0.034331
v 0.007481 0.027964 0.007958
v 0.005685 0.027060 0.010362
v 0.005252 0.026842 0.009611
v 0.007193 0.027833 0.006975
v 0.016148 0.027964 0.007957
v 0.007481 0.027964 0.007958
v 0.007193 0.027833 0.006975
v 0.016581 0.027833 0.006975
v 0.005685 0.027060 0.010362
v 0.005685 0.018670 0.032681
v 0.005252 0.017953 0.033257
v 0.005252 0.026842 0.009611
v 0.005685 0.018670 0.032681
v 0.007017 0.018295 0.033678
v 0.006951 0.017549 0.034331
v 0.005252 0.017953 0.033257
v 0.010001 0.024120 -0.006650
v 0.009955 0.023727 -0.005605
v 0.006727 0.028956 -0.003625
v 0.006773 0.029354 -0.004683
v 0.009221 0.021964 -0.000645
v 0.007290 0.027059 0.001933
v 0.006727 0.028956 -0.003625
v 0.009955 0.023727 -0.005605
v 0.023680 0.021865 0.022411
v 0.026043 0.022795 0.016445
v 0.023507 0.020535 0.021911
v 0.019339 0.021059 0.022334
v 0.019339 0.020767 0.022224
v 0.020421 0.022251 0.022669
v 0.019339 0.023840 0.023379
v 0.011404 0.018153 0.037446
v 0.013230 0.017452 0.039310
v 0.013230 0.020625 0.036402
v 0.015055 0.018153 0.037446
v 0.012569 0.021345 0.035059
v 0.013230 0.021615 0.035045
v 0.013890 0.021274 0.035032
v 0.014906 0.020114 0.034977
v 0.011553 0.020256 0.035030
v 0.010001 0.034587 -0.002715
v 0.006773 0.029354 -0.004683
v 0.006727 0.028956 -0.003625
v 0.009446 0.034373 -0.001588
v 0.011318 0.032066 -0.002491
v 0.010324 0.034064 -0.002912
v 0.016135 0.034064 -0.002912
v 0.015141 0.032066 -0.002491
v 0.007419 0.029354 -0.004683
v 0.009407 0.028968 -0.003656
v 0.010324 0.024643 -0.006453
v 0.011318 0.025869 -0.004821
v 0.016135 0.024643 -0.006453
v 0.015141 0.025869 -0.004821
v 0.019040 0.029354 -0.004683
v 0.017052 0.028968 -0.003656
v 0.013230 0.028968 -0.003656
v -0.010088 0.018686 0.036028
v -0.008495 0.020263 0.032842
v -0.010058 0.020214 0.034434
v -0.009612 0.023570 0.029848
v -0.007817 0.026855 0.018943
v -0.011529 0.021788 0.034597
v -0.012708 0.022401 0.034527
v -0.012708 0.024625 0.030245
v -0.015804 0.023570 0.029848
v -0.012708 0.027525 0.025518
v -0.013887 0.021670 0.034553
v -0.015358 0.019978 0.034345
v -0.016921 0.020263 0.032842
v -0.017599 0.026855 0.018943
v -0.009415 0.026547 0.025150
v -0.009692 0.028844 0.021313
v -0.011507 0.029617 0.021604
v -0.012708 0.030069 0.021421
v -0.013909 0.029617 0.021604
v -0.013786 0.030047 0.020953
v -0.011631 0.030047 0.020953
v -0.010627 0.029844 0.019646
v -0.015724 0.028844 0.021313
v -0.016002 0.026547 0.025150
v -0.014789 0.029822 0.019704
v -0.012708 0.029881 0.018856
v -0.014713 0.029991 0.017373
v -0.013864 0.030346 0.016429
v -0.010703 0.030013 0.017315
v -0.011552 0.030346 0.016429
v -0.010951 0.030141 0.014792
v -0.012708 0.030541 0.015909
v -0.013291 0.030833 0.015498
v -0.012708 0.030936 0.015223
v -0.013511 0.030673 0.014206
v -0.012708 0.030806 0.013853
v -0.011899 0.030715 0.014094
v -0.012125 0.030833 0.015498
v -0.014465 0.030036 0.015071
v -0.019080 0.010713 0.045497
v -0.021585 0.010644 0.047051
v -0.030123 0.013966 0.039232
v -0.019080 0.013135 0.038919
v -0.030123 0.012109 0.044334
v -0.025361 0.011447 0.047597
v -0.019080 0.010190 0.049091
v -0.021585 0.011019 0.050224
v -0.019113 0.010383 0.051793
v -0.030123 0.018954 0.025450
v -0.019080 0.019167 0.025602
v -0.022986 0.020535 0.021911
v -0.030123 0.020426 0.021870
v -0.030123 0.021899 0.018290
v -0.025522 0.022795 0.016445
v -0.018818 0.020767 0.022224
v -0.021585 0.011019 0.050224
v -0.021585 0.010644 0.047051
v -0.016167 0.034373 -0.001588
v -0.019133 0.031662 -0.002622
v -0.018910 0.032013 0.003177
v -0.019306 0.029400 0.002194
v -0.015175 0.035219 0.002112
v -0.015175 0.032336 0.009781
v -0.018910 0.028716 0.011811
v -0.015936 0.034587 -0.002715
v -0.019133 0.031662 -0.002622
v -0.019164 0.029354 -0.004683
v -0.019118 0.028961 -0.003637
v -0.017599 0.026855 0.018943
v -0.016834 0.029331 0.014488
v -0.018818 0.026399 0.018772
v -0.018818 0.023840 0.023379
v -0.018857 0.023064 0.024376
v -0.018542 0.021934 0.026924
v -0.015175 0.032336 0.009781
v -0.015175 0.030419 0.012857
v -0.016921 0.020263 0.032842
v -0.016834 0.029331 0.014488
v -0.014465 0.030036 0.015071
v -0.015175 0.030419 0.012857
v -0.013511 0.030673 0.014206
v -0.015175 0.032336 0.009781
v -0.017599 0.026855 0.018943
v -0.012708 0.030806 0.013853
v -0.010241 0.032336 0.009781
v -0.011899 0.030715 0.014094
v -0.010241 0.030419 0.012857
v -0.010951 0.030141 0.014792
v -0.008582 0.029331 0.014488
v -0.007817 0.026855 0.018943
v -0.010241 0.035206 0.002147
v -0.015175 0.035219 0.002112
v -0.015175 0.035219 0.002112
v -0.010241 0.035206 0.002147
v -0.012708 0.034373 -0.001588
v -0.016167 0.034373 -0.001588
v -0.008925 0.034373 -0.001588
v -0.016167 0.034373 -0.001588
v -0.012708 0.034373 -0.001588
v -0.015936 0.034587 -0.002715
v -0.009480 0.034587 -0.002715
v -0.008925 0.034373 -0.001588
v -0.006972 0.023822 0.023373
v -0.006837 0.025866 0.018571
v -0.007817 0.026855 0.018943
v -0.008582 0.029331 0.014488
v -0.006924 0.028716 0.011811
v -0.010241 0.032336 0.009781
v -0.010241 0.030419 0.012857
v -0.008495 0.020263 0.032842
v -0.006206 0.030024 0.001146
v 0.000261 0.032292 -0.001441
v 0.000261 0.031447 -0.002638
v -0.006717 0.032009 0.004557
v 0.000261 0.033466 0.000680
v -0.019306 0.029400 0.002194
v -0.019133 0.031662 -0.002622
v -0.022117 0.029400 0.002194
v -0.020215 0.030528 -0.001956
v -0.021802 0.025986 0.000911
v -0.019781 0.027493 -0.003097
v -0.019118 0.028961 -0.003637
v -0.020475 0.023790 0.000086
v -0.018375 0.024585 -0.004190
v -0.018350 0.022380 -0.000445
v -0.015890 0.023727 -0.005605
v -0.016065 0.021772 -0.000673
v -0.010241 0.032336 0.009781
v -0.006717 0.032009 0.004557
v -0.010241 0.035206 0.002147
v -0.006924 0.028716 0.011811
v -0.008925 0.034373 -0.001588
v -0.006206 0.030024 0.001146
v -0.006206 0.028956 -0.003625
v -0.006672 0.029285 0.003114
v -0.006769 0.027059 0.001933
v -0.009434 0.023727 -0.005605
v -0.015890 0.023727 -0.005605
v -0.015936 0.024120 -0.006650
v -0.009480 0.024120 -0.006650
v -0.016065 0.021772 -0.000673
v -0.008699 0.021964 -0.000645
v -0.016338 0.021170 0.002401
v -0.008699 0.021964 -0.000645
v -0.006769 0.027059 0.001933
v -0.006672 0.029285 0.003114
v -0.008859 0.022886 -0.000167
v -0.018519 0.029354 -0.004683
v -0.015613 0.024643 -0.006453
v -0.015936 0.024120 -0.006650
v -0.019164 0.029354 -0.004683
v -0.015936 0.034587 -0.002715
v -0.015613 0.034064 -0.002912
v -0.009803 0.024643 -0.006453
v -0.009480 0.024120 -0.006650
v -0.006897 0.029354 -0.004683
v -0.006252 0.029354 -0.004683
v -0.009803 0.034064 -0.002912
v -0.009480 0.034587 -0.002715
v -0.015890 0.023727 -0.005605
v -0.019118 0.028961 -0.003637
v -0.019164 0.029354 -0.004683
v -0.015936 0.024120 -0.006650
v -0.022986 0.020535 0.021911
v -0.018818 0.021059 0.022334
v -0.018818 0.020767 0.022224
v -0.023159 0.021865 0.022411
v -0.025522 0.022795 0.016445
v -0.019899 0.022251 0.022669
v -0.018818 0.023840 0.023379
v -0.015844 0.021794 0.002459
v -0.016338 0.021170 0.002401
v -0.008699 0.021964 -0.000645
v -0.008859 0.022886 -0.000167
v -0.030123 0.021899 0.018290
v -0.030123 0.020426 0.021870
v -0.030123 0.021336 0.022212
v -0.030123 0.018954 0.025450
v -0.030123 0.020299 0.025956
v -0.030123 0.018336 0.032118
v -0.030123 0.013966 0.039232
v -0.030123 0.015407 0.039773
v -0.030123 0.012109 0.044334
v -0.018910 0.032013 0.003177
v -0.016060 0.028515 0.005162
v -0.018910 0.028716 0.011811
v -0.016060 0.027833 0.006975
v -0.018818 0.026399 0.018772
v -0.016060 0.021936 0.022664
v -0.018818 0.023840 0.023379
v -0.018818 0.021059 0.022334
v -0.021802 0.025986 0.000911
v -0.020475 0.023790 0.000086
v -0.019306 0.029400 0.002194
v -0.022117 0.029400 0.002194
v -0.018350 0.022380 -0.000445
v -0.016060 0.028515 0.005162
v -0.018910 0.032013 0.003177
v -0.016065 0.021772 -0.000673
v -0.016338 0.021170 0.002401
v -0.015844 0.021794 0.002459
v -0.018229 0.011486 0.051013
v -0.012708 0.013248 0.049123
v -0.012708 0.014072 0.049433
v -0.019113 0.010383 0.051793
v -0.008094 0.013459 0.045211
v -0.008132 0.014666 0.045665
v -0.008216 0.012063 0.051879
v -0.008192 0.011901 0.050379
v -0.008216 0.012063 0.051879
v -0.012708 0.014072 0.049433
v -0.012708 0.013248 0.049123
v -0.006960 0.027964 0.007958
v -0.005164 0.027060 0.010362
v -0.006495 0.018295 0.033678
v -0.005164 0.018670 0.032681
v -0.015626 0.027964 0.007957
v -0.015626 0.018295 0.033678
v -0.016060 0.027833 0.006975
v -0.015246 0.021715 0.003127
v -0.009427 0.021807 0.003162
v -0.006672 0.027833 0.006975
v -0.009427 0.021807 0.003162
v -0.015246 0.021715 0.003127
v -0.008859 0.022886 -0.000167
v -0.015844 0.021794 0.002459
v -0.015246 0.021715 0.003127
v -0.016060 0.027833 0.006975
v -0.015844 0.021794 0.002459
v -0.016060 0.028515 0.005162
v -0.006672 0.027833 0.006975
v -0.008859 0.022886 -0.000167
v -0.006672 0.029285 0.003114
v -0.009427 0.021807 0.003162
v -0.015626 0.018295 0.033678
v -0.016060 0.021936 0.022664
v -0.015626 0.027964 0.007957
v -0.016060 0.027833 0.006975
v -0.016060 0.017549 0.034331
v -0.006495 0.018295 0.033678
v -0.006429 0.017549 0.034331
v -0.016060 0.017549 0.034331
v -0.015626 0.018295 0.033678
v -0.006960 0.027964 0.007958
v -0.006672 0.027833 0.006975
v -0.004730 0.026842 0.009611
v -0.005164 0.027060 0.010362
v -0.015626 0.027964 0.007957
v -0.016060 0.027833 0.006975
v -0.006672 0.027833 0.006975
v -0.006960 0.027964 0.007958
v -0.005164 0.027060 0.010362
v -0.004730 0.026842 0.009611
v -0.004730 0.017953 0.033257
v -0.005164 0.018670 0.032681
v -0.005164 0.018670 0.032681
v -0.004730 0.017953 0.033257
v -0.006429 0.017549 0.034331
v -0.006495 0.018295 0.033678
v -0.009480 0.024120 -0.006650
v -0.006252 0.029354 -0.004683
v -0.006206 0.028956 -0.003625
v -0.009434 0.023727 -0.005605
v -0.006206 0.028956 -0.003625
v -0.008699 0.021964 -0.000645
v -0.009434 0.023727 -0.005605
v -0.006769 0.027059 0.001933
v -0.012708 0.021615 0.035045
v -0.013368 0.021274 0.035032
v -0.012708 0.020625 0.036402
v -0.012048 0.021345 0.035059
v -0.014534 0.018153 0.037446
v -0.012708 0.017452 0.039310
v -0.010882 0.018153 0.037446
v -0.011031 0.020256 0.035030
v -0.010808 0.020346 0.035064
v -0.011859 0.021462 0.035103
v -0.012708 0.021833 0.035127
v -0.013557 0.021377 0.035071
v -0.014385 0.020114 0.034977
v -0.014608 0.020185 0.035004
v -0.015329 0.018686 0.036028
v -0.014975 0.013915 0.043999
v -0.019080 0.010713 0.045497
v -0.016060 0.014765 0.041739
v -0.019072 0.013555 0.039077
v -0.016060 0.017549 0.034331
v -0.019080 0.013135 0.038919
v -0.019080 0.019167 0.025602
v -0.019080 0.019528 0.025738
v -0.016060 0.021936 0.022664
v -0.012708 0.013040 0.047970
v -0.019080 0.010190 0.049091
v -0.012708 0.013248 0.049123
v -0.019113 0.010383 0.051793
v -0.009480 0.034587 -0.002715
v -0.008925 0.034373 -0.001588
v -0.006206 0.028956 -0.003625
v -0.006252 0.029354 -0.004683
v -0.010797 0.032066 -0.002491
v -0.014619 0.032066 -0.002491
v -0.015613 0.034064 -0.002912
v -0.009803 0.034064 -0.002912
v -0.006897 0.029354 -0.004683
v -0.008886 0.028968 -0.003656
v -0.009803 0.024643 -0.006453
v -0.010797 0.025869 -0.004821
v -0.015613 0.024643 -0.006453
v -0.014619 0.025869 -0.004821
v -0.018519 0.029354 -0.004683
v -0.016530 0.028968 -0.003656
v -0.012708 0.028968 -0.003656
v 0.004625 0.015844 0.047118
v 0.002574 0.018142 0.045125
v 0.000261 0.013232 0.048999
v 0.000261 0.019012 0.044095
v -0.002053 0.018142 0.045125
v -0.004104 0.015844 0.047118
v -0.005180 0.013232 0.048999
v 0.005702 0.013232 0.048999
v 0.005715 0.014738 0.045692
v 0.000261 0.013232 0.048999
v 0.000261 0.014738 0.045692
v -0.005193 0.014738 0.045692
v -0.005180 0.013232 0.048999
v 0.005702 0.013232 0.048999
v 0.013230 0.013248 0.049123
v 0.013230 0.014072 0.049433
v 0.008738 0.012063 0.051879
v -0.018818 0.021059 0.022334
v -0.016060 0.021936 0.022664
v -0.019080 0.019528 0.025738
v -0.018818 0.020767 0.022224
v -0.019080 0.019167 0.025602
v 0.010609 0.018686 0.036028
v 0.019200 -0.013285 0.030710
v 0.022293 -0.011985 0.033584
v 0.019200 -0.013691 0.033796
v 0.014604 -0.014319 0.033992
v 0.014604 -0.014117 0.030424
v 0.011919 -0.013144 0.032818
v 0.012021 -0.012684 0.031399
v 0.022285 -0.011768 0.031481
v 0.014604 -0.014117 0.030424
v 0.011988 -0.012064 0.029570
v 0.014207 -0.011446 0.027481
v 0.019200 -0.011144 0.028413
v 0.019200 -0.013285 0.030710
v 0.021951 -0.010162 0.030112
v 0.022285 -0.011768 0.031481
v -0.021772 -0.011985 0.033584
v -0.018678 -0.013285 0.030710
v -0.018678 -0.013691 0.033796
v -0.014083 -0.014319 0.033992
v -0.014083 -0.014117 0.030424
v -0.011397 -0.013144 0.032818
v -0.011500 -0.012684 0.031399
v -0.021763 -0.011768 0.031481
v -0.014083 -0.014117 0.030424
v -0.011467 -0.012064 0.029570
v -0.013686 -0.011446 0.027481
v -0.018678 -0.011144 0.028413
v -0.018678 -0.013285 0.030710
v -0.021430 -0.010162 0.030112
v -0.021763 -0.011768 0.031481
v 0.024204 -0.004587 0.030831
v 0.019165 0.005230 0.031223
v 0.024846 0.001110 0.032285
v 0.021010 0.010376 0.033333
v 0.021827 -0.004963 0.029302
v 0.023996 -0.008115 0.029993
v 0.021722 -0.008103 0.027798
v 0.016982 -0.005002 0.026165
v 0.014185 -0.008958 0.024973
v 0.012409 0.004712 0.029220
v 0.011861 -0.010410 0.026796
v 0.011060 -0.008305 0.028806
v 0.008655 0.005865 0.033215
v 0.008623 0.016349 0.033627
v 0.009155 -0.003041 0.031560
v 0.009489 -0.008968 0.030432
v 0.011199 -0.010872 0.027510
v 0.011060 -0.012773 0.030846
v 0.011272 -0.009531 0.032065
v 0.011199 -0.014724 0.026062
v 0.011060 -0.014540 0.035455
v 0.010992 -0.018180 0.032241
v 0.011199 -0.010872 0.027510
v 0.011199 -0.014724 0.026062
v 0.012531 -0.013791 0.025415
v 0.011861 -0.010410 0.026796
v 0.014185 -0.008958 0.024973
v 0.014185 -0.012695 0.024669
v 0.018372 -0.012091 0.026433
v 0.021722 -0.008103 0.027798
v 0.021867 -0.011869 0.027942
v 0.023059 -0.012152 0.029329
v 0.023996 -0.008115 0.029993
v 0.013851 -0.017401 0.032739
v 0.016098 -0.017477 0.034388
v 0.010992 -0.018180 0.032241
v 0.011908 -0.017583 0.031766
v 0.016098 -0.016989 0.033496
v 0.017873 -0.016363 0.033543
v 0.011908 -0.016217 0.029268
v 0.011199 -0.014724 0.026062
v 0.011908 -0.014987 0.027019
v 0.013042 -0.014003 0.026214
v 0.017873 -0.016770 0.034287
v 0.021866 -0.015086 0.033892
v 0.021297 -0.014964 0.033287
v 0.022203 -0.014162 0.032428
v 0.023059 -0.014067 0.032830
v 0.022203 -0.013379 0.030997
v 0.023059 -0.012152 0.029329
v 0.022203 -0.012728 0.029806
v 0.021867 -0.011869 0.027942
v 0.021298 -0.012515 0.028742
v 0.018093 -0.012575 0.027132
v 0.018372 -0.012091 0.026433
v 0.014185 -0.012695 0.024669
v 0.012531 -0.013791 0.025415
v 0.014185 -0.013174 0.025584
v 0.011060 -0.014540 0.035455
v 0.016098 -0.017477 0.034388
v 0.015962 -0.012796 0.037582
v 0.010992 -0.018180 0.032241
v 0.018107 -0.013937 0.036593
v 0.017873 -0.016770 0.034287
v 0.021866 -0.015086 0.033892
v 0.022700 -0.010368 0.036013
v 0.024112 -0.009704 0.034219
v 0.020012 -0.010414 0.037421
v 0.023059 -0.014067 0.032830
v 0.011060 -0.014540 0.035455
v 0.011606 -0.010690 0.037095
v 0.011272 -0.010523 0.035340
v 0.010857 -0.001515 0.039438
v 0.015962 -0.012796 0.037582
v 0.015962 -0.009066 0.039430
v 0.018107 -0.013937 0.036593
v 0.018107 -0.010066 0.038545
v 0.019926 -0.006905 0.039143
v 0.016472 -0.004312 0.041529
v 0.022205 -0.003314 0.038876
v 0.016472 -0.002056 0.042156
v 0.023373 -0.000332 0.038754
v 0.011898 -0.003521 0.039426
v 0.020012 -0.010414 0.037421
v 0.022700 -0.006806 0.037352
v 0.024478 -0.001492 0.037305
v 0.022700 -0.010368 0.036013
v 0.024271 -0.006200 0.035536
v 0.024112 -0.009704 0.034219
v 0.016472 0.002044 0.042137
v 0.012144 -0.010531 0.031056
v 0.014552 -0.010080 0.029052
v 0.014793 -0.011146 0.031559
v 0.012145 -0.011118 0.032617
v 0.015035 -0.012212 0.034065
v 0.020468 -0.010437 0.032885
v 0.020468 -0.009811 0.031220
v 0.011272 -0.009531 0.032065
v 0.011060 -0.012773 0.030846
v 0.011060 -0.014540 0.035455
v 0.011272 -0.010523 0.035340
v 0.010770 0.000573 0.036986
v 0.010857 -0.001515 0.039438
v 0.008623 0.013537 0.043708
v 0.015441 0.009326 0.042125
v 0.008623 0.013887 0.042777
v 0.021010 0.013575 0.043722
v 0.021010 0.013689 0.035536
v 0.008623 0.016349 0.033627
v 0.021010 0.010376 0.033333
v 0.012409 0.004712 0.029220
v 0.019165 0.005230 0.031223
v 0.008623 0.013887 0.042777
v 0.023373 -0.000332 0.038754
v 0.010857 -0.001515 0.039438
v 0.016472 0.002044 0.042137
v 0.022634 0.003503 0.034007
v 0.021010 0.013689 0.035536
v 0.021010 0.013575 0.043722
v 0.022785 0.002689 0.037747
v 0.021010 0.010376 0.033333
v 0.024846 0.001110 0.032285
v 0.023059 -0.014067 0.032830
v 0.024054 -0.008954 0.032225
v 0.024112 -0.009704 0.034219
v 0.023059 -0.012152 0.029329
v 0.023996 -0.008115 0.029993
v 0.024054 -0.008954 0.032225
v 0.024204 -0.004587 0.030831
v 0.024271 -0.006200 0.035536
v 0.023996 -0.008115 0.029993
v 0.024846 0.001110 0.032285
v 0.024478 -0.001492 0.037305
v 0.024077 0.003503 0.034007
v 0.024437 0.002295 0.037219
v 0.024112 -0.009704 0.034219
v 0.013042 -0.014003 0.026214
v 0.014185 -0.013174 0.025584
v 0.014552 -0.010080 0.029052
v 0.012144 -0.010531 0.031056
v 0.011908 -0.014987 0.027019
v 0.011908 -0.016217 0.029268
v 0.011908 -0.014987 0.027019
v 0.012144 -0.010531 0.031056
v 0.012145 -0.011118 0.032617
v 0.011908 -0.017583 0.031766
v 0.013851 -0.017401 0.032739
v 0.011908 -0.017583 0.031766
v 0.012145 -0.011118 0.032617
v 0.015035 -0.012212 0.034065
v 0.016098 -0.016989 0.033496
v 0.017873 -0.016363 0.033543
v 0.016098 -0.016989 0.033496
v 0.015035 -0.012212 0.034065
v 0.020468 -0.010437 0.032885
v 0.021297 -0.014964 0.033287
v 0.022203 -0.014162 0.032428
v 0.022203 -0.013379 0.030997
v 0.022203 -0.014162 0.032428
v 0.020468 -0.010437 0.032885
v 0.020468 -0.009811 0.031220
v 0.022203 -0.012728 0.029806
v 0.018093 -0.012575 0.027132
v 0.021298 -0.012515 0.028742
v 0.020468 -0.009811 0.031220
v 0.014552 -0.010080 0.029052
v 0.014185 -0.013174 0.025584
v 0.022203 -0.012728 0.029806
v 0.008623 0.013537 0.043708
v 0.006116 0.006311 0.040539
v 0.010770 0.005210 0.040125
v 0.000261 0.013537 0.043708
v 0.000261 0.006311 0.040539
v 0.000261 -0.002787 0.034271
v 0.003985 -0.004176 0.033840
v 0.010770 0.000573 0.036986
v 0.011272 -0.009531 0.032065
v 0.015441 0.009326 0.042125
v 0.010770 0.000573 0.036986
v 0.009906 -0.009576 0.032048
v 0.022785 0.002689 0.037747
v 0.021010 0.013575 0.043722
v -0.005594 0.006311 0.040539
v -0.008102 0.013537 0.043708
v -0.010248 0.005210 0.040125
v -0.003464 -0.004176 0.033840
v -0.010248 0.000573 0.036986
v -0.010750 -0.009531 0.032065
v -0.014920 0.009326 0.042125
v -0.010248 0.000573 0.036986
v -0.009385 -0.009576 0.032048
v -0.022263 0.002689 0.037747
v -0.020488 0.013575 0.043722
v 0.000261 0.013887 0.042777
v 0.000261 0.013537 0.043708
v 0.008623 0.013537 0.043708
v 0.008623 0.013887 0.042777
v -0.008102 0.013537 0.043708
v -0.008102 0.013887 0.042777
v 0.009155 -0.003041 0.031560
v 0.003985 -0.004176 0.033840
v 0.000261 -0.002787 0.034271
v 0.000261 -0.003041 0.031560
v -0.008634 -0.003041 0.031560
v -0.003464 -0.004176 0.033840
v 0.009155 -0.003041 0.031560
v 0.009906 -0.009576 0.032048
v 0.003985 -0.004176 0.033840
v 0.009906 -0.009576 0.032048
v 0.011060 -0.008305 0.028806
v 0.011272 -0.009531 0.032065
v 0.009489 -0.008968 0.030432
v 0.008623 0.016349 0.033627
v 0.008655 0.005865 0.033215
v 0.008623 0.013887 0.042777
v 0.009155 -0.003041 0.031560
v 0.021010 0.013575 0.043722
v 0.008623 0.013887 0.042777
v 0.015441 0.009326 0.042125
v 0.023373 -0.000332 0.038754
v 0.010770 0.000573 0.036986
v 0.010857 -0.001515 0.039438
v 0.022785 0.002689 0.037747
v 0.023373 -0.000332 0.038754
v 0.024478 -0.001492 0.037305
v 0.024437 0.002295 0.037219
v 0.022785 0.002689 0.037747
v 0.024437 0.002295 0.037219
v 0.024077 0.003503 0.034007
v 0.022634 0.003503 0.034007
v 0.022785 0.002689 0.037747
v 0.024846 0.001110 0.032285
v 0.000261 0.013887 0.042777
v 0.008623 0.013887 0.042777
v 0.009155 -0.003041 0.031560
v 0.000261 -0.003041 0.031560
v -0.008634 -0.003041 0.031560
v -0.008102 0.013887 0.042777
v 0.009155 -0.003041 0.031560
v 0.009489 -0.008968 0.030432
v 0.009906 -0.009576 0.032048
v -0.018644 0.005230 0.031223
v -0.023682 -0.004587 0.030831
v -0.024325 0.001110 0.032285
v -0.020488 0.010376 0.033333
v -0.021306 -0.004963 0.029302
v -0.023474 -0.008115 0.029993
v -0.021200 -0.008103 0.027798
v -0.016460 -0.005002 0.026165
v -0.013664 -0.008958 0.024973
v -0.011887 0.004712 0.029220
v -0.011339 -0.010410 0.026796
v -0.010538 -0.008305 0.028806
v -0.008134 0.005865 0.033215
v -0.008102 0.016349 0.033627
v -0.008634 -0.003041 0.031560
v -0.008968 -0.008968 0.030432
v -0.010677 -0.010872 0.027510
v -0.010538 -0.012773 0.030846
v -0.010750 -0.009531 0.032065
v -0.010677 -0.014724 0.026062
v -0.010538 -0.014540 0.035455
v -0.010470 -0.018180 0.032241
v -0.010677 -0.014724 0.026062
v -0.010677 -0.010872 0.027510
v -0.012009 -0.013791 0.025415
v -0.011339 -0.010410 0.026796
v -0.013664 -0.008958 0.024973
v -0.013664 -0.012695 0.024669
v -0.017850 -0.012091 0.026433
v -0.021200 -0.008103 0.027798
v -0.021346 -0.011869 0.027942
v -0.022537 -0.012152 0.029329
v -0.023474 -0.008115 0.029993
v -0.015576 -0.017477 0.034388
v -0.013330 -0.017401 0.032739
v -0.010470 -0.018180 0.032241
v -0.011386 -0.017583 0.031766
v -0.015576 -0.016989 0.033496
v -0.017351 -0.016363 0.033543
v -0.011386 -0.016217 0.029268
v -0.010677 -0.014724 0.026062
v -0.011386 -0.014987 0.027019
v -0.012521 -0.014003 0.026214
v -0.017351 -0.016770 0.034287
v -0.021345 -0.015086 0.033892
v -0.020776 -0.014964 0.033287
v -0.021681 -0.014162 0.032428
v -0.022537 -0.014067 0.032830
v -0.021681 -0.013379 0.030997
v -0.022537 -0.012152 0.029329
v -0.021681 -0.012728 0.029806
v -0.021346 -0.011869 0.027942
v -0.020777 -0.012515 0.028742
v -0.017571 -0.012575 0.027132
v -0.017850 -0.012091 0.026433
v -0.013664 -0.012695 0.024669
v -0.012009 -0.013791 0.025415
v -0.013664 -0.013174 0.025584
v -0.015576 -0.017477 0.034388
v -0.010538 -0.014540 0.035455
v -0.015440 -0.012796 0.037582
v -0.010470 -0.018180 0.032241
v -0.017585 -0.013937 0.036593
v -0.017351 -0.016770 0.034287
v -0.021345 -0.015086 0.033892
v -0.022179 -0.010368 0.036013
v -0.023590 -0.009704 0.034219
v -0.019491 -0.010414 0.037421
v -0.022537 -0.014067 0.032830
v -0.011084 -0.010690 0.037095
v -0.010538 -0.014540 0.035455
v -0.010750 -0.010523 0.035340
v -0.010335 -0.001515 0.039438
v -0.015440 -0.012796 0.037582
v -0.015440 -0.009066 0.039430
v -0.017585 -0.013937 0.036593
v -0.017585 -0.010066 0.038545
v -0.019405 -0.006905 0.039143
v -0.015950 -0.004312 0.041529
v -0.021684 -0.003314 0.038876
v -0.015950 -0.002056 0.042156
v -0.022852 -0.000332 0.038754
v -0.011377 -0.003521 0.039426
v -0.019491 -0.010414 0.037421
v -0.022179 -0.006806 0.037352
v -0.023957 -0.001492 0.037305
v -0.022179 -0.010368 0.036013
v -0.023749 -0.006200 0.035536
v -0.023590 -0.009704 0.034219
v -0.015950 0.002044 0.042137
v -0.014030 -0.010080 0.029052
v -0.011623 -0.010531 0.031056
v -0.014272 -0.011146 0.031559
v -0.011623 -0.011118 0.032617
v -0.014513 -0.012212 0.034065
v -0.019946 -0.010437 0.032885
v -0.019946 -0.009811 0.031220
v -0.010750 -0.009531 0.032065
v -0.010750 -0.010523 0.035340
v -0.010538 -0.014540 0.035455
v -0.010538 -0.012773 0.030846
v -0.010248 0.000573 0.036986
v -0.010335 -0.001515 0.039438
v -0.014920 0.009326 0.042125
v -0.008102 0.013537 0.043708
v -0.008102 0.013887 0.042777
v -0.020488 0.013689 0.035536
v -0.020488 0.013575 0.043722
v -0.008102 0.016349 0.033627
v -0.020488 0.010376 0.033333
v -0.011887 0.004712 0.029220
v -0.018644 0.005230 0.031223
v -0.008102 0.013887 0.042777
v -0.010335 -0.001515 0.039438
v -0.022852 -0.000332 0.038754
v -0.015950 0.002044 0.042137
v -0.022112 0.003503 0.034007
v -0.022263 0.002689 0.037747
v -0.020488 0.013575 0.043722
v -0.020488 0.013689 0.035536
v -0.020488 0.010376 0.033333
v -0.024325 0.001110 0.032285
v -0.023532 -0.008954 0.032225
v -0.022537 -0.014067 0.032830
v -0.023590 -0.009704 0.034219
v -0.022537 -0.012152 0.029329
v -0.023474 -0.008115 0.029993
v -0.023532 -0.008954 0.032225
v -0.023590 -0.009704 0.034219
v -0.023749 -0.006200 0.035536
v -0.023682 -0.004587 0.030831
v -0.023474 -0.008115 0.029993
v -0.024325 0.001110 0.032285
v -0.023957 -0.001492 0.037305
v -0.023556 0.003503 0.034007
v -0.023916 0.002295 0.037219
v -0.013664 -0.013174 0.025584
v -0.012521 -0.014003 0.026214
v -0.014030 -0.010080 0.029052
v -0.011623 -0.010531 0.031056
v -0.011386 -0.014987 0.027019
v -0.011386 -0.014987 0.027019
v -0.011386 -0.016217 0.029268
v -0.011623 -0.010531 0.031056
v -0.011623 -0.011118 0.032617
v -0.011386 -0.017583 0.031766
v -0.011386 -0.017583 0.031766
v -0.013330 -0.017401 0.032739
v -0.011623 -0.011118 0.032617
v -0.014513 -0.012212 0.034065
v -0.015576 -0.016989 0.033496
v -0.015576 -0.016989 0.033496
v -0.017351 -0.016363 0.033543
v -0.014513 -0.012212 0.034065
v -0.019946 -0.010437 0.032885
v -0.020776 -0.014964 0.033287
v -0.021681 -0.014162 0.032428
v -0.021681 -0.014162 0.032428
v -0.021681 -0.013379 0.030997
v -0.019946 -0.010437 0.032885
v -0.019946 -0.009811 0.031220
v -0.021681 -0.012728 0.029806
v -0.020777 -0.012515 0.028742
v -0.017571 -0.012575 0.027132
v -0.019946 -0.009811 0.031220
v -0.014030 -0.010080 0.029052
v -0.013664 -0.013174 0.025584
v -0.021681 -0.012728 0.029806
v -0.009385 -0.009576 0.032048
v -0.008634 -0.003041 0.031560
v -0.003464 -0.004176 0.033840
v -0.010538 -0.008305 0.028806
v -0.009385 -0.009576 0.032048
v -0.010750 -0.009531 0.032065
v -0.008968 -0.008968 0.030432
v -0.008134 0.005865 0.033215
v -0.008102 0.016349 0.033627
v -0.008102 0.013887 0.042777
v -0.008634 -0.003041 0.031560
v -0.008102 0.013887 0.042777
v -0.020488 0.013575 0.043722
v -0.014920 0.009326 0.042125
v -0.010248 0.000573 0.036986
v -0.022852 -0.000332 0.038754
v -0.010335 -0.001515 0.039438
v -0.022263 0.002689 0.037747
v -0.023957 -0.001492 0.037305
v -0.022852 -0.000332 0.038754
v -0.023916 0.002295 0.037219
v -0.022263 0.002689 0.037747
v -0.023916 0.002295 0.037219
v -0.022263 0.002689 0.037747
v -0.022112 0.003503 0.034007
v -0.023556 0.003503 0.034007
v -0.024325 0.001110 0.032285
v -0.008968 -0.008968 0.030432
v -0.008634 -0.003041 0.031560
v -0.009385 -0.009576 0.032048
v 0.020846 -0.002530 0.030442
v 0.025262 -0.001552 0.027192
v 0.020772 -0.008505 0.029141
v 0.027974 -0.000498 0.025706
v 0.026562 0.001719 0.027806
v 0.021665 0.003434 0.032828
v 0.026562 0.001719 0.027806
v 0.025768 -0.001764 0.027757
v 0.027974 -0.000498 0.025706
v 0.021665 0.003434 0.032828
v 0.021656 -0.002870 0.031346
v 0.020772 -0.008505 0.029141
v -0.024741 -0.001552 0.027192
v -0.020324 -0.002530 0.030442
v -0.020251 -0.008505 0.029141
v -0.027453 -0.000498 0.025706
v -0.026040 0.001719 0.027806
v -0.021144 0.003434 0.032828
v -0.025247 -0.001764 0.027757
v -0.026040 0.001719 0.027806
v -0.027453 -0.000498 0.025706
v -0.021144 0.003434 0.032828
v -0.021135 -0.002870 0.031346
v -0.020251 -0.008505 0.029141
v 0.010751 0.002755 0.037270
v 0.010857 -0.001695 0.028738
v 0.011272 -0.005961 0.019808
v 0.011272 -0.003097 0.017938
v 0.008655 0.007958 0.028715
v 0.009906 -0.003120 0.017896
v 0.011272 -0.003097 0.017938
v 0.011272 -0.005961 0.019808
v 0.009906 -0.006133 0.019649
v 0.006195 0.008619 0.028342
v 0.007078 0.002671 0.037317
v 0.010751 0.002755 0.037270
v 0.008655 0.007958 0.028715
v 0.006384 -0.005918 0.010345
v 0.007015 -0.009881 0.012633
v 0.007062 0.000396 0.032654
v 0.006195 0.008619 0.028342
v 0.007078 0.002671 0.037317
v 0.009906 -0.006719 0.010824
v 0.009906 -0.009932 0.012662
v 0.007015 -0.009881 0.012633
v 0.006384 -0.005918 0.010345
v 0.010857 -0.001695 0.028738
v 0.010751 0.002755 0.037270
v 0.007078 0.002671 0.037317
v 0.007062 0.000396 0.032654
v 0.009906 -0.006133 0.019649
v 0.011272 -0.005961 0.019808
v 0.007015 -0.009881 0.012633
v 0.009906 -0.009932 0.012662
v 0.008655 0.007958 0.028715
v 0.011272 -0.003097 0.017938
v 0.009906 -0.003120 0.017896
v 0.008655 0.007958 0.028715
v 0.009906 -0.003120 0.017896
v 0.009906 -0.006719 0.010824
v 0.009906 -0.006133 0.019649
v 0.009906 -0.009932 0.012662
v 0.009906 -0.006719 0.010824
v 0.006384 -0.005918 0.010345
v 0.006195 0.008619 0.028342
v 0.008655 0.007958 0.028715
v -0.010230 0.002755 0.037270
v -0.010750 -0.003097 0.017938
v -0.010750 -0.005961 0.019808
v -0.010335 -0.001695 0.028738
v -0.008134 0.007958 0.028715
v -0.009385 -0.003120 0.017896
v -0.009385 -0.006133 0.019649
v -0.010750 -0.005961 0.019808
v -0.010750 -0.003097 0.017938
v -0.006557 0.002671 0.037317
v -0.005673 0.008619 0.028342
v -0.010230 0.002755 0.037270
v -0.008134 0.007958 0.028715
v -0.006493 -0.009881 0.012633
v -0.005863 -0.005918 0.010345
v -0.006540 0.000396 0.032654
v -0.005673 0.008619 0.028342
v -0.006557 0.002671 0.037317
v -0.009385 -0.006719 0.010824
v -0.005863 -0.005918 0.010345
v -0.006493 -0.009881 0.012633
v -0.009385 -0.009932 0.012662
v -0.010230 0.002755 0.037270
v -0.010335 -0.001695 0.028738
v -0.006557 0.002671 0.037317
v -0.006540 0.000396 0.032654
v -0.009385 -0.006133 0.019649
v -0.010750 -0.005961 0.019808
v -0.006493 -0.009881 0.012633
v -0.009385 -0.009932 0.012662
v -0.010750 -0.003097 0.017938
v -0.008134 0.007958 0.028715
v -0.009385 -0.003120 0.017896
v -0.009385 -0.003120 0.017896
v -0.008134 0.007958 0.028715
v -0.009385 -0.006719 0.010824
v -0.009385 -0.006133 0.019649
v -0.009385 -0.009932 0.012662
v -0.009385 -0.006719 0.010824
v -0.008134 0.007958 0.028715
v -0.005673 0.008619 0.028342
v -0.005863 -0.005918 0.010345
v 0.006596 -0.015590 0.036234
v 0.004927 -0.014784 0.036502
v 0.006384 -0.006769 0.037805
v 0.002532 -0.006654 0.037497
v 0.002684 -0.013260 0.036383
v 0.003153 0.003573 0.051853
v 0.000261 0.006873 0.054140
v 0.000261 0.003209 0.053235
v 0.002209 -0.001250 0.051664
v 0.003844 -0.003549 0.050193
v 0.000261 0.000108 0.052478
v 0.005741 -0.001449 0.048655
v 0.004910 -0.006595 0.048305
v 0.005770 -0.009870 0.046189
v 0.007792 -0.009194 0.044391
v 0.009906 -0.000954 0.045070
v 0.007062 0.012408 0.050836
v 0.006267 -0.017980 0.041938
v 0.007844 -0.017064 0.040054
v 0.009906 -0.008355 0.042159
v 0.007844 -0.017064 0.040054
v 0.008984 -0.016353 0.038294
v 0.003153 0.018145 0.057309
v 0.005717 0.015207 0.054269
v 0.002209 -0.001250 0.051664
v 0.000261 -0.002496 0.052067
v 0.001276 -0.005754 0.050804
v 0.000261 -0.009401 0.050986
v 0.002095 -0.009099 0.050183
v 0.001376 -0.018402 0.047963
v 0.003844 -0.003549 0.050193
v 0.004910 -0.006595 0.048305
v 0.003725 -0.021495 0.045313
v 0.000846 -0.021955 0.047802
v 0.005770 -0.009870 0.046189
v 0.005176 -0.019238 0.043580
v 0.006267 -0.017980 0.041938
v -0.000754 -0.005754 0.050804
v 0.000261 -0.015678 0.049408
v 0.001215 -0.024074 0.047303
v 0.000261 -0.024570 0.047576
v 0.000261 -0.022198 0.047918
v 0.000726 -0.017180 0.050826
v 0.000553 -0.009971 0.059576
v 0.000261 -0.009941 0.060558
v 0.000261 -0.021350 0.048454
v 0.000871 -0.018356 0.048985
v 0.000261 -0.017072 0.049983
v 0.000261 -0.017309 0.049407
v 0.000261 -0.009958 0.058659
v 0.000261 -0.014140 0.052764
v 0.000261 -0.016372 0.050893
v 0.000846 -0.021955 0.047802
v 0.000261 -0.021350 0.048454
v 0.000261 -0.022198 0.047918
v 0.000871 -0.018356 0.048985
v 0.001376 -0.018402 0.047963
v 0.000261 -0.015678 0.049408
v 0.000261 -0.017309 0.049407
v -0.000324 -0.021955 0.047802
v -0.000350 -0.018356 0.048985
v -0.000855 -0.018402 0.047963
v 0.000261 -0.015678 0.049408
v 0.000261 -0.017309 0.049407
v 0.000261 0.019645 0.058477
v -0.002631 0.018145 0.057309
v -0.002631 0.003573 0.051853
v -0.001687 -0.001250 0.051664
v -0.003322 -0.003549 0.050193
v -0.005219 -0.001449 0.048655
v -0.004388 -0.006595 0.048305
v -0.005249 -0.009870 0.046189
v -0.007270 -0.009194 0.044391
v -0.009385 -0.000954 0.045070
v -0.006540 0.012408 0.050836
v -0.005195 0.015207 0.054269
v -0.005746 -0.017980 0.041938
v -0.007323 -0.017064 0.040054
v -0.009385 -0.008355 0.042159
v -0.007323 -0.017064 0.040054
v -0.008462 -0.016353 0.038294
v 0.002652 -0.011913 0.038642
v 0.004065 -0.016076 0.042342
v 0.000261 -0.010581 0.039142
v 0.000261 -0.011616 0.045144
v 0.005176 -0.019238 0.043580
v 0.006267 -0.017980 0.041938
v 0.004989 -0.017667 0.041740
v 0.004523 -0.015695 0.037969
v 0.002684 -0.013260 0.036383
v 0.004927 -0.014784 0.036502
v 0.003725 -0.021495 0.045313
v 0.000261 -0.019732 0.046731
v 0.001215 -0.024074 0.047303
v -0.003204 -0.021495 0.045313
v -0.000693 -0.024074 0.047303
v -0.003543 -0.016076 0.042342
v -0.002130 -0.011913 0.038642
v -0.004654 -0.019238 0.043580
v -0.005746 -0.017980 0.041938
v -0.004468 -0.017667 0.041740
v -0.004001 -0.015695 0.037969
v -0.002163 -0.013260 0.036383
v -0.004406 -0.014784 0.036502
v 0.000261 -0.024570 0.047576
v 0.002462 0.017355 0.056738
v 0.000261 0.010759 0.048567
v 0.000261 0.017355 0.056738
v 0.003148 0.010813 0.048953
v 0.006036 0.010457 0.050430
v -0.001941 0.017355 0.056738
v -0.002627 0.010813 0.048953
v -0.005514 0.010457 0.050430
v 0.006036 0.010457 0.050430
v 0.007062 0.012408 0.050836
v 0.009906 -0.000954 0.045070
v 0.008532 -0.000954 0.045070
v 0.008532 -0.008340 0.042102
v 0.009906 -0.008355 0.042159
v 0.006384 -0.006769 0.037805
v 0.002684 -0.006752 0.037803
v 0.008532 -0.008340 0.042102
v 0.002532 -0.006654 0.037497
v 0.009906 -0.007075 0.038686
v 0.009906 -0.008355 0.042159
v 0.007596 -0.016251 0.038333
v 0.004523 -0.015695 0.037969
v 0.006596 -0.015590 0.036234
v 0.004927 -0.014784 0.036502
v 0.008057 -0.014768 0.036628
v 0.008984 -0.016353 0.038294
v 0.008984 -0.015677 0.036465
v 0.007844 -0.017064 0.040054
v 0.006267 -0.017980 0.041938
v 0.004989 -0.017667 0.041740
v 0.000261 -0.010581 0.039142
v 0.000261 -0.006752 0.037803
v 0.002684 -0.006752 0.037803
v 0.002652 -0.011913 0.038642
v 0.000261 0.000676 0.040733
v -0.002162 -0.006752 0.037803
v -0.002130 -0.011913 0.038642
v 0.008532 -0.008340 0.042102
v 0.008532 -0.000954 0.045070
v 0.003148 0.010813 0.048953
v 0.000261 0.010759 0.048567
v 0.006036 0.010457 0.050430
v -0.002627 0.010813 0.048953
v -0.008010 -0.000954 0.045070
v -0.008010 -0.008340 0.042102
v -0.005514 0.010457 0.050430
v 0.002652 -0.011913 0.038642
v 0.002684 -0.006752 0.037803
v 0.002532 -0.006654 0.037497
v 0.002684 -0.013260 0.036383
v 0.000261 0.017355 0.056738
v 0.000261 0.019645 0.058477
v 0.003153 0.018145 0.057309
v 0.002462 0.017355 0.056738
v -0.002631 0.018145 0.057309
v -0.001941 0.017355 0.056738
v 0.005717 0.015207 0.054269
v 0.006036 0.010457 0.050430
v 0.007062 0.012408 0.050836
v -0.005195 0.015207 0.054269
v -0.005514 0.010457 0.050430
v -0.006540 0.012408 0.050836
v 0.008984 -0.016353 0.038294
v 0.008984 -0.015677 0.036465
v 0.009906 -0.007075 0.038686
v 0.009906 -0.008355 0.042159
v 0.008057 -0.014768 0.036628
v 0.006384 -0.006769 0.037805
v 0.009906 -0.007075 0.038686
v 0.008984 -0.015677 0.036465
v 0.006596 -0.015590 0.036234
v 0.000553 -0.009971 0.059576
v 0.000261 -0.009958 0.058659
v 0.000261 -0.009941 0.060558
v -0.000032 -0.009971 0.059576
v -0.004406 -0.014784 0.036502
v -0.006075 -0.015590 0.036234
v -0.005863 -0.006769 0.037805
v -0.002011 -0.006654 0.037497
v -0.002163 -0.013260 0.036383
v -0.001687 -0.001250 0.051664
v -0.000754 -0.005754 0.050804
v 0.000261 -0.002496 0.052067
v 0.000261 0.000108 0.052478
v -0.003322 -0.003549 0.050193
v -0.001573 -0.009099 0.050183
v 0.000261 -0.009401 0.050986
v -0.004388 -0.006595 0.048305
v -0.003204 -0.021495 0.045313
v -0.000855 -0.018402 0.047963
v -0.005249 -0.009870 0.046189
v -0.004654 -0.019238 0.043580
v -0.005746 -0.017980 0.041938
v 0.000261 -0.015678 0.049408
v -0.000324 -0.021955 0.047802
v -0.000693 -0.024074 0.047303
v 0.000261 -0.024570 0.047576
v 0.000261 -0.022198 0.047918
v -0.000032 -0.009971 0.059576
v -0.000204 -0.017180 0.050826
v 0.000261 -0.009941 0.060558
v 0.000261 -0.021350 0.048454
v -0.000350 -0.018356 0.048985
v 0.000261 -0.017309 0.049407
v 0.000261 -0.017072 0.049983
v 0.000261 -0.009958 0.058659
v 0.000261 -0.014140 0.052764
v 0.000261 -0.016372 0.050893
v -0.005514 0.010457 0.050430
v -0.008010 -0.000954 0.045070
v -0.009385 -0.000954 0.045070
v -0.006540 0.012408 0.050836
v -0.008010 -0.008340 0.042102
v -0.009385 -0.008355 0.042159
v -0.002011 -0.006654 0.037497
v -0.005863 -0.006769 0.037805
v -0.002162 -0.006752 0.037803
v -0.008010 -0.008340 0.042102
v -0.009385 -0.007075 0.038686
v -0.009385 -0.008355 0.042159
v -0.004001 -0.015695 0.037969
v -0.007074 -0.016251 0.038333
v -0.006075 -0.015590 0.036234
v -0.004406 -0.014784 0.036502
v -0.007536 -0.014768 0.036628
v -0.008462 -0.016353 0.038294
v -0.008462 -0.015677 0.036465
v -0.007323 -0.017064 0.040054
v -0.005746 -0.017980 0.041938
v -0.004468 -0.017667 0.041740
v -0.002130 -0.011913 0.038642
v -0.002163 -0.013260 0.036383
v -0.002011 -0.006654 0.037497
v -0.002162 -0.006752 0.037803
v -0.008462 -0.016353 0.038294
v -0.009385 -0.008355 0.042159
v -0.009385 -0.007075 0.038686
v -0.008462 -0.015677 0.036465
v -0.005863 -0.006769 0.037805
v -0.007536 -0.014768 0.036628
v -0.009385 -0.007075 0.038686
v -0.008462 -0.015677 0.036465
v -0.006075 -0.015590 0.036234
v 0.003666 -0.010829 0.042881
v 0.003666 -0.012474 0.044824
v 0.004221 -0.013048 0.043602
v 0.004128 -0.012308 0.042035
v 0.002935 -0.011251 0.039164
v 0.004128 -0.012299 0.039983
v 0.004128 -0.012892 0.038611
v 0.004221 -0.014440 0.043415
v 0.003666 -0.014315 0.044726
v 0.002104 -0.009840 0.043446
v 0.002104 -0.012223 0.046047
v 0.001642 -0.010833 0.038924
v 0.001868 -0.014501 0.035359
v 0.003209 -0.013960 0.037339
v 0.002104 -0.014632 0.045870
v 0.000261 -0.009493 0.043644
v 0.000261 -0.012211 0.046592
v 0.000261 -0.010391 0.038722
v 0.000261 -0.014754 0.034772
v 0.000261 -0.014909 0.046355
v -0.001582 -0.012223 0.046047
v -0.001582 -0.009840 0.043446
v -0.003145 -0.012474 0.044824
v -0.003145 -0.010829 0.042881
v -0.003699 -0.013048 0.043602
v -0.003606 -0.012308 0.042035
v -0.002413 -0.011251 0.039164
v -0.003606 -0.012299 0.039983
v -0.003606 -0.012892 0.038611
v -0.003699 -0.014440 0.043415
v -0.003145 -0.014315 0.044726
v -0.001120 -0.010833 0.038924
v -0.001347 -0.014501 0.035359
v -0.002687 -0.013960 0.037339
v -0.001582 -0.014632 0.045870
v 0.003872 -0.015816 0.037050
v 0.003209 -0.013960 0.037339
v 0.004128 -0.012892 0.038611
v 0.004591 -0.014848 0.040065
v 0.001713 -0.016033 0.034899
v 0.001868 -0.014501 0.035359
v 0.000261 -0.016095 0.034485
v 0.000261 -0.014754 0.034772
v -0.001347 -0.014501 0.035359
v -0.001192 -0.016033 0.034899
v -0.002687 -0.013960 0.037339
v -0.003351 -0.015816 0.037050
v -0.003606 -0.012892 0.038611
v -0.004069 -0.014848 0.040065
v 0.004128 -0.012299 0.039983
v 0.004591 -0.014848 0.040065
v 0.004128 -0.012308 0.042035
v 0.004591 -0.014705 0.042144
v 0.004221 -0.013048 0.043602
v 0.004221 -0.014440 0.043415
v 0.004162 -0.017512 0.041664
v 0.003666 -0.014315 0.044726
v 0.003146 -0.016298 0.043867
v 0.002104 -0.014632 0.045870
v 0.002104 -0.016264 0.044772
v 0.000261 -0.014909 0.046355
v 0.000261 -0.016615 0.045214
v 0.004598 -0.017620 0.040718
v 0.004509 -0.016535 0.039430
v 0.002368 -0.017990 0.042807
v 0.000777 -0.017946 0.043073
v 0.000261 -0.017947 0.043073
v -0.001582 -0.016264 0.044772
v -0.001582 -0.014632 0.045870
v -0.002625 -0.016298 0.043867
v -0.003145 -0.014315 0.044726
v -0.003641 -0.017512 0.041664
v -0.003699 -0.014440 0.043415
v -0.004069 -0.014705 0.042144
v -0.004076 -0.017620 0.040718
v -0.003699 -0.013048 0.043602
v -0.003606 -0.012308 0.042035
v -0.004069 -0.014848 0.040065
v -0.003606 -0.012299 0.039983
v -0.003606 -0.012892 0.038611
v 0.001511 -0.018469 0.041998
v 0.002458 -0.018654 0.041317
v 0.000984 -0.018857 0.041352
v 0.001380 -0.019220 0.040400
v 0.000261 -0.018918 0.041357
v 0.000261 -0.019236 0.040434
v -0.000858 -0.019220 0.040400
v -0.000462 -0.018857 0.041352
v 0.001953 -0.019098 0.040527
v 0.001866 -0.019035 0.039647
v -0.001937 -0.018654 0.041317
v -0.000990 -0.018469 0.041998
v -0.001432 -0.019098 0.040527
v -0.001345 -0.019035 0.039647
v -0.001847 -0.017990 0.042807
v -0.003641 -0.017512 0.041664
v -0.002625 -0.016298 0.043867
v -0.001582 -0.016264 0.044772
v -0.000255 -0.017946 0.043073
v 0.002689 -0.018887 0.039883
v 0.002414 -0.018787 0.038695
v 0.004210 -0.018409 0.039474
v 0.003517 -0.017503 0.037183
v 0.001723 -0.018406 0.037515
v 0.003501 -0.018500 0.039885
v 0.003872 -0.015816 0.037050
v 0.001713 -0.016033 0.034899
v 0.001533 -0.017689 0.035598
v 0.000261 -0.017645 0.035105
v 0.000261 -0.016095 0.034485
v -0.001192 -0.016033 0.034899
v -0.001011 -0.017689 0.035598
v -0.002996 -0.017503 0.037183
v -0.003351 -0.015816 0.037050
v -0.003988 -0.016535 0.039430
v -0.004069 -0.014848 0.040065
v -0.004076 -0.017620 0.040718
v -0.003688 -0.018409 0.039474
v -0.001892 -0.018787 0.038695
v -0.002168 -0.018887 0.039883
v -0.001201 -0.018406 0.037515
v -0.002980 -0.018500 0.039885
v -0.000273 -0.018156 0.036286
v 0.000261 -0.018137 0.036280
v 0.000795 -0.018156 0.036286
v 0.001492 -0.018206 0.037788
v 0.002050 -0.018426 0.038790
v 0.000261 -0.018873 0.038674
v 0.000698 -0.017993 0.036783
v 0.000261 -0.017983 0.036774
v -0.000177 -0.017993 0.036783
v -0.000971 -0.018206 0.037788
v -0.001528 -0.018426 0.038790
v -0.001097 -0.018734 0.039550
v -0.000725 -0.018854 0.040159
v 0.000261 -0.018785 0.040225
v 0.001247 -0.018854 0.040159
v 0.001618 -0.018734 0.039550
v 0.001380 -0.019220 0.040400
v 0.000261 -0.019236 0.040434
v 0.000261 -0.018785 0.040225
v 0.001247 -0.018854 0.040159
v -0.000725 -0.018854 0.040159
v -0.000858 -0.019220 0.040400
v -0.001345 -0.019035 0.039647
v -0.001097 -0.018734 0.039550
v 0.001618 -0.018734 0.039550
v 0.001866 -0.019035 0.039647
v -0.001892 -0.018787 0.038695
v -0.001528 -0.018426 0.038790
v -0.001201 -0.018406 0.037515
v -0.000971 -0.018206 0.037788
v -0.000177 -0.017993 0.036783
v -0.000273 -0.018156 0.036286
v 0.000261 -0.018137 0.036280
v 0.000261 -0.017983 0.036774
v 0.000698 -0.017993 0.036783
v 0.000795 -0.018156 0.036286
v 0.001723 -0.018406 0.037515
v 0.001492 -0.018206 0.037788
v 0.002050 -0.018426 0.038790
v 0.002414 -0.018787 0.038695
v 0.003972 -0.017387 0.041528
v 0.004367 -0.017393 0.040612
v 0.004598 -0.017620 0.040718
v 0.004162 -0.017512 0.041664
v 0.002583 -0.018294 0.041090
v 0.002458 -0.018654 0.041317
v 0.001953 -0.019098 0.040527
v 0.002192 -0.018578 0.040549
v 0.002689 -0.018887 0.039883
v 0.002687 -0.018443 0.040041
v 0.003270 -0.018085 0.039963
v 0.003501 -0.018500 0.039885
v 0.000638 -0.017781 0.042858
v 0.000261 -0.017781 0.042858
v 0.000261 -0.018294 0.041948
v -0.000116 -0.017781 0.042858
v -0.000708 -0.018294 0.041948
v -0.000268 -0.018568 0.041336
v 0.000261 -0.018629 0.041346
v 0.001230 -0.018294 0.041948
v 0.000789 -0.018568 0.041336
v -0.002061 -0.018294 0.041090
v -0.002748 -0.018085 0.039963
v -0.002166 -0.018443 0.040041
v -0.001671 -0.018578 0.040549
v -0.003451 -0.017387 0.041528
v -0.003845 -0.017393 0.040612
v 0.000789 -0.018568 0.041336
v 0.000261 -0.018629 0.041346
v 0.000261 -0.018918 0.041357
v 0.000984 -0.018857 0.041352
v 0.001230 -0.018294 0.041948
v 0.001511 -0.018469 0.041998
v 0.000638 -0.017781 0.042858
v 0.000777 -0.017946 0.043073
v 0.000261 -0.017781 0.042858
v 0.000261 -0.017947 0.043073
v -0.000255 -0.017946 0.043073
v -0.000116 -0.017781 0.042858
v -0.000990 -0.018469 0.041998
v -0.000708 -0.018294 0.041948
v -0.000462 -0.018857 0.041352
v -0.000268 -0.018568 0.041336
v 0.003270 -0.018085 0.039963
v 0.003972 -0.017387 0.041528
v 0.002583 -0.018294 0.041090
v 0.002687 -0.018443 0.040041
v 0.002192 -0.018578 0.040549
v 0.004367 -0.017393 0.040612
v -0.001432 -0.019098 0.040527
v -0.001937 -0.018654 0.041317
v -0.002061 -0.018294 0.041090
v -0.001671 -0.018578 0.040549
v -0.003641 -0.017512 0.041664
v -0.003451 -0.017387 0.041528
v -0.004076 -0.017620 0.040718
v -0.003845 -0.017393 0.040612
v -0.002168 -0.018887 0.039883
v -0.002166 -0.018443 0.040041
v -0.002748 -0.018085 0.039963
v -0.002980 -0.018500 0.039885
v 0.004112 -0.011382 -0.008864
v 0.003273 -0.012939 -0.008852
v 0.001979 -0.012978 -0.011323
v 0.005754 -0.011220 -0.004091
v 0.002378 -0.013562 -0.008843
v 0.002252 -0.014954 -0.002408
v 0.000261 -0.015630 -0.005734
v 0.000261 -0.016473 -0.003202
v 0.000261 -0.017073 -0.000308
v 0.001399 -0.017863 0.005525
v 0.004756 -0.012981 -0.003208
v 0.000261 -0.014530 -0.008848
v 0.000261 -0.013035 -0.013086
v 0.000261 -0.011529 -0.015801
v 0.004454 -0.015030 0.002663
v 0.003537 -0.016531 0.009659
v 0.005759 -0.012216 -0.001858
v 0.006742 -0.011166 0.000135
v 0.005759 -0.010098 -0.001623
v 0.005733 -0.009720 0.002842
v 0.006621 -0.011161 0.005575
v 0.005733 -0.012425 0.002807
v 0.005268 -0.013431 0.009758
v 0.006469 -0.011241 0.009798
v 0.005669 -0.010618 0.009791
v 0.006469 -0.011241 0.009798
v 0.004570 -0.008951 0.006370
v 0.002288 -0.007793 0.009769
v 0.000261 -0.007156 0.002209
v 0.004419 -0.008711 0.002157
v 0.000261 -0.007697 -0.000668
v 0.000261 -0.007312 0.011012
v 0.004809 -0.009614 -0.002688
v 0.001662 -0.008642 -0.002435
v 0.000261 -0.008426 -0.005607
v 0.002246 -0.009590 -0.008796
v 0.004112 -0.011382 -0.008864
v 0.000261 -0.009081 -0.008773
v -0.003897 -0.008711 0.002157
v -0.001141 -0.008642 -0.002435
v -0.001724 -0.009590 -0.008796
v -0.004049 -0.008951 0.006367
v -0.001767 -0.007793 0.009769
v -0.005148 -0.010618 0.009791
v -0.005212 -0.009720 0.002842
v -0.006100 -0.011161 0.005569
v -0.005947 -0.011241 0.009798
v -0.006221 -0.011166 0.000135
v -0.005212 -0.012425 0.002807
v -0.005238 -0.010098 -0.001623
v -0.005232 -0.011220 -0.004094
v -0.005238 -0.012216 -0.001858
v -0.003932 -0.015030 0.002663
v -0.003016 -0.016531 0.009668
v -0.004746 -0.013431 0.009760
v -0.004235 -0.012981 -0.003208
v -0.002752 -0.012939 -0.008852
v -0.003591 -0.011382 -0.008864
v -0.001731 -0.014954 -0.002407
v -0.001857 -0.013562 -0.008837
v -0.000877 -0.017863 0.005525
v -0.001457 -0.012978 -0.011323
v -0.000308 -0.018159 0.005671
v 0.000261 -0.018395 0.005733
v 0.000830 -0.018159 0.005662
v 0.001022 -0.010667 -0.013378
v 0.000261 -0.011529 -0.015801
v 0.000261 -0.010282 -0.013690
v -0.000501 -0.010667 -0.013378
v -0.003591 -0.011382 -0.008864
v -0.004287 -0.009614 -0.002688
v 0.001915 -0.021994 0.017859
v 0.002390 -0.022172 0.023006
v 0.001619 -0.023190 0.020786
v 0.002572 -0.021024 0.019034
v 0.000958 -0.023735 0.019858
v 0.001012 -0.022669 0.017402
v 0.000971 -0.020814 0.012876
v 0.002410 -0.020071 0.014260
v 0.003320 -0.019275 0.016665
v 0.003537 -0.016531 0.009659
v 0.003659 -0.018977 0.017798
v 0.002931 -0.020625 0.019631
v 0.002444 -0.022437 0.025456
v 0.002218 -0.022927 0.024827
v 0.004431 -0.015919 0.014399
v 0.002401 -0.022771 0.028521
v 0.001404 -0.024044 0.025788
v 0.004278 -0.018389 0.021582
v 0.004923 -0.014775 0.014411
v 0.002401 -0.022771 0.028521
v 0.003725 -0.021473 0.031819
v 0.005682 -0.013077 0.014590
v 0.005268 -0.013431 0.009758
v 0.003537 -0.016531 0.009659
v 0.005072 -0.015102 0.021736
v 0.006115 -0.013203 0.023147
v 0.006533 -0.011861 0.017270
v 0.006469 -0.011241 0.009798
v 0.005176 -0.019072 0.033347
v 0.006267 -0.017099 0.033968
v 0.007681 -0.014996 0.032322
v 0.001215 -0.024225 0.030077
v 0.001271 -0.024080 0.027863
v 0.000261 -0.025191 0.027472
v 0.000261 -0.024651 0.029704
v -0.000693 -0.024225 0.030077
v -0.000750 -0.024080 0.027863
v -0.001879 -0.022771 0.028521
v -0.003204 -0.021473 0.031819
v -0.003757 -0.018389 0.021582
v -0.003138 -0.018977 0.017798
v -0.003910 -0.015919 0.014399
v -0.002798 -0.019275 0.016665
v -0.002051 -0.021024 0.019037
v -0.001394 -0.021994 0.017859
v -0.001868 -0.022172 0.023006
v -0.001098 -0.023190 0.020786
v -0.000436 -0.023735 0.019858
v -0.000490 -0.022669 0.017402
v -0.001889 -0.020071 0.014266
v -0.002410 -0.020625 0.019631
v -0.001923 -0.022437 0.025456
v -0.003016 -0.016531 0.009668
v -0.001648 -0.018468 0.009046
v -0.000877 -0.017863 0.005525
v -0.000308 -0.018159 0.005671
v -0.000408 -0.019347 0.008704
v -0.000449 -0.020814 0.012876
v 0.000261 -0.022980 0.017205
v 0.000261 -0.024078 0.019497
v 0.000261 -0.021139 0.012589
v 0.000261 -0.018395 0.005733
v 0.000261 -0.019559 0.008504
v 0.000930 -0.019347 0.008698
v 0.000830 -0.018159 0.005662
v 0.001399 -0.017863 0.005525
v 0.002170 -0.018468 0.009046
v 0.001271 -0.024080 0.027863
v 0.000261 -0.025268 0.025895
v -0.000750 -0.024080 0.027863
v -0.000883 -0.024044 0.025788
v -0.001879 -0.022771 0.028521
v -0.001697 -0.022927 0.024827
v 0.001404 -0.024044 0.025788
v 0.000261 -0.025268 0.025895
v 0.000261 -0.024018 0.026167
v 0.001195 -0.023610 0.025636
v -0.000883 -0.024044 0.025788
v -0.000673 -0.023610 0.025636
v -0.001697 -0.022927 0.024827
v -0.001332 -0.022927 0.024827
v 0.001854 -0.022927 0.024827
v 0.002218 -0.022927 0.024827
v 0.002390 -0.022172 0.023006
v 0.002027 -0.022172 0.023004
v 0.001194 -0.023190 0.020786
v 0.001619 -0.023190 0.020786
v 0.000261 -0.023715 0.019966
v 0.000958 -0.023735 0.019858
v 0.000261 -0.024078 0.019497
v -0.000436 -0.023735 0.019858
v -0.000673 -0.023190 0.020786
v -0.001098 -0.023190 0.020786
v -0.001868 -0.022172 0.023006
v -0.001505 -0.022172 0.023004
v 0.000261 -0.008221 0.021001
v 0.000261 -0.009853 0.030194
v 0.004064 -0.009660 0.020556
v 0.005057 -0.010445 0.016490
v 0.004711 -0.010334 0.021398
v 0.000261 -0.007312 0.011012
v 0.004927 -0.010898 0.035112
v 0.000261 -0.010101 0.034988
v 0.002684 -0.010265 0.036503
v 0.000261 -0.009734 0.037286
v 0.006533 -0.011861 0.017270
v 0.005724 -0.010836 0.023049
v 0.006596 -0.010922 0.034263
v -0.003543 -0.009660 0.020556
v -0.004536 -0.010445 0.016490
v -0.002163 -0.010265 0.036503
v -0.004190 -0.010334 0.021398
v -0.004406 -0.010898 0.035112
v -0.006012 -0.011861 0.017270
v -0.005202 -0.010836 0.023049
v -0.006075 -0.010922 0.034263
v -0.005148 -0.010618 0.009791
v -0.001767 -0.007793 0.009769
v 0.008057 -0.011011 0.035170
v 0.005724 -0.010836 0.023049
v 0.008984 -0.011169 0.034260
v 0.007451 -0.011808 0.027201
v 0.006533 -0.011861 0.017270
v -0.005202 -0.010836 0.023049
v -0.007536 -0.011011 0.035170
v -0.008462 -0.011169 0.034260
v -0.006929 -0.011808 0.027201
v -0.006012 -0.011861 0.017270
v 0.002288 -0.007793 0.009769
v 0.005669 -0.010618 0.009791
v 0.002684 -0.010265 0.036503
v 0.000261 -0.021618 0.030200
v 0.004927 -0.010898 0.035112
v 0.001791 -0.020050 0.030892
v 0.004731 -0.018779 0.033412
v 0.005779 -0.016751 0.034080
v 0.007389 -0.014435 0.034279
v 0.006596 -0.010922 0.034263
v 0.000261 -0.009734 0.037286
v 0.002969 -0.020663 0.031289
v 0.000967 -0.023766 0.029290
v 0.000261 -0.024093 0.029056
v 0.007844 -0.015016 0.034184
v 0.008057 -0.011011 0.035170
v 0.008984 -0.011169 0.034260
v 0.008984 -0.013119 0.034251
v -0.002163 -0.010265 0.036503
v -0.004406 -0.010898 0.035112
v -0.001269 -0.020050 0.030892
v -0.004210 -0.018779 0.033412
v -0.005257 -0.016751 0.034080
v -0.006868 -0.014435 0.034279
v -0.006075 -0.010922 0.034263
v -0.000445 -0.023766 0.029290
v -0.002447 -0.020663 0.031289
v -0.007323 -0.015016 0.034184
v -0.007536 -0.011011 0.035170
v -0.008462 -0.011169 0.034260
v -0.008462 -0.013119 0.034251
v 0.007844 -0.015016 0.034184
v 0.006267 -0.017099 0.033968
v 0.007681 -0.014996 0.032322
v 0.007681 -0.014996 0.032322
v 0.007451 -0.011808 0.027201
v 0.008984 -0.013119 0.034251
v 0.006115 -0.013203 0.023147
v 0.006533 -0.011861 0.017270
v 0.007844 -0.015016 0.034184
v 0.000967 -0.023766 0.029290
v 0.000261 -0.024093 0.029056
v 0.000261 -0.024078 0.030013
v 0.000967 -0.023776 0.030242
v 0.002969 -0.020663 0.031289
v 0.003249 -0.020842 0.031921
v 0.004731 -0.018779 0.033412
v -0.000445 -0.023766 0.029290
v -0.000445 -0.023776 0.030242
v -0.002447 -0.020663 0.031289
v -0.002728 -0.020842 0.031921
v -0.004210 -0.018779 0.033412
v 0.000261 -0.024078 0.030013
v 0.000261 -0.024651 0.029704
v 0.001215 -0.024225 0.030077
v 0.000967 -0.023776 0.030242
v 0.003249 -0.020842 0.031921
v 0.003725 -0.021473 0.031819
v 0.004731 -0.018779 0.033412
v 0.005176 -0.019072 0.033347
v 0.005779 -0.016751 0.034080
v 0.006267 -0.017099 0.033968
v 0.007389 -0.014435 0.034279
v 0.007844 -0.015016 0.034184
v -0.000693 -0.024225 0.030077
v -0.000445 -0.023776 0.030242
v -0.002728 -0.020842 0.031921
v -0.003204 -0.021473 0.031819
v -0.004210 -0.018779 0.033412
v -0.004654 -0.019072 0.033347
v -0.005257 -0.016751 0.034080
v -0.005746 -0.017099 0.033968
v -0.006868 -0.014435 0.034279
v -0.007323 -0.015016 0.034184
v 0.007451 -0.011808 0.027201
v 0.008984 -0.011169 0.034260
v 0.008984 -0.013119 0.034251
v -0.004402 -0.014775 0.014408
v -0.003016 -0.016531 0.009668
v -0.005160 -0.013077 0.014590
v -0.004746 -0.013431 0.009760
v -0.004551 -0.015102 0.021736
v -0.005594 -0.013203 0.023147
v -0.006012 -0.011861 0.017270
v -0.005947 -0.011241 0.009798
v -0.004654 -0.019072 0.033347
v -0.005746 -0.017099 0.033968
v -0.007160 -0.014996 0.032322
v -0.005746 -0.017099 0.033968
v -0.007323 -0.015016 0.034184
v -0.007160 -0.014996 0.032322
v -0.006929 -0.011808 0.027201
v -0.006012 -0.011861 0.017270
v -0.005594 -0.013203 0.023147
v -0.007160 -0.014996 0.032322
v -0.008462 -0.013119 0.034251
v -0.007323 -0.015016 0.034184
v -0.008462 -0.011169 0.034260
v -0.006929 -0.011808 0.027201
v -0.008462 -0.013119 0.034251
v -0.005947 -0.011241 0.009798
v 0.000261 -0.025902 0.023954
v 0.001329 -0.025532 0.022541
v 0.001329 -0.025224 0.023755
v 0.001875 -0.023974 0.023686
v 0.001875 -0.023985 0.022260
v 0.002251 -0.021924 0.023227
v 0.001840 -0.022470 0.022172
v 0.001318 -0.025151 0.021578
v 0.000261 -0.026074 0.022536
v 0.001306 -0.024538 0.020716
v 0.001181 -0.023335 0.020467
v 0.000261 -0.023851 0.019707
v 0.000261 -0.024791 0.020372
v -0.000784 -0.024538 0.020716
v -0.000660 -0.023335 0.020467
v -0.001353 -0.023985 0.022260
v -0.001318 -0.022470 0.022172
v -0.000796 -0.025151 0.021578
v -0.000808 -0.025532 0.022541
v 0.000261 -0.025520 0.021255
v -0.001353 -0.023974 0.023686
v -0.001730 -0.021924 0.023227
v -0.001525 -0.022778 0.025220
v -0.000808 -0.025224 0.023755
v 0.000261 -0.025412 0.025071
v -0.000816 -0.024668 0.025020
v 0.000261 -0.023983 0.026675
v -0.000700 -0.023755 0.026331
v 0.001338 -0.024668 0.025020
v 0.001221 -0.023755 0.026331
v 0.002047 -0.022778 0.025220
v 0.002684 -0.013636 0.033866
v 0.000261 -0.012773 0.033480
v 0.000261 -0.006884 0.033621
v 0.002532 -0.006937 0.033816
v 0.000261 -0.002939 0.032645
v 0.002532 -0.003036 0.033141
v -0.002163 -0.013636 0.033866
v -0.002011 -0.006937 0.033816
v -0.002011 -0.003036 0.033141
v 0.002532 -0.006937 0.033816
v 0.001636 -0.007382 0.036281
v 0.002684 -0.013636 0.033866
v 0.002532 -0.003036 0.033141
v 0.001636 -0.003639 0.036451
v 0.001636 -0.012917 0.034245
v 0.000261 -0.003639 0.036451
v 0.001636 -0.003639 0.036451
v 0.002532 -0.003036 0.033141
v 0.000261 -0.002939 0.032645
v -0.002011 -0.003036 0.033141
v -0.001114 -0.003639 0.036451
v 0.002684 -0.013636 0.033866
v 0.000261 -0.013127 0.035371
v 0.000261 -0.012773 0.033480
v -0.002163 -0.013636 0.033866
v 0.001636 -0.012917 0.034245
v -0.001114 -0.012917 0.034245
v 0.000261 -0.007382 0.036281
v 0.000261 -0.013127 0.035371
v 0.001636 -0.012917 0.034245
v 0.001636 -0.007382 0.036281
v 0.001636 -0.003639 0.036451
v 0.000261 -0.003639 0.036451
v -0.001114 -0.012917 0.034245
v -0.001114 -0.007382 0.036281
v -0.001114 -0.003639 0.036451
v -0.001114 -0.012917 0.034245
v -0.001114 -0.007382 0.036281
v -0.002163 -0.013636 0.033866
v -0.002011 -0.006937 0.033816
v -0.002011 -0.003036 0.033141
v -0.001114 -0.003639 0.036451
v 0.000261 -0.006268 -0.005615
v 0.008623 -0.006087 -0.004300
v 0.005879 -0.005827 -0.001835
v 0.000261 -0.005113 -0.009073
v -0.008102 -0.006087 -0.004300
v -0.005358 -0.005827 -0.001835
v -0.005673 -0.005419 0.005957
v 0.006195 -0.005419 0.005957
v 0.008655 -0.004672 0.006096
v -0.008134 -0.004672 0.006096
v 0.000261 -0.007136 -0.001927
v 0.005879 -0.005827 -0.001835
v -0.005358 -0.005827 -0.001835
v 0.002642 -0.006961 -0.000050
v 0.002642 -0.007704 0.005529
v 0.006195 -0.005419 0.005957
v 0.000261 -0.008387 0.005401
v -0.002121 -0.006961 -0.000050
v -0.002121 -0.007704 0.005529
v -0.005673 -0.005419 0.005957
v 0.001432 0.003160 -0.015128
v 0.008623 0.006284 -0.013730
v 0.008623 -0.006087 -0.004300
v 0.000261 -0.005113 -0.009073
v 0.000261 0.001983 -0.014872
v 0.001933 0.007021 -0.017664
v 0.000261 0.007205 -0.018647
v 0.000261 0.001983 -0.014872
v -0.000910 0.003160 -0.015128
v -0.001412 0.007021 -0.017664
v -0.008102 0.006284 -0.013730
v -0.008102 -0.006087 -0.004300
v 0.000261 -0.005113 -0.009073
v 0.000261 0.001983 -0.014872
v 0.005037 0.000677 0.007098
v 0.004635 0.002366 0.007414
v 0.000261 0.002705 0.007477
v 0.002642 -0.007704 0.005529
v 0.000261 -0.008387 0.005401
v -0.002121 -0.007704 0.005529
v -0.004515 0.000677 0.007098
v -0.005673 -0.005419 0.005957
v -0.008134 -0.004672 0.006096
v -0.008134 0.000435 0.007052
v -0.004113 0.002366 0.007414
v 0.006195 -0.005419 0.005957
v 0.008655 -0.004672 0.006096
v 0.008655 0.000435 0.007052
v 0.008655 0.000435 0.007052
v 0.008655 -0.004672 0.006096
v 0.008623 -0.006087 -0.004300
v 0.008623 0.006284 -0.013730
v 0.000261 0.005056 -0.007169
v 0.000261 0.002705 0.007477
v 0.004635 0.002366 0.007414
v 0.004635 0.004798 -0.005789
v 0.005037 0.000677 0.007098
v -0.004113 0.002366 0.007414
v -0.004113 0.004798 -0.005789
v -0.004515 0.000677 0.007098
v 0.004635 0.004798 -0.005789
v 0.001933 0.007021 -0.017664
v 0.008623 0.006284 -0.013730
v 0.008655 0.000435 0.007052
v 0.005037 0.000677 0.007098
v 0.000261 0.007205 -0.018647
v -0.001412 0.007021 -0.017664
v -0.008102 0.006284 -0.013730
v -0.004113 0.004798 -0.005789
v -0.008134 0.000435 0.007052
v -0.004515 0.000677 0.007098
v -0.008134 0.000435 0.007052
v -0.008102 0.006284 -0.013730
v -0.008102 -0.006087 -0.004300
v -0.008134 -0.004672 0.006096
v -0.037167 0.011133 -0.032954
v -0.037167 0.011133 -0.032954
v -0.037167 0.011133 -0.032954
v -0.037167 0.011133 -0.032954
v -0.037167 0.011133 -0.032954
v -0.037167 0.011133 -0.032954
v -0.037167 0.011133 -0.032954
v -0.037167 0.011133 -0.032954
v -0.037167 0.011133 -0.032954
v -0.037167 0.011133 -0.032954
v -0.037167 0.011133 -0.032954
v -0.037167 0.011133 -0.032954
v -0.037167 0.011133 -0.032954
v -0.037167 0.011133 -0.032954
v -0.037167 0.011133 -0.032954
v -0.037167 0.011133 -0.032954
v -0.037167 0.011133 -0.032954
v -0.037167 0.011133 -0.032954
v -0.037167 0.011133 -0.032954
v -0.037167 0.011133 -0.032954
v -0.037167 0.011133 -0.032954
v -0.037167 0.011133 -0.032954
v -0.037167 0.011133 -0.032954
v -0.037167 0.011133 -0.032954
v -0.037167 0.011133 -0.032954
v -0.037167 0.011133 -0.032954
v -0.037167 0.011133 -0.032954
v -0.037167 0.011133 -0.032954
v -0.037167 0.011133 -0.032954
v -0.037167 0.011133 -0.032954
v -0.037167 0.011133 -0.032954
v -0.037167 0.011133 -0.032954
v -0.037167 0.011133 -0.032954
v -0.037167 0.011133 -0.032954
v -0.037167 0.011133 -0.032954
v -0.037167 0.011133 -0.032954
v -0.037167 0.011133 -0.032954
v -0.037167 0.011133 -0.032954
v -0.037167 0.011133 -0.032954
v -0.037167 0.011133 -0.032954
v -0.037167 0.011133 -0.032954
v -0.037167 0.011133 -0.032954
v -0.037167 0.011133 -0.032954
v -0.037167 0.011133 -0.032954
v -0.037167 0.011133 -0.032954
v -0.037167 0.011133 -0.032954
v -0.037167 0.011133 -0.032954
v -0.037167 0.011133 -0.032954
v -0.037167 0.011133 -0.032954
v -0.037167 0.011133 -0.032954
v -0.037167 0.011133 -0.032954
v -0.037167 0.011133 -0.032954
v -0.037167 0.011133 -0.032954
v -0.037167 0.011133 -0.032954
v -0.037167 0.011133 -0.032954
v -0.037167 0.011133 -0.032954
v -0.037167 0.011133 -0.032954
v -0.037167 0.011133 -0.032954
v -0.037167 0.011133 -0.032954
v -0.037167 0.011133 -0.032954
v -0.037167 0.011133 -0.032954
v -0.037167 0.011133 -0.032954
v -0.037167 0.011133 -0.032954
v -0.037167 0.011133 -0.032954
v -0.037167 0.011133 -0.032954
v -0.037167 0.011133 -0.032954
v -0.037167 0.011133 -0.032954
v -0.037167 0.011133 -0.032954
v -0.037167 0.011133 -0.032954
v -0.037167 0.011133 -0.032954
v -0.037167 0.011133 -0.032954
v -0.037167 0.011133 -0.032954
v -0.037167 0.011133 -0.032954
v -0.037167 0.011133 -0.032954
v -0.037167 0.011133 -0.032954
v -0.037167 0.011133 -0.032954
v -0.037167 0.011133 -0.032954
v -0.037167 0.011133 -0.032954
v -0.037167 0.011133 -0.032954
v -0.037167 0.011133 -0.032954
v -0.037167 0.011133 -0.032954
v -0.037167 0.011133 -0.032954
v -0.037167 0.011133 -0.032954
v -0.037167 0.011133 -0.032954
v -0.037167 0.011133 -0.032954
v -0.037167 0.011133 -0.032954
v -0.037167 0.011133 -0.032954
v -0.037167 0.011133 -0.032954
v -0.037167 0.011133 -0.032954
v -0.037167 0.011133 -0.032954
v -0.037167 0.011133 -0.032954
v -0.037167 0.011133 -0.032954
v -0.037167 0.011133 -0.032954
v -0.037167 0.011133 -0.032954
v -0.037167 0.011133 -0.032954
v -0.037167 0.011133 -0.032954
v -0.037167 0.011133 -0.032954
v -0.037167 0.011133 -0.032954
v -0.037167 0.011133 -0.032954
v -0.037167 0.011133 -0.032954
v -0.037167 0.011133 -0.032954
v -0.037167 0.011133 -0.032954
v -0.037167 0.011133 -0.032954
v -0.037167 0.011133 -0.032954
v -0.037167 0.011133 -0.032954
v -0.037167 0.011133 -0.032954
v -0.037167 0.011133 -0.032954
v -0.037167 0.011133 -0.032954
v -0.037167 0.011133 -0.032954
v -0.037167 0.011133 -0.032954
v -0.037167 0.011133 -0.032954
v -0.037167 0.011133 -0.032954
v -0.037167 0.011133 -0.032954
v -0.037167 0.011133 -0.032954
v -0.037167 0.011133 -0.032954
v -0.037167 0.011133 -0.032954
v -0.037167 0.011133 -0.032954
v -0.037167 0.011133 -0.032954
v -0.037167 0.011133 -0.032954
v -0.037167 0.011133 -0.032954
v -0.037167 0.011133 -0.032954
v -0.037167 0.011133 -0.032954
v -0.037167 0.011133 -0.032954
v -0.037167 0.011133 -0.032954
v -0.037167 0.011133 -0.032954
v -0.037167 0.011133 -0.032954
v -0.037167 0.011133 -0.032954
v -0.037167 0.011133 -0.032954
v -0.037167 0.011133 -0.032954
v -0.037167 0.011133 -0.032954
v -0.037167 0.011133 -0.032954
v -0.037167 0.011133 -0.032954
v -0.037167 0.011133 -0.032954
v -0.037167 0.011133 -0.032954
v -0.037167 0.011133 -0.032954
v -0.037167 0.011133 -0.032954
v -0.037167 0.011133 -0.032954
v -0.037167 0.011133 -0.032954
v -0.037167 0.011133 -0.032954
v -0.037167 0.011133 -0.032954
v -0.037167 0.011133 -0.032954
v -0.037167 0.011133 -0.032954
v -0.037167 0.011133 -0.032954
v -0.037167 0.011133 -0.032954
v -0.037167 0.011133 -0.032954
v -0.037167 0.011133 -0.032954
v -0.037167 0.011133 -0.032954
v -0.037167 0.011133 -0.032954
v -0.037167 0.011133 -0.032954
v -0.037167 0.011133 -0.032954
v -0.037167 0.011133 -0.032954
v -0.037167 0.011133 -0.032954
v -0.037167 0.011133 -0.032954
v -0.037167 0.011133 -0.032954
v -0.037167 0.011133 -0.032954
v -0.037167 0.011133 -0.032954
v -0.037167 0.011133 -0.032954
v -0.037167 0.011133 -0.032954
v -0.037167 0.011133 -0.032954
v -0.037167 0.011133 -0.032954
v -0.037167 0.011133 -0.032954
v -0.037167 0.011133 -0.032954
v -0.037167 0.011133 -0.032954
v -0.037167 0.011133 -0.032954
v -0.037167 0.011133 -0.032954
v -0.037167 0.011133 -0.032954
v -0.037167 0.011133 -0.032954
v -0.037167 0.011133 -0.032954
v -0.037167 0.011133 -0.032954
v -0.037167 0.011133 -0.032954
v -0.037167 0.011133 -0.032954
v -0.037167 0.011133 -0.032954
v -0.037167 0.011133 -0.032954
v -0.037167 0.011133 -0.032954
v -0.037167 0.011133 -0.032954
v -0.037167 0.011133 -0.032954
v -0.037167 0.011133 -0.032954
v -0.037167 0.011133 -0.032954
v -0.037167 0.011133 -0.032954
v -0.037167 0.011133 -0.032954
v -0.037167 0.011133 -0.032954
v -0.037167 0.011133 -0.032954
v -0.037167 0.011133 -0.032954
v -0.037167 0.011133 -0.032954
v -0.037167 0.011133 -0.032954
v -0.037167 0.011133 -0.032954
v -0.037167 0.011133 -0.032954
v -0.037167 0.011133 -0.032954
v -0.037167 0.011133 -0.032954
v -0.037167 0.011133 -0.032954
v -0.037167 0.011133 -0.032954
v -0.037167 0.011133 -0.032954
v -0.037167 0.011133 -0.032954
v -0.037167 0.011133 -0.032954
v -0.037167 0.011133 -0.032954
v -0.037167 0.011133 -0.032954
v -0.037167 0.011133 -0.032954
v -0.037167 0.011133 -0.032954
v -0.037167 0.011133 -0.032954
v -0.037167 0.011133 -0.032954
v -0.037167 0.011133 -0.032954
v -0.037167 0.011133 -0.032954
v -0.037167 0.011133 -0.032954
v -0.037167 0.011133 -0.032954
v -0.037167 0.011133 -0.032954
v -0.037167 0.011133 -0.032954
v -0.037167 0.011133 -0.032954
v -0.037167 0.011133 -0.032954
v -0.037167 0.011133 -0.032954
v -0.037167 0.011133 -0.032954
v -0.037167 0.011133 -0.032954
v -0.037167 0.011133 -0.032954
v -0.037167 0.011133 -0.032954
v -0.037167 0.011133 -0.032954
v -0.037167 0.011133 -0.032954
v -0.037167 0.011133 -0.032954
v -0.037167 0.011133 -0.032954
v -0.037167 0.011133 -0.032954
v -0.037167 0.011133 -0.032954
v -0.037167 0.011133 -0.032954
v -0.037167 0.011133 -0.032954
v -0.037167 0.011133 -0.032954
v -0.037167 0.011133 -0.032954
v -0.037167 0.011133 -0.032954
v -0.037167 0.011133 -0.032954
v -0.037167 0.011133 -0.032954
v -0.037167 0.011133 -0.032954
v -0.037167 0.011133 -0.032954
v -0.037167 0.011133 -0.032954
v -0.037167 0.011133 -0.032954
v -0.037167 0.011133 -0.032954
v -0.037167 0.011133 -0.032954
v -0.037167 0.011133 -0.032954
v -0.037167 0.011133 -0.032954
v -0.037167 0.011133 -0.032954
v -0.037167 0.011133 -0.032954
v -0.037167 0.011133 -0.032954
v -0.037167 0.011133 -0.032954
v -0.037167 0.011133 -0.032954
v -0.037167 0.011133 -0.032954
v -0.037167 0.011133 -0.032954
v -0.037167 0.011133 -0.032954
v -0.037167 0.011133 -0.032954
v -0.037167 0.011133 -0.032954
v -0.037167 0.011133 -0.032954
v -0.037167 0.011133 -0.032954
v -0.037167 0.011133 -0.032954
v -0.037167 0.011133 -0.032954
v -0.037167 0.011133 -0.032954
v -0.037167 0.011133 -0.032954
v -0.037167 0.011133 -0.032954
v -0.037167 0.011133 -0.032954
v -0.037167 0.011133 -0.032954
v -0.037167 0.011133 -0.032954
v -0.037167 0.011133 -0.032954
v -0.037167 0.011133 -0.032954
v -0.037167 0.011133 -0.032954
v -0.037167 0.011133 -0.032954
v -0.037167 0.011133 -0.032954
v -0.037167 0.011133 -0.032954
v -0.037167 0.011133 -0.032954
v -0.037167 0.011133 -0.032954
v -0.037167 0.011133 -0.032954
v -0.037167 0.011133 -0.032954
v -0.037167 0.011133 -0.032954
v -0.037167 0.011133 -0.032954
v -0.037167 0.011133 -0.032954
v -0.037167 0.011133 -0.032954
v -0.037167 0.011133 -0.032954
v -0.037167 0.011133 -0.032954
v -0.037167 0.011133 -0.032954
v -0.037167 0.011133 -0.032954
v -0.037167 0.011133 -0.032954
v -0.037167 0.011133 -0.032954
v -0.037167 0.011133 -0.032954
v -0.037167 0.011133 -0.032954
v -0.037167 0.011133 -0.032954
v -0.037167 0.011133 -0.032954
v -0.037167 0.011133 -0.032954
v -0.037167 0.011133 -0.032954
v -0.037167 0.011133 -0.032954
v -0.037167 0.011133 -0.032954
v -0.037167 0.011133 -0.032954
v -0.037167 0.011133 -0.032954
v -0.037167 0.011133 -0.032954
v -0.037167 0.011133 -0.032954
v -0.037167 0.011133 -0.032954
v -0.037167 0.011133 -0.032954
v -0.037167 0.011133 -0.032954
v -0.037167 0.011133 -0.032954
v -0.037167 0.011133 -0.032954
v -0.037167 0.011133 -0.032954
v -0.037167 0.011133 -0.032954
v -0.037167 0.011133 -0.032954
v -0.037167 0.011133 -0.032954
v -0.037167 0.011133 -0.032954
v -0.037167 0.011133 -0.032954
v -0.037167 0.011133 -0.032954
v -0.037167 0.011133 -0.032954
v -0.037167 0.011133 -0.032954
v -0.037167 0.011133 -0.032954
v -0.037167 0.011133 -0.032954
v -0.037167 0.011133 -0.032954
v -0.037167 0.011133 -0.032954
v -0.037167 0.011133 -0.032954
v -0.037167 0.011133 -0.032954
v -0.037167 0.011133 -0.032954
v -0.037167 0.011133 -0.032954
v -0.037167 0.011133 -0.032954
v -0.037167 0.011133 -0.032954
v -0.037167 0.011133 -0.032954
v -0.037167 0.011133 -0.032954
v -0.037167 0.011133 -0.032954
v -0.037167 0.011133 -0.032954
v -0.037167 0.011133 -0.032954
v -0.037167 0.011133 -0.032954
v -0.037167 0.011133 -0.032954
v -0.037167 0.011133 -0.032954
v -0.037167 0.011133 -0.032954
v -0.037167 0.011133 -0.032954
v -0.037167 0.011133 -0.032954
v -0.037167 0.011133 -0.032954
v -0.037167 0.011133 -0.032954
v -0.037167 0.011133 -0.032954
v -0.037167 0.011133 -0.032954
v -0.037167 0.011133 -0.032954
v -0.037167 0.011133 -0.032954
v -0.037167 0.011133 -0.032954
v -0.037167 0.011133 -0.032954
v -0.037167 0.011133 -0.032954
v -0.037167 0.011133 -0.032954
v -0.037167 0.011133 -0.032954
v -0.037167 0.011133 -0.032954
v -0.037167 0.011133 -0.032954
v -0.037167 0.011133 -0.032954
v -0.037167 0.011133 -0.032954
v -0.037167 0.011133 -0.032954
v -0.037167 0.011133 -0.032954
v -0.037167 0.011133 -0.032954
v -0.037167 0.011133 -0.032954
v -0.037167 0.011133 -0.032954
v -0.037167 0.011133 -0.032954
v -0.037167 0.011133 -0.032954
v -0.037167 0.011133 -0.032954
v -0.037167 0.011133 -0.032954
v -0.037167 0.011133 -0.032954
v -0.037167 0.011133 -0.032954
v -0.037167 0.011133 -0.032954
v -0.037167 0.011133 -0.032954
v -0.037167 0.011133 -0.032954
v -0.037167 0.011133 -0.032954
v -0.037167 0.011133 -0.032954
v -0.037167 0.011133 -0.032954
v -0.037167 0.011133 -0.032954
v -0.037167 0.011133 -0.032954
v -0.037167 0.011133 -0.032954
v -0.037167 0.011133 -0.032954
v -0.037167 0.011133 -0.032954
v -0.037167 0.011133 -0.032954
v -0.037167 0.011133 -0.032954
v -0.020005 -0.010195 -0.002968
v -0.025411 0.000298 -0.018506
v -0.026255 -0.010632 -0.022953
v -0.022020 -0.016072 -0.010389
v -0.029739 -0.005914 -0.033888
v -0.029101 0.004274 -0.029692
v -0.035395 0.012504 -0.048722
v -0.037076 0.003363 -0.055291
v -0.036205 0.013714 -0.051103
v -0.034200 0.021501 -0.045230
v -0.035023 0.022558 -0.047673
v -0.037478 0.015414 -0.055039
v -0.039830 0.007784 -0.065645
v -0.029101 0.004274 -0.029692
v -0.031711 0.009761 -0.036831
v -0.035395 0.012504 -0.048722
v -0.035070 0.013381 -0.046892
v -0.029172 0.004463 -0.029586
v -0.026056 0.000658 -0.018132
v -0.025411 0.000298 -0.018506
v -0.021017 -0.005676 0.000185
v -0.020005 -0.010195 -0.002968
v -0.016062 -0.011422 0.009366
v -0.028529 0.012108 -0.026493
v -0.025572 0.006405 -0.015807
v -0.027968 0.013496 -0.026743
v -0.015620 -0.000833 0.006104
v -0.020772 -0.002392 0.001524
v -0.014277 -0.004654 0.010337
v -0.031325 0.014340 -0.034978
v -0.032330 0.019099 -0.039683
v -0.034574 0.019274 -0.044508
v -0.034200 0.021501 -0.045230
v -0.031711 0.009761 -0.036831
v -0.031325 0.014340 -0.034978
v -0.034574 0.019274 -0.044508
v -0.035070 0.013381 -0.046892
v -0.028529 0.012108 -0.026493
v -0.029172 0.004463 -0.029586
v -0.026056 0.000658 -0.018132
v -0.025572 0.006405 -0.015807
v -0.020772 -0.002392 0.001524
v -0.021017 -0.005676 0.000185
v -0.021017 -0.005676 0.000185
v -0.016062 -0.011422 0.009366
v -0.020772 -0.002392 0.001524
v -0.014277 -0.004654 0.010337
v -0.037076 0.003363 -0.055291
v -0.039830 0.007784 -0.065645
v -0.034027 0.012270 -0.052463
v -0.026372 0.001246 -0.029921
v -0.029739 -0.005914 -0.033888
v -0.022751 -0.003404 -0.019181
v -0.026255 -0.010632 -0.022953
v -0.022020 -0.016072 -0.010389
v -0.018158 -0.009304 -0.005555
v -0.018191 -0.003616 -0.004864
v -0.026386 0.013566 -0.027245
v -0.015413 -0.009788 0.002157
v -0.014586 -0.000787 0.005775
v -0.013261 -0.011297 0.008475
v -0.013087 -0.004601 0.009959
v -0.018255 0.000441 -0.003086
v -0.037478 0.015414 -0.055039
v -0.030865 0.019164 -0.040149
v -0.033496 0.022626 -0.048158
v -0.014586 -0.000787 0.005775
v -0.015620 -0.000833 0.006104
v -0.014277 -0.004654 0.010337
v -0.013087 -0.004601 0.009959
v -0.018158 -0.009304 -0.005555
v -0.015413 -0.009788 0.002157
v -0.020005 -0.010195 -0.002968
v -0.016062 -0.011422 0.009366
v -0.013261 -0.011297 0.008475
v -0.013087 -0.004601 0.009959
v -0.014277 -0.004654 0.010337
v -0.016062 -0.011422 0.009366
v -0.013261 -0.011297 0.008475
v -0.026386 0.013566 -0.027245
v -0.027968 0.013496 -0.026743
v -0.015620 -0.000833 0.006104
v -0.014586 -0.000787 0.005775
v -0.032330 0.019099 -0.039683
v -0.030865 0.019164 -0.040149
v -0.034200 0.021501 -0.045230
v -0.033496 0.022626 -0.048158
v -0.035023 0.022558 -0.047673
v -0.018158 -0.009304 -0.005555
v -0.020005 -0.010195 -0.002968
v -0.022020 -0.016072 -0.010389
v -0.034574 0.019274 -0.044508
v -0.034200 0.021501 -0.045230
v -0.035395 0.012504 -0.048722
v -0.035070 0.013381 -0.046892
v -0.035023 0.022558 -0.047673
v -0.033496 0.022626 -0.048158
v -0.037478 0.015414 -0.055039
v -0.007871 -0.002330 0.005647
v -0.010931 -0.001220 0.007222
v -0.011070 -0.003945 0.006731
v -0.014364 -0.002171 0.006604
v -0.015795 -0.005739 0.003224
v -0.014546 0.003151 0.004481
v -0.011037 0.002598 0.005867
v -0.008054 0.002992 0.003524
v -0.011452 0.004158 0.002794
v -0.007951 0.000968 -0.001045
v -0.007667 -0.005938 0.002026
v -0.008262 -0.001664 -0.006051
v -0.007823 -0.010054 -0.001684
v -0.012142 0.002533 -0.001552
v -0.011609 -0.008074 0.003819
v -0.016922 -0.009831 -0.000342
v -0.016078 0.001167 0.000153
v -0.017360 -0.001441 -0.004710
v -0.012269 -0.011931 0.000022
v -0.012901 0.000168 -0.006276
v -0.011671 -0.009536 -0.023727
v -0.015630 -0.011711 -0.022493
v -0.012043 -0.011232 -0.024741
v -0.011850 -0.007932 -0.021305
v -0.013020 -0.005570 -0.020109
v -0.015092 -0.004398 -0.020314
v -0.017020 -0.005484 -0.019421
v -0.018621 -0.007785 -0.020139
v -0.019666 -0.009363 -0.022350
v -0.019727 -0.011065 -0.023418
v -0.018550 -0.018465 -0.026597
v -0.018503 -0.015318 -0.021647
v -0.018608 -0.014810 -0.021111
v -0.014524 -0.018552 -0.027290
v -0.012482 -0.014942 -0.022166
v -0.012781 -0.015442 -0.022632
v -0.015604 -0.018767 -0.027981
v -0.017773 -0.018720 -0.027607
v -0.016784 -0.019103 -0.028301
v -0.018309 -0.004583 -0.070372
v -0.018355 -0.009138 -0.067172
v -0.019147 -0.009272 -0.067636
v -0.018943 -0.004475 -0.071028
v -0.020698 -0.012776 -0.064140
v -0.019995 -0.012460 -0.063344
v -0.018758 -0.000994 -0.068010
v -0.018150 -0.001153 -0.067596
v -0.017094 -0.005273 -0.066253
v -0.016274 -0.005894 -0.062114
v -0.017752 -0.008494 -0.059174
v -0.017014 -0.001728 -0.065900
v -0.016024 -0.000588 -0.061515
v -0.014812 0.000091 -0.054921
v -0.017417 0.004190 -0.060582
v -0.019300 0.007076 -0.055667
v -0.019737 0.007344 -0.056451
v -0.017961 0.004766 -0.060539
v -0.020904 0.007780 -0.055610
v -0.020727 0.007621 -0.054557
v -0.022304 0.007400 -0.056009
v -0.022464 0.007144 -0.055122
v -0.025450 0.004928 -0.059249
v -0.026001 0.004376 -0.059104
v -0.027880 -0.000943 -0.065920
v -0.027440 -0.000807 -0.066515
v -0.019348 0.000938 -0.045711
v -0.021045 0.000342 -0.045761
v -0.026734 0.000349 -0.052868
v -0.022521 -0.001572 -0.046169
v -0.027825 -0.000333 -0.059483
v -0.028013 -0.005640 -0.060093
v -0.028407 -0.001481 -0.063938
v -0.017792 0.000271 -0.046321
v -0.016619 -0.001700 -0.047185
v -0.028598 -0.005024 -0.064272
v -0.027881 -0.008932 -0.065532
v -0.028803 -0.004356 -0.068565
v -0.027296 -0.009096 -0.066233
v -0.025197 -0.012348 -0.062448
v -0.024814 -0.012686 -0.063432
v -0.028421 -0.004270 -0.069396
v -0.025748 -0.008321 -0.057797
v -0.023609 -0.013897 -0.060810
v -0.023511 -0.013980 -0.061857
v -0.022246 -0.014322 -0.060624
v -0.022434 -0.014149 -0.061735
v -0.021008 -0.013954 -0.061258
v -0.021453 -0.014025 -0.062212
v -0.022821 -0.010168 -0.055985
v -0.021312 -0.010602 -0.055663
v -0.019980 -0.010229 -0.056474
v -0.018758 -0.000994 -0.068010
v -0.018943 -0.004475 -0.071028
v -0.020294 -0.005244 -0.066483
v -0.017961 0.004766 -0.060539
v -0.019147 -0.009272 -0.067636
v -0.022703 -0.006090 -0.064311
v -0.019737 0.007344 -0.056451
v -0.020904 0.007780 -0.055610
v -0.022304 0.007400 -0.056009
v -0.025662 -0.005128 -0.065559
v -0.025450 0.004928 -0.059249
v -0.027440 -0.000807 -0.066515
v -0.028421 -0.004270 -0.069396
v -0.027296 -0.009096 -0.066233
v -0.024814 -0.012686 -0.063432
v -0.020698 -0.012776 -0.064140
v -0.021453 -0.014025 -0.062212
v -0.022434 -0.014149 -0.061735
v -0.023511 -0.013980 -0.061857
v -0.026971 -0.004484 -0.054308
v -0.026734 0.000349 -0.052868
v -0.028013 -0.005640 -0.060093
v -0.025748 -0.008321 -0.057797
v -0.023172 -0.008303 -0.053150
v -0.024708 -0.005008 -0.046725
v -0.022521 -0.001572 -0.046169
v -0.022987 -0.005672 -0.040749
v -0.022436 -0.008243 -0.048380
v -0.021729 -0.009190 -0.042628
v -0.022484 -0.007085 -0.034669
v -0.021291 -0.010651 -0.037172
v -0.022605 -0.008220 -0.029968
v -0.021001 -0.012058 -0.032411
v -0.021078 -0.010860 -0.023814
v -0.021410 -0.004874 -0.028132
v -0.020516 -0.009002 -0.022559
v -0.019026 -0.007435 -0.020420
v -0.018621 -0.007785 -0.020139
v -0.019666 -0.009363 -0.022350
v -0.017343 -0.005136 -0.019711
v -0.015133 -0.003653 -0.020658
v -0.017020 -0.005484 -0.019421
v -0.015092 -0.004398 -0.020314
v -0.013020 -0.005570 -0.020109
v -0.021462 -0.004045 -0.033218
v -0.016455 -0.002137 -0.028525
v -0.020425 -0.013903 -0.025643
v -0.019148 -0.018158 -0.026745
v -0.019133 -0.015198 -0.022108
v -0.019404 -0.014733 -0.021624
v -0.019727 -0.011065 -0.023418
v -0.017334 -0.001951 -0.033629
v -0.020580 -0.003508 -0.038851
v -0.021390 -0.002544 -0.042538
v -0.018651 -0.000930 -0.041428
v -0.016081 -0.003605 -0.039626
v -0.013399 -0.004219 -0.034607
v -0.011774 -0.005082 -0.029791
v -0.011403 -0.008463 -0.031897
v -0.010894 -0.011080 -0.025567
v -0.010926 -0.009210 -0.024210
v -0.011542 -0.007597 -0.021709
v -0.012798 -0.005234 -0.020494
v -0.013891 -0.012212 -0.033635
v -0.015160 -0.010784 -0.038228
v -0.013049 -0.007289 -0.036293
v -0.016501 -0.009303 -0.043528
v -0.012249 -0.014080 -0.027051
v -0.013990 -0.018269 -0.027633
v -0.015478 -0.018772 -0.028485
v -0.014524 -0.018552 -0.027290
v -0.015604 -0.018767 -0.027981
v -0.012337 -0.015345 -0.023279
v -0.011901 -0.014895 -0.022916
v -0.012781 -0.015442 -0.022632
v -0.014541 -0.005855 -0.042204
v -0.017719 -0.008345 -0.049193
v -0.014890 -0.005221 -0.048416
v -0.016619 -0.001700 -0.047185
v -0.018623 -0.008402 -0.053934
v -0.014812 0.000091 -0.054921
v -0.015273 -0.004737 -0.056322
v -0.017752 -0.008494 -0.059174
v -0.016274 -0.005894 -0.062114
v -0.020860 -0.009675 -0.053160
v -0.021312 -0.010602 -0.055663
v -0.020202 -0.009683 -0.049336
v -0.019261 -0.010951 -0.043713
v -0.018512 -0.012989 -0.039079
v -0.017919 -0.014887 -0.035424
v -0.022821 -0.010168 -0.055985
v -0.016877 -0.019114 -0.028837
v -0.018057 -0.018716 -0.028041
v -0.017773 -0.018720 -0.027607
v -0.016784 -0.019103 -0.028301
v -0.018550 -0.018465 -0.026597
v -0.018503 -0.015318 -0.021647
v -0.018608 -0.014810 -0.021111
v -0.012043 -0.011232 -0.024741
v -0.012482 -0.014942 -0.022166
v -0.011671 -0.009536 -0.023727
v -0.011850 -0.007932 -0.021305
v -0.016081 -0.003605 -0.039626
v -0.016511 -0.002649 -0.043378
v -0.018651 -0.000930 -0.041428
v -0.021390 -0.002544 -0.042538
v -0.020580 -0.003508 -0.038851
v -0.016511 -0.002649 -0.043378
v -0.019980 -0.010229 -0.056474
v -0.023438 -0.002647 -0.079928
v -0.025095 -0.002912 -0.078558
v -0.025781 -0.006501 -0.082055
v -0.027101 -0.002562 -0.079295
v -0.028275 -0.006254 -0.085838
v -0.024690 -0.006337 -0.086456
v -0.027169 -0.000298 -0.078261
v -0.029341 0.000676 -0.082238
v -0.024873 -0.000655 -0.077574
v -0.026762 0.004973 -0.076609
v -0.029142 0.002411 -0.081316
v -0.024503 0.006791 -0.076427
v -0.022926 -0.000396 -0.078993
v -0.022519 0.004874 -0.077342
v -0.021971 0.002245 -0.082554
v -0.022170 0.000510 -0.083475
v -0.030026 -0.004470 -0.086383
v -0.024927 0.009531 -0.079253
v -0.027191 0.007836 -0.079476
v -0.027913 0.011127 -0.084107
v -0.025680 0.012637 -0.084036
v -0.029117 0.004453 -0.081445
v -0.029586 0.008243 -0.084672
v -0.022947 0.007738 -0.080208
v -0.021946 0.004287 -0.082682
v -0.022415 0.008078 -0.085909
v -0.023670 0.011029 -0.084839
v -0.023145 -0.004629 -0.087570
v -0.022820 -0.002745 -0.089003
v -0.025247 -0.010116 -0.088710
v -0.023697 -0.006961 -0.090089
v -0.026893 -0.010720 -0.087933
v -0.027081 -0.011756 -0.088885
v -0.027550 -0.013518 -0.091366
v -0.028676 -0.010037 -0.088119
v -0.026253 -0.009274 -0.084416
v -0.025639 -0.011153 -0.090992
v -0.029117 -0.011073 -0.090392
v -0.030454 -0.006805 -0.088924
v -0.030726 -0.002562 -0.087639
v -0.025820 -0.000313 -0.083111
v -0.024432 -0.000008 -0.083252
v -0.025100 -0.003318 -0.088793
v -0.026837 -0.003549 -0.088572
v -0.025556 0.002328 -0.081935
v -0.027154 0.000055 -0.082782
v -0.028536 -0.003239 -0.088200
v -0.023798 -0.002722 -0.088835
v -0.023027 0.000530 -0.083327
v -0.022820 -0.002745 -0.089003
v -0.022170 0.000510 -0.083475
v -0.021971 0.002245 -0.082554
v -0.022828 0.002265 -0.082406
v -0.021946 0.004287 -0.082682
v -0.022803 0.004307 -0.082535
v -0.022415 0.008078 -0.085909
v -0.023278 0.008097 -0.085760
v -0.024126 0.004908 -0.082140
v -0.025466 0.005276 -0.081810
v -0.025948 0.008893 -0.085085
v -0.024603 0.008635 -0.085384
v -0.026848 0.004971 -0.081670
v -0.027325 0.008698 -0.084914
v -0.028722 0.008224 -0.084821
v -0.028247 0.004433 -0.081595
v -0.029586 0.008243 -0.084672
v -0.029117 0.004453 -0.081445
v -0.028272 0.002391 -0.081466
v -0.029142 0.002411 -0.081316
v -0.028471 0.000656 -0.082388
v -0.029341 0.000676 -0.082238
v -0.030726 -0.002562 -0.087639
v -0.029749 -0.002584 -0.087808
v -0.025680 0.012637 -0.084036
v -0.023670 0.011029 -0.084839
v -0.025948 0.008893 -0.085085
v -0.027913 0.011127 -0.084107
v -0.027325 0.008698 -0.084914
v -0.024603 0.008635 -0.085384
v -0.023278 0.008097 -0.085760
v -0.022415 0.008078 -0.085909
v -0.028722 0.008224 -0.084821
v -0.029586 0.008243 -0.084672
v -0.029117 -0.011073 -0.090392
v -0.027378 -0.011113 -0.090692
v -0.027550 -0.013518 -0.091366
v -0.025639 -0.011153 -0.090992
v -0.026837 -0.003549 -0.088572
v -0.025100 -0.003318 -0.088793
v -0.028536 -0.003239 -0.088200
v -0.030454 -0.006805 -0.088924
v -0.029749 -0.002584 -0.087808
v -0.030726 -0.002562 -0.087639
v -0.023697 -0.006961 -0.090089
v -0.023798 -0.002722 -0.088835
v -0.022820 -0.002745 -0.089003
v -0.028085 0.003979 -0.075370
v -0.025482 0.006477 -0.073241
v -0.027450 0.005024 -0.076628
v -0.029359 0.003118 -0.079452
v -0.029631 0.002071 -0.078155
v -0.030079 0.001395 -0.078611
v -0.029820 0.001755 -0.080439
v -0.029815 0.000575 -0.078296
v -0.029716 0.000125 -0.079735
v -0.028672 -0.002598 -0.076662
v -0.028207 -0.000121 -0.073202
v -0.028031 0.001947 -0.073624
v -0.028360 -0.001843 -0.074411
v -0.025994 -0.001268 -0.065959
v -0.025422 0.004957 -0.071381
v -0.025555 -0.004039 -0.070732
v -0.024287 -0.002403 -0.058628
v -0.021544 0.000541 -0.058440
v -0.021227 -0.003335 -0.056082
v -0.019157 -0.002521 -0.059513
v -0.019801 -0.001411 -0.067027
v -0.022015 -0.004121 -0.071342
v -0.024243 -0.006048 -0.073197
v -0.021870 -0.005282 -0.059551
v -0.021227 -0.003335 -0.056082
v -0.024602 -0.006864 -0.075173
v -0.020271 -0.002030 -0.075807
v -0.019940 -0.000313 -0.074629
v -0.020149 0.000351 -0.079963
v -0.020068 0.001163 -0.080338
v -0.020816 -0.000081 -0.081270
v -0.021072 0.001553 -0.081948
v -0.020207 0.001853 -0.079781
v -0.020923 0.002923 -0.080907
v -0.020760 -0.002781 -0.078027
v -0.021535 -0.003226 -0.078955
v -0.020147 0.001765 -0.074985
v -0.020583 0.003806 -0.076664
v -0.021543 0.004888 -0.077647
v -0.022528 0.006408 -0.073751
v -0.022047 0.004637 -0.072034
v -0.023522 0.005012 -0.070503
v -0.023768 0.007134 -0.072212
v -0.022651 -0.005072 -0.076394
v -0.023203 -0.004890 -0.077863
v -0.024930 -0.006056 -0.077183
v -0.026565 -0.004813 -0.077283
v -0.026607 -0.004980 -0.075711
v -0.028260 -0.003070 -0.077795
v -0.029820 0.001755 -0.080439
v -0.029359 0.003118 -0.079452
v -0.024935 0.000758 -0.078125
v -0.027450 0.005024 -0.076628
v -0.025482 0.006477 -0.073241
v -0.023768 0.007134 -0.072212
v -0.022528 0.006408 -0.073751
v -0.021543 0.004888 -0.077647
v -0.020923 0.002923 -0.080907
v -0.021072 0.001553 -0.081948
v -0.029820 0.001755 -0.080439
v -0.024935 0.000758 -0.078125
v -0.029716 0.000125 -0.079735
v -0.028260 -0.003070 -0.077795
v -0.026565 -0.004813 -0.077283
v -0.024930 -0.006056 -0.077183
v -0.023203 -0.004890 -0.077863
v -0.021535 -0.003226 -0.078955
v -0.020816 -0.000081 -0.081270
v -0.021072 0.001553 -0.081948
v -0.008760 -0.013377 -0.005705
v -0.009398 -0.003629 -0.010825
v -0.007823 -0.010054 -0.001684
v -0.012945 -0.015804 -0.003948
v -0.012269 -0.011931 0.000022
v -0.016922 -0.009831 -0.000342
v -0.013867 -0.019872 -0.009582
v -0.017338 -0.013167 -0.004441
v -0.011650 -0.019138 -0.011046
v -0.011273 -0.014804 -0.015600
v -0.010965 -0.012636 -0.016898
v -0.010131 -0.009141 -0.013375
v -0.009919 -0.007027 -0.012802
v -0.010149 -0.006487 -0.014284
v -0.016394 -0.019022 -0.010347
v -0.017841 -0.014643 -0.014631
v -0.018408 -0.012454 -0.015800
v -0.017993 -0.008948 -0.012215
v -0.017964 -0.006830 -0.011615
v -0.017738 -0.003425 -0.009595
v -0.017360 -0.001441 -0.004710
v -0.013495 -0.001390 -0.010071
v -0.012901 0.000168 -0.006276
v -0.008262 -0.001664 -0.006051
v -0.014267 -0.003646 -0.014982
v -0.017044 -0.006154 -0.015677
v -0.018106 -0.006292 -0.013111
v -0.011933 -0.006280 -0.016430
v -0.017324 -0.006219 -0.016820
v -0.017044 -0.006154 -0.015677
v -0.018267 -0.007525 -0.017453
v -0.018106 -0.006292 -0.013111
v -0.017964 -0.006830 -0.011615
v -0.019215 -0.009586 -0.017443
v -0.019362 -0.012445 -0.022799
v -0.019029 -0.010574 -0.022567
v -0.019009 -0.011258 -0.016708
v -0.018898 -0.013281 -0.021785
v -0.018408 -0.012454 -0.015800
v -0.017841 -0.014643 -0.014631
v -0.017993 -0.008948 -0.012215
v -0.017500 -0.014814 -0.015525
v -0.016258 -0.019325 -0.011068
v -0.016394 -0.019022 -0.010347
v -0.013995 -0.020134 -0.010409
v -0.013867 -0.019872 -0.009582
v -0.012002 -0.019429 -0.011695
v -0.011650 -0.019138 -0.011046
v -0.011273 -0.014804 -0.015600
v -0.011864 -0.014952 -0.016356
v -0.012260 -0.013444 -0.022764
v -0.010965 -0.012636 -0.016898
v -0.010501 -0.011467 -0.017962
v -0.012069 -0.012624 -0.023875
v -0.010131 -0.009141 -0.013375
v -0.009919 -0.007027 -0.012802
v -0.010539 -0.009799 -0.018722
v -0.011225 -0.007698 -0.018492
v -0.012231 -0.010741 -0.023569
v -0.011994 -0.006349 -0.017606
v -0.010149 -0.006487 -0.014284
v -0.011933 -0.006280 -0.016430
v -0.014429 -0.004416 -0.015963
v -0.014429 -0.004416 -0.015963
v -0.011994 -0.006349 -0.017606
v -0.013995 -0.020134 -0.010409
v -0.017324 -0.006219 -0.016820
v -0.016258 -0.019325 -0.011068
v -0.017500 -0.014814 -0.015525
v -0.018898 -0.013281 -0.021785
v -0.019029 -0.010574 -0.022567
v -0.019362 -0.012445 -0.022799
v -0.012002 -0.019429 -0.011695
v -0.011864 -0.014952 -0.016356
v -0.012260 -0.013444 -0.022764
v -0.012231 -0.010741 -0.023569
v -0.012069 -0.012624 -0.023875
v -0.017762 -0.009010 -0.018968
v -0.018265 -0.009779 -0.022249
v -0.018379 -0.011727 -0.018993
v -0.017342 -0.010142 -0.015931
v -0.016788 -0.010078 -0.013497
v -0.015971 -0.018956 -0.010145
v -0.016633 -0.020488 -0.014379
v -0.014580 -0.021363 -0.014174
v -0.013981 -0.020006 -0.010337
v -0.012632 -0.020587 -0.014969
v -0.011970 -0.019054 -0.010735
v -0.011874 -0.011886 -0.019952
v -0.011730 -0.010202 -0.014242
v -0.013407 -0.021218 -0.020122
v -0.015465 -0.022253 -0.020032
v -0.017408 -0.021120 -0.019532
v -0.011905 -0.010275 -0.016732
v -0.012325 -0.009143 -0.019769
v -0.012828 -0.009912 -0.023051
v -0.013344 -0.013010 -0.026031
v -0.013956 -0.020080 -0.024031
v -0.014353 -0.015519 -0.027481
v -0.016097 -0.021604 -0.024432
v -0.017957 -0.019981 -0.023441
v -0.018780 -0.012877 -0.025230
v -0.016600 -0.016401 -0.028704
v -0.014326 -0.012928 -0.027729
v -0.016636 -0.012760 -0.029557
v -0.018354 -0.015421 -0.026891
v -0.018327 -0.012830 -0.027139
v -0.014259 -0.010140 -0.013870
v -0.015971 -0.018956 -0.010145
v -0.013981 -0.020006 -0.010337
v -0.011970 -0.019054 -0.010735
v -0.016788 -0.010078 -0.013497
v -0.011730 -0.010202 -0.014242
v -0.016070 -0.012943 -0.025629
v -0.013344 -0.013010 -0.026031
v -0.014326 -0.012928 -0.027729
v -0.016330 -0.012879 -0.027434
v -0.018327 -0.012830 -0.027139
v -0.018780 -0.012877 -0.025230
v -0.015547 -0.009845 -0.022650
v -0.018265 -0.009779 -0.022249
v -0.012828 -0.009912 -0.023051
v -0.012325 -0.009143 -0.019769
v -0.015044 -0.009077 -0.019368
v -0.011905 -0.010275 -0.016732
v -0.014624 -0.010208 -0.016331
v -0.017762 -0.009010 -0.018968
v -0.017342 -0.010142 -0.015931
v -0.011730 -0.010202 -0.014242
v -0.014259 -0.010140 -0.013870
v -0.016788 -0.010078 -0.013497
v -0.016636 -0.012760 -0.029557
v -0.013097 -0.008230 -0.014781
v -0.013379 -0.005776 -0.017098
v -0.014268 -0.007876 -0.014307
v -0.012046 -0.009089 -0.015981
v -0.012280 -0.007163 -0.017889
v -0.012404 -0.011873 -0.019874
v -0.012003 -0.012064 -0.015199
v -0.012627 -0.006678 -0.020325
v -0.013043 -0.007386 -0.023029
v -0.013426 -0.009596 -0.025259
v -0.013647 -0.013153 -0.026170
v -0.015160 -0.013028 -0.027971
v -0.014857 -0.008811 -0.026619
v -0.014372 -0.005975 -0.023805
v -0.013827 -0.005041 -0.020261
v -0.013150 -0.012067 -0.014501
v -0.014299 -0.012047 -0.013826
v -0.015542 -0.008170 -0.014420
v -0.015823 -0.005716 -0.016737
v -0.016935 -0.008969 -0.015261
v -0.016892 -0.011944 -0.014479
v -0.017848 -0.011740 -0.019071
v -0.017169 -0.007043 -0.017168
v -0.017516 -0.006558 -0.019605
v -0.017932 -0.007266 -0.022308
v -0.016271 -0.004981 -0.019901
v -0.016817 -0.005915 -0.023444
v -0.018315 -0.009476 -0.024538
v -0.018536 -0.013033 -0.025449
v -0.017301 -0.008751 -0.026258
v -0.017604 -0.012968 -0.027611
v -0.015594 -0.012007 -0.014140
v -0.016129 -0.008601 -0.026806
v -0.016475 -0.012981 -0.028426
v -0.015621 -0.005568 -0.023867
v -0.015042 -0.004592 -0.020099
v -0.014553 -0.005488 -0.016637
v 0.011643 -0.001223 0.007127
v 0.008487 -0.002218 0.005672
v 0.011636 -0.003962 0.006699
v 0.015006 -0.002354 0.006431
v 0.016159 -0.006063 0.003097
v 0.015378 0.002903 0.004176
v 0.011891 0.002554 0.005678
v 0.008860 0.003039 0.003416
v 0.012285 0.004022 0.002558
v 0.008518 0.000920 -0.001098
v 0.007998 -0.005893 0.002146
v 0.008548 -0.001838 -0.006046
v 0.007842 -0.010095 -0.001466
v 0.012762 0.002267 -0.001767
v 0.011887 -0.008177 0.003873
v 0.016978 -0.010285 -0.000401
v 0.016679 0.000750 -0.000147
v 0.017684 -0.002028 -0.004982
v 0.012243 -0.012147 0.000152
v 0.013260 -0.000239 -0.006453
v 0.009440 -0.003964 -0.010802
v 0.008494 -0.013550 -0.005432
v 0.007842 -0.010095 -0.001466
v 0.012610 -0.016138 -0.003742
v 0.012243 -0.012147 0.000152
v 0.016978 -0.010285 -0.000401
v 0.013161 -0.020372 -0.009301
v 0.017107 -0.013729 -0.004429
v 0.010938 -0.019565 -0.010716
v 0.010629 -0.015322 -0.015359
v 0.010385 -0.013171 -0.016700
v 0.009829 -0.009561 -0.013239
v 0.009737 -0.007426 -0.012711
v 0.009946 -0.006932 -0.014213
v 0.015701 -0.019664 -0.010161
v 0.017223 -0.015459 -0.014591
v 0.017859 -0.013327 -0.015829
v 0.017723 -0.009725 -0.012319
v 0.011671 -0.006861 -0.016415
v 0.017814 -0.007594 -0.011770
v 0.017814 -0.004138 -0.009826
v 0.017684 -0.002028 -0.004982
v 0.013661 -0.001910 -0.010225
v 0.013260 -0.000239 -0.006453
v 0.008548 -0.001838 -0.006046
v 0.014172 -0.004311 -0.015101
v 0.016803 -0.006967 -0.015817
v 0.017935 -0.007098 -0.013282
v 0.016803 -0.006967 -0.015817
v 0.017044 -0.007071 -0.016967
v 0.017903 -0.008436 -0.017596
v 0.017935 -0.007098 -0.013282
v 0.017814 -0.007594 -0.011770
v 0.018751 -0.010540 -0.017564
v 0.018595 -0.013524 -0.022851
v 0.018360 -0.011634 -0.022655
v 0.018488 -0.012183 -0.016783
v 0.018123 -0.014312 -0.021804
v 0.017859 -0.013327 -0.015829
v 0.017223 -0.015459 -0.014591
v 0.017723 -0.009725 -0.012319
v 0.016847 -0.015633 -0.015470
v 0.015528 -0.019976 -0.010870
v 0.015701 -0.019664 -0.010161
v 0.013251 -0.020659 -0.010125
v 0.013161 -0.020372 -0.009301
v 0.011255 -0.019887 -0.011368
v 0.010938 -0.019565 -0.010716
v 0.010629 -0.015322 -0.015359
v 0.011188 -0.015516 -0.016129
v 0.011458 -0.014174 -0.022580
v 0.010385 -0.013171 -0.016700
v 0.009945 -0.012005 -0.017778
v 0.011272 -0.013371 -0.023705
v 0.009829 -0.009561 -0.013239
v 0.009737 -0.007426 -0.012711
v 0.010039 -0.010359 -0.018579
v 0.010832 -0.008289 -0.018420
v 0.011534 -0.011492 -0.023450
v 0.011692 -0.006960 -0.017590
v 0.009946 -0.006932 -0.014213
v 0.011671 -0.006861 -0.016415
v 0.014267 -0.005111 -0.016067
v 0.011692 -0.006960 -0.017590
v 0.014267 -0.005111 -0.016067
v 0.013251 -0.020659 -0.010125
v 0.017044 -0.007071 -0.016967
v 0.015528 -0.019976 -0.010870
v 0.016847 -0.015633 -0.015470
v 0.018123 -0.014312 -0.021804
v 0.018360 -0.011634 -0.022655
v 0.018595 -0.013524 -0.022851
v 0.011255 -0.019887 -0.011368
v 0.011188 -0.015516 -0.016129
v 0.011458 -0.014174 -0.022580
v 0.011534 -0.011492 -0.023450
v 0.011272 -0.013371 -0.023705
v 0.015045 -0.012669 -0.022402
v 0.011228 -0.010380 -0.023858
v 0.011545 -0.012143 -0.024772
v 0.011421 -0.008661 -0.021518
v 0.012671 -0.006297 -0.020413
v 0.014802 -0.005234 -0.020618
v 0.016652 -0.006360 -0.019615
v 0.018158 -0.008768 -0.020168
v 0.019184 -0.010507 -0.022265
v 0.019191 -0.012264 -0.023241
v 0.017744 -0.019758 -0.026068
v 0.017719 -0.016356 -0.021290
v 0.017835 -0.015826 -0.020778
v 0.013738 -0.019694 -0.026870
v 0.011738 -0.015729 -0.021999
v 0.012025 -0.016266 -0.022430
v 0.014824 -0.019996 -0.027518
v 0.016982 -0.020030 -0.027085
v 0.015994 -0.020403 -0.027787
v 0.019308 -0.008208 -0.070489
v 0.019964 -0.008165 -0.071131
v 0.019849 -0.012781 -0.067492
v 0.019053 -0.012585 -0.067058
v 0.021139 -0.016163 -0.063778
v 0.020431 -0.015774 -0.063019
v 0.019867 -0.004525 -0.068302
v 0.019242 -0.004633 -0.067898
v 0.017955 -0.008623 -0.066375
v 0.016999 -0.008986 -0.062235
v 0.018273 -0.011493 -0.059124
v 0.018036 -0.005064 -0.066208
v 0.016987 -0.003650 -0.061917
v 0.015638 -0.002569 -0.055404
v 0.018584 0.001101 -0.061192
v 0.020474 0.004151 -0.056380
v 0.020943 0.004357 -0.057165
v 0.019153 0.001652 -0.061163
v 0.022108 0.004782 -0.056314
v 0.021896 0.004687 -0.055260
v 0.023497 0.004316 -0.056653
v 0.023622 0.004101 -0.055750
v 0.026605 0.001533 -0.059670
v 0.027125 0.000965 -0.059481
v 0.028924 -0.004787 -0.065959
v 0.028506 -0.004663 -0.066572
v 0.019968 -0.001449 -0.046124
v 0.021635 -0.002125 -0.046095
v 0.027501 -0.002758 -0.053028
v 0.023029 -0.004125 -0.046362
v 0.028731 -0.003837 -0.059565
v 0.028679 -0.009172 -0.059896
v 0.029372 -0.005245 -0.063938
v 0.018399 -0.002073 -0.046743
v 0.017155 -0.004031 -0.047538
v 0.029402 -0.008805 -0.064083
v 0.028531 -0.012736 -0.065160
v 0.029750 -0.008375 -0.068397
v 0.027958 -0.012910 -0.065868
v 0.025607 -0.015856 -0.061982
v 0.025234 -0.016228 -0.062958
v 0.029394 -0.008315 -0.069242
v 0.026229 -0.011620 -0.057531
v 0.023904 -0.017242 -0.060313
v 0.023830 -0.017375 -0.061357
v 0.022519 -0.017592 -0.060144
v 0.022743 -0.017487 -0.061256
v 0.021316 -0.017201 -0.060831
v 0.021783 -0.017343 -0.061767
v 0.023171 -0.013230 -0.055710
v 0.021635 -0.013577 -0.055410
v 0.020344 -0.013185 -0.056276
v 0.019867 -0.004525 -0.068302
v 0.019153 0.001652 -0.061163
v 0.021157 -0.008755 -0.066515
v 0.019964 -0.008165 -0.071131
v 0.019849 -0.012781 -0.067492
v 0.023466 -0.009596 -0.064235
v 0.020943 0.004357 -0.057165
v 0.022108 0.004782 -0.056314
v 0.023497 0.004316 -0.056653
v 0.026498 -0.008840 -0.065446
v 0.026605 0.001533 -0.059670
v 0.028506 -0.004663 -0.066572
v 0.029394 -0.008315 -0.069242
v 0.027958 -0.012910 -0.065868
v 0.025234 -0.016228 -0.062958
v 0.021139 -0.016163 -0.063778
v 0.021783 -0.017343 -0.061767
v 0.022743 -0.017487 -0.061256
v 0.023830 -0.017375 -0.061357
v 0.027501 -0.002758 -0.053028
v 0.027544 -0.007665 -0.054210
v 0.028679 -0.009172 -0.059896
v 0.026229 -0.011620 -0.057531
v 0.023537 -0.011237 -0.052967
v 0.025062 -0.007683 -0.046678
v 0.023029 -0.004125 -0.046362
v 0.023156 -0.007950 -0.040728
v 0.022681 -0.010891 -0.048229
v 0.021780 -0.011500 -0.042458
v 0.022427 -0.009016 -0.034599
v 0.021130 -0.012649 -0.036949
v 0.022371 -0.009906 -0.029844
v 0.020650 -0.013788 -0.032132
v 0.020561 -0.012143 -0.023609
v 0.021291 -0.006415 -0.028218
v 0.020055 -0.010198 -0.022467
v 0.018587 -0.008452 -0.020455
v 0.018158 -0.008768 -0.020168
v 0.019184 -0.010507 -0.022265
v 0.016999 -0.006043 -0.019914
v 0.014888 -0.004512 -0.020999
v 0.016652 -0.006360 -0.019615
v 0.014802 -0.005234 -0.020618
v 0.012671 -0.006297 -0.020413
v 0.021515 -0.005859 -0.033337
v 0.016485 -0.003476 -0.028892
v 0.019810 -0.015245 -0.025297
v 0.018359 -0.019488 -0.026215
v 0.018366 -0.016290 -0.021739
v 0.018646 -0.015813 -0.021271
v 0.019191 -0.012264 -0.023241
v 0.017505 -0.003600 -0.033972
v 0.020807 -0.005579 -0.039013
v 0.021758 -0.004850 -0.042719
v 0.019071 -0.003054 -0.041773
v 0.016330 -0.005508 -0.039909
v 0.013492 -0.005731 -0.034944
v 0.011703 -0.006263 -0.030138
v 0.011225 -0.009728 -0.032077
v 0.010426 -0.011982 -0.025638
v 0.010513 -0.010046 -0.024378
v 0.011140 -0.008334 -0.021947
v 0.012476 -0.005971 -0.020820
v 0.013575 -0.013676 -0.033549
v 0.015029 -0.012552 -0.038171
v 0.013039 -0.008866 -0.036479
v 0.016578 -0.011417 -0.043499
v 0.011674 -0.015115 -0.026926
v 0.013227 -0.019406 -0.027242
v 0.014711 -0.020021 -0.028025
v 0.013738 -0.019694 -0.026870
v 0.014824 -0.019996 -0.027518
v 0.011604 -0.016183 -0.023093
v 0.011180 -0.015694 -0.022766
v 0.012025 -0.016266 -0.022430
v 0.014751 -0.007816 -0.042411
v 0.017987 -0.010817 -0.049169
v 0.015292 -0.007527 -0.048634
v 0.017155 -0.004031 -0.047538
v 0.019011 -0.011165 -0.053873
v 0.015638 -0.002569 -0.055404
v 0.015903 -0.007480 -0.056542
v 0.018273 -0.011493 -0.059124
v 0.016999 -0.008986 -0.062235
v 0.021163 -0.012499 -0.052971
v 0.021635 -0.013577 -0.055410
v 0.020406 -0.012274 -0.049172
v 0.019260 -0.013199 -0.043520
v 0.018293 -0.014953 -0.038811
v 0.017515 -0.016626 -0.035082
v 0.023171 -0.013230 -0.055710
v 0.016100 -0.020446 -0.028318
v 0.017277 -0.020062 -0.027511
v 0.016982 -0.020030 -0.027085
v 0.015994 -0.020403 -0.027787
v 0.017744 -0.019758 -0.026068
v 0.017719 -0.016356 -0.021290
v 0.017835 -0.015826 -0.020778
v 0.011738 -0.015729 -0.021999
v 0.011545 -0.012143 -0.024772
v 0.011228 -0.010380 -0.023858
v 0.011421 -0.008661 -0.021518
v 0.016902 -0.004772 -0.043692
v 0.016330 -0.005508 -0.039909
v 0.019071 -0.003054 -0.041773
v 0.021758 -0.004850 -0.042719
v 0.020807 -0.005579 -0.039013
v 0.016902 -0.004772 -0.043692
v 0.020344 -0.013185 -0.056276
v 0.027020 0.002355 -0.073726
v 0.029586 -0.000348 -0.075638
v 0.029026 0.000649 -0.076969
v 0.030940 -0.001477 -0.079628
v 0.031135 -0.002461 -0.078270
v 0.031569 -0.003177 -0.078676
v 0.031376 -0.002907 -0.080527
v 0.031265 -0.003968 -0.078325
v 0.031190 -0.004492 -0.079741
v 0.029957 -0.007003 -0.076560
v 0.029490 -0.004327 -0.073253
v 0.029405 -0.002279 -0.073790
v 0.029611 -0.006116 -0.074363
v 0.027032 -0.004995 -0.066028
v 0.026851 0.000941 -0.071790
v 0.026622 -0.008004 -0.070657
v 0.025078 -0.005666 -0.058702
v 0.022444 -0.002618 -0.058754
v 0.021913 -0.006346 -0.056203
v 0.019974 -0.005645 -0.059734
v 0.020871 -0.004970 -0.067274
v 0.023100 -0.007990 -0.071369
v 0.025304 -0.010095 -0.073050
v 0.022580 -0.008501 -0.059542
v 0.021913 -0.006346 -0.056203
v 0.025687 -0.011030 -0.074968
v 0.021563 -0.006083 -0.075989
v 0.021265 -0.004293 -0.074915
v 0.021649 -0.003929 -0.080269
v 0.021610 -0.003136 -0.080689
v 0.022336 -0.004455 -0.081530
v 0.022673 -0.002872 -0.082286
v 0.021759 -0.002422 -0.080165
v 0.022546 -0.001443 -0.081325
v 0.022085 -0.006971 -0.078151
v 0.022868 -0.007494 -0.079030
v 0.021561 -0.002247 -0.075375
v 0.022121 -0.000318 -0.077147
v 0.023149 0.000673 -0.078157
v 0.024082 0.002367 -0.074320
v 0.023486 0.000711 -0.072526
v 0.024930 0.001113 -0.070974
v 0.025304 0.003130 -0.072786
v 0.023841 -0.009237 -0.076341
v 0.024440 -0.009156 -0.077801
v 0.026103 -0.010346 -0.077008
v 0.027786 -0.009170 -0.077124
v 0.027777 -0.009253 -0.075546
v 0.029560 -0.007521 -0.077677
v 0.030940 -0.001477 -0.079628
v 0.031376 -0.002907 -0.080527
v 0.026394 -0.003598 -0.078312
v 0.029026 0.000649 -0.076969
v 0.027020 0.002355 -0.073726
v 0.025304 0.003130 -0.072786
v 0.024082 0.002367 -0.074320
v 0.023149 0.000673 -0.078157
v 0.022546 -0.001443 -0.081325
v 0.022673 -0.002872 -0.082286
v 0.026394 -0.003598 -0.078312
v 0.031376 -0.002907 -0.080527
v 0.031190 -0.004492 -0.079741
v 0.029560 -0.007521 -0.077677
v 0.027786 -0.009170 -0.077124
v 0.026103 -0.010346 -0.077008
v 0.024440 -0.009156 -0.077801
v 0.022868 -0.007494 -0.079030
v 0.022336 -0.004455 -0.081530
v 0.022673 -0.002872 -0.082286
v 0.026425 -0.007289 -0.078543
v 0.024819 -0.007039 -0.079974
v 0.027073 -0.011086 -0.081822
v 0.028464 -0.007054 -0.079237
v 0.029679 -0.011137 -0.085535
v 0.026112 -0.011122 -0.086256
v 0.028589 -0.004741 -0.078324
v 0.030907 -0.004064 -0.082280
v 0.026262 -0.004975 -0.077688
v 0.028337 0.000624 -0.076969
v 0.030748 -0.002276 -0.081458
v 0.026144 0.002531 -0.076952
v 0.024367 -0.004723 -0.079177
v 0.024115 0.000641 -0.077822
v 0.023614 -0.002247 -0.082901
v 0.023773 -0.004035 -0.083722
v 0.031511 -0.009450 -0.086121
v 0.026752 0.005095 -0.079906
v 0.028955 0.003309 -0.079970
v 0.029933 0.006315 -0.084746
v 0.027757 0.007907 -0.084823
v 0.030805 -0.000245 -0.081697
v 0.031508 0.003345 -0.085106
v 0.024732 0.003326 -0.080823
v 0.023671 -0.000215 -0.083139
v 0.024374 0.003374 -0.086548
v 0.025710 0.006332 -0.085599
v 0.024665 -0.009422 -0.087505
v 0.024454 -0.007608 -0.089046
v 0.026588 -0.015036 -0.088287
v 0.025199 -0.011907 -0.089879
v 0.028187 -0.015656 -0.087430
v 0.028363 -0.016749 -0.088319
v 0.028833 -0.018660 -0.090687
v 0.030000 -0.015050 -0.087597
v 0.027504 -0.013999 -0.084016
v 0.027005 -0.016210 -0.090497
v 0.030464 -0.016224 -0.089798
v 0.031922 -0.011934 -0.088520
v 0.032319 -0.007640 -0.087456
v 0.027377 -0.004970 -0.083204
v 0.028423 -0.008534 -0.088452
v 0.026703 -0.008252 -0.088737
v 0.026006 -0.004623 -0.083403
v 0.027181 -0.002261 -0.082179
v 0.028714 -0.004634 -0.082855
v 0.030121 -0.008266 -0.088046
v 0.025426 -0.007612 -0.088849
v 0.024625 -0.004039 -0.083550
v 0.024454 -0.007608 -0.089046
v 0.023773 -0.004035 -0.083722
v 0.023614 -0.002247 -0.082901
v 0.024467 -0.002250 -0.082728
v 0.023671 -0.000215 -0.083139
v 0.024523 -0.000219 -0.082967
v 0.024374 0.003374 -0.086548
v 0.025233 0.003371 -0.086374
v 0.025857 0.000354 -0.082565
v 0.027200 0.000690 -0.082215
v 0.027911 0.004103 -0.085663
v 0.026566 0.003879 -0.085987
v 0.028565 0.000343 -0.082017
v 0.029275 0.003868 -0.085439
v 0.030650 0.003349 -0.085279
v 0.029940 -0.000241 -0.081872
v 0.031508 0.003345 -0.085106
v 0.030805 -0.000245 -0.081697
v 0.029883 -0.002272 -0.081633
v 0.030748 -0.002276 -0.081458
v 0.030042 -0.004061 -0.082455
v 0.030907 -0.004064 -0.082280
v 0.032319 -0.007640 -0.087456
v 0.031347 -0.007636 -0.087653
v 0.025710 0.006332 -0.085599
v 0.027757 0.007907 -0.084823
v 0.027911 0.004103 -0.085663
v 0.029933 0.006315 -0.084746
v 0.029275 0.003868 -0.085439
v 0.026566 0.003879 -0.085987
v 0.025233 0.003371 -0.086374
v 0.024374 0.003374 -0.086548
v 0.030650 0.003349 -0.085279
v 0.031508 0.003345 -0.085106
v 0.028735 -0.016217 -0.090148
v 0.030464 -0.016224 -0.089798
v 0.028833 -0.018660 -0.090687
v 0.027005 -0.016210 -0.090497
v 0.028423 -0.008534 -0.088452
v 0.026703 -0.008252 -0.088737
v 0.030121 -0.008266 -0.088046
v 0.031922 -0.011934 -0.088520
v 0.031347 -0.007636 -0.087653
v 0.032319 -0.007640 -0.087456
v 0.025199 -0.011907 -0.089879
v 0.025426 -0.007612 -0.088849
v 0.024454 -0.007608 -0.089046
v 0.017645 -0.010795 -0.022334
v 0.017281 -0.009929 -0.019058
v 0.017765 -0.012672 -0.019036
v 0.016901 -0.010969 -0.015983
v 0.016427 -0.010823 -0.013536
v 0.015288 -0.019573 -0.009949
v 0.015745 -0.021231 -0.014162
v 0.013659 -0.022000 -0.013875
v 0.013245 -0.020528 -0.010055
v 0.011727 -0.021148 -0.014630
v 0.011271 -0.019489 -0.010417
v 0.011234 -0.012536 -0.019797
v 0.011347 -0.010717 -0.014128
v 0.012312 -0.021933 -0.019787
v 0.014319 -0.023065 -0.019734
v 0.016329 -0.022016 -0.019319
v 0.011442 -0.010856 -0.016620
v 0.011822 -0.009815 -0.019694
v 0.012186 -0.010682 -0.022970
v 0.012459 -0.013868 -0.025888
v 0.012793 -0.020911 -0.023737
v 0.013302 -0.016456 -0.027306
v 0.014846 -0.022548 -0.024165
v 0.016811 -0.020995 -0.023269
v 0.017918 -0.013981 -0.025252
v 0.015465 -0.017473 -0.028574
v 0.013391 -0.013872 -0.027616
v 0.015650 -0.013858 -0.029516
v 0.017319 -0.016539 -0.026838
v 0.017409 -0.013956 -0.027148
v 0.015288 -0.019573 -0.009949
v 0.013887 -0.010770 -0.013832
v 0.013245 -0.020528 -0.010055
v 0.011271 -0.019489 -0.010417
v 0.016427 -0.010823 -0.013536
v 0.011347 -0.010717 -0.014128
v 0.015197 -0.013925 -0.025570
v 0.015404 -0.013914 -0.027382
v 0.013391 -0.013872 -0.027616
v 0.012459 -0.013868 -0.025888
v 0.017409 -0.013956 -0.027148
v 0.017918 -0.013981 -0.025252
v 0.014915 -0.010738 -0.022652
v 0.017645 -0.010795 -0.022334
v 0.012186 -0.010682 -0.022970
v 0.011822 -0.009815 -0.019694
v 0.014552 -0.009872 -0.019376
v 0.011442 -0.010856 -0.016620
v 0.014172 -0.010912 -0.016301
v 0.017281 -0.009929 -0.019058
v 0.016901 -0.010969 -0.015983
v 0.011347 -0.010717 -0.014128
v 0.013887 -0.010770 -0.013832
v 0.016427 -0.010823 -0.013536
v 0.015650 -0.013858 -0.029516
v 0.013118 -0.006443 -0.017137
v 0.012790 -0.008828 -0.014754
v 0.013991 -0.008520 -0.014324
v 0.011662 -0.009661 -0.015902
v 0.011929 -0.007793 -0.017862
v 0.011766 -0.012547 -0.019735
v 0.011501 -0.012612 -0.015047
v 0.012224 -0.007380 -0.020318
v 0.012522 -0.008169 -0.023015
v 0.012729 -0.010445 -0.025201
v 0.012752 -0.014028 -0.026033
v 0.014212 -0.014018 -0.027881
v 0.014154 -0.009762 -0.026622
v 0.013893 -0.006843 -0.023864
v 0.013503 -0.005803 -0.020329
v 0.012667 -0.012655 -0.014383
v 0.013837 -0.012676 -0.013744
v 0.015245 -0.008879 -0.014468
v 0.015572 -0.006494 -0.016851
v 0.016571 -0.009764 -0.015330
v 0.016410 -0.012714 -0.014475
v 0.017233 -0.012661 -0.019098
v 0.016838 -0.007895 -0.017290
v 0.017133 -0.007482 -0.019746
v 0.017431 -0.008271 -0.022443
v 0.015957 -0.005854 -0.020043
v 0.016348 -0.006894 -0.023578
v 0.017638 -0.010547 -0.024629
v 0.017661 -0.014130 -0.025461
v 0.016608 -0.009813 -0.026336
v 0.016666 -0.014070 -0.027595
v 0.015122 -0.012706 -0.014097
v 0.015428 -0.009619 -0.026852
v 0.015513 -0.014046 -0.028376
v 0.015157 -0.006498 -0.023973
v 0.014742 -0.005410 -0.020215
v 0.014318 -0.006202 -0.016719
v 0.030627 0.003023 -0.024365
v 0.023536 -0.004443 -0.001710
v 0.022498 -0.005028 -0.001563
v 0.031542 0.003667 -0.024106
v 0.032822 0.004871 -0.028542
v 0.034405 0.006524 -0.031217
v 0.034510 0.006849 -0.033012
v 0.032344 0.004858 -0.030283
v 0.034691 0.007662 -0.036002
v 0.031812 0.004819 -0.023575
v 0.034327 0.006973 -0.029118
v 0.023520 -0.003743 -0.001446
v 0.031487 0.006022 -0.023215
v 0.023504 -0.003043 -0.001181
v 0.030543 0.006638 -0.022998
v 0.022445 -0.002745 -0.000700
v 0.034355 0.008702 -0.030394
v 0.032747 0.008106 -0.027318
v 0.034445 0.009650 -0.031953
v 0.032242 0.009248 -0.028623
v 0.034613 0.011025 -0.034730
v 0.032349 0.004649 -0.030362
v 0.032344 0.004858 -0.030283
v 0.032822 0.004871 -0.028542
v 0.030691 0.004890 -0.036915
v 0.030641 0.007737 -0.031364
v 0.030691 0.004890 -0.036915
v 0.021652 -0.005196 -0.000991
v 0.021612 -0.004112 -0.000586
v 0.021602 -0.003032 -0.000172
v 0.030490 0.013543 -0.033643
v 0.022328 -0.002619 -0.000258
v 0.030381 0.006962 -0.023053
v 0.032237 0.009457 -0.028544
v 0.032747 0.008106 -0.027318
v 0.022394 -0.005419 -0.001317
v 0.030478 0.002810 -0.024623
v 0.032349 0.004649 -0.030362
v 0.032822 0.004871 -0.028542
v 0.023220 -0.003769 -0.001396
v 0.023221 -0.004306 -0.001557
v 0.023536 -0.004443 -0.001710
v 0.023520 -0.003743 -0.001446
v 0.023504 -0.003043 -0.001181
v 0.023197 -0.003260 -0.001162
v 0.022471 -0.003886 -0.001131
v 0.022445 -0.002745 -0.000700
v 0.021898 -0.003032 -0.000710
v 0.021910 -0.003941 -0.001021
v 0.021940 -0.004828 -0.001389
v 0.022498 -0.005028 -0.001563
v 0.032242 0.009248 -0.028623
v 0.032237 0.009457 -0.028544
v 0.032747 0.008106 -0.027318
v 0.030490 0.013543 -0.033643
v 0.030381 0.006962 -0.023053
v 0.022328 -0.002619 -0.000258
v 0.022445 -0.002745 -0.000700
v 0.030543 0.006638 -0.022998
v 0.022334 -0.002878 -0.000356
v 0.030641 0.007737 -0.031364
v 0.030490 0.013543 -0.033643
v 0.032242 0.009248 -0.028623
v 0.032293 0.007053 -0.029453
v 0.032344 0.004858 -0.030283
v 0.030641 0.007737 -0.031364
v 0.030691 0.004890 -0.036915
v 0.034510 0.006849 -0.033012
v 0.034691 0.007662 -0.036002
v 0.034484 0.009358 -0.035414
v 0.034405 0.006524 -0.031217
v 0.034327 0.006973 -0.029118
v 0.034355 0.008702 -0.030394
v 0.034445 0.009650 -0.031953
v 0.034613 0.011025 -0.034730
v 0.032344 0.004858 -0.030283
v 0.032293 0.007053 -0.029453
v 0.034484 0.009358 -0.035414
v 0.034691 0.007662 -0.036002
v 0.034613 0.011025 -0.034730
v 0.032242 0.009248 -0.028623
v 0.030543 0.006638 -0.022998
v 0.032747 0.008106 -0.027318
v 0.030381 0.006962 -0.023053
v 0.022334 -0.002878 -0.000356
v 0.022328 -0.002619 -0.000258
v 0.021602 -0.003032 -0.000172
v 0.021788 -0.003165 -0.000366
v 0.021800 -0.004074 -0.000677
v 0.021612 -0.004112 -0.000586
v 0.021652 -0.005196 -0.000991
v 0.021830 -0.004961 -0.001045
v 0.022388 -0.005160 -0.001219
v 0.022394 -0.005419 -0.001317
v 0.022334 -0.002878 -0.000356
v 0.021788 -0.003165 -0.000366
v 0.021898 -0.003032 -0.000710
v 0.022445 -0.002745 -0.000700
v 0.021830 -0.004961 -0.001045
v 0.022388 -0.005160 -0.001219
v 0.022498 -0.005028 -0.001563
v 0.021940 -0.004828 -0.001389
v 0.021788 -0.003165 -0.000366
v 0.021800 -0.004074 -0.000677
v 0.021910 -0.003941 -0.001021
v 0.021898 -0.003032 -0.000710
v 0.021940 -0.004828 -0.001389
v 0.021830 -0.004961 -0.001045
v 0.022498 -0.005028 -0.001563
v 0.022388 -0.005160 -0.001219
v 0.022394 -0.005419 -0.001317
v 0.030478 0.002810 -0.024623
v 0.030627 0.003023 -0.024365
v 0.032822 0.004871 -0.028542
v 0.030627 0.003023 -0.024365
v 0.030478 0.002810 -0.024623
v 0.037719 0.011091 -0.039798
v 0.034250 0.006980 -0.029140
v 0.034182 0.006404 -0.030420
v 0.037237 0.010251 -0.039620
v 0.037206 0.011583 -0.039116
v 0.034139 0.008255 -0.029720
v 0.034353 0.011321 -0.035987
v 0.033149 0.009928 -0.032377
v 0.034424 0.008262 -0.037144
v 0.033220 0.006869 -0.033534
v 0.033220 0.006869 -0.033534
v 0.034182 0.006404 -0.030420
v 0.034250 0.006980 -0.029140
v 0.034095 0.008522 -0.033228
v 0.034424 0.008262 -0.037144
v 0.035020 0.009737 -0.036384
v 0.037719 0.011091 -0.039798
v 0.037237 0.010251 -0.039620
v 0.033149 0.009928 -0.032377
v 0.034139 0.008255 -0.029720
v 0.034353 0.011321 -0.035987
v 0.037206 0.011583 -0.039116
v 0.036096 0.012681 -0.044102
v 0.034087 0.018150 -0.045261
v 0.036382 0.014868 -0.043912
v 0.038747 0.012128 -0.042476
v 0.036474 0.010930 -0.045401
v 0.034293 0.009270 -0.048619
v 0.034903 0.013485 -0.046302
v 0.034079 0.010102 -0.032886
v 0.035015 0.011230 -0.035810
v 0.033096 0.011105 -0.033588
v 0.036382 0.014868 -0.043912
v 0.030079 0.011913 -0.031250
v 0.034087 0.018150 -0.045261
v 0.037246 0.011643 -0.039107
v 0.038747 0.012128 -0.042476
v 0.037836 0.011107 -0.039831
v 0.037280 0.010202 -0.039652
v 0.036474 0.010930 -0.045401
v 0.035085 0.008240 -0.036941
v 0.033196 0.006786 -0.035221
v 0.034149 0.007112 -0.034017
v 0.030251 0.004512 -0.034049
v 0.034293 0.009270 -0.048619
v 0.034087 0.018150 -0.045261
v 0.030693 0.010783 -0.032395
v 0.030079 0.011913 -0.031250
v 0.034903 0.013485 -0.046302
v 0.030947 0.009193 -0.032927
v 0.030942 0.008101 -0.032307
v 0.030982 0.007693 -0.033494
v 0.034293 0.009270 -0.048619
v 0.030801 0.006140 -0.034151
v 0.030251 0.004512 -0.034049
v 0.033196 0.006786 -0.035221
v 0.034550 0.008657 -0.036951
v 0.030982 0.007693 -0.033494
v 0.030801 0.006140 -0.034151
v 0.030251 0.004512 -0.034049
v 0.035050 0.009735 -0.036375
v 0.030942 0.008101 -0.032307
v 0.030947 0.009193 -0.032927
v 0.034498 0.010902 -0.036102
v 0.033096 0.011105 -0.033588
v 0.030693 0.010783 -0.032395
v 0.030079 0.011913 -0.031250
v 0.034149 0.007112 -0.034017
v 0.035085 0.008240 -0.036941
v 0.037836 0.011107 -0.039831
v 0.037280 0.010202 -0.039652
v 0.035015 0.011230 -0.035810
v 0.037246 0.011643 -0.039107
v 0.034079 0.010102 -0.032886
v 0.028992 0.003658 -0.026923
v 0.028969 0.004682 -0.026536
v 0.030288 0.006505 -0.031076
v 0.030315 0.005335 -0.031518
v 0.029913 0.003068 -0.026856
v 0.031366 0.004662 -0.031441
v 0.030810 0.003502 -0.026401
v 0.032391 0.005158 -0.030922
v 0.030787 0.004527 -0.026014
v 0.032363 0.006328 -0.030479
v 0.029863 0.005223 -0.026041
v 0.031307 0.007231 -0.030469
v 0.030968 0.006760 -0.032221
v 0.030987 0.005930 -0.032535
v 0.031732 0.005453 -0.032480
v 0.032459 0.005805 -0.032112
v 0.032439 0.006634 -0.031799
v 0.031694 0.007112 -0.031853
v 0.029224 0.004061 -0.024162
v 0.028563 0.003741 -0.024497
v 0.029903 0.003626 -0.024112
v 0.029921 0.002871 -0.024398
v 0.029260 0.002550 -0.024733
v 0.028581 0.002985 -0.024783
v 0.027546 0.002352 -0.021037
v 0.028121 0.002630 -0.020746
v 0.028711 0.002252 -0.020703
v 0.028726 0.001596 -0.020951
v 0.028152 0.001317 -0.021242
v 0.027561 0.001695 -0.021285
v 0.031118 0.007312 -0.033333
v 0.031143 0.006259 -0.033731
v 0.032089 0.005653 -0.033662
v 0.033010 0.006099 -0.033195
v 0.032986 0.007152 -0.032797
v 0.032040 0.007758 -0.032866
v 0.032434 0.008218 -0.036268
v 0.032449 0.007575 -0.036511
v 0.033027 0.007204 -0.036469
v 0.033590 0.007477 -0.036183
v 0.033575 0.008121 -0.035940
v 0.032997 0.008491 -0.035982
v 0.028920 0.006764 -0.025748
v 0.028896 0.007789 -0.025361
v 0.030215 0.009625 -0.029896
v 0.030242 0.008455 -0.030338
v 0.029843 0.006074 -0.025719
v 0.031299 0.007559 -0.030345
v 0.030738 0.006609 -0.025226
v 0.032318 0.008278 -0.029742
v 0.030714 0.007634 -0.024839
v 0.032291 0.009448 -0.029300
v 0.029793 0.008224 -0.024906
v 0.031239 0.010121 -0.029376
v 0.030895 0.009880 -0.031042
v 0.030914 0.009050 -0.031355
v 0.031660 0.008573 -0.031301
v 0.032386 0.008925 -0.030932
v 0.032367 0.009754 -0.030619
v 0.031621 0.010232 -0.030673
v 0.029152 0.007181 -0.022982
v 0.028490 0.006860 -0.023318
v 0.029831 0.006746 -0.022933
v 0.029848 0.005991 -0.023218
v 0.029187 0.005670 -0.023554
v 0.028508 0.006105 -0.023603
v 0.027474 0.005472 -0.019857
v 0.028048 0.005750 -0.019566
v 0.028638 0.005372 -0.019523
v 0.028654 0.004715 -0.019771
v 0.028079 0.004437 -0.020062
v 0.027489 0.004815 -0.020105
v 0.031046 0.010431 -0.032153
v 0.031070 0.009379 -0.032551
v 0.032016 0.008772 -0.032482
v 0.032938 0.009219 -0.032015
v 0.032913 0.010272 -0.031617
v 0.031967 0.010878 -0.031686
v 0.032362 0.011337 -0.035088
v 0.032377 0.010694 -0.035331
v 0.032955 0.010324 -0.035289
v 0.033518 0.010597 -0.035003
v 0.033503 0.011240 -0.034760
v 0.032925 0.011610 -0.034802
v 0.028401 0.004578 -0.020792
v 0.028437 0.003019 -0.021381
v 0.029119 0.003169 -0.021105
v 0.029092 0.004311 -0.020673
v 0.033769 0.011045 -0.037560
v 0.033805 0.009486 -0.038150
v 0.028437 0.003019 -0.021381
v 0.028401 0.004578 -0.020792
v 0.034275 0.009654 -0.037935
v 0.033805 0.009486 -0.038150
v 0.033769 0.011045 -0.037560
v 0.034249 0.010795 -0.037503
v 0.031482 0.006735 -0.026935
v 0.031509 0.005593 -0.027367
v 0.032771 0.007113 -0.031308
v 0.032744 0.008254 -0.030876
v 0.031882 0.006498 -0.026284
v 0.031482 0.006735 -0.026935
v 0.028401 0.004578 -0.020792
v 0.029092 0.004311 -0.020673
v 0.032744 0.008254 -0.030876
v 0.033769 0.011045 -0.037560
v 0.033695 0.010129 -0.035774
v 0.033709 0.008141 -0.030518
v 0.034411 0.008285 -0.030854
v 0.034249 0.010795 -0.037503
v 0.033889 0.008087 -0.030362
v 0.034672 0.007592 -0.030731
v 0.034193 0.007377 -0.030194
v 0.034438 0.007143 -0.031285
v 0.033915 0.006945 -0.030794
v 0.033735 0.007000 -0.030950
v 0.033722 0.008987 -0.036205
v 0.032771 0.007113 -0.031308
v 0.033805 0.009486 -0.038150
v 0.034275 0.009654 -0.037935
v 0.031509 0.005593 -0.027367
v 0.028437 0.003019 -0.021381
v 0.031908 0.005356 -0.026716
v 0.029119 0.003169 -0.021105
v 0.029119 0.003169 -0.021105
v 0.031908 0.005356 -0.026716
v 0.031882 0.006498 -0.026284
v 0.029092 0.004311 -0.020673
v 0.034411 0.008285 -0.030854
v 0.034438 0.007143 -0.031285
v 0.033722 0.008987 -0.036205
v 0.033695 0.010129 -0.035774
v 0.034672 0.007592 -0.030731
v 0.033695 0.010129 -0.035774
v 0.033722 0.008987 -0.036205
v 0.034275 0.009654 -0.037935
v 0.034249 0.010795 -0.037503
v 0.031908 0.005356 -0.026716
v 0.031509 0.005593 -0.027367
v 0.031482 0.006735 -0.026935
v 0.031882 0.006498 -0.026284
v 0.032771 0.007113 -0.031308
v 0.033735 0.007000 -0.030950
v 0.033709 0.008141 -0.030518
v 0.032744 0.008254 -0.030876
v 0.033709 0.008141 -0.030518
v 0.033735 0.007000 -0.030950
v 0.033915 0.006945 -0.030794
v 0.033889 0.008087 -0.030362
v 0.034193 0.007377 -0.030194
v 0.032316 0.007140 -0.028502
v 0.031566 0.007060 -0.028336
v 0.031153 0.006562 -0.027044
v 0.031789 0.005936 -0.026530
v 0.034223 0.007467 -0.030429
v 0.033992 0.007962 -0.030572
v 0.031789 0.005936 -0.026530
v 0.031171 0.005781 -0.027339
v 0.031584 0.006279 -0.028631
v 0.032334 0.006359 -0.028797
v 0.034010 0.007181 -0.030867
v 0.034223 0.007467 -0.030429
v 0.033992 0.007962 -0.030572
v 0.034010 0.007181 -0.030867
v 0.032334 0.006359 -0.028797
v 0.032316 0.007140 -0.028502
v 0.032316 0.007140 -0.028502
v 0.032334 0.006359 -0.028797
v 0.031584 0.006279 -0.028631
v 0.031566 0.007060 -0.028336
v 0.019958 -0.010858 -0.003108
v 0.021458 -0.016993 -0.010441
v 0.025559 -0.012052 -0.023254
v 0.025378 -0.000996 -0.019049
v 0.028926 -0.007759 -0.034399
v 0.028908 0.002541 -0.030432
v 0.034998 0.010020 -0.049835
v 0.036036 0.000662 -0.056229
v 0.035792 0.011136 -0.052268
v 0.034345 0.019142 -0.046527
v 0.035142 0.020102 -0.049018
v 0.037023 0.012682 -0.056280
v 0.038677 0.004707 -0.066764
v 0.031556 0.007731 -0.037776
v 0.028908 0.002541 -0.030432
v 0.034998 0.010020 -0.049835
v 0.034772 0.010954 -0.048018
v 0.028991 0.002729 -0.030333
v 0.026051 -0.000659 -0.018704
v 0.025378 -0.000996 -0.019049
v 0.021283 -0.006324 -0.000097
v 0.019958 -0.010858 -0.003108
v 0.016343 -0.011611 0.009363
v 0.025916 0.005155 -0.016505
v 0.028811 0.010464 -0.027408
v 0.028310 0.011872 -0.027675
v 0.016309 -0.001090 0.005861
v 0.021236 -0.003001 0.001169
v 0.014916 -0.004744 0.010224
v 0.031448 0.012364 -0.036024
v 0.032534 0.016961 -0.040871
v 0.034634 0.016916 -0.045763
v 0.034345 0.019142 -0.046527
v 0.031556 0.007731 -0.037776
v 0.034772 0.010954 -0.048018
v 0.034634 0.016916 -0.045763
v 0.031448 0.012364 -0.036024
v 0.028811 0.010464 -0.027408
v 0.028991 0.002729 -0.030333
v 0.026051 -0.000659 -0.018704
v 0.025916 0.005155 -0.016505
v 0.021236 -0.003001 0.001169
v 0.021283 -0.006324 -0.000097
v 0.016343 -0.011611 0.009363
v 0.021283 -0.006324 -0.000097
v 0.021236 -0.003001 0.001169
v 0.014916 -0.004744 0.010224
v 0.038677 0.004707 -0.066764
v 0.036036 0.000662 -0.056229
v 0.033506 0.009769 -0.053527
v 0.026031 -0.000355 -0.030507
v 0.028926 -0.007759 -0.034399
v 0.022524 -0.004579 -0.019555
v 0.025559 -0.012052 -0.023254
v 0.021458 -0.016993 -0.010441
v 0.018076 -0.009937 -0.005660
v 0.018404 -0.004243 -0.005108
v 0.026718 0.012008 -0.028132
v 0.015551 -0.010112 0.002140
v 0.015269 -0.001001 0.005563
v 0.013525 -0.011370 0.008554
v 0.013718 -0.004642 0.009880
v 0.018717 -0.000155 -0.003432
v 0.037023 0.012682 -0.056280
v 0.031061 0.017087 -0.041294
v 0.033606 0.020233 -0.049459
v 0.015269 -0.001001 0.005563
v 0.013718 -0.004642 0.009880
v 0.014916 -0.004744 0.010224
v 0.016309 -0.001090 0.005861
v 0.015551 -0.010112 0.002140
v 0.018076 -0.009937 -0.005660
v 0.019958 -0.010858 -0.003108
v 0.016343 -0.011611 0.009363
v 0.013525 -0.011370 0.008554
v 0.013718 -0.004642 0.009880
v 0.013525 -0.011370 0.008554
v 0.016343 -0.011611 0.009363
v 0.014916 -0.004744 0.010224
v 0.026718 0.012008 -0.028132
v 0.015269 -0.001001 0.005563
v 0.016309 -0.001090 0.005861
v 0.028310 0.011872 -0.027675
v 0.032534 0.016961 -0.040871
v 0.031061 0.017087 -0.041294
v 0.034345 0.019142 -0.046527
v 0.033606 0.020233 -0.049459
v 0.035142 0.020102 -0.049018
v 0.019958 -0.010858 -0.003108
v 0.018076 -0.009937 -0.005660
v 0.021458 -0.016993 -0.010441
v 0.034634 0.016916 -0.045763
v 0.034772 0.010954 -0.048018
v 0.034998 0.010020 -0.049835
v 0.034345 0.019142 -0.046527
v 0.033606 0.020233 -0.049459
v 0.035142 0.020102 -0.049018
v 0.037023 0.012682 -0.056280
v 0.006384 -0.005850 0.029088
v 0.002532 -0.006849 0.025126
v 0.002642 -0.007704 0.005529
v 0.006195 -0.005419 0.005957
v 0.000261 -0.007345 0.025029
v 0.000261 -0.008387 0.005401
v 0.002532 -0.006173 0.029027
v -0.002121 -0.007704 0.005529
v -0.002011 -0.006849 0.025126
v -0.005863 -0.005850 0.029088
v -0.005673 -0.005419 0.005957
v -0.002011 -0.006173 0.029027
v 0.002642 -0.007704 0.005529
v 0.000261 0.002705 0.007477
v 0.006195 -0.005419 0.005957
v 0.004635 0.002366 0.007414
v 0.000261 -0.008387 0.005401
v -0.002121 -0.007704 0.005529
v -0.005673 -0.005419 0.005957
v -0.004113 0.002366 0.007414
v 0.004635 0.002113 0.028165
v 0.000261 -0.001922 0.029823
v 0.002532 -0.003658 0.029498
v 0.006384 -0.005850 0.029088
v 0.002532 -0.006173 0.029027
v 0.000261 0.002593 0.028254
v -0.004113 0.002113 0.028165
v -0.002011 -0.003658 0.029498
v -0.005863 -0.005850 0.029088
v -0.002011 -0.006173 0.029027
v 0.000261 0.002705 0.007477
v 0.000261 0.002593 0.028254
v 0.004635 0.002113 0.028165
v 0.004635 0.002366 0.007414
v -0.004113 0.002113 0.028165
v -0.004113 0.002366 0.007414
v 0.000261 -0.001922 0.029823
v 0.000261 -0.007345 0.025029
v 0.002532 -0.006849 0.025126
v 0.002532 -0.003658 0.029498
v -0.002011 -0.006849 0.025126
v -0.002011 -0.003658 0.029498
v 0.002532 -0.006173 0.029027
v 0.002532 -0.003658 0.029498
v 0.002532 -0.006849 0.025126
v 0.004635 0.002113 0.028165
v 0.006384 -0.005850 0.029088
v 0.006195 -0.005419 0.005957
v 0.004635 0.002366 0.007414
v -0.002011 -0.003658 0.029498
v -0.002011 -0.006173 0.029027
v -0.002011 -0.006849 0.025126
v -0.004113 0.002113 0.028165
v -0.004113 0.002366 0.007414
v -0.005673 -0.005419 0.005957
v -0.005863 -0.005850 0.029088
v -0.030620 0.001414 0.014092
v -0.031920 -0.000312 0.013722
v -0.031858 -0.000403 0.013229
v -0.030418 0.001510 0.013639
v -0.034205 -0.000901 0.013614
v -0.034037 -0.000761 0.014069
v -0.036084 0.000309 0.014568
v -0.035733 0.000330 0.014930
v -0.036394 0.002517 0.015533
v -0.036012 0.002323 0.015801
v -0.034954 0.004430 0.015943
v -0.034713 0.004049 0.016171
v -0.032607 0.004928 0.015558
v -0.032595 0.004498 0.015824
v -0.030728 0.003718 0.014604
v -0.030900 0.003407 0.014963
v -0.030620 0.001414 0.014092
v -0.030418 0.001510 0.013639
v -0.031663 0.002333 0.012197
v -0.031888 0.003934 0.012897
v -0.033250 0.004812 0.013589
v -0.034953 0.004451 0.013869
v -0.035997 0.003063 0.013571
v -0.035772 0.001461 0.012871
v -0.034410 0.000584 0.012179
v -0.032708 0.000945 0.011900
v -0.031663 0.002333 0.012197
v -0.034040 0.003037 0.012041
v -0.035997 0.003063 0.013571
v -0.034040 0.003037 0.012041
v -0.031663 0.002333 0.012197
v -0.031663 0.002333 0.012197
v -0.032427 0.004790 0.016198
v -0.030480 0.003537 0.015209
v -0.030900 0.003407 0.014963
v -0.032595 0.004498 0.015824
v -0.030620 0.001414 0.014092
v -0.030159 0.001249 0.014209
v -0.034859 0.004275 0.016597
v -0.034713 0.004049 0.016171
v -0.036351 0.002292 0.016172
v -0.036012 0.002323 0.015801
v -0.036030 0.000004 0.015172
v -0.035733 0.000330 0.014930
v -0.034084 -0.001249 0.014183
v -0.034037 -0.000761 0.014069
v -0.031652 -0.000734 0.013784
v -0.031920 -0.000312 0.013722
v -0.030159 0.001249 0.014209
v -0.030620 0.001414 0.014092
v -0.034438 0.003314 0.021993
v -0.033335 -0.004545 0.018559
v -0.036104 -0.002762 0.019966
v -0.031668 -0.006802 0.025016
v -0.028449 -0.006119 0.024488
v -0.029875 -0.003812 0.017991
v -0.026474 -0.003495 0.025051
v -0.027752 -0.000991 0.018596
v -0.034245 -0.005143 0.026325
v -0.026018 -0.004810 0.028618
v -0.027800 -0.007178 0.028110
v -0.026606 -0.004825 0.029146
v -0.028067 -0.006766 0.028729
v -0.030704 -0.007793 0.028586
v -0.030447 -0.007270 0.029120
v -0.033028 -0.006297 0.029767
v -0.032352 -0.006044 0.030088
v -0.036676 -0.001076 0.020786
v -0.034801 -0.003571 0.027096
v -0.036561 0.000493 0.021388
v -0.034670 -0.002114 0.027649
v -0.034026 -0.000744 0.028039
v -0.035843 0.001961 0.021800
v -0.033439 -0.004894 0.030433
v -0.033412 -0.003565 0.030961
v -0.032666 -0.003804 0.031066
v -0.032739 -0.002344 0.031284
v -0.032695 0.000510 0.028212
v -0.030978 0.004047 0.021426
v -0.029476 0.001193 0.027684
v -0.028209 0.002264 0.020019
v -0.026899 -0.000467 0.026375
v -0.027752 -0.000991 0.018596
v -0.026474 -0.003495 0.025051
v -0.028726 -0.000582 0.030993
v -0.026402 -0.002078 0.029812
v -0.028826 -0.001359 0.031092
v -0.026920 -0.002586 0.030124
v -0.026018 -0.004810 0.028618
v -0.026606 -0.004825 0.029146
v -0.031206 -0.001864 0.031482
v -0.031630 -0.001197 0.031469
v -0.026159 -0.008973 0.031430
v -0.026071 -0.009642 0.034566
v -0.028980 -0.009943 0.035170
v -0.029860 -0.009483 0.032147
v -0.024879 -0.004306 0.032987
v -0.025207 -0.006492 0.035617
v -0.031487 -0.008729 0.036283
v -0.032967 -0.007826 0.033588
v -0.028193 -0.007628 0.036421
v -0.032871 -0.006551 0.030400
v -0.027642 -0.007432 0.028743
v -0.025860 -0.005065 0.029251
v -0.028067 -0.006766 0.028729
v -0.026606 -0.004825 0.029146
v -0.026244 -0.002333 0.030445
v -0.026920 -0.002586 0.030124
v -0.030546 -0.008048 0.029219
v -0.032352 -0.006044 0.030088
v -0.030447 -0.007270 0.029120
v -0.025207 -0.006492 0.035617
v -0.027628 -0.005014 0.036814
v -0.030623 -0.005579 0.037334
v -0.027886 -0.002284 0.034549
v -0.024879 -0.004306 0.032987
v -0.031487 -0.008729 0.036283
v -0.032967 -0.007826 0.033588
v -0.031687 -0.003159 0.035145
v -0.033254 -0.003819 0.031594
v -0.031472 -0.001452 0.032102
v -0.031206 -0.001864 0.031482
v -0.032666 -0.003804 0.031066
v -0.032871 -0.006551 0.030400
v -0.032352 -0.006044 0.030088
v -0.026244 -0.002333 0.030445
v -0.028568 -0.000836 0.031625
v -0.026920 -0.002586 0.030124
v -0.028826 -0.001359 0.031092
v 0.030736 -0.000568 0.013329
v 0.030521 -0.000518 0.012875
v 0.031907 -0.002499 0.012634
v 0.031986 -0.002356 0.013112
v 0.034254 -0.003008 0.013001
v 0.034104 -0.002815 0.013443
v 0.036188 -0.001747 0.013760
v 0.035849 -0.001678 0.014128
v 0.036575 0.000545 0.014467
v 0.036198 0.000391 0.014766
v 0.035189 0.002526 0.014707
v 0.034947 0.002178 0.014983
v 0.032841 0.003036 0.014340
v 0.032829 0.002638 0.014652
v 0.030908 0.001775 0.013581
v 0.031085 0.001500 0.013967
v 0.030736 -0.000568 0.013329
v 0.030521 -0.000518 0.012875
v 0.031735 0.000112 0.011315
v 0.032016 0.001775 0.011827
v 0.033418 0.002689 0.012378
v 0.035121 0.002320 0.012644
v 0.036126 0.000883 0.012470
v 0.035846 -0.000780 0.011957
v 0.034443 -0.001694 0.011407
v 0.032741 -0.001325 0.011140
v 0.031735 0.000112 0.011315
v 0.034121 0.000737 0.011011
v 0.036126 0.000883 0.012470
v 0.034121 0.000737 0.011011
v 0.031735 0.000112 0.011315
v 0.031735 0.000112 0.011315
v 0.032680 0.002973 0.014997
v 0.032829 0.002638 0.014652
v 0.031085 0.001500 0.013967
v 0.030676 0.001667 0.014210
v 0.030736 -0.000568 0.013329
v 0.030275 -0.000709 0.013478
v 0.035112 0.002445 0.015377
v 0.034947 0.002178 0.014983
v 0.036548 0.000392 0.015128
v 0.036198 0.000391 0.014766
v 0.036147 -0.001983 0.014396
v 0.035849 -0.001678 0.014128
v 0.034144 -0.003289 0.013609
v 0.034104 -0.002815 0.013443
v 0.031712 -0.002761 0.013229
v 0.031986 -0.002356 0.013112
v 0.030275 -0.000709 0.013478
v 0.030736 -0.000568 0.013329
v 0.028535 0.000983 0.019196
v 0.027965 -0.002397 0.018154
v 0.027376 -0.001005 0.025850
v 0.030027 0.000724 0.026891
v 0.031385 0.002841 0.020315
v 0.026845 -0.004149 0.024881
v 0.033247 0.000026 0.027394
v 0.034846 0.002090 0.020856
v 0.027965 -0.002397 0.018154
v 0.030008 -0.005317 0.017800
v 0.026845 -0.004149 0.024881
v 0.028746 -0.006866 0.024551
v 0.033469 -0.006068 0.018341
v 0.031965 -0.007565 0.025055
v 0.036319 -0.004209 0.019460
v 0.034617 -0.005835 0.026096
v 0.026477 -0.005055 0.028582
v 0.028192 -0.007506 0.028285
v 0.027082 -0.005026 0.029091
v 0.028487 -0.007035 0.028847
v 0.031097 -0.008136 0.028739
v 0.030868 -0.007552 0.029219
v 0.033489 -0.006576 0.029678
v 0.032828 -0.006273 0.029989
v 0.036951 -0.002459 0.020072
v 0.035230 -0.004202 0.026672
v 0.036889 -0.000830 0.020502
v 0.035148 -0.002691 0.027065
v 0.034545 -0.001272 0.027321
v 0.036215 0.000691 0.020770
v 0.033949 -0.005119 0.030174
v 0.033967 -0.003740 0.030553
v 0.033221 -0.003949 0.030706
v 0.033331 -0.002476 0.030759
v 0.032252 -0.001289 0.030850
v 0.029348 -0.000659 0.030396
v 0.031815 -0.001940 0.030949
v 0.029435 -0.001423 0.030577
v 0.026956 -0.002219 0.029457
v 0.027474 -0.002702 0.029807
v 0.026477 -0.005055 0.028582
v 0.027082 -0.005026 0.029091
v 0.026622 -0.008887 0.031830
v 0.030333 -0.009406 0.032488
v 0.029542 -0.009512 0.035568
v 0.026622 -0.009208 0.035021
v 0.025491 -0.004049 0.032902
v 0.025858 -0.005942 0.035745
v 0.032109 -0.008245 0.036465
v 0.033519 -0.007677 0.033644
v 0.028845 -0.007055 0.036579
v 0.033346 -0.006756 0.030340
v 0.028050 -0.007686 0.028947
v 0.026335 -0.005235 0.029244
v 0.028487 -0.007035 0.028847
v 0.027082 -0.005026 0.029091
v 0.026814 -0.002399 0.030118
v 0.027474 -0.002702 0.029807
v 0.030954 -0.008316 0.029401
v 0.032828 -0.006273 0.029989
v 0.030868 -0.007552 0.029219
v 0.025858 -0.005942 0.035745
v 0.028347 -0.004401 0.036700
v 0.031345 -0.004978 0.037189
v 0.028588 -0.001942 0.034142
v 0.025491 -0.004049 0.032902
v 0.032109 -0.008245 0.036465
v 0.033519 -0.007677 0.033644
v 0.032387 -0.002839 0.034716
v 0.033825 -0.003920 0.031214
v 0.032110 -0.001469 0.031511
v 0.031815 -0.001940 0.030949
v 0.033221 -0.003949 0.030706
v 0.033346 -0.006756 0.030340
v 0.032828 -0.006273 0.029989
v 0.026814 -0.002399 0.030118
v 0.029206 -0.000839 0.031057
v 0.027474 -0.002702 0.029807
v 0.029435 -0.001423 0.030577
v -0.044004 -0.009274 -0.018512
v -0.043666 -0.009198 -0.019052
v -0.044498 -0.010874 -0.020848
v -0.044828 -0.010868 -0.020328
v -0.043133 -0.009424 -0.018776
v -0.043957 -0.011018 -0.020592
v -0.043947 -0.011752 -0.016920
v -0.043076 -0.011901 -0.017184
v -0.042871 -0.010571 -0.017261
v -0.042505 -0.009598 -0.016603
v -0.042459 -0.005150 -0.018970
v -0.043089 -0.005508 -0.019235
v -0.043329 -0.005000 -0.018706
v -0.043376 -0.009449 -0.016339
v -0.042569 -0.004792 -0.016316
v -0.043666 -0.009198 -0.019052
v -0.043742 -0.010422 -0.016997
v -0.041699 -0.004941 -0.016580
v -0.043089 -0.005508 -0.019235
v -0.043329 -0.005000 -0.018706
v -0.042459 -0.005150 -0.018970
v -0.042569 -0.004792 -0.016316
v -0.041699 -0.004941 -0.016580
v -0.043742 -0.010422 -0.016997
v -0.043947 -0.011752 -0.016920
v -0.043076 -0.011901 -0.017184
v -0.042871 -0.010571 -0.017261
v -0.043376 -0.009449 -0.016339
v -0.042505 -0.009598 -0.016603
v -0.041699 -0.004941 -0.016580
v -0.042569 -0.004792 -0.016316
v -0.043947 -0.011752 -0.016920
v -0.044828 -0.010868 -0.020328
v -0.044498 -0.010874 -0.020848
v -0.043076 -0.011901 -0.017184
v -0.043957 -0.011018 -0.020592
v -0.037167 0.011133 -0.032954
v -0.037167 0.011133 -0.032954
v -0.037167 0.011133 -0.032954
v -0.037167 0.011133 -0.032954
v -0.037167 0.011133 -0.032954
v -0.037167 0.011133 -0.032954
v -0.037167 0.011133 -0.032954
v -0.037167 0.011133 -0.032954
v -0.037167 0.011133 -0.032954
v -0.037167 0.011133 -0.032954
v -0.037167 0.011133 -0.032954
v -0.037167 0.011133 -0.032954
v -0.037167 0.011133 -0.032954
v -0.037167 0.011133 -0.032954
v -0.037167 0.011133 -0.032954
v -0.037167 0.011133 -0.032954
v -0.037167 0.011133 -0.032954
v -0.037167 0.011133 -0.032954
v -0.037167 0.011133 -0.032954
v -0.037167 0.011133 -0.032954
v -0.037167 0.011133 -0.032954
v -0.037167 0.011133 -0.032954
v -0.037167 0.011133 -0.032954
v -0.037167 0.011133 -0.032954
v -0.037167 0.011133 -0.032954
v -0.037167 0.011133 -0.032954
v -0.037167 0.011133 -0.032954
v -0.037167 0.011133 -0.032954
v -0.037167 0.011133 -0.032954
v -0.037167 0.011133 -0.032954
v -0.037167 0.011133 -0.032954
v -0.037167 0.011133 -0.032954
v -0.037167 0.011133 -0.032954
v -0.037167 0.011133 -0.032954
v -0.037167 0.011133 -0.032954
v -0.037167 0.011133 -0.032954
v 0.034278 0.009905 -0.035569
v 0.035204 0.009082 -0.033336
v 0.035598 0.008610 -0.033368
v 0.034728 0.009457 -0.035660
v 0.034298 0.009043 -0.035895
v 0.035224 0.008220 -0.033662
v 0.031702 0.009347 -0.034253
v 0.031722 0.008485 -0.034579
v 0.032398 0.008911 -0.035665
v 0.032242 0.009340 -0.036807
v 0.036419 0.010421 -0.039410
v 0.036574 0.010645 -0.038687
v 0.034728 0.009457 -0.035660
v 0.036399 0.011284 -0.039084
v 0.032222 0.010202 -0.036481
v 0.034321 0.011743 -0.040426
v 0.032378 0.009774 -0.035339
v 0.034341 0.010880 -0.040752
v 0.036399 0.011284 -0.039084
v 0.036574 0.010645 -0.038687
v 0.036419 0.010421 -0.039410
v 0.034321 0.011743 -0.040426
v 0.034341 0.010880 -0.040752
v 0.032378 0.009774 -0.035339
v 0.032398 0.008911 -0.035665
v 0.031722 0.008485 -0.034579
v 0.031702 0.009347 -0.034253
v 0.032222 0.010202 -0.036481
v 0.032242 0.009340 -0.036807
v 0.034341 0.010880 -0.040752
v 0.034321 0.011743 -0.040426
v 0.035204 0.009082 -0.033336
v 0.031702 0.009347 -0.034253
v 0.035598 0.008610 -0.033368
v 0.031722 0.008485 -0.034579
v 0.035224 0.008220 -0.033662
vn 0.9748 -0.2231 -0.0007
vn 0.7708 -0.6361 -0.0360
vn 0.9245 -0.2372 -0.2985
vn 0.7849 -0.6188 0.0313
vn 0.9632 -0.2206 -0.1533
vn 0.9832 0.1790 -0.0356
vn 0.9532 0.2615 -0.1516
vn 0.9141 0.2691 -0.3034
vn 0.9096 0.0256 -0.4148
vn 0.8741 0.4713 -0.1175
vn 0.9301 0.3671 -0.0116
vn 0.9569 -0.1739 0.2327
vn 0.9205 -0.0624 0.3858
vn 0.9719 0.0781 0.2220
vn 0.9300 0.0504 0.3640
vn -0.9994 -0.0197 -0.0285
vn -0.9256 -0.1256 0.3571
vn -0.9462 0.2235 0.2340
vn -0.8591 0.5108 0.0326
vn -0.9755 0.1952 -0.1013
vn -0.9688 -0.1467 -0.1997
vn -0.6923 -0.7035 0.1609
vn -0.9991 -0.0190 0.0373
vn -0.9993 0.0048 0.0375
vn -0.9960 -0.0612 0.0646
vn 0.8456 -0.5303 0.0620
vn 0.8381 -0.5448 -0.0266
vn 0.9700 0.1992 0.1390
vn 0.9552 0.1688 0.2432
vn 0.5420 0.7644 0.3491
vn 0.6442 0.7279 0.2349
vn 0.8216 0.0667 0.5661
vn 0.6920 -0.6710 0.2661
vn 0.4733 -0.8704 -0.1353
vn 0.4637 -0.8834 -0.0682
vn 0.3991 -0.9103 -0.1097
vn 0.3684 -0.9297 0.0025
vn 0.3961 -0.9158 0.0665
vn 0.3140 -0.9178 0.2431
vn 0.3227 -0.7857 0.5278
vn 0.1985 -0.5257 0.8272
vn 0.4604 -0.6060 0.6487
vn 0.1155 -0.1652 0.9795
vn 0.1533 0.9470 0.2823
vn -0.2452 -0.0832 0.9659
vn -0.0374 0.2665 0.9631
vn -0.0465 0.5230 0.8511
vn 0.1893 0.4273 0.8841
vn -0.1713 0.6682 0.7240
vn -0.0598 0.8807 0.4700
vn -0.1694 0.9488 0.2666
vn 0.0292 0.9469 0.3203
vn 0.3708 0.7367 0.5655
vn 0.4778 -0.0821 0.8746
vn -0.9688 -0.1765 -0.1740
vn -0.5693 -0.1137 -0.8142
vn -0.6063 -0.1126 -0.7872
vn -0.9512 -0.1550 -0.2669
vn -0.9255 -0.1130 0.3615
vn -0.9189 -0.0938 0.3831
vn -0.7516 0.1994 0.6288
vn -0.7500 0.1998 0.6305
vn 0.1824 -0.1201 -0.9759
vn 0.2575 -0.1194 -0.9589
vn 0.8280 0.0578 -0.5577
vn 0.8143 0.0312 -0.5796
vn 0.8580 0.2913 -0.4230
vn 0.8569 0.2960 -0.4221
vn 0.7722 0.4788 -0.4177
vn 0.7619 0.4912 -0.4221
vn 0.6948 0.5640 -0.4463
vn -0.8249 0.1075 0.5549
vn -0.8304 0.0922 0.5495
vn -0.8643 -0.0766 0.4971
vn -0.8639 -0.0622 0.4999
vn -0.8643 -0.1304 0.4857
vn -0.6239 0.7362 -0.2622
vn -0.7563 0.2841 -0.5893
vn -0.7175 -0.0178 -0.6964
vn -0.3329 -0.7454 -0.5775
vn -0.6619 0.6366 -0.3959
vn -0.5400 0.8323 -0.1255
vn -0.4804 0.8761 -0.0412
vn -0.5107 0.8582 -0.0512
vn -0.6971 -0.2380 -0.6763
vn -0.3846 -0.7097 -0.5902
vn -0.1896 -0.8672 -0.4604
vn -0.8741 0.3038 -0.3791
vn -0.9860 0.1547 0.0624
vn -0.9860 0.1545 0.0624
vn -0.8459 0.3176 -0.4284
vn -0.7426 0.3529 -0.5691
vn -0.7426 0.3530 -0.5691
vn -0.2952 0.3309 0.8963
vn -0.2950 0.3311 0.8963
vn -0.2953 0.3309 0.8963
vn -0.2950 0.3309 0.8964
vn -0.2951 0.3308 0.8964
vn -0.2952 0.3307 0.8964
vn -0.2953 0.3310 0.8963
vn -0.3482 0.9203 -0.1785
vn 0.2056 0.9685 -0.1402
vn -0.2985 0.9374 -0.1792
vn -0.3287 0.9271 -0.1801
vn -0.3864 0.9052 -0.1771
vn -0.4754 0.8720 -0.1164
vn -0.7018 0.7103 -0.0551
vn -0.1267 0.9919 -0.0110
vn 0.5541 0.8146 0.1714
vn -0.5276 -0.3429 -0.7772
vn -0.7025 -0.3031 -0.6439
vn -0.7014 -0.3034 -0.6450
vn -0.3659 -0.3627 -0.8570
vn -0.1497 -0.3713 -0.9164
vn 0.1896 -0.3466 -0.9186
vn 0.1878 -0.3483 -0.9184
vn 0.2113 -0.3423 -0.9155
vn -0.2598 -0.9149 0.3089
vn -0.3020 -0.9097 0.2851
vn 0.0447 -0.9152 0.4004
vn -0.2527 -0.8563 0.4505
vn 0.1404 -0.8970 0.4191
vn -0.3549 -0.8534 0.3818
vn -0.3403 -0.7938 0.5041
vn -0.6031 -0.6587 0.4499
vn -0.4155 -0.8882 0.1963
vn 0.0351 -0.7537 0.6563
vn 0.5810 -0.4785 0.6584
vn 0.9509 0.2872 0.1153
vn 0.9942 0.0732 -0.0792
vn 0.5920 0.8051 -0.0382
vn 0.9978 0.0198 -0.0639
vn 0.9750 -0.0165 0.2215
vn 0.6213 -0.6701 0.4062
vn 0.5394 0.8420 0.0086
vn 0.9146 0.2905 0.2812
vn 0.9311 0.0726 0.3574
vn 0.7741 0.3075 0.5534
vn 0.7764 0.2537 0.5769
vn 0.5392 -0.6823 0.4937
vn -0.8634 -0.2226 -0.4528
vn -0.8348 -0.2394 -0.4958
vn -0.8348 -0.2395 -0.4957
vn -0.8674 -0.2277 -0.4424
vn -0.9906 -0.1063 -0.0861
vn -0.9610 0.2716 -0.0524
vn -0.9162 -0.3585 0.1789
vn 0.9175 0.2381 0.3185
vn 0.9287 0.1910 0.3179
vn 0.9240 0.1562 0.3490
vn 0.8566 0.3468 0.3822
vn 0.8729 0.1106 0.4751
vn -0.6382 0.2595 -0.7248
vn -0.8030 0.5313 -0.2701
vn -0.1820 0.9821 -0.0493
vn 0.1214 0.4897 -0.8634
vn 0.6189 0.7774 0.1124
vn 0.7914 0.5033 -0.3471
vn 0.6357 -0.2509 0.7300
vn 0.8082 -0.5235 0.2697
vn 0.1457 -0.9890 0.0248
vn -0.6383 0.2595 -0.7248
vn -0.6212 -0.7770 -0.1022
vn -0.1575 -0.5089 0.8463
vn -0.7859 -0.5072 0.3537
vn -0.6213 -0.7769 -0.1022
vn -0.6383 0.2594 -0.7248
vn -0.8030 0.5312 -0.2701
vn -0.7859 -0.5073 0.3536
vn -0.6646 0.7295 -0.1616
vn -0.4091 0.8929 0.1879
vn 0.3026 0.9455 -0.1200
vn -0.4406 0.6464 -0.6229
vn 0.7354 0.2629 -0.6246
vn 0.4340 0.2143 -0.8750
vn 0.4342 0.2144 -0.8750
vn 0.7353 0.2629 -0.6246
vn 0.7505 -0.6570 -0.0721
vn 0.4518 -0.8624 -0.2282
vn -0.4407 0.6463 -0.6229
vn -0.4156 -0.8640 0.2843
vn 0.4519 -0.8624 -0.2283
vn 0.7505 -0.6569 -0.0721
vn 0.3271 -0.5425 0.7738
vn -0.4157 -0.8639 0.2843
vn -0.3901 -0.2632 0.8824
vn -0.6444 -0.5011 0.5776
vn -0.3901 -0.2633 0.8823
vn -0.4091 0.8929 0.1878
vn -0.4158 -0.8639 0.2843
vn 0.7504 -0.6570 -0.0721
vn -0.6761 0.3062 -0.6702
vn -0.7783 0.5890 -0.2175
vn -0.1354 0.9903 -0.0297
vn 0.0709 0.4897 -0.8690
vn 0.6521 0.7573 0.0356
vn 0.7741 0.4730 -0.4207
vn 0.6696 -0.3084 0.6757
vn 0.7913 -0.5747 0.2087
vn 0.0954 -0.9952 0.0227
vn -0.6588 -0.7516 -0.0348
vn -0.1109 -0.4944 0.8622
vn -0.7606 -0.4873 0.4289
vn -0.6587 -0.7516 -0.0349
vn -0.7783 0.5891 -0.2175
vn -0.6760 0.3062 -0.6702
vn -0.5316 0.8349 0.1430
vn -0.1278 0.9284 0.3490
vn 0.3836 0.8930 -0.2352
vn -0.5423 0.7543 -0.3701
vn 0.4350 0.1930 -0.8795
vn 0.0528 0.2118 -0.9759
vn 0.0528 0.2120 -0.9759
vn 0.4351 0.1929 -0.8795
vn 0.5217 -0.7585 -0.3906
vn 0.1540 -0.9019 -0.4035
vn -0.4003 -0.8079 0.4325
vn 0.1540 -0.9018 -0.4037
vn 0.5216 -0.7585 -0.3906
vn 0.5235 -0.6461 0.5555
vn -0.0191 -0.2675 0.9634
vn -0.4158 -0.4380 0.7970
vn -0.1278 0.9284 0.3489
vn -0.4159 -0.4380 0.7970
vn -0.5315 0.8349 0.1430
vn -0.5423 0.7543 -0.3700
vn 0.5235 -0.6460 0.5555
vn 0.3835 0.8931 -0.2352
vn 0.4351 0.1928 -0.8795
vn -0.8334 0.5064 -0.2215
vn -0.6168 0.7591 0.2083
vn 0.1026 0.9946 0.0163
vn -0.2797 0.5455 -0.7900
vn 0.7302 0.5945 -0.3367
vn 0.5277 0.3367 -0.7799
vn 0.8304 -0.5077 0.2296
vn 0.6262 -0.7471 -0.2230
vn -0.1401 -0.9901 -0.0010
vn -0.8333 0.5065 -0.2214
vn -0.7339 -0.5877 0.3406
vn 0.2421 -0.5410 0.8054
vn -0.5157 -0.3542 0.7801
vn -0.6167 0.7591 0.2083
vn -0.8333 0.5064 -0.2216
vn -0.5157 -0.3542 0.7802
vn -0.7059 0.2845 -0.6486
vn -0.8365 0.5226 -0.1649
vn -0.2098 0.9773 0.0299
vn 0.0327 0.5456 -0.8374
vn 0.6070 0.7873 0.1081
vn 0.7450 0.5474 -0.3812
vn 0.7037 -0.2764 0.6545
vn 0.8415 -0.5146 0.1644
vn 0.1716 -0.9838 -0.0517
vn -0.7060 0.2845 -0.6486
vn -0.6085 -0.7875 -0.0978
vn -0.0696 -0.5649 0.8222
vn -0.7389 -0.5516 0.3870
vn -0.6085 -0.7875 -0.0979
vn -0.8365 0.5226 -0.1648
vn -0.8365 0.5225 -0.1649
vn -0.7389 -0.5516 0.3871
vn 0.2206 0.8742 0.4325
vn 0.6043 0.7726 0.1946
vn 0.3592 0.7591 -0.5429
vn -0.2228 0.9590 0.1754
vn -0.4174 0.3046 -0.8562
vn -0.6582 0.4683 -0.5894
vn -0.6582 0.4682 -0.5895
vn -0.3887 -0.7279 -0.5649
vn -0.6246 -0.7403 -0.2486
vn -0.2229 0.9589 0.1753
vn -0.1757 -0.7363 0.6534
vn 0.4058 -0.9111 -0.0719
vn 0.6404 -0.5250 0.5606
vn 0.2590 -0.5070 0.8221
vn 0.6042 0.7727 0.1946
vn 0.2589 -0.5071 0.8221
vn 0.2205 0.8743 0.4325
vn -0.1758 -0.7362 0.6535
vn -0.2228 0.9589 0.1754
vn 0.4058 -0.9112 -0.0718
vn 0.3593 0.7590 -0.5429
vn -0.4174 0.3047 -0.8561
vn -0.3887 -0.7278 -0.5649
vn -0.6660 0.6975 0.2646
vn -0.2185 0.8029 0.5546
vn 0.3710 0.9268 0.0578
vn -0.4411 0.7482 -0.4956
vn 0.6335 0.4963 -0.5936
vn 0.1904 0.3860 -0.9026
vn 0.6667 -0.6999 -0.2563
vn 0.2232 -0.7901 -0.5709
vn -0.3947 -0.9184 -0.0257
vn -0.6660 0.6974 0.2647
vn -0.6328 -0.4899 0.5996
vn 0.4174 -0.7397 0.5278
vn -0.1850 -0.4052 0.8953
vn -0.6329 -0.4899 0.5996
vn -0.2184 0.8029 0.5547
vn -0.1849 -0.4051 0.8954
vn -0.7744 0.4961 -0.3927
vn -0.7483 0.6484 0.1401
vn -0.0246 0.9707 0.2390
vn -0.0642 0.6919 -0.7191
vn 0.7429 0.6652 0.0747
vn 0.7224 0.5113 -0.4655
vn 0.7751 -0.4890 0.4002
vn 0.7545 -0.6411 -0.1405
vn -0.0180 -0.9678 -0.2510
vn -0.7420 -0.6673 -0.0646
vn 0.0220 -0.7029 0.7109
vn -0.7159 -0.5174 0.4688
vn -0.7420 -0.6672 -0.0646
vn -0.7484 0.6483 0.1401
vn -0.7744 0.4960 -0.3927
vn 0.5073 0.8096 0.2953
vn 0.7465 0.6614 -0.0720
vn 0.2348 0.7190 -0.6541
vn 0.0182 0.9728 0.2310
vn -0.6640 0.4035 -0.6296
vn -0.7526 0.5897 -0.2930
vn -0.6639 0.4036 -0.6296
vn -0.6881 -0.6334 -0.3540
vn -0.7809 -0.6240 0.0296
vn 0.0182 0.9728 0.2311
vn -0.0216 -0.7297 0.6834
vn -0.6881 -0.6334 -0.3541
vn 0.1956 -0.9583 -0.2083
vn -0.0215 -0.7297 0.6834
vn 0.7161 -0.6418 0.2744
vn 0.4749 -0.5776 0.6640
vn 0.7161 -0.6418 0.2745
vn 0.7465 0.6615 -0.0720
vn 0.5072 0.8097 0.2953
vn -0.0215 -0.7296 0.6835
vn 0.0182 0.9728 0.2309
vn 0.2347 0.7190 -0.6542
vn -0.6882 -0.6334 -0.3540
vn -0.3550 0.7828 0.5111
vn 0.1847 0.7980 0.5737
vn 0.5113 0.8489 -0.1337
vn -0.4780 0.8352 -0.2720
vn 0.3870 0.4154 -0.8232
vn -0.1579 0.3959 -0.9046
vn 0.3589 -0.7857 -0.5039
vn -0.1855 -0.7853 -0.5907
vn -0.5169 -0.8384 0.1728
vn -0.3549 0.7828 0.5111
vn -0.3829 -0.4096 0.8281
vn 0.4723 -0.8247 0.3111
vn 0.1563 -0.4152 0.8962
vn -0.3827 -0.4096 0.8281
vn 0.1848 0.7980 0.5736
vn 0.1846 0.7980 0.5737
vn 0.1564 -0.4152 0.8962
vn -0.7801 0.5848 -0.2225
vn -0.6289 0.7198 0.2938
vn 0.1302 0.9615 0.2421
vn -0.1350 0.7129 -0.6881
vn 0.8100 0.5811 -0.0783
vn 0.6626 0.4441 -0.6031
vn 0.7829 -0.5781 0.2298
vn 0.6356 -0.7132 -0.2955
vn -0.1738 -0.9538 -0.2450
vn -0.8073 -0.5836 0.0879
vn 0.0910 -0.7193 0.6887
vn -0.6563 -0.4509 0.6049
vn -0.8073 -0.5835 0.0881
vn -0.6289 0.7198 0.2939
vn -0.7801 0.5847 -0.2226
vn -0.6562 -0.4509 0.6050
vn 0.9267 0.3128 -0.2082
vn 0.8350 0.5131 0.1987
vn 0.7310 -0.0913 0.6762
vn 0.9496 -0.2054 -0.2369
vn 0.1861 -0.8508 0.4915
vn 0.3539 -0.9245 0.1417
vn 0.3539 -0.9245 0.1419
vn 0.1862 -0.8507 0.4915
vn -0.8080 -0.5423 0.2303
vn -0.8098 -0.5634 -0.1639
vn 0.9495 -0.2055 -0.2370
vn -0.6827 0.3010 -0.6658
vn -0.8098 -0.5633 -0.1638
vn -0.8080 -0.5423 0.2304
vn -0.8771 0.4077 0.2538
vn -0.6827 0.3011 -0.6658
vn -0.4145 0.9008 -0.1295
vn -0.4032 0.7256 -0.5576
vn -0.4033 0.7255 -0.5577
vn 0.9496 -0.2053 -0.2369
vn -0.8771 0.4077 0.2537
vn 0.7309 -0.0913 0.6763
vn -0.8080 -0.5424 0.2303
vn 0.8255 -0.2548 -0.5037
vn 0.8381 0.4901 -0.2394
vn 0.8943 0.2983 0.3334
vn 0.7692 -0.6355 -0.0666
vn 0.1213 -0.2921 0.9487
vn 0.0394 -0.7442 0.6668
vn -0.6701 -0.0463 0.7408
vn -0.7252 -0.5069 0.4659
vn -0.8594 -0.1300 -0.4944
vn -0.4998 0.1564 -0.8519
vn -0.6321 0.7719 -0.0675
vn -0.2314 0.8220 -0.5204
vn -0.4999 0.1566 -0.8518
vn 0.8382 0.4900 -0.2393
vn 0.8255 -0.2548 -0.5036
vn 0.8381 0.4901 -0.2395
vn -0.2955 0.3309 0.8962
vn -0.2951 0.3309 0.8963
vn -0.2949 0.3309 0.8964
vn 0.9531 0.1678 0.2521
vn 0.2951 -0.3309 -0.8963
vn 0.2954 -0.3309 -0.8963
vn 0.2954 -0.3309 -0.8962
vn 0.2950 -0.3309 -0.8964
vn -0.9399 -0.2691 -0.2103
vn -0.9400 -0.2691 -0.2098
vn -0.9399 -0.2691 -0.2100
vn -0.4599 -0.8715 0.1701
vn -0.4598 -0.8715 0.1704
vn -0.0671 0.9287 -0.3648
vn 0.9531 0.1677 0.2519
vn 0.9531 0.1678 0.2520
vn 0.9530 0.1678 0.2521
vn 0.2952 -0.3309 -0.8963
vn -0.9399 -0.2691 -0.2101
vn -0.9398 -0.2692 -0.2103
vn -0.9399 -0.2692 -0.2102
vn -0.4598 -0.8715 0.1705
vn -0.0666 0.9286 -0.3651
vn -0.0668 0.9286 -0.3650
vn -0.9423 -0.1519 -0.2983
vn -0.8940 -0.0321 -0.4469
vn -0.8893 -0.0966 -0.4471
vn -0.9223 -0.0190 -0.3861
vn -0.9387 -0.1952 -0.2843
vn -0.9600 -0.1148 -0.2552
vn -0.9246 -0.0236 -0.3801
vn -0.9719 -0.0469 -0.2307
vn -0.9755 -0.0356 -0.2173
vn -0.9703 -0.1132 -0.2136
vn -0.9498 -0.1687 -0.2635
vn -0.9514 -0.1779 -0.2513
vn -0.9656 -0.1300 -0.2251
vn -0.9603 -0.2145 -0.1786
vn -0.9345 -0.2226 -0.2779
vn 0.9547 0.1576 0.2525
vn 0.9656 0.1403 0.2189
vn 0.9562 0.1671 0.2403
vn 0.9614 0.1838 0.2046
vn 0.9718 0.2316 0.0446
vn 0.9549 0.2941 0.0415
vn 0.9447 0.3100 0.1070
vn 0.9453 0.3059 0.1136
vn 0.9433 0.2208 0.2478
vn 0.9196 0.2863 0.2690
vn 0.9124 0.2970 0.2815
vn 0.9313 0.2218 0.2889
vn 0.9384 0.2053 0.2781
vn 0.9385 0.1199 0.3238
vn 0.9679 0.1124 0.2250
vn 0.0661 -0.9280 0.3666
vn 0.0667 -0.9287 0.3649
vn 0.0656 -0.9274 0.3684
vn -0.8763 0.4499 0.1723
vn -0.2212 0.9541 0.2018
vn -0.0854 0.9475 -0.3080
vn -0.8757 0.3392 -0.3436
vn -0.8210 -0.3183 0.4740
vn -0.8089 -0.5876 0.0207
vn -0.1103 -0.5822 0.8055
vn 0.0482 -0.9060 0.4204
vn 0.5446 -0.0778 0.8351
vn 0.8387 -0.2976 0.4560
vn 0.4892 0.6902 0.5332
vn 0.7718 0.6292 0.0918
vn -0.0593 0.9197 -0.3881
vn -0.8508 0.3105 -0.4239
vn -0.7842 -0.6176 -0.0593
vn 0.0739 -0.9370 0.3413
vn 0.8662 -0.3277 0.3772
vn 0.7996 0.6003 0.0126
vn 0.1222 0.5478 -0.8276
vn -0.5135 0.0589 -0.8561
vn -0.4599 -0.6867 -0.5629
vn 0.2297 -0.9429 -0.2412
vn 0.8655 -0.4535 -0.2128
vn 0.8115 0.2924 -0.5059
vn 0.2952 -0.3308 -0.8963
vn 0.2950 -0.3310 -0.8963
vn 0.2952 -0.3311 -0.8962
vn 0.2952 -0.3310 -0.8963
vn 0.2953 -0.3309 -0.8963
vn -0.3318 -0.9265 0.1773
vn 0.0833 -0.9456 0.3145
vn 0.0580 -0.9182 0.3918
vn -0.3613 -0.8943 0.2641
vn -0.0422 -0.7509 0.6590
vn -0.7480 -0.6617 0.0513
vn -0.3706 -0.7336 0.5697
vn -0.7313 -0.4767 0.4878
vn -0.9399 -0.3145 -0.1331
vn -0.9298 -0.3252 0.1721
vn -0.9113 -0.3620 -0.1961
vn -0.6971 -0.7170 -0.0058
vn -0.9322 0.0651 -0.3560
vn -0.9514 0.0905 -0.2945
vn -0.9880 0.1160 -0.1022
vn -0.8435 0.3270 -0.4261
vn -0.8573 0.3469 -0.3805
vn -0.5814 0.6671 -0.4658
vn -0.5987 0.6810 -0.4216
vn -0.9263 0.2999 -0.2280
vn -0.0587 0.9190 -0.3900
vn -0.0739 0.9362 -0.3437
vn -0.6452 0.6630 -0.3796
vn 0.4853 0.8549 -0.1837
vn 0.4738 0.8697 -0.1382
vn 0.7885 0.6150 0.0053
vn 0.7716 0.6342 0.0498
vn 0.7702 0.5985 0.2203
vn 0.8895 0.4145 0.1922
vn 0.9115 0.3897 0.1315
vn 0.9542 -0.0336 0.2972
vn 0.9322 0.0150 0.3618
vn 0.7808 -0.0241 0.6243
vn 0.5155 -0.2572 0.8174
vn 0.8013 -0.4532 0.3905
vn 0.7978 -0.3897 0.4600
vn 0.4821 -0.7833 0.3925
vn 0.4542 -0.7508 0.4796
vn 0.8190 0.4340 0.3754
vn 0.2637 -0.6219 0.7373
vn -0.0420 -0.7509 0.6591
vn 0.0581 -0.9182 0.3918
vn 0.0888 -0.9507 0.2972
vn 0.4961 -0.7829 0.3755
vn 0.5274 -0.7947 0.3005
vn 0.1032 -0.9626 0.2506
vn 0.7962 -0.4734 0.3767
vn 0.8032 -0.5117 0.3051
vn 0.9562 -0.0383 0.2901
vn 0.9719 -0.0757 0.2227
vn 0.9523 0.3048 0.0125
vn 0.9234 0.3605 0.1317
vn 0.7991 0.6009 -0.0180
vn 0.7034 0.6270 -0.3347
vn 0.6545 0.6722 -0.3461
vn 0.5029 0.8379 -0.2121
vn -0.0478 0.9055 -0.4216
vn 0.4594 0.8123 -0.3593
vn -0.5768 0.6478 -0.4976
vn -0.8365 0.3123 -0.4502
vn -0.9327 0.0338 -0.3590
vn -0.8815 -0.0178 -0.4718
vn -0.9081 -0.3664 -0.2028
vn -0.8768 -0.4009 -0.2654
vn -0.6391 -0.7654 -0.0757
vn -0.6799 -0.7332 -0.0135
vn -0.3210 -0.9440 0.0765
vn -0.3351 -0.9292 0.1557
vn 0.1032 -0.9626 0.2505
vn -0.6146 0.3949 -0.6829
vn -0.5846 0.4530 -0.6731
vn -0.4611 0.6514 -0.6026
vn -0.0081 0.8474 -0.5309
vn 0.0588 -0.9191 0.3897
vn 0.5035 -0.7270 0.4669
vn 0.5008 -0.5700 0.6514
vn 0.0275 -0.8768 0.4801
vn -0.2478 -0.0455 0.9677
vn -0.5396 -0.7531 0.3764
vn -0.4030 -0.8865 0.2273
vn 0.5053 -0.1149 0.8552
vn 0.2406 0.2173 0.9460
vn 0.0258 0.3254 0.9452
vn -0.2955 0.3348 0.8947
vn -0.5790 0.2189 0.7854
vn -0.7203 0.0482 0.6920
vn -0.7867 -0.3423 0.5137
vn -0.1577 0.9857 -0.0596
vn -0.3147 0.3277 0.8908
vn 0.1300 0.9861 0.1031
vn 0.1781 0.9155 -0.3608
vn -0.2954 0.3312 0.8961
vn -0.2756 0.3343 0.9013
vn -0.4710 0.8804 -0.0558
vn -0.2649 0.8375 -0.4779
vn -0.0366 0.8904 -0.4536
vn 0.3026 -0.5487 -0.7793
vn 0.1137 -0.4478 -0.8869
vn 0.4762 -0.3840 -0.7910
vn 0.5273 -0.7947 0.3005
vn 0.3014 -0.4505 -0.8404
vn 0.1373 -0.3490 -0.9270
vn 0.1564 -0.4191 -0.8944
vn -0.8768 -0.4009 -0.2655
vn 0.1492 -0.6806 -0.7173
vn -0.1018 -0.4426 -0.8909
vn 0.2962 -0.6937 -0.6566
vn 0.4446 -0.2949 -0.8458
vn 0.4358 -0.3699 -0.8205
vn 0.9720 -0.0757 0.2227
vn 0.9523 0.3048 0.0126
vn 0.4403 -0.6294 -0.6404
vn 0.6525 -0.3099 -0.6916
vn 0.7034 0.6270 -0.3348
vn 0.1507 0.5909 -0.7925
vn 0.1073 0.5911 -0.7994
vn 0.0686 0.5765 -0.8142
vn 0.1375 0.5014 -0.8542
vn 0.6546 0.6721 -0.3461
vn -0.5845 0.4531 -0.6731
vn -0.4611 0.6513 -0.6027
vn -0.0082 0.8474 -0.5309
vn 0.6757 0.4040 0.6166
vn -0.3004 0.4218 0.8555
vn -0.2867 0.7678 0.5730
vn -0.9772 0.1130 0.1797
vn 0.4976 0.8639 -0.0777
vn -0.0894 0.9514 -0.2947
vn -0.1076 0.6704 -0.7341
vn 0.4207 0.4792 -0.7703
vn 0.4534 0.4603 -0.7632
vn -0.1076 0.6704 -0.7342
vn -0.5994 0.6543 -0.4611
vn -0.6270 0.6457 -0.4358
vn -0.9069 0.4212 -0.0139
vn 0.8321 0.1228 -0.5409
vn -0.3133 -0.6772 0.6657
vn 0.0574 -0.7756 0.6286
vn -0.0261 -0.9043 0.4261
vn -0.3336 -0.8015 0.4963
vn -0.2128 -0.4673 0.8581
vn 0.1572 -0.5421 0.8255
vn 0.2118 -0.3660 0.9062
vn -0.0766 -0.3018 0.9503
vn 0.3981 -0.7993 0.4501
vn 0.2844 -0.9075 0.3090
vn 0.4876 -0.5875 0.6458
vn 0.4814 -0.3975 0.7812
vn 0.5052 0.7263 -0.4661
vn 0.7753 0.4309 -0.4617
vn 0.8429 0.3022 -0.4451
vn 0.4227 0.7811 -0.4596
vn 0.6787 0.5688 -0.4646
vn 0.6400 0.6188 -0.4555
vn 0.8469 0.3657 -0.3861
vn 0.8237 0.3956 -0.4061
vn 0.8541 0.3542 -0.3808
vn 0.0461 0.9268 -0.3728
vn 0.0415 0.9219 -0.3851
vn 0.0492 0.9300 -0.3642
vn -0.3405 0.9121 -0.2283
vn -0.4255 0.8861 -0.1840
vn -0.7253 0.6884 -0.0069
vn -0.8087 0.5856 0.0554
vn -0.5583 0.8245 -0.0924
vn -0.6089 0.7898 -0.0744
vn -0.7604 0.6415 0.1010
vn -0.7439 0.6647 0.0691
vn -0.7671 0.6319 0.1108
vn 0.2303 0.9471 0.2236
vn 0.2303 0.9471 0.2237
vn 0.2305 0.9471 0.2235
vn 0.2242 0.9540 0.1989
vn -0.0916 -0.9535 0.2871
vn -0.0727 -0.9516 0.2987
vn 0.1398 -0.9689 0.2043
vn -0.0701 -0.9493 0.3064
vn -0.2958 -0.8941 0.3363
vn -0.0649 -0.9581 0.2790
vn -0.9528 -0.1305 0.2742
vn -0.8010 0.5964 0.0531
vn -0.8229 0.5658 0.0522
vn -0.7122 0.7015 -0.0266
vn 0.8549 -0.4408 -0.2736
vn 0.8389 0.3150 -0.4439
vn 0.8463 0.2794 -0.4536
vn 0.7587 0.4487 -0.4722
vn -0.2310 0.2921 -0.9281
vn -0.2448 0.2350 -0.9407
vn -0.2622 0.2634 -0.9284
vn -0.2499 0.2938 -0.9226
vn -0.2158 0.2555 -0.9424
vn -0.2130 0.2875 -0.9338
vn -0.2392 0.2587 -0.9359
vn -0.2428 0.2375 -0.9406
vn -0.2663 0.1659 -0.9495
vn -0.2522 0.2019 -0.9464
vn -0.2538 0.1638 -0.9533
vn -0.2455 0.2379 -0.9398
vn 0.2301 0.9471 0.2236
vn 0.2237 0.9541 0.1990
vn -0.2489 0.9347 -0.2537
vn -0.2482 0.9349 -0.2538
vn -0.2458 0.9353 -0.2546
vn 0.0625 0.9428 -0.3274
vn 0.5331 0.8216 0.2020
vn 0.5097 0.8237 0.2486
vn 0.4999 0.8238 0.2672
vn 0.3023 0.7707 0.5609
vn -0.0129 0.9134 0.4069
vn 0.0049 0.9088 0.4172
vn 0.3022 0.7709 0.5607
vn -0.0568 0.9230 0.3807
vn 0.0487 0.9961 -0.0737
vn 0.0621 0.9955 -0.0715
vn 0.1401 0.9855 -0.0958
vn 0.1311 0.9885 -0.0750
vn 0.1454 0.9863 -0.0780
vn 0.1593 0.9837 -0.0835
vn 0.2175 0.9688 -0.1187
vn 0.2270 0.9655 -0.1276
vn -0.0048 -0.9316 0.3635
vn -0.0449 -0.9255 0.3760
vn -0.0849 -0.9178 0.3878
vn -0.0848 -0.9178 0.3878
vn -0.5413 0.8198 -0.1868
vn -0.0870 0.2661 -0.9600
vn -0.1369 0.4203 -0.8970
vn -0.1271 0.3898 -0.9121
vn -0.1690 0.5195 -0.8376
vn -0.2742 0.4150 -0.8675
vn -0.2489 0.4395 -0.8631
vn -0.3694 0.3145 -0.8744
vn 0.8672 0.2900 -0.4049
vn 0.8672 0.2900 -0.4048
vn -0.8096 0.5778 0.1034
vn -0.8096 0.5778 0.1035
vn 0.0626 0.9429 -0.3273
vn 0.0626 0.9429 -0.3272
vn 0.0626 0.9430 -0.3269
vn 0.0629 0.9428 -0.3273
vn 0.3435 0.8333 -0.4332
vn 0.3413 0.8345 -0.4325
vn 0.3440 0.8330 -0.4333
vn 0.3439 0.8330 -0.4333
vn 0.5743 0.6282 -0.5249
vn 0.3180 0.8133 0.4873
vn 0.3116 0.7194 0.6208
vn 0.6022 0.4613 0.6516
vn 0.3275 0.5440 0.7725
vn 0.0217 0.5611 0.8275
vn 0.2632 0.8227 0.5039
vn 0.2682 0.8833 0.3846
vn -0.7883 0.6063 0.1046
vn -0.7838 0.6156 0.0820
vn -0.6938 0.7200 0.0122
vn -0.6901 0.7235 0.0149
vn -0.6865 0.7271 0.0064
vn -0.6865 0.7271 0.0065
vn -0.7391 0.6680 0.0865
vn 0.1051 0.9732 -0.2043
vn 0.0560 0.9367 -0.3456
vn 0.8304 0.3987 -0.3892
vn 0.7704 0.4729 -0.4277
vn 0.8599 0.3235 -0.3949
vn 0.7707 0.4687 -0.4316
vn 0.8470 0.3357 -0.4122
vn 0.7640 0.4781 -0.4332
vn 0.1052 -0.9641 0.2437
vn 0.0884 -0.9648 0.2477
vn 0.1696 -0.9589 0.2274
vn -0.0722 -0.9511 0.3002
vn 0.1030 -0.9648 0.2420
vn -0.0728 -0.9517 0.2982
vn -0.2452 -0.9050 0.3475
vn -0.2307 -0.9100 0.3444
vn -0.2458 -0.9039 0.3501
vn -0.3038 -0.8775 0.3710
vn -0.5707 0.5204 -0.6352
vn -0.3743 0.5784 -0.7248
vn 0.0200 0.6252 -0.7802
vn -0.2205 0.6024 -0.7671
vn -0.4039 0.4542 -0.7941
vn -0.0705 0.7502 -0.6574
vn -0.0883 0.7139 -0.6947
vn -0.2460 0.6709 -0.6996
vn -0.0575 0.5744 -0.8166
vn 0.2632 0.3773 -0.8879
vn 0.0786 0.5006 -0.8621
vn 0.0257 0.3807 -0.9243
vn -0.8896 -0.3902 0.2375
vn -0.1527 0.8084 -0.5685
vn -0.0441 0.8000 -0.5984
vn 0.0299 0.7849 -0.6189
vn 0.0598 0.7719 -0.6329
vn -0.1178 0.8102 -0.5742
vn 0.7061 -0.6640 -0.2461
vn 0.3989 -0.9125 0.0904
vn 0.4258 -0.8902 0.1617
vn -0.4873 -0.7499 0.4474
vn -0.5178 -0.7723 0.3679
vn 0.9250 -0.1780 -0.3358
vn 0.9517 -0.1552 -0.2651
vn 0.5073 0.7185 -0.4757
vn 0.5342 0.7421 -0.4049
vn -0.4075 0.8890 -0.2087
vn -0.3766 0.9171 -0.1311
vn -0.9654 0.1404 0.2197
vn -0.9352 0.1700 0.3107
vn -0.4832 -0.7183 0.5006
vn 0.4364 -0.8787 0.1934
vn 0.9618 -0.1445 -0.2324
vn 0.5446 0.7514 -0.3725
vn -0.3741 0.9248 -0.0696
vn -0.8972 0.1968 0.3954
vn -0.5436 -0.7604 0.3555
vn -0.9684 0.1367 0.2085
vn -0.4349 0.8751 -0.2121
vn 0.5027 0.7131 -0.4887
vn -0.5351 -0.7432 0.4017
vn -0.9529 0.1540 0.2614
vn -0.4264 0.8894 -0.1649
vn 0.5173 0.7273 -0.4510
vn 0.9197 -0.1819 -0.3480
vn 0.3946 -0.9157 0.0767
vn 0.9352 -0.1703 -0.3106
vn 0.4087 -0.9053 0.1157
vn 0.4300 -0.8858 0.1748
vn -0.5137 -0.7238 0.4607
vn 0.9561 -0.1508 -0.2514
vn 0.5384 0.7461 -0.3916
vn -0.4053 0.9081 -0.1057
vn -0.9313 0.1731 0.3205
vn -0.4794 -0.6911 0.5409
vn 0.4567 -0.8516 0.2573
vn 0.9785 -0.1227 -0.1655
vn 0.5641 0.7674 -0.3048
vn -0.3721 0.9280 -0.0211
vn -0.8939 0.1987 0.4018
vn 0.3694 -0.9240 0.0990
vn 0.3953 -0.9008 0.1797
vn -0.5188 -0.7281 0.4480
vn -0.5431 -0.7508 0.3759
vn 0.9184 -0.1828 -0.3508
vn 0.9528 -0.1541 -0.2617
vn 0.4797 0.7363 -0.4773
vn 0.5059 0.7650 -0.3986
vn -0.4348 0.8802 -0.1902
vn -0.4104 0.9042 -0.1186
vn -0.9609 0.1456 0.2357
vn -0.9366 0.1688 0.3072
vn -0.5064 -0.7170 0.4791
vn 0.4296 -0.8750 0.2232
vn 0.9767 -0.1254 -0.1743
vn 0.5387 0.7677 -0.3470
vn -0.3981 0.9132 -0.0868
vn -0.9236 0.1790 0.3390
vn -0.5481 -0.7538 0.3624
vn -0.9645 0.1414 0.2230
vn -0.4399 0.8748 -0.2030
vn 0.4944 0.7156 -0.4935
vn -0.5351 -0.7432 0.4018
vn -0.9528 0.1542 0.2614
vn -0.4264 0.8894 -0.1650
vn 0.5177 0.7272 -0.4508
vn 0.9137 -0.1860 -0.3612
vn 0.3858 -0.9196 0.0741
vn 0.9352 -0.1699 -0.3107
vn 0.4088 -0.9053 0.1156
vn 0.4300 -0.8857 0.1748
vn -0.5136 -0.7238 0.4608
vn 0.9560 -0.1508 -0.2515
vn 0.5384 0.7461 -0.3917
vn -0.4795 -0.6910 0.5409
vn 0.4570 -0.8515 0.2571
vn 0.9785 -0.1228 -0.1657
vn 0.5642 0.7674 -0.3048
vn -0.3719 0.9280 -0.0213
vn -0.8940 0.1990 0.4015
vn -0.3229 -0.2912 -0.9005
vn -0.3230 -0.2909 -0.9006
vn -0.3230 -0.2913 -0.9005
vn -0.0625 -0.9429 0.3273
vn -0.0626 -0.9429 0.3273
vn 0.3229 0.2912 0.9005
vn 0.3229 0.2913 0.9005
vn 0.0629 0.9429 -0.3272
vn 0.0629 0.9428 -0.3272
vn 0.0624 0.9429 -0.3273
vn -0.9144 0.3401 0.2196
vn -0.9332 0.2065 0.2942
vn -0.9059 0.3868 0.1726
vn -0.8962 0.4220 0.1372
vn -0.9177 0.3289 0.2227
vn -0.8901 0.4149 0.1885
vn -0.7647 0.6310 0.1305
vn -0.9443 0.1620 0.2863
vn -0.9458 0.2711 0.1786
vn -0.8357 0.5344 0.1268
vn -0.7066 0.6402 -0.3014
vn -0.0822 0.7263 -0.6825
vn -0.0822 0.7263 -0.6824
vn 0.9207 -0.0492 -0.3871
vn 0.5868 0.4183 -0.6933
vn 0.9444 -0.1621 -0.2862
vn 0.8629 0.3518 -0.3628
vn 0.9402 0.0102 -0.3404
vn 0.9264 0.1033 -0.3621
vn 0.8870 0.2388 -0.3952
vn 0.9394 0.0220 -0.3422
vn 0.9215 0.0732 -0.3813
vn 0.9535 -0.1174 -0.2775
vn 0.9055 0.1129 -0.4090
vn 0.0156 0.8915 -0.4528
vn 0.1923 0.9780 0.0808
vn 0.1904 0.9789 0.0739
vn 0.1902 0.9790 0.0741
vn 0.2911 0.8178 0.4964
vn 0.0627 0.9428 -0.3273
vn 0.0625 0.9428 -0.3275
vn 0.0625 0.9429 -0.3273
vn 0.2778 0.8592 0.4297
vn 0.2780 0.8590 0.4299
vn 0.2779 0.8591 0.4298
vn 0.2776 0.8593 0.4296
vn -0.3268 -0.3660 -0.8713
vn -0.3269 -0.3659 -0.8714
vn -0.3269 -0.3661 -0.8713
vn -0.3178 -0.6735 -0.6674
vn -0.3118 -0.7187 -0.6215
vn -0.3117 -0.7188 -0.6215
vn -0.2937 -0.8083 -0.5103
vn -0.8095 0.5831 -0.0686
vn -0.8752 0.4835 0.0181
vn -0.9202 0.3783 0.1005
vn -0.9202 0.3783 0.1006
vn -0.7760 0.6219 -0.1053
vn 0.8436 0.1885 -0.5028
vn 0.7758 0.3111 -0.5490
vn 0.8913 0.0674 -0.4484
vn 0.7415 0.3615 -0.5652
vn 0.0535 -0.7829 0.6199
vn 0.0538 -0.7829 0.6198
vn 0.0537 -0.7829 0.6198
vn 0.0536 -0.7829 0.6199
vn 0.2467 -0.2265 0.9423
vn 0.2467 -0.2266 0.9422
vn 0.3227 0.2913 0.9005
vn 0.3228 0.2915 0.9005
vn 0.3227 0.2912 0.9006
vn 0.3228 0.2913 0.9005
vn -0.2026 0.9748 -0.0935
vn 0.3495 0.9249 -0.1497
vn 0.3000 0.9423 -0.1483
vn 0.3301 0.9319 -0.1505
vn 0.3877 0.9095 -0.1501
vn 0.4781 0.8733 -0.0933
vn 0.7052 0.7075 -0.0453
vn 0.1336 0.9906 0.0280
vn -0.5430 0.8100 0.2213
vn 0.5027 -0.3131 -0.8058
vn 0.6805 -0.2802 -0.6770
vn 0.6818 -0.2799 -0.6759
vn 0.5030 -0.3131 -0.8056
vn 0.3387 -0.3285 -0.8817
vn 0.1209 -0.3335 -0.9350
vn -0.2182 -0.3065 -0.9265
vn -0.2161 -0.3082 -0.9265
vn -0.2393 -0.3022 -0.9227
vn 0.3034 -0.9227 0.2379
vn 0.2619 -0.9287 0.2627
vn -0.0398 -0.9310 0.3628
vn 0.2593 -0.8760 0.4068
vn -0.1350 -0.9130 0.3850
vn 0.3595 -0.8708 0.3354
vn 0.3488 -0.8163 0.4604
vn 0.6109 -0.6806 0.4046
vn 0.4146 -0.8981 0.1469
vn -0.0218 -0.7805 0.6248
vn -0.5656 -0.5024 0.6540
vn -0.9955 0.0825 -0.0474
vn -0.9452 0.2877 0.1545
vn -0.5870 0.8095 0.0125
vn -0.9990 0.0284 -0.0343
vn -0.9684 -0.0199 0.2485
vn -0.6142 -0.6829 0.3955
vn -0.5329 0.8441 0.0594
vn -0.9042 0.2838 0.3193
vn -0.9200 0.0631 0.3868
vn -0.7558 0.2885 0.5879
vn -0.7579 0.2338 0.6091
vn -0.5299 -0.6992 0.4800
vn 0.8485 -0.2085 -0.4864
vn 0.8528 -0.2141 -0.4764
vn 0.8186 -0.2233 -0.5292
vn 0.9870 -0.1085 -0.1189
vn 0.9610 0.2679 -0.0689
vn 0.9185 -0.3709 0.1371
vn -0.9179 0.1830 0.3522
vn -0.9064 0.2299 0.3545
vn -0.9126 0.1468 0.3817
vn -0.8429 0.3356 0.4207
vn -0.8581 0.0956 0.5045
vn 0.6480 0.3534 -0.6747
vn -0.1010 0.6370 -0.7642
vn 0.2254 0.9668 0.1200
vn 0.8253 0.5348 -0.1814
vn -0.5835 0.7723 0.2512
vn -0.7688 0.5898 -0.2471
vn -0.6451 -0.3460 0.6813
vn -0.8302 -0.5268 0.1823
vn -0.1895 -0.9710 -0.1458
vn 0.6479 0.3535 -0.6748
vn 0.5860 -0.7735 -0.2413
vn 0.1361 -0.6546 0.7436
vn 0.7631 -0.5946 0.2530
vn 0.5860 -0.7736 -0.2412
vn 0.8253 0.5347 -0.1814
vn 0.6478 0.3534 -0.6749
vn 0.8253 0.5347 -0.1815
vn 0.7632 -0.5946 0.2530
vn 0.6961 0.7169 -0.0388
vn 0.4678 0.7251 -0.5054
vn -0.2605 0.9642 0.0486
vn 0.4486 0.8281 0.3361
vn -0.7241 0.3991 -0.5626
vn -0.4257 0.3817 -0.8205
vn -0.7240 0.3991 -0.5627
vn -0.4256 0.3817 -0.8205
vn -0.7790 -0.6012 -0.1779
vn -0.4900 -0.7893 -0.3700
vn 0.4677 0.7250 -0.5056
vn 0.3774 -0.9174 0.1262
vn -0.7791 -0.6012 -0.1779
vn -0.4900 -0.7892 -0.3702
vn -0.3496 -0.6539 0.6710
vn 0.3794 -0.4292 0.8197
vn 0.6225 -0.6213 0.4759
vn 0.4486 0.8281 0.3360
vn 0.6224 -0.6214 0.4759
vn 0.3775 -0.9174 0.1261
vn 0.4679 0.7250 -0.5054
vn -0.7240 0.3991 -0.5626
vn 0.6879 0.3882 -0.6133
vn -0.0506 0.6357 -0.7703
vn 0.1792 0.9736 0.1413
vn 0.8033 0.5835 -0.1193
vn -0.6178 0.7672 0.1725
vn -0.7530 0.5722 -0.3250
vn -0.6815 -0.3916 0.6182
vn -0.8157 -0.5673 0.1132
vn -0.1394 -0.9789 -0.1493
vn 0.6879 0.3883 -0.6132
vn 0.6245 -0.7621 -0.1708
vn 0.0903 -0.6410 0.7622
vn 0.7389 -0.5870 0.3309
vn 0.6246 -0.7620 -0.1708
vn 0.6878 0.3882 -0.6133
vn 0.8033 0.5835 -0.1192
vn -0.2467 0.7777 0.5782
vn 0.1745 0.9325 0.3163
vn -0.4368 0.8083 -0.3948
vn -0.6371 0.6885 0.3465
vn 0.3456 0.4640 -0.8157
vn 0.5917 0.5999 -0.5385
vn 0.3456 0.4640 -0.8156
vn 0.3972 -0.6010 -0.6936
vn 0.6521 -0.6467 -0.3957
vn 0.2592 -0.8160 0.5166
vn 0.3972 -0.6009 -0.6937
vn 0.6522 -0.6466 -0.3957
vn -0.3534 -0.9144 -0.1974
vn 0.2592 -0.8161 0.5166
vn -0.5723 -0.6500 0.4999
vn -0.1776 -0.6470 0.7415
vn -0.6370 0.6885 0.3466
vn -0.5722 -0.6501 0.4999
vn -0.2465 0.7778 0.5782
vn 0.1746 0.9325 0.3162
vn 0.6995 0.6806 0.2179
vn 0.3074 0.8355 -0.4555
vn -0.3603 0.8880 0.2856
vn 0.3281 0.7188 0.6129
vn -0.7581 0.5494 -0.3514
vn -0.3952 0.5092 -0.7646
vn -0.6983 -0.6843 -0.2101
vn -0.3365 -0.7039 -0.6255
vn 0.3906 -0.8835 -0.2586
vn 0.6995 0.6806 0.2180
vn 0.7588 -0.5440 0.3582
vn -0.2771 -0.8309 0.4825
vn 0.3884 -0.5273 0.7557
vn 0.7588 -0.5440 0.3583
vn 0.6995 0.6806 0.2177
vn 0.3282 0.7188 0.6129
vn 0.5973 0.5740 -0.5601
vn -0.1776 0.7940 -0.5814
vn 0.1304 0.9240 0.3596
vn 0.7647 0.6434 -0.0358
vn -0.6527 0.6224 0.4320
vn -0.8279 0.5523 -0.0975
vn -0.5951 -0.5681 0.5684
vn -0.7704 -0.6364 0.0387
vn -0.0947 -0.9179 -0.3853
vn 0.6554 -0.6260 -0.4227
vn 0.2139 -0.8023 0.5573
vn 0.8229 -0.5590 0.1019
vn 0.6554 -0.6259 -0.4227
vn 0.7647 0.6434 -0.0359
vn 0.5973 0.5740 -0.5602
vn 0.8229 -0.5590 0.1020
vn -0.4347 0.7931 0.4267
vn 0.0728 0.9038 0.4218
vn -0.1037 0.8562 -0.5062
vn -0.6608 0.7501 0.0252
vn 0.7500 0.4330 -0.5001
vn 0.8333 0.5377 -0.1286
vn 0.6380 -0.6326 -0.4391
vn 0.7022 -0.7096 -0.0574
vn 0.0729 0.9038 0.4217
vn -0.1110 -0.8458 0.5218
vn 0.6380 -0.6325 -0.4392
vn 0.7023 -0.7096 -0.0573
vn -0.2849 -0.8675 -0.4077
vn -0.1110 -0.8458 0.5219
vn -0.8016 -0.5892 0.1018
vn -0.5846 -0.6325 0.5082
vn -0.6608 0.7502 0.0252
vn -0.8015 -0.5892 0.1018
vn -0.5845 -0.6325 0.5082
vn -0.4346 0.7931 0.4267
vn 0.0728 0.9037 0.4219
vn -0.2847 -0.8676 -0.4077
vn 0.7500 0.4330 -0.5000
vn 0.5508 0.5969 0.5834
vn 0.5682 0.8021 -0.1840
vn -0.3747 0.9187 0.1245
vn 0.0358 0.6709 0.7407
vn -0.4243 0.6336 -0.6469
vn 0.0922 0.5588 -0.8242
vn -0.5540 -0.6008 -0.5763
vn -0.0353 -0.6550 -0.7548
vn 0.3875 -0.9179 -0.0857
vn 0.4220 -0.6284 0.6535
vn -0.5554 -0.8012 0.2227
vn -0.0951 -0.5759 0.8120
vn 0.0357 0.6709 0.7407
vn -0.0953 -0.5759 0.8120
vn 0.8147 0.5072 -0.2812
vn 0.1252 0.8239 -0.5527
vn 0.0976 0.8910 0.4433
vn 0.7950 0.5422 0.2721
vn -0.6896 0.6893 0.2220
vn -0.6756 0.6548 -0.3388
vn -0.8148 -0.5020 0.2901
vn -0.8005 -0.5346 -0.2708
vn -0.0548 -0.8889 -0.4548
vn 0.8147 0.5071 -0.2812
vn 0.6885 -0.6934 -0.2126
vn -0.0839 -0.8362 0.5420
vn 0.6686 -0.6609 0.3408
vn 0.7949 0.5422 0.2721
vn 0.8146 0.5072 -0.2813
vn 0.7950 0.5422 0.2720
vn 0.6686 -0.6609 0.3409
vn -0.5071 0.7908 0.3427
vn -0.0139 0.8761 0.4820
vn 0.0674 0.8851 -0.4604
vn -0.6167 0.7800 -0.1067
vn 0.8721 0.4201 -0.2508
vn 0.8547 0.5012 0.1351
vn 0.8722 0.4200 -0.2508
vn 0.8547 0.5012 0.1350
vn 0.7114 -0.6403 -0.2897
vn 0.6666 -0.7400 0.0896
vn -0.0138 0.8761 0.4820
vn -0.2777 -0.8649 0.4181
vn 0.7114 -0.6403 -0.2898
vn -0.1926 -0.8301 -0.5233
vn -0.2778 -0.8649 0.4181
vn -0.8187 -0.5528 -0.1556
vn -0.7221 -0.6277 0.2907
vn -0.6166 0.7800 -0.1067
vn -0.8187 -0.5527 -0.1556
vn -0.7221 -0.6278 0.2907
vn -0.5070 0.7909 0.3428
vn -0.2779 -0.8649 0.4181
vn -0.1925 -0.8301 -0.5233
vn 0.0674 0.8852 -0.4603
vn 0.2620 0.5558 0.7889
vn 0.6168 0.7789 0.1139
vn -0.3625 0.9319 -0.0106
vn -0.2677 0.6499 0.7113
vn -0.0819 0.6687 -0.7390
vn 0.4578 0.5741 -0.6788
vn -0.2681 -0.5597 -0.7841
vn 0.2747 -0.6337 -0.7231
vn 0.3573 -0.9326 0.0511
vn 0.0770 -0.6635 0.7442
vn -0.6220 -0.7795 -0.0734
vn -0.4557 -0.5908 0.6658
vn 0.0771 -0.6635 0.7442
vn -0.2677 0.6500 0.7113
vn 0.2621 0.5558 0.7889
vn -0.2677 0.6499 0.7114
vn -0.4558 -0.5907 0.6659
vn 0.8773 0.4796 -0.0184
vn 0.2991 0.8439 -0.4454
vn 0.0037 0.8610 0.5085
vn 0.7090 0.4869 0.5101
vn -0.7000 0.7106 0.0708
vn -0.5350 0.7044 -0.4665
vn -0.8797 -0.4747 0.0273
vn -0.7144 -0.4792 -0.5100
vn 0.0407 -0.8605 -0.5078
vn 0.8773 0.4796 -0.0185
vn 0.6962 -0.7151 -0.0623
vn -0.2568 -0.8577 0.4454
vn 0.5275 -0.7102 0.4661
vn 0.7090 0.4869 0.5100
vn -0.9112 -0.4087 -0.0522
vn -0.6290 -0.6622 -0.4073
vn -0.1728 -0.9069 0.3844
vn -0.8011 -0.4494 0.3954
vn 0.5812 -0.7921 -0.1866
vn 0.3664 -0.7733 -0.5175
vn 0.5811 -0.7921 -0.1866
vn 0.3664 -0.7733 -0.5174
vn 0.9755 0.2012 -0.0894
vn 0.8280 0.3895 -0.4034
vn -0.6290 -0.6622 -0.4072
vn 0.0185 0.9688 -0.2473
vn 0.8279 0.3895 -0.4036
vn 0.4651 0.7000 0.5419
vn 0.0184 0.9687 -0.2474
vn -0.3055 0.7991 0.5178
vn -0.3836 0.9202 0.0781
vn -0.8010 -0.4494 0.3954
vn -0.3054 0.7991 0.5178
vn -0.3836 0.9202 0.0780
vn 0.4652 0.7000 0.5419
vn -0.1728 -0.9068 0.3844
vn 0.5811 -0.7921 -0.1869
vn 0.9754 0.2013 -0.0894
vn -0.4467 -0.5245 -0.7248
vn -0.0605 -0.8795 -0.4721
vn -0.7577 -0.6116 0.2276
vn -0.9540 -0.2257 -0.1973
vn 0.2876 -0.6451 0.7079
vn 0.6251 -0.7228 0.2947
vn 0.6015 0.1458 0.7855
vn 0.9283 0.0412 0.3696
vn 0.5856 0.7479 -0.3126
vn -0.4467 -0.5244 -0.7249
vn 0.0789 0.7999 -0.5950
vn -0.1522 0.9136 0.3771
vn -0.5297 0.8431 -0.0926
vn 0.0789 0.7998 -0.5950
vn -0.4466 -0.5244 -0.7249
vn -0.9540 -0.2256 -0.1974
vn -0.0000 -0.0000 1.0000
vn 0.8799 -0.0115 -0.4750
vn 0.9327 -0.1378 -0.3334
vn 0.8751 -0.0761 -0.4780
vn 0.9100 -0.0012 -0.4146
vn 0.9294 -0.1817 -0.3213
vn 0.9517 -0.1027 -0.2893
vn 0.9125 -0.0061 -0.4090
vn 0.9643 -0.0360 -0.2622
vn 0.9683 -0.0252 -0.2485
vn 0.9633 -0.1029 -0.2480
vn 0.9412 -0.1562 -0.2997
vn 0.9432 -0.1659 -0.2879
vn 0.9582 -0.1192 -0.2601
vn 0.9542 -0.2055 -0.2173
vn 0.9254 -0.2093 -0.3159
vn -0.9584 0.1297 0.2544
vn -0.9464 0.1455 0.2884
vn -0.9483 0.1556 0.2766
vn -0.9546 0.1739 0.2419
vn -0.9698 0.2287 0.0845
vn -0.9530 0.2913 0.0837
vn -0.9408 0.3042 0.1495
vn -0.9411 0.2999 0.1560
vn -0.9352 0.2089 0.2861
vn -0.9107 0.2735 0.3095
vn -0.9032 0.2836 0.3222
vn -0.9219 0.2081 0.3269
vn -0.9293 0.1921 0.3155
vn -0.9281 0.1049 0.3574
vn -0.9605 0.1015 0.2593
vn -0.0564 -0.9439 0.3254
vn -0.0554 -0.9434 0.3271
vn -0.0557 -0.9433 0.3272
vn -0.0548 -0.9428 0.3288
vn 0.3227 0.2911 0.9006
vn -0.9449 0.1557 0.2881
vn -0.9448 0.1556 0.2882
vn -0.9448 0.1557 0.2883
vn -0.3226 -0.2912 -0.9006
vn -0.3225 -0.2912 -0.9007
vn 0.9329 -0.2588 -0.2505
vn 0.9329 -0.2587 -0.2504
vn 0.9329 -0.2588 -0.2504
vn 0.4643 -0.8778 0.1175
vn 0.4643 -0.8778 0.1177
vn 0.4643 -0.8778 0.1176
vn 0.0563 0.9439 -0.3255
vn 0.3229 0.2911 0.9006
vn 0.3229 0.2911 0.9005
vn -0.9448 0.1557 0.2881
vn -0.3229 -0.2911 -0.9005
vn -0.3227 -0.2912 -0.9006
vn 0.9328 -0.2588 -0.2506
vn 0.4641 -0.8780 0.1177
vn 0.4640 -0.8780 0.1177
vn 0.0563 0.9439 -0.3253
vn 0.0561 0.9439 -0.3254
vn 0.0562 0.9439 -0.3253
vn 0.0564 0.9440 -0.3252
vn 0.8814 0.4426 0.1651
vn 0.8650 0.3547 -0.3549
vn 0.0765 0.9603 -0.2681
vn 0.2279 0.9444 0.2370
vn 0.8349 -0.3382 0.4342
vn 0.8088 -0.5873 -0.0302
vn 0.1347 -0.6173 0.7751
vn -0.0360 -0.9238 0.3812
vn -0.5188 -0.1152 0.8471
vn -0.8245 -0.3182 0.4679
vn -0.4720 0.6657 0.5780
vn -0.7683 0.6239 0.1432
vn 0.0479 0.9360 -0.3487
vn 0.8377 0.3294 -0.4356
vn 0.7814 -0.6142 -0.1103
vn -0.0647 -0.9512 0.3018
vn -0.8545 -0.3446 0.3887
vn -0.7982 0.5990 0.0633
vn -0.1472 0.5844 -0.7980
vn 0.4868 0.0967 -0.8681
vn 0.4419 -0.6607 -0.6068
vn -0.2377 -0.9314 -0.2757
vn -0.8720 -0.4442 -0.2059
vn -0.8267 0.3134 -0.4674
vn -0.3229 -0.2909 -0.9006
vn -0.3228 -0.2911 -0.9006
vn 0.3365 -0.9332 0.1259
vn 0.3686 -0.9048 0.2131
vn -0.0465 -0.9347 0.3524
vn -0.0742 -0.9587 0.2747
vn 0.0618 -0.7792 0.6237
vn 0.7488 -0.6628 -0.0008
vn 0.3875 -0.7578 0.5250
vn 0.7456 -0.4972 0.4436
vn 0.9352 -0.3076 -0.1757
vn 0.9345 -0.3318 0.1290
vn 0.9047 -0.3522 -0.2398
vn 0.6961 -0.7155 -0.0588
vn 0.9209 0.0815 -0.3812
vn 0.9419 0.1042 -0.3192
vn 0.9844 0.1212 -0.1272
vn 0.8303 0.3461 -0.4368
vn 0.8454 0.3640 -0.3909
vn 0.5673 0.6875 -0.4534
vn 0.5859 0.6994 -0.4092
vn 0.9191 0.3104 -0.2428
vn 0.0472 0.9354 -0.3505
vn 0.0639 0.9505 -0.3040
vn 0.6336 0.6797 -0.3695
vn -0.4902 0.8617 -0.1308
vn -0.4773 0.8746 -0.0850
vn -0.7876 0.6135 0.0566
vn -0.7693 0.6308 0.1014
vn -0.7627 0.5876 0.2701
vn -0.8830 0.4049 0.2374
vn -0.9068 0.3828 0.1765
vn -0.9447 -0.0474 0.3246
vn -0.9206 -0.0017 0.3904
vn -0.7613 -0.0523 0.6463
vn -0.4903 -0.2935 0.8206
vn -0.7892 -0.4707 0.3944
vn -0.7836 -0.4103 0.4665
vn -0.4703 -0.8002 0.3721
vn -0.4398 -0.7716 0.4596
vn -0.8068 0.4164 0.4191
vn -0.2414 -0.6541 0.7168
vn 0.0617 -0.7792 0.6237
vn -0.0467 -0.9347 0.3524
vn -0.0802 -0.9630 0.2574
vn -0.4848 -0.7991 0.3555
vn -0.5184 -0.8077 0.2810
vn -0.0961 -0.9728 0.2108
vn -0.7846 -0.4902 0.3796
vn -0.7937 -0.5253 0.3067
vn -0.9469 -0.0519 0.3172
vn -0.9647 -0.0862 0.2488
vn -0.9513 0.3032 0.0551
vn -0.9187 0.3536 0.1758
vn -0.7990 0.6004 0.0326
vn -0.7129 0.6407 -0.2850
vn -0.6644 0.6863 -0.2957
vn -0.5086 0.8461 -0.1593
vn 0.0354 0.9233 -0.3824
vn -0.4697 0.8271 -0.3088
vn 0.5617 0.6697 -0.4859
vn 0.8225 0.3325 -0.4614
vn 0.9213 0.0504 -0.3856
vn 0.8667 0.0038 -0.4988
vn 0.9012 -0.3564 -0.2465
vn 0.8681 -0.3881 -0.3096
vn 0.6360 -0.7608 -0.1291
vn 0.6787 -0.7314 -0.0667
vn 0.3226 -0.9462 0.0247
vn 0.3392 -0.9349 0.1041
vn -0.0960 -0.9728 0.2108
vn 0.5936 0.4252 -0.6833
vn 0.5640 0.4827 -0.6700
vn 0.4428 0.6778 -0.5870
vn -0.0077 0.8701 -0.4929
vn -0.0473 -0.9354 0.3504
vn -0.0132 -0.8972 0.4414
vn -0.4810 -0.5985 0.6406
vn -0.4894 -0.7473 0.4495
vn 0.2773 -0.0880 0.9567
vn 0.5505 -0.7686 0.3260
vn 0.4093 -0.8954 0.1754
vn -0.4790 -0.1530 0.8644
vn -0.2114 0.1750 0.9616
vn 0.0034 0.2832 0.9591
vn 0.3228 0.2953 0.8992
vn 0.6029 0.1844 0.7762
vn 0.7412 0.0181 0.6710
vn 0.8019 -0.3641 0.4737
vn 0.3419 0.2878 0.8946
vn 0.1564 0.9875 -0.0208
vn -0.1262 0.9805 0.1506
vn -0.1885 0.9304 -0.3143
vn 0.3226 0.2913 0.9006
vn 0.3034 0.2942 0.9063
vn 0.4696 0.8823 -0.0311
vn 0.2507 0.8580 -0.4483
vn 0.0235 0.9095 -0.4150
vn -0.3266 -0.5140 -0.7932
vn -0.1410 -0.4083 -0.9019
vn 0.3227 -0.9462 0.0248
vn -0.5005 -0.3490 -0.7923
vn -0.5184 -0.8076 0.2811
vn -0.3273 -0.4131 -0.8499
vn -0.1659 -0.3077 -0.9369
vn -0.1840 -0.3792 -0.9068
vn 0.6361 -0.7608 -0.1290
vn 0.8680 -0.3881 -0.3097
vn 0.8667 0.0037 -0.4988
vn -0.1715 -0.6483 -0.7418
vn 0.0742 -0.4027 -0.9123
vn -0.3162 -0.6642 -0.6774
vn -0.4705 -0.2576 -0.8440
vn -0.4609 -0.3336 -0.8224
vn -0.9647 -0.0863 0.2488
vn -0.7938 -0.5253 0.3066
vn -0.9513 0.3032 0.0552
vn -0.4600 -0.6008 -0.6538
vn -0.6736 -0.2793 -0.6843
vn -0.7129 0.6407 -0.2851
vn -0.1745 0.6253 -0.7606
vn -0.1314 0.6258 -0.7688
vn -0.0931 0.6119 -0.7854
vn -0.1633 0.5387 -0.8265
vn -0.6644 0.6864 -0.2959
vn -0.4698 0.8270 -0.3088
vn 0.5640 0.4828 -0.6700
vn -0.0077 0.8701 -0.4928
vn -0.6563 0.3758 0.6543
vn 0.3267 0.3838 0.8637
vn 0.3045 0.7419 0.5974
vn 0.9823 0.1057 0.1545
vn -0.4992 0.8661 -0.0241
vn 0.0810 0.9635 -0.2551
vn -0.8560 -0.5161 0.0310
vn -0.9431 0.1609 0.2910
vn -0.9603 0.2028 0.1913
vn -0.8515 -0.5211 -0.0588
vn -0.5126 0.7325 0.4479
vn -0.6191 0.7109 0.3337
vn -0.8025 0.0211 0.5963
vn -0.6998 -0.6817 0.2135
vn -0.4981 -0.8402 -0.2142
vn -0.4868 -0.8607 -0.1493
vn -0.4241 -0.8843 -0.1955
vn -0.3906 -0.9164 -0.0872
vn -0.4160 -0.9091 -0.0211
vn -0.3287 -0.9322 0.1513
vn -0.3257 -0.8321 0.4489
vn -0.1864 -0.6092 0.7708
vn -0.4553 -0.6639 0.5932
vn -0.0902 -0.2695 0.9588
vn -0.1218 0.9132 0.3889
vn 0.2719 -0.1940 0.9426
vn 0.0726 0.1581 0.9847
vn 0.0846 0.4251 0.9012
vn -0.1523 0.3313 0.9312
vn 0.2090 0.5808 0.7868
vn 0.0953 0.8222 0.5612
vn 0.2002 0.9100 0.3630
vn 0.0033 0.9063 0.4226
vn -0.3357 0.6777 0.6543
vn -0.4533 -0.1678 0.8754
vn 0.9586 -0.1764 -0.2235
vn 0.9387 -0.1444 -0.3129
vn 0.5796 -0.0380 -0.8140
vn 0.5418 -0.0352 -0.8398
vn 0.9329 -0.1713 0.3168
vn 0.9274 -0.1545 0.3406
vn 0.7746 0.1134 0.6222
vn 0.7731 0.1136 0.6240
vn -0.2143 -0.0083 -0.9767
vn -0.2889 -0.0079 -0.9573
vn -0.8427 0.1361 -0.5209
vn -0.8303 0.1118 -0.5460
vn -0.8630 0.3538 -0.3607
vn -0.8617 0.3584 -0.3593
vn -0.7725 0.5377 -0.3377
vn -0.7621 0.5504 -0.3411
vn -0.6939 0.6240 -0.3593
vn 0.8435 0.0286 0.5364
vn 0.8485 0.0139 0.5291
vn 0.8767 -0.1487 0.4575
vn 0.8767 -0.1348 0.4618
vn 0.8750 -0.2010 0.4404
vn 0.7450 0.3314 -0.5789
vn 0.6335 0.7474 -0.2002
vn 0.6957 0.0440 -0.7170
vn 0.2973 -0.6842 -0.6659
vn 0.6650 0.6624 -0.3450
vn 0.5560 0.8296 -0.0512
vn 0.5001 0.8651 0.0393
vn 0.5296 0.8478 0.0264
vn 0.5297 0.8478 0.0264
vn 0.6707 -0.1766 -0.7204
vn 0.3495 -0.6483 -0.6764
vn 0.1547 -0.8151 -0.5583
vn 0.8695 0.3254 -0.3717
vn 0.8402 0.3452 -0.4183
vn 0.9909 0.1263 0.0470
vn 0.9909 0.1262 0.0470
vn 0.7336 0.3979 -0.5509
vn -0.7708 -0.6361 -0.0361
vn -0.9748 -0.2231 -0.0007
vn -0.9245 -0.2372 -0.2985
vn -0.7849 -0.6188 0.0313
vn -0.9632 -0.2206 -0.1533
vn -0.9832 0.1790 -0.0356
vn -0.9532 0.2615 -0.1516
vn -0.9141 0.2691 -0.3034
vn -0.9096 0.0256 -0.4148
vn -0.8741 0.4713 -0.1175
vn -0.9301 0.3671 -0.0116
vn -0.9569 -0.1738 0.2327
vn -0.9205 -0.0624 0.3858
vn -0.9719 0.0781 0.2220
vn -0.9300 0.0504 0.3640
vn 0.9256 -0.1256 0.3571
vn 0.9994 -0.0196 -0.0285
vn 0.9462 0.2235 0.2340
vn 0.8591 0.5108 0.0326
vn 0.9755 0.1952 -0.1013
vn 0.9688 -0.1467 -0.1997
vn 0.6923 -0.7035 0.1609
vn 0.9991 -0.0190 0.0373
vn 0.9993 0.0043 0.0376
vn 0.9960 -0.0612 0.0646
vn -0.0000 -0.3517 0.9361
vn -0.0001 -0.3520 0.9360
vn -0.0000 -0.3520 0.9360
vn -0.0000 -0.3516 0.9361
vn -0.0000 0.9403 0.3403
vn -0.0000 0.9404 0.3400
vn -0.0952 -0.9531 -0.2873
vn -0.0000 -0.9360 -0.3521
vn -0.1556 -0.9393 -0.3057
vn -0.0000 -0.9532 -0.3022
vn -0.0000 -0.9606 -0.2779
vn 0.0949 -0.9530 -0.2878
vn 0.1571 -0.9383 -0.3081
vn -0.0000 -0.9361 -0.3518
vn 0.5824 0.7767 -0.2398
vn 0.3247 0.9453 0.0322
vn 0.4108 0.9038 0.1202
vn 0.1262 0.9623 0.2409
vn 0.4921 0.8504 0.1863
vn 0.0998 0.9479 0.3026
vn 0.8133 0.5703 -0.1157
vn 0.2087 0.9780 -0.0075
vn 0.3932 0.8778 -0.2737
vn 0.9206 0.3900 -0.0204
vn -0.3299 0.9434 0.0334
vn -0.2114 0.9774 -0.0083
vn -0.3943 0.8779 -0.2719
vn -0.1303 0.9618 0.2408
vn -0.4112 0.9029 0.1251
vn -0.5806 0.7811 -0.2295
vn -0.4861 0.8527 0.1914
vn -0.1059 0.9480 0.3001
vn -0.7914 0.6050 -0.0874
vn -0.8870 0.4617 0.0124
vn -0.0000 -0.3518 0.9361
vn -0.0001 -0.3519 0.9360
vn -0.0000 -0.3519 0.9360
vn 0.0001 -0.3520 0.9360
vn -0.0001 -0.3518 0.9361
vn -0.0002 -0.3517 0.9361
vn 0.0001 -0.3519 0.9360
vn 0.8661 -0.4633 -0.1878
vn 0.8660 -0.4636 -0.1876
vn -0.8659 0.4682 0.1760
vn -0.9115 0.3561 0.2060
vn -0.9406 0.2995 0.1602
vn -0.8648 0.4490 0.2246
vn -0.8633 0.4393 0.2484
vn -0.8074 0.5250 0.2691
vn -0.7607 0.5915 0.2672
vn -0.8660 0.4681 0.1759
vn -0.8661 0.4680 0.1758
vn -0.8661 0.4679 0.1760
vn 0.9467 -0.0064 -0.3221
vn 0.8457 0.3907 -0.3635
vn 0.9792 0.0326 -0.2004
vn 0.9237 -0.3031 -0.2343
vn 0.9918 0.0859 -0.0947
vn 0.9162 -0.3544 -0.1870
vn 0.8130 0.5757 -0.0874
vn 0.9025 -0.1003 -0.4188
vn 0.8328 0.2225 -0.5068
vn 0.7447 0.6599 0.0993
vn 0.6578 -0.4950 -0.5677
vn 0.5726 -0.6108 -0.5469
vn 0.3906 -0.4964 -0.7752
vn 0.7760 -0.5413 -0.3237
vn 0.5248 -0.7074 -0.4734
vn 0.2245 -0.6332 -0.7407
vn 0.4610 -0.7830 -0.4176
vn 0.7979 -0.5434 -0.2608
vn 0.0115 -0.8045 -0.5939
vn -0.1156 -0.8735 -0.4729
vn 0.0002 -0.3519 0.9361
vn 0.0001 -0.3517 0.9361
vn -0.0002 -0.3519 0.9360
vn -0.8660 -0.4635 -0.1876
vn -0.8659 -0.4638 -0.1876
vn 0.8659 0.4682 0.1762
vn 0.8071 0.5252 0.2696
vn 0.7619 0.5891 0.2691
vn 0.8648 0.4490 0.2246
vn 0.8633 0.4393 0.2484
vn 0.9113 0.3566 0.2057
vn 0.9413 0.2988 0.1572
vn 0.8660 0.4681 0.1760
vn 0.8660 0.4680 0.1760
vn 0.8661 0.4680 0.1759
vn -0.5767 -0.6063 -0.5475
vn -0.2169 -0.6287 -0.7468
vn -0.5242 -0.7050 -0.4777
vn -0.7789 -0.5378 -0.3225
vn -0.4552 -0.7842 -0.4217
vn -0.8021 -0.5393 -0.2566
vn 0.0335 -0.7968 -0.6033
vn -0.6602 -0.4932 -0.5665
vn -0.3905 -0.4946 -0.7764
vn 0.1921 -0.8602 -0.4724
vn -0.9032 -0.0971 -0.4181
vn -0.9481 -0.0020 -0.3180
vn -0.8340 0.2224 -0.5050
vn -0.9255 -0.2990 -0.2326
vn -0.9801 0.0308 -0.1959
vn -0.8513 0.3829 -0.3587
vn -0.9925 0.0787 -0.0936
vn -0.9190 -0.3472 -0.1869
vn -0.8389 0.5369 -0.0896
vn -0.7944 0.6018 0.0819
vn -0.0000 -0.3521 0.9360
vn 0.0001 -0.3522 0.9359
vn 0.0952 -0.9531 -0.2873
vn 0.1556 -0.9393 -0.3057
vn -0.0949 -0.9530 -0.2878
vn -0.1571 -0.9383 -0.3081
vn 0.0003 -0.9360 -0.3520
vn -0.3247 0.9453 0.0322
vn -0.5824 0.7767 -0.2398
vn -0.4108 0.9038 0.1202
vn -0.1262 0.9623 0.2409
vn -0.4921 0.8504 0.1863
vn -0.0998 0.9479 0.3025
vn -0.8133 0.5703 -0.1158
vn -0.2087 0.9780 -0.0075
vn -0.3932 0.8778 -0.2737
vn -0.9205 0.3902 -0.0202
vn 0.2114 0.9774 -0.0083
vn 0.3299 0.9434 0.0334
vn 0.3943 0.8778 -0.2719
vn 0.1303 0.9618 0.2408
vn 0.4112 0.9029 0.1251
vn 0.5806 0.7811 -0.2295
vn 0.4861 0.8527 0.1914
vn 0.1059 0.9480 0.3001
vn 0.7914 0.6050 -0.0874
vn 0.8870 0.4616 0.0127
vn -0.0000 -0.3519 0.9361
vn -0.0002 -0.3520 0.9360
vn -0.0001 -0.3517 0.9361
vn 0.0002 -0.3519 0.9360
vn 0.0001 -0.3518 0.9361
vn 0.8660 -0.4635 -0.1876
vn 0.8661 -0.4634 -0.1875
vn 0.8659 -0.4638 -0.1876
vn -0.8071 0.5252 0.2696
vn -0.8660 0.4680 0.1760
vn -0.7619 0.5891 0.2691
vn -0.8635 0.4390 0.2483
vn -0.9113 0.3566 0.2057
vn -0.9413 0.2988 0.1572
vn -0.8660 0.4681 0.1760
vn -0.8658 0.4683 0.1760
vn -0.8661 0.4680 0.1759
vn 0.2169 -0.6287 -0.7468
vn 0.5767 -0.6063 -0.5475
vn 0.5242 -0.7050 -0.4777
vn 0.7789 -0.5378 -0.3225
vn 0.4552 -0.7842 -0.4217
vn 0.8020 -0.5392 -0.2569
vn -0.0335 -0.7968 -0.6033
vn 0.6602 -0.4932 -0.5665
vn 0.3905 -0.4946 -0.7764
vn -0.1925 -0.8602 -0.4722
vn 0.9481 -0.0020 -0.3180
vn 0.9032 -0.0971 -0.4181
vn 0.8340 0.2224 -0.5050
vn 0.9255 -0.2990 -0.2326
vn 0.9801 0.0308 -0.1959
vn 0.8513 0.3829 -0.3587
vn 0.9925 0.0787 -0.0936
vn 0.9189 -0.3475 -0.1869
vn 0.8389 0.5369 -0.0895
vn 0.7943 0.6020 0.0818
vn -0.0002 -0.3519 0.9361
vn 0.8660 0.4681 0.1761
vn 0.8072 0.5252 0.2696
vn 0.8635 0.4389 0.2484
vn 0.8660 0.4680 0.1759
vn -0.7789 -0.5379 -0.3225
vn -0.4551 -0.7842 -0.4217
vn -0.8023 -0.5390 -0.2564
vn -0.9032 -0.0972 -0.4181
vn -0.7940 0.6023 0.0820
vn -0.1054 0.9281 0.3570
vn 0.2635 0.9027 0.3402
vn -0.1057 0.9281 0.3569
vn -0.1333 0.9245 0.3571
vn -0.1395 0.9217 0.3620
vn -0.0995 0.9289 0.3568
vn -0.1248 0.9222 0.3659
vn -0.1657 0.9142 0.3699
vn -0.1600 0.9177 0.3636
vn -0.1526 0.9198 0.3615
vn -0.2027 0.9126 0.3551
vn 0.1401 0.9255 0.3519
vn 0.4672 0.8264 0.3143
vn 0.4705 0.8242 0.3151
vn 0.2914 0.8888 0.3537
vn 0.4862 0.7993 0.3532
vn 0.1846 0.9063 0.3802
vn -0.1004 0.9306 0.3521
vn -0.1291 0.9293 0.3461
vn -0.2059 0.9114 0.3564
vn -0.1232 0.9383 0.3232
vn -0.1140 0.9400 0.3215
vn 0.1898 -0.8673 -0.4602
vn 0.1391 -0.9054 -0.4012
vn 0.1047 -0.9049 -0.4126
vn 0.1131 -0.9194 -0.3766
vn 0.0521 -0.9504 -0.3066
vn 0.0580 -0.9399 -0.3366
vn 0.0699 -0.9199 -0.3859
vn -0.1390 -0.9890 -0.0514
vn -0.1458 -0.9893 -0.0034
vn 0.1210 -0.8620 -0.4923
vn 0.0273 -0.9801 -0.1967
vn -0.0603 -0.9981 -0.0099
vn -0.3359 -0.9322 -0.1348
vn -0.3725 -0.8867 -0.2738
vn -0.4143 -0.8111 -0.4129
vn -0.5763 -0.7970 -0.1809
vn -0.5394 -0.7798 -0.3177
vn -0.5571 -0.7203 -0.4134
vn -0.3561 -0.7834 -0.5094
vn -0.0944 -0.8271 -0.5541
vn 0.0789 -0.9809 -0.1777
vn 0.0187 -0.9990 -0.0403
vn 0.2515 -0.8080 -0.5329
vn 0.9396 0.3204 0.1204
vn 0.9397 0.3201 0.1203
vn 0.9397 0.3202 0.1203
vn 0.9396 0.3204 0.1205
vn 0.9397 0.3201 0.1204
vn -0.2635 0.9027 0.3402
vn 0.1053 0.9281 0.3570
vn 0.1057 0.9281 0.3569
vn 0.1333 0.9245 0.3571
vn 0.1395 0.9217 0.3620
vn 0.0995 0.9289 0.3568
vn 0.1248 0.9222 0.3659
vn 0.1657 0.9142 0.3699
vn 0.1600 0.9177 0.3636
vn 0.1526 0.9198 0.3615
vn 0.2027 0.9124 0.3555
vn 0.1293 0.9292 0.3461
vn 0.1233 0.9381 0.3235
vn -0.1400 0.9255 0.3519
vn 0.2059 0.9114 0.3564
vn -0.2914 0.8888 0.3537
vn -0.1847 0.9063 0.3802
vn 0.1004 0.9306 0.3521
vn 0.1141 0.9400 0.3215
vn -0.1391 -0.9054 -0.4012
vn -0.1898 -0.8673 -0.4602
vn -0.1047 -0.9049 -0.4126
vn -0.1131 -0.9194 -0.3766
vn -0.0521 -0.9504 -0.3066
vn -0.0580 -0.9399 -0.3366
vn -0.0699 -0.9199 -0.3859
vn 0.1390 -0.9890 -0.0514
vn 0.1458 -0.9893 -0.0034
vn -0.0273 -0.9801 -0.1967
vn 0.0603 -0.9981 -0.0099
vn 0.3359 -0.9322 -0.1348
vn 0.3725 -0.8867 -0.2738
vn 0.4143 -0.8111 -0.4129
vn 0.5763 -0.7970 -0.1809
vn 0.0944 -0.8271 -0.5541
vn -0.1210 -0.8620 -0.4923
vn 0.3561 -0.7834 -0.5094
vn 0.5569 -0.7204 -0.4133
vn -0.0789 -0.9809 -0.1777
vn -0.0187 -0.9990 -0.0403
vn 0.5394 -0.7798 -0.3177
vn -0.2513 -0.8081 -0.5327
vn -0.4861 0.7992 0.3534
vn -0.1846 0.9063 0.3801
vn -0.4705 0.8242 0.3151
vn -0.4672 0.8265 0.3140
vn -0.9397 0.3201 0.1203
vn -0.9397 0.3201 0.1202
vn -0.9398 0.3199 0.1203
vn -0.9398 0.3198 0.1204
vn 0.0544 0.9235 0.3796
vn 0.0228 0.9382 0.3454
vn -0.1473 0.9299 0.3371
vn 0.1354 0.9210 0.3653
vn 0.1080 0.9204 0.3757
vn -0.0000 0.9526 0.3043
vn -0.0870 0.9250 0.3698
vn 0.0066 0.9260 0.3775
vn 0.0679 0.9213 0.3830
vn 0.0128 0.9262 0.3768
vn -0.1965 0.9034 0.3811
vn 0.2333 0.8603 0.4533
vn 0.1518 0.8722 0.4650
vn 0.0960 0.9248 0.3682
vn 0.2825 0.7957 0.5357
vn 0.2557 0.6860 0.6812
vn 0.2825 0.7958 0.5357
vn 0.2824 0.7958 0.5357
vn 0.2775 0.7785 0.5629
vn 0.1208 0.9320 0.3417
vn 0.0540 0.9400 0.3369
vn 0.1807 0.9277 0.3267
vn 0.0657 0.9527 0.2967
vn 0.0636 0.9539 0.2933
vn 0.0724 0.9567 0.2821
vn 0.0800 0.9758 0.2033
vn 0.0956 0.9809 0.1696
vn 0.1112 0.9743 0.1959
vn 0.0738 0.9383 0.3378
vn 0.4539 0.8237 0.3400
vn 0.4345 0.8486 0.3017
vn 0.6937 0.6692 0.2665
vn 0.5005 0.7845 0.3662
vn 0.7781 0.5767 0.2490
vn 0.8448 0.4378 0.3077
vn 0.4734 0.8233 0.3133
vn 0.4522 0.7566 0.4723
vn 0.2498 0.8994 0.3588
vn 0.5119 0.8494 0.1287
vn -0.0000 0.9579 0.2872
vn 0.5296 0.8199 0.2176
vn 0.6614 0.7459 0.0785
vn 0.6884 0.7056 0.1679
vn -0.0000 0.9995 0.0308
vn -0.0000 0.9739 0.2271
vn 0.6320 0.7749 0.0059
vn 0.0001 0.9996 -0.0273
vn -0.6320 0.7749 0.0059
vn -0.5119 0.8494 0.1287
vn -0.5296 0.8199 0.2176
vn -0.6614 0.7459 0.0785
vn -0.6884 0.7056 0.1679
vn -0.7469 0.6398 0.1812
vn -0.7967 0.5840 0.1555
vn -0.8270 0.5104 0.2357
vn -0.5246 0.8174 0.2380
vn 0.0001 0.9555 0.2950
vn 0.5246 0.8174 0.2380
vn 0.7469 0.6398 0.1812
vn 0.7967 0.5840 0.1555
vn 0.8270 0.5104 0.2357
vn -0.5357 0.6363 0.5551
vn -0.4943 0.4981 0.7124
vn -0.6002 0.5950 0.5345
vn -0.4050 0.4909 0.7713
vn -0.5509 0.6584 0.5128
vn -0.6631 0.6462 0.3777
vn -0.6580 0.6121 0.4386
vn 0.0243 0.8598 0.5101
vn -0.0000 0.8687 0.4953
vn 0.6630 0.6450 0.3800
vn 0.5911 0.6157 0.5210
vn 0.5651 0.6203 0.5440
vn 0.6160 0.6343 0.4672
vn 0.4604 0.4790 0.7474
vn 0.5392 0.5135 0.6676
vn 0.4742 0.6991 0.5352
vn 0.0498 0.6454 0.7622
vn -0.0000 0.8422 0.5392
vn 0.6737 0.6173 0.4063
vn 0.8147 0.5564 0.1634
vn -0.6737 0.6173 0.4063
vn -0.8135 0.5582 0.1632
vn -0.7017 0.6637 0.2590
vn 0.7018 0.6637 0.2587
vn -0.3452 0.8203 0.4559
vn -0.0000 0.9300 0.3677
vn 0.3445 0.8202 0.4568
vn 0.2776 0.9480 0.1559
vn 0.5367 0.8417 0.0591
vn 0.0042 0.9982 0.0590
vn -0.2784 0.9468 0.1615
vn -0.5357 0.8422 0.0606
vn -0.6146 0.7885 0.0232
vn 0.6101 0.7922 0.0126
vn 0.6791 0.7330 -0.0393
vn 0.2259 0.9601 0.1646
vn -0.0000 0.9550 0.2966
vn 0.3621 0.9204 0.1473
vn 0.3926 0.9184 -0.0492
vn 0.0102 0.9988 0.0481
vn 0.0241 0.9952 -0.0944
vn -0.3512 0.9357 -0.0341
vn -0.3429 0.9249 0.1643
vn -0.6651 0.7466 -0.0121
vn -0.2102 0.9625 0.1713
vn 0.1260 -0.9680 -0.2171
vn 0.0954 -0.9477 -0.3045
vn 0.0784 -0.9377 -0.3384
vn 0.0516 -0.9308 -0.3618
vn 0.0107 -0.9238 -0.3828
vn 0.0594 -0.9447 -0.3225
vn 0.1905 -0.9749 0.1152
vn 0.2098 -0.9776 0.0157
vn 0.2748 -0.9570 0.0929
vn 0.2871 -0.9557 0.0648
vn -0.0275 -0.9141 -0.4045
vn -0.0339 -0.9229 -0.3836
vn -0.0387 -0.9229 -0.3831
vn -0.0163 -0.9247 -0.3803
vn -0.0191 -0.9226 -0.3853
vn -0.0224 -0.9202 -0.3909
vn 0.1906 -0.9749 0.1152
vn 0.0033 0.9283 0.3719
vn -0.0000 0.9361 0.3518
vn 0.0209 0.9213 0.3884
vn 0.0029 0.9230 0.3847
vn -0.0000 0.9192 0.3939
vn -0.0000 0.9240 0.3825
vn -0.0000 0.9256 0.3785
vn 0.0126 0.9144 0.4045
vn -0.0029 0.9230 0.3847
vn -0.0126 0.9144 0.4045
vn -0.0209 0.9213 0.3884
vn -0.0033 0.9283 0.3719
vn -0.0128 0.9262 0.3768
vn -0.0000 0.9167 0.3996
vn -0.0102 0.9202 0.3913
vn 0.0101 0.9202 0.3913
vn -0.0000 0.9236 0.3833
vn -0.0174 0.9141 0.4052
vn -0.0066 0.9260 0.3775
vn -0.0679 0.9213 0.3830
vn 0.1473 0.9299 0.3371
vn -0.0228 0.9382 0.3454
vn 0.0870 0.9250 0.3698
vn -0.1080 0.9204 0.3757
vn -0.1354 0.9210 0.3653
vn -0.0544 0.9235 0.3796
vn 0.1965 0.9034 0.3811
vn -0.2333 0.8603 0.4533
vn -0.1518 0.8722 0.4650
vn -0.0960 0.9248 0.3682
vn -0.2825 0.7958 0.5357
vn -0.2420 0.7924 0.5600
vn -0.2557 0.6861 0.6811
vn -0.2420 0.7924 0.5599
vn -0.2775 0.7785 0.5629
vn -0.1208 0.9320 0.3417
vn -0.0540 0.9400 0.3369
vn -0.1807 0.9277 0.3267
vn -0.4522 0.7566 0.4723
vn -0.2498 0.8994 0.3588
vn -0.0657 0.9527 0.2967
vn -0.5005 0.7845 0.3662
vn -0.0636 0.9539 0.2933
vn -0.0739 0.9383 0.3378
vn -0.4734 0.8232 0.3133
vn -0.4346 0.8486 0.3017
vn -0.7780 0.5768 0.2490
vn -0.6937 0.6691 0.2665
vn -0.0724 0.9567 0.2821
vn -0.0799 0.9757 0.2038
vn -0.0956 0.9809 0.1696
vn -0.1112 0.9743 0.1959
vn -0.4539 0.8236 0.3400
vn -0.8450 0.4375 0.3075
vn 0.7677 0.6407 -0.0093
vn 0.6627 0.7488 -0.0106
vn 0.6830 0.7054 0.1896
vn 0.9898 0.1392 0.0296
vn 0.6121 0.7712 0.1750
vn 0.5784 0.7625 0.2898
vn 0.5575 0.7776 0.2906
vn 0.5819 0.5663 -0.5837
vn 0.6497 0.7006 -0.2950
vn 0.6628 0.7487 -0.0106
vn 0.7931 0.4116 -0.4489
vn 0.9991 -0.0190 0.0368
vn 0.5054 0.7952 0.3351
vn 0.4898 0.8037 0.3378
vn 0.5276 0.7925 0.3058
vn 0.4061 0.7917 0.4564
vn 0.5243 0.7894 0.3192
vn 0.0366 0.8481 0.5286
vn 0.4089 0.7901 0.4567
vn 0.5993 0.7109 0.3680
vn 0.6041 0.7083 0.3653
vn 0.3486 0.8689 0.3514
vn 0.3489 0.8563 0.3808
vn 0.4400 0.8058 0.3964
vn 0.2545 0.8917 0.3744
vn 0.0086 0.9349 0.3547
vn 0.3516 0.8427 0.4076
vn -0.0000 0.9360 0.3519
vn -0.0085 0.9349 0.3547
vn -0.2453 0.8913 0.3813
vn -0.4381 0.8064 0.3972
vn -0.3450 0.8720 0.3472
vn -0.3427 0.8557 0.3877
vn -0.3421 0.8451 0.4108
vn -0.0022 0.9757 -0.2190
vn -0.0023 0.9752 -0.2215
vn -0.0015 0.9754 -0.2203
vn -0.0000 0.9748 -0.2229
vn -0.0000 0.9760 -0.2177
vn 0.4576 0.7365 -0.4981
vn 0.4595 0.7253 -0.5126
vn 0.4415 0.7565 -0.4824
vn 0.4505 0.7471 -0.4888
vn 0.4117 0.7973 -0.4413
vn -0.0000 0.9824 0.1866
vn -0.0000 0.9824 0.1869
vn -0.6191 0.6980 0.3598
vn -0.6149 0.7005 0.3622
vn -0.7119 0.6462 0.2748
vn -0.7216 0.6394 0.2655
vn -0.6555 0.7040 0.2734
vn -0.6636 0.7054 0.2490
vn -0.5729 0.7674 0.2881
vn -0.0366 0.8481 0.5286
vn 0.4874 0.8715 -0.0545
vn -0.0000 0.9051 0.4251
vn 0.8101 0.5746 -0.1166
vn 0.8747 0.2385 -0.4220
vn 0.8756 -0.1342 -0.4640
vn 0.8391 -0.1369 -0.5265
vn 0.6670 0.0917 -0.7394
vn 0.8007 -0.3537 -0.4835
vn 0.6885 -0.3628 -0.6280
vn 0.4529 -0.7951 -0.4033
vn 0.5024 -0.5852 -0.6365
vn 0.2734 -0.8909 -0.3628
vn -0.6447 0.7377 0.2005
vn -0.5648 0.7547 0.3339
vn -0.5954 0.7851 0.1709
vn -0.5852 0.7319 0.3490
vn -0.8121 0.5805 -0.0593
vn -0.9767 0.2108 -0.0402
vn -0.9496 0.3082 -0.0573
vn -0.9831 -0.1666 0.0761
vn -0.9831 -0.1665 0.0761
vn -0.0000 -0.9360 -0.3519
vn -0.0000 -0.9361 -0.3517
vn -0.0000 -0.9360 -0.3520
vn -0.0180 -0.9574 -0.2883
vn -0.0260 -0.9477 -0.3181
vn -0.0263 -0.9815 -0.1899
vn -0.0402 -0.4652 0.8843
vn -0.0000 0.3519 -0.9360
vn 0.0001 0.3521 -0.9360
vn -0.0000 0.3520 -0.9360
vn 0.0001 0.3518 -0.9361
vn 0.8655 -0.4802 -0.1425
vn 0.8655 -0.4802 -0.1424
vn 0.8655 -0.4803 -0.1424
vn -0.0001 -0.9361 -0.3518
vn -0.0000 -0.9361 -0.3519
vn -0.0000 -0.9359 -0.3522
vn 0.0001 -0.9361 -0.3518
vn -0.0001 -0.9360 -0.3519
vn 0.0001 -0.9360 -0.3519
vn 0.0330 -0.9561 -0.2911
vn 0.0555 -0.9670 -0.2486
vn 0.0710 -0.9716 -0.2257
vn 0.1128 -0.9783 -0.1736
vn 0.3221 -0.9337 0.1565
vn 0.3093 -0.9460 0.0973
vn -0.0330 -0.9561 -0.2911
vn 0.0001 -0.9362 -0.3515
vn -0.0555 -0.9670 -0.2486
vn -0.0710 -0.9716 -0.2257
vn -0.1128 -0.9783 -0.1736
vn -0.3221 -0.9337 0.1564
vn -0.3092 -0.9460 0.0972
vn -0.3769 -0.3756 0.8467
vn -0.3769 -0.3755 0.8467
vn -0.0000 -0.3516 0.9362
vn 1.0000 -0.0000 -0.0000
vn -0.6920 -0.6669 -0.2763
vn -0.5222 -0.7949 -0.3089
vn -1.0000 -0.0086 -0.0042
vn -0.9999 -0.0103 -0.0046
vn -0.4599 -0.8412 -0.2843
vn -0.5517 -0.7600 -0.3436
vn -0.4400 -0.7757 -0.4524
vn -0.4884 -0.8009 -0.3464
vn -0.3617 -0.8726 -0.3281
vn -0.4413 -0.8751 -0.1986
vn -0.4094 -0.9117 -0.0347
vn -0.4286 -0.8944 0.1276
vn -0.4313 -0.8995 0.0695
vn -0.7066 -0.6642 -0.2442
vn -0.3643 -0.3243 -0.8730
vn -0.9226 0.1358 -0.3612
vn -0.9975 -0.0248 0.0659
vn 0.5754 -0.6958 -0.4298
vn 0.6679 -0.6954 -0.2652
vn 0.6682 -0.6950 -0.2654
vn 0.6400 -0.7286 -0.2439
vn 0.6786 -0.6904 -0.2507
vn 0.7025 -0.6643 -0.2554
vn 0.5398 -0.5500 -0.6372
vn -0.3643 -0.3242 -0.8730
vn 0.5667 -0.3206 0.7590
vn 0.2686 -0.5313 0.8035
vn 0.7306 -0.3093 0.6087
vn 0.6894 -0.1609 0.7062
vn 0.7590 -0.4257 0.4927
vn 0.9988 0.0455 -0.0203
vn -0.3288 -0.3432 0.8798
vn -0.3893 -0.2778 0.8782
vn -0.1507 0.4640 0.8729
vn -0.3972 -0.3232 0.8590
vn -0.1346 0.4974 0.8570
vn -0.9997 0.0149 0.0215
vn -0.0002 -0.9360 -0.3519
vn -0.0015 -0.5336 0.8458
vn -0.0010 -0.5337 0.8456
vn -0.0014 -0.5336 0.8457
vn -0.0013 -0.5336 0.8457
vn -0.0819 -0.9785 -0.1890
vn -0.0516 -0.9683 -0.2444
vn -0.0195 -0.9533 -0.3013
vn -0.0169 -0.9520 -0.3057
vn 0.9996 -0.0279 -0.0105
vn 0.9989 -0.0449 0.0122
vn 0.8490 -0.3355 0.4081
vn 0.6917 -0.4482 0.5662
vn -0.9275 -0.3730 -0.0257
vn -0.9051 -0.4248 0.0170
vn -0.9466 -0.3144 -0.0720
vn -0.9562 -0.2740 -0.1030
vn -0.7336 -0.6361 -0.2391
vn -0.7339 -0.6358 -0.2391
vn -0.7341 -0.6356 -0.2389
vn -0.7337 -0.6360 -0.2391
vn -0.0000 -0.6589 -0.7522
vn -0.0000 -0.6586 -0.7525
vn 0.4462 -0.8949 -0.0056
vn 0.4464 -0.8948 -0.0056
vn 0.4463 -0.8949 -0.0056
vn -0.0000 -0.9912 0.1322
vn -0.0000 -0.9912 0.1321
vn 0.7339 -0.6358 -0.2390
vn 0.7338 -0.6359 -0.2391
vn 0.2926 -0.6717 -0.6806
vn -0.8655 -0.4551 -0.2092
vn -0.8655 -0.4552 -0.2089
vn -0.8655 -0.4553 -0.2089
vn -0.9068 -0.3908 -0.1580
vn -0.9386 -0.3444 -0.0225
vn -0.9123 -0.3849 -0.1397
vn -0.8608 -0.4258 -0.2787
vn -0.6567 0.3349 -0.6757
vn -0.9146 0.2410 -0.3247
vn -0.6603 0.3379 -0.6707
vn -0.3644 -0.3242 -0.8730
vn -0.9225 0.1358 -0.3612
vn -0.0616 0.3215 -0.9449
vn 0.5397 -0.5501 -0.6373
vn -0.4736 0.6146 0.6309
vn -0.0000 0.6757 0.7372
vn 0.0092 0.7187 0.6953
vn 0.4762 0.6199 0.6237
vn -0.4673 0.5635 0.6813
vn 0.0430 0.5550 0.8308
vn 0.5157 0.5652 0.6439
vn 0.5895 0.5705 0.5718
vn -0.5486 0.5636 0.6176
vn -0.8544 0.5115 -0.0917
vn -0.8543 0.5116 -0.0917
vn -0.8544 0.5115 -0.0916
vn 0.1839 0.0290 -0.9825
vn 0.2416 -0.0835 -0.9668
vn -0.2416 -0.0835 -0.9668
vn -0.1839 0.0290 -0.9825
vn 0.4832 0.3080 -0.8195
vn 0.3678 0.3272 -0.8704
vn 0.2415 0.6995 -0.6725
vn 0.1839 0.6254 -0.7583
vn -0.2415 0.6995 -0.6726
vn -0.1839 0.6254 -0.7583
vn -0.4832 0.3081 -0.8196
vn -0.3678 0.3272 -0.8704
vn 0.5357 0.6363 0.5551
vn 0.6580 0.6121 0.4386
vn 0.6002 0.5950 0.5345
vn 0.6631 0.6462 0.3777
vn 0.8135 0.5582 0.1632
vn 0.5510 0.6584 0.5128
vn -0.0243 0.8598 0.5101
vn -0.0000 0.8686 0.4955
vn -0.6630 0.6450 0.3800
vn -0.0000 0.8419 0.5397
vn -0.5911 0.6157 0.5210
vn -0.5651 0.6202 0.5440
vn -0.6160 0.6343 0.4672
vn -0.8147 0.5564 0.1634
vn 0.7017 0.6637 0.2590
vn 0.3452 0.8203 0.4559
vn -0.0000 0.9299 0.3677
vn -0.3445 0.8202 0.4568
vn -0.2776 0.9480 0.1559
vn 0.2784 0.9468 0.1615
vn 0.5357 0.8422 0.0606
vn -0.7018 0.6637 0.2587
vn -0.5367 0.8417 0.0591
vn -0.0042 0.9982 0.0590
vn -0.6101 0.7922 0.0126
vn -0.2259 0.9601 0.1646
vn 0.6146 0.7885 0.0232
vn 0.2102 0.9625 0.1713
vn 0.6652 0.7466 -0.0121
vn -0.0000 0.9550 0.2965
vn -0.3621 0.9204 0.1473
vn -0.0102 0.9988 0.0481
vn -0.3925 0.9184 -0.0492
vn -0.0241 0.9952 -0.0949
vn 0.3512 0.9357 -0.0341
vn 0.3429 0.9249 0.1643
vn -0.6791 0.7330 -0.0393
vn -0.0954 -0.9477 -0.3045
vn -0.1260 -0.9680 -0.2171
vn -0.0784 -0.9377 -0.3384
vn -0.0516 -0.9308 -0.3618
vn -0.0594 -0.9447 -0.3225
vn -0.1905 -0.9749 0.1152
vn -0.2098 -0.9776 0.0158
vn -0.2748 -0.9570 0.0928
vn -0.2870 -0.9557 0.0648
vn -0.0107 -0.9238 -0.3828
vn 0.0275 -0.9141 -0.4045
vn 0.0339 -0.9229 -0.3836
vn 0.0163 -0.9247 -0.3803
vn 0.0191 -0.9226 -0.3853
vn 0.0225 -0.9202 -0.3909
vn 0.0387 -0.9229 -0.3831
vn -0.1907 -0.9749 0.1152
vn -0.6628 0.7487 -0.0106
vn -0.7677 0.6407 -0.0093
vn -0.6830 0.7054 0.1896
vn -0.9899 0.1389 0.0297
vn -0.6121 0.7712 0.1750
vn -0.5784 0.7625 0.2898
vn -0.5576 0.7776 0.2906
vn -0.6497 0.7006 -0.2950
vn -0.5819 0.5663 -0.5837
vn -0.7931 0.4116 -0.4489
vn -0.9991 -0.0190 0.0367
vn -0.5054 0.7952 0.3351
vn -0.5278 0.7924 0.3057
vn -0.5575 0.7776 0.2906
vn -0.4898 0.8037 0.3378
vn -0.4061 0.7917 0.4564
vn -0.4089 0.7901 0.4567
vn -0.5992 0.7110 0.3681
vn -0.5243 0.7894 0.3192
vn -0.6039 0.7084 0.3654
vn -0.3489 0.8563 0.3808
vn -0.3486 0.8689 0.3514
vn -0.4400 0.8058 0.3964
vn -0.2545 0.8917 0.3744
vn -0.0086 0.9349 0.3547
vn -0.3515 0.8427 0.4078
vn 0.0085 0.9349 0.3547
vn 0.2453 0.8913 0.3813
vn 0.4381 0.8064 0.3972
vn 0.3450 0.8720 0.3472
vn 0.3427 0.8557 0.3877
vn 0.3417 0.8451 0.4110
vn 0.0023 0.9752 -0.2215
vn 0.0022 0.9757 -0.2190
vn 0.0015 0.9754 -0.2203
vn -0.0000 0.9824 0.1865
vn 0.6191 0.6980 0.3598
vn 0.7216 0.6394 0.2655
vn 0.7119 0.6462 0.2748
vn 0.6555 0.7040 0.2734
vn 0.6635 0.7056 0.2488
vn 0.5729 0.7674 0.2881
vn 0.6151 0.7003 0.3622
vn -0.4576 0.7364 -0.4982
vn -0.4415 0.7565 -0.4824
vn -0.4595 0.7253 -0.5126
vn -0.4505 0.7471 -0.4888
vn -0.4117 0.7973 -0.4413
vn -0.4874 0.8715 -0.0545
vn -0.8100 0.5747 -0.1166
vn -0.8747 0.2385 -0.4220
vn -0.8756 -0.1342 -0.4640
vn -0.8391 -0.1370 -0.5264
vn -0.6670 0.0917 -0.7394
vn -0.8007 -0.3537 -0.4835
vn -0.6885 -0.3628 -0.6280
vn -0.4529 -0.7951 -0.4033
vn -0.5024 -0.5852 -0.6364
vn -0.2735 -0.8907 -0.3630
vn 0.5649 0.7546 0.3338
vn 0.6447 0.7377 0.2005
vn 0.5954 0.7851 0.1709
vn 0.5852 0.7319 0.3490
vn 0.8121 0.5805 -0.0593
vn 0.9767 0.2108 -0.0402
vn 0.9496 0.3082 -0.0573
vn 0.9831 -0.1666 0.0761
vn 0.9831 -0.1665 0.0761
vn 0.0180 -0.9574 -0.2883
vn 0.0260 -0.9477 -0.3181
vn 0.0263 -0.9815 -0.1899
vn 0.0401 -0.4652 0.8843
vn 0.0402 -0.4652 0.8843
vn -0.0001 0.3518 -0.9361
vn -0.0001 0.3521 -0.9360
vn -0.8655 -0.4802 -0.1425
vn -0.8655 -0.4803 -0.1424
vn -0.8655 -0.4802 -0.1424
vn 0.6603 0.3379 -0.6707
vn 0.3644 -0.3242 -0.8730
vn 0.9225 0.1358 -0.3612
vn 0.6566 0.3357 -0.6754
vn 0.9146 0.2410 -0.3247
vn 0.0616 0.3215 -0.9449
vn -0.5398 -0.5501 -0.6373
vn 0.3769 -0.3756 0.8467
vn -1.0000 -0.0000 -0.0000
vn -0.6682 -0.6950 -0.2654
vn -0.6679 -0.6953 -0.2653
vn -0.6400 -0.7286 -0.2439
vn -0.6786 -0.6904 -0.2507
vn -0.7025 -0.6643 -0.2554
vn -0.5754 -0.6959 -0.4298
vn -0.5398 -0.5501 -0.6372
vn -0.5667 -0.3206 0.7590
vn -0.2686 -0.5313 0.8035
vn -0.7306 -0.3093 0.6087
vn -0.6895 -0.1611 0.7061
vn -0.7590 -0.4257 0.4927
vn -0.9988 0.0455 -0.0202
vn 0.3288 -0.3432 0.8798
vn 0.1507 0.4640 0.8729
vn 0.3893 -0.2778 0.8782
vn 0.3972 -0.3232 0.8590
vn 0.1346 0.4974 0.8570
vn 0.9997 0.0149 0.0215
vn -0.5550 -0.2929 0.7786
vn -0.0002 -0.9360 -0.3520
vn 0.0014 -0.5336 0.8458
vn 0.0013 -0.5336 0.8457
vn 0.0014 -0.5336 0.8457
vn 0.0012 -0.5337 0.8457
vn 0.0169 -0.9520 -0.3057
vn 0.0516 -0.9683 -0.2444
vn 0.0195 -0.9533 -0.3013
vn 0.0819 -0.9785 -0.1890
vn -0.6917 -0.4482 0.5662
vn -0.9989 -0.0449 0.0122
vn -0.8490 -0.3355 0.4081
vn -0.9996 -0.0279 -0.0105
vn 0.9465 -0.3144 -0.0720
vn 0.9275 -0.3730 -0.0257
vn 0.9562 -0.2740 -0.1030
vn 0.9053 -0.4245 0.0169
vn 0.7339 -0.6358 -0.2391
vn -0.4462 -0.8949 -0.0056
vn -0.4463 -0.8949 -0.0056
vn -0.7339 -0.6358 -0.2390
vn -0.7338 -0.6359 -0.2391
vn -0.2926 -0.6717 -0.6806
vn 0.8655 -0.4551 -0.2092
vn 0.8655 -0.4553 -0.2089
vn 0.8655 -0.4553 -0.2088
vn 0.9123 -0.3849 -0.1398
vn 0.9068 -0.3908 -0.1580
vn 0.8608 -0.4258 -0.2789
vn 0.9386 -0.3442 -0.0224
vn -0.0430 0.5549 0.8308
vn -0.5157 0.5652 0.6439
vn -0.0092 0.7187 0.6953
vn 0.4673 0.5634 0.6813
vn -0.4762 0.6199 0.6237
vn 0.4735 0.6147 0.6308
vn 0.5487 0.5635 0.6176
vn 0.4943 0.4981 0.7124
vn 0.4050 0.4910 0.7713
vn -0.0498 0.6454 0.7622
vn -0.4604 0.4790 0.7474
vn -0.5895 0.5706 0.5718
vn -0.5392 0.5134 0.6676
vn -0.4742 0.6991 0.5352
vn 0.4400 -0.7757 -0.4524
vn 0.4599 -0.8412 -0.2843
vn 0.5517 -0.7600 -0.3436
vn 0.6920 -0.6669 -0.2763
vn 0.4884 -0.8009 -0.3464
vn 0.9999 -0.0103 -0.0046
vn 1.0000 -0.0086 -0.0042
vn 0.5223 -0.7949 -0.3089
vn 0.3618 -0.8726 -0.3281
vn 0.4413 -0.8751 -0.1986
vn 0.4094 -0.9117 -0.0347
vn 0.4286 -0.8944 0.1276
vn 0.4313 -0.8995 0.0695
vn 0.8544 0.5115 -0.0917
vn 0.8544 0.5115 -0.0916
vn -0.4830 0.3081 -0.8196
vn 0.2415 0.6995 -0.6726
vn 0.4830 0.3081 -0.8196
vn -0.0264 0.6128 0.7898
vn -0.0761 0.6395 0.7650
vn -0.0000 0.6170 0.7870
vn -0.0000 0.6470 0.7625
vn 0.0762 0.6395 0.7650
vn 0.0264 0.6128 0.7898
vn -0.0000 0.5844 0.8115
vn -0.0000 -0.9101 -0.4144
vn 0.5550 -0.2929 0.7786
vn 0.3643 -0.3243 -0.8730
vn -0.5754 -0.6958 -0.4298
vn 0.7066 -0.6642 -0.2442
vn 0.9226 0.1358 -0.3612
vn 0.9975 -0.0247 0.0657
vn 0.0174 0.9141 0.4052
vn 0.2262 -0.9694 -0.0949
vn 0.4667 -0.8782 -0.1052
vn 0.2349 -0.9672 -0.0968
vn 0.0485 -0.9953 -0.0842
vn 0.0509 -0.9944 -0.0928
vn -0.4315 -0.8940 -0.1208
vn -0.5461 -0.7846 -0.2936
vn 0.4580 -0.8841 -0.0930
vn 0.0659 -0.7459 -0.6628
vn -0.5459 -0.7847 -0.2936
vn -0.4302 -0.7544 -0.4957
vn 0.0786 -0.7340 -0.6746
vn 0.2542 -0.7063 -0.6607
vn 0.2423 -0.7017 -0.6700
vn 0.5096 -0.5721 -0.6426
vn 0.4406 -0.5273 -0.7265
vn -0.4667 -0.8781 -0.1052
vn -0.2262 -0.9694 -0.0949
vn -0.2349 -0.9672 -0.0968
vn -0.0485 -0.9953 -0.0842
vn -0.0509 -0.9944 -0.0928
vn 0.4315 -0.8940 -0.1208
vn 0.5461 -0.7844 -0.2939
vn -0.4578 -0.8842 -0.0929
vn 0.5459 -0.7847 -0.2936
vn -0.0659 -0.7459 -0.6628
vn 0.4302 -0.7544 -0.4957
vn -0.0786 -0.7340 -0.6746
vn -0.2542 -0.7063 -0.6607
vn -0.2423 -0.7017 -0.6700
vn -0.5096 -0.5721 -0.6426
vn -0.4406 -0.5273 -0.7265
vn 0.4775 0.2514 -0.8419
vn 0.3249 0.3133 -0.8924
vn 0.3256 0.2114 -0.9216
vn 0.3477 0.2463 -0.9047
vn 0.5798 0.2773 -0.7661
vn 0.5950 0.2414 -0.7666
vn 0.4956 0.2464 -0.8329
vn 0.2746 0.2812 -0.9195
vn -0.3683 0.1791 -0.9123
vn -0.4237 0.2191 -0.8789
vn -0.7317 0.1397 -0.6672
vn -0.8650 0.0902 -0.4936
vn -0.7202 0.0552 -0.6916
vn -0.7249 0.0248 -0.6884
vn -0.7379 0.0834 -0.6698
vn -0.7339 0.0869 -0.6737
vn -0.9852 0.0316 -0.1683
vn -0.9999 0.0088 -0.0149
vn -0.9963 0.0357 0.0782
vn -0.9998 0.0088 -0.0150
vn -0.9730 0.0598 -0.2231
vn -0.9280 0.1311 -0.3488
vn -0.5973 0.1962 -0.7776
vn -0.6931 0.1507 -0.7049
vn 0.1300 0.0809 -0.9882
vn 0.0721 0.0808 -0.9941
vn 0.3611 0.0291 -0.9321
vn 0.5459 -0.0068 -0.8378
vn 0.6021 -0.0243 -0.7980
vn 0.7174 -0.0264 -0.6962
vn 0.3070 -0.8349 -0.4569
vn 0.3068 -0.8350 -0.4568
vn 0.3072 -0.8349 -0.4568
vn 0.3069 -0.8351 -0.4566
vn 0.3070 -0.8350 -0.4567
vn 0.3341 -0.8196 -0.4654
vn 0.3251 -0.8225 -0.4667
vn 0.3532 -0.8192 -0.4518
vn 0.3068 -0.8351 -0.4567
vn 0.3067 -0.8350 -0.4568
vn 0.3070 -0.8350 -0.4566
vn 0.3071 -0.8350 -0.4566
vn 0.3133 -0.8371 -0.4485
vn 0.3135 -0.8364 -0.4496
vn 0.2715 -0.8363 -0.4764
vn 0.2725 -0.8360 -0.4763
vn 0.2855 -0.8381 -0.4649
vn 0.2849 -0.8380 -0.4654
vn 0.3140 -0.8379 -0.4465
vn 0.3524 -0.8237 -0.4443
vn 0.3163 -0.8376 -0.4454
vn -0.1861 -0.6015 0.7769
vn -0.0736 -0.6010 0.7959
vn -0.0440 -0.5753 0.8168
vn -0.2198 -0.6434 0.7333
vn 0.2898 -0.5415 0.7892
vn 0.2188 -0.5970 0.7719
vn 0.4961 -0.4691 0.7306
vn 0.5957 -0.4123 0.6894
vn 0.7904 -0.3598 0.4958
vn 0.4269 -0.4192 0.8013
vn 0.7722 -0.3543 0.5275
vn -0.3500 -0.3658 0.8624
vn -0.5195 -0.3170 0.7935
vn -0.9815 -0.0644 0.1805
vn -0.5082 -0.1299 0.8514
vn -0.1362 -0.4126 0.9007
vn -0.2114 -0.3651 0.9067
vn 0.2492 -0.4313 0.8671
vn 0.2917 -0.4145 0.8620
vn 0.4321 -0.3115 0.8463
vn -0.0401 -0.3135 0.9487
vn 0.5084 -0.1987 0.8379
vn 0.0577 -0.0876 0.9945
vn 0.5185 -0.1192 0.8467
vn -0.4337 -0.2700 0.8596
vn 0.4452 -0.3740 0.8136
vn 0.6309 -0.2898 0.7197
vn 0.7015 -0.2288 0.6749
vn 0.6352 -0.2983 0.7124
vn 0.7819 -0.2405 0.5751
vn 0.7885 -0.2319 0.5697
vn 0.0987 0.0048 0.9951
vn -0.1449 -0.9205 -0.3629
vn 0.1004 -0.9121 -0.3975
vn 0.0900 -0.9149 -0.3935
vn -0.1544 -0.9193 -0.3620
vn 0.1145 -0.9102 -0.3981
vn 0.1988 -0.9101 -0.3637
vn 0.1929 -0.9116 -0.3630
vn -0.9999 -0.0105 0.0009
vn -0.9983 0.0553 0.0193
vn -0.9983 0.0552 0.0191
vn -0.9999 -0.0114 0.0007
vn -0.9990 -0.0439 -0.0084
vn 0.5507 0.7813 0.2937
vn 0.1199 0.9851 0.1235
vn 0.2424 0.9295 -0.2778
vn 0.1540 0.9074 -0.3911
vn 0.1972 0.4255 -0.8832
vn 0.1782 0.3865 -0.9049
vn 0.2518 0.2885 -0.9238
vn 0.0045 0.9656 0.2598
vn -0.1048 0.7006 -0.7058
vn 0.9788 0.1786 0.1006
vn 0.9869 0.1608 -0.0109
vn 0.9872 0.1594 -0.0002
vn 0.9872 0.1593 -0.0001
vn 0.9554 0.2049 -0.2128
vn 0.7433 0.2370 0.6255
vn 0.9732 -0.2023 -0.1091
vn 0.9731 -0.2044 -0.1063
vn 0.9739 -0.2018 -0.1042
vn 0.9729 -0.2038 -0.1092
vn 0.9725 -0.2087 -0.1037
vn 0.9985 -0.0415 -0.0347
vn 0.9956 -0.0827 -0.0434
vn 0.9976 -0.0677 -0.0138
vn 0.9979 -0.0484 -0.0441
vn 0.9994 0.0205 0.0263
vn 0.9988 0.0089 0.0472
vn 0.9918 0.1155 0.0545
vn 0.9918 0.1156 0.0545
vn 0.9987 -0.0301 -0.0404
vn 0.6804 -0.5436 0.4915
vn 0.6732 -0.5857 0.4514
vn 0.5782 -0.6125 0.5390
vn 0.5983 -0.5945 0.5373
vn 0.7444 -0.4695 0.4747
vn 0.9992 -0.0349 -0.0186
vn 0.9992 -0.0354 -0.0194
vn 0.9992 -0.0366 -0.0159
vn 0.9992 -0.0362 -0.0156
vn 0.9992 -0.0342 -0.0187
vn 0.4025 0.1275 -0.9065
vn 0.4378 0.1015 -0.8933
vn 0.4708 0.1109 -0.8752
vn 0.4507 0.1232 -0.8841
vn 0.2852 0.1757 -0.9422
vn -0.1237 -0.0065 -0.9923
vn -0.0143 0.1151 -0.9932
vn -0.1900 -0.0063 -0.9818
vn -0.1817 -0.0488 -0.9821
vn -0.1389 -0.1127 -0.9839
vn -0.5895 -0.1779 -0.7879
vn -0.8907 -0.4039 -0.2087
vn -0.8953 -0.3908 -0.2138
vn -0.8928 -0.4167 -0.1710
vn -0.8903 -0.4223 -0.1703
vn -0.8814 -0.4144 -0.2265
vn -0.2009 -0.7392 0.6428
vn -0.4004 -0.6829 0.6110
vn -0.2607 -0.7347 0.6263
vn -0.1777 -0.7461 0.6417
vn -0.1519 -0.7295 0.6668
vn -0.6612 -0.6070 0.4409
vn -0.0085 -0.4016 0.9158
vn -0.0153 -0.4591 0.8882
vn 0.0091 -0.4927 0.8701
vn -0.0000 -0.4016 0.9158
vn -0.0000 -0.4642 0.8857
vn -0.0000 -0.5376 0.8432
vn -0.0898 -0.4835 0.8707
vn -0.0052 -0.5150 0.8572
vn -0.0982 -0.4309 0.8971
vn 0.0480 -0.4783 0.8769
vn -0.0013 -0.3160 0.9487
vn 0.0571 -0.5050 0.8612
vn 0.1032 -0.4656 0.8790
vn 0.0153 -0.4591 0.8882
vn 0.0085 -0.4016 0.9158
vn -0.0091 -0.4927 0.8701
vn 0.0898 -0.4835 0.8707
vn 0.0052 -0.5150 0.8572
vn 0.0982 -0.4308 0.8971
vn -0.0480 -0.4783 0.8769
vn 0.0014 -0.3163 0.9486
vn -0.0571 -0.5050 0.8612
vn -0.1032 -0.4656 0.8790
vn -0.1145 -0.9512 -0.2866
vn -0.0000 -0.9575 -0.2885
vn 0.1145 -0.9512 -0.2866
vn 0.1145 -0.9512 -0.2865
vn -0.3802 -0.1123 -0.9181
vn 0.0323 -0.9344 -0.3546
vn 0.0305 -0.9343 -0.3552
vn 0.0352 -0.9346 -0.3539
vn 0.0240 -0.9336 -0.3575
vn -1.0000 -0.0030 -0.0008
vn -0.9983 -0.0460 0.0353
vn -0.9999 -0.0144 0.0088
vn -0.9965 -0.0655 0.0517
vn -0.0799 -0.2572 0.9631
vn -0.1015 0.3819 0.9186
vn -0.0490 0.7034 0.7091
vn -0.0364 0.7602 0.6487
vn -0.1120 0.2949 0.9489
vn 0.7281 0.1013 0.6779
vn 0.8035 0.0222 0.5949
vn 0.3437 0.7842 0.5166
vn 0.2472 0.8350 0.4916
vn 0.1382 0.9890 -0.0536
vn 0.1511 0.9857 0.0745
vn 0.2471 0.8351 0.4916
vn -0.0000 0.5844 -0.8115
vn -0.0000 0.5524 -0.8336
vn -0.9720 -0.0957 0.2148
vn -0.3249 0.3133 -0.8924
vn -0.4775 0.2514 -0.8419
vn -0.3254 0.2111 -0.9217
vn -0.3478 0.2463 -0.9047
vn -0.5798 0.2773 -0.7661
vn -0.5950 0.2414 -0.7666
vn -0.4956 0.2464 -0.8329
vn -0.2746 0.2812 -0.9195
vn 0.3683 0.1791 -0.9123
vn 0.4237 0.2191 -0.8789
vn 0.7317 0.1398 -0.6672
vn 0.8650 0.0902 -0.4936
vn 0.7202 0.0553 -0.6916
vn 0.7250 0.0248 -0.6883
vn 0.7381 0.0833 -0.6696
vn 0.7341 0.0868 -0.6734
vn 0.9852 0.0316 -0.1683
vn 0.9999 0.0088 -0.0149
vn 0.9963 0.0357 0.0779
vn 0.9998 0.0088 -0.0150
vn 0.9280 0.1311 -0.3488
vn 0.9729 0.0598 -0.2231
vn 0.5973 0.1962 -0.7776
vn 0.6931 0.1507 -0.7049
vn -0.1300 0.0809 -0.9882
vn -0.0721 0.0808 -0.9941
vn -0.3610 0.0291 -0.9321
vn -0.5459 -0.0068 -0.8378
vn -0.6021 -0.0243 -0.7980
vn -0.7174 -0.0264 -0.6962
vn -0.3068 -0.8350 -0.4568
vn -0.3070 -0.8350 -0.4566
vn -0.3071 -0.8349 -0.4568
vn -0.3072 -0.8348 -0.4569
vn -0.3069 -0.8350 -0.4568
vn -0.3070 -0.8350 -0.4567
vn -0.3341 -0.8196 -0.4654
vn -0.3251 -0.8225 -0.4667
vn -0.3532 -0.8192 -0.4518
vn -0.3067 -0.8350 -0.4568
vn -0.3067 -0.8350 -0.4569
vn -0.3071 -0.8350 -0.4567
vn -0.3130 -0.8372 -0.4485
vn -0.3135 -0.8364 -0.4495
vn -0.2715 -0.8363 -0.4764
vn -0.2725 -0.8360 -0.4763
vn -0.2855 -0.8381 -0.4649
vn -0.2849 -0.8379 -0.4655
vn -0.3140 -0.8379 -0.4465
vn -0.3527 -0.8234 -0.4445
vn -0.3163 -0.8376 -0.4454
vn 0.0736 -0.6010 0.7959
vn 0.1861 -0.6015 0.7769
vn 0.0440 -0.5753 0.8168
vn 0.2198 -0.6434 0.7333
vn -0.2898 -0.5415 0.7892
vn -0.2188 -0.5970 0.7718
vn -0.4961 -0.4691 0.7306
vn -0.5957 -0.4123 0.6893
vn -0.7904 -0.3598 0.4958
vn -0.4269 -0.4193 0.8012
vn -0.7724 -0.3542 0.5271
vn 0.5195 -0.3170 0.7935
vn 0.3500 -0.3658 0.8624
vn 0.9815 -0.0644 0.1805
vn 0.5082 -0.1299 0.8514
vn 0.1362 -0.4126 0.9007
vn 0.2114 -0.3651 0.9067
vn -0.2493 -0.4313 0.8671
vn -0.2917 -0.4145 0.8620
vn -0.4321 -0.3116 0.8463
vn 0.0401 -0.3135 0.9487
vn -0.5084 -0.1987 0.8379
vn -0.0577 -0.0876 0.9945
vn -0.5185 -0.1192 0.8467
vn 0.4337 -0.2700 0.8596
vn -0.4452 -0.3740 0.8136
vn -0.6309 -0.2898 0.7197
vn -0.7016 -0.2288 0.6748
vn -0.6352 -0.2983 0.7124
vn -0.7819 -0.2405 0.5751
vn -0.7885 -0.2319 0.5697
vn -0.0987 0.0048 0.9951
vn -0.1004 -0.9121 -0.3975
vn 0.1449 -0.9205 -0.3629
vn -0.0900 -0.9149 -0.3935
vn 0.1544 -0.9193 -0.3619
vn -0.1144 -0.9102 -0.3981
vn -0.1988 -0.9101 -0.3637
vn -0.1929 -0.9116 -0.3630
vn 0.9999 -0.0105 0.0009
vn 0.9999 -0.0114 0.0007
vn 0.9983 0.0552 0.0191
vn 0.9983 0.0553 0.0194
vn 0.9990 -0.0439 -0.0084
vn -0.5507 0.7813 0.2937
vn -0.2424 0.9296 -0.2777
vn -0.1199 0.9851 0.1235
vn -0.1540 0.9074 -0.3911
vn -0.1972 0.4255 -0.8832
vn -0.1782 0.3865 -0.9049
vn -0.2517 0.2886 -0.9238
vn -0.0045 0.9656 0.2598
vn 0.1048 0.7006 -0.7058
vn -0.9788 0.1786 0.1006
vn -0.9872 0.1593 -0.0001
vn -0.9873 0.1589 0.0003
vn -0.9869 0.1608 -0.0109
vn -0.9554 0.2049 -0.2125
vn -0.7432 0.2370 0.6258
vn -0.9731 -0.2043 -0.1064
vn -0.9732 -0.2023 -0.1094
vn -0.9739 -0.2018 -0.1042
vn -0.9729 -0.2039 -0.1091
vn -0.9725 -0.2087 -0.1037
vn -0.9985 -0.0415 -0.0348
vn -0.9987 -0.0301 -0.0404
vn -0.9976 -0.0677 -0.0138
vn -0.9956 -0.0827 -0.0434
vn -0.9979 -0.0484 -0.0441
vn -0.9994 0.0205 0.0263
vn -0.9988 0.0089 0.0472
vn -0.9918 0.1155 0.0545
vn -0.9918 0.1156 0.0545
vn -0.6731 -0.5858 0.4515
vn -0.6804 -0.5436 0.4915
vn -0.5782 -0.6125 0.5390
vn -0.5983 -0.5945 0.5373
vn -0.7444 -0.4696 0.4748
vn -0.9992 -0.0355 -0.0194
vn -0.9992 -0.0350 -0.0186
vn -0.9992 -0.0369 -0.0152
vn -0.9992 -0.0362 -0.0156
vn -0.9992 -0.0342 -0.0187
vn -0.4376 0.1016 -0.8934
vn -0.4025 0.1275 -0.9065
vn -0.4708 0.1109 -0.8752
vn -0.4507 0.1232 -0.8841
vn -0.2853 0.1757 -0.9422
vn 0.0143 0.1151 -0.9932
vn 0.1237 -0.0065 -0.9923
vn 0.1900 -0.0063 -0.9818
vn 0.1817 -0.0488 -0.9821
vn 0.1389 -0.1127 -0.9839
vn 0.5896 -0.1779 -0.7879
vn 0.8953 -0.3908 -0.2138
vn 0.8906 -0.4039 -0.2089
vn 0.8928 -0.4167 -0.1709
vn 0.8903 -0.4223 -0.1703
vn 0.8814 -0.4145 -0.2265
vn 0.4004 -0.6829 0.6110
vn 0.2009 -0.7392 0.6428
vn 0.2607 -0.7347 0.6263
vn 0.1777 -0.7461 0.6417
vn 0.1524 -0.7294 0.6669
vn 0.6615 -0.6070 0.4405
vn 0.3802 -0.1123 -0.9181
vn -0.0305 -0.9343 -0.3553
vn -0.0323 -0.9344 -0.3547
vn -0.0352 -0.9346 -0.3539
vn -0.0240 -0.9336 -0.3575
vn 0.9983 -0.0460 0.0353
vn 1.0000 -0.0030 -0.0008
vn 0.9999 -0.0144 0.0088
vn 0.9965 -0.0655 0.0517
vn 0.0800 -0.2572 0.9630
vn 0.0490 0.7034 0.7091
vn 0.1015 0.3820 0.9186
vn 0.0364 0.7602 0.6487
vn 0.1120 0.2948 0.9490
vn -0.8035 0.0222 0.5949
vn -0.7281 0.1013 0.6779
vn -0.3437 0.7842 0.5166
vn -0.2472 0.8350 0.4916
vn -0.2471 0.8350 0.4916
vn -0.1511 0.9857 0.0745
vn -0.1382 0.9890 -0.0535
vn 0.9720 -0.0957 0.2148
vn -0.6066 0.2985 -0.7369
vn -0.5850 0.2850 -0.7593
vn -0.5982 0.1666 -0.7838
vn -0.5386 0.2526 -0.8038
vn -0.5968 0.3677 -0.7132
vn -0.6011 0.3681 -0.7093
vn 0.6795 -0.1683 0.7141
vn 0.6958 -0.2534 0.6721
vn 0.7350 -0.2826 0.6163
vn 0.6751 -0.1680 0.7184
vn 0.6753 -0.2401 0.6973
vn 0.6745 -0.3685 0.6397
vn 0.5850 0.2850 -0.7593
vn 0.6066 0.2985 -0.7368
vn 0.5982 0.1666 -0.7838
vn 0.5386 0.2526 -0.8038
vn 0.5968 0.3677 -0.7132
vn 0.6011 0.3681 -0.7093
vn -0.6958 -0.2534 0.6720
vn -0.6795 -0.1683 0.7141
vn -0.7350 -0.2826 0.6163
vn -0.6751 -0.1679 0.7184
vn -0.6753 -0.2401 0.6974
vn -0.6745 -0.3685 0.6397
vn 0.9643 0.2596 -0.0520
vn 0.9989 -0.0232 0.0414
vn 0.9989 -0.0233 0.0414
vn 0.9920 0.1260 -0.0075
vn 0.9564 0.2856 -0.0607
vn 0.1000 -0.5221 -0.8470
vn 0.0999 -0.5222 -0.8470
vn 0.0949 0.8536 0.5123
vn -0.0120 0.8330 0.5532
vn 0.0035 0.8366 0.5478
vn 0.1577 0.8604 0.4846
vn -0.9928 -0.1040 0.0596
vn -0.9906 -0.1206 0.0642
vn -0.9954 -0.0808 0.0511
vn -0.9956 -0.0779 0.0515
vn -0.9957 -0.0822 0.0435
vn 0.0027 -0.4984 -0.8669
vn 0.0024 -0.4983 -0.8670
vn 0.0019 -0.4979 -0.8672
vn -0.0300 -0.8957 0.4437
vn 0.0262 -0.8862 0.4625
vn 0.0158 -0.8883 0.4590
vn -0.0276 -0.8956 0.4439
vn 0.0274 -0.8879 0.4593
vn 0.0629 -0.8994 0.4326
vn 0.0280 -0.8865 0.4619
vn 0.0099 0.6992 -0.7148
vn 0.9697 0.2177 -0.1108
vn 0.9908 0.1209 -0.0615
vn 0.9997 0.0206 -0.0105
vn 0.2694 0.7521 -0.6015
vn -0.9643 0.2596 -0.0520
vn -0.9920 0.1260 -0.0075
vn -0.9989 -0.0233 0.0414
vn -0.9989 -0.0233 0.0413
vn -0.9565 0.2855 -0.0607
vn -0.1000 -0.5221 -0.8470
vn -0.0999 -0.5222 -0.8470
vn 0.0120 0.8330 0.5532
vn -0.0949 0.8536 0.5123
vn -0.0035 0.8366 0.5478
vn -0.1576 0.8604 0.4847
vn 0.9906 -0.1204 0.0642
vn 0.9928 -0.1040 0.0596
vn 0.9954 -0.0808 0.0511
vn 0.9956 -0.0779 0.0516
vn 0.9957 -0.0821 0.0437
vn -0.0022 -0.4983 -0.8670
vn -0.0024 -0.4983 -0.8670
vn -0.0022 -0.4981 -0.8671
vn -0.0262 -0.8862 0.4625
vn 0.0299 -0.8957 0.4437
vn -0.0158 -0.8883 0.4590
vn 0.0276 -0.8956 0.4439
vn -0.0274 -0.8879 0.4593
vn -0.0629 -0.8994 0.4326
vn -0.0280 -0.8865 0.4619
vn -0.0102 0.6992 -0.7148
vn -0.9908 0.1209 -0.0615
vn -0.9697 0.2177 -0.1108
vn -0.9997 0.0206 -0.0105
vn -0.2694 0.7521 -0.6015
vn -0.0741 0.1731 -0.9821
vn 0.0176 0.1652 -0.9861
vn 0.0733 0.1471 -0.9864
vn 0.0907 0.1473 -0.9849
vn 0.1652 0.1677 -0.9719
vn 0.4728 -0.2603 0.8418
vn -0.0000 -0.3411 0.9400
vn -0.0000 -0.1920 0.9814
vn 0.4979 -0.1430 0.8554
vn 0.6870 -0.1312 0.7147
vn -0.0000 -0.2194 0.9756
vn 0.6588 -0.1877 0.7286
vn 0.7809 -0.1670 0.6019
vn 0.7293 -0.2606 0.6326
vn 0.7213 -0.2701 0.6378
vn 0.6589 -0.1998 0.7252
vn 0.8324 -0.1627 0.5297
vn 0.7440 -0.2963 0.5989
vn 0.7542 -0.2817 0.5931
vn 0.8248 -0.3096 0.4731
vn 0.8508 -0.3049 0.4279
vn 0.3300 -0.3132 0.8905
vn 0.6389 -0.2640 0.7226
vn 0.3491 -0.2193 0.9111
vn 0.0001 -0.2194 0.9756
vn -0.0000 -0.2152 0.9766
vn 0.4348 -0.1403 0.8895
vn 0.0001 -0.2204 0.9754
vn 0.5933 -0.1981 0.7802
vn 0.5827 -0.2180 0.7829
vn 0.4960 -0.2148 0.8413
vn 0.6797 -0.1997 0.7058
vn 0.7144 -0.1843 0.6750
vn 0.6135 -0.1128 0.7816
vn 0.7928 -0.1828 0.5815
vn 0.8652 -0.1848 0.4661
vn 0.8772 -0.1796 0.4452
vn -0.4349 -0.1403 0.8895
vn -0.0000 -0.2438 0.9698
vn 0.5245 -0.1004 0.8455
vn -0.0000 -0.1580 0.9874
vn 0.9702 -0.1717 0.1709
vn 0.9731 -0.1678 0.1575
vn 0.9241 -0.2841 0.2555
vn 0.9490 -0.2291 0.2168
vn 0.9758 -0.1395 0.1686
vn 0.7559 0.5772 -0.3090
vn 0.7502 0.5896 -0.2994
vn 0.8952 0.3528 -0.2722
vn 0.9444 0.2670 -0.1921
vn 0.7231 0.4592 -0.5160
vn 0.7540 -0.2304 0.6151
vn -0.0000 -0.3293 0.9442
vn -0.0000 -0.5339 0.8456
vn 0.8116 -0.0582 0.5813
vn 0.8018 -0.1193 0.5856
vn 0.8224 0.0991 0.5602
vn -0.7540 -0.2304 0.6151
vn -0.8116 -0.0582 0.5813
vn -0.8018 -0.1193 0.5855
vn -0.8224 0.0991 0.5602
vn -0.8224 0.0991 0.5603
vn -0.0000 -0.3215 0.9469
vn -0.3300 -0.3132 0.8905
vn -0.4728 -0.2603 0.8418
vn -0.4978 -0.1430 0.8554
vn -0.6870 -0.1312 0.7147
vn -0.6588 -0.1877 0.7285
vn -0.7811 -0.1671 0.6016
vn -0.7293 -0.2606 0.6326
vn -0.7212 -0.2701 0.6379
vn -0.6589 -0.1998 0.7252
vn -0.8324 -0.1627 0.5297
vn -0.6388 -0.2640 0.7227
vn -0.7440 -0.2963 0.5989
vn -0.7542 -0.2817 0.5932
vn -0.8248 -0.3096 0.4731
vn -0.8510 -0.3048 0.4276
vn -0.8869 -0.4159 -0.2012
vn -0.8144 -0.5160 -0.2656
vn -0.0000 -0.9474 -0.3200
vn -0.0000 -0.8207 -0.5713
vn -0.6262 -0.2805 -0.7275
vn -0.5718 -0.5284 -0.6276
vn -0.8224 -0.5425 0.1712
vn -0.8708 -0.4763 -0.1216
vn -0.9452 -0.3083 0.1078
vn -0.4461 -0.7001 -0.5576
vn -0.5080 -0.2018 -0.8374
vn -0.0001 -0.2016 -0.9795
vn -0.3664 -0.2002 -0.9087
vn 0.5080 -0.2018 -0.8374
vn 0.3664 -0.2002 -0.9087
vn 0.8143 -0.5161 -0.2656
vn 0.8869 -0.4159 -0.2012
vn 0.6262 -0.2805 -0.7275
vn 0.5718 -0.5283 -0.6276
vn 0.8224 -0.5425 0.1712
vn 0.8708 -0.4763 -0.1216
vn 0.9452 -0.3083 0.1078
vn 0.4461 -0.7001 -0.5575
vn -0.0000 -0.1721 -0.9851
vn 0.0929 0.7743 -0.6260
vn -0.0000 0.7700 -0.6380
vn -0.0000 0.7781 -0.6281
vn 0.2230 0.7559 -0.6155
vn 0.3829 0.7236 -0.5743
vn -0.0930 0.7743 -0.6260
vn -0.2230 0.7559 -0.6155
vn -0.3830 0.7235 -0.5743
vn -0.1525 0.3774 -0.9134
vn -0.0842 0.3756 -0.9230
vn -0.0942 0.3760 -0.9218
vn 0.0213 0.3694 -0.9290
vn 0.0214 0.3694 -0.9290
vn 0.0013 0.9395 0.3425
vn 0.0044 0.9424 0.3346
vn -0.0028 0.9386 0.3449
vn 0.0043 0.9530 0.3028
vn -0.0047 0.9384 0.3456
vn -0.0041 0.9383 0.3458
vn -0.0536 -0.8922 -0.4484
vn -0.1511 -0.8953 -0.4191
vn 0.0018 -0.9235 -0.3836
vn -0.4317 -0.7082 -0.5587
vn 0.1034 -0.8355 -0.5396
vn -0.1966 -0.8259 -0.5284
vn -0.7005 -0.6694 -0.2473
vn -0.0038 -0.9042 -0.4270
vn -0.1236 -0.8762 -0.4658
vn -0.1209 -0.8804 -0.4586
vn -0.0000 -0.2348 -0.9720
vn -0.0000 0.0470 -0.9989
vn 0.3987 0.3353 -0.8536
vn -0.1638 -0.2316 -0.9589
vn -0.0000 0.5035 -0.8640
vn -0.3987 0.3353 -0.8536
vn 0.1638 -0.2316 -0.9589
vn 0.5381 0.3794 -0.7526
vn 0.4847 0.4053 -0.7751
vn 0.3805 0.5080 -0.7727
vn -0.0000 0.6135 -0.7897
vn 0.4488 0.4585 -0.7671
vn -0.3805 0.5080 -0.7727
vn -0.4847 0.4053 -0.7751
vn -0.5381 0.3794 -0.7526
vn -0.4489 0.4585 -0.7670
vn -0.9986 -0.0114 0.0520
vn -0.9452 -0.3081 0.1078
vn -0.0000 0.6009 -0.7993
vn -0.0427 0.6174 -0.7855
vn -0.0712 0.6175 -0.7833
vn 0.0427 0.6174 -0.7855
vn 0.0712 0.6175 -0.7833
vn -0.2069 0.6075 -0.7669
vn -0.4206 0.5530 -0.7192
vn -0.6310 0.4616 -0.6235
vn 0.2069 0.6075 -0.7669
vn 0.4206 0.5530 -0.7192
vn 0.6310 0.4616 -0.6235
vn 0.9946 -0.0973 -0.0359
vn 0.9946 -0.0973 -0.0360
vn 0.1518 0.2029 -0.9674
vn 0.2485 0.1917 -0.9495
vn 0.2489 0.1940 -0.9489
vn 0.0677 0.2426 -0.9678
vn 0.1623 0.1768 -0.9708
vn 0.0745 0.9972 -0.0090
vn -0.0000 1.0000 -0.0090
vn -0.0745 0.9972 -0.0090
vn -0.0176 0.1652 -0.9861
vn 0.0741 0.1731 -0.9821
vn -0.0733 0.1471 -0.9864
vn -0.0906 0.1473 -0.9849
vn -0.1655 0.1677 -0.9718
vn -0.3491 -0.2193 0.9111
vn -0.4348 -0.1403 0.8895
vn -0.0000 -0.2153 0.9766
vn -0.4960 -0.2148 0.8413
vn -0.5933 -0.1981 0.7802
vn -0.0000 -0.2204 0.9754
vn -0.6797 -0.1997 0.7058
vn -0.7144 -0.1843 0.6750
vn -0.5827 -0.2180 0.7829
vn -0.7928 -0.1828 0.5815
vn -0.8653 -0.1848 0.4660
vn -0.8770 -0.1798 0.4455
vn -0.6135 -0.1128 0.7816
vn -0.5245 -0.1004 0.8455
vn -0.9732 -0.1677 0.1573
vn -0.9702 -0.1717 0.1709
vn -0.9241 -0.2841 0.2555
vn -0.9490 -0.2291 0.2168
vn -0.9758 -0.1395 0.1686
vn -0.7502 0.5896 -0.2994
vn -0.7559 0.5772 -0.3090
vn -0.8952 0.3528 -0.2722
vn -0.9444 0.2670 -0.1921
vn -0.7231 0.4592 -0.5160
vn 0.1525 0.3774 -0.9134
vn 0.0942 0.3760 -0.9218
vn 0.0842 0.3756 -0.9230
vn -0.0213 0.3694 -0.9290
vn -0.0214 0.3694 -0.9290
vn -0.0043 0.9530 0.3028
vn -0.0013 0.9395 0.3425
vn -0.0044 0.9423 0.3346
vn 0.0028 0.9386 0.3449
vn 0.0047 0.9384 0.3456
vn 0.0041 0.9383 0.3458
vn 0.1511 -0.8953 -0.4191
vn 0.0536 -0.8922 -0.4484
vn -0.0018 -0.9235 -0.3836
vn 0.4319 -0.7083 -0.5584
vn -0.1034 -0.8355 -0.5396
vn 0.1966 -0.8259 -0.5284
vn 0.7006 -0.6693 -0.2474
vn 0.0039 -0.9042 -0.4270
vn 0.1236 -0.8762 -0.4658
vn 0.1209 -0.8804 -0.4586
vn 0.9452 -0.3082 0.1078
vn 0.9986 -0.0114 0.0521
vn 0.9986 -0.0114 0.0520
vn -0.9946 -0.0974 -0.0360
vn -0.9946 -0.0974 -0.0359
vn -0.2485 0.1917 -0.9495
vn -0.1518 0.2029 -0.9674
vn -0.2489 0.1940 -0.9489
vn -0.0675 0.2427 -0.9678
vn -0.1623 0.1768 -0.9708
vn 0.6662 0.7383 0.1054
vn 0.7263 0.3365 0.5994
vn 0.9588 0.1626 0.2328
vn 0.9305 0.3655 -0.0257
vn 0.5461 0.7341 -0.4035
vn 0.9259 0.3653 -0.0961
vn 0.8854 0.2795 -0.3714
vn 0.8650 -0.2409 0.4402
vn 0.7298 -0.2257 0.6453
vn 0.3675 0.9057 0.2113
vn 0.4050 0.4164 0.8140
vn 0.3385 0.8150 -0.4703
vn 0.4382 0.5198 -0.7333
vn 0.7031 0.3866 -0.5968
vn 0.4322 -0.2628 0.8626
vn -0.0000 0.9680 0.2508
vn -0.0000 0.4239 0.9057
vn -0.0000 0.8702 -0.4927
vn -0.0000 0.5745 -0.8185
vn -0.0000 -0.3079 0.9514
vn -0.4050 0.4164 0.8140
vn -0.3675 0.9057 0.2113
vn -0.7263 0.3365 0.5994
vn -0.6662 0.7383 0.1054
vn -0.9588 0.1626 0.2328
vn -0.9305 0.3655 -0.0256
vn -0.5461 0.7341 -0.4035
vn -0.9259 0.3654 -0.0961
vn -0.8854 0.2795 -0.3714
vn -0.8650 -0.2408 0.4402
vn -0.7298 -0.2257 0.6453
vn -0.3385 0.8150 -0.4703
vn -0.4382 0.5198 -0.7333
vn -0.7031 0.3866 -0.5968
vn -0.4322 -0.2628 0.8626
vn 0.8139 0.2017 -0.5449
vn 0.9008 0.1407 -0.4108
vn 0.5510 0.2497 -0.7963
vn 0.4382 0.5198 -0.7334
vn -0.0000 0.2368 -0.9716
vn -0.0000 0.5744 -0.8186
vn -0.4382 0.5198 -0.7334
vn -0.5510 0.2497 -0.7963
vn -0.8139 0.2017 -0.5449
vn -0.9008 0.1407 -0.4108
vn 0.8854 0.2795 -0.3713
vn 0.9934 0.1020 -0.0530
vn 0.9305 0.3655 -0.0256
vn 0.9933 0.0191 0.1136
vn 0.7611 -0.4302 0.4854
vn 0.7298 -0.2258 0.6453
vn 0.6917 -0.4407 0.5721
vn 0.4322 -0.2629 0.8626
vn 0.3954 -0.5872 0.7063
vn -0.0000 -0.6833 0.7301
vn 0.9873 -0.1426 0.0705
vn 0.9695 -0.0667 -0.2359
vn 0.3403 -0.7480 0.5698
vn 0.1759 -0.7970 0.5778
vn -0.0000 -0.8237 0.5671
vn -0.3954 -0.5872 0.7063
vn -0.4322 -0.2629 0.8626
vn -0.6917 -0.4407 0.5721
vn -0.7298 -0.2258 0.6453
vn -0.7612 -0.4302 0.4854
vn -0.8650 -0.2409 0.4402
vn -0.9933 0.0191 0.1136
vn -0.9873 -0.1426 0.0705
vn -0.9934 0.1020 -0.0530
vn -0.9259 0.3653 -0.0961
vn 0.0989 -0.8944 0.4361
vn 0.3118 -0.8602 0.4036
vn 0.0860 -0.9221 0.3774
vn 0.1056 -0.9409 0.3219
vn -0.0000 -0.9369 0.3496
vn -0.0000 -0.9369 0.3495
vn -0.1056 -0.9409 0.3219
vn -0.0860 -0.9220 0.3774
vn 0.1660 -0.9750 0.1476
vn 0.2100 -0.9714 -0.1107
vn -0.3119 -0.8602 0.4035
vn -0.0989 -0.8944 0.4361
vn -0.1660 -0.9750 0.1477
vn -0.2100 -0.9714 -0.1107
vn -0.3403 -0.7480 0.5698
vn -0.7611 -0.4303 0.4854
vn -0.1759 -0.7970 0.5778
vn 0.2469 -0.9620 -0.1169
vn 0.3304 -0.8655 -0.3765
vn 0.7657 -0.5802 -0.2778
vn 0.7053 -0.4794 -0.5223
vn 0.3410 -0.8519 -0.3975
vn 0.3627 -0.8190 0.4447
vn 0.8531 -0.1701 -0.4933
vn 0.5292 -0.3325 -0.7806
vn 0.4539 -0.6000 -0.6588
vn -0.0000 -0.5521 -0.8338
vn -0.0000 -0.3711 -0.9286
vn -0.5292 -0.3325 -0.7806
vn -0.4539 -0.6000 -0.6588
vn -0.7053 -0.4794 -0.5223
vn -0.8531 -0.1701 -0.4933
vn -0.9695 -0.0667 -0.2359
vn -0.7657 -0.5801 -0.2778
vn -0.3304 -0.8655 -0.3765
vn -0.2469 -0.9620 -0.1169
vn -0.3409 -0.8519 -0.3975
vn -0.3627 -0.8190 0.4447
vn -0.1693 -0.9043 -0.3918
vn -0.0000 -0.9226 -0.3857
vn 0.1693 -0.9043 -0.3918
vn 0.2347 -0.9050 -0.3549
vn 0.2499 -0.9225 -0.2942
vn -0.0000 -0.9686 -0.2488
vn 0.1302 -0.9100 -0.3936
vn -0.0000 -0.9054 -0.4245
vn -0.1302 -0.9100 -0.3936
vn -0.2347 -0.9050 -0.3549
vn -0.2499 -0.9225 -0.2942
vn -0.2117 -0.9615 -0.1752
vn -0.0378 -0.9992 -0.0119
vn -0.0000 -0.9984 0.0566
vn 0.0378 -0.9992 -0.0119
vn 0.2117 -0.9615 -0.1752
vn -0.2700 -0.5617 -0.7820
vn -0.0000 -0.4891 -0.8722
vn -0.3014 -0.5699 -0.7645
vn 0.3014 -0.5698 -0.7645
vn 0.2700 -0.5617 -0.7820
vn 0.6120 -0.5877 -0.5292
vn 0.6125 -0.5864 -0.5301
vn -0.6125 -0.5863 -0.5302
vn -0.6120 -0.5876 -0.5293
vn 0.6671 -0.7246 -0.1728
vn 0.6670 -0.7276 -0.1604
vn 0.5506 -0.8160 0.1760
vn 0.5635 -0.8080 0.1719
vn 0.3786 -0.8972 0.2275
vn 0.3216 -0.9153 0.2425
vn -0.0000 -0.9535 0.3013
vn -0.3786 -0.8972 0.2275
vn -0.3216 -0.9153 0.2425
vn -0.5506 -0.8160 0.1760
vn -0.5635 -0.8080 0.1719
vn -0.6670 -0.7276 -0.1604
vn -0.6671 -0.7246 -0.1729
vn 0.1991 -0.7050 -0.6807
vn -0.5412 -0.4999 0.6762
vn -0.5703 -0.5642 0.5970
vn 0.0851 -0.7631 -0.6407
vn 0.6298 -0.4722 -0.6167
vn 0.7124 -0.4625 -0.5278
vn 0.8774 -0.4050 0.2572
vn 0.8915 -0.4166 0.1781
vn 0.5154 -0.2769 0.8110
vn 0.4467 -0.2676 0.8537
vn -0.2144 -0.2540 0.9431
vn -0.1862 -0.2526 0.9495
vn 0.0003 -0.8712 0.4909
vn -0.0000 -0.8711 0.4911
vn -0.0000 -0.8831 0.4691
vn -0.0004 -0.8712 0.4909
vn -0.0000 -0.8875 0.4608
vn -0.0325 -0.9011 0.4325
vn -0.0000 -0.8736 0.4867
vn 0.0325 -0.9011 0.4325
vn -0.4989 -0.8522 0.1579
vn -0.4884 -0.8570 0.1643
vn -0.4853 -0.8577 0.1699
vn -0.4772 -0.8622 0.1702
vn -0.4377 -0.8778 0.1948
vn -0.3189 -0.2510 0.9140
vn -0.0000 0.0471 0.9989
vn -0.4142 -0.3398 0.8444
vn -0.6438 -0.7070 0.2927
vn -0.6414 -0.6906 0.3342
vn -0.4865 -0.8514 -0.1961
vn -0.5372 -0.8328 -0.1338
vn -0.0000 -0.7918 -0.6108
vn 0.5372 -0.8328 -0.1339
vn 0.4865 -0.8514 -0.1961
vn 0.6414 -0.6906 0.3342
vn 0.6438 -0.7070 0.2927
vn 0.4142 -0.3398 0.8444
vn 0.3189 -0.2509 0.9140
vn 0.4884 -0.8570 0.1643
vn 0.4772 -0.8622 0.1702
vn 0.4989 -0.8522 0.1579
vn 0.4853 -0.8577 0.1699
vn 0.4379 -0.8777 0.1948
vn -0.8774 -0.4050 0.2572
vn -0.7124 -0.4625 -0.5278
vn -0.6298 -0.4722 -0.6167
vn -0.8915 -0.4166 0.1781
vn -0.0850 -0.7631 -0.6407
vn -0.1991 -0.7050 -0.6807
vn 0.5703 -0.5642 0.5970
vn 0.5411 -0.4998 0.6763
vn -0.5155 -0.2769 0.8109
vn -0.4468 -0.2677 0.8536
vn 0.2144 -0.2540 0.9431
vn 0.1862 -0.2526 0.9495
vn 0.8311 -0.4413 -0.3384
vn 0.6656 -0.7135 -0.2188
vn 0.6671 -0.6228 -0.4088
vn 0.9516 0.0511 -0.3029
vn 0.5359 -0.8216 -0.1945
vn 0.5696 -0.7959 -0.2053
vn -0.0000 -0.9733 -0.2293
vn -0.0001 -0.9650 -0.2623
vn 0.0001 -0.9647 -0.2635
vn 0.5873 -0.7959 -0.1469
vn 0.6439 -0.7389 -0.1986
vn -0.0004 -0.9460 -0.3243
vn -0.0000 -0.9015 -0.4327
vn -0.0000 -0.7725 -0.6350
vn 0.7172 -0.6853 -0.1265
vn 0.8028 -0.5954 -0.0335
vn 0.8132 -0.5619 -0.1518
vn 0.9983 -0.0101 -0.0574
vn 0.7235 0.6733 -0.1524
vn 0.7376 0.6751 0.0144
vn 0.9987 -0.0389 0.0326
vn 0.8640 -0.5034 0.0008
vn 0.8710 -0.4913 -0.0066
vn 0.8764 -0.4810 0.0224
vn 0.6619 0.7396 0.1220
vn 0.6143 0.7882 0.0372
vn 0.5351 0.8437 0.0439
vn 0.3826 0.9234 0.0304
vn -0.0000 0.9979 -0.0651
vn 0.4188 0.9067 -0.0491
vn -0.0000 0.9809 -0.1946
vn -0.0000 0.9998 0.0177
vn 0.4233 0.8888 -0.1754
vn 0.3292 0.9331 -0.1445
vn -0.0000 0.9894 -0.1453
vn 0.4719 0.8497 -0.2354
vn 0.6636 0.6862 -0.2981
vn -0.0000 0.9799 -0.1996
vn -0.4188 0.9067 -0.0491
vn -0.3292 0.9331 -0.1445
vn -0.4719 0.8497 -0.2354
vn -0.5350 0.8437 0.0439
vn -0.3826 0.9234 0.0304
vn -0.6619 0.7396 0.1220
vn -0.7376 0.6751 0.0144
vn -0.9987 -0.0390 0.0326
vn -0.6140 0.7884 0.0370
vn -0.9983 -0.0101 -0.0574
vn -0.8641 -0.5034 0.0008
vn -0.7235 0.6733 -0.1523
vn -0.9516 0.0511 -0.3030
vn -0.8132 -0.5619 -0.1517
vn -0.7173 -0.6852 -0.1264
vn -0.8027 -0.5954 -0.0335
vn -0.8710 -0.4913 -0.0066
vn -0.6438 -0.7390 -0.1986
vn -0.6655 -0.7135 -0.2190
vn -0.8310 -0.4413 -0.3386
vn -0.5695 -0.7959 -0.2054
vn -0.5359 -0.8216 -0.1944
vn -0.5871 -0.7961 -0.1468
vn -0.6671 -0.6229 -0.4087
vn -0.3822 -0.9021 -0.2002
vn -0.0034 -0.9769 -0.2138
vn 0.3815 -0.9024 -0.2005
vn 0.5308 0.7747 -0.3436
vn -0.0000 0.8049 -0.5934
vn -0.0000 0.9506 -0.3103
vn -0.5308 0.7747 -0.3436
vn -0.6635 0.6862 -0.2981
vn -0.4232 0.8889 -0.1754
vn 0.7529 -0.6219 -0.2153
vn 0.8834 -0.4618 -0.0800
vn 0.8355 -0.5304 -0.1439
vn 0.8629 -0.4948 -0.1026
vn 0.6571 -0.7040 -0.2695
vn 0.6056 -0.7373 -0.2994
vn 0.5759 -0.7648 -0.2889
vn 0.7555 -0.6149 -0.2261
vn 0.8934 -0.4279 -0.1367
vn 0.8610 -0.4734 -0.1857
vn 0.9013 -0.4177 -0.1151
vn 0.8925 -0.4467 -0.0628
vn 0.8948 -0.4441 -0.0454
vn 0.9018 -0.4319 0.0131
vn 0.9113 -0.3903 -0.1309
vn 0.8461 -0.5323 -0.0279
vn 0.7905 -0.6124 -0.0012
vn 0.9366 -0.3478 -0.0423
vn 0.9062 -0.4114 -0.0977
vn 0.8196 -0.5643 -0.0988
vn 0.8805 -0.4563 -0.1283
vn 0.8998 -0.4330 -0.0533
vn 0.8774 -0.4761 -0.0587
vn 0.8749 -0.4779 -0.0785
vn 0.9417 -0.3318 -0.0554
vn 0.8952 -0.4256 -0.1321
vn 0.8673 -0.4952 -0.0507
vn 0.8741 -0.4839 -0.0418
vn 0.8854 -0.4373 -0.1575
vn 0.8453 -0.5015 -0.1844
vn 0.7014 -0.6674 -0.2501
vn 0.7180 -0.6960 -0.0089
vn 0.7525 -0.6582 -0.0241
vn -0.0000 -0.9988 0.0489
vn -0.0000 -0.9720 0.2351
vn -0.7180 -0.6960 -0.0089
vn -0.7523 -0.6583 -0.0241
vn -0.8196 -0.5643 -0.0988
vn -0.8805 -0.4563 -0.1283
vn -0.9366 -0.3478 -0.0423
vn -0.9012 -0.4178 -0.1152
vn -0.9113 -0.3904 -0.1310
vn -0.8933 -0.4281 -0.1369
vn -0.8630 -0.4947 -0.1026
vn -0.7531 -0.6217 -0.2153
vn -0.8834 -0.4617 -0.0800
vn -0.8355 -0.5304 -0.1439
vn -0.6571 -0.7040 -0.2695
vn -0.6059 -0.7371 -0.2994
vn -0.7555 -0.6148 -0.2262
vn -0.8925 -0.4467 -0.0628
vn -0.8950 -0.4437 -0.0453
vn -0.8612 -0.4732 -0.1856
vn -0.7230 -0.6433 -0.2519
vn -0.6368 -0.7158 -0.2866
vn -0.4916 -0.8142 -0.3090
vn -0.5389 -0.7910 -0.2897
vn -0.5761 -0.7646 -0.2888
vn -0.0001 -0.9218 -0.3876
vn -0.0000 -0.9123 -0.4094
vn -0.0003 -0.9321 -0.3622
vn -0.0007 -0.9246 -0.3810
vn -0.0009 -0.9320 -0.3625
vn 0.5386 -0.7912 -0.2897
vn 0.4920 -0.8140 -0.3089
vn 0.6371 -0.7156 -0.2864
vn 0.7228 -0.6435 -0.2519
vn 0.7418 -0.6696 0.0356
vn 0.0003 -0.9988 0.0488
vn -0.0001 -0.9987 0.0504
vn -0.7419 -0.6696 0.0356
vn -0.7905 -0.6124 -0.0012
vn -0.8461 -0.5323 -0.0279
vn -0.9018 -0.4319 0.0131
vn -0.3067 -0.1056 -0.9459
vn -0.0000 0.0299 -0.9996
vn -0.2935 -0.2417 -0.9249
vn 0.3067 -0.1055 -0.9459
vn 0.2935 -0.2416 -0.9249
vn 0.0765 -0.8436 -0.5315
vn 0.1236 -0.7791 -0.6146
vn -0.1236 -0.7790 -0.6147
vn -0.0765 -0.8436 -0.5315
vn -0.0001 -0.9990 0.0455
vn -0.0004 -0.9937 0.1122
vn 0.0168 -0.8861 0.4632
vn 0.0071 -0.8984 0.4392
vn -0.0000 -0.8421 0.5393
vn 0.0364 -0.8575 0.5132
vn -0.0000 -0.7898 0.6134
vn -0.0364 -0.8574 0.5133
vn -0.0168 -0.8861 0.4631
vn -0.0071 -0.8984 0.4392
vn 0.0002 -0.9990 0.0455
vn 0.0004 -0.9937 0.1122
vn -0.0000 0.9929 0.1189
vn -0.0000 0.9985 0.0544
vn 0.4226 0.9032 0.0755
vn 0.5426 0.8377 0.0613
vn 0.4263 0.9022 0.0650
vn -0.0000 0.9893 0.1457
vn 0.1451 0.9891 0.0242
vn -0.0000 1.0000 0.0069
vn 0.1682 0.9721 -0.1638
vn -0.0000 0.9875 -0.1577
vn 0.6694 0.7421 0.0353
vn 0.4022 0.9154 0.0142
vn 0.0176 0.9998 0.0063
vn -0.4226 0.9031 0.0755
vn -0.5426 0.8377 0.0613
vn -0.1683 0.9720 -0.1642
vn -0.4263 0.9022 0.0650
vn -0.1451 0.9891 0.0242
vn -0.6694 0.7421 0.0353
vn -0.4022 0.9154 0.0142
vn -0.0176 0.9998 0.0063
vn -0.6352 0.7714 0.0382
vn -0.5111 0.8504 0.1250
vn 0.1072 0.9942 -0.0063
vn 0.5822 0.8104 -0.0653
vn 0.1924 0.9809 -0.0269
vn 0.8017 0.5627 -0.2017
vn 0.5939 0.8024 -0.0592
vn -0.5822 0.8104 -0.0653
vn -0.1072 0.9942 -0.0063
vn -0.1924 0.9809 -0.0269
vn -0.8017 0.5626 -0.2018
vn -0.5938 0.8025 -0.0591
vn 0.5111 0.8504 0.1250
vn 0.6352 0.7714 0.0382
vn 0.6140 0.7884 0.0371
vn 0.2413 -0.5099 0.8257
vn -0.0000 -0.4639 0.8859
vn 0.1623 -0.4089 0.8980
vn -0.2895 -0.3170 0.9032
vn -0.5274 -0.1704 0.8323
vn -0.4817 -0.1686 0.8600
vn 0.1624 -0.1073 0.9809
vn 0.0319 -0.0190 0.9993
vn -0.0000 -0.5121 0.8589
vn -0.4582 -0.3521 0.8161
vn -0.1601 -0.3805 0.9108
vn -0.0000 -0.4196 0.9077
vn -0.0652 -0.1786 0.9818
vn -0.0569 -0.2358 0.9701
vn 0.6265 -0.2003 0.7533
vn -0.0510 -0.0046 0.9987
vn -0.2412 -0.5099 0.8257
vn -0.1623 -0.4089 0.8980
vn 0.2895 -0.3170 0.9032
vn 0.5274 -0.1704 0.8323
vn 0.4816 -0.1686 0.8600
vn -0.1625 -0.1073 0.9809
vn -0.0319 -0.0190 0.9993
vn 0.1601 -0.3805 0.9108
vn 0.4582 -0.3521 0.8161
vn 0.0652 -0.1786 0.9818
vn 0.0568 -0.2358 0.9701
vn -0.6265 -0.2003 0.7533
vn 0.0508 -0.0047 0.9987
vn 0.7988 -0.5968 -0.0760
vn 0.9047 -0.3531 -0.2385
vn 0.9256 -0.3177 -0.2059
vn 0.8950 -0.3787 -0.2356
vn 0.8516 -0.5138 -0.1039
vn 0.8171 -0.5719 -0.0725
vn 0.8559 -0.5110 -0.0802
vn -0.7557 0.6367 0.1533
vn -0.0000 1.0000 -0.0023
vn -0.0000 1.0000 -0.0021
vn -0.8130 0.5523 0.1844
vn -0.8568 0.4567 0.2395
vn -0.8605 0.4123 0.2994
vn -0.8458 0.2788 0.4549
vn 0.7557 0.6367 0.1533
vn 0.8130 0.5523 0.1844
vn 0.8568 0.4567 0.2395
vn 0.8605 0.4123 0.2994
vn 0.8458 0.2787 0.4550
vn -0.0000 -0.4459 0.8951
vn -0.1937 -0.3837 0.9029
vn -0.2008 -0.3770 0.9042
vn -0.2384 -0.3936 0.8878
vn -0.2287 -0.3835 0.8948
vn -0.1605 -0.3683 0.9158
vn -0.1735 -0.3748 0.9107
vn 0.0351 -0.2049 0.9782
vn 0.0297 -0.2133 0.9765
vn 0.0722 -0.1454 0.9867
vn 0.1937 -0.3837 0.9029
vn 0.2008 -0.3770 0.9042
vn 0.2384 -0.3936 0.8878
vn 0.2287 -0.3835 0.8948
vn 0.1605 -0.3683 0.9158
vn 0.1735 -0.3748 0.9107
vn -0.0351 -0.2049 0.9782
vn -0.0297 -0.2134 0.9765
vn -0.0722 -0.1454 0.9867
vn 0.9772 0.0010 -0.2123
vn -0.9062 -0.4114 -0.0977
vn -0.8749 -0.4780 -0.0786
vn -0.8998 -0.4330 -0.0533
vn -0.8774 -0.4761 -0.0587
vn -0.9417 -0.3318 -0.0554
vn -0.8952 -0.4256 -0.1321
vn -0.8671 -0.4955 -0.0508
vn -0.8741 -0.4839 -0.0419
vn -0.8852 -0.4377 -0.1575
vn -0.8453 -0.5015 -0.1844
vn -0.7014 -0.6674 -0.2501
vn -0.7988 -0.5968 -0.0760
vn -0.9256 -0.3177 -0.2059
vn -0.8173 -0.5717 -0.0724
vn -0.8516 -0.5138 -0.1039
vn -0.9047 -0.3531 -0.2386
vn -0.8950 -0.3787 -0.2356
vn -0.8557 -0.5112 -0.0801
vn -0.9772 0.0010 -0.2123
vn -0.8764 -0.4810 0.0226
vn -0.0000 -0.9573 0.2892
vn 0.7491 -0.6609 -0.0451
vn 0.7725 -0.5994 0.2097
vn 0.9585 -0.2758 0.0726
vn 0.9708 -0.1663 -0.1726
vn 0.9878 -0.1476 -0.0499
vn 0.9322 0.0004 -0.3620
vn 0.7193 -0.6038 -0.3436
vn -0.0000 -0.9942 -0.1072
vn 0.7823 -0.3160 -0.5368
vn 0.8668 -0.0210 -0.4982
vn -0.0000 -0.3491 -0.9371
vn -0.0000 -0.6863 -0.7273
vn -0.7823 -0.3160 -0.5368
vn -0.8668 -0.0210 -0.4982
vn -0.9708 -0.1663 -0.1726
vn -0.9321 0.0003 -0.3622
vn -0.7193 -0.6038 -0.3436
vn -0.7491 -0.6609 -0.0451
vn -0.0000 -0.8567 -0.5158
vn -0.9585 -0.2758 0.0726
vn -0.9878 -0.1476 -0.0499
vn -0.9498 -0.2764 0.1466
vn -0.7725 -0.5994 0.2097
vn -0.0000 -0.8365 0.5480
vn -0.7509 -0.5534 0.3604
vn -0.0000 -0.7741 0.6331
vn -0.6840 -0.5687 0.4568
vn 0.7509 -0.5534 0.3604
vn 0.6840 -0.5687 0.4568
vn 0.9498 -0.2764 0.1466
vn 0.1247 0.0087 -0.9922
vn -0.0000 0.0088 -1.0000
vn -0.0000 -0.0757 -0.9971
vn 0.1313 -0.0703 -0.9888
vn -0.0000 -0.2060 -0.9786
vn 0.1408 -0.2040 -0.9688
vn -0.1247 0.0087 -0.9922
vn -0.1313 -0.0703 -0.9888
vn -0.1408 -0.2040 -0.9688
vn 0.9484 0.0213 0.3164
vn 0.9429 0.0155 0.3326
vn 0.7091 -0.1474 0.6895
vn 0.9538 0.0198 0.2997
vn 0.1016 -0.3435 0.9337
vn -0.0000 0.9837 0.1799
vn 0.0016 0.9836 0.1804
vn 0.0015 0.9836 0.1803
vn -0.0000 0.9836 0.1804
vn -0.0015 0.9836 0.1804
vn -0.0016 0.9836 0.1803
vn -0.2197 -0.9753 -0.0240
vn -0.0000 -0.9937 -0.1121
vn -0.0001 -0.9829 -0.1840
vn 0.2197 -0.9753 -0.0240
vn 0.5423 0.4023 0.7376
vn -0.5424 0.4021 0.7377
vn -0.0000 -0.1725 0.9850
vn -0.0000 -0.2526 0.9676
vn 0.3837 -0.2334 0.8935
vn 0.2464 -0.1672 0.9546
vn -0.0000 -0.0454 0.9990
vn -0.3837 -0.2334 0.8935
vn -0.2464 -0.1671 0.9547
vn -0.1015 -0.3435 0.9337
vn -0.9429 0.0155 0.3326
vn -0.7091 -0.1474 0.6896
vn -0.9484 0.0213 0.3164
vn -0.9538 0.0198 0.2997
vn -0.0000 -0.9689 -0.2476
vn 0.0410 -0.9991 0.0051
vn -0.0224 -0.9965 0.0801
vn -0.0000 -0.9485 -0.3168
vn -0.0411 -0.9991 0.0050
vn 0.0224 -0.9965 0.0801
vn -0.2380 -0.9639 0.1192
vn 0.2380 -0.9639 0.1192
vn 0.2812 -0.9510 0.1286
vn -0.2814 -0.9509 0.1286
vn -0.0000 -0.9781 -0.2080
vn 0.3947 -0.9156 -0.0772
vn -0.3947 -0.9156 -0.0772
vn 0.3658 -0.9269 -0.0839
vn 0.4110 -0.9101 -0.0528
vn 0.4443 -0.8953 -0.0329
vn -0.0000 -0.9897 -0.1435
vn -0.3659 -0.9269 -0.0839
vn -0.4110 -0.9101 -0.0528
vn -0.4443 -0.8953 -0.0329
vn 0.3781 -0.5629 -0.7350
vn 0.3851 -0.5573 -0.7356
vn 0.3673 -0.5726 -0.7330
vn 0.3501 -0.5850 -0.7316
vn 0.4234 -0.5734 -0.7014
vn 0.3810 -0.5416 -0.7493
vn 0.0001 -0.5858 -0.8104
vn -0.0000 -0.5859 -0.8104
vn -0.3781 -0.5629 -0.7350
vn -0.3808 -0.5417 -0.7494
vn -0.3851 -0.5573 -0.7356
vn -0.3673 -0.5726 -0.7330
vn -0.3501 -0.5850 -0.7316
vn -0.4232 -0.5734 -0.7015
vn -0.0000 -0.1840 0.9829
vn -0.0001 -0.1839 0.9829
vn -0.0001 -0.1840 0.9829
vn 0.0001 -0.1840 0.9829
vn -0.0002 -0.1840 0.9829
vn 0.0001 -0.1839 0.9829
vn 1.0000 -0.0009 -0.0023
vn 1.0000 -0.0010 -0.0022
vn 1.0000 -0.0011 -0.0022
vn 1.0000 -0.0015 -0.0020
vn -0.0000 0.9856 0.1693
vn 0.2135 0.9628 0.1658
vn 0.0545 0.9841 0.1691
vn 0.9737 0.2240 0.0413
vn -0.2135 0.9632 0.1630
vn -0.0545 0.9841 0.1691
vn -0.9737 0.2240 0.0413
vn 0.0894 0.9693 0.2290
vn -0.0000 0.9829 0.1840
vn 0.0307 0.9796 0.1988
vn 0.0995 0.9512 0.2921
vn 0.0674 0.9509 0.3020
vn -0.0307 0.9796 0.1988
vn -0.0894 0.9693 0.2290
vn -0.0995 0.9512 0.2921
vn -0.0674 0.9509 0.3020
vn -1.0000 -0.0009 -0.0023
vn -1.0000 -0.0015 -0.0020
vn -1.0000 -0.0011 -0.0022
vn -0.0000 -0.0000 -1.0000
vn -0.9529 -0.0496 0.2991
vn -0.9543 -0.0500 0.2945
vn -0.9542 -0.0502 0.2949
vn -0.9530 -0.0491 0.2991
vn -0.9548 -0.0534 0.2924
vn -0.9555 -0.0552 0.2899
vn -0.9514 -0.0415 0.3051
vn -0.9576 -0.0359 0.2860
vn -0.9569 -0.0195 0.2898
vn -0.9469 0.0013 0.3215
vn -0.9476 0.0024 0.3193
vn -0.9568 -0.0562 0.2851
vn -0.9674 -0.0263 0.2519
vn -0.8339 -0.5487 0.0604
vn -0.9567 -0.1002 0.2732
vn -0.9542 -0.1434 0.2625
vn -0.9509 -0.1771 0.2538
vn -0.6912 -0.7206 -0.0547
vn -0.5822 -0.8054 -0.1110
vn -0.7763 -0.6303 -0.0123
vn -0.9262 -0.3330 0.1768
vn -0.9315 -0.3240 0.1653
vn -0.8937 -0.3735 0.2485
vn -0.8134 0.4041 0.4184
vn -0.6963 0.5251 0.4894
vn -0.8023 0.4109 0.4330
vn -0.6523 0.5269 0.5448
vn -0.6225 0.6073 0.4936
vn -0.6683 0.4342 0.6040
vn -0.8979 0.2029 0.3907
vn -0.8795 0.2373 0.4124
vn -0.8759 0.2441 0.4162
vn -0.8759 0.2442 0.4161
vn -0.9522 -0.0423 0.3027
vn -0.9522 -0.0422 0.3027
vn -0.9612 -0.0300 0.2742
vn -0.9614 -0.0298 0.2735
vn -0.9665 -0.0238 0.2557
vn -0.9665 -0.0237 0.2557
vn -0.9664 -0.0257 0.2558
vn -0.9664 -0.0258 0.2558
vn -0.9011 -0.1044 0.4210
vn -0.8031 0.0924 0.5887
vn -0.8553 0.0039 0.5182
vn -0.7843 0.1195 0.6087
vn 0.9028 -0.1950 -0.3833
vn 0.9209 -0.0592 -0.3852
vn 0.9188 -0.0648 -0.3893
vn 0.9267 -0.1059 -0.3606
vn 0.8977 -0.1988 -0.3932
vn 0.9352 -0.0795 -0.3451
vn 0.8927 -0.2215 -0.3925
vn 0.8900 -0.2242 -0.3971
vn 0.9195 -0.1299 -0.3711
vn 0.9448 0.0856 -0.3162
vn 0.9530 0.0641 -0.2960
vn 0.9460 0.0434 -0.3211
vn 0.9435 0.0292 -0.3300
vn 0.9498 0.0400 -0.3103
vn 0.9499 0.0402 -0.3099
vn 0.9379 -0.0146 -0.3465
vn 0.7392 0.3685 -0.5637
vn 0.9545 0.0729 -0.2893
vn 0.8896 0.1849 -0.4176
vn 0.1670 0.7577 0.6309
vn 0.1667 0.7577 0.6310
vn 0.2519 -0.9561 -0.1498
vn 0.2641 -0.9462 -0.1868
vn 0.2640 -0.9510 -0.1610
vn 0.1027 -0.9721 -0.2110
vn -0.0276 -0.9744 -0.2233
vn 0.3045 -0.2135 0.9283
vn 0.3044 -0.2135 0.9283
vn 0.3047 -0.2136 0.9282
vn 0.3048 -0.2136 0.9282
vn 0.0778 0.9242 0.3739
vn 0.0779 0.9242 0.3739
vn 0.0780 0.9242 0.3738
vn 0.0777 0.9242 0.3738
vn 0.7208 -0.6251 0.2993
vn -0.9944 0.0997 0.0336
vn -0.9945 0.0997 0.0336
vn -0.2350 0.7357 -0.6352
vn 0.8896 0.1848 -0.4177
vn 0.7392 0.3685 -0.5638
vn 0.9573 -0.0206 0.2883
vn 0.1476 0.2174 0.9649
vn 0.1119 -0.5254 0.8435
vn -0.8318 0.0243 0.5546
vn -0.9168 -0.0663 0.3938
vn -0.8506 0.3835 0.3597
vn 0.1349 0.5516 0.8231
vn 0.9363 0.3385 0.0938
vn 0.0061 0.9920 -0.1260
vn 0.9623 0.2353 -0.1363
vn 0.9872 -0.1141 0.1111
vn 0.9639 0.2077 -0.1667
vn 0.9734 -0.1842 0.1360
vn -0.0363 0.9164 -0.3985
vn 0.0973 -0.6347 0.7666
vn -0.9001 -0.1374 0.4135
vn -0.9477 0.2831 0.1476
vn -0.9596 0.2553 0.1185
vn 0.0860 -0.7064 0.7026
vn -0.0434 0.8961 -0.4417
vn 0.5261 -0.6399 0.5601
vn 0.1370 -0.4938 0.8587
vn 0.0659 -0.3686 0.9272
vn 0.2651 -0.5204 0.8117
vn -0.1362 -0.3077 0.9417
vn 0.1561 -0.2926 0.9434
vn 0.4309 -0.3201 0.8437
vn -0.0001 -0.5144 0.8576
vn -0.3360 -0.6208 0.7083
vn 0.2327 -0.3721 0.8985
vn 0.6584 -0.3938 0.6414
vn 0.9657 0.2208 -0.1369
vn -0.4204 -0.3711 0.8280
vn -0.9457 0.2622 0.1922
vn -0.9457 0.2622 0.1923
vn -0.1545 -0.6069 0.7796
vn 0.3807 -0.6182 0.6877
vn 0.1195 -0.6249 0.7715
vn 0.8250 -0.0998 -0.5562
vn 0.8385 -0.4788 -0.2601
vn 0.5625 -0.6113 -0.5567
vn 0.6650 -0.0751 -0.7431
vn 0.5823 -0.7248 -0.3683
vn 0.8164 -0.5699 -0.0934
vn 0.5991 0.5598 -0.5725
vn 0.7143 0.4878 -0.5018
vn 0.9585 -0.1300 -0.2538
vn 0.9601 -0.2473 -0.1303
vn 0.8434 -0.5275 0.1024
vn 0.9311 0.1893 -0.3118
vn 0.9650 0.1436 -0.2195
vn 0.8766 0.4660 0.1203
vn 0.8422 0.5019 -0.1970
vn 0.7375 0.6327 0.2363
vn 0.6422 0.7616 -0.0873
vn 0.6600 0.6799 -0.3197
vn 0.0471 0.9877 0.1494
vn 0.1142 0.8207 0.5599
vn -0.6019 0.7884 0.1269
vn -0.5888 0.6614 0.4647
vn -0.6997 0.7093 -0.0855
vn -0.8377 0.5383 0.0923
vn -0.8198 0.5210 -0.2377
vn -0.7319 0.5886 -0.3434
vn 0.1123 0.8291 0.5477
vn -0.5348 0.6441 0.5469
vn -0.7656 0.5015 0.4030
vn -0.7279 0.4516 0.5159
vn -0.9759 0.1856 0.1147
vn -0.9579 -0.2058 0.2000
vn -0.9729 0.2305 0.0161
vn 0.7134 0.6171 0.3320
vn 0.8768 0.4169 0.2396
vn -0.9927 -0.0878 0.0822
vn -0.8966 -0.4412 0.0388
vn -0.9670 -0.0609 -0.2475
vn -0.7414 -0.5831 -0.3322
vn -0.8238 -0.5344 0.1890
vn -0.7018 -0.6970 -0.1472
vn -0.8777 -0.0418 -0.4774
vn -0.7819 -0.4923 0.3823
vn -0.6398 -0.6516 0.4076
vn -0.5827 -0.8125 -0.0193
vn 0.0644 -0.8730 0.4835
vn -0.0331 -0.9972 -0.0668
vn 0.7113 -0.6808 0.1749
vn 0.5081 -0.8360 -0.2071
vn -0.5621 -0.6088 0.5599
vn 0.0838 -0.8048 0.5877
vn 0.6908 -0.6359 0.3441
vn -0.9452 0.2837 -0.1614
vn -0.9615 0.1940 -0.1948
vn -0.8474 0.2754 -0.4540
vn -0.6946 0.4735 -0.5416
vn -0.8916 -0.1296 -0.4339
vn -0.1544 0.3156 -0.9362
vn -0.5484 0.5116 -0.6615
vn -0.1316 0.5390 -0.8320
vn 0.3167 0.4929 -0.8104
vn 0.6576 0.2428 -0.7131
vn 0.4928 0.4478 -0.7460
vn 0.8479 0.2449 -0.4702
vn 0.8483 0.1548 -0.5064
vn 0.6890 -0.1638 -0.7060
vn 0.4609 -0.2429 -0.8536
vn -0.7295 -0.2172 -0.6486
vn -0.6194 -0.2537 -0.7429
vn -0.1680 -0.3053 -0.9373
vn 0.3242 -0.2741 -0.9054
vn -0.9201 -0.2983 0.2538
vn -0.9418 0.0579 0.3313
vn -0.9175 -0.3244 0.2301
vn -0.7611 -0.5598 0.3275
vn -0.6799 -0.6943 0.2361
vn -0.9290 -0.1505 0.3382
vn -0.7741 0.4348 0.4601
vn -0.9854 0.0338 0.1668
vn -0.7218 -0.6881 0.0743
vn -0.8324 -0.5532 -0.0346
vn -0.9993 0.0332 -0.0192
vn -0.8562 -0.5075 -0.0966
vn -0.9900 -0.1000 0.0995
vn -0.8806 -0.4586 -0.1194
vn -0.9648 -0.1293 0.2289
vn -0.7276 0.6438 0.2369
vn -0.9071 0.1803 0.3804
vn -0.8180 0.3782 0.4333
vn -0.5863 -0.1325 0.7992
vn -0.3968 -0.5547 0.7313
vn -0.6046 0.7106 0.3599
vn 0.0569 0.9765 0.2078
vn -0.3189 0.3788 0.8688
vn 0.1627 0.4218 0.8920
vn 0.6060 0.3587 0.7100
vn -0.7117 0.7011 0.0431
vn 0.0447 0.9899 0.1349
vn -0.9575 -0.2797 0.0703
vn -0.8887 -0.4575 -0.0287
vn -0.8116 -0.5117 0.2820
vn -0.8657 -0.1476 0.4783
vn -0.2685 0.1610 0.9497
vn 0.0229 0.9997 0.0087
vn -0.7059 0.6900 0.1601
vn -0.7318 0.5791 0.3593
vn 0.0426 0.9915 0.1226
vn 0.7473 0.6584 -0.0894
vn 0.7138 0.6704 -0.2026
vn 0.7912 0.6110 -0.0252
vn 0.9611 -0.1418 -0.2370
vn 0.9795 -0.1714 -0.1061
vn 0.9890 0.1383 0.0534
vn 0.9308 0.3407 0.1322
vn 0.7190 0.6824 0.1320
vn 0.7699 -0.4939 -0.4042
vn 0.7524 -0.5425 -0.3736
vn 0.9358 -0.0087 -0.3525
vn 0.7489 -0.5876 -0.3063
vn 0.9136 -0.3193 -0.2516
vn 0.8080 -0.4944 -0.3205
vn 0.5216 -0.6629 -0.5371
vn 0.4969 -0.8530 0.1597
vn 0.2843 -0.9582 -0.0331
vn 0.8373 -0.5468 -0.0014
vn 0.9688 -0.1873 0.1624
vn 0.5825 -0.7552 0.3006
vn 0.9851 -0.0093 -0.1719
vn 0.6755 -0.7183 -0.1663
vn 0.9814 -0.1919 0.0092
vn 0.9009 0.3986 0.1717
vn 0.6899 -0.7239 0.0002
vn 0.9999 0.0159 -0.0031
vn 0.9386 -0.3385 -0.0663
vn 0.8026 -0.5937 0.0582
vn 0.9272 -0.3643 -0.0876
vn 0.0002 -0.9920 0.1261
vn 0.0498 -0.9135 0.4038
vn -0.0402 -0.9932 -0.1088
vn -0.0679 -0.9591 -0.2748
vn -0.0883 -0.9142 -0.3954
vn -0.1100 -0.8375 -0.5353
vn -0.5634 -0.7206 0.4042
vn -0.1030 -0.8686 -0.4846
vn -0.6992 -0.6361 -0.3263
vn -0.3212 -0.9445 0.0694
vn -0.0096 -0.9976 0.0690
vn -0.4548 -0.8308 0.3208
vn -0.4797 -0.7322 0.4835
vn -0.5258 0.1476 0.8377
vn 0.5771 0.1427 0.8041
vn 0.7813 0.1193 0.6126
vn 0.5948 -0.5762 0.5606
vn 0.8106 -0.1666 0.5614
vn 0.6800 0.7253 0.1069
vn 0.7453 0.6378 0.1942
vn 0.0902 0.9079 0.4094
vn -0.6100 0.6671 0.4276
vn -0.5742 0.7524 0.3229
vn 0.8333 0.5453 0.0905
vn 0.6353 -0.7465 0.1978
vn 0.8608 -0.4415 0.2532
vn 0.1283 -0.5597 0.8187
vn 0.0768 -0.8274 0.5563
vn -0.7452 -0.4044 0.5303
vn -0.7535 -0.4014 0.5207
vn 0.8655 -0.4389 0.2414
vn -0.5387 -0.2226 0.8125
vn -0.8821 -0.2719 0.3847
vn 0.1570 -0.2791 0.9473
vn -0.4880 0.0412 0.8719
vn -0.8828 -0.0667 0.4650
vn 0.1664 0.3668 0.9153
vn 0.7692 -0.2529 0.5869
vn 0.7531 0.0125 0.6578
vn 0.9836 -0.1099 0.1430
vn 0.9468 -0.3143 0.0692
vn -0.8077 -0.3026 0.5060
vn 0.1212 0.7936 0.5962
vn -0.7106 0.4785 0.5158
vn -0.6960 0.5199 0.4952
vn 0.1134 0.8299 0.5462
vn -0.8715 0.2528 0.4202
vn -0.8507 0.3197 0.4173
vn 0.8631 0.4420 0.2443
vn 0.9723 0.2101 0.1021
vn 0.9548 0.2779 0.1057
vn 0.8443 0.4842 0.2294
vn 0.9161 -0.3425 0.2085
vn 0.9831 -0.1820 -0.0169
vn 0.7832 -0.5102 0.3553
vn 0.9247 -0.3647 0.1092
vn 0.1009 -0.7243 0.6820
vn 0.0839 -0.8002 0.5938
vn 0.0659 -0.8647 0.4980
vn -0.6411 -0.4772 0.6010
vn 0.0774 -0.8249 0.5600
vn 0.8205 -0.5602 0.1134
vn -0.7595 -0.5237 0.3860
vn -0.8501 -0.3236 0.4154
vn -0.9392 -0.1375 0.3148
vn -0.0792 0.8186 -0.5688
vn -0.2798 0.7891 -0.5468
vn -0.2694 0.8439 -0.4640
vn -0.0673 0.8600 -0.5059
vn -0.1607 0.2234 -0.9614
vn 0.1162 0.7799 -0.6150
vn 0.1365 0.8343 -0.5342
vn -0.2590 0.8454 -0.4671
vn -0.2239 0.7702 -0.5972
vn -0.0664 0.8632 -0.5005
vn -0.0841 0.7994 -0.5948
vn -0.1614 0.2119 -0.9639
vn -0.1577 -0.5019 -0.8504
vn -0.3037 -0.4667 -0.8306
vn -0.1435 -0.6517 -0.7448
vn -0.3494 -0.6347 -0.6892
vn -0.3803 -0.5079 -0.7729
vn -0.1537 -0.5571 -0.8161
vn -0.1416 -0.6674 -0.7311
vn -0.3791 -0.6366 -0.6716
vn 0.0768 -0.5183 -0.8517
vn 0.1038 -0.6474 -0.7550
vn 0.0690 -0.6442 -0.7618
vn -0.0134 -0.4732 -0.8809
vn -0.1436 -0.6517 -0.7448
vn -0.1584 -0.5010 -0.8508
vn 0.0451 0.7638 -0.6439
vn -0.0843 0.7990 -0.5954
vn -0.0663 0.8632 -0.5005
vn 0.1249 0.8365 -0.5336
vn -0.1572 0.2769 -0.9480
vn -0.1572 0.2770 -0.9479
vn -0.1571 0.2769 -0.9480
vn -0.1570 0.2769 -0.9480
vn -0.1571 0.2770 -0.9479
vn -0.1572 0.2768 -0.9480
vn -0.1573 0.2768 -0.9480
vn -0.1573 0.2770 -0.9479
vn -0.1574 0.2770 -0.9479
vn -0.1572 0.2769 -0.9479
vn -0.1573 0.2769 -0.9479
vn -0.1568 0.2768 -0.9480
vn -0.1568 0.2767 -0.9481
vn -0.1569 0.2769 -0.9480
vn -0.8439 0.4389 0.3084
vn -0.6625 0.5557 0.5023
vn -0.7664 0.6281 0.1342
vn -0.8833 0.4580 0.0998
vn -0.9183 0.2843 0.2756
vn -0.9770 0.0764 0.1989
vn -0.9879 0.1518 -0.0327
vn -0.9634 -0.1862 0.1928
vn -0.9596 -0.2773 -0.0475
vn -0.8632 -0.4847 0.1415
vn -0.9523 0.0221 0.3045
vn -0.8710 0.3125 0.3791
vn -0.8982 -0.3410 0.2773
vn -0.9267 0.1591 0.3404
vn -0.7179 0.5344 0.4462
vn -0.7475 -0.6365 0.1902
vn -0.8972 -0.2781 0.3430
vn 0.0897 0.8708 0.4834
vn 0.1565 0.5226 0.8381
vn 0.9431 -0.3310 0.0322
vn 0.9921 0.1240 0.0216
vn 0.7270 -0.6842 -0.0574
vn 0.0022 -0.9933 0.1156
vn -0.0046 -0.9943 0.1065
vn 0.0625 -0.8752 0.4796
vn -0.0141 -0.9984 0.0541
vn 0.9188 -0.3940 -0.0259
vn 0.9994 -0.0246 -0.0250
vn 0.9678 -0.1955 -0.1588
vn 0.9825 0.0341 -0.1830
vn 0.8648 -0.2786 -0.4178
vn 0.8895 0.1091 -0.4437
vn 0.9725 0.2169 -0.0853
vn 0.8781 0.3976 -0.2663
vn 0.8313 -0.5371 -0.1434
vn 0.6821 -0.6580 -0.3190
vn 0.9512 0.2955 0.0886
vn 0.9106 0.4119 0.0331
vn 0.7939 0.5963 -0.1192
vn 0.8141 0.5013 0.2931
vn 0.8340 0.5167 0.1936
vn 0.1616 0.9045 0.3947
vn 0.1842 0.7052 0.6846
vn 0.6874 -0.7209 -0.0882
vn 0.5522 -0.7760 -0.3047
vn -0.0796 -0.9481 -0.3080
vn -0.6854 -0.7216 -0.0975
vn -0.7361 -0.6610 0.1459
vn -0.7879 -0.6115 -0.0729
vn 0.4573 0.4149 -0.7866
vn 0.5276 0.5167 -0.6743
vn -0.1022 0.7167 -0.6898
vn 0.5463 0.5451 -0.6359
vn 0.3748 0.6082 -0.6998
vn -0.1080 0.6866 -0.7190
vn -0.5489 0.6377 -0.5404
vn -0.6675 0.5994 -0.4417
vn -0.6671 0.5791 -0.4686
vn -0.6593 0.4990 -0.5624
vn 0.3402 -0.3545 -0.8710
vn -0.1629 -0.3320 -0.9291
vn 0.3401 -0.3636 -0.8672
vn 0.2305 -0.2807 -0.9317
vn 0.0139 -0.1535 -0.9881
vn -0.1744 -0.1350 -0.9754
vn -0.3380 -0.1469 -0.9296
vn -0.5230 -0.2787 -0.8055
vn -0.6092 -0.3782 -0.6970
vn -0.6085 -0.3836 -0.6947
vn 0.9358 -0.3514 0.0283
vn 0.8745 0.3332 -0.3525
vn 0.9663 -0.2574 0.0050
vn 0.0698 -0.7925 0.6059
vn 0.0836 -0.7204 0.6885
vn -0.9352 -0.2113 0.2841
vn 0.0689 -0.7995 0.5967
vn -0.9040 -0.3062 0.2983
vn 0.8864 -0.4625 0.0193
vn 0.9412 -0.2725 -0.1998
vn 0.9714 -0.1280 -0.1998
vn 0.9797 -0.0389 -0.1967
vn 0.9805 -0.0406 -0.1925
vn 0.7988 0.3672 -0.4765
vn -0.8642 -0.4195 0.2778
vn -0.9710 -0.2252 0.0805
vn -0.9932 -0.0753 0.0888
vn -0.9958 0.0119 0.0903
vn -0.9957 0.0046 0.0922
vn -0.9222 0.3763 -0.0891
vn -0.9610 0.2745 -0.0332
vn -0.0367 0.9155 -0.4007
vn -0.0328 0.9264 -0.3752
vn 0.9228 0.2290 -0.3099
vn -0.0491 0.8781 -0.4760
vn -0.6054 0.6981 -0.3824
vn -0.8903 0.3941 -0.2282
vn 0.5014 0.6724 -0.5446
vn -0.7446 0.6668 -0.0296
vn -0.6455 0.7611 -0.0632
vn -0.8513 0.5081 -0.1310
vn -0.9904 0.1384 -0.0025
vn -0.9848 0.0975 0.1438
vn -0.9799 0.1995 0.0076
vn -0.9994 -0.0022 0.0340
vn -0.9805 0.1942 0.0304
vn -0.9681 -0.1748 0.1794
vn -0.9348 -0.3351 0.1180
vn -0.9581 -0.2349 0.1641
vn -0.9258 -0.3746 -0.0513
vn -0.9634 -0.0761 0.2569
vn -0.7763 -0.6203 -0.1119
vn -0.8216 -0.5694 -0.0265
vn -0.7882 -0.6153 0.0127
vn 0.0178 -0.9605 0.2777
vn 0.0169 -0.9605 0.2779
vn 0.7512 -0.6075 -0.2580
vn 0.7284 -0.6520 -0.2106
vn 0.8526 -0.4189 -0.3123
vn 0.6806 -0.6563 -0.3257
vn 0.9050 -0.3944 -0.1595
vn 0.9470 -0.3032 -0.1062
vn 0.9691 -0.2211 -0.1097
vn 0.9626 -0.0577 -0.2646
vn 0.9929 -0.1173 -0.0206
vn 0.9895 0.0436 -0.1381
vn 0.9504 0.1473 -0.2738
vn 0.7990 0.4670 -0.3788
vn 0.9466 0.1571 -0.2817
vn 0.7019 0.6604 -0.2668
vn 0.9561 0.1034 -0.2743
vn 0.6208 0.7445 -0.2457
vn -0.0701 0.7903 -0.6087
vn -0.1455 -0.3332 -0.9316
vn -0.8617 -0.1892 -0.4708
vn -0.1436 -0.3820 -0.9129
vn 0.6790 -0.2271 -0.6981
vn 0.2861 -0.3655 -0.8857
vn 0.9552 -0.0631 -0.2892
vn 0.9688 -0.0499 -0.2426
vn 0.9623 -0.0315 -0.2700
vn 0.8728 -0.0960 -0.4785
vn -0.5493 -0.3438 -0.7616
vn -0.9999 -0.0156 -0.0037
vn -0.9989 -0.0017 0.0476
vn -0.9997 0.0167 0.0195
vn -0.9774 -0.0507 -0.2054
vn -0.9641 0.2173 0.1525
vn -0.9881 0.1447 0.0521
vn -0.9858 -0.0212 0.1665
vn -0.9534 0.2153 0.2114
vn -0.9618 0.0170 0.2732
vn -0.9097 -0.2971 0.2901
vn -0.8810 -0.4138 0.2295
vn 0.0104 -0.9726 0.2321
vn 0.0259 -0.9425 0.3333
vn 0.8887 -0.4573 -0.0313
vn 0.9393 -0.3426 0.0175
vn 0.9897 -0.0697 -0.1248
vn 0.9994 -0.0311 -0.0160
vn 0.8634 -0.4861 -0.1350
vn -0.0275 -0.9994 -0.0204
vn -0.8879 -0.4431 0.1233
vn 0.9831 0.1676 -0.0742
vn 0.9764 0.1698 -0.1335
vn 0.9669 0.0968 -0.2362
vn 0.9616 -0.1211 -0.2462
vn 0.8105 -0.4239 -0.4041
vn 0.6832 -0.3201 -0.6563
vn -0.1028 -0.8216 -0.5607
vn -0.9120 -0.3817 -0.1502
vn -0.9964 -0.0731 0.0425
vn -0.1388 -0.4919 -0.8595
vn 0.6353 -0.1274 -0.7617
vn -0.1478 -0.1724 -0.9739
vn -0.8580 -0.2824 -0.4290
vn -0.8334 -0.0915 -0.5451
vn 0.1451 0.3578 0.9225
vn 0.2455 0.3364 0.9092
vn 0.1455 0.3372 0.9301
vn 0.0437 0.3414 0.9389
vn 0.1447 0.3611 0.9212
vn 0.1444 0.3611 0.9213
vn -0.0604 0.8341 -0.5482
vn -0.0661 0.8100 -0.5826
vn 0.0291 0.9991 0.0315
vn -0.0660 0.8099 -0.5828
vn -0.0556 0.8536 -0.5180
vn -0.0554 0.8537 -0.5178
vn -0.0554 0.8535 -0.5182
vn 0.0322 0.9981 0.0526
vn 0.0521 0.9803 0.1903
vn 0.0514 0.9812 0.1858
vn 0.0201 0.9993 -0.0306
vn 0.0199 0.9993 -0.0306
vn 0.0200 0.9993 -0.0308
vn 0.0320 0.9982 0.0513
vn 0.6360 0.3461 0.6897
vn 0.6357 0.7113 0.2999
vn 0.1426 0.4158 0.8982
vn 0.9857 0.1202 0.1184
vn 0.9739 0.2270 -0.0078
vn 0.9889 0.0081 -0.1482
vn 0.9718 0.0259 0.2345
vn 0.9580 0.2398 -0.1573
vn 0.9421 0.1949 -0.2728
vn 0.9325 0.0946 -0.3484
vn 0.9275 0.0375 -0.3719
vn 0.5572 0.2227 -0.8000
vn 0.5292 0.3803 -0.7585
vn 0.5711 0.6584 -0.4903
vn 0.6076 0.7859 -0.1151
vn 0.5126 0.0554 0.8569
vn 0.1473 0.0791 0.9859
vn -0.3927 0.3713 0.8414
vn -0.4873 0.7388 0.4655
vn -0.9026 0.1664 0.3969
vn -0.8604 0.0708 0.5048
vn -0.9881 0.0565 0.1433
vn -0.9226 0.2736 0.2719
vn -0.9500 0.2866 0.1240
vn -0.9703 0.2417 0.0092
vn -0.5766 0.8149 0.0595
vn -0.6560 0.6884 -0.3093
vn -0.9878 0.1416 -0.0652
vn -0.9924 0.0846 -0.0888
vn -0.7066 0.4106 -0.5763
vn -0.7529 0.2548 -0.6068
vn -0.2405 0.0739 0.9678
vn -0.1129 0.5134 -0.8507
vn -0.1278 0.3529 -0.9269
vn -0.0524 0.8649 -0.4993
vn 0.0227 0.9997 -0.0123
vn 0.0944 0.8627 0.4968
vn -0.1071 0.2461 0.9633
vn -0.9479 0.0326 0.3170
vn -0.1108 -0.5001 0.8588
vn 0.8486 -0.0037 0.5289
vn 0.9243 -0.1020 0.3678
vn 0.8787 0.3497 0.3249
vn -0.0828 0.5760 0.8132
vn -0.9156 0.3857 0.1135
vn 0.0377 0.9880 -0.1497
vn -0.9537 0.2787 -0.1133
vn -0.9877 -0.0633 0.1431
vn -0.9575 0.2505 -0.1429
vn -0.9765 -0.1334 0.1694
vn 0.0679 0.9043 -0.4215
vn -0.1040 -0.6117 0.7842
vn 0.9048 -0.1716 0.3898
vn 0.9643 0.2399 0.1124
vn 0.9739 0.2109 0.0837
vn -0.0982 -0.6852 0.7217
vn 0.0726 0.8827 -0.4643
vn -0.8679 0.3674 -0.3342
vn -0.9503 -0.3046 0.0646
vn -0.9769 -0.2099 0.0400
vn -0.0890 -0.7742 0.6266
vn -0.0968 -0.6996 0.7079
vn 0.9323 -0.2501 0.2613
vn -0.0887 -0.7814 0.6177
vn 0.8971 -0.3430 0.2786
vn -0.9065 -0.4183 0.0568
vn -0.9589 -0.2308 -0.1650
vn -0.9822 -0.0850 -0.1677
vn -0.9860 0.0044 -0.1664
vn -0.9868 0.0028 -0.1622
vn -0.7946 0.3947 -0.4613
vn 0.8512 -0.4547 0.2620
vn 0.9611 -0.2703 0.0570
vn 0.9907 -0.1216 0.0610
vn 0.9976 -0.0346 0.0603
vn -0.4851 0.6835 -0.5455
vn 0.9972 -0.0408 0.0622
vn 0.9360 0.3289 -0.1255
vn 0.9716 0.2264 -0.0684
vn 0.0681 0.9034 -0.4234
vn 0.0656 0.9150 -0.3980
vn -0.9199 0.2666 -0.2877
vn 0.0765 0.8636 -0.4983
vn 0.6261 0.6589 -0.4170
vn 0.9007 0.3450 -0.2641
vn 0.6790 0.7272 -0.1008
vn 0.7745 0.6289 -0.0678
vn 0.8702 0.4630 -0.1685
vn 0.9953 0.0899 -0.0353
vn 0.9923 0.0526 0.1120
vn 0.9881 0.1517 -0.0264
vn 0.9987 -0.0501 0.0043
vn 0.9891 0.1469 -0.0035
vn 0.9637 -0.2177 0.1546
vn 0.9208 -0.3774 0.0981
vn 0.9503 -0.2775 0.1411
vn 0.9047 -0.4204 -0.0697
vn 0.9661 -0.1172 0.2300
vn 0.7418 -0.6598 -0.1200
vn 0.7922 -0.6092 -0.0372
vn 0.7577 -0.6526 0.0041
vn -0.0553 -0.9520 0.3012
vn -0.0544 -0.9520 0.3013
vn -0.7871 -0.5759 -0.2208
vn -0.7650 -0.6203 -0.1730
vn -0.8810 -0.3839 -0.2766
vn -0.7210 -0.6296 -0.2894
vn -0.9274 -0.3534 -0.1229
vn -0.9633 -0.2591 -0.0706
vn -0.9815 -0.1760 -0.0754
vn -0.9720 -0.0168 -0.2344
vn -0.9975 -0.0690 0.0117
vn -0.9900 0.0886 -0.1096
vn -0.9503 0.1872 -0.2489
vn -0.7870 0.4966 -0.3660
vn -0.9462 0.1966 -0.2571
vn -0.6773 0.6876 -0.2617
vn -0.9580 0.1436 -0.2481
vn -0.5916 0.7681 -0.2451
vn 0.0890 0.7718 -0.6296
vn 0.8367 -0.2416 -0.4915
vn 0.1004 -0.3609 -0.9272
vn 0.0968 -0.4091 -0.9073
vn -0.7104 -0.2095 -0.6719
vn -0.3306 -0.3711 -0.8677
vn -0.9656 -0.0231 -0.2590
vn -0.9771 -0.0082 -0.2124
vn -0.9706 0.0093 -0.2404
vn -0.8908 -0.0641 -0.4498
vn 0.5083 -0.3874 -0.7691
vn 0.9974 -0.0644 -0.0331
vn 0.9986 -0.0493 0.0179
vn 0.9994 -0.0316 -0.0107
vn 0.9670 -0.1029 -0.2332
vn -0.1828 -0.4409 0.8788
vn -0.5706 -0.5843 0.5771
vn -0.1076 -0.3158 0.9427
vn -0.3108 -0.4640 0.8295
vn 0.0967 -0.2636 0.9598
vn -0.1943 -0.2349 0.9524
vn -0.4675 -0.2547 0.8465
vn -0.0468 -0.4679 0.8825
vn 0.2873 -0.5976 0.7486
vn -0.2735 -0.3130 0.9095
vn -0.6930 -0.3283 0.6418
vn -0.9501 0.2580 -0.1755
vn 0.3804 -0.3461 0.8576
vn 0.9518 0.2277 0.2054
vn 0.1049 -0.5715 0.8139
vn -0.4278 -0.5627 0.7074
vn -0.1688 -0.5771 0.7990
vn -0.8143 -0.0903 -0.5734
vn -0.6483 -0.0832 -0.7568
vn -0.5765 -0.6129 -0.5403
vn -0.8535 -0.4523 -0.2588
vn -0.6066 -0.7153 -0.3470
vn -0.8401 -0.5354 -0.0872
vn -0.5564 0.5561 -0.6174
vn -0.6768 0.4934 -0.5464
vn -0.9567 -0.0985 -0.2739
vn -0.9672 -0.2089 -0.1447
vn -0.8700 -0.4816 0.1054
vn -0.9125 0.2157 -0.3475
vn -0.9509 0.1766 -0.2540
vn -0.8561 0.5119 0.0711
vn -0.8117 0.5295 -0.2464
vn -0.7122 0.6779 0.1823
vn -0.6025 0.7849 -0.1446
vn -0.6181 0.6921 -0.3729
vn -0.0036 0.9953 0.0970
vn -0.0892 0.8535 0.5134
vn 0.6354 0.7652 0.1033
vn 0.6075 0.6568 0.4467
vn 0.7349 0.6705 -0.1020
vn 0.8598 0.5029 0.0883
vn 0.8497 0.4691 -0.2407
vn 0.7680 0.5349 -0.3522
vn -0.0866 0.8612 0.5009
vn 0.5506 0.6465 0.5281
vn 0.7780 0.4858 0.3984
vn 0.7351 0.4438 0.5125
vn 0.9804 0.1458 0.1328
vn 0.9415 -0.2393 0.2375
vn 0.9821 0.1855 0.0319
vn -0.6914 0.6663 0.2794
vn -0.8618 0.4693 0.1928
vn 0.9849 -0.1295 0.1149
vn 0.8730 -0.4798 0.0870
vn 0.9691 -0.1187 -0.2162
vn 0.7210 -0.6336 -0.2805
vn 0.7921 -0.5614 0.2396
vn 0.6712 -0.7357 -0.0911
vn 0.8868 -0.1077 -0.4494
vn 0.7472 -0.5073 0.4293
vn 0.5970 -0.6582 0.4587
vn 0.5434 -0.8386 0.0391
vn -0.1187 -0.8424 0.5257
vn -0.0131 -0.9998 -0.0144
vn -0.7474 -0.6368 0.1894
vn -0.5420 -0.8213 -0.1782
vn 0.5175 -0.6039 0.6062
vn -0.1375 -0.7679 0.6256
vn -0.7293 -0.5840 0.3565
vn 0.9616 0.2305 -0.1488
vn 0.7304 0.4114 -0.5452
vn 0.8711 0.2114 -0.4432
vn 0.9744 0.1385 -0.1770
vn 0.8954 -0.1936 -0.4010
vn 0.1937 0.2584 -0.9464
vn 0.5893 0.4499 -0.6710
vn 0.1791 0.4877 -0.8545
vn -0.2715 0.4636 -0.8434
vn -0.6264 0.2353 -0.7431
vn -0.4512 0.4302 -0.7819
vn -0.8226 0.2589 -0.5062
vn -0.8264 0.1672 -0.5377
vn -0.6775 -0.1685 -0.7159
vn -0.4496 -0.2659 -0.8527
vn 0.7349 -0.2848 -0.6155
vn 0.6257 -0.3210 -0.7110
vn 0.1777 -0.3618 -0.9152
vn -0.3133 -0.3061 -0.8990
vn 0.9345 0.0314 0.3545
vn 0.8978 -0.3270 0.2950
vn 0.8946 -0.3541 0.2725
vn 0.7246 -0.5766 0.3774
vn 0.6395 -0.7117 0.2908
vn 0.9116 -0.1755 0.3718
vn 0.7818 0.4220 0.4590
vn 0.9812 -0.0034 0.1928
vn 0.6858 -0.7160 0.1301
vn 0.8055 -0.5923 0.0177
vn 0.9999 -0.0144 0.0076
vn 0.8331 -0.5512 -0.0459
vn 0.9811 -0.1405 0.1327
vn 0.8604 -0.5048 -0.0705
vn 0.9513 -0.1618 0.2625
vn 0.7512 0.6208 0.2241
vn 0.9045 0.1577 0.3963
vn 0.8237 0.3620 0.4365
vn 0.5582 -0.1173 0.8213
vn 0.3506 -0.5332 0.7699
vn 0.6283 0.6997 0.3401
vn -0.0154 0.9877 0.1554
vn 0.3140 0.4088 0.8569
vn -0.1657 0.4756 0.8639
vn -0.6063 0.4235 0.6731
vn 0.7432 0.6685 0.0272
vn -0.0006 0.9966 0.0825
vn 0.9408 -0.3198 0.1119
vn 0.8662 -0.4993 0.0202
vn 0.7785 -0.5333 0.3309
vn 0.8449 -0.1623 0.5098
vn 0.2511 0.1981 0.9475
vn 0.0249 0.9988 -0.0433
vn 0.7338 0.6639 0.1444
vn 0.7488 0.5627 0.3503
vn 0.0017 0.9975 0.0702
vn -0.7123 0.6869 -0.1444
vn -0.6753 0.6913 -0.2571
vn -0.7601 0.6450 -0.0791
vn -0.9603 -0.1093 -0.2567
vn -0.9835 -0.1310 -0.1250
vn -0.9822 0.1868 0.0180
vn -0.9166 0.3900 0.0879
vn -0.6887 0.7210 0.0762
vn -0.7819 -0.4781 -0.4000
vn -0.7676 -0.5258 -0.3665
vn -0.9256 0.0163 -0.3781
vn -0.7680 -0.5674 -0.2969
vn -0.9210 -0.2893 -0.2608
vn -0.8222 -0.4725 -0.3175
vn -0.5387 -0.6653 -0.5169
vn -0.5412 -0.8194 0.1891
vn -0.3290 -0.9443 0.0081
vn -0.8622 -0.5066 0.0028
vn -0.9805 -0.1333 0.1441
vn -0.6257 -0.7103 0.3224
vn -0.9796 0.0275 -0.1992
vn -0.7046 -0.6939 -0.1483
vn -0.9894 -0.1452 -0.0089
vn -0.8849 0.4486 0.1252
vn -0.7236 -0.6900 0.0178
vn -0.9975 0.0622 -0.0324
vn -0.9517 -0.2975 -0.0755
vn -0.8314 -0.5518 0.0658
vn -0.9410 -0.3249 -0.0951
vn -0.0511 -0.9829 0.1769
vn -0.1040 -0.8876 0.4487
vn -0.0046 -0.9984 -0.0564
vn 0.0290 -0.9744 -0.2230
vn 0.0547 -0.9369 -0.3453
vn 0.0838 -0.8688 -0.4881
vn 0.5174 -0.7237 0.4566
vn 0.0731 -0.8968 -0.4363
vn 0.6762 -0.6842 -0.2731
vn 0.2736 -0.9534 0.1270
vn -0.0400 -0.9919 0.1205
vn 0.4060 -0.8330 0.3760
vn 0.4313 -0.7272 0.5340
vn 0.5103 0.1670 0.8436
vn -0.7904 0.1876 0.5832
vn -0.5903 0.2115 0.7790
vn -0.6361 -0.5175 0.5723
vn -0.8320 -0.0989 0.5459
vn -0.7187 0.6811 0.1398
vn -0.6470 0.7608 0.0502
vn -0.0571 0.9314 0.3594
vn 0.6300 0.6597 0.4099
vn 0.6009 0.7410 0.2999
vn -0.8084 0.5874 0.0379
vn -0.6753 -0.7047 0.2178
vn 0.6688 0.5576 0.4917
vn 0.8510 0.4239 0.3099
vn 0.7853 0.6065 0.1241
vn 0.8970 0.4302 0.1018
vn 0.9203 0.2651 0.2876
vn 0.9733 0.0514 0.2237
vn 0.9935 0.1136 -0.0110
vn 0.9498 -0.2105 0.2314
vn 0.9493 -0.3144 -0.0037
vn 0.8397 -0.5075 0.1931
vn 0.9435 0.0038 0.3315
vn 0.8713 0.3006 0.3880
vn 0.8764 -0.3580 0.3220
vn 0.9222 0.1434 0.3592
vn 0.7249 0.5313 0.4384
vn 0.7170 -0.6521 0.2463
vn 0.8760 -0.2915 0.3842
vn -0.0699 0.8986 0.4332
vn -0.1602 0.5729 0.8038
vn -0.9555 -0.2942 0.0215
vn -0.9868 0.1612 -0.0150
vn -0.7507 -0.6593 -0.0427
vn -0.0433 -0.9848 0.1684
vn -0.0363 -0.9865 0.1596
vn -0.1094 -0.8450 0.5235
vn -0.0255 -0.9939 0.1077
vn -0.9320 -0.3609 -0.0326
vn -0.9985 0.0106 -0.0538
vn -0.9697 -0.1683 -0.1772
vn -0.9750 0.0600 -0.2141
vn -0.8627 -0.2691 -0.4282
vn -0.8719 0.1173 -0.4755
vn -0.9607 0.2473 -0.1261
vn -0.8544 0.4143 -0.3135
vn -0.8468 -0.5133 -0.1395
vn -0.6975 -0.6490 -0.3039
vn -0.9414 0.3345 0.0440
vn -0.8948 0.4461 -0.0164
vn -0.7669 0.6175 -0.1747
vn -0.8023 0.5460 0.2412
vn -0.8188 0.5567 0.1405
vn -0.1380 0.9300 0.3408
vn -0.1764 0.7477 0.6402
vn -0.7117 -0.6990 -0.0703
vn -0.5726 -0.7708 -0.2794
vn 0.0520 -0.9657 -0.2545
vn 0.6599 -0.7504 -0.0382
vn 0.7059 -0.6785 0.2031
vn 0.7658 -0.6429 -0.0164
vn -0.4883 0.4981 -0.7166
vn -0.4188 0.3883 -0.8208
vn 0.1488 0.6739 -0.7237
vn -0.5070 0.5293 -0.6803
vn -0.3315 0.5824 -0.7422
vn 0.1545 0.6419 -0.7511
vn 0.5878 0.5869 -0.5569
vn 0.7020 0.5497 -0.4528
vn 0.7016 0.5280 -0.4785
vn 0.6932 0.4436 -0.5680
vn 0.1762 -0.3879 -0.9047
vn -0.3288 -0.3887 -0.8607
vn -0.3292 -0.3977 -0.8564
vn -0.2148 -0.3224 -0.9219
vn 0.0080 -0.2065 -0.9784
vn 0.1964 -0.1942 -0.9611
vn 0.3581 -0.2096 -0.9099
vn 0.5344 -0.3411 -0.7733
vn 0.6137 -0.4376 -0.6572
vn 0.6127 -0.4427 -0.6546
vn -0.1725 -0.5092 0.8432
vn -0.8838 -0.3953 0.2503
vn -0.1239 -0.7925 0.5971
vn 0.7140 -0.4019 0.5733
vn 0.7227 -0.3997 0.5638
vn -0.8881 -0.3931 0.2382
vn 0.5068 -0.1976 0.8391
vn 0.8599 -0.2826 0.4251
vn -0.1941 -0.2212 0.9557
vn 0.4645 0.0708 0.8827
vn 0.8662 -0.0735 0.4943
vn -0.1780 0.4220 0.8889
vn -0.7944 -0.1923 0.5761
vn -0.7703 0.0759 0.6332
vn -0.9907 -0.0659 0.1189
vn -0.9597 -0.2752 0.0573
vn 0.7810 -0.3040 0.5455
vn -0.1076 0.8289 0.5490
vn 0.7136 0.4796 0.5106
vn 0.7012 0.5203 0.4875
vn -0.0970 0.8621 0.4974
vn 0.8684 0.2432 0.4322
vn 0.8502 0.3106 0.4251
vn -0.8521 0.4859 0.1942
vn -0.9661 0.2508 0.0614
vn -0.9461 0.3180 0.0618
vn -0.8313 0.5266 0.1777
vn -0.9340 -0.2969 0.1988
vn -0.9885 -0.1466 -0.0368
vn -0.8118 -0.4611 0.3582
vn -0.9407 -0.3241 0.1005
vn -0.1476 -0.6819 0.7164
vn -0.1311 -0.7631 0.6329
vn -0.1128 -0.8333 0.5413
vn 0.6053 -0.4669 0.6447
vn -0.1246 -0.7898 0.6006
vn -0.8442 -0.5228 0.1183
vn 0.7278 -0.5293 0.4361
vn 0.8252 -0.3314 0.4575
vn 0.9240 -0.1544 0.3498
vn 0.1263 0.7830 -0.6090
vn 0.1143 0.8281 -0.5488
vn 0.3145 0.8069 -0.5000
vn 0.3250 0.7474 -0.5795
vn 0.1961 0.1645 -0.9667
vn -0.0690 0.7490 -0.6590
vn -0.0895 0.8084 -0.5818
vn 0.3041 0.8087 -0.5035
vn 0.2698 0.7278 -0.6305
vn 0.1133 0.8317 -0.5436
vn 0.1314 0.7623 -0.6338
vn 0.1964 0.1531 -0.9685
vn 0.1964 0.1530 -0.9685
vn 0.1628 -0.5529 -0.8172
vn 0.3089 -0.5220 -0.7950
vn 0.1397 -0.6961 -0.7042
vn 0.3443 -0.6837 -0.6435
vn 0.3822 -0.5628 -0.7329
vn 0.1551 -0.6060 -0.7802
vn 0.1365 -0.7110 -0.6898
vn 0.3733 -0.6857 -0.6249
vn -0.0726 -0.5609 -0.8247
vn -0.1072 -0.6834 -0.7222
vn -0.0721 -0.6818 -0.7280
vn 0.0202 -0.5207 -0.8535
vn 0.1393 -0.6961 -0.7043
vn 0.1629 -0.5520 -0.8178
vn 0.1965 0.1530 -0.9685
vn 0.0022 0.7288 -0.6847
vn 0.1314 0.7617 -0.6344
vn 0.1131 0.8317 -0.5437
vn -0.0778 0.8102 -0.5810
vn 0.1940 0.2190 -0.9562
vn 0.1943 0.2188 -0.9562
vn 0.1942 0.2188 -0.9562
vn 0.1941 0.2188 -0.9563
vn 0.1943 0.2186 -0.9563
vn 0.1944 0.2190 -0.9562
vn 0.1941 0.2189 -0.9562
vn 0.1943 0.2189 -0.9562
vn 0.1944 0.2189 -0.9562
vn 0.1939 0.2189 -0.9563
vn 0.1942 0.2189 -0.9562
vn 0.1940 0.2190 -0.9563
vn 0.1941 0.2189 -0.9563
vn 0.1942 0.2190 -0.9562
vn 0.9950 0.0976 0.0191
vn 0.9777 0.1735 0.1183
vn 0.9883 -0.0655 0.1376
vn 0.9687 0.1733 0.1775
vn 0.9695 -0.0237 0.2440
vn 0.9030 -0.3343 0.2700
vn 0.8668 -0.4509 0.2131
vn -0.0499 -0.9654 0.2558
vn -0.0609 -0.9323 0.3566
vn -0.9102 -0.4141 0.0062
vn -0.9537 -0.2960 0.0538
vn -0.9953 -0.0242 -0.0935
vn -0.9997 0.0173 0.0145
vn -0.8895 -0.4464 -0.0974
vn -0.0211 -0.9998 0.0029
vn 0.8690 -0.4829 0.1074
vn -0.9757 0.2134 -0.0490
vn -0.9707 0.2141 -0.1087
vn -0.9679 0.1384 -0.2096
vn -0.9735 -0.0797 -0.2145
vn -0.8420 -0.3930 -0.3695
vn -0.7178 -0.3013 -0.6277
vn 0.0459 -0.8382 -0.5435
vn 0.8875 -0.4290 -0.1680
vn 0.9926 -0.1206 0.0145
vn 0.0884 -0.5175 -0.8511
vn -0.6640 -0.1136 -0.7391
vn 0.1092 -0.2014 -0.9734
vn 0.8298 -0.3335 -0.4474
vn 0.8108 -0.1443 -0.5673
vn -0.2010 0.3684 0.9077
vn -0.0989 0.3853 0.9175
vn -0.1003 0.3649 0.9256
vn 0.0017 0.3643 0.9313
vn -0.0987 0.3884 0.9162
vn 0.0828 0.8175 -0.5699
vn 0.0198 0.9998 0.0082
vn 0.0868 0.7924 -0.6038
vn 0.0869 0.7923 -0.6039
vn 0.0803 0.8379 -0.5399
vn 0.0804 0.8380 -0.5397
vn 0.0804 0.8378 -0.5401
vn 0.0174 0.9994 0.0294
vn 0.0009 0.9858 0.1680
vn 0.0015 0.9865 0.1635
vn 0.0174 0.9994 0.0295
vn 0.0009 0.9858 0.1681
vn 0.0270 0.9982 -0.0545
vn 0.0272 0.9982 -0.0543
vn 0.0172 0.9995 0.0280
vn -0.5913 0.7480 0.3014
vn -0.5971 0.3922 0.6997
vn -0.0947 0.4425 0.8918
vn -0.9746 0.1707 0.1448
vn -0.9616 0.2739 0.0158
vn -0.9915 0.0529 -0.1189
vn -0.9617 0.0785 0.2627
vn -0.9498 0.2826 -0.1345
vn -0.9397 0.2343 -0.2493
vn -0.9373 0.1320 -0.3226
vn -0.9357 0.0742 -0.3450
vn -0.5703 0.2313 -0.7882
vn -0.5335 0.3883 -0.7514
vn -0.5537 0.6742 -0.4888
vn -0.5724 0.8117 -0.1159
vn -0.4827 0.0999 0.8701
vn -0.1128 0.1085 0.9877
vn 0.4359 0.3708 0.8201
vn 0.5364 0.7245 0.4328
vn 0.9214 0.1312 0.3657
vn 0.8780 0.0402 0.4770
vn 0.9936 0.0116 0.1124
vn 0.9427 0.2343 0.2376
vn 0.9660 0.2427 0.0887
vn 0.9806 0.1943 -0.0255
vn 0.6166 0.7870 0.0226
vn 0.6784 0.6485 -0.3453
vn 0.9909 0.0919 -0.0980
vn 0.9921 0.0341 -0.1203
vn 0.7074 0.3625 -0.6068
vn 0.7452 0.2040 -0.6349
vn 0.2732 0.0841 0.9583
vn 0.1110 0.4879 -0.8658
vn 0.1159 0.3253 -0.9385
vn 0.0784 0.8497 -0.5214
vn 0.0250 0.9990 -0.0358
vn -0.0375 0.8773 0.4784
vn 0.5862 -0.8063 -0.0785
vn 0.8302 -0.5475 0.1052
vn 0.4703 -0.8713 -0.1399
vn 0.8694 -0.4698 0.1531
vn 0.7053 -0.7089 -0.0100
vn 0.7472 -0.6645 0.0092
vn 0.5299 -0.8275 -0.1855
vn 0.5566 -0.8164 -0.1538
vn 0.5194 -0.8320 -0.1948
vn 0.9421 -0.0993 0.3204
vn 0.9373 -0.1039 0.3327
vn 0.9453 -0.0959 0.3118
vn 0.8518 0.2859 0.4389
vn 0.8084 0.3738 0.4548
vn 0.5517 0.6796 0.4835
vn 0.4324 0.7642 0.4786
vn 0.7196 0.5220 0.4579
vn 0.6756 0.5662 0.4722
vn 0.4928 0.7641 0.4163
vn 0.5205 0.7359 0.4331
vn 0.4821 0.7731 0.4122
vn 0.9569 0.1219 -0.2635
vn 0.9569 0.1221 -0.2635
vn 0.9642 0.1132 -0.2398
vn -0.9665 0.0709 -0.2468
vn -0.9709 0.0781 -0.2263
vn -0.9409 -0.1545 -0.3015
vn -0.9643 0.0740 -0.2544
vn -0.9509 0.2768 -0.1384
vn -0.9703 0.0517 -0.2363
vn -0.3101 0.8832 0.3518
vn 0.4444 0.7586 0.4764
vn 0.4106 0.7698 0.4886
vn 0.5677 0.6601 0.4919
vn -0.2685 -0.9067 -0.3252
vn 0.4822 -0.8652 -0.1377
vn 0.4491 -0.8830 -0.1364
vn 0.6015 -0.7966 -0.0592
vn 0.3047 -0.3307 0.8932
vn 0.3028 -0.3126 0.9003
vn 0.2711 -0.3118 0.9106
vn 0.2470 -0.3377 0.9083
vn 0.2722 -0.3578 0.8932
vn 0.3036 -0.3491 0.8865
vn 0.2709 -0.3350 0.9024
vn 0.2497 -0.3388 0.9071
vn 0.1759 -0.3384 0.9244
vn 0.2136 -0.3412 0.9154
vn 0.1762 -0.3508 0.9197
vn 0.2497 -0.3361 0.9081
vn 0.9570 0.1221 -0.2633
vn 0.8915 0.2033 0.4048
vn 0.8927 0.2005 0.4037
vn 0.8917 0.2028 0.4046
vn 0.9579 -0.0818 0.2752
vn 0.8824 -0.1016 -0.4594
vn 0.8874 -0.1483 -0.4366
vn 0.8797 -0.0827 -0.4683
vn 0.7753 0.2391 -0.5846
vn 0.8683 0.4074 -0.2829
vn 0.8704 0.4158 -0.2637
vn 0.8738 0.4359 -0.2157
vn 0.9937 0.0825 0.0753
vn 0.9921 0.0921 0.0854
vn 0.9989 0.0055 0.0469
vn 0.9990 0.0256 0.0359
vn 0.9995 0.0118 0.0294
vn 0.9997 -0.0023 0.0254
vn 0.9973 -0.0714 0.0172
vn 0.9962 -0.0846 0.0184
vn -0.9391 0.0607 -0.3383
vn -0.9408 0.1005 -0.3236
vn -0.9391 0.0608 -0.3383
vn -0.9409 0.1400 -0.3083
vn 0.7238 0.4509 0.5223
vn 0.3060 -0.4666 0.8299
vn 0.3060 -0.4665 0.8299
vn 0.4177 -0.3849 0.8230
vn 0.4451 -0.3627 0.8187
vn 0.5334 -0.2845 0.7966
vn 0.5335 -0.2845 0.7965
vn 0.4143 -0.2391 0.8782
vn 0.4425 -0.2518 0.8607
vn 0.2995 -0.1870 0.9356
vn 0.4601 -0.8679 -0.1873
vn 0.4600 -0.8679 -0.1873
vn 0.4215 0.7927 0.4405
vn 0.4215 0.7926 0.4405
vn 0.4216 0.7926 0.4406
vn 0.9580 -0.0814 0.2749
vn 0.9580 -0.0815 0.2748
vn 0.9579 -0.0818 0.2751
vn 0.9579 -0.0817 0.2752
vn 0.9054 -0.3831 0.1830
vn 0.9580 -0.0818 0.2749
vn 0.9062 -0.3809 0.1838
vn 0.9052 -0.3837 0.1828
vn 0.9052 -0.3838 0.1828
vn 0.7494 -0.6539 0.1044
vn 0.9577 -0.0820 0.2759
vn 0.9576 -0.0819 0.2762
vn 0.7992 -0.6007 0.0201
vn 0.8187 -0.5729 0.0379
vn 0.7952 0.4373 0.4200
vn 0.7744 0.4691 0.4246
vn 0.3577 0.8340 0.4202
vn 0.3978 -0.8879 -0.2310
vn 0.3977 -0.8880 -0.2310
vn -0.9299 0.3655 0.0414
vn -0.9449 0.2465 0.2152
vn -0.9924 -0.0629 0.1053
vn -0.9908 0.0270 -0.1323
vn -0.8540 0.4650 -0.2334
vn -0.8974 0.1376 -0.4192
vn -0.7910 0.2002 -0.5781
vn -0.7621 0.4676 -0.4478
vn -0.9135 -0.3390 -0.2250
vn -0.9307 -0.3654 -0.0162
vn -0.8379 -0.2286 -0.4957
vn -0.7493 -0.0850 -0.6568
vn 0.7225 0.2592 -0.6409
vn 0.8242 0.1899 -0.5335
vn 0.5171 0.0067 -0.8559
vn 0.5433 0.3080 -0.7810
vn 0.5035 0.5823 -0.6384
vn 0.8229 0.2442 -0.5130
vn 0.8908 0.1786 -0.4178
vn 0.4645 0.7661 0.4442
vn 0.4532 0.7817 0.4285
vn 0.5870 0.6723 0.4510
vn 0.5909 0.6717 0.4468
vn 0.5956 0.6644 0.4515
vn 0.5235 0.7433 0.4165
vn 0.9875 -0.0351 0.1535
vn 0.9519 -0.0887 0.2934
vn 0.5596 -0.8109 -0.1713
vn 0.6246 -0.7745 -0.1001
vn 0.4912 -0.8504 -0.1886
vn 0.6207 -0.7780 -0.0975
vn 0.5018 -0.8487 -0.1667
vn 0.6290 -0.7720 -0.0917
vn -0.9484 -0.0875 -0.3046
vn -0.9446 -0.1029 -0.3116
vn -0.9273 -0.1620 -0.3374
vn -0.9660 0.0714 -0.2483
vn -0.9456 -0.1023 -0.3089
vn -0.9666 0.0706 -0.2464
vn -0.9536 0.2425 -0.1786
vn -0.9558 0.2284 -0.1852
vn -0.9527 0.2447 -0.1801
vn -0.9382 0.3069 -0.1600
vn 0.4522 0.1502 0.8792
vn 0.6016 -0.1874 0.7765
vn 0.6664 -0.3781 0.6426
vn 0.5487 -0.0465 0.8347
vn 0.4261 -0.0879 0.9004
vn 0.7661 -0.2117 0.6069
vn 0.7294 -0.2269 0.6454
vn 0.6603 -0.1147 0.7422
vn 0.6053 -0.3488 0.7155
vn 0.4714 -0.6756 0.5669
vn 0.5592 -0.4949 0.6651
vn 0.4359 -0.5127 0.7397
vn -0.5521 0.7666 0.3279
vn 0.8035 -0.0839 0.5894
vn 0.8159 -0.1879 0.5469
vn 0.8150 -0.2605 0.5176
vn 0.8084 -0.2943 0.5098
vn 0.8116 -0.1141 0.5729
vn -0.5153 -0.8135 -0.2696
vn -0.8336 -0.4148 -0.3648
vn -0.8715 0.4898 -0.0222
vn -0.8491 0.5182 -0.1025
vn -0.8116 -0.3885 -0.4364
vn 0.0058 -0.9528 -0.3034
vn 0.0283 -0.9268 -0.3745
vn 0.8235 -0.5563 0.1111
vn 0.8470 -0.5301 0.0399
vn 0.8164 0.3457 0.4626
vn 0.8444 0.3736 0.3839
vn -0.0426 0.9075 0.4180
vn -0.0139 0.9442 0.3290
vn -0.8206 0.5527 -0.1454
vn -0.8003 -0.3757 -0.4673
vn 0.0387 -0.9131 -0.4059
vn 0.8559 -0.5171 0.0084
vn 0.8487 0.4102 0.3340
vn 0.0138 0.9706 0.2404
vn -0.0460 0.9024 0.4284
vn -0.8635 0.5044 0.0039
vn 0.7982 0.3626 0.4811
vn 0.8181 -0.5616 0.1238
vn 0.0018 -0.9568 -0.2907
vn -0.8365 -0.4203 -0.3515
vn -0.8478 0.5290 -0.0368
vn -0.0292 0.9253 0.3782
vn 0.8106 0.3869 0.4395
vn 0.8324 -0.5475 0.0860
vn 0.0140 -0.9442 -0.3291
vn -0.8261 -0.4062 -0.3906
vn -0.8289 0.5512 -0.0956
vn -0.8071 -0.3832 -0.4491
vn 0.0327 -0.9212 -0.3878
vn 0.8508 -0.5247 0.0271
vn 0.8291 0.4097 0.3805
vn -0.0108 0.9476 0.3192
vn -0.7956 0.5790 -0.1781
vn -0.7742 -0.3481 -0.5287
vn 0.0590 -0.8818 -0.4678
vn 0.8709 -0.4883 -0.0562
vn 0.8490 0.4388 0.2943
vn 0.0162 0.9722 0.2336
vn -0.8505 -0.3886 -0.3544
vn -0.8554 0.5178 -0.0121
vn -0.8332 0.5467 -0.0827
vn -0.8283 -0.3559 -0.4328
vn 0.0010 -0.9577 -0.2879
vn 0.0295 -0.9254 -0.3778
vn 0.8363 -0.5326 0.1301
vn 0.8642 -0.5004 0.0533
vn 0.8018 0.3766 0.4639
vn 0.8252 0.4050 0.3936
vn -0.0376 0.9145 0.4028
vn -0.0151 0.9430 0.3326
vn -0.8221 0.5578 -0.1142
vn -0.7996 -0.3518 -0.4867
vn 0.0565 -0.8861 -0.4600
vn 0.8693 -0.4942 -0.0074
vn 0.8342 0.4164 0.3615
vn -0.0048 0.9539 0.3001
vn -0.0416 0.9089 0.4149
vn -0.8583 0.5131 0.0016
vn 0.7964 0.3720 0.4768
vn 0.8195 -0.5575 0.1329
vn -0.0025 -0.9609 -0.2769
vn -0.8418 -0.4157 -0.3443
vn -0.8480 0.5287 -0.0371
vn -0.0295 0.9253 0.3781
vn 0.8104 0.3875 0.4395
vn 0.8324 -0.5475 0.0859
vn 0.0139 -0.9442 -0.3291
vn -0.8263 -0.4061 -0.3903
vn -0.8289 0.5512 -0.0957
vn 0.0327 -0.9212 -0.3877
vn 0.8508 -0.5248 0.0271
vn -0.0108 0.9477 0.3191
vn -0.7958 0.5787 -0.1783
vn -0.7740 -0.3482 -0.5288
vn 0.0593 -0.8818 -0.4678
vn 0.8708 -0.4884 -0.0561
vn 0.8491 0.4385 0.2944
vn 0.0162 0.9722 0.2335
vn -0.2863 -0.3448 0.8940
vn -0.2863 -0.3449 0.8939
vn -0.2863 -0.3448 0.8939
vn -0.2862 -0.3448 0.8940
vn -0.9579 0.0820 -0.2750
vn -0.9579 0.0816 -0.2751
vn -0.9579 0.0818 -0.2751
vn 0.2861 0.3447 -0.8940
vn 0.2863 0.3447 -0.8940
vn 0.2861 0.3448 -0.8940
vn 0.2859 0.3450 -0.8940
vn 0.9579 -0.0815 0.2753
vn 0.9579 -0.0816 0.2753
vn 0.0236 0.9390 0.3430
vn 0.1625 0.9027 0.3984
vn 0.2128 0.8758 0.4333
vn 0.2513 0.8530 0.4575
vn 0.1509 0.9052 0.3973
vn 0.2423 0.8780 0.4127
vn 0.4800 0.7833 0.3950
vn -0.0218 0.9351 0.3537
vn 0.0918 0.8903 0.4461
vn 0.3730 0.8194 0.4353
vn 0.5259 0.4785 0.7032
vn 0.7420 -0.2220 0.6326
vn 0.1348 -0.9581 -0.2529
vn 0.5556 -0.8021 0.2188
vn 0.0216 -0.9351 -0.3539
vn 0.5175 -0.8284 -0.2145
vn 0.1937 -0.9346 -0.2985
vn 0.2842 -0.9207 -0.2676
vn 0.4128 -0.8863 -0.2098
vn 0.2052 -0.9329 -0.2958
vn 0.2549 -0.9338 -0.2511
vn 0.0669 -0.9292 -0.3635
vn 0.2928 -0.9311 -0.2174
vn 0.9071 -0.1301 0.4003
vn 0.9071 -0.1303 0.4003
vn 0.9072 -0.1306 0.4000
vn 0.9071 -0.1300 0.4004
vn 0.9896 0.0704 -0.1254
vn 0.9906 0.0682 -0.1186
vn 0.8233 0.2174 -0.5243
vn 0.9580 -0.0816 0.2750
vn 0.9580 -0.0816 0.2751
vn 0.9579 -0.0819 0.2751
vn 0.9579 -0.0817 0.2751
vn 0.8661 0.1944 -0.4605
vn 0.8659 0.1945 -0.4609
vn 0.8659 0.1943 -0.4608
vn -0.3621 -0.3374 0.8689
vn -0.3622 -0.3372 0.8689
vn -0.3620 -0.3374 0.8689
vn -0.3622 -0.3370 0.8690
vn -0.6756 -0.2743 0.6844
vn -0.6756 -0.2745 0.6842
vn -0.7215 -0.2594 0.6419
vn -0.7218 -0.2594 0.6416
vn -0.8139 -0.2220 0.5369
vn 0.4375 0.6894 0.5774
vn 0.2064 0.8419 0.4986
vn 0.2065 0.8419 0.4986
vn 0.3228 0.7754 0.5428
vn 0.4834 0.6478 0.5888
vn 0.4837 0.6479 0.5884
vn 0.3624 -0.9266 -0.1009
vn 0.2482 -0.9519 -0.1798
vn 0.2482 -0.9519 -0.1797
vn 0.4739 -0.8804 -0.0162
vn 0.5186 -0.8548 0.0201
vn 0.5187 -0.8547 0.0202
vn -0.7987 0.1964 -0.5687
vn -0.2383 0.3386 -0.9102
vn -0.2384 0.3386 -0.9102
vn 0.9583 -0.0888 0.2717
vn 0.9583 -0.0889 0.2717
vn 0.9594 -0.0899 0.2675
vn 0.9595 -0.0898 0.2671
vn 0.9597 -0.0931 0.2650
vn 0.9602 -0.0951 0.2625
vn 0.9573 -0.0808 0.2776
vn 0.9631 -0.0760 0.2581
vn 0.9634 -0.0595 0.2615
vn 0.9554 -0.0374 0.2929
vn 0.9561 -0.0365 0.2909
vn 0.9614 -0.0963 0.2578
vn 0.9723 -0.0677 0.2235
vn 0.9588 -0.1405 0.2470
vn 0.8081 -0.5871 0.0488
vn 0.9539 -0.1837 0.2374
vn 0.9487 -0.2175 0.2295
vn 0.6539 -0.7544 -0.0579
vn 0.5392 -0.8351 -0.1088
vn 0.7444 -0.6674 -0.0201
vn 0.9142 -0.3736 0.1572
vn 0.9196 -0.3651 0.1453
vn 0.8819 -0.4110 0.2308
vn 0.7355 0.5015 0.4556
vn 0.8444 0.3734 0.3842
vn 0.8341 0.3810 0.3988
vn 0.6934 0.5067 0.5123
vn 0.6659 0.5873 0.4600
vn 0.7067 0.4149 0.5731
vn 0.9182 0.1677 0.3588
vn 0.9022 0.2035 0.3802
vn 0.8990 0.2106 0.3839
vn 0.9579 -0.0819 0.2750
vn 0.9667 -0.0706 0.2461
vn 0.9669 -0.0703 0.2454
vn 0.9716 -0.0652 0.2273
vn 0.9716 -0.0650 0.2274
vn 0.9715 -0.0670 0.2275
vn 0.8244 0.0665 0.5621
vn 0.9075 -0.1383 0.3966
vn 0.8701 -0.0260 0.4922
vn 0.8077 0.0949 0.5820
vn -0.9342 -0.0230 -0.3561
vn -0.9225 -0.1595 -0.3514
vn -0.9325 -0.0288 -0.3601
vn -0.9414 -0.0688 -0.3302
vn -0.9179 -0.1637 -0.3614
vn -0.9481 -0.0417 -0.3151
vn -0.9140 -0.1866 -0.3603
vn -0.9115 -0.1896 -0.3649
vn -0.9357 -0.0933 -0.3403
vn -0.9489 0.1243 -0.2899
vn -0.9575 0.1037 -0.2690
vn -0.9524 0.0822 -0.2937
vn -0.9508 0.0676 -0.3024
vn -0.9559 0.0792 -0.2829
vn -0.9560 0.0794 -0.2824
vn -0.9478 0.0232 -0.3179
vn -0.7377 0.3912 -0.5502
vn -0.9583 0.1128 -0.2624
vn -0.8922 0.2185 -0.3953
vn -0.1106 0.7790 0.6172
vn -0.1109 0.7790 0.6172
vn -0.1108 0.7790 0.6172
vn -0.1107 0.7790 0.6171
vn -0.3148 -0.9363 -0.1560
vn -0.3021 -0.9458 -0.1191
vn -0.3141 -0.9404 -0.1300
vn -0.1557 -0.9705 -0.1843
vn -0.0262 -0.9794 -0.2004
vn -0.2855 -0.1774 0.9418
vn -0.0216 0.9351 0.3537
vn -0.0217 0.9351 0.3537
vn -0.0218 0.9351 0.3536
vn -0.0218 0.9352 0.3535
vn -0.0217 0.9352 0.3535
vn -0.7403 -0.5824 0.3358
vn 0.9987 0.0519 0.0015
vn 0.9987 0.0518 0.0016
vn 0.9986 0.0519 0.0015
vn -0.8922 0.2184 -0.3953
vn 0.2498 0.7089 -0.6596
vn -0.7377 0.3912 -0.5503
vn 0.3771 -0.9259 0.0216
vn 0.3555 -0.9344 0.0218
vn 0.3424 -0.9393 0.0233
vn 0.4013 -0.9159 0.0084
vn -0.0000 -0.9988 0.0490
vn 0.0799 -0.9822 0.1699
vn -0.3424 -0.9393 0.0233
vn -0.3556 -0.9344 0.0218
vn -0.3771 -0.9259 0.0216
vn -0.4013 -0.9159 0.0084
vn -0.0799 -0.9822 0.1699
vn 0.0001 0.1840 -0.9829
vn -0.0000 0.1840 -0.9829
vn -0.0001 0.1840 -0.9829
vn 0.1424 0.2279 0.9632
vn -0.0000 0.2182 0.9759
vn 0.1821 0.1064 0.9775
vn 0.1545 0.0872 0.9841
vn -0.0001 -0.1841 0.9829
vn -0.0000 0.3283 0.9446
vn -0.1424 0.2277 0.9633
vn -0.1821 0.1064 0.9775
vn -0.1545 0.0872 0.9841
vn 0.0001 -0.1841 0.9829
vn -0.0000 1.0000 0.0088
vn -0.0000 1.0000 0.0087
vn 0.0933 0.9956 0.0087
vn -0.0933 0.9956 0.0087
vn -0.0000 -0.7287 0.6848
vn -0.0000 -0.7286 0.6849
vn -0.1623 -0.7190 0.6758
vn 0.1623 -0.7190 0.6758
vn 0.1624 -0.7190 0.6758
vn 0.9786 0.2057 -0.0010
vn -0.9786 0.2057 -0.0010
vn 0.8811 -0.3484 0.3198
vn 0.5228 -0.8241 0.2179
vn 0.4219 -0.6562 -0.6256
vn 0.8632 -0.0699 -0.5000
vn -0.2972 -0.8086 -0.5078
vn -0.0602 -0.9476 0.3137
vn -0.8728 -0.4380 -0.2153
vn -0.5274 -0.6470 0.5507
vn -0.9678 0.2386 0.0805
vn -0.6044 -0.0978 0.7906
vn -0.5265 0.8248 0.2062
vn -0.2463 0.3775 0.8927
vn 0.1926 0.9773 0.0882
vn 0.3370 0.5012 0.7970
vn 0.7683 0.6067 -0.2042
vn 0.8041 0.2004 0.5597
vn 0.7594 0.0089 -0.6506
vn 0.5540 0.6482 -0.5224
vn 0.0732 0.9577 -0.2782
vn -0.5274 0.8304 -0.1797
vn -0.9487 0.2965 -0.1095
vn -0.8167 -0.2244 -0.5316
vn -0.3359 -0.5340 -0.7759
vn 0.2647 -0.4067 -0.8744
vn 0.7593 0.0089 -0.6507
vn -0.2253 0.3633 -0.9040
vn -0.5623 0.3964 -0.7257
vn -0.2253 0.3634 -0.9040
vn 0.1447 0.2774 -0.9498
vn 0.1447 0.2772 -0.9499
vn 0.1848 0.9814 0.0510
vn 0.7533 0.6147 -0.2338
vn 0.2626 0.5948 -0.7598
vn -0.0549 0.7995 -0.5982
vn 0.3151 0.2215 -0.9228
vn 0.8448 -0.0493 -0.5328
vn -0.3790 0.9162 0.1301
vn -0.4517 0.7153 -0.5333
vn -0.9540 0.2905 -0.0742
vn -0.6953 0.3918 -0.6025
vn -0.7769 -0.5069 -0.3735
vn -0.6430 0.0183 -0.7656
vn -0.3054 -0.7654 -0.5665
vn -0.3251 -0.1860 -0.9272
vn 0.4058 -0.6210 -0.6706
vn 0.0716 -0.1020 -0.9922
vn 0.8447 -0.0493 -0.5329
vn 0.3151 0.2215 -0.9229
vn -0.3216 0.8724 0.3681
vn -0.2704 -0.8857 -0.3773
vn -0.7421 -0.6524 -0.1535
vn -0.2360 -0.9404 -0.2447
vn 0.5016 -0.7840 -0.3656
vn 0.4672 -0.7336 -0.4935
vn 0.9542 -0.1827 -0.2367
vn 0.9234 -0.1355 -0.3592
vn -0.7267 -0.6866 -0.0205
vn 0.9676 -0.2331 -0.0968
vn 0.5246 -0.8217 -0.2228
vn 0.6190 -0.3961 0.6782
vn 0.4178 -0.6631 0.6211
vn -0.1974 -0.9747 -0.1045
vn 0.0904 -0.7326 0.6747
vn -0.6723 -0.7263 0.1433
vn -0.1281 -0.5794 0.8049
vn -0.9763 -0.1856 0.1117
vn -0.9478 -0.2293 0.2215
vn -0.9504 0.1738 0.2580
vn -0.9229 0.1325 0.3616
vn -0.7558 0.4708 0.4551
vn -0.7837 0.5134 0.3496
vn -0.8573 -0.3059 0.4141
vn -0.8814 0.0868 0.4643
vn -0.1654 -0.2710 0.9483
vn -0.6711 0.3731 0.6406
vn -0.3140 0.8182 0.4816
vn 0.2351 0.9401 0.2469
vn 0.2664 0.8914 0.3666
vn 0.8277 0.5588 -0.0521
vn 0.8569 0.5112 0.0666
vn 0.9543 -0.1827 -0.2367
vn 0.2943 0.8183 0.4937
vn 0.8722 0.4462 0.2002
vn 0.3135 0.0807 0.9462
vn 0.5758 -0.0879 0.8129
vn 0.0318 0.0037 0.9995
vn -0.2733 0.7281 0.6286
vn 0.6817 -0.6731 -0.2867
vn 0.6882 -0.7243 0.0415
vn -0.1259 -0.9840 0.1260
vn -0.2292 -0.9484 -0.2191
vn 0.9799 0.1833 0.0794
vn 0.9484 -0.0991 0.3012
vn -0.7251 -0.4862 0.4877
vn -0.8884 -0.4090 0.2086
vn 0.2263 -0.3595 0.9053
vn -0.8308 -0.4122 -0.3740
vn 0.3081 -0.6040 -0.7350
vn 0.8653 -0.0570 -0.4980
vn 0.0140 -0.0115 -0.9998
vn 0.2150 0.2558 -0.9425
vn 0.7222 0.6701 -0.1716
vn 0.1717 0.5637 -0.8079
vn -0.3089 -0.7616 -0.5697
vn -0.5756 0.0878 -0.8130
vn -0.3135 -0.0808 -0.9461
vn 0.9484 -0.0991 0.3011
vn 0.3368 0.3707 0.8655
vn -0.5936 0.1616 0.7883
vn 0.3046 0.7804 0.5460
vn 0.9799 0.1832 0.0794
vn -0.8884 -0.4090 0.2085
vn -0.6573 0.4604 0.5966
vn -0.9644 0.2513 0.0818
vn -0.4536 0.8682 0.2011
vn -0.4179 0.6631 -0.6209
vn -0.6190 0.3961 -0.6782
vn -0.5756 0.0879 -0.8130
vn 0.2031 0.9712 0.1246
vn 0.1717 0.5638 -0.8079
vn -0.0902 0.7325 -0.6748
vn -0.8773 -0.2900 0.3824
vn -0.8802 -0.1032 -0.4632
vn -0.4555 -0.7102 -0.5367
vn -0.5328 -0.7823 0.3226
vn 0.2637 -0.8662 -0.4244
vn 0.0508 -0.9089 0.4140
vn 0.8561 -0.4799 -0.1918
vn 0.5312 -0.5955 0.6026
vn 0.9746 0.2225 0.0247
vn 0.6275 -0.0254 0.7782
vn 0.5499 0.8294 0.0983
vn 0.2829 0.4667 0.8380
vn -0.1693 0.9855 -0.0141
vn -0.3005 0.5934 0.7467
vn -0.7617 0.5992 -0.2466
vn -0.7811 0.2799 0.5581
vn -0.8774 -0.2899 0.3824
vn -0.7796 -0.0439 -0.6247
vn -0.5570 0.6005 -0.5738
vn -0.0622 0.9231 -0.3795
vn 0.5385 0.7928 -0.2856
vn 0.9506 0.2599 -0.1696
vn 0.7942 -0.3009 -0.5279
vn 0.2994 -0.6235 -0.7222
vn -0.3013 -0.4932 -0.8161
vn 0.2034 0.2569 -0.9448
vn 0.5466 0.3009 -0.7814
vn 0.5466 0.3011 -0.7814
vn -0.1696 0.1754 -0.9698
vn -0.1696 0.1752 -0.9698
vn -0.1626 0.9853 -0.0517
vn 0.0519 0.7276 -0.6841
vn -0.2747 0.5145 -0.8123
vn -0.7475 0.6036 -0.2774
vn -0.3401 0.1271 -0.9318
vn -0.8624 -0.0867 -0.4987
vn 0.4020 0.9155 0.0173
vn 0.4490 0.6415 -0.6220
vn 0.9569 0.2575 -0.1342
vn 0.6834 0.3066 -0.6626
vn 0.7537 -0.5633 -0.3385
vn 0.6180 -0.0809 -0.7820
vn 0.2708 -0.8299 -0.4878
vn 0.2908 -0.2943 -0.9104
vn -0.4402 -0.6805 -0.5858
vn -0.1058 -0.2080 -0.9724
vn -0.8624 -0.0868 -0.4987
vn -0.3401 0.1269 -0.9318
vn -0.8171 0.5697 -0.0885
vn -0.9372 -0.1515 -0.3143
vn -0.8434 0.5361 0.0355
vn -0.2358 0.9323 0.2741
vn -0.2074 0.9668 0.1490
vn -0.9650 -0.1843 -0.1866
vn 0.3464 0.8581 0.3791
vn 0.3514 0.8994 0.2601
vn -0.9371 -0.1516 -0.3143
vn -0.4983 -0.7715 -0.3956
vn -0.5294 -0.8069 -0.2620
vn 0.2395 -0.9280 -0.2856
vn 0.2083 -0.9670 -0.1467
vn 0.7230 -0.6831 -0.1030
vn 0.7112 -0.7022 0.0334
vn -0.9749 -0.2187 -0.0416
vn -0.5485 -0.8281 -0.1155
vn -0.6048 -0.3045 0.7359
vn -0.4113 -0.5808 0.7025
vn 0.1736 -0.9848 -0.0026
vn -0.0837 -0.6521 0.7535
vn 0.6612 -0.7224 0.2023
vn 0.1420 -0.4909 0.8596
vn 0.9753 -0.1959 0.1022
vn 0.9495 -0.2267 0.2170
vn 0.9616 0.1779 0.2089
vn 0.9367 0.1488 0.3171
vn 0.7798 0.4992 0.3778
vn 0.8052 0.5293 0.2674
vn 0.8637 -0.2795 0.4194
vn 0.8976 0.1156 0.4254
vn 0.1904 -0.1697 0.9669
vn 0.6990 0.4246 0.5754
vn 0.3087 0.7855 0.5363
vn -0.2611 0.8742 0.4093
vn 0.0006 0.1137 0.9935
vn -0.2809 0.1913 0.9405
vn -0.8559 0.4864 0.1758
vn -0.5507 0.0154 0.8345
vn -0.7045 -0.6836 -0.1905
vn 0.2022 -0.9719 -0.1202
vn 0.1094 -0.9671 0.2298
vn -0.7015 -0.6985 0.1416
vn -0.9727 0.2146 0.0880
vn -0.9400 -0.0426 0.3384
vn 0.7302 -0.4473 0.5164
vn 0.8860 -0.4052 0.2255
vn -0.2044 -0.2528 0.9457
vn 0.8095 -0.4706 -0.3511
vn -0.3442 -0.6731 -0.6546
vn -0.8820 -0.0901 -0.4627
vn -0.0467 -0.1204 -0.9916
vn -0.2400 0.1563 -0.9581
vn -0.7132 0.6647 -0.2226
vn -0.1860 0.4760 -0.8595
vn 0.2744 -0.8266 -0.4914
vn 0.5507 -0.0154 -0.8346
vn 0.2810 -0.1914 -0.9404
vn -0.9400 -0.0427 0.3384
vn -0.3008 0.4711 0.8292
vn 0.6221 0.2323 0.7477
vn -0.2704 0.8426 0.4658
vn 0.7302 -0.4474 0.5164
vn 0.8860 -0.4052 0.2256
vn 0.6857 0.5068 0.5224
vn 0.9716 0.2353 0.0249
vn 0.4779 0.8737 0.0907
vn 0.4113 0.5808 -0.7026
vn 0.6046 0.3043 -0.7361
vn 0.5508 -0.0154 -0.8345
vn -0.7132 0.6646 -0.2226
vn -0.1787 0.9836 0.0229
vn -0.1860 0.4761 -0.8595
vn 0.0838 0.6519 -0.7537
vn -0.9659 0.1997 0.1649
vn -0.0682 0.7549 -0.6523
vn -0.8886 0.4587 -0.0081
vn 0.9072 -0.1217 -0.4028
vn 0.8323 0.1634 -0.5296
vn -0.9444 0.1621 0.2862
vn 0.9444 -0.1622 -0.2861
vn 0.9444 -0.1620 -0.2860
vn 0.9444 -0.1620 -0.2863
vn 0.9139 -0.1613 -0.3726
vn -0.2900 0.0004 -0.9570
vn -0.9669 0.1614 0.1975
vn -0.9444 0.1620 0.2860
vn -0.9444 0.1619 0.2862
vn -0.2900 0.0003 -0.9570
vn -0.9444 0.1620 0.2861
vn 0.9444 -0.1620 -0.2861
vn -0.0960 0.6963 -0.7113
vn 0.1172 0.9785 -0.1695
vn 0.1166 0.9786 -0.1694
vn 0.1300 0.9833 -0.1272
vn 0.1298 0.9833 -0.1273
vn 0.2313 -0.2915 0.9282
vn 0.2917 0.0104 0.9565
vn 0.2315 -0.2915 0.9281
vn 0.2593 -0.1690 0.9509
vn 0.2594 -0.1690 0.9509
vn 0.2812 -0.0533 0.9582
vn 0.2813 -0.0534 0.9581
vn -0.2223 -0.9577 -0.1826
vn -0.2862 -0.9429 -0.1704
vn -0.2214 -0.9567 -0.1888
vn -0.2178 -0.9585 -0.1840
vn -0.1563 -0.9652 -0.2097
vn 0.1044 0.9208 0.3758
vn 0.3663 0.9108 0.1906
vn 0.9369 0.1425 -0.3193
vn 0.1475 -0.9339 -0.3256
vn 0.4059 -0.7933 -0.4538
vn -0.0217 0.9350 0.3539
vn 0.0220 -0.9352 -0.3534
vn 0.0217 -0.9351 -0.3537
vn 0.0216 -0.9352 -0.3536
vn 0.1014 -0.9455 -0.3095
vn 0.8706 -0.1562 0.4666
vn 0.8705 -0.1562 0.4667
vn 0.0579 0.9169 0.3948
vn -0.0216 0.9350 0.3539
vn 0.0217 -0.9352 -0.3535
vn 0.5995 0.2953 -0.7439
vn 0.9638 0.1136 -0.2413
vn 0.5996 0.2950 -0.7440
vn 0.5632 0.3038 -0.7685
vn -0.9769 0.0554 -0.2066
vn -0.9768 0.0554 -0.2067
vn -0.8650 0.1598 -0.4757
vn -0.8650 0.1598 -0.4756
vn -0.9417 0.0997 -0.3213
vn -0.9417 0.0996 -0.3213
vn -0.8957 0.1388 -0.4224
vn -0.2629 -0.2816 0.9228
vn -0.2694 -0.3438 0.8996
vn -0.2639 -0.3465 0.9002
vn -0.2693 -0.3483 0.8979
vn -0.2600 -0.4098 0.8743
vt 0.255096 0.376117
vt 0.228572 0.390424
vt 0.192216 0.390578
vt 0.271396 0.390956
vt 0.208169 0.380932
vt 0.255096 0.358764
vt 0.208169 0.353950
vt 0.192216 0.343190
vt 0.192216 0.366884
vt 0.223526 0.344784
vt 0.265959 0.345035
vt 0.271396 0.380478
vt 0.287420 0.384096
vt 0.271396 0.353706
vt 0.294771 0.345304
vt 0.251890 0.333548
vt 0.295318 0.326678
vt 0.259426 0.335730
vt 0.240837 0.340418
vt 0.223526 0.326678
vt 0.262944 0.326678
vt 0.192216 0.334928
vt 0.192216 0.326665
vt 0.106426 0.902092
vt 0.132967 0.888931
vt 0.132967 0.921724
vt 0.106426 0.921724
vt 0.106426 0.946046
vt 0.132967 0.956831
vt 0.076510 0.921724
vt 0.072719 0.903313
vt 0.132967 0.847179
vt 0.091111 0.867069
vt 0.094134 0.815321
vt 0.045489 0.815321
vt 0.052871 0.867069
vt 0.012657 0.861664
vt 0.021840 0.886873
vt 0.012657 0.895605
vt 0.057225 0.903618
vt 0.021840 0.921724
vt 0.132967 0.992488
vt 0.012657 0.921724
vt 0.012657 0.952727
vt 0.021840 0.958249
vt 0.057225 0.942230
vt 0.012657 0.961851
vt 0.040197 0.982223
vt 0.039003 0.992488
vt 0.086752 0.982223
vt 0.072719 0.942993
vt 0.061965 0.921724
vt 0.042331 0.809968
vt 0.097473 0.809968
vt 0.005968 0.858907
vt 0.005968 0.895606
vt 0.138207 0.843949
vt 0.138207 0.888931
vt 0.138207 0.921724
vt 0.138207 0.956810
vt 0.138207 0.998245
vt 0.005968 0.921724
vt 0.005968 0.952923
vt 0.005968 0.963551
vt 0.165482 0.996875
vt 0.173749 0.936003
vt 0.173749 0.996875
vt 0.180128 0.996875
vt 0.165482 0.936003
vt 0.157313 0.936003
vt 0.157313 0.996875
vt 0.145016 0.976831
vt 0.144929 0.950400
vt 0.180128 0.936003
vt 0.186130 0.936003
vt 0.193032 0.996875
vt 0.193033 0.954562
vt 0.036361 0.998245
vt 0.682789 0.936009
vt 0.687934 0.936709
vt 0.687923 0.939171
vt 0.685540 0.942433
vt 0.682793 0.943099
vt 0.680040 0.942465
vt 0.677614 0.939241
vt 0.677722 0.936738
vt 0.618393 0.964248
vt 0.620959 0.994202
vt 0.618393 0.991773
vt 0.608115 0.988703
vt 0.604759 0.964248
vt 0.618393 0.936953
vt 0.612324 0.936953
vt 0.626740 0.936953
vt 0.626740 0.955314
vt 0.705030 0.993741
vt 0.694623 0.993741
vt 0.694623 0.991510
vt 0.705030 0.991510
vt 0.694623 0.989703
vt 0.705030 0.989703
vt 0.694623 0.985925
vt 0.705030 0.982147
vt 0.694623 0.982147
vt 0.676343 0.978278
vt 0.673985 0.990026
vt 0.668987 0.991264
vt 0.668988 0.964248
vt 0.666174 0.994202
vt 0.684290 0.964248
vt 0.668988 0.936953
vt 0.674212 0.936953
vt 0.678982 0.988788
vt 0.661118 0.936953
vt 0.661118 0.955314
vt 0.626740 0.988377
vt 0.626740 0.996820
vt 0.661118 0.996820
vt 0.661118 0.988377
vt 0.626740 0.964248
vt 0.661118 0.964248
vt 0.705030 0.964248
vt 0.694623 0.964248
vt 0.699831 0.936953
vt 0.705030 0.936953
vt 0.694623 0.936953
vt 0.644112 0.936953
vt 0.741427 0.986649
vt 0.725611 0.986649
vt 0.721203 0.979034
vt 0.746165 0.979034
vt 0.725611 0.971292
vt 0.741427 0.971292
vt 0.725611 0.963126
vt 0.741427 0.963126
vt 0.746165 0.955530
vt 0.749107 0.971292
vt 0.749107 0.963126
vt 0.721203 0.955530
vt 0.725611 0.947914
vt 0.741427 0.947914
vt 0.725611 0.939876
vt 0.741427 0.939876
vt 0.718077 0.971292
vt 0.718077 0.963126
vt 0.801933 0.983212
vt 0.786117 0.986666
vt 0.781709 0.979051
vt 0.808658 0.975911
vt 0.786117 0.971385
vt 0.806667 0.972885
vt 0.806667 0.971385
vt 0.786117 0.963144
vt 0.806667 0.963144
vt 0.808658 0.971385
vt 0.808658 0.963144
vt 0.806667 0.961662
vt 0.781709 0.955495
vt 0.808658 0.958635
vt 0.786117 0.947880
vt 0.801933 0.951335
vt 0.786117 0.939876
vt 0.801933 0.947880
vt 0.801933 0.939876
vt 0.808658 0.947880
vt 0.808658 0.939876
vt 0.781709 0.947880
vt 0.781709 0.939876
vt 0.777312 0.939876
vt 0.777312 0.947880
vt 0.774675 0.986615
vt 0.758860 0.986615
vt 0.754451 0.979000
vt 0.779414 0.979000
vt 0.758860 0.971292
vt 0.774675 0.971292
vt 0.758860 0.963126
vt 0.774675 0.963126
vt 0.779414 0.955530
vt 0.784659 0.971292
vt 0.784659 0.963126
vt 0.754451 0.955530
vt 0.758860 0.947914
vt 0.774675 0.947914
vt 0.758860 0.939876
vt 0.774675 0.939876
vt 0.750051 0.971292
vt 0.750051 0.963126
vt 0.750052 0.971292
vt 0.750052 0.963126
vt 0.983172 0.798451
vt 0.956300 0.798451
vt 0.956300 0.787285
vt 0.983172 0.787285
vt 0.983172 0.805475
vt 0.956300 0.805475
vt 0.983172 0.816503
vt 0.956300 0.816503
vt 0.983172 0.824013
vt 0.956300 0.824013
vt 0.990657 0.798451
vt 0.990657 0.805475
vt 0.947853 0.805475
vt 0.947853 0.798451
vt 0.938905 0.692801
vt 0.944133 0.687939
vt 0.948785 0.692801
vt 0.938905 0.686519
vt 0.993424 0.740509
vt 0.916230 0.684106
vt 0.916230 0.677691
vt 0.911472 0.678484
vt 0.903223 0.684106
vt 0.784691 0.778008
vt 0.890386 0.740509
vt 0.848773 0.801163
vt 0.826969 0.763009
vt 0.798490 0.801163
vt 0.921249 0.801163
vt 0.848773 0.811555
vt 0.993424 0.872142
vt 0.890386 0.872142
vt 0.938905 0.918741
vt 0.948785 0.918741
vt 0.943956 0.923070
vt 0.938905 0.924954
vt 0.916230 0.933967
vt 0.916230 0.927224
vt 0.911796 0.933596
vt 0.904538 0.927224
vt 0.784691 0.834390
vt 0.826969 0.849491
vt 0.798490 0.811555
vt 0.921249 0.811555
vt 0.921249 0.805575
vt 0.798490 0.806359
vt 0.284203 0.979290
vt 0.284203 0.996522
vt 0.277131 0.996522
vt 0.277131 0.979290
vt 0.284203 0.961751
vt 0.277131 0.961751
vt 0.284203 0.943757
vt 0.277131 0.943757
vt 0.208367 0.996522
vt 0.208367 0.979290
vt 0.208367 0.961751
vt 0.208367 0.943757
vt 0.204564 0.996522
vt 0.204564 0.979290
vt 0.204564 0.961751
vt 0.204564 0.943757
vt 0.330483 0.986281
vt 0.344065 0.986281
vt 0.336690 0.998130
vt 0.351391 0.998130
vt 0.357502 0.986281
vt 0.351391 0.974353
vt 0.336690 0.974353
vt 0.988115 0.342673
vt 0.993709 0.342673
vt 0.993709 0.401992
vt 0.988115 0.401992
vt 0.993709 0.417002
vt 0.982521 0.401992
vt 0.988555 0.417002
vt 0.976430 0.417002
vt 0.968019 0.401992
vt 0.961913 0.417002
vt 0.968019 0.342673
vt 0.982521 0.342673
vt 0.951903 0.342673
vt 0.951903 0.406198
vt 0.932938 0.436899
vt 0.926053 0.342673
vt 0.926053 0.401992
vt 0.914287 0.342673
vt 0.914287 0.401992
vt 0.920837 0.436048
vt 0.902522 0.342673
vt 0.902522 0.401992
vt 0.910688 0.436130
vt 0.890781 0.342673
vt 0.890781 0.401992
vt 0.879039 0.342673
vt 0.879039 0.401992
vt 0.884207 0.436048
vt 0.853576 0.406198
vt 0.853576 0.342673
vt 0.837139 0.342673
vt 0.837139 0.401992
vt 0.843244 0.417002
vt 0.828936 0.417002
vt 0.822718 0.342673
vt 0.822718 0.401992
vt 0.817193 0.342673
vt 0.817193 0.401992
vt 0.872106 0.436899
vt 0.816848 0.417002
vt 0.811669 0.417002
vt 0.811669 0.401992
vt 0.811669 0.342673
vt 0.811669 0.303126
vt 0.817193 0.303126
vt 0.817193 0.260204
vt 0.811669 0.260204
vt 0.822718 0.303126
vt 0.822718 0.260204
vt 0.837139 0.303126
vt 0.837139 0.260204
vt 0.853576 0.260204
vt 0.853576 0.303126
vt 0.879039 0.303126
vt 0.879039 0.262518
vt 0.890781 0.268342
vt 0.890781 0.303126
vt 0.902522 0.303126
vt 0.896651 0.273072
vt 0.914287 0.303126
vt 0.926053 0.303126
vt 0.951903 0.303126
vt 0.951903 0.260204
vt 0.968019 0.303126
vt 0.968019 0.260204
vt 0.982521 0.260204
vt 0.982521 0.303126
vt 0.988115 0.260204
vt 0.988115 0.303126
vt 0.993709 0.260204
vt 0.993709 0.303126
vt 0.926053 0.262518
vt 0.914287 0.268342
vt 0.908384 0.273081
vt 0.902522 0.273945
vt 0.449116 0.996935
vt 0.466552 0.986321
vt 0.477761 0.986321
vt 0.477761 0.996935
vt 0.491744 0.996935
vt 0.487010 0.976615
vt 0.500283 0.976615
vt 0.515150 0.983268
vt 0.525757 0.996935
vt 0.500284 0.976615
vt 0.902522 0.441690
vt 0.909620 0.446692
vt 0.902522 0.436212
vt 0.894356 0.436130
vt 0.895424 0.446692
vt 0.902522 0.453241
vt 0.544698 0.888607
vt 0.544790 0.876123
vt 0.527688 0.881340
vt 0.534474 0.890976
vt 0.554880 0.891152
vt 0.561370 0.882217
vt 0.544407 0.922467
vt 0.517861 0.902829
vt 0.511388 0.922182
vt 0.513126 0.888920
vt 0.499834 0.915286
vt 0.499834 0.945747
vt 0.517527 0.941644
vt 0.533933 0.953781
vt 0.544115 0.956326
vt 0.571286 0.903289
vt 0.577425 0.922751
vt 0.588573 0.916174
vt 0.576013 0.890694
vt 0.588573 0.946992
vt 0.570952 0.942105
vt 0.554339 0.953957
vt 0.568634 0.974652
vt 0.552519 0.963660
vt 0.543978 0.961986
vt 0.535412 0.963513
vt 0.543854 0.986596
vt 0.562250 0.986596
vt 0.553976 0.996512
vt 0.519216 0.974652
vt 0.525370 0.986596
vt 0.533712 0.996520
vt 0.543854 0.999036
vt 0.902522 0.459639
vt 0.409848 0.004251
vt 0.404849 0.007685
vt 0.311101 0.007627
vt 0.304105 0.003424
vt 0.373131 0.027190
vt 0.342194 0.028905
vt 0.236121 0.005890
vt 0.236121 0.002304
vt 0.220127 0.002304
vt 0.223706 0.005890
vt 0.249653 0.005890
vt 0.249653 0.002304
vt 0.266219 0.002304
vt 0.263956 0.005890
vt 0.236119 0.005890
vt 0.223704 0.005890
vt 0.249652 0.005890
vt 0.263955 0.005890
vt 0.081365 0.066909
vt 0.245412 0.042593
vt 0.079323 0.079732
vt 0.265564 0.018940
vt 0.279662 0.023206
vt 0.292061 0.009805
vt 0.309210 0.016232
vt 0.291126 0.034985
vt 0.326359 0.022660
vt 0.254097 0.017598
vt 0.284074 0.005591
vt 0.081506 0.062006
vt 0.290684 0.036502
vt 0.334523 0.057163
vt 0.305073 0.093163
vt 0.077118 0.085689
vt 0.077118 0.093163
vt 0.077118 0.081087
vt 0.247046 0.044716
vt 0.064566 0.033120
vt 0.073231 0.033112
vt 0.073231 0.054406
vt 0.064566 0.049032
vt 0.022319 0.033159
vt 0.022319 0.067856
vt 0.006401 0.060468
vt 0.006401 0.033174
vt 0.077118 0.080267
vt 0.219178 0.013987
vt 0.227145 0.003290
vt 0.232785 0.008450
vt 0.232785 0.003290
vt 0.244247 0.007432
vt 0.249840 0.006343
vt 0.244247 0.003290
vt 0.255434 0.005254
vt 0.257720 0.003290
vt 0.073182 0.081087
vt 0.073182 0.085689
vt 0.073182 0.093163
vt 0.070811 0.081087
vt 0.070811 0.085689
vt 0.070811 0.093163
vt 0.506527 0.104380
vt 0.442281 0.066110
vt 0.470771 0.057731
vt 0.442281 0.004509
vt 0.442281 0.092511
vt 0.374045 0.038045
vt 0.350257 0.040089
vt 0.355066 0.043422
vt 0.437250 0.035902
vt 0.340656 0.068547
vt 0.437250 0.063515
vt 0.405124 0.023139
vt 0.437250 0.007533
vt 0.408199 0.016975
vt 0.405127 0.023151
vt 0.437250 0.035914
vt 0.374048 0.038058
vt 0.355069 0.043435
vt 0.350259 0.040102
vt 0.340659 0.068559
vt 0.437250 0.063527
vt 0.345762 0.077564
vt 0.437250 0.093163
vt 0.345718 0.088406
vt 0.339715 0.093163
vt 0.345721 0.088418
vt 0.345765 0.077576
vt 0.236346 0.012570
vt 0.222732 0.012768
vt 0.224743 0.005991
vt 0.245013 0.006773
vt 0.218443 0.018512
vt 0.246935 0.001763
vt 0.221712 0.001763
vt 0.235925 0.016298
vt 0.246935 0.008551
vt 0.267098 0.001763
vt 0.264008 0.004924
vt 0.079265 0.027520
vt 0.139913 0.029130
vt 0.079265 0.016156
vt 0.139913 0.016156
vt 0.079265 0.004792
vt 0.139913 0.003182
vt 0.155561 0.025355
vt 0.155561 0.016156
vt 0.155561 0.006956
vt 0.052164 0.024534
vt 0.052164 0.016156
vt 0.052164 0.007778
vt 0.005899 0.023437
vt 0.005899 0.016156
vt 0.005899 0.008874
vt 0.170257 0.027831
vt 0.170257 0.016156
vt 0.170257 0.004480
vt 0.209926 0.023288
vt 0.209926 0.016156
vt 0.209926 0.009023
vt 0.493048 0.048446
vt 0.493048 0.036966
vt 0.692852 0.048446
vt 0.692852 0.039316
vt 0.568863 0.033035
vt 0.615823 0.033035
vt 0.563014 0.026845
vt 0.672248 0.039316
vt 0.623656 0.021473
vt 0.624029 0.005940
vt 0.616660 0.012995
vt 0.621858 0.003771
vt 0.614490 0.010826
vt 0.489223 0.035347
vt 0.464417 0.035777
vt 0.469665 0.044317
vt 0.485057 0.044323
vt 0.518557 0.019050
vt 0.523238 0.024295
vt 0.905598 0.497973
vt 0.889877 0.498264
vt 0.899002 0.500643
vt 0.920294 0.506194
vt 0.942280 0.497294
vt 0.942281 0.506194
vt 0.964267 0.506194
vt 0.978962 0.497973
vt 0.985559 0.500643
vt 0.994683 0.498264
vt 0.942281 0.579475
vt 0.339187 0.562847
vt 0.358106 0.560943
vt 0.377026 0.566665
vt 0.377027 0.584457
vt 0.299407 0.584457
vt 0.339187 0.606068
vt 0.377026 0.602250
vt 0.377026 0.559040
vt 0.358106 0.607971
vt 0.377026 0.609875
vt 0.931843 0.651709
vt 0.934781 0.636201
vt 0.905222 0.579898
vt 0.896636 0.582869
vt 0.942280 0.646127
vt 0.942280 0.667833
vt 0.949780 0.636201
vt 0.979339 0.579898
vt 0.952717 0.651709
vt 0.987925 0.582869
vt 0.528011 0.397276
vt 0.545046 0.392055
vt 0.548640 0.397276
vt 0.496216 0.444974
vt 0.585072 0.444974
vt 0.556116 0.397276
vt 0.593518 0.444974
vt 0.620734 0.475188
vt 0.610481 0.476952
vt 0.546543 0.495415
vt 0.610481 0.495415
vt 0.551057 0.392055
vt 0.545046 0.384932
vt 0.536362 0.381553
vt 0.528958 0.392055
vt 0.529045 0.385324
vt 0.520135 0.392055
vt 0.514694 0.397276
vt 0.472762 0.444974
vt 0.638536 0.495415
vt 0.526784 0.495415
vt 0.507024 0.495415
vt 0.421920 0.462808
vt 0.389519 0.462841
vt 0.473804 0.372803
vt 0.336785 0.462656
vt 0.316405 0.372872
vt 0.379726 0.288987
vt 0.417646 0.288987
vt 0.367510 0.288987
vt 0.301478 0.372872
vt 0.514863 0.372803
vt 0.271506 0.429931
vt 0.253387 0.426814
vt 0.375209 0.278778
vt 0.387547 0.278778
vt 0.415687 0.278778
vt 0.387547 0.263588
vt 0.401994 0.257644
vt 0.415571 0.263769
vt 0.432173 0.278778
vt 0.441110 0.288987
vt 0.266796 0.462379
vt 0.221325 0.462776
vt 0.454320 0.462776
vt 0.078088 0.680874
vt 0.053341 0.680874
vt 0.078088 0.674859
vt 0.125355 0.674859
vt 0.160364 0.680874
vt 0.160364 0.675718
vt 0.181578 0.676814
vt 0.181578 0.680874
vt 0.200327 0.680874
vt 0.611379 0.255411
vt 0.643780 0.255443
vt 0.695664 0.345448
vt 0.558645 0.255595
vt 0.538265 0.345379
vt 0.601586 0.429856
vt 0.638877 0.429856
vt 0.589370 0.429856
vt 0.523338 0.345379
vt 0.493366 0.288320
vt 0.475247 0.291437
vt 0.597069 0.439474
vt 0.609407 0.439474
vt 0.637547 0.439474
vt 0.609407 0.454664
vt 0.662970 0.429856
vt 0.736723 0.346517
vt 0.654033 0.439474
vt 0.637431 0.454483
vt 0.488656 0.255873
vt 0.443185 0.255476
vt 0.623854 0.460608
vt 0.676180 0.255476
vt 0.180934 0.571628
vt 0.241485 0.575849
vt 0.210182 0.611139
vt 0.228410 0.539524
vt 0.286740 0.568531
vt 0.269406 0.578063
vt 0.285559 0.596185
vt 0.220466 0.611791
vt 0.210182 0.632853
vt 0.336676 0.649948
vt 0.156488 0.606562
vt 0.161195 0.532311
vt 0.191953 0.514520
vt 0.267251 0.462850
vt 0.164782 0.515008
vt 0.151570 0.524543
vt 0.191528 0.490561
vt 0.221142 0.462850
vt 0.336676 0.534072
vt 0.336676 0.462850
vt 0.366817 0.534072
vt 0.389827 0.462850
vt 0.389827 0.529991
vt 0.412613 0.520204
vt 0.422044 0.462850
vt 0.454261 0.462850
vt 0.474555 0.506770
vt 0.404597 0.524994
vt 0.412613 0.534072
vt 0.389827 0.534072
vt 0.389827 0.538235
vt 0.389827 0.549911
vt 0.404597 0.543664
vt 0.412613 0.543067
vt 0.404597 0.534072
vt 0.336676 0.554967
vt 0.301721 0.564462
vt 0.365002 0.671400
vt 0.336676 0.681490
vt 0.336676 0.665719
vt 0.371818 0.657936
vt 0.383253 0.681490
vt 0.359965 0.681490
vt 0.403404 0.672671
vt 0.414305 0.681490
vt 0.202006 0.643161
vt 0.181490 0.632853
vt 0.221792 0.657172
vt 0.233401 0.681490
vt 0.428025 0.587356
vt 0.434165 0.581477
vt 0.439209 0.588290
vt 0.437635 0.574664
vt 0.442616 0.577645
vt 0.486161 0.580000
vt 0.458654 0.605000
vt 0.446023 0.567000
vt 0.491173 0.567000
vt 0.486342 0.554000
vt 0.443505 0.557289
vt 0.440988 0.547579
vt 0.458653 0.529000
vt 0.438276 0.560008
vt 0.435375 0.553793
vt 0.428025 0.546500
vt 0.439262 0.567000
vt 0.531586 0.567000
vt 0.531586 0.554000
vt 0.576240 0.529000
vt 0.531586 0.580000
vt 0.576240 0.605081
vt 0.582338 0.580000
vt 0.582338 0.554000
vt 0.582338 0.573500
vt 0.582338 0.567000
vt 0.582338 0.560500
vt 0.590285 0.560552
vt 0.599913 0.556736
vt 0.603782 0.567000
vt 0.590285 0.573448
vt 0.599913 0.577264
vt 0.610971 0.577264
vt 0.610971 0.556736
vt 0.620731 0.554000
vt 0.620803 0.560552
vt 0.626715 0.567000
vt 0.627951 0.563884
vt 0.636994 0.561800
vt 0.629990 0.567000
vt 0.642182 0.567000
vt 0.636994 0.572200
vt 0.627951 0.570116
vt 0.620731 0.580000
vt 0.620803 0.573448
vt 0.153473 0.283255
vt 0.166684 0.272466
vt 0.202740 0.321191
vt 0.202740 0.272466
vt 0.271350 0.321191
vt 0.169325 0.321191
vt 0.153473 0.300983
vt 0.144229 0.272479
vt 0.139631 0.283255
vt 0.132719 0.272466
vt 0.271350 0.272466
vt 0.288161 0.295933
vt 0.288161 0.272466
vt 0.288161 0.321191
vt 0.304587 0.321191
vt 0.321747 0.299163
vt 0.407765 0.624767
vt 0.455157 0.625692
vt 0.336676 0.614954
vt 0.455157 0.681490
vt 0.516323 0.625485
vt 0.516323 0.681490
vt 0.582539 0.627473
vt 0.629561 0.681490
vt 0.300894 0.601816
vt 0.778172 0.500110
vt 0.778173 0.534237
vt 0.705953 0.512000
vt 0.705953 0.500110
vt 0.750006 0.544000
vt 0.659322 0.544000
vt 0.633168 0.512000
vt 0.802146 0.539758
vt 0.802146 0.483316
vt 0.778172 0.483316
vt 0.556224 0.512126
vt 0.623858 0.531098
vt 0.527165 0.512174
vt 0.633168 0.544000
vt 0.520684 0.513766
vt 0.513463 0.515539
vt 0.659322 0.590000
vt 0.750006 0.590000
vt 0.633168 0.590000
vt 0.623858 0.603523
vt 0.778172 0.566197
vt 0.778172 0.594397
vt 0.663669 0.625194
vt 0.710364 0.681490
vt 0.694203 0.681490
vt 0.802146 0.588342
vt 0.529206 0.610923
vt 0.576240 0.614872
vt 0.633168 0.616905
vt 0.866839 0.652862
vt 0.807237 0.652862
vt 0.807237 0.646709
vt 0.862286 0.646709
vt 0.807237 0.632810
vt 0.862286 0.632796
vt 0.866839 0.629452
vt 0.807237 0.622840
vt 0.862286 0.611927
vt 0.807237 0.611927
vt 0.866839 0.590722
vt 0.807318 0.588178
vt 0.697463 0.616905
vt 0.764158 0.627399
vt 0.778172 0.651414
vt 0.744934 0.627399
vt 0.744934 0.651414
vt 0.778172 0.383306
vt 0.802146 0.383306
vt 0.802146 0.443414
vt 0.778172 0.443415
vt 0.718414 0.444636
vt 0.738234 0.383306
vt 0.705953 0.443414
vt 0.879227 0.578387
vt 0.871625 0.585378
vt 0.807598 0.585378
vt 0.807598 0.578387
vt 0.804822 0.538979
vt 0.803627 0.538979
vt 0.822423 0.504151
vt 0.823877 0.505532
vt 0.823045 0.572998
vt 0.824002 0.571444
vt 0.861001 0.505470
vt 0.862210 0.504420
vt 0.880174 0.538979
vt 0.882536 0.538979
vt 0.862172 0.571444
vt 0.863574 0.572998
vt 0.420469 0.221361
vt 0.448464 0.191490
vt 0.466714 0.191490
vt 0.438481 0.221654
vt 0.359201 0.208796
vt 0.373336 0.220975
vt 0.359430 0.191490
vt 0.233378 0.208405
vt 0.252337 0.191490
vt 0.181956 0.191490
vt 0.181956 0.204982
vt 0.227441 0.214011
vt 0.181956 0.225580
vt 0.195503 0.263116
vt 0.227445 0.263116
vt 0.183309 0.248335
vt 0.159253 0.248335
vt 0.145760 0.232002
vt 0.150957 0.248335
vt 0.138042 0.232002
vt 0.871625 0.656494
vt 0.879228 0.656494
vt 0.040506 0.642120
vt 0.042565 0.627801
vt 0.036272 0.642120
vt 0.036272 0.627801
vt 0.036272 0.603001
vt 0.042565 0.603001
vt 0.181578 0.683802
vt 0.160364 0.685542
vt 0.126928 0.686938
vt 0.078088 0.686787
vt 0.202740 0.271150
vt 0.271350 0.271150
vt 0.288161 0.263116
vt 0.288161 0.271150
vt 0.011150 0.673607
vt 0.016809 0.673607
vt 0.016809 0.648207
vt 0.011150 0.662153
vt 0.016809 0.640221
vt 0.011150 0.631822
vt 0.016809 0.631822
vt 0.011150 0.625037
vt 0.844919 0.680339
vt 0.833440 0.683662
vt 0.806008 0.671068
vt 0.856582 0.674289
vt 0.806008 0.685281
vt 0.806008 0.656494
vt 0.786530 0.656494
vt 0.880049 0.656330
vt 0.036272 0.665686
vt 0.038580 0.682717
vt 0.040979 0.665306
vt 0.036272 0.685086
vt 0.038451 0.655406
vt 0.038996 0.658728
vt 0.232128 0.215914
vt 0.368555 0.222557
vt 0.367869 0.260234
vt 0.232050 0.259542
vt 0.355972 0.211506
vt 0.237449 0.211107
vt 0.995331 0.478866
vt 0.995331 0.426869
vt 0.947802 0.442244
vt 0.947802 0.469548
vt 0.924424 0.480748
vt 0.921578 0.473605
vt 0.907045 0.488893
vt 0.908888 0.473605
vt 0.942603 0.480748
vt 0.940071 0.461671
vt 0.889974 0.464635
vt 0.884499 0.488893
vt 0.372397 0.263116
vt 0.778172 0.331565
vt 0.802146 0.331565
vt 0.744934 0.331565
vt 0.014157 0.592322
vt 0.004774 0.569319
vt 0.004774 0.592342
vt 0.007406 0.614851
vt 0.004774 0.614851
vt 0.014157 0.608412
vt 0.026436 0.614851
vt 0.414898 0.579794
vt 0.400872 0.567000
vt 0.423447 0.567000
vt 0.414898 0.554000
vt 0.436881 0.573387
vt 0.438075 0.567000
vt 0.436881 0.561174
vt 0.434358 0.555347
vt 0.433291 0.579774
vt 0.802146 0.651414
vt 0.853149 0.556054
vt 0.832746 0.556054
vt 0.863190 0.538979
vt 0.853041 0.521176
vt 0.832366 0.521031
vt 0.822315 0.538873
vt 0.842653 0.538979
vt 0.023088 0.580411
vt 0.032002 0.588736
vt 0.047530 0.568261
vt 0.047530 0.594037
vt 0.012824 0.568261
vt 0.024730 0.646005
vt 0.030661 0.621205
vt 0.024730 0.621205
vt 0.030661 0.646005
vt 0.448391 0.941098
vt 0.487636 0.970958
vt 0.448391 0.989565
vt 0.389313 0.989565
vt 0.389313 0.941098
vt 0.341738 0.962060
vt 0.339057 0.941098
vt 0.492629 0.941098
vt 0.351685 0.916426
vt 0.389313 0.891894
vt 0.448391 0.895532
vt 0.487636 0.911262
vt 0.123154 0.501658
vt 0.174887 0.464865
vt 0.151738 0.495207
vt 0.203487 0.472439
vt 0.115573 0.479100
vt 0.101363 0.504812
vt 0.095458 0.480157
vt 0.109695 0.462674
vt 0.088305 0.450683
vt 0.163480 0.429187
vt 0.080555 0.441756
vt 0.089890 0.426788
vt 0.170144 0.399056
vt 0.239546 0.397775
vt 0.141270 0.399069
vt 0.122045 0.399056
vt 0.077144 0.437797
vt 0.070051 0.429716
vt 0.078620 0.412267
vt 0.050825 0.444466
vt 0.065890 0.425277
vt 0.043073 0.434099
vt 0.054405 0.448394
vt 0.058626 0.453762
vt 0.068154 0.474182
vt 0.077682 0.494602
vt 0.082446 0.504812
vt 0.063039 0.546298
vt 0.076421 0.537122
vt 0.055294 0.564244
vt 0.053515 0.558018
vt 0.072562 0.534577
vt 0.064718 0.503494
vt 0.040880 0.558018
vt 0.027522 0.564244
vt 0.028244 0.558018
vt 0.018614 0.546298
vt 0.068510 0.503494
vt 0.062188 0.480373
vt 0.059234 0.480373
vt 0.056873 0.472411
vt 0.058630 0.466186
vt 0.040290 0.472411
vt 0.022041 0.466186
vt 0.023707 0.472411
vt 0.018652 0.480373
vt 0.021601 0.480373
vt 0.016345 0.503494
vt 0.012507 0.503494
vt 0.005094 0.537122
vt 0.016308 0.550683
vt 0.008984 0.534577
vt 0.082390 0.606567
vt 0.060760 0.583841
vt 0.093124 0.583841
vt 0.054903 0.606567
vt 0.086597 0.565275
vt 0.067646 0.568092
vt 0.081194 0.539961
vt 0.101980 0.538972
vt 0.101075 0.534625
vt 0.104092 0.549116
vt 0.082278 0.534625
vt 0.102349 0.602340
vt 0.099604 0.606567
vt 0.156483 0.606567
vt 0.116297 0.580857
vt 0.108257 0.565596
vt 0.126607 0.548251
vt 0.145568 0.571927
vt 0.145568 0.539757
vt 0.165355 0.571712
vt 0.145568 0.601189
vt 0.124190 0.537015
vt 0.151738 0.524431
vt 0.123154 0.532200
vt 0.036447 0.536779
vt 0.028535 0.520743
vt 0.040352 0.520743
vt 0.044231 0.536779
vt 0.052113 0.520743
vt 0.043330 0.494386
vt 0.037206 0.494386
vt 0.100062 0.651856
vt 0.082485 0.651856
vt 0.082485 0.639758
vt 0.100062 0.639758
vt 0.156578 0.644525
vt 0.156578 0.639758
vt 0.045089 0.161670
vt 0.067035 0.161670
vt 0.045089 0.158183
vt 0.075571 0.161670
vt 0.073458 0.141750
vt 0.047256 0.141798
vt 0.071825 0.123334
vt 0.050409 0.110053
vt 0.069340 0.110053
vt 0.120555 0.305010
vt 0.063141 0.301472
vt 0.091418 0.322240
vt 0.080260 0.113223
vt 0.083763 0.115763
vt 0.077662 0.110053
vt 0.082446 0.534625
vt 0.101219 0.519718
vt 0.161865 0.498755
vt 0.161865 0.514457
vt 0.052456 0.222595
vt 0.042053 0.256996
vt 0.063142 0.261860
vt 0.014949 0.222595
vt 0.014949 0.256996
vt 0.014949 0.301472
vt 0.030777 0.301472
vt 0.063142 0.301475
vt 0.055810 0.285392
vt 0.091427 0.238447
vt 0.063141 0.290198
vt 0.053813 0.285392
vt 0.119682 0.286403
vt 0.114489 0.224448
vt 0.005841 0.158183
vt 0.005841 0.161670
vt 0.031518 0.092752
vt 0.022620 0.097453
vt 0.005841 0.097453
vt 0.005841 0.103526
vt 0.031376 0.083824
vt 0.089980 0.399056
vt 0.034243 0.097453
vt 0.125673 0.297187
vt 0.124106 0.286998
vt 0.084040 0.112135
vt 0.081016 0.110053
vt 0.032523 0.089275
vt 0.039319 0.366681
vt 0.048657 0.322884
vt 0.002582 0.367196
vt 0.045168 0.307346
vt 0.061921 0.314321
vt 0.085031 0.367001
vt 0.060783 0.423288
vt 0.047662 0.414378
vt 0.043783 0.429894
vt 0.085229 0.370946
vt 0.039335 0.370193
vt 0.002393 0.368835
vt 0.112691 0.719552
vt 0.085890 0.719552
vt 0.065273 0.719552
vt 0.065273 0.714790
vt 0.098021 0.707899
vt 0.609658 0.754752
vt 0.618742 0.754752
vt 0.618742 0.773011
vt 0.609658 0.773011
vt 0.058868 0.692896
vt 0.058868 0.688143
vt 0.059982 0.688143
vt 0.059982 0.692896
vt 0.039148 0.692896
vt 0.039148 0.688143
vt 0.053743 0.688143
vt 0.036704 0.711235
vt 0.036704 0.733240
vt 0.052037 0.733240
vt 0.052037 0.711235
vt 0.099604 0.612550
vt 0.082945 0.623553
vt 0.082945 0.612550
vt 0.707408 0.740948
vt 0.552651 0.742287
vt 0.552651 0.773011
vt 0.552651 0.727229
vt 0.707408 0.727289
vt 0.489296 0.731128
vt 0.494180 0.719275
vt 0.552651 0.705485
vt 0.503256 0.705485
vt 0.672864 0.830461
vt 0.700364 0.851031
vt 0.659030 0.853041
vt 0.622541 0.847461
vt 0.602533 0.831036
vt 0.629519 0.856133
vt 0.618575 0.802806
vt 0.579261 0.820035
vt 0.552092 0.811893
vt 0.552651 0.787173
vt 0.709601 0.784845
vt 0.487902 0.803584
vt 0.489054 0.782951
vt 0.552668 0.773011
vt 0.489296 0.770103
vt 0.764748 0.816053
vt 0.739115 0.798637
vt 0.613078 0.858895
vt 0.592387 0.855320
vt 0.574460 0.866025
vt 0.568565 0.852054
vt 0.500712 0.866247
vt 0.473213 0.845040
vt 0.467271 0.871346
vt 0.483760 0.819979
vt 0.524238 0.872439
vt 0.446408 0.866991
vt 0.441416 0.874541
vt 0.465579 0.875622
vt 0.786103 0.871148
vt 0.845911 0.912650
vt 0.847600 0.918751
vt 0.763051 0.867031
vt 0.781790 0.864504
vt 0.797059 0.866238
vt 0.795498 0.864296
vt 0.844666 0.905571
vt 0.812567 0.878588
vt 0.799400 0.869151
vt 0.746024 0.860183
vt 0.744331 0.864459
vt 0.779464 0.855084
vt 0.802990 0.861276
vt 0.779266 0.845707
vt 0.963587 0.979064
vt 0.963981 0.953160
vt 0.969380 0.996824
vt 0.994062 0.980862
vt 0.967930 0.948288
vt 0.949793 0.956087
vt 0.956731 0.956087
vt 0.957082 0.979064
vt 0.957082 0.996824
vt 0.977878 0.936105
vt 0.993914 0.952985
vt 0.988184 0.918244
vt 0.992103 0.914489
vt 0.920267 0.983707
vt 0.913120 0.973619
vt 0.922606 0.973619
vt 0.913224 0.983707
vt 0.913328 0.993331
vt 0.913380 0.996647
vt 0.858069 0.996647
vt 0.857974 0.993331
vt 0.839178 0.993331
vt 0.838768 0.998447
vt 0.827733 0.994039
vt 0.839341 0.980070
vt 0.821298 0.986952
vt 0.831553 0.996439
vt 0.936172 0.980036
vt 0.941627 0.993056
vt 0.951201 0.992729
vt 0.934167 0.987944
vt 0.932371 0.978244
vt 0.930740 0.987705
vt 0.936068 0.971822
vt 0.830040 0.968431
vt 0.839341 0.973619
vt 0.823630 0.970291
vt 0.857590 0.973619
vt 0.814773 0.969783
vt 0.930728 0.973619
vt 0.922054 0.986229
vt 0.917717 0.991438
vt 0.489296 0.747536
vt 0.495424 0.738026
vt 0.808288 0.878970
vt 0.803299 0.877062
vt 0.813732 0.880382
vt 0.789854 0.903579
vt 0.759699 0.911438
vt 0.780391 0.915013
vt 0.796832 0.912251
vt 0.769845 0.887154
vt 0.735877 0.908172
vt 0.741772 0.922143
vt 0.746574 0.876152
vt 0.640526 0.901157
vt 0.668024 0.922365
vt 0.719405 0.868010
vt 0.651073 0.876096
vt 0.655214 0.859702
vt 0.691550 0.928557
vt 0.634584 0.927464
vt 0.613721 0.923108
vt 0.608362 0.930659
vt 0.632891 0.931740
vt 0.988965 0.208887
vt 0.987303 0.211616
vt 0.979456 0.212305
vt 0.979545 0.209021
vt 0.988964 0.203251
vt 0.982955 0.205508
vt 0.982955 0.193309
vt 0.975901 0.220634
vt 0.980320 0.229097
vt 0.991909 0.210815
vt 0.988430 0.214467
vt 0.991909 0.199817
vt 0.991909 0.185028
vt 0.988965 0.187785
vt 0.982445 0.239849
vt 0.995229 0.245085
vt 0.988297 0.245085
vt 0.995229 0.197985
vt 0.995229 0.182208
vt 0.981649 0.245085
vt 0.988391 0.214467
vt 0.987264 0.211616
vt 0.980404 0.228911
vt 0.982445 0.239915
vt 0.968002 0.064532
vt 0.973451 0.059519
vt 0.997668 0.092153
vt 0.990272 0.092153
vt 0.935647 0.023535
vt 0.939133 0.018511
vt 0.899497 0.007177
vt 0.899497 0.000749
vt 0.859756 0.018511
vt 0.863188 0.023535
vt 0.825439 0.059519
vt 0.830833 0.064532
vt 0.800101 0.092153
vt 0.808563 0.092153
vt 0.997668 0.126377
vt 0.997668 0.134771
vt 0.986972 0.149551
vt 0.997668 0.150209
vt 0.984703 0.170098
vt 0.972747 0.166621
vt 0.977619 0.196175
vt 0.968547 0.193101
vt 0.957224 0.211286
vt 0.938294 0.210170
vt 0.915899 0.246627
vt 0.899497 0.246627
vt 0.981503 0.145141
vt 0.975633 0.113575
vt 0.936438 0.180013
vt 0.912074 0.199671
vt 0.899680 0.205480
vt 0.922780 0.179865
vt 0.933103 0.154396
vt 0.915577 0.157508
vt 0.913915 0.146051
vt 0.899497 0.164040
vt 0.899493 0.146051
vt 0.884920 0.146051
vt 0.883258 0.157508
vt 0.928379 0.141783
vt 0.926587 0.127654
vt 0.866000 0.153006
vt 0.876055 0.179865
vt 0.871049 0.142376
vt 0.872281 0.127654
vt 0.862397 0.180013
vt 0.825393 0.166352
vt 0.830288 0.193101
vt 0.860541 0.210170
vt 0.886761 0.199671
vt 0.940424 0.125318
vt 0.939079 0.109789
vt 0.953468 0.111035
vt 0.953346 0.086936
vt 0.926258 0.082616
vt 0.948985 0.124945
vt 0.923958 0.039008
vt 0.899495 0.024640
vt 0.874877 0.039008
vt 0.845522 0.086936
vt 0.823202 0.113575
vt 0.818008 0.145527
vt 0.845407 0.111035
vt 0.860053 0.109789
vt 0.858210 0.124924
vt 0.872999 0.082616
vt 0.850111 0.124096
vt 0.886113 0.055890
vt 0.899493 0.055890
vt 0.913300 0.055890
vt 0.919640 0.087017
vt 0.930426 0.108920
vt 0.899495 0.105477
vt 0.908853 0.065114
vt 0.899495 0.065114
vt 0.889996 0.065114
vt 0.879210 0.087017
vt 0.868424 0.108920
vt 0.878856 0.123919
vt 0.889288 0.138917
vt 0.899495 0.138917
vt 0.909561 0.138917
vt 0.919993 0.123919
vt 0.899500 0.142749
vt 0.911322 0.142749
vt 0.887528 0.142749
vt 0.876904 0.126045
vt 0.921933 0.126045
vt 0.866280 0.109341
vt 0.877160 0.084987
vt 0.888039 0.060632
vt 0.899491 0.060632
vt 0.911615 0.060632
vt 0.922079 0.084987
vt 0.932544 0.109341
vt 0.970666 0.161500
vt 0.976364 0.146433
vt 0.936220 0.151377
vt 0.932356 0.142812
vt 0.942402 0.129250
vt 0.950417 0.128970
vt 0.908906 0.195190
vt 0.899782 0.199082
vt 0.899782 0.184092
vt 0.890518 0.195190
vt 0.882798 0.179891
vt 0.887463 0.165306
vt 0.899497 0.169274
vt 0.916625 0.179891
vt 0.911960 0.165306
vt 0.862928 0.149112
vt 0.849398 0.130624
vt 0.856204 0.131166
vt 0.865117 0.142700
vt 0.830105 0.158827
vt 0.824713 0.147284
vt 0.912604 0.163384
vt 0.899497 0.167600
vt 0.917918 0.179891
vt 0.909619 0.196358
vt 0.899772 0.200356
vt 0.889805 0.196358
vt 0.881505 0.179891
vt 0.886819 0.163384
vt 0.950211 0.130955
vt 0.969786 0.160078
vt 0.937041 0.150288
vt 0.943361 0.131647
vt 0.933763 0.143138
vt 0.975071 0.147016
vt 0.863538 0.150085
vt 0.866229 0.142336
vt 0.828998 0.160335
vt 0.822927 0.147047
vt 0.856824 0.129396
vt 0.849214 0.129776
vt 0.086671 0.755928
vt 0.086671 0.766409
vt 0.067455 0.765395
vt 0.155118 0.760205
vt 0.086671 0.772363
vt 0.145526 0.793246
vt 0.100838 0.794699
vt 0.140094 0.811870
vt 0.170751 0.820409
vt 0.215047 0.825224
vt 0.154590 0.776249
vt 0.084041 0.782023
vt 0.061814 0.765699
vt 0.044394 0.753444
vt 0.233258 0.796548
vt 0.311985 0.805963
vt 0.187644 0.773368
vt 0.213136 0.762559
vt 0.189980 0.746987
vt 0.245846 0.749018
vt 0.277735 0.763432
vt 0.245399 0.777430
vt 0.312278 0.774036
vt 0.312251 0.763653
vt 0.312134 0.753788
vt 0.282295 0.728662
vt 0.309854 0.717001
vt 0.215806 0.705377
vt 0.232640 0.729176
vt 0.169306 0.711284
vt 0.319214 0.701092
vt 0.155186 0.739052
vt 0.155215 0.729986
vt 0.120140 0.722030
vt 0.086671 0.746800
vt 0.086671 0.734340
vt 0.217059 0.830185
vt 0.219070 0.835146
vt 0.065533 0.750122
vt 0.065533 0.743892
vt 0.331405 0.849160
vt 0.358014 0.849897
vt 0.335766 0.859096
vt 0.343635 0.840944
vt 0.332985 0.863709
vt 0.320362 0.856354
vt 0.286304 0.848058
vt 0.300779 0.828475
vt 0.323987 0.822100
vt 0.363345 0.820220
vt 0.360561 0.835597
vt 0.384083 0.850710
vt 0.375156 0.859226
vt 0.348700 0.799245
vt 0.426671 0.853906
vt 0.386584 0.865445
vt 0.400168 0.816868
vt 0.348660 0.787506
vt 0.349606 0.773743
vt 0.401257 0.790834
vt 0.411401 0.775209
vt 0.369493 0.763647
vt 0.475409 0.782033
vt 0.422787 0.864191
vt 0.418903 0.874476
vt 0.258141 0.833918
vt 0.252246 0.839762
vt 0.309320 0.863549
vt 0.330204 0.868321
vt 0.277836 0.854577
vt 0.246352 0.845605
vt 0.390693 0.875232
vt 0.386026 0.873820
vt 0.381466 0.865622
vt 0.372627 0.860251
vt 0.358611 0.852110
vt 0.338184 0.860398
vt 0.334737 0.867483
vt 0.391738 0.700432
vt 0.454508 0.696665
vt 0.391121 0.736957
vt 0.362982 0.747564
vt 0.397328 0.742785
vt 0.487458 0.693575
vt 0.508761 0.691756
vt 0.411401 0.750609
vt 0.489296 0.747537
vt 0.440348 0.762921
vt 0.635435 0.882976
vt 0.585824 0.872145
vt 0.630209 0.891982
vt 0.590821 0.879175
vt 0.597834 0.894949
vt 0.605252 0.899005
vt 0.615205 0.903577
vt 0.631141 0.902897
vt 0.639773 0.872265
vt 0.583685 0.888378
vt 0.571508 0.875142
vt 0.570217 0.872017
vt 0.613538 0.904865
vt 0.629246 0.905227
vt 0.627350 0.907558
vt 0.621391 0.909559
vt 0.567521 0.872003
vt 0.569860 0.876305
vt 0.582685 0.889704
vt 0.564437 0.871988
vt 0.566628 0.877270
vt 0.580437 0.890523
vt 0.596178 0.896031
vt 0.604280 0.900269
vt 0.147737 0.328313
vt 0.128509 0.350048
vt 0.129273 0.335120
vt 0.125131 0.341999
vt 0.125384 0.365033
vt 0.123658 0.356751
vt 0.129681 0.370738
vt 0.130205 0.362366
vt 0.147737 0.348283
vt 0.131335 0.370578
vt 0.135705 0.384726
vt 0.147737 0.390872
vt 0.147737 0.376473
vt 0.147737 0.362378
vt 0.131133 0.334361
vt 0.147737 0.322069
vt 0.132695 0.327278
vt 0.147737 0.312703
vt 0.136117 0.319435
vt 0.502931 0.705485
vt 0.508760 0.691756
vt 0.552651 0.691756
vt 0.580136 0.691756
vt 0.580166 0.705485
vt 0.979807 0.676907
vt 0.992880 0.676907
vt 0.979807 0.657163
vt 0.979807 0.689315
vt 0.992880 0.689315
vt 0.992880 0.657163
vt 0.965260 0.689315
vt 0.965260 0.657163
vt 0.965260 0.676907
vt 0.774599 0.691682
vt 0.779404 0.741836
vt 0.729677 0.725133
vt 0.796231 0.691682
vt 0.707408 0.741836
vt 0.759020 0.691682
vt 0.729479 0.714277
vt 0.707408 0.717136
vt 0.707408 0.691682
vt 0.821509 0.699863
vt 0.812780 0.741836
vt 0.818233 0.691682
vt 0.832945 0.701446
vt 0.834126 0.691682
vt 0.881386 0.947506
vt 0.867805 0.949457
vt 0.867805 0.968969
vt 0.912386 0.949088
vt 0.919794 0.968969
vt 0.908300 0.941221
vt 0.901656 0.929946
vt 0.881386 0.929946
vt 0.707408 0.753175
vt 0.803032 0.753175
vt 0.772052 0.684866
vt 0.719281 0.684866
vt 0.719281 0.669930
vt 0.767054 0.669986
vt 0.719281 0.667114
vt 0.795197 0.679861
vt 0.785789 0.659841
vt 0.719281 0.659841
vt 0.797549 0.684866
vt 0.156754 0.153269
vt 0.233394 0.137765
vt 0.233394 0.190305
vt 0.169315 0.190374
vt 0.288875 0.190417
vt 0.288864 0.140561
vt 0.385544 0.140561
vt 0.398604 0.190425
vt 0.398604 0.139178
vt 0.385544 0.098148
vt 0.398588 0.097869
vt 0.427301 0.139178
vt 0.463654 0.190430
vt 0.329607 0.136066
vt 0.379628 0.134524
vt 0.288864 0.137600
vt 0.233394 0.134421
vt 0.144190 0.129678
vt 0.091904 0.136344
vt 0.288864 0.103357
vt 0.233394 0.106621
vt 0.291457 0.099575
vt 0.122075 0.097890
vt 0.144190 0.113781
vt 0.097222 0.106135
vt 0.329607 0.104767
vt 0.357318 0.098576
vt 0.379628 0.106017
vt 0.137096 0.216955
vt 0.165257 0.216955
vt 0.137096 0.196416
vt 0.089883 0.196416
vt 0.092714 0.216955
vt 0.065112 0.196416
vt 0.067943 0.216955
vt 0.043226 0.216955
vt 0.033260 0.201121
vt 0.036214 0.188742
vt 0.094112 0.174831
vt 0.018869 0.192640
vt 0.018869 0.174831
vt 0.006998 0.191333
vt 0.006998 0.178101
vt 0.036214 0.178616
vt 0.164955 0.197377
vt 0.115459 0.174831
vt 0.137096 0.174831
vt 0.017850 0.170501
vt 0.003433 0.176301
vt 0.031733 0.203334
vt 0.003433 0.192671
vt 0.094085 0.170501
vt 0.115459 0.170611
vt 0.130040 0.170659
vt 0.137089 0.170610
vt 0.152785 0.169520
vt 0.150585 0.174945
vt 0.162212 0.192462
vt 0.626805 0.227731
vt 0.627705 0.244944
vt 0.610449 0.227731
vt 0.626792 0.227731
vt 0.623522 0.207073
vt 0.647460 0.227731
vt 0.644707 0.244944
vt 0.647454 0.227731
vt 0.662203 0.227731
vt 0.650818 0.207073
vt 0.623524 0.207073
vt 0.652464 0.182946
vt 0.621408 0.182946
vt 0.670775 0.207073
vt 0.601718 0.207073
vt 0.650814 0.207073
vt 0.596380 0.182946
vt 0.677165 0.182946
vt 0.008378 0.792586
vt 0.024707 0.781712
vt 0.006268 0.781712
vt 0.009215 0.797187
vt 0.016083 0.809621
vt 0.024707 0.811451
vt 0.023100 0.755571
vt 0.011183 0.764064
vt 0.010035 0.766204
vt 0.023904 0.755420
vt 0.024707 0.755269
vt 0.723547 0.078794
vt 0.700812 0.104097
vt 0.698156 0.101181
vt 0.722806 0.074782
vt 0.687134 0.114826
vt 0.689520 0.116892
vt 0.745578 0.090470
vt 0.744627 0.093384
vt 0.724508 0.102154
vt 0.727015 0.126757
vt 0.713401 0.134082
vt 0.744627 0.102371
vt 0.758557 0.123340
vt 0.759518 0.150087
vt 0.776236 0.115268
vt 0.792174 0.149363
vt 0.793517 0.145404
vt 0.779735 0.114001
vt 0.803189 0.149019
vt 0.802284 0.152714
vt 0.793527 0.145410
vt 0.792185 0.149369
vt 0.779744 0.114004
vt 0.776244 0.115271
vt 0.744627 0.093385
vt 0.745583 0.090471
vt 0.794147 0.185969
vt 0.780208 0.184691
vt 0.759526 0.150093
vt 0.764419 0.186427
vt 0.758564 0.123343
vt 0.727019 0.126760
vt 0.744627 0.102372
vt 0.780198 0.184681
vt 0.764411 0.186417
vt 0.724512 0.102156
vt 0.700799 0.104096
vt 0.723550 0.078794
vt 0.698158 0.101184
vt 0.689521 0.116896
vt 0.687135 0.114830
vt 0.722809 0.074782
vt 0.713404 0.134087
vt 0.685959 0.120105
vt 0.683909 0.117652
vt 0.682525 0.123299
vt 0.680684 0.120469
vt 0.686022 0.120095
vt 0.683909 0.117647
vt 0.705091 0.142070
vt 0.697375 0.148958
vt 0.705089 0.142064
vt 0.013663 0.721726
vt 0.013663 0.708873
vt 0.017531 0.710089
vt 0.017228 0.741006
vt 0.016514 0.698756
vt 0.023141 0.709012
vt 0.020227 0.746461
vt 0.023141 0.749218
vt 0.019967 0.693684
vt 0.021554 0.693360
vt 0.023141 0.693036
vt 0.737815 0.158800
vt 0.721857 0.165909
vt 0.746020 0.189609
vt 0.751505 0.217055
vt 0.729975 0.191897
vt 0.735252 0.215641
vt 0.753508 0.246763
vt 0.737975 0.243305
vt 0.753484 0.269926
vt 0.735893 0.264809
vt 0.750669 0.302689
vt 0.771075 0.275043
vt 0.761040 0.306216
vt 0.772631 0.314831
vt 0.772245 0.317677
vt 0.760315 0.309155
vt 0.784173 0.316119
vt 0.797861 0.312617
vt 0.784128 0.318757
vt 0.796092 0.316260
vt 0.784135 0.318718
vt 0.769040 0.250221
vt 0.797313 0.272388
vt 0.733843 0.299078
vt 0.717016 0.295466
vt 0.731853 0.317291
vt 0.734550 0.318750
vt 0.750666 0.305822
vt 0.791380 0.248357
vt 0.765119 0.226249
vt 0.764769 0.206338
vt 0.786876 0.212678
vt 0.765109 0.226235
vt 0.769032 0.250200
vt 0.771069 0.275016
vt 0.753478 0.269907
vt 0.750684 0.302675
vt 0.761057 0.306199
vt 0.772643 0.314798
vt 0.784186 0.316049
vt 0.735888 0.264798
vt 0.737969 0.243294
vt 0.753501 0.246747
vt 0.735245 0.215630
vt 0.733849 0.299069
vt 0.717015 0.295464
vt 0.713382 0.293780
vt 0.714664 0.297201
vt 0.712545 0.296158
vt 0.731896 0.317281
vt 0.734578 0.318747
vt 0.730234 0.320804
vt 0.751497 0.217042
vt 0.729969 0.191887
vt 0.746013 0.189599
vt 0.721853 0.165901
vt 0.737809 0.158792
vt 0.705803 0.170700
vt 0.713485 0.193951
vt 0.716401 0.215434
vt 0.714550 0.237936
vt 0.712799 0.256982
vt 0.709752 0.292098
vt 0.713384 0.293782
vt 0.712543 0.296160
vt 0.710424 0.295118
vt 0.714662 0.297202
vt 0.730182 0.320812
vt 0.734048 0.322679
vt 0.750683 0.305808
vt 0.734081 0.322679
vt 0.760340 0.309143
vt 0.770890 0.317066
vt 0.764760 0.206326
vt 0.786866 0.212663
vt 0.501399 0.175872
vt 0.510014 0.176314
vt 0.504897 0.160772
vt 0.501395 0.175866
vt 0.476343 0.144421
vt 0.501581 0.182884
vt 0.484214 0.181250
vt 0.511728 0.183435
vt 0.502725 0.206391
vt 0.484244 0.190810
vt 0.511387 0.216135
vt 0.501585 0.182889
vt 0.502729 0.206397
vt 0.484248 0.190815
vt 0.484218 0.181256
vt 0.470649 0.144421
vt 0.498504 0.229910
vt 0.491478 0.219039
vt 0.462555 0.232852
vt 0.462555 0.246502
vt 0.484275 0.200369
vt 0.462555 0.212063
vt 0.491482 0.219044
vt 0.484279 0.200374
vt 0.462555 0.212069
vt 0.462555 0.232857
vt 0.462555 0.156503
vt 0.470649 0.122465
vt 0.462555 0.136023
vt 0.476343 0.120882
vt 0.470649 0.108900
vt 0.462555 0.101982
vt 0.470649 0.122460
vt 0.496019 0.138763
vt 0.462555 0.115544
vt 0.462555 0.115538
vt 0.462555 0.136018
vt 0.462555 0.156497
vt 0.562169 0.075704
vt 0.560843 0.082019
vt 0.589575 0.082019
vt 0.589575 0.075704
vt 0.549473 0.075704
vt 0.560843 0.069393
vt 0.589575 0.069393
vt 0.589575 0.088331
vt 0.558131 0.088331
vt 0.589575 0.092319
vt 0.558131 0.092319
vt 0.549537 0.092319
vt 0.549505 0.088331
vt 0.540879 0.092319
vt 0.540879 0.088331
vt 0.514284 0.092425
vt 0.514252 0.088331
vt 0.538167 0.082019
vt 0.536842 0.075704
vt 0.514252 0.075704
vt 0.514252 0.082019
vt 0.538167 0.069393
vt 0.514252 0.069393
vt 0.514252 0.063081
vt 0.540879 0.063081
vt 0.514284 0.058986
vt 0.540879 0.059092
vt 0.549505 0.063081
vt 0.549537 0.059092
vt 0.558131 0.063081
vt 0.558131 0.059092
vt 0.589575 0.059092
vt 0.589575 0.063081
vt 0.493452 0.075704
vt 0.500722 0.085859
vt 0.512295 0.075704
vt 0.500722 0.065552
vt 0.512861 0.069393
vt 0.512861 0.082019
vt 0.628862 0.065716
vt 0.628822 0.075704
vt 0.639981 0.075704
vt 0.628862 0.085695
vt 0.592160 0.075704
vt 0.591370 0.082019
vt 0.591370 0.069393
vt 0.609260 0.059968
vt 0.609260 0.091443
vt 0.531372 0.122697
vt 0.512758 0.124771
vt 0.527924 0.116115
vt 0.540796 0.104599
vt 0.545179 0.111020
vt 0.549937 0.108467
vt 0.549937 0.099073
vt 0.554487 0.111020
vt 0.558696 0.104599
vt 0.566670 0.122697
vt 0.549937 0.137348
vt 0.540767 0.132252
vt 0.558618 0.132252
vt 0.549937 0.176272
vt 0.519047 0.136800
vt 0.569194 0.157682
vt 0.549937 0.218868
vt 0.532206 0.218868
vt 0.549937 0.233543
vt 0.585337 0.150712
vt 0.567882 0.218868
vt 0.589386 0.138270
vt 0.570774 0.116115
vt 0.510692 0.141339
vt 0.504062 0.129058
vt 0.578028 0.130484
vt 0.581126 0.123281
vt 0.591478 0.130447
vt 0.014114 0.782314
vt 0.016306 0.787368
vt 0.022187 0.782314
vt 0.018498 0.792422
vt 0.020342 0.796602
vt 0.022187 0.800782
vt 0.016306 0.777512
vt 0.018498 0.772710
vt 0.020342 0.768766
vt 0.022187 0.764822
vt 0.620715 0.155445
vt 0.654301 0.155445
vt 0.594678 0.155445
vt 0.596481 0.118043
vt 0.620712 0.155445
vt 0.606375 0.114613
vt 0.617343 0.107424
vt 0.630285 0.107171
vt 0.638317 0.130803
vt 0.648210 0.138393
vt 0.654483 0.133285
vt 0.630285 0.107210
vt 0.638310 0.130843
vt 0.648210 0.138414
vt 0.654302 0.155445
vt 0.679948 0.162027
vt 0.680421 0.134429
vt 0.664735 0.123681
vt 0.654483 0.133279
vt 0.664735 0.123700
vt 0.666028 0.117928
vt 0.657702 0.111691
vt 0.648210 0.106721
vt 0.648210 0.076959
vt 0.656005 0.082373
vt 0.639189 0.106141
vt 0.641537 0.079339
vt 0.617711 0.102977
vt 0.605440 0.110619
vt 0.597399 0.113640
vt 0.641537 0.079308
vt 0.639189 0.106176
vt 0.648210 0.106728
vt 0.657702 0.111710
vt 0.656005 0.082426
vt 0.666028 0.117939
vt 0.679717 0.128278
vt 0.655751 0.078411
vt 0.662012 0.085081
vt 0.704256 0.075286
vt 0.702615 0.079015
vt 0.697109 0.087706
vt 0.685453 0.111640
vt 0.674063 0.112386
vt 0.681238 0.115143
vt 0.844356 0.454598
vt 0.854148 0.457755
vt 0.844356 0.464348
vt 0.834640 0.457755
vt 0.821632 0.464348
vt 0.821632 0.478709
vt 0.839165 0.487488
vt 0.836769 0.497178
vt 0.818477 0.486940
vt 0.849734 0.487094
vt 0.852573 0.496137
vt 0.834641 0.457755
vt 0.854149 0.457755
vt 0.863470 0.464348
vt 0.859557 0.483115
vt 0.868286 0.478478
vt 0.863576 0.491360
vt 0.870296 0.486789
vt 0.877016 0.473841
vt 0.877016 0.482219
vt 0.830601 0.459076
vt 0.821935 0.453678
vt 0.812234 0.459076
vt 0.830601 0.453678
vt 0.862584 0.459076
vt 0.862584 0.453678
vt 0.870143 0.453678
vt 0.870143 0.459076
vt 0.854278 0.459076
vt 0.854279 0.453678
vt 0.846415 0.453678
vt 0.846415 0.459076
vt 0.839117 0.453678
vt 0.839117 0.459076
vt 0.881181 0.459076
vt 0.697938 0.190741
vt 0.704787 0.199680
vt 0.700587 0.187611
vt 0.695290 0.193870
vt 0.701038 0.201257
vt 0.681240 0.208805
vt 0.681091 0.189352
vt 0.702701 0.211535
vt 0.699526 0.222502
vt 0.692410 0.230284
vt 0.674987 0.235210
vt 0.675029 0.240703
vt 0.694213 0.234343
vt 0.703089 0.225127
vt 0.706806 0.211728
vt 0.681058 0.185099
vt 0.681026 0.180847
vt 0.696015 0.238401
vt 0.675071 0.246196
vt 0.706651 0.227751
vt 0.710912 0.211921
vt 0.708536 0.198103
vt 0.580019 0.705485
vt 0.707324 0.717136
vt 0.580046 0.691682
vt 0.707324 0.691682
vt 0.973484 0.646817
vt 0.994597 0.711248
vt 0.964350 0.653246
vt 0.969519 0.695569
vt 0.993973 0.632394
vt 0.981936 0.686619
vt 0.991551 0.674702
vt 0.981936 0.672727
vt 0.970410 0.681209
vt 0.970410 0.667164
vt 0.991551 0.686619
vt 0.702637 0.766022
vt 0.643066 0.766022
vt 0.643066 0.769629
vt 0.702637 0.769629
vt 0.991551 0.653658
vt 0.981936 0.653658
vt 0.643066 0.754475
vt 0.702637 0.754499
vt 0.305647 0.935211
vt 0.305647 0.928962
vt 0.313452 0.928962
vt 0.313452 0.935211
vt 0.313452 0.921851
vt 0.305647 0.921851
vt 0.313452 0.909938
vt 0.305647 0.909938
vt 0.313452 0.902450
vt 0.305647 0.902450
vt 0.313452 0.894994
vt 0.305647 0.894994
vt 0.313452 0.882907
vt 0.305647 0.882907
vt 0.313452 0.874185
vt 0.305647 0.874185
vt 0.305647 0.867936
vt 0.313452 0.867936
vt 0.322072 0.867936
vt 0.322072 0.874185
vt 0.322072 0.882907
vt 0.322072 0.894994
vt 0.322072 0.902450
vt 0.322072 0.909938
vt 0.322072 0.921851
vt 0.322072 0.928962
vt 0.322072 0.935211
vt 0.328495 0.921851
vt 0.328495 0.882907
vt 0.300150 0.882907
vt 0.300150 0.874185
vt 0.300150 0.867936
vt 0.300150 0.894994
vt 0.300150 0.902450
vt 0.300150 0.909938
vt 0.300150 0.921851
vt 0.300150 0.928962
vt 0.300150 0.935211
vt 0.270060 0.894994
vt 0.270060 0.921851
vt 0.270061 0.909938
vt 0.229337 0.921851
vt 0.229337 0.928962
vt 0.270060 0.928962
vt 0.229337 0.935211
vt 0.270061 0.935211
vt 0.229337 0.909938
vt 0.206915 0.935211
vt 0.206915 0.928962
vt 0.197750 0.935211
vt 0.197750 0.928962
vt 0.206915 0.921851
vt 0.197750 0.921851
vt 0.206915 0.909938
vt 0.197750 0.909938
vt 0.270060 0.906194
vt 0.229337 0.906194
vt 0.270060 0.902450
vt 0.229337 0.902450
vt 0.229337 0.898722
vt 0.270060 0.898722
vt 0.206915 0.906194
vt 0.206915 0.902450
vt 0.197750 0.902450
vt 0.206915 0.898722
vt 0.229337 0.894994
vt 0.270060 0.882907
vt 0.229337 0.882907
vt 0.270060 0.874185
vt 0.229337 0.874185
vt 0.270061 0.867936
vt 0.229337 0.867936
vt 0.206915 0.882907
vt 0.206915 0.874185
vt 0.197750 0.882907
vt 0.197750 0.874185
vt 0.206915 0.867936
vt 0.197750 0.867936
vt 0.197750 0.894994
vt 0.206915 0.894994
vt 0.169625 0.913693
vt 0.156003 0.908696
vt 0.156003 0.896155
vt 0.169625 0.891748
vt 0.169626 0.927822
vt 0.156002 0.920014
vt 0.156003 0.885537
vt 0.169625 0.877022
vt 0.145221 0.902538
vt 0.192877 0.871817
vt 0.192877 0.902853
vt 0.192877 0.918765
vt 0.195461 0.902931
vt 0.195461 0.919328
vt 0.192877 0.933595
vt 0.195461 0.934237
vt 0.192877 0.886941
vt 0.195461 0.871238
vt 0.195461 0.886407
vt 0.156003 0.908695
vt 0.156003 0.920014
vt 0.169625 0.927822
vt 0.192878 0.886941
vt 0.727282 0.034899
vt 0.727662 0.028185
vt 0.698329 0.007801
vt 0.697948 0.014515
vt 0.697820 0.068069
vt 0.717186 0.061977
vt 0.735658 0.070635
vt 0.789763 0.016134
vt 0.781531 0.011750
vt 0.803754 0.051352
s 1
usemtl Body
f 1/1/1 2/2/2 3/3/3
f 2/2/2 1/1/1 4/4/4
f 5/5/5 1/1/1 3/3/3
f 6/6/6 1/1/1 5/5/5
f 7/7/7 6/6/6 5/5/5
f 7/7/7 8/8/8 6/6/6
f 9/9/9 7/7/7 5/5/5
f 9/9/9 5/5/5 3/3/3
f 8/8/8 7/7/7 9/9/9
f 8/8/8 10/10/10 6/6/6
f 10/10/10 11/11/11 6/6/6
f 12/12/12 4/4/4 1/1/1
f 12/12/12 13/13/13 4/4/4
f 12/12/12 14/14/14 13/13/13
f 1/1/1 6/6/6 14/14/14
f 12/12/12 1/1/1 14/14/14
f 11/11/11 14/14/14 6/6/6
f 14/14/14 15/15/15 13/13/13
f 11/11/11 15/15/15 14/14/14
f 16/16/16 17/17/17 18/18/18
f 16/16/16 18/18/18 19/19/19
f 16/16/16 19/19/19 20/10/20
f 21/20/21 16/16/16 20/10/20
f 21/20/21 22/21/22 16/16/16
f 16/16/16 22/21/22 17/17/17
f 20/10/20 23/22/23 21/20/21
f 23/22/23 24/23/24 21/20/21
f 20/10/20 25/8/25 23/22/23
f 26/24/26 27/25/27 28/26/28
f 29/27/29 26/24/26 28/26/28
f 29/27/29 28/26/28 30/28/30
f 28/26/28 31/29/31 30/28/30
f 32/30/32 29/27/29 30/28/30
f 26/24/26 29/27/29 32/30/32
f 33/31/33 26/24/26 32/30/32
f 34/32/34 27/25/27 26/24/26
f 35/33/35 34/32/34 26/24/26
f 35/33/35 26/24/26 33/31/33
f 35/33/35 36/34/36 34/32/34
f 35/33/35 37/35/37 36/34/36
f 35/33/35 38/36/38 37/35/37
f 38/36/38 35/33/35 33/31/33
f 37/35/37 38/36/38 39/37/39
f 38/36/38 40/38/40 39/37/39
f 41/39/41 39/37/39 40/38/40
f 40/38/40 38/36/38 42/40/42
f 38/36/38 33/31/33 42/40/42
f 42/40/42 43/41/43 40/38/40
f 43/41/43 41/39/41 40/38/40
f 44/42/44 30/28/30 31/29/31
f 43/41/43 45/43/45 41/39/41
f 46/44/46 45/43/45 43/41/43
f 46/44/46 43/41/43 47/45/47
f 48/46/48 47/45/47 43/41/43
f 46/44/46 47/45/47 49/47/49
f 49/47/49 47/45/47 50/48/50
f 47/45/47 48/46/48 50/48/50
f 49/47/49 50/48/50 51/49/51
f 44/42/44 51/49/51 52/50/52
f 50/48/50 52/50/52 51/49/51
f 44/42/44 52/50/52 30/28/30
f 53/51/53 30/28/30 52/50/52
f 50/48/50 48/46/48 53/51/53
f 50/48/50 53/51/53 52/50/52
f 42/40/42 54/52/54 43/41/43
f 54/52/54 48/46/48 43/41/43
f 48/46/48 54/52/54 32/30/32
f 53/51/53 48/46/48 32/30/32
f 53/51/53 32/30/32 30/28/30
f 33/31/33 32/30/32 54/52/54
f 42/40/42 33/31/33 54/52/54
f 55/53/55 56/54/56 57/34/57
f 58/35/58 55/53/55 57/34/57
f 55/53/55 58/35/58 59/55/59
f 58/35/58 60/37/60 59/55/59
f 59/55/59 60/37/60 61/39/61
f 62/56/62 59/55/59 61/39/61
f 63/32/63 57/34/57 56/54/56
f 64/57/64 63/32/63 56/54/56
f 65/25/65 63/32/63 64/57/64
f 66/58/66 65/25/65 64/57/64
f 67/26/67 65/25/65 66/58/66
f 68/59/68 67/26/67 66/58/66
f 69/29/69 67/26/67 68/59/68
f 70/60/70 69/29/69 68/59/68
f 69/29/69 70/60/70 71/42/71
f 70/60/70 72/61/71 71/42/71
f 62/56/62 61/39/61 73/62/72
f 61/39/61 74/43/73 73/62/72
f 73/62/72 74/43/73 75/44/74
f 76/63/75 73/62/72 75/44/74
f 76/63/75 75/44/74 77/47/76
f 78/64/76 76/63/75 77/47/76
f 79/65/77 80/66/78 81/67/79
f 81/67/79 80/66/78 82/68/80
f 79/65/77 83/69/81 80/66/78
f 79/65/77 84/70/82 83/69/81
f 79/65/77 85/71/83 84/70/82
f 85/71/83 86/72/84 84/70/82
f 86/72/84 87/73/84 84/70/82
f 80/66/78 88/74/85 82/68/80
f 88/74/85 89/75/86 82/68/80
f 82/68/80 89/75/86 90/76/87
f 89/75/86 91/77/87 90/76/87
f 92/78/88 93/64/89 94/47/90
f 95/49/91 92/78/88 94/47/90
f 95/49/91 96/42/92 92/78/88
f 96/42/92 97/61/93 92/78/88
f 98/79/94 99/80/95 100/81/96
f 98/79/94 100/81/96 101/82/97
f 98/79/94 101/82/97 102/83/98
f 98/79/94 102/83/98 103/84/98
f 104/85/99 98/79/94 103/84/98
f 104/85/99 105/86/100 98/79/94
f 106/87/101 107/88/102 108/89/103
f 108/89/103 109/90/104 106/87/101
f 109/90/104 110/91/105 106/87/101
f 106/87/101 110/91/105 111/92/106
f 110/91/105 112/93/107 111/92/106
f 106/87/101 111/92/106 113/94/108
f 114/95/109 106/87/101 113/94/108
f 115/96/110 116/97/110 117/98/111
f 118/99/112 115/96/110 117/98/111
f 118/99/112 117/98/111 119/100/113
f 120/101/114 118/99/112 119/100/113
f 120/101/114 119/100/113 121/102/115
f 120/101/114 121/102/115 122/103/116
f 121/102/115 123/104/117 122/103/116
f 124/105/118 125/106/119 126/107/120
f 127/108/121 124/105/118 126/107/120
f 126/107/120 128/109/122 127/108/121
f 127/108/121 129/110/123 124/105/118
f 130/111/124 129/110/123 127/108/121
f 130/111/124 131/112/125 129/110/123
f 124/105/118 129/110/123 132/113/126
f 124/105/118 132/113/126 125/106/119
f 133/114/127 130/111/124 127/108/121
f 134/115/128 133/114/127 127/108/121
f 135/116/129 136/117/130 137/88/131
f 136/117/130 135/116/129 138/118/132
f 135/116/129 139/119/133 138/118/132
f 139/119/133 140/109/134 138/118/132
f 135/116/129 137/88/131 141/87/135
f 142/120/136 135/116/129 141/87/135
f 135/116/129 142/120/136 139/119/133
f 142/120/136 143/121/137 139/119/133
f 139/119/133 143/121/137 140/109/134
f 142/120/136 144/95/138 143/121/137
f 142/120/136 141/87/135 144/95/138
f 144/95/138 145/115/139 143/121/137
f 145/115/139 146/108/140 143/121/137
f 143/121/137 146/108/140 140/109/134
f 147/122/141 148/103/142 149/104/143
f 150/123/144 147/122/141 149/104/143
f 150/123/144 151/124/145 147/122/141
f 151/124/145 152/125/146 147/122/141
f 150/123/144 153/126/147 151/124/145
f 154/95/148 155/127/149 156/115/150
f 154/95/148 157/94/151 155/127/149
f 155/127/149 158/114/152 156/115/150
f 159/128/153 160/129/154 161/130/155
f 162/131/156 159/128/153 161/130/155
f 162/131/156 161/130/155 163/132/157
f 164/133/158 162/131/156 163/132/157
f 164/133/158 163/132/157 165/134/159
f 166/135/160 164/133/158 165/134/159
f 162/131/156 164/133/158 166/135/160
f 167/136/161 162/131/156 166/135/160
f 168/137/162 162/131/156 167/136/161
f 169/138/163 168/137/162 167/136/161
f 166/135/160 165/134/159 170/139/164
f 167/136/161 166/135/160 170/139/164
f 163/132/157 161/130/155 170/139/164
f 165/134/159 163/132/157 170/139/164
f 167/136/161 170/139/164 171/140/165
f 172/141/166 167/136/161 171/140/165
f 171/140/165 173/142/154 172/141/166
f 173/142/154 174/143/167 172/141/166
f 170/139/164 161/130/155 175/144/168
f 176/145/169 170/139/164 175/144/168
f 177/146/170 178/147/171 179/148/172
f 180/149/173 177/146/170 179/148/172
f 180/149/173 179/148/172 181/150/174
f 182/151/175 180/149/173 181/150/174
f 183/152/176 181/150/177 184/153/178
f 185/154/179 183/152/176 184/153/178
f 186/155/180 183/152/176 185/154/179
f 187/156/181 186/155/180 185/154/179
f 188/157/182 184/153/183 189/158/184
f 190/159/185 188/157/182 189/158/184
f 190/159/185 189/158/184 191/160/186
f 192/161/187 190/159/185 191/160/186
f 191/160/188 193/162/189 194/163/187
f 193/162/189 195/164/170 194/163/187
f 194/163/187 195/164/170 196/165/190
f 195/164/170 197/166/173 196/165/190
f 191/160/188 198/167/184 193/162/189
f 198/167/184 199/168/172 193/162/189
f 200/169/177 199/168/172 198/167/184
f 201/170/191 200/169/177 198/167/184
f 202/171/192 203/172/193 204/173/194
f 205/174/195 202/171/192 204/173/194
f 205/174/195 204/173/194 206/175/196
f 207/176/197 205/174/195 206/175/196
f 207/176/197 206/175/196 208/177/198
f 209/178/199 207/176/197 208/177/198
f 205/174/195 207/176/197 209/178/199
f 210/179/200 205/174/195 209/178/199
f 211/180/192 205/174/195 210/179/200
f 212/181/201 211/180/192 210/179/200
f 209/178/199 208/177/198 213/182/202
f 210/179/200 209/178/199 213/182/202
f 206/175/196 204/173/194 213/182/202
f 208/177/198 206/175/196 213/182/202
f 210/179/200 213/182/202 214/183/203
f 215/184/204 210/179/200 214/183/203
f 214/183/203 216/185/205 215/184/204
f 216/185/205 217/186/206 215/184/204
f 213/182/202 204/173/194 218/187/193
f 219/188/203 213/182/202 218/187/193
f 220/146/207 221/147/208 222/148/209
f 223/149/210 220/146/207 222/148/209
f 223/149/210 222/148/209 224/150/211
f 225/151/212 223/149/210 224/150/211
f 226/152/213 224/150/214 227/153/215
f 228/154/216 226/152/213 227/153/215
f 229/155/210 226/152/213 228/154/216
f 230/156/217 229/155/210 228/154/216
f 231/157/218 227/153/219 232/158/220
f 233/159/217 231/157/218 232/158/220
f 233/159/217 232/158/220 234/160/221
f 235/161/222 233/159/217 234/160/221
f 234/160/221 236/162/223 237/163/224
f 236/162/223 238/164/225 237/163/224
f 237/163/224 238/164/225 239/165/217
f 238/164/225 240/166/226 239/165/217
f 234/160/221 241/167/227 236/162/223
f 241/167/227 242/168/228 236/162/223
f 243/169/229 242/168/228 241/167/227
f 244/170/219 243/169/229 241/167/227
f 245/171/230 246/172/231 247/173/232
f 248/174/233 245/171/230 247/173/232
f 248/174/233 247/173/232 249/175/234
f 250/176/235 248/174/233 249/175/234
f 250/176/235 249/175/234 251/177/236
f 252/178/237 250/176/235 251/177/236
f 248/174/233 250/176/235 252/178/237
f 253/179/238 248/174/233 252/178/237
f 254/180/239 248/174/233 253/179/238
f 255/181/240 254/180/239 253/179/238
f 252/178/237 251/177/236 256/182/241
f 253/179/238 252/178/237 256/182/241
f 249/175/234 247/173/232 256/182/241
f 251/177/236 249/175/234 256/182/241
f 253/179/238 256/182/241 257/183/242
f 258/184/240 253/179/238 257/183/242
f 257/183/242 259/185/243 258/184/240
f 259/185/243 260/186/244 258/184/240
f 256/182/241 247/173/232 261/189/231
f 262/190/245 256/182/241 261/189/231
f 263/128/246 264/129/247 265/130/248
f 266/131/249 263/128/246 265/130/248
f 266/131/249 265/130/248 267/132/250
f 268/133/251 266/131/249 267/132/250
f 268/133/251 267/132/250 269/134/252
f 270/135/253 268/133/251 269/134/252
f 266/131/249 268/133/251 270/135/253
f 271/136/254 266/131/249 270/135/253
f 272/137/255 266/131/249 271/136/254
f 273/138/256 272/137/255 271/136/254
f 270/135/253 269/134/252 274/139/257
f 271/136/254 270/135/253 274/139/257
f 267/132/250 265/130/248 274/139/257
f 269/134/252 267/132/250 274/139/257
f 271/136/254 274/139/257 275/140/258
f 276/141/259 271/136/254 275/140/258
f 275/140/258 277/142/260 276/141/259
f 277/142/260 278/143/255 276/141/259
f 274/139/257 265/130/248 279/144/261
f 280/145/262 274/139/257 279/144/261
f 281/146/263 282/147/264 283/148/265
f 284/149/266 281/146/263 283/148/265
f 284/149/266 283/148/265 285/150/267
f 286/151/268 284/149/266 285/150/267
f 287/152/269 285/150/267 288/153/270
f 289/154/271 287/152/269 288/153/270
f 290/155/272 287/152/269 289/154/271
f 291/156/273 290/155/272 289/154/271
f 292/157/271 288/153/270 293/158/274
f 294/159/273 292/157/271 293/158/274
f 294/159/273 293/158/274 295/160/275
f 296/161/276 294/159/273 295/160/275
f 295/160/275 297/162/277 298/163/278
f 297/162/277 299/164/279 298/163/278
f 298/163/278 299/164/279 300/165/280
f 299/164/279 301/166/281 300/165/280
f 295/160/275 302/167/282 297/162/277
f 302/167/282 303/168/283 297/162/277
f 304/169/284 303/168/283 302/167/282
f 305/170/285 304/169/284 302/167/282
f 306/171/286 307/172/287 308/173/288
f 309/174/289 306/171/286 308/173/288
f 309/174/289 308/173/288 310/175/290
f 311/176/291 309/174/289 310/175/290
f 311/176/291 310/175/290 312/177/292
f 313/178/293 311/176/291 312/177/292
f 309/174/289 311/176/291 313/178/293
f 314/179/294 309/174/289 313/178/293
f 315/180/295 309/174/289 314/179/294
f 316/181/296 315/180/295 314/179/294
f 313/178/293 312/177/292 317/182/297
f 314/179/294 313/178/293 317/182/297
f 310/175/290 308/173/288 317/182/297
f 312/177/292 310/175/290 317/182/297
f 314/179/294 317/182/297 318/183/298
f 319/184/299 314/179/294 318/183/298
f 318/183/298 320/185/300 319/184/299
f 320/185/300 321/186/295 319/184/299
f 317/182/297 308/173/288 322/189/287
f 323/190/301 317/182/297 322/189/287
f 324/128/302 325/129/303 326/130/304
f 327/131/305 324/128/302 326/130/304
f 327/131/305 326/130/304 328/132/306
f 329/133/307 327/131/305 328/132/306
f 329/133/307 328/132/306 330/134/308
f 331/135/309 329/133/307 330/134/308
f 327/131/305 329/133/307 331/135/309
f 332/136/310 327/131/305 331/135/309
f 333/137/302 327/131/305 332/136/310
f 334/138/311 333/137/302 332/136/310
f 331/135/309 330/134/308 335/139/312
f 332/136/310 331/135/309 335/139/312
f 328/132/306 326/130/304 335/139/312
f 330/134/308 328/132/306 335/139/312
f 332/136/310 335/139/312 336/140/313
f 337/141/314 332/136/310 336/140/313
f 336/140/313 338/142/315 337/141/314
f 338/142/315 339/143/316 337/141/314
f 335/139/312 326/130/304 340/144/303
f 341/145/313 335/139/312 340/144/303
f 342/146/317 343/147/318 344/148/319
f 345/149/320 342/146/317 344/148/319
f 345/149/320 344/148/319 346/150/321
f 347/151/322 345/149/320 346/150/321
f 348/152/322 346/150/323 349/153/324
f 350/154/325 348/152/322 349/153/324
f 351/155/326 348/152/322 350/154/325
f 352/156/327 351/155/326 350/154/325
f 353/157/325 349/153/328 354/158/329
f 355/159/330 353/157/325 354/158/329
f 355/159/330 354/158/329 356/160/331
f 357/161/332 355/159/330 356/160/331
f 356/160/333 358/162/334 359/163/332
f 358/162/334 360/164/335 359/163/332
f 359/163/332 360/164/335 361/165/336
f 360/164/335 362/166/337 361/165/336
f 356/160/333 363/167/329 358/162/334
f 363/167/329 364/168/338 358/162/334
f 365/169/323 364/168/338 363/167/329
f 366/170/339 365/169/323 363/167/329
f 367/171/340 368/172/341 369/173/342
f 370/174/343 367/171/340 369/173/342
f 370/174/343 369/173/342 371/175/344
f 372/176/345 370/174/343 371/175/344
f 372/176/345 371/175/344 373/177/346
f 374/178/347 372/176/345 373/177/346
f 370/174/343 372/176/345 374/178/347
f 375/179/348 370/174/343 374/178/347
f 376/180/349 370/174/343 375/179/348
f 377/181/350 376/180/349 375/179/348
f 374/178/347 373/177/346 378/182/351
f 375/179/348 374/178/347 378/182/351
f 371/175/344 369/173/342 378/182/351
f 373/177/346 371/175/344 378/182/351
f 375/179/348 378/182/351 379/183/352
f 380/184/353 375/179/348 379/183/352
f 379/183/352 381/185/354 380/184/353
f 381/185/354 382/186/340 380/184/353
f 378/182/351 369/173/342 383/189/355
f 384/190/356 378/182/351 383/189/355
f 385/128/357 386/129/358 387/130/359
f 388/131/360 385/128/357 387/130/359
f 388/131/360 387/130/359 389/132/361
f 390/133/362 388/131/360 389/132/361
f 390/133/362 389/132/361 391/134/363
f 392/135/364 390/133/362 391/134/363
f 388/131/360 390/133/362 392/135/364
f 393/136/365 388/131/360 392/135/364
f 394/137/357 388/131/360 393/136/365
f 395/138/366 394/137/357 393/136/365
f 392/135/364 391/134/363 396/139/367
f 393/136/365 392/135/364 396/139/367
f 389/132/361 387/130/359 396/139/367
f 391/134/363 389/132/361 396/139/367
f 393/136/365 396/139/367 397/140/368
f 398/141/369 393/136/365 397/140/368
f 397/140/368 399/142/370 398/141/369
f 399/142/370 400/143/371 398/141/369
f 396/139/367 387/130/359 401/144/358
f 402/145/372 396/139/367 401/144/358
f 403/146/373 404/147/374 405/148/375
f 406/149/376 403/146/373 405/148/375
f 406/149/376 405/148/375 407/150/377
f 408/151/378 406/149/376 407/150/377
f 409/152/379 407/150/380 410/153/381
f 411/154/382 409/152/379 410/153/381
f 412/155/383 409/152/379 411/154/382
f 413/156/384 412/155/383 411/154/382
f 414/157/385 410/153/386 415/158/387
f 416/159/388 414/157/385 415/158/387
f 416/159/388 415/158/387 417/160/389
f 418/161/390 416/159/388 417/160/389
f 417/160/389 419/162/374 420/163/391
f 419/162/374 421/164/373 420/163/391
f 420/163/391 421/164/373 422/165/388
f 421/164/373 423/166/392 422/165/388
f 417/160/389 424/167/393 419/162/374
f 424/167/393 425/168/394 419/162/374
f 426/169/377 425/168/394 424/167/393
f 427/170/395 426/169/377 424/167/393
f 428/171/396 429/172/397 430/173/398
f 431/174/399 428/171/396 430/173/398
f 431/174/399 430/173/398 432/175/400
f 433/176/401 431/174/399 432/175/400
f 433/176/401 432/175/400 434/177/402
f 435/178/403 433/176/401 434/177/402
f 431/174/399 433/176/401 435/178/403
f 436/179/404 431/174/399 435/178/403
f 437/180/396 431/174/399 436/179/404
f 438/181/405 437/180/396 436/179/404
f 435/178/403 434/177/402 439/182/406
f 436/179/404 435/178/403 439/182/406
f 432/175/400 430/173/398 439/182/406
f 434/177/402 432/175/400 439/182/406
f 436/179/404 439/182/406 440/183/407
f 441/184/408 436/179/404 440/183/407
f 440/183/407 442/185/409 441/184/408
f 442/185/409 443/186/410 441/184/408
f 439/182/406 430/173/398 444/189/411
f 445/190/407 439/182/406 444/189/411
f 446/191/412 447/192/413 448/193/414
f 449/194/412 446/191/412 448/193/414
f 450/195/415 451/196/415 452/192/415
f 453/191/415 450/195/415 452/192/415
f 454/197/416 455/198/417 456/196/418
f 457/195/419 454/197/416 456/196/418
f 458/199/420 459/200/421 460/198/422
f 461/197/420 458/199/420 460/198/422
f 462/195/423 463/191/423 464/201/424
f 465/202/423 462/195/423 464/201/424
f 466/192/425 467/196/425 468/203/425
f 469/204/425 466/192/425 468/203/425
f 470/191/97 471/192/94 472/193/94
f 473/194/94 470/191/97 472/193/94
f 474/195/426 475/196/427 476/192/428
f 477/191/426 474/195/426 476/192/428
f 478/197/429 479/198/429 480/196/429
f 481/195/429 478/197/429 480/196/429
f 482/199/430 483/200/431 484/198/432
f 485/197/432 482/199/430 484/198/432
f 486/195/433 487/191/424 488/201/433
f 489/202/433 486/195/433 488/201/433
f 490/192/434 491/196/435 492/203/425
f 493/204/425 490/192/434 492/203/425
f 494/205/436 495/206/437 496/207/438
f 494/205/436 497/208/439 495/206/437
f 494/205/436 496/207/438 498/209/440
f 494/205/436 499/210/441 497/208/439
f 499/210/441 500/211/442 497/208/439
f 499/210/441 501/212/443 500/211/442
f 499/210/441 502/213/444 501/212/443
f 499/210/441 503/214/445 502/213/444
f 504/215/446 494/205/436 498/209/440
f 494/205/436 504/215/446 499/210/441
f 504/215/446 498/209/440 505/216/447
f 499/210/441 504/215/446 506/217/448
f 506/217/448 504/215/446 505/216/447
f 499/210/441 506/217/448 503/214/445
f 503/214/445 506/217/448 507/218/449
f 506/217/448 505/216/447 507/218/449
f 498/209/440 508/219/450 505/216/447
f 509/220/451 510/221/452 511/222/453
f 512/223/454 511/222/453 510/221/452
f 512/223/454 510/221/452 513/224/455
f 512/223/454 513/224/455 514/225/456
f 512/223/454 514/225/456 515/226/457
f 512/223/454 515/226/457 516/227/458
f 517/228/459 512/223/454 516/227/458
f 517/228/459 511/222/453 512/223/454
f 517/228/459 516/227/458 518/229/460
f 517/228/459 518/229/460 519/230/461
f 517/228/459 519/230/461 520/231/462
f 521/232/463 511/222/453 517/228/459
f 511/222/453 521/232/463 509/220/451
f 521/232/463 517/228/459 520/231/462
f 521/232/463 520/231/462 522/233/464
f 521/232/463 522/233/464 509/220/451
f 509/220/451 523/234/465 510/221/452
f 524/216/466 525/235/467 526/220/466
f 524/216/466 526/220/466 527/236/468
f 528/237/469 529/238/470 530/239/471
f 531/240/472 528/237/469 530/239/471
f 532/241/473 528/237/469 531/240/472
f 533/242/474 532/241/473 531/240/472
f 534/243/475 532/241/473 533/242/474
f 535/244/476 534/243/475 533/242/474
f 536/241/477 534/243/475 535/244/476
f 537/242/478 536/241/477 535/244/476
f 538/237/479 536/241/477 537/242/478
f 539/240/480 538/237/479 537/242/478
f 529/238/470 538/237/479 539/240/480
f 530/239/471 529/238/470 539/240/480
f 531/240/472 530/239/471 540/245/481
f 541/246/482 531/240/472 540/245/481
f 533/242/474 531/240/472 541/246/482
f 542/247/483 533/242/474 541/246/482
f 535/244/476 533/242/474 542/247/483
f 543/248/484 535/244/476 542/247/483
f 537/242/478 535/244/476 543/248/484
f 544/247/485 537/242/478 543/248/484
f 539/240/480 537/242/478 544/247/485
f 545/246/486 539/240/480 544/247/485
f 530/239/471 539/240/480 545/246/486
f 540/245/481 530/239/471 545/246/486
f 541/246/482 540/245/481 546/249/487
f 547/250/488 541/246/482 546/249/487
f 542/247/483 541/246/482 547/250/488
f 548/251/489 542/247/483 547/250/488
f 543/248/484 542/247/483 548/251/489
f 549/252/490 543/248/484 548/251/489
f 544/247/485 543/248/484 549/252/490
f 550/251/491 544/247/485 549/252/490
f 545/246/486 544/247/485 550/251/491
f 551/250/492 545/246/486 550/251/491
f 540/245/481 545/246/486 551/250/492
f 546/249/487 540/245/481 551/250/492
f 552/253/493 553/254/429 554/255/429
f 554/255/429 553/254/429 555/256/494
f 555/256/494 553/254/429 556/257/495
f 556/257/495 553/254/429 557/258/496
f 557/258/496 553/254/429 558/259/497
f 558/259/497 553/254/429 552/253/493
f 559/260/498 560/261/499 561/262/500
f 562/263/501 559/260/498 561/262/500
f 562/263/501 561/262/500 563/264/502
f 564/265/503 562/263/501 563/264/502
f 565/266/504 564/265/503 563/264/502
f 566/267/505 564/265/503 565/266/504
f 564/265/503 566/267/505 567/268/506
f 568/269/507 567/268/506 566/267/505
f 564/265/503 567/268/506 569/270/508
f 570/271/509 564/265/503 569/270/508
f 570/271/509 559/260/498 562/263/501
f 564/265/503 570/271/509 562/263/501
f 571/272/510 569/270/508 567/268/506
f 572/273/511 571/272/510 567/268/506
f 568/269/507 572/273/511 567/268/506
f 568/269/507 573/274/512 572/273/511
f 574/275/513 571/272/510 572/273/511
f 575/276/514 574/275/513 572/273/511
f 576/277/515 574/275/513 575/276/514
f 577/278/516 576/277/515 575/276/514
f 577/278/516 575/276/514 578/279/517
f 572/273/511 578/279/517 575/276/514
f 573/274/512 578/279/517 572/273/511
f 579/280/518 576/277/515 577/278/516
f 580/281/519 579/280/518 577/278/516
f 580/281/519 577/278/516 581/282/520
f 581/282/520 577/278/516 578/279/517
f 582/283/521 579/280/518 580/281/519
f 583/284/522 582/283/521 580/281/519
f 584/285/523 582/283/521 583/284/522
f 585/286/524 584/285/523 583/284/522
f 586/287/525 585/286/524 583/284/522
f 586/287/525 587/288/526 585/286/524
f 588/289/527 584/285/523 585/286/524
f 587/288/526 588/289/527 585/286/524
f 589/290/528 588/289/527 587/288/526
f 590/291/529 589/290/528 587/288/526
f 587/288/526 591/292/530 590/291/529
f 590/291/529 591/292/530 592/293/531
f 593/294/532 589/290/528 590/291/529
f 594/295/533 593/294/532 590/291/529
f 592/293/531 594/295/533 590/291/529
f 595/296/534 593/294/532 594/295/533
f 596/297/535 595/296/534 594/295/533
f 586/287/525 597/298/536 587/288/526
f 587/288/526 597/298/536 591/292/530
f 594/295/533 592/293/531 598/299/537
f 594/295/533 598/299/537 599/300/538
f 596/297/535 594/295/533 599/300/538
f 600/301/539 596/297/535 599/300/538
f 601/302/499 595/296/534 596/297/535
f 600/301/539 601/302/499 596/297/535
f 601/302/499 602/303/540 595/296/534
f 602/303/540 603/304/541 595/296/534
f 595/296/534 603/304/541 593/294/532
f 603/304/541 602/303/540 604/305/542
f 602/303/540 605/306/543 604/305/542
f 603/304/541 604/305/542 606/307/544
f 603/304/541 606/307/544 593/294/532
f 604/305/542 607/308/545 606/307/544
f 606/307/544 607/308/545 608/309/546
f 607/308/545 609/310/547 608/309/546
f 608/309/546 609/310/547 610/311/548
f 611/312/549 608/309/546 610/311/548
f 606/307/544 608/309/546 589/290/528
f 593/294/532 606/307/544 589/290/528
f 608/309/546 611/312/549 588/289/527
f 589/290/528 608/309/546 588/289/527
f 588/289/527 611/312/549 584/285/523
f 611/312/549 612/313/550 584/285/523
f 611/312/549 610/311/548 612/313/550
f 610/311/548 613/314/551 612/313/550
f 612/313/550 613/314/551 614/315/552
f 584/285/523 612/313/550 582/283/521
f 612/313/550 615/316/553 582/283/521
f 615/316/553 612/313/550 614/315/552
f 582/283/521 615/316/553 579/280/518
f 615/316/553 616/317/554 579/280/518
f 615/316/553 617/318/555 616/317/554
f 615/316/553 614/315/552 617/318/555
f 579/280/518 616/317/554 576/277/515
f 616/317/554 618/319/556 576/277/515
f 576/277/515 618/319/556 574/275/513
f 618/319/556 619/320/557 574/275/513
f 574/275/513 619/320/557 571/272/510
f 619/320/557 620/321/558 571/272/510
f 621/322/559 620/321/558 619/320/557
f 622/323/560 620/321/558 621/322/559
f 623/324/561 622/323/560 621/322/559
f 623/324/561 624/325/562 622/323/560
f 624/325/562 625/326/563 622/323/560
f 624/325/562 626/327/564 625/326/563
f 626/327/564 627/328/565 625/326/563
f 626/327/564 628/329/566 627/328/565
f 628/329/566 629/330/540 627/328/565
f 620/321/558 622/323/560 569/270/508
f 571/272/510 620/321/558 569/270/508
f 569/270/508 622/323/560 625/326/563
f 570/271/509 569/270/508 625/326/563
f 625/326/563 627/328/565 559/260/498
f 570/271/509 625/326/563 559/260/498
f 627/328/565 629/330/540 560/261/499
f 559/260/498 627/328/565 560/261/499
f 630/331/567 621/322/559 619/320/557
f 631/332/568 630/331/567 619/320/557
f 631/332/568 619/320/557 618/319/556
f 632/333/569 631/332/568 618/319/556
f 632/333/569 618/319/556 616/317/554
f 633/334/570 632/333/569 616/317/554
f 617/318/555 633/334/570 616/317/554
f 634/335/571 635/336/572 636/337/573
f 637/338/574 634/335/571 636/337/573
f 638/339/575 637/338/574 636/337/573
f 634/335/571 637/338/574 639/337/576
f 639/337/576 637/338/574 638/339/575
f 640/336/577 634/335/571 639/337/576
f 638/339/575 636/337/573 641/340/578
f 636/337/573 635/336/572 641/340/578
f 638/339/575 641/340/578 642/341/579
f 643/342/580 638/339/575 642/341/579
f 643/342/580 644/343/581 638/339/575
f 638/339/575 644/343/581 645/342/582
f 638/339/575 645/342/582 646/344/583
f 647/340/584 638/339/575 646/344/583
f 647/340/584 640/336/577 639/337/576
f 647/340/584 639/337/576 638/339/575
f 648/345/585 649/282/586 650/279/587
f 648/345/585 650/279/587 651/346/588
f 648/345/585 652/347/589 649/282/586
f 653/348/590 652/347/589 648/345/585
f 654/287/591 653/348/590 648/345/585
f 655/349/592 654/287/591 648/345/585
f 648/345/585 651/346/588 656/350/593
f 655/349/592 648/345/585 656/350/593
f 657/351/594 658/352/543 659/353/564
f 660/354/595 657/351/594 659/353/564
f 658/352/543 657/351/594 661/355/596
f 662/356/597 658/352/543 661/355/596
f 657/351/594 660/354/595 663/357/598
f 661/355/596 657/351/594 663/357/598
f 664/358/599 663/357/598 660/354/595
f 665/359/600 663/357/598 664/358/599
f 664/358/599 666/360/562 665/359/600
f 660/354/595 659/353/564 666/360/562
f 664/358/599 660/354/595 666/360/562
f 666/360/562 667/361/601 665/359/600
f 665/359/600 667/361/601 668/362/559
f 669/363/602 665/359/600 668/362/559
f 669/363/602 663/357/598 665/359/600
f 670/364/603 663/357/598 669/363/602
f 670/364/603 669/363/602 668/362/559
f 671/365/604 663/357/598 670/364/603
f 661/355/596 663/357/598 672/366/605
f 662/356/597 661/355/596 672/366/605
f 672/366/605 663/357/598 673/367/606
f 672/366/605 673/367/606 674/368/607
f 675/369/545 672/366/605 674/368/607
f 675/369/545 662/356/597 672/366/605
f 676/370/608 674/368/607 673/367/606
f 677/371/609 676/370/608 673/367/606
f 673/367/606 663/357/598 677/371/609
f 677/371/609 663/357/598 678/372/610
f 678/372/610 663/357/598 671/365/604
f 676/370/608 677/371/609 678/372/610
f 679/373/611 676/370/608 678/372/610
f 679/373/611 678/372/610 680/374/612
f 680/374/612 678/372/610 681/375/613
f 680/374/612 681/375/613 679/373/611
f 678/372/610 671/365/604 681/375/613
f 681/375/613 671/365/604 670/364/603
f 681/375/613 670/364/603 682/376/614
f 681/375/613 682/376/614 683/377/615
f 681/375/613 683/377/615 679/373/611
f 679/373/611 683/377/615 684/378/616
f 683/377/615 685/379/555 684/378/616
f 682/376/614 686/380/567 683/377/615
f 683/377/615 686/380/567 687/381/617
f 683/377/615 687/381/617 688/382/618
f 689/383/619 685/379/555 683/377/615
f 683/377/615 688/382/618 689/383/619
f 686/380/567 682/376/614 670/364/603
f 686/380/567 670/364/603 668/362/559
f 597/298/536 690/349/620 691/384/621
f 597/298/536 586/287/525 690/349/620
f 690/349/620 692/350/622 691/384/621
f 691/384/621 692/350/622 693/346/623
f 573/274/512 691/384/621 693/346/623
f 573/274/512 693/346/623 578/279/517
f 583/284/522 694/348/624 586/287/525
f 580/281/519 694/348/624 583/284/522
f 580/281/519 695/347/625 694/348/624
f 580/281/519 581/282/520 695/347/625
f 696/385/626 697/386/627 698/387/628
f 699/388/629 696/385/626 698/387/628
f 696/385/626 699/388/629 700/386/630
f 699/388/629 701/387/631 700/386/630
f 700/386/630 701/387/631 702/389/632
f 701/387/631 703/390/632 702/389/632
f 698/387/628 697/386/627 704/389/633
f 705/390/633 698/387/628 704/389/633
f 706/391/634 707/392/635 708/393/636
f 709/394/637 706/391/634 708/393/636
f 707/392/635 706/391/634 710/395/638
f 711/396/639 707/392/635 710/395/638
f 712/397/640 711/396/639 710/395/638
f 713/398/641 712/397/640 710/395/638
f 708/393/636 707/392/635 714/399/642
f 714/399/642 707/392/635 711/396/639
f 715/400/643 708/393/636 714/399/642
f 716/401/644 714/399/642 711/396/639
f 716/401/644 711/396/639 712/397/640
f 717/402/645 716/401/644 712/397/640
f 718/403/646 719/404/647 720/405/648
f 721/406/649 719/404/647 718/403/646
f 722/407/650 719/404/647 721/406/649
f 722/407/650 721/406/649 723/408/651
f 724/409/652 722/407/650 723/408/651
f 725/410/653 722/407/650 724/409/652
f 726/411/654 725/410/653 724/409/652
f 727/412/655 721/406/649 718/403/646
f 721/406/649 727/412/655 728/413/656
f 723/408/651 721/406/649 728/413/656
f 729/414/657 727/412/655 718/403/646
f 727/412/655 729/414/657 730/406/658
f 727/412/655 730/406/658 728/413/656
f 729/414/657 731/403/659 730/406/658
f 732/404/660 730/406/658 731/403/659
f 731/403/659 733/405/661 732/404/660
f 730/406/658 734/408/662 728/413/656
f 735/407/663 734/408/662 730/406/658
f 735/407/663 730/406/658 732/404/660
f 734/408/662 735/407/663 736/409/664
f 735/407/663 737/410/665 736/409/664
f 736/409/664 737/410/665 738/411/666
f 739/410/667 740/415/668 741/407/669
f 740/415/668 739/410/667 742/416/670
f 743/416/671 744/417/672 745/418/673
f 745/418/673 744/417/672 746/419/674
f 746/419/674 744/417/672 747/418/675
f 747/418/675 744/417/672 748/416/676
f 747/418/675 748/416/676 749/420/677
f 749/420/677 748/416/676 750/421/678
f 748/416/676 751/415/679 750/421/678
f 751/415/679 752/407/680 750/421/678
f 753/420/681 743/416/671 745/418/673
f 754/421/682 743/416/671 753/420/681
f 755/415/683 743/416/671 754/421/682
f 756/407/684 755/415/683 754/421/682
f 757/422/685 758/423/686 759/424/687
f 760/425/688 757/422/685 759/424/687
f 758/423/686 757/422/685 761/424/689
f 757/422/685 762/425/690 761/424/689
f 763/426/691 762/425/690 757/422/685
f 763/426/691 757/422/685 760/425/688
f 763/426/691 764/427/692 762/425/690
f 762/425/690 764/427/692 761/424/689
f 763/426/691 765/428/693 764/427/692
f 763/426/691 766/429/694 765/428/693
f 763/426/691 767/428/695 766/429/694
f 760/425/688 768/427/696 763/426/691
f 763/426/691 768/427/696 767/428/695
f 760/425/688 759/424/687 768/427/696
f 769/415/667 770/410/667 771/407/697
f 770/410/667 769/415/667 772/416/698
f 773/421/699 774/404/699 775/405/700
f 776/420/701 773/421/699 775/405/700
f 777/430/702 776/420/701 775/405/700
f 778/431/703 779/432/704 780/433/705
f 780/433/705 779/432/704 781/434/706
f 782/432/707 783/433/708 781/434/709
f 784/431/710 783/433/708 782/432/707
f 785/435/711 786/436/712 787/437/713
f 786/436/712 788/438/714 787/437/713
f 788/438/714 789/439/715 787/437/713
f 789/439/715 790/438/716 787/437/713
f 790/438/716 791/436/717 787/437/713
f 787/437/713 791/436/717 792/435/718
f 793/433/719 794/435/719 795/437/720
f 796/434/720 793/433/719 795/437/720
f 796/434/720 795/437/720 797/435/721
f 798/433/722 796/434/720 797/435/721
f 799/407/723 800/404/723 801/421/723
f 802/440/724 803/441/725 804/418/726
f 805/420/724 802/440/724 804/418/726
f 803/441/725 806/442/727 804/418/726
f 806/442/727 807/419/727 804/418/726
f 807/419/727 806/442/727 808/418/728
f 806/442/727 809/441/729 808/418/728
f 809/441/729 810/440/730 808/418/728
f 810/440/730 811/420/730 808/418/728
f 812/440/731 813/443/731 814/444/731
f 815/441/732 812/440/731 814/444/731
f 816/441/733 817/444/734 818/443/733
f 819/440/733 816/441/733 818/443/733
f 820/441/735 821/444/736 822/445/737
f 823/442/736 820/441/735 822/445/737
f 823/442/736 822/445/737 824/444/735
f 825/441/736 823/442/736 824/444/735
f 826/430/738 827/405/739 828/420/740
f 828/420/740 827/405/739 829/421/741
f 827/405/739 830/404/742 829/421/741
f 831/404/743 832/407/743 833/421/743
f 834/446/744 835/447/745 836/448/746
f 836/448/746 835/447/745 837/449/747
f 835/447/745 838/448/748 837/449/747
f 835/447/745 839/446/749 838/448/748
f 840/450/750 839/446/749 835/447/745
f 840/450/750 835/447/745 834/446/744
f 841/451/751 842/452/752 843/453/753
f 841/451/751 843/453/753 844/454/754
f 844/454/754 843/453/753 845/455/755
f 846/456/756 844/454/754 845/455/755
f 847/457/757 841/451/751 844/454/754
f 848/458/758 847/457/757 844/454/754
f 849/459/759 847/457/757 848/458/758
f 849/459/759 848/458/758 850/460/760
f 850/460/760 848/458/758 851/461/761
f 852/462/762 850/460/760 851/461/761
f 853/463/763 852/462/762 851/461/761
f 854/464/764 852/462/762 853/463/763
f 853/463/763 851/461/761 855/465/765
f 851/461/761 856/466/765 855/465/765
f 857/467/766 858/456/767 859/455/768
f 860/468/769 858/456/767 857/467/766
f 861/469/770 860/468/769 857/467/766
f 862/470/771 860/468/769 861/469/770
f 862/470/771 863/471/772 860/468/769
f 860/468/769 863/471/772 864/466/773
f 863/471/772 865/472/774 864/466/773
f 864/466/773 865/472/774 866/465/775
f 867/473/776 868/474/777 869/475/778
f 870/476/779 867/473/776 869/475/778
f 871/477/780 868/474/777 867/473/776
f 872/478/781 870/476/779 869/475/778
f 869/475/778 873/479/782 872/478/781
f 873/479/782 874/475/783 872/478/781
f 875/476/784 872/478/781 874/475/783
f 876/473/785 875/476/784 874/475/783
f 877/474/786 876/473/785 874/475/783
f 878/477/787 876/473/785 877/474/786
f 879/480/788 867/473/776 870/476/779
f 880/481/789 870/476/779 872/478/781
f 879/480/788 870/476/779 880/481/789
f 880/481/789 872/478/781 881/482/790
f 882/483/791 880/481/789 881/482/790
f 881/482/790 872/478/781 883/481/792
f 883/481/792 872/478/781 875/476/784
f 884/483/793 881/482/790 883/481/792
f 885/480/794 883/481/792 875/476/784
f 885/480/794 875/476/784 876/473/785
f 886/484/795 887/485/796 888/485/797
f 889/484/798 886/484/795 888/485/797
f 886/484/795 890/486/799 887/485/796
f 890/486/799 891/487/800 887/485/796
f 890/486/799 892/488/801 891/487/800
f 892/488/801 893/489/802 891/487/800
f 892/488/801 894/488/803 893/489/802
f 894/488/803 895/489/804 893/489/802
f 894/488/803 896/486/805 895/489/804
f 896/486/805 897/487/806 895/489/804
f 889/484/798 888/485/797 897/487/806
f 896/486/805 889/484/798 897/487/806
f 888/485/797 887/485/796 898/490/807
f 887/485/796 899/490/808 898/490/807
f 887/485/796 891/487/800 899/490/808
f 891/487/800 900/491/809 899/490/808
f 891/487/800 893/489/802 900/491/809
f 893/489/802 901/492/810 900/491/809
f 893/489/802 895/489/804 901/492/810
f 895/489/804 902/492/811 901/492/810
f 895/489/804 897/487/806 902/492/811
f 897/487/806 903/491/812 902/492/811
f 888/485/797 898/490/807 903/491/812
f 897/487/806 888/485/797 903/491/812
f 904/493/813 889/484/798 896/486/805
f 905/494/814 904/493/813 896/486/805
f 905/494/814 896/486/805 894/488/803
f 906/495/815 905/494/814 894/488/803
f 906/495/815 894/488/803 892/488/801
f 907/495/816 906/495/815 892/488/801
f 908/496/817 904/493/813 905/494/814
f 909/497/818 908/496/817 905/494/814
f 909/497/818 905/494/814 906/495/815
f 910/498/819 909/497/818 906/495/815
f 910/498/819 906/495/815 907/495/816
f 911/498/820 910/498/819 907/495/816
f 911/498/820 907/495/816 912/494/821
f 912/494/821 907/495/816 890/486/799
f 907/495/816 892/488/801 890/486/799
f 912/494/821 890/486/799 886/484/795
f 913/493/822 912/494/821 886/484/795
f 913/493/822 886/484/795 889/484/798
f 904/493/813 913/493/822 889/484/798
f 914/497/823 911/498/820 912/494/821
f 914/497/823 912/494/821 913/493/822
f 915/496/824 914/497/823 913/493/822
f 915/496/824 913/493/822 904/493/813
f 908/496/817 915/496/824 904/493/813
f 899/490/808 916/499/825 917/499/826
f 898/490/807 899/490/808 917/499/826
f 899/490/808 900/491/809 916/499/825
f 900/491/809 918/500/827 916/499/825
f 900/491/809 901/492/810 918/500/827
f 901/492/810 919/501/828 918/500/827
f 901/492/810 902/492/811 919/501/828
f 902/492/811 920/501/829 919/501/828
f 902/492/811 903/491/812 920/501/829
f 903/491/812 921/500/830 920/501/829
f 898/490/807 917/499/826 921/500/830
f 903/491/812 898/490/807 921/500/830
f 917/499/826 916/499/825 922/502/831
f 916/499/825 923/502/832 922/502/831
f 916/499/825 918/500/827 923/502/832
f 918/500/827 924/503/833 923/502/832
f 918/500/827 919/501/828 924/503/833
f 919/501/828 925/504/834 924/503/833
f 919/501/828 920/501/829 925/504/834
f 920/501/829 926/504/835 925/504/834
f 920/501/829 921/500/830 926/504/835
f 921/500/830 927/503/836 926/504/835
f 917/499/826 922/502/831 927/503/836
f 921/500/830 917/499/826 927/503/836
f 928/484/837 929/485/838 930/485/839
f 931/484/840 928/484/837 930/485/839
f 928/484/837 932/486/841 929/485/838
f 932/486/841 933/487/842 929/485/838
f 932/486/841 934/488/843 933/487/842
f 934/488/843 935/489/844 933/487/842
f 934/488/843 936/488/845 935/489/844
f 936/488/845 937/489/846 935/489/844
f 936/488/845 938/486/847 937/489/846
f 938/486/847 939/487/848 937/489/846
f 931/484/840 930/485/839 939/487/848
f 938/486/847 931/484/840 939/487/848
f 930/485/839 929/485/838 940/490/849
f 929/485/838 941/490/850 940/490/849
f 929/485/838 933/487/842 941/490/850
f 933/487/842 942/491/851 941/490/850
f 933/487/842 935/489/844 942/491/851
f 935/489/844 943/492/852 942/491/851
f 935/489/844 937/489/846 943/492/852
f 937/489/846 944/492/853 943/492/852
f 937/489/846 939/487/848 944/492/853
f 939/487/848 945/491/854 944/492/853
f 930/485/839 940/490/849 945/491/854
f 939/487/848 930/485/839 945/491/854
f 946/493/855 931/484/840 938/486/847
f 947/494/856 946/493/855 938/486/847
f 947/494/856 938/486/847 936/488/845
f 948/495/857 947/494/856 936/488/845
f 948/495/857 936/488/845 934/488/843
f 949/495/858 948/495/857 934/488/843
f 950/496/859 946/493/855 947/494/856
f 951/497/860 950/496/859 947/494/856
f 951/497/860 947/494/856 948/495/857
f 952/498/861 951/497/860 948/495/857
f 952/498/861 948/495/857 949/495/858
f 953/498/862 952/498/861 949/495/858
f 953/498/862 949/495/858 954/494/863
f 954/494/863 949/495/858 932/486/841
f 949/495/858 934/488/843 932/486/841
f 954/494/863 932/486/841 928/484/837
f 955/493/864 954/494/863 928/484/837
f 955/493/864 928/484/837 931/484/840
f 946/493/855 955/493/864 931/484/840
f 956/497/865 953/498/862 954/494/863
f 956/497/865 954/494/863 955/493/864
f 957/496/866 956/497/865 955/493/864
f 957/496/866 955/493/864 946/493/855
f 950/496/859 957/496/866 946/493/855
f 941/490/850 958/499/867 959/499/868
f 940/490/849 941/490/850 959/499/868
f 941/490/850 942/491/851 958/499/867
f 942/491/851 960/500/869 958/499/867
f 942/491/851 943/492/852 960/500/869
f 943/492/852 961/501/870 960/500/869
f 943/492/852 944/492/853 961/501/870
f 944/492/853 962/501/829 961/501/870
f 944/492/853 945/491/854 962/501/829
f 945/491/854 963/500/830 962/501/829
f 940/490/849 959/499/868 963/500/830
f 945/491/854 940/490/849 963/500/830
f 959/499/868 958/499/867 964/502/871
f 958/499/867 965/502/872 964/502/871
f 958/499/867 960/500/869 965/502/872
f 960/500/869 966/503/873 965/502/872
f 960/500/869 961/501/870 966/503/873
f 961/501/870 967/504/874 966/503/873
f 961/501/870 962/501/829 967/504/874
f 962/501/829 968/504/875 967/504/874
f 962/501/829 963/500/830 968/504/875
f 963/500/830 969/503/876 968/504/875
f 959/499/868 964/502/871 969/503/876
f 963/500/830 959/499/868 969/503/876
f 970/505/877 971/506/878 972/506/879
f 973/505/877 970/505/877 972/506/879
f 974/507/880 975/505/881 976/505/881
f 977/507/880 974/507/880 976/505/881
f 978/508/882 979/508/883 980/507/882
f 981/507/882 978/508/882 980/507/882
f 982/509/884 983/510/885 984/510/886
f 985/509/884 982/509/884 984/510/886
f 986/509/887 987/511/888 988/505/889
f 988/505/889 987/511/888 989/506/890
f 990/510/891 986/509/887 988/505/889
f 991/507/892 990/510/891 988/505/889
f 992/512/893 990/510/891 991/507/892
f 993/513/894 990/510/891 992/512/893
f 994/514/895 993/513/894 992/512/893
f 995/508/896 992/512/893 991/507/892
f 996/515/897 993/513/894 994/514/895
f 994/514/895 997/516/898 996/515/897
f 997/516/898 998/517/899 996/515/897
f 998/517/899 997/516/898 999/514/900
f 1000/515/901 998/517/899 999/514/900
f 1001/513/902 1000/515/901 999/514/900
f 1002/512/903 1001/513/902 999/514/900
f 1003/510/904 1001/513/902 1002/512/903
f 1004/507/905 1003/510/904 1002/512/903
f 1005/508/906 1004/507/905 1002/512/903
f 1006/509/907 1003/510/904 1004/507/905
f 1007/505/908 1006/509/907 1004/507/905
f 1008/511/909 1006/509/907 1007/505/908
f 1009/506/910 1008/511/909 1007/505/908
f 1010/506/911 1011/506/911 1012/511/911
f 1013/511/911 1010/506/911 1012/511/911
f 1014/514/912 1015/512/913 1016/512/914
f 1017/514/912 1014/514/912 1016/512/914
f 1018/516/915 1014/514/912 1017/514/912
f 1019/512/916 1020/508/735 1021/508/917
f 1022/512/918 1019/512/916 1021/508/917
f 1023/511/919 1024/511/920 1025/509/921
f 1026/509/922 1023/511/919 1025/509/921
f 1027/510/923 1028/510/924 1029/513/925
f 1030/513/924 1027/510/923 1029/513/925
f 1031/513/926 1032/515/927 1033/515/928
f 1034/513/926 1031/513/926 1033/515/928
f 1033/515/928 1032/515/927 1035/517/929
f 1036/518/930 1037/519/931 1038/520/932
f 1039/521/933 1036/518/930 1038/520/932
f 1040/522/934 1037/519/931 1036/518/930
f 1041/523/934 1040/522/934 1036/518/930
f 1042/519/935 1043/518/936 1044/521/937
f 1045/520/937 1042/519/935 1044/521/937
f 1046/523/938 1043/518/936 1042/519/935
f 1047/522/938 1046/523/938 1042/519/935
f 1048/523/939 1049/518/940 1050/518/941
f 1051/523/942 1048/523/939 1050/518/941
f 1052/518/943 1053/521/943 1054/521/943
f 1055/518/944 1052/518/943 1054/521/943
f 1056/80/882 1057/79/945 1058/81/945
f 1058/81/945 1057/79/945 1059/82/946
f 1059/82/946 1057/79/945 1060/83/882
f 1060/83/882 1057/79/945 1061/84/947
f 1057/79/945 1062/85/948 1061/84/947
f 1063/86/883 1062/85/948 1057/79/945
f 1064/88/949 1065/87/950 1066/89/951
f 1067/90/952 1066/89/951 1065/87/950
f 1068/91/953 1067/90/952 1065/87/950
f 1068/91/953 1065/87/950 1069/92/954
f 1070/93/955 1068/91/953 1069/92/954
f 1069/92/954 1065/87/950 1071/94/956
f 1065/87/950 1072/95/957 1071/94/956
f 1073/96/958 1074/99/959 1075/98/960
f 1076/97/961 1073/96/958 1075/98/960
f 1075/98/960 1074/99/959 1077/100/962
f 1074/99/959 1078/101/963 1077/100/962
f 1077/100/962 1078/101/963 1079/102/964
f 1079/102/964 1078/101/963 1080/103/965
f 1081/104/966 1079/102/964 1080/103/965
f 1082/106/967 1083/105/968 1084/107/969
f 1083/105/968 1085/108/970 1084/107/969
f 1086/109/971 1084/107/969 1085/108/970
f 1087/110/972 1085/108/970 1083/105/968
f 1087/110/972 1088/111/973 1085/108/970
f 1089/112/974 1088/111/973 1087/110/972
f 1087/110/972 1083/105/968 1090/113/975
f 1090/113/975 1083/105/968 1082/106/967
f 1088/111/973 1091/114/976 1085/108/970
f 1091/114/976 1092/115/977 1085/108/970
f 1093/117/978 1094/116/979 1095/88/980
f 1094/116/979 1093/117/978 1096/118/981
f 1097/119/982 1094/116/979 1096/118/981
f 1098/109/983 1097/119/982 1096/118/981
f 1095/88/980 1094/116/979 1099/87/984
f 1094/116/979 1100/120/985 1099/87/984
f 1100/120/985 1094/116/979 1097/119/982
f 1101/121/986 1100/120/985 1097/119/982
f 1101/121/986 1097/119/982 1098/109/983
f 1102/95/987 1100/120/985 1101/121/986
f 1099/87/984 1100/120/985 1102/95/987
f 1103/115/988 1102/95/987 1101/121/986
f 1104/108/989 1103/115/988 1101/121/986
f 1104/108/989 1101/121/986 1098/109/983
f 1105/122/990 1106/123/991 1107/104/992
f 1108/103/992 1105/122/990 1107/104/992
f 1109/124/993 1106/123/991 1105/122/990
f 1110/125/994 1109/124/993 1105/122/990
f 1111/126/995 1106/123/991 1109/124/993
f 1112/127/996 1113/95/997 1114/115/998
f 1115/94/999 1113/95/997 1112/127/996
f 1116/114/1000 1112/127/996 1114/115/998
f 1117/128/1001 1118/131/1002 1119/130/1003
f 1120/129/1004 1117/128/1001 1119/130/1003
f 1119/130/1003 1118/131/1002 1121/132/1005
f 1118/131/1002 1122/133/1006 1121/132/1005
f 1121/132/1005 1122/133/1006 1123/134/1007
f 1122/133/1006 1124/135/1008 1123/134/1007
f 1122/133/1006 1118/131/1002 1124/135/1008
f 1118/131/1002 1125/136/1009 1124/135/1008
f 1118/131/1002 1126/137/1010 1125/136/1009
f 1126/137/1010 1127/138/1011 1125/136/1009
f 1124/135/1008 1125/136/1009 1128/139/1012
f 1123/134/1007 1124/135/1008 1128/139/1012
f 1121/132/1005 1123/134/1007 1128/139/1012
f 1119/130/1003 1121/132/1005 1128/139/1012
f 1128/139/1012 1125/136/1009 1129/140/1013
f 1125/136/1009 1130/141/1014 1129/140/1013
f 1131/142/1015 1129/140/1013 1130/141/1014
f 1132/143/1016 1131/142/1015 1130/141/1014
f 1119/130/1003 1128/139/1012 1133/144/1017
f 1128/139/1012 1134/145/1018 1133/144/1017
f 1135/146/1019 1136/149/1020 1137/148/1021
f 1138/147/1022 1135/146/1019 1137/148/1021
f 1137/148/1021 1136/149/1020 1139/150/1023
f 1136/149/1020 1140/151/1024 1139/150/1023
f 1139/150/1025 1141/152/1026 1142/153/1027
f 1141/152/1026 1143/154/1028 1142/153/1027
f 1141/152/1026 1144/155/1029 1143/154/1028
f 1144/155/1029 1145/156/1030 1143/154/1028
f 1142/153/1031 1146/157/1032 1147/158/1033
f 1146/157/1032 1148/159/1030 1147/158/1033
f 1147/158/1033 1148/159/1030 1149/160/1034
f 1148/159/1030 1150/161/1035 1149/160/1034
f 1151/162/1036 1149/160/1034 1152/163/1037
f 1153/164/1019 1151/162/1036 1152/163/1037
f 1153/164/1019 1152/163/1037 1154/165/1038
f 1155/166/1039 1153/164/1019 1154/165/1038
f 1156/167/1033 1149/160/1034 1151/162/1036
f 1157/168/1021 1156/167/1033 1151/162/1036
f 1157/168/1021 1158/169/1040 1156/167/1033
f 1158/169/1040 1159/170/1027 1156/167/1033
f 1160/171/1041 1161/174/1042 1162/173/1043
f 1163/172/1044 1160/171/1041 1162/173/1043
f 1162/173/1043 1161/174/1042 1164/175/1045
f 1161/174/1042 1165/176/1046 1164/175/1045
f 1164/175/1045 1165/176/1046 1166/177/1047
f 1165/176/1046 1167/178/1048 1166/177/1047
f 1165/176/1046 1161/174/1042 1167/178/1048
f 1161/174/1042 1168/179/1049 1167/178/1048
f 1161/174/1042 1169/180/1050 1168/179/1049
f 1169/180/1050 1170/181/1051 1168/179/1049
f 1167/178/1048 1168/179/1049 1171/182/1052
f 1166/177/1047 1167/178/1048 1171/182/1052
f 1164/175/1045 1166/177/1047 1171/182/1052
f 1162/173/1043 1164/175/1045 1171/182/1052
f 1171/182/1052 1168/179/1049 1172/183/1053
f 1168/179/1049 1173/184/1054 1172/183/1053
f 1174/185/1044 1172/183/1053 1173/184/1054
f 1175/186/1055 1174/185/1044 1173/184/1054
f 1162/173/1043 1171/182/1052 1176/187/1056
f 1171/182/1052 1177/188/1053 1176/187/1056
f 1178/146/1057 1179/149/1058 1180/148/1059
f 1181/147/1060 1178/146/1057 1180/148/1059
f 1180/148/1059 1179/149/1058 1182/150/1061
f 1179/149/1058 1183/151/1062 1182/150/1061
f 1182/150/1063 1184/152/1062 1185/153/1064
f 1184/152/1062 1186/154/1065 1185/153/1064
f 1184/152/1062 1187/155/1058 1186/154/1065
f 1187/155/1058 1188/156/1066 1186/154/1065
f 1185/153/1067 1189/157/1068 1190/158/1069
f 1189/157/1068 1191/159/1070 1190/158/1069
f 1190/158/1069 1191/159/1070 1192/160/1071
f 1191/159/1070 1193/161/1072 1192/160/1071
f 1194/162/1073 1192/160/1074 1195/163/1072
f 1196/164/1075 1194/162/1073 1195/163/1072
f 1196/164/1075 1195/163/1072 1197/165/1066
f 1198/166/1076 1196/164/1075 1197/165/1066
f 1199/167/1069 1192/160/1074 1194/162/1073
f 1200/168/1059 1199/167/1069 1194/162/1073
f 1200/168/1059 1201/169/1063 1199/167/1069
f 1201/169/1063 1202/170/1064 1199/167/1069
f 1203/171/1077 1204/174/1078 1205/173/1079
f 1206/172/1080 1203/171/1077 1205/173/1079
f 1205/173/1079 1204/174/1078 1207/175/1081
f 1204/174/1078 1208/176/1082 1207/175/1081
f 1207/175/1081 1208/176/1082 1209/177/1083
f 1208/176/1082 1210/178/1084 1209/177/1083
f 1208/176/1082 1204/174/1078 1210/178/1084
f 1204/174/1078 1211/179/1085 1210/178/1084
f 1204/174/1078 1212/180/1086 1211/179/1085
f 1212/180/1086 1213/181/1087 1211/179/1085
f 1210/178/1084 1211/179/1085 1214/182/1088
f 1209/177/1083 1210/178/1084 1214/182/1088
f 1207/175/1081 1209/177/1083 1214/182/1088
f 1205/173/1079 1207/175/1081 1214/182/1088
f 1214/182/1088 1211/179/1085 1215/183/1089
f 1211/179/1085 1216/184/1090 1215/183/1089
f 1217/185/1080 1215/183/1089 1216/184/1090
f 1218/186/1091 1217/185/1080 1216/184/1090
f 1205/173/1079 1214/182/1088 1219/189/1092
f 1214/182/1088 1220/190/1089 1219/189/1092
f 1221/128/1093 1222/131/1094 1223/130/1095
f 1224/129/1096 1221/128/1093 1223/130/1095
f 1223/130/1095 1222/131/1094 1225/132/1097
f 1222/131/1094 1226/133/1098 1225/132/1097
f 1225/132/1097 1226/133/1098 1227/134/1099
f 1226/133/1098 1228/135/1100 1227/134/1099
f 1226/133/1098 1222/131/1094 1228/135/1100
f 1222/131/1094 1229/136/1101 1228/135/1100
f 1222/131/1094 1230/137/1093 1229/136/1101
f 1230/137/1093 1231/138/1102 1229/136/1101
f 1228/135/1100 1229/136/1101 1232/139/1103
f 1227/134/1099 1228/135/1100 1232/139/1103
f 1225/132/1097 1227/134/1099 1232/139/1103
f 1223/130/1095 1225/132/1097 1232/139/1103
f 1232/139/1103 1229/136/1101 1233/140/1104
f 1229/136/1101 1234/141/1105 1233/140/1104
f 1235/142/1106 1233/140/1104 1234/141/1105
f 1236/143/1107 1235/142/1106 1234/141/1105
f 1223/130/1095 1232/139/1103 1237/144/1096
f 1232/139/1103 1238/145/1108 1237/144/1096
f 1239/146/1109 1240/149/1110 1241/148/1111
f 1242/147/1112 1239/146/1109 1241/148/1111
f 1241/148/1111 1240/149/1110 1243/150/1113
f 1240/149/1110 1244/151/1114 1243/150/1113
f 1243/150/1113 1245/152/1114 1246/153/1115
f 1245/152/1114 1247/154/1116 1246/153/1115
f 1245/152/1114 1248/155/1117 1247/154/1116
f 1248/155/1117 1249/156/1118 1247/154/1116
f 1246/153/1119 1250/157/1120 1251/158/1121
f 1250/157/1120 1252/159/1122 1251/158/1121
f 1251/158/1121 1252/159/1122 1253/160/1123
f 1252/159/1122 1254/161/1124 1253/160/1123
f 1255/162/1125 1253/160/1126 1256/163/1127
f 1257/164/1128 1255/162/1125 1256/163/1127
f 1257/164/1128 1256/163/1127 1258/165/1118
f 1259/166/1129 1257/164/1128 1258/165/1118
f 1260/167/1130 1253/160/1126 1255/162/1125
f 1261/168/1111 1260/167/1130 1255/162/1125
f 1261/168/1111 1262/169/1131 1260/167/1130
f 1262/169/1131 1263/170/1115 1260/167/1130
f 1264/171/1132 1265/174/1133 1266/173/1134
f 1267/172/1135 1264/171/1132 1266/173/1134
f 1266/173/1134 1265/174/1133 1268/175/1136
f 1265/174/1133 1269/176/1137 1268/175/1136
f 1268/175/1136 1269/176/1137 1270/177/1138
f 1269/176/1137 1271/178/1139 1270/177/1138
f 1269/176/1137 1265/174/1133 1271/178/1139
f 1265/174/1133 1272/179/1140 1271/178/1139
f 1265/174/1133 1273/180/1132 1272/179/1140
f 1273/180/1132 1274/181/1141 1272/179/1140
f 1271/178/1139 1272/179/1140 1275/182/1142
f 1270/177/1138 1271/178/1139 1275/182/1142
f 1268/175/1136 1270/177/1138 1275/182/1142
f 1266/173/1134 1268/175/1136 1275/182/1142
f 1275/182/1142 1272/179/1140 1276/183/1143
f 1272/179/1140 1277/184/1141 1276/183/1143
f 1278/185/1144 1276/183/1143 1277/184/1141
f 1279/186/1132 1278/185/1144 1277/184/1141
f 1266/173/1134 1275/182/1142 1280/189/1144
f 1275/182/1142 1281/190/1145 1280/189/1144
f 1282/128/1146 1283/131/1147 1284/130/1148
f 1285/129/1149 1282/128/1146 1284/130/1148
f 1284/130/1148 1283/131/1147 1286/132/1150
f 1283/131/1147 1287/133/1151 1286/132/1150
f 1286/132/1150 1287/133/1151 1288/134/1152
f 1287/133/1151 1289/135/1153 1288/134/1152
f 1287/133/1151 1283/131/1147 1289/135/1153
f 1283/131/1147 1290/136/1154 1289/135/1153
f 1283/131/1147 1291/137/1155 1290/136/1154
f 1291/137/1155 1292/138/1156 1290/136/1154
f 1289/135/1153 1290/136/1154 1293/139/1157
f 1288/134/1152 1289/135/1153 1293/139/1157
f 1286/132/1150 1288/134/1152 1293/139/1157
f 1284/130/1148 1286/132/1150 1293/139/1157
f 1293/139/1157 1290/136/1154 1294/140/1158
f 1290/136/1154 1295/141/1156 1294/140/1158
f 1296/142/1159 1294/140/1158 1295/141/1156
f 1297/143/1160 1296/142/1159 1295/141/1156
f 1284/130/1148 1293/139/1157 1298/144/1161
f 1293/139/1157 1299/145/1162 1298/144/1161
f 1300/146/1163 1301/149/1164 1302/148/1165
f 1303/147/1166 1300/146/1163 1302/148/1165
f 1302/148/1165 1301/149/1164 1304/150/1167
f 1301/149/1164 1305/151/1168 1304/150/1167
f 1304/150/1169 1306/152/1170 1307/153/1171
f 1306/152/1170 1308/154/1172 1307/153/1171
f 1306/152/1170 1309/155/1173 1308/154/1172
f 1309/155/1173 1310/156/1174 1308/154/1172
f 1307/153/1175 1311/157/1172 1312/158/1176
f 1311/157/1172 1313/159/1177 1312/158/1176
f 1312/158/1176 1313/159/1177 1314/160/1178
f 1313/159/1177 1315/161/1179 1314/160/1178
f 1316/162/1180 1314/160/1181 1317/163/1182
f 1318/164/1183 1316/162/1180 1317/163/1182
f 1318/164/1183 1317/163/1182 1319/165/1184
f 1320/166/1164 1318/164/1183 1319/165/1184
f 1321/167/1185 1314/160/1181 1316/162/1180
f 1322/168/1186 1321/167/1185 1316/162/1180
f 1322/168/1186 1323/169/1167 1321/167/1185
f 1323/169/1167 1324/170/1171 1321/167/1185
f 1325/171/1187 1326/174/1188 1327/173/1189
f 1328/172/1190 1325/171/1187 1327/173/1189
f 1327/173/1189 1326/174/1188 1329/175/1191
f 1326/174/1188 1330/176/1192 1329/175/1191
f 1329/175/1191 1330/176/1192 1331/177/1193
f 1330/176/1192 1332/178/1194 1331/177/1193
f 1330/176/1192 1326/174/1188 1332/178/1194
f 1326/174/1188 1333/179/1195 1332/178/1194
f 1326/174/1188 1334/180/1187 1333/179/1195
f 1334/180/1187 1335/181/1196 1333/179/1195
f 1332/178/1194 1333/179/1195 1336/182/1197
f 1331/177/1193 1332/178/1194 1336/182/1197
f 1329/175/1191 1331/177/1193 1336/182/1197
f 1327/173/1189 1329/175/1191 1336/182/1197
f 1336/182/1197 1333/179/1195 1337/183/1198
f 1333/179/1195 1338/184/1199 1337/183/1198
f 1339/185/1200 1337/183/1198 1338/184/1199
f 1340/186/1201 1339/185/1200 1338/184/1199
f 1327/173/1189 1336/182/1197 1341/189/1202
f 1336/182/1197 1342/190/1203 1341/189/1202
f 1343/128/1204 1344/131/1205 1345/130/1206
f 1346/129/1207 1343/128/1204 1345/130/1206
f 1345/130/1206 1344/131/1205 1347/132/1208
f 1344/131/1205 1348/133/1209 1347/132/1208
f 1347/132/1208 1348/133/1209 1349/134/1210
f 1348/133/1209 1350/135/1211 1349/134/1210
f 1348/133/1209 1344/131/1205 1350/135/1211
f 1344/131/1205 1351/136/1212 1350/135/1211
f 1344/131/1205 1352/137/1213 1351/136/1212
f 1352/137/1213 1353/138/1214 1351/136/1212
f 1350/135/1211 1351/136/1212 1354/139/1215
f 1349/134/1210 1350/135/1211 1354/139/1215
f 1347/132/1208 1349/134/1210 1354/139/1215
f 1345/130/1206 1347/132/1208 1354/139/1215
f 1354/139/1215 1351/136/1212 1355/140/1216
f 1351/136/1212 1356/141/1214 1355/140/1216
f 1357/142/1207 1355/140/1216 1356/141/1214
f 1358/143/1213 1357/142/1207 1356/141/1214
f 1345/130/1206 1354/139/1215 1359/144/1217
f 1354/139/1215 1360/145/1216 1359/144/1217
f 1361/146/1218 1362/149/1219 1363/148/1220
f 1364/147/1221 1361/146/1218 1363/148/1220
f 1363/148/1220 1362/149/1219 1365/150/1222
f 1362/149/1219 1366/151/1223 1365/150/1222
f 1365/150/1224 1367/152/1225 1368/153/1226
f 1367/152/1225 1369/154/1227 1368/153/1226
f 1367/152/1225 1370/155/1228 1369/154/1227
f 1370/155/1228 1371/156/1229 1369/154/1227
f 1368/153/1226 1372/157/1230 1373/158/1231
f 1372/157/1230 1374/159/1232 1373/158/1231
f 1373/158/1231 1374/159/1232 1375/160/1233
f 1374/159/1232 1376/161/1234 1375/160/1233
f 1377/162/1235 1375/160/1236 1378/163/1237
f 1379/164/1218 1377/162/1235 1378/163/1237
f 1379/164/1218 1378/163/1237 1380/165/1232
f 1381/166/1219 1379/164/1218 1380/165/1232
f 1382/167/1238 1375/160/1236 1377/162/1235
f 1383/168/1239 1382/167/1238 1377/162/1235
f 1383/168/1239 1384/169/1240 1382/167/1238
f 1384/169/1240 1385/170/1241 1382/167/1238
f 1386/171/1242 1387/174/1243 1388/173/1244
f 1389/172/1245 1386/171/1242 1388/173/1244
f 1388/173/1244 1387/174/1243 1390/175/1246
f 1387/174/1243 1391/176/1247 1390/175/1246
f 1390/175/1246 1391/176/1247 1392/177/1248
f 1391/176/1247 1393/178/1249 1392/177/1248
f 1391/176/1247 1387/174/1243 1393/178/1249
f 1387/174/1243 1394/179/1250 1393/178/1249
f 1387/174/1243 1395/180/1251 1394/179/1250
f 1395/180/1251 1396/181/1252 1394/179/1250
f 1393/178/1249 1394/179/1250 1397/182/1253
f 1392/177/1248 1393/178/1249 1397/182/1253
f 1390/175/1246 1392/177/1248 1397/182/1253
f 1388/173/1244 1390/175/1246 1397/182/1253
f 1397/182/1253 1394/179/1250 1398/183/1254
f 1394/179/1250 1399/184/1255 1398/183/1254
f 1400/185/1245 1398/183/1254 1399/184/1255
f 1401/186/1256 1400/185/1245 1399/184/1255
f 1388/173/1244 1397/182/1253 1402/189/1257
f 1397/182/1253 1403/190/1254 1402/189/1257
s 0
f 1404/80/1258 1405/79/1258 1406/81/1258
f 1406/81/1258 1405/79/1258 1407/82/1258
f 1407/82/1258 1405/79/1258 1408/83/1258
f 1408/83/1258 1405/79/1258 1409/84/1258
f 1405/79/1258 1410/85/1258 1409/84/1258
f 1411/86/1258 1410/85/1258 1405/79/1258
f 1412/88/1258 1413/87/1258 1414/89/1258
f 1415/90/1258 1414/89/1258 1413/87/1258
f 1416/91/1258 1415/90/1258 1413/87/1258
f 1416/91/1258 1413/87/1258 1417/92/1258
f 1418/93/1258 1416/91/1258 1417/92/1258
f 1417/92/1258 1413/87/1258 1419/94/1258
f 1413/87/1258 1420/95/1258 1419/94/1258
f 1421/96/1258 1422/99/1258 1423/98/1258
f 1424/97/1258 1421/96/1258 1423/98/1258
f 1423/98/1258 1422/99/1258 1425/100/1258
f 1422/99/1258 1426/101/1258 1425/100/1258
f 1425/100/1258 1426/101/1258 1427/102/1258
f 1427/102/1258 1426/101/1258 1428/103/1258
f 1429/104/1258 1427/102/1258 1428/103/1258
f 1430/106/1258 1431/105/1258 1432/107/1258
f 1431/105/1258 1433/108/1258 1432/107/1258
f 1434/109/1258 1432/107/1258 1433/108/1258
f 1435/110/1258 1433/108/1258 1431/105/1258
f 1435/110/1258 1436/111/1258 1433/108/1258
f 1437/112/1258 1436/111/1258 1435/110/1258
f 1435/110/1258 1431/105/1258 1438/113/1258
f 1438/113/1258 1431/105/1258 1430/106/1258
f 1436/111/1258 1439/114/1258 1433/108/1258
f 1439/114/1258 1440/115/1258 1433/108/1258
f 1441/117/1258 1442/116/1258 1443/88/1258
f 1442/116/1258 1441/117/1258 1444/118/1258
f 1445/119/1258 1442/116/1258 1444/118/1258
f 1446/109/1258 1445/119/1258 1444/118/1258
f 1443/88/1258 1442/116/1258 1447/87/1258
f 1442/116/1258 1448/120/1258 1447/87/1258
f 1448/120/1258 1442/116/1258 1445/119/1258
f 1449/121/1258 1448/120/1258 1445/119/1258
f 1449/121/1258 1445/119/1258 1446/109/1258
f 1450/95/1258 1448/120/1258 1449/121/1258
f 1447/87/1258 1448/120/1258 1450/95/1258
f 1451/115/1258 1450/95/1258 1449/121/1258
f 1452/108/1258 1451/115/1258 1449/121/1258
f 1452/108/1258 1449/121/1258 1446/109/1258
f 1453/122/1258 1454/123/1258 1455/104/1258
f 1456/103/1258 1453/122/1258 1455/104/1258
f 1457/124/1258 1454/123/1258 1453/122/1258
f 1458/125/1258 1457/124/1258 1453/122/1258
f 1459/126/1258 1454/123/1258 1457/124/1258
f 1460/127/1258 1461/95/1258 1462/115/1258
f 1463/94/1258 1461/95/1258 1460/127/1258
f 1464/114/1258 1460/127/1258 1462/115/1258
f 1465/128/1258 1466/131/1258 1467/130/1258
f 1468/129/1258 1465/128/1258 1467/130/1258
f 1467/130/1258 1466/131/1258 1469/132/1258
f 1466/131/1258 1470/133/1258 1469/132/1258
f 1469/132/1258 1470/133/1258 1471/134/1258
f 1470/133/1258 1472/135/1258 1471/134/1258
f 1470/133/1258 1466/131/1258 1472/135/1258
f 1466/131/1258 1473/136/1258 1472/135/1258
f 1466/131/1258 1474/137/1258 1473/136/1258
f 1474/137/1258 1475/138/1258 1473/136/1258
f 1472/135/1258 1473/136/1258 1476/139/1258
f 1471/134/1258 1472/135/1258 1476/139/1258
f 1469/132/1258 1471/134/1258 1476/139/1258
f 1467/130/1258 1469/132/1258 1476/139/1258
f 1476/139/1258 1473/136/1258 1477/140/1258
f 1473/136/1258 1478/141/1258 1477/140/1258
f 1479/142/1258 1477/140/1258 1478/141/1258
f 1480/143/1258 1479/142/1258 1478/141/1258
f 1467/130/1258 1476/139/1258 1481/144/1258
f 1476/139/1258 1482/145/1258 1481/144/1258
f 1483/146/1258 1484/149/1258 1485/148/1258
f 1486/147/1258 1483/146/1258 1485/148/1258
f 1485/148/1258 1484/149/1258 1487/150/1258
f 1484/149/1258 1488/151/1258 1487/150/1258
f 1487/150/1258 1489/152/1258 1490/153/1258
f 1489/152/1258 1491/154/1258 1490/153/1258
f 1489/152/1258 1492/155/1258 1491/154/1258
f 1492/155/1258 1493/156/1258 1491/154/1258
f 1490/153/1258 1494/157/1258 1495/158/1258
f 1494/157/1258 1496/159/1258 1495/158/1258
f 1495/158/1258 1496/159/1258 1497/160/1258
f 1496/159/1258 1498/161/1258 1497/160/1258
f 1499/162/1258 1497/160/1258 1500/163/1258
f 1501/164/1258 1499/162/1258 1500/163/1258
f 1501/164/1258 1500/163/1258 1502/165/1258
f 1503/166/1258 1501/164/1258 1502/165/1258
f 1504/167/1258 1497/160/1258 1499/162/1258
f 1505/168/1258 1504/167/1258 1499/162/1258
f 1505/168/1258 1506/169/1258 1504/167/1258
f 1506/169/1258 1507/170/1258 1504/167/1258
f 1508/171/1258 1509/174/1258 1510/173/1258
f 1511/172/1258 1508/171/1258 1510/173/1258
f 1510/173/1258 1509/174/1258 1512/175/1258
f 1509/174/1258 1513/176/1258 1512/175/1258
f 1512/175/1258 1513/176/1258 1514/177/1258
f 1513/176/1258 1515/178/1258 1514/177/1258
f 1513/176/1258 1509/174/1258 1515/178/1258
f 1509/174/1258 1516/179/1258 1515/178/1258
f 1509/174/1258 1517/180/1258 1516/179/1258
f 1517/180/1258 1518/181/1258 1516/179/1258
f 1515/178/1258 1516/179/1258 1519/182/1258
f 1514/177/1258 1515/178/1258 1519/182/1258
f 1512/175/1258 1514/177/1258 1519/182/1258
f 1510/173/1258 1512/175/1258 1519/182/1258
f 1519/182/1258 1516/179/1258 1520/183/1258
f 1516/179/1258 1521/184/1258 1520/183/1258
f 1522/185/1258 1520/183/1258 1521/184/1258
f 1523/186/1258 1522/185/1258 1521/184/1258
f 1510/173/1258 1519/182/1258 1524/187/1258
f 1519/182/1258 1525/188/1258 1524/187/1258
f 1526/146/1258 1527/149/1258 1528/148/1258
f 1529/147/1258 1526/146/1258 1528/148/1258
f 1528/148/1258 1527/149/1258 1530/150/1258
f 1527/149/1258 1531/151/1258 1530/150/1258
f 1530/150/1258 1532/152/1258 1533/153/1258
f 1532/152/1258 1534/154/1258 1533/153/1258
f 1532/152/1258 1535/155/1258 1534/154/1258
f 1535/155/1258 1536/156/1258 1534/154/1258
f 1533/153/1258 1537/157/1258 1538/158/1258
f 1537/157/1258 1539/159/1258 1538/158/1258
f 1538/158/1258 1539/159/1258 1540/160/1258
f 1539/159/1258 1541/161/1258 1540/160/1258
f 1542/162/1258 1540/160/1258 1543/163/1258
f 1544/164/1258 1542/162/1258 1543/163/1258
f 1544/164/1258 1543/163/1258 1545/165/1258
f 1546/166/1258 1544/164/1258 1545/165/1258
f 1547/167/1258 1540/160/1258 1542/162/1258
f 1548/168/1258 1547/167/1258 1542/162/1258
f 1548/168/1258 1549/169/1258 1547/167/1258
f 1549/169/1258 1550/170/1258 1547/167/1258
f 1551/171/1258 1552/174/1258 1553/173/1258
f 1554/172/1258 1551/171/1258 1553/173/1258
f 1553/173/1258 1552/174/1258 1555/175/1258
f 1552/174/1258 1556/176/1258 1555/175/1258
f 1555/175/1258 1556/176/1258 1557/177/1258
f 1556/176/1258 1558/178/1258 1557/177/1258
f 1556/176/1258 1552/174/1258 1558/178/1258
f 1552/174/1258 1559/179/1258 1558/178/1258
f 1552/174/1258 1560/180/1258 1559/179/1258
f 1560/180/1258 1561/181/1258 1559/179/1258
f 1558/178/1258 1559/179/1258 1562/182/1258
f 1557/177/1258 1558/178/1258 1562/182/1258
f 1555/175/1258 1557/177/1258 1562/182/1258
f 1553/173/1258 1555/175/1258 1562/182/1258
f 1562/182/1258 1559/179/1258 1563/183/1258
f 1559/179/1258 1564/184/1258 1563/183/1258
f 1565/185/1258 1563/183/1258 1564/184/1258
f 1566/186/1258 1565/185/1258 1564/184/1258
f 1553/173/1258 1562/182/1258 1567/189/1258
f 1562/182/1258 1568/190/1258 1567/189/1258
f 1569/128/1258 1570/131/1258 1571/130/1258
f 1572/129/1258 1569/128/1258 1571/130/1258
f 1571/130/1258 1570/131/1258 1573/132/1258
f 1570/131/1258 1574/133/1258 1573/132/1258
f 1573/132/1258 1574/133/1258 1575/134/1258
f 1574/133/1258 1576/135/1258 1575/134/1258
f 1574/133/1258 1570/131/1258 1576/135/1258
f 1570/131/1258 1577/136/1258 1576/135/1258
f 1570/131/1258 1578/137/1258 1577/136/1258
f 1578/137/1258 1579/138/1258 1577/136/1258
f 1576/135/1258 1577/136/1258 1580/139/1258
f 1575/134/1258 1576/135/1258 1580/139/1258
f 1573/132/1258 1575/134/1258 1580/139/1258
f 1571/130/1258 1573/132/1258 1580/139/1258
f 1580/139/1258 1577/136/1258 1581/140/1258
f 1577/136/1258 1582/141/1258 1581/140/1258
f 1583/142/1258 1581/140/1258 1582/141/1258
f 1584/143/1258 1583/142/1258 1582/141/1258
f 1571/130/1258 1580/139/1258 1585/144/1258
f 1580/139/1258 1586/145/1258 1585/144/1258
f 1587/146/1258 1588/149/1258 1589/148/1258
f 1590/147/1258 1587/146/1258 1589/148/1258
f 1589/148/1258 1588/149/1258 1591/150/1258
f 1588/149/1258 1592/151/1258 1591/150/1258
f 1591/150/1258 1593/152/1258 1594/153/1258
f 1593/152/1258 1595/154/1258 1594/153/1258
f 1593/152/1258 1596/155/1258 1595/154/1258
f 1596/155/1258 1597/156/1258 1595/154/1258
f 1594/153/1258 1598/157/1258 1599/158/1258
f 1598/157/1258 1600/159/1258 1599/158/1258
f 1599/158/1258 1600/159/1258 1601/160/1258
f 1600/159/1258 1602/161/1258 1601/160/1258
f 1603/162/1258 1601/160/1258 1604/163/1258
f 1605/164/1258 1603/162/1258 1604/163/1258
f 1605/164/1258 1604/163/1258 1606/165/1258
f 1607/166/1258 1605/164/1258 1606/165/1258
f 1608/167/1258 1601/160/1258 1603/162/1258
f 1609/168/1258 1608/167/1258 1603/162/1258
f 1609/168/1258 1610/169/1258 1608/167/1258
f 1610/169/1258 1611/170/1258 1608/167/1258
f 1612/171/1258 1613/174/1258 1614/173/1258
f 1615/172/1258 1612/171/1258 1614/173/1258
f 1614/173/1258 1613/174/1258 1616/175/1258
f 1613/174/1258 1617/176/1258 1616/175/1258
f 1616/175/1258 1617/176/1258 1618/177/1258
f 1617/176/1258 1619/178/1258 1618/177/1258
f 1617/176/1258 1613/174/1258 1619/178/1258
f 1613/174/1258 1620/179/1258 1619/178/1258
f 1613/174/1258 1621/180/1258 1620/179/1258
f 1621/180/1258 1622/181/1258 1620/179/1258
f 1619/178/1258 1620/179/1258 1623/182/1258
f 1618/177/1258 1619/178/1258 1623/182/1258
f 1616/175/1258 1618/177/1258 1623/182/1258
f 1614/173/1258 1616/175/1258 1623/182/1258
f 1623/182/1258 1620/179/1258 1624/183/1258
f 1620/179/1258 1625/184/1258 1624/183/1258
f 1626/185/1258 1624/183/1258 1625/184/1258
f 1627/186/1258 1626/185/1258 1625/184/1258
f 1614/173/1258 1623/182/1258 1628/189/1258
f 1623/182/1258 1629/190/1258 1628/189/1258
f 1630/128/1258 1631/131/1258 1632/130/1258
f 1633/129/1258 1630/128/1258 1632/130/1258
f 1632/130/1258 1631/131/1258 1634/132/1258
f 1631/131/1258 1635/133/1258 1634/132/1258
f 1634/132/1258 1635/133/1258 1636/134/1258
f 1635/133/1258 1637/135/1258 1636/134/1258
f 1635/133/1258 1631/131/1258 1637/135/1258
f 1631/131/1258 1638/136/1258 1637/135/1258
f 1631/131/1258 1639/137/1258 1638/136/1258
f 1639/137/1258 1640/138/1258 1638/136/1258
f 1637/135/1258 1638/136/1258 1641/139/1258
f 1636/134/1258 1637/135/1258 1641/139/1258
f 1634/132/1258 1636/134/1258 1641/139/1258
f 1632/130/1258 1634/132/1258 1641/139/1258
f 1641/139/1258 1638/136/1258 1642/140/1258
f 1638/136/1258 1643/141/1258 1642/140/1258
f 1644/142/1258 1642/140/1258 1643/141/1258
f 1645/143/1258 1644/142/1258 1643/141/1258
f 1632/130/1258 1641/139/1258 1646/144/1258
f 1641/139/1258 1647/145/1258 1646/144/1258
f 1648/146/1258 1649/149/1258 1650/148/1258
f 1651/147/1258 1648/146/1258 1650/148/1258
f 1650/148/1258 1649/149/1258 1652/150/1258
f 1649/149/1258 1653/151/1258 1652/150/1258
f 1652/150/1258 1654/152/1258 1655/153/1258
f 1654/152/1258 1656/154/1258 1655/153/1258
f 1654/152/1258 1657/155/1258 1656/154/1258
f 1657/155/1258 1658/156/1258 1656/154/1258
f 1655/153/1258 1659/157/1258 1660/158/1258
f 1659/157/1258 1661/159/1258 1660/158/1258
f 1660/158/1258 1661/159/1258 1662/160/1258
f 1661/159/1258 1663/161/1258 1662/160/1258
f 1664/162/1258 1662/160/1258 1665/163/1258
f 1666/164/1258 1664/162/1258 1665/163/1258
f 1666/164/1258 1665/163/1258 1667/165/1258
f 1668/166/1258 1666/164/1258 1667/165/1258
f 1669/167/1258 1662/160/1258 1664/162/1258
f 1670/168/1258 1669/167/1258 1664/162/1258
f 1670/168/1258 1671/169/1258 1669/167/1258
f 1671/169/1258 1672/170/1258 1669/167/1258
f 1673/171/1258 1674/174/1258 1675/173/1258
f 1676/172/1258 1673/171/1258 1675/173/1258
f 1675/173/1258 1674/174/1258 1677/175/1258
f 1674/174/1258 1678/176/1258 1677/175/1258
f 1677/175/1258 1678/176/1258 1679/177/1258
f 1678/176/1258 1680/178/1258 1679/177/1258
f 1678/176/1258 1674/174/1258 1680/178/1258
f 1674/174/1258 1681/179/1258 1680/178/1258
f 1674/174/1258 1682/180/1258 1681/179/1258
f 1682/180/1258 1683/181/1258 1681/179/1258
f 1680/178/1258 1681/179/1258 1684/182/1258
f 1679/177/1258 1680/178/1258 1684/182/1258
f 1677/175/1258 1679/177/1258 1684/182/1258
f 1675/173/1258 1677/175/1258 1684/182/1258
f 1684/182/1258 1681/179/1258 1685/183/1258
f 1681/179/1258 1686/184/1258 1685/183/1258
f 1687/185/1258 1685/183/1258 1686/184/1258
f 1688/186/1258 1687/185/1258 1686/184/1258
f 1675/173/1258 1684/182/1258 1689/189/1258
f 1684/182/1258 1690/190/1258 1689/189/1258
f 1691/128/1258 1692/131/1258 1693/130/1258
f 1694/129/1258 1691/128/1258 1693/130/1258
f 1693/130/1258 1692/131/1258 1695/132/1258
f 1692/131/1258 1696/133/1258 1695/132/1258
f 1695/132/1258 1696/133/1258 1697/134/1258
f 1696/133/1258 1698/135/1258 1697/134/1258
f 1696/133/1258 1692/131/1258 1698/135/1258
f 1692/131/1258 1699/136/1258 1698/135/1258
f 1692/131/1258 1700/137/1258 1699/136/1258
f 1700/137/1258 1701/138/1258 1699/136/1258
f 1698/135/1258 1699/136/1258 1702/139/1258
f 1697/134/1258 1698/135/1258 1702/139/1258
f 1695/132/1258 1697/134/1258 1702/139/1258
f 1693/130/1258 1695/132/1258 1702/139/1258
f 1702/139/1258 1699/136/1258 1703/140/1258
f 1699/136/1258 1704/141/1258 1703/140/1258
f 1705/142/1258 1703/140/1258 1704/141/1258
f 1706/143/1258 1705/142/1258 1704/141/1258
f 1693/130/1258 1702/139/1258 1707/144/1258
f 1702/139/1258 1708/145/1258 1707/144/1258
f 1709/146/1258 1710/149/1258 1711/148/1258
f 1712/147/1258 1709/146/1258 1711/148/1258
f 1711/148/1258 1710/149/1258 1713/150/1258
f 1710/149/1258 1714/151/1258 1713/150/1258
f 1713/150/1258 1715/152/1258 1716/153/1258
f 1715/152/1258 1717/154/1258 1716/153/1258
f 1715/152/1258 1718/155/1258 1717/154/1258
f 1718/155/1258 1719/156/1258 1717/154/1258
f 1716/153/1258 1720/157/1258 1721/158/1258
f 1720/157/1258 1722/159/1258 1721/158/1258
f 1721/158/1258 1722/159/1258 1723/160/1258
f 1722/159/1258 1724/161/1258 1723/160/1258
f 1725/162/1258 1723/160/1258 1726/163/1258
f 1727/164/1258 1725/162/1258 1726/163/1258
f 1727/164/1258 1726/163/1258 1728/165/1258
f 1729/166/1258 1727/164/1258 1728/165/1258
f 1730/167/1258 1723/160/1258 1725/162/1258
f 1731/168/1258 1730/167/1258 1725/162/1258
f 1731/168/1258 1732/169/1258 1730/167/1258
f 1732/169/1258 1733/170/1258 1730/167/1258
f 1734/171/1258 1735/174/1258 1736/173/1258
f 1737/172/1258 1734/171/1258 1736/173/1258
f 1736/173/1258 1735/174/1258 1738/175/1258
f 1735/174/1258 1739/176/1258 1738/175/1258
f 1738/175/1258 1739/176/1258 1740/177/1258
f 1739/176/1258 1741/178/1258 1740/177/1258
f 1739/176/1258 1735/174/1258 1741/178/1258
f 1735/174/1258 1742/179/1258 1741/178/1258
f 1735/174/1258 1743/180/1258 1742/179/1258
f 1743/180/1258 1744/181/1258 1742/179/1258
f 1741/178/1258 1742/179/1258 1745/182/1258
f 1740/177/1258 1741/178/1258 1745/182/1258
f 1738/175/1258 1740/177/1258 1745/182/1258
f 1736/173/1258 1738/175/1258 1745/182/1258
f 1745/182/1258 1742/179/1258 1746/183/1258
f 1742/179/1258 1747/184/1258 1746/183/1258
f 1748/185/1258 1746/183/1258 1747/184/1258
f 1749/186/1258 1748/185/1258 1747/184/1258
f 1736/173/1258 1745/182/1258 1750/189/1258
f 1745/182/1258 1751/190/1258 1750/189/1258
s 1
f 1752/206/1259 1753/205/1260 1754/207/1261
f 1755/208/1262 1753/205/1260 1752/206/1259
f 1754/207/1261 1753/205/1260 1756/209/1263
f 1757/210/1264 1753/205/1260 1755/208/1262
f 1758/211/1265 1757/210/1264 1755/208/1262
f 1759/212/1266 1757/210/1264 1758/211/1265
f 1760/213/1267 1757/210/1264 1759/212/1266
f 1761/214/1268 1757/210/1264 1760/213/1267
f 1753/205/1260 1762/215/1269 1756/209/1263
f 1762/215/1269 1753/205/1260 1757/210/1264
f 1756/209/1263 1762/215/1269 1763/216/1270
f 1762/215/1269 1757/210/1264 1764/217/1271
f 1762/215/1269 1764/217/1271 1763/216/1270
f 1764/217/1271 1757/210/1264 1761/214/1268
f 1764/217/1271 1761/214/1268 1765/218/1272
f 1763/216/1270 1764/217/1271 1765/218/1272
f 1766/219/1273 1756/209/1263 1763/216/1270
f 1767/221/1274 1768/220/1275 1769/222/1276
f 1769/222/1276 1770/223/1277 1767/221/1274
f 1767/221/1274 1770/223/1277 1771/224/1278
f 1771/224/1278 1770/223/1277 1772/225/1279
f 1772/225/1279 1770/223/1277 1773/226/1280
f 1773/226/1280 1770/223/1277 1774/227/1281
f 1770/223/1277 1775/228/1282 1774/227/1281
f 1769/222/1276 1775/228/1282 1770/223/1277
f 1774/227/1281 1775/228/1282 1776/229/1283
f 1776/229/1283 1775/228/1282 1777/230/1284
f 1777/230/1284 1775/228/1282 1778/231/1285
f 1769/222/1276 1779/232/1286 1775/228/1282
f 1779/232/1286 1769/222/1276 1768/220/1275
f 1775/228/1282 1779/232/1286 1778/231/1285
f 1778/231/1285 1779/232/1286 1780/233/1287
f 1780/233/1287 1779/232/1286 1768/220/1275
f 1781/234/1288 1768/220/1275 1767/221/1274
f 1782/235/1289 1783/216/1290 1784/220/1291
f 1784/220/1291 1783/216/1290 1785/236/1292
f 1786/191/1293 1787/194/1293 1788/193/1293
f 1789/192/1293 1786/191/1293 1788/193/1293
f 1790/195/1294 1791/191/1294 1792/192/1295
f 1793/196/1296 1790/195/1294 1792/192/1295
f 1794/197/1297 1795/195/1297 1796/196/1298
f 1797/198/1298 1794/197/1297 1796/196/1298
f 1798/199/1299 1799/197/1300 1800/198/1301
f 1801/200/1301 1798/199/1299 1800/198/1301
f 1802/195/1302 1803/202/1302 1804/201/1303
f 1805/191/1304 1802/195/1302 1804/201/1303
f 1806/192/1305 1807/204/1305 1808/203/1305
f 1809/196/1305 1806/192/1305 1808/203/1305
f 1810/191/947 1811/194/1306 1812/193/1307
f 1813/192/947 1810/191/947 1812/193/1307
f 1814/195/1295 1815/191/1296 1816/192/1294
f 1817/196/1308 1814/195/1295 1816/192/1294
f 1818/197/1309 1819/195/1297 1820/196/1310
f 1821/198/1310 1818/197/1309 1820/196/1310
f 1822/199/1311 1823/197/1311 1824/198/1311
f 1825/200/1311 1822/199/1311 1824/198/1311
f 1826/195/1312 1827/202/1313 1828/201/1312
f 1829/191/1312 1826/195/1312 1828/201/1312
f 1830/192/1314 1831/204/1315 1832/203/1316
f 1833/196/1317 1830/192/1314 1832/203/1316
f 1834/237/1318 1835/240/1319 1836/239/1320
f 1837/238/1321 1834/237/1318 1836/239/1320
f 1834/237/1318 1838/241/1322 1835/240/1319
f 1838/241/1322 1839/242/1323 1835/240/1319
f 1838/241/1322 1840/243/1324 1839/242/1323
f 1840/243/1324 1841/244/1325 1839/242/1323
f 1840/243/1324 1842/241/1326 1841/244/1325
f 1842/241/1326 1843/242/1327 1841/244/1325
f 1842/241/1326 1844/237/1328 1843/242/1327
f 1844/237/1328 1845/240/1329 1843/242/1327
f 1837/238/1321 1836/239/1320 1845/240/1329
f 1844/237/1328 1837/238/1321 1845/240/1329
f 1836/239/1320 1835/240/1319 1846/245/1330
f 1835/240/1319 1847/246/1331 1846/245/1330
f 1835/240/1319 1839/242/1323 1847/246/1331
f 1839/242/1323 1848/247/1332 1847/246/1331
f 1839/242/1323 1841/244/1325 1848/247/1332
f 1841/244/1325 1849/248/1333 1848/247/1332
f 1841/244/1325 1843/242/1327 1849/248/1333
f 1843/242/1327 1850/247/1334 1849/248/1333
f 1843/242/1327 1845/240/1329 1850/247/1334
f 1845/240/1329 1851/246/1335 1850/247/1334
f 1836/239/1320 1846/245/1330 1851/246/1335
f 1845/240/1329 1836/239/1320 1851/246/1335
f 1846/245/1330 1847/246/1331 1852/249/1336
f 1847/246/1331 1853/250/1337 1852/249/1336
f 1847/246/1331 1848/247/1332 1853/250/1337
f 1848/247/1332 1854/251/1338 1853/250/1337
f 1848/247/1332 1849/248/1333 1854/251/1338
f 1849/248/1333 1855/252/1339 1854/251/1338
f 1849/248/1333 1850/247/1334 1855/252/1339
f 1850/247/1334 1856/251/1340 1855/252/1339
f 1850/247/1334 1851/246/1335 1856/251/1340
f 1851/246/1335 1857/250/1341 1856/251/1340
f 1846/245/1330 1852/249/1336 1857/250/1341
f 1851/246/1335 1846/245/1330 1857/250/1341
f 1858/254/1310 1859/253/1310 1860/255/1310
f 1858/254/1310 1860/255/1310 1861/256/1342
f 1858/254/1310 1861/256/1342 1862/257/1310
f 1858/254/1310 1862/257/1310 1863/258/1310
f 1858/254/1310 1863/258/1310 1864/259/1343
f 1858/254/1310 1864/259/1343 1859/253/1310
f 1865/260/1344 1866/263/1345 1867/262/1346
f 1868/261/1347 1865/260/1344 1867/262/1346
f 1867/262/1346 1866/263/1345 1869/264/1348
f 1866/263/1345 1870/265/1349 1869/264/1348
f 1870/265/1349 1871/266/1350 1869/264/1348
f 1870/265/1349 1872/267/1351 1871/266/1350
f 1872/267/1351 1870/265/1349 1873/268/1352
f 1873/268/1352 1874/269/1353 1872/267/1351
f 1873/268/1352 1870/265/1349 1875/270/1354
f 1870/265/1349 1876/271/1355 1875/270/1354
f 1876/271/1355 1870/265/1349 1866/263/1345
f 1865/260/1344 1876/271/1355 1866/263/1345
f 1875/270/1354 1877/272/1356 1873/268/1352
f 1877/272/1356 1878/273/1357 1873/268/1352
f 1878/273/1357 1874/269/1353 1873/268/1352
f 1879/274/1358 1874/269/1353 1878/273/1357
f 1877/272/1356 1880/275/1359 1878/273/1357
f 1880/275/1359 1881/276/1360 1878/273/1357
f 1880/275/1359 1882/277/1361 1881/276/1360
f 1882/277/1361 1883/278/1362 1881/276/1360
f 1881/276/1360 1883/278/1362 1884/279/1363
f 1884/279/1363 1878/273/1357 1881/276/1360
f 1884/279/1363 1879/274/1358 1878/273/1357
f 1882/277/1361 1885/280/1364 1883/278/1362
f 1885/280/1364 1886/281/1365 1883/278/1362
f 1883/278/1362 1886/281/1365 1887/282/1366
f 1883/278/1362 1887/282/1366 1884/279/1363
f 1885/280/1364 1888/283/1367 1886/281/1365
f 1888/283/1367 1889/284/1368 1886/281/1365
f 1888/283/1367 1890/285/1369 1889/284/1368
f 1890/285/1369 1891/286/1370 1889/284/1368
f 1891/286/1370 1892/287/1371 1889/284/1368
f 1893/288/1372 1892/287/1371 1891/286/1370
f 1894/289/1373 1893/288/1372 1891/286/1370
f 1890/285/1369 1894/289/1373 1891/286/1370
f 1894/289/1373 1895/290/1374 1893/288/1372
f 1895/290/1374 1896/291/1375 1893/288/1372
f 1897/292/1376 1893/288/1372 1896/291/1375
f 1897/292/1376 1896/291/1375 1898/293/1377
f 1895/290/1374 1899/294/1378 1896/291/1375
f 1899/294/1378 1900/295/1379 1896/291/1375
f 1900/295/1379 1898/293/1377 1896/291/1375
f 1899/294/1378 1901/296/1380 1900/295/1379
f 1901/296/1380 1902/297/1381 1900/295/1379
f 1903/298/1382 1892/287/1371 1893/288/1372
f 1903/298/1382 1893/288/1372 1897/292/1376
f 1898/293/1377 1900/295/1379 1904/299/1383
f 1900/295/1379 1902/297/1381 1905/300/1384
f 1904/299/1383 1900/295/1379 1905/300/1384
f 1902/297/1381 1906/301/1385 1905/300/1384
f 1907/302/1347 1906/301/1385 1902/297/1381
f 1901/296/1380 1907/302/1347 1902/297/1381
f 1908/303/1386 1907/302/1347 1901/296/1380
f 1909/304/1387 1908/303/1386 1901/296/1380
f 1909/304/1387 1901/296/1380 1899/294/1378
f 1908/303/1386 1909/304/1387 1910/305/1388
f 1911/306/1389 1908/303/1386 1910/305/1388
f 1910/305/1388 1909/304/1387 1912/307/1390
f 1912/307/1390 1909/304/1387 1899/294/1378
f 1913/308/1391 1910/305/1388 1912/307/1390
f 1913/308/1391 1912/307/1390 1914/309/1392
f 1915/310/1393 1913/308/1391 1914/309/1392
f 1915/310/1393 1914/309/1392 1916/311/1394
f 1914/309/1392 1917/312/1395 1916/311/1394
f 1914/309/1392 1912/307/1390 1895/290/1374
f 1912/307/1390 1899/294/1378 1895/290/1374
f 1914/309/1392 1895/290/1374 1894/289/1373
f 1917/312/1395 1914/309/1392 1894/289/1373
f 1917/312/1395 1894/289/1373 1890/285/1369
f 1918/313/1396 1917/312/1395 1890/285/1369
f 1916/311/1394 1917/312/1395 1918/313/1396
f 1919/314/1397 1916/311/1394 1918/313/1396
f 1919/314/1397 1918/313/1396 1920/315/1398
f 1918/313/1396 1890/285/1369 1888/283/1367
f 1921/316/1399 1918/313/1396 1888/283/1367
f 1918/313/1396 1921/316/1399 1920/315/1398
f 1921/316/1399 1888/283/1367 1885/280/1364
f 1922/317/1400 1921/316/1399 1885/280/1364
f 1923/318/1401 1921/316/1399 1922/317/1400
f 1920/315/1398 1921/316/1399 1923/318/1401
f 1922/317/1400 1885/280/1364 1882/277/1361
f 1924/319/1402 1922/317/1400 1882/277/1361
f 1924/319/1402 1882/277/1361 1880/275/1359
f 1925/320/1403 1924/319/1402 1880/275/1359
f 1925/320/1403 1880/275/1359 1877/272/1356
f 1926/321/1404 1925/320/1403 1877/272/1356
f 1926/321/1404 1927/322/1405 1925/320/1403
f 1926/321/1404 1928/323/1406 1927/322/1405
f 1928/323/1406 1929/324/1407 1927/322/1405
f 1930/325/1408 1929/324/1407 1928/323/1406
f 1931/326/1409 1930/325/1408 1928/323/1406
f 1932/327/1410 1930/325/1408 1931/326/1409
f 1933/328/1411 1932/327/1410 1931/326/1409
f 1934/329/1412 1932/327/1410 1933/328/1411
f 1935/330/1386 1934/329/1412 1933/328/1411
f 1926/321/1404 1877/272/1356 1875/270/1354
f 1928/323/1406 1926/321/1404 1875/270/1354
f 1928/323/1406 1875/270/1354 1931/326/1409
f 1875/270/1354 1876/271/1355 1931/326/1409
f 1931/326/1409 1876/271/1355 1865/260/1344
f 1933/328/1411 1931/326/1409 1865/260/1344
f 1933/328/1411 1865/260/1344 1868/261/1347
f 1935/330/1386 1933/328/1411 1868/261/1347
f 1927/322/1405 1936/331/1413 1925/320/1403
f 1936/331/1413 1937/332/1414 1925/320/1403
f 1925/320/1403 1937/332/1414 1924/319/1402
f 1937/332/1414 1938/333/1415 1924/319/1402
f 1924/319/1402 1938/333/1415 1922/317/1400
f 1938/333/1415 1939/334/1416 1922/317/1400
f 1939/334/1416 1923/318/1401 1922/317/1400
f 1940/335/1417 1941/338/1418 1942/337/1419
f 1943/336/1420 1940/335/1417 1942/337/1419
f 1941/338/1418 1944/339/1421 1942/337/1419
f 1941/338/1418 1940/335/1417 1945/337/1422
f 1941/338/1418 1945/337/1422 1944/339/1421
f 1940/335/1417 1946/336/1423 1945/337/1422
f 1942/337/1419 1944/339/1421 1947/340/1424
f 1943/336/1420 1942/337/1419 1947/340/1424
f 1947/340/1424 1944/339/1421 1948/341/1425
f 1944/339/1421 1949/342/1426 1948/341/1425
f 1950/343/1427 1949/342/1426 1944/339/1421
f 1950/343/1427 1944/339/1421 1951/342/1428
f 1951/342/1428 1944/339/1421 1952/344/1429
f 1944/339/1421 1953/340/1430 1952/344/1429
f 1946/336/1423 1953/340/1430 1945/337/1422
f 1945/337/1422 1953/340/1430 1944/339/1421
f 1954/282/1431 1955/345/1432 1956/279/1433
f 1956/279/1433 1955/345/1432 1957/346/1434
f 1958/347/1435 1955/345/1432 1954/282/1431
f 1958/347/1435 1959/348/1436 1955/345/1432
f 1959/348/1436 1960/287/1437 1955/345/1432
f 1960/287/1437 1961/349/1438 1955/345/1432
f 1957/346/1434 1955/345/1432 1962/350/1439
f 1955/345/1432 1961/349/1438 1962/350/1439
f 1963/351/1440 1964/354/1441 1965/353/1442
f 1966/352/1412 1963/351/1440 1965/353/1442
f 1963/351/1440 1966/352/1412 1967/355/1443
f 1966/352/1412 1968/356/1444 1967/355/1443
f 1964/354/1441 1963/351/1440 1969/357/1445
f 1963/351/1440 1967/355/1443 1969/357/1445
f 1969/357/1445 1970/358/1446 1964/354/1441
f 1969/357/1445 1971/359/1447 1970/358/1446
f 1972/360/1448 1970/358/1446 1971/359/1447
f 1964/354/1441 1970/358/1446 1972/360/1448
f 1965/353/1442 1964/354/1441 1972/360/1448
f 1973/361/1449 1972/360/1448 1971/359/1447
f 1973/361/1449 1971/359/1447 1974/362/1450
f 1971/359/1447 1975/363/1451 1974/362/1450
f 1969/357/1445 1975/363/1451 1971/359/1447
f 1969/357/1445 1976/364/1452 1975/363/1451
f 1975/363/1451 1976/364/1452 1974/362/1450
f 1969/357/1445 1977/365/1453 1976/364/1452
f 1969/357/1445 1967/355/1443 1978/366/1454
f 1967/355/1443 1968/356/1444 1978/366/1454
f 1969/357/1445 1978/366/1454 1979/367/1455
f 1979/367/1455 1978/366/1454 1980/368/1456
f 1978/366/1454 1981/369/1457 1980/368/1456
f 1968/356/1444 1981/369/1457 1978/366/1454
f 1980/368/1456 1982/370/1458 1979/367/1455
f 1982/370/1458 1983/371/1459 1979/367/1455
f 1969/357/1445 1979/367/1455 1983/371/1459
f 1969/357/1445 1983/371/1459 1984/372/1460
f 1969/357/1445 1984/372/1460 1977/365/1453
f 1983/371/1459 1982/370/1458 1984/372/1460
f 1982/370/1458 1985/373/1461 1984/372/1460
f 1984/372/1460 1985/373/1461 1986/374/1462
f 1984/372/1460 1986/374/1462 1987/375/1463
f 1987/375/1463 1986/374/1462 1985/373/1461
f 1977/365/1453 1984/372/1460 1987/375/1463
f 1977/365/1453 1987/375/1463 1976/364/1452
f 1976/364/1452 1987/375/1463 1988/376/1464
f 1988/376/1464 1987/375/1463 1989/377/1465
f 1989/377/1465 1987/375/1463 1985/373/1461
f 1989/377/1465 1985/373/1461 1990/378/1466
f 1991/379/1467 1989/377/1465 1990/378/1466
f 1992/380/1413 1988/376/1464 1989/377/1465
f 1992/380/1413 1989/377/1465 1993/381/1468
f 1993/381/1468 1989/377/1465 1994/382/1415
f 1991/379/1467 1995/383/1469 1989/377/1465
f 1994/382/1415 1989/377/1465 1995/383/1469
f 1988/376/1464 1992/380/1413 1976/364/1452
f 1976/364/1452 1992/380/1413 1974/362/1450
f 1996/349/1470 1903/298/1382 1997/384/1471
f 1892/287/1371 1903/298/1382 1996/349/1470
f 1998/350/1472 1996/349/1470 1997/384/1471
f 1998/350/1472 1997/384/1471 1999/346/1473
f 1997/384/1471 1879/274/1358 1999/346/1473
f 1999/346/1473 1879/274/1358 1884/279/1363
f 2000/348/1474 1889/284/1368 1892/287/1371
f 2000/348/1474 1886/281/1365 1889/284/1368
f 2001/347/1475 1886/281/1365 2000/348/1474
f 1887/282/1366 1886/281/1365 2001/347/1475
f 2002/24/1476 2003/27/1477 2004/26/1478
f 2005/25/1479 2002/24/1476 2004/26/1478
f 2004/26/1478 2003/27/1477 2006/28/1480
f 2007/29/1481 2004/26/1478 2006/28/1480
f 2003/27/1477 2008/30/1482 2006/28/1480
f 2003/27/1477 2002/24/1476 2008/30/1482
f 2002/24/1476 2009/31/1483 2008/30/1482
f 2005/25/1479 2010/32/1484 2002/24/1476
f 2010/32/1484 2011/33/1485 2002/24/1476
f 2002/24/1476 2011/33/1485 2009/31/1483
f 2012/34/1486 2011/33/1485 2010/32/1484
f 2013/35/1487 2011/33/1485 2012/34/1486
f 2014/36/1488 2011/33/1485 2013/35/1487
f 2011/33/1485 2014/36/1488 2009/31/1483
f 2014/36/1488 2013/35/1487 2015/37/1489
f 2016/38/1490 2014/36/1488 2015/37/1489
f 2015/37/1489 2017/39/1491 2016/38/1490
f 2014/36/1488 2016/38/1490 2018/40/1492
f 2009/31/1483 2014/36/1488 2018/40/1492
f 2019/41/1493 2018/40/1492 2016/38/1490
f 2017/39/1491 2019/41/1493 2016/38/1490
f 2006/28/1480 2020/42/1494 2007/29/1481
f 2021/43/1495 2019/41/1493 2017/39/1491
f 2021/43/1495 2022/44/1496 2019/41/1493
f 2019/41/1493 2022/44/1496 2023/45/1497
f 2023/45/1497 2024/46/1498 2019/41/1493
f 2023/45/1497 2022/44/1496 2025/47/1499
f 2023/45/1497 2025/47/1499 2026/48/1500
f 2024/46/1498 2023/45/1497 2026/48/1500
f 2026/48/1500 2025/47/1499 2027/49/1501
f 2027/49/1501 2020/42/1494 2028/50/1502
f 2028/50/1502 2026/48/1500 2027/49/1501
f 2028/50/1502 2020/42/1494 2006/28/1480
f 2006/28/1480 2029/51/1503 2028/50/1502
f 2024/46/1498 2026/48/1500 2029/51/1503
f 2029/51/1503 2026/48/1500 2028/50/1502
f 2030/52/1504 2018/40/1492 2019/41/1493
f 2024/46/1498 2030/52/1504 2019/41/1493
f 2024/46/1498 2029/51/1503 2008/30/1482
f 2030/52/1504 2024/46/1498 2008/30/1482
f 2008/30/1482 2029/51/1503 2006/28/1480
f 2009/31/1483 2018/40/1492 2030/52/1504
f 2008/30/1482 2009/31/1483 2030/52/1504
f 2031/53/1505 2032/35/1506 2033/34/1507
f 2034/54/1508 2031/53/1505 2033/34/1507
f 2032/35/1506 2031/53/1505 2035/55/1509
f 2036/37/1510 2032/35/1506 2035/55/1509
f 2036/37/1510 2035/55/1509 2037/39/1511
f 2035/55/1509 2038/56/1512 2037/39/1511
f 2033/34/1507 2039/32/1513 2034/54/1508
f 2039/32/1513 2040/57/1514 2034/54/1508
f 2039/32/1513 2041/25/1515 2040/57/1514
f 2041/25/1515 2042/58/1516 2040/57/1514
f 2041/25/1515 2043/26/1517 2042/58/1516
f 2043/26/1517 2044/59/1518 2042/58/1516
f 2043/26/1517 2045/29/1519 2044/59/1518
f 2045/29/1519 2046/60/1520 2044/59/1518
f 2046/60/1520 2045/29/1519 2047/42/1521
f 2048/61/1521 2046/60/1520 2047/42/1521
f 2037/39/1511 2038/56/1512 2049/62/1522
f 2050/43/1523 2037/39/1511 2049/62/1522
f 2050/43/1523 2049/62/1522 2051/44/1524
f 2049/62/1522 2052/63/1525 2051/44/1524
f 2051/44/1524 2052/63/1525 2053/47/1526
f 2052/63/1525 2054/64/1526 2053/47/1526
f 2055/66/1527 2056/65/1528 2057/67/1529
f 2055/66/1527 2057/67/1529 2058/68/1530
f 2059/69/1531 2056/65/1528 2055/66/1527
f 2060/70/1532 2056/65/1528 2059/69/1531
f 2061/71/1533 2056/65/1528 2060/70/1532
f 2062/72/1534 2061/71/1533 2060/70/1532
f 2063/73/1535 2062/72/1534 2060/70/1532
f 2064/74/1536 2055/66/1527 2058/68/1530
f 2065/75/1537 2064/74/1536 2058/68/1530
f 2065/75/1537 2058/68/1530 2066/76/1538
f 2067/77/1538 2065/75/1537 2066/76/1538
f 2068/78/1539 2069/49/1540 2070/47/1541
f 2071/64/1542 2068/78/1539 2070/47/1541
f 2072/42/1543 2069/49/1540 2068/78/1539
f 2073/61/1543 2072/42/1543 2068/78/1539
f 2074/2/1544 2075/1/1545 2076/3/1546
f 2075/1/1545 2074/2/1544 2077/4/1547
f 2075/1/1545 2078/5/1548 2076/3/1546
f 2075/1/1545 2079/6/1549 2078/5/1548
f 2079/6/1549 2080/7/1550 2078/5/1548
f 2081/8/1551 2080/7/1550 2079/6/1549
f 2080/7/1550 2082/9/1552 2078/5/1548
f 2078/5/1548 2082/9/1552 2076/3/1546
f 2080/7/1550 2081/8/1551 2082/9/1552
f 2083/10/1553 2081/8/1551 2079/6/1549
f 2084/11/1554 2083/10/1553 2079/6/1549
f 2077/4/1547 2085/12/1555 2075/1/1545
f 2086/13/1556 2085/12/1555 2077/4/1547
f 2087/14/1557 2085/12/1555 2086/13/1556
f 2075/1/1545 2085/12/1555 2087/14/1557
f 2079/6/1549 2075/1/1545 2087/14/1557
f 2087/14/1557 2084/11/1554 2079/6/1549
f 2088/15/1558 2087/14/1557 2086/13/1556
f 2088/15/1558 2084/11/1554 2087/14/1557
f 2089/17/1559 2090/16/1560 2091/18/1561
f 2091/18/1561 2090/16/1560 2092/19/1562
f 2092/19/1562 2090/16/1560 2093/10/1563
f 2090/16/1560 2094/20/1564 2093/10/1563
f 2095/21/1565 2094/20/1564 2090/16/1560
f 2095/21/1565 2090/16/1560 2089/17/1559
f 2096/22/1566 2093/10/1563 2094/20/1564
f 2097/23/1567 2096/22/1566 2094/20/1564
f 2098/8/1568 2093/10/1563 2096/22/1566
f 2099/524/1569 2100/525/1570 2101/526/1571
f 2099/524/1569 2101/526/1571 2102/527/1572
f 2099/524/1569 2102/527/1572 2103/528/1572
f 2102/527/1572 2104/529/1571 2103/528/1572
f 2103/528/1572 2104/529/1571 2105/530/1572
f 2106/531/1569 2103/528/1572 2105/530/1572
f 2106/531/1569 2105/530/1572 2107/532/1571
f 2106/531/1569 2107/532/1571 2108/533/1571
f 2109/527/1573 2110/534/1573 2111/529/1573
f 2111/529/1573 2110/534/1573 2112/530/1574
f 2113/535/1575 2114/536/1576 2115/537/1577
f 2113/535/1575 2115/537/1577 2116/538/1578
f 2117/539/1579 2113/535/1575 2116/538/1578
f 2117/539/1579 2116/538/1578 2118/540/1580
f 2116/538/1578 2119/541/1581 2118/540/1580
f 2114/536/1576 2120/542/1582 2115/537/1577
f 2119/541/1581 2121/543/1576 2118/540/1580
f 2119/541/1581 2122/544/1582 2121/543/1576
f 2123/545/1583 2124/546/1584 2125/547/1585
f 2125/547/1585 2124/546/1584 2126/534/1586
f 2125/547/1585 2126/534/1586 2127/526/1587
f 2126/534/1586 2128/527/1588 2127/526/1587
f 2129/548/1589 2125/547/1585 2127/526/1587
f 2129/548/1589 2123/545/1583 2125/547/1585
f 2124/546/1584 2130/549/1590 2126/534/1586
f 2124/546/1584 2131/550/1591 2130/549/1590
f 2124/546/1584 2123/545/1583 2131/550/1591
f 2129/548/1589 2127/526/1587 2132/525/1592
f 2133/551/1593 2134/549/1594 2135/550/1595
f 2133/551/1593 2136/534/1596 2134/549/1594
f 2133/551/1593 2137/552/1597 2136/534/1596
f 2137/552/1597 2133/551/1593 2138/553/1598
f 2138/553/1598 2133/551/1593 2135/550/1595
f 2137/552/1597 2139/532/1599 2136/534/1596
f 2139/532/1599 2140/530/1600 2136/534/1596
f 2139/532/1599 2137/552/1597 2141/554/1601
f 2137/552/1597 2138/553/1598 2141/554/1601
f 2139/532/1599 2141/554/1601 2142/533/1602
f 2143/525/1603 2144/524/1604 2145/526/1605
f 2145/526/1605 2144/524/1604 2146/527/1606
f 2146/527/1606 2144/524/1604 2147/528/1607
f 2148/529/1569 2146/527/1606 2147/528/1607
f 2148/529/1569 2147/528/1607 2149/530/1608
f 2147/528/1607 2150/531/1607 2149/530/1608
f 2149/530/1608 2150/531/1607 2151/532/1605
f 2151/532/1605 2150/531/1607 2152/533/1609
f 2153/534/1610 2154/527/1611 2155/529/1610
f 2153/534/1610 2155/529/1610 2156/530/1611
f 2157/536/1612 2158/535/1613 2159/537/1614
f 2159/537/1614 2158/535/1613 2160/538/1615
f 2158/535/1613 2161/539/1616 2160/538/1615
f 2160/538/1615 2161/539/1616 2162/540/1617
f 2163/541/1618 2160/538/1615 2162/540/1617
f 2164/542/1619 2157/536/1612 2159/537/1614
f 2165/543/1620 2163/541/1618 2162/540/1617
f 2166/544/1621 2163/541/1618 2165/543/1620
f 2167/546/1622 2168/545/1623 2169/547/1624
f 2167/546/1622 2169/547/1624 2170/534/1625
f 2170/534/1625 2169/547/1624 2171/526/1626
f 2172/527/1627 2170/534/1625 2171/526/1626
f 2169/547/1624 2173/548/1628 2171/526/1626
f 2168/545/1623 2173/548/1628 2169/547/1624
f 2174/549/1629 2167/546/1622 2170/534/1625
f 2175/550/1630 2167/546/1622 2174/549/1629
f 2168/545/1623 2167/546/1622 2175/550/1630
f 2171/526/1626 2173/548/1628 2176/525/1631
f 2177/549/1632 2178/551/1633 2179/550/1634
f 2180/534/1635 2178/551/1633 2177/549/1632
f 2181/552/1636 2178/551/1633 2180/534/1635
f 2178/551/1633 2181/552/1636 2182/553/1637
f 2178/551/1633 2182/553/1637 2179/550/1634
f 2183/532/1638 2181/552/1636 2180/534/1635
f 2184/530/1639 2183/532/1638 2180/534/1635
f 2181/552/1636 2183/532/1638 2185/554/1640
f 2182/553/1637 2181/552/1636 2185/554/1640
f 2185/554/1640 2183/532/1638 2186/533/1641
f 2187/525/1603 2188/524/1642 2189/526/1570
f 2189/526/1570 2188/524/1642 2190/527/1605
f 2190/527/1605 2188/524/1642 2191/528/1643
f 2192/529/1569 2190/527/1605 2191/528/1643
f 2192/529/1569 2191/528/1643 2193/530/1643
f 2191/528/1643 2194/531/1604 2193/530/1643
f 2193/530/1643 2194/531/1604 2195/532/1644
f 2195/532/1644 2194/531/1604 2196/533/1607
f 2197/534/1645 2198/527/1646 2199/529/1646
f 2197/534/1645 2199/529/1646 2200/530/1646
f 2201/536/1647 2202/535/1648 2203/537/1649
f 2203/537/1649 2202/535/1648 2204/538/1650
f 2202/535/1648 2205/539/1651 2204/538/1650
f 2204/538/1650 2205/539/1651 2206/540/1652
f 2207/541/1653 2204/538/1650 2206/540/1652
f 2208/542/1654 2201/536/1647 2203/537/1649
f 2209/543/1655 2207/541/1653 2206/540/1652
f 2210/544/1656 2207/541/1653 2209/543/1655
f 2211/546/1657 2212/545/1658 2213/547/1659
f 2211/546/1657 2213/547/1659 2214/534/1660
f 2214/534/1660 2213/547/1659 2215/526/1661
f 2216/527/1662 2214/534/1660 2215/526/1661
f 2213/547/1659 2217/548/1663 2215/526/1661
f 2212/545/1658 2217/548/1663 2213/547/1659
f 2218/549/1664 2211/546/1657 2214/534/1660
f 2219/550/1665 2211/546/1657 2218/549/1664
f 2212/545/1658 2211/546/1657 2219/550/1665
f 2215/526/1661 2217/548/1663 2220/525/1666
f 2221/549/1667 2222/551/1668 2223/550/1669
f 2224/534/1670 2222/551/1668 2221/549/1667
f 2225/552/1671 2222/551/1668 2224/534/1670
f 2222/551/1668 2225/552/1671 2226/553/1672
f 2222/551/1668 2226/553/1672 2223/550/1669
f 2227/532/1673 2225/552/1671 2224/534/1670
f 2228/530/1674 2227/532/1673 2224/534/1670
f 2225/552/1671 2227/532/1673 2229/554/1675
f 2226/553/1672 2225/552/1671 2229/554/1675
f 2229/554/1675 2227/532/1673 2230/533/1676
f 2231/525/1606 2232/524/1569 2233/526/1677
f 2233/526/1677 2232/524/1569 2234/527/1572
f 2234/527/1572 2232/524/1569 2235/528/1572
f 2236/529/1571 2234/527/1572 2235/528/1572
f 2236/529/1571 2235/528/1572 2237/530/1605
f 2235/528/1572 2238/531/1569 2237/530/1605
f 2237/530/1605 2238/531/1569 2239/532/1678
f 2239/532/1678 2238/531/1569 2240/533/1571
f 2241/534/1573 2242/527/1573 2243/529/1573
f 2241/534/1573 2243/529/1573 2244/530/1574
f 2245/536/1576 2246/535/1679 2247/537/1680
f 2247/537/1680 2246/535/1679 2248/538/1578
f 2246/535/1679 2249/539/1579 2248/538/1578
f 2248/538/1578 2249/539/1579 2250/540/1681
f 2251/541/1682 2248/538/1578 2250/540/1681
f 2252/542/1683 2245/536/1576 2247/537/1680
f 2253/543/1576 2251/541/1682 2250/540/1681
f 2254/544/1582 2251/541/1682 2253/543/1576
f 2255/546/1684 2256/545/1685 2257/547/1686
f 2255/546/1684 2257/547/1686 2258/534/1687
f 2258/534/1687 2257/547/1686 2259/526/1688
f 2260/527/1689 2258/534/1687 2259/526/1688
f 2257/547/1686 2261/548/1690 2259/526/1688
f 2256/545/1685 2261/548/1690 2257/547/1686
f 2262/549/1691 2255/546/1684 2258/534/1687
f 2263/550/1692 2255/546/1684 2262/549/1691
f 2256/545/1685 2255/546/1684 2263/550/1692
f 2259/526/1688 2261/548/1690 2264/525/1693
f 2265/549/1694 2266/551/1695 2267/550/1696
f 2268/534/1697 2266/551/1695 2265/549/1694
f 2269/552/1698 2266/551/1695 2268/534/1697
f 2266/551/1695 2269/552/1698 2270/553/1699
f 2266/551/1695 2270/553/1699 2267/550/1696
f 2271/532/1700 2269/552/1698 2268/534/1697
f 2272/530/1701 2271/532/1700 2268/534/1697
f 2269/552/1698 2271/532/1700 2273/554/1702
f 2270/553/1699 2269/552/1698 2273/554/1702
f 2273/554/1702 2271/532/1700 2274/533/1703
f 2275/524/1609 2276/525/1603 2277/526/1704
f 2275/524/1609 2277/526/1704 2278/527/1608
f 2275/524/1609 2278/527/1608 2279/528/1570
f 2278/527/1608 2280/529/1705 2279/528/1570
f 2279/528/1570 2280/529/1705 2281/530/1706
f 2282/531/1609 2279/528/1570 2281/530/1706
f 2282/531/1609 2281/530/1706 2283/532/1707
f 2282/531/1609 2283/532/1707 2284/533/1708
f 2285/527/1709 2286/534/1710 2287/529/1710
f 2287/529/1710 2286/534/1710 2288/530/1711
f 2289/535/1712 2290/536/1713 2291/537/1714
f 2289/535/1712 2291/537/1714 2292/538/1615
f 2293/539/1715 2289/535/1712 2292/538/1615
f 2293/539/1715 2292/538/1615 2294/540/1716
f 2292/538/1615 2295/541/1717 2294/540/1716
f 2290/536/1713 2296/542/1718 2291/537/1714
f 2295/541/1717 2297/543/1719 2294/540/1716
f 2295/541/1717 2298/544/1720 2297/543/1719
f 2299/545/1721 2300/546/1722 2301/547/1723
f 2301/547/1723 2300/546/1722 2302/534/1724
f 2301/547/1723 2302/534/1724 2303/526/1725
f 2302/534/1724 2304/527/1726 2303/526/1725
f 2305/548/1727 2301/547/1723 2303/526/1725
f 2305/548/1727 2299/545/1721 2301/547/1723
f 2300/546/1722 2306/549/1728 2302/534/1724
f 2300/546/1722 2307/550/1729 2306/549/1728
f 2300/546/1722 2299/545/1721 2307/550/1729
f 2305/548/1727 2303/526/1725 2308/525/1730
f 2309/551/1731 2310/549/1732 2311/550/1733
f 2309/551/1731 2312/534/1734 2310/549/1732
f 2309/551/1731 2313/552/1735 2312/534/1734
f 2313/552/1735 2309/551/1731 2314/553/1736
f 2314/553/1736 2309/551/1731 2311/550/1733
f 2313/552/1735 2315/532/1737 2312/534/1734
f 2315/532/1737 2316/530/1738 2312/534/1734
f 2315/532/1737 2313/552/1735 2317/554/1739
f 2313/552/1735 2314/553/1736 2317/554/1739
f 2315/532/1737 2317/554/1739 2318/533/1740
f 2319/525/1603 2320/524/1605 2321/526/1704
f 2321/526/1704 2320/524/1605 2322/527/1605
f 2322/527/1605 2320/524/1605 2323/528/1678
f 2324/529/1569 2322/527/1605 2323/528/1678
f 2324/529/1569 2323/528/1678 2325/530/1643
f 2323/528/1678 2326/531/1741 2325/530/1643
f 2325/530/1643 2326/531/1741 2327/532/1644
f 2327/532/1644 2326/531/1741 2328/533/1607
f 2329/534/1646 2330/527/1645 2331/529/1646
f 2329/534/1646 2331/529/1646 2332/530/1646
f 2333/536/1742 2334/535/1743 2335/537/1649
f 2335/537/1649 2334/535/1743 2336/538/1650
f 2334/535/1743 2337/539/1744 2336/538/1650
f 2336/538/1650 2337/539/1744 2338/540/1652
f 2339/541/1653 2336/538/1650 2338/540/1652
f 2340/542/1654 2333/536/1742 2335/537/1649
f 2341/543/1655 2339/541/1653 2338/540/1652
f 2342/544/1745 2339/541/1653 2341/543/1655
f 2343/546/1657 2344/545/1658 2345/547/1659
f 2343/546/1657 2345/547/1659 2346/534/1746
f 2346/534/1746 2345/547/1659 2347/526/1747
f 2348/527/1748 2346/534/1746 2347/526/1747
f 2345/547/1659 2349/548/1663 2347/526/1747
f 2344/545/1658 2349/548/1663 2345/547/1659
f 2350/549/1664 2343/546/1657 2346/534/1746
f 2351/550/1665 2343/546/1657 2350/549/1664
f 2344/545/1658 2343/546/1657 2351/550/1665
f 2347/526/1747 2349/548/1663 2352/525/1666
f 2353/549/1749 2354/551/1668 2355/550/1669
f 2356/534/1670 2354/551/1668 2353/549/1749
f 2357/552/1671 2354/551/1668 2356/534/1670
f 2354/551/1668 2357/552/1671 2358/553/1672
f 2354/551/1668 2358/553/1672 2355/550/1669
f 2359/532/1673 2357/552/1671 2356/534/1670
f 2360/530/1674 2359/532/1673 2356/534/1670
f 2357/552/1671 2359/532/1673 2361/554/1675
f 2358/553/1672 2357/552/1671 2361/554/1675
f 2361/554/1675 2359/532/1673 2362/533/1750
f 2363/555/1751 2364/556/1752 2365/557/1753
f 2363/555/1751 2365/557/1753 2366/558/1754
f 2365/557/1753 2367/559/1755 2366/558/1754
f 2365/557/1753 2368/560/1756 2367/559/1755
f 2368/560/1756 2369/561/1757 2367/559/1755
f 2367/559/1755 2369/561/1757 2370/562/1758
f 2371/563/1759 2367/559/1755 2370/562/1758
f 2372/564/1760 2366/558/1754 2367/559/1755
f 2371/563/1759 2372/564/1760 2367/559/1755
f 2371/563/1759 2373/565/1761 2372/564/1760
f 2374/566/1762 2368/560/1756 2365/557/1753
f 2364/556/1752 2374/566/1762 2365/557/1753
f 2364/556/1752 2375/567/1763 2374/566/1762
f 2376/568/1764 2375/567/1763 2364/556/1752
f 2377/569/1765 2376/568/1764 2364/556/1752
f 2363/555/1751 2377/569/1765 2364/556/1752
f 2377/569/1765 2378/570/1766 2376/568/1764
f 2377/569/1765 2379/571/1767 2378/570/1766
f 2377/569/1765 2363/555/1751 2379/571/1767
f 2363/555/1751 2380/572/1768 2379/571/1767
f 2381/573/1769 2380/572/1768 2363/555/1751
f 2373/565/1761 2371/563/1759 2382/574/1770
f 2371/563/1759 2370/562/1758 2382/574/1770
f 2383/575/1771 2384/576/1772 2381/573/1769
f 2383/575/1771 2366/558/1754 2372/564/1760
f 2383/575/1771 2381/573/1769 2366/558/1754
f 2381/573/1769 2363/555/1751 2366/558/1754
f 2385/577/1773 2386/578/1774 2387/579/1775
f 2387/579/1775 2386/578/1774 2388/580/1776
f 2387/579/1775 2388/580/1776 2389/581/1777
f 2389/581/1777 2390/582/1778 2387/579/1775
f 2390/582/1778 2391/583/1779 2387/579/1775
f 2392/584/1780 2390/582/1778 2389/581/1777
f 2393/585/1781 2392/584/1780 2389/581/1777
f 2387/579/1775 2391/583/1779 2394/586/1782
f 2385/577/1773 2387/579/1775 2394/586/1782
f 2388/580/1776 2395/587/1783 2389/581/1777
f 2393/585/1781 2389/581/1777 2395/587/1783
f 2396/588/1784 2393/585/1781 2395/587/1783
f 2390/582/1778 2392/584/1780 2397/589/1785
f 2398/590/1786 2390/582/1778 2397/589/1785
f 2391/583/1779 2390/582/1778 2398/590/1786
f 2399/591/1787 2391/583/1779 2398/590/1786
f 2398/590/1786 2397/589/1785 2400/592/1788
f 2399/591/1787 2398/590/1786 2401/593/1789
f 2398/590/1786 2400/592/1788 2401/593/1789
f 2402/594/1790 2399/591/1787 2401/593/1789
f 2399/591/1787 2402/594/1790 2403/595/1791
f 2399/591/1787 2403/595/1791 2404/596/1792
f 2391/583/1779 2399/591/1787 2404/596/1792
f 2391/583/1779 2404/596/1792 2394/586/1782
f 2396/588/1784 2395/587/1783 2405/597/1793
f 2388/580/1776 2405/597/1793 2395/587/1783
f 2406/598/1794 2396/588/1784 2405/597/1793
f 2385/577/1773 2394/586/1782 2407/599/1795
f 2408/600/1796 2409/601/1797 2410/602/1797
f 2408/600/1796 2410/602/1797 2411/603/1798
f 2412/604/1799 2408/600/1796 2411/603/1798
f 2412/604/1799 2411/603/1798 2413/605/1799
f 2413/605/1799 2414/606/1800 2412/604/1799
f 2414/606/1800 2415/607/1800 2412/604/1799
f 2415/607/1800 2414/606/1800 2416/608/1800
f 2417/556/1801 2418/555/1802 2419/557/1803
f 2419/557/1803 2418/555/1802 2420/558/1804
f 2421/559/1805 2419/557/1803 2420/558/1804
f 2422/560/1806 2419/557/1803 2421/559/1805
f 2423/561/1807 2422/560/1806 2421/559/1805
f 2423/561/1807 2421/559/1805 2424/562/1808
f 2421/559/1805 2425/563/1809 2424/562/1808
f 2426/564/1810 2425/563/1809 2421/559/1805
f 2420/558/1804 2426/564/1810 2421/559/1805
f 2427/565/1811 2425/563/1809 2426/564/1810
f 2418/555/1802 2428/573/1812 2420/558/1804
f 2428/573/1812 2429/575/1813 2420/558/1804
f 2420/558/1804 2429/575/1813 2426/564/1810
f 2430/566/1814 2417/556/1801 2419/557/1803
f 2422/560/1806 2430/566/1814 2419/557/1803
f 2425/563/1809 2427/565/1811 2431/574/1815
f 2424/562/1808 2425/563/1809 2431/574/1815
f 2432/569/1816 2418/555/1802 2417/556/1801
f 2418/555/1802 2432/569/1816 2433/571/1817
f 2434/572/1818 2418/555/1802 2433/571/1817
f 2435/576/1819 2429/575/1813 2428/573/1812
f 2434/572/1818 2428/573/1812 2418/555/1802
f 2436/609/1820 2437/610/1821 2438/611/1822
f 2436/609/1820 2438/611/1822 2439/612/1823
f 2439/612/1823 2438/611/1822 2440/613/1824
f 2441/614/1825 2440/613/1824 2438/611/1822
f 2442/615/1826 2441/614/1825 2438/611/1822
f 2441/614/1825 2443/616/1827 2440/613/1824
f 2443/616/1827 2444/617/1828 2440/613/1824
f 2445/618/1829 2439/612/1823 2440/613/1824
f 2440/613/1824 2444/617/1828 2445/618/1829
f 2444/617/1828 2446/619/1830 2445/618/1829
f 2443/616/1827 2441/614/1825 2447/620/1831
f 2441/614/1825 2448/621/1832 2447/620/1831
f 2441/614/1825 2442/615/1826 2448/621/1832
f 2442/615/1826 2449/622/1833 2448/621/1832
f 2450/623/1834 2447/620/1831 2448/621/1832
f 2449/622/1833 2442/615/1826 2451/624/1835
f 2451/624/1835 2442/615/1826 2452/625/1836
f 2453/626/1837 2449/622/1833 2451/624/1835
f 2454/627/1838 2449/622/1833 2453/626/1837
f 2455/628/1839 2439/612/1823 2445/618/1829
f 2445/618/1829 2446/619/1830 2455/628/1839
f 2446/619/1830 2456/629/1840 2455/628/1839
f 2454/627/1838 2457/630/1841 2449/622/1833
f 2457/630/1841 2450/623/1834 2448/621/1832
f 2449/622/1833 2457/630/1841 2448/621/1832
f 2442/615/1826 2438/611/1822 2452/625/1836
f 2438/611/1822 2437/610/1821 2452/625/1836
f 2452/625/1836 2437/610/1821 2458/631/1842
f 2459/627/1843 2460/626/1844 2461/622/1816
f 2462/630/1845 2459/627/1843 2461/622/1816
f 2463/621/1801 2462/630/1845 2461/622/1816
f 2464/623/1846 2462/630/1845 2463/621/1801
f 2464/623/1846 2463/621/1801 2465/620/1814
f 2466/606/1847 2467/607/1847 2468/608/1848
f 2469/604/1849 2467/607/1847 2466/606/1847
f 2470/605/1849 2469/604/1849 2466/606/1847
f 2471/603/1847 2469/604/1849 2470/605/1849
f 2472/600/1849 2469/604/1849 2471/603/1847
f 2473/602/1849 2472/600/1849 2471/603/1847
f 2474/601/1850 2472/600/1849 2473/602/1849
f 2475/632/1851 2476/633/1852 2477/634/1853
f 2475/632/1851 2478/635/1854 2476/633/1852
f 2476/633/1852 2478/635/1854 2479/636/1855
f 2476/633/1852 2479/636/1855 2480/637/1856
f 2481/638/1857 2476/633/1852 2480/637/1856
f 2476/633/1852 2481/638/1857 2482/639/1858
f 2476/633/1852 2482/639/1858 2477/634/1853
f 2483/640/1859 2477/634/1853 2482/639/1858
f 2483/640/1859 2482/639/1858 2484/641/1860
f 2485/642/1861 2475/632/1851 2477/634/1853
f 2475/632/1851 2486/643/1862 2478/635/1854
f 2487/644/1863 2478/635/1854 2486/643/1862
f 2487/644/1863 2488/645/1864 2478/635/1854
f 2487/644/1863 2486/643/1862 2489/646/1865
f 2486/643/1862 2490/647/1866 2489/646/1865
f 2487/644/1863 2491/648/1867 2488/645/1864
f 2491/648/1868 2492/644/1868 2489/646/1868
f 2491/648/1867 2493/649/1869 2488/645/1864
f 2494/650/1870 2478/635/1854 2488/645/1864
f 2495/651/1871 2494/650/1870 2488/645/1864
f 2496/652/1872 2494/650/1870 2495/651/1871
f 2496/652/1872 2495/651/1871 2497/653/1873
f 2498/654/1874 2496/652/1872 2497/653/1873
f 2498/654/1874 2497/653/1873 2499/655/1875
f 2499/655/1875 2497/653/1873 2500/656/1876
f 2499/655/1875 2500/656/1876 2501/657/1877
f 2499/655/1875 2501/657/1877 2502/658/1878
f 2503/659/1879 2498/654/1874 2499/655/1875
f 2504/660/1880 2503/659/1879 2499/655/1875
f 2496/652/1872 2498/654/1874 2505/661/1881
f 2505/661/1881 2498/654/1874 2503/659/1879
f 2496/652/1872 2505/661/1881 2506/662/1882
f 2496/652/1872 2506/662/1882 2507/663/1883
f 2508/664/1884 2507/663/1883 2506/662/1882
f 2508/664/1884 2506/662/1882 2505/661/1881
f 2504/660/1880 2509/665/1885 2508/664/1884
f 2510/666/1886 2508/664/1884 2505/661/1881
f 2504/660/1880 2508/664/1884 2510/666/1886
f 2510/666/1886 2505/661/1881 2503/659/1879
f 2504/660/1880 2510/666/1886 2503/659/1879
f 2496/652/1872 2507/663/1883 2511/667/1887
f 2496/652/1872 2511/667/1887 2494/650/1870
f 2512/668/1888 2494/650/1870 2511/667/1887
f 2512/668/1888 2478/635/1854 2494/650/1870
f 2512/668/1888 2479/636/1855 2478/635/1854
f 2513/669/1889 2514/670/1890 2515/671/1891
f 2513/669/1889 2515/671/1891 2516/672/1892
f 2515/671/1891 2517/641/1893 2516/672/1892
f 2513/669/1889 2516/672/1892 2518/673/1894
f 2519/674/1895 2513/669/1889 2518/673/1894
f 2513/669/1889 2519/674/1895 2514/670/1890
f 2516/672/1892 2520/675/1896 2518/673/1894
f 2521/676/1897 2518/673/1894 2520/675/1896
f 2518/673/1894 2521/676/1897 2522/675/1898
f 2523/669/1899 2519/674/1895 2518/673/1894
f 2514/670/1890 2519/674/1895 2523/669/1899
f 2514/670/1890 2523/669/1899 2524/671/1900
f 2522/675/1898 2525/672/1901 2518/673/1894
f 2524/671/1900 2523/669/1899 2525/672/1901
f 2525/672/1901 2523/669/1899 2518/673/1894
f 2526/641/1902 2524/671/1900 2525/672/1901
f 2527/677/1903 2524/671/1900 2526/641/1902
f 2527/677/1903 2526/641/1902 2528/640/1904
f 2528/640/1904 2529/678/1905 2527/677/1903
f 2527/677/1903 2530/679/1906 2524/671/1900
f 2524/671/1900 2530/679/1906 2531/680/1907
f 2514/670/1890 2524/671/1900 2531/680/1907
f 2515/671/1891 2514/670/1890 2531/680/1907
f 2532/679/1908 2515/671/1891 2531/680/1907
f 2515/671/1891 2532/679/1908 2533/677/1909
f 2517/641/1893 2515/671/1891 2533/677/1909
f 2517/641/1893 2533/677/1909 2534/640/1910
f 2533/677/1909 2535/678/1911 2534/640/1910
f 2536/681/1912 2537/682/1913 2538/683/1914
f 2537/682/1913 2539/684/1915 2538/683/1914
f 2539/684/1915 2540/685/1916 2538/683/1914
f 2541/686/1917 2538/683/1914 2540/685/1916
f 2538/683/1914 2541/686/1917 2542/687/1918
f 2538/683/1914 2542/687/1918 2536/681/1912
f 2541/686/1917 2540/685/1916 2543/688/1919
f 2540/685/1916 2539/684/1915 2543/688/1919
f 2541/686/1917 2543/688/1919 2544/689/1920
f 2545/690/1921 2544/689/1920 2543/688/1919
f 2545/690/1921 2543/688/1919 2546/691/1922
f 2545/690/1921 2546/691/1922 2547/692/1923
f 2545/690/1921 2547/692/1923 2548/693/1924
f 2547/692/1923 2546/691/1922 2549/694/1925
f 2550/695/1926 2547/692/1923 2549/694/1925
f 2547/692/1923 2551/696/1927 2548/693/1924
f 2551/696/1927 2547/692/1923 2550/695/1926
f 2546/691/1922 2543/688/1919 2552/697/1928
f 2549/694/1925 2546/691/1922 2552/697/1928
f 2539/684/1915 2552/697/1928 2543/688/1919
f 2544/689/1920 2553/698/1929 2541/686/1917
f 2545/690/1921 2553/698/1929 2544/689/1920
f 2545/690/1921 2554/699/1930 2553/698/1929
f 2545/690/1921 2555/700/1931 2554/699/1930
f 2545/690/1921 2548/693/1924 2555/700/1931
f 2553/698/1929 2556/701/1932 2541/686/1917
f 2557/702/1933 2541/686/1917 2556/701/1932
f 2556/701/1932 2558/703/1934 2557/702/1933
f 2559/704/1935 2554/699/1930 2555/700/1931
f 2560/705/1936 2558/703/1934 2556/701/1932
f 2560/705/1936 2556/701/1932 2553/698/1929
f 2560/705/1936 2553/698/1929 2561/706/1937
f 2553/698/1929 2562/707/1938 2561/706/1937
f 2553/698/1929 2554/699/1930 2562/707/1938
f 2554/699/1930 2559/704/1935 2562/707/1938
f 2561/706/1937 2562/707/1938 2563/708/1939
f 2563/708/1939 2562/707/1938 2559/704/1935
f 2564/709/1940 2563/708/1939 2559/704/1935
f 2555/700/1931 2564/709/1940 2559/704/1935
f 2565/710/1941 2563/708/1939 2564/709/1940
f 2565/710/1941 2561/706/1937 2563/708/1939
f 2561/706/1937 2566/711/1942 2560/705/1936
f 2558/703/1934 2560/705/1936 2566/711/1942
f 2561/706/1937 2565/710/1941 2566/711/1942
f 2565/710/1941 2567/712/1943 2566/711/1942
f 2567/712/1943 2558/703/1934 2566/711/1942
f 2557/702/1933 2558/703/1934 2567/712/1943
f 2557/702/1933 2567/712/1943 2568/713/1944
f 2565/710/1941 2568/713/1944 2567/712/1943
f 2565/710/1941 2564/709/1940 2569/714/1945
f 2555/700/1931 2569/714/1945 2564/709/1940
f 2555/700/1931 2570/715/1946 2569/714/1945
f 2571/716/1947 2569/714/1945 2570/715/1946
f 2565/710/1941 2569/714/1945 2571/716/1947
f 2572/717/1948 2565/710/1941 2571/716/1947
f 2572/717/1948 2571/716/1947 2573/718/1949
f 2573/718/1949 2571/716/1947 2570/715/1946
f 2573/718/1949 2570/715/1946 2574/719/1950
f 2573/718/1949 2574/719/1950 2575/720/1951
f 2572/717/1948 2573/718/1949 2575/720/1951
f 2574/719/1950 2576/721/1952 2575/720/1951
f 2575/720/1951 2576/721/1952 2577/722/1953
f 2578/723/1954 2575/720/1951 2577/722/1953
f 2572/717/1948 2575/720/1951 2578/723/1954
f 2578/723/1954 2577/722/1953 2579/724/1955
f 2572/717/1948 2578/723/1954 2580/725/1956
f 2565/710/1941 2572/717/1948 2580/725/1956
f 2565/710/1941 2580/725/1956 2568/713/1944
f 2579/724/1955 2580/725/1956 2578/723/1954
f 2579/724/1955 2568/713/1944 2580/725/1956
f 2557/702/1933 2568/713/1944 2579/724/1955
f 2557/702/1933 2542/687/1918 2541/686/1917
f 2581/726/1957 2582/727/1958 2583/728/1959
f 2582/727/1958 2584/729/1960 2583/728/1959
f 2585/730/1961 2583/728/1959 2584/729/1960
f 2586/731/1962 2581/726/1957 2583/728/1959
f 2586/731/1962 2587/732/1963 2581/726/1957
f 2581/726/1957 2588/733/1964 2582/727/1958
f 2581/726/1957 2589/734/1965 2588/733/1964
f 2589/734/1965 2590/735/1966 2588/733/1964
f 2585/730/1961 2584/729/1960 2591/736/1967
f 2585/730/1961 2591/736/1967 2592/737/1968
f 2591/736/1967 2593/738/1969 2592/737/1968
f 2594/739/1970 2585/730/1961 2592/737/1968
f 2594/739/1970 2592/737/1968 2595/740/1971
f 2592/737/1968 2596/741/1972 2595/740/1971
f 2587/732/1973 2597/734/1973 2598/726/1973
f 2484/641/1860 2599/742/1974 2600/672/1975
f 2600/672/1975 2599/742/1974 2601/675/1976
f 2601/675/1976 2599/742/1974 2602/743/1977
f 2601/675/1976 2602/743/1977 2603/676/1978
f 2484/641/1860 2604/744/1979 2599/742/1974
f 2602/743/1977 2605/745/1980 2603/676/1978
f 2602/743/1977 2606/746/1981 2605/745/1980
f 2605/745/1980 2607/743/1982 2603/676/1978
f 2605/745/1980 2608/746/1983 2607/743/1982
f 2607/743/1982 2609/675/1984 2603/676/1978
f 2610/742/1985 2609/675/1984 2607/743/1982
f 2610/742/1985 2611/672/1975 2609/675/1984
f 2610/742/1985 2612/641/1986 2611/672/1975
f 2610/742/1985 2613/744/1979 2612/641/1986
f 2614/747/1987 2608/746/1983 2605/745/1980
f 2606/746/1981 2614/747/1987 2605/745/1980
f 2606/746/1981 2615/748/1988 2614/747/1987
f 2614/747/1987 2616/748/1989 2608/746/1983
f 2615/748/1988 2617/749/1990 2614/747/1987
f 2614/747/1987 2617/749/1990 2616/748/1989
f 2612/641/1986 2613/744/1979 2618/750/1991
f 2612/641/1986 2618/750/1991 2619/639/1992
f 2619/639/1992 2620/640/1993 2612/641/1986
f 2619/639/1992 2621/634/1994 2620/640/1993
f 2619/639/1992 2622/633/1995 2621/634/1994
f 2619/639/1992 2623/638/1996 2622/633/1995
f 2618/750/1991 2623/638/1996 2619/639/1992
f 2622/633/1995 2623/638/1996 2624/637/1856
f 2625/636/1997 2622/633/1995 2624/637/1856
f 2626/635/1998 2622/633/1995 2625/636/1997
f 2627/632/1999 2621/634/1994 2622/633/1995
f 2626/635/1998 2627/632/1999 2622/633/1995
f 2627/632/1999 2628/642/2000 2621/634/1994
f 2626/635/1998 2629/643/2001 2627/632/1999
f 2629/643/2001 2626/635/1998 2630/644/2002
f 2631/645/2003 2630/644/2002 2626/635/1998
f 2632/648/2004 2630/644/2002 2631/645/2003
f 2629/643/2001 2630/644/2002 2633/646/2005
f 2634/647/2006 2629/643/2001 2633/646/2005
f 2635/644/2004 2632/648/2004 2633/646/2007
f 2636/649/2008 2632/648/2004 2631/645/2003
f 2626/635/1998 2637/650/2009 2631/645/2003
f 2637/650/2009 2638/651/2010 2631/645/2003
f 2638/651/2010 2637/650/2009 2639/652/2011
f 2637/650/2009 2640/667/2012 2639/652/2011
f 2637/650/2009 2641/668/2013 2640/667/2012
f 2637/650/2009 2626/635/1998 2641/668/2013
f 2638/651/2010 2639/652/2011 2642/653/2014
f 2639/652/2011 2640/667/2012 2643/663/2015
f 2639/652/2011 2644/654/2016 2642/653/2014
f 2644/654/2016 2645/659/2017 2642/653/2014
f 2645/659/2017 2644/654/2016 2646/666/2018
f 2644/654/2016 2647/661/2019 2646/666/2018
f 2644/654/2016 2639/652/2011 2647/661/2019
f 2646/666/2018 2647/661/2019 2648/664/2020
f 2647/661/2019 2649/662/2021 2648/664/2020
f 2649/662/2021 2647/661/2019 2639/652/2011
f 2649/662/2021 2643/663/2015 2648/664/2020
f 2649/662/2021 2639/652/2011 2643/663/2015
f 2645/659/2017 2650/655/2022 2642/653/2014
f 2642/653/2014 2650/655/2022 2651/656/2023
f 2651/656/2023 2650/655/2022 2652/657/2024
f 2652/657/2024 2650/655/2022 2653/658/2025
f 2645/659/2017 2654/660/2026 2650/655/2022
f 2646/666/2018 2648/664/2020 2654/660/2026
f 2645/659/2017 2646/666/2018 2654/660/2026
f 2648/664/2020 2655/665/2027 2654/660/2026
f 2626/635/1998 2625/636/1997 2641/668/2013
f 2656/751/2028 2657/752/2029 2658/753/2030
f 2656/751/2028 2658/753/2030 2659/754/2031
f 2658/753/2030 2657/752/2029 2660/755/2032
f 2658/753/2030 2660/755/2032 2661/756/2033
f 2662/757/2034 2658/753/2030 2661/756/2033
f 2663/751/2035 2664/758/2036 2657/752/2037
f 2663/751/2035 2665/759/2038 2664/758/2036
f 2663/751/2035 2666/760/2039 2665/759/2038
f 2667/700/2040 2668/761/2041 2662/757/2034
f 2669/762/2042 2667/700/2040 2662/757/2034
f 2667/700/2040 2670/763/2043 2668/761/2041
f 2671/756/2044 2669/762/2042 2662/757/2034
f 2671/756/2044 2672/764/2045 2669/762/2042
f 2673/765/2046 2670/763/2043 2667/700/2040
f 2674/766/2047 2673/765/2046 2667/700/2040
f 2675/693/2048 2674/766/2047 2667/700/2040
f 2676/715/2049 2677/762/2050 2678/764/2051
f 2679/719/2052 2676/715/2049 2678/764/2051
f 2679/719/2052 2678/764/2051 2680/756/2053
f 2676/715/2049 2681/700/2054 2677/762/2050
f 2682/721/2055 2679/719/2052 2680/756/2053
f 2683/767/2056 2682/721/2055 2680/756/2053
f 2684/722/2057 2682/721/2055 2683/767/2056
f 2683/767/2056 2680/756/2053 2685/768/2055
f 2680/756/2053 2686/755/2055 2685/768/2055
f 2687/769/2058 2684/722/2057 2683/767/2056
f 2687/769/2058 2688/724/2059 2684/722/2057
f 2687/769/2058 2689/770/2060 2688/724/2059
f 2689/770/2060 2690/702/2061 2688/724/2059
f 2691/768/2062 2692/755/2063 2693/771/2064
f 2692/755/2063 2694/752/2065 2693/771/2064
f 2691/768/2062 2693/771/2064 2695/772/2066
f 2696/773/2067 2697/774/2068 2698/775/2069
f 2696/773/2067 2698/775/2069 2699/748/2070
f 2698/775/2069 2700/749/2071 2699/748/2070
f 2701/771/2072 2702/752/2073 2703/758/2073
f 2701/771/2072 2703/758/2073 2704/776/2073
f 2705/772/2073 2701/771/2072 2704/776/2073
f 2706/777/2074 2707/687/2075 2708/702/2076
f 2709/778/2077 2706/777/2074 2708/702/2076
f 2710/770/2078 2709/778/2077 2708/702/2076
f 2710/770/2078 2711/779/2079 2709/778/2077
f 2712/767/2080 2711/779/2079 2710/770/2078
f 2712/767/2080 2710/770/2078 2713/769/2081
f 2714/780/2082 2715/781/2083 2716/782/2084
f 2714/780/2082 2716/782/2084 2717/783/2085
f 2717/783/2085 2716/782/2084 2718/784/2086
f 2719/785/2087 2717/783/2085 2718/784/2086
f 2719/785/2087 2720/786/2088 2717/783/2085
f 2720/786/2088 2714/780/2082 2717/783/2085
f 2719/785/2087 2718/784/2086 2721/787/2089
f 2722/788/2090 2719/785/2087 2721/787/2089
f 2719/785/2087 2722/788/2090 2720/786/2088
f 2721/787/2089 2723/789/2091 2722/788/2090
f 2724/790/2092 2722/788/2090 2723/789/2091
f 2722/788/2090 2724/790/2092 2720/786/2088
f 2724/790/2092 2723/789/2091 2725/791/2093
f 2726/792/2094 2727/767/2095 2728/768/2096
f 2726/792/2094 2729/779/2097 2727/767/2095
f 2726/792/2094 2728/768/2096 2730/772/2098
f 2726/792/2094 2730/772/2098 2731/793/2099
f 2730/772/2098 2732/794/2100 2731/793/2099
f 2733/795/2101 2731/793/2099 2732/794/2100
f 2734/796/2102 2733/795/2101 2732/794/2100
f 2735/797/2103 2736/798/2104 2737/799/2105
f 2738/800/2103 2735/797/2103 2737/799/2105
f 2738/800/2103 2739/801/2106 2735/797/2103
f 2739/801/2106 2740/802/2107 2735/797/2103
f 2739/801/2106 2741/803/2108 2740/802/2107
f 2742/804/2109 2743/805/2109 2744/806/2109
f 2745/807/2109 2742/804/2109 2744/806/2109
f 2746/808/2110 2747/809/2110 2748/810/2110
f 2749/811/2110 2746/808/2110 2748/810/2110
f 2750/812/2110 2747/809/2110 2746/808/2110
f 2751/813/2111 2750/812/2110 2746/808/2110
f 2749/811/2110 2748/810/2110 2752/814/2112
f 2748/810/2110 2753/815/2110 2752/814/2112
f 2752/814/2112 2753/815/2110 2754/816/2110
f 2753/815/2110 2755/817/2110 2754/816/2110
f 2754/816/2110 2755/817/2110 2756/818/2112
f 2755/817/2110 2757/819/2113 2756/818/2112
f 2757/819/2113 2750/812/2110 2751/813/2111
f 2756/818/2112 2757/819/2113 2751/813/2111
f 2758/800/2114 2759/799/2114 2760/759/2115
f 2761/760/2116 2758/800/2114 2760/759/2115
f 2762/820/2117 2763/821/2118 2764/822/2119
f 2765/823/2103 2762/820/2117 2764/822/2119
f 2762/820/2117 2766/824/2103 2763/821/2118
f 2762/820/2117 2767/825/2120 2766/824/2103
f 2766/824/2103 2768/826/2103 2763/821/2118
f 2766/824/2103 2769/827/2103 2768/826/2103
f 2769/827/2103 2770/828/2103 2768/826/2103
f 2770/828/2103 2769/827/2103 2771/829/2103
f 2769/827/2103 2772/830/2103 2771/829/2103
f 2769/827/2103 2773/831/2121 2772/830/2103
f 2763/821/2118 2774/820/2120 2764/822/2119
f 2774/820/2120 2775/823/2103 2764/822/2119
f 2770/828/2103 2776/827/2103 2768/826/2103
f 2776/827/2103 2770/828/2103 2771/829/2103
f 2776/827/2103 2777/824/2103 2768/826/2103
f 2768/826/2103 2777/824/2103 2763/821/2118
f 2777/824/2103 2774/820/2120 2763/821/2118
f 2778/825/2117 2774/820/2120 2777/824/2103
f 2779/830/2103 2776/827/2103 2771/829/2103
f 2773/831/2121 2780/832/2103 2772/830/2103
f 2781/833/1582 2780/832/2103 2773/831/2121
f 2782/834/1576 2781/833/1582 2773/831/2121
f 2779/830/2103 2783/831/2122 2776/827/2103
f 2779/830/2103 2784/832/2103 2783/831/2122
f 2784/832/2103 2785/833/1582 2783/831/2122
f 2785/833/1582 2786/834/1582 2783/831/2122
f 2781/833/2105 2787/835/2123 2788/832/2124
f 2787/835/2123 2789/836/2125 2788/832/2124
f 2789/836/2125 2790/837/2126 2788/832/2124
f 2790/837/2126 2789/836/2125 2791/838/2127
f 2790/837/2126 2791/838/2127 2792/839/2128
f 2793/835/2129 2785/833/2130 2794/832/2131
f 2795/836/2132 2793/835/2129 2794/832/2131
f 2796/837/2133 2795/836/2132 2794/832/2131
f 2797/838/2134 2795/836/2132 2796/837/2133
f 2797/838/2134 2796/837/2133 2798/839/2135
f 2799/840/2136 2800/805/2137 2801/804/2136
f 2802/841/2136 2799/840/2136 2801/804/2136
f 2803/842/1677 2804/843/2138 2805/844/1569
f 2806/845/1571 2805/844/1569 2804/843/2138
f 2806/845/1571 2804/843/2138 2807/846/1571
f 2804/843/2138 2808/847/1571 2807/846/1571
f 2808/847/1571 2809/843/1571 2807/846/1571
f 2809/843/1571 2810/845/1571 2807/846/1571
f 2809/843/1571 2811/844/1569 2810/845/1571
f 2809/843/1571 2812/842/1677 2811/844/1569
f 2813/607/2139 2814/608/2139 2815/848/2139
f 2813/607/2139 2815/848/2139 2816/604/2139
f 2815/848/2139 2817/849/2139 2816/604/2139
f 2817/849/2139 2818/850/2139 2816/604/2139
f 2818/850/2139 2819/600/2139 2816/604/2139
f 2818/850/2139 2820/851/2139 2819/600/2139
f 2820/851/2139 2821/601/2139 2819/600/2139
f 2822/852/2140 2823/853/2141 2824/736/2142
f 2825/729/2143 2822/852/2140 2824/736/2142
f 2822/852/2140 2825/729/2143 2826/727/2144
f 2822/852/2140 2826/727/2144 2827/833/2145
f 2826/727/2144 2828/835/2146 2827/833/2145
f 2822/852/2140 2829/834/2147 2823/853/2141
f 2822/852/2140 2827/833/2145 2829/834/2147
f 2829/834/2147 2830/854/2148 2823/853/2141
f 2831/836/2149 2828/835/2146 2826/727/2144
f 2831/836/2149 2826/727/2144 2832/733/2150
f 2831/836/2149 2832/733/2150 2833/838/2151
f 2832/733/2150 2834/735/2152 2833/838/2151
f 2835/853/2153 2836/855/2154 2837/738/2155
f 2838/736/2156 2835/853/2153 2837/738/2155
f 2836/855/2154 2835/853/2153 2839/854/2157
f 2840/856/2158 2841/857/2159 2842/858/2160
f 2843/859/2161 2840/856/2158 2842/858/2160
f 2843/859/2161 2842/858/2160 2844/860/2162
f 2843/859/2161 2844/860/2162 2845/861/2157
f 2844/860/2162 2846/862/2163 2845/861/2157
f 2847/863/2164 2845/861/2157 2846/862/2163
f 2848/864/1606 2849/865/1571 2850/866/2165
f 2851/867/2166 2848/864/1606 2850/866/2165
f 2849/865/1571 2852/868/1603 2850/866/2165
f 2853/869/2167 2851/867/2166 2850/866/2165
f 2853/869/2167 2850/866/2165 2854/870/2168
f 2853/869/2167 2855/871/2169 2851/867/2166
f 2853/869/2167 2856/841/2170 2855/871/2169
f 2853/869/2167 2857/840/2171 2856/841/2170
f 2858/872/2172 2859/873/2173 2860/874/2174
f 2858/872/2172 2861/875/2175 2859/873/2173
f 2862/844/2176 2863/876/2176 2864/877/2176
f 2865/842/2176 2862/844/2176 2864/877/2176
f 2866/878/2121 2867/879/2103 2868/880/2103
f 2869/881/2103 2866/878/2121 2868/880/2103
f 2866/878/2121 2870/882/2122 2867/879/2103
f 2870/882/2122 2866/878/2121 2871/883/2177
f 2872/884/2178 2873/885/2179 2874/886/2180
f 2875/887/2181 2872/884/2178 2874/886/2180
f 2876/888/2182 2877/889/2183 2878/890/2184
f 2877/889/2183 2879/891/2185 2878/890/2184
f 2880/892/2186 2881/893/2187 2882/888/2188
f 2881/893/2187 2883/889/2189 2882/888/2188
f 2884/890/2190 2885/891/2191 2886/894/2192
f 2884/890/2190 2886/894/2192 2887/895/2193
f 2888/854/2194 2889/881/2195 2890/880/2196
f 2888/854/2194 2890/880/2196 2891/896/2196
f 2888/854/2194 2892/834/2197 2889/881/2195
f 2893/878/2198 2894/881/2198 2895/834/2199
f 2896/831/2198 2893/878/2198 2895/834/2199
f 2897/879/2200 2898/882/2201 2899/824/2202
f 2900/825/2200 2897/879/2200 2899/824/2202
f 2901/880/2203 2902/879/2204 2903/825/2204
f 2904/896/2203 2901/880/2203 2903/825/2204
f 2905/882/2205 2906/883/2206 2907/827/2206
f 2908/824/2205 2905/882/2205 2907/827/2206
f 2909/883/2207 2910/878/2207 2911/831/2207
f 2912/827/2207 2909/883/2207 2911/831/2207
f 2913/798/2208 2914/797/2209 2915/897/2210
f 2916/898/2210 2913/798/2208 2915/897/2210
f 2917/802/2211 2918/899/2212 2919/897/2213
f 2917/802/2211 2919/897/2213 2920/797/2214
f 2921/900/2215 2922/901/2216 2923/902/2217
f 2924/903/2218 2921/900/2215 2923/902/2217
f 2924/903/2218 2923/902/2217 2925/904/2219
f 2924/903/2218 2926/905/2220 2921/900/2215
f 2924/903/2218 2927/906/2221 2926/905/2220
f 2928/907/2222 2929/908/2223 2930/909/2224
f 2930/909/2224 2929/908/2223 2931/910/2225
f 2932/911/2226 2928/907/2222 2930/909/2224
f 2932/911/2226 2930/909/2224 2933/912/2227
f 2934/913/2228 2933/912/2227 2930/909/2224
f 2934/913/2228 2930/909/2224 2931/910/2225
f 2934/913/2228 2931/910/2225 2935/914/2229
f 2932/911/2226 2933/912/2227 2552/697/1928
f 2539/684/1915 2932/911/2226 2552/697/1928
f 2936/915/2230 2932/911/2226 2539/684/1915
f 2932/911/2226 2936/915/2230 2928/907/2222
f 2537/682/1913 2936/915/2230 2539/684/1915
f 2536/681/1912 2936/915/2230 2537/682/1913
f 2936/915/2230 2536/681/1912 2928/907/2222
f 2549/694/1925 2552/697/1928 2933/912/2227
f 2934/913/2228 2549/694/1925 2933/912/2227
f 2550/695/1926 2549/694/1925 2934/913/2228
f 2935/914/2229 2550/695/1926 2934/913/2228
f 2551/696/1927 2550/695/1926 2935/914/2229
f 2931/910/2225 2551/696/1927 2935/914/2229
f 2937/776/2231 2938/916/2232 2939/794/2233
f 2940/772/2231 2937/776/2231 2939/794/2233
f 2941/917/2234 2942/818/2235 2943/813/2236
f 2944/918/2237 2941/917/2234 2943/813/2236
f 2945/816/2238 2942/818/2235 2941/917/2234
f 2946/919/2239 2945/816/2238 2941/917/2234
f 2947/814/2240 2945/816/2238 2946/919/2239
f 2948/920/2241 2947/814/2240 2946/919/2239
f 2949/811/2242 2947/814/2240 2948/920/2241
f 2950/921/2243 2949/811/2242 2948/920/2241
f 2951/808/2244 2949/811/2242 2950/921/2243
f 2952/922/2245 2951/808/2244 2950/921/2243
f 2943/813/2236 2951/808/2244 2952/922/2245
f 2944/918/2237 2943/813/2236 2952/922/2245
f 2944/918/2237 2952/922/2245 2953/923/2110
f 2941/917/2234 2944/918/2237 2953/923/2110
f 2946/919/2239 2941/917/2234 2953/923/2110
f 2948/920/2241 2946/919/2239 2953/923/2110
f 2950/921/2243 2948/920/2241 2953/923/2110
f 2950/921/2243 2953/923/2110 2952/922/2245
f 2954/681/2246 2955/687/2247 2956/683/2248
f 2957/686/2249 2956/683/2248 2955/687/2247
f 2957/686/2249 2955/687/2247 2958/702/2250
f 2956/683/2248 2957/686/2249 2959/685/2251
f 2959/685/2251 2957/686/2249 2960/688/2252
f 2960/688/2252 2957/686/2249 2961/689/2253
f 2961/689/2253 2962/690/2254 2960/688/2252
f 2963/698/2255 2962/690/2254 2961/689/2253
f 2963/698/2255 2961/689/2253 2957/686/2249
f 2960/688/2252 2962/690/2254 2964/691/2256
f 2964/691/2256 2962/690/2254 2965/692/2257
f 2965/692/2257 2962/690/2254 2966/693/2258
f 2967/700/2259 2966/693/2258 2962/690/2254
f 2968/701/1930 2963/698/2255 2957/686/2249
f 2957/686/2249 2958/702/2250 2968/701/1930
f 2969/703/2260 2968/701/1930 2958/702/2250
f 2968/701/1930 2970/705/2261 2963/698/2255
f 2968/701/1930 2969/703/2260 2970/705/2261
f 2963/698/2255 2970/705/2261 2971/706/2262
f 2972/707/2263 2963/698/2255 2971/706/2262
f 2973/708/2264 2972/707/2263 2971/706/2262
f 2974/711/2265 2971/706/2262 2970/705/2261
f 2974/711/2265 2970/705/2261 2969/703/2260
f 2975/712/2266 2974/711/2265 2969/703/2260
f 2976/704/2267 2972/707/2263 2973/708/2264
f 2977/699/1932 2976/704/2267 2967/700/2259
f 2976/704/2267 2977/699/1932 2972/707/2263
f 2977/699/1932 2963/698/2255 2972/707/2263
f 2963/698/2255 2977/699/1932 2962/690/2254
f 2967/700/2259 2962/690/2254 2977/699/1932
f 2978/709/2268 2967/700/2259 2976/704/2267
f 2978/709/2268 2976/704/2267 2973/708/2264
f 2973/708/2264 2971/706/2262 2979/710/2269
f 2979/710/2269 2971/706/2262 2974/711/2265
f 2975/712/2266 2979/710/2269 2974/711/2265
f 2978/709/2268 2973/708/2264 2979/710/2269
f 2980/714/2270 2978/709/2268 2979/710/2269
f 2978/709/2268 2980/714/2270 2967/700/2259
f 2980/714/2270 2979/710/2269 2981/716/2271
f 2975/712/2266 2982/713/2272 2979/710/2269
f 2982/713/2272 2983/725/2273 2979/710/2269
f 2983/725/2273 2982/713/2272 2984/724/2274
f 2983/725/2273 2985/717/2275 2979/710/2269
f 2979/710/2269 2985/717/2275 2981/716/2271
f 2986/718/2276 2981/716/2271 2985/717/2275
f 2986/718/2276 2985/717/2275 2987/720/2277
f 2988/719/2278 2986/718/2276 2987/720/2277
f 2989/721/2279 2988/719/2278 2987/720/2277
f 2989/721/2279 2987/720/2277 2990/722/2280
f 2990/722/2280 2991/723/2281 2984/724/2274
f 2987/720/2277 2991/723/2281 2990/722/2280
f 2991/723/2281 2987/720/2277 2985/717/2275
f 2983/725/2273 2991/723/2281 2985/717/2275
f 2991/723/2281 2983/725/2273 2984/724/2274
f 2992/715/2282 2986/718/2276 2988/719/2278
f 2992/715/2282 2981/716/2271 2986/718/2276
f 2992/715/2282 2980/714/2270 2981/716/2271
f 2982/713/2272 2958/702/2250 2984/724/2274
f 2980/714/2270 2992/715/2282 2967/700/2259
f 2982/713/2272 2975/712/2266 2958/702/2250
f 2975/712/2266 2969/703/2260 2958/702/2250
f 2993/727/2283 2994/726/2284 2995/728/2285
f 2996/729/2286 2993/727/2283 2995/728/2285
f 2994/726/2284 2997/731/2287 2995/728/2285
f 2998/732/2288 2997/731/2287 2994/726/2284
f 2999/733/2289 2994/726/2284 2993/727/2283
f 2999/733/2289 3000/734/2290 2994/726/2284
f 2999/733/2289 3001/735/2291 3000/734/2290
f 2996/729/2286 2995/728/2285 3002/730/2292
f 2996/729/2286 3002/730/2292 3003/736/2293
f 3002/730/2292 3004/737/2294 3003/736/2293
f 3002/730/2292 3005/739/2295 3004/737/2294
f 3004/737/2294 3005/739/2295 3006/740/2296
f 3007/741/2297 3004/737/2294 3006/740/2296
f 3004/737/2294 3008/738/2298 3003/736/2293
f 3009/734/2299 2998/732/2299 3010/726/2299
f 3011/752/2300 3012/751/2301 3013/753/2302
f 3013/753/2302 3012/751/2301 3014/754/2303
f 3011/752/2300 3013/753/2302 3015/755/2304
f 3015/755/2304 3013/753/2302 3016/756/2305
f 3013/753/2302 3017/757/2306 3016/756/2305
f 3018/758/2307 3019/751/2308 3011/752/2300
f 3020/759/2309 3019/751/2308 3018/758/2307
f 3021/760/2310 3019/751/2308 3020/759/2309
f 3022/700/2311 3023/762/2312 3017/757/2313
f 3024/761/2314 3022/700/2311 3017/757/2313
f 3025/763/2315 3022/700/2311 3024/761/2314
f 3025/763/2315 3026/765/2316 3022/700/2311
f 3026/765/2316 3027/766/2317 3022/700/2311
f 3023/762/2312 3028/756/2318 3017/757/2313
f 3029/764/2081 3028/756/2318 3023/762/2312
f 3027/766/2317 3030/693/2319 3022/700/2311
f 3031/762/2320 3032/715/2321 3033/764/2322
f 3032/715/2321 3034/719/2323 3033/764/2322
f 3033/764/2322 3034/719/2323 3035/756/2324
f 3036/700/2325 3032/715/2321 3031/762/2320
f 3034/719/2323 3037/721/2055 3035/756/2324
f 3035/756/2324 3037/721/2055 3038/767/2326
f 3037/721/2055 3039/722/2327 3038/767/2326
f 3039/722/2327 3040/769/2328 3038/767/2326
f 3041/724/2329 3040/769/2328 3039/722/2327
f 3042/770/2330 3040/769/2328 3041/724/2329
f 3043/702/2331 3042/770/2330 3041/724/2329
f 3035/756/2324 3038/767/2326 3044/768/2055
f 3045/755/2055 3035/756/2324 3044/768/2055
f 3046/755/2332 3047/768/2333 3048/771/2334
f 3049/752/2065 3046/755/2332 3048/771/2334
f 3048/771/2334 3047/768/2333 3050/772/2066
f 3051/752/2073 3052/771/2072 3053/758/2335
f 3053/758/2335 3052/771/2072 3054/776/2335
f 3052/771/2072 3055/772/2335 3054/776/2335
f 3056/777/2336 3057/778/2337 3058/702/2338
f 3057/778/2337 3059/770/2339 3058/702/2338
f 3060/779/2340 3059/770/2339 3057/778/2337
f 3060/779/2340 3061/767/2341 3059/770/2339
f 3059/770/2339 3061/767/2341 3062/769/2045
f 3063/687/2342 3056/777/2336 3058/702/2338
f 3064/773/2343 3065/775/2344 3066/774/2345
f 3064/773/2343 3067/748/2346 3065/775/2344
f 3067/748/2346 3068/749/2347 3065/775/2344
f 3069/781/2083 3070/780/2348 3071/782/2349
f 3071/782/2349 3070/780/2348 3072/783/2350
f 3071/782/2349 3072/783/2350 3073/784/2351
f 3072/783/2350 3074/785/2352 3073/784/2351
f 3075/786/2353 3074/785/2352 3072/783/2350
f 3070/780/2348 3075/786/2353 3072/783/2350
f 3073/784/2351 3074/785/2352 3076/787/2354
f 3074/785/2352 3077/788/2355 3076/787/2354
f 3077/788/2355 3074/785/2352 3075/786/2353
f 3078/789/2356 3076/787/2354 3077/788/2355
f 3079/790/2357 3077/788/2355 3075/786/2353
f 3078/789/2356 3077/788/2355 3079/790/2357
f 3080/791/2358 3078/789/2356 3079/790/2357
f 3081/767/2359 3082/792/2360 3083/768/2361
f 3084/779/2362 3082/792/2360 3081/767/2359
f 3083/768/2361 3082/792/2360 3085/772/2363
f 3085/772/2363 3082/792/2360 3086/793/2364
f 3087/794/2365 3085/772/2363 3086/793/2364
f 3086/793/2364 3088/795/2366 3087/794/2365
f 3088/795/2366 3089/796/2367 3087/794/2365
f 3090/797/2103 3091/800/2103 3092/799/2105
f 3093/798/2105 3090/797/2103 3092/799/2105
f 3094/801/2368 3091/800/2103 3090/797/2103
f 3095/802/2369 3094/801/2368 3090/797/2103
f 3095/802/2369 3096/803/2370 3094/801/2368
f 3097/804/2371 3098/807/2372 3099/806/2371
f 3100/805/2372 3097/804/2371 3099/806/2371
f 3101/808/2110 3102/811/2373 3103/810/2110
f 3104/809/2110 3101/808/2110 3103/810/2110
f 3104/809/2110 3105/812/2374 3101/808/2110
f 3105/812/2374 3106/813/2113 3101/808/2110
f 3103/810/2110 3102/811/2373 3107/814/2112
f 3108/815/2110 3103/810/2110 3107/814/2112
f 3108/815/2110 3107/814/2112 3109/816/2110
f 3110/817/2110 3108/815/2110 3109/816/2110
f 3110/817/2110 3109/816/2110 3111/818/2112
f 3112/819/2112 3110/817/2110 3111/818/2112
f 3112/819/2112 3111/818/2112 3106/813/2113
f 3105/812/2374 3112/819/2112 3106/813/2113
f 3113/800/2375 3114/760/2376 3115/759/2377
f 3116/799/2375 3113/800/2375 3115/759/2377
f 3117/902/2378 3118/903/2379 3119/904/2380
f 3117/902/2378 3120/900/2381 3118/903/2379
f 3121/901/2382 3120/900/2381 3117/902/2378
f 3120/900/2381 3122/905/2383 3118/903/2379
f 3122/905/2383 3123/906/2384 3118/903/2379
f 3124/840/2385 3125/841/2385 3126/804/2385
f 3127/805/2385 3124/840/2385 3126/804/2385
f 3128/608/2386 3129/607/2386 3130/848/2386
f 3130/848/2386 3129/607/2386 3131/604/2386
f 3132/849/2386 3130/848/2386 3131/604/2386
f 3133/850/2386 3132/849/2386 3131/604/2386
f 3134/600/2386 3133/850/2386 3131/604/2386
f 3135/851/2386 3133/850/2386 3134/600/2386
f 3136/601/2386 3135/851/2386 3134/600/2386
f 3137/857/2387 3138/856/2388 3139/858/2389
f 3138/856/2388 3140/859/2390 3139/858/2389
f 3139/858/2389 3140/859/2390 3141/860/2391
f 3141/860/2391 3140/859/2390 3142/861/2392
f 3143/862/2393 3141/860/2391 3142/861/2392
f 3142/861/2392 3144/863/2379 3143/862/2393
f 3145/865/1571 3146/864/1605 3147/866/2394
f 3148/868/1603 3145/865/1571 3147/866/2394
f 3146/864/1605 3149/867/2395 3147/866/2394
f 3149/867/2395 3150/869/2396 3147/866/2394
f 3147/866/2394 3150/869/2396 3151/870/2397
f 3152/871/2398 3150/869/2396 3149/867/2395
f 3152/871/2398 3153/841/2399 3150/869/2396
f 3153/841/2399 3154/840/2400 3150/869/2396
f 3155/873/2401 3156/872/2402 3157/874/2403
f 3158/875/2404 3156/872/2402 3155/873/2401
f 3159/844/2405 3160/842/2405 3161/877/2405
f 3162/876/2405 3159/844/2405 3161/877/2405
f 3163/877/2406 3164/874/2406 3165/872/2406
f 3166/879/2103 3167/882/1683 3168/878/2122
f 3168/878/2122 3167/882/1683 3169/883/2407
f 3166/879/2103 3168/878/2122 3170/880/2103
f 3168/878/2122 3171/881/2103 3170/880/2103
f 3172/884/2408 3173/887/2409 3174/886/2410
f 3175/885/2411 3172/884/2408 3174/886/2410
f 3176/891/2412 3177/889/2413 3178/890/2414
f 3177/889/2413 3179/888/2415 3178/890/2414
f 3180/889/2416 3181/893/2417 3182/888/2418
f 3181/893/2417 3183/892/2419 3182/888/2418
f 3184/894/2420 3185/890/2421 3186/895/2422
f 3184/894/2420 3187/891/2423 3185/890/2421
f 3188/881/2424 3189/854/2206 3190/880/2205
f 3190/880/2205 3189/854/2206 3191/896/2205
f 3192/834/2206 3189/854/2206 3188/881/2424
f 3193/878/2198 3194/831/2198 3195/834/2198
f 3196/881/2198 3193/878/2198 3195/834/2198
f 3197/879/2425 3198/825/2425 3199/824/2426
f 3200/882/2426 3197/879/2425 3199/824/2426
f 3201/880/2203 3202/896/2203 3203/825/2204
f 3204/879/2204 3201/880/2203 3203/825/2204
f 3205/882/2197 3206/824/2427 3207/827/2428
f 3208/883/2194 3205/882/2197 3207/827/2428
f 3209/883/2429 3210/827/2429 3211/831/2429
f 3212/878/2429 3209/883/2429 3211/831/2429
f 3213/798/2430 3214/898/2431 3215/897/2431
f 3216/797/2432 3213/798/2430 3215/897/2431
f 3217/897/2433 3218/802/2434 3219/797/2435
f 3217/897/2433 3220/899/2436 3218/802/2434
f 3221/912/2437 3222/913/2438 3223/909/2439
f 3221/912/2437 3223/909/2439 3224/911/2440
f 3225/910/2441 3223/909/2439 3222/913/2438
f 3226/908/2223 3223/909/2439 3225/910/2441
f 3226/908/2223 3227/907/2442 3223/909/2439
f 3227/907/2442 3224/911/2440 3223/909/2439
f 3227/907/2442 3228/915/2443 3224/911/2440
f 3228/915/2443 3229/682/2444 3224/911/2440
f 3229/682/2444 3228/915/2443 2954/681/2246
f 3227/907/2442 2954/681/2246 3228/915/2443
f 3229/682/2444 3230/684/2445 3224/911/2440
f 3221/912/2437 3224/911/2440 3230/684/2445
f 3231/697/2446 3221/912/2437 3230/684/2445
f 3221/912/2437 3231/697/2446 3222/913/2438
f 3231/697/2446 3232/694/2447 3222/913/2438
f 3233/914/2448 3222/913/2438 3232/694/2447
f 3225/910/2441 3222/913/2438 3233/914/2448
f 3234/695/2449 3233/914/2448 3232/694/2447
f 3233/914/2448 3234/695/2449 3235/696/2450
f 3235/696/2450 3225/910/2441 3233/914/2448
f 3229/682/2444 2954/681/2246 2956/683/2248
f 3229/682/2444 2956/683/2248 3230/684/2445
f 2956/683/2248 2959/685/2251 3230/684/2445
f 3230/684/2445 2959/685/2251 2960/688/2252
f 3231/697/2446 3230/684/2445 2960/688/2252
f 3231/697/2446 2960/688/2252 3232/694/2447
f 2960/688/2252 2964/691/2256 3232/694/2447
f 3232/694/2447 2964/691/2256 2965/692/2257
f 3234/695/2449 3232/694/2447 2965/692/2257
f 3234/695/2449 2965/692/2257 3235/696/2450
f 3235/696/2450 2965/692/2257 2966/693/2258
f 3236/835/2451 3237/727/2452 3238/833/2453
f 3237/727/2452 3239/852/2454 3238/833/2453
f 3240/834/2455 3238/833/2453 3239/852/2454
f 3237/727/2452 3241/729/2456 3239/852/2454
f 3239/852/2454 3241/729/2456 3242/736/2457
f 3243/853/2458 3239/852/2454 3242/736/2457
f 3243/853/2458 3240/834/2455 3239/852/2454
f 3243/853/2458 3244/854/2459 3240/834/2455
f 3237/727/2452 3236/835/2451 3245/836/2460
f 3246/733/2461 3237/727/2452 3245/836/2460
f 3246/733/2461 3245/836/2460 3247/838/2462
f 3248/735/2463 3246/733/2461 3247/838/2462
f 3249/776/2464 3250/772/2464 3251/794/2465
f 3252/916/2465 3249/776/2464 3251/794/2465
f 3253/917/2237 3254/918/2234 3255/813/2235
f 3256/818/2236 3253/917/2237 3255/813/2235
f 3256/818/2236 3257/816/2466 3253/917/2237
f 3257/816/2466 3258/919/2245 3253/917/2237
f 3257/816/2466 3259/814/2242 3258/919/2245
f 3259/814/2242 3260/920/2243 3258/919/2245
f 3259/814/2242 3261/811/2467 3260/920/2243
f 3261/811/2467 3262/921/2241 3260/920/2243
f 3261/811/2467 3263/808/2468 3262/921/2241
f 3263/808/2468 3264/922/2239 3262/921/2241
f 3255/813/2235 3254/918/2234 3264/922/2239
f 3263/808/2468 3255/813/2235 3264/922/2239
f 3264/922/2239 3254/918/2234 3265/923/2110
f 3254/918/2234 3253/917/2237 3265/923/2110
f 3253/917/2237 3258/919/2245 3265/923/2110
f 3258/919/2245 3260/920/2243 3265/923/2110
f 3260/920/2243 3262/921/2241 3265/923/2110
f 3265/923/2110 3262/921/2241 3264/922/2239
f 3266/924/2469 3267/925/2470 3268/926/2471
f 3267/925/2470 3269/927/2472 3268/926/2471
f 3268/926/2471 3269/927/2472 3270/925/2473
f 3268/926/2471 3270/925/2473 3271/924/2474
f 3268/926/2471 3271/924/2474 3272/928/2475
f 3273/928/2475 3266/924/2469 3268/926/2471
f 3274/929/2476 3275/930/2476 3276/931/2476
f 3276/931/2476 3275/930/2476 3277/929/2476
f 3275/930/2476 3278/932/2476 3277/929/2476
f 3274/929/2476 3279/932/2476 3275/930/2476
f 3280/872/2477 3281/874/2477 3282/877/2477
f 3283/855/2478 3284/854/2479 3285/853/2480
f 3283/855/2478 3285/853/2480 3286/738/2481
f 3285/853/2480 3287/736/2482 3286/738/2481
f 3288/750/2483 2604/744/1979 2484/641/1860
f 3288/750/2483 2484/641/1860 2482/639/1858
f 2481/638/1857 3288/750/2483 2482/639/1858
f 3289/933/2484 3290/934/2485 3291/935/2486
f 3289/933/2484 3291/935/2486 3292/936/2487
f 3293/937/2488 3289/933/2484 3292/936/2487
f 3293/937/2488 3292/936/2487 3294/938/2489
f 3293/937/2488 3294/938/2489 3295/939/2490
f 3289/933/2484 3296/940/2491 3290/934/2485
f 3297/937/2492 3295/939/2493 3298/941/2494
f 3299/942/2495 3297/937/2492 3298/941/2494
f 3297/937/2492 3299/942/2495 3300/943/2496
f 3301/933/2497 3297/937/2492 3300/943/2496
f 3301/933/2497 3300/943/2496 3302/944/2498
f 3301/933/2497 3302/944/2498 3303/940/2499
f 3304/934/2500 3305/933/2501 3306/935/2502
f 3306/935/2502 3305/933/2501 3307/936/2503
f 3305/933/2501 3308/937/2504 3307/936/2503
f 3307/936/2503 3308/937/2504 3309/938/2505
f 3309/938/2505 3308/937/2504 3310/939/2506
f 3311/940/2507 3305/933/2501 3304/934/2500
f 3310/939/2508 3312/937/2509 3313/941/2510
f 3312/937/2509 3314/942/2511 3313/941/2510
f 3314/942/2511 3312/937/2509 3315/943/2512
f 3312/937/2509 3316/933/2513 3315/943/2512
f 3315/943/2512 3316/933/2513 3317/944/2514
f 3317/944/2514 3316/933/2513 3318/940/2515
f 3319/945/2516 3320/946/2517 3321/947/2518
f 3320/946/2517 3322/948/2519 3321/947/2518
f 3323/949/2520 3320/946/2517 3319/945/2516
f 3323/949/2520 3319/945/2516 3324/950/2521
f 3325/951/2522 3323/949/2520 3324/950/2521
f 3325/951/2522 3320/946/2517 3323/949/2520
f 3325/951/2522 3326/952/2523 3320/946/2517
f 3325/951/2522 3327/953/2524 3326/952/2523
f 3327/953/2524 3328/954/2525 3326/952/2523
f 3326/952/2523 3328/954/2525 3320/946/2517
f 3328/954/2525 3327/953/2524 3329/955/2526
f 3328/954/2525 3329/955/2526 3330/956/2527
f 3328/954/2525 3330/956/2527 3331/957/2528
f 3331/957/2528 3332/958/2529 3328/954/2525
f 3330/956/2527 3333/959/2530 3331/957/2528
f 3330/956/2527 3334/960/2531 3333/959/2530
f 3329/955/2526 3335/961/2532 3330/956/2527
f 3330/956/2527 3335/961/2532 3336/962/2533
f 3330/956/2527 3336/962/2533 3337/963/2534
f 3336/962/2535 3338/964/2535 3339/965/2535
f 3338/964/2535 3340/966/2535 3339/965/2535
f 3341/961/2536 3342/964/2537 3336/962/2533
f 3341/961/2536 3343/967/2538 3342/964/2537
f 3341/961/2536 3344/955/2539 3343/967/2538
f 3344/955/2539 3345/953/2540 3343/967/2538
f 3345/953/2540 3346/968/2541 3343/967/2538
f 3347/969/2542 3346/968/2541 3345/953/2540
f 3347/969/2542 3345/953/2540 3348/951/2543
f 3349/970/2544 3347/969/2542 3348/951/2543
f 3349/970/2544 3348/951/2543 3350/971/2545
f 3348/951/2543 3351/950/2545 3350/971/2545
f 3352/972/2546 3353/973/2547 3354/974/2548
f 3355/975/2549 3352/972/2546 3354/974/2548
f 3352/972/2546 3356/976/2547 3353/973/2547
f 3356/976/2547 3357/977/2547 3353/973/2547
f 3358/978/2550 3355/975/2549 3354/974/2548
f 3359/979/2551 3358/978/2550 3354/974/2548
f 3359/979/2551 3360/980/2552 3358/978/2550
f 3361/981/2553 3360/980/2552 3359/979/2551
f 3362/982/2547 3353/973/2547 3357/977/2547
f 3363/983/2554 3362/982/2547 3357/977/2547
f 3363/983/2554 3357/977/2547 3364/984/2555
f 3363/983/2554 3364/984/2555 3365/985/2556
f 3363/983/2554 3365/985/2556 3366/986/2557
f 3365/985/2556 3367/987/2550 3366/986/2557
f 3367/987/2550 3368/988/2558 3366/986/2557
f 3367/987/2550 3369/989/2559 3368/988/2558
f 3370/990/2560 3368/988/2558 3369/989/2559
f 3370/990/2560 3369/989/2559 3371/991/2561
f 3370/990/2560 3371/991/2561 3372/992/2562
f 3373/993/2563 3370/990/2560 3372/992/2562
f 3373/993/2563 3372/992/2562 3374/994/2564
f 3361/981/2553 3375/995/2565 3374/994/2564
f 3361/981/2553 3374/994/2564 3376/996/2566
f 3372/992/2562 3376/996/2566 3374/994/2564
f 3361/981/2553 3359/979/2551 3375/995/2565
f 3377/997/2567 3378/998/2568 3379/999/2569
f 3377/997/2567 3380/1000/2570 3378/998/2568
f 3379/999/2569 3378/998/2568 3381/1001/2571
f 3378/998/2568 3382/1002/2572 3381/1001/2571
f 3382/1002/2572 3383/1003/2573 3381/1001/2571
f 3381/1001/2571 3383/1003/2573 3384/1004/2574
f 3385/1005/2575 3384/1004/2574 3383/1003/2573
f 3381/1001/2571 3384/1004/2574 3386/1006/2576
f 3385/1005/2575 3383/1003/2573 3387/1007/2577
f 3388/997/2578 3389/1008/2579 3390/1009/2580
f 3389/1008/2579 3391/1010/2581 3390/1009/2580
f 3388/997/2578 3392/999/2582 3389/1008/2579
f 3392/999/2582 3393/1011/2583 3389/1008/2579
f 3393/1011/2583 3392/999/2582 3394/1001/2584
f 3395/1012/2585 3393/1011/2583 3394/1001/2584
f 3396/1013/2586 3395/1012/2585 3394/1001/2584
f 3395/1012/2585 3396/1013/2586 3397/1014/2587
f 3393/1011/2583 3395/1012/2585 3397/1014/2587
f 3396/1013/2586 3398/1015/2588 3397/1014/2587
f 3399/1016/2589 3397/1014/2587 3398/1015/2588
f 3399/1016/2589 3398/1015/2588 3400/643/2590
f 3391/1010/2581 3401/1017/2591 3399/1016/2589
f 3401/1017/2591 3397/1014/2587 3399/1016/2589
f 3401/1017/2591 3393/1011/2583 3397/1014/2587
f 3401/1017/2591 3389/1008/2579 3393/1011/2583
f 3389/1008/2579 3401/1017/2591 3391/1010/2581
f 3402/1006/2592 3396/1013/2586 3394/1001/2584
f 3400/643/2590 3398/1015/2588 3403/1018/2593
f 3398/1015/2588 3396/1013/2586 3403/1018/2593
f 3404/1019/2594 3400/643/2590 3403/1018/2593
f 3396/1013/2586 3402/1006/2592 3405/1004/2595
f 3403/1018/2593 3396/1013/2586 3405/1004/2595
f 3403/1018/2593 3405/1004/2595 3406/1020/2596
f 3404/1019/2594 3403/1018/2593 3406/1020/2596
f 3405/1004/2595 3407/1005/2597 3406/1020/2596
f 3408/632/2598 3399/1016/2589 3400/643/2590
f 3391/1010/2581 3399/1016/2589 3408/632/2598
f 3409/1021/2599 3410/1022/2600 3411/1023/2601
f 3409/1021/2599 3411/1023/2601 3412/1024/2602
f 3412/1024/2602 3411/1023/2601 3413/1025/2603
f 3413/1025/2603 3411/1023/2601 3414/1026/2604
f 3414/1026/2604 3411/1023/2601 3415/1027/2605
f 3415/1027/2605 3411/1023/2601 3410/1022/2600
f 3416/1028/2606 3417/1029/2607 3418/1030/2608
f 3419/1031/2609 3416/1028/2606 3418/1030/2608
f 3416/1028/2606 3419/1031/2609 3420/1032/2610
f 3419/1031/2609 3421/1033/2610 3420/1032/2610
f 3422/1034/2611 3423/1035/2611 3424/1036/2611
f 3425/1037/2612 3426/1038/2613 3427/1039/2614
f 3426/1038/2613 3428/1040/2615 3427/1039/2614
f 3428/1040/2615 3429/1041/2616 3427/1039/2614
f 3428/1040/2615 3430/1042/2617 3429/1041/2616
f 3425/1037/2612 3427/1039/2614 3431/1036/2618
f 3432/1043/2619 3433/1044/2619 3434/1045/2619
f 3435/1046/2620 3436/1038/2621 3437/1037/2622
f 3438/1047/2623 3435/1046/2620 3437/1037/2622
f 3435/1046/2620 3439/1040/2624 3436/1038/2621
f 3439/1040/2624 3435/1046/2620 3440/1048/2625
f 3441/1049/2626 3442/1050/2627 3443/1005/2628
f 3441/1049/2626 3444/971/2629 3442/1050/2627
f 3444/971/2629 3445/950/2630 3442/1050/2627
f 3446/1050/2631 3447/945/2632 3448/1020/2633
f 3446/1050/2631 3449/950/2634 3447/945/2632
f 3448/1020/2633 3447/945/2632 3450/947/2635
f 3451/1019/2636 3448/1020/2633 3450/947/2635
f 3450/947/2635 3452/1051/2637 3451/1019/2636
f 3452/1051/2637 3453/1052/2638 3451/1019/2636
f 3454/1005/2639 3446/1050/2631 3448/1020/2633
f 3455/981/2640 3456/996/2641 3457/1022/2642
f 3455/981/2640 3457/1022/2642 3458/1021/2643
f 3455/981/2640 3458/1021/2643 3459/980/2644
f 3460/978/2645 3461/980/2646 3462/1021/2647
f 3460/978/2645 3462/1021/2647 3463/1024/2648
f 3460/978/2645 3463/1024/2648 3464/975/2649
f 3465/972/2650 3466/975/2651 3467/1024/2652
f 3465/972/2650 3467/1024/2652 3468/1025/2653
f 3465/972/2650 3468/1025/2653 3469/976/2654
f 3470/977/2655 3471/976/2656 3472/1025/2657
f 3470/977/2655 3472/1025/2657 3473/1026/2658
f 3474/984/2659 3470/977/2655 3473/1026/2658
f 3474/984/2659 3473/1026/2658 3475/985/2660
f 3476/987/2661 3477/985/2662 3478/1026/2663
f 3476/987/2661 3478/1026/2663 3479/1027/2664
f 3476/987/2661 3479/1027/2664 3480/989/2665
f 3481/992/2666 3482/991/2667 3483/1027/2668
f 3481/992/2666 3483/1027/2668 3484/1022/2669
f 3481/992/2666 3484/1022/2669 3485/996/2670
f 3482/991/2667 3486/989/2671 3483/1027/2668
f 3487/1053/2672 3488/1054/2673 3489/1055/2674
f 3487/1053/2672 3490/1056/2675 3488/1054/2673
f 3490/1056/2675 3491/1057/2676 3488/1054/2673
f 3488/1054/2673 3491/1057/2676 3492/1058/2677
f 3493/1059/2678 3489/1055/2674 3488/1054/2673
f 3492/1058/2677 3493/1059/2678 3488/1054/2673
f 3493/1059/2678 3494/1060/2679 3489/1055/2674
f 3495/1061/2680 3494/1060/2679 3493/1059/2678
f 3496/1062/2681 3487/1053/2672 3489/1055/2674
f 3496/1062/2681 3489/1055/2674 3497/1063/2679
f 3498/1064/2682 3495/1061/2680 3493/1059/2678
f 3497/1063/2679 3499/1065/2683 3496/1062/2681
f 3499/1065/2683 3500/1066/2684 3496/1062/2681
f 3491/1057/2676 3501/1054/2685 3492/1058/2677
f 3491/1057/2676 3490/1056/2675 3501/1054/2685
f 3490/1056/2675 3502/1053/2686 3501/1054/2685
f 3501/1054/2685 3502/1053/2686 3503/1055/2687
f 3503/1055/2687 3504/1059/2688 3501/1054/2685
f 3504/1059/2688 3492/1058/2677 3501/1054/2685
f 3505/1060/2689 3504/1059/2688 3503/1055/2687
f 3505/1060/2689 3506/1061/2690 3504/1059/2688
f 3502/1053/2686 3507/1062/2691 3503/1055/2687
f 3503/1055/2687 3507/1062/2691 3508/1063/2689
f 3506/1061/2690 3509/1064/2692 3504/1059/2688
f 3510/1065/2693 3508/1063/2689 3507/1062/2691
f 3511/1066/2694 3510/1065/2693 3507/1062/2691
f 3512/1067/2055 3513/1068/2055 3514/1034/2055
f 3515/1036/2055 3512/1067/2055 3514/1034/2055
f 3513/1068/2055 3512/1067/2055 3516/1034/2055
f 3512/1067/2055 3517/1036/2055 3516/1034/2055
f 3518/1069/2695 3519/1070/2695 3520/1071/2696
f 3521/1072/2696 3518/1069/2695 3520/1071/2696
f 3522/1069/2697 3521/1072/2696 3520/1071/2696
f 3523/1070/2698 3522/1069/2697 3520/1071/2696
f 3524/1069/2699 3525/1073/2699 3526/1070/2699
f 3527/1074/2700 3528/956/2701 3529/963/2702
f 3528/956/2701 3527/1074/2700 3530/960/2703
f 3531/1039/2704 3532/1075/2705 3533/1036/2706
f 3533/1036/2706 3532/1075/2705 3534/1069/2707
f 3535/1037/2708 3536/1036/2708 3537/1035/2708
f 3538/1043/2709 3539/1063/2710 3540/1044/2711
f 3541/1065/2712 3539/1063/2710 3538/1043/2709
f 3542/1043/2713 3543/1076/2714 3544/1077/2715
f 3545/1065/2716 3542/1043/2713 3544/1077/2715
f 3546/1078/2715 3547/1079/2717 3548/1046/2718
f 3549/1047/2719 3546/1078/2715 3548/1046/2718
f 3548/1046/2718 3547/1079/2717 3550/1048/2720
f 3551/1067/2721 3552/1036/2721 3553/1069/2721
f 3554/1072/2721 3551/1067/2721 3553/1069/2721
f 3551/1067/2721 3554/1072/2721 3555/1069/2721
f 3556/1036/2721 3551/1067/2721 3555/1069/2721
f 3557/1069/2722 3558/1080/2722 3559/1073/2722
f 3560/946/2723 3561/945/2724 3562/947/2725
f 3563/948/2726 3560/946/2723 3562/947/2725
f 3560/946/2723 3564/949/2727 3561/945/2724
f 3561/945/2724 3564/949/2727 3565/950/2728
f 3564/949/2727 3566/951/2729 3565/950/2728
f 3560/946/2723 3566/951/2729 3564/949/2727
f 3567/952/2730 3566/951/2729 3560/946/2723
f 3568/953/2731 3566/951/2729 3567/952/2730
f 3569/954/2732 3568/953/2731 3567/952/2730
f 3569/954/2732 3567/952/2730 3560/946/2723
f 3568/953/2731 3569/954/2732 3570/955/2733
f 3570/955/2733 3569/954/2732 3571/956/2734
f 3571/956/2734 3569/954/2732 3572/957/2735
f 3573/958/2736 3572/957/2735 3569/954/2732
f 3574/959/2737 3571/956/2734 3572/957/2735
f 3575/960/2738 3571/956/2734 3574/959/2737
f 3576/961/2739 3570/955/2733 3571/956/2734
f 3576/961/2739 3571/956/2734 3577/962/2740
f 3577/962/2740 3571/956/2734 3578/963/2741
f 3579/964/2742 3577/962/2742 3580/965/2742
f 3581/966/2742 3579/964/2742 3580/965/2742
f 3582/964/2743 3583/961/2744 3577/962/2740
f 3584/967/2745 3583/961/2744 3582/964/2743
f 3585/955/2746 3583/961/2744 3584/967/2745
f 3586/953/2747 3585/955/2746 3584/967/2745
f 3587/968/2748 3586/953/2747 3584/967/2745
f 3587/968/2748 3588/969/2749 3586/953/2747
f 3586/953/2747 3588/969/2749 3589/951/2750
f 3588/969/2749 3590/970/2751 3589/951/2750
f 3589/951/2750 3590/970/2751 3591/971/2752
f 3592/950/2752 3589/951/2750 3591/971/2752
f 3593/973/2753 3594/972/2754 3595/974/2755
f 3594/972/2754 3596/975/2756 3595/974/2755
f 3597/976/2757 3594/972/2754 3593/973/2753
f 3598/977/2753 3597/976/2757 3593/973/2753
f 3596/975/2756 3599/978/2758 3595/974/2755
f 3599/978/2758 3600/979/2759 3595/974/2755
f 3601/980/2760 3600/979/2759 3599/978/2758
f 3601/980/2760 3602/981/2761 3600/979/2759
f 3593/973/2753 3603/982/2762 3598/977/2753
f 3603/982/2762 3604/983/2753 3598/977/2753
f 3598/977/2753 3604/983/2753 3605/984/2763
f 3605/984/2763 3604/983/2753 3606/985/2764
f 3606/985/2764 3604/983/2753 3607/986/2764
f 3608/987/2758 3606/985/2764 3607/986/2764
f 3609/988/2765 3608/987/2758 3607/986/2764
f 3610/989/2766 3608/987/2758 3609/988/2765
f 3609/988/2765 3611/990/2767 3610/989/2766
f 3610/989/2766 3611/990/2767 3612/991/2768
f 3612/991/2768 3611/990/2767 3613/992/2769
f 3611/990/2767 3614/993/2770 3613/992/2769
f 3613/992/2769 3614/993/2770 3615/994/2771
f 3616/995/2772 3602/981/2761 3615/994/2771
f 3615/994/2771 3602/981/2761 3617/996/2773
f 3617/996/2773 3613/992/2769 3615/994/2771
f 3600/979/2759 3602/981/2761 3616/995/2772
f 3618/998/2774 3619/997/2775 3620/999/2776
f 3621/1000/2777 3619/997/2775 3618/998/2774
f 3618/998/2774 3620/999/2776 3622/1001/2778
f 3623/1002/2779 3618/998/2774 3622/1001/2778
f 3624/1003/2780 3623/1002/2779 3622/1001/2778
f 3624/1003/2780 3622/1001/2778 3625/1004/2781
f 3625/1004/2781 3626/1005/2782 3624/1003/2780
f 3625/1004/2781 3622/1001/2778 3627/1006/2783
f 3624/1003/2780 3626/1005/2782 3628/1007/2784
f 3629/1008/2785 3630/997/2786 3631/1009/2787
f 3632/1010/2788 3629/1008/2785 3631/1009/2787
f 3633/999/2789 3630/997/2786 3629/1008/2785
f 3634/1011/2790 3633/999/2789 3629/1008/2785
f 3633/999/2789 3634/1011/2790 3635/1001/2791
f 3634/1011/2790 3636/1012/2792 3635/1001/2791
f 3636/1012/2792 3637/1013/2793 3635/1001/2791
f 3637/1013/2793 3636/1012/2792 3638/1014/2794
f 3636/1012/2792 3634/1011/2790 3638/1014/2794
f 3639/1015/2795 3637/1013/2793 3638/1014/2794
f 3638/1014/2794 3640/1016/2796 3639/1015/2795
f 3639/1015/2795 3640/1016/2796 3641/643/2797
f 3642/1017/2798 3632/1010/2788 3640/1016/2796
f 3638/1014/2794 3642/1017/2798 3640/1016/2796
f 3634/1011/2790 3642/1017/2798 3638/1014/2794
f 3629/1008/2785 3642/1017/2798 3634/1011/2790
f 3642/1017/2798 3629/1008/2785 3632/1010/2788
f 3637/1013/2793 3643/1006/2799 3635/1001/2791
f 3639/1015/2795 3641/643/2797 3644/1018/2800
f 3637/1013/2793 3639/1015/2795 3644/1018/2800
f 3641/643/2797 3645/1019/2801 3644/1018/2800
f 3637/1013/2793 3644/1018/2800 3646/1004/2802
f 3643/1006/2799 3637/1013/2793 3646/1004/2802
f 3646/1004/2802 3644/1018/2800 3647/1020/2803
f 3644/1018/2800 3645/1019/2801 3647/1020/2803
f 3648/1005/2804 3646/1004/2802 3647/1020/2803
f 3640/1016/2796 3649/632/2805 3641/643/2797
f 3640/1016/2796 3632/1010/2788 3649/632/2805
f 3650/1022/2806 3651/1021/2807 3652/1023/2808
f 3652/1023/2808 3651/1021/2807 3653/1024/2809
f 3652/1023/2808 3653/1024/2809 3654/1025/2810
f 3652/1023/2808 3654/1025/2810 3655/1026/2811
f 3652/1023/2808 3655/1026/2811 3656/1027/2812
f 3652/1023/2808 3656/1027/2812 3650/1022/2806
f 3657/1028/2813 3658/1031/2814 3659/1030/2815
f 3660/1029/2816 3657/1028/2813 3659/1030/2815
f 3658/1031/2814 3657/1028/2813 3661/1032/2817
f 3662/1033/2817 3658/1031/2814 3661/1032/2817
f 3663/1035/2818 3664/1034/2818 3665/1036/2818
f 3666/1038/2819 3667/1037/2820 3668/1039/2821
f 3669/1040/2822 3666/1038/2819 3668/1039/2821
f 3670/1041/2823 3669/1040/2822 3668/1039/2821
f 3671/1042/2824 3669/1040/2822 3670/1041/2823
f 3668/1039/2821 3667/1037/2820 3672/1036/2825
f 3673/1044/2826 3674/1043/2826 3675/1045/2826
f 3676/1046/2827 3677/1047/2828 3678/1037/2829
f 3679/1038/2830 3676/1046/2827 3678/1037/2829
f 3680/1040/2831 3676/1046/2827 3679/1038/2830
f 3676/1046/2827 3680/1040/2831 3681/1048/2832
f 3682/1050/2833 3683/1049/2834 3684/1005/2835
f 3685/971/2836 3683/1049/2834 3682/1050/2833
f 3686/950/2837 3685/971/2836 3682/1050/2833
f 3687/1050/2838 3688/1005/2839 3689/1020/2840
f 3690/945/2841 3687/1050/2838 3689/1020/2840
f 3691/950/2842 3687/1050/2838 3690/945/2841
f 3690/945/2841 3689/1020/2840 3692/947/2843
f 3689/1020/2840 3693/1019/2844 3692/947/2843
f 3694/1051/2845 3692/947/2843 3693/1019/2844
f 3695/1052/2846 3694/1051/2845 3693/1019/2844
f 3696/996/2847 3697/981/2848 3698/1022/2849
f 3698/1022/2849 3697/981/2848 3699/1021/2850
f 3699/1021/2850 3697/981/2848 3700/980/2851
f 3701/980/2852 3702/978/2853 3703/1021/2854
f 3703/1021/2854 3702/978/2853 3704/1024/2855
f 3704/1024/2855 3702/978/2853 3705/975/2856
f 3706/975/2857 3707/972/2858 3708/1024/2859
f 3708/1024/2859 3707/972/2858 3709/1025/2860
f 3709/1025/2860 3707/972/2858 3710/976/2861
f 3711/976/2862 3712/977/2863 3713/1025/2864
f 3713/1025/2864 3712/977/2863 3714/1026/2865
f 3712/977/2863 3715/984/2866 3714/1026/2865
f 3714/1026/2865 3715/984/2866 3716/985/2867
f 3717/985/2868 3718/987/2869 3719/1026/2870
f 3719/1026/2870 3718/987/2869 3720/1027/2871
f 3720/1027/2871 3718/987/2869 3721/989/2872
f 3722/991/2873 3723/992/2874 3724/1027/2875
f 3724/1027/2875 3723/992/2874 3725/1022/2876
f 3725/1022/2876 3723/992/2874 3726/996/2877
f 3727/989/2878 3722/991/2873 3724/1027/2875
f 3728/1073/2879 3729/1069/2879 3730/1070/2879
f 3731/956/2880 3732/1074/2881 3733/963/2882
f 3732/1074/2881 3731/956/2880 3734/960/2883
f 3735/1075/2884 3736/1039/2885 3737/1036/2886
f 3735/1075/2884 3737/1036/2886 3738/1069/2887
f 3739/1036/2888 3740/1037/2888 3741/1035/2888
f 3742/1063/2889 3743/1043/2890 3744/1044/2891
f 3742/1063/2889 3745/1065/2892 3743/1043/2890
f 3746/1076/2893 3747/1043/2894 3748/1077/2895
f 3747/1043/2894 3749/1065/2896 3748/1077/2895
f 3750/1078/2895 3751/1047/2897 3752/1046/2898
f 3753/1079/2899 3750/1078/2895 3752/1046/2898
f 3753/1079/2899 3752/1046/2898 3754/1048/2720
f 3755/1080/2900 3756/1069/2900 3757/1073/2900
f 3758/1081/2901 3759/1082/2902 3760/1083/2903
f 3759/1082/2902 3761/1084/2904 3760/1083/2903
f 3762/1085/2905 3761/1084/2904 3759/1082/2902
f 3763/1086/2906 3762/1085/2905 3759/1082/2902
f 3758/1081/2901 3763/1086/2906 3759/1082/2902
f 3764/1087/2907 3765/1088/2908 3766/1089/2909
f 3764/1087/2907 3767/1090/2910 3765/1088/2908
f 3767/1090/2910 3768/1091/2911 3765/1088/2908
f 3765/1088/2908 3769/1092/2912 3766/1089/2909
f 3768/1091/2911 3769/1092/2912 3765/1088/2908
f 3770/1082/2913 3771/1081/2914 3772/1083/2915
f 3773/1084/2916 3770/1082/2913 3772/1083/2915
f 3773/1084/2916 3774/1085/2917 3770/1082/2913
f 3775/1086/2918 3771/1081/2914 3770/1082/2913
f 3774/1085/2917 3775/1086/2918 3770/1082/2913
f 3776/1088/2919 3777/1087/2920 3778/1089/2921
f 3779/1090/2922 3777/1087/2920 3776/1088/2919
f 3780/1091/2923 3779/1090/2922 3776/1088/2919
f 3781/1092/2924 3776/1088/2919 3778/1089/2921
f 3781/1092/2924 3780/1091/2923 3776/1088/2919
f 3782/1093/2925 3783/1094/2926 3784/1095/2927
f 3785/1096/2928 3782/1093/2925 3784/1095/2927
f 3782/1093/2925 3785/1096/2928 3786/1097/2929
f 3787/1098/2930 3788/1099/2930 3789/1100/2930
f 3790/1101/2931 3787/1098/2930 3789/1100/2930
f 3791/1102/2932 3792/1103/2933 3793/1104/2934
f 3791/1102/2932 3793/1104/2934 3794/1105/2935
f 3795/1106/2936 3796/1107/2937 3797/1108/2938
f 3795/1106/2936 3797/1108/2938 3798/1102/2939
f 3797/1108/2938 3799/1103/2940 3798/1102/2939
f 3800/1109/2941 3801/1110/2942 3802/1111/2943
f 3803/1112/2942 3800/1109/2941 3802/1111/2943
f 3804/1010/2944 3805/634/2945 3806/640/2946
f 3807/678/2947 3804/1010/2944 3806/640/2946
f 3807/678/2947 3808/1113/2948 3804/1010/2944
f 3804/1010/2944 3808/1113/2948 3809/1009/2949
f 3807/678/2947 3810/1114/2950 3808/1113/2948
f 3810/1114/2950 3811/1115/2950 3808/1113/2948
f 3812/1116/2951 3813/1099/2951 3814/1098/2951
f 3815/1116/2952 3816/1098/2953 3817/1117/2954
f 3816/1098/2953 3818/1101/2139 3817/1117/2954
f 3818/1101/2139 3819/1118/2139 3817/1117/2954
f 3820/1117/2955 3821/1119/2955 3822/1120/2955
f 3823/1116/2955 3820/1117/2955 3822/1120/2955
f 3824/1093/2956 3825/1096/2957 3826/1095/2958
f 3827/1094/2959 3824/1093/2956 3826/1095/2958
f 3825/1096/2957 3824/1093/2956 3828/1097/2960
f 3829/1098/2961 3830/1101/2962 3831/1100/2961
f 3832/1099/2961 3829/1098/2961 3831/1100/2961
f 3833/1103/2963 3834/1102/2964 3835/1104/2965
f 3835/1104/2965 3834/1102/2964 3836/1105/2966
f 3837/1107/2967 3838/1106/2968 3839/1108/2969
f 3839/1108/2969 3838/1106/2968 3840/1102/2970
f 3841/1103/2971 3839/1108/2969 3840/1102/2970
f 3842/1109/2972 3843/1112/2973 3844/1111/2974
f 3845/1110/2973 3842/1109/2972 3844/1111/2974
f 3846/634/2975 3847/1010/2976 3848/640/2977
f 3847/1010/2976 3849/678/2978 3848/640/2977
f 3850/1113/2979 3849/678/2978 3847/1010/2976
f 3850/1113/2979 3847/1010/2976 3851/1009/2980
f 3852/1114/2981 3849/678/2978 3850/1113/2979
f 3853/1115/2981 3852/1114/2981 3850/1113/2979
f 3854/1099/2982 3855/1116/2982 3856/1098/2982
f 3857/1098/2983 3858/1116/2984 3859/1117/2985
f 3860/1101/2386 3857/1098/2983 3859/1117/2985
f 3861/1118/2386 3860/1101/2386 3859/1117/2985
f 3862/1117/2986 3863/1116/2986 3864/1120/2986
f 3865/1119/2986 3862/1117/2986 3864/1120/2986
f 3866/1121/2987 3867/1122/2988 3868/1119/2989
f 3867/1122/2988 3869/1123/2990 3868/1119/2989
f 3867/1122/2988 3870/1124/2991 3869/1123/2990
f 3871/1125/2992 3872/1126/2993 3873/1127/2994
f 3871/1125/2992 3873/1127/2994 3874/1128/2995
f 3871/1125/2992 3874/1128/2995 3875/1129/2996
f 3874/1128/2995 3873/1127/2994 3876/1130/2997
f 3871/1125/2992 3875/1129/2996 3877/1131/2998
f 3875/1129/2996 3878/1132/2999 3877/1131/2998
f 3878/1132/2999 3879/1133/3000 3877/1131/2998
f 3879/1133/3000 3880/1134/3001 3877/1131/2998
f 3881/1101/3002 3877/1131/2998 3880/1134/3001
f 3881/1101/3002 3882/1135/3003 3877/1131/2998
f 3880/1134/3001 3879/1133/3000 3883/1136/3004
f 3884/1137/3004 3880/1134/3001 3883/1136/3004
f 3881/1101/3002 3880/1134/3001 3885/1138/3005
f 3886/1137/3006 3885/1138/3005 3880/1134/3001
f 3886/1137/3006 3887/1139/3007 3885/1138/3005
f 3871/1125/2992 3888/1140/3008 3872/1126/2993
f 3871/1125/2992 3889/1141/3009 3888/1140/3008
f 3889/1141/3009 3871/1125/2992 3877/1131/2998
f 3889/1141/3009 3877/1131/2998 3882/1135/3003
f 3890/1128/3010 3876/1130/3011 3891/1142/3012
f 3892/1143/3013 3890/1128/3010 3891/1142/3012
f 3892/1143/3013 3891/1142/3012 3893/1144/3014
f 3894/1145/3015 3892/1143/3013 3893/1144/3014
f 3895/1146/3016 3894/1145/3015 3893/1144/3014
f 3896/1129/3017 3892/1143/3013 3894/1145/3015
f 3896/1129/3017 3890/1128/3010 3892/1143/3013
f 3896/1129/3017 3894/1145/3015 3897/1132/3018
f 3894/1145/3015 3898/1147/3019 3897/1132/3018
f 3895/1146/3016 3898/1147/3019 3894/1145/3015
f 3898/1147/3019 3895/1146/3016 3899/1148/3020
f 3900/1133/3021 3897/1132/3018 3898/1147/3019
f 3900/1133/3021 3898/1147/3019 3901/1149/3022
f 3902/1136/3023 3900/1133/3021 3901/1149/3022
f 3891/1142/3012 3903/1143/3024 3893/1144/3014
f 3895/1146/3016 3893/1144/3014 3904/1150/3025
f 3905/1151/3026 3898/1147/3019 3899/1148/3020
f 3905/1151/3026 3899/1148/3020 3906/1152/3027
f 3899/1148/3020 3907/1153/3027 3906/1152/3027
f 3908/1154/3028 3909/1155/3029 3910/1156/3030
f 3910/1156/3030 3911/1157/3031 3908/1154/3028
f 3911/1157/3031 3912/1158/3032 3908/1154/3028
f 3908/1154/3028 3912/1158/3032 3913/1159/3033
f 3912/1158/3032 3914/1160/3034 3913/1159/3033
f 3915/1161/3035 3909/1155/3029 3908/1154/3028
f 3916/1162/3036 3915/1161/3035 3908/1154/3028
f 3908/1154/3028 3917/1163/3037 3916/1162/3036
f 3908/1154/3028 3913/1159/3033 3917/1163/3037
f 3918/1164/3038 3919/1157/3039 3920/1165/3040
f 3919/1157/3039 3918/1164/3038 3921/1158/3041
f 3918/1164/3038 3922/1166/3042 3921/1158/3041
f 3922/1166/3042 3923/1167/3043 3921/1158/3041
f 3923/1167/3043 3924/1160/3043 3921/1158/3041
f 3919/1157/3039 3925/1164/3044 3920/1165/3040
f 3925/1164/3044 3919/1157/3039 3926/1158/3045
f 3927/1166/3046 3925/1164/3044 3926/1158/3045
f 3927/1166/3046 3926/1158/3045 3928/1167/3047
f 3926/1158/3045 3929/1160/3048 3928/1167/3047
f 3888/1140/3008 3930/1168/3049 3872/1126/2993
f 3930/1168/3049 3931/1140/3050 3872/1126/2993
f 3931/1140/3050 3932/1125/3051 3872/1126/2993
f 3872/1126/2993 3932/1125/3051 3873/1127/2994
f 3873/1127/2994 3932/1125/3051 3933/1128/3052
f 3933/1128/3052 3932/1125/3051 3934/1129/3053
f 3873/1127/2994 3933/1128/3052 3876/1130/2997
f 3934/1129/3053 3932/1125/3051 3935/1131/3054
f 3936/1132/3055 3934/1129/3053 3935/1131/3054
f 3937/1133/3056 3936/1132/3055 3935/1131/3054
f 3938/1134/3057 3937/1133/3056 3935/1131/3054
f 3935/1131/3054 3939/1101/3058 3938/1134/3057
f 3940/1135/3059 3939/1101/3058 3935/1131/3054
f 3935/1131/3054 3941/1141/3060 3940/1135/3059
f 3941/1141/3060 3932/1125/3051 3931/1140/3050
f 3935/1131/3054 3932/1125/3051 3941/1141/3060
f 3937/1133/3056 3938/1134/3057 3942/1136/3061
f 3938/1134/3057 3943/1137/3061 3942/1136/3061
f 3938/1134/3057 3939/1101/3058 3944/1138/3062
f 3944/1138/3062 3945/1137/3063 3938/1134/3057
f 3946/1139/3064 3945/1137/3063 3944/1138/3062
f 3947/1169/3065 3948/1170/3066 3949/1171/3067
f 3948/1170/3066 3950/1172/3068 3949/1171/3067
f 3948/1170/3066 3951/1173/3069 3950/1172/3068
f 3948/1170/3066 3952/1174/3070 3951/1173/3069
f 3948/1170/3066 3953/1175/3071 3952/1174/3070
f 3947/1169/3065 3954/1176/3072 3948/1170/3066
f 3948/1170/3066 3954/1176/3072 3953/1175/3071
f 3955/1171/3073 3954/1176/3072 3947/1169/3065
f 3954/1176/3072 3955/1171/3073 3956/1177/3074
f 3951/1173/3069 3957/1178/3075 3950/1172/3068
f 3957/1178/3075 3958/1179/3076 3950/1172/3068
f 3958/1179/3076 3957/1178/3075 3959/1180/3077
f 3958/1179/3076 3960/1178/3078 3950/1172/3068
f 3961/1180/3079 3960/1178/3078 3958/1179/3076
f 3950/1172/3068 3962/1170/3080 3949/1171/3067
f 3962/1170/3080 3963/1169/3081 3949/1171/3067
f 3964/1173/3082 3962/1170/3080 3950/1172/3068
f 3960/1178/3078 3964/1173/3082 3950/1172/3068
f 3965/1174/3083 3962/1170/3080 3964/1173/3082
f 3966/1175/3084 3962/1170/3080 3965/1174/3083
f 3967/1176/3085 3963/1169/3081 3962/1170/3080
f 3966/1175/3084 3967/1176/3085 3962/1170/3080
f 3967/1176/3085 3968/1171/3086 3963/1169/3081
f 3968/1171/3086 3967/1176/3085 3969/1177/3087
f 3958/1179/3076 3959/1180/3077 3970/1181/3088
f 3961/1180/3079 3958/1179/3076 3970/1181/3088
f 3971/1182/3089 3972/1183/3090 3973/1184/3091
f 3974/1185/3092 3972/1183/3090 3971/1182/3089
f 3975/1186/3093 3974/1185/3092 3971/1182/3089
f 3972/1183/3090 3976/1182/3094 3973/1184/3091
f 3972/1183/3090 3977/1185/3095 3976/1182/3094
f 3977/1185/3095 3978/1186/3096 3976/1182/3094
f 3979/1186/3097 3980/1187/3097 3981/1188/3098
f 3982/1189/3099 3979/1186/3097 3981/1188/3098
f 3983/1190/3100 3982/1189/3099 3981/1188/3098
f 3984/1191/3101 3983/1190/3100 3981/1188/3098
f 3985/1192/3102 3986/1193/3103 3987/1190/3104
f 3985/1192/3102 3988/1194/3105 3986/1193/3103
f 3989/1195/3106 3985/1192/3102 3987/1190/3104
f 3990/1191/3107 3989/1195/3106 3987/1190/3104
f 3991/1196/3108 3992/1176/3109 3993/1197/3110
f 3992/1176/3109 3994/1198/3111 3993/1197/3110
f 3991/1196/3108 3993/1197/3110 3995/1199/3112
f 3991/1196/3108 3995/1199/3112 3996/1200/3113
f 3995/1199/3112 3997/1201/3114 3996/1200/3113
f 3991/1196/3108 3996/1200/3113 3998/1202/3115
f 3991/1196/3108 3998/1202/3115 3999/1174/3116
f 4000/1175/3117 3991/1196/3108 3999/1174/3116
f 4000/1175/3117 3992/1176/3109 3991/1196/3108
f 4001/1203/3118 4002/1204/3119 4003/1193/3120
f 4004/1205/3121 4001/1203/3118 4003/1193/3120
f 4003/1193/3120 4002/1204/3119 4005/1206/3122
f 4002/1204/3119 4001/1203/3118 4006/1193/3123
f 4002/1204/3119 4006/1193/3123 4005/1206/3122
f 4001/1203/3118 4007/1205/3124 4006/1193/3123
f 4008/1190/3125 4003/1193/3120 4005/1206/3122
f 4008/1190/3125 4005/1206/3122 4009/1189/3126
f 4009/1189/3126 4005/1206/3122 4010/1185/3127
f 4005/1206/3122 4011/1183/3128 4010/1185/3127
f 4009/1189/3126 4010/1185/3127 4012/1186/3129
f 4011/1183/3128 4005/1206/3122 4013/1185/3130
f 4005/1206/3122 4014/1189/3131 4013/1185/3130
f 4005/1206/3122 4015/1190/3132 4014/1189/3131
f 4005/1206/3122 4006/1193/3123 4015/1190/3132
f 4013/1185/3130 4014/1189/3131 4016/1186/3133
f 4017/1205/3065 4018/1193/3134 4019/1194/3134
f 4020/1207/3135 4017/1205/3065 4019/1194/3134
f 4021/1184/3136 4022/1208/3136 4023/1209/3137
f 4024/1182/3138 4021/1184/3136 4023/1209/3137
f 4022/1208/3136 4021/1184/3136 4025/1209/3139
f 4021/1184/3136 4026/1182/3140 4025/1209/3139
f 4024/1182/3138 4023/1209/3137 4027/1210/3141
f 4028/1186/3142 4024/1182/3138 4027/1210/3141
f 4028/1186/3142 4027/1210/3141 4029/1187/3143
f 4030/1210/3144 4025/1209/3139 4026/1182/3140
f 4030/1210/3144 4026/1182/3140 4031/1186/3145
f 4030/1210/3144 4031/1186/3145 4032/1187/3146
f 4033/1139/3147 4034/1211/3148 4035/1117/3147
f 4036/1138/3147 4033/1139/3147 4035/1117/3147
f 4037/1212/3149 4038/1119/3150 4039/1117/3151
f 4040/1211/3152 4037/1212/3149 4039/1117/3151
f 4037/1212/3149 4041/1121/3153 4038/1119/3150
f 4042/1213/3154 4043/1214/3155 4044/1215/3155
f 4043/1214/3155 4045/1213/3156 4044/1215/3155
f 4046/1122/3157 4047/1121/3158 4048/1119/3159
f 4049/1123/3160 4046/1122/3157 4048/1119/3159
f 4050/1124/3161 4046/1122/3157 4049/1123/3160
f 4051/1216/3162 4052/1217/3163 4053/1218/3164
f 4054/1219/2997 4051/1216/3162 4053/1218/3164
f 4052/1217/3163 4051/1216/3162 4055/1220/3165
f 4052/1217/3163 4055/1220/3165 4056/1221/3166
f 4052/1217/3163 4056/1221/3166 4057/1222/3167
f 4056/1221/3166 4055/1220/3165 4058/1223/3168
f 4059/1224/3169 4056/1221/3166 4058/1223/3168
f 4056/1221/3166 4059/1224/3169 4060/1225/3170
f 4056/1221/3166 4060/1225/3170 4057/1222/3167
f 4058/1223/3168 4061/1226/3171 4059/1224/3169
f 4059/1224/3169 4061/1226/3171 4062/1227/3172
f 4061/1226/3171 4063/1228/3173 4062/1227/3172
f 4057/1222/3167 4060/1225/3170 4064/1229/3025
f 4060/1225/3170 4059/1224/3169 4065/1230/3174
f 4059/1224/3169 4066/1231/3175 4065/1230/3174
f 4065/1230/3174 4066/1231/3175 4067/1232/3027
f 4068/1233/3027 4065/1230/3174 4067/1232/3027
f 4069/1155/3176 4070/1154/3177 4071/1156/3178
f 4072/1157/3179 4071/1156/3178 4070/1154/3177
f 4073/1158/3180 4072/1157/3179 4070/1154/3177
f 4074/1160/3181 4073/1158/3180 4070/1154/3177
f 4075/1159/3182 4074/1160/3181 4070/1154/3177
f 4069/1155/3176 4076/1161/3183 4070/1154/3177
f 4076/1161/3183 4077/1162/3184 4070/1154/3177
f 4078/1163/3185 4070/1154/3177 4077/1162/3184
f 4075/1159/3182 4070/1154/3177 4078/1163/3185
f 4079/1186/3186 4080/1189/3187 4081/1188/3188
f 4082/1187/3186 4079/1186/3186 4081/1188/3188
f 4080/1189/3187 4083/1190/3189 4081/1188/3188
f 4083/1190/3189 4084/1191/3190 4081/1188/3188
f 4085/1194/3191 4086/1192/3192 4087/1193/3193
f 4087/1193/3193 4086/1192/3192 4088/1190/3194
f 4086/1192/3192 4089/1195/3195 4088/1190/3194
f 4089/1195/3195 4090/1191/3196 4088/1190/3194
f 4091/1176/3197 4092/1196/3198 4093/1197/3199
f 4094/1198/3200 4091/1176/3197 4093/1197/3199
f 4093/1197/3199 4092/1196/3198 4095/1199/3201
f 4095/1199/3201 4092/1196/3198 4096/1200/3202
f 4097/1201/3203 4095/1199/3201 4096/1200/3202
f 4096/1200/3202 4092/1196/3198 4098/1202/3204
f 4098/1202/3204 4092/1196/3198 4099/1174/3205
f 4092/1196/3198 4100/1175/3206 4099/1174/3205
f 4092/1196/3198 4091/1176/3197 4100/1175/3206
f 4101/1205/3081 4102/1207/3207 4103/1194/3208
f 4104/1193/3209 4101/1205/3081 4103/1194/3208
f 4105/1139/3210 4106/1138/3211 4107/1117/3211
f 4108/1211/3210 4105/1139/3210 4107/1117/3211
f 4109/1119/3212 4110/1212/3213 4111/1117/3214
f 4110/1212/3213 4112/1211/3215 4111/1117/3214
f 4113/1121/3216 4110/1212/3213 4109/1119/3212
f 4114/1234/3217 4115/1235/3218 4116/1236/3219
f 4117/1237/3220 4114/1234/3217 4116/1236/3219
f 4118/1238/3221 4114/1234/3217 4117/1237/3220
f 4119/1239/3222 4118/1238/3221 4117/1237/3220
f 4120/1240/3223 4118/1238/3221 4119/1239/3222
f 4116/1236/3219 4115/1235/3218 4121/1241/3224
f 4115/1235/3218 4122/1242/3225 4121/1241/3224
f 4114/1234/3217 4123/1243/3226 4115/1235/3218
f 4123/1243/3226 4124/1244/3227 4115/1235/3218
f 4115/1235/3218 4124/1244/3227 4122/1242/3225
f 4125/1245/3228 4123/1243/3226 4114/1234/3217
f 4118/1238/3221 4125/1245/3228 4114/1234/3217
f 4126/1246/3229 4125/1245/3228 4118/1238/3221
f 4127/1247/3230 4126/1246/3229 4118/1238/3221
f 4120/1240/3223 4127/1247/3230 4118/1238/3221
f 4124/1244/3227 4128/1248/3231 4122/1242/3225
f 4123/1243/3226 4129/1249/3232 4124/1244/3227
f 4129/1249/3232 4130/1250/3233 4124/1244/3227
f 4124/1244/3227 4130/1250/3233 4128/1248/3231
f 4131/1251/3234 4129/1249/3232 4123/1243/3226
f 4125/1245/3228 4131/1251/3234 4123/1243/3226
f 4132/1252/3235 4131/1251/3234 4125/1245/3228
f 4126/1246/3229 4132/1252/3235 4125/1245/3228
f 4130/1250/3233 4133/1253/3236 4128/1248/3231
f 4130/1250/3233 4129/1249/3232 4134/1254/3237
f 4129/1249/3232 4135/1243/3238 4134/1254/3237
f 4129/1249/3232 4131/1251/3234 4135/1243/3238
f 4134/1254/3237 4135/1243/3238 4136/1255/3239
f 4135/1243/3238 4137/1234/3240 4136/1255/3239
f 4136/1255/3239 4137/1234/3240 4138/1236/3241
f 4137/1234/3240 4139/1237/3242 4138/1236/3241
f 4137/1234/3240 4140/1238/3243 4139/1237/3242
f 4140/1238/3243 4141/1239/3244 4139/1237/3242
f 4140/1238/3243 4142/1240/3245 4141/1239/3244
f 4136/1255/3239 4138/1236/3241 4143/1241/3246
f 4144/1256/3247 4136/1255/3239 4143/1241/3246
f 4134/1254/3237 4136/1255/3239 4144/1256/3247
f 4145/1245/3248 4140/1238/3243 4137/1234/3240
f 4135/1243/3238 4145/1245/3248 4137/1234/3240
f 4131/1251/3234 4145/1245/3248 4135/1243/3238
f 4131/1251/3234 4132/1252/3235 4145/1245/3248
f 4145/1245/3248 4146/1246/3249 4140/1238/3243
f 4132/1252/3235 4146/1246/3249 4145/1245/3248
f 4146/1246/3249 4147/1247/3250 4140/1238/3243
f 4147/1247/3250 4142/1240/3245 4140/1238/3243
f 4148/1257/3251 4134/1254/3237 4144/1256/3247
f 4130/1250/3233 4134/1254/3237 4148/1257/3251
f 4133/1253/3236 4130/1250/3233 4148/1257/3251
f 4149/1258/3252 4150/1259/3230 4151/1260/3223
f 4152/1261/3253 4149/1258/3252 4151/1260/3223
f 4149/1258/3252 4153/1262/3254 4150/1259/3230
f 4153/1262/3254 4154/1263/3255 4150/1259/3230
f 4153/1262/3254 4155/1264/3256 4154/1263/3255
f 4155/1264/3256 4156/1265/3257 4154/1263/3255
f 4156/1265/3257 4155/1264/3256 4157/1266/3258
f 4155/1264/3256 4158/1267/3259 4157/1266/3258
f 4157/1266/3258 4158/1267/3259 4159/1268/3250
f 4158/1267/3259 4160/1269/3260 4159/1268/3250
f 4159/1268/3250 4160/1269/3260 4161/1270/3245
f 4160/1269/3260 4162/1271/3261 4161/1270/3245
f 4151/1260/3262 4163/1272/3222 4164/1261/3263
f 4163/1272/3222 4165/1273/3264 4164/1261/3263
f 4165/1273/3264 4166/1274/3265 4164/1261/3263
f 4167/1275/3219 4166/1274/3265 4165/1273/3264
f 4168/1276/3224 4166/1274/3265 4167/1275/3219
f 4169/1277/3266 4166/1274/3265 4168/1276/3224
f 4168/1276/3224 4170/1278/3267 4169/1277/3266
f 4170/1278/3267 4171/1279/3268 4169/1277/3266
f 4170/1278/3267 4172/1280/3269 4171/1279/3268
f 4172/1280/3269 4173/1281/3270 4171/1279/3268
f 4172/1280/3269 4174/1282/3236 4173/1281/3270
f 4174/1282/3236 4175/1283/3271 4173/1281/3270
f 4176/1284/3272 4166/1274/3265 4169/1277/3266
f 4166/1274/3265 4176/1284/3272 4164/1261/3263
f 4176/1284/3272 4177/1285/3273 4164/1261/3263
f 4169/1277/3266 4171/1279/3268 4178/1286/3274
f 4171/1279/3268 4173/1281/3270 4178/1286/3274
f 4179/1287/3275 4178/1286/3274 4173/1281/3270
f 4173/1281/3270 4175/1283/3271 4180/1288/3276
f 4179/1287/3275 4173/1281/3270 4180/1288/3276
f 4175/1283/3271 4174/1282/3236 4181/1281/3277
f 4174/1282/3236 4182/1280/3278 4181/1281/3277
f 4181/1281/3277 4182/1280/3278 4183/1279/3279
f 4182/1280/3278 4184/1278/3280 4183/1279/3279
f 4183/1279/3279 4184/1278/3280 4185/1277/3281
f 4184/1278/3280 4186/1276/3282 4185/1277/3281
f 4187/1274/3283 4185/1277/3281 4186/1276/3282
f 4187/1274/3283 4188/1284/3284 4185/1277/3281
f 4187/1274/3283 4186/1276/3282 4189/1275/3241
f 4187/1274/3283 4189/1275/3241 4190/1273/3242
f 4187/1274/3283 4190/1273/3242 4191/1261/3285
f 4188/1284/3284 4187/1274/3283 4191/1261/3285
f 4190/1273/3242 4192/1272/3286 4191/1261/3285
f 4192/1272/3286 4193/1260/3245 4191/1261/3285
f 4179/1287/3275 4194/1289/3287 4178/1286/3274
f 4195/1290/3288 4178/1286/3274 4194/1289/3287
f 4169/1277/3266 4178/1286/3274 4195/1290/3288
f 4195/1290/3288 4194/1289/3287 4196/1291/3289
f 4195/1290/3288 4196/1291/3289 4197/1292/3290
f 4196/1291/3289 4198/1293/3291 4197/1292/3290
f 4198/1293/3291 4199/1294/3292 4197/1292/3290
f 4199/1294/3292 4198/1293/3291 4200/1295/3293
f 4198/1293/3291 4201/1296/3294 4200/1295/3293
f 4202/1297/3295 4195/1290/3288 4197/1292/3290
f 4202/1297/3295 4197/1292/3290 4203/1298/3296
f 4201/1296/3294 4204/1299/3297 4200/1295/3293
f 4205/1300/3298 4204/1299/3297 4201/1296/3294
f 4204/1299/3297 4206/1301/3299 4200/1295/3293
f 4207/1302/3300 4200/1295/3293 4206/1301/3299
f 4205/1300/3298 4208/1303/3301 4204/1299/3297
f 4208/1303/3301 4209/1304/3302 4204/1299/3297
f 4208/1303/3301 4210/1305/3279 4209/1304/3302
f 4211/1306/3277 4210/1305/3279 4208/1303/3301
f 4208/1303/3301 4212/1307/3303 4211/1306/3277
f 4208/1303/3301 4205/1300/3298 4212/1307/3303
f 4211/1306/3277 4212/1307/3303 4180/1288/3276
f 4175/1283/3271 4211/1306/3277 4180/1288/3276
f 4203/1298/3296 4213/1308/3304 4202/1297/3295
f 4203/1298/3296 4214/1309/3305 4213/1308/3304
f 4215/1310/3306 4213/1308/3304 4214/1309/3305
f 4215/1310/3306 4214/1309/3305 4216/1311/3307
f 4177/1285/3273 4215/1310/3306 4216/1311/3307
f 4216/1311/3307 4214/1309/3305 4217/1312/3308
f 4176/1284/3272 4215/1310/3306 4177/1285/3273
f 4176/1284/3272 4218/1313/3309 4215/1310/3306
f 4218/1313/3309 4213/1308/3304 4215/1310/3306
f 4177/1285/3273 4216/1311/3307 4219/1258/3310
f 4220/1262/3311 4219/1258/3310 4216/1311/3307
f 4177/1285/3273 4219/1258/3310 4164/1261/3263
f 4221/1314/3312 4220/1262/3311 4216/1311/3307
f 4216/1311/3307 4217/1312/3308 4221/1314/3312
f 4221/1314/3312 4222/1315/3313 4220/1262/3311
f 4222/1315/3313 4223/1264/3314 4220/1262/3311
f 4223/1264/3314 4222/1315/3313 4224/1267/3315
f 4222/1315/3313 4225/1316/3316 4224/1267/3315
f 4226/1317/3317 4224/1267/3315 4225/1316/3316
f 4226/1317/3317 4227/1269/3318 4224/1267/3315
f 4226/1317/3317 4228/1318/3319 4227/1269/3318
f 4227/1269/3318 4228/1318/3319 4229/1271/3285
f 4228/1318/3319 4230/1319/3284 4229/1271/3285
f 4231/1320/3320 4230/1319/3284 4228/1318/3319
f 4226/1317/3317 4231/1320/3320 4228/1318/3319
f 4226/1317/3317 4232/1321/3321 4231/1320/3320
f 4231/1320/3320 4232/1321/3321 4233/1322/3322
f 4233/1322/3322 4232/1321/3321 4207/1302/3300
f 4234/1323/3323 4232/1321/3321 4226/1317/3317
f 4234/1323/3323 4226/1317/3317 4225/1316/3316
f 4231/1320/3320 4233/1322/3322 4235/1324/3324
f 4231/1320/3320 4235/1324/3324 4230/1319/3284
f 4236/1325/3325 4234/1323/3323 4225/1316/3316
f 4222/1315/3313 4236/1325/3325 4225/1316/3316
f 4222/1315/3313 4237/1326/3326 4236/1325/3325
f 4238/1327/3327 4237/1326/3326 4222/1315/3313
f 4221/1314/3312 4238/1327/3327 4222/1315/3313
f 4217/1312/3308 4238/1327/3327 4221/1314/3312
f 4233/1322/3322 4207/1302/3300 4206/1301/3299
f 4239/1328/3328 4240/1329/3329 4241/1330/3330
f 4242/1331/3331 4239/1328/3328 4241/1330/3330
f 4242/1331/3331 4241/1330/3330 4243/1332/3332
f 4243/1332/3332 4241/1330/3330 4244/1333/3333
f 4245/1334/3334 4244/1333/3333 4241/1330/3330
f 4246/1335/3335 4245/1334/3334 4241/1330/3330
f 4247/1336/3336 4246/1335/3335 4241/1330/3330
f 4247/1336/3336 4241/1330/3330 4248/1337/3337
f 4249/1338/3338 4248/1337/3337 4241/1330/3330
f 4250/1339/3339 4249/1338/3338 4241/1330/3330
f 4251/1340/3340 4250/1339/3339 4241/1330/3330
f 4251/1340/3340 4241/1330/3330 4240/1329/3329
f 4252/1292/3341 4253/1294/3342 4254/1341/3342
f 4255/1342/3343 4252/1292/3341 4254/1341/3342
f 4254/1341/3342 4253/1294/3342 4256/1343/3344
f 4253/1294/3342 4257/1295/3345 4256/1343/3344
f 4256/1343/3344 4257/1295/3345 4258/1302/3346
f 4259/1344/3347 4256/1343/3344 4258/1302/3346
f 4252/1292/3341 4255/1342/3343 4260/1345/3348
f 4261/1298/3349 4252/1292/3341 4260/1345/3348
f 4259/1344/3347 4258/1302/3346 4262/1321/3350
f 4263/1346/3351 4259/1344/3347 4262/1321/3350
f 4263/1346/3351 4262/1321/3350 4264/1323/3352
f 4265/1347/3353 4263/1346/3351 4264/1323/3352
f 4265/1347/3353 4264/1323/3352 4266/1348/3354
f 4264/1323/3352 4267/1325/3355 4266/1348/3354
f 4266/1348/3354 4267/1325/3355 4268/1326/3356
f 4269/1349/3356 4266/1348/3354 4268/1326/3356
f 4270/1350/3357 4269/1349/3356 4268/1326/3356
f 4271/1327/3358 4270/1350/3357 4268/1326/3356
f 4270/1350/3357 4271/1327/3358 4272/1312/3359
f 4273/1351/3360 4270/1350/3357 4272/1312/3359
f 4273/1351/3360 4272/1312/3359 4274/1352/3361
f 4272/1312/3359 4275/1309/3362 4274/1352/3361
f 4260/1345/3348 4274/1352/3361 4275/1309/3362
f 4261/1298/3349 4260/1345/3348 4275/1309/3362
f 4276/1353/3363 4277/1354/3364 4278/1284/3365
f 4279/1277/3366 4276/1353/3363 4278/1284/3365
f 4276/1353/3363 4279/1277/3366 4280/1355/3367
f 4279/1277/3366 4281/1290/3368 4280/1355/3367
f 4280/1355/3367 4281/1290/3368 4282/1297/3369
f 4283/1356/3370 4280/1355/3367 4282/1297/3369
f 4283/1356/3370 4282/1297/3369 4284/1308/3371
f 4285/1357/3372 4283/1356/3370 4284/1308/3371
f 4277/1354/3364 4286/1358/3373 4278/1284/3365
f 4286/1358/3373 4287/1313/3374 4278/1284/3365
f 4285/1357/3372 4284/1308/3371 4287/1313/3374
f 4286/1358/3373 4285/1357/3372 4287/1313/3374
f 4288/1359/3375 4289/1360/3376 4290/1361/3377
f 4291/1362/3378 4290/1361/3377 4289/1360/3376
f 4292/1363/3379 4290/1361/3377 4291/1362/3378
f 4293/1364/3380 4290/1361/3377 4292/1363/3379
f 4294/1365/3381 4290/1361/3377 4293/1364/3380
f 4295/1366/3379 4288/1359/3375 4290/1361/3377
f 4296/1367/3382 4295/1366/3379 4290/1361/3377
f 4296/1367/3382 4290/1361/3377 4294/1365/3381
f 4297/1368/3383 4298/1369/3384 4299/1370/3385
f 4300/1371/3385 4297/1368/3383 4299/1370/3385
f 4297/1368/3383 4301/1372/3386 4298/1369/3384
f 4301/1372/3386 4302/1373/3387 4298/1369/3384
f 4303/1374/3388 4304/1375/3389 4305/1293/3389
f 4306/1291/3390 4303/1374/3388 4305/1293/3389
f 4303/1374/3388 4306/1291/3390 4307/1376/3391
f 4306/1291/3390 4308/1289/3392 4307/1376/3391
f 4307/1376/3391 4308/1289/3392 4309/1377/3393
f 4308/1289/3392 4310/1287/3394 4309/1377/3393
f 4309/1377/3393 4310/1287/3394 4311/1378/3395
f 4310/1287/3394 4312/1288/3395 4311/1378/3395
f 4311/1378/3395 4312/1288/3395 4313/1307/3396
f 4314/1379/3397 4311/1378/3395 4313/1307/3396
f 4314/1379/3397 4313/1307/3396 4315/1300/3398
f 4316/1380/3399 4314/1379/3397 4315/1300/3398
f 4316/1380/3399 4315/1300/3398 4317/1296/3400
f 4318/1381/3401 4316/1380/3399 4317/1296/3400
f 4318/1381/3401 4317/1296/3400 4305/1293/3389
f 4304/1375/3389 4318/1381/3401 4305/1293/3389
f 4319/1382/3402 4320/1383/3403 4321/1384/3404
f 4319/1382/3402 4321/1384/3404 4322/1385/3405
f 4321/1384/3404 4323/1386/3405 4322/1385/3405
f 4319/1382/3402 4324/1387/3406 4320/1383/3403
f 4325/1301/3407 4326/1299/3408 4327/1388/3409
f 4328/1389/3410 4325/1301/3407 4327/1388/3409
f 4327/1388/3409 4326/1299/3408 4329/1304/3411
f 4330/1390/3412 4327/1388/3409 4329/1304/3411
f 4330/1390/3412 4329/1304/3411 4331/1319/3413
f 4332/1391/3414 4330/1390/3412 4331/1319/3413
f 4325/1301/3407 4328/1389/3410 4333/1322/3415
f 4328/1389/3410 4334/1392/3416 4333/1322/3415
f 4333/1322/3415 4334/1392/3416 4335/1393/3417
f 4335/1393/3417 4332/1391/3414 4331/1319/3413
f 4336/1324/3418 4333/1322/3415 4335/1393/3417
f 4336/1324/3418 4335/1393/3417 4331/1319/3413
f 4337/1394/3419 4338/1395/3420 4339/1396/3421
f 4340/1397/3422 4338/1395/3420 4337/1394/3419
f 4338/1395/3420 4341/1398/3423 4339/1396/3421
f 4342/1399/3424 4341/1398/3423 4338/1395/3420
f 4343/1400/3425 4341/1398/3423 4342/1399/3424
f 4343/1400/3425 4342/1399/3424 4344/1401/3426
f 4344/1401/3426 4342/1399/3424 4345/1402/3427
f 4342/1399/3424 4346/1403/3428 4345/1402/3427
f 4347/1404/3429 4342/1399/3424 4338/1395/3420
f 4340/1397/3422 4347/1404/3429 4338/1395/3420
f 4339/1396/3421 4341/1398/3423 4348/1405/3430
f 4343/1400/3425 4348/1405/3430 4341/1398/3423
f 4339/1396/3421 4348/1405/3430 4349/1406/3431
f 4339/1396/3421 4349/1406/3431 4350/1407/3432
f 4337/1394/3419 4339/1396/3421 4350/1407/3432
f 4351/1408/3433 4346/1403/3428 4342/1399/3424
f 4351/1408/3433 4342/1399/3424 4347/1404/3429
f 4351/1408/3433 4352/1409/3434 4346/1403/3428
f 4347/1404/3429 4340/1397/3422 4353/1410/3435
f 4351/1408/3433 4347/1404/3429 4353/1410/3435
f 4340/1397/3422 4354/1411/3436 4353/1410/3435
f 4355/1412/3437 4354/1411/3436 4340/1397/3422
f 4355/1412/3437 4356/1413/3438 4354/1411/3436
f 4356/1413/3438 4357/1414/3439 4354/1411/3436
f 4358/1415/3440 4354/1411/3436 4357/1414/3439
f 4358/1415/3440 4353/1410/3435 4354/1411/3436
f 4358/1415/3440 4351/1408/3433 4353/1410/3435
f 4351/1408/3433 4358/1415/3440 4352/1409/3434
f 4352/1409/3434 4358/1415/3440 4359/1416/3441
f 4357/1414/3439 4359/1416/3441 4358/1415/3440
f 4357/1414/3439 4360/1417/3442 4359/1416/3441
f 4356/1413/3438 4361/1418/3443 4357/1414/3439
f 4361/1418/3443 4362/1417/3444 4357/1414/3439
f 4363/1419/3445 4361/1418/3443 4356/1413/3438
f 4364/1420/3446 4361/1418/3443 4363/1419/3445
f 4364/1420/3446 4363/1419/3445 4365/1421/3447
f 4363/1419/3445 4366/1422/3448 4365/1421/3447
f 4356/1413/3438 4366/1422/3448 4363/1419/3445
f 4356/1413/3438 4355/1412/3437 4366/1422/3448
f 4366/1422/3448 4367/1423/3449 4365/1421/3447
f 4364/1420/3446 4365/1421/3447 4368/1424/3450
f 4366/1422/3448 4355/1412/3437 4369/1425/3451
f 4366/1422/3448 4369/1425/3451 4370/1426/3452
f 4366/1422/3448 4370/1426/3452 4367/1423/3449
f 4370/1426/3452 4371/1427/3453 4367/1423/3449
f 4370/1426/3452 4372/1428/3454 4371/1427/3453
f 4369/1425/3451 4372/1428/3454 4370/1426/3452
f 4369/1425/3451 4373/1394/3455 4372/1428/3454
f 4372/1428/3454 4374/1429/3456 4371/1427/3453
f 4369/1425/3451 4340/1397/3422 4373/1394/3455
f 4355/1412/3437 4340/1397/3422 4369/1425/3451
f 4367/1423/3449 4375/1422/3457 4365/1421/3447
f 4371/1427/3453 4376/1426/3458 4367/1423/3449
f 4367/1423/3449 4376/1426/3458 4375/1422/3457
f 4377/1428/3459 4376/1426/3458 4371/1427/3453
f 4374/1429/3456 4377/1428/3459 4371/1427/3453
f 4375/1422/3457 4378/1419/3460 4365/1421/3447
f 4378/1419/3460 4379/1420/3461 4365/1421/3447
f 4380/1418/3462 4379/1420/3461 4378/1419/3460
f 4380/1418/3462 4378/1419/3460 4381/1413/3463
f 4375/1422/3457 4381/1413/3463 4378/1419/3460
f 4380/1418/3462 4381/1413/3463 4382/1414/3464
f 4383/1417/3465 4380/1418/3462 4382/1414/3464
f 4382/1414/3464 4381/1413/3463 4384/1411/3466
f 4384/1411/3466 4385/1415/3467 4382/1414/3464
f 4381/1413/3463 4386/1412/3468 4384/1411/3466
f 4386/1412/3468 4381/1413/3463 4375/1422/3457
f 4384/1411/3466 4386/1412/3468 4387/1397/3469
f 4384/1411/3466 4387/1397/3469 4388/1410/3470
f 4388/1410/3470 4385/1415/3467 4384/1411/3466
f 4389/1408/3471 4385/1415/3467 4388/1410/3470
f 4390/1409/3472 4385/1415/3467 4389/1408/3471
f 4385/1415/3467 4390/1409/3472 4391/1416/3473
f 4391/1416/3473 4382/1414/3464 4385/1415/3467
f 4387/1397/3469 4392/1404/3474 4388/1410/3470
f 4392/1404/3474 4389/1408/3471 4388/1410/3470
f 4392/1404/3474 4387/1397/3469 4393/1395/3475
f 4393/1395/3475 4387/1397/3469 4394/1394/3476
f 4395/1399/3477 4392/1404/3474 4393/1395/3475
f 4392/1404/3474 4395/1399/3477 4389/1408/3471
f 4396/1398/3478 4395/1399/3477 4393/1395/3475
f 4396/1398/3478 4343/1400/3425 4395/1399/3477
f 4395/1399/3477 4343/1400/3425 4344/1401/3426
f 4395/1399/3477 4344/1401/3426 4345/1402/3427
f 4397/1403/3479 4395/1399/3477 4345/1402/3427
f 4390/1409/3472 4389/1408/3471 4397/1403/3479
f 4395/1399/3477 4397/1403/3479 4389/1408/3471
f 4396/1398/3478 4393/1395/3475 4398/1396/3480
f 4398/1396/3480 4393/1395/3475 4394/1394/3476
f 4398/1396/3480 4394/1394/3476 4350/1407/3432
f 4349/1406/3431 4398/1396/3480 4350/1407/3432
f 4396/1398/3478 4398/1396/3480 4348/1405/3430
f 4348/1405/3430 4398/1396/3480 4349/1406/3431
f 4396/1398/3478 4348/1405/3430 4343/1400/3425
f 4399/1430/3481 4397/1403/3479 4345/1402/3427
f 4400/1431/3482 4399/1430/3481 4345/1402/3427
f 4401/1430/3483 4400/1431/3482 4345/1402/3427
f 4346/1403/3428 4401/1430/3483 4345/1402/3427
f 4402/1432/3484 4403/1407/3485 4404/1433/3486
f 4402/1432/3484 4373/1394/3455 4403/1407/3485
f 4404/1433/3486 4403/1407/3485 4405/1432/3487
f 4406/1394/3488 4405/1432/3487 4403/1407/3485
f 4404/1433/3486 4405/1432/3487 4374/1429/3456
f 4402/1432/3484 4404/1433/3486 4374/1429/3456
f 4405/1432/3487 4377/1428/3459 4374/1429/3456
f 4406/1394/3488 4377/1428/3459 4405/1432/3487
f 4406/1394/3488 4407/1425/3489 4377/1428/3459
f 4377/1428/3459 4407/1425/3489 4376/1426/3458
f 4407/1425/3489 4375/1422/3457 4376/1426/3458
f 4386/1412/3468 4375/1422/3457 4407/1425/3489
f 4387/1397/3469 4386/1412/3468 4407/1425/3489
f 4387/1397/3469 4407/1425/3489 4406/1394/3488
f 4372/1428/3454 4402/1432/3484 4374/1429/3456
f 4402/1432/3484 4372/1428/3454 4373/1394/3455
f 4408/1434/3490 4409/1435/3491 4410/1436/3492
f 4411/1437/3493 4409/1435/3491 4408/1434/3490
f 4408/1434/3490 4410/1436/3492 4412/1438/3494
f 4413/1439/3495 4408/1434/3490 4412/1438/3494
f 4413/1439/3495 4414/1440/3496 4408/1434/3490
f 4414/1440/3496 4415/1441/3497 4408/1434/3490
f 4416/1442/3498 4408/1434/3490 4415/1441/3497
f 4411/1437/3493 4408/1434/3490 4416/1442/3498
f 4417/1409/3499 4416/1442/3498 4415/1441/3497
f 4418/1443/3500 4411/1437/3493 4416/1442/3498
f 4411/1437/3493 4419/1444/3501 4409/1435/3491
f 4411/1437/3493 4418/1443/3500 4419/1444/3501
f 4419/1444/3501 4420/1445/3502 4409/1435/3491
f 4419/1444/3501 4418/1443/3500 4420/1445/3502
f 4421/1446/3503 4409/1435/3491 4420/1445/3502
f 4416/1442/3498 4417/1409/3499 4422/1447/3504
f 4418/1443/3500 4416/1442/3498 4422/1447/3504
f 4418/1443/3500 4423/1448/3505 4420/1445/3502
f 4424/1449/3506 4420/1445/3502 4423/1448/3505
f 4424/1449/3506 4421/1446/3503 4420/1445/3502
f 4425/1450/3507 4418/1443/3500 4422/1447/3504
f 4425/1450/3507 4422/1447/3504 4426/1451/3508
f 4418/1443/3500 4425/1450/3507 4427/1448/3509
f 4428/1147/3510 4427/1448/3509 4425/1450/3507
f 4425/1450/3507 4426/1451/3508 4429/1452/3511
f 4430/1416/3512 4429/1452/3511 4426/1451/3508
f 4430/1416/3512 4426/1451/3508 4431/1409/3513
f 4426/1451/3508 4422/1447/3504 4431/1409/3513
f 4425/1450/3507 4429/1452/3511 4432/1453/3514
f 4428/1147/3510 4425/1450/3507 4432/1453/3514
f 4429/1452/3511 4433/1454/3515 4432/1453/3514
f 4429/1452/3511 4434/1455/3516 4433/1454/3515
f 4434/1455/3516 4429/1452/3511 4435/1417/3517
f 4429/1452/3511 4430/1416/3512 4435/1417/3517
f 4436/1149/3518 4428/1147/3510 4432/1453/3514
f 4432/1453/3514 4437/1136/3519 4436/1149/3518
f 4432/1453/3514 4433/1454/3515 4437/1136/3519
f 4433/1454/3515 4438/1456/3520 4437/1136/3519
f 4427/1448/3509 4428/1147/3510 4439/1151/3521
f 4440/1457/3522 4427/1448/3509 4439/1151/3521
f 4440/1457/3522 4439/1151/3521 4441/1458/3523
f 4439/1151/3521 4442/1152/3524 4441/1458/3523
f 4442/1152/3524 4443/1151/3525 4441/1458/3523
f 4443/1151/3525 4444/1457/3526 4441/1458/3523
f 4443/1151/3525 4445/1448/3527 4444/1457/3526
f 4446/1147/3528 4445/1448/3527 4443/1151/3525
f 4445/1448/3527 4446/1147/3528 4447/1450/3529
f 4447/1450/3529 4448/1443/3530 4445/1448/3527
f 4448/1443/3530 4447/1450/3529 4449/1447/3531
f 4450/1442/3532 4448/1443/3530 4449/1447/3531
f 4451/1437/3533 4448/1443/3530 4450/1442/3532
f 4452/1434/3534 4451/1437/3533 4450/1442/3532
f 4453/1435/3535 4451/1437/3533 4452/1434/3534
f 4453/1435/3535 4452/1434/3534 4454/1436/3536
f 4454/1436/3536 4452/1434/3534 4455/1438/3537
f 4452/1434/3534 4456/1439/3538 4455/1438/3537
f 4452/1434/3534 4450/1442/3532 4457/1441/3539
f 4458/1444/3540 4451/1437/3533 4453/1435/3535
f 4448/1443/3530 4451/1437/3533 4458/1444/3540
f 4459/1445/3541 4458/1444/3540 4453/1435/3535
f 4448/1443/3530 4458/1444/3540 4459/1445/3541
f 4460/1409/3542 4450/1442/3532 4449/1447/3531
f 4457/1441/3539 4450/1442/3532 4460/1409/3542
f 4457/1441/3539 4460/1409/3542 4461/1459/3543
f 4461/1459/3543 4460/1409/3542 4462/1403/3544
f 4461/1459/3543 4462/1403/3544 4463/1430/3545
f 4464/1460/3546 4461/1459/3543 4463/1430/3545
f 4461/1459/3543 4464/1460/3546 4465/1440/3547
f 4457/1441/3539 4461/1459/3543 4465/1440/3547
f 4465/1440/3547 4456/1439/3538 4452/1434/3534
f 4457/1441/3539 4465/1440/3547 4452/1434/3534
f 4455/1438/3537 4456/1439/3538 4466/1461/3548
f 4466/1461/3548 4456/1439/3538 4465/1440/3547
f 4467/1462/3549 4455/1438/3537 4466/1461/3548
f 4412/1438/3494 4467/1462/3549 4466/1461/3548
f 4413/1439/3495 4412/1438/3494 4466/1461/3548
f 4413/1439/3495 4466/1461/3548 4468/1463/3550
f 4468/1463/3550 4466/1461/3548 4465/1440/3547
f 4414/1440/3496 4413/1439/3495 4468/1463/3550
f 4464/1460/3546 4463/1430/3545 4469/1431/3551
f 4470/1464/3552 4464/1460/3546 4469/1431/3551
f 4465/1440/3547 4464/1460/3546 4470/1464/3552
f 4468/1463/3550 4465/1440/3547 4470/1464/3552
f 4414/1440/3496 4468/1463/3550 4470/1464/3552
f 4471/1460/3553 4470/1464/3552 4469/1431/3551
f 4471/1460/3553 4414/1440/3496 4470/1464/3552
f 4472/1430/3554 4471/1460/3553 4469/1431/3551
f 4472/1430/3554 4473/1403/3555 4471/1460/3553
f 4473/1403/3555 4474/1459/3556 4471/1460/3553
f 4417/1409/3499 4474/1459/3556 4473/1403/3555
f 4471/1460/3553 4474/1459/3556 4415/1441/3497
f 4414/1440/3496 4471/1460/3553 4415/1441/3497
f 4417/1409/3499 4415/1441/3497 4474/1459/3556
f 4475/1457/3557 4441/1458/3558 4476/1465/3559
f 4441/1458/3558 4477/1457/3560 4476/1465/3559
f 4477/1457/3560 4478/1449/3561 4476/1465/3559
f 4424/1449/3506 4475/1457/3557 4476/1465/3559
f 4424/1449/3506 4423/1448/3505 4475/1457/3557
f 4477/1457/3560 4479/1448/3562 4478/1449/3561
f 4459/1445/3541 4478/1449/3561 4479/1448/3562
f 4480/1446/3563 4478/1449/3561 4459/1445/3541
f 4479/1448/3562 4448/1443/3530 4459/1445/3541
f 4453/1435/3535 4480/1446/3563 4459/1445/3541
f 4481/1449/3564 4482/1465/3565 4483/1466/3565
f 4484/1467/3566 4481/1449/3564 4483/1466/3565
f 4482/1465/3565 4485/1449/3567 4483/1466/3565
f 4485/1449/3567 4486/1467/3568 4483/1466/3565
f 4486/1467/3568 4485/1449/3567 4487/1446/3569
f 4488/1468/3570 4486/1467/3568 4487/1446/3569
f 4481/1449/3564 4484/1467/3566 4489/1468/3571
f 4490/1446/3572 4481/1449/3564 4489/1468/3571
f 4490/1446/3572 4489/1468/3571 4491/1435/3573
f 4489/1468/3571 4492/1469/3574 4491/1435/3573
f 4492/1469/3574 4493/1470/3575 4491/1435/3573
f 4493/1470/3575 4494/1436/3576 4491/1435/3573
f 4494/1436/3576 4493/1470/3575 4495/1471/3577
f 4496/1438/3578 4494/1436/3576 4495/1471/3577
f 4496/1438/3578 4495/1471/3577 4497/1462/3579
f 4495/1471/3577 4498/1438/3580 4497/1462/3579
f 4495/1471/3577 4499/1470/3581 4498/1438/3580
f 4499/1470/3581 4500/1436/3582 4498/1438/3580
f 4500/1436/3582 4499/1470/3581 4501/1435/3583
f 4488/1468/3570 4487/1446/3569 4501/1435/3583
f 4499/1470/3581 4502/1469/3584 4501/1435/3583
f 4502/1469/3584 4488/1468/3570 4501/1435/3583
f 4503/1472/3585 4504/1473/3586 4505/1474/3587
f 4505/1474/3587 4506/1475/3588 4503/1472/3585
f 4506/1475/3588 4505/1474/3587 4507/1476/3589
f 4504/1473/3586 4507/1476/3589 4505/1474/3587
f 4506/1475/3588 4508/1424/3590 4503/1472/3585
f 4504/1473/3586 4509/1122/3591 4507/1476/3589
f 4504/1473/3586 4510/1477/3592 4509/1122/3591
f 4510/1477/3592 4511/1124/3593 4509/1122/3591
f 4511/1124/3593 4510/1477/3592 4512/1478/3594
f 4506/1475/3588 4507/1476/3589 4513/1455/3595
f 4507/1476/3589 4514/1479/3596 4513/1455/3595
f 4509/1122/3591 4514/1479/3596 4507/1476/3589
f 4509/1122/3591 4515/1121/3597 4514/1479/3596
f 4504/1473/3586 4503/1472/3585 4516/1474/3598
f 4517/1475/3599 4516/1474/3598 4503/1472/3585
f 4508/1424/3590 4517/1475/3599 4503/1472/3585
f 4510/1477/3592 4518/1124/3600 4512/1478/3594
f 4516/1474/3598 4517/1475/3599 4519/1476/3601
f 4519/1476/3601 4504/1473/3586 4516/1474/3598
f 4520/1122/3602 4504/1473/3586 4519/1476/3601
f 4518/1124/3600 4510/1477/3592 4520/1122/3602
f 4510/1477/3592 4504/1473/3586 4520/1122/3602
f 4519/1476/3601 4517/1475/3599 4521/1455/3603
f 4383/1417/3465 4521/1455/3603 4517/1475/3599
f 4522/1479/3604 4519/1476/3601 4521/1455/3603
f 4522/1479/3604 4520/1122/3602 4519/1476/3601
f 4523/1121/3605 4520/1122/3602 4522/1479/3604
f 4383/1417/3465 4517/1475/3599 4524/1418/3606
f 4517/1475/3599 4525/1420/3607 4524/1418/3606
f 4517/1475/3599 4508/1424/3590 4525/1420/3607
f 4526/1212/3608 4527/1479/3609 4515/1121/3597
f 4526/1212/3608 4528/1480/3610 4527/1479/3609
f 4528/1480/3610 4529/1481/3611 4527/1479/3609
f 4527/1479/3609 4529/1481/3611 4530/1455/3612
f 4531/1479/3613 4532/1212/3614 4523/1121/3605
f 4533/1480/3615 4532/1212/3614 4531/1479/3613
f 4534/1481/3616 4533/1480/3615 4531/1479/3613
f 4534/1481/3616 4531/1479/3613 4535/1455/3617
f 4536/1420/3618 4508/1424/3590 4506/1475/3588
f 4536/1420/3618 4506/1475/3588 4537/1418/3619
f 4506/1475/3588 4362/1417/3620 4537/1418/3619
f 4506/1475/3588 4513/1455/3595 4362/1417/3620
f 4538/1482/3621 4539/1483/3622 4540/1484/3623
f 4539/1483/3622 4541/1485/3624 4540/1484/3623
f 4540/1484/3623 4541/1485/3624 4542/1486/3625
f 4543/1487/3626 4540/1484/3623 4542/1486/3625
f 4544/1488/3627 4540/1484/3623 4543/1487/3626
f 4544/1488/3627 4545/1489/3628 4540/1484/3623
f 4538/1482/3621 4546/1490/3629 4539/1483/3622
f 4542/1486/3625 4541/1485/3624 4547/1491/3630
f 4548/1492/3631 4547/1491/3630 4541/1485/3624
f 4539/1483/3622 4548/1492/3631 4541/1485/3624
f 4548/1492/3631 4539/1483/3622 4549/1493/3632
f 4550/1494/3633 4545/1489/3628 4544/1488/3627
f 4550/1494/3633 4551/1495/3634 4545/1489/3628
f 4550/1494/3633 4552/1496/3635 4551/1495/3634
f 4550/1494/3633 4553/1497/3636 4552/1496/3635
f 4546/1490/3629 4554/1482/3637 4539/1483/3622
f 4539/1483/3622 4554/1482/3637 4555/1484/3638
f 4556/1485/3639 4539/1483/3622 4555/1484/3638
f 4556/1485/3639 4555/1484/3638 4557/1486/3640
f 4555/1484/3638 4558/1487/3641 4557/1486/3640
f 4555/1484/3638 4559/1488/3642 4558/1487/3641
f 4560/1489/3643 4559/1488/3642 4555/1484/3638
f 4561/1492/3644 4539/1483/3622 4556/1485/3639
f 4539/1483/3622 4561/1492/3644 4549/1493/3632
f 4556/1485/3639 4557/1486/3640 4562/1491/3645
f 4562/1491/3645 4561/1492/3644 4556/1485/3639
f 4560/1489/3643 4563/1494/3646 4559/1488/3642
f 4564/1495/3647 4563/1494/3646 4560/1489/3643
f 4565/1496/3648 4563/1494/3646 4564/1495/3647
f 4566/1497/3649 4563/1494/3646 4565/1496/3648
f 4567/1137/3650 4568/1136/3650 4569/1456/3650
f 4570/1456/3651 4571/1481/3652 4572/1139/3653
f 4570/1456/3651 4573/1454/3654 4571/1481/3652
f 4574/1455/3655 4571/1481/3652 4573/1454/3654
f 4575/1137/3656 4570/1456/3651 4572/1139/3653
f 4576/1492/3657 4577/1493/3658 4578/1498/3659
f 4579/1499/3660 4576/1492/3657 4578/1498/3659
f 4576/1492/3657 4579/1499/3660 4580/1491/3661
f 4579/1499/3660 4581/1500/3662 4580/1491/3661
f 4580/1491/3661 4581/1500/3662 4582/1486/3663
f 4577/1493/3658 4583/1492/3664 4578/1498/3659
f 4583/1492/3664 4584/1499/3665 4578/1498/3659
f 4584/1499/3665 4583/1492/3664 4585/1491/3666
f 4586/1500/3667 4584/1499/3665 4585/1491/3666
f 4586/1500/3667 4585/1491/3666 4587/1486/3668
f 4588/1498/3669 4589/1501/3669 4590/1502/3670
f 4591/1499/3671 4588/1498/3669 4590/1502/3670
f 4591/1499/3671 4590/1502/3670 4592/1500/3672
f 4590/1502/3670 4593/1503/3673 4592/1500/3672
f 4592/1500/3672 4593/1503/3673 4594/1486/3674
f 4593/1503/3673 4595/1504/3675 4594/1486/3674
f 4594/1486/3674 4595/1504/3675 4596/1487/3676
f 4595/1504/3675 4597/1505/3677 4596/1487/3676
f 4596/1487/3676 4597/1505/3677 4598/1488/3678
f 4597/1505/3677 4599/1494/3678 4598/1488/3678
f 4589/1501/3669 4588/1498/3669 4600/1502/3679
f 4588/1498/3669 4601/1499/3680 4600/1502/3679
f 4600/1502/3679 4601/1499/3680 4602/1500/3681
f 4603/1503/3682 4600/1502/3679 4602/1500/3681
f 4603/1503/3682 4602/1500/3681 4604/1486/3683
f 4605/1504/3684 4603/1503/3682 4604/1486/3683
f 4605/1504/3684 4604/1486/3683 4606/1487/3685
f 4607/1505/3686 4605/1504/3684 4606/1487/3685
f 4607/1505/3686 4606/1487/3685 4608/1488/3687
f 4609/1494/3687 4607/1505/3686 4608/1488/3687
f 4610/1481/3688 4611/1480/3688 4612/1139/3688
f 4365/1421/3447 4379/1420/3461 4368/1424/3450
f 4449/1447/3531 4613/1451/3689 4614/1409/3690
f 4449/1447/3531 4447/1450/3529 4613/1451/3689
f 4613/1451/3689 4447/1450/3529 4615/1452/3691
f 4615/1452/3691 4616/1416/3692 4613/1451/3689
f 4613/1451/3689 4616/1416/3692 4614/1409/3690
f 4615/1452/3691 4447/1450/3529 4617/1453/3693
f 4618/1454/3694 4615/1452/3691 4617/1453/3693
f 4619/1455/3695 4615/1452/3691 4618/1454/3694
f 4615/1452/3691 4620/1417/3696 4616/1416/3692
f 4615/1452/3691 4619/1455/3695 4620/1417/3696
f 4447/1450/3529 4446/1147/3528 4617/1453/3693
f 4446/1147/3528 4621/1149/3697 4617/1453/3693
f 4622/1136/3698 4617/1453/3693 4621/1149/3697
f 4618/1454/3694 4617/1453/3693 4622/1136/3698
f 4623/1456/3699 4618/1454/3694 4622/1136/3698
f 4624/1136/3700 4625/1137/3700 4626/1456/3700
f 4627/1481/3701 4628/1455/3702 4629/1454/3703
f 4627/1481/3701 4629/1454/3703 4630/1456/3704
f 4627/1481/3701 4630/1456/3704 4631/1139/3705
f 4630/1456/3704 4632/1137/3706 4631/1139/3705
f 4633/1480/3707 4634/1481/3707 4635/1139/3707
f 4391/1416/3473 4636/1417/3708 4382/1414/3464
f 4637/1506/3709 4638/1507/3710 4639/1508/3711
f 4640/1509/3712 4639/1508/3711 4638/1507/3710
f 4641/1510/3713 4640/1509/3712 4638/1507/3710
f 4641/1510/3713 4642/1511/3714 4640/1509/3712
f 4643/1512/3715 4642/1511/3714 4641/1510/3713
f 4641/1510/3713 4638/1507/3710 4644/1513/3716
f 4644/1513/3716 4638/1507/3710 4645/1514/3717
f 4637/1506/3709 4645/1514/3717 4638/1507/3710
f 4641/1510/3713 4644/1513/3716 4646/1515/3718
f 4647/1516/3719 4641/1510/3713 4646/1515/3718
f 4647/1516/3719 4643/1512/3715 4641/1510/3713
f 4648/1517/3720 4647/1516/3719 4646/1515/3718
f 4649/1518/3721 4648/1517/3720 4646/1515/3718
f 4644/1513/3716 4649/1518/3721 4646/1515/3718
f 4648/1517/3720 4649/1518/3721 4650/1515/3722
f 4651/1516/3723 4648/1517/3720 4650/1515/3722
f 4652/1510/3724 4651/1516/3723 4650/1515/3722
f 4653/1512/3725 4651/1516/3723 4652/1510/3724
f 4654/1513/3726 4652/1510/3724 4650/1515/3722
f 4649/1518/3721 4654/1513/3726 4650/1515/3722
f 4645/1514/3717 4655/1507/3727 4654/1513/3726
f 4654/1513/3726 4655/1507/3727 4652/1510/3724
f 4649/1518/3721 4656/1519/3728 4654/1513/3726
f 4644/1513/3716 4656/1519/3728 4649/1518/3721
f 4656/1519/3728 4645/1514/3717 4654/1513/3726
f 4644/1513/3716 4645/1514/3717 4656/1519/3728
f 4657/1509/3729 4652/1510/3724 4655/1507/3727
f 4658/1511/3730 4652/1510/3724 4657/1509/3729
f 4658/1511/3730 4653/1512/3725 4652/1510/3724
f 4659/1520/3731 4658/1511/3730 4657/1509/3729
f 4659/1520/3731 4657/1509/3729 4660/1508/3732
f 4660/1508/3732 4657/1509/3729 4655/1507/3727
f 4637/1506/3709 4660/1508/3732 4655/1507/3727
f 4660/1508/3732 4637/1506/3709 4661/1521/3733
f 4662/1522/3734 4660/1508/3732 4661/1521/3733
f 4659/1520/3731 4660/1508/3732 4662/1522/3734
f 4662/1522/3734 4661/1521/3733 4663/1523/3735
f 4664/1524/3736 4662/1522/3734 4663/1523/3735
f 4662/1522/3734 4664/1524/3736 4659/1520/3731
f 4665/1522/3737 4663/1523/3735 4661/1521/3733
f 4665/1522/3737 4666/1524/3738 4663/1523/3735
f 4667/1520/3739 4666/1524/3738 4665/1522/3737
f 4665/1522/3737 4661/1521/3733 4639/1508/3711
f 4661/1521/3733 4637/1506/3709 4639/1508/3711
f 4667/1520/3739 4665/1522/3737 4639/1508/3711
f 4637/1506/3709 4655/1507/3727 4645/1514/3717
f 4667/1520/3739 4639/1508/3711 4640/1509/3712
f 4640/1509/3712 4642/1511/3714 4667/1520/3739
f 4668/1525/3740 4669/1526/3741 4670/1527/3742
f 4671/1123/3743 4668/1525/3740 4670/1527/3742
f 4670/1527/3742 4672/1528/3744 4671/1123/3743
f 4672/1528/3744 4673/1529/3745 4671/1123/3743
f 4669/1526/3741 4674/1525/3746 4670/1527/3742
f 4674/1525/3746 4675/1123/3747 4670/1527/3742
f 4672/1528/3744 4670/1527/3742 4675/1123/3747
f 4676/1529/3748 4672/1528/3744 4675/1123/3747
f 4677/1530/3749 4678/1531/3750 4679/1532/3751
f 4677/1530/3749 4680/1533/3752 4678/1531/3750
f 4680/1533/3752 4681/1534/3752 4678/1531/3750
f 4678/1531/3750 4682/1535/3753 4679/1532/3751
f 4683/1536/3754 4684/1534/3755 4685/1533/3756
f 4686/1536/3757 4683/1536/3754 4685/1533/3756
f 4683/1536/3754 4686/1536/3757 4687/1533/3758
f 4688/1534/3759 4683/1536/3754 4687/1533/3758
f 4689/1532/3760 4690/1537/3761 4691/1537/3762
f 4690/1537/3761 4692/1532/3763 4691/1537/3762
f 4689/1532/3760 4693/1535/3764 4690/1537/3761
f 4690/1537/3761 4694/1535/3765 4692/1532/3763
f 4695/1538/3766 4696/1537/3767 4697/1535/3768
f 4698/1531/3769 4695/1538/3766 4697/1535/3768
f 4698/1531/3769 4699/1534/3770 4695/1538/3766
f 4699/1534/3770 4700/1536/3770 4695/1538/3766
f 4696/1537/3767 4695/1538/3766 4701/1535/3771
f 4695/1538/3766 4702/1531/3772 4701/1535/3771
f 4703/1534/3770 4702/1531/3772 4695/1538/3766
f 4700/1536/3770 4703/1534/3770 4695/1538/3766
f 4704/1535/3773 4705/1531/3774 4706/1532/3775
f 4705/1531/3774 4707/1530/3776 4706/1532/3775
f 4708/1533/3777 4707/1530/3776 4705/1531/3774
f 4709/1534/3777 4708/1533/3777 4705/1531/3774
f 4710/1539/3778 4711/1540/3779 4712/1541/3780
f 4710/1539/3778 4713/1542/3781 4711/1540/3779
f 4714/1540/3782 4713/1542/3781 4710/1539/3778
f 4714/1540/3782 4710/1539/3778 4715/1541/3783
f 4714/1540/3782 4715/1541/3783 4716/1120/3784
f 4717/1120/3785 4712/1541/3780 4711/1540/3779
f 4717/1120/3785 4711/1540/3779 4718/1543/3786
f 4714/1540/3782 4716/1120/3784 4719/1543/3787
f 4720/1544/3788 4710/1539/3778 4721/1541/3789
f 4710/1539/3778 4720/1544/3788 4722/1541/3790
f 4723/1545/3791 4720/1544/3788 4721/1541/3789
f 4724/1546/3792 4723/1545/3791 4721/1541/3789
f 4725/1120/3793 4724/1546/3792 4721/1541/3789
f 4720/1544/3788 4723/1545/3791 4726/1547/3794
f 4723/1545/3791 4724/1546/3792 4726/1547/3794
f 4727/1545/3795 4720/1544/3788 4726/1547/3794
f 4720/1544/3788 4727/1545/3795 4722/1541/3790
f 4727/1545/3795 4728/1546/3796 4722/1541/3790
f 4728/1546/3796 4727/1545/3795 4726/1547/3794
f 4728/1546/3796 4729/1120/3797 4722/1541/3790
f 4730/1548/3798 4731/1549/3799 4732/1540/3800
f 4730/1548/3798 4732/1540/3800 4733/1542/3801
f 4730/1548/3798 4733/1542/3801 4734/1550/3802
f 4730/1548/3798 4735/1551/3803 4731/1549/3799
f 4735/1551/3803 4730/1548/3798 4736/1552/3804
f 4730/1548/3798 4737/1550/3805 4736/1552/3804
f 4737/1550/3805 4738/1548/3806 4736/1552/3804
f 4738/1548/3806 4739/1551/3807 4736/1552/3804
f 4738/1548/3806 4740/1549/3808 4739/1551/3807
f 4738/1548/3806 4741/1540/3809 4740/1549/3808
f 4738/1548/3806 4742/1542/3810 4741/1540/3809
f 4743/1550/3811 4742/1542/3810 4738/1548/3806
f 4744/1553/3812 4745/1554/3813 4746/1555/3812
f 4744/1553/3812 4746/1555/3812 4747/1556/3814
f 4747/1556/3814 4746/1555/3812 4748/1557/3812
f 4746/1555/3812 4749/1556/3815 4748/1557/3812
f 4746/1555/3812 4750/1553/3812 4749/1556/3815
f 4750/1553/3812 4751/1558/3814 4749/1556/3815
f 4752/1559/3815 4751/1558/3814 4750/1553/3812
f 4753/1560/3816 4752/1559/3815 4750/1553/3812
f 4746/1555/3812 4754/1554/3817 4750/1553/3812
f 4755/1558/3815 4744/1553/3812 4747/1556/3814
f 4755/1558/3815 4756/1559/3814 4744/1553/3812
f 4756/1559/3814 4757/1560/3814 4744/1553/3812
f 4758/1561/3818 4759/1543/3819 4760/1540/3820
f 4761/1562/3821 4758/1561/3818 4760/1540/3820
f 4762/1563/3822 4763/1564/3822 4764/1565/3823
f 4765/1566/3824 4762/1563/3822 4764/1565/3823
f 4765/1566/3824 4764/1565/3823 4766/1567/3825
f 4763/1564/3822 4762/1563/3822 4767/1565/3826
f 4762/1563/3822 4768/1566/3827 4767/1565/3826
f 4767/1565/3826 4768/1566/3827 4769/1567/3828
f 4762/1563/3822 4770/1566/3829 4771/1568/3830
f 4770/1566/3829 4772/1569/3831 4771/1568/3830
f 4773/1570/3832 4772/1569/3831 4770/1566/3829
f 4774/1567/3833 4773/1570/3832 4770/1566/3829
f 4762/1563/3822 4771/1568/3830 4775/1571/3830
f 4776/1568/3830 4762/1563/3822 4775/1571/3830
f 4776/1568/3830 4777/1569/3834 4762/1563/3822
f 4777/1569/3834 4778/1566/3835 4762/1563/3822
f 4777/1569/3834 4779/1570/3836 4778/1566/3835
f 4779/1570/3836 4780/1567/3837 4778/1566/3835
f 4781/1561/3838 4782/1562/3839 4783/1540/3840
f 4784/1543/3840 4781/1561/3838 4783/1540/3840
s 0
f 4785/484/1258 4786/485/1258 4787/485/1258
f 4788/484/1258 4785/484/1258 4787/485/1258
f 4785/484/1258 4789/486/1258 4786/485/1258
f 4789/486/1258 4790/487/1258 4786/485/1258
f 4789/486/1258 4791/488/1258 4790/487/1258
f 4791/488/1258 4792/489/1258 4790/487/1258
f 4791/488/1258 4793/488/1258 4792/489/1258
f 4793/488/1258 4794/489/1258 4792/489/1258
f 4793/488/1258 4795/486/1258 4794/489/1258
f 4795/486/1258 4796/487/1258 4794/489/1258
f 4788/484/1258 4787/485/1258 4796/487/1258
f 4795/486/1258 4788/484/1258 4796/487/1258
f 4787/485/1258 4786/485/1258 4797/490/1258
f 4786/485/1258 4798/490/1258 4797/490/1258
f 4786/485/1258 4790/487/1258 4798/490/1258
f 4790/487/1258 4799/491/1258 4798/490/1258
f 4790/487/1258 4792/489/1258 4799/491/1258
f 4792/489/1258 4800/492/1258 4799/491/1258
f 4792/489/1258 4794/489/1258 4800/492/1258
f 4794/489/1258 4801/492/1258 4800/492/1258
f 4794/489/1258 4796/487/1258 4801/492/1258
f 4796/487/1258 4802/491/1258 4801/492/1258
f 4787/485/1258 4797/490/1258 4802/491/1258
f 4796/487/1258 4787/485/1258 4802/491/1258
f 4803/493/1258 4788/484/1258 4795/486/1258
f 4804/494/1258 4803/493/1258 4795/486/1258
f 4804/494/1258 4795/486/1258 4793/488/1258
f 4805/495/1258 4804/494/1258 4793/488/1258
f 4805/495/1258 4793/488/1258 4791/488/1258
f 4806/495/1258 4805/495/1258 4791/488/1258
f 4807/496/1258 4803/493/1258 4804/494/1258
f 4808/497/1258 4807/496/1258 4804/494/1258
f 4808/497/1258 4804/494/1258 4805/495/1258
f 4809/498/1258 4808/497/1258 4805/495/1258
f 4809/498/1258 4805/495/1258 4806/495/1258
f 4810/498/1258 4809/498/1258 4806/495/1258
f 4810/498/1258 4806/495/1258 4811/494/1258
f 4811/494/1258 4806/495/1258 4789/486/1258
f 4806/495/1258 4791/488/1258 4789/486/1258
f 4811/494/1258 4789/486/1258 4785/484/1258
f 4812/493/1258 4811/494/1258 4785/484/1258
f 4812/493/1258 4785/484/1258 4788/484/1258
f 4803/493/1258 4812/493/1258 4788/484/1258
f 4813/497/1258 4810/498/1258 4811/494/1258
f 4813/497/1258 4811/494/1258 4812/493/1258
f 4814/496/1258 4813/497/1258 4812/493/1258
f 4814/496/1258 4812/493/1258 4803/493/1258
f 4807/496/1258 4814/496/1258 4803/493/1258
f 4798/490/1258 4815/499/1258 4816/499/1258
f 4797/490/1258 4798/490/1258 4816/499/1258
f 4798/490/1258 4799/491/1258 4815/499/1258
f 4799/491/1258 4817/500/1258 4815/499/1258
f 4799/491/1258 4800/492/1258 4817/500/1258
f 4800/492/1258 4818/501/1258 4817/500/1258
f 4800/492/1258 4801/492/1258 4818/501/1258
f 4801/492/1258 4819/501/1258 4818/501/1258
f 4801/492/1258 4802/491/1258 4819/501/1258
f 4802/491/1258 4820/500/1258 4819/501/1258
f 4797/490/1258 4816/499/1258 4820/500/1258
f 4802/491/1258 4797/490/1258 4820/500/1258
f 4816/499/1258 4815/499/1258 4821/502/1258
f 4815/499/1258 4822/502/1258 4821/502/1258
f 4815/499/1258 4817/500/1258 4822/502/1258
f 4817/500/1258 4823/503/1258 4822/502/1258
f 4817/500/1258 4818/501/1258 4823/503/1258
f 4818/501/1258 4824/504/1258 4823/503/1258
f 4818/501/1258 4819/501/1258 4824/504/1258
f 4819/501/1258 4825/504/1258 4824/504/1258
f 4819/501/1258 4820/500/1258 4825/504/1258
f 4820/500/1258 4826/503/1258 4825/504/1258
f 4816/499/1258 4821/502/1258 4826/503/1258
f 4820/500/1258 4816/499/1258 4826/503/1258
f 4827/484/1258 4828/485/1258 4829/485/1258
f 4830/484/1258 4827/484/1258 4829/485/1258
f 4827/484/1258 4831/486/1258 4828/485/1258
f 4831/486/1258 4832/487/1258 4828/485/1258
f 4831/486/1258 4833/488/1258 4832/487/1258
f 4833/488/1258 4834/489/1258 4832/487/1258
f 4833/488/1258 4835/488/1258 4834/489/1258
f 4835/488/1258 4836/489/1258 4834/489/1258
f 4835/488/1258 4837/486/1258 4836/489/1258
f 4837/486/1258 4838/487/1258 4836/489/1258
f 4830/484/1258 4829/485/1258 4838/487/1258
f 4837/486/1258 4830/484/1258 4838/487/1258
f 4829/485/1258 4828/485/1258 4839/490/1258
f 4828/485/1258 4840/490/1258 4839/490/1258
f 4828/485/1258 4832/487/1258 4840/490/1258
f 4832/487/1258 4841/491/1258 4840/490/1258
f 4832/487/1258 4834/489/1258 4841/491/1258
f 4834/489/1258 4842/492/1258 4841/491/1258
f 4834/489/1258 4836/489/1258 4842/492/1258
f 4836/489/1258 4843/492/1258 4842/492/1258
f 4836/489/1258 4838/487/1258 4843/492/1258
f 4838/487/1258 4844/491/1258 4843/492/1258
f 4829/485/1258 4839/490/1258 4844/491/1258
f 4838/487/1258 4829/485/1258 4844/491/1258
f 4845/493/1258 4830/484/1258 4837/486/1258
f 4846/494/1258 4845/493/1258 4837/486/1258
f 4846/494/1258 4837/486/1258 4835/488/1258
f 4847/495/1258 4846/494/1258 4835/488/1258
f 4847/495/1258 4835/488/1258 4833/488/1258
f 4848/495/1258 4847/495/1258 4833/488/1258
f 4849/496/1258 4845/493/1258 4846/494/1258
f 4850/497/1258 4849/496/1258 4846/494/1258
f 4850/497/1258 4846/494/1258 4847/495/1258
f 4851/498/1258 4850/497/1258 4847/495/1258
f 4851/498/1258 4847/495/1258 4848/495/1258
f 4852/498/1258 4851/498/1258 4848/495/1258
f 4852/498/1258 4848/495/1258 4853/494/1258
f 4853/494/1258 4848/495/1258 4831/486/1258
f 4848/495/1258 4833/488/1258 4831/486/1258
f 4853/494/1258 4831/486/1258 4827/484/1258
f 4854/493/1258 4853/494/1258 4827/484/1258
f 4854/493/1258 4827/484/1258 4830/484/1258
f 4845/493/1258 4854/493/1258 4830/484/1258
f 4855/497/1258 4852/498/1258 4853/494/1258
f 4855/497/1258 4853/494/1258 4854/493/1258
f 4856/496/1258 4855/497/1258 4854/493/1258
f 4856/496/1258 4854/493/1258 4845/493/1258
f 4849/496/1258 4856/496/1258 4845/493/1258
f 4840/490/1258 4857/499/1258 4858/499/1258
f 4839/490/1258 4840/490/1258 4858/499/1258
f 4840/490/1258 4841/491/1258 4857/499/1258
f 4841/491/1258 4859/500/1258 4857/499/1258
f 4841/491/1258 4842/492/1258 4859/500/1258
f 4842/492/1258 4860/501/1258 4859/500/1258
f 4842/492/1258 4843/492/1258 4860/501/1258
f 4843/492/1258 4861/501/1258 4860/501/1258
f 4843/492/1258 4844/491/1258 4861/501/1258
f 4844/491/1258 4862/500/1258 4861/501/1258
f 4839/490/1258 4858/499/1258 4862/500/1258
f 4844/491/1258 4839/490/1258 4862/500/1258
f 4858/499/1258 4857/499/1258 4863/502/1258
f 4857/499/1258 4864/502/1258 4863/502/1258
f 4857/499/1258 4859/500/1258 4864/502/1258
f 4859/500/1258 4865/503/1258 4864/502/1258
f 4859/500/1258 4860/501/1258 4865/503/1258
f 4860/501/1258 4866/504/1258 4865/503/1258
f 4860/501/1258 4861/501/1258 4866/504/1258
f 4861/501/1258 4867/504/1258 4866/504/1258
f 4861/501/1258 4862/500/1258 4867/504/1258
f 4862/500/1258 4868/503/1258 4867/504/1258
f 4858/499/1258 4863/502/1258 4868/503/1258
f 4862/500/1258 4858/499/1258 4868/503/1258
f 4869/505/1258 4870/506/1258 4871/506/1258
f 4872/505/1258 4869/505/1258 4871/506/1258
f 4873/507/1258 4874/505/1258 4875/505/1258
f 4876/507/1258 4873/507/1258 4875/505/1258
f 4877/508/1258 4878/508/1258 4879/507/1258
f 4880/507/1258 4877/508/1258 4879/507/1258
f 4881/509/1258 4882/510/1258 4883/510/1258
f 4884/509/1258 4881/509/1258 4883/510/1258
f 4885/509/1258 4886/511/1258 4887/505/1258
f 4887/505/1258 4886/511/1258 4888/506/1258
f 4889/510/1258 4885/509/1258 4887/505/1258
f 4890/507/1258 4889/510/1258 4887/505/1258
f 4891/512/1258 4889/510/1258 4890/507/1258
f 4892/513/1258 4889/510/1258 4891/512/1258
f 4893/514/1258 4892/513/1258 4891/512/1258
f 4894/508/1258 4891/512/1258 4890/507/1258
f 4895/515/1258 4892/513/1258 4893/514/1258
f 4893/514/1258 4896/516/1258 4895/515/1258
f 4896/516/1258 4897/517/1258 4895/515/1258
f 4897/517/1258 4896/516/1258 4898/514/1258
f 4899/515/1258 4897/517/1258 4898/514/1258
f 4900/513/1258 4899/515/1258 4898/514/1258
f 4901/512/1258 4900/513/1258 4898/514/1258
f 4902/510/1258 4900/513/1258 4901/512/1258
f 4903/507/1258 4902/510/1258 4901/512/1258
f 4904/508/1258 4903/507/1258 4901/512/1258
f 4905/509/1258 4902/510/1258 4903/507/1258
f 4906/505/1258 4905/509/1258 4903/507/1258
f 4907/511/1258 4905/509/1258 4906/505/1258
f 4908/506/1258 4907/511/1258 4906/505/1258
f 4909/506/1258 4910/506/1258 4911/511/1258
f 4912/511/1258 4909/506/1258 4911/511/1258
f 4913/514/1258 4914/512/1258 4915/512/1258
f 4916/514/1258 4913/514/1258 4915/512/1258
f 4917/516/1258 4913/514/1258 4916/514/1258
f 4918/512/1258 4919/508/1258 4920/508/1258
f 4921/512/1258 4918/512/1258 4920/508/1258
f 4922/511/1258 4923/511/1258 4924/509/1258
f 4925/509/1258 4922/511/1258 4924/509/1258
f 4926/510/1258 4927/510/1258 4928/513/1258
f 4929/513/1258 4926/510/1258 4928/513/1258
f 4930/513/1258 4931/515/1258 4932/515/1258
f 4933/513/1258 4930/513/1258 4932/515/1258
f 4932/515/1258 4931/515/1258 4934/517/1258
f 4935/518/1258 4936/519/1258 4937/520/1258
f 4938/521/1258 4935/518/1258 4937/520/1258
f 4939/522/1258 4936/519/1258 4935/518/1258
f 4940/523/1258 4939/522/1258 4935/518/1258
f 4941/519/1258 4942/518/1258 4943/521/1258
f 4944/520/1258 4941/519/1258 4943/521/1258
f 4945/523/1258 4942/518/1258 4941/519/1258
f 4946/522/1258 4945/523/1258 4941/519/1258
f 4947/523/1258 4948/518/1258 4949/518/1258
f 4950/523/1258 4947/523/1258 4949/518/1258
f 4951/518/1258 4952/521/1258 4953/521/1258
f 4954/518/1258 4951/518/1258 4953/521/1258
f 4955/446/1258 4956/447/1258 4957/448/1258
f 4957/448/1258 4956/447/1258 4958/449/1258
f 4956/447/1258 4959/448/1258 4958/449/1258
f 4956/447/1258 4960/446/1258 4959/448/1258
f 4961/450/1258 4960/446/1258 4956/447/1258
f 4961/450/1258 4956/447/1258 4955/446/1258
f 4962/451/1258 4963/452/1258 4964/453/1258
f 4962/451/1258 4964/453/1258 4965/454/1258
f 4965/454/1258 4964/453/1258 4966/455/3841
f 4967/456/1258 4965/454/1258 4966/455/3841
f 4968/457/1258 4962/451/1258 4965/454/1258
f 4969/458/1258 4968/457/1258 4965/454/1258
f 4970/459/1258 4968/457/1258 4969/458/1258
f 4970/459/1258 4969/458/1258 4971/460/1258
f 4971/460/1258 4969/458/1258 4972/461/1258
f 4973/462/1258 4971/460/1258 4972/461/1258
f 4974/463/1258 4973/462/1258 4972/461/1258
f 4975/464/1258 4973/462/1258 4974/463/1258
f 4974/463/1258 4972/461/1258 4976/465/1258
f 4972/461/1258 4977/466/1258 4976/465/1258
f 4978/467/1258 4979/456/1258 4980/455/1258
f 4981/468/1258 4979/456/1258 4978/467/1258
f 4982/469/1258 4981/468/1258 4978/467/1258
f 4983/470/1258 4981/468/1258 4982/469/1258
f 4983/470/1258 4984/471/1258 4981/468/1258
f 4981/468/1258 4984/471/1258 4985/466/1258
f 4984/471/1258 4986/472/1258 4985/466/1258
f 4985/466/1258 4986/472/1258 4987/465/1258
f 4988/473/1258 4989/474/1258 4990/475/1258
f 4991/476/1258 4988/473/1258 4990/475/1258
f 4992/477/1258 4989/474/1258 4988/473/1258
f 4993/478/1258 4991/476/1258 4990/475/1258
f 4990/475/1258 4994/479/1258 4993/478/1258
f 4994/479/1258 4995/475/1258 4993/478/1258
f 4996/476/1258 4993/478/1258 4995/475/1258
f 4997/473/1258 4996/476/1258 4995/475/1258
f 4998/474/1258 4997/473/1258 4995/475/1258
f 4999/477/1258 4997/473/1258 4998/474/1258
f 5000/480/1258 4988/473/1258 4991/476/1258
f 5001/481/1258 4991/476/1258 4993/478/1258
f 5000/480/1258 4991/476/1258 5001/481/1258
f 5001/481/1258 4993/478/1258 5002/482/1258
f 5003/483/1258 5001/481/1258 5002/482/1258
f 5002/482/1258 4993/478/1258 5004/481/1258
f 5004/481/1258 4993/478/1258 4996/476/1258
f 5005/483/1258 5002/482/1258 5004/481/1258
f 5006/480/1258 5004/481/1258 4996/476/1258
f 5006/480/1258 4996/476/1258 4997/473/1258
f 5007/403/1258 5008/404/1258 5009/405/1258
f 5010/406/1258 5008/404/1258 5007/403/1258
f 5011/407/1258 5008/404/1258 5010/406/1258
f 5011/407/1258 5010/406/1258 5012/408/1258
f 5013/409/1258 5011/407/1258 5012/408/1258
f 5014/410/1258 5011/407/1258 5013/409/1258
f 5015/411/1258 5014/410/1258 5013/409/1258
f 5016/412/1258 5010/406/1258 5007/403/1258
f 5010/406/1258 5016/412/1258 5017/413/1258
f 5012/408/1258 5010/406/1258 5017/413/1258
f 5018/414/1258 5016/412/1258 5007/403/1258
f 5016/412/1258 5018/414/1258 5019/406/1258
f 5016/412/1258 5019/406/1258 5017/413/1258
f 5018/414/1258 5020/403/1258 5019/406/1258
f 5021/404/1258 5019/406/1258 5020/403/1258
f 5020/403/1258 5022/405/1258 5021/404/1258
f 5019/406/1258 5023/408/1258 5017/413/1258
f 5024/407/1258 5023/408/1258 5019/406/1258
f 5024/407/1258 5019/406/1258 5021/404/1258
f 5023/408/1258 5024/407/1258 5025/409/1258
f 5024/407/1258 5026/410/1258 5025/409/1258
f 5025/409/1258 5026/410/1258 5027/411/1258
f 5028/410/1258 5029/415/1258 5030/407/1258
f 5029/415/1258 5028/410/1258 5031/416/1258
f 5032/416/1258 5033/417/1258 5034/418/1258
f 5034/418/1258 5033/417/1258 5035/419/1258
f 5035/419/1258 5033/417/1258 5036/418/1258
f 5036/418/1258 5033/417/1258 5037/416/1258
f 5036/418/1258 5037/416/1258 5038/420/1258
f 5038/420/1258 5037/416/1258 5039/421/1258
f 5037/416/1258 5040/415/1258 5039/421/1258
f 5040/415/1258 5041/407/1258 5039/421/1258
f 5042/420/1258 5032/416/1258 5034/418/1258
f 5043/421/1258 5032/416/1258 5042/420/1258
f 5044/415/1258 5032/416/1258 5043/421/1258
f 5045/407/1258 5044/415/1258 5043/421/1258
f 5046/422/1258 5047/423/1258 5048/424/1258
f 5049/425/1258 5046/422/1258 5048/424/1258
f 5047/423/1258 5046/422/1258 5050/424/1258
f 5046/422/1258 5051/425/1258 5050/424/1258
f 5052/426/1258 5051/425/1258 5046/422/1258
f 5052/426/1258 5046/422/1258 5049/425/1258
f 5052/426/1258 5053/427/1258 5051/425/1258
f 5051/425/1258 5053/427/1258 5050/424/1258
f 5052/426/1258 5054/428/1258 5053/427/1258
f 5052/426/1258 5055/429/1258 5054/428/1258
f 5052/426/1258 5056/428/1258 5055/429/1258
f 5049/425/1258 5057/427/1258 5052/426/1258
f 5052/426/1258 5057/427/1258 5056/428/1258
f 5049/425/1258 5048/424/1258 5057/427/1258
f 5058/415/1258 5059/410/1258 5060/407/1258
f 5059/410/1258 5058/415/1258 5061/416/1258
f 5062/421/1258 5063/404/1258 5064/405/1258
f 5065/420/1258 5062/421/1258 5064/405/1258
f 5066/430/1258 5065/420/1258 5064/405/1258
f 5067/431/1258 5068/432/1258 5069/433/1258
f 5069/433/1258 5068/432/1258 5070/434/1258
f 5071/432/1258 5072/433/1258 5070/434/1258
f 5073/431/1258 5072/433/1258 5071/432/1258
f 5074/435/1258 5075/436/1258 5076/437/1258
f 5075/436/1258 5077/438/1258 5076/437/1258
f 5077/438/1258 5078/439/1258 5076/437/1258
f 5078/439/1258 5079/438/1258 5076/437/1258
f 5079/438/1258 5080/436/1258 5076/437/1258
f 5076/437/1258 5080/436/1258 5081/435/1258
f 5082/433/1258 5083/435/1258 5084/437/1258
f 5085/434/1258 5082/433/1258 5084/437/1258
f 5085/434/1258 5084/437/1258 5086/435/3841
f 5087/433/1258 5085/434/1258 5086/435/3841
f 5088/407/1258 5089/404/1258 5090/421/1258
f 5091/440/1258 5092/441/1258 5093/418/1258
f 5094/420/1258 5091/440/1258 5093/418/1258
f 5092/441/1258 5095/442/1258 5093/418/1258
f 5095/442/1258 5096/419/1258 5093/418/1258
f 5096/419/1258 5095/442/1258 5097/418/1258
f 5095/442/1258 5098/441/3841 5097/418/1258
f 5098/441/3841 5099/440/1258 5097/418/1258
f 5099/440/1258 5100/420/1258 5097/418/1258
f 5101/440/1258 5102/443/1258 5103/444/1258
f 5104/441/1258 5101/440/1258 5103/444/1258
f 5105/441/3841 5106/444/1258 5107/443/1258
f 5108/440/1258 5105/441/3841 5107/443/1258
f 5109/441/1258 5110/444/1258 5111/445/1258
f 5112/442/1258 5109/441/1258 5111/445/1258
f 5112/442/1258 5111/445/1258 5113/444/1258
f 5114/441/1258 5112/442/1258 5113/444/1258
f 5115/430/1258 5116/405/1258 5117/420/1258
f 5117/420/1258 5116/405/1258 5118/421/1258
f 5116/405/1258 5119/404/1258 5118/421/1258
f 5120/404/1258 5121/407/1258 5122/421/1258
f 5123/385/1258 5124/386/1258 5125/387/1258
f 5126/388/1258 5123/385/1258 5125/387/1258
f 5123/385/1258 5126/388/1258 5127/386/1258
f 5126/388/1258 5128/387/1258 5127/386/1258
f 5127/386/1258 5128/387/1258 5129/389/1258
f 5128/387/1258 5130/390/1258 5129/389/1258
f 5125/387/1258 5124/386/1258 5131/389/1258
f 5132/390/1258 5125/387/1258 5131/389/1258
f 5133/391/1258 5134/392/1258 5135/393/1258
f 5136/394/1258 5133/391/1258 5135/393/1258
f 5134/392/1258 5133/391/1258 5137/395/1258
f 5138/396/1258 5134/392/1258 5137/395/1258
f 5139/397/1258 5138/396/1258 5137/395/1258
f 5140/398/1258 5139/397/1258 5137/395/1258
f 5135/393/1258 5134/392/1258 5141/399/1258
f 5141/399/1258 5134/392/1258 5138/396/1258
f 5142/400/1258 5135/393/1258 5141/399/1258
f 5143/401/1258 5141/399/1258 5138/396/1258
f 5143/401/1258 5138/396/1258 5139/397/1258
f 5144/402/1258 5143/401/1258 5139/397/1258
s 1
f 5145/1572/3842 5146/1573/3843 5147/1574/3844
f 5148/1575/3845 5145/1572/3842 5147/1574/3844
f 5147/1574/3844 5146/1573/3843 5149/1576/3846
f 5146/1573/3843 5150/1577/3847 5149/1576/3846
f 5150/1577/3847 5151/1578/3848 5149/1576/3846
f 5149/1576/3846 5151/1578/3848 5152/1579/3849
f 5152/1579/3849 5151/1578/3848 5153/1580/3850
f 5151/1578/3848 5154/1581/3851 5153/1580/3850
f 5154/1581/3851 5155/1582/3852 5153/1580/3850
f 5153/1580/3850 5155/1582/3852 5156/1583/3853
f 5156/1583/3853 5157/1584/3854 5153/1580/3850
f 5157/1584/3854 5152/1579/3849 5153/1580/3850
f 5158/1577/3855 5159/1585/3856 5160/1578/3857
f 5160/1578/3857 5159/1585/3856 5161/1586/3858
f 5162/1587/3859 5159/1585/3856 5158/1577/3855
f 5163/1588/3860 5162/1587/3859 5158/1577/3855
f 5164/1573/3861 5163/1588/3860 5158/1577/3855
f 5165/1589/3862 5163/1588/3860 5164/1573/3861
f 5165/1589/3862 5164/1573/3861 5166/1572/3863
f 5166/1572/3863 5167/1590/3864 5165/1589/3862
f 5168/1591/3865 5169/1592/3866 5170/1593/3867
f 5169/1592/3866 5171/1594/3868 5170/1593/3867
f 5172/1595/3869 5171/1594/3868 5169/1592/3866
f 5172/1595/3869 5173/1596/3870 5171/1594/3868
f 5168/1591/3865 5170/1593/3867 5174/1597/3871
f 5170/1593/3867 5175/1598/3872 5174/1597/3871
f 5174/1597/3871 5175/1598/3872 5176/1599/3873
f 5175/1598/3872 5177/1581/3874 5176/1599/3873
f 5178/1585/3875 5179/1597/3876 5180/1599/3875
f 5181/1586/3875 5178/1585/3875 5180/1599/3875
f 5179/1597/3876 5178/1585/3875 5182/1591/3877
f 5178/1585/3875 5183/1587/3878 5182/1591/3877
f 5182/1591/3877 5183/1587/3878 5184/1588/3879
f 5185/1592/3880 5182/1591/3877 5184/1588/3879
f 5186/1595/3881 5185/1592/3880 5184/1588/3879
f 5187/1589/3882 5186/1595/3881 5184/1588/3879
f 5188/1589/3883 5189/1590/3884 5190/1595/3885
f 5189/1590/3884 5191/1596/3886 5190/1595/3885
f 5192/1600/3887 5193/1601/3888 5194/1602/3889
f 5194/1602/3889 5195/1603/3890 5192/1600/3887
f 5195/1603/3890 5196/1604/3891 5192/1600/3887
f 5196/1604/3891 5195/1603/3890 5197/1605/3892
f 5198/1606/3893 5196/1604/3891 5197/1605/3892
f 5198/1606/3893 5197/1605/3892 5199/1607/3894
f 5197/1605/3892 5200/1608/3895 5199/1607/3894
f 5200/1608/3895 5197/1605/3892 5201/1609/3896
f 5202/1610/3897 5197/1605/3892 5195/1603/3890
f 5200/1608/3895 5201/1609/3896 5203/1611/3898
f 5203/1611/3898 5201/1609/3896 5204/1612/3899
f 5205/1613/3900 5203/1611/3898 5204/1612/3899
f 5206/1614/3901 5205/1613/3900 5204/1612/3899
f 5204/1612/3899 5207/1615/3902 5202/1610/3897
f 5201/1609/3896 5207/1615/3902 5204/1612/3899
f 5197/1605/3892 5207/1615/3902 5201/1609/3896
f 5207/1615/3902 5197/1605/3892 5202/1610/3897
f 5193/1601/3888 5208/1616/3903 5194/1602/3889
f 5202/1610/3897 5195/1603/3890 5209/1617/3904
f 5195/1603/3890 5194/1602/3889 5209/1617/3904
f 5209/1617/3904 5194/1602/3889 5210/1618/3905
f 5210/1618/3905 5194/1602/3889 5208/1616/3903
f 5211/1612/3906 5212/1619/3906 5213/1620/3907
f 5214/1614/3906 5211/1612/3906 5213/1620/3907
f 5215/1608/3908 5216/1611/3909 5217/1621/3910
f 5216/1611/3909 5218/1622/3911 5217/1621/3910
f 5219/1613/3912 5218/1622/3911 5216/1611/3909
f 5220/1614/3913 5221/1620/3914 5222/1622/3915
f 5223/1613/3916 5220/1614/3913 5222/1622/3915
f 5224/1610/3917 5225/1623/3917 5226/1619/3918
f 5227/1612/3918 5224/1610/3917 5226/1619/3918
f 5228/1624/3918 5225/1623/3917 5224/1610/3917
f 5229/1617/3918 5228/1624/3918 5224/1610/3917
f 5230/1625/3919 5228/1624/3918 5229/1617/3918
f 5231/1618/3920 5230/1625/3919 5229/1617/3918
f 5232/1626/3917 5230/1625/3919 5231/1618/3920
f 5233/1608/3921 5234/1621/3921 5235/1607/3921
f 5236/1599/3922 5237/1581/3922 5238/1578/3923
f 5239/1586/3923 5236/1599/3922 5238/1578/3923
f 5240/1627/3924 5241/1628/3925 5242/1629/3926
f 5243/1630/3927 5244/1631/3928 5245/1632/3929
f 5245/1632/3929 5244/1631/3928 5246/1633/3930
f 5246/1633/3930 5247/1634/3931 5245/1632/3929
f 5246/1633/3930 5248/1635/3932 5247/1634/3931
f 5244/1631/3928 5248/1635/3932 5246/1633/3930
f 5249/1636/3933 5248/1635/3932 5244/1631/3928
f 5249/1636/3933 5244/1631/3928 5250/1637/3934
f 5250/1637/3934 5244/1631/3928 5243/1630/3927
f 5251/1638/3935 5248/1635/3932 5249/1636/3933
f 5251/1638/3935 5249/1636/3933 5250/1637/3934
f 5252/1639/3936 5250/1637/3934 5243/1630/3927
f 5250/1637/3934 5252/1639/3936 5251/1638/3935
f 5253/1640/3937 5252/1639/3936 5243/1630/3927
f 5243/1630/3927 5245/1632/3929 5253/1640/3937
f 5254/1641/3938 5252/1639/3936 5253/1640/3937
f 5255/1642/3939 5254/1641/3938 5253/1640/3937
f 5254/1641/3938 5256/1643/3940 5252/1639/3936
f 5252/1639/3936 5256/1643/3940 5251/1638/3935
f 5253/1640/3937 5257/1644/3941 5255/1642/3939
f 5245/1632/3929 5257/1644/3941 5253/1640/3937
f 5245/1632/3929 5247/1634/3931 5257/1644/3941
f 5247/1634/3931 5258/1642/3942 5257/1644/3941
f 5247/1634/3931 5259/1645/3943 5258/1642/3942
f 5251/1638/3935 5259/1645/3943 5248/1635/3932
f 5248/1635/3932 5259/1645/3943 5247/1634/3931
f 5256/1643/3940 5259/1645/3943 5251/1638/3935
f 5260/1641/3944 5259/1645/3943 5256/1643/3940
f 5259/1645/3943 5260/1641/3944 5258/1642/3942
f 5257/1644/3941 5261/1646/3945 5255/1642/3939
f 5257/1644/3941 5258/1642/3942 5261/1646/3945
f 5262/1647/3946 5260/1641/3944 5256/1643/3940
f 5262/1647/3946 5256/1643/3940 5254/1641/3938
f 5263/1648/3947 5264/1649/3948 5265/1650/3949
f 5266/1651/3950 5264/1649/3948 5263/1648/3947
f 5267/1652/3951 5264/1649/3948 5266/1651/3950
f 5268/1653/3952 5264/1649/3948 5267/1652/3951
f 5268/1653/3952 5269/1652/3953 5264/1649/3948
f 5269/1652/3953 5270/1651/3954 5264/1649/3948
f 5270/1651/3954 5271/1648/3955 5264/1649/3948
f 5264/1649/3948 5271/1648/3955 5272/1650/3956
f 5272/1650/3956 5273/1654/3957 5264/1649/3948
f 5274/1655/3958 5273/1654/3957 5272/1650/3956
f 5275/1656/3958 5274/1655/3958 5272/1650/3956
f 5264/1649/3948 5276/1654/3959 5265/1650/3949
f 5277/1656/3960 5265/1650/3949 5276/1654/3959
f 5278/1655/3961 5277/1656/3960 5276/1654/3959
f 5279/1657/3962 5276/1654/3959 5264/1649/3948
f 5273/1654/3957 5280/1657/3963 5264/1649/3948
f 5281/1658/3964 5279/1657/3962 5264/1649/3948
f 5264/1649/3948 5280/1657/3963 5281/1658/3964
f 5282/1659/3965 5283/1660/3966 5284/1661/3967
f 5285/1662/3968 5282/1659/3965 5284/1661/3967
f 5284/1661/3967 5283/1660/3966 5286/1663/3969
f 5283/1660/3966 5287/1664/3970 5286/1663/3969
f 5285/1662/3968 5288/1665/3971 5282/1659/3965
f 5288/1665/3971 5289/1666/3972 5282/1659/3965
f 5290/1667/3973 5283/1660/3966 5282/1659/3965
f 5283/1660/3966 5290/1667/3973 5291/1668/3974
f 5291/1668/3974 5287/1664/3970 5283/1660/3966
f 5292/1669/3975 5287/1664/3970 5291/1668/3974
f 5282/1659/3965 5293/1670/3976 5290/1667/3973
f 5293/1670/3976 5291/1668/3974 5290/1667/3973
f 5289/1666/3972 5293/1670/3976 5282/1659/3965
f 5294/1671/3977 5291/1668/3974 5293/1670/3976
f 5294/1671/3977 5295/1672/3978 5291/1668/3974
f 5296/1673/3979 5295/1672/3978 5294/1671/3977
f 5296/1673/3979 5294/1671/3977 5293/1670/3976
f 5296/1673/3979 5293/1670/3976 5289/1666/3972
f 5296/1673/3979 5289/1666/3972 5288/1665/3971
f 5296/1673/3979 5297/1674/3980 5295/1672/3978
f 5298/1675/3981 5297/1674/3980 5296/1673/3979
f 5299/1676/3982 5298/1675/3981 5296/1673/3979
f 5299/1676/3982 5296/1673/3979 5288/1665/3971
f 5297/1674/3980 5298/1675/3981 5300/1677/3983
f 5301/1678/3984 5297/1674/3980 5300/1677/3983
f 5300/1677/3983 5302/1679/3985 5301/1678/3984
f 5302/1679/3985 5303/1680/3986 5301/1678/3984
f 5303/1680/3986 5302/1679/3985 5304/1681/3987
f 5305/1682/3988 5303/1680/3986 5304/1681/3987
f 5306/1683/3989 5305/1682/3988 5304/1681/3987
f 5307/1684/3990 5306/1683/3989 5304/1681/3987
f 5301/1678/3984 5303/1680/3986 5308/1685/3991
f 5303/1680/3986 5309/1686/3992 5308/1685/3991
f 5309/1686/3992 5303/1680/3986 5310/1687/3993
f 5310/1687/3993 5303/1680/3986 5305/1682/3988
f 5311/1688/3994 5309/1686/3992 5310/1687/3993
f 5305/1682/3988 5312/1689/3995 5310/1687/3993
f 5310/1687/3993 5312/1689/3995 5313/1690/3996
f 5305/1682/3988 5314/1691/3997 5312/1689/3995
f 5305/1682/3988 5306/1683/3989 5314/1691/3997
f 5312/1689/3995 5314/1691/3997 5313/1690/3996
f 5308/1685/3991 5315/1692/3998 5301/1678/3984
f 5315/1692/3998 5297/1674/3980 5301/1678/3984
f 5297/1674/3980 5315/1692/3998 5295/1672/3978
f 5295/1672/3978 5315/1692/3998 5316/1693/3999
f 5313/1690/3996 5314/1691/3997 5317/1694/4000
f 5313/1690/3996 5317/1694/4000 5318/1695/4001
f 5317/1694/4000 5319/1696/4002 5318/1695/4001
f 5317/1694/4000 5314/1691/3997 5319/1696/4002
f 5319/1696/4002 5306/1683/3989 5307/1684/3990
f 5314/1691/3997 5306/1683/3989 5319/1696/4002
f 5318/1695/4001 5319/1696/4002 5320/1697/4003
f 5321/1698/4004 5318/1695/4001 5320/1697/4003
f 5313/1690/3996 5318/1695/4001 5321/1698/4004
f 5322/1699/4005 5321/1698/4004 5320/1697/4003
f 5319/1696/4002 5323/1700/4006 5320/1697/4003
f 5324/1701/4007 5313/1690/3996 5321/1698/4004
f 5323/1700/4006 5319/1696/4002 5307/1684/3990
f 5325/1702/4008 5321/1698/4004 5322/1699/4005
f 5321/1698/4004 5325/1702/4008 5324/1701/4007
f 5326/1703/4009 5325/1702/4008 5322/1699/4005
f 5327/1704/4010 5325/1702/4008 5326/1703/4009
f 5328/1705/4011 5327/1704/4010 5326/1703/4009
f 5329/1706/4012 5327/1704/4010 5328/1705/4011
f 5330/1707/4013 5329/1706/4012 5328/1705/4011
f 5331/1708/4014 5325/1702/4008 5327/1704/4010
f 5324/1701/4007 5325/1702/4008 5331/1708/4014
f 5332/1709/4015 5331/1708/4014 5327/1704/4010
f 5333/1710/4016 5332/1709/4015 5327/1704/4010
f 5327/1704/4010 5329/1706/4012 5333/1710/4016
f 5333/1710/4016 5329/1706/4012 5292/1669/3975
f 5287/1664/3970 5329/1706/4012 5330/1707/4013
f 5292/1669/3975 5329/1706/4012 5287/1664/3970
f 5286/1663/3969 5287/1664/3970 5330/1707/4013
f 5334/1711/4017 5335/1712/4018 5336/1713/4019
f 5337/1714/4020 5334/1711/4017 5336/1713/4019
f 5335/1712/4018 5338/1715/4021 5336/1713/4019
f 5337/1714/4020 5336/1713/4019 5339/1716/4022
f 5340/1717/4023 5337/1714/4020 5339/1716/4022
f 5340/1717/4023 5339/1716/4022 5341/1718/4024
f 5342/1717/4025 5341/1718/4024 5339/1716/4022
f 5342/1717/4025 5339/1716/4022 5343/1713/4026
f 5344/1714/4027 5342/1717/4025 5343/1713/4026
f 5345/1711/4028 5344/1714/4027 5343/1713/4026
f 5346/1712/4029 5345/1711/4028 5343/1713/4026
f 5347/1715/4030 5346/1712/4029 5343/1713/4026
f 5348/1719/4031 5347/1715/4030 5343/1713/4026
f 5348/1719/4031 5343/1713/4026 5339/1716/4022
f 5338/1715/4021 5349/1719/4032 5336/1713/4019
f 5350/1720/4033 5339/1716/4022 5336/1713/4019
f 5351/1721/4034 5339/1716/4022 5350/1720/4033
f 5351/1721/4034 5352/1720/4035 5339/1716/4022
f 5352/1720/4035 5348/1719/4031 5339/1716/4022
f 5349/1719/4032 5350/1720/4033 5336/1713/4019
f 5353/1722/4036 5354/1687/4037 5355/1690/4038
f 5355/1690/4038 5356/1701/4039 5353/1722/4036
f 5353/1722/4036 5356/1701/4039 5357/1723/4040
f 5353/1722/4036 5357/1723/4040 5358/1724/4041
f 5353/1722/4036 5358/1724/4041 5354/1687/4037
f 5354/1687/4037 5358/1724/4041 5359/1688/4042
f 5359/1688/4042 5358/1724/4041 5360/1725/4043
f 5358/1724/4041 5361/1726/4044 5360/1725/4043
f 5357/1723/4040 5361/1726/4044 5358/1724/4041
f 5360/1725/4043 5361/1726/4044 5362/1727/4045
f 5360/1725/4043 5362/1727/4045 5363/1728/4046
f 5362/1727/4045 5364/1729/4047 5363/1728/4046
f 5363/1728/4046 5364/1729/4047 5365/1730/4048
f 5364/1729/4047 5366/1731/4049 5365/1730/4048
f 5367/1732/4050 5365/1730/4048 5366/1731/4049
f 5368/1733/4051 5365/1730/4048 5367/1732/4050
f 5367/1732/4050 5369/1734/4052 5368/1733/4051
f 5369/1734/4052 5370/1735/4053 5368/1733/4051
f 5370/1735/4053 5369/1734/4052 5371/1736/4054
f 5369/1734/4052 5367/1732/4050 5372/1737/4055
f 5371/1736/4054 5369/1734/4052 5372/1737/4055
f 5368/1733/4051 5370/1735/4053 5373/1738/4056
f 5368/1733/4051 5373/1738/4056 5374/1739/4057
f 5375/1740/4058 5370/1735/4053 5371/1736/4054
f 5374/1739/4057 5373/1738/4056 5375/1740/4058
f 5373/1738/4056 5370/1735/4053 5375/1740/4058
f 5376/1741/4059 5374/1739/4057 5375/1740/4058
f 5377/1742/4060 5374/1739/4057 5376/1741/4059
f 5368/1733/4051 5378/1743/4061 5365/1730/4048
f 5365/1730/4048 5378/1743/4061 5363/1728/4046
f 5378/1743/4061 5368/1733/4051 5379/1744/4062
f 5379/1744/4062 5368/1733/4051 5374/1739/4057
f 5380/1745/4063 5367/1732/4050 5366/1731/4049
f 5381/1746/4064 5380/1745/4063 5366/1731/4049
f 5382/1747/4065 5380/1745/4063 5381/1746/4064
f 5383/1748/4066 5380/1745/4063 5382/1747/4065
f 5367/1732/4050 5380/1745/4063 5383/1748/4066
f 5383/1748/4066 5384/1749/4067 5367/1732/4050
f 5372/1737/4055 5367/1732/4050 5384/1749/4067
f 5385/1750/4068 5378/1743/4061 5379/1744/4062
f 5386/1751/4069 5378/1743/4061 5385/1750/4068
f 5363/1728/4046 5378/1743/4061 5386/1751/4069
f 5360/1725/4043 5363/1728/4046 5386/1751/4069
f 5386/1751/4069 5387/1752/4070 5360/1725/4043
f 5388/1753/4071 5386/1751/4069 5385/1750/4068
f 5388/1753/4071 5385/1750/4068 5389/1754/4072
f 5389/1754/4072 5385/1750/4068 5390/1755/4073
f 5385/1750/4068 5379/1744/4062 5390/1755/4073
f 5390/1755/4073 5379/1744/4062 5391/1756/4074
f 5391/1756/4074 5392/1757/4075 5390/1755/4073
f 5391/1756/4074 5393/1758/4076 5392/1757/4075
f 5394/1759/4077 5393/1758/4076 5391/1756/4074
f 5395/1760/4078 5394/1759/4077 5391/1756/4074
f 5396/1761/4079 5395/1760/4078 5391/1756/4074
f 5391/1756/4074 5374/1739/4057 5396/1761/4079
f 5377/1742/4060 5395/1760/4078 5396/1761/4079
f 5396/1761/4079 5374/1739/4057 5377/1742/4060
f 5392/1757/4075 5393/1758/4076 5397/1762/4080
f 5397/1762/4080 5398/1763/4081 5392/1757/4075
f 5390/1755/4073 5399/1764/4082 5389/1754/4072
f 5398/1763/4081 5399/1764/4082 5392/1757/4075
f 5392/1757/4075 5399/1764/4082 5390/1755/4073
f 5400/1765/4083 5399/1764/4082 5398/1763/4081
f 5393/1758/4076 5401/1766/4084 5397/1762/4080
f 5401/1766/4084 5402/1767/4085 5397/1762/4080
f 5403/1768/4086 5397/1762/4080 5402/1767/4085
f 5403/1768/4086 5402/1767/4085 5404/1769/4087
f 5405/1770/4088 5403/1768/4086 5404/1769/4087
f 5402/1767/4085 5406/1771/4089 5404/1769/4087
f 5402/1767/4085 5401/1766/4084 5406/1771/4089
f 5406/1771/4089 5401/1766/4084 5407/1772/4090
f 5408/1773/4091 5406/1771/4089 5407/1772/4090
f 5404/1769/4087 5406/1771/4089 5408/1773/4091
f 5407/1772/4090 5401/1766/4084 5393/1758/4076
f 5409/1774/4092 5399/1764/4082 5400/1765/4083
f 5400/1765/4083 5410/1775/4093 5409/1774/4092
f 5409/1774/4092 5410/1775/4093 5411/1776/4094
f 5411/1776/4094 5412/1693/4095 5409/1774/4092
f 5410/1775/4093 5413/1777/4096 5411/1776/4094
f 5414/1672/4097 5412/1693/4095 5411/1776/4094
f 5415/1778/4098 5414/1672/4097 5411/1776/4094
f 5411/1776/4094 5413/1777/4096 5415/1778/4098
f 5413/1777/4096 5416/1669/4099 5415/1778/4098
f 5415/1778/4098 5416/1669/4099 5417/1668/4100
f 5417/1668/4100 5414/1672/4097 5415/1778/4098
f 5413/1777/4096 5410/1775/4093 5418/1779/4101
f 5418/1779/4101 5419/1709/4102 5413/1777/4096
f 5418/1779/4101 5357/1723/4040 5419/1709/4102
f 5418/1779/4101 5410/1775/4093 5420/1780/4103
f 5420/1780/4103 5361/1726/4044 5418/1779/4101
f 5361/1726/4044 5357/1723/4040 5418/1779/4101
f 5420/1780/4103 5410/1775/4093 5400/1765/4083
f 5421/1781/4104 5420/1780/4103 5400/1765/4083
f 5421/1781/4104 5362/1727/4045 5420/1780/4103
f 5362/1727/4045 5361/1726/4044 5420/1780/4103
f 5398/1763/4081 5421/1781/4104 5400/1765/4083
f 5422/1782/4105 5421/1781/4104 5398/1763/4081
f 5422/1782/4105 5364/1729/4047 5421/1781/4104
f 5364/1729/4047 5362/1727/4045 5421/1781/4104
f 5397/1762/4080 5422/1782/4105 5398/1763/4081
f 5423/1783/4106 5422/1782/4105 5397/1762/4080
f 5423/1783/4106 5366/1731/4049 5422/1782/4105
f 5366/1731/4049 5364/1729/4047 5422/1782/4105
f 5357/1723/4040 5424/1708/4107 5419/1709/4102
f 5356/1701/4039 5424/1708/4107 5357/1723/4040
f 5423/1783/4106 5397/1762/4080 5403/1768/4086
f 5425/1784/4108 5423/1783/4106 5403/1768/4086
f 5425/1784/4108 5426/1785/4109 5423/1783/4106
f 5426/1785/4109 5366/1731/4049 5423/1783/4106
f 5427/1786/4110 5426/1785/4109 5425/1784/4108
f 5428/1787/4111 5427/1786/4110 5425/1784/4108
f 5425/1784/4108 5403/1768/4086 5405/1770/4088
f 5428/1787/4111 5425/1784/4108 5405/1770/4088
f 5381/1746/4064 5426/1785/4109 5427/1786/4110
f 5381/1746/4064 5366/1731/4049 5426/1785/4109
f 5429/1788/4112 5381/1746/4064 5427/1786/4110
f 5382/1747/4065 5381/1746/4064 5429/1788/4112
f 5430/1789/4113 5382/1747/4065 5429/1788/4112
f 5383/1748/4066 5382/1747/4065 5430/1789/4113
f 5431/1790/4114 5383/1748/4066 5430/1789/4113
f 5431/1790/4114 5384/1749/4067 5383/1748/4066
f 5432/1791/4115 5433/1792/4116 5407/1772/4090
f 5393/1758/4076 5432/1791/4115 5407/1772/4090
f 5432/1791/4115 5393/1758/4076 5434/1793/4117
f 5393/1758/4076 5394/1759/4077 5434/1793/4117
f 5434/1793/4117 5394/1759/4077 5435/1794/4118
f 5394/1759/4077 5395/1760/4078 5435/1794/4118
f 5435/1794/4118 5395/1760/4078 5377/1742/4060
f 5433/1792/4116 5408/1773/4091 5407/1772/4090
f 5436/1754/4119 5437/1795/4120 5438/1796/4121
f 5438/1796/4121 5437/1795/4120 5315/1692/3998
f 5438/1796/4121 5315/1692/3998 5308/1685/3991
f 5308/1685/3991 5309/1686/3992 5438/1796/4121
f 5316/1693/3999 5315/1692/3998 5437/1795/4120
f 5439/1752/4122 5438/1796/4121 5309/1686/3992
f 5440/1751/4123 5438/1796/4121 5439/1752/4122
f 5439/1752/4122 5309/1686/3992 5311/1688/3994
f 5441/1795/4124 5389/1754/4072 5409/1774/4092
f 5399/1764/4082 5409/1774/4092 5389/1754/4072
f 5412/1693/4095 5441/1795/4124 5409/1774/4092
f 5442/1710/4125 5416/1669/4099 5413/1777/4096
f 5419/1709/4102 5442/1710/4125 5413/1777/4096
f 5379/1744/4062 5374/1739/4057 5391/1756/4074
f 5387/1752/4070 5359/1688/4042 5360/1725/4043
f 5443/1797/4126 5444/1798/4127 5445/1799/4128
f 5445/1799/4128 5444/1798/4127 5446/1800/4129
f 5446/1800/4129 5447/1801/4130 5445/1799/4128
f 5445/1799/4128 5448/1801/4131 5443/1797/4126
f 5446/1800/4129 5444/1798/4127 5449/1802/4132
f 5449/1802/4132 5450/1803/4133 5446/1800/4129
f 5450/1803/4133 5447/1801/4130 5446/1800/4129
f 5444/1798/4127 5451/1804/4134 5449/1802/4132
f 5451/1804/4134 5444/1798/4127 5443/1797/4126
f 5449/1802/4132 5451/1804/4134 5452/1805/4135
f 5452/1805/4135 5453/1806/4136 5449/1802/4132
f 5453/1806/4136 5450/1803/4133 5449/1802/4132
f 5451/1804/4134 5454/1807/4137 5452/1805/4135
f 5454/1807/4137 5451/1804/4134 5455/1808/4138
f 5455/1808/4138 5451/1804/4134 5443/1797/4126
f 5456/1809/4139 5454/1807/4137 5455/1808/4138
f 5455/1808/4138 5457/1810/4140 5456/1809/4139
f 5443/1797/4126 5458/1811/4141 5455/1808/4138
f 5448/1801/4131 5458/1811/4141 5443/1797/4126
f 5458/1811/4141 5457/1810/4140 5455/1808/4138
f 5459/1812/4142 5447/1801/4130 5450/1803/4133
f 5454/1807/4137 5460/1813/4143 5452/1805/4135
f 5454/1807/4137 5456/1809/4139 5460/1813/4143
f 5460/1813/4143 5461/1814/4144 5452/1805/4135
f 5462/1815/4145 5461/1814/4144 5460/1813/4143
f 5463/1816/4146 5462/1815/4145 5460/1813/4143
f 5461/1814/4144 5464/1817/4147 5452/1805/4135
f 5464/1817/4147 5461/1814/4144 5462/1815/4145
f 5464/1817/4147 5453/1806/4136 5452/1805/4135
f 5465/1818/4148 5464/1817/4147 5462/1815/4145
f 5456/1809/4139 5466/1819/4149 5460/1813/4143
f 5467/1820/4150 5466/1819/4149 5456/1809/4139
f 5456/1809/4139 5457/1810/4140 5467/1820/4150
f 5466/1819/4149 5467/1820/4150 5468/1821/4151
f 5469/1822/4152 5466/1819/4149 5468/1821/4151
f 5460/1813/4143 5466/1819/4149 5469/1822/4152
f 5463/1816/4146 5460/1813/4143 5469/1822/4152
f 5458/1811/4141 5470/1812/4153 5471/1823/4154
f 5448/1801/4131 5470/1812/4153 5458/1811/4141
f 5448/1801/4131 5472/1824/4155 5470/1812/4153
f 5472/1824/4155 5473/1825/4156 5470/1812/4153
f 5470/1812/4153 5473/1825/4156 5471/1823/4154
f 5474/1826/4157 5472/1824/4155 5448/1801/4131
f 5475/1827/4158 5472/1824/4155 5474/1826/4157
f 5476/1828/4159 5472/1824/4155 5475/1827/4158
f 5475/1827/4158 5477/1829/4160 5476/1828/4159
f 5474/1826/4157 5477/1829/4160 5475/1827/4158
f 5474/1826/4157 5448/1801/4131 5478/1830/4161
f 5478/1830/4161 5448/1801/4131 5445/1799/4128
f 5445/1799/4128 5447/1801/4130 5478/1830/4161
f 5478/1830/4161 5447/1801/4130 5474/1826/4157
f 5447/1801/4130 5477/1829/4160 5474/1826/4157
f 5447/1801/4130 5459/1812/4142 5477/1829/4160
f 5479/1831/4162 5473/1825/4156 5472/1824/4155
f 5479/1831/4162 5472/1824/4155 5476/1828/4159
f 5476/1828/4159 5477/1829/4160 5480/1832/4163
f 5480/1832/4163 5477/1829/4160 5481/1833/4164
f 5477/1829/4160 5459/1812/4142 5481/1833/4164
f 5481/1833/4164 5459/1812/4142 5482/1834/4165
f 5482/1834/4165 5459/1812/4142 5450/1803/4133
f 5483/1835/4166 5484/1836/4167 5485/1837/4168
f 5486/1838/4169 5483/1835/4166 5485/1837/4168
f 5483/1835/4166 5487/1839/4170 5484/1836/4167
f 5483/1835/4166 5486/1838/4169 5488/1840/4171
f 5483/1835/4166 5488/1840/4171 5487/1839/4170
f 5486/1838/4169 5489/1841/4172 5488/1840/4171
f 5485/1837/4168 5484/1836/4167 5490/1842/4173
f 5484/1836/4167 5491/1843/4174 5490/1842/4173
f 5484/1836/4167 5487/1839/4170 5491/1843/4174
f 5490/1842/4173 5491/1843/4174 5492/1844/4175
f 5491/1843/4174 5493/1845/4176 5492/1844/4175
f 5493/1845/4176 5491/1843/4174 5494/1846/4177
f 5491/1843/4174 5495/1847/4177 5494/1846/4177
f 5487/1839/4170 5495/1847/4177 5491/1843/4174
f 5494/1846/4177 5495/1847/4177 5496/1848/4178
f 5495/1847/4177 5497/1849/4179 5496/1848/4178
f 5487/1839/4170 5497/1849/4179 5495/1847/4177
f 5496/1848/4178 5497/1849/4179 5498/1850/4180
f 5497/1849/4179 5499/1851/4181 5498/1850/4180
f 5500/1852/4182 5497/1849/4179 5487/1839/4170
f 5501/1853/4183 5500/1852/4182 5487/1839/4170
f 5501/1853/4183 5502/1854/4184 5500/1852/4182
f 5502/1854/4184 5503/1855/4185 5500/1852/4182
f 5503/1855/4185 5499/1851/4181 5497/1849/4179
f 5500/1852/4182 5503/1855/4185 5497/1849/4179
f 5501/1853/4183 5504/1856/4186 5502/1854/4184
f 5487/1839/4170 5504/1856/4186 5501/1853/4183
f 5504/1856/4186 5505/1857/4187 5502/1854/4184
f 5506/1858/4188 5505/1857/4187 5504/1856/4186
f 5507/1859/4189 5506/1858/4188 5504/1856/4186
f 5507/1859/4189 5504/1856/4186 5487/1839/4170
f 5508/1860/4190 5506/1858/4188 5507/1859/4189
f 5509/1861/4191 5508/1860/4190 5507/1859/4189
f 5509/1861/4191 5507/1859/4189 5510/1862/4177
f 5510/1862/4177 5507/1859/4189 5487/1839/4170
f 5511/1863/4177 5509/1861/4191 5510/1862/4177
f 5511/1863/4177 5510/1862/4177 5512/1864/4192
f 5512/1864/4192 5510/1862/4177 5487/1839/4170
f 5513/1865/4193 5511/1863/4177 5512/1864/4192
f 5513/1865/4193 5512/1864/4192 5514/1866/4194
f 5512/1864/4192 5515/1867/4195 5514/1866/4194
f 5489/1841/4172 5515/1867/4195 5512/1864/4192
f 5488/1840/4171 5489/1841/4172 5512/1864/4192
f 5488/1840/4171 5512/1864/4192 5487/1839/4170
f 5516/1868/4196 5517/1869/4196 5518/1870/4197
f 5518/1870/4197 5519/1871/4198 5516/1868/4196
f 5520/1872/4199 5519/1871/4198 5518/1870/4197
f 5518/1870/4197 5517/1869/4196 5521/1873/4200
f 5521/1873/4200 5517/1869/4196 5522/1851/4201
f 5522/1851/4201 5517/1869/4196 5523/1850/4202
f 5524/1858/4203 5519/1871/4198 5520/1872/4199
f 5525/1860/4204 5519/1871/4198 5524/1858/4203
f 5526/1874/4198 5527/1875/4196 5528/1876/4196
f 5528/1876/4196 5527/1875/4196 5529/1877/4198
f 5530/1878/4205 5527/1875/4196 5526/1874/4198
f 5527/1875/4196 5530/1878/4205 5529/1877/4198
f 5530/1878/4205 5531/1879/4202 5529/1877/4198
f 5532/1880/4199 5530/1878/4205 5526/1874/4198
f 5526/1874/4198 5533/1881/4199 5532/1880/4199
f 5532/1880/4199 5533/1881/4199 5534/1867/4206
f 5533/1881/4199 5535/1866/4196 5534/1867/4206
f 5529/1877/4198 5531/1879/4202 5536/1882/4207
f 5536/1882/4207 5531/1879/4202 5537/1842/4208
f 5538/1844/4209 5536/1882/4207 5537/1842/4208
f 5539/1883/4210 5540/1884/4211 5541/1885/4212
f 5542/1886/4213 5539/1883/4210 5541/1885/4212
f 5543/1887/4214 5539/1883/4210 5542/1886/4213
f 5544/1888/4215 5543/1887/4214 5542/1886/4213
f 5545/1889/4216 5544/1888/4215 5542/1886/4213
f 5546/1890/4217 5544/1888/4215 5545/1889/4216
f 5547/1891/4218 5546/1890/4217 5545/1889/4216
f 5548/1892/4219 5546/1890/4217 5547/1891/4218
f 5543/1887/4214 5544/1888/4215 5549/1893/4220
f 5549/1893/4220 5544/1888/4215 5546/1890/4217
f 5550/1894/4221 5543/1887/4214 5549/1893/4220
f 5539/1883/4210 5543/1887/4214 5550/1894/4221
f 5548/1892/4219 5551/1895/4222 5546/1890/4217
f 5551/1895/4222 5549/1893/4220 5546/1890/4217
f 5549/1893/4220 5551/1895/4222 5552/1896/4223
f 5549/1893/4220 5552/1896/4223 5550/1894/4221
f 5550/1894/4221 5552/1896/4223 5553/1897/4224
f 5553/1897/4224 5539/1883/4210 5550/1894/4221
f 5553/1897/4224 5540/1884/4211 5539/1883/4210
f 5551/1895/4222 5554/1898/4225 5552/1896/4223
f 5548/1892/4219 5554/1898/4225 5551/1895/4222
f 5552/1896/4223 5554/1898/4225 5555/1899/4226
f 5555/1899/4226 5556/1900/4227 5552/1896/4223
f 5552/1896/4223 5556/1900/4227 5553/1897/4224
f 5557/1901/4228 5556/1900/4227 5555/1899/4226
f 5556/1900/4227 5557/1901/4228 5558/1899/4229
f 5559/1896/4230 5556/1900/4227 5558/1899/4229
f 5558/1899/4229 5560/1898/4231 5559/1896/4230
f 5554/1898/4225 5561/1902/4232 5555/1899/4226
f 5561/1902/4232 5560/1898/4231 5558/1899/4229
f 5561/1902/4232 5562/1903/4233 5555/1899/4226
f 5562/1903/4233 5561/1902/4232 5558/1899/4229
f 5555/1899/4226 5562/1903/4233 5563/1901/4234
f 5563/1901/4234 5562/1903/4233 5558/1899/4229
f 5561/1902/4232 5554/1898/4225 5564/1904/4235
f 5561/1902/4232 5564/1904/4235 5560/1898/4231
f 5559/1896/4230 5560/1898/4231 5565/1895/4236
f 5566/1893/4237 5559/1896/4230 5565/1895/4236
f 5565/1895/4236 5567/1890/4238 5566/1893/4237
f 5567/1890/4238 5568/1888/4239 5566/1893/4237
f 5568/1888/4239 5567/1890/4238 5569/1891/4240
f 5570/1889/4241 5568/1888/4239 5569/1891/4240
f 5571/1887/4242 5568/1888/4239 5570/1889/4241
f 5566/1893/4237 5568/1888/4239 5571/1887/4242
f 5572/1886/4243 5571/1887/4242 5570/1889/4241
f 5573/1892/4244 5567/1890/4238 5565/1895/4236
f 5560/1898/4231 5573/1892/4244 5565/1895/4236
f 5567/1890/4238 5573/1892/4244 5569/1891/4240
f 5569/1891/4240 5573/1892/4244 5574/1905/4245
f 5575/1894/4246 5566/1893/4237 5571/1887/4242
f 5576/1883/4247 5575/1894/4246 5571/1887/4242
f 5576/1883/4247 5571/1887/4242 5572/1886/4243
f 5577/1885/4248 5576/1883/4247 5572/1886/4243
f 5578/1884/4249 5576/1883/4247 5577/1885/4248
f 5566/1893/4237 5575/1894/4246 5559/1896/4230
f 5576/1883/4247 5579/1897/4250 5575/1894/4246
f 5575/1894/4246 5579/1897/4250 5559/1896/4230
f 5579/1897/4250 5576/1883/4247 5578/1884/4249
f 5580/1906/4251 5579/1897/4250 5578/1884/4249
f 5580/1906/4251 5556/1900/4227 5579/1897/4250
f 5579/1897/4250 5556/1900/4227 5559/1896/4230
f 5581/1907/4252 5580/1906/4251 5578/1884/4249
f 5580/1906/4251 5581/1907/4252 5553/1897/4224
f 5553/1897/4224 5556/1900/4227 5580/1906/4251
f 5581/1907/4252 5540/1884/4211 5553/1897/4224
f 5573/1892/4244 5582/1908/4253 5574/1905/4245
f 5582/1908/4253 5573/1892/4244 5560/1898/4231
f 5582/1908/4253 5583/1909/4254 5574/1905/4245
f 5584/1910/4255 5583/1909/4254 5582/1908/4253
f 5564/1904/4235 5584/1910/4255 5582/1908/4253
f 5564/1904/4235 5582/1908/4253 5560/1898/4231
f 5585/1909/4256 5584/1910/4255 5564/1904/4235
f 5586/1908/4257 5585/1909/4256 5564/1904/4235
f 5564/1904/4235 5554/1898/4225 5586/1908/4257
f 5587/1905/4258 5585/1909/4256 5586/1908/4257
f 5548/1892/4219 5587/1905/4258 5586/1908/4257
f 5586/1908/4257 5554/1898/4225 5548/1892/4219
f 5587/1905/4258 5548/1892/4219 5547/1891/4218
f 5588/1911/4259 5589/1912/4260 5590/1913/4261
f 5589/1912/4260 5591/1914/4262 5590/1913/4261
f 5591/1914/4262 5592/1915/4263 5590/1913/4261
f 5592/1915/4263 5593/1916/4264 5590/1913/4261
f 5593/1916/4264 5594/1915/4265 5590/1913/4261
f 5590/1913/4261 5594/1915/4265 5595/1914/4266
f 5596/1912/4267 5590/1913/4261 5595/1914/4266
f 5597/1911/4268 5590/1913/4261 5596/1912/4267
f 5598/1911/4269 5599/1913/4270 5600/1917/4271
f 5600/1917/4271 5599/1913/4270 5601/1918/4272
f 5601/1918/4272 5599/1913/4270 5602/1919/4273
f 5602/1919/4273 5599/1913/4270 5603/1920/4274
f 5603/1920/4274 5599/1913/4270 5604/1919/4275
f 5604/1919/4275 5599/1913/4270 5605/1918/4276
f 5605/1918/4276 5599/1913/4270 5606/1917/4277
f 5606/1917/4277 5599/1913/4270 5607/1911/4278
f 5608/1921/4279 5609/1922/4280 5610/1642/4281
f 5610/1642/4281 5611/1923/4282 5608/1921/4279
f 5612/1646/4283 5611/1923/4282 5610/1642/4281
f 5612/1646/4283 5613/1642/4284 5611/1923/4282
f 5611/1923/4282 5614/1924/4285 5608/1921/4279
f 5615/1925/4286 5614/1924/4285 5611/1923/4282
f 5613/1642/4284 5615/1925/4286 5611/1923/4282
f 5608/1921/4279 5614/1924/4285 5616/1926/4287
f 5608/1921/4279 5616/1926/4287 5617/1927/4288
f 5617/1927/4288 5618/1928/4289 5608/1921/4279
f 5618/1928/4289 5619/1929/4290 5608/1921/4279
f 5619/1929/4290 5620/1930/4291 5608/1921/4279
f 5620/1930/4291 5609/1922/4280 5608/1921/4279
f 5620/1930/4291 5621/1931/4292 5609/1922/4280
f 5622/1926/4293 5614/1924/4285 5615/1925/4286
f 5615/1925/4286 5623/1927/4294 5622/1926/4293
f 5615/1925/4286 5624/1932/4295 5623/1927/4294
f 5625/1933/4296 5624/1932/4295 5615/1925/4286
f 5626/1934/4297 5625/1933/4296 5615/1925/4286
f 5627/1935/4298 5626/1934/4297 5615/1925/4286
f 5613/1642/4284 5627/1935/4298 5615/1925/4286
f 5628/1641/4299 5627/1935/4298 5613/1642/4284
f 5627/1935/4298 5628/1641/4299 5629/1936/4300
f 5629/1936/4300 5628/1641/4299 5630/1647/4301
f 5629/1936/4300 5630/1647/4301 5631/1641/4302
f 5632/1937/4303 5627/1935/4298 5629/1936/4300
f 5632/1937/4303 5629/1936/4300 5609/1922/4280
f 5609/1922/4280 5629/1936/4300 5631/1641/4302
f 5633/1938/4304 5627/1935/4298 5632/1937/4303
f 5633/1938/4304 5634/1939/4305 5627/1935/4298
f 5627/1935/4298 5634/1939/4305 5626/1934/4297
f 5635/1940/4306 5632/1937/4303 5609/1922/4280
f 5621/1931/4292 5635/1940/4306 5609/1922/4280
f 5609/1922/4280 5631/1641/4302 5610/1642/4281
f 5636/1941/4307 5637/1938/4308 5632/1937/4303
f 5638/1942/4309 5637/1938/4308 5636/1941/4307
f 5639/1939/4310 5637/1938/4308 5638/1942/4309
f 5639/1939/4310 5638/1942/4309 5640/1934/4311
f 5640/1934/4311 5638/1942/4309 5641/1943/4312
f 5641/1943/4312 5638/1942/4309 5642/1944/4313
f 5642/1944/4313 5638/1942/4309 5643/1945/4314
f 5643/1945/4314 5638/1942/4309 5636/1941/4307
f 5642/1944/4313 5644/1946/4315 5641/1943/4312
f 5641/1943/4312 5644/1946/4315 5640/1934/4311
f 5645/1947/4316 5644/1946/4315 5642/1944/4313
f 5644/1946/4315 5645/1947/4316 5646/1932/4317
f 5646/1932/4317 5645/1947/4316 5647/1927/4318
f 5640/1934/4311 5644/1946/4315 5648/1933/4319
f 5648/1933/4319 5644/1946/4315 5646/1932/4317
f 5647/1927/4318 5645/1947/4316 5649/1948/4320
f 5649/1948/4320 5650/1949/4321 5647/1927/4318
f 5650/1949/4321 5651/1926/4322 5647/1927/4318
f 5650/1949/4321 5652/1950/4323 5651/1926/4322
f 5652/1950/4323 5653/1924/4324 5651/1926/4322
f 5653/1924/4324 5652/1950/4323 5654/1949/4325
f 5655/1926/4326 5653/1924/4324 5654/1949/4325
f 5655/1926/4326 5654/1949/4325 5656/1927/4327
f 5654/1949/4325 5657/1948/4328 5656/1927/4327
f 5657/1948/4328 5658/1951/4329 5656/1927/4327
f 5658/1951/4329 5659/1928/4330 5656/1927/4327
f 5660/1952/4331 5659/1928/4330 5658/1951/4329
f 5661/1944/4332 5660/1952/4331 5658/1951/4329
f 5662/1929/4333 5659/1928/4330 5660/1952/4331
f 5662/1929/4333 5660/1952/4331 5663/1930/4334
f 5663/1930/4334 5660/1952/4331 5664/1953/4335
f 5664/1953/4335 5660/1952/4331 5661/1944/4332
f 5664/1953/4335 5665/1954/4336 5663/1930/4334
f 5661/1944/4332 5665/1954/4336 5664/1953/4335
f 5666/1955/4337 5665/1954/4336 5661/1944/4332
f 5667/1956/4338 5665/1954/4336 5666/1955/4337
f 5665/1954/4336 5668/1931/4339 5663/1930/4334
f 5668/1931/4339 5665/1954/4336 5669/1940/4340
f 5669/1940/4340 5665/1954/4336 5667/1956/4338
f 5667/1956/4338 5632/1937/4303 5669/1940/4340
f 5670/1957/4341 5632/1937/4303 5667/1956/4338
f 5670/1957/4341 5636/1941/4307 5632/1937/4303
f 5671/1958/4342 5672/1959/4343 5673/1960/4344
f 5674/1959/4345 5671/1958/4342 5673/1960/4344
f 5675/1961/4346 5674/1959/4345 5673/1960/4344
f 5676/1962/4347 5674/1959/4345 5675/1961/4346
f 5677/1963/4348 5674/1959/4345 5676/1962/4347
f 5678/1964/4349 5674/1959/4345 5677/1963/4348
f 5679/1965/4350 5678/1964/4349 5677/1963/4348
f 5673/1960/4344 5672/1959/4343 5680/1961/4351
f 5680/1961/4351 5672/1959/4343 5681/1962/4352
f 5672/1959/4343 5682/1963/4353 5681/1962/4352
f 5683/1964/4354 5682/1963/4353 5672/1959/4343
f 5684/1965/4355 5682/1963/4353 5683/1964/4354
f 5685/1966/4356 5686/1967/4357 5687/1968/4358
f 5687/1968/4358 5688/1969/4359 5685/1966/4356
f 5689/1970/4360 5688/1969/4359 5687/1968/4358
f 5689/1970/4360 5687/1968/4358 5690/1971/4361
f 5690/1971/4361 5687/1968/4358 5691/1972/4362
f 5690/1971/4361 5691/1972/4362 5692/1973/4363
f 5693/1974/4364 5690/1971/4361 5692/1973/4363
f 5693/1974/4364 5692/1973/4363 5694/1972/4365
f 5695/1971/4366 5693/1974/4364 5694/1972/4365
f 5694/1972/4365 5696/1968/4367 5695/1971/4366
f 5695/1971/4366 5696/1968/4367 5697/1970/4368
f 5698/1975/4369 5696/1968/4367 5694/1972/4365
f 5694/1972/4365 5692/1973/4363 5698/1975/4369
f 5692/1973/4363 5699/1976/4370 5698/1975/4369
f 5692/1973/4363 5691/1972/4362 5699/1976/4370
f 5691/1972/4362 5700/1975/4371 5699/1976/4370
f 5691/1972/4362 5687/1968/4358 5700/1975/4371
f 5696/1968/4367 5701/1977/4372 5697/1970/4368
f 5702/1966/4373 5701/1977/4372 5696/1968/4367
f 5703/1978/4374 5702/1966/4373 5696/1968/4367
f 5703/1978/4374 5696/1968/4367 5704/1979/4375
f 5705/1980/4376 5696/1968/4367 5698/1975/4369
f 5698/1975/4369 5699/1976/4370 5705/1980/4376
f 5696/1968/4367 5705/1980/4376 5704/1979/4375
f 5705/1980/4376 5706/1981/4377 5704/1979/4375
f 5699/1976/4370 5707/1982/4378 5705/1980/4376
f 5699/1976/4370 5700/1975/4371 5707/1982/4378
f 5705/1980/4376 5707/1982/4378 5706/1981/4377
f 5700/1975/4371 5708/1980/4379 5707/1982/4378
f 5700/1975/4371 5687/1968/4358 5708/1980/4379
f 5687/1968/4358 5709/1979/4380 5708/1980/4379
f 5686/1967/4357 5709/1979/4380 5687/1968/4358
f 5707/1982/4378 5708/1980/4379 5710/1983/4381
f 5707/1982/4378 5710/1983/4381 5706/1981/4377
f 5706/1981/4377 5710/1983/4381 5711/1984/4382
f 5704/1979/4375 5706/1981/4377 5711/1984/4382
f 5710/1983/4381 5712/1985/4383 5711/1984/4382
f 5710/1983/4381 5713/1981/4384 5712/1985/4383
f 5708/1980/4379 5713/1981/4384 5710/1983/4381
f 5708/1980/4379 5709/1979/4380 5713/1981/4384
f 5713/1981/4384 5714/1984/4385 5712/1985/4383
f 5713/1981/4384 5709/1979/4380 5714/1984/4385
f 5715/1986/4386 5716/1987/4387 5717/1988/4388
f 5715/1986/4386 5717/1988/4388 5718/1987/4389
f 5719/1989/4390 5716/1987/4387 5715/1986/4386
f 5715/1986/4386 5718/1987/4389 5720/1989/4391
f 5721/1990/4392 5722/1991/4393 5723/1992/4394
f 5724/1993/4394 5721/1990/4392 5723/1992/4394
f 5724/1993/4394 5725/1992/4394 5721/1990/4392
f 5725/1992/4394 5726/1991/4395 5721/1990/4392
f 5721/1990/4392 5726/1991/4395 5727/1994/4396
f 5721/1990/4392 5727/1994/4396 5722/1991/4393
f 5726/1991/4395 5728/1995/4397 5727/1994/4396
f 5727/1994/4396 5729/1995/4398 5722/1991/4393
f 5730/1996/4399 5729/1995/4398 5727/1994/4396
f 5731/1997/4399 5730/1996/4399 5727/1994/4396
f 5727/1994/4396 5728/1995/4397 5731/1997/4399
f 5730/1996/4399 5731/1997/4399 5732/1998/4400
f 5731/1997/4399 5733/1999/4401 5732/1998/4400
f 5731/1997/4399 5734/1996/4399 5733/1999/4401
f 5728/1995/4397 5734/1996/4399 5731/1997/4399
f 5734/1996/4399 5735/1998/4400 5733/1999/4401
f 5732/1998/4400 5733/1999/4401 5736/1989/4402
f 5733/1999/4401 5737/1986/4403 5736/1989/4402
f 5733/1999/4401 5735/1998/4400 5737/1986/4403
f 5735/1998/4400 5738/1989/4404 5737/1986/4403
f 5739/2000/4405 5725/1992/4394 5724/1993/4394
f 5739/2000/4405 5724/1993/4394 5723/1992/4394
f 5740/2001/4406 5741/2002/4407 5742/2003/4408
f 5743/2004/4409 5741/2002/4407 5740/2001/4406
f 5744/2005/4410 5741/2002/4407 5743/2004/4409
f 5743/2004/4409 5745/2006/4411 5744/2005/4410
f 5743/2004/4409 5746/2007/4412 5745/2006/4411
f 5743/2004/4409 5740/2001/4406 5746/2007/4412
f 5747/2008/4413 5744/2005/4410 5745/2006/4411
f 5747/2008/4413 5745/2006/4411 5748/2009/4414
f 5749/2010/4415 5748/2009/4414 5745/2006/4411
f 5749/2010/4415 5745/2006/4411 5750/2011/4416
f 5750/2011/4416 5751/2012/4417 5749/2010/4415
f 5749/2010/4415 5752/2013/4418 5748/2009/4414
f 5749/2010/4415 5751/2012/4417 5752/2013/4418
f 5748/2009/4414 5753/2014/4419 5747/2008/4413
f 5752/2013/4418 5753/2014/4419 5748/2009/4414
f 5747/2008/4413 5754/2015/4420 5744/2005/4410
f 5754/2015/4420 5741/2002/4407 5744/2005/4410
f 5747/2008/4413 5753/2014/4419 5754/2015/4420
f 5740/2001/4406 5755/2016/4421 5746/2007/4412
f 5756/2017/4422 5755/2016/4421 5740/2001/4406
f 5742/2003/4408 5756/2017/4422 5740/2001/4406
f 5742/2003/4408 5757/2001/4423 5756/2017/4422
f 5742/2003/4408 5758/2002/4424 5757/2001/4423
f 5757/2001/4423 5758/2002/4424 5759/2004/4425
f 5759/2004/4425 5760/2007/4426 5757/2001/4423
f 5759/2004/4425 5761/2006/4427 5760/2007/4426
f 5759/2004/4425 5762/2005/4428 5761/2006/4427
f 5758/2002/4424 5762/2005/4428 5759/2004/4425
f 5763/2008/4429 5761/2006/4427 5762/2005/4428
f 5763/2008/4429 5764/2009/4430 5761/2006/4427
f 5762/2005/4428 5758/2002/4424 5765/2015/4431
f 5763/2008/4429 5762/2005/4428 5765/2015/4431
f 5765/2015/4431 5766/2014/4432 5763/2008/4429
f 5766/2014/4432 5764/2009/4430 5763/2008/4429
f 5767/2010/4433 5761/2006/4427 5764/2009/4430
f 5767/2010/4433 5768/2011/4434 5761/2006/4427
f 5764/2009/4430 5766/2014/4432 5769/2013/4435
f 5767/2010/4433 5764/2009/4430 5769/2013/4435
f 5769/2013/4435 5770/2012/4436 5767/2010/4433
f 5770/2012/4436 5768/2011/4434 5767/2010/4433
f 5760/2007/4426 5771/2016/4437 5757/2001/4423
f 5757/2001/4423 5771/2016/4437 5756/2017/4422
f 5772/2018/4438 5770/2012/4436 5769/2013/4435
f 5773/2019/4439 5770/2012/4436 5772/2018/4438
f 5751/2012/4417 5773/2019/4439 5772/2018/4438
f 5772/2018/4438 5769/2013/4435 5774/2020/4440
f 5769/2013/4435 5766/2014/4432 5774/2020/4440
f 5772/2018/4438 5774/2020/4440 5752/2013/4418
f 5752/2013/4418 5751/2012/4417 5772/2018/4438
f 5774/2020/4440 5766/2014/4432 5775/2021/4441
f 5775/2021/4441 5766/2014/4432 5765/2015/4431
f 5753/2014/4419 5774/2020/4440 5775/2021/4441
f 5774/2020/4440 5753/2014/4419 5752/2013/4418
f 5775/2021/4441 5765/2015/4431 5776/2022/4442
f 5775/2021/4441 5776/2022/4442 5754/2015/4420
f 5754/2015/4420 5753/2014/4419 5775/2021/4441
f 5776/2022/4442 5741/2002/4407 5754/2015/4420
f 5741/2002/4407 5776/2022/4442 5742/2003/4408
f 5776/2022/4442 5758/2002/4424 5742/2003/4408
f 5765/2015/4431 5758/2002/4424 5776/2022/4442
f 5777/1631/4443 5778/1630/4444 5779/1632/4445
f 5777/1631/4443 5779/1632/4445 5780/1633/4446
f 5781/1634/4447 5780/1633/4446 5779/1632/4445
f 5782/1635/4448 5780/1633/4446 5781/1634/4447
f 5782/1635/4448 5777/1631/4443 5780/1633/4446
f 5782/1635/4448 5783/1636/4449 5777/1631/4443
f 5777/1631/4443 5783/1636/4449 5784/1637/4450
f 5777/1631/4443 5784/1637/4450 5778/1630/4444
f 5782/1635/4448 5785/1638/4451 5783/1636/4449
f 5783/1636/4449 5785/1638/4451 5784/1637/4450
f 5784/1637/4450 5786/1639/4452 5778/1630/4444
f 5786/1639/4452 5784/1637/4450 5785/1638/4451
f 5786/1639/4452 5787/1640/4453 5778/1630/4444
f 5779/1632/4445 5778/1630/4444 5787/1640/4453
f 5786/1639/4452 5788/1641/4454 5787/1640/4453
f 5788/1641/4454 5789/1642/4455 5787/1640/4453
f 5790/1643/4456 5788/1641/4454 5786/1639/4452
f 5790/1643/4456 5786/1639/4452 5785/1638/4451
f 5791/1644/4457 5787/1640/4453 5789/1642/4455
f 5791/1644/4457 5779/1632/4445 5787/1640/4453
f 5781/1634/4447 5779/1632/4445 5791/1644/4457
f 5792/1642/4458 5781/1634/4447 5791/1644/4457
f 5793/1645/4459 5781/1634/4447 5792/1642/4458
f 5793/1645/4459 5785/1638/4451 5782/1635/4448
f 5793/1645/4459 5782/1635/4448 5781/1634/4447
f 5793/1645/4459 5790/1643/4456 5785/1638/4451
f 5793/1645/4459 5794/1641/4460 5790/1643/4456
f 5794/1641/4460 5793/1645/4459 5792/1642/4458
f 5795/1646/4461 5791/1644/4457 5789/1642/4455
f 5792/1642/4458 5791/1644/4457 5795/1646/4461
f 5794/1641/4460 5796/1647/4462 5790/1643/4456
f 5790/1643/4456 5796/1647/4462 5788/1641/4454
f 5797/1922/4463 5798/1921/4464 5799/1642/4465
f 5800/1923/4466 5799/1642/4465 5798/1921/4464
f 5800/1923/4466 5801/1646/4467 5799/1642/4465
f 5802/1642/4468 5801/1646/4467 5800/1923/4466
f 5803/1924/4469 5800/1923/4466 5798/1921/4464
f 5803/1924/4469 5804/1925/4470 5800/1923/4466
f 5804/1925/4470 5802/1642/4468 5800/1923/4466
f 5803/1924/4469 5798/1921/4464 5805/1926/4471
f 5805/1926/4471 5798/1921/4464 5806/1927/4472
f 5807/1928/4473 5806/1927/4472 5798/1921/4464
f 5808/1929/4474 5807/1928/4473 5798/1921/4464
f 5809/1930/4475 5808/1929/4474 5798/1921/4464
f 5797/1922/4463 5809/1930/4475 5798/1921/4464
f 5810/1931/4476 5809/1930/4475 5797/1922/4463
f 5803/1924/4469 5811/1926/4477 5804/1925/4470
f 5812/1927/4478 5804/1925/4470 5811/1926/4477
f 5813/1932/4479 5804/1925/4470 5812/1927/4478
f 5813/1932/4479 5814/1933/4480 5804/1925/4470
f 5815/1940/4481 5810/1931/4476 5797/1922/4463
f 5814/1933/4480 5816/1934/4482 5804/1925/4470
f 5816/1934/4482 5817/1935/4483 5804/1925/4470
f 5817/1935/4483 5802/1642/4468 5804/1925/4470
f 5817/1935/4483 5818/1641/4484 5802/1642/4468
f 5818/1641/4484 5817/1935/4483 5819/1936/4485
f 5818/1641/4484 5819/1936/4485 5820/1647/4486
f 5820/1647/4486 5819/1936/4485 5821/1641/4487
f 5817/1935/4483 5822/1937/4488 5819/1936/4485
f 5819/1936/4485 5822/1937/4488 5797/1922/4463
f 5822/1937/4488 5815/1940/4481 5797/1922/4463
f 5819/1936/4485 5797/1922/4463 5821/1641/4487
f 5817/1935/4483 5823/1938/4489 5822/1937/4488
f 5824/1939/4490 5823/1938/4489 5817/1935/4483
f 5824/1939/4490 5817/1935/4483 5816/1934/4482
f 5821/1641/4487 5797/1922/4463 5799/1642/4465
f 5825/1938/4491 5826/1941/4492 5822/1937/4488
f 5825/1938/4491 5827/1942/4493 5826/1941/4492
f 5825/1938/4491 5828/1939/4494 5827/1942/4493
f 5827/1942/4493 5828/1939/4494 5829/1934/4495
f 5827/1942/4493 5829/1934/4495 5830/1943/4496
f 5827/1942/4493 5830/1943/4496 5831/1944/4497
f 5827/1942/4493 5831/1944/4497 5832/1945/4498
f 5827/1942/4493 5832/1945/4498 5826/1941/4492
f 5833/1946/4499 5831/1944/4497 5830/1943/4496
f 5833/1946/4499 5830/1943/4496 5829/1934/4495
f 5833/1946/4499 5834/1947/4500 5831/1944/4497
f 5834/1947/4500 5833/1946/4499 5835/1932/4501
f 5834/1947/4500 5835/1932/4501 5836/1927/4502
f 5833/1946/4499 5829/1934/4495 5837/1933/4503
f 5833/1946/4499 5837/1933/4503 5835/1932/4501
f 5834/1947/4500 5836/1927/4502 5838/1948/4504
f 5839/1949/4505 5838/1948/4504 5836/1927/4502
f 5840/1926/4506 5839/1949/4505 5836/1927/4502
f 5841/1950/4507 5839/1949/4505 5840/1926/4506
f 5842/1924/4508 5841/1950/4507 5840/1926/4506
f 5841/1950/4507 5842/1924/4508 5843/1949/4509
f 5842/1924/4508 5844/1926/4510 5843/1949/4509
f 5843/1949/4509 5844/1926/4510 5845/1927/4511
f 5846/1948/4512 5843/1949/4509 5845/1927/4511
f 5847/1951/4513 5846/1948/4512 5845/1927/4511
f 5848/1928/4514 5847/1951/4513 5845/1927/4511
f 5848/1928/4514 5849/1952/4515 5847/1951/4513
f 5849/1952/4515 5850/1944/4516 5847/1951/4513
f 5848/1928/4514 5851/1929/4517 5849/1952/4515
f 5849/1952/4515 5851/1929/4517 5852/1930/4518
f 5849/1952/4515 5852/1930/4518 5853/1953/4519
f 5849/1952/4515 5853/1953/4519 5850/1944/4516
f 5854/1954/4520 5853/1953/4519 5852/1930/4518
f 5854/1954/4520 5850/1944/4516 5853/1953/4519
f 5854/1954/4520 5855/1955/4521 5850/1944/4516
f 5854/1954/4520 5856/1956/4522 5855/1955/4521
f 5857/1931/4523 5854/1954/4520 5852/1930/4518
f 5854/1954/4520 5857/1931/4523 5858/1940/4524
f 5854/1954/4520 5858/1940/4524 5856/1956/4522
f 5822/1937/4488 5856/1956/4522 5858/1940/4524
f 5822/1937/4488 5859/1957/4525 5856/1956/4522
f 5826/1941/4492 5859/1957/4525 5822/1937/4488
f 5860/1959/4526 5861/1958/4527 5862/1960/4528
f 5861/1958/4527 5863/1959/4529 5862/1960/4528
f 5863/1959/4529 5864/1961/4530 5862/1960/4528
f 5863/1959/4529 5865/1962/4531 5864/1961/4530
f 5863/1959/4529 5866/1963/4532 5865/1962/4531
f 5863/1959/4529 5867/1964/4533 5866/1963/4532
f 5867/1964/4533 5868/1965/4534 5866/1963/4532
f 5860/1959/4526 5862/1960/4528 5869/1961/4535
f 5860/1959/4526 5869/1961/4535 5870/1962/4536
f 5871/1963/4537 5860/1959/4526 5870/1962/4536
f 5871/1963/4537 5872/1964/4538 5860/1959/4526
f 5871/1963/4537 5873/1965/4539 5872/1964/4538
f 5874/1649/4540 5875/1648/4541 5876/1650/4542
f 5874/1649/4540 5877/1651/4543 5875/1648/4541
f 5874/1649/4540 5878/1652/4544 5877/1651/4543
f 5874/1649/4540 5879/1653/4545 5878/1652/4544
f 5880/1652/4546 5879/1653/4545 5874/1649/4540
f 5881/1651/4547 5880/1652/4546 5874/1649/4540
f 5882/1648/4548 5881/1651/4547 5874/1649/4540
f 5882/1648/4548 5874/1649/4540 5883/1650/4549
f 5884/1654/4550 5883/1650/4549 5874/1649/4540
f 5884/1654/4550 5885/1655/4551 5883/1650/4549
f 5885/1655/4551 5886/1656/4551 5883/1650/4549
f 5887/1654/4552 5874/1649/4540 5876/1650/4542
f 5876/1650/4542 5888/1656/4553 5887/1654/4552
f 5888/1656/4553 5889/1655/4553 5887/1654/4552
f 5887/1654/4552 5890/1657/4554 5874/1649/4540
f 5891/1657/4555 5884/1654/4550 5874/1649/4540
f 5890/1657/4554 5892/1658/4556 5874/1649/4540
f 5891/1657/4555 5874/1649/4540 5892/1658/4556
f 5893/1659/4557 5894/1662/4558 5895/1661/4559
f 5896/1660/4560 5893/1659/4557 5895/1661/4559
f 5896/1660/4560 5895/1661/4559 5897/1663/4561
f 5898/1664/4562 5896/1660/4560 5897/1663/4561
f 5899/1665/4563 5894/1662/4558 5893/1659/4557
f 5900/1666/4564 5899/1665/4563 5893/1659/4557
f 5896/1660/4560 5901/1667/4565 5893/1659/4557
f 5901/1667/4565 5896/1660/4560 5902/1668/4566
f 5898/1664/4562 5902/1668/4566 5896/1660/4560
f 5898/1664/4562 5903/1669/4567 5902/1668/4566
f 5904/1670/4568 5893/1659/4557 5901/1667/4565
f 5902/1668/4566 5904/1670/4568 5901/1667/4565
f 5904/1670/4568 5900/1666/4564 5893/1659/4557
f 5902/1668/4566 5905/1671/4569 5904/1670/4568
f 5906/1672/4570 5905/1671/4569 5902/1668/4566
f 5906/1672/4570 5907/1673/4571 5905/1671/4569
f 5905/1671/4569 5907/1673/4571 5904/1670/4568
f 5904/1670/4568 5907/1673/4571 5900/1666/4564
f 5900/1666/4564 5907/1673/4571 5899/1665/4563
f 5908/1674/4572 5907/1673/4571 5906/1672/4570
f 5908/1674/4572 5909/1675/4573 5907/1673/4571
f 5909/1675/4573 5910/1676/4574 5907/1673/4571
f 5907/1673/4571 5910/1676/4574 5899/1665/4563
f 5909/1675/4573 5908/1674/4572 5911/1677/4575
f 5908/1674/4572 5912/1678/4576 5911/1677/4575
f 5913/1679/4577 5911/1677/4575 5912/1678/4576
f 5914/1680/4578 5913/1679/4577 5912/1678/4576
f 5913/1679/4577 5914/1680/4578 5915/1681/4579
f 5914/1680/4578 5916/1682/4580 5915/1681/4579
f 5916/1682/4580 5917/1683/4581 5915/1681/4579
f 5917/1683/4581 5918/1684/4582 5915/1681/4579
f 5914/1680/4578 5912/1678/4576 5919/1685/4583
f 5920/1686/4584 5914/1680/4578 5919/1685/4583
f 5914/1680/4578 5920/1686/4584 5921/1687/4585
f 5914/1680/4578 5921/1687/4585 5916/1682/4580
f 5920/1686/4584 5922/1688/4586 5921/1687/4585
f 5923/1689/4587 5916/1682/4580 5921/1687/4585
f 5923/1689/4587 5921/1687/4585 5924/1690/4588
f 5925/1691/4589 5916/1682/4580 5923/1689/4587
f 5917/1683/4581 5916/1682/4580 5925/1691/4589
f 5925/1691/4589 5923/1689/4587 5924/1690/4588
f 5926/1692/4590 5919/1685/4583 5912/1678/4576
f 5908/1674/4572 5926/1692/4590 5912/1678/4576
f 5926/1692/4590 5908/1674/4572 5906/1672/4570
f 5926/1692/4590 5906/1672/4570 5927/1693/4591
f 5925/1691/4589 5924/1690/4588 5928/1694/4592
f 5928/1694/4592 5924/1690/4588 5929/1695/4593
f 5930/1696/4594 5928/1694/4592 5929/1695/4593
f 5925/1691/4589 5928/1694/4592 5930/1696/4594
f 5917/1683/4581 5930/1696/4594 5918/1684/4582
f 5917/1683/4581 5925/1691/4589 5930/1696/4594
f 5930/1696/4594 5929/1695/4593 5931/1697/4595
f 5929/1695/4593 5932/1698/4596 5931/1697/4595
f 5929/1695/4593 5924/1690/4588 5932/1698/4596
f 5932/1698/4596 5933/1699/4597 5931/1697/4595
f 5934/1700/4598 5930/1696/4594 5931/1697/4595
f 5924/1690/4588 5935/1701/4599 5932/1698/4596
f 5930/1696/4594 5934/1700/4598 5918/1684/4582
f 5932/1698/4596 5936/1702/4600 5933/1699/4597
f 5936/1702/4600 5932/1698/4596 5935/1701/4599
f 5936/1702/4600 5937/1703/4601 5933/1699/4597
f 5936/1702/4600 5938/1704/4602 5937/1703/4601
f 5938/1704/4602 5939/1705/4603 5937/1703/4601
f 5938/1704/4602 5940/1706/4604 5939/1705/4603
f 5940/1706/4604 5941/1707/4605 5939/1705/4603
f 5936/1702/4600 5942/1708/4606 5938/1704/4602
f 5936/1702/4600 5935/1701/4599 5942/1708/4606
f 5942/1708/4606 5943/1709/4607 5938/1704/4602
f 5943/1709/4607 5944/1710/4608 5938/1704/4602
f 5940/1706/4604 5938/1704/4602 5944/1710/4608
f 5940/1706/4604 5944/1710/4608 5903/1669/4567
f 5940/1706/4604 5898/1664/4562 5941/1707/4605
f 5940/1706/4604 5903/1669/4567 5898/1664/4562
f 5898/1664/4562 5897/1663/4561 5941/1707/4605
f 5945/1711/4609 5946/1714/4610 5947/1713/4611
f 5948/1712/4612 5945/1711/4609 5947/1713/4611
f 5949/1715/4613 5948/1712/4612 5947/1713/4611
f 5947/1713/4611 5946/1714/4610 5950/1716/4614
f 5946/1714/4610 5951/1717/4615 5950/1716/4614
f 5950/1716/4614 5951/1717/4615 5952/1718/4616
f 5952/1718/4616 5953/1717/4617 5950/1716/4614
f 5950/1716/4614 5953/1717/4617 5954/1713/4618
f 5953/1717/4617 5955/1714/4619 5954/1713/4618
f 5955/1714/4619 5956/1711/4620 5954/1713/4618
f 5956/1711/4620 5957/1712/4621 5954/1713/4618
f 5957/1712/4621 5958/1715/4622 5954/1713/4618
f 5958/1715/4622 5959/1719/4623 5954/1713/4618
f 5954/1713/4618 5959/1719/4623 5950/1716/4614
f 5960/1719/4624 5949/1715/4613 5947/1713/4611
f 5961/1720/4625 5960/1719/4624 5947/1713/4611
f 5950/1716/4614 5962/1721/4626 5961/1720/4625
f 5963/1720/4627 5962/1721/4626 5950/1716/4614
f 5959/1719/4623 5963/1720/4627 5950/1716/4614
f 5950/1716/4614 5961/1720/4625 5947/1713/4611
f 5964/1687/4628 5965/1722/4629 5966/1690/4630
f 5967/1701/4631 5966/1690/4630 5965/1722/4629
f 5967/1701/4631 5965/1722/4629 5968/1723/4632
f 5968/1723/4632 5965/1722/4629 5969/1724/4633
f 5969/1724/4633 5965/1722/4629 5964/1687/4628
f 5969/1724/4633 5964/1687/4628 5970/1688/4634
f 5969/1724/4633 5970/1688/4634 5971/1725/4635
f 5972/1726/4636 5969/1724/4633 5971/1725/4635
f 5972/1726/4636 5968/1723/4632 5969/1724/4633
f 5972/1726/4636 5971/1725/4635 5973/1727/4637
f 5973/1727/4637 5971/1725/4635 5974/1728/4638
f 5975/1729/4639 5973/1727/4637 5974/1728/4638
f 5975/1729/4639 5974/1728/4638 5976/1730/4640
f 5977/1731/4641 5975/1729/4639 5976/1730/4640
f 5976/1730/4640 5978/1732/4642 5977/1731/4641
f 5976/1730/4640 5979/1733/4643 5978/1732/4642
f 5980/1734/4644 5978/1732/4642 5979/1733/4643
f 5981/1735/4645 5980/1734/4644 5979/1733/4643
f 5980/1734/4644 5981/1735/4645 5982/1736/4646
f 5978/1732/4642 5980/1734/4644 5983/1737/4647
f 5980/1734/4644 5982/1736/4646 5983/1737/4647
f 5981/1735/4645 5979/1733/4643 5984/1738/4648
f 5984/1738/4648 5979/1733/4643 5985/1739/4649
f 5981/1735/4645 5986/1740/4650 5982/1736/4646
f 5984/1738/4648 5985/1739/4649 5986/1740/4650
f 5981/1735/4645 5984/1738/4648 5986/1740/4650
f 5985/1739/4649 5987/1741/4651 5986/1740/4650
f 5985/1739/4649 5988/1742/4652 5987/1741/4651
f 5989/1743/4653 5979/1733/4643 5976/1730/4640
f 5989/1743/4653 5976/1730/4640 5974/1728/4638
f 5979/1733/4643 5989/1743/4653 5990/1744/4654
f 5979/1733/4643 5990/1744/4654 5985/1739/4649
f 5978/1732/4642 5991/1745/4655 5977/1731/4641
f 5991/1745/4655 5992/1746/4656 5977/1731/4641
f 5991/1745/4655 5993/1747/4657 5992/1746/4656
f 5991/1745/4655 5994/1748/4658 5993/1747/4657
f 5991/1745/4655 5978/1732/4642 5994/1748/4658
f 5995/1749/4659 5994/1748/4658 5978/1732/4642
f 5978/1732/4642 5983/1737/4647 5995/1749/4659
f 5989/1743/4653 5996/1750/4660 5990/1744/4654
f 5989/1743/4653 5997/1751/4661 5996/1750/4660
f 5989/1743/4653 5974/1728/4638 5997/1751/4661
f 5974/1728/4638 5971/1725/4635 5997/1751/4661
f 5998/1752/4662 5997/1751/4661 5971/1725/4635
f 5997/1751/4661 5999/1753/4663 5996/1750/4660
f 5996/1750/4660 5999/1753/4663 6000/1754/4664
f 5996/1750/4660 6000/1754/4664 6001/1755/4665
f 5990/1744/4654 5996/1750/4660 6001/1755/4665
f 5990/1744/4654 6001/1755/4665 6002/1756/4666
f 6003/1757/4667 6002/1756/4666 6001/1755/4665
f 6004/1758/4668 6002/1756/4666 6003/1757/4667
f 6004/1758/4668 6005/1759/4669 6002/1756/4666
f 6005/1759/4669 6006/1760/4670 6002/1756/4666
f 6006/1760/4670 6007/1761/4671 6002/1756/4666
f 5985/1739/4649 6002/1756/4666 6007/1761/4671
f 6006/1760/4670 5988/1742/4652 6007/1761/4671
f 5985/1739/4649 6007/1761/4671 5988/1742/4652
f 6004/1758/4668 6003/1757/4667 6008/1762/4672
f 6009/1763/4673 6008/1762/4672 6003/1757/4667
f 6010/1764/4674 6001/1755/4665 6000/1754/4664
f 6010/1764/4674 6009/1763/4673 6003/1757/4667
f 6010/1764/4674 6003/1757/4667 6001/1755/4665
f 6010/1764/4674 6011/1765/4675 6009/1763/4673
f 6012/1766/4676 6004/1758/4668 6008/1762/4672
f 6013/1767/4677 6012/1766/4676 6008/1762/4672
f 6008/1762/4672 6014/1768/4678 6013/1767/4677
f 6013/1767/4677 6014/1768/4678 6015/1769/4679
f 6014/1768/4678 6016/1770/4680 6015/1769/4679
f 6017/1771/4681 6013/1767/4677 6015/1769/4679
f 6012/1766/4676 6013/1767/4677 6017/1771/4681
f 6012/1766/4676 6017/1771/4681 6018/1772/4682
f 6017/1771/4681 6019/1773/4683 6018/1772/4682
f 6017/1771/4681 6015/1769/4679 6019/1773/4683
f 6012/1766/4676 6018/1772/4682 6004/1758/4668
f 6010/1764/4674 6020/1774/4684 6011/1765/4675
f 6021/1775/4685 6011/1765/4675 6020/1774/4684
f 6021/1775/4685 6020/1774/4684 6022/1776/4686
f 6023/1693/4687 6022/1776/4686 6020/1774/4684
f 6024/1777/4688 6021/1775/4685 6022/1776/4686
f 6023/1693/4687 6025/1672/4689 6022/1776/4686
f 6025/1672/4689 6026/1778/4690 6022/1776/4686
f 6024/1777/4688 6022/1776/4686 6026/1778/4690
f 6027/1669/4691 6024/1777/4688 6026/1778/4690
f 6027/1669/4691 6026/1778/4690 6028/1668/4692
f 6025/1672/4689 6028/1668/4692 6026/1778/4690
f 6021/1775/4685 6024/1777/4688 6029/1779/4693
f 6030/1709/4694 6029/1779/4693 6024/1777/4688
f 5968/1723/4632 6029/1779/4693 6030/1709/4694
f 6021/1775/4685 6029/1779/4693 6031/1780/4695
f 5972/1726/4636 6031/1780/4695 6029/1779/4693
f 5968/1723/4632 5972/1726/4636 6029/1779/4693
f 6021/1775/4685 6031/1780/4695 6011/1765/4675
f 6031/1780/4695 6032/1781/4696 6011/1765/4675
f 5973/1727/4637 6032/1781/4696 6031/1780/4695
f 5972/1726/4636 5973/1727/4637 6031/1780/4695
f 6032/1781/4696 6009/1763/4673 6011/1765/4675
f 6032/1781/4696 6033/1782/4697 6009/1763/4673
f 5975/1729/4639 6033/1782/4697 6032/1781/4696
f 5973/1727/4637 5975/1729/4639 6032/1781/4696
f 6033/1782/4697 6008/1762/4672 6009/1763/4673
f 6033/1782/4697 6034/1783/4698 6008/1762/4672
f 5977/1731/4641 6034/1783/4698 6033/1782/4697
f 5975/1729/4639 5977/1731/4641 6033/1782/4697
f 6035/1708/4699 5968/1723/4632 6030/1709/4694
f 6035/1708/4699 5967/1701/4631 5968/1723/4632
f 6008/1762/4672 6034/1783/4698 6014/1768/4678
f 6034/1783/4698 6036/1784/4700 6014/1768/4678
f 6037/1785/4701 6036/1784/4700 6034/1783/4698
f 5977/1731/4641 6037/1785/4701 6034/1783/4698
f 6037/1785/4701 6038/1786/4702 6036/1784/4700
f 6038/1786/4702 6039/1787/4703 6036/1784/4700
f 6036/1784/4700 6039/1787/4703 6016/1770/4680
f 6014/1768/4678 6036/1784/4700 6016/1770/4680
f 6037/1785/4701 5992/1746/4656 6038/1786/4702
f 5977/1731/4641 5992/1746/4656 6037/1785/4701
f 5992/1746/4656 6040/1788/4704 6038/1786/4702
f 5992/1746/4656 5993/1747/4657 6040/1788/4704
f 5993/1747/4657 6041/1789/4705 6040/1788/4704
f 5993/1747/4657 5994/1748/4658 6041/1789/4705
f 5994/1748/4658 6042/1790/4706 6041/1789/4705
f 5995/1749/4659 6042/1790/4706 5994/1748/4658
f 6043/1792/4707 6044/1791/4708 6018/1772/4682
f 6044/1791/4708 6004/1758/4668 6018/1772/4682
f 6004/1758/4668 6044/1791/4708 6045/1793/4709
f 6005/1759/4669 6004/1758/4668 6045/1793/4709
f 6005/1759/4669 6045/1793/4709 6046/1794/4710
f 6006/1760/4670 6005/1759/4669 6046/1794/4710
f 6006/1760/4670 6046/1794/4710 5988/1742/4652
f 6019/1773/4683 6043/1792/4707 6018/1772/4682
f 6047/1795/4711 6048/1754/4712 6049/1796/4713
f 6047/1795/4711 6049/1796/4713 5926/1692/4590
f 5926/1692/4590 6049/1796/4713 5919/1685/4583
f 5920/1686/4584 5919/1685/4583 6049/1796/4713
f 5926/1692/4590 5927/1693/4591 6047/1795/4711
f 6049/1796/4713 6050/1752/4714 5920/1686/4584
f 6049/1796/4713 6051/1751/4715 6050/1752/4714
f 5920/1686/4584 6050/1752/4714 5922/1688/4586
f 6000/1754/4664 6052/1795/4716 6020/1774/4684
f 6020/1774/4684 6010/1764/4674 6000/1754/4664
f 6052/1795/4716 6023/1693/4687 6020/1774/4684
f 6027/1669/4691 6053/1710/4717 6024/1777/4688
f 6053/1710/4717 6030/1709/4694 6024/1777/4688
f 5985/1739/4649 5990/1744/4654 6002/1756/4666
f 5970/1688/4634 5998/1752/4662 5971/1725/4635
f 6054/1884/4718 6055/1883/4719 6056/1885/4720
f 6055/1883/4719 6057/1886/4721 6056/1885/4720
f 6055/1883/4719 6058/1887/4722 6057/1886/4721
f 6058/1887/4722 6059/1888/4723 6057/1886/4721
f 6059/1888/4723 6060/1889/4724 6057/1886/4721
f 6059/1888/4723 6061/1890/4725 6060/1889/4724
f 6061/1890/4725 6062/1891/4726 6060/1889/4724
f 6061/1890/4725 6063/1892/4727 6062/1891/4726
f 6059/1888/4723 6058/1887/4722 6064/1893/4728
f 6059/1888/4723 6064/1893/4728 6061/1890/4725
f 6058/1887/4722 6065/1894/4729 6064/1893/4728
f 6058/1887/4722 6055/1883/4719 6065/1894/4729
f 6066/1895/4730 6063/1892/4727 6061/1890/4725
f 6064/1893/4728 6066/1895/4730 6061/1890/4725
f 6066/1895/4730 6064/1893/4728 6067/1896/4731
f 6067/1896/4731 6064/1893/4728 6065/1894/4729
f 6067/1896/4731 6065/1894/4729 6068/1897/4732
f 6055/1883/4719 6068/1897/4732 6065/1894/4729
f 6054/1884/4718 6068/1897/4732 6055/1883/4719
f 6069/1898/4733 6066/1895/4730 6067/1896/4731
f 6069/1898/4733 6063/1892/4727 6066/1895/4730
f 6069/1898/4733 6067/1896/4731 6070/1899/4734
f 6071/1900/4735 6070/1899/4734 6067/1896/4731
f 6071/1900/4735 6067/1896/4731 6068/1897/4732
f 6071/1900/4735 6072/1901/4736 6070/1899/4734
f 6072/1901/4736 6071/1900/4735 6073/1899/4737
f 6071/1900/4735 6074/1896/4738 6073/1899/4737
f 6075/1898/4739 6073/1899/4737 6074/1896/4738
f 6076/1902/4740 6069/1898/4733 6070/1899/4734
f 6075/1898/4739 6076/1902/4740 6073/1899/4737
f 6077/1903/4741 6076/1902/4740 6070/1899/4734
f 6076/1902/4740 6077/1903/4741 6073/1899/4737
f 6077/1903/4741 6070/1899/4734 6078/1901/4742
f 6077/1903/4741 6078/1901/4742 6073/1899/4737
f 6069/1898/4733 6076/1902/4740 6079/1904/4743
f 6079/1904/4743 6076/1902/4740 6075/1898/4739
f 6075/1898/4739 6074/1896/4738 6080/1895/4744
f 6074/1896/4738 6081/1893/4745 6080/1895/4744
f 6082/1890/4746 6080/1895/4744 6081/1893/4745
f 6083/1888/4747 6082/1890/4746 6081/1893/4745
f 6082/1890/4746 6083/1888/4747 6084/1891/4748
f 6083/1888/4747 6085/1889/4749 6084/1891/4748
f 6083/1888/4747 6086/1887/4750 6085/1889/4749
f 6083/1888/4747 6081/1893/4745 6086/1887/4750
f 6086/1887/4750 6087/1886/4751 6085/1889/4749
f 6082/1890/4746 6088/1892/4752 6080/1895/4744
f 6088/1892/4752 6075/1898/4739 6080/1895/4744
f 6088/1892/4752 6082/1890/4746 6084/1891/4748
f 6088/1892/4752 6084/1891/4748 6089/1905/4753
f 6081/1893/4745 6090/1894/4754 6086/1887/4750
f 6090/1894/4754 6091/1883/4755 6086/1887/4750
f 6086/1887/4750 6091/1883/4755 6087/1886/4751
f 6091/1883/4755 6092/1885/4756 6087/1886/4751
f 6091/1883/4755 6093/1884/4757 6092/1885/4756
f 6090/1894/4754 6081/1893/4745 6074/1896/4738
f 6094/1897/4758 6091/1883/4755 6090/1894/4754
f 6094/1897/4758 6090/1894/4754 6074/1896/4738
f 6091/1883/4755 6094/1897/4758 6093/1884/4757
f 6094/1897/4758 6095/1906/4759 6093/1884/4757
f 6071/1900/4735 6095/1906/4759 6094/1897/4758
f 6071/1900/4735 6094/1897/4758 6074/1896/4738
f 6095/1906/4759 6096/1907/4760 6093/1884/4757
f 6096/1907/4760 6095/1906/4759 6068/1897/4732
f 6071/1900/4735 6068/1897/4732 6095/1906/4759
f 6054/1884/4718 6096/1907/4760 6068/1897/4732
f 6097/1908/4761 6088/1892/4752 6089/1905/4753
f 6088/1892/4752 6097/1908/4761 6075/1898/4739
f 6098/1909/4762 6097/1908/4761 6089/1905/4753
f 6098/1909/4762 6099/1910/4763 6097/1908/4761
f 6099/1910/4763 6079/1904/4743 6097/1908/4761
f 6097/1908/4761 6079/1904/4743 6075/1898/4739
f 6099/1910/4763 6100/1909/4764 6079/1904/4743
f 6100/1909/4764 6101/1908/4765 6079/1904/4743
f 6069/1898/4733 6079/1904/4743 6101/1908/4765
f 6100/1909/4764 6102/1905/4766 6101/1908/4765
f 6102/1905/4766 6063/1892/4727 6101/1908/4765
f 6069/1898/4733 6101/1908/4765 6063/1892/4727
f 6063/1892/4727 6102/1905/4766 6062/1891/4726
f 6103/1912/4767 6104/1911/4768 6105/1913/4769
f 6106/1914/4770 6103/1912/4767 6105/1913/4769
f 6107/1915/4771 6106/1914/4770 6105/1913/4769
f 6108/1916/4772 6107/1915/4771 6105/1913/4769
f 6109/1915/4773 6108/1916/4772 6105/1913/4769
f 6109/1915/4773 6105/1913/4769 6110/1914/4774
f 6105/1913/4769 6111/1912/4775 6110/1914/4774
f 6105/1913/4769 6112/1911/4776 6111/1912/4775
f 6113/1913/4777 6114/1911/4778 6115/1917/4779
f 6113/1913/4777 6115/1917/4779 6116/1918/4780
f 6113/1913/4777 6116/1918/4780 6117/1919/4781
f 6113/1913/4777 6117/1919/4781 6118/1920/4782
f 6113/1913/4777 6118/1920/4782 6119/1919/4783
f 6113/1913/4777 6119/1919/4783 6120/1918/4784
f 6113/1913/4777 6120/1918/4784 6121/1917/4785
f 6113/1913/4777 6121/1917/4785 6122/1911/4786
f 6123/1798/4787 6124/1797/4788 6125/1799/4789
f 6123/1798/4787 6125/1799/4789 6126/1800/4790
f 6127/1801/4791 6126/1800/4790 6125/1799/4789
f 6128/1801/4792 6125/1799/4789 6124/1797/4788
f 6123/1798/4787 6126/1800/4790 6129/1802/4793
f 6130/1803/4794 6129/1802/4793 6126/1800/4790
f 6127/1801/4791 6130/1803/4794 6126/1800/4790
f 6131/1804/4795 6123/1798/4787 6129/1802/4793
f 6123/1798/4787 6131/1804/4795 6124/1797/4788
f 6131/1804/4795 6129/1802/4793 6132/1805/4796
f 6133/1806/4797 6132/1805/4796 6129/1802/4793
f 6130/1803/4794 6133/1806/4797 6129/1802/4793
f 6134/1807/4798 6131/1804/4795 6132/1805/4796
f 6131/1804/4795 6134/1807/4798 6135/1808/4799
f 6131/1804/4795 6135/1808/4799 6124/1797/4788
f 6134/1807/4798 6136/1809/4800 6135/1808/4799
f 6137/1810/4801 6135/1808/4799 6136/1809/4800
f 6138/1811/4802 6124/1797/4788 6135/1808/4799
f 6138/1811/4802 6128/1801/4792 6124/1797/4788
f 6137/1810/4801 6138/1811/4802 6135/1808/4799
f 6127/1801/4791 6139/1812/4803 6130/1803/4794
f 6140/1813/4804 6134/1807/4798 6132/1805/4796
f 6136/1809/4800 6134/1807/4798 6140/1813/4804
f 6141/1814/4805 6140/1813/4804 6132/1805/4796
f 6141/1814/4805 6142/1815/4806 6140/1813/4804
f 6142/1815/4806 6143/1816/4807 6140/1813/4804
f 6144/1817/4808 6141/1814/4805 6132/1805/4796
f 6141/1814/4805 6144/1817/4808 6142/1815/4806
f 6133/1806/4797 6144/1817/4808 6132/1805/4796
f 6144/1817/4808 6145/1818/4809 6142/1815/4806
f 6146/1819/4810 6136/1809/4800 6140/1813/4804
f 6146/1819/4810 6147/1820/4811 6136/1809/4800
f 6137/1810/4801 6136/1809/4800 6147/1820/4811
f 6147/1820/4811 6146/1819/4810 6148/1821/4812
f 6146/1819/4810 6149/1822/4813 6148/1821/4812
f 6140/1813/4804 6143/1816/4807 6149/1822/4813
f 6146/1819/4810 6140/1813/4804 6149/1822/4813
f 6150/1812/4814 6138/1811/4802 6151/1823/4815
f 6150/1812/4814 6128/1801/4792 6138/1811/4802
f 6152/1824/4816 6128/1801/4792 6150/1812/4814
f 6153/1825/4817 6152/1824/4816 6150/1812/4814
f 6153/1825/4817 6150/1812/4814 6151/1823/4815
f 6152/1824/4816 6154/1826/4818 6128/1801/4792
f 6152/1824/4816 6155/1827/4819 6154/1826/4818
f 6152/1824/4816 6156/1828/4820 6155/1827/4819
f 6157/1829/4821 6155/1827/4819 6156/1828/4820
f 6157/1829/4821 6154/1826/4818 6155/1827/4819
f 6128/1801/4792 6154/1826/4818 6158/1830/4822
f 6128/1801/4792 6158/1830/4822 6125/1799/4789
f 6127/1801/4791 6125/1799/4789 6158/1830/4822
f 6127/1801/4791 6158/1830/4822 6154/1826/4818
f 6157/1829/4821 6127/1801/4791 6154/1826/4818
f 6139/1812/4803 6127/1801/4791 6157/1829/4821
f 6153/1825/4817 6159/1831/4823 6152/1824/4816
f 6152/1824/4816 6159/1831/4823 6156/1828/4820
f 6157/1829/4821 6156/1828/4820 6160/1832/4824
f 6157/1829/4821 6160/1832/4824 6161/1833/4825
f 6139/1812/4803 6157/1829/4821 6161/1833/4825
f 6139/1812/4803 6161/1833/4825 6162/1834/4826
f 6139/1812/4803 6162/1834/4826 6130/1803/4794
f 6163/1835/4827 6164/1838/4828 6165/1837/4829
f 6166/1836/4830 6163/1835/4827 6165/1837/4829
f 6167/1839/4831 6163/1835/4827 6166/1836/4830
f 6164/1838/4828 6163/1835/4827 6168/1840/4832
f 6168/1840/4832 6163/1835/4827 6167/1839/4831
f 6169/1841/4833 6164/1838/4828 6168/1840/4832
f 6166/1836/4830 6165/1837/4829 6170/1842/4834
f 6171/1843/4835 6166/1836/4830 6170/1842/4834
f 6167/1839/4831 6166/1836/4830 6171/1843/4835
f 6171/1843/4835 6170/1842/4834 6172/1844/4836
f 6173/1845/4837 6171/1843/4835 6172/1844/4836
f 6171/1843/4835 6173/1845/4837 6174/1846/4838
f 6175/1847/4839 6171/1843/4835 6174/1846/4838
f 6175/1847/4839 6167/1839/4831 6171/1843/4835
f 6175/1847/4839 6174/1846/4838 6176/1848/4840
f 6177/1849/4841 6175/1847/4839 6176/1848/4840
f 6177/1849/4841 6167/1839/4831 6175/1847/4839
f 6177/1849/4841 6176/1848/4840 6178/1850/4842
f 6179/1851/4843 6177/1849/4841 6178/1850/4842
f 6177/1849/4841 6180/1852/4844 6167/1839/4831
f 6180/1852/4844 6181/1853/4845 6167/1839/4831
f 6182/1854/4846 6181/1853/4845 6180/1852/4844
f 6183/1855/4847 6182/1854/4846 6180/1852/4844
f 6183/1855/4847 6180/1852/4844 6177/1849/4841
f 6179/1851/4843 6183/1855/4847 6177/1849/4841
f 6184/1856/4848 6181/1853/4845 6182/1854/4846
f 6184/1856/4848 6167/1839/4831 6181/1853/4845
f 6185/1857/4849 6184/1856/4848 6182/1854/4846
f 6185/1857/4849 6186/1858/4850 6184/1856/4848
f 6186/1858/4850 6187/1859/4851 6184/1856/4848
f 6184/1856/4848 6187/1859/4851 6167/1839/4831
f 6186/1858/4850 6188/1860/4852 6187/1859/4851
f 6188/1860/4852 6189/1861/4853 6187/1859/4851
f 6187/1859/4851 6189/1861/4853 6190/1862/4839
f 6187/1859/4851 6190/1862/4839 6167/1839/4831
f 6189/1861/4853 6191/1863/4854 6190/1862/4839
f 6190/1862/4839 6191/1863/4854 6192/1864/4855
f 6190/1862/4839 6192/1864/4855 6167/1839/4831
f 6191/1863/4854 6193/1865/4856 6192/1864/4855
f 6192/1864/4855 6193/1865/4856 6194/1866/4857
f 6195/1867/4858 6192/1864/4855 6194/1866/4857
f 6195/1867/4858 6169/1841/4833 6192/1864/4855
f 6169/1841/4833 6168/1840/4832 6192/1864/4855
f 6192/1864/4855 6168/1840/4832 6167/1839/4831
f 6196/1869/4859 6197/1868/4860 6198/1870/4861
f 6199/1871/4862 6198/1870/4861 6197/1868/4860
f 6199/1871/4862 6200/1872/4863 6198/1870/4861
f 6196/1869/4859 6198/1870/4861 6201/1873/4859
f 6196/1869/4859 6201/1873/4859 6202/1851/4864
f 6196/1869/4859 6202/1851/4864 6203/1850/4865
f 6199/1871/4862 6204/1858/4866 6200/1872/4863
f 6199/1871/4862 6205/1860/4865 6204/1858/4866
f 6206/1875/4865 6207/1874/4867 6208/1876/4862
f 6206/1875/4865 6208/1876/4862 6209/1877/4868
f 6206/1875/4865 6210/1878/4869 6207/1874/4867
f 6210/1878/4869 6206/1875/4865 6209/1877/4868
f 6211/1879/4870 6210/1878/4869 6209/1877/4868
f 6210/1878/4869 6212/1880/4871 6207/1874/4867
f 6213/1881/4869 6207/1874/4867 6212/1880/4871
f 6213/1881/4869 6212/1880/4871 6214/1867/4867
f 6215/1866/4869 6213/1881/4869 6214/1867/4867
f 6211/1879/4870 6209/1877/4868 6216/1882/4869
f 6211/1879/4870 6216/1882/4869 6217/1842/4872
f 6216/1882/4869 6218/1844/4869 6217/1842/4872
f 6219/1967/4873 6220/1966/4874 6221/1968/4875
f 6222/1969/4876 6221/1968/4875 6220/1966/4874
f 6222/1969/4876 6223/1970/4877 6221/1968/4875
f 6221/1968/4875 6223/1970/4877 6224/1971/4878
f 6221/1968/4875 6224/1971/4878 6225/1972/4879
f 6225/1972/4879 6224/1971/4878 6226/1973/4880
f 6224/1971/4878 6227/1974/4881 6226/1973/4880
f 6226/1973/4880 6227/1974/4881 6228/1972/4882
f 6227/1974/4881 6229/1971/4883 6228/1972/4882
f 6230/1968/4884 6228/1972/4882 6229/1971/4883
f 6230/1968/4884 6229/1971/4883 6231/1970/4885
f 6230/1968/4884 6232/1975/4886 6228/1972/4882
f 6226/1973/4880 6228/1972/4882 6232/1975/4886
f 6233/1976/4887 6226/1973/4880 6232/1975/4886
f 6225/1972/4879 6226/1973/4880 6233/1976/4887
f 6234/1975/4888 6225/1972/4879 6233/1976/4887
f 6221/1968/4875 6225/1972/4879 6234/1975/4888
f 6235/1977/4889 6230/1968/4884 6231/1970/4885
f 6235/1977/4889 6236/1966/4890 6230/1968/4884
f 6236/1966/4890 6237/1978/4891 6230/1968/4884
f 6230/1968/4884 6237/1978/4891 6238/1979/4892
f 6230/1968/4884 6239/1980/4893 6232/1975/4886
f 6233/1976/4887 6232/1975/4886 6239/1980/4893
f 6239/1980/4893 6230/1968/4884 6238/1979/4892
f 6240/1981/4894 6239/1980/4893 6238/1979/4892
f 6241/1982/4895 6233/1976/4887 6239/1980/4893
f 6234/1975/4888 6233/1976/4887 6241/1982/4895
f 6241/1982/4895 6239/1980/4893 6240/1981/4894
f 6242/1980/4896 6234/1975/4888 6241/1982/4895
f 6221/1968/4875 6234/1975/4888 6242/1980/4896
f 6243/1979/4897 6221/1968/4875 6242/1980/4896
f 6243/1979/4897 6219/1967/4873 6221/1968/4875
f 6242/1980/4896 6241/1982/4895 6244/1983/4898
f 6244/1983/4898 6241/1982/4895 6240/1981/4894
f 6244/1983/4898 6240/1981/4894 6245/1984/4899
f 6240/1981/4894 6238/1979/4892 6245/1984/4899
f 6246/1985/4900 6244/1983/4898 6245/1984/4899
f 6247/1981/4901 6244/1983/4898 6246/1985/4900
f 6247/1981/4901 6242/1980/4896 6244/1983/4898
f 6243/1979/4897 6242/1980/4896 6247/1981/4901
f 6248/1984/4902 6247/1981/4901 6246/1985/4900
f 6243/1979/4897 6247/1981/4901 6248/1984/4902
f 6249/1987/4903 6250/1986/4904 6251/1988/4905
f 6251/1988/4905 6250/1986/4904 6252/1987/4906
f 6249/1987/4903 6253/1989/4907 6250/1986/4904
f 6252/1987/4906 6250/1986/4904 6254/1989/4907
f 6255/1990/4908 6256/1993/4909 6257/1992/4909
f 6258/1991/4910 6255/1990/4908 6257/1992/4909
f 6259/1992/4909 6256/1993/4909 6255/1990/4908
f 6260/1991/4911 6259/1992/4909 6255/1990/4908
f 6260/1991/4911 6255/1990/4908 6261/1994/4912
f 6261/1994/4912 6255/1990/4908 6258/1991/4910
f 6262/1995/4913 6260/1991/4911 6261/1994/4912
f 6263/1995/4914 6261/1994/4912 6258/1991/4910
f 6263/1995/4914 6264/1996/4915 6261/1994/4912
f 6264/1996/4915 6265/1997/4915 6261/1994/4912
f 6262/1995/4913 6261/1994/4912 6265/1997/4915
f 6265/1997/4915 6264/1996/4915 6266/1998/4916
f 6267/1999/4917 6265/1997/4915 6266/1998/4916
f 6268/1996/4918 6265/1997/4915 6267/1999/4917
f 6268/1996/4918 6262/1995/4913 6265/1997/4915
f 6269/1998/4919 6268/1996/4918 6267/1999/4917
f 6267/1999/4917 6266/1998/4916 6270/1989/4920
f 6271/1986/4921 6267/1999/4917 6270/1989/4920
f 6269/1998/4919 6267/1999/4917 6271/1986/4921
f 6272/1989/4921 6269/1998/4919 6271/1986/4921
f 6259/1992/4909 6273/2000/4922 6256/1993/4909
f 6256/1993/4909 6273/2000/4922 6257/1992/4909
f 6274/2002/4923 6275/2001/4924 6276/2003/4925
f 6274/2002/4923 6277/2004/4926 6275/2001/4924
f 6274/2002/4923 6278/2005/4927 6277/2004/4926
f 6279/2006/4928 6277/2004/4926 6278/2005/4927
f 6280/2007/4929 6277/2004/4926 6279/2006/4928
f 6275/2001/4924 6277/2004/4926 6280/2007/4929
f 6278/2005/4927 6281/2008/4930 6279/2006/4928
f 6279/2006/4928 6281/2008/4930 6282/2009/4931
f 6282/2009/4931 6283/2010/4932 6279/2006/4928
f 6279/2006/4928 6283/2010/4932 6284/2011/4933
f 6285/2012/4934 6284/2011/4933 6283/2010/4932
f 6286/2013/4935 6283/2010/4932 6282/2009/4931
f 6285/2012/4934 6283/2010/4932 6286/2013/4935
f 6287/2014/4936 6282/2009/4931 6281/2008/4930
f 6287/2014/4936 6286/2013/4935 6282/2009/4931
f 6288/2015/4937 6281/2008/4930 6278/2005/4927
f 6274/2002/4923 6288/2015/4937 6278/2005/4927
f 6287/2014/4936 6281/2008/4930 6288/2015/4937
f 6289/2016/4938 6275/2001/4924 6280/2007/4929
f 6289/2016/4938 6290/2017/4939 6275/2001/4924
f 6290/2017/4939 6276/2003/4925 6275/2001/4924
f 6291/2001/4940 6276/2003/4925 6290/2017/4939
f 6292/2002/4941 6276/2003/4925 6291/2001/4940
f 6292/2002/4941 6291/2001/4940 6293/2004/4942
f 6294/2007/4943 6293/2004/4942 6291/2001/4940
f 6295/2006/4944 6293/2004/4942 6294/2007/4943
f 6296/2005/4945 6293/2004/4942 6295/2006/4944
f 6296/2005/4945 6292/2002/4941 6293/2004/4942
f 6295/2006/4944 6297/2008/4946 6296/2005/4945
f 6298/2009/4947 6297/2008/4946 6295/2006/4944
f 6292/2002/4941 6296/2005/4945 6299/2015/4948
f 6296/2005/4945 6297/2008/4946 6299/2015/4948
f 6300/2014/4949 6299/2015/4948 6297/2008/4946
f 6298/2009/4947 6300/2014/4949 6297/2008/4946
f 6295/2006/4944 6301/2010/4950 6298/2009/4947
f 6302/2011/4951 6301/2010/4950 6295/2006/4944
f 6300/2014/4949 6298/2009/4947 6303/2013/4952
f 6298/2009/4947 6301/2010/4950 6303/2013/4952
f 6304/2012/4953 6303/2013/4952 6301/2010/4950
f 6302/2011/4951 6304/2012/4953 6301/2010/4950
f 6305/2016/4954 6294/2007/4943 6291/2001/4940
f 6305/2016/4954 6291/2001/4940 6290/2017/4939
f 6304/2012/4953 6306/2018/4955 6303/2013/4952
f 6304/2012/4953 6307/2019/4956 6306/2018/4955
f 6307/2019/4956 6285/2012/4934 6306/2018/4955
f 6303/2013/4952 6306/2018/4955 6308/2020/4957
f 6300/2014/4949 6303/2013/4952 6308/2020/4957
f 6308/2020/4957 6306/2018/4955 6286/2013/4935
f 6285/2012/4934 6286/2013/4935 6306/2018/4955
f 6300/2014/4949 6308/2020/4957 6309/2021/4958
f 6300/2014/4949 6309/2021/4958 6299/2015/4948
f 6308/2020/4957 6287/2014/4936 6309/2021/4958
f 6287/2014/4936 6308/2020/4957 6286/2013/4935
f 6299/2015/4948 6309/2021/4958 6310/2022/4959
f 6310/2022/4959 6309/2021/4958 6288/2015/4937
f 6287/2014/4936 6288/2015/4937 6309/2021/4958
f 6274/2002/4923 6310/2022/4959 6288/2015/4937
f 6310/2022/4959 6274/2002/4923 6276/2003/4925
f 6292/2002/4941 6310/2022/4959 6276/2003/4925
f 6292/2002/4941 6299/2015/4948 6310/2022/4959
f 6311/404/4960 6312/403/4961 6313/405/4962
f 6311/404/4960 6314/406/4963 6312/403/4961
f 6311/404/4960 6315/407/4964 6314/406/4963
f 6314/406/4963 6315/407/4964 6316/408/4965
f 6315/407/4964 6317/409/4966 6316/408/4965
f 6315/407/4964 6318/410/4967 6317/409/4966
f 6318/410/4967 6319/411/4968 6317/409/4966
f 6314/406/4963 6320/412/4969 6312/403/4961
f 6320/412/4969 6314/406/4963 6321/413/4970
f 6314/406/4963 6316/408/4965 6321/413/4970
f 6320/412/4969 6322/414/4971 6312/403/4961
f 6322/414/4971 6320/412/4969 6323/406/4972
f 6323/406/4972 6320/412/4969 6321/413/4970
f 6324/403/4973 6322/414/4971 6323/406/4972
f 6323/406/4972 6325/404/4974 6324/403/4973
f 6326/405/4975 6324/403/4973 6325/404/4974
f 6327/408/4976 6323/406/4972 6321/413/4970
f 6327/408/4976 6328/407/4977 6323/406/4972
f 6323/406/4972 6328/407/4977 6325/404/4974
f 6328/407/4977 6327/408/4976 6329/409/4978
f 6330/410/4979 6328/407/4977 6329/409/4978
f 6330/410/4979 6329/409/4978 6331/411/4980
f 6332/415/4981 6333/410/4981 6334/407/4982
f 6333/410/4981 6332/415/4981 6335/416/4983
f 6336/417/4984 6337/416/4985 6338/418/4986
f 6336/417/4984 6338/418/4986 6339/419/4987
f 6336/417/4984 6339/419/4987 6340/418/4988
f 6336/417/4984 6340/418/4988 6341/416/4989
f 6341/416/4989 6340/418/4988 6342/420/4990
f 6341/416/4989 6342/420/4990 6343/421/4991
f 6344/415/4992 6341/416/4989 6343/421/4991
f 6345/407/4993 6344/415/4992 6343/421/4991
f 6337/416/4985 6346/420/4994 6338/418/4986
f 6337/416/4985 6347/421/4995 6346/420/4994
f 6337/416/4985 6348/415/4996 6347/421/4995
f 6348/415/4996 6349/407/4997 6347/421/4995
f 6350/422/4998 6351/425/4999 6352/424/5000
f 6353/423/5001 6350/422/4998 6352/424/5000
f 6350/422/4998 6353/423/5001 6354/424/5002
f 6355/425/5003 6350/422/4998 6354/424/5002
f 6355/425/5003 6356/426/5004 6350/422/4998
f 6350/422/4998 6356/426/5004 6351/425/4999
f 6357/427/5005 6356/426/5004 6355/425/5003
f 6357/427/5005 6355/425/5003 6354/424/5002
f 6358/428/5006 6356/426/5004 6357/427/5005
f 6359/429/5007 6356/426/5004 6358/428/5006
f 6360/428/5008 6356/426/5004 6359/429/5007
f 6361/427/5009 6351/425/4999 6356/426/5004
f 6361/427/5009 6356/426/5004 6360/428/5008
f 6352/424/5000 6351/425/4999 6361/427/5009
f 6362/410/4981 6363/415/4981 6364/407/5010
f 6363/415/4981 6362/410/4981 6365/416/4983
f 6366/421/5011 6367/420/5012 6368/405/5013
f 6369/404/5011 6366/421/5011 6368/405/5013
f 6367/420/5012 6370/430/5014 6368/405/5013
f 6371/432/5015 6372/431/5016 6373/433/5017
f 6371/432/5015 6373/433/5017 6374/434/5018
f 6375/433/5019 6376/432/5020 6374/434/5018
f 6375/433/5019 6377/431/5021 6376/432/5020
f 6378/436/5022 6379/435/5023 6380/437/5024
f 6381/438/5025 6378/436/5022 6380/437/5024
f 6382/439/5026 6381/438/5025 6380/437/5024
f 6383/438/5027 6382/439/5026 6380/437/5024
f 6384/436/5028 6383/438/5027 6380/437/5024
f 6384/436/5028 6380/437/5024 6385/435/5029
f 6386/433/5030 6387/434/5031 6388/437/5031
f 6389/435/5032 6386/433/5030 6388/437/5031
f 6388/437/5031 6387/434/5031 6390/435/5033
f 6387/434/5031 6391/433/5033 6390/435/5033
f 6392/404/5034 6393/407/5034 6394/421/5034
f 6395/440/5035 6396/420/5036 6397/418/5037
f 6398/441/5038 6395/440/5035 6397/418/5037
f 6399/442/5039 6398/441/5038 6397/418/5037
f 6400/419/5040 6399/442/5039 6397/418/5037
f 6399/442/5039 6400/419/5040 6401/418/5041
f 6402/441/5042 6399/442/5039 6401/418/5041
f 6403/440/5043 6402/441/5042 6401/418/5041
f 6404/420/5043 6403/440/5043 6401/418/5041
f 6405/440/5044 6406/441/5044 6407/444/5044
f 6408/443/5045 6405/440/5044 6407/444/5044
f 6409/441/5046 6410/440/5047 6411/443/5048
f 6412/444/5046 6409/441/5046 6411/443/5048
f 6413/441/5049 6414/442/5050 6415/445/5050
f 6416/444/5051 6413/441/5049 6415/445/5050
f 6415/445/5050 6414/442/5050 6417/444/5052
f 6414/442/5050 6418/441/5052 6417/444/5052
f 6419/405/5053 6420/430/5054 6421/420/5055
f 6419/405/5053 6421/420/5055 6422/421/5056
f 6423/404/5057 6419/405/5053 6422/421/5056
f 6424/407/5058 6425/404/5058 6426/421/5058
f 6427/385/5059 6428/388/5060 6429/387/5061
f 6430/386/5062 6427/385/5059 6429/387/5061
f 6428/388/5060 6427/385/5059 6431/386/5063
f 6432/387/5064 6428/388/5060 6431/386/5063
f 6432/387/5064 6431/386/5063 6433/389/5065
f 6434/390/5065 6432/387/5064 6433/389/5065
f 6430/386/5062 6429/387/5061 6435/389/5066
f 6429/387/5061 6436/390/5067 6435/389/5066
f 6437/391/5068 6438/394/5069 6439/393/5070
f 6440/392/5071 6437/391/5068 6439/393/5070
f 6437/391/5068 6440/392/5071 6441/395/5072
f 6440/392/5071 6442/396/5073 6441/395/5072
f 6442/396/5073 6443/397/5074 6441/395/5072
f 6443/397/5074 6444/398/5075 6441/395/5072
f 6440/392/5071 6439/393/5070 6445/399/5076
f 6440/392/5071 6445/399/5076 6442/396/5073
f 6439/393/5070 6446/400/5077 6445/399/5076
f 6445/399/5076 6447/401/5078 6442/396/5073
f 6442/396/5073 6447/401/5078 6443/397/5074
f 6447/401/5078 6448/402/5079 6443/397/5074
f 6449/447/5080 6450/446/5081 6451/448/5082
f 6449/447/5080 6451/448/5082 6452/449/5083
f 6453/448/5084 6449/447/5080 6452/449/5083
f 6454/446/5085 6449/447/5080 6453/448/5084
f 6454/446/5085 6455/450/5086 6449/447/5080
f 6449/447/5080 6455/450/5086 6450/446/5081
f 6456/452/5087 6457/451/5088 6458/453/5089
f 6458/453/5089 6457/451/5088 6459/454/5090
f 6458/453/5089 6459/454/5090 6460/455/5091
f 6459/454/5090 6461/456/5091 6460/455/5091
f 6457/451/5088 6462/457/5092 6459/454/5090
f 6462/457/5092 6463/458/5093 6459/454/5090
f 6462/457/5092 6464/459/5094 6463/458/5093
f 6463/458/5093 6464/459/5094 6465/460/5095
f 6463/458/5093 6465/460/5095 6466/461/5096
f 6465/460/5095 6467/462/5097 6466/461/5096
f 6467/462/5097 6468/463/5098 6466/461/5096
f 6467/462/5097 6469/464/5099 6468/463/5098
f 6466/461/5096 6468/463/5098 6470/465/5100
f 6471/466/5100 6466/461/5096 6470/465/5100
f 6472/456/5101 6473/467/5102 6474/455/5103
f 6472/456/5101 6475/468/5104 6473/467/5102
f 6475/468/5104 6476/469/5105 6473/467/5102
f 6475/468/5104 6477/470/5106 6476/469/5105
f 6478/471/5107 6477/470/5106 6475/468/5104
f 6478/471/5107 6475/468/5104 6479/466/5108
f 6480/472/5109 6478/471/5107 6479/466/5108
f 6480/472/5109 6479/466/5108 6481/465/5110
f 6482/473/5111 6483/476/5112 6484/475/5113
f 6485/474/5114 6482/473/5111 6484/475/5113
f 6485/474/5114 6486/477/5115 6482/473/5111
f 6483/476/5112 6487/478/5116 6484/475/5113
f 6488/479/5117 6484/475/5113 6487/478/5116
f 6489/475/5118 6488/479/5117 6487/478/5116
f 6487/478/5116 6490/476/5119 6489/475/5118
f 6490/476/5119 6491/473/5120 6489/475/5118
f 6491/473/5120 6492/474/5121 6489/475/5118
f 6491/473/5120 6493/477/5122 6492/474/5121
f 6482/473/5111 6494/480/5123 6483/476/5112
f 6483/476/5112 6495/481/5124 6487/478/5116
f 6483/476/5112 6494/480/5123 6495/481/5124
f 6487/478/5116 6495/481/5124 6496/482/5125
f 6495/481/5124 6497/483/5126 6496/482/5125
f 6487/478/5116 6496/482/5125 6498/481/5127
f 6487/478/5116 6498/481/5127 6490/476/5119
f 6496/482/5125 6499/483/5128 6498/481/5127
f 6498/481/5127 6500/480/5129 6490/476/5119
f 6490/476/5119 6500/480/5129 6491/473/5120
f 6501/484/5130 6502/484/5131 6503/485/5132
f 6504/485/5133 6501/484/5130 6503/485/5132
f 6505/486/5134 6501/484/5130 6504/485/5133
f 6506/487/5135 6505/486/5134 6504/485/5133
f 6507/488/5136 6505/486/5134 6506/487/5135
f 6508/489/5137 6507/488/5136 6506/487/5135
f 6509/488/5138 6507/488/5136 6508/489/5137
f 6510/489/5139 6509/488/5138 6508/489/5137
f 6511/486/5140 6509/488/5138 6510/489/5139
f 6512/487/5141 6511/486/5140 6510/489/5139
f 6502/484/5131 6511/486/5140 6512/487/5141
f 6503/485/5132 6502/484/5131 6512/487/5141
f 6504/485/5133 6503/485/5132 6513/490/5142
f 6514/490/5143 6504/485/5133 6513/490/5142
f 6506/487/5135 6504/485/5133 6514/490/5143
f 6515/491/5144 6506/487/5135 6514/490/5143
f 6508/489/5137 6506/487/5135 6515/491/5144
f 6516/492/5145 6508/489/5137 6515/491/5144
f 6510/489/5139 6508/489/5137 6516/492/5145
f 6517/492/5146 6510/489/5139 6516/492/5145
f 6512/487/5141 6510/489/5139 6517/492/5146
f 6518/491/5147 6512/487/5141 6517/492/5146
f 6503/485/5132 6512/487/5141 6518/491/5147
f 6513/490/5142 6503/485/5132 6518/491/5147
f 6511/486/5140 6519/494/5148 6509/488/5138
f 6520/493/5149 6519/494/5148 6511/486/5140
f 6502/484/5131 6520/493/5149 6511/486/5140
f 6519/494/5148 6521/495/5150 6509/488/5138
f 6509/488/5138 6521/495/5150 6507/488/5136
f 6521/495/5150 6522/495/5151 6507/488/5136
f 6507/488/5136 6522/495/5151 6505/486/5134
f 6522/495/5151 6523/494/5152 6505/486/5134
f 6505/486/5134 6523/494/5152 6501/484/5130
f 6523/494/5152 6524/493/5153 6501/484/5130
f 6524/493/5153 6520/493/5149 6502/484/5131
f 6501/484/5130 6524/493/5153 6502/484/5131
f 6520/493/5149 6525/496/5154 6519/494/5148
f 6525/496/5154 6526/497/5155 6519/494/5148
f 6519/494/5148 6526/497/5155 6521/495/5150
f 6526/497/5155 6527/498/5156 6521/495/5150
f 6521/495/5150 6527/498/5156 6522/495/5151
f 6527/498/5156 6528/498/5157 6522/495/5151
f 6522/495/5151 6528/498/5157 6523/494/5152
f 6528/498/5157 6529/497/5158 6523/494/5152
f 6523/494/5152 6529/497/5158 6524/493/5153
f 6529/497/5158 6530/496/5159 6524/493/5153
f 6530/496/5159 6525/496/5154 6520/493/5149
f 6524/493/5153 6530/496/5159 6520/493/5149
f 6514/490/5143 6513/490/5142 6531/499/5160
f 6532/499/5161 6514/490/5143 6531/499/5160
f 6515/491/5144 6514/490/5143 6532/499/5161
f 6533/500/5162 6515/491/5144 6532/499/5161
f 6516/492/5145 6515/491/5144 6533/500/5162
f 6534/501/5163 6516/492/5145 6533/500/5162
f 6517/492/5146 6516/492/5145 6534/501/5163
f 6535/501/5164 6517/492/5146 6534/501/5163
f 6518/491/5147 6517/492/5146 6535/501/5164
f 6536/500/5165 6518/491/5147 6535/501/5164
f 6513/490/5142 6518/491/5147 6536/500/5165
f 6531/499/5160 6513/490/5142 6536/500/5165
f 6532/499/5161 6531/499/5160 6537/502/5166
f 6538/502/5167 6532/499/5161 6537/502/5166
f 6533/500/5162 6532/499/5161 6538/502/5167
f 6539/503/5168 6533/500/5162 6538/502/5167
f 6534/501/5163 6533/500/5162 6539/503/5168
f 6540/504/5169 6534/501/5163 6539/503/5168
f 6535/501/5164 6534/501/5163 6540/504/5169
f 6541/504/5170 6535/501/5164 6540/504/5169
f 6536/500/5165 6535/501/5164 6541/504/5170
f 6542/503/5171 6536/500/5165 6541/504/5170
f 6531/499/5160 6536/500/5165 6542/503/5171
f 6537/502/5166 6531/499/5160 6542/503/5171
f 6543/484/5172 6544/484/5173 6545/485/5174
f 6546/485/5175 6543/484/5172 6545/485/5174
f 6547/486/5176 6543/484/5172 6546/485/5175
f 6548/487/5177 6547/486/5176 6546/485/5175
f 6549/488/5178 6547/486/5176 6548/487/5177
f 6550/489/5179 6549/488/5178 6548/487/5177
f 6551/488/5180 6549/488/5178 6550/489/5179
f 6552/489/5181 6551/488/5180 6550/489/5179
f 6553/486/5182 6551/488/5180 6552/489/5181
f 6554/487/5183 6553/486/5182 6552/489/5181
f 6544/484/5173 6553/486/5182 6554/487/5183
f 6545/485/5174 6544/484/5173 6554/487/5183
f 6546/485/5175 6545/485/5174 6555/490/5184
f 6556/490/5185 6546/485/5175 6555/490/5184
f 6548/487/5177 6546/485/5175 6556/490/5185
f 6557/491/5186 6548/487/5177 6556/490/5185
f 6550/489/5179 6548/487/5177 6557/491/5186
f 6558/492/5187 6550/489/5179 6557/491/5186
f 6552/489/5181 6550/489/5179 6558/492/5187
f 6559/492/5188 6552/489/5181 6558/492/5187
f 6554/487/5183 6552/489/5181 6559/492/5188
f 6560/491/5189 6554/487/5183 6559/492/5188
f 6545/485/5174 6554/487/5183 6560/491/5189
f 6555/490/5184 6545/485/5174 6560/491/5189
f 6553/486/5182 6561/494/5190 6551/488/5180
f 6562/493/5191 6561/494/5190 6553/486/5182
f 6544/484/5173 6562/493/5191 6553/486/5182
f 6561/494/5190 6563/495/5192 6551/488/5180
f 6551/488/5180 6563/495/5192 6549/488/5178
f 6563/495/5192 6564/495/5193 6549/488/5178
f 6549/488/5178 6564/495/5193 6547/486/5176
f 6564/495/5193 6565/494/5194 6547/486/5176
f 6547/486/5176 6565/494/5194 6543/484/5172
f 6565/494/5194 6566/493/5195 6543/484/5172
f 6566/493/5195 6562/493/5191 6544/484/5173
f 6543/484/5172 6566/493/5195 6544/484/5173
f 6562/493/5191 6567/496/5196 6561/494/5190
f 6567/496/5196 6568/497/5197 6561/494/5190
f 6561/494/5190 6568/497/5197 6563/495/5192
f 6568/497/5197 6569/498/5198 6563/495/5192
f 6563/495/5192 6569/498/5198 6564/495/5193
f 6569/498/5198 6570/498/5199 6564/495/5193
f 6564/495/5193 6570/498/5199 6565/494/5194
f 6570/498/5199 6571/497/5200 6565/494/5194
f 6565/494/5194 6571/497/5200 6566/493/5195
f 6571/497/5200 6572/496/5201 6566/493/5195
f 6572/496/5201 6567/496/5196 6562/493/5191
f 6566/493/5195 6572/496/5201 6562/493/5191
f 6556/490/5185 6555/490/5184 6573/499/5202
f 6574/499/5161 6556/490/5185 6573/499/5202
f 6557/491/5186 6556/490/5185 6574/499/5161
f 6575/500/5203 6557/491/5186 6574/499/5161
f 6558/492/5187 6557/491/5186 6575/500/5203
f 6576/501/5204 6558/492/5187 6575/500/5203
f 6559/492/5188 6558/492/5187 6576/501/5204
f 6577/501/5164 6559/492/5188 6576/501/5204
f 6560/491/5189 6559/492/5188 6577/501/5164
f 6578/500/5205 6560/491/5189 6577/501/5164
f 6555/490/5184 6560/491/5189 6578/500/5205
f 6573/499/5202 6555/490/5184 6578/500/5205
f 6574/499/5161 6573/499/5202 6579/502/5206
f 6580/502/5207 6574/499/5161 6579/502/5206
f 6575/500/5203 6574/499/5161 6580/502/5207
f 6581/503/5208 6575/500/5203 6580/502/5207
f 6576/501/5204 6575/500/5203 6581/503/5208
f 6582/504/5209 6576/501/5204 6581/503/5208
f 6577/501/5164 6576/501/5204 6582/504/5209
f 6583/504/5210 6577/501/5164 6582/504/5209
f 6578/500/5205 6577/501/5164 6583/504/5210
f 6584/503/5211 6578/500/5205 6583/504/5210
f 6573/499/5202 6578/500/5205 6584/503/5211
f 6579/502/5206 6573/499/5202 6584/503/5211
f 6585/505/5212 6586/505/5213 6587/506/5214
f 6588/506/5215 6585/505/5212 6587/506/5214
f 6589/507/5216 6590/507/5217 6591/505/5218
f 6592/505/5218 6589/507/5216 6591/505/5218
f 6593/508/5219 6594/507/5220 6595/507/5221
f 6596/508/5222 6593/508/5219 6595/507/5221
f 6597/509/5223 6598/509/5223 6599/510/5224
f 6600/510/5224 6597/509/5223 6599/510/5224
f 6601/511/5225 6602/509/5226 6603/505/5227
f 6601/511/5225 6603/505/5227 6604/506/5228
f 6602/509/5226 6605/510/5229 6603/505/5227
f 6605/510/5229 6606/507/5230 6603/505/5227
f 6605/510/5229 6607/512/5231 6606/507/5230
f 6605/510/5229 6608/513/5232 6607/512/5231
f 6608/513/5232 6609/514/5233 6607/512/5231
f 6607/512/5231 6610/508/5234 6606/507/5230
f 6608/513/5232 6611/515/5235 6609/514/5233
f 6612/516/5236 6609/514/5233 6611/515/5235
f 6613/517/5236 6612/516/5236 6611/515/5235
f 6612/516/5236 6613/517/5236 6614/514/5237
f 6613/517/5236 6615/515/5238 6614/514/5237
f 6615/515/5238 6616/513/5239 6614/514/5237
f 6616/513/5239 6617/512/5240 6614/514/5237
f 6616/513/5239 6618/510/5241 6617/512/5240
f 6618/510/5241 6619/507/5242 6617/512/5240
f 6619/507/5242 6620/508/5243 6617/512/5240
f 6618/510/5241 6621/509/5244 6619/507/5242
f 6621/509/5244 6622/505/5245 6619/507/5242
f 6621/509/5244 6623/511/5246 6622/505/5245
f 6623/511/5246 6624/506/5247 6622/505/5245
f 6625/506/5248 6626/511/5249 6627/511/5250
f 6628/506/5251 6625/506/5248 6627/511/5250
f 6629/514/5252 6630/514/5252 6631/512/5253
f 6632/512/5253 6629/514/5252 6631/512/5253
f 6629/514/5252 6633/516/5254 6630/514/5252
f 6634/512/5255 6635/512/5256 6636/508/5257
f 6637/508/5258 6634/512/5255 6636/508/5257
f 6638/511/5259 6639/509/5260 6640/509/5261
f 6641/511/5260 6638/511/5259 6640/509/5261
f 6642/510/5262 6643/513/5263 6644/513/5264
f 6645/510/5265 6642/510/5262 6644/513/5264
f 6646/513/5266 6647/513/5267 6648/515/5268
f 6649/515/5269 6646/513/5266 6648/515/5268
f 6649/515/5269 6648/515/5268 6650/517/5270
f 6651/518/5271 6652/521/5272 6653/520/5273
f 6654/519/5274 6651/518/5271 6653/520/5273
f 6654/519/5274 6655/522/5275 6651/518/5271
f 6655/522/5275 6656/523/5276 6651/518/5271
f 6657/519/5277 6658/520/5278 6659/521/5279
f 6660/518/5280 6657/519/5277 6659/521/5279
f 6660/518/5280 6661/523/5281 6657/519/5277
f 6661/523/5281 6662/522/5282 6657/519/5277
f 6663/523/5283 6664/523/5283 6665/518/5283
f 6666/518/5283 6663/523/5283 6665/518/5283
f 6667/518/5284 6668/518/5285 6669/521/5285
f 6670/521/5284 6667/518/5284 6669/521/5285
f 6671/1572/5286 6672/1575/5287 6673/1574/5288
f 6674/1573/5289 6671/1572/5286 6673/1574/5288
f 6674/1573/5289 6673/1574/5288 6675/1576/5290
f 6676/1577/5291 6674/1573/5289 6675/1576/5290
f 6677/1578/5292 6676/1577/5291 6675/1576/5290
f 6677/1578/5292 6675/1576/5290 6678/1579/5293
f 6677/1578/5292 6678/1579/5293 6679/1580/5294
f 6680/1581/5295 6677/1578/5292 6679/1580/5294
f 6681/1582/5296 6680/1581/5295 6679/1580/5294
f 6681/1582/5296 6679/1580/5294 6682/1583/5297
f 6683/1584/5298 6682/1583/5297 6679/1580/5294
f 6678/1579/5293 6683/1584/5298 6679/1580/5294
f 6684/1585/5299 6685/1577/5300 6686/1578/5301
f 6684/1585/5299 6686/1578/5301 6687/1586/5302
f 6684/1585/5299 6688/1587/5303 6685/1577/5300
f 6688/1587/5303 6689/1588/5304 6685/1577/5300
f 6689/1588/5304 6690/1573/5305 6685/1577/5300
f 6689/1588/5304 6691/1589/5306 6690/1573/5305
f 6690/1573/5305 6691/1589/5306 6692/1572/5307
f 6693/1590/5308 6692/1572/5307 6691/1589/5306
f 6694/1592/5309 6695/1591/5310 6696/1593/5311
f 6697/1594/5312 6694/1592/5309 6696/1593/5311
f 6697/1594/5312 6698/1595/5313 6694/1592/5309
f 6699/1596/5314 6698/1595/5313 6697/1594/5312
f 6696/1593/5311 6695/1591/5310 6700/1597/5315
f 6701/1598/5316 6696/1593/5311 6700/1597/5315
f 6701/1598/5316 6700/1597/5315 6702/1599/5317
f 6703/1581/5317 6701/1598/5316 6702/1599/5317
f 6704/1585/5051 6705/1586/5318 6706/1599/5051
f 6707/1597/5052 6704/1585/5051 6706/1599/5051
f 6704/1585/5051 6707/1597/5052 6708/1591/5319
f 6709/1587/5320 6704/1585/5051 6708/1591/5319
f 6709/1587/5320 6708/1591/5319 6710/1588/5321
f 6708/1591/5319 6711/1592/5322 6710/1588/5321
f 6711/1592/5322 6712/1595/5323 6710/1588/5321
f 6712/1595/5323 6713/1589/5323 6710/1588/5321
f 6714/1590/5324 6715/1589/5325 6716/1595/5326
f 6717/1596/5327 6714/1590/5324 6716/1595/5326
f 6718/1601/5328 6719/1600/5329 6720/1602/5330
f 6721/1603/5331 6720/1602/5330 6719/1600/5329
f 6722/1604/5332 6721/1603/5331 6719/1600/5329
f 6721/1603/5331 6722/1604/5332 6723/1605/5333
f 6722/1604/5332 6724/1606/5334 6723/1605/5333
f 6723/1605/5333 6724/1606/5334 6725/1607/5335
f 6726/1608/5336 6723/1605/5333 6725/1607/5335
f 6723/1605/5333 6726/1608/5336 6727/1609/5337
f 6723/1605/5333 6728/1610/5338 6721/1603/5331
f 6727/1609/5337 6726/1608/5336 6729/1611/5339
f 6727/1609/5337 6729/1611/5339 6730/1612/5340
f 6729/1611/5339 6731/1613/5341 6730/1612/5340
f 6731/1613/5341 6732/1614/5342 6730/1612/5340
f 6733/1615/5343 6730/1612/5340 6728/1610/5338
f 6733/1615/5343 6727/1609/5337 6730/1612/5340
f 6733/1615/5343 6723/1605/5333 6727/1609/5337
f 6723/1605/5333 6733/1615/5343 6728/1610/5338
f 6734/1616/5344 6718/1601/5328 6720/1602/5330
f 6721/1603/5331 6728/1610/5338 6735/1617/5345
f 6720/1602/5330 6721/1603/5331 6735/1617/5345
f 6720/1602/5330 6735/1617/5345 6736/1618/5346
f 6720/1602/5330 6736/1618/5346 6734/1616/5344
f 6737/1612/5347 6738/1614/5348 6739/1620/5349
f 6740/1619/5350 6737/1612/5347 6739/1620/5349
f 6741/1611/5351 6742/1608/5352 6743/1621/5353
f 6744/1622/5354 6741/1611/5351 6743/1621/5353
f 6744/1622/5354 6745/1613/5355 6741/1611/5351
f 6746/1614/5356 6747/1613/5356 6748/1622/5356
f 6749/1620/5356 6746/1614/5356 6748/1622/5356
f 6750/1610/5357 6751/1612/5358 6752/1619/5359
f 6753/1623/5357 6750/1610/5357 6752/1619/5359
f 6753/1623/5357 6754/1624/5357 6750/1610/5357
f 6754/1624/5357 6755/1617/5357 6750/1610/5357
f 6754/1624/5357 6756/1625/5360 6755/1617/5357
f 6756/1625/5360 6757/1618/5360 6755/1617/5357
f 6756/1625/5360 6758/1626/5361 6757/1618/5360
f 6759/1621/5362 6760/1608/5362 6761/1607/5362
f 6762/1599/5363 6763/1586/5364 6764/1578/5364
f 6765/1581/5365 6762/1599/5363 6764/1578/5364
f 6766/1628/5366 6767/1627/5367 6768/1629/5368
f 6769/1119/5369 6770/2023/5370 6771/2024/5371
f 6772/1120/5372 6769/1119/5369 6771/2024/5371
f 6770/2023/5370 6773/2025/5373 6771/2024/5371
f 6773/2025/5373 6774/2026/5373 6771/2024/5371
f 6769/1119/5369 6775/1123/5374 6770/2023/5370
f 6774/2026/5373 6773/2025/5373 6776/2024/5375
f 6773/2025/5373 6777/2023/5376 6776/2024/5375
f 6777/2023/5376 6778/1119/5377 6776/2024/5375
f 6778/1119/5377 6779/1120/5378 6776/2024/5375
f 6780/1123/5379 6778/1119/5377 6777/2023/5376
f 6781/2027/5380 6782/2028/5381 6783/2029/5380
f 6783/2029/5380 6782/2028/5381 6784/2030/5380
f 6781/2027/5380 6785/2031/5381 6782/2028/5381
f 6785/2031/5381 6786/2027/5382 6782/2028/5381
f 6782/2028/5381 6786/2027/5382 6787/2029/5382
f 6782/2028/5381 6787/2029/5382 6788/2030/5382
f 6789/2032/5383 6790/2033/5384 6791/2034/5385
f 6789/2032/5383 6791/2034/5385 6792/2035/5386
f 6792/2035/5386 6791/2034/5385 6793/2036/5387
f 6789/2032/5383 6794/2037/5388 6790/2033/5384
f 6794/2037/5388 6795/2032/5389 6790/2033/5384
f 6790/2033/5384 6795/2032/5389 6796/2034/5390
f 6796/2034/5390 6795/2032/5389 6797/2035/5391
f 6796/2034/5390 6797/2035/5391 6798/2036/5392
f 6799/2038/5393 6800/2039/5394 6801/2040/5395
f 6802/2041/5395 6799/2038/5393 6801/2040/5395
f 6800/2039/5394 6799/2038/5393 6803/2040/5396
f 6799/2038/5393 6804/2041/5396 6803/2040/5396
f 6805/2033/5397 6806/2042/5398 6807/2043/5399
f 6808/2034/5399 6805/2033/5397 6807/2043/5399
f 6806/2042/5398 6805/2033/5397 6809/2043/5400
f 6805/2033/5397 6810/2034/5401 6809/2043/5400
f 6811/2036/2386 6812/2034/2386 6813/2043/2386
f 6814/2040/5402 6815/2044/5402 6816/2045/5402
f 6817/2041/5402 6814/2040/5402 6816/2045/5402
f 6818/2034/2139 6819/2036/2139 6820/2043/2139
f 6821/2040/5403 6822/2041/5403 6823/2045/5403
f 6824/2044/5403 6821/2040/5403 6823/2045/5403
f 6825/2046/5404 6826/2047/5405 6827/2048/5406
f 6828/2049/5407 6825/2046/5404 6827/2048/5406
f 6827/2048/5406 6826/2047/5405 6829/2050/5408
f 6826/2047/5405 6830/2051/5409 6829/2050/5408
f 6829/2050/5408 6830/2051/5409 6831/2052/5410
f 6830/2051/5409 6832/2053/5411 6831/2052/5410
f 6831/2052/5410 6832/2053/5411 6833/2054/5412
f 6832/2053/5411 6834/2055/5413 6833/2054/5412
f 6833/2054/5412 6834/2055/5413 6835/2056/5414
f 6834/2055/5413 6836/2057/5415 6835/2056/5414
f 6835/2056/5414 6836/2057/5415 6837/2058/5416
f 6836/2057/5415 6838/2059/5417 6837/2058/5416
f 6837/2058/5416 6838/2059/5417 6839/2060/5418
f 6838/2059/5417 6840/2061/5419 6839/2060/5418
f 6839/2060/5418 6840/2061/5419 6841/2062/5404
f 6842/2063/5407 6839/2060/5418 6841/2062/5404
f 6842/2063/5407 6843/2064/5420 6839/2060/5418
f 6843/2064/5420 6844/2065/5421 6839/2060/5418
f 6839/2060/5418 6844/2065/5421 6845/2066/5422
f 6837/2058/5416 6839/2060/5418 6845/2066/5422
f 6837/2058/5416 6845/2066/5422 6846/2067/5423
f 6835/2056/5414 6837/2058/5416 6846/2067/5423
f 6835/2056/5414 6846/2067/5423 6833/2054/5412
f 6846/2067/5423 6847/2068/5424 6833/2054/5412
f 6833/2054/5412 6847/2068/5424 6831/2052/5410
f 6847/2068/5424 6848/2069/5425 6831/2052/5410
f 6831/2052/5410 6848/2069/5425 6829/2050/5408
f 6848/2069/5425 6849/2070/5426 6829/2050/5408
f 6829/2050/5408 6849/2070/5426 6827/2048/5406
f 6849/2070/5426 6850/2071/5427 6827/2048/5406
f 6827/2048/5406 6850/2071/5427 6828/2049/5407
f 6850/2071/5427 6851/2072/5428 6828/2049/5407
f 6852/2073/5429 6850/2071/5427 6849/2070/5426
f 6848/2069/5425 6852/2073/5429 6849/2070/5426
f 6848/2069/5425 6853/2068/5430 6852/2073/5429
f 6846/2067/5423 6854/2074/5431 6853/2068/5430
f 6854/2074/5431 6845/2066/5422 6844/2065/5421
f 6846/2067/5423 6845/2066/5422 6854/2074/5431
f 6854/2074/5431 6844/2065/5421 6855/2064/5432
f 6852/2073/5429 6856/2072/5433 6850/2071/5427
f 6857/2075/5434 6858/2076/5435 6859/2061/5436
f 6860/2059/5437 6857/2075/5434 6859/2061/5436
f 6861/2062/5438 6859/2061/5436 6858/2076/5435
f 6862/2077/5439 6861/2062/5438 6858/2076/5435
f 6863/2078/5440 6857/2075/5434 6860/2059/5437
f 6864/2057/5441 6863/2078/5440 6860/2059/5437
f 6863/2078/5440 6864/2057/5441 6865/2079/5442
f 6864/2057/5441 6866/2055/5443 6865/2079/5442
f 6865/2079/5442 6866/2055/5443 6867/2080/5444
f 6866/2055/5443 6868/2053/5445 6867/2080/5444
f 6867/2080/5444 6868/2053/5445 6869/2081/5446
f 6868/2053/5445 6870/2051/5447 6869/2081/5446
f 6869/2081/5446 6870/2051/5447 6871/2082/5448
f 6870/2051/5447 6872/2047/5449 6871/2082/5448
f 6871/2082/5448 6872/2047/5449 6873/2083/5450
f 6872/2047/5449 6874/2046/5451 6873/2083/5450
f 6863/2078/5440 6875/2084/5452 6857/2075/5434
f 6867/2080/5444 6869/2081/5446 6876/2085/5453
f 6877/2086/5454 6867/2080/5444 6876/2085/5453
f 6877/2086/5454 6876/2085/5453 6878/2087/5455
f 6878/2087/5455 6876/2085/5453 6879/2088/5456
f 6876/2085/5453 6880/2089/5457 6879/2088/5456
f 6869/2081/5446 6871/2082/5448 6880/2089/5457
f 6876/2085/5453 6869/2081/5446 6880/2089/5457
f 6879/2088/5456 6880/2089/5457 6881/2090/5458
f 6880/2089/5457 6882/2091/5459 6881/2090/5458
f 6871/2082/5448 6873/2083/5450 6882/2091/5459
f 6880/2089/5457 6871/2082/5448 6882/2091/5459
f 6883/2092/5460 6877/2086/5454 6878/2087/5455
f 6879/2088/5456 6881/2090/5458 6884/2093/5461
f 6885/2094/5462 6879/2088/5456 6884/2093/5461
f 6878/2087/5455 6879/2088/5456 6885/2094/5462
f 6885/2094/5462 6884/2093/5461 6886/2095/5463
f 6887/2096/5464 6885/2094/5462 6886/2095/5463
f 6888/2097/5465 6885/2094/5462 6887/2096/5464
f 6888/2097/5465 6878/2087/5455 6885/2094/5462
f 6883/2092/5460 6878/2087/5455 6888/2097/5465
f 6889/2098/5466 6888/2097/5465 6887/2096/5464
f 6890/2099/5467 6888/2097/5465 6889/2098/5466
f 6890/2099/5467 6883/2092/5460 6888/2097/5465
f 6891/2100/5468 6890/2099/5467 6889/2098/5466
f 6877/2086/5454 6883/2092/5460 6892/2101/5469
f 6883/2092/5460 6893/2102/5470 6892/2101/5469
f 6893/2102/5470 6883/2092/5460 6890/2099/5467
f 6892/2101/5469 6893/2102/5470 6894/2103/5471
f 6893/2102/5470 6895/2104/5472 6894/2103/5471
f 6895/2104/5472 6896/2105/5473 6894/2103/5471
f 6896/2105/5473 6897/2106/5474 6894/2103/5471
f 6897/2106/5474 6865/2079/5442 6894/2103/5471
f 6894/2103/5471 6865/2079/5442 6892/2101/5469
f 6895/2104/5472 6893/2102/5470 6898/2107/5475
f 6898/2107/5475 6893/2102/5470 6890/2099/5467
f 6899/2108/5476 6895/2104/5472 6898/2107/5475
f 6896/2105/5473 6895/2104/5472 6899/2108/5476
f 6899/2108/5476 6898/2107/5475 6900/2109/5477
f 6890/2099/5467 6891/2100/5468 6900/2109/5477
f 6898/2107/5475 6890/2099/5467 6900/2109/5477
f 6899/2108/5476 6900/2109/5477 6901/2110/5478
f 6901/2110/5478 6896/2105/5473 6899/2108/5476
f 6863/2078/5440 6865/2079/5442 6897/2106/5474
f 6875/2084/5452 6897/2106/5474 6896/2105/5473
f 6875/2084/5452 6863/2078/5440 6897/2106/5474
f 6902/2111/5479 6875/2084/5452 6896/2105/5473
f 6902/2111/5479 6896/2105/5473 6901/2110/5478
f 6875/2084/5452 6902/2111/5479 6903/2112/5480
f 6902/2111/5479 6904/2113/5481 6903/2112/5480
f 6903/2112/5480 6904/2113/5481 6905/2114/5482
f 6904/2113/5481 6906/2115/5483 6905/2114/5482
f 6907/2116/5459 6905/2114/5482 6906/2115/5483
f 6908/2117/5484 6907/2116/5459 6906/2115/5483
f 6907/2116/5459 6862/2077/5439 6905/2114/5482
f 6862/2077/5439 6858/2076/5435 6905/2114/5482
f 6903/2112/5480 6905/2114/5482 6858/2076/5435
f 6857/2075/5434 6903/2112/5480 6858/2076/5435
f 6875/2084/5452 6903/2112/5480 6857/2075/5434
f 6904/2113/5481 6909/2118/5485 6906/2115/5483
f 6909/2118/5485 6910/2119/5486 6906/2115/5483
f 6908/2117/5484 6906/2115/5483 6910/2119/5486
f 6909/2118/5485 6911/2120/5487 6910/2119/5486
f 6911/2120/5487 6912/2121/5488 6910/2119/5486
f 6913/2122/5461 6910/2119/5486 6912/2121/5488
f 6913/2122/5461 6908/2117/5484 6910/2119/5486
f 6914/2123/5463 6913/2122/5461 6912/2121/5488
f 6915/2124/5489 6911/2120/5487 6909/2118/5485
f 6916/2125/5490 6915/2124/5489 6909/2118/5485
f 6916/2125/5490 6909/2118/5485 6904/2113/5481
f 6902/2111/5479 6916/2125/5490 6904/2113/5481
f 6916/2125/5490 6902/2111/5479 6901/2110/5478
f 6916/2125/5490 6901/2110/5478 6915/2124/5489
f 6901/2110/5478 6900/2109/5477 6915/2124/5489
f 6892/2101/5469 6867/2080/5444 6877/2086/5454
f 6865/2079/5442 6867/2080/5444 6892/2101/5469
f 6917/2126/5491 6918/2127/5492 6919/2128/5493
f 6920/2129/5494 6917/2126/5491 6919/2128/5493
f 6917/2126/5491 6921/2130/5495 6918/2127/5492
f 6921/2130/5495 6922/2131/5496 6918/2127/5492
f 6920/2129/5494 6919/2128/5493 6923/2132/5497
f 6924/2133/5498 6920/2129/5494 6923/2132/5497
f 6925/2134/5499 6919/2128/5493 6918/2127/5492
f 6925/2134/5499 6918/2127/5492 6922/2131/5496
f 6925/2134/5499 6923/2132/5497 6919/2128/5493
f 6926/2135/5500 6920/2129/5494 6924/2133/5498
f 6927/2136/5501 6917/2126/5491 6920/2129/5494
f 6927/2136/5501 6928/2137/5502 6917/2126/5491
f 6928/2137/5502 6921/2130/5495 6917/2126/5491
f 6927/2136/5501 6929/2138/5503 6928/2137/5502
f 6929/2138/5503 6930/2139/5504 6928/2137/5502
f 6928/2137/5502 6930/2139/5504 6931/2140/5505
f 6928/2137/5502 6931/2140/5505 6921/2130/5495
f 6930/2139/5504 6932/2141/5506 6931/2140/5505
f 6933/2142/5507 6927/2136/5501 6920/2129/5494
f 6927/2136/5501 6933/2142/5507 6929/2138/5503
f 6926/2135/5500 6933/2142/5507 6920/2129/5494
f 6926/2135/5500 6934/2143/5508 6933/2142/5507
f 6934/2143/5508 6935/2144/5509 6933/2142/5507
f 6933/2142/5507 6935/2144/5509 6929/2138/5503
f 6925/2134/5499 6936/2132/5510 6937/2128/5511
f 6925/2134/5499 6937/2128/5511 6938/2145/5512
f 6939/2129/5513 6938/2145/5512 6937/2128/5511
f 6939/2129/5513 6937/2128/5511 6936/2132/5510
f 6940/2133/5514 6939/2129/5513 6936/2132/5510
f 6925/2134/5499 6938/2145/5512 6941/2146/5497
f 6942/2147/5515 6941/2146/5497 6938/2145/5512
f 6943/2126/5516 6942/2147/5515 6938/2145/5512
f 6943/2126/5516 6938/2145/5512 6939/2129/5513
f 6944/2137/5517 6942/2147/5515 6943/2126/5516
f 6945/2136/5518 6944/2137/5517 6943/2126/5516
f 6939/2129/5513 6945/2136/5518 6943/2126/5516
f 6945/2136/5518 6946/2138/5519 6944/2137/5517
f 6946/2138/5519 6947/2139/5520 6944/2137/5517
f 6944/2137/5517 6947/2139/5520 6948/2140/5500
f 6944/2137/5517 6948/2140/5500 6942/2147/5515
f 6947/2139/5520 6949/2141/5521 6948/2140/5500
f 6950/2135/5505 6939/2129/5513 6940/2133/5514
f 6939/2129/5513 6951/2148/5522 6945/2136/5518
f 6945/2136/5518 6951/2148/5522 6946/2138/5519
f 6950/2135/5505 6951/2148/5522 6939/2129/5513
f 6950/2135/5505 6952/2143/5523 6951/2148/5522
f 6952/2143/5523 6953/2144/5524 6951/2148/5522
f 6951/2148/5522 6953/2144/5524 6946/2138/5519
f 6954/2046/5525 6955/2049/5526 6956/2048/5527
f 6957/2047/5528 6954/2046/5525 6956/2048/5527
f 6957/2047/5528 6956/2048/5527 6958/2050/5529
f 6959/2051/5530 6957/2047/5528 6958/2050/5529
f 6959/2051/5530 6958/2050/5529 6960/2052/5531
f 6961/2053/5532 6959/2051/5530 6960/2052/5531
f 6961/2053/5532 6960/2052/5531 6962/2054/5533
f 6963/2055/5534 6961/2053/5532 6962/2054/5533
f 6963/2055/5534 6962/2054/5533 6964/2056/5535
f 6965/2057/5536 6963/2055/5534 6964/2056/5535
f 6965/2057/5536 6964/2056/5535 6966/2058/5537
f 6967/2059/5538 6965/2057/5536 6966/2058/5537
f 6967/2059/5538 6966/2058/5537 6968/2060/5539
f 6969/2061/5540 6967/2059/5538 6968/2060/5539
f 6969/2061/5540 6968/2060/5539 6970/2062/5541
f 6968/2060/5539 6971/2063/5526 6970/2062/5541
f 6972/2064/5542 6971/2063/5526 6968/2060/5539
f 6973/2065/5543 6972/2064/5542 6968/2060/5539
f 6968/2060/5539 6966/2058/5537 6974/2066/5544
f 6973/2065/5543 6968/2060/5539 6974/2066/5544
f 6966/2058/5537 6964/2056/5535 6975/2067/5545
f 6974/2066/5544 6966/2058/5537 6975/2067/5545
f 6975/2067/5545 6964/2056/5535 6962/2054/5533
f 6976/2068/5546 6975/2067/5545 6962/2054/5533
f 6976/2068/5546 6962/2054/5533 6960/2052/5531
f 6977/2069/5547 6976/2068/5546 6960/2052/5531
f 6977/2069/5547 6960/2052/5531 6958/2050/5529
f 6978/2070/5548 6977/2069/5547 6958/2050/5529
f 6978/2070/5548 6958/2050/5529 6956/2048/5527
f 6979/2071/5549 6978/2070/5548 6956/2048/5527
f 6979/2071/5549 6956/2048/5527 6955/2049/5526
f 6980/2072/5542 6979/2071/5549 6955/2049/5526
f 6979/2071/5549 6981/2073/5550 6978/2070/5548
f 6981/2073/5550 6977/2069/5547 6978/2070/5548
f 6982/2068/5551 6977/2069/5547 6981/2073/5550
f 6983/2074/5550 6975/2067/5545 6982/2068/5552
f 6974/2066/5544 6983/2074/5550 6973/2065/5543
f 6974/2066/5544 6975/2067/5545 6983/2074/5550
f 6973/2065/5543 6983/2074/5550 6984/2064/5553
f 6985/2072/5554 6981/2073/5550 6979/2071/5549
f 6986/2075/5555 6987/2059/5556 6988/2061/5557
f 6989/2076/5558 6986/2075/5555 6988/2061/5557
f 6988/2061/5557 6990/2062/5559 6989/2076/5558
f 6990/2062/5559 6991/2077/5560 6989/2076/5558
f 6986/2075/5555 6992/2078/5561 6987/2059/5556
f 6992/2078/5561 6993/2057/5562 6987/2059/5556
f 6993/2057/5562 6992/2078/5561 6994/2079/5563
f 6995/2055/5564 6993/2057/5562 6994/2079/5563
f 6995/2055/5564 6994/2079/5563 6996/2080/5565
f 6997/2053/5566 6995/2055/5564 6996/2080/5565
f 6997/2053/5566 6996/2080/5565 6998/2081/5567
f 6999/2051/5568 6997/2053/5566 6998/2081/5567
f 6999/2051/5568 6998/2081/5567 7000/2082/5569
f 7001/2047/5570 6999/2051/5568 7000/2082/5569
f 7001/2047/5570 7000/2082/5569 7002/2083/5571
f 7003/2046/5572 7001/2047/5570 7002/2083/5571
f 6989/2076/5558 6991/2077/5560 7004/2114/5573
f 6991/2077/5560 7005/2116/5574 7004/2114/5573
f 7004/2114/5573 7005/2116/5574 7006/2115/5575
f 7006/2115/5575 7007/2113/5576 7004/2114/5573
f 7007/2113/5576 7008/2112/5577 7004/2114/5573
f 7005/2116/5574 7009/2117/5578 7006/2115/5575
f 7007/2113/5576 7010/2111/5579 7008/2112/5577
f 7010/2111/5579 7011/2084/5580 7008/2112/5577
f 7004/2114/5573 7008/2112/5577 6989/2076/5558
f 7008/2112/5577 6986/2075/5555 6989/2076/5558
f 7008/2112/5577 7011/2084/5580 6986/2075/5555
f 7011/2084/5580 6992/2078/5561 6986/2075/5555
f 7002/2083/5571 7000/2082/5569 7012/2091/5581
f 7000/2082/5569 7013/2089/5582 7012/2091/5581
f 7012/2091/5581 7013/2089/5582 7014/2090/5578
f 7013/2089/5582 7015/2088/5583 7014/2090/5578
f 7013/2089/5582 7016/2085/5584 7015/2088/5583
f 7016/2085/5584 7017/2087/5585 7015/2088/5583
f 7016/2085/5584 7018/2086/5586 7017/2087/5585
f 7018/2086/5586 7019/2092/5587 7017/2087/5585
f 6996/2080/5565 7018/2086/5586 7016/2085/5584
f 6998/2081/5567 6996/2080/5565 7016/2085/5584
f 6998/2081/5567 7016/2085/5584 7013/2089/5582
f 7000/2082/5569 6998/2081/5567 7013/2089/5582
f 7014/2090/5578 7015/2088/5583 7020/2093/5588
f 7015/2088/5583 7021/2094/5589 7020/2093/5588
f 7015/2088/5583 7017/2087/5585 7021/2094/5589
f 7020/2093/5588 7021/2094/5589 7022/2095/5590
f 7021/2094/5589 7023/2096/5591 7022/2095/5590
f 7021/2094/5589 7024/2097/5592 7023/2096/5591
f 7017/2087/5585 7024/2097/5592 7021/2094/5589
f 7017/2087/5585 7019/2092/5587 7024/2097/5592
f 7024/2097/5592 7025/2098/5593 7023/2096/5591
f 7024/2097/5592 7026/2099/5594 7025/2098/5593
f 7019/2092/5587 7026/2099/5594 7024/2097/5592
f 7026/2099/5594 7027/2100/5595 7025/2098/5593
f 7019/2092/5587 7018/2086/5586 7028/2101/5596
f 6996/2080/5565 7028/2101/5596 7018/2086/5586
f 7029/2102/5597 7019/2092/5587 7028/2101/5596
f 7019/2092/5587 7029/2102/5597 7026/2099/5594
f 7029/2102/5597 7028/2101/5596 7030/2103/5598
f 7031/2104/5599 7029/2102/5597 7030/2103/5598
f 7032/2105/5600 7031/2104/5599 7030/2103/5598
f 7033/2106/5601 7032/2105/5600 7030/2103/5598
f 6994/2079/5563 7033/2106/5601 7030/2103/5598
f 6994/2079/5563 7030/2103/5598 7028/2101/5596
f 7029/2102/5597 7031/2104/5599 7034/2107/5602
f 7029/2102/5597 7034/2107/5602 7026/2099/5594
f 7031/2104/5599 7035/2108/5603 7034/2107/5602
f 7031/2104/5599 7032/2105/5600 7035/2108/5603
f 7034/2107/5602 7035/2108/5603 7036/2109/5604
f 7026/2099/5594 7034/2107/5602 7036/2109/5604
f 7027/2100/5595 7026/2099/5594 7036/2109/5604
f 7036/2109/5604 7035/2108/5603 7037/2110/5605
f 7032/2105/5600 7037/2110/5605 7035/2108/5603
f 6994/2079/5563 6992/2078/5561 7033/2106/5601
f 7033/2106/5601 7011/2084/5580 7032/2105/5600
f 6992/2078/5561 7011/2084/5580 7033/2106/5601
f 7011/2084/5580 7010/2111/5579 7032/2105/5600
f 7032/2105/5600 7010/2111/5579 7037/2110/5605
f 7010/2111/5579 7038/2125/5606 7037/2110/5605
f 7038/2125/5606 7010/2111/5579 7007/2113/5576
f 7039/2118/5607 7038/2125/5606 7007/2113/5576
f 7040/2124/5608 7038/2125/5606 7039/2118/5607
f 7037/2110/5605 7038/2125/5606 7040/2124/5608
f 7036/2109/5604 7037/2110/5605 7040/2124/5608
f 7041/2120/5609 7040/2124/5608 7039/2118/5607
f 7041/2120/5609 7039/2118/5607 7042/2119/5610
f 7043/2121/5611 7041/2120/5609 7042/2119/5610
f 7042/2119/5610 7044/2122/5588 7043/2121/5611
f 7044/2122/5588 7045/2123/5590 7043/2121/5611
f 7039/2118/5607 7007/2113/5576 7006/2115/5575
f 7042/2119/5610 7039/2118/5607 7006/2115/5575
f 7009/2117/5578 7044/2122/5588 7042/2119/5610
f 7006/2115/5575 7009/2117/5578 7042/2119/5610
f 6996/2080/5565 6994/2079/5563 7028/2101/5596
f 7046/2126/5612 7047/2129/5613 7048/2128/5614
f 7049/2127/5615 7046/2126/5612 7048/2128/5614
f 7050/2130/5616 7046/2126/5612 7049/2127/5615
f 7051/2131/5617 7050/2130/5616 7049/2127/5615
f 7048/2128/5614 7047/2129/5613 7052/2132/5618
f 7047/2129/5613 7053/2133/5619 7052/2132/5618
f 7048/2128/5614 7054/2134/5620 7049/2127/5615
f 7049/2127/5615 7054/2134/5620 7051/2131/5617
f 7052/2132/5618 7054/2134/5620 7048/2128/5614
f 7047/2129/5613 7055/2135/5621 7053/2133/5619
f 7046/2126/5612 7056/2136/5622 7047/2129/5613
f 7057/2137/5623 7056/2136/5622 7046/2126/5612
f 7050/2130/5616 7057/2137/5623 7046/2126/5612
f 7058/2138/5624 7056/2136/5622 7057/2137/5623
f 7059/2139/5625 7058/2138/5624 7057/2137/5623
f 7059/2139/5625 7057/2137/5623 7060/2140/5626
f 7060/2140/5626 7057/2137/5623 7050/2130/5616
f 7061/2141/5627 7059/2139/5625 7060/2140/5626
f 7056/2136/5622 7062/2142/5628 7047/2129/5613
f 7062/2142/5628 7056/2136/5622 7058/2138/5624
f 7062/2142/5628 7055/2135/5621 7047/2129/5613
f 7063/2143/5629 7055/2135/5621 7062/2142/5628
f 7064/2144/5630 7063/2143/5629 7062/2142/5628
f 7064/2144/5630 7062/2142/5628 7058/2138/5624
f 7065/2132/5631 7054/2134/5620 7066/2128/5632
f 7066/2128/5632 7054/2134/5620 7067/2145/5633
f 7067/2145/5633 7068/2129/5634 7066/2128/5632
f 7066/2128/5632 7068/2129/5634 7065/2132/5631
f 7068/2129/5634 7069/2133/5616 7065/2132/5631
f 7067/2145/5633 7054/2134/5620 7070/2146/5635
f 7070/2146/5635 7071/2147/5636 7067/2145/5633
f 7071/2147/5636 7072/2126/5637 7067/2145/5633
f 7067/2145/5633 7072/2126/5637 7068/2129/5634
f 7071/2147/5636 7073/2137/5638 7072/2126/5637
f 7073/2137/5638 7074/2136/5639 7072/2126/5637
f 7074/2136/5639 7068/2129/5634 7072/2126/5637
f 7075/2138/5640 7074/2136/5639 7073/2137/5638
f 7076/2139/5641 7075/2138/5640 7073/2137/5638
f 7076/2139/5641 7073/2137/5638 7077/2140/5621
f 7077/2140/5621 7073/2137/5638 7071/2147/5636
f 7078/2141/5642 7076/2139/5641 7077/2140/5621
f 7068/2129/5634 7079/2135/5643 7069/2133/5616
f 7080/2148/5644 7068/2129/5634 7074/2136/5639
f 7080/2148/5644 7074/2136/5639 7075/2138/5640
f 7080/2148/5644 7079/2135/5643 7068/2129/5634
f 7081/2143/5645 7079/2135/5643 7080/2148/5644
f 7082/2144/5646 7081/2143/5645 7080/2148/5644
f 7082/2144/5646 7080/2148/5644 7075/2138/5640
f 7083/2149/5647 7084/2150/5648 7085/2151/5648
f 7086/2152/5649 7083/2149/5647 7085/2151/5648
f 7085/2151/5648 7084/2150/5648 7087/2149/5650
f 7088/2152/5651 7085/2151/5648 7087/2149/5650
f 7089/2153/5652 7083/2149/5647 7086/2152/5649
f 7088/2152/5651 7087/2149/5650 7090/2153/5653
f 7090/2153/5653 7087/2149/5650 7091/2154/5654
f 7091/2154/5654 7087/2149/5650 7092/2155/5655
f 7092/2155/5655 7087/2149/5650 7093/2156/5656
f 7094/2157/5657 7093/2156/5656 7087/2149/5650
f 7083/2149/5647 7095/2156/5658 7094/2157/5657
f 7095/2156/5658 7083/2149/5647 7096/2155/5659
f 7097/2158/5660 7095/2156/5658 7096/2155/5659
f 7098/2150/5661 7083/2149/5647 7094/2157/5657
f 7098/2150/5661 7094/2157/5657 7087/2149/5650
f 7096/2155/5659 7083/2149/5647 7099/2154/5662
f 7099/2154/5662 7083/2149/5647 7089/2153/5652
f 7100/2158/5663 7092/2155/5655 7093/2156/5656
f 7101/2157/5664 7102/2156/5665 7103/2156/5666
f 7103/2156/5666 7102/2156/5665 7104/2158/5667
f 7105/2158/5668 7103/2156/5666 7104/2158/5667
f 7106/2154/5669 7107/2153/5670 7108/2153/5670
f 7109/2154/5671 7106/2154/5669 7108/2153/5670
f 7110/2155/5672 7106/2154/5669 7109/2154/5671
f 7111/2155/5673 7110/2155/5672 7109/2154/5671
f 7111/2155/5673 7112/2158/5674 7110/2155/5672
f 7112/2158/5674 7113/2158/5675 7110/2155/5672
f 7114/2153/5676 7115/2152/5677 7116/2151/5678
f 7117/2153/5679 7114/2153/5676 7116/2151/5678
f 7118/2152/5680 7117/2153/5679 7116/2151/5678
s 0
f 7119/2149/1258 7120/2150/1258 7121/2151/1258
f 7122/2152/1258 7119/2149/1258 7121/2151/1258
f 7121/2151/1258 7120/2150/1258 7123/2149/1258
f 7124/2152/1258 7121/2151/1258 7123/2149/1258
f 7125/2153/1258 7119/2149/1258 7122/2152/1258
f 7124/2152/1258 7123/2149/1258 7126/2153/1258
f 7126/2153/1258 7123/2149/1258 7127/2154/3841
f 7127/2154/3841 7123/2149/1258 7128/2155/1258
f 7128/2155/1258 7123/2149/1258 7129/2156/1258
f 7130/2157/1258 7129/2156/1258 7123/2149/1258
f 7119/2149/1258 7131/2156/1258 7130/2157/1258
f 7131/2156/1258 7119/2149/1258 7132/2155/1258
f 7133/2158/1258 7131/2156/1258 7132/2155/1258
f 7134/2150/1258 7119/2149/1258 7130/2157/1258
f 7134/2150/1258 7130/2157/1258 7123/2149/1258
f 7132/2155/1258 7119/2149/1258 7135/2154/1258
f 7135/2154/1258 7119/2149/1258 7125/2153/1258
f 7136/2158/1258 7128/2155/1258 7129/2156/1258
f 7137/2157/1258 7138/2156/1258 7139/2156/1258
f 7139/2156/1258 7138/2156/1258 7140/2158/1258
f 7141/2158/1258 7139/2156/1258 7140/2158/1258
f 7142/2154/1258 7143/2153/1258 7144/2153/3841
f 7145/2154/1258 7142/2154/1258 7144/2153/3841
f 7146/2155/1258 7142/2154/1258 7145/2154/1258
f 7147/2155/3841 7146/2155/1258 7145/2154/1258
f 7147/2155/3841 7148/2158/1258 7146/2155/1258
f 7148/2158/1258 7149/2158/1258 7146/2155/1258
f 7150/2153/1258 7151/2152/1258 7152/2151/1258
f 7153/2153/1258 7150/2153/1258 7152/2151/1258
f 7154/2152/1258 7153/2153/1258 7152/2151/1258
s 1
f 7155/2149/5681 7156/2152/5682 7157/2151/5683
f 7158/2150/5683 7155/2149/5681 7157/2151/5683
f 7158/2150/5683 7157/2151/5683 7159/2149/5684
f 7157/2151/5683 7160/2152/5685 7159/2149/5684
f 7155/2149/5681 7161/2153/5686 7156/2152/5682
f 7159/2149/5684 7160/2152/5685 7162/2153/5687
f 7159/2149/5684 7162/2153/5687 7163/2154/5688
f 7159/2149/5684 7163/2154/5688 7164/2155/5689
f 7159/2149/5684 7164/2155/5689 7165/2156/5690
f 7165/2156/5690 7166/2157/5691 7159/2149/5684
f 7155/2149/5681 7167/2150/5692 7166/2157/5691
f 7166/2157/5691 7167/2150/5692 7159/2149/5684
f 7168/2156/5693 7155/2149/5681 7166/2157/5691
f 7155/2149/5681 7168/2156/5693 7169/2155/5359
f 7168/2156/5693 7170/2158/5232 7169/2155/5359
f 7155/2149/5681 7169/2155/5359 7171/2154/5694
f 7155/2149/5681 7171/2154/5694 7161/2153/5686
f 7164/2155/5689 7172/2158/5695 7165/2156/5690
f 7173/2156/5696 7174/2157/5697 7175/2156/5698
f 7173/2156/5696 7175/2156/5698 7176/2158/5699
f 7175/2156/5698 7177/2158/5699 7176/2158/5699
f 7178/2154/5700 7179/2154/5701 7180/2153/5702
f 7181/2153/5703 7178/2154/5700 7180/2153/5702
f 7178/2154/5700 7182/2155/5704 7179/2154/5701
f 7182/2155/5704 7183/2155/5705 7179/2154/5701
f 7184/2158/5706 7183/2155/5705 7182/2155/5704
f 7185/2158/5706 7184/2158/5706 7182/2155/5704
f 7186/2152/5707 7187/2153/5708 7188/2151/5709
f 7187/2153/5708 7189/2153/5710 7188/2151/5709
f 7189/2153/5710 7190/2152/5711 7188/2151/5709
