# Blender 4.5.3 LTS
# www.blender.org
mtllib yf21G.mtl
o yf21G
v 0.028965 -0.010264 -0.010561
v 0.028961 -0.010148 -0.010965
v 0.029798 -0.011727 -0.011043
v 0.029721 -0.011689 -0.010632
v 0.031287 -0.012407 -0.010321
v 0.031064 -0.012302 -0.009980
v 0.032555 -0.011789 -0.009221
v 0.032209 -0.011745 -0.008988
v 0.032860 -0.010235 -0.008388
v 0.032484 -0.010343 -0.008237
v 0.032023 -0.008656 -0.008310
v 0.031728 -0.008918 -0.008166
v 0.030534 -0.007976 -0.009032
v 0.030385 -0.008305 -0.008818
v 0.029266 -0.008594 -0.010132
v 0.029241 -0.008863 -0.009810
v 0.028965 -0.010264 -0.010561
v 0.028961 -0.010148 -0.010965
v 0.030374 -0.009630 -0.011921
v 0.030595 -0.008503 -0.011316
v 0.031515 -0.008055 -0.010519
v 0.032595 -0.008548 -0.009995
v 0.033202 -0.009693 -0.010052
v 0.032981 -0.010820 -0.010656
v 0.032061 -0.011268 -0.011454
v 0.030981 -0.010775 -0.011977
v 0.030374 -0.009630 -0.011921
v 0.032223 -0.009399 -0.011635
v 0.033202 -0.009693 -0.010052
v 0.032223 -0.009399 -0.011635
v 0.030374 -0.009630 -0.011921
v 0.030374 -0.009630 -0.011921
v 0.030209 -0.008085 -0.008543
v 0.030385 -0.008305 -0.008818
v 0.029241 -0.008863 -0.009810
v 0.028894 -0.008725 -0.009683
v 0.028965 -0.010264 -0.010561
v 0.028578 -0.010335 -0.010546
v 0.031751 -0.008789 -0.007795
v 0.031728 -0.008918 -0.008166
v 0.032619 -0.010425 -0.007876
v 0.032484 -0.010343 -0.008237
v 0.032303 -0.012035 -0.008739
v 0.032209 -0.011745 -0.008988
v 0.030989 -0.012675 -0.009879
v 0.031064 -0.012302 -0.009980
v 0.029446 -0.011971 -0.010627
v 0.029721 -0.011689 -0.010632
v 0.028578 -0.010335 -0.010546
v 0.028965 -0.010264 -0.010561
v 0.025754 -0.009599 -0.006169
v 0.025305 -0.011889 -0.007397
v 0.022646 -0.011744 -0.001229
v 0.024385 -0.010896 0.000279
v 0.027624 -0.008688 -0.004548
v 0.022227 -0.013874 -0.002372
v 0.026427 -0.011828 0.001269
v 0.029819 -0.009690 -0.003484
v 0.025305 -0.011889 -0.007397
v 0.026539 -0.014217 -0.007513
v 0.022227 -0.013874 -0.002372
v 0.023376 -0.016040 -0.002479
v 0.028734 -0.015219 -0.006448
v 0.025418 -0.016972 -0.001489
v 0.030604 -0.014308 -0.004827
v 0.027157 -0.016124 0.000020
v 0.020716 -0.014951 0.000448
v 0.021752 -0.016905 0.000351
v 0.020988 -0.015060 0.000979
v 0.021837 -0.016661 0.000900
v 0.023594 -0.017746 0.001245
v 0.023347 -0.017350 0.001632
v 0.025163 -0.016981 0.002606
v 0.024633 -0.016723 0.002748
v 0.031052 -0.013168 -0.004065
v 0.027590 -0.015064 0.000739
v 0.031053 -0.012018 -0.003599
v 0.027576 -0.013994 0.001162
v 0.027225 -0.012916 0.001364
v 0.030660 -0.010859 -0.003393
v 0.025495 -0.016023 0.003215
v 0.025541 -0.015059 0.003636
v 0.024942 -0.015148 0.003592
v 0.025165 -0.014086 0.003779
v 0.024505 -0.013106 0.003733
v 0.022663 -0.012265 0.002839
v 0.024094 -0.013547 0.003672
v 0.022584 -0.012858 0.002939
v 0.021094 -0.013029 0.001479
v 0.021297 -0.013484 0.001824
v 0.020716 -0.014951 0.000448
v 0.020988 -0.015060 0.000979
v 0.019388 -0.018178 0.002766
v 0.021749 -0.019052 0.003994
v 0.020219 -0.019418 0.006296
v 0.018358 -0.018804 0.005299
v 0.018785 -0.014632 0.003798
v 0.017952 -0.016410 0.005995
v 0.021893 -0.018883 0.007634
v 0.023830 -0.018278 0.005701
v 0.019681 -0.017661 0.007170
v 0.024837 -0.017178 0.003093
v 0.021426 -0.017102 0.000839
v 0.020390 -0.015149 0.000935
v 0.021837 -0.016661 0.000900
v 0.020988 -0.015060 0.000979
v 0.020767 -0.013227 0.001966
v 0.021297 -0.013484 0.001824
v 0.023268 -0.017943 0.001732
v 0.024633 -0.016723 0.002748
v 0.023347 -0.017350 0.001632
v 0.017952 -0.016410 0.005995
v 0.019583 -0.015672 0.007386
v 0.021486 -0.016489 0.008331
v 0.020819 -0.013581 0.005586
v 0.018785 -0.014632 0.003798
v 0.021893 -0.018883 0.007634
v 0.023830 -0.018278 0.005701
v 0.023227 -0.014731 0.006733
v 0.025214 -0.015256 0.004123
v 0.024179 -0.013303 0.004220
v 0.024094 -0.013547 0.003672
v 0.024942 -0.015148 0.003592
v 0.024837 -0.017178 0.003093
v 0.024633 -0.016723 0.002748
v 0.020767 -0.013227 0.001966
v 0.022337 -0.012462 0.003327
v 0.021297 -0.013484 0.001824
v 0.022584 -0.012858 0.002939
v -0.028167 -0.010264 -0.010561
v -0.028922 -0.011689 -0.010632
v -0.028999 -0.011727 -0.011043
v -0.028162 -0.010148 -0.010965
v -0.030488 -0.012407 -0.010321
v -0.030266 -0.012302 -0.009980
v -0.031757 -0.011789 -0.009221
v -0.031410 -0.011745 -0.008988
v -0.032062 -0.010235 -0.008388
v -0.031686 -0.010343 -0.008237
v -0.031225 -0.008656 -0.008310
v -0.030930 -0.008918 -0.008166
v -0.029736 -0.007977 -0.009032
v -0.029587 -0.008305 -0.008818
v -0.028467 -0.008594 -0.010132
v -0.028442 -0.008863 -0.009810
v -0.028167 -0.010264 -0.010561
v -0.028162 -0.010148 -0.010965
v -0.029575 -0.009630 -0.011921
v -0.029796 -0.008503 -0.011316
v -0.030716 -0.008055 -0.010519
v -0.031796 -0.008548 -0.009995
v -0.032404 -0.009693 -0.010052
v -0.032182 -0.010820 -0.010656
v -0.031262 -0.011268 -0.011454
v -0.030182 -0.010775 -0.011977
v -0.029575 -0.009630 -0.011921
v -0.031424 -0.009399 -0.011635
v -0.032404 -0.009693 -0.010052
v -0.031424 -0.009399 -0.011635
v -0.029575 -0.009630 -0.011921
v -0.029575 -0.009630 -0.011921
v -0.029410 -0.008085 -0.008543
v -0.028096 -0.008725 -0.009683
v -0.028442 -0.008863 -0.009810
v -0.029587 -0.008305 -0.008818
v -0.028167 -0.010264 -0.010561
v -0.027780 -0.010335 -0.010546
v -0.030953 -0.008789 -0.007795
v -0.030930 -0.008918 -0.008166
v -0.031821 -0.010425 -0.007876
v -0.031686 -0.010343 -0.008237
v -0.031505 -0.012035 -0.008739
v -0.031410 -0.011745 -0.008988
v -0.030190 -0.012675 -0.009879
v -0.030266 -0.012302 -0.009980
v -0.028648 -0.011971 -0.010627
v -0.028922 -0.011689 -0.010632
v -0.027780 -0.010335 -0.010546
v -0.028167 -0.010264 -0.010561
v -0.029021 -0.009690 -0.003484
v -0.027935 -0.015219 -0.006448
v -0.029805 -0.014308 -0.004827
v -0.024619 -0.016972 -0.001489
v -0.022577 -0.016040 -0.002479
v -0.025741 -0.014217 -0.007513
v -0.021429 -0.013874 -0.002372
v -0.024506 -0.011889 -0.007397
v -0.026359 -0.016124 0.000020
v -0.019918 -0.014951 0.000448
v -0.020954 -0.016905 0.000351
v -0.020190 -0.015060 0.000979
v -0.021039 -0.016661 0.000900
v -0.022796 -0.017746 0.001245
v -0.022549 -0.017350 0.001632
v -0.024365 -0.016981 0.002606
v -0.023835 -0.016723 0.002748
v -0.030254 -0.013168 -0.004065
v -0.026792 -0.015064 0.000739
v -0.030255 -0.012018 -0.003599
v -0.026777 -0.013994 0.001162
v -0.026427 -0.012916 0.001364
v -0.029862 -0.010859 -0.003393
v -0.024696 -0.016023 0.003215
v -0.024742 -0.015059 0.003636
v -0.024144 -0.015148 0.003592
v -0.024367 -0.014086 0.003779
v -0.025629 -0.011828 0.001269
v -0.026826 -0.008688 -0.004548
v -0.023587 -0.010896 0.000279
v -0.024956 -0.009599 -0.006169
v -0.021847 -0.011744 -0.001229
v -0.024506 -0.011889 -0.007397
v -0.021429 -0.013874 -0.002372
v -0.021865 -0.012265 0.002840
v -0.020295 -0.013029 0.001479
v -0.021785 -0.012858 0.002939
v -0.020499 -0.013484 0.001824
v -0.019918 -0.014951 0.000448
v -0.020190 -0.015060 0.000979
v -0.023295 -0.013547 0.003672
v -0.023707 -0.013106 0.003733
v -0.018589 -0.018178 0.002766
v -0.017560 -0.018804 0.005299
v -0.019421 -0.019418 0.006296
v -0.020950 -0.019052 0.003994
v -0.017987 -0.014632 0.003798
v -0.017153 -0.016410 0.005995
v -0.021095 -0.018883 0.007634
v -0.023031 -0.018278 0.005701
v -0.018882 -0.017661 0.007170
v -0.024039 -0.017178 0.003093
v -0.020627 -0.017102 0.000839
v -0.019592 -0.015149 0.000935
v -0.021039 -0.016661 0.000900
v -0.020190 -0.015060 0.000979
v -0.019969 -0.013227 0.001966
v -0.020499 -0.013484 0.001824
v -0.022469 -0.017943 0.001732
v -0.023835 -0.016723 0.002748
v -0.022549 -0.017350 0.001632
v -0.017153 -0.016410 0.005995
v -0.018784 -0.015672 0.007386
v -0.020688 -0.016489 0.008331
v -0.020021 -0.013581 0.005586
v -0.017987 -0.014632 0.003798
v -0.021095 -0.018883 0.007634
v -0.023031 -0.018278 0.005701
v -0.022429 -0.014731 0.006733
v -0.024416 -0.015256 0.004123
v -0.023380 -0.013303 0.004220
v -0.023295 -0.013547 0.003672
v -0.024144 -0.015148 0.003592
v -0.024039 -0.017178 0.003093
v -0.023835 -0.016723 0.002748
v -0.019969 -0.013227 0.001966
v -0.021538 -0.012462 0.003327
v -0.020499 -0.013484 0.001824
v -0.021785 -0.012858 0.002939
v 0.019206 0.024640 0.015983
v 0.020314 0.023178 0.015574
v 0.020659 0.023265 0.015294
v 0.019578 0.024778 0.015727
v 0.019304 0.024889 0.015359
v 0.020412 0.023427 0.014950
v 0.017670 0.023317 0.015213
v 0.017768 0.023565 0.014589
v 0.018019 0.024443 0.014979
v 0.017675 0.025238 0.015242
v 0.020069 0.027721 0.016609
v 0.020251 0.027220 0.016807
v 0.019578 0.024778 0.015727
v 0.019971 0.027472 0.017233
v 0.017577 0.024990 0.015866
v 0.018238 0.028126 0.017221
v 0.017920 0.024194 0.015603
v 0.018336 0.028374 0.016597
v 0.019971 0.027472 0.017233
v 0.020251 0.027220 0.016807
v 0.020069 0.027721 0.016609
v 0.018238 0.028126 0.017221
v 0.018336 0.028374 0.016597
v 0.017920 0.024194 0.015603
v 0.018019 0.024443 0.014979
v 0.017768 0.023565 0.014589
v 0.017670 0.023317 0.015213
v 0.017577 0.024990 0.015866
v 0.017675 0.025238 0.015242
v 0.018336 0.028374 0.016597
v 0.018238 0.028126 0.017221
v 0.020314 0.023178 0.015574
v 0.017670 0.023317 0.015213
v 0.020659 0.023265 0.015294
v 0.017768 0.023565 0.014589
v 0.020412 0.023427 0.014950
v -0.038949 -0.028583 -0.025427
v -0.038846 -0.028600 -0.025888
v -0.039261 -0.030333 -0.026575
v -0.039386 -0.030265 -0.026144
v -0.038383 -0.028570 -0.025801
v -0.038819 -0.030252 -0.026519
v -0.037942 -0.029802 -0.023944
v -0.037375 -0.029789 -0.024318
v -0.037619 -0.028889 -0.024657
v -0.037525 -0.028005 -0.024484
v -0.039146 -0.025660 -0.026858
v -0.039511 -0.026093 -0.026810
v -0.039713 -0.025673 -0.026484
v -0.038091 -0.028018 -0.024110
v -0.038834 -0.024773 -0.025124
v -0.038846 -0.028600 -0.025888
v -0.038186 -0.028902 -0.024282
v -0.038268 -0.024760 -0.025498
v -0.039511 -0.026093 -0.026810
v -0.039713 -0.025673 -0.026484
v -0.039146 -0.025660 -0.026858
v -0.038834 -0.024773 -0.025124
v -0.038268 -0.024760 -0.025498
v -0.038186 -0.028902 -0.024282
v -0.037942 -0.029802 -0.023944
v -0.037375 -0.029789 -0.024318
v -0.037619 -0.028889 -0.024657
v -0.038091 -0.028018 -0.024110
v -0.037525 -0.028005 -0.024484
v -0.038268 -0.024760 -0.025498
v -0.038834 -0.024773 -0.025124
v -0.037942 -0.029802 -0.023944
v -0.039386 -0.030265 -0.026144
v -0.039261 -0.030333 -0.026575
v -0.037375 -0.029789 -0.024318
v -0.038819 -0.030252 -0.026519
v -0.018408 0.024640 0.015983
v -0.018780 0.024778 0.015727
v -0.019861 0.023265 0.015294
v -0.019516 0.023178 0.015574
v -0.018506 0.024889 0.015359
v -0.019614 0.023427 0.014950
v -0.016872 0.023317 0.015213
v -0.016970 0.023565 0.014589
v -0.017220 0.024443 0.014979
v -0.016876 0.025238 0.015242
v -0.019271 0.027721 0.016609
v -0.019452 0.027220 0.016807
v -0.019173 0.027472 0.017233
v -0.016778 0.024990 0.015866
v -0.017440 0.028126 0.017221
v -0.018780 0.024778 0.015727
v -0.017122 0.024194 0.015603
v -0.017538 0.028374 0.016597
v -0.019452 0.027220 0.016807
v -0.019173 0.027472 0.017233
v -0.019271 0.027721 0.016609
v -0.017440 0.028126 0.017221
v -0.017538 0.028374 0.016597
v -0.017122 0.024194 0.015603
v -0.016872 0.023317 0.015213
v -0.016970 0.023565 0.014589
v -0.017220 0.024443 0.014979
v -0.016778 0.024990 0.015866
v -0.016876 0.025238 0.015242
v -0.017538 0.028374 0.016597
v -0.017440 0.028126 0.017221
v -0.016872 0.023317 0.015213
v -0.019516 0.023178 0.015574
v -0.019861 0.023265 0.015294
v -0.016970 0.023565 0.014589
v -0.019614 0.023427 0.014950
v 0.014343 -0.020078 0.003859
v 0.016620 -0.017835 0.003261
v 0.014343 -0.017886 0.004525
v 0.010959 -0.017819 0.005005
v 0.010959 -0.020386 0.004429
v 0.008982 -0.018530 0.004011
v 0.009058 -0.019506 0.003506
v 0.016614 -0.019337 0.002851
v 0.014343 -0.017528 0.004040
v 0.016530 -0.017477 0.002776
v 0.016524 -0.018978 0.002366
v 0.014343 -0.019720 0.003374
v 0.010959 -0.020028 0.003944
v 0.010959 -0.017461 0.004520
v 0.008892 -0.018216 0.003602
v 0.008967 -0.019189 0.003092
v 0.016530 -0.017477 0.002776
v 0.016620 -0.017835 0.003261
v 0.016614 -0.019337 0.002851
v 0.016524 -0.018978 0.002366
v 0.009058 -0.019506 0.003506
v 0.008982 -0.018530 0.004011
v 0.008892 -0.018216 0.003602
v 0.008967 -0.019189 0.003092
v 0.014343 -0.019720 0.003374
v 0.016524 -0.018978 0.002366
v 0.016614 -0.019337 0.002851
v 0.014343 -0.020078 0.003859
v 0.010959 -0.020386 0.004429
v 0.010959 -0.020028 0.003944
v 0.009058 -0.019506 0.003506
v 0.008967 -0.019189 0.003092
v 0.010959 -0.018446 -0.001703
v 0.009058 -0.018957 -0.000534
v 0.009033 -0.017550 -0.000333
v 0.010667 -0.015954 -0.000169
v 0.014343 -0.016588 0.000176
v 0.014343 -0.018540 -0.001062
v 0.016368 -0.017684 0.001117
v 0.016614 -0.018892 0.000139
v 0.016614 -0.018892 0.000139
v 0.016368 -0.017684 0.001117
v 0.016278 -0.017855 0.001695
v 0.016524 -0.019063 0.000718
v 0.016524 -0.019063 0.000718
v 0.016278 -0.017855 0.001695
v 0.014343 -0.016758 0.000754
v 0.014343 -0.018711 -0.000484
v 0.010667 -0.016125 0.000409
v 0.010959 -0.018616 -0.001125
v 0.008967 -0.019114 -0.000037
v 0.008943 -0.017720 0.000245
v 0.008943 -0.017720 0.000245
v 0.009033 -0.017550 -0.000333
v 0.009058 -0.018957 -0.000534
v 0.008967 -0.019114 -0.000037
v 0.008967 -0.019114 -0.000037
v 0.009058 -0.018957 -0.000534
v 0.010959 -0.018446 -0.001703
v 0.010959 -0.018616 -0.001125
v 0.014343 -0.018711 -0.000484
v 0.014343 -0.018540 -0.001062
v 0.016614 -0.018892 0.000139
v 0.016524 -0.019063 0.000718
v -0.015822 -0.017835 0.003261
v -0.013544 -0.020078 0.003859
v -0.013544 -0.017886 0.004525
v -0.010161 -0.017819 0.005005
v -0.010161 -0.020386 0.004429
v -0.008184 -0.018530 0.004011
v -0.008259 -0.019506 0.003506
v -0.015816 -0.019337 0.002851
v -0.013544 -0.017528 0.004040
v -0.013544 -0.019720 0.003374
v -0.015726 -0.018978 0.002366
v -0.015732 -0.017477 0.002776
v -0.010161 -0.020028 0.003944
v -0.010161 -0.017461 0.004520
v -0.008094 -0.018216 0.003602
v -0.008169 -0.019189 0.003092
v -0.015732 -0.017477 0.002776
v -0.015726 -0.018978 0.002366
v -0.015816 -0.019337 0.002851
v -0.015822 -0.017835 0.003261
v -0.008259 -0.019506 0.003506
v -0.008169 -0.019189 0.003092
v -0.008094 -0.018216 0.003602
v -0.008184 -0.018530 0.004011
v -0.013544 -0.019720 0.003374
v -0.013544 -0.020078 0.003859
v -0.015816 -0.019337 0.002851
v -0.015726 -0.018978 0.002366
v -0.010161 -0.020386 0.004429
v -0.010161 -0.020028 0.003944
v -0.008259 -0.019506 0.003506
v -0.008169 -0.019189 0.003092
v -0.008259 -0.018957 -0.000534
v -0.010161 -0.018446 -0.001703
v -0.008235 -0.017550 -0.000333
v -0.009869 -0.015954 -0.000169
v -0.013544 -0.016588 0.000176
v -0.013544 -0.018540 -0.001062
v -0.015570 -0.017684 0.001117
v -0.015816 -0.018892 0.000139
v -0.015816 -0.018892 0.000139
v -0.015726 -0.019063 0.000718
v -0.015480 -0.017855 0.001695
v -0.015570 -0.017684 0.001117
v -0.015726 -0.019063 0.000718
v -0.013544 -0.018711 -0.000484
v -0.013544 -0.016758 0.000754
v -0.015480 -0.017855 0.001695
v -0.009869 -0.016125 0.000409
v -0.010161 -0.018616 -0.001125
v -0.008169 -0.019114 -0.000037
v -0.008145 -0.017720 0.000245
v -0.008145 -0.017720 0.000245
v -0.008169 -0.019114 -0.000037
v -0.008259 -0.018957 -0.000534
v -0.008235 -0.017550 -0.000333
v -0.008169 -0.019114 -0.000037
v -0.010161 -0.018616 -0.001125
v -0.010161 -0.018446 -0.001703
v -0.008259 -0.018957 -0.000534
v -0.013544 -0.018711 -0.000484
v -0.013544 -0.018540 -0.001062
v -0.015816 -0.018892 0.000139
v -0.015726 -0.019063 0.000718
v 0.020103 -0.016592 0.001792
v 0.019949 -0.016858 -0.000741
v 0.020886 -0.015971 -0.003178
v 0.018704 -0.018052 0.002539
v 0.020967 -0.015801 -0.000838
v 0.020101 -0.015505 0.002196
v 0.020966 -0.014418 -0.000333
v 0.020794 -0.012835 -0.002076
v 0.020893 -0.014499 -0.002639
v 0.019944 -0.013379 0.000401
v 0.018771 -0.014358 0.004478
v 0.018849 -0.017612 0.004003
v 0.017707 -0.017891 0.005139
v 0.018848 -0.015695 0.004704
v 0.017707 -0.015517 0.006003
v 0.017745 -0.016336 0.001368
v 0.017707 -0.017891 0.005139
v 0.017707 -0.015517 0.006003
v 0.018771 -0.014358 0.004478
v 0.019944 -0.013379 0.000401
v 0.019949 -0.016858 -0.000741
v 0.018704 -0.018052 0.002539
v 0.020893 -0.014499 -0.002639
v 0.020886 -0.015971 -0.003178
v 0.020794 -0.012835 -0.002076
v 0.026807 -0.018083 0.006685
v 0.028064 -0.017266 0.003900
v 0.028104 -0.015172 0.005598
v 0.026896 -0.016018 0.007803
v 0.026116 -0.014014 0.007869
v 0.027328 -0.012934 0.005160
v 0.024831 -0.016964 0.009849
v 0.024594 -0.018836 0.008889
v 0.026550 -0.017809 0.000795
v 0.024337 -0.019212 0.004574
v 0.021535 -0.019531 0.000122
v 0.017952 -0.020913 0.003173
v 0.021207 -0.020143 0.006146
v 0.017370 -0.020568 0.007035
v 0.020319 -0.020067 0.008087
v 0.018313 -0.019426 0.008274
v 0.023419 -0.019109 0.009371
v 0.019859 -0.017795 0.009801
v 0.026282 -0.011480 0.003495
v 0.019089 -0.017903 0.009265
v 0.019219 -0.016158 0.009315
v 0.019716 -0.014789 0.009178
v 0.022804 -0.015489 0.010424
v 0.019068 -0.014589 0.008852
v 0.020096 -0.013604 0.008048
v 0.020189 -0.012899 0.006454
v 0.023209 -0.012569 0.006507
v 0.023963 -0.015125 0.009968
v 0.023693 -0.017287 0.010292
v 0.017869 -0.020420 0.003316
v 0.021448 -0.019022 0.000270
v 0.021535 -0.019531 0.000122
v 0.017952 -0.020913 0.003173
v 0.017363 -0.020085 0.006796
v 0.017370 -0.020568 0.007035
v 0.018313 -0.019426 0.008274
v 0.018260 -0.019136 0.007959
v 0.026550 -0.017809 0.000795
v 0.026537 -0.017291 0.000666
v 0.028064 -0.017266 0.003900
v 0.027972 -0.016701 0.003446
v 0.028104 -0.015172 0.005598
v 0.027979 -0.014964 0.004813
v 0.027328 -0.012934 0.005160
v 0.027373 -0.013174 0.004472
v 0.026282 -0.011480 0.003495
v 0.026417 -0.011829 0.003114
v 0.018989 -0.017806 0.008874
v 0.019089 -0.017903 0.009265
v 0.019219 -0.016158 0.009315
v 0.019152 -0.016274 0.008960
v 0.019068 -0.014589 0.008852
v 0.019033 -0.014917 0.008534
v 0.027972 -0.016701 0.003446
v 0.018989 -0.017806 0.008874
v 0.027979 -0.014964 0.004813
v 0.027373 -0.013174 0.004472
v 0.018260 -0.019136 0.007959
v 0.017363 -0.020085 0.006796
v 0.026537 -0.017291 0.000666
v 0.021448 -0.019022 0.000270
v 0.017869 -0.020420 0.003316
v 0.019152 -0.016274 0.008960
v 0.019033 -0.014917 0.008534
v 0.026417 -0.011829 0.003114
v 0.020104 -0.013320 0.006227
v 0.020104 -0.013320 0.006227
v 0.019033 -0.014917 0.008534
v 0.019068 -0.014589 0.008852
v 0.020189 -0.012899 0.006454
v 0.026282 -0.011480 0.003495
v 0.026417 -0.011829 0.003114
v 0.039108 -0.024694 -0.021084
v 0.039474 -0.023669 -0.021922
v 0.038925 -0.023658 -0.022284
v 0.037985 -0.024128 -0.022391
v 0.037492 -0.024657 -0.022152
v 0.037449 -0.025197 -0.021615
v 0.037901 -0.025698 -0.020803
v 0.038460 -0.025689 -0.020456
v 0.040645 -0.024459 -0.023669
v 0.042042 -0.026156 -0.025850
v 0.041864 -0.025997 -0.025754
v 0.040926 -0.025898 -0.026266
v 0.038709 -0.024940 -0.024400
v 0.038925 -0.023658 -0.022284
v 0.037985 -0.024128 -0.022391
v 0.039474 -0.023669 -0.021922
v 0.040208 -0.024271 -0.022662
v 0.042144 -0.026642 -0.025650
v 0.040679 -0.029562 -0.023531
v 0.040244 -0.029739 -0.023250
v 0.042042 -0.026156 -0.025850
v 0.040066 -0.029580 -0.023154
v 0.041864 -0.025997 -0.025754
v 0.039648 -0.029507 -0.023402
v 0.040926 -0.025898 -0.026266
v 0.039228 -0.029108 -0.023991
v 0.038980 -0.028300 -0.022350
v 0.039648 -0.029507 -0.023402
v 0.040066 -0.029580 -0.023154
v 0.039056 -0.027625 -0.021371
v 0.040244 -0.029739 -0.023250
v 0.037641 -0.027070 -0.022854
v 0.037901 -0.025698 -0.020803
v 0.037449 -0.025197 -0.021615
v 0.039228 -0.029108 -0.023991
v 0.038460 -0.025689 -0.020456
v 0.039023 -0.026632 -0.020949
v 0.042037 -0.026193 -0.024957
v 0.042144 -0.026642 -0.025650
v 0.042042 -0.026156 -0.025850
v 0.040679 -0.029562 -0.023531
v 0.040573 -0.029110 -0.022840
v 0.040244 -0.029739 -0.023250
v 0.040645 -0.024459 -0.023669
v 0.040926 -0.024834 -0.023098
v 0.039631 -0.027414 -0.021226
v 0.040208 -0.024271 -0.022662
v 0.039023 -0.026632 -0.020949
v 0.039056 -0.027625 -0.021371
v 0.038709 -0.024940 -0.024400
v 0.040926 -0.025898 -0.026266
v 0.039228 -0.029108 -0.023991
v 0.037641 -0.027070 -0.022854
v 0.037492 -0.024657 -0.022152
v 0.037985 -0.024128 -0.022391
v 0.037449 -0.025197 -0.021615
v 0.040208 -0.024271 -0.022662
v 0.039108 -0.024694 -0.021084
v 0.039023 -0.026632 -0.020949
v 0.039474 -0.023669 -0.021922
v 0.038460 -0.025689 -0.020456
v 0.039942 -0.029853 -0.024948
v 0.039546 -0.028921 -0.024317
v 0.040033 -0.028505 -0.023997
v 0.040657 -0.029977 -0.024992
v 0.040525 -0.028913 -0.023715
v 0.040921 -0.029845 -0.024345
v 0.040272 -0.029272 -0.023343
v 0.040667 -0.030205 -0.023973
v 0.040210 -0.030610 -0.024337
v 0.039942 -0.029853 -0.024948
v 0.039730 -0.030154 -0.024637
v 0.039585 -0.029138 -0.023342
v 0.039334 -0.029221 -0.024006
v 0.039730 -0.030154 -0.024637
v 0.039546 -0.028921 -0.024317
v 0.039942 -0.029853 -0.024948
v 0.039546 -0.028921 -0.024317
v 0.039334 -0.029221 -0.024006
v 0.039763 -0.031539 -0.026698
v 0.040274 -0.030937 -0.025767
v 0.040950 -0.031095 -0.025771
v 0.039883 -0.032051 -0.027238
v 0.041084 -0.031709 -0.026034
v 0.040111 -0.032179 -0.027152
v 0.040111 -0.032179 -0.027152
v 0.040830 -0.032068 -0.025662
v 0.039857 -0.032539 -0.026780
v 0.039883 -0.032051 -0.027238
v 0.039598 -0.032454 -0.026821
v 0.039857 -0.032539 -0.026780
v 0.040560 -0.031647 -0.025200
v 0.039598 -0.032454 -0.026821
v 0.040062 -0.031237 -0.025456
v 0.039550 -0.031840 -0.026387
v 0.040274 -0.030937 -0.025767
v 0.039550 -0.031840 -0.026387
v 0.039763 -0.031539 -0.026698
v 0.039598 -0.032454 -0.026821
v 0.039883 -0.032051 -0.027238
v 0.040560 -0.031647 -0.025200
v 0.040950 -0.031095 -0.025771
v 0.041084 -0.031709 -0.026034
v 0.040830 -0.032068 -0.025662
v 0.040338 -0.031079 -0.025861
v 0.040044 -0.030153 -0.025168
v 0.040556 -0.029813 -0.024833
v 0.041039 -0.031245 -0.025956
v 0.041057 -0.030235 -0.024629
v 0.041351 -0.031161 -0.025322
v 0.040803 -0.030594 -0.024257
v 0.041097 -0.031520 -0.024950
v 0.040592 -0.031878 -0.025301
v 0.040338 -0.031079 -0.025861
v 0.040126 -0.031379 -0.025550
v 0.040148 -0.030389 -0.024236
v 0.039832 -0.030454 -0.024857
v 0.040126 -0.031379 -0.025550
v 0.040044 -0.030153 -0.025168
v 0.040338 -0.031079 -0.025861
v 0.040044 -0.030153 -0.025168
v 0.039832 -0.030454 -0.024857
v 0.038976 -0.029760 -0.027334
v 0.039882 -0.029540 -0.026546
v 0.040459 -0.029809 -0.026820
v 0.038791 -0.030118 -0.027971
v 0.040342 -0.030342 -0.027229
v 0.038992 -0.030303 -0.027999
v 0.038992 -0.030303 -0.027999
v 0.040126 -0.030737 -0.026870
v 0.038777 -0.030699 -0.027640
v 0.038791 -0.030118 -0.027971
v 0.038549 -0.030561 -0.027569
v 0.038777 -0.030699 -0.027640
v 0.040128 -0.030417 -0.026268
v 0.038549 -0.030561 -0.027569
v 0.039702 -0.029870 -0.026246
v 0.038796 -0.030091 -0.027034
v 0.039882 -0.029540 -0.026546
v 0.038796 -0.030091 -0.027034
v 0.038976 -0.029760 -0.027334
v 0.038549 -0.030561 -0.027569
v 0.038791 -0.030118 -0.027971
v 0.040128 -0.030417 -0.026268
v 0.040459 -0.029809 -0.026820
v 0.040342 -0.030342 -0.027229
v 0.040126 -0.030737 -0.026870
v 0.039904 -0.029621 -0.026622
v 0.040224 -0.028950 -0.025690
v 0.040907 -0.028875 -0.025552
v 0.040417 -0.029904 -0.027053
v 0.041262 -0.029446 -0.025689
v 0.040941 -0.030118 -0.026622
v 0.041046 -0.029842 -0.025330
v 0.040725 -0.030513 -0.026263
v 0.040037 -0.030600 -0.026421
v 0.039904 -0.029621 -0.026622
v 0.039723 -0.029952 -0.026322
v 0.040560 -0.029510 -0.024976
v 0.040044 -0.029280 -0.025390
v 0.039723 -0.029952 -0.026322
v 0.040224 -0.028950 -0.025690
v 0.039904 -0.029621 -0.026622
v 0.040224 -0.028950 -0.025690
v 0.040044 -0.029280 -0.025390
v 0.040287 -0.028927 -0.025627
v 0.039913 -0.028061 -0.024897
v 0.040410 -0.027655 -0.024579
v 0.041001 -0.029023 -0.025731
v 0.040933 -0.028067 -0.024366
v 0.041308 -0.028933 -0.025096
v 0.040717 -0.028462 -0.024007
v 0.041092 -0.029329 -0.024737
v 0.040620 -0.029720 -0.025099
v 0.040287 -0.028927 -0.025627
v 0.040107 -0.029258 -0.025327
v 0.040029 -0.028352 -0.023947
v 0.039733 -0.028391 -0.024597
v 0.040107 -0.029258 -0.025327
v 0.039913 -0.028061 -0.024897
v 0.040287 -0.028927 -0.025627
v 0.039913 -0.028061 -0.024897
v 0.039733 -0.028391 -0.024597
v 0.038917 -0.027157 -0.026843
v 0.039965 -0.027764 -0.026998
v 0.040013 -0.027917 -0.027673
v 0.038283 -0.026931 -0.027182
v 0.039408 -0.027983 -0.027979
v 0.038271 -0.027094 -0.027404
v 0.038271 -0.027094 -0.027404
v 0.039179 -0.028443 -0.027719
v 0.038042 -0.027554 -0.027143
v 0.038283 -0.026931 -0.027182
v 0.038027 -0.027447 -0.026890
v 0.038042 -0.027554 -0.027143
v 0.039662 -0.028624 -0.027273
v 0.038027 -0.027447 -0.026890
v 0.039775 -0.028149 -0.026780
v 0.038726 -0.027542 -0.026625
v 0.039965 -0.027764 -0.026998
v 0.038726 -0.027542 -0.026625
v 0.038917 -0.027157 -0.026843
v 0.038027 -0.027447 -0.026890
v 0.038283 -0.026931 -0.027182
v 0.039662 -0.028624 -0.027273
v 0.040013 -0.027917 -0.027673
v 0.039408 -0.027983 -0.027979
v 0.039179 -0.028443 -0.027719
v 0.039618 -0.027726 -0.027236
v 0.040367 -0.027580 -0.026319
v 0.041048 -0.027700 -0.026424
v 0.039884 -0.027895 -0.027891
v 0.041155 -0.028218 -0.026861
v 0.040406 -0.028364 -0.027778
v 0.040927 -0.028678 -0.026601
v 0.040178 -0.028825 -0.027518
v 0.039482 -0.028706 -0.027433
v 0.039618 -0.027726 -0.027236
v 0.039427 -0.028111 -0.027018
v 0.040682 -0.028439 -0.026006
v 0.040176 -0.027964 -0.026101
v 0.039427 -0.028111 -0.027018
v 0.040367 -0.027580 -0.026319
v 0.039618 -0.027726 -0.027236
v 0.040367 -0.027580 -0.026319
v 0.040176 -0.027964 -0.026101
v 0.040424 -0.027665 -0.026420
v 0.040252 -0.027021 -0.025431
v 0.040831 -0.026780 -0.025086
v 0.041102 -0.027796 -0.026648
v 0.041313 -0.027286 -0.025074
v 0.041484 -0.027931 -0.026064
v 0.041085 -0.027747 -0.024814
v 0.041256 -0.028391 -0.025804
v 0.040699 -0.028608 -0.026190
v 0.040424 -0.027665 -0.026420
v 0.040233 -0.028050 -0.026203
v 0.040429 -0.027591 -0.024628
v 0.040062 -0.027406 -0.025213
v 0.040233 -0.028050 -0.026203
v 0.040252 -0.027021 -0.025431
v 0.040424 -0.027665 -0.026420
v 0.040252 -0.027021 -0.025431
v 0.040062 -0.027406 -0.025213
v 0.039166 -0.025669 -0.026654
v 0.039945 -0.026407 -0.027238
v 0.039761 -0.026406 -0.027907
v 0.038539 -0.025259 -0.026727
v 0.039097 -0.026288 -0.028006
v 0.038424 -0.025361 -0.026956
v 0.038424 -0.025361 -0.026956
v 0.038845 -0.026746 -0.027764
v 0.038172 -0.025819 -0.026713
v 0.038539 -0.025259 -0.026727
v 0.038256 -0.025772 -0.026455
v 0.038172 -0.025819 -0.026713
v 0.039374 -0.027110 -0.027535
v 0.038256 -0.025772 -0.026455
v 0.039734 -0.026790 -0.027036
v 0.038956 -0.026052 -0.026451
v 0.039945 -0.026407 -0.027238
v 0.038956 -0.026052 -0.026451
v 0.039166 -0.025669 -0.026654
v 0.038256 -0.025772 -0.026455
v 0.038539 -0.025259 -0.026727
v 0.039374 -0.027110 -0.027535
v 0.039761 -0.026406 -0.027907
v 0.039097 -0.026288 -0.028006
v 0.038845 -0.026746 -0.027764
v 0.039591 -0.026261 -0.027330
v 0.040601 -0.026506 -0.026742
v 0.041154 -0.026726 -0.027110
v 0.039581 -0.026304 -0.028056
v 0.040972 -0.027125 -0.027638
v 0.039963 -0.026880 -0.028225
v 0.040720 -0.027583 -0.027395
v 0.039710 -0.027338 -0.027983
v 0.039137 -0.027111 -0.027629
v 0.039591 -0.026261 -0.027330
v 0.039381 -0.026644 -0.027127
v 0.040750 -0.027461 -0.026720
v 0.040390 -0.026888 -0.026540
v 0.039381 -0.026644 -0.027127
v 0.040601 -0.026506 -0.026742
v 0.039591 -0.026261 -0.027330
v 0.040601 -0.026506 -0.026742
v 0.040390 -0.026888 -0.026540
v 0.040548 -0.026615 -0.027004
v 0.040613 -0.026086 -0.025936
v 0.041263 -0.025964 -0.025664
v 0.041160 -0.026800 -0.027349
v 0.041664 -0.026524 -0.025783
v 0.041600 -0.027053 -0.026850
v 0.041412 -0.026982 -0.025540
v 0.041347 -0.027511 -0.026608
v 0.040716 -0.027606 -0.026922
v 0.040548 -0.026615 -0.027004
v 0.040337 -0.026998 -0.026801
v 0.040819 -0.026770 -0.025237
v 0.040402 -0.026468 -0.025734
v 0.040337 -0.026998 -0.026801
v 0.040613 -0.026086 -0.025936
v 0.040548 -0.026615 -0.027004
v 0.040613 -0.026086 -0.025936
v 0.040402 -0.026468 -0.025734
v 0.039088 -0.030284 -0.024580
v 0.038851 -0.029426 -0.023745
v 0.038479 -0.029729 -0.023243
v 0.038945 -0.030994 -0.024787
v 0.038106 -0.030255 -0.023463
v 0.038717 -0.031055 -0.024647
v 0.038717 -0.031055 -0.024647
v 0.037730 -0.030008 -0.023823
v 0.038341 -0.030808 -0.025007
v 0.038945 -0.030994 -0.024787
v 0.038525 -0.030717 -0.025192
v 0.038341 -0.030808 -0.025007
v 0.037902 -0.029349 -0.023797
v 0.038525 -0.030717 -0.025192
v 0.038537 -0.029219 -0.024046
v 0.038774 -0.030078 -0.024882
v 0.038851 -0.029426 -0.023745
v 0.038774 -0.030078 -0.024882
v 0.039088 -0.030284 -0.024580
v 0.038525 -0.030717 -0.025192
v 0.038945 -0.030994 -0.024787
v 0.037902 -0.029349 -0.023797
v 0.038479 -0.029729 -0.023243
v 0.038106 -0.030255 -0.023463
v 0.037730 -0.030008 -0.023823
v 0.038751 -0.029648 -0.023793
v 0.039278 -0.028592 -0.023618
v 0.038970 -0.028365 -0.022342
v 0.038412 -0.029974 -0.023239
v 0.038433 -0.028390 -0.022291
v 0.038073 -0.029460 -0.022884
v 0.037867 -0.028017 -0.022835
v 0.037698 -0.029213 -0.023244
v 0.037751 -0.029539 -0.023874
v 0.038751 -0.029648 -0.023793
v 0.038437 -0.029441 -0.024095
v 0.038004 -0.027729 -0.023270
v 0.038965 -0.028385 -0.023920
v 0.038437 -0.029441 -0.024095
v 0.039278 -0.028592 -0.023618
v 0.038751 -0.029648 -0.023793
v 0.039278 -0.028592 -0.023618
v 0.038965 -0.028385 -0.023920
v 0.038101 -0.022372 -0.013129
v 0.040120 -0.018348 -0.016049
v 0.039012 -0.018323 -0.016781
v 0.037633 -0.021976 -0.013841
v 0.038469 -0.022976 -0.013706
v 0.040488 -0.018952 -0.016626
v 0.040120 -0.018348 -0.016049
v 0.038101 -0.022372 -0.013129
v 0.038001 -0.022579 -0.014418
v 0.039380 -0.018927 -0.017358
v 0.040488 -0.018952 -0.016626
v 0.038469 -0.022976 -0.013706
v 0.037633 -0.021976 -0.013841
v 0.039012 -0.018323 -0.016781
v 0.039380 -0.018927 -0.017358
v 0.038001 -0.022579 -0.014418
v 0.038469 -0.022976 -0.013706
v 0.038101 -0.022372 -0.013129
v 0.037633 -0.021976 -0.013841
v 0.038001 -0.022579 -0.014418
v 0.040120 -0.018348 -0.016049
v 0.040488 -0.018952 -0.016626
v 0.039380 -0.018927 -0.017358
v 0.039012 -0.018323 -0.016781
v 0.034458 -0.016396 -0.007413
v 0.036477 -0.012372 -0.010333
v 0.035369 -0.012347 -0.011066
v 0.033990 -0.016000 -0.008126
v 0.034826 -0.017000 -0.007990
v 0.036845 -0.012976 -0.010910
v 0.036477 -0.012372 -0.010333
v 0.034458 -0.016396 -0.007413
v 0.034358 -0.016603 -0.008703
v 0.035737 -0.012951 -0.011643
v 0.036845 -0.012976 -0.010910
v 0.034826 -0.017000 -0.007990
v 0.033990 -0.016000 -0.008126
v 0.035369 -0.012347 -0.011066
v 0.035737 -0.012951 -0.011643
v 0.034358 -0.016603 -0.008703
v 0.034826 -0.017000 -0.007990
v 0.034458 -0.016396 -0.007413
v 0.033990 -0.016000 -0.008126
v 0.034358 -0.016603 -0.008703
v 0.036477 -0.012372 -0.010333
v 0.036845 -0.012976 -0.010910
v 0.035737 -0.012951 -0.011643
v 0.035369 -0.012347 -0.011066
v 0.045090 -0.013813 -0.023492
v 0.045691 -0.013707 -0.024038
v 0.045716 -0.014570 -0.024104
v 0.045575 -0.013181 -0.023844
v 0.045248 -0.023955 -0.023707
v 0.044321 -0.010846 -0.022191
v 0.044909 -0.009974 -0.022728
v 0.044771 -0.009487 -0.022503
v 0.043592 -0.009408 -0.020715
v 0.030190 -0.007082 -0.000348
v 0.040679 -0.017031 -0.017326
v 0.033704 -0.019508 -0.006851
v 0.032116 -0.010659 -0.003945
v 0.030710 -0.013982 -0.001367
v 0.037677 -0.025457 -0.012301
v 0.034408 -0.019524 -0.006386
v 0.045248 -0.023955 -0.023707
v 0.041384 -0.017047 -0.016860
v 0.045422 -0.013820 -0.023273
v 0.045716 -0.014570 -0.024104
v 0.045691 -0.013707 -0.024038
v 0.045575 -0.013181 -0.023844
v 0.044909 -0.009974 -0.022728
v 0.044619 -0.010852 -0.021994
v 0.044771 -0.009487 -0.022503
v 0.043592 -0.009408 -0.020715
v 0.030190 -0.007082 -0.000348
v 0.032632 -0.010670 -0.003605
v 0.030710 -0.013982 -0.001367
v 0.037677 -0.025457 -0.012301
v 0.033704 -0.019508 -0.006851
v 0.037677 -0.025457 -0.012301
v 0.034408 -0.019524 -0.006386
v 0.030710 -0.013982 -0.001367
v 0.039330 -0.019971 -0.023383
v 0.039760 -0.019801 -0.023286
v 0.039936 -0.019842 -0.023554
v 0.039341 -0.020076 -0.023689
v 0.039152 -0.020325 -0.023126
v 0.039095 -0.020567 -0.023333
v 0.039405 -0.020510 -0.022772
v 0.039444 -0.020823 -0.022842
v 0.039835 -0.020340 -0.022675
v 0.040040 -0.020588 -0.022708
v 0.040013 -0.019986 -0.022932
v 0.040286 -0.020098 -0.023064
v 0.040682 -0.021064 -0.024724
v 0.040086 -0.021299 -0.024858
v 0.039840 -0.021790 -0.024502
v 0.040189 -0.022045 -0.024012
v 0.040785 -0.021811 -0.023877
v 0.041031 -0.021320 -0.024233
v 0.039609 -0.019324 -0.022299
v 0.039357 -0.019139 -0.022653
v 0.039431 -0.019678 -0.022042
v 0.039001 -0.019848 -0.022139
v 0.038748 -0.019663 -0.022493
v 0.038926 -0.019308 -0.022750
v 0.040156 -0.021382 -0.024865
v 0.040693 -0.021171 -0.024744
v 0.039934 -0.021824 -0.024544
v 0.040249 -0.022055 -0.024102
v 0.040786 -0.021843 -0.023981
v 0.041007 -0.021401 -0.024302
v 0.038523 -0.018646 -0.022117
v 0.038345 -0.019001 -0.021859
v 0.038318 -0.018398 -0.022084
v 0.038913 -0.018164 -0.021949
v 0.038953 -0.018477 -0.022020
v 0.038072 -0.018889 -0.021728
v 0.038597 -0.019185 -0.021505
v 0.038421 -0.019145 -0.021237
v 0.039028 -0.019016 -0.021408
v 0.039017 -0.018910 -0.021103
v 0.039205 -0.018661 -0.021665
v 0.039263 -0.018420 -0.021459
v 0.038168 -0.016941 -0.020780
v 0.037572 -0.017176 -0.020914
v 0.037326 -0.017666 -0.020558
v 0.037676 -0.017922 -0.020068
v 0.038271 -0.017687 -0.019934
v 0.038518 -0.017197 -0.020290
v 0.038108 -0.016932 -0.020689
v 0.037572 -0.017143 -0.020810
v 0.037350 -0.017585 -0.020490
v 0.037665 -0.017816 -0.020048
v 0.038201 -0.017604 -0.019927
v 0.038423 -0.017162 -0.020248
v 0.040693 -0.021171 -0.024744
v 0.040471 -0.021613 -0.024423
v 0.040156 -0.021382 -0.024865
v 0.039934 -0.021824 -0.024544
v 0.040249 -0.022055 -0.024102
v 0.040786 -0.021843 -0.023981
v 0.041007 -0.021401 -0.024302
v 0.037887 -0.017374 -0.020369
v 0.038108 -0.016932 -0.020689
v 0.037572 -0.017143 -0.020810
v 0.037350 -0.017585 -0.020490
v 0.037665 -0.017816 -0.020048
v 0.038201 -0.017604 -0.019927
v 0.038423 -0.017162 -0.020248
v 0.031881 -0.020716 -0.013784
v 0.032864 -0.021158 -0.012899
v 0.030061 -0.016560 -0.008502
v 0.029008 -0.016003 -0.009276
v 0.029510 -0.014755 -0.007608
v 0.027904 -0.014888 -0.009955
v 0.028825 -0.014375 -0.008220
v 0.027886 -0.013104 -0.009014
v 0.027514 -0.012620 -0.011104
v 0.027848 -0.010508 -0.010026
v 0.030796 -0.018004 -0.016253
v 0.030956 -0.019894 -0.014744
v 0.031646 -0.015977 -0.017431
v 0.028214 -0.010348 -0.012047
v 0.027024 -0.005830 -0.007503
v 0.034077 -0.013868 -0.018451
v 0.030790 -0.008476 -0.013293
v 0.035141 -0.013260 -0.018404
v 0.031816 -0.007946 -0.013193
v 0.028504 -0.004051 -0.008420
v 0.036453 -0.012797 -0.018049
v 0.033167 -0.007408 -0.012894
v 0.029411 -0.003471 -0.008424
v 0.037276 -0.013308 -0.016994
v 0.033950 -0.007994 -0.011782
v 0.037720 -0.013949 -0.016044
v 0.034432 -0.008557 -0.010886
v 0.030984 -0.004106 -0.006782
v 0.034237 -0.010482 -0.008067
v 0.037669 -0.016112 -0.013451
v 0.036855 -0.018139 -0.012249
v 0.033573 -0.012755 -0.007100
v 0.032517 -0.010612 -0.006941
v 0.031491 -0.013185 -0.006633
v 0.035346 -0.019992 -0.011843
v 0.032294 -0.014986 -0.007055
v 0.034076 -0.020765 -0.012333
v 0.031203 -0.016052 -0.007826
v 0.030665 -0.005911 -0.005098
v 0.030354 -0.014409 -0.007210
v 0.029510 -0.014755 -0.007608
v 0.030061 -0.016560 -0.008502
v 0.032864 -0.021158 -0.012899
v 0.034973 -0.023745 -0.016177
v 0.036115 -0.023458 -0.015729
v 0.038467 -0.027102 -0.019386
v 0.037296 -0.027419 -0.019818
v 0.037374 -0.022934 -0.015454
v 0.039793 -0.026526 -0.019126
v 0.038825 -0.021598 -0.015958
v 0.041113 -0.025367 -0.019496
v 0.041935 -0.023695 -0.020720
v 0.039653 -0.019908 -0.017189
v 0.039611 -0.017803 -0.019403
v 0.041365 -0.021556 -0.022670
v 0.040935 -0.020439 -0.023073
v 0.039231 -0.017174 -0.020297
v 0.038461 -0.016756 -0.021219
v 0.040503 -0.019622 -0.023187
v 0.037296 -0.017130 -0.021576
v 0.036308 -0.017730 -0.021586
v 0.034191 -0.019786 -0.020798
v 0.036424 -0.023572 -0.024362
v 0.033330 -0.021475 -0.019588
v 0.035568 -0.025244 -0.023160
v 0.035709 -0.026434 -0.021825
v 0.033393 -0.022845 -0.018084
v 0.036449 -0.027057 -0.020719
v 0.034124 -0.023413 -0.017045
v 0.037296 -0.027419 -0.019818
v 0.034973 -0.023745 -0.016177
v 0.038506 -0.021492 -0.024559
v 0.039076 -0.020397 -0.024301
v 0.039379 -0.019595 -0.023929
v 0.039943 -0.019348 -0.023552
v 0.027866 -0.002767 -0.004714
v 0.027024 -0.005830 -0.007503
v 0.029328 -0.008825 -0.010125
v 0.030871 -0.007858 -0.009435
v 0.030864 -0.012081 -0.009566
v 0.032081 -0.008887 -0.008306
v 0.030665 -0.005911 -0.005098
v 0.027848 -0.010508 -0.010026
v 0.027886 -0.013104 -0.009014
v 0.028825 -0.014375 -0.008220
v 0.029510 -0.014755 -0.007608
v 0.030354 -0.014409 -0.007210
v 0.031491 -0.013185 -0.006633
v 0.032517 -0.010612 -0.006941
v 0.029524 -0.004473 -0.007281
v 0.029411 -0.003471 -0.008424
v 0.028504 -0.004051 -0.008420
v 0.028135 -0.002783 -0.006558
v 0.030159 -0.003207 -0.008199
v 0.030651 -0.003499 -0.007605
v 0.030984 -0.004106 -0.006782
v 0.029456 -0.002813 -0.005685
v 0.028506 -0.002414 -0.005671
v 0.038049 -0.027254 -0.020953
v 0.037296 -0.027419 -0.019818
v 0.036449 -0.027057 -0.020719
v 0.037439 -0.027034 -0.021410
v 0.038715 -0.027062 -0.020567
v 0.038467 -0.027102 -0.019386
v 0.038456 -0.024452 -0.021475
v 0.036606 -0.026108 -0.022363
v 0.036702 -0.024914 -0.023325
v 0.035709 -0.026434 -0.021825
v 0.035568 -0.025244 -0.023160
v 0.036424 -0.023572 -0.024362
v 0.037792 -0.024077 -0.024090
v 0.039519 -0.024009 -0.024455
v 0.040335 -0.024063 -0.024304
v 0.039946 -0.026182 -0.020155
v 0.040831 -0.025007 -0.020597
v 0.041113 -0.025367 -0.019496
v 0.039793 -0.026526 -0.019126
v 0.041935 -0.023695 -0.020720
v 0.041133 -0.024151 -0.021883
v 0.040795 -0.024037 -0.023612
v 0.041365 -0.021556 -0.022670
v 0.040689 -0.022827 -0.023490
v 0.040203 -0.023264 -0.024078
v 0.039486 -0.022801 -0.024285
v 0.039748 -0.020445 -0.023294
v 0.040935 -0.020439 -0.023073
v 0.040503 -0.019622 -0.023187
v 0.038506 -0.021492 -0.024559
v 0.039076 -0.020397 -0.024301
v 0.039379 -0.019595 -0.023929
v 0.039943 -0.019348 -0.023552
v 0.029456 -0.002813 -0.005685
v 0.027866 -0.002767 -0.004714
v 0.028506 -0.002414 -0.005671
v 0.028135 -0.002783 -0.006558
v 0.030651 -0.003499 -0.007605
v 0.030159 -0.003207 -0.008199
v -0.040218 -0.025920 -0.027873
v -0.039716 -0.026400 -0.028082
v -0.040750 -0.033689 -0.030263
v -0.041612 -0.034262 -0.030265
v -0.040591 -0.026420 -0.027504
v -0.041966 -0.033716 -0.029460
v -0.040879 -0.029451 -0.026808
v -0.041341 -0.032289 -0.027604
v -0.038870 -0.029406 -0.028135
v -0.039332 -0.032244 -0.028931
v -0.039332 -0.032244 -0.028931
v -0.040577 -0.031700 -0.028613
v -0.041612 -0.034262 -0.030265
v -0.040750 -0.033689 -0.030263
v -0.038870 -0.029406 -0.028135
v -0.040130 -0.029274 -0.027854
v -0.040218 -0.025920 -0.027873
v -0.039716 -0.026400 -0.028082
v -0.041341 -0.032289 -0.027604
v -0.041966 -0.033716 -0.029460
v -0.040879 -0.029451 -0.026808
v -0.040591 -0.026420 -0.027504
v -0.050188 -0.050131 -0.044780
v -0.042068 -0.038040 -0.033665
v -0.049834 -0.050932 -0.044902
v -0.042655 -0.037433 -0.033632
v -0.040931 -0.035166 -0.031576
v -0.040444 -0.033155 -0.030015
v -0.039604 -0.032532 -0.029168
v -0.039872 -0.034985 -0.030792
v -0.038329 -0.031459 -0.027604
v -0.043514 -0.037279 -0.033246
v -0.041806 -0.033763 -0.030541
v -0.050647 -0.050141 -0.044476
v -0.044202 -0.037467 -0.032610
v -0.051107 -0.050151 -0.044172
v -0.044442 -0.038093 -0.032096
v -0.051333 -0.050966 -0.043911
v -0.041874 -0.033187 -0.029070
v -0.043056 -0.035214 -0.030172
v -0.041444 -0.032573 -0.027952
v -0.042756 -0.035049 -0.028887
v -0.040538 -0.031509 -0.026145
v -0.039872 -0.034985 -0.030792
v -0.039735 -0.034982 -0.030883
v -0.040931 -0.035166 -0.031576
v -0.035905 -0.034175 -0.027805
v -0.035905 -0.034175 -0.027805
v -0.040278 -0.035496 -0.028287
v -0.049937 -0.051681 -0.044998
v -0.050643 -0.051705 -0.044522
v -0.051358 -0.051712 -0.044059
v -0.041588 -0.034302 -0.024050
v -0.051617 -0.051157 -0.043978
v -0.044530 -0.038150 -0.031847
v -0.042893 -0.035053 -0.028796
v -0.043056 -0.035214 -0.030172
v -0.049778 -0.051116 -0.045193
v -0.041803 -0.038089 -0.033649
v -0.039735 -0.034982 -0.030883
v -0.040931 -0.035166 -0.031576
v -0.050614 -0.050359 -0.044432
v -0.050647 -0.050141 -0.044476
v -0.050188 -0.050131 -0.044780
v -0.050282 -0.050371 -0.044678
v -0.051107 -0.050151 -0.044172
v -0.050969 -0.050386 -0.044224
v -0.050583 -0.050949 -0.044406
v -0.051333 -0.050966 -0.043911
v -0.051107 -0.051360 -0.043930
v -0.050527 -0.051362 -0.044335
v -0.049928 -0.051333 -0.044709
v -0.049834 -0.050932 -0.044902
v -0.042893 -0.035053 -0.028796
v -0.042756 -0.035049 -0.028887
v -0.043056 -0.035214 -0.030172
v -0.041588 -0.034302 -0.024050
v -0.044530 -0.038150 -0.031847
v -0.044442 -0.038093 -0.032096
v -0.051333 -0.050966 -0.043911
v -0.051617 -0.051157 -0.043978
v -0.051447 -0.051153 -0.044090
v -0.041588 -0.034302 -0.024050
v -0.040278 -0.035496 -0.028287
v -0.042756 -0.035049 -0.028887
v -0.041314 -0.035017 -0.029840
v -0.040278 -0.035496 -0.028287
v -0.039872 -0.034985 -0.030792
v -0.035905 -0.034175 -0.027805
v -0.038329 -0.031459 -0.027604
v -0.039604 -0.032532 -0.029168
v -0.039385 -0.031581 -0.026804
v -0.040444 -0.033155 -0.030015
v -0.041806 -0.033763 -0.030541
v -0.041874 -0.033187 -0.029070
v -0.041444 -0.032573 -0.027952
v -0.040538 -0.031509 -0.026145
v -0.039872 -0.034985 -0.030792
v -0.038329 -0.031459 -0.027604
v -0.039385 -0.031581 -0.026804
v -0.041314 -0.035017 -0.029840
v -0.040538 -0.031509 -0.026145
v -0.042756 -0.035049 -0.028887
v -0.043056 -0.035214 -0.030172
v -0.044442 -0.038093 -0.032096
v -0.044530 -0.038150 -0.031847
v -0.051447 -0.051153 -0.044090
v -0.051221 -0.051547 -0.044110
v -0.051358 -0.051712 -0.044059
v -0.051617 -0.051157 -0.043978
v -0.050641 -0.051549 -0.044514
v -0.050643 -0.051705 -0.044522
v -0.049937 -0.051681 -0.044998
v -0.050042 -0.051521 -0.044889
v -0.049948 -0.051120 -0.045081
v -0.049778 -0.051116 -0.045193
v -0.051447 -0.051153 -0.044090
v -0.051333 -0.050966 -0.043911
v -0.051107 -0.051360 -0.043930
v -0.051221 -0.051547 -0.044110
v -0.050042 -0.051521 -0.044889
v -0.049928 -0.051333 -0.044709
v -0.049834 -0.050932 -0.044902
v -0.049948 -0.051120 -0.045081
v -0.051221 -0.051547 -0.044110
v -0.051107 -0.051360 -0.043930
v -0.050527 -0.051362 -0.044335
v -0.050641 -0.051549 -0.044514
v -0.049928 -0.051333 -0.044709
v -0.050042 -0.051521 -0.044889
v -0.049948 -0.051120 -0.045081
v -0.049834 -0.050932 -0.044902
v -0.049778 -0.051116 -0.045193
v -0.041803 -0.038089 -0.033649
v -0.042068 -0.038040 -0.033665
v -0.042068 -0.038040 -0.033665
v -0.040931 -0.035166 -0.031576
v -0.041803 -0.038089 -0.033649
v -0.036117 -0.025336 -0.015306
v -0.034643 -0.024927 -0.019403
v -0.035780 -0.024551 -0.018297
v -0.035746 -0.023686 -0.021030
v -0.033193 -0.024493 -0.020006
v -0.030285 -0.025206 -0.019159
v -0.033576 -0.025003 -0.017790
v -0.038444 -0.028200 -0.023130
v -0.039415 -0.029793 -0.024653
v -0.039309 -0.030137 -0.023555
v -0.035780 -0.024551 -0.018297
v -0.040474 -0.032739 -0.023205
v -0.036117 -0.025336 -0.015306
v -0.037160 -0.025713 -0.022209
v -0.035746 -0.023686 -0.021030
v -0.036613 -0.025169 -0.022392
v -0.036214 -0.025692 -0.022834
v -0.033193 -0.024493 -0.020006
v -0.036480 -0.028156 -0.024427
v -0.036472 -0.030074 -0.025429
v -0.037451 -0.029749 -0.025950
v -0.035613 -0.032631 -0.026417
v -0.030285 -0.025206 -0.019159
v -0.039429 -0.032123 -0.023573
v -0.036117 -0.025336 -0.015306
v -0.040474 -0.032739 -0.023205
v -0.033576 -0.025003 -0.017790
v -0.038460 -0.031974 -0.024346
v -0.038315 -0.032276 -0.025208
v -0.037475 -0.031952 -0.024997
v -0.030285 -0.025206 -0.019159
v -0.036380 -0.032055 -0.025588
v -0.035613 -0.032631 -0.026417
v -0.036472 -0.030074 -0.025429
v -0.036380 -0.032055 -0.025588
v -0.037475 -0.031952 -0.024997
v -0.036573 -0.028464 -0.024046
v -0.035613 -0.032631 -0.026417
v -0.037462 -0.028178 -0.023779
v -0.038315 -0.032276 -0.025208
v -0.038460 -0.031974 -0.024346
v -0.038047 -0.028497 -0.023072
v -0.039309 -0.030137 -0.023555
v -0.039429 -0.032123 -0.023573
v -0.040474 -0.032739 -0.023205
v -0.037451 -0.029749 -0.025950
v -0.036480 -0.028156 -0.024427
v -0.036613 -0.025169 -0.022392
v -0.036214 -0.025692 -0.022834
v -0.038444 -0.028200 -0.023130
v -0.037160 -0.025713 -0.022209
v -0.039415 -0.029793 -0.024653
v -0.039001 -0.035620 -0.029309
v -0.037408 -0.033227 -0.026931
v -0.038177 -0.033244 -0.026423
v -0.039674 -0.035635 -0.028864
v -0.038927 -0.035088 -0.029912
v -0.037324 -0.032620 -0.027619
v -0.039527 -0.034572 -0.030069
v -0.038009 -0.032031 -0.027799
v -0.040200 -0.034587 -0.029625
v -0.038777 -0.032048 -0.027292
v -0.040343 -0.035120 -0.028976
v -0.039012 -0.032658 -0.026504
v -0.037764 -0.032431 -0.026015
v -0.037220 -0.032419 -0.026375
v -0.037160 -0.031989 -0.026863
v -0.037645 -0.031571 -0.026991
v -0.038190 -0.031583 -0.026631
v -0.038250 -0.032013 -0.026143
v -0.040322 -0.036597 -0.030079
v -0.040764 -0.036216 -0.030196
v -0.040710 -0.035825 -0.030640
v -0.040213 -0.035813 -0.030968
v -0.041462 -0.038427 -0.031937
v -0.041846 -0.038096 -0.032038
v -0.041798 -0.037755 -0.032424
v -0.041367 -0.037746 -0.032709
v -0.039772 -0.036194 -0.030852
v -0.039826 -0.036586 -0.030407
v -0.040983 -0.038077 -0.032608
v -0.041030 -0.038417 -0.032222
v -0.036725 -0.031934 -0.025769
v -0.037416 -0.031950 -0.025312
v -0.036649 -0.031388 -0.026388
v -0.037265 -0.030858 -0.026550
v -0.037956 -0.030873 -0.026094
v -0.038032 -0.031419 -0.025475
v -0.036404 -0.030124 -0.024010
v -0.035981 -0.030115 -0.024290
v -0.035935 -0.029781 -0.024668
v -0.036311 -0.029457 -0.024767
v -0.036734 -0.029467 -0.024488
v -0.036780 -0.029800 -0.024110
v -0.041041 -0.035665 -0.027961
v -0.039457 -0.033273 -0.025577
v -0.040226 -0.033290 -0.025070
v -0.041714 -0.035680 -0.027516
v -0.040902 -0.035132 -0.028607
v -0.039227 -0.032663 -0.026362
v -0.041567 -0.034618 -0.028721
v -0.040058 -0.032076 -0.026445
v -0.042240 -0.034633 -0.028277
v -0.040826 -0.032094 -0.025938
v -0.042314 -0.035164 -0.027674
v -0.040910 -0.032700 -0.025250
v -0.039813 -0.032477 -0.024661
v -0.039269 -0.032465 -0.025021
v -0.039209 -0.032035 -0.025509
v -0.039694 -0.031617 -0.025637
v -0.040239 -0.031629 -0.025277
v -0.040299 -0.032059 -0.024789
v -0.042371 -0.036643 -0.028726
v -0.042813 -0.036262 -0.028842
v -0.042759 -0.035870 -0.029286
v -0.042262 -0.035859 -0.029614
v -0.043511 -0.038473 -0.030583
v -0.043895 -0.038142 -0.030684
v -0.043847 -0.037801 -0.031070
v -0.043416 -0.037792 -0.031355
v -0.041820 -0.036240 -0.029498
v -0.041875 -0.036632 -0.029053
v -0.043032 -0.038122 -0.031254
v -0.043079 -0.038463 -0.030868
v -0.038774 -0.031980 -0.024415
v -0.039465 -0.031995 -0.023959
v -0.038698 -0.031434 -0.025034
v -0.039314 -0.030904 -0.025197
v -0.040005 -0.030919 -0.024740
v -0.040081 -0.031465 -0.024121
v -0.038452 -0.030170 -0.022657
v -0.038030 -0.030161 -0.022936
v -0.037984 -0.029827 -0.023314
v -0.038360 -0.029503 -0.023413
v -0.038782 -0.029512 -0.023134
v -0.038829 -0.029846 -0.022756
v -0.042742 -0.037682 -0.030977
v -0.042803 -0.037283 -0.031355
v -0.042054 -0.037266 -0.031850
v -0.041718 -0.037659 -0.031653
v -0.037174 -0.028549 -0.022242
v -0.042742 -0.037682 -0.030977
v -0.041718 -0.037659 -0.031653
v -0.036150 -0.028526 -0.022919
v -0.036425 -0.028255 -0.023027
v -0.037175 -0.028272 -0.022532
v -0.037174 -0.028549 -0.022242
v -0.036150 -0.028526 -0.022919
v -0.040793 -0.033614 -0.028188
v -0.039484 -0.031467 -0.026135
v -0.038735 -0.031451 -0.026631
v -0.040043 -0.033597 -0.028684
v -0.040793 -0.033614 -0.028188
v -0.041117 -0.033560 -0.028677
v -0.042742 -0.037682 -0.030977
v -0.042803 -0.037283 -0.031355
v -0.039484 -0.031467 -0.026135
v -0.037174 -0.028549 -0.022242
v -0.037749 -0.029214 -0.023432
v -0.039795 -0.030938 -0.026587
v -0.039789 -0.030356 -0.026559
v -0.037175 -0.028272 -0.022532
v -0.039888 -0.030869 -0.026725
v -0.039590 -0.030293 -0.027070
v -0.039714 -0.030792 -0.027275
v -0.039039 -0.030339 -0.027054
v -0.039138 -0.030852 -0.027220
v -0.039045 -0.030921 -0.027083
v -0.036999 -0.029197 -0.023928
v -0.038735 -0.031451 -0.026631
v -0.036150 -0.028526 -0.022919
v -0.036425 -0.028255 -0.023027
v -0.040043 -0.033597 -0.028684
v -0.041718 -0.037659 -0.031653
v -0.040367 -0.033544 -0.029172
v -0.042054 -0.037266 -0.031850
v -0.042054 -0.037266 -0.031850
v -0.042803 -0.037283 -0.031355
v -0.041117 -0.033560 -0.028677
v -0.040367 -0.033544 -0.029172
v -0.039789 -0.030356 -0.026559
v -0.037749 -0.029214 -0.023432
v -0.036999 -0.029197 -0.023928
v -0.039039 -0.030339 -0.027054
v -0.039590 -0.030293 -0.027070
v -0.037749 -0.029214 -0.023432
v -0.037175 -0.028272 -0.022532
v -0.036425 -0.028255 -0.023027
v -0.036999 -0.029197 -0.023928
v -0.040367 -0.033544 -0.029172
v -0.041117 -0.033560 -0.028677
v -0.040793 -0.033614 -0.028188
v -0.040043 -0.033597 -0.028684
v -0.038735 -0.031451 -0.026631
v -0.039484 -0.031467 -0.026135
v -0.039795 -0.030938 -0.026587
v -0.039045 -0.030921 -0.027083
v -0.039795 -0.030938 -0.026587
v -0.039888 -0.030869 -0.026725
v -0.039138 -0.030852 -0.027220
v -0.039045 -0.030921 -0.027083
v -0.039714 -0.030792 -0.027275
v -0.040239 -0.032560 -0.027572
v -0.040711 -0.033613 -0.028880
v -0.040599 -0.033822 -0.028160
v -0.040170 -0.033118 -0.027487
v -0.039627 -0.030694 -0.027141
v -0.039732 -0.030753 -0.026743
v -0.040711 -0.033613 -0.028880
v -0.039726 -0.032549 -0.027910
v -0.039658 -0.033107 -0.027826
v -0.040087 -0.033810 -0.028499
v -0.039219 -0.030742 -0.027082
v -0.039627 -0.030694 -0.027141
v -0.039732 -0.030753 -0.026743
v -0.040239 -0.032560 -0.027572
v -0.039726 -0.032549 -0.027910
v -0.039219 -0.030742 -0.027082
v -0.040239 -0.032560 -0.027572
v -0.040170 -0.033118 -0.027487
v -0.039658 -0.033107 -0.027826
v -0.039726 -0.032549 -0.027910
v -0.038675 -0.023669 -0.021922
v -0.038310 -0.024694 -0.021084
v -0.038126 -0.023658 -0.022284
v -0.037187 -0.024128 -0.022391
v -0.036693 -0.024657 -0.022152
v -0.036651 -0.025197 -0.021615
v -0.037103 -0.025698 -0.020803
v -0.037662 -0.025689 -0.020456
v -0.041244 -0.026156 -0.025850
v -0.039846 -0.024459 -0.023669
v -0.041066 -0.025997 -0.025754
v -0.040128 -0.025898 -0.026266
v -0.037911 -0.024940 -0.024400
v -0.038126 -0.023658 -0.022284
v -0.037187 -0.024128 -0.022391
v -0.038675 -0.023669 -0.021922
v -0.039409 -0.024271 -0.022662
v -0.041346 -0.026642 -0.025650
v -0.041244 -0.026156 -0.025850
v -0.039446 -0.029739 -0.023250
v -0.039881 -0.029562 -0.023531
v -0.039268 -0.029580 -0.023154
v -0.041066 -0.025997 -0.025754
v -0.038850 -0.029507 -0.023402
v -0.040128 -0.025898 -0.026266
v -0.038430 -0.029108 -0.023991
v -0.038850 -0.029507 -0.023402
v -0.038182 -0.028300 -0.022350
v -0.039268 -0.029580 -0.023154
v -0.038257 -0.027625 -0.021371
v -0.039446 -0.029739 -0.023250
v -0.036842 -0.027070 -0.022854
v -0.037103 -0.025698 -0.020803
v -0.036651 -0.025197 -0.021615
v -0.038430 -0.029108 -0.023991
v -0.037662 -0.025689 -0.020456
v -0.038224 -0.026632 -0.020949
v -0.041346 -0.026642 -0.025650
v -0.041239 -0.026193 -0.024957
v -0.041244 -0.026156 -0.025850
v -0.039881 -0.029562 -0.023531
v -0.039775 -0.029110 -0.022840
v -0.039446 -0.029739 -0.023250
v -0.039846 -0.024459 -0.023669
v -0.040128 -0.024834 -0.023098
v -0.038833 -0.027414 -0.021226
v -0.039409 -0.024271 -0.022662
v -0.038224 -0.026632 -0.020949
v -0.038257 -0.027625 -0.021371
v -0.037911 -0.024940 -0.024400
v -0.036842 -0.027070 -0.022854
v -0.038430 -0.029108 -0.023991
v -0.040128 -0.025898 -0.026266
v -0.036693 -0.024657 -0.022152
v -0.037187 -0.024128 -0.022391
v -0.036651 -0.025197 -0.021615
v -0.038310 -0.024694 -0.021084
v -0.039409 -0.024271 -0.022662
v -0.038224 -0.026632 -0.020949
v -0.038675 -0.023669 -0.021922
v -0.037662 -0.025689 -0.020456
v -0.039220 -0.029685 -0.025058
v -0.039943 -0.029747 -0.025111
v -0.039209 -0.028453 -0.023957
v -0.038755 -0.028865 -0.024326
v -0.039732 -0.028852 -0.023720
v -0.040197 -0.029672 -0.024451
v -0.039507 -0.029270 -0.023394
v -0.039972 -0.030090 -0.024125
v -0.039547 -0.030485 -0.024537
v -0.039220 -0.029685 -0.025058
v -0.039032 -0.030034 -0.024785
v -0.038813 -0.029191 -0.023382
v -0.038567 -0.029215 -0.024054
v -0.039032 -0.030034 -0.024785
v -0.038755 -0.028865 -0.024326
v -0.039220 -0.029685 -0.025058
v -0.038755 -0.028865 -0.024326
v -0.038567 -0.029215 -0.024054
v -0.039168 -0.031164 -0.026993
v -0.039326 -0.031599 -0.027588
v -0.040319 -0.030741 -0.026013
v -0.039633 -0.030637 -0.025995
v -0.040499 -0.031309 -0.026344
v -0.039564 -0.031719 -0.027515
v -0.039564 -0.031719 -0.027515
v -0.040274 -0.031727 -0.026018
v -0.039339 -0.032137 -0.027189
v -0.039326 -0.031599 -0.027588
v -0.039074 -0.032069 -0.027222
v -0.039339 -0.032137 -0.027189
v -0.039974 -0.031384 -0.025512
v -0.039074 -0.032069 -0.027222
v -0.039446 -0.030987 -0.025723
v -0.038980 -0.031514 -0.026721
v -0.039633 -0.030637 -0.025995
v -0.038980 -0.031514 -0.026721
v -0.039168 -0.031164 -0.026993
v -0.039074 -0.032069 -0.027222
v -0.039326 -0.031599 -0.027588
v -0.039974 -0.031384 -0.025512
v -0.040319 -0.030741 -0.026013
v -0.040499 -0.031309 -0.026344
v -0.040274 -0.031727 -0.026018
v -0.039707 -0.030762 -0.026104
v -0.040419 -0.030862 -0.026213
v -0.039829 -0.029611 -0.024935
v -0.039345 -0.029948 -0.025310
v -0.040362 -0.030014 -0.024778
v -0.040724 -0.030828 -0.025572
v -0.040137 -0.030433 -0.024452
v -0.040500 -0.031246 -0.025246
v -0.040023 -0.031599 -0.025639
v -0.039707 -0.030762 -0.026104
v -0.039520 -0.031111 -0.025832
v -0.039468 -0.030282 -0.024411
v -0.039157 -0.030298 -0.025038
v -0.039520 -0.031111 -0.025832
v -0.039345 -0.029948 -0.025310
v -0.039707 -0.030762 -0.026104
v -0.039345 -0.029948 -0.025310
v -0.039157 -0.030298 -0.025038
v -0.038511 -0.027993 -0.026219
v -0.037909 -0.027718 -0.026579
v -0.039661 -0.028676 -0.027042
v -0.039561 -0.028601 -0.026360
v -0.039082 -0.028695 -0.027401
v -0.037912 -0.027854 -0.026819
v -0.037912 -0.027854 -0.026819
v -0.038828 -0.029177 -0.027215
v -0.037659 -0.028336 -0.026632
v -0.037909 -0.027718 -0.026579
v -0.037625 -0.028258 -0.026370
v -0.037659 -0.028336 -0.026632
v -0.039271 -0.029418 -0.026756
v -0.037625 -0.028258 -0.026370
v -0.039349 -0.029004 -0.026204
v -0.038299 -0.028396 -0.026063
v -0.039561 -0.028601 -0.026360
v -0.038299 -0.028396 -0.026063
v -0.038511 -0.027993 -0.026219
v -0.037625 -0.028258 -0.026370
v -0.037909 -0.027718 -0.026579
v -0.039271 -0.029418 -0.026756
v -0.039661 -0.028676 -0.027042
v -0.039082 -0.028695 -0.027401
v -0.038828 -0.029177 -0.027215
v -0.039170 -0.028525 -0.026698
v -0.039583 -0.028651 -0.027283
v -0.040382 -0.028470 -0.025587
v -0.039689 -0.028387 -0.025633
v -0.040612 -0.028961 -0.026008
v -0.040092 -0.029100 -0.027073
v -0.040358 -0.029444 -0.025821
v -0.039838 -0.029582 -0.026886
v -0.039135 -0.029501 -0.026955
v -0.039170 -0.028525 -0.026698
v -0.038957 -0.028929 -0.026542
v -0.039974 -0.029244 -0.025288
v -0.039476 -0.028790 -0.025477
v -0.038957 -0.028929 -0.026542
v -0.039689 -0.028387 -0.025633
v -0.039170 -0.028525 -0.026698
v -0.039689 -0.028387 -0.025633
v -0.039476 -0.028790 -0.025477
v -0.039791 -0.028502 -0.025790
v -0.040516 -0.028560 -0.025779
v -0.039645 -0.027579 -0.024428
v -0.039239 -0.027880 -0.024934
v -0.040144 -0.028032 -0.024241
v -0.040696 -0.028653 -0.025097
v -0.039890 -0.028514 -0.024054
v -0.040442 -0.029136 -0.024910
v -0.040068 -0.029410 -0.025450
v -0.039791 -0.028502 -0.025790
v -0.039579 -0.028905 -0.025634
v -0.039198 -0.028429 -0.024099
v -0.039027 -0.028283 -0.024778
v -0.039579 -0.028905 -0.025634
v -0.039239 -0.027880 -0.024934
v -0.039791 -0.028502 -0.025790
v -0.039239 -0.027880 -0.024934
v -0.039027 -0.028283 -0.024778
v -0.038379 -0.026876 -0.026039
v -0.037699 -0.026554 -0.026007
v -0.038955 -0.027340 -0.027425
v -0.039194 -0.027407 -0.026777
v -0.038275 -0.027305 -0.027460
v -0.037579 -0.026639 -0.026241
v -0.037579 -0.026639 -0.026241
v -0.038107 -0.027823 -0.027273
v -0.037412 -0.027157 -0.026053
v -0.037699 -0.026554 -0.026007
v -0.037511 -0.027135 -0.025797
v -0.037412 -0.027157 -0.026053
v -0.038697 -0.028136 -0.027136
v -0.037511 -0.027135 -0.025797
v -0.039054 -0.027840 -0.026620
v -0.038239 -0.027310 -0.025882
v -0.039194 -0.027407 -0.026777
v -0.038239 -0.027310 -0.025882
v -0.038379 -0.026876 -0.026039
v -0.037511 -0.027135 -0.025797
v -0.037699 -0.026554 -0.026007
v -0.038697 -0.028136 -0.027136
v -0.038955 -0.027340 -0.027425
v -0.038275 -0.027305 -0.027460
v -0.038107 -0.027823 -0.027273
v -0.038696 -0.027278 -0.026866
v -0.038773 -0.027269 -0.027589
v -0.040290 -0.027407 -0.026480
v -0.039665 -0.027340 -0.026173
v -0.040260 -0.027796 -0.027045
v -0.039291 -0.027734 -0.027738
v -0.040092 -0.028314 -0.026857
v -0.039123 -0.028252 -0.027551
v -0.038478 -0.028182 -0.027258
v -0.038696 -0.027278 -0.026866
v -0.038556 -0.027711 -0.026709
v -0.040021 -0.028239 -0.026179
v -0.039525 -0.027773 -0.026016
v -0.038556 -0.027711 -0.026709
v -0.039665 -0.027340 -0.026173
v -0.038696 -0.027278 -0.026866
v -0.039665 -0.027340 -0.026173
v -0.039525 -0.027773 -0.026016
v -0.039666 -0.027450 -0.026475
v -0.040352 -0.027463 -0.026716
v -0.039980 -0.026729 -0.025022
v -0.039430 -0.026985 -0.025402
v -0.040519 -0.027169 -0.025083
v -0.040755 -0.027634 -0.026156
v -0.040352 -0.027687 -0.024895
v -0.040588 -0.028152 -0.025969
v -0.040057 -0.028376 -0.026386
v -0.039666 -0.027450 -0.026475
v -0.039526 -0.027883 -0.026318
v -0.039684 -0.027642 -0.024692
v -0.039290 -0.027418 -0.025245
v -0.039526 -0.027883 -0.026318
v -0.039430 -0.026985 -0.025402
v -0.039666 -0.027450 -0.026475
v -0.039430 -0.026985 -0.025402
v -0.039290 -0.027418 -0.025245
v -0.038493 -0.025821 -0.025926
v -0.037849 -0.025514 -0.025685
v -0.038706 -0.026076 -0.027461
v -0.039093 -0.026233 -0.026907
v -0.038039 -0.026044 -0.027325
v -0.037675 -0.025566 -0.025892
v -0.037675 -0.025566 -0.025892
v -0.037909 -0.026586 -0.027178
v -0.037545 -0.026107 -0.025745
v -0.037849 -0.025514 -0.025685
v -0.037703 -0.026121 -0.025520
v -0.037545 -0.026107 -0.025745
v -0.038507 -0.026909 -0.027234
v -0.037703 -0.026121 -0.025520
v -0.038985 -0.026685 -0.026783
v -0.038385 -0.026274 -0.025802
v -0.039093 -0.026233 -0.026907
v -0.038385 -0.026274 -0.025802
v -0.038493 -0.025821 -0.025926
v -0.037703 -0.026121 -0.025520
v -0.037849 -0.025514 -0.025685
v -0.038507 -0.026909 -0.027234
v -0.038706 -0.026076 -0.027461
v -0.038039 -0.026044 -0.027325
v -0.037909 -0.026586 -0.027178
v -0.038690 -0.026119 -0.026844
v -0.038483 -0.025971 -0.027525
v -0.040290 -0.026350 -0.027151
v -0.039842 -0.026332 -0.026614
v -0.040008 -0.026622 -0.027714
v -0.038856 -0.026409 -0.027944
v -0.039878 -0.027163 -0.027567
v -0.038727 -0.026950 -0.027796
v -0.038255 -0.026925 -0.027265
v -0.038690 -0.026119 -0.026844
v -0.038582 -0.026572 -0.026720
v -0.040082 -0.027220 -0.026914
v -0.039733 -0.026785 -0.026491
v -0.038582 -0.026572 -0.026720
v -0.039842 -0.026332 -0.026614
v -0.038690 -0.026119 -0.026844
v -0.039842 -0.026332 -0.026614
v -0.039733 -0.026785 -0.026491
v -0.039685 -0.026400 -0.027001
v -0.040292 -0.026371 -0.027401
v -0.040357 -0.025890 -0.025581
v -0.039726 -0.026096 -0.025848
v -0.040855 -0.026311 -0.025832
v -0.040814 -0.026616 -0.026985
v -0.040726 -0.026853 -0.025684
v -0.040684 -0.027158 -0.026837
v -0.040063 -0.027325 -0.027140
v -0.039685 -0.026400 -0.027001
v -0.039576 -0.026853 -0.026878
v -0.040128 -0.026844 -0.025321
v -0.039618 -0.026548 -0.025725
v -0.039576 -0.026853 -0.026878
v -0.039726 -0.026096 -0.025848
v -0.039685 -0.026400 -0.027001
v -0.039726 -0.026096 -0.025848
v -0.039618 -0.026548 -0.025725
v -0.038277 -0.028917 -0.025356
v -0.038179 -0.029196 -0.026049
v -0.037061 -0.028858 -0.024363
v -0.037714 -0.028630 -0.024311
v -0.036831 -0.028878 -0.025004
v -0.037907 -0.029172 -0.026087
v -0.037907 -0.029172 -0.026087
v -0.036828 -0.028323 -0.025159
v -0.037903 -0.028617 -0.026242
v -0.038179 -0.029196 -0.026049
v -0.038175 -0.028574 -0.026222
v -0.037903 -0.028617 -0.026242
v -0.037056 -0.028005 -0.024601
v -0.038175 -0.028574 -0.026222
v -0.037711 -0.028166 -0.024440
v -0.038274 -0.028453 -0.025485
v -0.037714 -0.028630 -0.024311
v -0.038274 -0.028453 -0.025485
v -0.038277 -0.028917 -0.025356
v -0.038175 -0.028574 -0.026222
v -0.038179 -0.029196 -0.026049
v -0.037056 -0.028005 -0.024601
v -0.037061 -0.028858 -0.024363
v -0.036831 -0.028878 -0.025004
v -0.036828 -0.028323 -0.025159
v -0.037570 -0.028737 -0.024694
v -0.036902 -0.028972 -0.024527
v -0.037584 -0.028714 -0.022745
v -0.038341 -0.028488 -0.023818
v -0.037140 -0.028409 -0.022784
v -0.036693 -0.028589 -0.023965
v -0.037135 -0.027572 -0.023017
v -0.036690 -0.028034 -0.024119
v -0.036896 -0.027994 -0.024799
v -0.037570 -0.028737 -0.024694
v -0.037567 -0.028274 -0.024823
v -0.037575 -0.027286 -0.023143
v -0.038338 -0.028025 -0.023947
v -0.037567 -0.028274 -0.024823
v -0.038341 -0.028488 -0.023818
v -0.037570 -0.028737 -0.024694
v -0.038341 -0.028488 -0.023818
v -0.038338 -0.028025 -0.023947
v -0.044893 -0.013707 -0.024038
v -0.044292 -0.013813 -0.023492
v -0.044917 -0.014570 -0.024104
v -0.044777 -0.013181 -0.023844
v -0.044449 -0.023955 -0.023707
v -0.043523 -0.010846 -0.022191
v -0.044111 -0.009974 -0.022728
v -0.043973 -0.009487 -0.022503
v -0.042794 -0.009408 -0.020715
v -0.029392 -0.007082 -0.000348
v -0.039881 -0.017031 -0.017326
v -0.032906 -0.019508 -0.006851
v -0.031318 -0.010659 -0.003945
v -0.029911 -0.013982 -0.001367
v -0.036879 -0.025457 -0.012301
v -0.044449 -0.023955 -0.023707
v -0.033609 -0.019524 -0.006386
v -0.040585 -0.017047 -0.016860
v -0.044624 -0.013820 -0.023273
v -0.044917 -0.014570 -0.024104
v -0.044893 -0.013707 -0.024038
v -0.044777 -0.013181 -0.023844
v -0.044111 -0.009974 -0.022728
v -0.043821 -0.010852 -0.021994
v -0.043973 -0.009487 -0.022503
v -0.042794 -0.009408 -0.020715
v -0.029392 -0.007082 -0.000348
v -0.031834 -0.010670 -0.003605
v -0.029911 -0.013982 -0.001367
v -0.036879 -0.025457 -0.012301
v -0.036879 -0.025457 -0.012301
v -0.032906 -0.019508 -0.006851
v -0.033609 -0.019524 -0.006386
v -0.029911 -0.013982 -0.001367
v -0.037303 -0.022372 -0.013129
v -0.036835 -0.021976 -0.013841
v -0.038214 -0.018323 -0.016781
v -0.039322 -0.018348 -0.016049
v -0.037671 -0.022976 -0.013706
v -0.037303 -0.022372 -0.013129
v -0.039322 -0.018348 -0.016049
v -0.039690 -0.018952 -0.016626
v -0.037203 -0.022579 -0.014418
v -0.037671 -0.022976 -0.013706
v -0.039690 -0.018952 -0.016626
v -0.038581 -0.018927 -0.017358
v -0.036835 -0.021976 -0.013841
v -0.037203 -0.022579 -0.014418
v -0.038581 -0.018927 -0.017358
v -0.038214 -0.018323 -0.016781
v -0.037671 -0.022976 -0.013706
v -0.037203 -0.022579 -0.014418
v -0.036835 -0.021976 -0.013841
v -0.037303 -0.022372 -0.013129
v -0.039322 -0.018348 -0.016049
v -0.038214 -0.018323 -0.016781
v -0.038581 -0.018927 -0.017358
v -0.039690 -0.018952 -0.016626
v -0.033660 -0.016396 -0.007413
v -0.033192 -0.016000 -0.008126
v -0.034571 -0.012347 -0.011066
v -0.035679 -0.012372 -0.010333
v -0.034027 -0.017000 -0.007990
v -0.033660 -0.016396 -0.007413
v -0.035679 -0.012372 -0.010333
v -0.036047 -0.012976 -0.010910
v -0.033560 -0.016603 -0.008703
v -0.034027 -0.017000 -0.007990
v -0.036047 -0.012976 -0.010910
v -0.034938 -0.012951 -0.011643
v -0.033192 -0.016000 -0.008126
v -0.033560 -0.016603 -0.008703
v -0.034938 -0.012951 -0.011643
v -0.034571 -0.012347 -0.011066
v -0.034027 -0.017000 -0.007990
v -0.033560 -0.016603 -0.008703
v -0.033192 -0.016000 -0.008126
v -0.033660 -0.016396 -0.007413
v -0.035679 -0.012372 -0.010333
v -0.034571 -0.012347 -0.011066
v -0.034938 -0.012951 -0.011643
v -0.036047 -0.012976 -0.010910
v -0.038532 -0.019971 -0.023383
v -0.038542 -0.020076 -0.023689
v -0.039138 -0.019842 -0.023554
v -0.038962 -0.019801 -0.023286
v -0.038354 -0.020325 -0.023126
v -0.038296 -0.020567 -0.023333
v -0.038606 -0.020510 -0.022772
v -0.038646 -0.020823 -0.022842
v -0.039037 -0.020340 -0.022675
v -0.039242 -0.020588 -0.022708
v -0.039215 -0.019986 -0.022932
v -0.039488 -0.020098 -0.023064
v -0.039884 -0.021064 -0.024724
v -0.039288 -0.021299 -0.024858
v -0.039042 -0.021790 -0.024502
v -0.039391 -0.022045 -0.024012
v -0.039987 -0.021811 -0.023877
v -0.040233 -0.021320 -0.024233
v -0.038558 -0.019139 -0.022653
v -0.038811 -0.019324 -0.022299
v -0.038633 -0.019678 -0.022042
v -0.038203 -0.019848 -0.022139
v -0.039894 -0.021171 -0.024744
v -0.039358 -0.021382 -0.024865
v -0.039136 -0.021824 -0.024544
v -0.039451 -0.022055 -0.024102
v -0.039987 -0.021843 -0.023981
v -0.040209 -0.021401 -0.024302
v -0.038407 -0.018661 -0.021665
v -0.038155 -0.018477 -0.022020
v -0.038465 -0.018420 -0.021459
v -0.038219 -0.018910 -0.021103
v -0.038229 -0.019016 -0.021408
v -0.037623 -0.019145 -0.021237
v -0.037799 -0.019185 -0.021505
v -0.037273 -0.018889 -0.021728
v -0.037546 -0.019001 -0.021859
v -0.037520 -0.018398 -0.022084
v -0.037724 -0.018646 -0.022117
v -0.038115 -0.018164 -0.021949
v -0.037370 -0.016941 -0.020780
v -0.036774 -0.017176 -0.020914
v -0.036528 -0.017666 -0.020558
v -0.036877 -0.017922 -0.020068
v -0.037473 -0.017687 -0.019934
v -0.037719 -0.017197 -0.020290
v -0.037950 -0.019663 -0.022493
v -0.038128 -0.019308 -0.022750
v -0.037310 -0.016932 -0.020689
v -0.036774 -0.017143 -0.020810
v -0.036552 -0.017585 -0.020490
v -0.036867 -0.017816 -0.020048
v -0.037403 -0.017604 -0.019927
v -0.037625 -0.017162 -0.020248
v -0.039673 -0.021613 -0.024423
v -0.039894 -0.021171 -0.024744
v -0.039358 -0.021382 -0.024865
v -0.039136 -0.021824 -0.024544
v -0.039451 -0.022055 -0.024102
v -0.039987 -0.021843 -0.023981
v -0.040209 -0.021401 -0.024302
v -0.037310 -0.016932 -0.020689
v -0.037088 -0.017374 -0.020369
v -0.036774 -0.017143 -0.020810
v -0.036552 -0.017585 -0.020490
v -0.036867 -0.017816 -0.020048
v -0.037403 -0.017604 -0.019927
v -0.037625 -0.017162 -0.020248
v -0.031083 -0.020716 -0.013784
v -0.028209 -0.016003 -0.009276
v -0.029263 -0.016560 -0.008502
v -0.032066 -0.021158 -0.012899
v -0.028712 -0.014755 -0.007608
v -0.027106 -0.014888 -0.009955
v -0.028027 -0.014375 -0.008220
v -0.027088 -0.013104 -0.009014
v -0.026716 -0.012620 -0.011104
v -0.027050 -0.010508 -0.010026
v -0.029998 -0.018004 -0.016253
v -0.030158 -0.019894 -0.014744
v -0.030848 -0.015977 -0.017431
v -0.027416 -0.010348 -0.012047
v -0.026226 -0.005830 -0.007503
v -0.033279 -0.013868 -0.018451
v -0.029992 -0.008476 -0.013293
v -0.034343 -0.013260 -0.018404
v -0.031018 -0.007946 -0.013193
v -0.027706 -0.004051 -0.008420
v -0.035655 -0.012797 -0.018049
v -0.032369 -0.007408 -0.012894
v -0.028613 -0.003471 -0.008424
v -0.036477 -0.013308 -0.016994
v -0.033152 -0.007994 -0.011782
v -0.036921 -0.013949 -0.016044
v -0.033634 -0.008557 -0.010886
v -0.030186 -0.004106 -0.006782
v -0.033439 -0.010482 -0.008067
v -0.036870 -0.016112 -0.013451
v -0.036057 -0.018139 -0.012249
v -0.032775 -0.012755 -0.007100
v -0.031719 -0.010612 -0.006941
v -0.030693 -0.013185 -0.006633
v -0.034548 -0.019992 -0.011843
v -0.031496 -0.014986 -0.007055
v -0.033278 -0.020765 -0.012333
v -0.030404 -0.016052 -0.007826
v -0.029867 -0.005911 -0.005098
v -0.029555 -0.014409 -0.007210
v -0.028712 -0.014755 -0.007608
v -0.029263 -0.016560 -0.008502
v -0.032066 -0.021158 -0.012899
v -0.034175 -0.023745 -0.016177
v -0.035316 -0.023458 -0.015729
v -0.037668 -0.027102 -0.019386
v -0.036497 -0.027419 -0.019818
v -0.036576 -0.022934 -0.015454
v -0.038995 -0.026526 -0.019126
v -0.038027 -0.021598 -0.015958
v -0.040314 -0.025367 -0.019496
v -0.041137 -0.023695 -0.020720
v -0.038855 -0.019908 -0.017189
v -0.038813 -0.017803 -0.019403
v -0.040567 -0.021556 -0.022670
v -0.040136 -0.020439 -0.023073
v -0.038433 -0.017174 -0.020297
v -0.037663 -0.016756 -0.021219
v -0.039704 -0.019622 -0.023187
v -0.036498 -0.017130 -0.021576
v -0.035510 -0.017730 -0.021586
v -0.033393 -0.019786 -0.020798
v -0.035625 -0.023572 -0.024362
v -0.032532 -0.021475 -0.019588
v -0.034770 -0.025244 -0.023160
v -0.034911 -0.026434 -0.021825
v -0.032595 -0.022845 -0.018084
v -0.035651 -0.027057 -0.020719
v -0.033326 -0.023413 -0.017045
v -0.036497 -0.027419 -0.019818
v -0.034175 -0.023745 -0.016177
v -0.037708 -0.021492 -0.024559
v -0.038278 -0.020397 -0.024301
v -0.038581 -0.019595 -0.023929
v -0.039145 -0.019348 -0.023552
v -0.027067 -0.002767 -0.004714
v -0.030073 -0.007858 -0.009435
v -0.028530 -0.008825 -0.010125
v -0.026226 -0.005830 -0.007503
v -0.030066 -0.012081 -0.009566
v -0.031282 -0.008887 -0.008306
v -0.029867 -0.005911 -0.005098
v -0.027050 -0.010508 -0.010026
v -0.027088 -0.013104 -0.009014
v -0.028027 -0.014375 -0.008220
v -0.028712 -0.014755 -0.007608
v -0.029555 -0.014409 -0.007210
v -0.030693 -0.013185 -0.006633
v -0.031719 -0.010612 -0.006941
v -0.028613 -0.003471 -0.008424
v -0.028726 -0.004473 -0.007281
v -0.027706 -0.004051 -0.008420
v -0.027337 -0.002783 -0.006558
v -0.029361 -0.003207 -0.008199
v -0.029853 -0.003499 -0.007605
v -0.030186 -0.004106 -0.006782
v -0.028657 -0.002813 -0.005685
v -0.027708 -0.002414 -0.005671
v -0.037251 -0.027254 -0.020953
v -0.036641 -0.027034 -0.021410
v -0.035651 -0.027057 -0.020719
v -0.036497 -0.027419 -0.019818
v -0.037917 -0.027062 -0.020567
v -0.037668 -0.027102 -0.019386
v -0.037658 -0.024452 -0.021475
v -0.035807 -0.026108 -0.022363
v -0.035903 -0.024914 -0.023325
v -0.034911 -0.026434 -0.021825
v -0.034770 -0.025244 -0.023160
v -0.035625 -0.023572 -0.024362
v -0.036994 -0.024077 -0.024090
v -0.038720 -0.024009 -0.024455
v -0.039536 -0.024063 -0.024304
v -0.039148 -0.026182 -0.020155
v -0.040033 -0.025007 -0.020597
v -0.040314 -0.025367 -0.019496
v -0.038995 -0.026526 -0.019126
v -0.041137 -0.023695 -0.020720
v -0.040335 -0.024151 -0.021883
v -0.039996 -0.024037 -0.023612
v -0.040567 -0.021556 -0.022670
v -0.039890 -0.022827 -0.023490
v -0.039405 -0.023264 -0.024078
v -0.038687 -0.022801 -0.024285
v -0.038950 -0.020445 -0.023294
v -0.040136 -0.020439 -0.023073
v -0.039704 -0.019622 -0.023187
v -0.037708 -0.021492 -0.024559
v -0.038278 -0.020397 -0.024301
v -0.038581 -0.019595 -0.023929
v -0.039145 -0.019348 -0.023552
v -0.028657 -0.002813 -0.005685
v -0.027067 -0.002767 -0.004714
v -0.027708 -0.002414 -0.005671
v -0.027337 -0.002783 -0.006558
v -0.029853 -0.003499 -0.007605
v -0.029361 -0.003207 -0.008199
v -0.026009 -0.018083 0.006685
v -0.026098 -0.016018 0.007803
v -0.027305 -0.015172 0.005598
v -0.027265 -0.017266 0.003899
v -0.025317 -0.014014 0.007869
v -0.026529 -0.012934 0.005160
v -0.024032 -0.016964 0.009849
v -0.023795 -0.018836 0.008888
v -0.025751 -0.017809 0.000795
v -0.023539 -0.019212 0.004574
v -0.020736 -0.019531 0.000122
v -0.017154 -0.020913 0.003172
v -0.020408 -0.020143 0.006145
v -0.016571 -0.020568 0.007035
v -0.019521 -0.020067 0.008087
v -0.017515 -0.019426 0.008274
v -0.022621 -0.019109 0.009371
v -0.019060 -0.017795 0.009801
v -0.025484 -0.011480 0.003495
v -0.018290 -0.017903 0.009264
v -0.018421 -0.016158 0.009315
v -0.018918 -0.014789 0.009178
v -0.022006 -0.015489 0.010424
v -0.018270 -0.014589 0.008852
v -0.019297 -0.013604 0.008048
v -0.019390 -0.012899 0.006454
v -0.022410 -0.012569 0.006507
v -0.023165 -0.015125 0.009968
v -0.022895 -0.017287 0.010292
v -0.017070 -0.020420 0.003316
v -0.017154 -0.020913 0.003172
v -0.020736 -0.019531 0.000122
v -0.020650 -0.019022 0.000270
v -0.016564 -0.020085 0.006796
v -0.016571 -0.020568 0.007035
v -0.017515 -0.019426 0.008274
v -0.017461 -0.019136 0.007959
v -0.025751 -0.017809 0.000795
v -0.025739 -0.017291 0.000666
v -0.027265 -0.017266 0.003899
v -0.027174 -0.016701 0.003446
v -0.027305 -0.015172 0.005598
v -0.027181 -0.014964 0.004813
v -0.026529 -0.012934 0.005160
v -0.026575 -0.013174 0.004472
v -0.025484 -0.011480 0.003495
v -0.025618 -0.011829 0.003114
v -0.018191 -0.017806 0.008873
v -0.018290 -0.017903 0.009264
v -0.018421 -0.016158 0.009315
v -0.018353 -0.016274 0.008960
v -0.018270 -0.014589 0.008852
v -0.018235 -0.014917 0.008534
v -0.018191 -0.017806 0.008873
v -0.027174 -0.016701 0.003446
v -0.027181 -0.014964 0.004813
v -0.026575 -0.013174 0.004472
v -0.017461 -0.019136 0.007959
v -0.016564 -0.020085 0.006796
v -0.025739 -0.017291 0.000666
v -0.020650 -0.019022 0.000270
v -0.017070 -0.020420 0.003316
v -0.018353 -0.016274 0.008960
v -0.018235 -0.014917 0.008534
v -0.025618 -0.011829 0.003114
v -0.019306 -0.013320 0.006227
v -0.019306 -0.013320 0.006227
v -0.019390 -0.012899 0.006454
v -0.018270 -0.014589 0.008852
v -0.018235 -0.014917 0.008534
v -0.025484 -0.011480 0.003495
v -0.025618 -0.011829 0.003114
v -0.019151 -0.016858 -0.000741
v -0.019305 -0.016592 0.001792
v -0.020088 -0.015971 -0.003178
v -0.017906 -0.018052 0.002539
v -0.020169 -0.015801 -0.000838
v -0.019302 -0.015505 0.002195
v -0.020168 -0.014418 -0.000333
v -0.019996 -0.012835 -0.002076
v -0.020095 -0.014499 -0.002639
v -0.019146 -0.013379 0.000401
v -0.017973 -0.014358 0.004478
v -0.018051 -0.017612 0.004003
v -0.016908 -0.017891 0.005139
v -0.018050 -0.015695 0.004704
v -0.016908 -0.015517 0.006003
v -0.016908 -0.017891 0.005139
v -0.016947 -0.016336 0.001368
v -0.016908 -0.015517 0.006003
v -0.017973 -0.014358 0.004478
v -0.019146 -0.013379 0.000401
v -0.019151 -0.016858 -0.000741
v -0.017906 -0.018052 0.002539
v -0.020095 -0.014499 -0.002639
v -0.020088 -0.015971 -0.003178
v -0.019996 -0.012835 -0.002076
v -0.008498 0.045511 0.028594
v -0.008068 0.045511 0.028594
v -0.008498 0.045133 0.029634
v -0.010455 0.045065 0.029819
v -0.011536 0.045325 0.029106
v -0.011536 0.045065 0.029819
v -0.012617 0.045065 0.029819
v -0.014459 0.045511 0.028594
v -0.014459 0.045133 0.029634
v -0.015004 0.045511 0.028594
v -0.010455 0.045065 0.029819
v -0.011536 0.048121 0.030894
v -0.011536 0.045065 0.029819
v -0.012617 0.045065 0.029819
v -0.010188 0.051871 0.030909
v -0.008570 0.048691 0.029752
v -0.008498 0.045511 0.028594
v -0.011536 0.045325 0.029106
v -0.011536 0.052990 0.031316
v -0.012884 0.051871 0.030909
v -0.014459 0.045511 0.028594
v -0.008068 0.045511 0.028594
v -0.014501 0.048691 0.029752
v -0.015004 0.045511 0.028594
v -0.010188 0.051871 0.030909
v -0.010530 0.050921 0.031378
v -0.009133 0.048265 0.030593
v -0.011536 0.048121 0.030894
v -0.008498 0.045133 0.029634
v -0.010455 0.045065 0.029819
v -0.008570 0.048691 0.029752
v -0.011536 0.051563 0.031612
v -0.011536 0.052990 0.031316
v -0.008068 0.045511 0.028594
v -0.012530 0.050921 0.031378
v -0.011536 0.051563 0.031612
v -0.011536 0.052990 0.031316
v -0.011536 0.048121 0.030894
v -0.013876 0.048265 0.030593
v -0.012884 0.051871 0.030909
v -0.014459 0.045133 0.029634
v -0.012617 0.045065 0.029819
v -0.014501 0.048691 0.029752
v -0.015004 0.045511 0.028594
v -0.006748 0.046500 0.025878
v -0.006936 0.046612 0.025571
v -0.005978 0.046801 0.025051
v -0.006663 0.047342 0.023565
v -0.007794 0.047492 0.023152
v -0.007136 0.047622 0.022795
v -0.007609 0.047902 0.022026
v -0.009544 0.048157 0.021326
v -0.008586 0.048346 0.020806
v -0.009783 0.048298 0.020938
v -0.007167 0.050660 0.023920
v -0.006663 0.047342 0.023565
v -0.007136 0.047622 0.022795
v -0.007609 0.047902 0.022026
v -0.006968 0.049810 0.026677
v -0.007675 0.053409 0.026683
v -0.006936 0.046612 0.025571
v -0.007794 0.047492 0.023152
v -0.008265 0.054877 0.026130
v -0.008855 0.054108 0.024763
v -0.009544 0.048157 0.021326
v -0.006748 0.046500 0.025878
v -0.009563 0.051347 0.022454
v -0.009783 0.048298 0.020938
v -0.007162 0.052941 0.025828
v -0.007675 0.053409 0.026683
v -0.006403 0.050010 0.025798
v -0.007167 0.050660 0.023920
v -0.005978 0.046801 0.025051
v -0.006663 0.047342 0.023565
v -0.006968 0.049810 0.026677
v -0.007602 0.053843 0.025346
v -0.008265 0.054877 0.026130
v -0.006748 0.046500 0.025878
v -0.007602 0.053843 0.025346
v -0.008037 0.053459 0.024405
v -0.008265 0.054877 0.026130
v -0.007167 0.050660 0.023920
v -0.008478 0.051239 0.022420
v -0.008855 0.054108 0.024763
v -0.008586 0.048346 0.020806
v -0.007609 0.047902 0.022026
v -0.009563 0.051347 0.022454
v -0.009783 0.048298 0.020938
v -0.013289 0.048298 0.020938
v -0.013477 0.048186 0.021245
v -0.014436 0.048376 0.020725
v -0.015463 0.047902 0.022026
v -0.015278 0.047492 0.023152
v -0.015936 0.047622 0.022795
v -0.016408 0.047342 0.023565
v -0.016086 0.046641 0.025490
v -0.017044 0.046831 0.024970
v -0.016324 0.046500 0.025878
v -0.015905 0.050660 0.023920
v -0.015463 0.047902 0.022026
v -0.015936 0.047622 0.022795
v -0.016408 0.047342 0.023565
v -0.013509 0.051347 0.022454
v -0.014217 0.054108 0.024763
v -0.013477 0.048186 0.021245
v -0.015278 0.047492 0.023152
v -0.014807 0.054877 0.026130
v -0.015396 0.053409 0.026683
v -0.016086 0.046641 0.025490
v -0.013289 0.048298 0.020938
v -0.016104 0.049810 0.026677
v -0.016324 0.046500 0.025878
v -0.015030 0.053462 0.024396
v -0.014217 0.054108 0.024763
v -0.014566 0.051255 0.022376
v -0.015905 0.050660 0.023920
v -0.014436 0.048376 0.020725
v -0.015463 0.047902 0.022026
v -0.013509 0.051347 0.022454
v -0.015470 0.053843 0.025346
v -0.014807 0.054877 0.026130
v -0.013289 0.048298 0.020938
v -0.015470 0.053843 0.025346
v -0.015905 0.052944 0.025820
v -0.014807 0.054877 0.026130
v -0.015905 0.050660 0.023920
v -0.016641 0.050026 0.025753
v -0.015396 0.053409 0.026683
v -0.017044 0.046831 0.024970
v -0.016408 0.047342 0.023565
v -0.016104 0.049810 0.026677
v -0.016324 0.046500 0.025878
v 0.008866 0.045511 0.028594
v 0.009296 0.045511 0.028594
v 0.009296 0.045133 0.029634
v 0.011253 0.045065 0.029819
v 0.012334 0.045325 0.029106
v 0.012334 0.045065 0.029819
v 0.013415 0.045065 0.029819
v 0.015258 0.045511 0.028594
v 0.015258 0.045133 0.029634
v 0.015802 0.045511 0.028594
v 0.012334 0.048121 0.030894
v 0.011253 0.045065 0.029819
v 0.012334 0.045065 0.029819
v 0.013415 0.045065 0.029819
v 0.009369 0.048691 0.029752
v 0.010986 0.051871 0.030909
v 0.009296 0.045511 0.028594
v 0.012334 0.045325 0.029106
v 0.012334 0.052990 0.031316
v 0.013682 0.051871 0.030909
v 0.015258 0.045511 0.028594
v 0.008866 0.045511 0.028594
v 0.015300 0.048691 0.029752
v 0.015802 0.045511 0.028594
v 0.011329 0.050921 0.031378
v 0.010986 0.051871 0.030909
v 0.009931 0.048265 0.030593
v 0.012334 0.048121 0.030894
v 0.009296 0.045133 0.029634
v 0.011253 0.045065 0.029819
v 0.009369 0.048691 0.029752
v 0.012334 0.051563 0.031612
v 0.012334 0.052990 0.031316
v 0.008866 0.045511 0.028594
v 0.012334 0.051563 0.031612
v 0.013328 0.050921 0.031378
v 0.012334 0.052990 0.031316
v 0.012334 0.048121 0.030894
v 0.014674 0.048265 0.030593
v 0.013682 0.051871 0.030909
v 0.015258 0.045133 0.029634
v 0.013415 0.045065 0.029819
v 0.015300 0.048691 0.029752
v 0.015802 0.045511 0.028594
v 0.014276 0.048186 0.021245
v 0.014087 0.048298 0.020938
v 0.015234 0.048376 0.020725
v 0.016261 0.047902 0.022026
v 0.016076 0.047492 0.023152
v 0.016734 0.047622 0.022795
v 0.017207 0.047342 0.023565
v 0.016884 0.046641 0.025490
v 0.017842 0.046831 0.024970
v 0.017122 0.046500 0.025878
v 0.016261 0.047902 0.022026
v 0.016703 0.050660 0.023920
v 0.016734 0.047622 0.022795
v 0.017207 0.047342 0.023565
v 0.015015 0.054108 0.024763
v 0.014307 0.051347 0.022454
v 0.014276 0.048186 0.021245
v 0.016076 0.047492 0.023152
v 0.015605 0.054877 0.026130
v 0.016195 0.053409 0.026683
v 0.016884 0.046641 0.025490
v 0.014087 0.048298 0.020938
v 0.016902 0.049810 0.026677
v 0.017122 0.046500 0.025878
v 0.015015 0.054108 0.024763
v 0.015828 0.053462 0.024396
v 0.015364 0.051255 0.022376
v 0.016703 0.050660 0.023920
v 0.015234 0.048376 0.020725
v 0.016261 0.047902 0.022026
v 0.014307 0.051347 0.022454
v 0.016268 0.053843 0.025346
v 0.015605 0.054877 0.026130
v 0.014087 0.048298 0.020938
v 0.016703 0.052944 0.025820
v 0.016268 0.053843 0.025346
v 0.015605 0.054877 0.026130
v 0.016703 0.050660 0.023920
v 0.017439 0.050026 0.025753
v 0.016195 0.053409 0.026683
v 0.017842 0.046831 0.024970
v 0.017207 0.047342 0.023565
v 0.016902 0.049810 0.026677
v 0.017122 0.046500 0.025878
v 0.010581 0.048298 0.020938
v 0.010393 0.048186 0.021245
v 0.009434 0.048376 0.020725
v 0.008407 0.047902 0.022026
v 0.008592 0.047492 0.023152
v 0.007934 0.047622 0.022795
v 0.007462 0.047342 0.023565
v 0.007784 0.046641 0.025490
v 0.006826 0.046831 0.024970
v 0.007546 0.046500 0.025878
v 0.007965 0.050660 0.023920
v 0.008407 0.047902 0.022026
v 0.007934 0.047622 0.022795
v 0.007462 0.047342 0.023565
v 0.010361 0.051347 0.022454
v 0.009653 0.054108 0.024763
v 0.010393 0.048186 0.021245
v 0.008592 0.047492 0.023152
v 0.009063 0.054877 0.026130
v 0.008474 0.053409 0.026683
v 0.007784 0.046641 0.025490
v 0.010581 0.048298 0.020938
v 0.007766 0.049810 0.026677
v 0.007546 0.046500 0.025878
v 0.008840 0.053462 0.024396
v 0.009653 0.054108 0.024763
v 0.009304 0.051255 0.022376
v 0.007965 0.050660 0.023920
v 0.009434 0.048376 0.020725
v 0.008407 0.047902 0.022026
v 0.010361 0.051347 0.022454
v 0.008400 0.053843 0.025346
v 0.009063 0.054877 0.026130
v 0.010581 0.048298 0.020938
v 0.008400 0.053843 0.025346
v 0.007965 0.052944 0.025820
v 0.009063 0.054877 0.026130
v 0.007965 0.050660 0.023920
v 0.007229 0.050026 0.025753
v 0.008474 0.053409 0.026683
v 0.006826 0.046831 0.024970
v 0.007462 0.047342 0.023565
v 0.007766 0.049810 0.026677
v 0.007546 0.046500 0.025878
v 0.049380 0.020067 0.011370
v 0.050734 0.016604 0.009468
v 0.049375 0.015470 0.009697
v 0.039490 0.026190 0.016048
v 0.039484 0.007242 0.009339
v 0.049414 0.013345 0.008923
v 0.039481 0.004768 0.008462
v 0.032706 -0.000823 0.008154
v 0.032315 0.001316 0.008932
v 0.028361 0.015101 0.014394
v 0.028361 0.000560 0.009278
v 0.050734 0.014876 0.008839
v 0.051954 0.017066 0.008201
v 0.052791 0.019094 0.007944
v 0.050732 0.019865 0.010655
v 0.051899 0.020327 0.009388
v 0.050694 0.021451 0.011113
v 0.049384 0.022618 0.012298
v 0.039490 0.030660 0.017675
v 0.028361 -0.004824 0.007374
v 0.028361 0.018888 0.015888
v 0.028361 0.022674 0.017383
v 0.028361 0.018582 0.016728
v 0.028361 0.014649 0.015636
v 0.039490 0.025972 0.016646
v 0.028361 0.008162 0.013599
v 0.039481 0.006895 0.010294
v 0.049384 0.015275 0.010233
v 0.049384 0.019858 0.011946
v 0.049414 0.013345 0.008923
v 0.039481 0.004768 0.008462
v 0.039490 0.030660 0.017675
v 0.032315 0.000901 0.010070
v 0.032706 -0.000823 0.008154
v 0.050734 0.014876 0.008839
v 0.050737 0.016461 0.009861
v 0.050734 0.019774 0.010907
v 0.051954 0.017066 0.008201
v 0.052791 0.019094 0.007944
v 0.051899 0.020327 0.009388
v 0.050694 0.021451 0.011113
v 0.049384 0.022618 0.012298
v 0.028361 0.000076 0.010609
v 0.028361 -0.004824 0.007374
v 0.028361 0.022674 0.017383
v 0.028361 0.000560 0.009278
v 0.028361 -0.004824 0.007374
v 0.028361 0.000076 0.010609
v 0.028361 0.008162 0.013599
v 0.028361 0.015101 0.014394
v 0.028361 0.014649 0.015636
v 0.028361 0.018582 0.016728
v 0.028361 0.018888 0.015888
v 0.028361 0.022674 0.017383
v -0.049935 0.016604 0.009468
v -0.048582 0.020067 0.011370
v -0.048577 0.015470 0.009697
v -0.038691 0.026190 0.016048
v -0.038685 0.007242 0.009339
v -0.048615 0.013345 0.008923
v -0.038683 0.004768 0.008462
v -0.031908 -0.000823 0.008154
v -0.031516 0.001316 0.008932
v -0.027563 0.015101 0.014394
v -0.027563 0.000560 0.009278
v -0.038691 0.030660 0.017675
v -0.027563 0.018888 0.015888
v -0.049935 0.014876 0.008839
v -0.027563 -0.004824 0.007374
v -0.049934 0.019865 0.010655
v -0.049895 0.021451 0.011113
v -0.048586 0.022618 0.012298
v -0.027563 0.022674 0.017383
v -0.027563 0.014649 0.015636
v -0.027563 0.018582 0.016728
v -0.038691 0.025972 0.016646
v -0.027563 0.008162 0.013599
v -0.038683 0.006895 0.010294
v -0.048586 0.015275 0.010233
v -0.048586 0.019858 0.011946
v -0.048615 0.013345 0.008923
v -0.038683 0.004768 0.008462
v -0.031516 0.000901 0.010070
v -0.031908 -0.000823 0.008154
v -0.049935 0.014876 0.008839
v -0.049939 0.016461 0.009861
v -0.049936 0.019774 0.010907
v -0.051156 0.017066 0.008201
v -0.048586 0.022618 0.012298
v -0.038691 0.030660 0.017675
v -0.049895 0.021451 0.011113
v -0.051101 0.020327 0.009388
v -0.027563 0.000076 0.010609
v -0.027563 -0.004824 0.007374
v -0.051993 0.019094 0.007944
v -0.027563 0.022674 0.017383
v -0.051101 0.020327 0.009388
v -0.049895 0.021451 0.011113
v -0.049934 0.019865 0.010655
v -0.051993 0.019094 0.007944
v -0.049935 0.016604 0.009468
v -0.051156 0.017066 0.008201
v -0.049935 0.014876 0.008839
v -0.027563 0.018582 0.016728
v -0.027563 0.018888 0.015888
v -0.027563 0.022674 0.017383
v -0.027563 0.015101 0.014394
v -0.027563 0.014649 0.015636
v -0.027563 0.008162 0.013599
v -0.027563 0.000560 0.009278
v -0.027563 0.000076 0.010609
v -0.027563 -0.004824 0.007374
v 0.012334 -0.010001 0.009046
v 0.012334 -0.002727 0.011471
v 0.008122 -0.006066 0.009724
v 0.017073 -0.004234 0.010148
v 0.014014 0.002632 0.013255
v 0.012334 0.000664 0.012539
v 0.010654 0.002632 0.013255
v 0.008156 -0.004607 0.010182
v 0.005418 -0.006091 0.009791
v 0.003737 0.007514 0.015379
v 0.008200 -0.012642 0.007087
v 0.017415 -0.011776 0.006575
v 0.020503 -0.008390 0.007767
v 0.028361 0.000076 0.010609
v 0.020503 -0.010983 0.006164
v 0.018229 -0.012642 0.005517
v 0.023979 -0.008239 0.006649
v 0.020503 -0.008390 0.007767
v 0.028361 -0.004824 0.007374
v 0.019103 0.008011 0.014014
v 0.028361 0.008162 0.013599
v 0.019103 0.011416 0.015253
v 0.028361 0.014649 0.015636
v 0.020588 0.014201 0.015849
v 0.021952 0.018404 0.017217
v 0.028361 0.018582 0.016728
v 0.028361 0.022674 0.017383
v 0.024126 0.024634 0.018282
v 0.020567 0.016941 0.016879
v 0.018952 0.018157 0.017570
v 0.019067 0.014121 0.016069
v 0.018341 0.013861 0.016784
v 0.017703 0.013733 0.017135
v 0.017993 0.016432 0.018276
v 0.017957 0.017506 0.019034
v 0.018952 0.016861 0.017098
v 0.016212 0.007514 0.015379
v 0.014746 0.004130 0.013800
v 0.001400 0.011678 0.018300
v 0.000399 0.006828 0.017262
v 0.002068 0.006960 0.016853
v 0.002808 0.012308 0.017124
v 0.003737 0.007514 0.015379
v 0.000399 0.015510 0.019321
v 0.000399 0.011429 0.018427
v 0.001234 0.016557 0.018670
v 0.000399 0.017784 0.019336
v -0.000435 0.016557 0.018670
v -0.000601 0.011678 0.018300
v -0.001270 0.006960 0.016853
v -0.002010 0.012308 0.017124
v -0.002939 0.007514 0.015379
v -0.003618 -0.007509 0.010781
v -0.004620 -0.006091 0.009791
v -0.004608 -0.009596 0.008274
v -0.001730 -0.005322 0.012996
v 0.000399 -0.004210 0.013844
v 0.002528 -0.005322 0.012996
v 0.004416 -0.007509 0.010781
v 0.005418 -0.006091 0.009791
v 0.005406 -0.009596 0.008274
v 0.009922 0.004130 0.013800
v 0.010585 0.005216 0.015385
v 0.009896 0.005862 0.015282
v 0.011553 0.005236 0.016429
v 0.011249 0.005776 0.016750
v 0.009485 0.010791 0.018573
v 0.008457 0.007514 0.015379
v 0.012334 0.005882 0.017326
v 0.012334 0.010436 0.019547
v 0.015183 0.010791 0.018573
v 0.013419 0.005816 0.016641
v 0.014773 0.005941 0.015064
v 0.016212 0.007514 0.015379
v 0.013115 0.005264 0.016350
v 0.014083 0.005270 0.015237
v 0.014746 0.004130 0.013800
v 0.012334 0.005230 0.016775
v 0.012334 0.015487 0.022415
v 0.015365 0.015816 0.021511
v 0.016835 0.022261 0.022001
v 0.009303 0.015816 0.021511
v 0.007833 0.022261 0.022001
v 0.009559 0.019912 0.023786
v 0.015109 0.019912 0.023786
v 0.011229 0.019653 0.024500
v 0.012334 0.019866 0.024929
v 0.013439 0.019653 0.024500
v 0.013326 0.020349 0.024923
v 0.014249 0.021631 0.024754
v 0.012334 0.022513 0.024836
v 0.011343 0.020349 0.024923
v 0.010419 0.021693 0.024776
v 0.010489 0.024116 0.025009
v 0.014180 0.024054 0.024987
v 0.013951 0.026442 0.025104
v 0.013398 0.025051 0.025350
v 0.012334 0.025601 0.025550
v 0.012871 0.026041 0.025836
v 0.013073 0.027372 0.025728
v 0.012334 0.026332 0.025941
v 0.012334 0.027745 0.025864
v 0.011589 0.027489 0.025771
v 0.011797 0.026041 0.025836
v 0.010717 0.026736 0.025211
v 0.011271 0.025051 0.025350
v 0.020503 -0.007716 0.005915
v 0.018198 -0.006103 0.006030
v 0.028361 0.000560 0.009278
v 0.018198 0.000840 0.008510
v 0.028361 0.015101 0.014394
v 0.028361 -0.004824 0.007374
v 0.023979 -0.008239 0.006649
v 0.018198 -0.009854 0.005424
v 0.020503 -0.010983 0.006164
v 0.018229 -0.012642 0.005517
v 0.018198 0.014955 0.014588
v 0.021793 0.018851 0.015989
v 0.017957 0.018539 0.016195
v 0.028361 0.018888 0.015888
v 0.028361 0.022674 0.017383
v 0.024126 0.024634 0.018282
v 0.020503 -0.010983 0.006164
v 0.020503 -0.007716 0.005915
v 0.007055 0.017512 0.019018
v 0.002808 0.012308 0.017124
v 0.001234 0.016557 0.018670
v 0.006931 0.022594 0.021087
v 0.000399 0.017784 0.019336
v 0.008457 0.007514 0.015379
v 0.000399 0.022594 0.021087
v 0.007011 0.029749 0.023974
v -0.006133 0.022594 0.021087
v -0.006213 0.029749 0.023974
v -0.000435 0.016557 0.018670
v -0.006257 0.017512 0.019018
v -0.002010 0.012308 0.017124
v -0.002939 0.007514 0.015379
v -0.007658 0.007514 0.015379
v 0.000399 0.029711 0.024078
v 0.006820 0.037438 0.027291
v -0.006022 0.037438 0.027291
v 0.000399 0.041531 0.028781
v -0.009124 0.004130 0.013800
v -0.007358 -0.004607 0.010182
v -0.004620 -0.006091 0.009791
v -0.007324 -0.006066 0.009724
v -0.011536 -0.002727 0.011471
v -0.009856 0.002632 0.013255
v -0.011536 0.000664 0.012539
v -0.013216 0.002632 0.013255
v -0.016275 -0.004234 0.010148
v -0.011536 -0.010001 0.009046
v -0.007402 -0.012642 0.007087
v -0.016617 -0.011776 0.006575
v -0.019705 -0.008390 0.007767
v -0.027563 0.000076 0.010609
v -0.023180 -0.008239 0.006649
v -0.019705 -0.010983 0.006164
v -0.017430 -0.012642 0.005517
v -0.019705 -0.008390 0.007767
v -0.027563 -0.004824 0.007374
v -0.018305 0.008011 0.014014
v -0.027563 0.008162 0.013599
v -0.018305 0.011416 0.015253
v -0.015413 0.007514 0.015379
v -0.013948 0.004130 0.013800
v -0.027563 0.014649 0.015636
v -0.016905 0.013733 0.017135
v -0.019790 0.014201 0.015849
v -0.019769 0.016941 0.016879
v -0.018154 0.016861 0.017098
v -0.018268 0.014121 0.016069
v -0.017194 0.016432 0.018276
v -0.017542 0.013861 0.016784
v -0.021154 0.018404 0.017217
v -0.027563 0.018582 0.016728
v -0.027563 0.022674 0.017383
v -0.023328 0.024634 0.018282
v -0.018154 0.018157 0.017570
v -0.017158 0.017506 0.019034
v 0.018247 0.044856 0.027199
v 0.015518 0.043929 0.029703
v 0.018042 0.038868 0.027340
v 0.018406 0.039747 0.024925
v 0.014604 0.040141 0.030376
v 0.014604 0.032044 0.027429
v 0.018042 0.029749 0.023974
v 0.018247 0.044856 0.027199
v 0.015305 0.045108 0.029941
v 0.018276 0.046868 0.025105
v 0.018233 0.045764 0.024704
v 0.016835 0.022261 0.022001
v 0.017957 0.022415 0.021579
v 0.016131 0.027008 0.024462
v 0.017957 0.017506 0.019034
v 0.014604 0.032044 0.027429
v 0.014604 0.028755 0.025534
v 0.017993 0.016432 0.018276
v 0.017703 0.013733 0.017135
v 0.016212 0.007514 0.015379
v 0.013951 0.026442 0.025104
v 0.016131 0.027008 0.024462
v 0.014604 0.028755 0.025534
v 0.013073 0.027372 0.025728
v 0.014604 0.032044 0.027429
v 0.016835 0.022261 0.022001
v 0.012334 0.027745 0.025864
v 0.010064 0.032044 0.027429
v 0.011589 0.027489 0.025771
v 0.010064 0.040104 0.030362
v 0.014604 0.040141 0.030376
v 0.010064 0.028755 0.025534
v 0.010717 0.026736 0.025211
v 0.008537 0.027008 0.024462
v 0.007833 0.022261 0.022001
v 0.010064 0.040104 0.030362
v 0.014604 0.040141 0.030376
v 0.012334 0.043929 0.029703
v 0.015518 0.043929 0.029703
v 0.008853 0.043929 0.029703
v 0.006350 0.040865 0.025544
v 0.000399 0.044861 0.026998
v 0.000399 0.043666 0.027751
v 0.006820 0.037438 0.027291
v 0.000399 0.041531 0.028781
v 0.012334 0.043929 0.029703
v 0.015518 0.043929 0.029703
v 0.015305 0.045108 0.029941
v 0.009363 0.045108 0.029941
v 0.008853 0.043929 0.029703
v 0.007055 0.017512 0.019018
v 0.008457 0.007514 0.015379
v 0.007833 0.022261 0.022001
v 0.006931 0.022594 0.021087
v 0.008537 0.027008 0.024462
v 0.007011 0.029749 0.023974
v 0.010064 0.032044 0.027429
v 0.010064 0.028755 0.025534
v 0.006820 0.037438 0.027291
v 0.010064 0.040104 0.030362
v 0.007011 0.029749 0.023974
v 0.008853 0.043929 0.029703
v 0.006350 0.040865 0.025544
v 0.006350 0.045751 0.024699
v 0.006779 0.038788 0.024788
v 0.006868 0.039893 0.022743
v 0.018247 0.044856 0.027199
v 0.018406 0.039747 0.024925
v 0.020993 0.039747 0.024925
v 0.019243 0.044106 0.026116
v 0.020703 0.040895 0.021772
v 0.018843 0.045126 0.023312
v 0.018233 0.045764 0.024704
v 0.019482 0.041633 0.019743
v 0.017549 0.046104 0.020626
v 0.017526 0.042107 0.018440
v 0.015263 0.047524 0.019868
v 0.015424 0.042312 0.017878
v 0.009321 0.047524 0.019868
v 0.009363 0.048628 0.020270
v 0.015305 0.048628 0.020270
v 0.015263 0.047524 0.019868
v 0.015424 0.042312 0.017878
v 0.008645 0.042292 0.018058
v 0.015675 0.039095 0.017215
v 0.008645 0.042292 0.018058
v 0.008792 0.041846 0.018905
v 0.006779 0.038788 0.024788
v 0.006868 0.039893 0.022743
v 0.017681 0.046868 0.025105
v 0.018276 0.046868 0.025105
v 0.015305 0.048628 0.020270
v 0.015008 0.048452 0.020754
v 0.015305 0.045108 0.029941
v 0.015008 0.045284 0.029457
v 0.009660 0.048452 0.020754
v 0.009363 0.048628 0.020270
v 0.006987 0.046868 0.025105
v 0.006393 0.046868 0.025105
v 0.009660 0.045284 0.029457
v 0.009363 0.045108 0.029941
v 0.015263 0.047524 0.019868
v 0.015305 0.048628 0.020270
v 0.018276 0.046868 0.025105
v 0.018233 0.045764 0.024704
v 0.006779 0.038788 0.024788
v 0.000399 0.042816 0.026254
v 0.000399 0.044861 0.026998
v 0.006350 0.040865 0.025544
v 0.004992 0.031927 0.022291
v 0.006779 0.034711 0.023304
v 0.000399 0.031927 0.022291
v 0.004992 0.006961 0.013204
v 0.000399 0.011222 0.014755
v 0.000399 -0.005661 0.008610
v 0.004992 -0.005661 0.008610
v 0.006556 0.005827 0.012791
v -0.005981 0.038788 0.024788
v -0.005552 0.040865 0.025544
v -0.004194 0.006961 0.013204
v -0.004194 0.031927 0.022291
v -0.005981 0.034711 0.023304
v -0.004194 -0.005661 0.008610
v 0.008088 -0.005661 0.008610
v 0.015419 -0.001995 0.009944
v 0.015419 0.005827 0.012791
v -0.005758 0.005827 0.012791
v -0.007289 -0.005661 0.008610
v -0.014620 -0.001995 0.009944
v -0.014620 0.005827 0.012791
v 0.014421 -0.004381 0.009076
v 0.008088 -0.005661 0.008610
v 0.012334 -0.008541 0.008128
v 0.008178 -0.011097 0.006984
v 0.012334 -0.009724 0.008286
v 0.008200 -0.012642 0.007087
v -0.013622 -0.004381 0.009076
v -0.007289 -0.005661 0.008610
v -0.011536 -0.008541 0.008128
v -0.007379 -0.011097 0.006984
v -0.011536 -0.009724 0.008286
v -0.007402 -0.012642 0.007087
v 0.015220 0.039068 0.017797
v 0.008792 0.041846 0.018905
v 0.008645 0.042292 0.018058
v 0.015675 0.039095 0.017215
v 0.008122 -0.006066 0.009724
v 0.005418 -0.006091 0.009791
v 0.008088 -0.005661 0.008610
v 0.004992 -0.005661 0.008610
v 0.000399 -0.005661 0.008610
v 0.000399 -0.006091 0.009791
v -0.004620 -0.006091 0.009791
v -0.004194 -0.005661 0.008610
v -0.007289 -0.005661 0.008610
v -0.007324 -0.006066 0.009724
v 0.028361 0.018888 0.015888
v 0.028361 0.022674 0.017383
v 0.028361 0.018582 0.016728
v 0.028361 0.015101 0.014394
v 0.028361 0.014649 0.015636
v 0.028361 0.008162 0.013599
v 0.028361 0.000560 0.009278
v 0.028361 0.000076 0.010609
v 0.028361 -0.004824 0.007374
v 0.018191 0.000699 0.008898
v 0.018198 0.014833 0.014922
v 0.018198 0.014955 0.014588
v 0.018198 0.000840 0.008510
v 0.018198 -0.006103 0.006030
v 0.015419 -0.001995 0.009944
v 0.014421 -0.004381 0.009076
v 0.015419 0.005827 0.012791
v 0.015419 0.018146 0.017275
v 0.012334 -0.008541 0.008128
v 0.018198 -0.009854 0.005424
v 0.012334 -0.009724 0.008286
v 0.018229 -0.012642 0.005517
v 0.018198 0.014833 0.014922
v 0.017957 0.018441 0.016466
v 0.017957 0.018539 0.016195
v 0.018198 0.014955 0.014588
v 0.015419 0.018146 0.017275
v 0.015419 0.036625 0.024001
v 0.018042 0.038868 0.027340
v 0.018042 0.029749 0.023974
v 0.015419 0.034711 0.023304
v 0.017957 0.022415 0.021579
v 0.015419 0.018146 0.017275
v 0.017957 0.017506 0.019034
v 0.017957 0.018441 0.016466
v 0.019482 0.041633 0.019743
v 0.020703 0.040895 0.021772
v 0.018406 0.039747 0.024925
v 0.017526 0.042107 0.018440
v 0.020993 0.039747 0.024925
v 0.015419 0.036625 0.024001
v 0.018042 0.038868 0.027340
v 0.015424 0.042312 0.017878
v 0.015675 0.039095 0.017215
v 0.015220 0.039068 0.017797
v 0.012334 -0.009724 0.008286
v 0.017415 -0.011776 0.006575
v 0.012334 -0.010001 0.009046
v 0.018229 -0.012642 0.005517
v 0.008088 -0.005661 0.008610
v 0.008178 -0.011097 0.006984
v 0.008200 -0.012642 0.007087
v 0.008122 -0.006066 0.009724
v 0.006616 0.006543 0.013510
v 0.007044 0.033700 0.023395
v 0.015020 0.033700 0.023395
v 0.015020 0.006543 0.013510
v 0.005391 0.031161 0.022471
v 0.005391 0.007595 0.013894
v 0.015419 0.034711 0.023304
v 0.006779 0.034711 0.023304
v 0.009315 0.038340 0.017787
v 0.014670 0.038371 0.017702
v 0.015220 0.039068 0.017797
v 0.014670 0.038371 0.017702
v 0.008792 0.041846 0.018905
v 0.009315 0.038340 0.017787
v 0.015419 0.036625 0.024001
v 0.015419 0.034711 0.023304
v 0.015220 0.039068 0.017797
v 0.014670 0.038371 0.017702
v 0.008792 0.041846 0.018905
v 0.009315 0.038340 0.017787
v 0.006779 0.034711 0.023304
v 0.006779 0.038788 0.024788
v 0.015419 0.018146 0.017275
v 0.015020 0.006543 0.013510
v 0.015020 0.033700 0.023395
v 0.015419 0.034711 0.023304
v 0.015419 0.005827 0.012791
v 0.006616 0.006543 0.013510
v 0.015020 0.006543 0.013510
v 0.015419 0.005827 0.012791
v 0.006556 0.005827 0.012791
v 0.007044 0.033700 0.023395
v 0.005391 0.031161 0.022471
v 0.004992 0.031927 0.022291
v 0.006779 0.034711 0.023304
v 0.015020 0.033700 0.023395
v 0.007044 0.033700 0.023395
v 0.006779 0.034711 0.023304
v 0.015419 0.034711 0.023304
v 0.005391 0.031161 0.022471
v 0.005391 0.007595 0.013894
v 0.004992 0.006961 0.013204
v 0.004992 0.031927 0.022291
v 0.005391 0.007595 0.013894
v 0.006616 0.006543 0.013510
v 0.006556 0.005827 0.012791
v 0.004992 0.006961 0.013204
v 0.009363 0.048628 0.020270
v 0.009321 0.047524 0.019868
v 0.006350 0.045751 0.024699
v 0.006393 0.046868 0.025105
v 0.008645 0.042292 0.018058
v 0.006868 0.039893 0.022743
v 0.006350 0.045751 0.024699
v 0.009321 0.047524 0.019868
v 0.021952 0.018404 0.017217
v 0.024126 0.024634 0.018282
v 0.021793 0.018851 0.015989
v 0.017957 0.018441 0.016466
v 0.017957 0.018539 0.016195
v 0.018952 0.018157 0.017570
v 0.017957 0.017506 0.019034
v 0.010654 0.002632 0.013255
v 0.012334 0.000664 0.012539
v 0.012334 0.003845 0.015603
v 0.014014 0.002632 0.013255
v 0.011726 0.005275 0.016320
v 0.012334 0.005303 0.016574
v 0.012942 0.005299 0.016255
v 0.013877 0.005294 0.015171
v 0.010791 0.005247 0.015302
v 0.009363 0.045108 0.029941
v 0.006393 0.046868 0.025105
v 0.006350 0.045751 0.024699
v 0.008853 0.043929 0.029703
v 0.010575 0.044742 0.027573
v 0.009660 0.045284 0.029457
v 0.015008 0.045284 0.029457
v 0.014093 0.044742 0.027573
v 0.006987 0.046868 0.025105
v 0.008816 0.045784 0.024711
v 0.009660 0.048452 0.020754
v 0.010575 0.046825 0.021848
v 0.015008 0.048452 0.020754
v 0.014093 0.046825 0.021848
v 0.017681 0.046868 0.025105
v 0.015852 0.045784 0.024711
v 0.012334 0.045784 0.024711
v -0.009124 0.004130 0.013800
v -0.007658 0.007514 0.015379
v -0.009097 0.005862 0.015282
v -0.008687 0.010791 0.018573
v -0.007035 0.022261 0.022001
v -0.010451 0.005776 0.016750
v -0.011536 0.005882 0.017326
v -0.011536 0.010436 0.019547
v -0.014385 0.010791 0.018573
v -0.011536 0.015487 0.022415
v -0.012621 0.005816 0.016641
v -0.013974 0.005941 0.015064
v -0.015413 0.007514 0.015379
v -0.016037 0.022261 0.022001
v -0.008505 0.015816 0.021511
v -0.008761 0.019912 0.023786
v -0.010431 0.019653 0.024500
v -0.011536 0.019866 0.024929
v -0.012641 0.019653 0.024500
v -0.012527 0.020349 0.024923
v -0.010544 0.020349 0.024923
v -0.009621 0.021693 0.024776
v -0.014311 0.019912 0.023786
v -0.014567 0.015816 0.021511
v -0.013451 0.021631 0.024754
v -0.011536 0.022513 0.024836
v -0.013381 0.024054 0.024987
v -0.012599 0.025051 0.025350
v -0.009690 0.024116 0.025009
v -0.010472 0.025051 0.025350
v -0.009919 0.026736 0.025211
v -0.011536 0.025601 0.025550
v -0.012073 0.026041 0.025836
v -0.011536 0.026332 0.025941
v -0.012275 0.027372 0.025728
v -0.011536 0.027745 0.025864
v -0.010791 0.027489 0.025771
v -0.010999 0.026041 0.025836
v -0.013153 0.026442 0.025104
v -0.017400 -0.006103 0.006030
v -0.019705 -0.007716 0.005915
v -0.027563 0.000560 0.009278
v -0.017400 0.000840 0.008510
v -0.027563 -0.004824 0.007374
v -0.023180 -0.008239 0.006649
v -0.017400 -0.009854 0.005424
v -0.019705 -0.010983 0.006164
v -0.017430 -0.012642 0.005517
v -0.027563 0.015101 0.014394
v -0.017400 0.014955 0.014588
v -0.020994 0.018851 0.015989
v -0.027563 0.018888 0.015888
v -0.027563 0.022674 0.017383
v -0.023328 0.024634 0.018282
v -0.017158 0.018539 0.016195
v -0.019705 -0.010983 0.006164
v -0.019705 -0.007716 0.005915
v -0.014719 0.043929 0.029703
v -0.017448 0.044856 0.027199
v -0.017243 0.038868 0.027340
v -0.017608 0.039747 0.024925
v -0.013806 0.040141 0.030376
v -0.013806 0.032044 0.027429
v -0.017243 0.029749 0.023974
v -0.014507 0.045108 0.029941
v -0.017448 0.044856 0.027199
v -0.017477 0.046868 0.025105
v -0.017435 0.045764 0.024704
v -0.016037 0.022261 0.022001
v -0.015333 0.027008 0.024462
v -0.017159 0.022415 0.021579
v -0.017158 0.017506 0.019034
v -0.017194 0.016432 0.018276
v -0.016905 0.013733 0.017135
v -0.013806 0.032044 0.027429
v -0.013806 0.028755 0.025534
v -0.015413 0.007514 0.015379
v -0.015333 0.027008 0.024462
v -0.013153 0.026442 0.025104
v -0.013806 0.028755 0.025534
v -0.012275 0.027372 0.025728
v -0.013806 0.032044 0.027429
v -0.016037 0.022261 0.022001
v -0.011536 0.027745 0.025864
v -0.009266 0.032044 0.027429
v -0.010791 0.027489 0.025771
v -0.009266 0.028755 0.025534
v -0.009919 0.026736 0.025211
v -0.007739 0.027008 0.024462
v -0.007035 0.022261 0.022001
v -0.009266 0.040104 0.030362
v -0.013806 0.040141 0.030376
v -0.013806 0.040141 0.030376
v -0.009266 0.040104 0.030362
v -0.011536 0.043929 0.029703
v -0.014719 0.043929 0.029703
v -0.008054 0.043929 0.029703
v -0.014719 0.043929 0.029703
v -0.011536 0.043929 0.029703
v -0.014507 0.045108 0.029941
v -0.008565 0.045108 0.029941
v -0.008054 0.043929 0.029703
v -0.006257 0.017512 0.019018
v -0.006133 0.022594 0.021087
v -0.007035 0.022261 0.022001
v -0.007739 0.027008 0.024462
v -0.006213 0.029749 0.023974
v -0.009266 0.032044 0.027429
v -0.009266 0.028755 0.025534
v -0.007658 0.007514 0.015379
v -0.006022 0.037438 0.027291
v -0.009266 0.040104 0.030362
v -0.006213 0.029749 0.023974
v -0.008054 0.043929 0.029703
v -0.005552 0.040865 0.025544
v -0.005552 0.045751 0.024699
v -0.005981 0.038788 0.024788
v -0.006070 0.039893 0.022743
v -0.005552 0.040865 0.025544
v 0.000399 0.043666 0.027751
v 0.000399 0.044861 0.026998
v -0.006022 0.037438 0.027291
v 0.000399 0.041531 0.028781
v -0.017608 0.039747 0.024925
v -0.017448 0.044856 0.027199
v -0.020195 0.039747 0.024925
v -0.018444 0.044106 0.026116
v -0.019905 0.040895 0.021772
v -0.018045 0.045126 0.023312
v -0.017435 0.045764 0.024704
v -0.018684 0.041633 0.019743
v -0.016751 0.046104 0.020626
v -0.016728 0.042107 0.018440
v -0.014464 0.047524 0.019868
v -0.014626 0.042312 0.017878
v -0.008523 0.047524 0.019868
v -0.014464 0.047524 0.019868
v -0.014507 0.048628 0.020270
v -0.008565 0.048628 0.020270
v -0.014626 0.042312 0.017878
v -0.007847 0.042292 0.018058
v -0.014877 0.039095 0.017215
v -0.007847 0.042292 0.018058
v -0.006070 0.039893 0.022743
v -0.005981 0.038788 0.024788
v -0.007993 0.041846 0.018905
v -0.016883 0.046868 0.025105
v -0.014210 0.048452 0.020754
v -0.014507 0.048628 0.020270
v -0.017477 0.046868 0.025105
v -0.014507 0.045108 0.029941
v -0.014210 0.045284 0.029457
v -0.008862 0.048452 0.020754
v -0.008565 0.048628 0.020270
v -0.006188 0.046868 0.025105
v -0.005594 0.046868 0.025105
v -0.008862 0.045284 0.029457
v -0.008565 0.045108 0.029941
v -0.014464 0.047524 0.019868
v -0.017435 0.045764 0.024704
v -0.017477 0.046868 0.025105
v -0.014507 0.048628 0.020270
v -0.020994 0.018851 0.015989
v -0.017158 0.018441 0.016466
v -0.017158 0.018539 0.016195
v -0.021154 0.018404 0.017217
v -0.023328 0.024634 0.018282
v -0.018154 0.018157 0.017570
v -0.017158 0.017506 0.019034
v -0.014421 0.039068 0.017797
v -0.014877 0.039095 0.017215
v -0.007847 0.042292 0.018058
v -0.007993 0.041846 0.018905
v -0.027563 0.022674 0.017383
v -0.027563 0.018888 0.015888
v -0.027563 0.018582 0.016728
v -0.027563 0.015101 0.014394
v -0.027563 0.014649 0.015636
v -0.027563 0.008162 0.013599
v -0.027563 0.000560 0.009278
v -0.027563 0.000076 0.010609
v -0.027563 -0.004824 0.007374
v -0.017243 0.038868 0.027340
v -0.014620 0.036625 0.024001
v -0.017243 0.029749 0.023974
v -0.014620 0.034711 0.023304
v -0.017159 0.022415 0.021579
v -0.014620 0.018146 0.017275
v -0.017158 0.017506 0.019034
v -0.017158 0.018441 0.016466
v -0.019905 0.040895 0.021772
v -0.018684 0.041633 0.019743
v -0.017608 0.039747 0.024925
v -0.020195 0.039747 0.024925
v -0.016728 0.042107 0.018440
v -0.014620 0.036625 0.024001
v -0.017243 0.038868 0.027340
v -0.014626 0.042312 0.017878
v -0.014877 0.039095 0.017215
v -0.014421 0.039068 0.017797
v -0.016617 -0.011776 0.006575
v -0.011536 -0.009724 0.008286
v -0.011536 -0.010001 0.009046
v -0.017430 -0.012642 0.005517
v -0.007289 -0.005661 0.008610
v -0.007324 -0.006066 0.009724
v -0.007402 -0.012642 0.007087
v -0.007379 -0.011097 0.006984
v -0.007402 -0.012642 0.007087
v -0.011536 -0.010001 0.009046
v -0.011536 -0.009724 0.008286
v -0.006246 0.033700 0.023395
v -0.004593 0.031161 0.022471
v -0.005818 0.006543 0.013510
v -0.004593 0.007595 0.013894
v -0.014221 0.033700 0.023395
v -0.014221 0.006543 0.013510
v -0.014620 0.034711 0.023304
v -0.013871 0.038371 0.017702
v -0.008517 0.038340 0.017787
v -0.005981 0.034711 0.023304
v -0.008517 0.038340 0.017787
v -0.013871 0.038371 0.017702
v -0.007993 0.041846 0.018905
v -0.014421 0.039068 0.017797
v -0.013871 0.038371 0.017702
v -0.014620 0.034711 0.023304
v -0.014421 0.039068 0.017797
v -0.014620 0.036625 0.024001
v -0.005981 0.034711 0.023304
v -0.007993 0.041846 0.018905
v -0.005981 0.038788 0.024788
v -0.008517 0.038340 0.017787
v -0.014221 0.006543 0.013510
v -0.014620 0.018146 0.017275
v -0.014221 0.033700 0.023395
v -0.014620 0.034711 0.023304
v -0.014620 0.005827 0.012791
v -0.005818 0.006543 0.013510
v -0.005758 0.005827 0.012791
v -0.014620 0.005827 0.012791
v -0.014221 0.006543 0.013510
v -0.006246 0.033700 0.023395
v -0.005981 0.034711 0.023304
v -0.004194 0.031927 0.022291
v -0.004593 0.031161 0.022471
v -0.014221 0.033700 0.023395
v -0.014620 0.034711 0.023304
v -0.005981 0.034711 0.023304
v -0.006246 0.033700 0.023395
v -0.004593 0.031161 0.022471
v -0.004194 0.031927 0.022291
v -0.004194 0.006961 0.013204
v -0.004593 0.007595 0.013894
v -0.004593 0.007595 0.013894
v -0.004194 0.006961 0.013204
v -0.005758 0.005827 0.012791
v -0.005818 0.006543 0.013510
v -0.008565 0.048628 0.020270
v -0.005594 0.046868 0.025105
v -0.005552 0.045751 0.024699
v -0.008523 0.047524 0.019868
v -0.005552 0.045751 0.024699
v -0.007847 0.042292 0.018058
v -0.008523 0.047524 0.019868
v -0.006070 0.039893 0.022743
v -0.011536 0.005303 0.016574
v -0.012144 0.005299 0.016255
v -0.011536 0.003845 0.015603
v -0.010928 0.005275 0.016320
v -0.013216 0.002632 0.013255
v -0.011536 0.000664 0.012539
v -0.009856 0.002632 0.013255
v -0.009993 0.005247 0.015302
v -0.009787 0.005216 0.015385
v -0.010755 0.005236 0.016429
v -0.011536 0.005230 0.016775
v -0.012317 0.005264 0.016350
v -0.013079 0.005294 0.015171
v -0.013285 0.005270 0.015237
v -0.013948 0.004130 0.013800
v -0.013622 -0.004381 0.009076
v -0.017400 -0.006103 0.006030
v -0.014620 -0.001995 0.009944
v -0.017393 0.000699 0.008898
v -0.014620 0.005827 0.012791
v -0.017400 0.000840 0.008510
v -0.017400 0.014955 0.014588
v -0.017400 0.014833 0.014922
v -0.014620 0.018146 0.017275
v -0.011536 -0.008541 0.008128
v -0.017400 -0.009854 0.005424
v -0.011536 -0.009724 0.008286
v -0.017430 -0.012642 0.005517
v -0.008565 0.045108 0.029941
v -0.008054 0.043929 0.029703
v -0.005552 0.045751 0.024699
v -0.005594 0.046868 0.025105
v -0.009777 0.044742 0.027573
v -0.013295 0.044742 0.027573
v -0.014210 0.045284 0.029457
v -0.008862 0.045284 0.029457
v -0.006188 0.046868 0.025105
v -0.008018 0.045784 0.024711
v -0.008862 0.048452 0.020754
v -0.009777 0.046825 0.021848
v -0.014210 0.048452 0.020754
v -0.013295 0.046825 0.021848
v -0.016883 0.046868 0.025105
v -0.015054 0.045784 0.024711
v -0.011536 0.045784 0.024711
v 0.004416 -0.007509 0.010781
v 0.002528 -0.005322 0.012996
v 0.000399 -0.009596 0.008274
v 0.000399 -0.004210 0.013844
v -0.001730 -0.005322 0.012996
v -0.003618 -0.007509 0.010781
v -0.004608 -0.009596 0.008274
v 0.005406 -0.009596 0.008274
v 0.005418 -0.006091 0.009791
v 0.000399 -0.009596 0.008274
v 0.000399 -0.006091 0.009791
v -0.004620 -0.006091 0.009791
v -0.004608 -0.009596 0.008274
v 0.005406 -0.009596 0.008274
v 0.012334 -0.009724 0.008286
v 0.012334 -0.010001 0.009046
v 0.008200 -0.012642 0.007087
v -0.017158 0.018441 0.016466
v -0.014620 0.018146 0.017275
v -0.017400 0.014833 0.014922
v -0.017158 0.018539 0.016195
v -0.017400 0.014955 0.014588
v 0.009922 0.004130 0.013800
v 0.018027 -0.014970 0.000775
v 0.014317 -0.007740 0.000987
v 0.018500 -0.010765 0.001801
v 0.015675 -0.003935 0.002500
v 0.016277 -0.015259 -0.000348
v 0.017874 -0.017574 0.000185
v 0.016199 -0.017582 -0.001431
v 0.012709 -0.015312 -0.002657
v 0.010651 -0.018233 -0.003504
v 0.009343 -0.008136 -0.000483
v 0.008939 -0.019288 -0.002150
v 0.008350 -0.017723 -0.000687
v 0.006579 -0.007257 0.002449
v 0.006556 0.000465 0.002671
v 0.006948 -0.013826 0.001299
v 0.007193 -0.018199 0.000515
v 0.008452 -0.019623 -0.001622
v 0.008350 -0.020997 0.000849
v 0.008506 -0.018600 0.001722
v 0.008452 -0.022470 -0.002658
v 0.008350 -0.022262 0.004256
v 0.008299 -0.024966 0.001918
v 0.008452 -0.019623 -0.001622
v 0.008452 -0.022470 -0.002658
v 0.009433 -0.021788 -0.003141
v 0.008939 -0.019288 -0.002150
v 0.010651 -0.018233 -0.003504
v 0.010651 -0.020987 -0.003699
v 0.013733 -0.020528 -0.002405
v 0.016199 -0.017582 -0.001431
v 0.016306 -0.020353 -0.001296
v 0.017184 -0.020551 -0.000272
v 0.017874 -0.017574 0.000185
v 0.010405 -0.024389 0.002279
v 0.012059 -0.024432 0.003493
v 0.008299 -0.024966 0.001918
v 0.008974 -0.024530 0.001564
v 0.012059 -0.024080 0.002832
v 0.013366 -0.023618 0.002862
v 0.008974 -0.023544 -0.000286
v 0.008452 -0.022470 -0.002658
v 0.008974 -0.022656 -0.001951
v 0.009809 -0.021938 -0.002551
v 0.013366 -0.023912 0.003413
v 0.016306 -0.022676 0.003109
v 0.015887 -0.022590 0.002663
v 0.016553 -0.022006 0.002024
v 0.017184 -0.021934 0.002320
v 0.016553 -0.021441 0.000965
v 0.017184 -0.020551 -0.000272
v 0.016553 -0.020971 0.000083
v 0.016306 -0.020353 -0.001296
v 0.015887 -0.020823 -0.000702
v 0.013528 -0.020880 -0.001887
v 0.013733 -0.020528 -0.002405
v 0.010651 -0.020987 -0.003699
v 0.009433 -0.021788 -0.003141
v 0.010651 -0.021332 -0.003021
v 0.008350 -0.022262 0.004256
v 0.012059 -0.024432 0.003493
v 0.011959 -0.020961 0.005808
v 0.008299 -0.024966 0.001918
v 0.013538 -0.021809 0.005089
v 0.013366 -0.023912 0.003413
v 0.016306 -0.022676 0.003109
v 0.016920 -0.019186 0.004634
v 0.017959 -0.018711 0.003308
v 0.014941 -0.019209 0.005671
v 0.017184 -0.021934 0.002320
v 0.008350 -0.022262 0.004256
v 0.008751 -0.019415 0.005433
v 0.008506 -0.019305 0.004140
v 0.008200 -0.012642 0.007087
v 0.011959 -0.020961 0.005808
v 0.011959 -0.018201 0.007140
v 0.013538 -0.021809 0.005089
v 0.013538 -0.018944 0.006496
v 0.014877 -0.016612 0.006912
v 0.012334 -0.014684 0.008648
v 0.016555 -0.013971 0.006688
v 0.012334 -0.013019 0.009093
v 0.017415 -0.011776 0.006575
v 0.008967 -0.014119 0.007094
v 0.014941 -0.019209 0.005671
v 0.016920 -0.016553 0.005593
v 0.018229 -0.012642 0.005517
v 0.016920 -0.019186 0.004634
v 0.018076 -0.016121 0.004251
v 0.017959 -0.018711 0.003308
v 0.012334 -0.010001 0.009046
v 0.009148 -0.019344 0.000986
v 0.010921 -0.019028 -0.000492
v 0.011098 -0.019793 0.001361
v 0.009148 -0.019764 0.002140
v 0.011276 -0.020558 0.003215
v 0.015276 -0.019261 0.002332
v 0.015276 -0.018813 0.001102
v 0.008506 -0.018600 0.001722
v 0.008350 -0.020997 0.000849
v 0.008350 -0.022262 0.004256
v 0.008506 -0.019305 0.004140
v 0.008136 -0.011124 0.005266
v 0.008200 -0.012642 0.007087
v 0.006556 -0.001528 0.010114
v 0.011575 -0.004640 0.008982
v 0.006556 -0.001277 0.009426
v 0.015675 -0.001499 0.010125
v 0.015675 -0.001479 0.004097
v 0.006556 0.000465 0.002671
v 0.015675 -0.003935 0.002500
v 0.009343 -0.008136 -0.000483
v 0.014317 -0.007740 0.000987
v 0.006556 -0.001277 0.009426
v 0.017415 -0.011776 0.006575
v 0.008200 -0.012642 0.007087
v 0.012334 -0.010001 0.009046
v 0.016871 -0.008990 0.003050
v 0.015675 -0.001479 0.004097
v 0.015675 -0.001499 0.010125
v 0.016982 -0.009560 0.005810
v 0.015675 -0.003935 0.002500
v 0.018500 -0.010765 0.001801
v 0.017184 -0.021934 0.002320
v 0.017916 -0.018174 0.001835
v 0.017959 -0.018711 0.003308
v 0.017184 -0.020551 -0.000272
v 0.017874 -0.017574 0.000185
v 0.017916 -0.018174 0.001835
v 0.018027 -0.014970 0.000775
v 0.018076 -0.016121 0.004251
v 0.017874 -0.017574 0.000185
v 0.018500 -0.010765 0.001801
v 0.018229 -0.012642 0.005517
v 0.017934 -0.008990 0.003050
v 0.018198 -0.009854 0.005424
v 0.017959 -0.018711 0.003308
v 0.009809 -0.021938 -0.002551
v 0.010651 -0.021332 -0.003021
v 0.010921 -0.019028 -0.000492
v 0.009148 -0.019344 0.000986
v 0.008974 -0.022656 -0.001951
v 0.008974 -0.023544 -0.000286
v 0.008974 -0.022656 -0.001951
v 0.009148 -0.019344 0.000986
v 0.009148 -0.019764 0.002140
v 0.008974 -0.024530 0.001564
v 0.010405 -0.024389 0.002279
v 0.008974 -0.024530 0.001564
v 0.009148 -0.019764 0.002140
v 0.011276 -0.020558 0.003215
v 0.012059 -0.024080 0.002832
v 0.013366 -0.023618 0.002862
v 0.012059 -0.024080 0.002832
v 0.011276 -0.020558 0.003215
v 0.015276 -0.019261 0.002332
v 0.015887 -0.022590 0.002663
v 0.016553 -0.022006 0.002024
v 0.016553 -0.021441 0.000965
v 0.016553 -0.022006 0.002024
v 0.015276 -0.019261 0.002332
v 0.015276 -0.018813 0.001102
v 0.016553 -0.020971 0.000083
v 0.013528 -0.020880 -0.001887
v 0.015887 -0.020823 -0.000702
v 0.015276 -0.018813 0.001102
v 0.010921 -0.019028 -0.000492
v 0.010651 -0.021332 -0.003021
v 0.016553 -0.020971 0.000083
v 0.006556 -0.001528 0.010114
v 0.004710 -0.006872 0.007837
v 0.008136 -0.007685 0.007541
v 0.000399 -0.001528 0.010114
v 0.000399 -0.006872 0.007837
v 0.000399 -0.013618 0.003293
v 0.003141 -0.014644 0.002986
v 0.008136 -0.011124 0.005266
v 0.008506 -0.018600 0.001722
v 0.011575 -0.004640 0.008982
v 0.008136 -0.011124 0.005266
v 0.007500 -0.018633 0.001710
v 0.016982 -0.009560 0.005810
v 0.015675 -0.001499 0.010125
v -0.003912 -0.006872 0.007837
v -0.005758 -0.001528 0.010114
v -0.007338 -0.007685 0.007541
v -0.002343 -0.014644 0.002986
v -0.007338 -0.011124 0.005266
v -0.007707 -0.018600 0.001722
v -0.010777 -0.004640 0.008982
v -0.007338 -0.011124 0.005266
v -0.006702 -0.018633 0.001710
v -0.016184 -0.009560 0.005810
v -0.014877 -0.001499 0.010125
v 0.000399 -0.001277 0.009426
v 0.000399 -0.001528 0.010114
v 0.006556 -0.001528 0.010114
v 0.006556 -0.001277 0.009426
v -0.005758 -0.001528 0.010114
v -0.005758 -0.001277 0.009426
v 0.006948 -0.013826 0.001299
v 0.003141 -0.014644 0.002986
v 0.000399 -0.013618 0.003293
v 0.000399 -0.013826 0.001299
v -0.006149 -0.013826 0.001299
v -0.002343 -0.014644 0.002986
v 0.006948 -0.013826 0.001299
v 0.007500 -0.018633 0.001710
v 0.003141 -0.014644 0.002986
v 0.007500 -0.018633 0.001710
v 0.008350 -0.017723 -0.000687
v 0.008506 -0.018600 0.001722
v 0.007193 -0.018199 0.000515
v 0.006556 0.000465 0.002671
v 0.006579 -0.007257 0.002449
v 0.006556 -0.001277 0.009426
v 0.006948 -0.013826 0.001299
v 0.015675 -0.001499 0.010125
v 0.006556 -0.001277 0.009426
v 0.011575 -0.004640 0.008982
v 0.017415 -0.011776 0.006575
v 0.008136 -0.011124 0.005266
v 0.008200 -0.012642 0.007087
v 0.016982 -0.009560 0.005810
v 0.017415 -0.011776 0.006575
v 0.018229 -0.012642 0.005517
v 0.018198 -0.009854 0.005424
v 0.016982 -0.009560 0.005810
v 0.018198 -0.009854 0.005424
v 0.017934 -0.008990 0.003050
v 0.016871 -0.008990 0.003050
v 0.016982 -0.009560 0.005810
v 0.018500 -0.010765 0.001801
v 0.000399 -0.001277 0.009426
v 0.006556 -0.001277 0.009426
v 0.006948 -0.013826 0.001299
v 0.000399 -0.013826 0.001299
v -0.006149 -0.013826 0.001299
v -0.005758 -0.001277 0.009426
v 0.006948 -0.013826 0.001299
v 0.007193 -0.018199 0.000515
v 0.007500 -0.018633 0.001710
v -0.013519 -0.007740 0.000987
v -0.017228 -0.014970 0.000775
v -0.017701 -0.010765 0.001801
v -0.014877 -0.003935 0.002500
v -0.015479 -0.015259 -0.000348
v -0.017075 -0.017574 0.000185
v -0.015401 -0.017582 -0.001431
v -0.011911 -0.015312 -0.002657
v -0.009853 -0.018233 -0.003504
v -0.008545 -0.008136 -0.000483
v -0.008141 -0.019288 -0.002150
v -0.007552 -0.017723 -0.000687
v -0.005781 -0.007257 0.002449
v -0.005758 0.000465 0.002671
v -0.006149 -0.013826 0.001299
v -0.006395 -0.018199 0.000515
v -0.007654 -0.019623 -0.001622
v -0.007552 -0.020997 0.000849
v -0.007707 -0.018600 0.001722
v -0.007654 -0.022470 -0.002658
v -0.007552 -0.022262 0.004256
v -0.007501 -0.024966 0.001918
v -0.007654 -0.022470 -0.002658
v -0.007654 -0.019623 -0.001622
v -0.008634 -0.021788 -0.003141
v -0.008141 -0.019288 -0.002150
v -0.009853 -0.018233 -0.003504
v -0.009853 -0.020987 -0.003699
v -0.012935 -0.020528 -0.002405
v -0.015401 -0.017582 -0.001431
v -0.015508 -0.020353 -0.001296
v -0.016386 -0.020551 -0.000272
v -0.017075 -0.017574 0.000185
v -0.011261 -0.024432 0.003493
v -0.009607 -0.024389 0.002279
v -0.007501 -0.024966 0.001918
v -0.008176 -0.024530 0.001564
v -0.011261 -0.024080 0.002832
v -0.012567 -0.023618 0.002862
v -0.008176 -0.023544 -0.000286
v -0.007654 -0.022470 -0.002658
v -0.008176 -0.022656 -0.001951
v -0.009011 -0.021938 -0.002551
v -0.012567 -0.023912 0.003413
v -0.015508 -0.022676 0.003109
v -0.015089 -0.022590 0.002663
v -0.015755 -0.022006 0.002024
v -0.016386 -0.021934 0.002320
v -0.015755 -0.021441 0.000965
v -0.016386 -0.020551 -0.000272
v -0.015755 -0.020971 0.000083
v -0.015508 -0.020353 -0.001296
v -0.015089 -0.020823 -0.000702
v -0.012729 -0.020880 -0.001887
v -0.012935 -0.020528 -0.002405
v -0.009853 -0.020987 -0.003699
v -0.008634 -0.021788 -0.003141
v -0.009853 -0.021332 -0.003021
v -0.011261 -0.024432 0.003493
v -0.007552 -0.022262 0.004256
v -0.011160 -0.020961 0.005808
v -0.007501 -0.024966 0.001918
v -0.012740 -0.021809 0.005089
v -0.012567 -0.023912 0.003413
v -0.015508 -0.022676 0.003109
v -0.016121 -0.019186 0.004634
v -0.017161 -0.018711 0.003308
v -0.014142 -0.019209 0.005671
v -0.016386 -0.021934 0.002320
v -0.007953 -0.019415 0.005433
v -0.007552 -0.022262 0.004256
v -0.007707 -0.019305 0.004140
v -0.007402 -0.012642 0.007087
v -0.011160 -0.020961 0.005808
v -0.011160 -0.018201 0.007140
v -0.012740 -0.021809 0.005089
v -0.012740 -0.018944 0.006496
v -0.014079 -0.016612 0.006912
v -0.011536 -0.014684 0.008648
v -0.015757 -0.013971 0.006688
v -0.011536 -0.013019 0.009093
v -0.016617 -0.011776 0.006575
v -0.008169 -0.014119 0.007094
v -0.014142 -0.019209 0.005671
v -0.016121 -0.016553 0.005593
v -0.017430 -0.012642 0.005517
v -0.016121 -0.019186 0.004634
v -0.017278 -0.016121 0.004251
v -0.017161 -0.018711 0.003308
v -0.011536 -0.010001 0.009046
v -0.010122 -0.019028 -0.000492
v -0.008350 -0.019344 0.000986
v -0.010300 -0.019793 0.001361
v -0.008350 -0.019764 0.002140
v -0.010478 -0.020558 0.003215
v -0.014478 -0.019261 0.002332
v -0.014478 -0.018813 0.001102
v -0.007707 -0.018600 0.001722
v -0.007707 -0.019305 0.004140
v -0.007552 -0.022262 0.004256
v -0.007552 -0.020997 0.000849
v -0.007338 -0.011124 0.005266
v -0.007402 -0.012642 0.007087
v -0.010777 -0.004640 0.008982
v -0.005758 -0.001528 0.010114
v -0.005758 -0.001277 0.009426
v -0.014877 -0.001479 0.004097
v -0.014877 -0.001499 0.010125
v -0.005758 0.000465 0.002671
v -0.014877 -0.003935 0.002500
v -0.008545 -0.008136 -0.000483
v -0.013519 -0.007740 0.000987
v -0.005758 -0.001277 0.009426
v -0.007402 -0.012642 0.007087
v -0.016617 -0.011776 0.006575
v -0.011536 -0.010001 0.009046
v -0.016072 -0.008990 0.003050
v -0.016184 -0.009560 0.005810
v -0.014877 -0.001499 0.010125
v -0.014877 -0.001479 0.004097
v -0.014877 -0.003935 0.002500
v -0.017701 -0.010765 0.001801
v -0.017118 -0.018174 0.001835
v -0.016386 -0.021934 0.002320
v -0.017161 -0.018711 0.003308
v -0.016386 -0.020551 -0.000272
v -0.017075 -0.017574 0.000185
v -0.017118 -0.018174 0.001835
v -0.017161 -0.018711 0.003308
v -0.017278 -0.016121 0.004251
v -0.017228 -0.014970 0.000775
v -0.017075 -0.017574 0.000185
v -0.017701 -0.010765 0.001801
v -0.017430 -0.012642 0.005517
v -0.017135 -0.008990 0.003050
v -0.017400 -0.009854 0.005424
v -0.009853 -0.021332 -0.003021
v -0.009011 -0.021938 -0.002551
v -0.010122 -0.019028 -0.000492
v -0.008350 -0.019344 0.000986
v -0.008176 -0.022656 -0.001951
v -0.008176 -0.022656 -0.001951
v -0.008176 -0.023544 -0.000286
v -0.008350 -0.019344 0.000986
v -0.008350 -0.019764 0.002140
v -0.008176 -0.024530 0.001564
v -0.008176 -0.024530 0.001564
v -0.009607 -0.024389 0.002279
v -0.008350 -0.019764 0.002140
v -0.010478 -0.020558 0.003215
v -0.011261 -0.024080 0.002832
v -0.011261 -0.024080 0.002832
v -0.012567 -0.023618 0.002862
v -0.010478 -0.020558 0.003215
v -0.014478 -0.019261 0.002332
v -0.015089 -0.022590 0.002663
v -0.015755 -0.022006 0.002024
v -0.015755 -0.022006 0.002024
v -0.015755 -0.021441 0.000965
v -0.014478 -0.019261 0.002332
v -0.014478 -0.018813 0.001102
v -0.015755 -0.020971 0.000083
v -0.015089 -0.020823 -0.000702
v -0.012729 -0.020880 -0.001887
v -0.014478 -0.018813 0.001102
v -0.010122 -0.019028 -0.000492
v -0.009853 -0.021332 -0.003021
v -0.015755 -0.020971 0.000083
v -0.006702 -0.018633 0.001710
v -0.006149 -0.013826 0.001299
v -0.002343 -0.014644 0.002986
v -0.007552 -0.017723 -0.000687
v -0.006702 -0.018633 0.001710
v -0.007707 -0.018600 0.001722
v -0.006395 -0.018199 0.000515
v -0.005781 -0.007257 0.002449
v -0.005758 0.000465 0.002671
v -0.005758 -0.001277 0.009426
v -0.006149 -0.013826 0.001299
v -0.005758 -0.001277 0.009426
v -0.014877 -0.001499 0.010125
v -0.010777 -0.004640 0.008982
v -0.007338 -0.011124 0.005266
v -0.016617 -0.011776 0.006575
v -0.007402 -0.012642 0.007087
v -0.016184 -0.009560 0.005810
v -0.017430 -0.012642 0.005517
v -0.016617 -0.011776 0.006575
v -0.017400 -0.009854 0.005424
v -0.016184 -0.009560 0.005810
v -0.017400 -0.009854 0.005424
v -0.016184 -0.009560 0.005810
v -0.016072 -0.008990 0.003050
v -0.017135 -0.008990 0.003050
v -0.017701 -0.010765 0.001801
v -0.006395 -0.018199 0.000515
v -0.006149 -0.013826 0.001299
v -0.006702 -0.018633 0.001710
v 0.015554 -0.013458 0.000472
v 0.018806 -0.012764 -0.001928
v 0.015500 -0.017868 -0.000439
v 0.020803 -0.012000 -0.003030
v 0.019763 -0.010351 -0.001501
v 0.016158 -0.009050 0.002183
v 0.019763 -0.010351 -0.001501
v 0.019178 -0.012915 -0.001510
v 0.020803 -0.012000 -0.003030
v 0.016158 -0.009050 0.002183
v 0.016151 -0.013702 0.001141
v 0.015500 -0.017868 -0.000439
v -0.018008 -0.012764 -0.001928
v -0.014756 -0.013458 0.000472
v -0.014702 -0.017868 -0.000439
v -0.020004 -0.012000 -0.003030
v -0.018965 -0.010351 -0.001501
v -0.015360 -0.009050 0.002183
v -0.018380 -0.012915 -0.001510
v -0.018965 -0.010351 -0.001501
v -0.020004 -0.012000 -0.003030
v -0.015360 -0.009050 0.002183
v -0.015353 -0.013702 0.001141
v -0.014702 -0.017868 -0.000439
v 0.008122 -0.006066 0.009724
v 0.008200 -0.012642 0.007087
v 0.008506 -0.019305 0.004140
v 0.008506 -0.018600 0.001722
v 0.006579 -0.007257 0.002449
v 0.007500 -0.018633 0.001710
v 0.008506 -0.018600 0.001722
v 0.008506 -0.019305 0.004140
v 0.007500 -0.019478 0.004133
v 0.004768 -0.007066 0.001924
v 0.005418 -0.006091 0.009791
v 0.008122 -0.006066 0.009724
v 0.006579 -0.007257 0.002449
v 0.004907 -0.023815 -0.001170
v 0.005372 -0.024934 0.002007
v 0.005406 -0.009596 0.008274
v 0.004768 -0.007066 0.001924
v 0.005418 -0.006091 0.009791
v 0.007500 -0.024033 -0.000519
v 0.007500 -0.024949 0.002048
v 0.005372 -0.024934 0.002007
v 0.004907 -0.023815 -0.001170
v 0.008200 -0.012642 0.007087
v 0.008122 -0.006066 0.009724
v 0.005418 -0.006091 0.009791
v 0.005406 -0.009596 0.008274
v 0.007500 -0.019478 0.004133
v 0.008506 -0.019305 0.004140
v 0.005372 -0.024934 0.002007
v 0.007500 -0.024949 0.002048
v 0.006579 -0.007257 0.002449
v 0.008506 -0.018600 0.001722
v 0.007500 -0.018633 0.001710
v 0.006579 -0.007257 0.002449
v 0.007500 -0.018633 0.001710
v 0.007500 -0.024033 -0.000519
v 0.007500 -0.019478 0.004133
v 0.007500 -0.024949 0.002048
v 0.007500 -0.024033 -0.000519
v 0.004907 -0.023815 -0.001170
v 0.004768 -0.007066 0.001924
v 0.006579 -0.007257 0.002449
v -0.007324 -0.006066 0.009724
v -0.007707 -0.018600 0.001722
v -0.007707 -0.019305 0.004140
v -0.007402 -0.012642 0.007087
v -0.005781 -0.007257 0.002449
v -0.006702 -0.018633 0.001710
v -0.006702 -0.019478 0.004133
v -0.007707 -0.019305 0.004140
v -0.007707 -0.018600 0.001722
v -0.004620 -0.006091 0.009791
v -0.003970 -0.007066 0.001924
v -0.007324 -0.006066 0.009724
v -0.005781 -0.007257 0.002449
v -0.004573 -0.024934 0.002007
v -0.004109 -0.023815 -0.001170
v -0.004608 -0.009596 0.008274
v -0.003970 -0.007066 0.001924
v -0.004620 -0.006091 0.009791
v -0.006702 -0.024033 -0.000519
v -0.004109 -0.023815 -0.001170
v -0.004573 -0.024934 0.002007
v -0.006702 -0.024949 0.002048
v -0.007324 -0.006066 0.009724
v -0.007402 -0.012642 0.007087
v -0.004620 -0.006091 0.009791
v -0.004608 -0.009596 0.008274
v -0.006702 -0.019478 0.004133
v -0.007707 -0.019305 0.004140
v -0.004573 -0.024934 0.002007
v -0.006702 -0.024949 0.002048
v -0.007707 -0.018600 0.001722
v -0.005781 -0.007257 0.002449
v -0.006702 -0.018633 0.001710
v -0.006702 -0.018633 0.001710
v -0.005781 -0.007257 0.002449
v -0.006702 -0.024033 -0.000519
v -0.006702 -0.019478 0.004133
v -0.006702 -0.024949 0.002048
v -0.006702 -0.024033 -0.000519
v -0.005781 -0.007257 0.002449
v -0.003970 -0.007066 0.001924
v -0.004109 -0.023815 -0.001170
v 0.005063 -0.030321 -0.002259
v 0.003835 -0.029725 -0.002068
v 0.004907 -0.023815 -0.001170
v 0.002071 -0.023732 -0.001398
v 0.002183 -0.028605 -0.002167
v 0.002528 -0.016092 0.009092
v 0.000399 -0.013645 0.010750
v 0.000399 -0.016350 0.010112
v 0.001833 -0.019645 0.008990
v 0.003037 -0.021348 0.007925
v 0.000399 -0.018639 0.009579
v 0.004434 -0.019814 0.006776
v 0.003822 -0.023605 0.006559
v 0.004456 -0.026033 0.005026
v 0.005944 -0.025549 0.003697
v 0.007500 -0.019478 0.004133
v 0.005406 -0.009596 0.008274
v 0.004821 -0.032036 0.001959
v 0.005982 -0.031377 0.000565
v 0.007500 -0.024949 0.002048
v 0.005982 -0.031377 0.000565
v 0.006821 -0.030867 -0.000736
v 0.002528 -0.005323 0.012996
v 0.004416 -0.007509 0.010781
v 0.001833 -0.019645 0.008990
v 0.000399 -0.020558 0.009297
v 0.001146 -0.022967 0.008392
v 0.000399 -0.025651 0.008554
v 0.001749 -0.025435 0.007960
v 0.001220 -0.032301 0.006398
v 0.003037 -0.021348 0.007925
v 0.003822 -0.023605 0.006559
v 0.002950 -0.034598 0.004471
v 0.000830 -0.034917 0.006307
v 0.004456 -0.026033 0.005026
v 0.004018 -0.032950 0.003177
v 0.004821 -0.032036 0.001959
v -0.000348 -0.022967 0.008392
v 0.000399 -0.030284 0.007441
v 0.001102 -0.036481 0.005956
v 0.000399 -0.036844 0.006161
v 0.000399 -0.035096 0.006394
v 0.000741 -0.031378 0.008497
v 0.000614 -0.026004 0.014882
v 0.000399 -0.025974 0.015605
v 0.000399 -0.034467 0.006782
v 0.000849 -0.032258 0.007150
v 0.000399 -0.031306 0.007875
v 0.000399 -0.031484 0.007453
v 0.000399 -0.026001 0.014207
v 0.000399 -0.029126 0.009900
v 0.000399 -0.030784 0.008539
v 0.000830 -0.034917 0.006307
v 0.000399 -0.034467 0.006782
v 0.000399 -0.035096 0.006394
v 0.000849 -0.032258 0.007150
v 0.001220 -0.032301 0.006398
v 0.000399 -0.030284 0.007441
v 0.000399 -0.031484 0.007453
v -0.000031 -0.034917 0.006307
v -0.000050 -0.032258 0.007150
v -0.000422 -0.032301 0.006398
v 0.000399 -0.030284 0.007441
v 0.000399 -0.031484 0.007453
v 0.000399 -0.004210 0.013844
v -0.001730 -0.005323 0.012996
v -0.001730 -0.016092 0.009092
v -0.001035 -0.019645 0.008990
v -0.002239 -0.021348 0.007925
v -0.003636 -0.019814 0.006776
v -0.003024 -0.023605 0.006559
v -0.003657 -0.026033 0.005026
v -0.005145 -0.025549 0.003697
v -0.006702 -0.019478 0.004133
v -0.004608 -0.009596 0.008274
v -0.003618 -0.007509 0.010781
v -0.004023 -0.032036 0.001959
v -0.005184 -0.031377 0.000565
v -0.006702 -0.024949 0.002048
v -0.005184 -0.031377 0.000565
v -0.006023 -0.030867 -0.000736
v 0.002159 -0.027595 -0.000514
v 0.003200 -0.030631 0.002242
v 0.000399 -0.026611 -0.000156
v 0.000399 -0.027326 0.004270
v 0.004018 -0.032950 0.003177
v 0.004821 -0.032036 0.001959
v 0.003880 -0.031808 0.001811
v 0.003537 -0.030385 -0.000980
v 0.002183 -0.028605 -0.002167
v 0.003835 -0.029725 -0.002068
v 0.002950 -0.034598 0.004471
v 0.000399 -0.033289 0.005502
v 0.001102 -0.036481 0.005956
v -0.002152 -0.034598 0.004471
v -0.000303 -0.036481 0.005956
v -0.002402 -0.030631 0.002242
v -0.001361 -0.027595 -0.000514
v -0.003219 -0.032950 0.003177
v -0.004023 -0.032036 0.001959
v -0.003082 -0.031808 0.001811
v -0.002739 -0.030385 -0.000980
v -0.001385 -0.028605 -0.002167
v -0.003036 -0.029725 -0.002068
v 0.000399 -0.036844 0.006161
v 0.002020 -0.005909 0.012582
v 0.000399 -0.010828 0.006617
v 0.000399 -0.005909 0.012582
v 0.002525 -0.010785 0.006900
v 0.004651 -0.011036 0.007991
v -0.001222 -0.005909 0.012582
v -0.001727 -0.010785 0.006900
v -0.003853 -0.011036 0.007991
v 0.004651 -0.011036 0.007991
v 0.005406 -0.009596 0.008274
v 0.007500 -0.019478 0.004133
v 0.006488 -0.019478 0.004133
v 0.006488 -0.024938 0.002005
v 0.007500 -0.024949 0.002048
v 0.004907 -0.023815 -0.001170
v 0.002183 -0.023802 -0.001172
v 0.006488 -0.024938 0.002005
v 0.002071 -0.023732 -0.001398
v 0.007500 -0.024033 -0.000519
v 0.007500 -0.024949 0.002048
v 0.005799 -0.030791 -0.000708
v 0.003537 -0.030385 -0.000980
v 0.005063 -0.030321 -0.002259
v 0.003835 -0.029725 -0.002068
v 0.006139 -0.029713 -0.001975
v 0.006821 -0.030867 -0.000736
v 0.006821 -0.030383 -0.002088
v 0.005982 -0.031377 0.000565
v 0.004821 -0.032036 0.001959
v 0.003880 -0.031808 0.001811
v 0.000399 -0.026611 -0.000156
v 0.000399 -0.023802 -0.001172
v 0.002183 -0.023802 -0.001172
v 0.002159 -0.027595 -0.000514
v 0.000399 -0.018311 0.000928
v -0.001385 -0.023802 -0.001172
v -0.001361 -0.027595 -0.000514
v 0.006488 -0.024938 0.002005
v 0.006488 -0.019478 0.004133
v 0.002525 -0.010785 0.006900
v 0.000399 -0.010828 0.006617
v 0.004651 -0.011036 0.007991
v -0.001727 -0.010785 0.006900
v -0.005690 -0.019478 0.004133
v -0.005690 -0.024938 0.002005
v -0.003853 -0.011036 0.007991
v 0.002159 -0.027595 -0.000514
v 0.002183 -0.023802 -0.001172
v 0.002071 -0.023732 -0.001398
v 0.002183 -0.028605 -0.002167
v 0.000399 -0.005909 0.012582
v 0.000399 -0.004210 0.013844
v 0.002528 -0.005323 0.012996
v 0.002020 -0.005909 0.012582
v -0.001730 -0.005323 0.012996
v -0.001222 -0.005909 0.012582
v 0.004416 -0.007509 0.010781
v 0.004651 -0.011036 0.007991
v 0.005406 -0.009596 0.008274
v -0.003618 -0.007509 0.010781
v -0.003853 -0.011036 0.007991
v -0.004608 -0.009596 0.008274
v 0.006821 -0.030867 -0.000736
v 0.006821 -0.030383 -0.002088
v 0.007500 -0.024033 -0.000519
v 0.007500 -0.024949 0.002048
v 0.006139 -0.029713 -0.001975
v 0.004907 -0.023815 -0.001170
v 0.007500 -0.024033 -0.000519
v 0.006821 -0.030383 -0.002088
v 0.005063 -0.030321 -0.002259
v 0.000614 -0.026004 0.014882
v 0.000399 -0.026001 0.014207
v 0.000399 -0.025974 0.015605
v 0.000184 -0.026004 0.014882
v -0.003036 -0.029725 -0.002068
v -0.004265 -0.030321 -0.002259
v -0.004109 -0.023815 -0.001170
v -0.001273 -0.023732 -0.001398
v -0.001385 -0.028605 -0.002167
v -0.001035 -0.019645 0.008990
v -0.000348 -0.022967 0.008392
v 0.000399 -0.020558 0.009297
v 0.000399 -0.018639 0.009579
v -0.002239 -0.021348 0.007925
v -0.000951 -0.025435 0.007960
v 0.000399 -0.025651 0.008554
v -0.003024 -0.023605 0.006559
v -0.002152 -0.034598 0.004471
v -0.000422 -0.032301 0.006398
v -0.003657 -0.026033 0.005026
v -0.003219 -0.032950 0.003177
v -0.004023 -0.032036 0.001959
v 0.000399 -0.030284 0.007441
v -0.000031 -0.034917 0.006307
v -0.000303 -0.036481 0.005956
v 0.000399 -0.036844 0.006161
v 0.000399 -0.035096 0.006394
v 0.000184 -0.026004 0.014882
v 0.000057 -0.031378 0.008497
v 0.000399 -0.025974 0.015605
v 0.000399 -0.034467 0.006782
v -0.000050 -0.032258 0.007150
v 0.000399 -0.031484 0.007453
v 0.000399 -0.031306 0.007875
v 0.000399 -0.026001 0.014207
v 0.000399 -0.029126 0.009900
v 0.000399 -0.030784 0.008539
v -0.003853 -0.011036 0.007991
v -0.005690 -0.019478 0.004133
v -0.006702 -0.019478 0.004133
v -0.004608 -0.009596 0.008274
v -0.005690 -0.024938 0.002005
v -0.006702 -0.024949 0.002048
v -0.001273 -0.023732 -0.001398
v -0.004109 -0.023815 -0.001170
v -0.001385 -0.023802 -0.001172
v -0.005690 -0.024938 0.002005
v -0.006702 -0.024033 -0.000519
v -0.006702 -0.024949 0.002048
v -0.002739 -0.030385 -0.000980
v -0.005001 -0.030791 -0.000708
v -0.004265 -0.030321 -0.002259
v -0.003036 -0.029725 -0.002068
v -0.005341 -0.029713 -0.001975
v -0.006023 -0.030867 -0.000736
v -0.006023 -0.030383 -0.002088
v -0.005184 -0.031377 0.000565
v -0.004023 -0.032036 0.001959
v -0.003082 -0.031808 0.001811
v -0.001361 -0.027595 -0.000514
v -0.001385 -0.028605 -0.002167
v -0.001273 -0.023732 -0.001398
v -0.001385 -0.023802 -0.001172
v -0.006023 -0.030867 -0.000736
v -0.006702 -0.024949 0.002048
v -0.006702 -0.024033 -0.000519
v -0.006023 -0.030383 -0.002088
v -0.004109 -0.023815 -0.001170
v -0.005341 -0.029713 -0.001975
v -0.006702 -0.024033 -0.000519
v -0.006023 -0.030383 -0.002088
v -0.004265 -0.030321 -0.002259
v 0.002906 -0.024702 0.002288
v 0.002906 -0.024690 0.004163
v 0.003315 -0.025596 0.003755
v 0.003246 -0.025933 0.002525
v 0.002368 -0.026718 0.000413
v 0.003246 -0.026912 0.001373
v 0.003246 -0.027901 0.000890
v 0.003315 -0.026464 0.004317
v 0.002906 -0.025766 0.004990
v 0.001756 -0.023878 0.002131
v 0.001756 -0.023964 0.004726
v 0.001416 -0.026599 0.000079
v 0.001583 -0.030358 -0.000156
v 0.002570 -0.029107 0.000691
v 0.001756 -0.025395 0.005782
v 0.000399 -0.023589 0.002075
v 0.000399 -0.023696 0.005025
v 0.000399 -0.026450 -0.000246
v 0.000399 -0.030781 -0.000363
v 0.000399 -0.025318 0.006186
v -0.000958 -0.023964 0.004726
v -0.000958 -0.023878 0.002131
v -0.002108 -0.024690 0.004163
v -0.002108 -0.024702 0.002288
v -0.002516 -0.025596 0.003755
v -0.002448 -0.025933 0.002525
v -0.001570 -0.026718 0.000413
v -0.002448 -0.026912 0.001373
v -0.002448 -0.027901 0.000890
v -0.002516 -0.026464 0.004317
v -0.002108 -0.025766 0.004990
v -0.000618 -0.026599 0.000079
v -0.000784 -0.030358 -0.000156
v -0.001771 -0.029107 0.000691
v -0.000958 -0.025395 0.005782
v 0.003058 -0.030283 0.001419
v 0.002570 -0.029107 0.000691
v 0.003246 -0.027901 0.000890
v 0.003587 -0.028298 0.002640
v 0.001469 -0.031435 0.000320
v 0.001583 -0.030358 -0.000156
v 0.000399 -0.031668 0.000118
v 0.000399 -0.030781 -0.000363
v -0.000784 -0.030358 -0.000156
v -0.000670 -0.031435 0.000320
v -0.001771 -0.029107 0.000691
v -0.002260 -0.030283 0.001419
v -0.002448 -0.027901 0.000890
v -0.002789 -0.028298 0.002640
v 0.003246 -0.026912 0.001373
v 0.003587 -0.028298 0.002640
v 0.003246 -0.025933 0.002525
v 0.003587 -0.027221 0.003734
v 0.003315 -0.025596 0.003755
v 0.003315 -0.026464 0.004317
v 0.003272 -0.029020 0.004811
v 0.002906 -0.025766 0.004990
v 0.002524 -0.027286 0.005461
v 0.001756 -0.025395 0.005782
v 0.001756 -0.026834 0.005950
v 0.000399 -0.025318 0.006186
v 0.000399 -0.026818 0.006365
v 0.003592 -0.029534 0.004333
v 0.003527 -0.029544 0.003094
v 0.001951 -0.028739 0.005678
v 0.000779 -0.028588 0.005806
v 0.000399 -0.028588 0.005806
v -0.000958 -0.026834 0.005950
v -0.000958 -0.025395 0.005782
v -0.001725 -0.027286 0.005461
v -0.002108 -0.025766 0.004990
v -0.002473 -0.029020 0.004811
v -0.002516 -0.026464 0.004317
v -0.002789 -0.027221 0.003734
v -0.002794 -0.029534 0.004333
v -0.002516 -0.025596 0.003755
v -0.002448 -0.025933 0.002525
v -0.002789 -0.028298 0.002640
v -0.002448 -0.026912 0.001373
v -0.002448 -0.027901 0.000890
v 0.001320 -0.029395 0.005456
v 0.002017 -0.029825 0.005164
v 0.000931 -0.029922 0.005281
v 0.001223 -0.030580 0.004922
v 0.000399 -0.029954 0.005313
v 0.000399 -0.030573 0.004949
v -0.000425 -0.030580 0.004922
v -0.000133 -0.029922 0.005281
v 0.001645 -0.030452 0.004935
v 0.001581 -0.030838 0.004413
v -0.001219 -0.029825 0.005164
v -0.000521 -0.029395 0.005456
v -0.000847 -0.030452 0.004935
v -0.000783 -0.030838 0.004413
v -0.001152 -0.028739 0.005678
v -0.002473 -0.029020 0.004811
v -0.001725 -0.027286 0.005461
v -0.000958 -0.026834 0.005950
v 0.000019 -0.028588 0.005806
v 0.002187 -0.030642 0.004474
v 0.001984 -0.031155 0.003762
v 0.003307 -0.030571 0.004016
v 0.002797 -0.031162 0.002302
v 0.001475 -0.031508 0.002920
v 0.002785 -0.030425 0.004289
v 0.003058 -0.030283 0.001419
v 0.001469 -0.031435 0.000320
v 0.001336 -0.032026 0.001505
v 0.000399 -0.032237 0.001208
v 0.000399 -0.031668 0.000118
v -0.000670 -0.031435 0.000320
v -0.000537 -0.032026 0.001505
v -0.001998 -0.031162 0.002302
v -0.002260 -0.030283 0.001419
v -0.002729 -0.029544 0.003094
v -0.002789 -0.028298 0.002640
v -0.002794 -0.029534 0.004333
v -0.002508 -0.030571 0.004016
v -0.001186 -0.031155 0.003762
v -0.001389 -0.030642 0.004474
v -0.000677 -0.031508 0.002920
v -0.001987 -0.030425 0.004289
v 0.000006 -0.031957 0.002113
v 0.000399 -0.031949 0.002100
v 0.000792 -0.031957 0.002113
v 0.001306 -0.031266 0.002976
v 0.001716 -0.030908 0.003642
v 0.000399 -0.031214 0.003791
v 0.000721 -0.031628 0.002313
v 0.000399 -0.031626 0.002303
v 0.000077 -0.031628 0.002313
v -0.000508 -0.031266 0.002976
v -0.000918 -0.030908 0.003642
v -0.000600 -0.030716 0.004215
v -0.000327 -0.030491 0.004612
v 0.000399 -0.030421 0.004616
v 0.001125 -0.030491 0.004612
v 0.001398 -0.030716 0.004215
v 0.001223 -0.030580 0.004922
v 0.000399 -0.030573 0.004949
v 0.000399 -0.030421 0.004616
v 0.001125 -0.030491 0.004612
v -0.000327 -0.030491 0.004612
v -0.000425 -0.030580 0.004922
v -0.000783 -0.030838 0.004413
v -0.000600 -0.030716 0.004215
v 0.001398 -0.030716 0.004215
v 0.001581 -0.030838 0.004413
v -0.001186 -0.031155 0.003762
v -0.000918 -0.030908 0.003642
v -0.000677 -0.031508 0.002920
v -0.000508 -0.031266 0.002976
v 0.000077 -0.031628 0.002313
v 0.000006 -0.031957 0.002113
v 0.000399 -0.031949 0.002100
v 0.000399 -0.031626 0.002303
v 0.000721 -0.031628 0.002313
v 0.000792 -0.031957 0.002113
v 0.001475 -0.031508 0.002920
v 0.001306 -0.031266 0.002976
v 0.001716 -0.030908 0.003642
v 0.001984 -0.031155 0.003762
v 0.003132 -0.029015 0.004675
v 0.003422 -0.029458 0.004166
v 0.003592 -0.029534 0.004333
v 0.003272 -0.029020 0.004811
v 0.002108 -0.029732 0.004864
v 0.002017 -0.029825 0.005164
v 0.001645 -0.030452 0.004935
v 0.001821 -0.030150 0.004698
v 0.002187 -0.030642 0.004474
v 0.002185 -0.030318 0.004349
v 0.002614 -0.030155 0.004134
v 0.002785 -0.030425 0.004289
v 0.000677 -0.028598 0.005607
v 0.000399 -0.028598 0.005607
v 0.000399 -0.029321 0.005344
v 0.000121 -0.028598 0.005607
v -0.000314 -0.029321 0.005344
v 0.000010 -0.029768 0.005134
v 0.000399 -0.029797 0.005168
v 0.001113 -0.029321 0.005344
v 0.000788 -0.029768 0.005134
v -0.001310 -0.029732 0.004864
v -0.001816 -0.030155 0.004134
v -0.001387 -0.030318 0.004349
v -0.001023 -0.030150 0.004698
v -0.002333 -0.029015 0.004675
v -0.002624 -0.029458 0.004166
v 0.000788 -0.029768 0.005134
v 0.000399 -0.029797 0.005168
v 0.000399 -0.029954 0.005313
v 0.000931 -0.029922 0.005281
v 0.001113 -0.029321 0.005344
v 0.001320 -0.029395 0.005456
v 0.000677 -0.028598 0.005607
v 0.000779 -0.028588 0.005806
v 0.000399 -0.028598 0.005607
v 0.000399 -0.028588 0.005806
v 0.000019 -0.028588 0.005806
v 0.000121 -0.028598 0.005607
v -0.000521 -0.029395 0.005456
v -0.000314 -0.029321 0.005344
v -0.000133 -0.029922 0.005281
v 0.000010 -0.029768 0.005134
v 0.002614 -0.030155 0.004134
v 0.003132 -0.029015 0.004675
v 0.002108 -0.029732 0.004864
v 0.002185 -0.030318 0.004349
v 0.001821 -0.030150 0.004698
v 0.003422 -0.029458 0.004166
v -0.000847 -0.030452 0.004935
v -0.001219 -0.029825 0.005164
v -0.001310 -0.029732 0.004864
v -0.001023 -0.030150 0.004698
v -0.002473 -0.029020 0.004811
v -0.002333 -0.029015 0.004675
v -0.002794 -0.029534 0.004333
v -0.002624 -0.029458 0.004166
v -0.001389 -0.030642 0.004474
v -0.001387 -0.030318 0.004349
v -0.001816 -0.030155 0.004134
v -0.001987 -0.030425 0.004289
v 0.003235 -0.060383 -0.012484
v 0.002617 -0.060755 -0.011400
v 0.001664 -0.062481 -0.011978
v 0.004443 -0.057029 -0.011429
v 0.001958 -0.060901 -0.010966
v 0.001865 -0.056773 -0.008425
v 0.000399 -0.059247 -0.008769
v 0.000399 -0.057696 -0.007565
v 0.000399 -0.055832 -0.006440
v 0.001237 -0.051975 -0.004466
v 0.003709 -0.056846 -0.009991
v 0.000399 -0.061141 -0.010294
v 0.000399 -0.063719 -0.012369
v 0.000399 -0.065236 -0.014079
v 0.003486 -0.053270 -0.007133
v 0.002812 -0.048779 -0.004379
v 0.004447 -0.055721 -0.010192
v 0.005171 -0.054080 -0.010434
v 0.004447 -0.055041 -0.011605
v 0.004428 -0.051847 -0.010776
v 0.005082 -0.050301 -0.009107
v 0.004428 -0.052533 -0.008906
v 0.004086 -0.047952 -0.006508
v 0.004970 -0.047389 -0.008019
v 0.004381 -0.047241 -0.008453
v 0.004970 -0.047389 -0.008019
v 0.003572 -0.049209 -0.010448
v 0.001892 -0.046565 -0.010421
v 0.000399 -0.051660 -0.012712
v 0.003460 -0.052076 -0.011644
v 0.000399 -0.053790 -0.013039
v 0.000399 -0.045585 -0.010451
v 0.003747 -0.055661 -0.012202
v 0.001431 -0.055248 -0.012815
v 0.000399 -0.057398 -0.013741
v 0.001860 -0.059897 -0.013712
v 0.003235 -0.060383 -0.012484
v 0.000399 -0.059756 -0.014060
v -0.002662 -0.052076 -0.011644
v -0.000633 -0.055248 -0.012815
v -0.001062 -0.059897 -0.013712
v -0.002774 -0.049211 -0.010449
v -0.001093 -0.046565 -0.010421
v -0.003583 -0.047241 -0.008453
v -0.003630 -0.051847 -0.010776
v -0.004284 -0.050305 -0.009108
v -0.004171 -0.047389 -0.008019
v -0.004373 -0.054080 -0.010434
v -0.003630 -0.052533 -0.008906
v -0.003649 -0.055041 -0.011605
v -0.003645 -0.057031 -0.011430
v -0.003649 -0.055721 -0.010192
v -0.002688 -0.053270 -0.007133
v -0.002013 -0.048773 -0.004377
v -0.003287 -0.047950 -0.006507
v -0.002911 -0.056846 -0.009991
v -0.001819 -0.060755 -0.011400
v -0.002436 -0.060383 -0.012484
v -0.001067 -0.056772 -0.008425
v -0.001160 -0.060897 -0.010964
v -0.000439 -0.051975 -0.004466
v -0.000866 -0.062481 -0.011978
v -0.000020 -0.051946 -0.004224
v 0.000399 -0.051961 -0.004045
v 0.000818 -0.051952 -0.004226
v 0.000960 -0.063342 -0.014085
v 0.000399 -0.065236 -0.014079
v 0.000399 -0.063465 -0.014428
v -0.000161 -0.063342 -0.014085
v -0.002436 -0.060383 -0.012484
v -0.002949 -0.055661 -0.012202
v 0.001485 -0.040807 0.004082
v 0.001501 -0.041790 0.003695
v 0.001699 -0.040891 0.002801
v 0.001132 -0.041708 0.004726
v 0.001126 -0.042328 0.004369
v 0.001127 -0.040828 0.004844
v 0.000399 -0.041833 0.005069
v 0.000399 -0.040845 0.005289
v -0.000333 -0.041708 0.004726
v -0.000328 -0.042328 0.004369
v -0.000703 -0.041790 0.003695
v 0.001120 -0.042812 0.003695
v -0.000687 -0.040807 0.004082
v -0.000901 -0.040891 0.002801
v -0.000329 -0.040828 0.004844
v -0.000322 -0.042812 0.003695
v 0.001086 -0.042680 0.002966
v 0.000399 -0.043378 0.003129
v 0.000399 -0.043021 0.003807
v -0.000288 -0.042680 0.002966
v 0.000399 -0.042531 0.004473
v 0.000399 -0.040211 0.005293
v -0.000324 -0.040188 0.004789
v 0.000399 -0.039146 0.004856
v 0.001122 -0.040188 0.004789
v 0.001087 -0.039415 0.004443
v -0.000288 -0.039415 0.004443
v 0.001572 -0.039810 0.003771
v -0.000774 -0.039810 0.003771
v 0.001617 -0.044420 0.001419
v 0.001967 -0.040889 0.002802
v 0.001399 -0.042680 0.002966
v 0.002101 -0.043367 0.001033
v 0.000912 -0.043457 0.003117
v 0.000952 -0.044903 0.001776
v 0.000922 -0.047591 -0.000618
v 0.001982 -0.046449 -0.000796
v 0.002651 -0.044584 -0.000761
v 0.002812 -0.048779 -0.004379
v 0.002901 -0.043725 -0.000691
v 0.002365 -0.042855 0.000902
v 0.002007 -0.039252 0.003584
v 0.001840 -0.039810 0.003771
v 0.003469 -0.045338 -0.003645
v 0.001975 -0.037206 0.004566
v 0.001241 -0.039415 0.004782
v 0.003357 -0.040953 -0.000174
v 0.003832 -0.045049 -0.004437
v 0.001975 -0.037206 0.004566
v 0.002950 -0.034598 0.004471
v 0.004390 -0.044510 -0.005573
v 0.004086 -0.047952 -0.006508
v 0.002812 -0.048779 -0.004379
v 0.003941 -0.040043 -0.002419
v 0.004709 -0.038598 -0.003393
v 0.005017 -0.042351 -0.005762
v 0.004970 -0.047389 -0.008019
v 0.004018 -0.032950 0.003177
v 0.004821 -0.032036 0.001959
v 0.005862 -0.032665 0.000096
v 0.001102 -0.036481 0.005956
v 0.001143 -0.037983 0.005314
v 0.000399 -0.038526 0.005990
v 0.000399 -0.036844 0.006161
v -0.000303 -0.036481 0.005956
v -0.000345 -0.037983 0.005314
v -0.001177 -0.037206 0.004566
v -0.002152 -0.034598 0.004471
v -0.002559 -0.040953 -0.000174
v -0.002103 -0.043725 -0.000691
v -0.002671 -0.045338 -0.003645
v -0.001853 -0.044584 -0.000761
v -0.001303 -0.043365 0.001034
v -0.000819 -0.044420 0.001419
v -0.001168 -0.040889 0.002802
v -0.000601 -0.042680 0.002966
v -0.000114 -0.043457 0.003117
v -0.000154 -0.044903 0.001776
v -0.001183 -0.046444 -0.000795
v -0.001567 -0.042855 0.000902
v -0.001208 -0.039252 0.003584
v -0.002013 -0.048773 -0.004377
v -0.001006 -0.049678 -0.003184
v -0.000439 -0.051975 -0.004466
v -0.000020 -0.051946 -0.004224
v -0.000093 -0.050131 -0.002658
v -0.000123 -0.047591 -0.000618
v 0.000399 -0.045115 0.001944
v 0.000399 -0.043792 0.003267
v 0.000399 -0.047870 -0.000463
v 0.000399 -0.051961 -0.004045
v 0.000399 -0.050321 -0.002559
v 0.000892 -0.050134 -0.002659
v 0.000818 -0.051952 -0.004226
v 0.001237 -0.051975 -0.004466
v 0.001805 -0.049678 -0.003184
v 0.001143 -0.037983 0.005314
v 0.000399 -0.039640 0.005658
v -0.000345 -0.037983 0.005314
v -0.000443 -0.039415 0.004782
v -0.001177 -0.037206 0.004566
v -0.001042 -0.039810 0.003771
v 0.001241 -0.039415 0.004782
v 0.000399 -0.039640 0.005658
v 0.000399 -0.039146 0.004856
v 0.001087 -0.039415 0.004443
v -0.000443 -0.039415 0.004782
v -0.000288 -0.039415 0.004443
v -0.001042 -0.039810 0.003771
v -0.000774 -0.039810 0.003771
v 0.001572 -0.039810 0.003771
v 0.001840 -0.039810 0.003771
v 0.001967 -0.040889 0.002802
v 0.001699 -0.040891 0.002801
v 0.001086 -0.042680 0.002966
v 0.001399 -0.042680 0.002966
v 0.000399 -0.043378 0.003129
v 0.000912 -0.043457 0.003117
v 0.000399 -0.043792 0.003267
v -0.000114 -0.043457 0.003117
v -0.000288 -0.042680 0.002966
v -0.000601 -0.042680 0.002966
v -0.001168 -0.040889 0.002802
v -0.000901 -0.040891 0.002801
v 0.000399 -0.038870 -0.007377
v 0.000399 -0.032886 -0.003996
v 0.003199 -0.039531 -0.006486
v 0.003930 -0.042547 -0.006935
v 0.003676 -0.039112 -0.005812
v 0.000399 -0.045585 -0.010451
v 0.003835 -0.029725 -0.002068
v 0.000399 -0.029617 -0.002651
v 0.002183 -0.028605 -0.002167
v 0.000399 -0.027931 -0.002344
v 0.005017 -0.042351 -0.005762
v 0.004421 -0.038087 -0.005060
v 0.005063 -0.030321 -0.002259
v -0.002401 -0.039531 -0.006486
v -0.003132 -0.042547 -0.006935
v -0.001385 -0.028605 -0.002167
v -0.002878 -0.039112 -0.005812
v -0.003036 -0.029725 -0.002068
v -0.004219 -0.042351 -0.005762
v -0.003623 -0.038087 -0.005060
v -0.004265 -0.030321 -0.002259
v -0.003583 -0.047241 -0.008453
v -0.001093 -0.046565 -0.010421
v 0.006139 -0.029713 -0.001975
v 0.004421 -0.038087 -0.005060
v 0.006821 -0.030383 -0.002088
v 0.005693 -0.035442 -0.003370
v 0.005017 -0.042351 -0.005762
v -0.003623 -0.038087 -0.005060
v -0.005341 -0.029713 -0.001975
v -0.006023 -0.030383 -0.002088
v -0.004894 -0.035442 -0.003370
v -0.004219 -0.042351 -0.005762
v 0.001892 -0.046565 -0.010421
v 0.004381 -0.047241 -0.008453
v 0.002183 -0.028605 -0.002167
v 0.000399 -0.035758 0.004176
v 0.003835 -0.029725 -0.002068
v 0.001525 -0.034894 0.003256
v 0.003690 -0.032833 0.002990
v 0.004462 -0.031874 0.001744
v 0.005647 -0.031169 0.000185
v 0.005063 -0.030321 -0.002259
v 0.000399 -0.027931 -0.002344
v 0.002393 -0.034768 0.003779
v 0.000919 -0.036915 0.005445
v 0.000399 -0.037157 0.005615
v 0.005982 -0.031377 0.000565
v 0.006139 -0.029713 -0.001975
v 0.006821 -0.030383 -0.002088
v 0.006821 -0.030867 -0.000736
v -0.001385 -0.028605 -0.002167
v -0.003036 -0.029725 -0.002068
v -0.000727 -0.034894 0.003256
v -0.002892 -0.032833 0.002990
v -0.003663 -0.031874 0.001744
v -0.004849 -0.031169 0.000185
v -0.004265 -0.030321 -0.002259
v -0.000121 -0.036915 0.005445
v -0.001595 -0.034768 0.003779
v -0.005184 -0.031377 0.000565
v -0.005341 -0.029713 -0.001975
v -0.006023 -0.030383 -0.002088
v -0.006023 -0.030867 -0.000736
v 0.005982 -0.031377 0.000565
v 0.004821 -0.032036 0.001959
v 0.005862 -0.032665 0.000096
v 0.005862 -0.032665 0.000096
v 0.005693 -0.035442 -0.003370
v 0.006821 -0.030867 -0.000736
v 0.004709 -0.038598 -0.003393
v 0.005017 -0.042351 -0.005762
v 0.005982 -0.031377 0.000565
v 0.000919 -0.036915 0.005445
v 0.000399 -0.037157 0.005615
v 0.000399 -0.036490 0.005838
v 0.000919 -0.036257 0.005685
v 0.002393 -0.034768 0.003779
v 0.002599 -0.034373 0.004058
v 0.003690 -0.032833 0.002990
v -0.000121 -0.036915 0.005445
v -0.000121 -0.036257 0.005685
v -0.001595 -0.034768 0.003779
v -0.001801 -0.034373 0.004058
v -0.002892 -0.032833 0.002990
v 0.000399 -0.036490 0.005838
v 0.000399 -0.036844 0.006161
v 0.001102 -0.036481 0.005956
v 0.000919 -0.036257 0.005685
v 0.002599 -0.034373 0.004058
v 0.002950 -0.034598 0.004471
v 0.003690 -0.032833 0.002990
v 0.004018 -0.032950 0.003177
v 0.004462 -0.031874 0.001744
v 0.004821 -0.032036 0.001959
v 0.005647 -0.031169 0.000185
v 0.005982 -0.031377 0.000565
v -0.000303 -0.036481 0.005956
v -0.000121 -0.036257 0.005685
v -0.001801 -0.034373 0.004058
v -0.002152 -0.034598 0.004471
v -0.002892 -0.032833 0.002990
v -0.003219 -0.032950 0.003177
v -0.003663 -0.031874 0.001744
v -0.004023 -0.032036 0.001959
v -0.004849 -0.031169 0.000185
v -0.005184 -0.031377 0.000565
v 0.005693 -0.035442 -0.003370
v 0.006821 -0.030383 -0.002088
v 0.006821 -0.030867 -0.000736
v -0.003033 -0.045051 -0.004438
v -0.002013 -0.048773 -0.004377
v -0.003592 -0.044510 -0.005573
v -0.003287 -0.047950 -0.006507
v -0.003143 -0.040043 -0.002419
v -0.003911 -0.038598 -0.003393
v -0.004219 -0.042351 -0.005762
v -0.004171 -0.047389 -0.008019
v -0.003219 -0.032950 0.003177
v -0.004023 -0.032036 0.001959
v -0.005064 -0.032665 0.000096
v -0.004023 -0.032036 0.001959
v -0.005184 -0.031377 0.000565
v -0.005064 -0.032665 0.000096
v -0.004894 -0.035442 -0.003370
v -0.004219 -0.042351 -0.005762
v -0.003911 -0.038598 -0.003393
v -0.005064 -0.032665 0.000096
v -0.006023 -0.030867 -0.000736
v -0.005184 -0.031377 0.000565
v -0.006023 -0.030383 -0.002088
v -0.004894 -0.035442 -0.003370
v -0.006023 -0.030867 -0.000736
v -0.004171 -0.047389 -0.008019
v 0.000399 -0.038095 -0.000237
v 0.001186 -0.037204 0.000365
v 0.001186 -0.038122 0.000283
v 0.001588 -0.038380 0.001168
v 0.001588 -0.037387 0.001509
v 0.001865 -0.038562 0.002703
v 0.001562 -0.037696 0.002583
v 0.001177 -0.036628 0.000865
v 0.000399 -0.037068 -0.000009
v 0.001169 -0.036180 0.001503
v 0.001077 -0.036301 0.002399
v 0.000399 -0.035647 0.002226
v 0.000399 -0.035879 0.001411
v -0.000370 -0.036180 0.001503
v -0.000279 -0.036301 0.002399
v -0.000789 -0.037387 0.001509
v -0.000763 -0.037696 0.002583
v -0.000379 -0.036628 0.000865
v -0.000388 -0.037204 0.000365
v 0.000399 -0.036314 0.000689
v -0.000789 -0.038380 0.001168
v -0.001066 -0.038562 0.002703
v -0.000916 -0.039738 0.001623
v -0.000388 -0.038122 0.000283
v 0.000399 -0.038990 -0.000169
v -0.000394 -0.039137 0.000360
v 0.000399 -0.040453 0.000431
v -0.000308 -0.040270 0.000673
v 0.001192 -0.039137 0.000360
v 0.001106 -0.040270 0.000673
v 0.001714 -0.039738 0.001623
v 0.000399 -0.035647 0.002226
v 0.000399 -0.038300 0.001740
v 0.001077 -0.036301 0.002399
v -0.000279 -0.036301 0.002399
v -0.000763 -0.037696 0.002583
v -0.001066 -0.038562 0.002703
v -0.000916 -0.039738 0.001623
v -0.000308 -0.040270 0.000673
v 0.000399 -0.040453 0.000431
v 0.001106 -0.040270 0.000673
v 0.001714 -0.039738 0.001623
v 0.001865 -0.038562 0.002703
v 0.001562 -0.037696 0.002583
v 0.002183 -0.028605 -0.002167
v 0.000399 -0.027931 -0.002344
v 0.000399 -0.023671 -0.001533
v 0.002071 -0.023732 -0.001398
v 0.000399 -0.020688 -0.001768
v 0.002071 -0.020818 -0.001419
v -0.001385 -0.028605 -0.002167
v -0.001273 -0.023732 -0.001398
v -0.001273 -0.020818 -0.001419
v 0.002071 -0.023732 -0.001398
v 0.001412 -0.024352 0.000339
v 0.002183 -0.028605 -0.002167
v 0.002071 -0.020818 -0.001419
v 0.001412 -0.021654 0.000912
v 0.001412 -0.028127 -0.001806
v 0.000399 -0.021654 0.000912
v 0.001412 -0.021654 0.000912
v 0.002071 -0.020818 -0.001419
v 0.000399 -0.020688 -0.001768
v -0.001273 -0.020818 -0.001419
v -0.000613 -0.021654 0.000912
v 0.002183 -0.028605 -0.002167
v 0.000399 -0.028416 -0.001013
v 0.000399 -0.027931 -0.002344
v -0.001385 -0.028605 -0.002167
v 0.001412 -0.028127 -0.001806
v -0.000613 -0.028127 -0.001806
v 0.000399 -0.024352 0.000339
v 0.000399 -0.028416 -0.001013
v 0.001412 -0.028127 -0.001806
v 0.001412 -0.024352 0.000339
v 0.001412 -0.021654 0.000912
v 0.000399 -0.021654 0.000912
v -0.000613 -0.028127 -0.001806
v -0.000613 -0.024352 0.000339
v -0.000613 -0.021654 0.000912
v -0.000613 -0.028127 -0.001806
v -0.000613 -0.024352 0.000339
v -0.001385 -0.028605 -0.002167
v -0.001273 -0.023732 -0.001398
v -0.001273 -0.020818 -0.001419
v -0.000613 -0.021654 0.000912
v 0.000399 0.001441 0.002698
v 0.006556 0.000465 0.002671
v 0.004536 -0.001357 0.002564
v 0.000399 0.003814 0.003953
v -0.005758 0.000465 0.002671
v -0.003737 -0.001357 0.002564
v -0.003970 -0.007066 0.001924
v 0.004768 -0.007066 0.001924
v 0.006579 -0.007257 0.002449
v -0.005781 -0.007257 0.002449
v 0.000399 -0.001133 0.001625
v 0.004536 -0.001357 0.002564
v -0.003737 -0.001357 0.002564
v 0.002152 -0.002517 0.001526
v 0.002152 -0.006480 0.000315
v 0.004768 -0.007066 0.001924
v 0.000399 -0.006305 -0.000165
v -0.001354 -0.002517 0.001526
v -0.001354 -0.006480 0.000315
v -0.003970 -0.007066 0.001924
v 0.001261 0.007218 0.010689
v 0.006556 0.005827 0.012791
v 0.006556 0.000465 0.002671
v 0.000399 0.003814 0.003953
v 0.000399 0.007174 0.009804
v 0.001631 0.008595 0.013799
v 0.000399 0.009288 0.014051
v 0.000399 0.007174 0.009804
v -0.000463 0.007218 0.010689
v -0.000832 0.008595 0.013799
v -0.005758 0.005827 0.012791
v -0.005758 0.000465 0.002671
v 0.000399 0.003814 0.003953
v 0.000399 0.007174 0.009804
v 0.003915 -0.008627 0.006214
v 0.003619 -0.009060 0.007403
v 0.000399 -0.009147 0.007641
v 0.002152 -0.006480 0.000315
v 0.000399 -0.006305 -0.000165
v -0.001354 -0.006480 0.000315
v -0.003117 -0.008627 0.006214
v -0.003970 -0.007066 0.001924
v -0.005781 -0.007257 0.002449
v -0.005781 -0.008565 0.006044
v -0.002821 -0.009060 0.007403
v 0.004768 -0.007066 0.001924
v 0.006579 -0.007257 0.002449
v 0.006579 -0.008565 0.006044
v 0.006579 -0.008565 0.006044
v 0.006579 -0.007257 0.002449
v 0.006556 0.000465 0.002671
v 0.006556 0.005827 0.012791
v 0.000399 0.001209 0.011110
v 0.000399 -0.009147 0.007641
v 0.003619 -0.009060 0.007403
v 0.003619 0.000237 0.010757
v 0.003915 -0.008627 0.006214
v -0.002821 -0.009060 0.007403
v -0.002821 0.000237 0.010757
v -0.003117 -0.008627 0.006214
v 0.003619 0.000237 0.010757
v 0.001631 0.008595 0.013799
v 0.006556 0.005827 0.012791
v 0.006579 -0.008565 0.006044
v 0.003915 -0.008627 0.006214
v 0.000399 0.009288 0.014051
v -0.000832 0.008595 0.013799
v -0.005758 0.005827 0.012791
v -0.002821 0.000237 0.010757
v -0.005781 -0.008565 0.006044
v -0.003117 -0.008627 0.006214
v -0.005781 -0.008565 0.006044
v -0.005758 0.005827 0.012791
v -0.005758 0.000465 0.002671
v -0.005781 -0.007257 0.002449
v -0.016915 0.017701 0.010842
v -0.016912 0.021189 0.012165
v -0.016779 0.020851 0.013011
v -0.016798 0.017405 0.011583
v -0.017664 0.017796 0.010559
v -0.017768 0.021298 0.011842
v -0.018297 0.017596 0.011017
v -0.018490 0.021069 0.012365
v -0.018180 0.017300 0.011759
v -0.018357 0.020731 0.013212
v -0.017419 0.017174 0.012118
v -0.017475 0.020556 0.013701
v -0.017050 0.021775 0.013277
v -0.017144 0.022014 0.012676
v -0.017751 0.022092 0.012447
v -0.018263 0.021929 0.012818
v -0.018169 0.021690 0.013419
v -0.017562 0.021613 0.013648
v -0.016957 0.015887 0.010882
v -0.017424 0.015739 0.011220
v -0.017976 0.015809 0.011011
v -0.018062 0.016028 0.010465
v -0.016964 0.013259 0.009792
v -0.017369 0.013130 0.010086
v -0.017850 0.013191 0.009905
v -0.017924 0.013381 0.009430
v -0.017596 0.016175 0.010127
v -0.017043 0.016105 0.010335
v -0.017519 0.013509 0.009136
v -0.017039 0.013448 0.009317
v -0.017027 0.022896 0.012914
v -0.016908 0.022592 0.013676
v -0.017797 0.022994 0.012623
v -0.018447 0.022788 0.013094
v -0.018328 0.022484 0.013856
v -0.017558 0.022386 0.014147
v -0.017263 0.024892 0.014474
v -0.017337 0.025077 0.014008
v -0.017807 0.025137 0.013831
v -0.018204 0.025011 0.014119
v -0.018131 0.024826 0.014584
v -0.017661 0.024766 0.014761
v -0.016561 0.016804 0.013090
v -0.016557 0.020289 0.014422
v -0.016424 0.019951 0.015269
v -0.016445 0.016509 0.013831
v -0.017322 0.016929 0.012734
v -0.017438 0.020462 0.013938
v -0.017943 0.016699 0.013265
v -0.018135 0.020169 0.014623
v -0.017827 0.016403 0.014007
v -0.018002 0.019831 0.015469
v -0.017077 0.016308 0.014290
v -0.017146 0.019722 0.015792
v -0.016695 0.020875 0.015534
v -0.016789 0.021114 0.014934
v -0.017396 0.021191 0.014705
v -0.017908 0.021029 0.015076
v -0.017814 0.020790 0.015676
v -0.017207 0.020712 0.015905
v -0.016602 0.014987 0.013140
v -0.017069 0.014839 0.013478
v -0.017621 0.014909 0.013269
v -0.017707 0.015127 0.012722
v -0.016609 0.012358 0.012050
v -0.017014 0.012230 0.012344
v -0.017495 0.012291 0.012162
v -0.017569 0.012480 0.011687
v -0.017241 0.015275 0.012384
v -0.016688 0.015205 0.012593
v -0.017164 0.012609 0.011393
v -0.016684 0.012548 0.011575
v -0.016672 0.021996 0.015172
v -0.016553 0.021692 0.015933
v -0.017442 0.022093 0.014881
v -0.018092 0.021888 0.015352
v -0.017973 0.021584 0.016114
v -0.017203 0.021486 0.016404
v -0.016908 0.023991 0.016731
v -0.016982 0.024177 0.016266
v -0.017452 0.024237 0.016088
v -0.017849 0.024111 0.016376
v -0.017776 0.023926 0.016841
v -0.017306 0.023866 0.017019
v -0.017261 0.013180 0.011530
v -0.017807 0.013201 0.011446
v -0.017937 0.013531 0.010620
v -0.017439 0.013630 0.010402
v -0.017580 0.025987 0.016688
v -0.017261 0.013180 0.011530
v -0.017439 0.013630 0.010402
v -0.017758 0.026436 0.015560
v -0.018095 0.026349 0.015757
v -0.017965 0.026019 0.016583
v -0.017580 0.025987 0.016688
v -0.017758 0.026436 0.015560
v -0.018197 0.018040 0.013437
v -0.018272 0.021050 0.014649
v -0.018402 0.021379 0.013823
v -0.018327 0.018369 0.012611
v -0.018197 0.018040 0.013437
v -0.018611 0.017633 0.013340
v -0.017261 0.013180 0.011530
v -0.017807 0.013201 0.011446
v -0.018272 0.021050 0.014649
v -0.017580 0.025987 0.016688
v -0.017932 0.024699 0.016051
v -0.019022 0.020936 0.014722
v -0.019445 0.021280 0.014926
v -0.017965 0.026019 0.016583
v -0.019180 0.020851 0.014713
v -0.019753 0.021239 0.014469
v -0.019528 0.020783 0.014252
v -0.019575 0.021610 0.014100
v -0.019310 0.021180 0.013887
v -0.019152 0.021265 0.013896
v -0.018062 0.025028 0.015225
v -0.018402 0.021379 0.013823
v -0.017758 0.026436 0.015560
v -0.018095 0.026349 0.015757
v -0.018327 0.018369 0.012611
v -0.017439 0.013630 0.010402
v -0.018741 0.017962 0.012513
v -0.017937 0.013531 0.010620
v -0.017937 0.013531 0.010620
v -0.017807 0.013201 0.011446
v -0.018611 0.017633 0.013340
v -0.018741 0.017962 0.012513
v -0.019445 0.021280 0.014926
v -0.017932 0.024699 0.016051
v -0.018062 0.025028 0.015225
v -0.019575 0.021610 0.014100
v -0.019753 0.021239 0.014469
v -0.017932 0.024699 0.016051
v -0.017965 0.026019 0.016583
v -0.018095 0.026349 0.015757
v -0.018062 0.025028 0.015225
v -0.018741 0.017962 0.012513
v -0.018611 0.017633 0.013340
v -0.018197 0.018040 0.013437
v -0.018327 0.018369 0.012611
v -0.018402 0.021379 0.013823
v -0.018272 0.021050 0.014649
v -0.019022 0.020936 0.014722
v -0.019152 0.021265 0.013896
v -0.019022 0.020936 0.014722
v -0.019180 0.020851 0.014713
v -0.019310 0.021180 0.013887
v -0.019152 0.021265 0.013896
v -0.019528 0.020783 0.014252
v -0.018491 0.019288 0.013827
v -0.018595 0.017804 0.012916
v -0.017975 0.018072 0.013260
v -0.017999 0.019058 0.013657
v -0.019500 0.020957 0.014316
v -0.019241 0.021019 0.014635
v -0.018595 0.017804 0.012916
v -0.018580 0.019514 0.013262
v -0.018088 0.019284 0.013093
v -0.018064 0.018297 0.012695
v -0.019330 0.021244 0.014070
v -0.019500 0.020957 0.014316
v -0.019241 0.021019 0.014635
v -0.018491 0.019288 0.013827
v -0.018580 0.019514 0.013262
v -0.019330 0.021244 0.014070
v -0.018491 0.019288 0.013827
v -0.017999 0.019058 0.013657
v -0.018088 0.019284 0.013093
v -0.018580 0.019514 0.013262
v -0.015580 0.031497 0.021707
v -0.018005 0.031028 0.018098
v -0.017899 0.030906 0.019719
v -0.020198 0.030255 0.018134
v -0.018348 0.032042 0.016870
v -0.016590 0.034060 0.015281
v -0.016716 0.032427 0.018453
v -0.018689 0.024907 0.017045
v -0.018633 0.022674 0.016145
v -0.017683 0.023022 0.016704
v -0.017899 0.030906 0.019719
v -0.015777 0.020879 0.016870
v -0.015580 0.031497 0.021707
v -0.019711 0.027609 0.017620
v -0.020198 0.030255 0.018134
v -0.020102 0.028226 0.017310
v -0.019875 0.028025 0.016577
v -0.018348 0.032042 0.016870
v -0.019029 0.025770 0.014881
v -0.018174 0.024268 0.013578
v -0.018973 0.023537 0.013982
v -0.016620 0.023015 0.011514
v -0.016590 0.034060 0.015281
v -0.016214 0.021809 0.016128
v -0.015580 0.031497 0.021707
v -0.015777 0.020879 0.016870
v -0.016716 0.032427 0.018453
v -0.016559 0.022250 0.015012
v -0.016814 0.021816 0.014237
v -0.016730 0.022683 0.013926
v -0.016590 0.034060 0.015281
v -0.016743 0.023149 0.012768
v -0.016620 0.023015 0.011514
v -0.018174 0.024268 0.013578
v -0.016743 0.023149 0.012768
v -0.016730 0.022683 0.013926
v -0.018587 0.025693 0.015100
v -0.016620 0.023015 0.011514
v -0.018859 0.025338 0.015963
v -0.016814 0.021816 0.014237
v -0.016559 0.022250 0.015012
v -0.018331 0.025045 0.016724
v -0.017683 0.023022 0.016704
v -0.016214 0.021809 0.016128
v -0.015777 0.020879 0.016870
v -0.018973 0.023537 0.013982
v -0.019029 0.025770 0.014881
v -0.020102 0.028226 0.017310
v -0.019875 0.028025 0.016577
v -0.018689 0.024907 0.017045
v -0.019711 0.027609 0.017620
v -0.018633 0.022674 0.016145
v -0.018030 -0.001186 0.004654
v -0.018542 0.016107 0.010683
v -0.017409 -0.001440 0.004077
v -0.019126 0.016047 0.011291
v -0.019189 0.019420 0.012269
v -0.019657 0.021563 0.013650
v -0.019416 0.022869 0.013866
v -0.018598 0.020605 0.012154
v -0.018979 0.025041 0.014423
v -0.019218 0.015690 0.012171
v -0.019843 0.020032 0.014002
v -0.017950 -0.001389 0.005160
v -0.018858 0.015368 0.012995
v -0.017871 -0.001591 0.005667
v -0.018130 0.015063 0.013299
v -0.017149 -0.002098 0.005729
v -0.019409 0.020935 0.015226
v -0.018821 0.018487 0.014610
v -0.019098 0.022061 0.015893
v -0.018098 0.019338 0.015331
v -0.018596 0.024071 0.016857
v -0.018598 0.020605 0.012154
v -0.018621 0.020666 0.012002
v -0.019189 0.019420 0.012269
v -0.016449 0.025142 0.011800
v -0.016449 0.025142 0.011800
v -0.016796 0.021096 0.013947
v -0.016924 -0.001975 0.003838
v -0.016789 -0.002287 0.004620
v -0.016677 -0.002600 0.005404
v -0.015464 0.022645 0.018061
v -0.017113 -0.002436 0.005811
v -0.017958 0.015075 0.013506
v -0.018074 0.019278 0.015482
v -0.018821 0.018487 0.014610
v -0.017432 -0.001628 0.003784
v -0.018431 0.016273 0.010502
v -0.018621 0.020666 0.012002
v -0.019189 0.019420 0.012269
v -0.017751 -0.001469 0.005097
v -0.017950 -0.001389 0.005160
v -0.018030 -0.001186 0.004654
v -0.017809 -0.001345 0.004708
v -0.017871 -0.001591 0.005667
v -0.017690 -0.001647 0.005464
v -0.017279 -0.001769 0.004903
v -0.017149 -0.002098 0.005729
v -0.016807 -0.002168 0.005439
v -0.016908 -0.001931 0.004780
v -0.017011 -0.001650 0.004139
v -0.017409 -0.001440 0.004077
v -0.018074 0.019278 0.015482
v -0.018098 0.019338 0.015331
v -0.018821 0.018487 0.014610
v -0.015464 0.022645 0.018061
v -0.017958 0.015075 0.013506
v -0.018130 0.015063 0.013299
v -0.017149 -0.002098 0.005729
v -0.017113 -0.002436 0.005811
v -0.017143 -0.002361 0.005623
v -0.015464 0.022645 0.018061
v -0.016796 0.021096 0.013947
v -0.018098 0.019338 0.015331
v -0.018348 0.019972 0.013742
v -0.016796 0.021096 0.013947
v -0.018598 0.020605 0.012154
v -0.016449 0.025142 0.011800
v -0.018979 0.025041 0.014423
v -0.019416 0.022869 0.013866
v -0.018659 0.024566 0.015623
v -0.019657 0.021563 0.013650
v -0.019843 0.020032 0.014002
v -0.019409 0.020935 0.015226
v -0.019098 0.022061 0.015893
v -0.018596 0.024071 0.016857
v -0.018598 0.020605 0.012154
v -0.018979 0.025041 0.014423
v -0.018659 0.024566 0.015623
v -0.018348 0.019972 0.013742
v -0.018596 0.024071 0.016857
v -0.018098 0.019338 0.015331
v -0.018821 0.018487 0.014610
v -0.018130 0.015063 0.013299
v -0.017958 0.015075 0.013506
v -0.017143 -0.002361 0.005623
v -0.016800 -0.002431 0.005333
v -0.016677 -0.002600 0.005404
v -0.017113 -0.002436 0.005811
v -0.016902 -0.002194 0.004674
v -0.016789 -0.002287 0.004620
v -0.016924 -0.001975 0.003838
v -0.017005 -0.001913 0.004034
v -0.017403 -0.001702 0.003972
v -0.017432 -0.001628 0.003784
v -0.017143 -0.002361 0.005623
v -0.017149 -0.002098 0.005729
v -0.016807 -0.002168 0.005439
v -0.016800 -0.002431 0.005333
v -0.017005 -0.001913 0.004034
v -0.017011 -0.001650 0.004139
v -0.017409 -0.001440 0.004077
v -0.017403 -0.001702 0.003972
v -0.016800 -0.002431 0.005333
v -0.016807 -0.002168 0.005439
v -0.016908 -0.001931 0.004780
v -0.016902 -0.002194 0.004674
v -0.017011 -0.001650 0.004139
v -0.017005 -0.001913 0.004034
v -0.017403 -0.001702 0.003972
v -0.017409 -0.001440 0.004077
v -0.017432 -0.001628 0.003784
v -0.018431 0.016273 0.010502
v -0.018542 0.016107 0.010683
v -0.018542 0.016107 0.010683
v -0.019189 0.019420 0.012269
v -0.018431 0.016273 0.010502
v -0.020027 0.028184 0.017282
v -0.019842 0.027996 0.016607
v -0.019636 0.020957 0.013545
v -0.019785 0.020037 0.013994
v -0.019691 0.027611 0.017571
v -0.019425 0.020423 0.014884
v -0.018181 0.024935 0.017006
v -0.018079 0.022171 0.015887
v -0.018530 0.025818 0.014792
v -0.018428 0.023054 0.013674
v -0.018428 0.023054 0.013674
v -0.018836 0.022943 0.015004
v -0.019785 0.020037 0.013994
v -0.019636 0.020957 0.013545
v -0.018530 0.025818 0.014792
v -0.018836 0.025340 0.015960
v -0.020027 0.028184 0.017282
v -0.019842 0.027996 0.016607
v -0.018079 0.022171 0.015887
v -0.019425 0.020423 0.014884
v -0.018181 0.024935 0.017006
v -0.019691 0.027611 0.017571
v -0.016284 -0.000629 -0.000538
v -0.016242 0.011545 0.007089
v -0.017443 0.014742 -0.000923
v -0.017199 0.004957 -0.004864
v -0.017514 0.023223 0.002470
v -0.016509 0.020232 0.009959
v -0.016793 0.035032 0.015906
v -0.018014 0.039913 0.009205
v -0.016822 0.036890 0.016784
v -0.015423 0.032436 0.022436
v -0.015470 0.034339 0.023203
v -0.016861 0.039946 0.018009
v -0.017702 0.047850 0.012322
v -0.016509 0.020232 0.009959
v -0.016496 0.025856 0.013961
v -0.016793 0.035032 0.015906
v -0.016759 0.033677 0.016578
v -0.016553 0.020171 0.010108
v -0.016715 0.011392 0.007441
v -0.016242 0.011545 0.007089
v -0.016968 -0.002660 0.002986
v -0.016284 -0.000629 -0.000538
v -0.015692 -0.010148 -0.001395
v -0.015673 0.017939 0.015706
v -0.016054 0.009714 0.011648
v -0.015064 0.018039 0.016638
v -0.013540 -0.007759 0.006109
v -0.016613 -0.003622 0.005395
v -0.013761 -0.011066 0.003348
v -0.015969 0.024519 0.017313
v -0.015315 0.028117 0.020697
v -0.016080 0.031956 0.020892
v -0.015423 0.032436 0.022436
v -0.016496 0.025856 0.013961
v -0.015969 0.024519 0.017313
v -0.016080 0.031956 0.020892
v -0.016759 0.033677 0.016578
v -0.015673 0.017939 0.015706
v -0.016553 0.020171 0.010108
v -0.016715 0.011392 0.007441
v -0.016054 0.009714 0.011648
v -0.016613 -0.003622 0.005395
v -0.016968 -0.002660 0.002986
v -0.016968 -0.002660 0.002986
v -0.015692 -0.010148 -0.001395
v -0.016613 -0.003622 0.005395
v -0.013761 -0.011066 0.003348
v -0.018014 0.039913 0.009205
v -0.017702 0.047850 0.012322
v -0.015235 0.037476 0.015428
v -0.014913 0.019896 0.007433
v -0.017514 0.023223 0.002470
v -0.014705 0.011532 0.004064
v -0.017443 0.014742 -0.000923
v -0.017199 0.004957 -0.004864
v -0.014441 0.000921 -0.000209
v -0.013880 0.000500 0.003951
v -0.013854 0.018131 0.016484
v -0.013838 -0.005076 -0.000573
v -0.012749 -0.007699 0.006008
v -0.013549 -0.009985 -0.001667
v -0.012851 -0.010997 0.003232
v -0.013722 -0.000713 0.006974
v -0.016861 0.039946 0.018009
v -0.014195 0.028202 0.020555
v -0.014302 0.034427 0.023054
v -0.012749 -0.007699 0.006008
v -0.013540 -0.007759 0.006109
v -0.013761 -0.011066 0.003348
v -0.012851 -0.010997 0.003232
v -0.014441 0.000921 -0.000209
v -0.013838 -0.005076 -0.000573
v -0.016284 -0.000629 -0.000538
v -0.015692 -0.010148 -0.001395
v -0.013549 -0.009985 -0.001667
v -0.012851 -0.010997 0.003232
v -0.013761 -0.011066 0.003348
v -0.015692 -0.010148 -0.001395
v -0.013549 -0.009985 -0.001667
v -0.013854 0.018131 0.016484
v -0.015064 0.018039 0.016638
v -0.013540 -0.007759 0.006109
v -0.012749 -0.007699 0.006008
v -0.015315 0.028117 0.020697
v -0.014195 0.028202 0.020555
v -0.015423 0.032436 0.022436
v -0.014302 0.034427 0.023054
v -0.015470 0.034339 0.023203
v -0.014441 0.000921 -0.000209
v -0.016284 -0.000629 -0.000538
v -0.017199 0.004957 -0.004864
v -0.016080 0.031956 0.020892
v -0.015423 0.032436 0.022436
v -0.016793 0.035032 0.015906
v -0.016759 0.033677 0.016578
v -0.015470 0.034339 0.023203
v -0.014302 0.034427 0.023054
v -0.016861 0.039946 0.018009
v -0.008096 -0.007575 0.006008
v -0.010513 -0.008043 0.007022
v -0.010513 -0.008464 0.005024
v -0.012929 -0.007575 0.006008
v -0.013545 -0.006165 0.002568
v -0.012929 -0.004633 0.009034
v -0.010513 -0.006048 0.009241
v -0.008096 -0.004633 0.009034
v -0.010513 -0.003499 0.009433
v -0.007494 -0.002130 0.006405
v -0.007494 -0.006165 0.002568
v -0.007136 0.000536 0.003218
v -0.007136 -0.004804 -0.001263
v -0.010520 -0.000961 0.007091
v -0.010520 -0.007609 0.001383
v -0.013910 -0.004804 -0.001263
v -0.013545 -0.002130 0.006405
v -0.013910 0.000536 0.003218
v -0.010523 -0.006070 -0.002325
v -0.010523 0.001631 0.004137
v -0.010523 0.000141 -0.000016
v -0.013232 0.000171 0.002912
v -0.010523 0.001048 0.003647
v -0.007814 0.000171 0.002912
v -0.013232 -0.004477 -0.000988
v -0.007814 -0.004477 -0.000988
v -0.010523 -0.005490 -0.001838
v -0.007136 -0.004804 -0.001263
v -0.010523 -0.006070 -0.002325
v -0.007136 0.000536 0.003218
v -0.010523 0.001631 0.004137
v -0.013910 0.000536 0.003218
v -0.013910 -0.004804 -0.001263
v -0.011986 0.008140 -0.014987
v -0.014531 0.007305 -0.012817
v -0.012333 0.006701 -0.014972
v -0.011807 0.010031 -0.013997
v -0.012568 0.012018 -0.013883
v -0.014142 0.012777 -0.014087
v -0.015334 0.012456 -0.012838
v -0.016489 0.010772 -0.012228
v -0.017514 0.009014 -0.012899
v -0.017647 0.007541 -0.012965
v -0.016960 0.001602 -0.012568
v -0.016292 0.005369 -0.010565
v -0.016307 0.005889 -0.010389
v -0.014176 0.001162 -0.013619
v -0.012070 0.005219 -0.011990
v -0.012335 0.004743 -0.012060
v -0.015049 0.000819 -0.013805
v -0.016550 0.001056 -0.013238
v -0.015931 0.000530 -0.013699
v -0.024334 -0.004770 -0.044944
v -0.023651 -0.006592 -0.041337
v -0.024286 -0.006813 -0.041454
v -0.024897 -0.004907 -0.045292
v -0.024685 -0.007799 -0.037787
v -0.024069 -0.007341 -0.037509
v -0.024450 -0.001606 -0.044641
v -0.023942 -0.001585 -0.044423
v -0.022781 -0.003815 -0.042311
v -0.021511 -0.002795 -0.039627
v -0.021987 -0.003394 -0.036635
v -0.022833 -0.001402 -0.043340
v -0.021483 0.000837 -0.041143
v -0.019605 0.003544 -0.037433
v -0.022558 0.004302 -0.042001
v -0.023269 0.007956 -0.039619
v -0.023718 0.007870 -0.040135
v -0.022969 0.004708 -0.042087
v -0.024444 0.008487 -0.039571
v -0.024143 0.008747 -0.038883
v -0.025493 0.008151 -0.039465
v -0.025457 0.008302 -0.038793
v -0.028147 0.005528 -0.040131
v -0.028494 0.005241 -0.039759
v -0.030670 -0.000520 -0.041882
v -0.030454 -0.000656 -0.042373
v -0.021448 0.007477 -0.031216
v -0.022646 0.007134 -0.030767
v -0.027849 0.004848 -0.034319
v -0.023681 0.005805 -0.030118
v -0.029644 0.002128 -0.038060
v -0.029628 -0.001511 -0.036561
v -0.030710 -0.000155 -0.040364
v -0.020397 0.006778 -0.031616
v -0.019599 0.005160 -0.031660
v -0.030736 -0.002556 -0.039306
v -0.030238 -0.005549 -0.038849
v -0.031590 -0.003622 -0.042203
v -0.029921 -0.005922 -0.039326
v -0.027666 -0.006771 -0.036151
v -0.027531 -0.007349 -0.036712
v -0.031451 -0.003870 -0.042816
v -0.027516 -0.002519 -0.034547
v -0.026196 -0.007255 -0.034836
v -0.026288 -0.007679 -0.035481
v -0.025170 -0.007513 -0.034790
v -0.025487 -0.007783 -0.035518
v -0.024398 -0.007540 -0.035516
v -0.024865 -0.007904 -0.036018
v -0.025044 -0.003181 -0.033234
v -0.023890 -0.003402 -0.033123
v -0.023079 -0.003492 -0.033976
v -0.024450 -0.001606 -0.044641
v -0.024897 -0.004907 -0.045292
v -0.025114 -0.003764 -0.041952
v -0.022969 0.004708 -0.042087
v -0.024286 -0.006813 -0.041454
v -0.026462 -0.003466 -0.039906
v -0.023718 0.007870 -0.040135
v -0.024444 0.008487 -0.039571
v -0.025493 0.008151 -0.039465
v -0.028826 -0.003177 -0.040550
v -0.028147 0.005528 -0.040131
v -0.030454 -0.000656 -0.042373
v -0.031451 -0.003870 -0.042816
v -0.029921 -0.005922 -0.039326
v -0.027531 -0.007349 -0.036712
v -0.024685 -0.007799 -0.037787
v -0.024865 -0.007904 -0.036018
v -0.025487 -0.007783 -0.035518
v -0.026288 -0.007679 -0.035481
v -0.028022 0.001227 -0.033499
v -0.027849 0.004848 -0.034319
v -0.029628 -0.001511 -0.036561
v -0.027516 -0.002519 -0.034547
v -0.024935 -0.000970 -0.032049
v -0.025178 0.003466 -0.028917
v -0.023681 0.005805 -0.030118
v -0.022970 0.005070 -0.025209
v -0.023658 0.000715 -0.029192
v -0.022200 0.002093 -0.025362
v -0.021585 0.006269 -0.020977
v -0.020957 0.003045 -0.021497
v -0.020877 0.007187 -0.017610
v -0.019934 0.003793 -0.018062
v -0.018689 0.007583 -0.013068
v -0.019886 0.009952 -0.017817
v -0.018174 0.009204 -0.013019
v -0.016841 0.010914 -0.012462
v -0.016489 0.010772 -0.012228
v -0.017514 0.009014 -0.012899
v -0.015628 0.012590 -0.013090
v -0.014260 0.013139 -0.014557
v -0.015334 0.012456 -0.012838
v -0.014142 0.012777 -0.014087
v -0.012568 0.012018 -0.013883
v -0.020764 0.008707 -0.021292
v -0.016520 0.011410 -0.019814
v -0.018367 0.004951 -0.013260
v -0.017426 0.001769 -0.012672
v -0.016822 0.005307 -0.010796
v -0.016962 0.005787 -0.010610
v -0.017647 0.007541 -0.012965
v -0.017964 0.009773 -0.022943
v -0.021044 0.007050 -0.025159
v -0.022252 0.006410 -0.027680
v -0.020186 0.007746 -0.027987
v -0.017933 0.006557 -0.026334
v -0.015188 0.007825 -0.023398
v -0.013223 0.008897 -0.020333
v -0.013131 0.005961 -0.020535
v -0.011646 0.006469 -0.015728
v -0.011542 0.008155 -0.015524
v -0.011665 0.010096 -0.014417
v -0.012485 0.012093 -0.014277
v -0.015016 0.003015 -0.019919
v -0.016717 0.002374 -0.023098
v -0.015060 0.005237 -0.023442
v -0.018585 0.001521 -0.026728
v -0.012713 0.004057 -0.015395
v -0.013860 0.001205 -0.014019
v -0.015038 0.000634 -0.014140
v -0.014176 0.001162 -0.013619
v -0.015049 0.000819 -0.013805
v -0.012123 0.004564 -0.012571
v -0.011774 0.004966 -0.012570
v -0.012335 0.004743 -0.012060
v -0.017129 0.004146 -0.027415
v -0.020396 0.000199 -0.030424
v -0.018389 0.002392 -0.031481
v -0.019599 0.005160 -0.031660
v -0.021790 -0.001468 -0.033237
v -0.019605 0.003544 -0.037433
v -0.019933 -0.000053 -0.036554
v -0.021987 -0.003394 -0.036635
v -0.021511 -0.002795 -0.039627
v -0.023214 -0.001941 -0.031947
v -0.023890 -0.003402 -0.033123
v -0.022139 -0.000629 -0.029648
v -0.020518 0.000488 -0.025825
v -0.019155 0.000767 -0.022324
v -0.018065 0.000800 -0.019462
v -0.025044 -0.003181 -0.033234
v -0.016082 0.000339 -0.014017
v -0.016822 0.000916 -0.013466
v -0.016550 0.001056 -0.013238
v -0.015931 0.000530 -0.013699
v -0.016960 0.001602 -0.012568
v -0.016292 0.005369 -0.010565
v -0.016307 0.005889 -0.010389
v -0.012333 0.006701 -0.014972
v -0.012070 0.005219 -0.011990
v -0.011986 0.008140 -0.014987
v -0.011807 0.010031 -0.013997
v -0.017933 0.006557 -0.026334
v -0.018877 0.005876 -0.028955
v -0.020186 0.007746 -0.027987
v -0.022252 0.006410 -0.027680
v -0.021044 0.007050 -0.025159
v -0.018877 0.005876 -0.028955
v -0.023079 -0.003492 -0.033976
v -0.027985 -0.010550 -0.044888
v -0.028959 -0.010326 -0.043646
v -0.030011 -0.013608 -0.045056
v -0.030518 -0.010150 -0.043931
v -0.032404 -0.014192 -0.047313
v -0.029924 -0.014584 -0.048249
v -0.030401 -0.008328 -0.043762
v -0.032591 -0.008469 -0.046375
v -0.028641 -0.008536 -0.043553
v -0.029841 -0.004294 -0.043969
v -0.032300 -0.007056 -0.046195
v -0.028185 -0.003105 -0.044620
v -0.027466 -0.008792 -0.044871
v -0.026906 -0.004759 -0.045077
v -0.027341 -0.007840 -0.048068
v -0.027633 -0.009253 -0.048248
v -0.033747 -0.012986 -0.047851
v -0.028935 -0.001840 -0.047136
v -0.030600 -0.002952 -0.046541
v -0.031850 -0.001711 -0.050372
v -0.030232 -0.000761 -0.051021
v -0.032301 -0.005667 -0.046778
v -0.033145 -0.003762 -0.049812
v -0.027665 -0.003416 -0.047650
v -0.027342 -0.006451 -0.048651
v -0.028186 -0.004546 -0.051685
v -0.028916 -0.002175 -0.051481
v -0.028988 -0.013739 -0.049648
v -0.028980 -0.012781 -0.051124
v -0.030686 -0.017714 -0.048789
v -0.029788 -0.015924 -0.050717
v -0.031747 -0.017864 -0.047869
v -0.032035 -0.018799 -0.048239
v -0.032767 -0.020582 -0.049431
v -0.033058 -0.017338 -0.047893
v -0.030728 -0.016066 -0.045923
v -0.031331 -0.018950 -0.050031
v -0.033736 -0.018569 -0.049123
v -0.034460 -0.015185 -0.048952
v -0.034448 -0.011916 -0.049059
v -0.030200 -0.009548 -0.047256
v -0.029224 -0.009442 -0.047633
v -0.030587 -0.013011 -0.050502
v -0.031801 -0.013028 -0.050037
v -0.029821 -0.007448 -0.047132
v -0.031106 -0.009144 -0.046922
v -0.032962 -0.012635 -0.049605
v -0.029656 -0.012674 -0.050869
v -0.028225 -0.009159 -0.048024
v -0.028980 -0.012781 -0.051124
v -0.027633 -0.009253 -0.048248
v -0.027341 -0.007840 -0.048068
v -0.027934 -0.007747 -0.047845
v -0.027342 -0.006451 -0.048651
v -0.027934 -0.006357 -0.048427
v -0.028186 -0.004546 -0.051685
v -0.028783 -0.004452 -0.051460
v -0.028822 -0.005776 -0.048105
v -0.029733 -0.005372 -0.047769
v -0.030595 -0.003599 -0.050793
v -0.029675 -0.003919 -0.051135
v -0.030705 -0.005479 -0.047394
v -0.031558 -0.003621 -0.050424
v -0.032548 -0.003856 -0.050038
v -0.031699 -0.005762 -0.047005
v -0.033145 -0.003762 -0.049812
v -0.032301 -0.005667 -0.046778
v -0.031699 -0.007151 -0.046422
v -0.032300 -0.007056 -0.046195
v -0.031990 -0.008564 -0.046602
v -0.032591 -0.008469 -0.046375
v -0.034448 -0.011916 -0.049059
v -0.033772 -0.012023 -0.049314
v -0.030232 -0.000761 -0.051021
v -0.028916 -0.002175 -0.051481
v -0.030595 -0.003599 -0.050793
v -0.031850 -0.001711 -0.050372
v -0.031558 -0.003621 -0.050424
v -0.029675 -0.003919 -0.051135
v -0.028783 -0.004452 -0.051460
v -0.028186 -0.004546 -0.051685
v -0.032548 -0.003856 -0.050038
v -0.033145 -0.003762 -0.049812
v -0.033736 -0.018569 -0.049123
v -0.032534 -0.018760 -0.049577
v -0.032767 -0.020582 -0.049431
v -0.031331 -0.018950 -0.050031
v -0.031801 -0.013028 -0.050037
v -0.030587 -0.013011 -0.050502
v -0.032962 -0.012635 -0.049605
v -0.034460 -0.015185 -0.048952
v -0.033772 -0.012023 -0.049314
v -0.034448 -0.011916 -0.049059
v -0.029788 -0.015924 -0.050717
v -0.029656 -0.012674 -0.050869
v -0.028980 -0.012781 -0.051124
v -0.031374 -0.004020 -0.045003
v -0.029596 -0.001634 -0.045815
v -0.031233 -0.004197 -0.046275
v -0.032692 -0.006675 -0.046238
v -0.032569 -0.006478 -0.045017
v -0.032852 -0.007059 -0.044789
v -0.032957 -0.007885 -0.045896
v -0.032508 -0.007291 -0.044256
v -0.032562 -0.008301 -0.044719
v -0.031037 -0.007960 -0.042020
v -0.030602 -0.004849 -0.041780
v -0.030823 -0.004063 -0.043109
v -0.030628 -0.006357 -0.041412
v -0.027923 -0.001452 -0.038162
v -0.029098 -0.001363 -0.044140
v -0.027845 -0.005431 -0.039042
v -0.025593 0.002001 -0.034412
v -0.024032 0.003542 -0.036408
v -0.022954 0.002926 -0.033298
v -0.022045 0.001439 -0.035753
v -0.023640 -0.002129 -0.039780
v -0.025396 -0.005818 -0.039967
v -0.026952 -0.007774 -0.039399
v -0.023592 0.000071 -0.033788
v -0.022954 0.002926 -0.033298
v -0.027351 -0.009257 -0.039835
v -0.025033 -0.007242 -0.043525
v -0.024885 -0.005753 -0.043940
v -0.025823 -0.008348 -0.046781
v -0.025929 -0.008155 -0.047404
v -0.026408 -0.009275 -0.047044
v -0.026907 -0.008842 -0.048181
v -0.026052 -0.007510 -0.047478
v -0.026857 -0.007598 -0.048442
v -0.025565 -0.008826 -0.044087
v -0.026175 -0.009550 -0.044143
v -0.025370 -0.004926 -0.045169
v -0.026186 -0.004840 -0.046963
v -0.027148 -0.004844 -0.047818
v -0.027554 -0.001957 -0.046587
v -0.026739 -0.001890 -0.044927
v -0.027640 -0.000862 -0.044116
v -0.028336 -0.000753 -0.046004
v -0.026375 -0.009051 -0.041737
v -0.026984 -0.009765 -0.042424
v -0.027960 -0.009960 -0.041153
v -0.029310 -0.009397 -0.041545
v -0.029111 -0.008618 -0.040703
v -0.030826 -0.008815 -0.042386
v -0.032957 -0.007885 -0.045896
v -0.032692 -0.006675 -0.046238
v -0.029043 -0.007125 -0.045207
v -0.031233 -0.004197 -0.046275
v -0.029596 -0.001634 -0.045815
v -0.028336 -0.000753 -0.046004
v -0.027554 -0.001957 -0.046587
v -0.027148 -0.004844 -0.047818
v -0.026857 -0.007598 -0.048442
v -0.026907 -0.008842 -0.048181
v -0.032957 -0.007885 -0.045896
v -0.029043 -0.007125 -0.045207
v -0.032562 -0.008301 -0.044719
v -0.030826 -0.008815 -0.042386
v -0.029310 -0.009397 -0.041545
v -0.027960 -0.009960 -0.041153
v -0.026984 -0.009765 -0.042424
v -0.026175 -0.009550 -0.044143
v -0.026408 -0.009275 -0.047044
v -0.026907 -0.008842 -0.048181
v -0.010079 -0.003675 -0.005555
v -0.007665 0.003073 -0.001738
v -0.008823 -0.005142 -0.002164
v -0.013690 -0.004823 -0.005501
v -0.012467 -0.006012 -0.001757
v -0.015091 -0.004151 0.000204
v -0.015028 -0.002633 -0.009978
v -0.015988 -0.002740 -0.003323
v -0.013225 -0.001894 -0.010546
v -0.011557 0.002381 -0.009882
v -0.010701 0.003894 -0.009181
v -0.009441 0.002815 -0.005869
v -0.008782 0.003176 -0.004433
v -0.008707 0.004325 -0.004665
v -0.016493 -0.001377 -0.009311
v -0.016081 0.003097 -0.008174
v -0.015829 0.004705 -0.007245
v -0.014857 0.003672 -0.003823
v -0.014324 0.004053 -0.002340
v -0.013410 0.003982 0.000432
v -0.012941 0.001613 0.003483
v -0.009941 0.004190 0.000648
v -0.009366 0.002299 0.002972
v -0.006673 0.000621 0.001116
v -0.010751 0.006553 -0.002500
v -0.013264 0.006616 -0.003738
v -0.014188 0.005192 -0.002595
v -0.009743 0.006059 -0.005068
v -0.013402 0.007350 -0.004181
v -0.013264 0.006616 -0.003738
v -0.014349 0.007453 -0.005028
v -0.014188 0.005192 -0.002595
v -0.014324 0.004053 -0.002340
v -0.015535 0.006892 -0.006061
v -0.016045 0.009195 -0.009860
v -0.015345 0.009656 -0.008726
v -0.015874 0.005805 -0.006791
v -0.016007 0.008184 -0.010033
v -0.015829 0.004705 -0.007245
v -0.016081 0.003097 -0.008174
v -0.014857 0.003672 -0.003823
v -0.015836 0.003520 -0.008695
v -0.016433 -0.001068 -0.009804
v -0.016493 -0.001377 -0.009311
v -0.015132 -0.002193 -0.010440
v -0.015028 -0.002633 -0.009978
v -0.013502 -0.001531 -0.010911
v -0.013225 -0.001894 -0.010546
v -0.011557 0.002381 -0.009882
v -0.011954 0.002906 -0.010162
v -0.011434 0.007461 -0.011760
v -0.010701 0.003894 -0.009181
v -0.010013 0.004877 -0.009005
v -0.011021 0.008400 -0.011758
v -0.009441 0.002815 -0.005869
v -0.008782 0.003176 -0.004433
v -0.009558 0.005947 -0.008319
v -0.009497 0.006686 -0.006860
v -0.010662 0.008915 -0.010495
v -0.009730 0.006769 -0.005568
v -0.008707 0.004325 -0.004665
v -0.009743 0.006059 -0.005068
v -0.011001 0.006913 -0.003316
v -0.011001 0.006913 -0.003316
v -0.009730 0.006769 -0.005568
v -0.015132 -0.002193 -0.010440
v -0.013402 0.007350 -0.004181
v -0.016433 -0.001068 -0.009804
v -0.015836 0.003520 -0.008695
v -0.016007 0.008184 -0.010033
v -0.015345 0.009656 -0.008726
v -0.016045 0.009195 -0.009860
v -0.013502 -0.001531 -0.010911
v -0.011954 0.002906 -0.010162
v -0.011434 0.007461 -0.011760
v -0.010662 0.008915 -0.010495
v -0.011021 0.008400 -0.011758
v -0.012467 -0.006012 -0.001757
v -0.008823 -0.005142 -0.002164
v -0.006673 0.000621 0.001116
v -0.009366 0.002299 0.002972
v -0.015091 -0.004151 0.000204
v -0.012941 0.001613 0.003483
v -0.014294 0.007759 -0.006602
v -0.014634 0.009599 -0.008274
v -0.015421 0.006923 -0.008098
v -0.014489 0.005407 -0.006134
v -0.014244 0.003827 -0.005226
v -0.016198 -0.001558 -0.009271
v -0.016787 0.000626 -0.011743
v -0.015618 -0.000205 -0.012560
v -0.015094 -0.002195 -0.010338
v -0.014030 0.000190 -0.012784
v -0.013442 -0.001994 -0.010312
v -0.010940 0.006214 -0.009791
v -0.010759 0.003275 -0.006542
v -0.014405 0.003282 -0.015072
v -0.016091 0.003250 -0.015262
v -0.017161 0.003718 -0.014031
v -0.010743 0.004814 -0.007548
v -0.010549 0.007166 -0.008017
v -0.010889 0.009006 -0.009688
v -0.011861 0.009832 -0.012609
v -0.014242 0.006197 -0.015861
v -0.013115 0.010021 -0.014479
v -0.016083 0.006308 -0.016520
v -0.016998 0.006633 -0.014820
v -0.015606 0.010425 -0.011195
v -0.014809 0.010888 -0.015068
v -0.012408 0.011093 -0.013056
v -0.013836 0.012719 -0.013256
v -0.015871 0.010457 -0.013438
v -0.015164 0.011529 -0.012015
v -0.012501 0.003551 -0.005884
v -0.016198 -0.001558 -0.009271
v -0.015094 -0.002195 -0.010338
v -0.013442 -0.001994 -0.010312
v -0.014244 0.003827 -0.005226
v -0.010759 0.003275 -0.006542
v -0.013739 0.010130 -0.011900
v -0.011861 0.009832 -0.012609
v -0.012408 0.011093 -0.013056
v -0.013788 0.011312 -0.012535
v -0.015164 0.011529 -0.012015
v -0.015606 0.010425 -0.011195
v -0.012761 0.009302 -0.008981
v -0.014634 0.009599 -0.008274
v -0.010889 0.009006 -0.009688
v -0.010549 0.007166 -0.008017
v -0.012421 0.007462 -0.007310
v -0.010743 0.004814 -0.007548
v -0.012616 0.005110 -0.006841
v -0.014294 0.007759 -0.006602
v -0.014489 0.005407 -0.006134
v -0.010759 0.003275 -0.006542
v -0.012501 0.003551 -0.005884
v -0.014244 0.003827 -0.005226
v -0.013836 0.012719 -0.013256
v -0.011152 0.004571 -0.005340
v -0.010563 0.006926 -0.004768
v -0.011893 0.004629 -0.004723
v -0.010579 0.004802 -0.006523
v -0.010120 0.006707 -0.006107
v -0.011305 0.006271 -0.009653
v -0.011371 0.003252 -0.007971
v -0.010080 0.008445 -0.006730
v -0.010381 0.009935 -0.008151
v -0.011079 0.010591 -0.010273
v -0.012098 0.009925 -0.012692
v -0.012991 0.011366 -0.013056
v -0.011772 0.011981 -0.010087
v -0.010879 0.011169 -0.007381
v -0.010482 0.009219 -0.005516
v -0.012202 0.003040 -0.007480
v -0.013027 0.002852 -0.006983
v -0.012836 0.004837 -0.004704
v -0.012247 0.007192 -0.004132
v -0.013946 0.005335 -0.005251
v -0.014739 0.003785 -0.006699
v -0.015055 0.006865 -0.008236
v -0.013488 0.007240 -0.004835
v -0.013448 0.008978 -0.005458
v -0.013749 0.010468 -0.006879
v -0.012166 0.009485 -0.004880
v -0.012563 0.011435 -0.006745
v -0.014447 0.011124 -0.009001
v -0.015466 0.010458 -0.011420
v -0.013456 0.012247 -0.009451
v -0.014675 0.011632 -0.012420
v -0.013886 0.003306 -0.006844
v -0.012579 0.012413 -0.009800
v -0.013853 0.011914 -0.012965
v -0.011626 0.011591 -0.006932
v -0.011209 0.009512 -0.004959
v -0.011322 0.006969 -0.004194
v 0.011311 -0.008043 0.007022
v 0.008895 -0.007575 0.006008
v 0.011311 -0.008464 0.005024
v 0.013728 -0.007575 0.006008
v 0.014343 -0.006165 0.002568
v 0.013728 -0.004633 0.009034
v 0.011311 -0.006048 0.009241
v 0.008895 -0.004633 0.009034
v 0.011311 -0.003499 0.009433
v 0.008293 -0.002130 0.006405
v 0.008293 -0.006165 0.002568
v 0.007935 0.000536 0.003218
v 0.007935 -0.004804 -0.001263
v 0.011318 -0.000961 0.007091
v 0.011318 -0.007609 0.001383
v 0.014708 -0.004804 -0.001263
v 0.014343 -0.002130 0.006405
v 0.014708 0.000536 0.003218
v 0.011321 -0.006070 -0.002325
v 0.011321 0.001631 0.004137
v 0.014031 0.000171 0.002912
v 0.011321 0.000141 -0.000016
v 0.011321 0.001048 0.003647
v 0.008612 0.000171 0.002912
v 0.014031 -0.004477 -0.000988
v 0.008612 -0.004477 -0.000988
v 0.011321 -0.005490 -0.001838
v 0.007935 -0.004804 -0.001263
v 0.011321 -0.006070 -0.002325
v 0.007935 0.000536 0.003218
v 0.011321 0.001631 0.004137
v 0.014708 0.000536 0.003218
v 0.014708 -0.004804 -0.001263
v 0.008464 0.003073 -0.001738
v 0.010877 -0.003675 -0.005555
v 0.009621 -0.005142 -0.002164
v 0.014488 -0.004823 -0.005501
v 0.013265 -0.006012 -0.001757
v 0.015889 -0.004151 0.000204
v 0.015826 -0.002633 -0.009978
v 0.016786 -0.002740 -0.003323
v 0.014023 -0.001894 -0.010546
v 0.012355 0.002381 -0.009882
v 0.011499 0.003894 -0.009181
v 0.010239 0.002815 -0.005869
v 0.009580 0.003176 -0.004433
v 0.009505 0.004325 -0.004665
v 0.017291 -0.001377 -0.009311
v 0.016879 0.003097 -0.008174
v 0.016627 0.004705 -0.007245
v 0.015655 0.003672 -0.003823
v 0.010542 0.006059 -0.005068
v 0.015122 0.004053 -0.002340
v 0.014209 0.003982 0.000432
v 0.013739 0.001613 0.003483
v 0.010740 0.004190 0.000648
v 0.010164 0.002299 0.002972
v 0.007471 0.000621 0.001116
v 0.011549 0.006553 -0.002500
v 0.014063 0.006616 -0.003738
v 0.014987 0.005192 -0.002595
v 0.014063 0.006616 -0.003738
v 0.014200 0.007350 -0.004181
v 0.015147 0.007453 -0.005028
v 0.014987 0.005192 -0.002595
v 0.015122 0.004053 -0.002340
v 0.016334 0.006892 -0.006061
v 0.016843 0.009195 -0.009860
v 0.016143 0.009656 -0.008726
v 0.016672 0.005805 -0.006791
v 0.016805 0.008184 -0.010033
v 0.016627 0.004705 -0.007245
v 0.016879 0.003097 -0.008174
v 0.015655 0.003672 -0.003823
v 0.016634 0.003520 -0.008695
v 0.017232 -0.001068 -0.009804
v 0.017291 -0.001377 -0.009311
v 0.015930 -0.002193 -0.010440
v 0.015826 -0.002633 -0.009978
v 0.014300 -0.001531 -0.010911
v 0.014023 -0.001894 -0.010546
v 0.012355 0.002381 -0.009882
v 0.012752 0.002906 -0.010162
v 0.012232 0.007461 -0.011760
v 0.011499 0.003894 -0.009181
v 0.010812 0.004877 -0.009005
v 0.011819 0.008400 -0.011758
v 0.010239 0.002815 -0.005869
v 0.009580 0.003176 -0.004433
v 0.010357 0.005947 -0.008319
v 0.010296 0.006686 -0.006860
v 0.011460 0.008915 -0.010495
v 0.010528 0.006769 -0.005568
v 0.009505 0.004325 -0.004665
v 0.010542 0.006059 -0.005068
v 0.011799 0.006913 -0.003316
v 0.010528 0.006769 -0.005568
v 0.011799 0.006913 -0.003316
v 0.015930 -0.002193 -0.010440
v 0.014200 0.007350 -0.004181
v 0.017232 -0.001068 -0.009804
v 0.016634 0.003520 -0.008695
v 0.016805 0.008184 -0.010033
v 0.016143 0.009656 -0.008726
v 0.016843 0.009195 -0.009860
v 0.014300 -0.001531 -0.010911
v 0.012752 0.002906 -0.010162
v 0.012232 0.007461 -0.011760
v 0.011460 0.008915 -0.010495
v 0.011819 0.008400 -0.011758
v 0.013265 -0.006012 -0.001757
v 0.010164 0.002299 0.002972
v 0.007471 0.000621 0.001116
v 0.009621 -0.005142 -0.002164
v 0.015889 -0.004151 0.000204
v 0.013739 0.001613 0.003483
v 0.015329 0.007305 -0.012817
v 0.012784 0.008140 -0.014987
v 0.013132 0.006701 -0.014972
v 0.012605 0.010031 -0.013997
v 0.013366 0.012018 -0.013883
v 0.014940 0.012777 -0.014087
v 0.016133 0.012456 -0.012838
v 0.017287 0.010772 -0.012228
v 0.018313 0.009014 -0.012899
v 0.018445 0.007541 -0.012965
v 0.017758 0.001602 -0.012568
v 0.017090 0.005369 -0.010565
v 0.017105 0.005889 -0.010389
v 0.014974 0.001162 -0.013619
v 0.012868 0.005219 -0.011990
v 0.013133 0.004743 -0.012060
v 0.015848 0.000819 -0.013805
v 0.017348 0.001056 -0.013238
v 0.016729 0.000530 -0.013699
v 0.025132 -0.004770 -0.044944
v 0.025696 -0.004907 -0.045292
v 0.025084 -0.006813 -0.041454
v 0.024449 -0.006592 -0.041337
v 0.025483 -0.007799 -0.037787
v 0.024868 -0.007341 -0.037509
v 0.025249 -0.001606 -0.044641
v 0.024740 -0.001585 -0.044423
v 0.023579 -0.003815 -0.042311
v 0.022309 -0.002795 -0.039627
v 0.022785 -0.003394 -0.036635
v 0.023631 -0.001402 -0.043340
v 0.022282 0.000837 -0.041143
v 0.020404 0.003544 -0.037433
v 0.023357 0.004302 -0.042001
v 0.024067 0.007956 -0.039619
v 0.024517 0.007870 -0.040135
v 0.023767 0.004708 -0.042087
v 0.025242 0.008487 -0.039571
v 0.024941 0.008747 -0.038883
v 0.026292 0.008151 -0.039465
v 0.026255 0.008302 -0.038793
v 0.028946 0.005528 -0.040131
v 0.029292 0.005241 -0.039759
v 0.031468 -0.000520 -0.041882
v 0.031253 -0.000656 -0.042373
v 0.022246 0.007477 -0.031216
v 0.023444 0.007134 -0.030767
v 0.028648 0.004848 -0.034319
v 0.024479 0.005805 -0.030118
v 0.030442 0.002128 -0.038060
v 0.030426 -0.001511 -0.036561
v 0.031509 -0.000155 -0.040364
v 0.021195 0.006778 -0.031616
v 0.020398 0.005160 -0.031660
v 0.031534 -0.002556 -0.039306
v 0.031036 -0.005549 -0.038849
v 0.032389 -0.003622 -0.042203
v 0.030719 -0.005922 -0.039326
v 0.028465 -0.006771 -0.036151
v 0.028329 -0.007349 -0.036712
v 0.032249 -0.003870 -0.042816
v 0.028314 -0.002519 -0.034547
v 0.026995 -0.007255 -0.034836
v 0.027086 -0.007679 -0.035481
v 0.025968 -0.007513 -0.034790
v 0.026286 -0.007783 -0.035518
v 0.025196 -0.007540 -0.035516
v 0.025663 -0.007904 -0.036018
v 0.025842 -0.003181 -0.033234
v 0.024688 -0.003402 -0.033123
v 0.023877 -0.003492 -0.033976
v 0.025249 -0.001606 -0.044641
v 0.023767 0.004708 -0.042087
v 0.025913 -0.003764 -0.041952
v 0.025696 -0.004907 -0.045292
v 0.025084 -0.006813 -0.041454
v 0.027260 -0.003466 -0.039906
v 0.024517 0.007870 -0.040135
v 0.025242 0.008487 -0.039571
v 0.026292 0.008151 -0.039465
v 0.029624 -0.003177 -0.040550
v 0.028946 0.005528 -0.040131
v 0.031253 -0.000656 -0.042373
v 0.032249 -0.003870 -0.042816
v 0.030719 -0.005922 -0.039326
v 0.028329 -0.007349 -0.036712
v 0.025483 -0.007799 -0.037787
v 0.025663 -0.007904 -0.036018
v 0.026286 -0.007783 -0.035518
v 0.027086 -0.007679 -0.035481
v 0.028648 0.004848 -0.034319
v 0.028820 0.001227 -0.033499
v 0.030426 -0.001511 -0.036561
v 0.028314 -0.002519 -0.034547
v 0.025734 -0.000970 -0.032049
v 0.025977 0.003466 -0.028917
v 0.024479 0.005805 -0.030118
v 0.023769 0.005070 -0.025209
v 0.024457 0.000715 -0.029192
v 0.022998 0.002093 -0.025362
v 0.022383 0.006269 -0.020977
v 0.021755 0.003045 -0.021497
v 0.021676 0.007187 -0.017610
v 0.020732 0.003793 -0.018062
v 0.019487 0.007583 -0.013068
v 0.020684 0.009952 -0.017817
v 0.018972 0.009204 -0.013019
v 0.017639 0.010914 -0.012462
v 0.017287 0.010772 -0.012228
v 0.018313 0.009014 -0.012899
v 0.016426 0.012590 -0.013090
v 0.015059 0.013139 -0.014557
v 0.016133 0.012456 -0.012838
v 0.014940 0.012777 -0.014087
v 0.013366 0.012018 -0.013883
v 0.021562 0.008707 -0.021292
v 0.017318 0.011410 -0.019814
v 0.019165 0.004951 -0.013260
v 0.018224 0.001769 -0.012672
v 0.017621 0.005307 -0.010796
v 0.017760 0.005787 -0.010610
v 0.018445 0.007541 -0.012965
v 0.018762 0.009773 -0.022943
v 0.021843 0.007050 -0.025159
v 0.023050 0.006410 -0.027680
v 0.020984 0.007746 -0.027987
v 0.018731 0.006557 -0.026334
v 0.015986 0.007825 -0.023398
v 0.014021 0.008897 -0.020333
v 0.013930 0.005961 -0.020535
v 0.012444 0.006469 -0.015728
v 0.012341 0.008155 -0.015524
v 0.012463 0.010096 -0.014417
v 0.013283 0.012093 -0.014277
v 0.015815 0.003015 -0.019919
v 0.017516 0.002374 -0.023098
v 0.015859 0.005237 -0.023442
v 0.019383 0.001521 -0.026728
v 0.013511 0.004057 -0.015395
v 0.014658 0.001205 -0.014019
v 0.015837 0.000634 -0.014140
v 0.014974 0.001162 -0.013619
v 0.015848 0.000819 -0.013805
v 0.012921 0.004564 -0.012571
v 0.012572 0.004966 -0.012570
v 0.013133 0.004743 -0.012060
v 0.017928 0.004146 -0.027415
v 0.021194 0.000199 -0.030424
v 0.019187 0.002392 -0.031481
v 0.020398 0.005160 -0.031660
v 0.022588 -0.001468 -0.033237
v 0.020404 0.003544 -0.037433
v 0.020731 -0.000053 -0.036554
v 0.022785 -0.003394 -0.036635
v 0.022309 -0.002795 -0.039627
v 0.024012 -0.001941 -0.031947
v 0.024688 -0.003402 -0.033123
v 0.022937 -0.000629 -0.029648
v 0.021316 0.000488 -0.025825
v 0.019953 0.000767 -0.022324
v 0.018863 0.000800 -0.019462
v 0.025842 -0.003181 -0.033234
v 0.016880 0.000339 -0.014017
v 0.017620 0.000916 -0.013466
v 0.017348 0.001056 -0.013238
v 0.016729 0.000530 -0.013699
v 0.017758 0.001602 -0.012568
v 0.017090 0.005369 -0.010565
v 0.017105 0.005889 -0.010389
v 0.012868 0.005219 -0.011990
v 0.013132 0.006701 -0.014972
v 0.012784 0.008140 -0.014987
v 0.012605 0.010031 -0.013997
v 0.019676 0.005876 -0.028955
v 0.018731 0.006557 -0.026334
v 0.020984 0.007746 -0.027987
v 0.023050 0.006410 -0.027680
v 0.021843 0.007050 -0.025159
v 0.019676 0.005876 -0.028955
v 0.023877 -0.003492 -0.033976
v 0.030395 -0.001634 -0.045815
v 0.032173 -0.004020 -0.045003
v 0.032032 -0.004197 -0.046275
v 0.033490 -0.006675 -0.046238
v 0.033367 -0.006478 -0.045017
v 0.033650 -0.007059 -0.044789
v 0.033755 -0.007885 -0.045896
v 0.033306 -0.007291 -0.044256
v 0.033360 -0.008301 -0.044719
v 0.031835 -0.007960 -0.042020
v 0.031400 -0.004849 -0.041780
v 0.031621 -0.004063 -0.043109
v 0.031426 -0.006357 -0.041412
v 0.028721 -0.001452 -0.038162
v 0.029896 -0.001363 -0.044140
v 0.028643 -0.005431 -0.039042
v 0.026392 0.002001 -0.034412
v 0.024830 0.003542 -0.036408
v 0.023753 0.002926 -0.033298
v 0.022844 0.001439 -0.035753
v 0.024438 -0.002129 -0.039780
v 0.026195 -0.005818 -0.039967
v 0.027750 -0.007774 -0.039399
v 0.024390 0.000071 -0.033788
v 0.023753 0.002926 -0.033298
v 0.028149 -0.009257 -0.039835
v 0.025831 -0.007242 -0.043525
v 0.025683 -0.005753 -0.043940
v 0.026622 -0.008348 -0.046781
v 0.026727 -0.008155 -0.047404
v 0.027206 -0.009275 -0.047044
v 0.027705 -0.008842 -0.048181
v 0.026850 -0.007510 -0.047478
v 0.027656 -0.007598 -0.048442
v 0.026363 -0.008826 -0.044087
v 0.026973 -0.009550 -0.044143
v 0.026168 -0.004926 -0.045169
v 0.026984 -0.004840 -0.046963
v 0.027947 -0.004844 -0.047818
v 0.028352 -0.001957 -0.046587
v 0.027537 -0.001890 -0.044927
v 0.028438 -0.000862 -0.044116
v 0.029134 -0.000753 -0.046004
v 0.027173 -0.009051 -0.041737
v 0.027782 -0.009765 -0.042424
v 0.028758 -0.009960 -0.041153
v 0.030108 -0.009397 -0.041545
v 0.029909 -0.008618 -0.040703
v 0.031624 -0.008815 -0.042386
v 0.033490 -0.006675 -0.046238
v 0.033755 -0.007885 -0.045896
v 0.029841 -0.007125 -0.045207
v 0.032032 -0.004197 -0.046275
v 0.030395 -0.001634 -0.045815
v 0.029134 -0.000753 -0.046004
v 0.028352 -0.001957 -0.046587
v 0.027947 -0.004844 -0.047818
v 0.027656 -0.007598 -0.048442
v 0.027705 -0.008842 -0.048181
v 0.029841 -0.007125 -0.045207
v 0.033755 -0.007885 -0.045896
v 0.033360 -0.008301 -0.044719
v 0.031624 -0.008815 -0.042386
v 0.030108 -0.009397 -0.041545
v 0.028758 -0.009960 -0.041153
v 0.027782 -0.009765 -0.042424
v 0.026973 -0.009550 -0.044143
v 0.027206 -0.009275 -0.047044
v 0.027705 -0.008842 -0.048181
v 0.029758 -0.010326 -0.043646
v 0.028783 -0.010550 -0.044888
v 0.030810 -0.013608 -0.045056
v 0.031317 -0.010150 -0.043931
v 0.033202 -0.014192 -0.047313
v 0.030722 -0.014584 -0.048249
v 0.031199 -0.008328 -0.043762
v 0.033390 -0.008469 -0.046375
v 0.029439 -0.008536 -0.043553
v 0.030639 -0.004294 -0.043969
v 0.033099 -0.007056 -0.046195
v 0.028983 -0.003105 -0.044620
v 0.028264 -0.008792 -0.044871
v 0.027704 -0.004759 -0.045077
v 0.028140 -0.007840 -0.048068
v 0.028431 -0.009253 -0.048248
v 0.034545 -0.012986 -0.047851
v 0.029733 -0.001840 -0.047136
v 0.031398 -0.002952 -0.046541
v 0.032649 -0.001711 -0.050372
v 0.031030 -0.000761 -0.051021
v 0.033099 -0.005667 -0.046778
v 0.033944 -0.003762 -0.049812
v 0.028463 -0.003416 -0.047650
v 0.028140 -0.006451 -0.048651
v 0.028985 -0.004546 -0.051685
v 0.029714 -0.002175 -0.051481
v 0.029786 -0.013739 -0.049648
v 0.029778 -0.012781 -0.051124
v 0.031484 -0.017714 -0.048789
v 0.030586 -0.015924 -0.050717
v 0.032545 -0.017864 -0.047869
v 0.032833 -0.018799 -0.048239
v 0.033565 -0.020582 -0.049431
v 0.033856 -0.017338 -0.047893
v 0.031526 -0.016066 -0.045923
v 0.032130 -0.018950 -0.050031
v 0.034535 -0.018569 -0.049123
v 0.035258 -0.015185 -0.048952
v 0.035246 -0.011916 -0.049059
v 0.030998 -0.009548 -0.047256
v 0.032599 -0.013028 -0.050037
v 0.031385 -0.013011 -0.050502
v 0.030022 -0.009442 -0.047633
v 0.030619 -0.007448 -0.047132
v 0.031905 -0.009144 -0.046922
v 0.033761 -0.012635 -0.049605
v 0.030454 -0.012674 -0.050869
v 0.029023 -0.009159 -0.048024
v 0.029778 -0.012781 -0.051124
v 0.028431 -0.009253 -0.048248
v 0.028140 -0.007840 -0.048068
v 0.028732 -0.007747 -0.047845
v 0.028140 -0.006451 -0.048651
v 0.028732 -0.006357 -0.048427
v 0.028985 -0.004546 -0.051685
v 0.029582 -0.004452 -0.051460
v 0.029621 -0.005776 -0.048105
v 0.030532 -0.005372 -0.047769
v 0.031393 -0.003599 -0.050793
v 0.030474 -0.003919 -0.051135
v 0.031503 -0.005479 -0.047394
v 0.032356 -0.003621 -0.050424
v 0.033347 -0.003856 -0.050038
v 0.032498 -0.005762 -0.047005
v 0.033944 -0.003762 -0.049812
v 0.033099 -0.005667 -0.046778
v 0.032497 -0.007151 -0.046422
v 0.033099 -0.007056 -0.046195
v 0.032789 -0.008564 -0.046602
v 0.033390 -0.008469 -0.046375
v 0.035246 -0.011916 -0.049059
v 0.034570 -0.012023 -0.049314
v 0.029714 -0.002175 -0.051481
v 0.031030 -0.000761 -0.051021
v 0.031393 -0.003599 -0.050793
v 0.032649 -0.001711 -0.050372
v 0.032356 -0.003621 -0.050424
v 0.030474 -0.003919 -0.051135
v 0.029582 -0.004452 -0.051460
v 0.028985 -0.004546 -0.051685
v 0.033347 -0.003856 -0.050038
v 0.033944 -0.003762 -0.049812
v 0.033332 -0.018760 -0.049577
v 0.034535 -0.018569 -0.049123
v 0.033565 -0.020582 -0.049431
v 0.032130 -0.018950 -0.050031
v 0.032599 -0.013028 -0.050037
v 0.031385 -0.013011 -0.050502
v 0.033761 -0.012635 -0.049605
v 0.035258 -0.015185 -0.048952
v 0.034570 -0.012023 -0.049314
v 0.035246 -0.011916 -0.049059
v 0.030586 -0.015924 -0.050717
v 0.030454 -0.012674 -0.050869
v 0.029778 -0.012781 -0.051124
v 0.015432 0.009599 -0.008274
v 0.015092 0.007759 -0.006602
v 0.016219 0.006923 -0.008098
v 0.015287 0.005407 -0.006134
v 0.015042 0.003827 -0.005226
v 0.016996 -0.001558 -0.009271
v 0.017585 0.000626 -0.011743
v 0.016416 -0.000205 -0.012560
v 0.015892 -0.002195 -0.010338
v 0.014828 0.000190 -0.012784
v 0.014240 -0.001994 -0.010312
v 0.011738 0.006214 -0.009791
v 0.011557 0.003275 -0.006542
v 0.015203 0.003282 -0.015072
v 0.016890 0.003250 -0.015262
v 0.017960 0.003718 -0.014031
v 0.011542 0.004814 -0.007548
v 0.011347 0.007166 -0.008017
v 0.011687 0.009006 -0.009688
v 0.012659 0.009832 -0.012609
v 0.015040 0.006197 -0.015861
v 0.013913 0.010021 -0.014479
v 0.016881 0.006308 -0.016520
v 0.017797 0.006633 -0.014820
v 0.016405 0.010425 -0.011195
v 0.015608 0.010888 -0.015068
v 0.013206 0.011093 -0.013056
v 0.014634 0.012719 -0.013256
v 0.016670 0.010457 -0.013438
v 0.015963 0.011529 -0.012015
v 0.016996 -0.001558 -0.009271
v 0.013300 0.003551 -0.005884
v 0.015892 -0.002195 -0.010338
v 0.014240 -0.001994 -0.010312
v 0.015042 0.003827 -0.005226
v 0.011557 0.003275 -0.006542
v 0.014538 0.010130 -0.011900
v 0.014587 0.011312 -0.012535
v 0.013206 0.011093 -0.013056
v 0.012659 0.009832 -0.012609
v 0.015963 0.011529 -0.012015
v 0.016405 0.010425 -0.011195
v 0.013560 0.009302 -0.008981
v 0.015432 0.009599 -0.008274
v 0.011687 0.009006 -0.009688
v 0.011347 0.007166 -0.008017
v 0.013219 0.007462 -0.007310
v 0.011542 0.004814 -0.007548
v 0.013414 0.005110 -0.006841
v 0.015092 0.007759 -0.006602
v 0.015287 0.005407 -0.006134
v 0.011557 0.003275 -0.006542
v 0.013300 0.003551 -0.005884
v 0.015042 0.003827 -0.005226
v 0.014634 0.012719 -0.013256
v 0.011361 0.006926 -0.004768
v 0.011950 0.004571 -0.005340
v 0.012691 0.004629 -0.004723
v 0.011377 0.004802 -0.006523
v 0.010918 0.006707 -0.006107
v 0.012103 0.006271 -0.009653
v 0.012169 0.003252 -0.007971
v 0.010879 0.008445 -0.006730
v 0.011180 0.009935 -0.008151
v 0.011877 0.010591 -0.010273
v 0.012896 0.009925 -0.012692
v 0.013789 0.011366 -0.013056
v 0.012570 0.011981 -0.010087
v 0.011677 0.011169 -0.007381
v 0.011281 0.009219 -0.005516
v 0.013000 0.003040 -0.007480
v 0.013826 0.002852 -0.006983
v 0.013634 0.004837 -0.004704
v 0.013045 0.007192 -0.004132
v 0.014745 0.005335 -0.005251
v 0.015537 0.003785 -0.006699
v 0.015854 0.006865 -0.008236
v 0.014286 0.007240 -0.004835
v 0.014247 0.008978 -0.005458
v 0.014548 0.010468 -0.006879
v 0.012965 0.009485 -0.004880
v 0.013361 0.011435 -0.006745
v 0.015245 0.011124 -0.009001
v 0.016264 0.010458 -0.011420
v 0.014254 0.012247 -0.009451
v 0.015473 0.011632 -0.012420
v 0.014684 0.003306 -0.006844
v 0.013377 0.012413 -0.009800
v 0.014651 0.011914 -0.012965
v 0.012424 0.011591 -0.006932
v 0.012008 0.009512 -0.004959
v 0.012121 0.006969 -0.004194
v 0.019340 0.016107 0.010683
v 0.018828 -0.001186 0.004654
v 0.018207 -0.001440 0.004077
v 0.019924 0.016047 0.011291
v 0.019988 0.019420 0.012269
v 0.020456 0.021563 0.013650
v 0.020215 0.022869 0.013866
v 0.019396 0.020605 0.012154
v 0.019777 0.025041 0.014423
v 0.020016 0.015690 0.012171
v 0.020641 0.020032 0.014002
v 0.018749 -0.001389 0.005160
v 0.019656 0.015368 0.012995
v 0.018669 -0.001591 0.005667
v 0.018929 0.015063 0.013299
v 0.017948 -0.002098 0.005729
v 0.020208 0.020935 0.015226
v 0.019619 0.018487 0.014610
v 0.019896 0.022061 0.015893
v 0.018896 0.019338 0.015331
v 0.019394 0.024071 0.016857
v 0.019420 0.020666 0.012002
v 0.019396 0.020605 0.012154
v 0.019988 0.019420 0.012269
v 0.017247 0.025142 0.011800
v 0.017595 0.021096 0.013947
v 0.017247 0.025142 0.011800
v 0.017722 -0.001975 0.003838
v 0.017587 -0.002287 0.004620
v 0.017476 -0.002600 0.005404
v 0.016263 0.022645 0.018061
v 0.017912 -0.002436 0.005811
v 0.018757 0.015075 0.013506
v 0.018872 0.019278 0.015482
v 0.019619 0.018487 0.014610
v 0.018230 -0.001628 0.003784
v 0.019229 0.016273 0.010502
v 0.019420 0.020666 0.012002
v 0.019988 0.019420 0.012269
v 0.018549 -0.001469 0.005097
v 0.018608 -0.001345 0.004708
v 0.018828 -0.001186 0.004654
v 0.018749 -0.001389 0.005160
v 0.018669 -0.001591 0.005667
v 0.018489 -0.001647 0.005464
v 0.018078 -0.001769 0.004903
v 0.017948 -0.002098 0.005729
v 0.017605 -0.002168 0.005439
v 0.017707 -0.001931 0.004780
v 0.017809 -0.001650 0.004139
v 0.018207 -0.001440 0.004077
v 0.018896 0.019338 0.015331
v 0.018872 0.019278 0.015482
v 0.019619 0.018487 0.014610
v 0.016263 0.022645 0.018061
v 0.018757 0.015075 0.013506
v 0.017912 -0.002436 0.005811
v 0.017948 -0.002098 0.005729
v 0.018929 0.015063 0.013299
v 0.017941 -0.002361 0.005623
v 0.017595 0.021096 0.013947
v 0.016263 0.022645 0.018061
v 0.018896 0.019338 0.015331
v 0.019146 0.019972 0.013742
v 0.019396 0.020605 0.012154
v 0.017595 0.021096 0.013947
v 0.017247 0.025142 0.011800
v 0.020215 0.022869 0.013866
v 0.019777 0.025041 0.014423
v 0.019457 0.024566 0.015623
v 0.020456 0.021563 0.013650
v 0.020641 0.020032 0.014002
v 0.020208 0.020935 0.015226
v 0.019896 0.022061 0.015893
v 0.019394 0.024071 0.016857
v 0.019396 0.020605 0.012154
v 0.019146 0.019972 0.013742
v 0.019457 0.024566 0.015623
v 0.019777 0.025041 0.014423
v 0.019394 0.024071 0.016857
v 0.018896 0.019338 0.015331
v 0.018929 0.015063 0.013299
v 0.019619 0.018487 0.014610
v 0.018757 0.015075 0.013506
v 0.017941 -0.002361 0.005623
v 0.017912 -0.002436 0.005811
v 0.017476 -0.002600 0.005404
v 0.017599 -0.002431 0.005333
v 0.017700 -0.002194 0.004674
v 0.017587 -0.002287 0.004620
v 0.017722 -0.001975 0.003838
v 0.017803 -0.001913 0.004034
v 0.018201 -0.001702 0.003972
v 0.018230 -0.001628 0.003784
v 0.017941 -0.002361 0.005623
v 0.017599 -0.002431 0.005333
v 0.017605 -0.002168 0.005439
v 0.017948 -0.002098 0.005729
v 0.017803 -0.001913 0.004034
v 0.018201 -0.001702 0.003972
v 0.018207 -0.001440 0.004077
v 0.017809 -0.001650 0.004139
v 0.017599 -0.002431 0.005333
v 0.017700 -0.002194 0.004674
v 0.017707 -0.001931 0.004780
v 0.017605 -0.002168 0.005439
v 0.017809 -0.001650 0.004139
v 0.017803 -0.001913 0.004034
v 0.018207 -0.001440 0.004077
v 0.018201 -0.001702 0.003972
v 0.018230 -0.001628 0.003784
v 0.019229 0.016273 0.010502
v 0.019340 0.016107 0.010683
v 0.019988 0.019420 0.012269
v 0.019340 0.016107 0.010683
v 0.019229 0.016273 0.010502
v 0.020825 0.028184 0.017282
v 0.020583 0.020037 0.013994
v 0.020434 0.020957 0.013545
v 0.020641 0.027996 0.016607
v 0.020489 0.027611 0.017571
v 0.020223 0.020423 0.014884
v 0.018980 0.024935 0.017006
v 0.018878 0.022171 0.015887
v 0.019328 0.025818 0.014792
v 0.019226 0.023054 0.013674
v 0.019226 0.023054 0.013674
v 0.020434 0.020957 0.013545
v 0.020583 0.020037 0.013994
v 0.019634 0.022943 0.015004
v 0.019328 0.025818 0.014792
v 0.019634 0.025340 0.015960
v 0.020825 0.028184 0.017282
v 0.020641 0.027996 0.016607
v 0.018878 0.022171 0.015887
v 0.020223 0.020423 0.014884
v 0.018980 0.024935 0.017006
v 0.020489 0.027611 0.017571
v 0.018803 0.031028 0.018098
v 0.016378 0.031497 0.021707
v 0.018698 0.030906 0.019719
v 0.020996 0.030255 0.018134
v 0.019146 0.032042 0.016870
v 0.017388 0.034060 0.015281
v 0.017515 0.032427 0.018453
v 0.019431 0.022674 0.016145
v 0.019487 0.024907 0.017045
v 0.018481 0.023022 0.016704
v 0.018698 0.030906 0.019719
v 0.016576 0.020879 0.016870
v 0.016378 0.031497 0.021707
v 0.020510 0.027609 0.017620
v 0.020996 0.030255 0.018134
v 0.020901 0.028226 0.017310
v 0.020674 0.028025 0.016577
v 0.019146 0.032042 0.016870
v 0.019827 0.025770 0.014881
v 0.018973 0.024268 0.013578
v 0.019771 0.023537 0.013982
v 0.017418 0.023015 0.011514
v 0.017388 0.034060 0.015281
v 0.016378 0.031497 0.021707
v 0.017013 0.021809 0.016128
v 0.016576 0.020879 0.016870
v 0.017515 0.032427 0.018453
v 0.017357 0.022250 0.015012
v 0.017613 0.021816 0.014237
v 0.017528 0.022683 0.013926
v 0.017388 0.034060 0.015281
v 0.017541 0.023149 0.012768
v 0.017418 0.023015 0.011514
v 0.018973 0.024268 0.013578
v 0.019385 0.025693 0.015100
v 0.017528 0.022683 0.013926
v 0.017541 0.023149 0.012768
v 0.017418 0.023015 0.011514
v 0.019657 0.025338 0.015963
v 0.017613 0.021816 0.014237
v 0.017357 0.022250 0.015012
v 0.019130 0.025045 0.016724
v 0.018481 0.023022 0.016704
v 0.017013 0.021809 0.016128
v 0.016576 0.020879 0.016870
v 0.019771 0.023537 0.013982
v 0.019827 0.025770 0.014881
v 0.020901 0.028226 0.017310
v 0.020674 0.028025 0.016577
v 0.019487 0.024907 0.017045
v 0.020510 0.027609 0.017620
v 0.019431 0.022674 0.016145
v 0.017713 0.017701 0.010842
v 0.017596 0.017405 0.011583
v 0.017577 0.020851 0.013011
v 0.017710 0.021189 0.012165
v 0.018462 0.017796 0.010559
v 0.018566 0.021298 0.011842
v 0.019095 0.017596 0.011017
v 0.019288 0.021069 0.012365
v 0.018979 0.017300 0.011759
v 0.019155 0.020731 0.013212
v 0.018217 0.017174 0.012118
v 0.018273 0.020556 0.013701
v 0.017848 0.021775 0.013277
v 0.017943 0.022014 0.012676
v 0.018549 0.022092 0.012447
v 0.019062 0.021929 0.012818
v 0.018967 0.021690 0.013419
v 0.018361 0.021613 0.013648
v 0.018222 0.015739 0.011220
v 0.017756 0.015887 0.010882
v 0.018775 0.015809 0.011011
v 0.018861 0.016028 0.010465
v 0.018394 0.016175 0.010127
v 0.017842 0.016105 0.010335
v 0.017762 0.013259 0.009792
v 0.018168 0.013130 0.010086
v 0.018648 0.013191 0.009905
v 0.018723 0.013381 0.009430
v 0.018317 0.013509 0.009136
v 0.017837 0.013448 0.009317
v 0.017706 0.022592 0.013676
v 0.017826 0.022896 0.012914
v 0.018596 0.022994 0.012623
v 0.019246 0.022788 0.013094
v 0.019126 0.022484 0.013856
v 0.018356 0.022386 0.014147
v 0.018062 0.024892 0.014474
v 0.018135 0.025077 0.014008
v 0.018605 0.025137 0.013831
v 0.019002 0.025011 0.014119
v 0.018929 0.024826 0.014584
v 0.018459 0.024766 0.014761
v 0.017359 0.016804 0.013090
v 0.017243 0.016509 0.013831
v 0.017222 0.019951 0.015269
v 0.017355 0.020289 0.014422
v 0.018120 0.016929 0.012734
v 0.018236 0.020462 0.013938
v 0.018742 0.016699 0.013265
v 0.018933 0.020169 0.014623
v 0.018625 0.016403 0.014007
v 0.018800 0.019831 0.015469
v 0.017876 0.016308 0.014290
v 0.017945 0.019722 0.015792
v 0.017493 0.020875 0.015534
v 0.017588 0.021114 0.014934
v 0.018194 0.021191 0.014705
v 0.018707 0.021029 0.015076
v 0.018612 0.020790 0.015676
v 0.018005 0.020712 0.015905
v 0.017867 0.014839 0.013478
v 0.017401 0.014987 0.013140
v 0.018420 0.014909 0.013269
v 0.018506 0.015127 0.012722
v 0.018039 0.015275 0.012384
v 0.017486 0.015205 0.012593
v 0.017407 0.012358 0.012050
v 0.017813 0.012230 0.012344
v 0.018293 0.012291 0.012162
v 0.018368 0.012480 0.011687
v 0.017962 0.012609 0.011393
v 0.017482 0.012548 0.011575
v 0.017351 0.021692 0.015933
v 0.017471 0.021996 0.015172
v 0.018241 0.022093 0.014881
v 0.018891 0.021888 0.015352
v 0.018771 0.021584 0.016114
v 0.018001 0.021486 0.016404
v 0.017707 0.023991 0.016731
v 0.017780 0.024177 0.016266
v 0.018250 0.024237 0.016088
v 0.018647 0.024111 0.016376
v 0.018574 0.023926 0.016841
v 0.018104 0.023866 0.017019
v 0.018059 0.013180 0.011530
v 0.018237 0.013630 0.010402
v 0.018735 0.013531 0.010620
v 0.018605 0.013201 0.011446
v 0.018378 0.025987 0.016688
v 0.018556 0.026436 0.015560
v 0.018237 0.013630 0.010402
v 0.018059 0.013180 0.011530
v 0.018893 0.026349 0.015757
v 0.018556 0.026436 0.015560
v 0.018378 0.025987 0.016688
v 0.018764 0.026019 0.016583
v 0.018995 0.018040 0.013437
v 0.019125 0.018369 0.012611
v 0.019200 0.021379 0.013823
v 0.019070 0.021050 0.014649
v 0.019409 0.017633 0.013340
v 0.018995 0.018040 0.013437
v 0.018059 0.013180 0.011530
v 0.018605 0.013201 0.011446
v 0.019070 0.021050 0.014649
v 0.018378 0.025987 0.016688
v 0.018731 0.024699 0.016051
v 0.019820 0.020936 0.014722
v 0.020244 0.021280 0.014926
v 0.018764 0.026019 0.016583
v 0.019978 0.020851 0.014713
v 0.020552 0.021239 0.014469
v 0.020327 0.020783 0.014252
v 0.020374 0.021610 0.014100
v 0.020108 0.021180 0.013887
v 0.019950 0.021265 0.013896
v 0.018861 0.025028 0.015225
v 0.019200 0.021379 0.013823
v 0.018556 0.026436 0.015560
v 0.018893 0.026349 0.015757
v 0.019125 0.018369 0.012611
v 0.018237 0.013630 0.010402
v 0.019539 0.017962 0.012513
v 0.018735 0.013531 0.010620
v 0.018735 0.013531 0.010620
v 0.019539 0.017962 0.012513
v 0.019409 0.017633 0.013340
v 0.018605 0.013201 0.011446
v 0.020244 0.021280 0.014926
v 0.020374 0.021610 0.014100
v 0.018861 0.025028 0.015225
v 0.018731 0.024699 0.016051
v 0.020552 0.021239 0.014469
v 0.018731 0.024699 0.016051
v 0.018861 0.025028 0.015225
v 0.018893 0.026349 0.015757
v 0.018764 0.026019 0.016583
v 0.019539 0.017962 0.012513
v 0.019125 0.018369 0.012611
v 0.018995 0.018040 0.013437
v 0.019409 0.017633 0.013340
v 0.019200 0.021379 0.013823
v 0.019950 0.021265 0.013896
v 0.019820 0.020936 0.014722
v 0.019070 0.021050 0.014649
v 0.019820 0.020936 0.014722
v 0.019950 0.021265 0.013896
v 0.020108 0.021180 0.013887
v 0.019978 0.020851 0.014713
v 0.020327 0.020783 0.014252
v 0.019289 0.019288 0.013827
v 0.018797 0.019058 0.013657
v 0.018773 0.018072 0.013260
v 0.019393 0.017804 0.012916
v 0.020299 0.020957 0.014316
v 0.020039 0.021019 0.014635
v 0.019393 0.017804 0.012916
v 0.018862 0.018297 0.012695
v 0.018886 0.019284 0.013093
v 0.019378 0.019514 0.013262
v 0.020128 0.021244 0.014070
v 0.020299 0.020957 0.014316
v 0.020039 0.021019 0.014635
v 0.020128 0.021244 0.014070
v 0.019378 0.019514 0.013262
v 0.019289 0.019288 0.013827
v 0.019289 0.019288 0.013827
v 0.019378 0.019514 0.013262
v 0.018886 0.019284 0.013093
v 0.018797 0.019058 0.013657
v 0.017083 -0.000629 -0.000538
v 0.017998 0.004957 -0.004864
v 0.018241 0.014742 -0.000923
v 0.017040 0.011545 0.007089
v 0.018312 0.023223 0.002470
v 0.017307 0.020232 0.009959
v 0.017591 0.035032 0.015906
v 0.018813 0.039913 0.009205
v 0.017621 0.036890 0.016784
v 0.016221 0.032436 0.022436
v 0.016269 0.034339 0.023203
v 0.017659 0.039946 0.018009
v 0.018500 0.047850 0.012322
v 0.017294 0.025856 0.013961
v 0.017307 0.020232 0.009959
v 0.017591 0.035032 0.015906
v 0.017557 0.033677 0.016578
v 0.017351 0.020171 0.010108
v 0.017514 0.011392 0.007441
v 0.017040 0.011545 0.007089
v 0.017766 -0.002660 0.002986
v 0.017083 -0.000629 -0.000538
v 0.016490 -0.010148 -0.001395
v 0.016852 0.009714 0.011648
v 0.016471 0.017939 0.015706
v 0.015863 0.018039 0.016638
v 0.014338 -0.007759 0.006109
v 0.017411 -0.003622 0.005395
v 0.014559 -0.011066 0.003348
v 0.016767 0.024519 0.017313
v 0.016114 0.028117 0.020697
v 0.016878 0.031956 0.020892
v 0.016221 0.032436 0.022436
v 0.017294 0.025856 0.013961
v 0.017557 0.033677 0.016578
v 0.016878 0.031956 0.020892
v 0.016767 0.024519 0.017313
v 0.016471 0.017939 0.015706
v 0.017351 0.020171 0.010108
v 0.017514 0.011392 0.007441
v 0.016852 0.009714 0.011648
v 0.017411 -0.003622 0.005395
v 0.017766 -0.002660 0.002986
v 0.016490 -0.010148 -0.001395
v 0.017766 -0.002660 0.002986
v 0.017411 -0.003622 0.005395
v 0.014559 -0.011066 0.003348
v 0.018500 0.047850 0.012322
v 0.018813 0.039913 0.009205
v 0.016033 0.037476 0.015428
v 0.015711 0.019896 0.007433
v 0.018312 0.023223 0.002470
v 0.015503 0.011532 0.004064
v 0.018241 0.014742 -0.000923
v 0.017998 0.004957 -0.004864
v 0.015239 0.000921 -0.000209
v 0.014679 0.000500 0.003951
v 0.014653 0.018131 0.016484
v 0.014636 -0.005076 -0.000573
v 0.013547 -0.007699 0.006008
v 0.014348 -0.009985 -0.001667
v 0.013649 -0.010997 0.003232
v 0.014520 -0.000713 0.006974
v 0.017659 0.039946 0.018009
v 0.014993 0.028202 0.020555
v 0.015100 0.034427 0.023054
v 0.013547 -0.007699 0.006008
v 0.013649 -0.010997 0.003232
v 0.014559 -0.011066 0.003348
v 0.014338 -0.007759 0.006109
v 0.014636 -0.005076 -0.000573
v 0.015239 0.000921 -0.000209
v 0.017083 -0.000629 -0.000538
v 0.016490 -0.010148 -0.001395
v 0.014348 -0.009985 -0.001667
v 0.013649 -0.010997 0.003232
v 0.014348 -0.009985 -0.001667
v 0.016490 -0.010148 -0.001395
v 0.014559 -0.011066 0.003348
v 0.014653 0.018131 0.016484
v 0.013547 -0.007699 0.006008
v 0.014338 -0.007759 0.006109
v 0.015863 0.018039 0.016638
v 0.016114 0.028117 0.020697
v 0.014993 0.028202 0.020555
v 0.016221 0.032436 0.022436
v 0.015100 0.034427 0.023054
v 0.016269 0.034339 0.023203
v 0.017083 -0.000629 -0.000538
v 0.015239 0.000921 -0.000209
v 0.017998 0.004957 -0.004864
v 0.016878 0.031956 0.020892
v 0.017557 0.033677 0.016578
v 0.017591 0.035032 0.015906
v 0.016221 0.032436 0.022436
v 0.015100 0.034427 0.023054
v 0.016269 0.034339 0.023203
v 0.017659 0.039946 0.018009
v 0.004907 -0.023815 -0.001170
v 0.002071 -0.020818 -0.001419
v 0.002152 -0.006480 0.000315
v 0.004768 -0.007066 0.001924
v 0.000399 -0.020688 -0.001768
v 0.000399 -0.006305 -0.000165
v 0.002071 -0.023732 -0.001398
v -0.001354 -0.006480 0.000315
v -0.001273 -0.020818 -0.001419
v -0.004109 -0.023815 -0.001170
v -0.003970 -0.007066 0.001924
v -0.001273 -0.023732 -0.001398
v 0.002152 -0.006480 0.000315
v 0.000399 -0.009147 0.007641
v 0.004768 -0.007066 0.001924
v 0.003619 -0.009060 0.007403
v 0.000399 -0.006305 -0.000165
v -0.001354 -0.006480 0.000315
v -0.003970 -0.007066 0.001924
v -0.002821 -0.009060 0.007403
v 0.003619 -0.024102 0.004725
v 0.000399 -0.024822 0.001595
v 0.002071 -0.024377 0.000373
v 0.004907 -0.023815 -0.001170
v 0.002071 -0.023732 -0.001398
v 0.000399 -0.024225 0.005062
v -0.002821 -0.024102 0.004725
v -0.001273 -0.024377 0.000373
v -0.004109 -0.023815 -0.001170
v -0.001273 -0.023732 -0.001398
v 0.000399 -0.009147 0.007641
v 0.000399 -0.024225 0.005062
v 0.003619 -0.024102 0.004725
v 0.003619 -0.009060 0.007403
v -0.002821 -0.024102 0.004725
v -0.002821 -0.009060 0.007403
v 0.000399 -0.024822 0.001595
v 0.000399 -0.020688 -0.001768
v 0.002071 -0.020818 -0.001419
v 0.002071 -0.024377 0.000373
v -0.001273 -0.020818 -0.001419
v -0.001273 -0.024377 0.000373
v 0.002071 -0.023732 -0.001398
v 0.002071 -0.024377 0.000373
v 0.002071 -0.020818 -0.001419
v 0.003619 -0.024102 0.004725
v 0.004907 -0.023815 -0.001170
v 0.004768 -0.007066 0.001924
v 0.003619 -0.009060 0.007403
v -0.001273 -0.024377 0.000373
v -0.001273 -0.023732 -0.001398
v -0.001273 -0.020818 -0.001419
v -0.002821 -0.024102 0.004725
v -0.002821 -0.009060 0.007403
v -0.003970 -0.007066 0.001924
v -0.004109 -0.023815 -0.001170
vn -0.9869 -0.1578 -0.0339
vn -0.7157 0.0803 -0.6938
vn -0.3643 -0.5824 -0.7267
vn -0.6864 -0.7246 -0.0620
vn 0.2605 -0.8676 -0.4235
vn -0.1520 -0.9685 0.1973
vn 0.7928 -0.6083 0.0380
vn 0.3033 -0.7467 0.5920
vn 0.9208 0.0437 0.3875
vn 0.4128 -0.1891 0.8910
vn 0.5695 0.7064 0.4204
vn 0.1123 0.3777 0.9191
vn -0.0554 0.9916 0.1173
vn -0.4221 0.6216 0.6599
vn -0.5877 0.7322 -0.3442
vn -0.8774 0.3998 0.2651
vn -0.5883 0.1322 -0.7978
vn -0.3307 0.7498 -0.5732
vn 0.1342 0.9762 -0.1701
vn 0.6799 0.7272 0.0945
vn 0.9682 0.0974 0.2306
vn 0.8749 -0.4209 -0.2394
vn 0.4100 -0.6474 -0.6425
vn -0.1356 -0.3983 -0.9072
vn -0.5882 0.1321 -0.7978
vn 0.5275 0.3187 -0.7875
vn 0.8392 0.2784 -0.4672
vn 0.5275 0.3188 -0.7875
vn 0.8392 0.2785 -0.4671
vn 0.1095 0.2948 -0.9493
vn 0.1095 0.2947 -0.9493
vn -0.0391 0.9954 0.0880
vn 0.3216 0.8284 -0.4587
vn -0.0077 0.6679 -0.7442
vn -0.5673 0.7377 -0.3659
vn -0.0869 0.2647 -0.9604
vn -0.6902 0.0953 -0.7174
vn 0.4662 0.8243 0.3213
vn 0.7081 0.6520 -0.2712
vn 0.9616 0.0916 0.2587
vn 0.9254 0.2420 -0.2915
vn 0.7330 -0.6668 -0.1341
vn 0.8463 -0.1612 -0.5078
vn 0.2888 -0.8341 -0.4700
vn 0.5170 -0.3217 -0.7933
vn -0.3355 -0.5559 -0.7605
vn 0.1305 -0.1453 -0.9808
vn -0.6901 0.0952 -0.7174
vn -0.0869 0.2646 -0.9604
vn -0.6746 0.6992 -0.2369
vn -0.8027 0.0351 -0.5954
vn -0.7323 0.6643 -0.1502
vn -0.1905 0.9282 0.3196
vn -0.1307 0.9637 0.2326
vn -0.8626 0.0007 -0.5060
vn 0.3133 0.7487 0.5842
vn 0.3503 0.7948 0.4956
vn -0.4407 -0.6371 -0.6323
vn -0.8625 0.0006 -0.5060
vn -0.5049 -0.6738 -0.5395
vn 0.1972 -0.9241 -0.3275
vn 0.1310 -0.9641 -0.2309
vn 0.6230 -0.7817 0.0274
vn 0.5773 -0.8058 0.1320
vn -0.9162 -0.0397 -0.3987
vn -0.5641 -0.7040 -0.4316
vn -0.8792 -0.2647 0.3962
vn -0.6965 -0.6092 0.3791
vn 0.0623 -0.9898 -0.1278
vn -0.3716 -0.7576 0.5367
vn 0.4922 -0.8330 0.2527
vn -0.1439 -0.6333 0.7604
vn 0.8539 -0.3659 0.3701
vn 0.8001 -0.3975 0.4493
vn 0.8532 -0.0074 0.5216
vn 0.8015 -0.0375 0.5968
vn 0.6772 0.3259 0.6597
vn 0.7295 0.3565 0.5837
vn 0.6760 -0.4485 0.5848
vn 0.7394 -0.0692 0.6697
vn -0.0865 -0.2918 0.9526
vn 0.5550 0.2596 0.7903
vn 0.2349 0.6813 0.6933
vn -0.2543 0.8738 0.4144
vn -0.2622 0.0630 0.9630
vn -0.5358 0.2093 0.8180
vn -0.7879 0.6139 -0.0482
vn -0.8126 0.0744 0.5780
vn -0.8792 -0.2646 0.3962
vn -0.6756 -0.5278 -0.5148
vn 0.1196 -0.9695 -0.2138
vn -0.0529 -0.9975 0.0463
vn -0.7760 -0.5782 -0.2521
vn -0.9056 0.3667 -0.2132
vn -0.9934 0.1087 -0.0375
vn 0.5190 -0.6071 0.6017
vn 0.7223 -0.5594 0.4066
vn -0.5284 -0.3140 0.7888
vn 0.8058 -0.5826 -0.1061
vn -0.2361 -0.5593 -0.7946
vn -0.7027 0.0991 -0.7046
vn 0.2109 -0.0609 -0.9756
vn 0.0283 0.2837 -0.9585
vn -0.5428 0.7807 -0.3097
vn 0.0948 0.6226 -0.7768
vn 0.2939 -0.8306 -0.4729
vn 0.8126 -0.0744 -0.5781
vn 0.5358 -0.2092 -0.8180
vn -0.9934 0.1086 -0.0375
vn -0.5284 -0.3138 0.7889
vn -0.4693 0.5011 0.7271
vn 0.4282 0.0779 0.9003
vn -0.2810 0.8456 0.4538
vn -0.9056 0.3667 -0.2131
vn 0.5191 -0.6070 0.6017
vn 0.5631 0.3350 0.7555
vn 0.9262 0.0627 0.3717
vn 0.5217 0.7569 0.3936
vn 0.6965 0.6092 -0.3792
vn 0.8792 0.2647 -0.3963
vn 0.8126 -0.0743 -0.5780
vn -0.0718 0.9872 0.1421
vn 0.0949 0.6227 -0.7767
vn 0.3716 0.7575 -0.5368
vn 0.9869 -0.1578 -0.0339
vn 0.6864 -0.7246 -0.0620
vn 0.3643 -0.5824 -0.7267
vn 0.7157 0.0803 -0.6938
vn -0.2605 -0.8676 -0.4235
vn 0.1520 -0.9685 0.1973
vn -0.7928 -0.6082 0.0380
vn -0.3033 -0.7467 0.5920
vn -0.9208 0.0437 0.3875
vn -0.4128 -0.1891 0.8910
vn -0.5695 0.7064 0.4204
vn -0.1123 0.3777 0.9191
vn 0.0554 0.9916 0.1173
vn 0.4221 0.6216 0.6599
vn 0.5877 0.7322 -0.3442
vn 0.8774 0.3998 0.2651
vn 0.7156 0.0803 -0.6938
vn 0.5882 0.1322 -0.7978
vn 0.3307 0.7498 -0.5732
vn -0.1342 0.9762 -0.1702
vn -0.6799 0.7272 0.0945
vn -0.9682 0.0974 0.2306
vn -0.8749 -0.4209 -0.2394
vn -0.4100 -0.6474 -0.6425
vn 0.1356 -0.3983 -0.9072
vn 0.5882 0.1321 -0.7978
vn -0.5275 0.3187 -0.7875
vn -0.8392 0.2784 -0.4672
vn -0.5275 0.3188 -0.7875
vn -0.8392 0.2785 -0.4672
vn -0.1095 0.2948 -0.9493
vn -0.1095 0.2947 -0.9493
vn 0.0391 0.9954 0.0880
vn 0.5673 0.7378 -0.3659
vn 0.0077 0.6679 -0.7442
vn -0.3216 0.8284 -0.4587
vn 0.0869 0.2647 -0.9604
vn 0.6901 0.0953 -0.7174
vn -0.4662 0.8243 0.3213
vn -0.7081 0.6520 -0.2712
vn -0.9616 0.0916 0.2587
vn -0.9254 0.2420 -0.2915
vn -0.7330 -0.6668 -0.1340
vn -0.8463 -0.1612 -0.5078
vn -0.2888 -0.8341 -0.4700
vn -0.5170 -0.3217 -0.7933
vn 0.3355 -0.5560 -0.7605
vn -0.1305 -0.1453 -0.9808
vn 0.6902 0.0952 -0.7174
vn 0.0869 0.2646 -0.9604
vn -0.3503 0.7948 0.4956
vn -0.1972 -0.9241 -0.3275
vn -0.6230 -0.7817 0.0273
vn -0.1310 -0.9641 -0.2309
vn 0.5049 -0.6738 -0.5395
vn 0.4406 -0.6372 -0.6323
vn 0.8625 0.0006 -0.5060
vn 0.8027 0.0351 -0.5954
vn -0.5773 -0.8058 0.1320
vn 0.9162 -0.0397 -0.3987
vn 0.5641 -0.7040 -0.4316
vn 0.8792 -0.2647 0.3962
vn 0.6965 -0.6092 0.3791
vn -0.0623 -0.9898 -0.1278
vn 0.3716 -0.7576 0.5367
vn -0.4922 -0.8330 0.2528
vn 0.1439 -0.6333 0.7604
vn -0.8539 -0.3659 0.3701
vn -0.8001 -0.3975 0.4493
vn -0.8532 -0.0074 0.5216
vn -0.8016 -0.0374 0.5967
vn -0.6772 0.3259 0.6597
vn -0.7295 0.3565 0.5837
vn -0.6756 -0.4503 0.5838
vn -0.7401 -0.0736 0.6684
vn 0.0865 -0.2918 0.9526
vn -0.5550 0.2596 0.7903
vn -0.3133 0.7487 0.5842
vn 0.1307 0.9637 0.2326
vn 0.1905 0.9282 0.3196
vn 0.6746 0.6992 -0.2369
vn 0.7323 0.6643 -0.1502
vn 0.8626 0.0007 -0.5060
vn 0.2543 0.8738 0.4144
vn 0.7880 0.6138 -0.0482
vn 0.5358 0.2093 0.8180
vn 0.8126 0.0744 0.5780
vn 0.8792 -0.2646 0.3962
vn 0.2622 0.0630 0.9630
vn -0.2349 0.6813 0.6933
vn 0.6756 -0.5278 -0.5148
vn 0.7760 -0.5782 -0.2521
vn 0.0529 -0.9975 0.0463
vn -0.1196 -0.9695 -0.2138
vn 0.9056 0.3667 -0.2132
vn 0.9934 0.1087 -0.0375
vn -0.5191 -0.6071 0.6017
vn -0.7223 -0.5594 0.4066
vn 0.5284 -0.3140 0.7888
vn -0.8058 -0.5826 -0.1061
vn 0.2361 -0.5593 -0.7946
vn 0.7027 0.0991 -0.7046
vn -0.2109 -0.0609 -0.9756
vn -0.0283 0.2837 -0.9585
vn 0.5428 0.7807 -0.3097
vn -0.0948 0.6226 -0.7768
vn -0.2939 -0.8306 -0.4729
vn -0.8126 -0.0744 -0.5781
vn -0.5358 -0.2092 -0.8180
vn 0.5284 -0.3138 0.7889
vn 0.9934 0.1086 -0.0375
vn 0.4693 0.5011 0.7271
vn -0.4282 0.0779 0.9003
vn 0.2811 0.8456 0.4539
vn -0.5631 0.3350 0.7555
vn -0.9262 0.0627 0.3717
vn -0.5217 0.7569 0.3936
vn -0.6965 0.6092 -0.3792
vn -0.8792 0.2647 -0.3963
vn -0.8126 -0.0743 -0.5780
vn 0.0719 0.9872 0.1421
vn -0.0948 0.6227 -0.7767
vn -0.3716 0.7575 -0.5368
vn -0.0163 -0.3626 0.9318
vn 0.1994 -0.1284 0.9715
vn 0.8033 0.4989 0.3253
vn 0.2704 0.3644 -0.8911
vn 0.4628 0.5396 -0.7033
vn -0.1445 -0.3666 0.9191
vn 0.1445 0.3666 -0.9191
vn 0.2317 0.3395 -0.9116
vn 0.9595 -0.2790 0.0396
vn 0.9593 -0.2796 0.0394
vn -0.0562 -0.3906 0.9189
vn 0.3634 0.8443 0.3939
vn 0.8507 0.4283 0.3046
vn 0.3635 0.8443 0.3939
vn 0.3220 0.8609 0.3940
vn -0.9881 0.0048 -0.1535
vn -0.9567 0.2888 -0.0353
vn -0.9867 0.1233 -0.1060
vn -0.9867 0.1233 -0.1059
vn -0.9711 0.2310 -0.0606
vn -0.0082 -0.9520 -0.3061
vn -0.0061 -0.9294 -0.3690
vn 0.0002 -0.9289 -0.3704
vn -0.0054 -0.9276 -0.3735
vn 0.0117 -0.9015 -0.4326
vn -0.8975 -0.0327 0.4398
vn -0.5037 0.4329 -0.7476
vn -0.9676 0.1614 0.1940
vn 0.7570 0.0043 -0.6534
vn 0.5524 0.1954 -0.8103
vn -0.8342 -0.0186 0.5512
vn 0.8342 0.0186 -0.5512
vn 0.7853 -0.0190 -0.6189
vn -0.4964 -0.4103 -0.7651
vn -0.8761 -0.0561 0.4789
vn -0.4963 -0.4104 -0.7650
vn -0.5214 0.3524 -0.7772
vn -0.3023 0.8514 -0.4287
vn -0.2814 0.8740 -0.3963
vn 0.5452 0.1230 0.8292
vn 0.4937 0.4203 0.7613
vn 0.5301 0.2485 0.8107
vn 0.5085 0.3608 0.7818
vn 0.1129 -0.9834 0.1419
vn 0.0531 -0.9837 0.1720
vn 0.1118 -0.9844 0.1360
vn 0.1168 -0.9833 0.1394
vn 0.1679 -0.9811 0.0961
vn 0.0163 -0.3626 0.9318
vn -0.8033 0.4989 0.3253
vn -0.1994 -0.1284 0.9715
vn -0.2704 0.3644 -0.8911
vn -0.4628 0.5396 -0.7033
vn 0.1445 -0.3666 0.9191
vn -0.1445 0.3666 -0.9191
vn -0.2317 0.3395 -0.9116
vn -0.9595 -0.2790 0.0396
vn 0.0562 -0.3906 0.9189
vn -0.9594 -0.2792 0.0395
vn -0.8507 0.4283 0.3046
vn -0.3634 0.8443 0.3939
vn -0.3635 0.8442 0.3939
vn -0.3220 0.8609 0.3940
vn 0.9881 0.0048 -0.1535
vn 0.9567 0.2888 -0.0353
vn 0.9867 0.1233 -0.1061
vn 0.9867 0.1233 -0.1060
vn 0.9711 0.2310 -0.0606
vn 0.0061 -0.9294 -0.3691
vn 0.0082 -0.9520 -0.3061
vn 0.0001 -0.9288 -0.3705
vn 0.0054 -0.9276 -0.3734
vn -0.0117 -0.9015 -0.4326
vn 0.2262 -0.2519 0.9409
vn 0.4667 -0.2471 0.8492
vn 0.2349 -0.2535 0.9384
vn 0.0485 -0.2456 0.9682
vn 0.0508 -0.2539 0.9659
vn -0.4315 -0.2652 0.8623
vn -0.5459 -0.4178 0.7262
vn 0.4578 -0.2360 0.8572
vn -0.2697 0.2514 -0.9295
vn -0.4822 0.2457 -0.8409
vn -0.2686 0.2514 -0.9299
vn 0.0027 0.2661 -0.9639
vn -0.0093 0.2651 -0.9642
vn 0.3889 0.2778 -0.8784
vn 0.9871 0.0384 -0.1552
vn -0.9845 -0.1348 0.1118
vn -0.9845 -0.1349 0.1124
vn -0.9844 -0.1349 0.1128
vn -0.0137 -0.8043 -0.5941
vn -0.0011 -0.8044 -0.5940
vn -0.0012 -0.8044 -0.5941
vn -0.0193 -0.8042 -0.5940
vn -0.0419 -0.8034 -0.5940
vn -0.0483 -0.8031 -0.5939
vn -0.0830 -0.8006 -0.5934
vn -0.0831 -0.8007 -0.5933
vn 0.0658 0.5142 -0.8551
vn -0.5417 0.1098 -0.8334
vn -0.4302 0.3484 -0.8328
vn 0.0785 0.5281 -0.8456
vn 0.2541 0.5195 -0.8158
vn 0.2423 0.5294 -0.8130
vn 0.5096 0.5264 -0.6806
vn 0.4406 0.6171 -0.6520
vn 0.9833 0.0613 0.1715
vn -0.5314 -0.5136 0.6737
vn -0.2819 -0.5335 0.7974
vn -0.2848 -0.5335 0.7964
vn -0.0207 -0.5033 0.8639
vn 0.0037 -0.4978 0.8673
vn 0.4104 -0.3585 0.8385
vn -0.9867 0.0108 -0.1621
vn 0.0831 -0.9553 -0.2837
vn 0.0828 -0.9553 -0.2839
vn 0.0419 -0.9581 -0.2834
vn 0.0482 -0.9578 -0.2835
vn 0.0138 -0.9590 -0.2832
vn 0.0193 -0.9589 -0.2832
vn 0.0012 -0.9591 -0.2831
vn 0.0011 -0.9591 -0.2831
vn -0.4667 -0.2471 0.8492
vn -0.2262 -0.2519 0.9409
vn -0.2349 -0.2535 0.9384
vn -0.0485 -0.2456 0.9681
vn -0.0508 -0.2539 0.9659
vn 0.4315 -0.2652 0.8623
vn 0.5459 -0.4178 0.7262
vn -0.4578 -0.2360 0.8572
vn 0.2697 0.2514 -0.9295
vn 0.2686 0.2514 -0.9299
vn 0.4822 0.2457 -0.8409
vn -0.0027 0.2661 -0.9639
vn 0.0093 0.2651 -0.9642
vn -0.3889 0.2778 -0.8784
vn -0.9871 0.0384 -0.1552
vn 0.9845 -0.1348 0.1118
vn 0.9846 -0.1348 0.1111
vn 0.9844 -0.1349 0.1128
vn 0.9845 -0.1349 0.1123
vn 0.0135 -0.8043 -0.5941
vn 0.0193 -0.8042 -0.5940
vn 0.0012 -0.8044 -0.5941
vn 0.0011 -0.8044 -0.5940
vn 0.0419 -0.8034 -0.5940
vn 0.0483 -0.8031 -0.5939
vn 0.0828 -0.8003 -0.5939
vn 0.0830 -0.8006 -0.5934
vn 0.5417 0.1098 -0.8334
vn -0.0658 0.5142 -0.8552
vn 0.4302 0.3484 -0.8328
vn -0.0785 0.5281 -0.8456
vn -0.2541 0.5195 -0.8158
vn -0.2423 0.5294 -0.8130
vn -0.5096 0.5264 -0.6806
vn -0.4406 0.6171 -0.6520
vn -0.9833 0.0613 0.1715
vn 0.5314 -0.5136 0.6737
vn 0.2848 -0.5335 0.7964
vn 0.2819 -0.5335 0.7974
vn 0.0208 -0.5033 0.8639
vn -0.0037 -0.4978 0.8673
vn -0.4104 -0.3585 0.8385
vn -0.4104 -0.3584 0.8385
vn 0.9867 0.0108 -0.1621
vn -0.0831 -0.9553 -0.2837
vn -0.0482 -0.9578 -0.2835
vn -0.0419 -0.9581 -0.2834
vn -0.0830 -0.9553 -0.2837
vn -0.0136 -0.9590 -0.2832
vn -0.0193 -0.9589 -0.2832
vn -0.0012 -0.9591 -0.2831
vn -0.0011 -0.9591 -0.2831
vn 0.9032 -0.3351 0.2683
vn 0.7258 -0.6874 0.0281
vn 0.9680 -0.2504 -0.0147
vn 0.7136 -0.6937 0.0977
vn 0.9497 -0.2844 0.1315
vn 0.9256 0.0538 0.3746
vn 0.9417 0.1710 0.2899
vn 0.9622 0.2299 0.1459
vn 0.9988 0.0351 -0.0342
vn 0.8563 0.3686 0.3618
vn 0.8682 0.2306 0.4394
vn 0.7994 -0.3581 0.4825
vn 0.7087 -0.2953 0.6408
vn 0.8183 -0.1191 0.5623
vn 0.7262 -0.1835 0.6626
vn -0.9160 0.1183 -0.3833
vn -0.9924 -0.1095 -0.0553
vn -0.9641 0.2601 -0.0540
vn -0.8067 0.5817 -0.1039
vn -0.8658 0.3401 -0.3670
vn -0.8241 0.0471 -0.5645
vn -0.7049 -0.6241 -0.3371
vn -0.9404 0.0986 -0.3254
vn -0.9406 0.1208 -0.3174
vn -0.9480 0.0499 -0.3145
vn 0.7089 -0.6652 0.2346
vn 0.7287 -0.6689 0.1468
vn 0.8897 0.0217 0.4560
vn 0.8384 -0.0167 0.5448
vn 0.4890 0.6240 0.6095
vn 0.6174 0.5835 0.5276
vn 0.5963 -0.1292 0.7923
vn 0.4817 -0.7997 0.3584
vn 0.3818 -0.9169 -0.1160
vn 0.3496 -0.9351 -0.0577
vn 0.2990 -0.9466 -0.1205
vn 0.2316 -0.9724 -0.0273
vn 0.2386 -0.9701 0.0435
vn 0.1043 -0.9774 0.1841
vn 0.0365 -0.8794 0.4747
vn -0.1450 -0.6357 0.7582
vn 0.1486 -0.7385 0.6577
vn -0.2282 -0.2847 0.9310
vn 0.1681 0.8738 0.4564
vn -0.5523 -0.1437 0.8211
vn -0.3138 0.1655 0.9350
vn -0.2549 0.4304 0.8659
vn -0.0559 0.2944 0.9540
vn -0.3132 0.6067 0.7306
vn -0.1007 0.8238 0.5579
vn -0.1294 0.9301 0.3437
vn 0.0394 0.8900 0.4543
vn 0.2551 0.6019 0.7567
vn 0.1558 -0.2515 0.9552
vn -0.8745 0.0040 -0.4850
vn -0.2851 0.0681 -0.9561
vn -0.3284 0.0723 -0.9418
vn -0.8253 0.0321 -0.5637
vn -0.9991 0.0026 0.0413
vn -0.9976 0.0180 0.0666
vn -0.8842 0.2521 0.3933
vn -0.8832 0.2520 0.3954
vn 0.4719 -0.0444 -0.8805
vn 0.5369 -0.0578 -0.8416
vn 0.9643 -0.0198 -0.2639
vn 0.9553 -0.0414 -0.2927
vn 0.9774 0.1900 -0.0926
vn 0.9766 0.1946 -0.0914
vn 0.9180 0.3873 -0.0852
vn 0.9113 0.4017 -0.0905
vn 0.8650 0.4866 -0.1226
vn -0.9404 0.1818 0.2875
vn -0.9456 0.1683 0.2783
vn -0.9811 0.0139 0.1931
vn -0.9798 0.0276 0.1980
vn -0.9840 -0.0378 0.1742
vn -0.4111 0.8520 -0.3241
vn -0.4847 0.4650 -0.7408
vn -0.4505 0.1739 -0.8757
vn -0.2167 -0.6154 -0.7579
vn -0.4157 0.7747 -0.4765
vn -0.3648 0.9180 -0.1554
vn -0.3308 0.9423 -0.0513
vn -0.3581 0.9308 -0.0726
vn -0.3582 0.9308 -0.0727
vn -0.4648 -0.0475 -0.8841
vn -0.2568 -0.5705 -0.7801
vn -0.1349 -0.7707 -0.6228
vn -0.6608 0.4813 -0.5759
vn -0.9267 0.3065 -0.2175
vn -0.9267 0.3066 -0.2174
vn -0.6168 0.4955 -0.6116
vn -0.4701 0.5281 -0.7072
vn -0.4032 0.6613 0.6325
vn 0.0691 0.8748 -0.4796
vn 0.5675 0.7853 -0.2473
vn 0.1196 0.8772 -0.4651
vn 0.0893 0.8754 -0.4752
vn 0.0292 0.8714 -0.4896
vn -0.0792 0.8837 -0.4613
vn -0.3556 0.8149 -0.4577
vn 0.2432 0.9346 -0.2596
vn 0.7328 0.6514 0.1966
vn -0.3670 -0.4186 -0.8307
vn -0.5468 -0.2944 -0.7838
vn -0.5455 -0.2954 -0.7843
vn -0.2072 -0.5043 -0.8383
vn -0.0008 -0.5875 -0.8092
vn 0.3102 -0.6550 -0.6891
vn 0.3075 -0.6559 -0.6894
vn 0.3301 -0.6557 -0.6791
vn -0.6453 -0.6692 0.3686
vn -0.6740 -0.6608 0.3302
vn -0.4010 -0.7206 0.5656
vn -0.6589 -0.5730 0.4874
vn -0.3146 -0.7233 0.6147
vn -0.7290 -0.5651 0.3863
vn -0.7301 -0.4761 0.4902
vn -0.9001 -0.3008 0.3153
vn -0.7417 -0.6393 0.2029
vn -0.4259 -0.4904 0.7603
vn 0.1568 -0.3822 0.9107
vn 0.9143 0.0484 0.4021
vn 0.9328 -0.2193 0.2860
vn 0.8236 0.5668 0.0231
vn 0.9126 -0.2642 0.3121
vn 0.7972 -0.2014 0.5691
vn 0.1971 -0.6467 0.7369
vn 0.7764 0.6290 0.0382
vn 0.8354 0.1132 0.5379
vn 0.7506 -0.0660 0.6574
vn 0.6380 0.2513 0.7279
vn 0.6141 0.2089 0.7611
vn 0.0945 -0.6087 0.7878
vn -0.7162 -0.1186 -0.6877
vn -0.6844 -0.1551 -0.7124
vn -0.6845 -0.1551 -0.7123
vn -0.7246 -0.1190 -0.6788
vn -0.8937 0.1362 -0.4274
vn -0.7426 0.4837 -0.4632
vn -0.9936 -0.0298 -0.1088
vn 0.8086 0.0763 0.5834
vn 0.8020 0.0302 0.5966
vn 0.7764 0.0095 0.6301
vn 0.7747 0.2114 0.5959
vn 0.6785 0.0211 0.7343
vn -0.2663 0.1764 -0.9476
vn -0.4472 0.6106 -0.6536
vn 0.2015 0.9281 -0.3131
vn 0.5310 0.1431 -0.8352
vn 0.7942 0.5819 0.1749
vn 0.9826 0.1420 -0.1199
vn 0.2656 -0.1662 0.9496
vn 0.4548 -0.6050 0.6536
vn -0.2291 -0.9327 0.2787
vn -0.2662 0.1764 -0.9476
vn -0.7991 -0.5776 -0.1668
vn -0.5649 -0.1568 0.8101
vn -0.9810 -0.1450 0.1288
vn -0.4471 0.6106 -0.6536
vn -0.9810 -0.1451 0.1288
vn -0.2850 0.7892 -0.5440
vn -0.1004 0.9811 -0.1655
vn 0.6398 0.7452 -0.1880
vn 0.0176 0.5094 -0.8603
vn 0.9273 -0.1499 -0.3429
vn 0.7144 -0.1938 -0.6724
vn 0.7144 -0.1937 -0.6724
vn 0.9273 -0.1498 -0.3429
vn 0.4545 -0.8191 0.3501
vn 0.1609 -0.9772 0.1388
vn 0.0177 0.5094 -0.8603
vn -0.7587 -0.5894 0.2774
vn 0.1609 -0.9772 0.1387
vn 0.4545 -0.8191 0.3500
vn -0.1251 -0.3374 0.9330
vn -0.7587 -0.5894 0.2775
vn -0.6948 0.1399 0.7055
vn -0.9176 -0.1061 0.3831
vn -0.1005 0.9811 -0.1655
vn -0.9176 -0.1062 0.3831
vn 0.0175 0.5094 -0.8603
vn -0.1251 -0.3373 0.9330
vn -0.2990 0.2460 -0.9220
vn -0.4199 0.6734 -0.6085
vn 0.2402 0.9296 -0.2795
vn 0.4877 0.1546 -0.8592
vn 0.8387 0.5307 0.1221
vn 0.9777 0.0958 -0.1869
vn 0.2910 -0.2446 0.9249
vn 0.4391 -0.6665 0.6025
vn -0.2755 -0.9257 0.2593
vn -0.2990 0.2461 -0.9220
vn -0.8428 -0.5235 -0.1250
vn -0.5229 -0.1506 0.8390
vn -0.9732 -0.1097 0.2023
vn -0.8428 -0.5235 -0.1251
vn -0.9731 -0.1097 0.2024
vn -0.2171 0.9462 -0.2402
vn 0.1158 0.9902 0.0784
vn 0.7263 0.6398 -0.2511
vn -0.1073 0.7141 -0.6918
vn 0.7090 -0.2150 -0.6716
vn 0.4036 -0.1277 -0.9060
vn 0.4037 -0.1275 -0.9060
vn 0.7090 -0.2149 -0.6716
vn 0.3067 -0.9518 -0.0031
vn -0.0673 -0.9901 -0.1234
vn -0.1073 0.7140 -0.6919
vn -0.7678 -0.4957 0.4058
vn -0.0673 -0.9901 -0.1235
vn 0.3068 -0.9518 -0.0031
vn 0.0756 -0.5521 0.8303
vn -0.7678 -0.4957 0.4059
vn -0.3898 0.0641 0.9186
vn -0.7552 -0.0396 0.6543
vn -0.3899 0.0640 0.9186
vn 0.1157 0.9902 0.0783
vn -0.2170 0.9462 -0.2402
vn -0.1074 0.7141 -0.6918
vn 0.0757 -0.5521 0.8304
vn -0.4971 0.6112 -0.6159
vn -0.3386 0.9200 -0.1976
vn 0.4401 0.8854 -0.1496
vn 0.1730 0.3227 -0.9305
vn 0.9576 0.2446 -0.1521
vn 0.8137 -0.0769 -0.5762
vn 0.4917 -0.6090 0.6224
vn 0.3555 -0.9161 0.1853
vn -0.4763 -0.8667 0.1485
vn -0.4970 0.6113 -0.6159
vn -0.9596 -0.2361 0.1529
vn -0.2092 -0.3039 0.9295
vn -0.8093 0.0578 0.5846
vn -0.3385 0.9200 -0.1976
vn -0.4970 0.6112 -0.6160
vn -0.8092 0.0578 0.5847
vn -0.3395 0.2410 -0.9092
vn -0.5104 0.6446 -0.5692
vn 0.1523 0.9560 -0.2509
vn 0.4644 0.2257 -0.8564
vn 0.7884 0.5927 0.1647
vn 0.9669 0.1837 -0.1771
vn 0.3387 -0.2310 0.9121
vn 0.5179 -0.6387 0.5691
vn -0.1822 -0.9587 0.2182
vn -0.3396 0.2410 -0.9092
vn -0.7928 -0.5893 -0.1559
vn -0.4998 -0.2384 0.8327
vn -0.9646 -0.1874 0.1856
vn -0.7928 -0.5892 -0.1559
vn -0.3394 0.2409 -0.9092
vn 0.3822 0.8755 0.2955
vn 0.7558 0.6073 0.2448
vn 0.7458 0.4272 -0.5112
vn 0.0922 0.9884 -0.1205
vn -0.0160 0.1182 -0.9929
vn -0.2489 0.4146 -0.8753
vn -0.2487 0.4146 -0.8754
vn -0.4414 -0.7396 -0.5081
vn -0.7467 -0.5895 -0.3079
vn 0.0921 0.9884 -0.1206
vn -0.6064 -0.4199 0.6753
vn -0.7468 -0.5894 -0.3080
vn -0.4414 -0.7395 -0.5082
vn 0.0576 -0.9603 0.2729
vn -0.6063 -0.4199 0.6753
vn 0.2211 -0.4708 0.8541
vn -0.1869 -0.2720 0.9440
vn 0.2210 -0.4708 0.8541
vn -0.1870 -0.2720 0.9439
vn 0.3822 0.8756 0.2954
vn -0.0160 0.1183 -0.9929
vn -0.4415 -0.7395 -0.5081
vn -0.4205 0.8944 -0.1525
vn -0.0687 0.9642 0.2560
vn 0.6427 0.7661 0.0024
vn 0.0166 0.6424 -0.7662
vn 0.9108 0.0996 -0.4007
vn 0.5667 0.0181 -0.8237
vn 0.4180 -0.8941 0.1608
vn 0.0822 -0.9589 -0.2716
vn -0.6701 -0.7421 0.0161
vn -0.9097 -0.0920 0.4050
vn -0.0440 -0.6184 0.7847
vn -0.5666 -0.0394 0.8231
vn -0.9097 -0.0920 0.4049
vn -0.5665 -0.0394 0.8231
vn -0.3990 0.5324 -0.7465
vn -0.4753 0.8321 -0.2860
vn 0.2543 0.9671 0.0089
vn 0.3962 0.4218 -0.8156
vn 0.8755 0.4351 0.2103
vn 0.9583 0.1302 -0.2546
vn 0.3999 -0.5238 0.7522
vn 0.4834 -0.8272 0.2865
vn -0.2877 -0.9570 -0.0365
vn -0.3989 0.5325 -0.7465
vn -0.8783 -0.4340 -0.2004
vn -0.4353 -0.4233 0.7946
vn -0.9556 -0.1364 0.2612
vn -0.4752 0.8321 -0.2860
vn -0.3989 0.5324 -0.7466
vn -0.9556 -0.1365 0.2613
vn 0.6537 0.6981 0.2921
vn 0.9196 0.3846 0.0797
vn 0.6529 0.3884 -0.6503
vn 0.2954 0.9552 0.0173
vn -0.2654 0.3444 -0.9005
vn -0.3750 0.6435 -0.6673
vn -0.3749 0.6435 -0.6673
vn -0.2654 0.3445 -0.9005
vn -0.7349 -0.5083 -0.4488
vn -0.9246 -0.3548 -0.1386
vn -0.4756 -0.4449 0.7589
vn -0.9247 -0.3546 -0.1386
vn -0.7349 -0.5083 -0.4489
vn -0.1067 -0.9910 0.0803
vn -0.4756 -0.4450 0.7588
vn 0.3295 -0.6872 0.6474
vn 0.0255 -0.4427 0.8963
vn 0.3294 -0.6873 0.6474
vn 0.9196 0.3847 0.0798
vn 0.0254 -0.4428 0.8963
vn 0.6537 0.6982 0.2920
vn -0.4755 -0.4449 0.7589
vn 0.2954 0.9552 0.0174
vn -0.1066 -0.9910 0.0803
vn 0.6529 0.3885 -0.6502
vn -0.7350 -0.5083 -0.4488
vn -0.1847 0.9681 0.1696
vn 0.2825 0.8598 0.4254
vn 0.7950 0.5979 -0.1024
vn -0.0495 0.8018 -0.5955
vn 0.7291 0.0184 -0.6842
vn 0.2611 0.1180 -0.9581
vn 0.1852 -0.9694 -0.1610
vn -0.2737 -0.8534 -0.4436
vn -0.8075 -0.5746 0.1335
vn -0.7247 -0.0126 0.6889
vn 0.0371 -0.7785 0.6266
vn -0.2670 -0.1379 0.9538
vn -0.7247 -0.0126 0.6890
vn -0.1847 0.9681 0.1695
vn -0.2670 -0.1380 0.9538
vn -0.4215 0.6683 -0.6129
vn -0.3880 0.9142 -0.1168
vn 0.3878 0.9190 0.0717
vn 0.3318 0.4694 -0.8183
vn 0.9494 0.2927 0.1143
vn 0.9209 0.0413 -0.3877
vn 0.4244 -0.6606 0.6192
vn 0.3968 -0.9105 0.1165
vn -0.4230 -0.9014 -0.0923
vn -0.4215 0.6684 -0.6129
vn -0.9506 -0.2925 -0.1040
vn -0.3733 -0.4633 0.8037
vn -0.9182 -0.0486 0.3931
vn -0.9182 -0.0487 0.3931
vn 0.9952 -0.0236 0.0952
vn 0.8675 0.3112 0.3881
vn 0.4225 -0.0626 0.9042
vn 0.8396 -0.5113 0.1835
vn -0.2787 -0.6704 0.6877
vn -0.0549 -0.8916 0.4494
vn -0.0548 -0.8916 0.4495
vn -0.2786 -0.6703 0.6878
vn -0.9776 -0.2099 0.0160
vn -0.8730 -0.3526 -0.3368
vn 0.8395 -0.5114 0.1835
vn -0.3080 0.2445 -0.9194
vn -0.8730 -0.3528 -0.3368
vn -0.9776 -0.2100 0.0160
vn -0.7081 0.6821 -0.1824
vn -0.3081 0.2445 -0.9194
vn -0.0110 0.8898 -0.4562
vn 0.0601 0.5923 -0.8034
vn -0.0110 0.8898 -0.4563
vn 0.8676 0.3111 0.3880
vn 0.0601 0.5923 -0.8035
vn 0.9952 -0.0236 0.0953
vn -0.3080 0.2446 -0.9194
vn 0.8396 -0.5114 0.1835
vn -0.7081 0.6822 -0.1824
vn -0.2786 -0.6704 0.6877
vn 0.7886 -0.6077 -0.0941
vn 0.9884 0.1516 -0.0023
vn 0.8050 0.1421 0.5760
vn 0.4773 -0.8026 0.3578
vn -0.2695 0.0002 0.9630
vn -0.4218 -0.4794 0.7696
vn -0.8259 0.3667 0.4282
vn -0.9593 -0.1253 0.2530
vn -0.6678 -0.0484 -0.7427
vn -0.1432 0.0061 -0.9897
vn -0.2682 0.8489 -0.4554
vn 0.2364 0.6469 -0.7250
vn 0.9885 0.1515 -0.0023
vn 0.7885 -0.6077 -0.0941
vn 0.8342 -0.0186 0.5512
vn 0.4032 -0.6613 -0.6325
vn -0.8706 -0.0642 -0.4878
vn -0.7681 -0.6203 0.1590
vn 0.3763 0.7499 -0.5442
vn -0.8706 -0.0641 -0.4878
vn -0.8056 0.0157 -0.5923
vn -0.6771 0.0656 -0.7329
vn -0.6958 0.0054 -0.7182
vn -0.7151 0.1040 -0.6912
vn -0.8218 -0.0204 -0.5694
vn -0.8206 0.0677 -0.5675
vn -0.7205 0.1023 -0.6858
vn -0.8140 0.1404 -0.5636
vn -0.8170 0.1559 -0.5552
vn -0.8411 0.0850 -0.5341
vn -0.8282 0.0131 -0.5603
vn -0.8365 0.0091 -0.5479
vn -0.8396 0.0648 -0.5393
vn -0.8784 0.0011 -0.4779
vn -0.8297 -0.0444 -0.5565
vn 0.8318 -0.0281 0.5544
vn 0.8450 -0.0573 0.5316
vn 0.8401 -0.0237 0.5419
vn 0.8609 -0.0210 0.5083
vn 0.9334 -0.0305 0.3577
vn 0.9415 0.0300 0.3358
vn 0.9192 0.0678 0.3880
vn 0.9163 0.0660 0.3951
vn 0.8456 0.0310 0.5330
vn 0.8417 0.1038 0.5299
vn 0.8355 0.1192 0.5364
vn 0.8234 0.0480 0.5655
vn 0.8269 0.0277 0.5616
vn 0.7835 -0.0357 0.6204
vn 0.8353 -0.0815 0.5436
vn -0.3771 -0.7485 0.5454
vn -0.3763 -0.7499 0.5442
vn -0.3779 -0.7472 0.5467
vn -0.5989 0.5052 -0.6214
vn 0.2964 0.8580 -0.4196
vn 0.3502 0.7899 -0.5034
vn -0.5585 0.4318 -0.7082
vn -0.9689 -0.2321 -0.0864
vn -0.9341 -0.3166 -0.1651
vn -0.4436 -0.6166 0.6505
vn -0.4007 -0.7069 0.5829
vn 0.4517 -0.2638 0.8523
vn 0.5079 -0.3487 0.7877
vn 0.8217 0.4735 0.3173
vn 0.8834 0.3997 0.2445
vn 0.3867 0.7323 -0.5605
vn -0.5236 0.3737 -0.7657
vn -0.8998 -0.3759 -0.2217
vn -0.3657 -0.7669 0.5275
vn 0.5446 -0.4082 0.7327
vn 0.9208 0.3414 0.1887
vn 0.9106 0.3588 0.2052
vn 0.5343 -0.3911 0.7494
vn -0.9106 -0.3588 -0.2053
vn -0.5343 0.3911 -0.7494
vn -0.1885 -0.0804 -0.9788
vn 0.5425 0.2076 -0.8140
vn -0.4905 -0.6824 -0.5420
vn -0.0617 -0.9963 0.0596
vn 0.6693 -0.7083 0.2245
vn 0.9714 -0.1063 -0.2124
vn -0.4517 0.2638 -0.8523
vn -0.8217 -0.4735 -0.3173
vn -0.5079 0.3488 -0.7877
vn 0.4009 0.7068 -0.5828
vn 0.4436 0.6166 -0.6505
vn -0.8835 -0.3996 -0.2445
vn -0.2964 -0.8580 0.4196
vn -0.3502 -0.7899 0.5034
vn 0.5989 -0.5052 0.6214
vn 0.5585 -0.4318 0.7082
vn 0.9689 0.2321 0.0864
vn 0.9341 0.3166 0.1651
vn 0.3657 0.7669 -0.5275
vn -0.5446 0.4082 -0.7327
vn -0.9208 -0.3414 -0.1887
vn -0.3867 -0.7324 0.5605
vn 0.5236 -0.3737 0.7657
vn 0.8998 0.3759 0.2217
vn 0.0617 0.9963 -0.0597
vn -0.6693 0.7083 -0.2245
vn -0.9714 0.1063 0.2123
vn -0.5425 -0.2077 0.8140
vn 0.1885 0.0805 0.9788
vn 0.4906 0.6823 0.5419
vn -0.6759 -0.7020 0.2245
vn -0.3534 -0.7855 0.5081
vn -0.3884 -0.7296 0.5630
vn -0.7156 -0.6375 0.2854
vn -0.4949 -0.4665 0.7331
vn -0.9152 -0.3905 -0.0994
vn -0.7549 -0.3924 0.5255
vn -0.9604 -0.0889 0.2639
vn -0.9089 -0.0813 -0.4089
vn -0.9919 0.0022 -0.1269
vn -0.8823 -0.1519 -0.4455
vn -0.8731 -0.4723 -0.1207
vn -0.7027 0.1928 -0.6849
vn -0.7285 0.2403 -0.6416
vn -0.8074 0.3337 -0.4866
vn -0.5105 0.3862 -0.7683
vn -0.5287 0.4224 -0.7363
vn -0.1450 0.6149 -0.7752
vn -0.1681 0.6461 -0.7445
vn -0.6508 0.4456 -0.6147
vn 0.3874 0.7310 -0.5617
vn 0.3667 0.7652 -0.5291
vn -0.2280 0.6552 -0.7202
vn 0.7886 0.5942 -0.1581
vn 0.7706 0.6251 -0.1243
vn 0.9183 0.3550 0.1754
vn 0.8972 0.3911 0.2053
vn 0.8341 0.4125 0.3663
vn 0.8828 0.2043 0.4230
vn 0.9109 0.1569 0.3815
vn 0.7504 -0.1883 0.6336
vn 0.7295 -0.1179 0.6737
vn 0.5053 -0.0312 0.8624
vn 0.1308 -0.1133 0.9849
vn 0.4382 -0.5015 0.7460
vn 0.4377 -0.4208 0.7946
vn 0.0364 -0.7178 0.6953
vn -0.0019 -0.6534 0.7570
vn 0.7741 0.2984 0.5583
vn -0.1997 -0.4048 0.8923
vn -0.4948 -0.4665 0.7332
vn -0.3882 -0.7296 0.5630
vn -0.3532 -0.7855 0.5081
vn -0.3451 -0.7970 0.4956
vn 0.0540 -0.7266 0.6850
vn 0.0991 -0.7692 0.6313
vn -0.3232 -0.8263 0.4613
vn 0.4306 -0.5228 0.7357
vn 0.4437 -0.5821 0.6814
vn 0.7526 -0.1954 0.6288
vn 0.7727 -0.2548 0.5814
vn 0.9514 0.0313 0.3065
vn 0.9111 0.1272 0.3921
vn 0.9294 0.3321 0.1612
vn 0.9450 0.2815 -0.1665
vn 0.9209 0.3320 -0.2043
vn 0.8064 0.5652 -0.1737
vn 0.4015 0.7059 -0.5835
vn 0.8011 0.5070 -0.3180
vn -0.1385 0.5862 -0.7982
vn -0.5025 0.3634 -0.7845
vn -0.7134 0.1634 -0.6814
vn -0.6538 0.0675 -0.7537
vn -0.8791 -0.1590 -0.4494
vn -0.8455 -0.2183 -0.4873
vn -0.8187 -0.5537 -0.1524
vn -0.8614 -0.4941 -0.1180
vn -0.6434 -0.7524 0.1409
vn -0.6736 -0.7103 0.2043
vn -0.3233 -0.8263 0.4612
vn -0.3452 -0.7970 0.4956
vn -0.2086 0.3072 -0.9285
vn -0.1643 0.3554 -0.9202
vn -0.0041 0.5260 -0.8505
vn 0.4476 0.6081 -0.6556
vn -0.3874 -0.7310 0.5617
vn 0.0541 -0.6488 0.7591
vn 0.0543 -0.4468 0.8930
vn -0.4262 -0.6559 0.6230
vn -0.5157 0.3280 0.7915
vn -0.8563 -0.4264 0.2913
vn -0.7394 -0.6310 0.2348
vn 0.1615 0.0311 0.9864
vn 0.0183 0.4323 0.9015
vn -0.1340 0.5872 0.7983
vn -0.4015 0.6646 0.6302
vn -0.6633 0.5990 0.4485
vn -0.8228 0.4511 0.3458
vn -0.9693 0.0564 0.2392
vn 0.2278 0.9218 -0.3137
vn -0.4201 0.6616 0.6211
vn 0.4368 0.8976 -0.0587
vn 0.5883 0.6746 -0.4458
vn -0.3860 0.6608 0.6437
vn -0.0892 0.9094 -0.4063
vn 0.2005 0.6833 -0.7021
vn 0.4152 0.6790 -0.6054
vn 0.2985 -0.8252 -0.4796
vn -0.3233 -0.8263 0.4613
vn 0.1975 -0.7172 -0.6683
vn 0.5149 -0.7243 -0.4586
vn 0.3501 -0.7544 -0.5553
vn 0.2653 -0.6459 -0.7158
vn 0.2479 -0.7046 -0.6649
vn -0.8187 -0.5536 -0.1524
vn -0.8455 -0.2184 -0.4873
vn -0.6538 0.0675 -0.7536
vn 0.0973 -0.8855 -0.4543
vn 0.0091 -0.6570 -0.7538
vn 0.2053 -0.9171 -0.3418
vn 0.5343 -0.6520 -0.5381
vn 0.4924 -0.7101 -0.5033
vn 0.7727 -0.2549 0.5814
vn 0.3521 -0.8912 -0.2859
vn 0.6692 -0.6718 -0.3176
vn 0.5730 0.2501 -0.7805
vn 0.5364 0.2596 -0.8030
vn 0.5011 0.2518 -0.8280
vn 0.5472 0.1526 -0.8230
vn -0.1642 0.3554 -0.9202
vn 0.4476 0.6081 -0.6557
vn 0.5665 0.3845 0.7288
vn -0.3636 0.7328 0.5752
vn -0.1469 0.9559 0.2545
vn -0.8802 0.4168 -0.2270
vn 0.7722 0.6326 -0.0595
vn 0.3442 0.7985 -0.4939
vn -0.5277 0.3180 -0.7877
vn 0.0071 0.2810 -0.9597
vn 0.0451 0.2756 -0.9602
vn -0.5277 0.3179 -0.7877
vn -0.8940 0.2609 -0.3642
vn -0.9092 0.2543 -0.3297
vn -0.9715 0.1207 0.2042
vn 0.5646 0.1550 -0.8107
vn 0.1368 -0.4647 0.8748
vn 0.4959 -0.4626 0.7349
vn 0.4191 -0.6710 0.6116
vn 0.1231 -0.6402 0.7583
vn 0.1961 -0.1822 0.9635
vn 0.5468 -0.1576 0.8223
vn 0.5501 0.0432 0.8340
vn 0.2791 0.0358 0.9596
vn 0.7653 -0.4507 0.4596
vn 0.6690 -0.6280 0.3976
vn 0.8148 -0.1684 0.5547
vn 0.7720 0.0468 0.6339
vn 0.0659 0.6309 -0.7730
vn 0.4186 0.4427 -0.7930
vn 0.5312 0.3519 -0.7708
vn -0.0267 0.6593 -0.7514
vn 0.2801 0.5385 -0.7947
vn 0.2290 0.5757 -0.7849
vn 0.5256 0.4302 -0.7339
vn 0.4888 0.4438 -0.7511
vn 0.5378 0.4237 -0.7289
vn -0.3964 0.7151 -0.5757
vn -0.4021 0.7046 -0.5847
vn -0.3927 0.7219 -0.5698
vn -0.7009 0.6443 -0.3059
vn -0.7563 0.6126 -0.2298
vn -0.9069 0.4131 0.0829
vn -0.9278 0.3193 0.1932
vn -0.8294 0.5520 -0.0856
vn -0.8572 0.5131 -0.0433
vn -0.8941 0.3985 0.2042
vn -0.8959 0.4128 0.1639
vn -0.8941 0.3917 0.2172
vn -0.0916 0.9902 -0.1051
vn -0.1058 0.9863 -0.1269
vn 0.3444 -0.7813 0.5206
vn 0.3634 -0.7704 0.5239
vn 0.5366 -0.7593 0.3681
vn 0.3669 -0.7649 0.5294
vn 0.1519 -0.7679 0.6223
vn 0.3680 -0.7808 0.5049
vn -0.7356 -0.2875 0.6134
vn -0.9254 0.3302 0.1858
vn -0.9339 0.2964 0.2000
vn -0.9050 0.4215 0.0576
vn 0.8611 -0.2518 -0.4417
vn 0.5231 0.3626 -0.7713
vn 0.5405 0.3294 -0.7742
vn 0.3944 0.4505 -0.8009
vn -0.5452 -0.1224 -0.8293
vn -0.5393 -0.1817 -0.8223
vn -0.5624 -0.1569 -0.8119
vn -0.5613 -0.1242 -0.8183
vn -0.5214 -0.1560 -0.8389
vn -0.5287 -0.1235 -0.8398
vn -0.5420 -0.1574 -0.8255
vn -0.5384 -0.1790 -0.8235
vn -0.5350 -0.2526 -0.8062
vn -0.5350 -0.2154 -0.8169
vn -0.5240 -0.2525 -0.8134
vn -0.5408 -0.1790 -0.8219
vn -0.1059 0.9863 -0.1269
vn -0.6336 0.6813 -0.3665
vn -0.6332 0.6815 -0.3669
vn -0.6314 0.6823 -0.3685
vn -0.3763 0.7498 -0.5442
vn 0.2205 0.9545 -0.2008
vn 0.2104 0.9659 -0.1508
vn 0.2062 0.9697 -0.1306
vn 0.1218 0.9685 0.2171
vn -0.2511 0.9556 0.1542
vn -0.2310 0.9600 0.1583
vn -0.3006 0.9429 0.1436
vn -0.3461 0.8811 -0.3222
vn -0.3321 0.8854 -0.3252
vn -0.2660 0.8891 -0.3726
vn -0.2696 0.8969 -0.3507
vn -0.2566 0.8978 -0.3580
vn -0.2447 0.8974 -0.3671
vn -0.1962 0.8883 -0.4152
vn -0.1881 0.8847 -0.4266
vn 0.4328 -0.7112 0.5540
vn 0.3978 -0.7126 0.5779
vn 0.3621 -0.7127 0.6008
vn -0.8359 0.5200 -0.1758
vn -0.4145 -0.1167 -0.9025
vn -0.5009 0.0295 -0.8650
vn -0.4845 -0.0004 -0.8748
vn -0.4146 -0.1167 -0.9025
vn -0.5520 0.1300 -0.8236
vn -0.6146 -0.0033 -0.7888
vn -0.6000 0.0273 -0.7995
vn -0.6639 -0.1223 -0.7377
vn -0.6639 -0.1223 -0.7378
vn 0.5674 0.3616 -0.7398
vn 0.5675 0.3616 -0.7398
vn -0.9138 0.3285 0.2389
vn -0.9138 0.3285 0.2390
vn -0.3763 0.7499 -0.5442
vn -0.1106 0.6932 -0.7122
vn -0.1127 0.6940 -0.7111
vn -0.1099 0.6930 -0.7125
vn -0.1100 0.6930 -0.7125
vn 0.1496 0.5420 -0.8270
vn 0.1020 0.9856 0.1350
vn 0.1643 0.9457 0.2806
vn 0.5280 0.8057 0.2685
vn 0.2814 0.8452 0.4544
vn 0.0150 0.7942 0.6075
vn 0.0535 0.9845 0.1670
vn 0.0059 0.9991 0.0427
vn -0.9051 0.3604 0.2255
vn -0.9101 0.3622 0.2014
vn -0.8858 0.4567 0.0817
vn -0.8831 0.4619 0.0820
vn -0.8833 0.4631 0.0722
vn -0.8885 0.4232 0.1772
vn -0.3192 0.8313 -0.4550
vn -0.3845 0.7361 -0.5570
vn 0.4979 0.4541 -0.7388
vn 0.4069 0.4907 -0.7704
vn 0.5507 0.3930 -0.7364
vn 0.4080 0.4856 -0.7731
vn 0.5304 0.3944 -0.7504
vn 0.3980 0.4918 -0.7745
vn 0.5137 -0.7511 0.4148
vn 0.4999 -0.7549 0.4245
vn 0.5655 -0.7340 0.3761
vn 0.3640 -0.7693 0.5251
vn 0.5115 -0.7529 0.4142
vn 0.3632 -0.7706 0.5236
vn 0.2040 -0.7597 0.6174
vn 0.2180 -0.7612 0.6107
vn 0.2036 -0.7580 0.6197
vn 0.1471 -0.7434 0.6525
vn -0.8616 0.0887 -0.4998
vn -0.7297 0.1645 -0.6637
vn -0.4082 0.2971 -0.8632
vn -0.6115 0.2142 -0.7617
vn -0.7267 0.0212 -0.6867
vn -0.5053 0.4263 -0.7503
vn -0.5167 0.3759 -0.7693
vn -0.6431 0.2918 -0.7080
vn -0.4675 0.2174 -0.8568
vn -0.1249 0.1052 -0.9866
vn -0.3297 0.1734 -0.9280
vn -0.3475 0.0296 -0.9372
vn -0.5915 -0.5153 0.6202
vn -0.5785 0.4863 -0.6549
vn -0.4856 0.4986 -0.7180
vn -0.4188 0.4986 -0.7590
vn -0.3908 0.4904 -0.7790
vn -0.5494 0.4957 -0.6727
vn 0.8180 -0.4838 -0.3111
vn 0.7192 -0.6760 0.1607
vn 0.7526 -0.6240 0.2105
vn -0.0458 -0.6535 0.7555
vn -0.0843 -0.7095 0.6996
vn 0.8105 -0.0181 -0.5855
vn 0.8434 0.0341 -0.5362
vn 0.0683 0.6212 -0.7807
vn 0.1011 0.6742 -0.7316
vn -0.7474 0.6118 -0.2592
vn -0.7110 0.6722 -0.2065
vn -0.8614 -0.0669 0.5035
vn -0.8228 -0.0005 0.5683
vn -0.0407 -0.6057 0.7947
vn 0.7656 -0.5998 0.2327
vn 0.8566 0.0577 -0.5128
vn 0.1149 0.6967 -0.7081
vn -0.6964 0.7010 -0.1536
vn -0.7779 0.0633 0.6252
vn -0.1148 -0.7102 0.6945
vn -0.8655 -0.0748 0.4954
vn -0.7676 0.5905 -0.2494
vn 0.0630 0.6106 -0.7894
vn -0.1022 -0.6766 0.7293
vn -0.8449 -0.0367 0.5337
vn -0.7537 0.6217 -0.2129
vn 0.0801 0.6404 -0.7639
vn 0.8042 -0.0273 -0.5938
vn 0.7131 -0.6847 0.1506
vn 0.8228 0.0005 -0.5683
vn 0.7317 -0.6579 0.1783
vn 0.7579 -0.6142 0.2198
vn -0.0757 -0.6329 0.7705
vn 0.8491 0.0440 -0.5265
vn 0.1066 0.6836 -0.7220
vn -0.7270 0.6649 -0.1713
vn -0.8181 0.0067 0.5750
vn -0.0376 -0.5663 0.8233
vn 0.7894 -0.5478 0.2769
vn 0.8798 0.1052 -0.4635
vn 0.1433 0.7397 -0.6575
vn -0.6837 0.7212 -0.1111
vn -0.7742 0.0682 0.6293
vn 0.6992 -0.6915 0.1816
vn 0.7336 -0.6358 0.2400
vn -0.0818 -0.6426 0.7618
vn -0.1129 -0.6945 0.7105
vn 0.8028 -0.0294 -0.5956
vn 0.8448 0.0366 -0.5338
vn 0.0365 0.6289 -0.7766
vn 0.0688 0.6891 -0.7214
vn -0.7639 0.6026 -0.2308
vn -0.7333 0.6556 -0.1802
vn -0.8553 -0.0553 0.5152
vn -0.8245 -0.0031 0.5658
vn -0.0672 -0.6184 0.7830
vn 0.7655 -0.5880 0.2612
vn 0.8771 0.0991 -0.4700
vn 0.1099 0.7184 -0.6869
vn -0.7178 0.6781 -0.1579
vn -0.8089 0.0205 0.5876
vn -0.1197 -0.7033 0.7007
vn -0.8602 -0.0645 0.5059
vn -0.7696 0.5920 -0.2393
vn 0.0534 0.6088 -0.7915
vn 0.7972 -0.0373 -0.6026
vn 0.7060 -0.6916 0.1523
vn -0.0757 -0.6329 0.7706
vn 0.8490 0.0440 -0.5265
vn -0.7270 0.6650 -0.1713
vn 0.7894 -0.5479 0.2769
vn -0.6837 0.7213 -0.1111
vn -0.7741 0.0682 0.6294
vn -0.4032 -0.6613 -0.6325
vn 0.3763 -0.7499 0.5442
vn 0.4032 0.6613 0.6325
vn 0.4032 0.6614 0.6325
vn -0.8902 0.1263 0.4378
vn -0.8385 0.0268 0.5442
vn -0.9116 0.1544 0.3809
vn -0.9248 0.1764 0.3371
vn -0.8882 0.1166 0.4444
vn -0.9041 0.1895 0.3830
vn -0.8868 0.3981 0.2349
vn -0.9028 0.0416 0.4281
vn -0.9151 0.2905 0.2796
vn -0.9451 0.2736 -0.1787
vn -0.5130 0.3929 -0.7632
vn 0.7460 0.0785 -0.6613
vn 0.1974 0.2991 -0.9336
vn 0.5509 0.4302 -0.7151
vn 0.7529 0.1532 -0.6400
vn 0.7005 0.2254 -0.6772
vn 0.6065 0.3244 -0.7258
vn 0.7473 0.1629 -0.6442
vn 0.7026 0.1904 -0.6856
vn 0.8280 0.0641 -0.5570
vn 0.6668 0.2120 -0.7145
vn -0.4301 0.6475 -0.6291
vn -0.1724 0.9582 -0.2285
vn -0.1762 0.9561 -0.2343
vn 0.0783 0.9853 0.1518
vn 0.0346 0.9957 0.0860
vn -0.3717 -0.7194 -0.5868
vn -0.1985 -0.9223 -0.3315
vn -0.1651 -0.9452 -0.2818
vn -0.1649 -0.9453 -0.2816
vn -0.1984 -0.9223 -0.3315
vn -0.0873 -0.9824 -0.1654
vn -0.9582 0.2740 0.0818
vn -0.9584 0.1963 0.2071
vn -0.9391 0.1179 0.3228
vn -0.9518 0.3055 0.0275
vn 0.5598 0.2302 -0.7960
vn 0.4421 0.3053 -0.8434
vn 0.6610 0.1536 -0.7345
vn 0.6610 0.1537 -0.7345
vn 0.3886 0.3355 -0.8582
vn 0.3886 0.3355 -0.8581
vn 0.4930 -0.4732 0.7301
vn 0.5382 0.1904 0.8210
vn -0.5675 0.7853 -0.2473
vn -0.0691 0.8748 -0.4796
vn -0.1196 0.8772 -0.4651
vn -0.0893 0.8754 -0.4752
vn -0.0292 0.8714 -0.4896
vn 0.0791 0.8837 -0.4613
vn 0.3555 0.8149 -0.4577
vn -0.2428 0.9348 -0.2591
vn -0.7328 0.6514 0.1966
vn 0.3670 -0.4186 -0.8307
vn 0.5455 -0.2954 -0.7843
vn 0.5468 -0.2944 -0.7838
vn 0.2072 -0.5043 -0.8383
vn 0.0009 -0.5878 -0.8090
vn -0.3096 -0.6549 -0.6894
vn -0.3078 -0.6559 -0.6893
vn -0.3301 -0.6557 -0.6791
vn 0.6740 -0.6608 0.3302
vn 0.6453 -0.6692 0.3686
vn 0.4010 -0.7206 0.5656
vn 0.6589 -0.5730 0.4874
vn 0.3146 -0.7233 0.6147
vn 0.7290 -0.5651 0.3863
vn 0.7301 -0.4761 0.4902
vn 0.9001 -0.3008 0.3153
vn 0.7417 -0.6393 0.2029
vn 0.4259 -0.4904 0.7603
vn -0.1568 -0.3822 0.9107
vn -0.9328 -0.2192 0.2861
vn -0.9143 0.0484 0.4021
vn -0.8236 0.5668 0.0231
vn -0.9126 -0.2642 0.3121
vn -0.7972 -0.2014 0.5690
vn -0.1971 -0.6467 0.7369
vn -0.7764 0.6290 0.0382
vn -0.8354 0.1132 0.5379
vn -0.7506 -0.0659 0.6574
vn -0.6380 0.2513 0.7279
vn -0.6141 0.2089 0.7611
vn -0.0945 -0.6087 0.7878
vn 0.7162 -0.1186 -0.6877
vn 0.7246 -0.1191 -0.6788
vn 0.6844 -0.1551 -0.7124
vn 0.8937 0.1362 -0.4274
vn 0.7426 0.4837 -0.4632
vn 0.9936 -0.0298 -0.1088
vn -0.8020 0.0302 0.5966
vn -0.8086 0.0763 0.5834
vn -0.7764 0.0095 0.6301
vn -0.7747 0.2114 0.5959
vn -0.6785 0.0211 0.7343
vn 0.2809 0.2644 -0.9226
vn -0.5168 0.2794 -0.8092
vn -0.1289 0.9709 -0.2019
vn 0.4940 0.6464 -0.5815
vn -0.7475 0.6167 0.2469
vn -0.9685 0.2297 -0.0957
vn -0.2794 -0.2546 0.9258
vn -0.5012 -0.6402 0.5822
vn 0.1562 -0.9735 0.1670
vn 0.2808 0.2644 -0.9226
vn 0.7526 -0.6139 -0.2383
vn 0.5497 -0.2926 0.7824
vn 0.9667 -0.2337 0.1041
vn 0.7526 -0.6138 -0.2383
vn 0.4939 0.6464 -0.5815
vn 0.9667 -0.2337 0.1042
vn 0.3458 0.8229 -0.4507
vn 0.0232 0.6058 -0.7953
vn -0.5803 0.8088 -0.0957
vn 0.1759 0.9831 -0.0513
vn -0.9355 -0.0375 -0.3514
vn -0.7259 -0.0591 -0.6853
vn -0.7259 -0.0590 -0.6853
vn -0.5167 -0.8170 0.2559
vn -0.2358 -0.9715 0.0257
vn 0.7106 -0.6740 0.2018
vn -0.5168 -0.8170 0.2558
vn -0.2358 -0.9715 0.0256
vn 0.0970 -0.4521 0.8867
vn 0.7106 -0.6740 0.2019
vn 0.7021 0.0034 0.7120
vn 0.9060 -0.2199 0.3617
vn 0.7022 0.0033 0.7120
vn 0.3458 0.8229 -0.4508
vn 0.7107 -0.6740 0.2018
vn -0.5802 0.8088 -0.0958
vn -0.5168 -0.8170 0.2559
vn 0.3188 0.3279 -0.8893
vn -0.4727 0.2902 -0.8320
vn -0.1676 0.9714 -0.1681
vn 0.4716 0.7053 -0.5293
vn -0.7957 0.5755 0.1888
vn -0.9671 0.1914 -0.1676
vn -0.3107 -0.3274 0.8924
vn -0.4902 -0.6964 0.5242
vn 0.2031 -0.9679 0.1482
vn 0.3188 0.3280 -0.8893
vn 0.8003 -0.5684 -0.1909
vn 0.5082 -0.2867 0.8121
vn 0.9615 -0.2067 0.1813
vn 0.4715 0.7054 -0.5292
vn 0.4716 0.7054 -0.5292
vn -0.3672 0.8281 0.4236
vn -0.1131 0.9936 0.0018
vn -0.7895 0.4671 -0.3981
vn -0.7406 0.5596 0.3720
vn -0.0656 0.2308 -0.9708
vn 0.1725 0.5167 -0.8386
vn -0.0657 0.2309 -0.9708
vn 0.1724 0.5167 -0.8386
vn 0.4075 -0.6675 -0.6232
vn 0.7262 -0.5350 -0.4318
vn -0.1130 0.9936 0.0018
vn 0.6638 -0.4814 0.5724
vn 0.7263 -0.5348 -0.4318
vn -0.0242 -0.9861 0.1641
vn 0.6637 -0.4814 0.5725
vn -0.1459 -0.5695 0.8089
vn 0.2657 -0.3738 0.8886
vn -0.7405 0.5597 0.3721
vn -0.1458 -0.5695 0.8090
vn 0.2658 -0.3738 0.8886
vn 0.4259 0.8798 -0.2109
vn -0.1491 0.6774 -0.7203
vn -0.5825 0.7944 0.1721
vn 0.1773 0.9470 0.2678
vn -0.9697 0.1606 -0.1843
vn -0.7324 0.0829 -0.6758
vn -0.4216 -0.8801 0.2184
vn -0.1935 -0.9403 -0.2799
vn 0.6146 -0.7726 -0.1594
vn 0.4259 0.8799 -0.2108
vn 0.9700 -0.1532 0.1889
vn 0.1812 -0.6556 0.7331
vn 0.7309 -0.1041 0.6745
vn 0.1772 0.9470 0.2679
vn 0.1818 0.4875 -0.8540
vn -0.5986 0.4619 -0.6545
vn -0.1387 0.9886 0.0585
vn 0.4353 0.7771 -0.4545
vn -0.7088 0.5254 0.4707
vn -0.9704 0.2312 0.0695
vn -0.1799 -0.4788 0.8593
vn -0.4423 -0.7714 0.4575
vn 0.1620 -0.9821 -0.0958
vn 0.1817 0.4876 -0.8540
vn 0.7148 -0.5246 -0.4623
vn 0.6282 -0.4676 0.6219
vn 0.9695 -0.2372 -0.0622
vn 0.7149 -0.5246 -0.4623
vn 0.1817 0.4875 -0.8540
vn 0.4352 0.7771 -0.4546
vn 0.9695 -0.2372 -0.0621
vn -0.5788 0.7372 0.3486
vn -0.1672 0.9759 0.1399
vn -0.5370 0.5642 -0.6272
vn -0.8643 0.4974 0.0747
vn 0.3857 0.4243 -0.8193
vn 0.5131 0.6694 -0.5372
vn 0.3857 0.4244 -0.8193
vn 0.6976 -0.5411 -0.4695
vn 0.8783 -0.4607 -0.1279
vn -0.1672 0.9760 0.1399
vn 0.3450 -0.6092 0.7140
vn 0.6977 -0.5411 -0.4696
vn 0.8783 -0.4606 -0.1279
vn -0.0323 -0.9976 -0.0615
vn -0.4722 -0.7160 0.5141
vn -0.1614 -0.5544 0.8165
vn -0.8643 0.4975 0.0747
vn -0.4721 -0.7160 0.5142
vn -0.1613 -0.5544 0.8165
vn -0.5787 0.7373 0.3486
vn 0.3450 -0.6092 0.7141
vn -0.0324 -0.9976 -0.0616
vn -0.5370 0.5641 -0.6272
vn 0.3857 0.4244 -0.8192
vn 0.6977 -0.5411 -0.4695
vn 0.4146 0.8895 0.1922
vn 0.1638 0.8136 -0.5578
vn -0.6467 0.7624 0.0239
vn -0.0347 0.8668 0.4974
vn -0.7757 0.2270 -0.5889
vn -0.3296 0.2424 -0.9125
vn -0.4144 -0.8914 -0.1838
vn 0.0257 -0.8573 -0.5141
vn 0.6674 -0.7447 0.0066
vn 0.4145 0.8895 0.1923
vn 0.7733 -0.2208 0.5944
vn -0.1432 -0.7959 0.5882
vn 0.3304 -0.2628 0.9065
vn 0.7733 -0.2207 0.5944
vn -0.0348 0.8668 0.4974
vn 0.3303 -0.2628 0.9065
vn 0.4700 0.5843 -0.6616
vn -0.3318 0.5829 -0.7417
vn -0.1350 0.9788 0.1537
vn 0.5764 0.8010 -0.1621
vn -0.8187 0.5027 0.2775
vn -0.9321 0.2823 -0.2270
vn -0.4699 -0.5765 0.6684
vn -0.5838 -0.7953 0.1633
vn 0.1697 -0.9690 -0.1796
vn 0.4700 0.5843 -0.6615
vn 0.8215 -0.5035 -0.2676
vn 0.3707 -0.5861 0.7205
vn 0.9286 -0.2891 0.2327
vn 0.8216 -0.5035 -0.2675
vn 0.5763 0.8010 -0.1621
vn -0.6634 0.6862 0.2985
vn -0.2196 0.9478 0.2314
vn -0.3834 0.6536 -0.6525
vn -0.8685 0.4910 -0.0674
vn 0.5614 0.5326 -0.6333
vn 0.6112 0.7336 -0.2972
vn 0.5614 0.5327 -0.6333
vn 0.6111 0.7336 -0.2972
vn 0.8031 -0.4761 -0.3582
vn 0.8941 -0.4472 0.0248
vn -0.2195 0.9478 0.2314
vn 0.1774 -0.7084 0.6831
vn 0.8032 -0.4760 -0.3582
vn 0.8941 -0.4471 0.0249
vn 0.0075 -0.9782 -0.2075
vn 0.1773 -0.7085 0.6831
vn -0.5648 -0.7769 0.2784
vn -0.3400 -0.6634 0.6666
vn -0.5647 -0.7769 0.2784
vn -0.6633 0.6862 0.2985
vn 0.1773 -0.7084 0.6832
vn -0.3835 0.6536 -0.6525
vn 0.2225 0.8432 0.4894
vn 0.2896 0.9091 -0.2995
vn -0.6741 0.7310 -0.1058
vn -0.3055 0.7535 0.5822
vn -0.5053 0.3218 -0.8007
vn 0.0276 0.4080 -0.9126
vn -0.2254 -0.8467 -0.4820
vn 0.3029 -0.7411 -0.5992
vn 0.6797 -0.7191 0.1445
vn 0.2224 0.8432 0.4894
vn 0.5004 -0.3168 0.8058
vn -0.2840 -0.8972 0.3382
vn -0.0227 -0.4268 0.9041
vn 0.5003 -0.3168 0.8058
vn -0.3056 0.7535 0.5821
vn 0.6014 0.6676 -0.4390
vn -0.1572 0.6863 -0.7102
vn -0.1917 0.9483 0.2529
vn 0.5789 0.8096 0.0968
vn -0.8733 0.4668 0.1391
vn -0.8564 0.3218 -0.4037
vn -0.6031 -0.6608 0.4467
vn -0.5866 -0.8041 -0.0966
vn 0.2314 -0.9352 -0.2679
vn 0.8737 -0.4690 -0.1289
vn 0.2001 -0.6868 0.6988
vn 0.8518 -0.3293 0.4074
vn 0.5789 0.8097 0.0968
vn 0.6014 0.6675 -0.4390
vn 0.5789 0.8097 0.0967
vn 0.8518 -0.3294 0.4074
vn -0.6755 -0.6378 0.3699
vn -0.4166 -0.9090 0.0103
vn 0.2785 -0.7285 0.6259
vn -0.4511 -0.4893 0.7464
vn 0.7687 -0.6129 -0.1829
vn 0.4878 -0.7698 -0.4117
vn 0.4878 -0.7698 -0.4116
vn 0.7753 0.4209 -0.4709
vn 0.4956 0.4403 -0.7487
vn -0.4166 -0.9090 0.0102
vn -0.4057 0.7883 -0.4626
vn 0.7753 0.4208 -0.4709
vn 0.4956 0.4402 -0.7487
vn 0.2893 0.9438 0.1601
vn -0.4057 0.7883 -0.4625
vn -0.4428 0.8100 0.3844
vn -0.6667 0.7452 -0.0154
vn -0.4512 -0.4894 0.7463
vn -0.6666 0.7452 -0.0154
vn -0.6755 -0.6379 0.3699
vn -0.4058 0.7883 -0.4626
vn -0.3835 -0.8444 -0.3741
vn 0.1569 -0.9681 -0.1956
vn -0.3935 -0.6806 0.6181
vn -0.8180 -0.5356 0.2096
vn 0.6728 -0.2543 0.6948
vn 0.9013 -0.3726 0.2211
vn 0.6781 0.5688 0.4655
vn 0.9064 0.4225 -0.0004
vn 0.1677 0.7256 -0.6674
vn -0.3835 -0.8443 -0.3742
vn -0.3747 0.5338 -0.7581
vn -0.3833 0.9067 0.1759
vn -0.8108 0.5767 -0.1002
vn -0.3747 0.5338 -0.7580
vn -0.8180 -0.5357 0.2096
vn -0.3835 -0.8444 -0.3742
vn -0.8109 0.5766 -0.1003
vn 0.6771 0.0656 -0.7329
vn 0.8056 0.0157 -0.5923
vn 0.6958 0.0054 -0.7182
vn 0.7151 0.1040 -0.6912
vn 0.8218 -0.0204 -0.5694
vn 0.8206 0.0677 -0.5675
vn 0.7206 0.1023 -0.6858
vn 0.8140 0.1404 -0.5636
vn 0.8170 0.1559 -0.5552
vn 0.8411 0.0850 -0.5341
vn 0.8282 0.0132 -0.5602
vn 0.8365 0.0091 -0.5479
vn 0.8396 0.0648 -0.5393
vn 0.8785 0.0014 -0.4777
vn 0.8297 -0.0444 -0.5565
vn -0.8450 -0.0573 0.5316
vn -0.8318 -0.0281 0.5544
vn -0.8401 -0.0237 0.5419
vn -0.8609 -0.0210 0.5083
vn -0.9334 -0.0305 0.3577
vn -0.9415 0.0300 0.3358
vn -0.9192 0.0678 0.3880
vn -0.9163 0.0660 0.3951
vn -0.8456 0.0310 0.5330
vn -0.8417 0.1038 0.5299
vn -0.8355 0.1192 0.5364
vn -0.8234 0.0480 0.5655
vn -0.8269 0.0277 0.5616
vn -0.7837 -0.0360 0.6201
vn -0.8353 -0.0815 0.5436
vn 0.3771 -0.7485 0.5454
vn 0.3779 -0.7472 0.5467
vn 0.8706 -0.0642 -0.4878
vn 0.7681 -0.6203 0.1590
vn 0.8706 -0.0641 -0.4878
vn 0.5989 0.5052 -0.6214
vn 0.5585 0.4318 -0.7082
vn -0.3502 0.7899 -0.5034
vn -0.2964 0.8580 -0.4196
vn 0.9689 -0.2321 -0.0864
vn 0.9341 -0.3166 -0.1651
vn 0.4436 -0.6166 0.6505
vn 0.4009 -0.7069 0.5828
vn -0.4517 -0.2638 0.8523
vn -0.5079 -0.3488 0.7877
vn -0.8217 0.4735 0.3173
vn -0.8835 0.3996 0.2446
vn -0.3867 0.7323 -0.5605
vn 0.5236 0.3737 -0.7657
vn 0.8997 -0.3759 -0.2217
vn 0.3657 -0.7669 0.5275
vn -0.5446 -0.4082 0.7327
vn -0.9208 0.3414 0.1887
vn -0.9106 0.3588 0.2053
vn -0.5343 -0.3911 0.7494
vn -0.5425 0.2076 -0.8140
vn 0.1885 -0.0804 -0.9788
vn 0.4905 -0.6824 -0.5420
vn 0.0617 -0.9963 0.0597
vn -0.6693 -0.7083 0.2245
vn -0.9714 -0.1063 -0.2124
vn -0.9689 0.2321 0.0864
vn -0.4436 0.6166 -0.6505
vn -0.9341 0.3166 0.1651
vn -0.5585 -0.4318 0.7082
vn -0.5989 -0.5052 0.6214
vn 0.3502 -0.7899 0.5034
vn 0.2964 -0.8580 0.4196
vn 0.8835 -0.3996 -0.2446
vn 0.8217 -0.4735 -0.3173
vn 0.5079 0.3488 -0.7877
vn 0.4517 0.2638 -0.8523
vn -0.4009 0.7068 -0.5828
vn -0.3657 0.7669 -0.5275
vn 0.5446 0.4082 -0.7327
vn 0.9208 -0.3414 -0.1887
vn 0.3867 -0.7324 0.5605
vn -0.5236 -0.3737 0.7657
vn -0.8997 0.3759 0.2217
vn 0.9106 -0.3588 -0.2053
vn 0.5343 0.3911 -0.7494
vn -0.0617 0.9963 -0.0597
vn 0.6693 0.7083 -0.2245
vn 0.9714 0.1063 0.2123
vn 0.5425 -0.2077 0.8140
vn -0.1885 0.0804 0.9788
vn -0.4906 0.6824 0.5419
vn 0.6759 -0.7020 0.2245
vn 0.7156 -0.6375 0.2854
vn 0.3884 -0.7295 0.5630
vn 0.3534 -0.7855 0.5081
vn 0.4949 -0.4665 0.7331
vn 0.9152 -0.3906 -0.0994
vn 0.7549 -0.3924 0.5255
vn 0.9604 -0.0889 0.2639
vn 0.9089 -0.0813 -0.4089
vn 0.9919 0.0022 -0.1269
vn 0.8823 -0.1520 -0.4455
vn 0.8731 -0.4723 -0.1207
vn 0.7027 0.1928 -0.6849
vn 0.7285 0.2403 -0.6416
vn 0.8074 0.3337 -0.4866
vn 0.5105 0.3862 -0.7683
vn 0.5287 0.4224 -0.7363
vn 0.1450 0.6149 -0.7752
vn 0.1681 0.6461 -0.7445
vn 0.6508 0.4456 -0.6147
vn -0.3874 0.7310 -0.5617
vn -0.3667 0.7652 -0.5291
vn 0.2280 0.6552 -0.7203
vn -0.7886 0.5942 -0.1581
vn -0.7706 0.6251 -0.1243
vn -0.9183 0.3550 0.1754
vn -0.8972 0.3910 0.2054
vn -0.8341 0.4125 0.3663
vn -0.8828 0.2043 0.4230
vn -0.9109 0.1569 0.3815
vn -0.7504 -0.1883 0.6335
vn -0.7295 -0.1179 0.6737
vn -0.5053 -0.0312 0.8624
vn -0.1308 -0.1133 0.9849
vn -0.4382 -0.5015 0.7460
vn -0.4377 -0.4208 0.7946
vn -0.0364 -0.7178 0.6953
vn 0.0019 -0.6534 0.7570
vn -0.7741 0.2984 0.5583
vn 0.1997 -0.4048 0.8923
vn 0.4948 -0.4665 0.7332
vn 0.3882 -0.7296 0.5630
vn 0.3532 -0.7855 0.5081
vn 0.3451 -0.7970 0.4956
vn -0.0540 -0.7266 0.6850
vn -0.0991 -0.7692 0.6313
vn 0.3232 -0.8263 0.4613
vn -0.4306 -0.5228 0.7357
vn -0.4437 -0.5821 0.6814
vn -0.7526 -0.1954 0.6288
vn -0.7727 -0.2548 0.5814
vn -0.9514 0.0313 0.3065
vn -0.9111 0.1272 0.3921
vn -0.9295 0.3318 0.1608
vn -0.9450 0.2815 -0.1666
vn -0.9209 0.3320 -0.2043
vn -0.8064 0.5652 -0.1737
vn -0.4015 0.7059 -0.5835
vn -0.8011 0.5070 -0.3179
vn 0.1385 0.5862 -0.7982
vn 0.5024 0.3635 -0.7845
vn 0.7134 0.1634 -0.6814
vn 0.6538 0.0675 -0.7537
vn 0.8791 -0.1590 -0.4494
vn 0.8455 -0.2183 -0.4873
vn 0.8187 -0.5536 -0.1524
vn 0.8614 -0.4941 -0.1180
vn 0.6434 -0.7524 0.1409
vn 0.6736 -0.7103 0.2043
vn 0.3233 -0.8263 0.4612
vn 0.3452 -0.7970 0.4956
vn 0.2087 0.3072 -0.9285
vn 0.1643 0.3554 -0.9202
vn 0.0041 0.5260 -0.8505
vn -0.4476 0.6081 -0.6556
vn 0.3874 -0.7312 0.5615
vn 0.4263 -0.6559 0.6229
vn -0.0543 -0.4468 0.8930
vn -0.0541 -0.6488 0.7591
vn 0.5157 0.3280 0.7915
vn 0.8563 -0.4264 0.2913
vn 0.7394 -0.6310 0.2348
vn -0.1615 0.0311 0.9864
vn -0.0183 0.4323 0.9015
vn 0.1340 0.5872 0.7983
vn 0.4015 0.6646 0.6302
vn 0.6633 0.5990 0.4485
vn 0.8228 0.4511 0.3458
vn 0.9693 0.0564 0.2392
vn 0.4201 0.6616 0.6211
vn -0.2278 0.9218 -0.3137
vn -0.4368 0.8976 -0.0587
vn -0.5883 0.6746 -0.4458
vn 0.3860 0.6608 0.6437
vn 0.0892 0.9094 -0.4063
vn -0.2005 0.6833 -0.7021
vn -0.4152 0.6790 -0.6054
vn -0.2985 -0.8252 -0.4796
vn -0.1975 -0.7172 -0.6683
vn 0.3233 -0.8263 0.4613
vn -0.5149 -0.7243 -0.4586
vn -0.0991 -0.7691 0.6313
vn -0.3500 -0.7544 -0.5553
vn -0.2653 -0.6459 -0.7158
vn -0.2479 -0.7046 -0.6649
vn 0.8455 -0.2184 -0.4873
vn 0.6538 0.0675 -0.7536
vn -0.0973 -0.8855 -0.4543
vn -0.0091 -0.6570 -0.7538
vn -0.2053 -0.9171 -0.3418
vn -0.5342 -0.6520 -0.5381
vn -0.4924 -0.7101 -0.5033
vn -0.7727 -0.2549 0.5814
vn -0.3521 -0.8912 -0.2859
vn -0.6692 -0.6718 -0.3176
vn -0.5730 0.2501 -0.7805
vn -0.5364 0.2596 -0.8030
vn -0.5011 0.2518 -0.8280
vn -0.5472 0.1526 -0.8230
vn -0.8011 0.5070 -0.3180
vn 0.1642 0.3554 -0.9202
vn -0.5665 0.3845 0.7288
vn 0.3636 0.7328 0.5752
vn 0.1469 0.9559 0.2545
vn 0.8802 0.4168 -0.2271
vn -0.7722 0.6326 -0.0595
vn -0.3442 0.7985 -0.4939
vn -0.7089 -0.6652 0.2346
vn -0.8384 -0.0167 0.5448
vn -0.8897 0.0217 0.4560
vn -0.7287 -0.6689 0.1468
vn -0.4890 0.6240 0.6095
vn -0.6174 0.5835 0.5276
vn -0.5963 -0.1292 0.7923
vn -0.4817 -0.7997 0.3584
vn -0.3818 -0.9169 -0.1160
vn -0.3495 -0.9351 -0.0578
vn -0.2991 -0.9466 -0.1206
vn -0.2316 -0.9724 -0.0273
vn -0.2386 -0.9701 0.0435
vn -0.1043 -0.9774 0.1841
vn -0.0365 -0.8794 0.4747
vn 0.1450 -0.6357 0.7582
vn -0.1486 -0.7385 0.6577
vn 0.2282 -0.2847 0.9310
vn -0.1681 0.8738 0.4564
vn 0.5523 -0.1437 0.8211
vn 0.3137 0.1655 0.9350
vn 0.2549 0.4304 0.8659
vn 0.0559 0.2944 0.9540
vn 0.3132 0.6067 0.7306
vn 0.1007 0.8238 0.5579
vn 0.1294 0.9301 0.3437
vn -0.0394 0.8900 0.4543
vn -0.2551 0.6019 0.7567
vn -0.1558 -0.2515 0.9552
vn 0.8745 0.0040 -0.4850
vn 0.8253 0.0321 -0.5638
vn 0.3284 0.0723 -0.9418
vn 0.2851 0.0681 -0.9561
vn 0.9991 0.0026 0.0413
vn 0.9976 0.0180 0.0667
vn 0.8842 0.2521 0.3933
vn 0.8832 0.2520 0.3954
vn -0.4719 -0.0444 -0.8805
vn -0.5369 -0.0578 -0.8416
vn -0.9643 -0.0198 -0.2639
vn -0.9553 -0.0413 -0.2928
vn -0.9774 0.1899 -0.0926
vn -0.9766 0.1946 -0.0914
vn -0.9180 0.3873 -0.0852
vn -0.9113 0.4017 -0.0905
vn -0.8650 0.4866 -0.1226
vn 0.9404 0.1818 0.2875
vn 0.9456 0.1683 0.2783
vn 0.9811 0.0139 0.1931
vn 0.9798 0.0276 0.1980
vn 0.9840 -0.0378 0.1742
vn 0.4847 0.4650 -0.7408
vn 0.4111 0.8520 -0.3241
vn 0.4505 0.1739 -0.8757
vn 0.2167 -0.6154 -0.7578
vn 0.4157 0.7747 -0.4765
vn 0.3648 0.9180 -0.1554
vn 0.3308 0.9423 -0.0513
vn 0.3582 0.9308 -0.0727
vn 0.4648 -0.0476 -0.8841
vn 0.2568 -0.5705 -0.7801
vn 0.1349 -0.7707 -0.6228
vn 0.6608 0.4813 -0.5759
vn 0.6168 0.4955 -0.6116
vn 0.9267 0.3066 -0.2175
vn 0.9266 0.3069 -0.2173
vn 0.4701 0.5281 -0.7072
vn -0.7258 -0.6874 0.0281
vn -0.9032 -0.3351 0.2683
vn -0.9680 -0.2504 -0.0147
vn -0.7136 -0.6937 0.0977
vn -0.9497 -0.2844 0.1315
vn -0.9256 0.0538 0.3746
vn -0.9416 0.1710 0.2899
vn -0.9622 0.2299 0.1458
vn -0.9988 0.0351 -0.0342
vn -0.8563 0.3686 0.3618
vn -0.8682 0.2305 0.4394
vn -0.7994 -0.3581 0.4825
vn -0.7087 -0.2953 0.6408
vn -0.8183 -0.1191 0.5623
vn -0.7262 -0.1835 0.6626
vn 0.9925 -0.1095 -0.0552
vn 0.9160 0.1183 -0.3833
vn 0.9641 0.2601 -0.0540
vn 0.8067 0.5818 -0.1040
vn 0.8658 0.3401 -0.3670
vn 0.8241 0.0471 -0.5645
vn 0.7049 -0.6241 -0.3371
vn 0.9404 0.0986 -0.3254
vn 0.9406 0.1208 -0.3174
vn 0.9480 0.0499 -0.3145
vn -0.0000 -0.9397 -0.3420
vn -0.0000 -0.3317 0.9434
vn -0.0914 0.2843 -0.9544
vn -0.0000 0.3420 -0.9397
vn -0.1569 0.3007 -0.9407
vn -0.0000 0.2987 -0.9544
vn -0.0000 0.2771 -0.9608
vn 0.0909 0.2847 -0.9543
vn 0.1586 0.3028 -0.9398
vn 0.5914 0.1987 0.7815
vn 0.3342 -0.0556 0.9409
vn 0.4116 -0.1362 0.9011
vn 0.1271 -0.2444 0.9613
vn 0.4915 -0.1942 0.8489
vn 0.1000 -0.2984 0.9492
vn 0.8201 0.0882 0.5653
vn 0.2176 -0.0143 0.9759
vn 0.4099 0.2257 0.8838
vn 0.9232 0.0061 0.3842
vn -0.3393 -0.0570 0.9390
vn -0.2204 -0.0136 0.9753
vn -0.4110 0.2239 0.8837
vn -0.1313 -0.2444 0.9607
vn -0.4118 -0.1407 0.9004
vn -0.5891 0.1894 0.7855
vn -0.4861 -0.1984 0.8511
vn -0.1061 -0.2963 0.9492
vn -0.7974 0.0618 0.6003
vn -0.8894 -0.0255 0.4564
vn 0.8660 0.1813 -0.4661
vn -0.8660 -0.1710 0.4698
vn -0.9102 -0.1966 0.3645
vn -0.9411 -0.1517 0.3021
vn -0.8651 -0.2136 0.4538
vn -0.8640 -0.2348 0.4454
vn -0.8102 -0.2556 0.5275
vn -0.7600 -0.2568 0.5971
vn -0.8660 -0.1710 0.4699
vn 0.9572 0.2889 -0.0162
vn 0.8692 0.3288 0.3692
vn 0.9838 0.1783 0.0206
vn 0.9254 0.2180 -0.3100
vn 0.9936 0.0807 0.0787
vn 0.9166 0.1774 -0.3584
vn 0.8218 0.0639 0.5661
vn 0.9154 0.3872 -0.1105
vn 0.8642 0.4608 0.2020
vn 0.7466 -0.1089 0.6562
vn 0.6597 0.5383 -0.5244
vn 0.5734 0.5131 -0.6388
vn 0.4043 0.7320 -0.5483
vn 0.7766 0.3054 -0.5510
vn 0.5284 0.4444 -0.7234
vn 0.2388 0.7008 -0.6722
vn 0.4620 0.3953 -0.7939
vn 0.7982 0.2488 -0.5486
vn 0.0142 0.5603 -0.8281
vn -0.1159 0.4487 -0.8861
vn -0.8660 0.1813 -0.4661
vn 0.8660 -0.1710 0.4698
vn 0.8100 -0.2560 0.5277
vn 0.7613 -0.2583 0.5947
vn 0.8651 -0.2136 0.4538
vn 0.8640 -0.2348 0.4454
vn 0.9101 -0.1965 0.3650
vn 0.9419 -0.1490 0.3010
vn 0.8661 -0.1710 0.4698
vn 0.8660 -0.1710 0.4699
vn -0.5774 0.5139 -0.6344
vn -0.2316 0.7066 -0.6687
vn -0.5279 0.4483 -0.7213
vn -0.7796 0.3044 -0.5474
vn -0.4567 0.3988 -0.7953
vn -0.8025 0.2450 -0.5441
vn 0.0308 0.5690 -0.8218
vn -0.6623 0.5371 -0.5224
vn -0.4042 0.7333 -0.5467
vn 0.1929 0.4478 -0.8731
vn -0.9161 0.3865 -0.1072
vn -0.9585 0.2849 -0.0119
vn -0.8652 0.4590 0.2018
vn -0.9272 0.2162 -0.3060
vn -0.9845 0.1742 0.0189
vn -0.8740 0.3245 0.3616
vn -0.9942 0.0800 0.0723
vn -0.9192 0.1771 -0.3516
vn -0.8471 0.0668 0.5273
vn -0.7961 -0.0916 0.5983
vn 0.0914 0.2843 -0.9544
vn 0.1569 0.3007 -0.9407
vn -0.0910 0.2847 -0.9543
vn -0.1586 0.3028 -0.9398
vn -0.3342 -0.0556 0.9408
vn -0.5914 0.1987 0.7815
vn -0.4116 -0.1362 0.9011
vn -0.1271 -0.2444 0.9613
vn -0.4915 -0.1942 0.8489
vn -0.1000 -0.2984 0.9492
vn -0.8202 0.0881 0.5653
vn -0.2176 -0.0143 0.9759
vn -0.4099 0.2257 0.8838
vn -0.9232 0.0061 0.3842
vn 0.2204 -0.0136 0.9753
vn 0.3393 -0.0570 0.9390
vn 0.4110 0.2239 0.8837
vn 0.1313 -0.2444 0.9607
vn 0.4118 -0.1407 0.9004
vn 0.5891 0.1894 0.7855
vn 0.4861 -0.1984 0.8511
vn 0.1061 -0.2963 0.9492
vn 0.7974 0.0619 0.6003
vn 0.8894 -0.0255 0.4564
vn -0.8100 -0.2560 0.5277
vn -0.7613 -0.2583 0.5948
vn -0.9101 -0.1965 0.3650
vn -0.9419 -0.1490 0.3009
vn -0.8661 -0.1710 0.4698
vn 0.2316 0.7066 -0.6687
vn 0.5774 0.5139 -0.6344
vn 0.5279 0.4483 -0.7213
vn 0.7795 0.3044 -0.5474
vn 0.4567 0.3988 -0.7953
vn 0.8025 0.2450 -0.5441
vn -0.0308 0.5690 -0.8218
vn 0.6623 0.5371 -0.5224
vn 0.4042 0.7333 -0.5467
vn -0.1929 0.4478 -0.8731
vn 0.9585 0.2849 -0.0119
vn 0.9161 0.3865 -0.1072
vn 0.8652 0.4590 0.2018
vn 0.9272 0.2162 -0.3060
vn 0.9845 0.1742 0.0189
vn 0.8740 0.3245 0.3616
vn 0.9942 0.0800 0.0723
vn 0.9192 0.1771 -0.3516
vn 0.8470 0.0668 0.5273
vn 0.7961 -0.0916 0.5983
vn 0.9419 -0.1490 0.3009
vn -0.7795 0.3044 -0.5474
vn -0.9161 0.3865 -0.1071
vn -0.8740 0.3245 0.3617
vn -0.8470 0.0670 0.5274
vn -0.2410 0.3257 -0.9143
vn -0.5748 0.2792 -0.7692
vn -0.2406 0.3258 -0.9143
vn -0.2139 0.3271 -0.9205
vn -0.2070 0.3225 -0.9237
vn -0.2460 0.3257 -0.9129
vn -0.2214 0.3184 -0.9217
vn -0.1790 0.3162 -0.9316
vn -0.1867 0.3217 -0.9283
vn -0.1946 0.3231 -0.9261
vn -0.1445 0.3292 -0.9331
vn -0.4647 0.2997 -0.8332
vn -0.7415 0.2270 -0.6314
vn -0.7439 0.2248 -0.6294
vn -0.5993 0.2584 -0.7577
vn -0.7554 0.1822 -0.6294
vn -0.5050 0.2651 -0.8214
vn -0.2441 0.3301 -0.9119
vn -0.2187 0.3366 -0.9159
vn -0.1409 0.3278 -0.9342
vn -0.2232 0.3559 -0.9075
vn -0.2325 0.3571 -0.9047
vn 0.1565 -0.2339 0.9596
vn 0.2078 -0.2877 0.9349
vn 0.2407 -0.2732 0.9314
vn 0.2341 -0.3086 0.9219
vn 0.2931 -0.3669 0.8829
vn 0.2851 -0.3384 0.8968
vn 0.2746 -0.2985 0.9140
vn 0.4574 -0.5399 0.7066
vn 0.4610 -0.5738 0.6769
vn 0.2208 -0.1995 0.9547
vn 0.3165 -0.4587 0.8303
vn 0.3779 -0.5829 0.7194
vn 0.6278 -0.4269 0.6509
vn 0.6651 -0.3003 0.6837
vn 0.6989 -0.1594 0.6973
vn 0.8196 -0.2857 0.4966
vn 0.7943 -0.1882 0.5776
vn 0.8054 -0.0874 0.5862
vn 0.6463 -0.0873 0.7581
vn 0.4204 -0.1142 0.9001
vn 0.2631 -0.4748 0.8398
vn 0.3107 -0.5720 0.7592
vn 0.0870 -0.1573 0.9837
vn -1.0000 -0.0000 -0.0000
vn 0.5748 0.2792 -0.7692
vn 0.2410 0.3257 -0.9143
vn 0.2406 0.3258 -0.9143
vn 0.2139 0.3270 -0.9205
vn 0.2070 0.3225 -0.9237
vn 0.2460 0.3257 -0.9129
vn 0.2214 0.3184 -0.9217
vn 0.1790 0.3162 -0.9316
vn 0.1867 0.3217 -0.9283
vn 0.1946 0.3231 -0.9261
vn 0.1445 0.3292 -0.9331
vn 0.2179 0.3365 -0.9161
vn 0.2232 0.3559 -0.9075
vn 0.4647 0.2997 -0.8332
vn 0.1408 0.3278 -0.9342
vn 0.5993 0.2585 -0.7577
vn 0.5050 0.2651 -0.8214
vn 0.2441 0.3301 -0.9119
vn 0.2325 0.3571 -0.9047
vn -0.2079 -0.2877 0.9349
vn -0.1567 -0.2342 0.9595
vn -0.2407 -0.2732 0.9314
vn -0.2341 -0.3086 0.9219
vn -0.2931 -0.3669 0.8829
vn -0.2851 -0.3384 0.8968
vn -0.2746 -0.2986 0.9140
vn -0.4574 -0.5399 0.7066
vn -0.4610 -0.5739 0.6769
vn -0.3165 -0.4587 0.8303
vn -0.3779 -0.5829 0.7193
vn -0.6278 -0.4269 0.6509
vn -0.6651 -0.3003 0.6837
vn -0.6989 -0.1594 0.6973
vn -0.8196 -0.2857 0.4966
vn -0.4204 -0.1142 0.9001
vn -0.2209 -0.1995 0.9547
vn -0.6463 -0.0873 0.7581
vn -0.8054 -0.0874 0.5862
vn -0.2630 -0.4748 0.8399
vn -0.3107 -0.5720 0.7592
vn -0.7943 -0.1882 0.5776
vn -0.0870 -0.1573 0.9837
vn 0.7554 0.1822 -0.6294
vn 0.5993 0.2585 -0.7576
vn 0.7439 0.2248 -0.6294
vn 0.5749 0.2792 -0.7691
vn 0.7415 0.2270 -0.6314
vn 0.4648 0.2997 -0.8331
vn 1.0000 -0.0000 -0.0000
vn 0.0567 -0.3697 0.9274
vn 0.0231 -0.3373 0.9411
vn -0.1458 -0.3271 0.9337
vn 0.1337 -0.3540 0.9256
vn 0.1060 -0.3638 0.9254
vn -0.0000 -0.3003 0.9539
vn -0.0850 -0.3586 0.9296
vn 0.0078 -0.3641 0.9313
vn 0.0676 -0.3689 0.9270
vn 0.0122 -0.3641 0.9313
vn -0.1965 -0.3670 0.9092
vn 0.2357 -0.4329 0.8701
vn 0.1543 -0.4435 0.8829
vn 0.0949 -0.3530 0.9308
vn 0.2841 -0.5042 0.8155
vn 0.2605 -0.6392 0.7235
vn 0.2796 -0.5290 0.8012
vn 0.1211 -0.3344 0.9346
vn 0.0538 -0.3294 0.9427
vn 0.1799 -0.3189 0.9305
vn 0.0652 -0.2940 0.9536
vn 0.0640 -0.2910 0.9546
vn 0.0733 -0.2776 0.9579
vn 0.0802 -0.2120 0.9740
vn 0.0972 -0.1837 0.9782
vn 0.1115 -0.2050 0.9724
vn 0.0732 -0.3294 0.9413
vn 0.4493 -0.3305 0.8300
vn 0.4354 -0.2945 0.8507
vn 0.6934 -0.2578 0.6729
vn 0.5009 -0.3508 0.7913
vn 0.7780 -0.2373 0.5818
vn 0.8466 -0.2880 0.4475
vn 0.4725 -0.3044 0.8271
vn 0.4535 -0.4430 0.7734
vn 0.2505 -0.3454 0.9044
vn 0.5142 -0.1411 0.8460
vn -0.0000 -0.2852 0.9585
vn 0.5310 -0.2189 0.8186
vn 0.6637 -0.0918 0.7424
vn 0.6884 -0.1713 0.7048
vn -0.0000 -0.0573 0.9984
vn -0.0000 -0.2324 0.9726
vn 0.6367 -0.0285 0.7706
vn -0.0000 -0.0067 1.0000
vn -0.6367 -0.0285 0.7706
vn -0.5142 -0.1411 0.8460
vn -0.5310 -0.2189 0.8186
vn -0.6637 -0.0918 0.7423
vn -0.6884 -0.1713 0.7048
vn -0.7504 -0.1818 0.6355
vn -0.7967 -0.1556 0.5840
vn -0.8272 -0.2255 0.5147
vn -0.5312 -0.2357 0.8138
vn -0.0000 -0.2921 0.9564
vn 0.5312 -0.2357 0.8138
vn 0.7504 -0.1818 0.6355
vn 0.7967 -0.1556 0.5840
vn 0.8272 -0.2255 0.5147
vn -0.5399 -0.5178 0.6636
vn -0.5091 -0.6671 0.5439
vn -0.6072 -0.5000 0.6175
vn -0.4245 -0.7268 0.5399
vn -0.5584 -0.4802 0.6765
vn -0.6643 -0.3553 0.6576
vn -0.6503 -0.4195 0.6333
vn 0.0261 -0.4846 0.8744
vn -0.0000 -0.4690 0.8832
vn 0.6642 -0.3571 0.6567
vn 0.5989 -0.4868 0.6359
vn 0.5719 -0.5084 0.6438
vn 0.6052 -0.4482 0.6579
vn 0.4804 -0.7024 0.5253
vn 0.5520 -0.6220 0.5553
vn 0.4782 -0.5012 0.7213
vn 0.0508 -0.7186 0.6936
vn -0.0000 -0.5088 0.8609
vn 0.6758 -0.3828 0.6299
vn 0.8114 -0.1554 0.5635
vn -0.6758 -0.3828 0.6299
vn -0.8103 -0.1554 0.5650
vn -0.7036 -0.2532 0.6639
vn 0.7038 -0.2530 0.6638
vn -0.3469 -0.4311 0.8330
vn -0.0000 -0.3587 0.9335
vn 0.3461 -0.4319 0.8329
vn 0.2834 -0.1724 0.9434
vn 0.5437 -0.0734 0.8360
vn 0.0043 -0.0829 0.9965
vn -0.2845 -0.1772 0.9422
vn -0.5426 -0.0749 0.8366
vn -0.6202 -0.0458 0.7831
vn 0.6159 -0.0362 0.7870
vn 0.6808 0.0096 0.7324
vn 0.2237 -0.1747 0.9589
vn -0.0000 -0.2988 0.9543
vn 0.3736 -0.1572 0.9142
vn 0.3857 0.0185 0.9224
vn 0.0095 -0.0686 0.9976
vn 0.0232 0.0548 0.9982
vn -0.3441 0.0046 0.9389
vn -0.3534 -0.1733 0.9193
vn -0.6646 -0.0148 0.7470
vn -0.2076 -0.1810 0.9613
vn 0.1243 0.2222 -0.9671
vn 0.0975 0.2982 -0.9495
vn 0.0787 0.3301 -0.9407
vn 0.0544 0.3489 -0.9356
vn 0.0069 0.3713 -0.9285
vn 0.0596 0.3157 -0.9470
vn 0.1952 -0.0743 -0.9779
vn 0.2179 0.0105 -0.9759
vn 0.2813 -0.0531 -0.9581
vn 0.2926 -0.0286 -0.9558
vn -0.0275 0.3883 -0.9211
vn -0.0335 0.3699 -0.9285
vn -0.0387 0.3695 -0.9284
vn -0.0163 0.3671 -0.9300
vn -0.0194 0.3717 -0.9281
vn -0.0225 0.3763 -0.9262
vn 0.0035 -0.3606 0.9327
vn -0.0000 -0.3420 0.9397
vn 0.0189 -0.3721 0.9280
vn 0.0028 -0.3703 0.9289
vn -0.0000 -0.3822 0.9241
vn -0.0000 -0.3683 0.9297
vn -0.0000 -0.3651 0.9310
vn 0.0130 -0.3886 0.9213
vn -0.0028 -0.3703 0.9289
vn -0.0130 -0.3886 0.9213
vn -0.0189 -0.3721 0.9280
vn -0.0035 -0.3606 0.9327
vn -0.0121 -0.3642 0.9312
vn -0.0000 -0.3849 0.9230
vn -0.0115 -0.3757 0.9267
vn 0.0115 -0.3758 0.9266
vn -0.0000 -0.3697 0.9292
vn -0.0181 -0.3890 0.9211
vn -0.0078 -0.3641 0.9313
vn -0.0676 -0.3689 0.9270
vn 0.1458 -0.3271 0.9337
vn -0.0231 -0.3373 0.9411
vn 0.0850 -0.3586 0.9296
vn -0.1060 -0.3638 0.9254
vn -0.1337 -0.3540 0.9256
vn -0.0567 -0.3697 0.9274
vn 0.1965 -0.3670 0.9092
vn -0.2357 -0.4329 0.8701
vn -0.1543 -0.4435 0.8829
vn -0.0949 -0.3530 0.9308
vn -0.2841 -0.5042 0.8155
vn -0.2438 -0.5273 0.8140
vn -0.2605 -0.6392 0.7235
vn -0.2438 -0.5272 0.8140
vn -0.2796 -0.5290 0.8012
vn -0.1211 -0.3344 0.9346
vn -0.0538 -0.3293 0.9427
vn -0.1799 -0.3189 0.9305
vn -0.4534 -0.4430 0.7734
vn -0.2505 -0.3454 0.9044
vn -0.0652 -0.2940 0.9536
vn -0.5009 -0.3508 0.7913
vn -0.0640 -0.2910 0.9546
vn -0.0732 -0.3294 0.9413
vn -0.4725 -0.3044 0.8271
vn -0.4354 -0.2945 0.8507
vn -0.7780 -0.2372 0.5818
vn -0.6934 -0.2578 0.6729
vn -0.0733 -0.2776 0.9579
vn -0.0802 -0.2114 0.9741
vn -0.0972 -0.1837 0.9782
vn -0.1115 -0.2050 0.9724
vn -0.4493 -0.3305 0.8300
vn -0.8466 -0.2880 0.4475
vn 0.7623 -0.0109 0.6471
vn 0.6694 -0.0131 0.7428
vn 0.6846 -0.1939 0.7027
vn 0.9899 -0.0306 0.1384
vn 0.6154 -0.1723 0.7691
vn 0.5786 -0.2815 0.7655
vn 0.5602 -0.2816 0.7790
vn 0.6300 0.5318 0.5659
vn 0.6700 0.2607 0.6950
vn 0.8133 0.4139 0.4090
vn 0.9993 -0.0321 -0.0170
vn 0.5038 -0.3230 0.8011
vn 0.4899 -0.3254 0.8088
vn 0.5268 -0.2966 0.7965
vn 0.4075 -0.4317 0.8047
vn 0.5289 -0.3059 0.7916
vn 0.0368 -0.4989 0.8659
vn 0.4100 -0.4320 0.8033
vn 0.6006 -0.3495 0.7191
vn 0.6046 -0.3474 0.7168
vn 0.3486 -0.3423 0.8725
vn 0.3488 -0.3633 0.8639
vn 0.4444 -0.3825 0.8101
vn 0.2610 -0.3574 0.8967
vn 0.0076 -0.3442 0.9389
vn 0.3518 -0.3893 0.8513
vn -0.0075 -0.3442 0.9389
vn -0.2507 -0.3639 0.8971
vn -0.4419 -0.3833 0.8110
vn -0.3448 -0.3381 0.8757
vn -0.3429 -0.3700 0.8634
vn -0.3423 -0.3920 0.8539
vn -0.0027 0.1713 0.9852
vn -0.0025 0.1733 0.9849
vn -0.0021 0.1721 0.9851
vn -0.0000 0.1747 0.9846
vn -0.0000 0.1698 0.9855
vn 0.4888 0.4494 0.7478
vn 0.4917 0.4641 0.7368
vn 0.4719 0.4344 0.7672
vn 0.4804 0.4393 0.7591
vn 0.4370 0.3908 0.8101
vn -0.0000 -0.1974 0.9803
vn -0.6192 -0.3423 0.7067
vn -0.6155 -0.3443 0.7089
vn -0.7141 -0.2629 0.6487
vn -0.7227 -0.2553 0.6423
vn -0.6583 -0.2653 0.7045
vn -0.6617 -0.2419 0.7096
vn -0.5781 -0.2768 0.7676
vn -0.0368 -0.4989 0.8659
vn -0.6362 -0.2078 0.7430
vn -0.6011 -0.1685 0.7812
vn -0.5856 -0.3333 0.7389
vn -0.8241 0.0391 0.5650
vn -0.9792 0.0288 0.2009
vn -0.9460 0.0461 0.3208
vn -0.9851 -0.0627 -0.1604
vn 0.5251 0.0599 0.8490
vn -0.0000 -0.4066 0.9136
vn 0.8102 0.0764 0.5812
vn 0.8990 0.3776 0.2217
vn 0.8914 0.4244 -0.1592
vn 0.8596 0.4840 -0.1640
vn 0.7085 0.7034 0.0562
vn 0.8089 0.4467 -0.3824
vn 0.7081 0.5822 -0.3996
vn 0.4499 0.3829 -0.8068
vn 0.5187 0.6050 -0.6041
vn 0.2735 0.3505 -0.8957
vn -0.0186 0.2860 -0.9580
vn -0.0260 0.3107 -0.9501
vn -0.0265 0.1999 -0.9795
vn -0.0458 -0.8808 -0.4713
vn -0.0000 0.9397 0.3420
vn 0.8656 0.1416 -0.4803
vn 0.0336 0.2878 -0.9571
vn 0.0554 0.2518 -0.9662
vn 0.0703 0.2323 -0.9701
vn 0.1176 0.1804 -0.9765
vn 0.3309 -0.1133 -0.9368
vn 0.3161 -0.0589 -0.9469
vn -0.0336 0.2877 -0.9571
vn -0.0554 0.2518 -0.9662
vn -0.0703 0.2323 -0.9701
vn -0.1176 0.1804 -0.9765
vn -0.3310 -0.1134 -0.9368
vn -0.3161 -0.0589 -0.9469
vn -0.4214 -0.8297 -0.3660
vn -0.4215 -0.8299 -0.3654
vn -0.4215 -0.8298 -0.3658
vn -0.4215 -0.8298 -0.3659
vn -0.6940 0.2644 -0.6696
vn -0.5176 0.2959 -0.8028
vn -1.0000 0.0040 -0.0087
vn -0.9999 0.0044 -0.0104
vn -0.4571 0.2831 -0.8432
vn -0.5551 0.3273 -0.7647
vn -0.4401 0.4293 -0.7887
vn -0.4892 0.3340 -0.8057
vn -0.3615 0.3189 -0.8761
vn -0.4403 0.2081 -0.8734
vn -0.4143 0.0564 -0.9084
vn -0.4384 -0.0868 -0.8946
vn -0.4389 -0.0346 -0.8979
vn -0.7266 0.2285 -0.6479
vn -0.3880 0.8379 -0.3839
vn -0.9383 0.3249 0.1182
vn -0.9981 -0.0579 -0.0211
vn 0.5597 0.4162 -0.7166
vn 0.6679 0.2575 -0.6983
vn 0.6682 0.2576 -0.6980
vn 0.6398 0.2393 -0.7303
vn 0.6772 0.2449 -0.6938
vn 0.7039 0.2468 -0.6660
vn 0.5500 0.5968 -0.5842
vn -0.3881 0.8379 -0.3839
vn 0.6183 -0.7256 -0.3022
vn 0.3101 -0.7830 -0.5392
vn 0.7851 -0.5505 -0.2838
vn 0.7353 -0.6650 -0.1310
vn 0.7861 -0.4533 -0.4203
vn 0.9989 0.0154 0.0433
vn -0.3696 -0.8686 -0.3301
vn -0.4345 -0.8640 -0.2542
vn -0.1585 -0.8337 0.5290
vn -0.4434 -0.8423 -0.3066
vn -0.1413 -0.8166 0.5597
vn -0.9997 -0.0196 0.0158
vn -0.9997 -0.0196 0.0157
vn -0.0017 -0.8363 -0.5483
vn -0.0015 -0.8362 -0.5484
vn -0.0823 0.1990 -0.9765
vn -0.0487 0.2523 -0.9664
vn -0.0198 0.2972 -0.9546
vn -0.0170 0.3015 -0.9533
vn 0.9996 0.0102 -0.0281
vn 0.9989 -0.0112 -0.0450
vn 0.8873 -0.3455 -0.3054
vn 0.7339 -0.5196 -0.4376
vn -0.9307 0.0383 -0.3637
vn -0.9081 -0.0020 -0.4187
vn -0.9455 0.0707 -0.3178
vn -0.9562 0.1001 -0.2751
vn -0.7339 0.2323 -0.6383
vn -0.7338 0.2323 -0.6383
vn -0.0000 0.7087 -0.7055
vn 0.4513 0.0330 -0.8917
vn 0.4513 0.0329 -0.8917
vn 0.4514 0.0329 -0.8917
vn -0.0000 -0.0894 -0.9960
vn 0.7339 0.2323 -0.6383
vn 0.7338 0.2323 -0.6383
vn 0.2982 0.6385 -0.7095
vn 0.2983 0.6385 -0.7094
vn -0.8656 0.2001 -0.4589
vn -0.8656 0.2002 -0.4589
vn -0.8656 0.1999 -0.4591
vn -0.9103 0.1424 -0.3887
vn -0.9397 0.0306 -0.3406
vn -0.9091 0.1460 -0.3901
vn -0.8620 0.2617 -0.4341
vn -0.7071 0.6321 0.3169
vn -0.9313 0.2866 0.2249
vn -0.7093 0.6279 0.3204
vn -0.9383 0.3250 0.1183
vn -0.0704 0.9491 0.3071
vn -0.4784 -0.5933 0.6475
vn -0.0000 -0.6938 0.7201
vn 0.0099 -0.6522 0.7580
vn 0.4808 -0.5871 0.6512
vn -0.4773 -0.6396 0.6026
vn 0.0452 -0.7895 0.6121
vn 0.5264 -0.6028 0.5996
vn 0.5982 -0.5340 0.5975
vn -0.5581 -0.5777 0.5956
vn -0.8615 0.0665 0.5034
vn -0.8615 0.0664 0.5034
vn 0.2056 0.9784 -0.0228
vn 0.2667 0.9529 -0.1447
vn -0.2667 0.9529 -0.1447
vn -0.2056 0.9784 -0.0228
vn 0.5334 0.7949 0.2893
vn 0.4111 0.8566 0.3117
vn 0.2667 0.6369 0.7234
vn 0.2056 0.7348 0.6464
vn -0.2667 0.6369 0.7234
vn -0.2056 0.7348 0.6464
vn -0.5334 0.7949 0.2893
vn -0.4111 0.8566 0.3118
vn 0.5399 -0.5178 0.6636
vn 0.6503 -0.4195 0.6333
vn 0.6072 -0.5000 0.6175
vn 0.6643 -0.3553 0.6576
vn 0.8103 -0.1554 0.5650
vn 0.5584 -0.4802 0.6765
vn -0.0261 -0.4846 0.8744
vn -0.0000 -0.4689 0.8832
vn -0.6642 -0.3571 0.6567
vn -0.5989 -0.4868 0.6359
vn -0.5719 -0.5084 0.6438
vn -0.6052 -0.4482 0.6579
vn -0.8114 -0.1554 0.5635
vn 0.7036 -0.2532 0.6639
vn 0.3469 -0.4311 0.8330
vn -0.3461 -0.4319 0.8329
vn -0.2834 -0.1724 0.9434
vn 0.2845 -0.1772 0.9422
vn 0.5426 -0.0749 0.8366
vn -0.7038 -0.2530 0.6638
vn -0.5437 -0.0734 0.8360
vn -0.0043 -0.0833 0.9965
vn -0.6159 -0.0362 0.7870
vn -0.2237 -0.1747 0.9589
vn 0.6202 -0.0458 0.7831
vn 0.2076 -0.1810 0.9613
vn 0.6646 -0.0148 0.7470
vn -0.3736 -0.1572 0.9142
vn -0.0095 -0.0686 0.9976
vn -0.3857 0.0185 0.9224
vn -0.0232 0.0548 0.9982
vn 0.3441 0.0046 0.9389
vn 0.3534 -0.1733 0.9193
vn -0.6808 0.0096 0.7324
vn -0.0975 0.2982 -0.9495
vn -0.1243 0.2222 -0.9671
vn -0.0786 0.3300 -0.9407
vn -0.0544 0.3489 -0.9356
vn -0.0596 0.3157 -0.9470
vn -0.1952 -0.0743 -0.9779
vn -0.2179 0.0105 -0.9759
vn -0.2813 -0.0532 -0.9581
vn -0.2926 -0.0286 -0.9558
vn -0.0069 0.3713 -0.9285
vn 0.0275 0.3883 -0.9211
vn 0.0335 0.3699 -0.9285
vn 0.0163 0.3671 -0.9300
vn 0.0194 0.3717 -0.9281
vn 0.0225 0.3763 -0.9262
vn 0.0387 0.3695 -0.9284
vn -0.6693 -0.0131 0.7429
vn -0.7623 -0.0109 0.6471
vn -0.6846 -0.1939 0.7027
vn -0.9899 -0.0306 0.1384
vn -0.6154 -0.1723 0.7691
vn -0.5786 -0.2815 0.7655
vn -0.5602 -0.2816 0.7790
vn -0.6700 0.2607 0.6950
vn -0.6300 0.5318 0.5659
vn -0.6694 -0.0131 0.7428
vn -0.8133 0.4139 0.4090
vn -0.9993 -0.0321 -0.0170
vn -0.5038 -0.3230 0.8011
vn -0.5268 -0.2966 0.7965
vn -0.4899 -0.3254 0.8088
vn -0.4075 -0.4317 0.8047
vn -0.4100 -0.4320 0.8033
vn -0.6008 -0.3495 0.7190
vn -0.5289 -0.3059 0.7916
vn -0.6046 -0.3474 0.7168
vn -0.3488 -0.3633 0.8639
vn -0.3486 -0.3423 0.8725
vn -0.4446 -0.3822 0.8101
vn -0.2610 -0.3574 0.8967
vn -0.0076 -0.3442 0.9389
vn -0.3518 -0.3893 0.8513
vn 0.0075 -0.3442 0.9389
vn 0.2507 -0.3639 0.8971
vn 0.4419 -0.3833 0.8110
vn 0.3448 -0.3381 0.8757
vn 0.3429 -0.3700 0.8634
vn 0.3423 -0.3920 0.8539
vn 0.0025 0.1733 0.9849
vn 0.0024 0.1712 0.9852
vn 0.0021 0.1721 0.9851
vn 0.6192 -0.3423 0.7067
vn 0.7227 -0.2553 0.6423
vn 0.7141 -0.2629 0.6487
vn 0.6583 -0.2653 0.7045
vn 0.6617 -0.2419 0.7096
vn 0.5781 -0.2768 0.7676
vn 0.6155 -0.3443 0.7089
vn 0.6362 -0.2078 0.7430
vn 0.6011 -0.1685 0.7812
vn 0.5856 -0.3333 0.7389
vn 0.8241 0.0391 0.5650
vn 0.9792 0.0288 0.2009
vn 0.9460 0.0461 0.3208
vn 0.9851 -0.0627 -0.1604
vn -0.4889 0.4500 0.7473
vn -0.4719 0.4344 0.7672
vn -0.4917 0.4641 0.7368
vn -0.4804 0.4392 0.7591
vn -0.4370 0.3908 0.8101
vn -0.5251 0.0599 0.8490
vn -0.8102 0.0764 0.5812
vn -0.8990 0.3776 0.2217
vn -0.8914 0.4244 -0.1592
vn -0.8596 0.4840 -0.1640
vn -0.7085 0.7034 0.0562
vn -0.8089 0.4467 -0.3824
vn -0.7081 0.5822 -0.3996
vn -0.4499 0.3829 -0.8068
vn -0.5187 0.6050 -0.6041
vn -0.2735 0.3505 -0.8957
vn 0.0186 0.2860 -0.9580
vn 0.0260 0.3107 -0.9501
vn 0.0265 0.1999 -0.9795
vn 0.0457 -0.8808 -0.4713
vn 0.0458 -0.8808 -0.4713
vn -0.8656 0.1416 -0.4803
vn 0.7093 0.6279 0.3204
vn 0.3880 0.8379 -0.3839
vn 0.9383 0.3250 0.1184
vn 0.7069 0.6317 0.3181
vn 0.9313 0.2866 0.2249
vn 0.0703 0.9491 0.3070
vn -0.5501 0.5968 -0.5842
vn 0.4214 -0.8298 -0.3659
vn 0.4215 -0.8298 -0.3659
vn 0.4215 -0.8298 -0.3658
vn 0.4215 -0.8298 -0.3656
vn -0.6682 0.2576 -0.6980
vn -0.6680 0.2575 -0.6982
vn -0.6393 0.2391 -0.7309
vn -0.6772 0.2449 -0.6938
vn -0.7039 0.2468 -0.6660
vn -0.5597 0.4162 -0.7166
vn -0.5500 0.5968 -0.5842
vn 0.3881 0.8379 -0.3839
vn -0.6183 -0.7256 -0.3022
vn -0.3101 -0.7830 -0.5392
vn -0.7851 -0.5505 -0.2838
vn -0.7353 -0.6650 -0.1310
vn -0.7861 -0.4533 -0.4203
vn -0.9989 0.0154 0.0433
vn 0.3696 -0.8686 -0.3301
vn 0.1586 -0.8337 0.5289
vn 0.4345 -0.8640 -0.2542
vn 0.4434 -0.8423 -0.3066
vn 0.1413 -0.8166 0.5597
vn 0.9997 -0.0196 0.0158
vn 0.9997 -0.0196 0.0157
vn -0.6063 -0.7473 -0.2720
vn 0.0017 -0.8363 -0.5483
vn 0.0015 -0.8362 -0.5484
vn 0.0170 0.3015 -0.9533
vn 0.0487 0.2523 -0.9664
vn 0.0198 0.2972 -0.9546
vn 0.0823 0.1990 -0.9765
vn -0.7339 -0.5196 -0.4375
vn -0.9989 -0.0112 -0.0450
vn -0.8873 -0.3455 -0.3054
vn -0.9996 0.0102 -0.0281
vn 0.9455 0.0707 -0.3178
vn 0.9307 0.0383 -0.3637
vn 0.9562 0.1001 -0.2751
vn 0.9081 -0.0020 -0.4187
vn 0.7338 0.2323 -0.6384
vn -0.4513 0.0330 -0.8917
vn -0.4513 0.0329 -0.8917
vn -0.4514 0.0329 -0.8917
vn -0.2982 0.6385 -0.7095
vn -0.2983 0.6385 -0.7094
vn -0.2982 0.6385 -0.7094
vn 0.8656 0.2001 -0.4589
vn 0.8656 0.1999 -0.4591
vn 0.8656 0.2002 -0.4589
vn 0.9091 0.1460 -0.3901
vn 0.9103 0.1423 -0.3887
vn 0.8620 0.2617 -0.4341
vn 0.9397 0.0306 -0.3406
vn -0.0452 -0.7895 0.6121
vn -0.5264 -0.6028 0.5996
vn -0.0099 -0.6522 0.7580
vn 0.4773 -0.6396 0.6026
vn -0.4808 -0.5871 0.6512
vn 0.4784 -0.5933 0.6475
vn 0.5581 -0.5777 0.5956
vn 0.5091 -0.6671 0.5439
vn 0.4245 -0.7268 0.5399
vn -0.0508 -0.7186 0.6936
vn -0.4804 -0.7024 0.5253
vn -0.5983 -0.5340 0.5974
vn -0.5520 -0.6220 0.5553
vn -0.4782 -0.5012 0.7213
vn 0.4401 0.4293 -0.7887
vn 0.4571 0.2831 -0.8432
vn 0.5551 0.3273 -0.7647
vn 0.6940 0.2644 -0.6696
vn 0.4892 0.3340 -0.8057
vn 0.9999 0.0044 -0.0104
vn 1.0000 0.0040 -0.0087
vn 0.5176 0.2994 -0.8015
vn 0.3615 0.3189 -0.8761
vn 0.4402 0.2081 -0.8734
vn 0.4143 0.0564 -0.9084
vn 0.4384 -0.0868 -0.8946
vn 0.4389 -0.0346 -0.8979
vn 0.8615 0.0665 0.5034
vn 0.8615 0.0664 0.5034
vn 0.2055 0.9784 -0.0228
vn 0.4111 0.8566 0.3118
vn -0.0285 -0.7451 0.6663
vn -0.0800 -0.7208 0.6886
vn -0.0000 -0.7445 0.6676
vn -0.0000 -0.7188 0.6952
vn 0.0800 -0.7208 0.6886
vn 0.0284 -0.7452 0.6662
vn -0.0000 -0.7684 0.6400
vn -0.0000 0.3970 -0.9178
vn 0.6063 -0.7473 -0.2720
vn 0.7266 0.2285 -0.6479
vn 0.9383 0.3249 0.1182
vn 0.9981 -0.0579 -0.0211
vn 0.0181 -0.3890 0.9211
vn 0.4775 0.2425 -0.8445
vn 0.3249 0.3039 -0.8956
vn 0.3254 0.2014 -0.9239
vn 0.3477 0.2368 -0.9072
vn 0.5798 0.2692 -0.7690
vn 0.5950 0.2334 -0.7691
vn 0.4956 0.2377 -0.8354
vn 0.2746 0.2715 -0.9224
vn -0.3683 0.1695 -0.9141
vn -0.4237 0.2099 -0.8811
vn -0.7317 0.1327 -0.6686
vn -0.8650 0.0850 -0.4945
vn -0.7201 0.0480 -0.6922
vn -0.7250 0.0176 -0.6885
vn -0.7380 0.0763 -0.6705
vn -0.7340 0.0797 -0.6744
vn -0.9852 0.0299 -0.1686
vn -0.9998 0.0086 -0.0150
vn -0.9963 0.0365 0.0778
vn -0.9998 0.0087 -0.0150
vn -0.9999 0.0085 -0.0150
vn -0.9999 0.0086 -0.0150
vn -0.9729 0.0575 -0.2238
vn -0.9279 0.1275 -0.3502
vn -0.5973 0.1880 -0.7797
vn -0.6931 0.1433 -0.7065
vn 0.1299 0.0705 -0.9890
vn 0.0721 0.0703 -0.9949
vn 0.3611 0.0193 -0.9323
vn 0.5459 -0.0156 -0.8377
vn 0.6021 -0.0327 -0.7977
vn 0.7174 -0.0338 -0.6959
vn 0.3069 -0.8398 -0.4479
vn 0.3341 -0.8245 -0.4568
vn 0.3243 -0.8279 -0.4576
vn 0.3532 -0.8239 -0.4432
vn 0.3069 -0.8398 -0.4478
vn 0.3129 -0.8419 -0.4396
vn 0.3135 -0.8411 -0.4407
vn 0.2715 -0.8412 -0.4675
vn 0.2725 -0.8409 -0.4675
vn 0.2855 -0.8429 -0.4561
vn 0.2849 -0.8428 -0.4566
vn 0.3140 -0.8426 -0.4376
vn 0.3523 -0.8284 -0.4355
vn 0.3163 -0.8422 -0.4365
vn -0.1861 -0.5933 0.7832
vn -0.0736 -0.5926 0.8022
vn -0.0440 -0.5667 0.8228
vn -0.2198 -0.6357 0.7400
vn 0.2898 -0.5332 0.7948
vn 0.2188 -0.5888 0.7781
vn 0.4961 -0.4614 0.7355
vn 0.5957 -0.4050 0.6937
vn 0.7902 -0.3545 0.4999
vn 0.4268 -0.4107 0.8057
vn 0.7723 -0.3486 0.5311
vn -0.3501 -0.3567 0.8662
vn -0.5196 -0.3086 0.7967
vn -0.9815 -0.0625 0.1812
vn -0.5082 -0.1209 0.8527
vn -0.1362 -0.4031 0.9050
vn -0.2114 -0.3555 0.9104
vn 0.2492 -0.4222 0.8716
vn 0.2917 -0.4054 0.8663
vn 0.4322 -0.3026 0.8495
vn -0.0401 -0.3035 0.9520
vn 0.5084 -0.1899 0.8399
vn 0.0578 -0.0772 0.9953
vn 0.5185 -0.1103 0.8479
vn -0.4337 -0.2609 0.8624
vn 0.4452 -0.3655 0.8174
vn 0.6309 -0.2822 0.7227
vn 0.7014 -0.2216 0.6774
vn 0.6352 -0.2908 0.7155
vn 0.7819 -0.2344 0.5776
vn 0.7885 -0.2259 0.5721
vn 0.0987 0.0153 0.9950
vn -0.1449 -0.9243 -0.3532
vn 0.1004 -0.9162 -0.3879
vn 0.0900 -0.9190 -0.3839
vn -0.1544 -0.9231 -0.3523
vn 0.1145 -0.9143 -0.3885
vn 0.1988 -0.9139 -0.3540
vn 0.1929 -0.9154 -0.3534
vn -0.9999 -0.0105 0.0010
vn -0.9983 0.0555 0.0188
vn -0.9983 0.0553 0.0185
vn -0.9999 -0.0114 0.0008
vn -0.9990 -0.0440 -0.0080
vn 0.5507 0.7843 0.2855
vn 0.1199 0.9863 0.1132
vn 0.2424 0.9266 -0.2876
vn 0.1540 0.9032 -0.4006
vn 0.1972 0.4162 -0.8876
vn 0.1782 0.3770 -0.9089
vn 0.2517 0.2788 -0.9268
vn 0.0044 0.9683 0.2497
vn -0.1048 0.6931 -0.7132
vn 0.9788 0.1796 0.0987
vn 0.9869 0.1607 -0.0126
vn 0.9872 0.1593 -0.0018
vn 0.9554 0.2026 -0.2150
vn 0.7433 0.2436 0.6230
vn 0.9732 -0.2034 -0.1071
vn 0.9731 -0.2053 -0.1044
vn 0.9739 -0.2029 -0.1021
vn 0.9729 -0.2054 -0.1065
vn 0.9725 -0.2097 -0.1015
vn 0.9985 -0.0418 -0.0346
vn 0.9956 -0.0831 -0.0425
vn 0.9976 -0.0678 -0.0131
vn 0.9979 -0.0488 -0.0436
vn 0.9994 0.0208 0.0261
vn 0.9988 0.0094 0.0471
vn 0.9918 0.1161 0.0533
vn 0.9987 -0.0305 -0.0401
vn 0.6804 -0.5384 0.4972
vn 0.6732 -0.5809 0.4575
vn 0.5782 -0.6068 0.5454
vn 0.5983 -0.5888 0.5435
vn 0.7443 -0.4646 0.4797
vn 0.9992 -0.0352 -0.0182
vn 0.9992 -0.0357 -0.0191
vn 0.9992 -0.0369 -0.0149
vn 0.9992 -0.0362 -0.0153
vn 0.9992 -0.0343 -0.0183
vn 0.4025 0.1180 -0.9078
vn 0.4378 0.0921 -0.8944
vn 0.4708 0.1016 -0.8764
vn 0.4507 0.1139 -0.8854
vn 0.2849 0.1659 -0.9441
vn -0.1237 -0.0170 -0.9922
vn -0.0142 0.1049 -0.9944
vn -0.1900 -0.0166 -0.9816
vn -0.1817 -0.0591 -0.9816
vn -0.1389 -0.1231 -0.9826
vn -0.5896 -0.1862 -0.7860
vn -0.8907 -0.4061 -0.2045
vn -0.8953 -0.3930 -0.2096
vn -0.8928 -0.4185 -0.1666
vn -0.8903 -0.4240 -0.1659
vn -0.8814 -0.4168 -0.2223
vn -0.2009 -0.7324 0.6506
vn -0.4004 -0.6764 0.6182
vn -0.2607 -0.7281 0.6340
vn -0.1776 -0.7393 0.6495
vn -0.1522 -0.7224 0.6745
vn -0.6614 -0.6023 0.4470
vn -0.0085 -0.3919 0.9200
vn -0.0153 -0.4498 0.8930
vn 0.0091 -0.4835 0.8753
vn -0.0000 -0.3920 0.9200
vn -0.0000 -0.4548 0.8906
vn -0.0000 -0.5285 0.8489
vn -0.0898 -0.4743 0.8757
vn -0.0052 -0.5059 0.8626
vn -0.0982 -0.4214 0.9015
vn 0.0480 -0.4690 0.8819
vn -0.0013 -0.3061 0.9520
vn 0.0571 -0.4958 0.8665
vn 0.1032 -0.4564 0.8838
vn 0.0153 -0.4498 0.8930
vn 0.0085 -0.3919 0.9200
vn -0.0091 -0.4835 0.8753
vn 0.0898 -0.4743 0.8757
vn 0.0052 -0.5059 0.8626
vn 0.0982 -0.4214 0.9015
vn -0.0480 -0.4690 0.8819
vn 0.0013 -0.3061 0.9520
vn -0.0571 -0.4959 0.8665
vn -0.1032 -0.4564 0.8838
vn -0.0000 0.9397 0.3421
vn -0.1145 -0.9541 -0.2766
vn -0.0000 -0.9605 -0.2784
vn 0.1145 -0.9541 -0.2766
vn 0.1146 -0.9541 -0.2766
vn -0.3801 -0.1219 -0.9169
vn 0.0319 -0.9381 -0.3449
vn 0.0295 -0.9379 -0.3457
vn 0.0353 -0.9384 -0.3438
vn 0.0242 -0.9374 -0.3474
vn -1.0000 -0.0030 -0.0008
vn -0.9983 -0.0456 0.0357
vn -0.9999 -0.0143 0.0089
vn -0.9965 -0.0650 0.0524
vn -0.0800 -0.2471 0.9657
vn -0.1015 0.3916 0.9145
vn -0.0490 0.7108 0.7016
vn -0.0365 0.7669 0.6407
vn -0.1120 0.3047 0.9458
vn 0.7281 0.1084 0.6768
vn 0.8035 0.0285 0.5946
vn 0.3436 0.7896 0.5083
vn 0.2472 0.8401 0.4828
vn 0.1382 0.9883 -0.0639
vn 0.1511 0.9864 0.0641
vn 0.2471 0.8401 0.4828
vn -0.0000 0.5756 -0.8177
vn -0.0000 0.5436 -0.8394
vn -0.9719 -0.0933 0.2160
vn -0.3249 0.3039 -0.8956
vn -0.4775 0.2426 -0.8445
vn -0.3254 0.2014 -0.9239
vn -0.3477 0.2368 -0.9072
vn -0.5798 0.2692 -0.7690
vn -0.5950 0.2334 -0.7691
vn -0.4956 0.2377 -0.8354
vn -0.2746 0.2715 -0.9224
vn 0.3683 0.1695 -0.9141
vn 0.4237 0.2099 -0.8811
vn 0.7317 0.1327 -0.6686
vn 0.8650 0.0850 -0.4945
vn 0.7201 0.0480 -0.6922
vn 0.7250 0.0176 -0.6885
vn 0.7380 0.0763 -0.6705
vn 0.7340 0.0797 -0.6744
vn 0.9852 0.0299 -0.1686
vn 0.9998 0.0086 -0.0150
vn 0.9963 0.0365 0.0778
vn 0.9999 0.0085 -0.0150
vn 0.9998 0.0087 -0.0150
vn 0.9279 0.1275 -0.3502
vn 0.9729 0.0574 -0.2238
vn 0.5973 0.1880 -0.7797
vn 0.6931 0.1433 -0.7065
vn -0.1299 0.0705 -0.9890
vn -0.0721 0.0703 -0.9949
vn -0.3611 0.0193 -0.9323
vn -0.5459 -0.0156 -0.8377
vn -0.6021 -0.0327 -0.7977
vn -0.7174 -0.0338 -0.6959
vn -0.3069 -0.8398 -0.4479
vn -0.3341 -0.8245 -0.4568
vn -0.3252 -0.8273 -0.4581
vn -0.3533 -0.8240 -0.4430
vn -0.3069 -0.8398 -0.4478
vn -0.3129 -0.8419 -0.4396
vn -0.3135 -0.8411 -0.4407
vn -0.2715 -0.8412 -0.4675
vn -0.2725 -0.8409 -0.4675
vn -0.2855 -0.8427 -0.4564
vn -0.2849 -0.8428 -0.4566
vn -0.3140 -0.8426 -0.4376
vn -0.3528 -0.8280 -0.4358
vn -0.3163 -0.8422 -0.4365
vn 0.0736 -0.5926 0.8022
vn 0.1861 -0.5933 0.7832
vn 0.0440 -0.5667 0.8228
vn 0.2198 -0.6357 0.7400
vn -0.2898 -0.5332 0.7948
vn -0.2188 -0.5888 0.7781
vn -0.4961 -0.4614 0.7355
vn -0.5957 -0.4050 0.6937
vn -0.7904 -0.3546 0.4996
vn -0.4268 -0.4107 0.8057
vn -0.7723 -0.3486 0.5311
vn 0.5196 -0.3086 0.7967
vn 0.3501 -0.3566 0.8662
vn 0.9815 -0.0625 0.1812
vn 0.5082 -0.1209 0.8527
vn 0.1362 -0.4031 0.9050
vn 0.2114 -0.3555 0.9105
vn -0.2493 -0.4221 0.8716
vn -0.2917 -0.4054 0.8663
vn -0.4321 -0.3026 0.8495
vn 0.0401 -0.3035 0.9520
vn -0.5084 -0.1899 0.8399
vn -0.0577 -0.0771 0.9953
vn -0.5185 -0.1103 0.8479
vn 0.4337 -0.2609 0.8624
vn -0.4452 -0.3655 0.8174
vn -0.6309 -0.2822 0.7227
vn -0.7015 -0.2217 0.6773
vn -0.6352 -0.2908 0.7155
vn -0.7819 -0.2344 0.5776
vn -0.7885 -0.2259 0.5721
vn -0.0987 0.0153 0.9950
vn -0.1004 -0.9162 -0.3879
vn 0.1449 -0.9243 -0.3532
vn -0.0900 -0.9190 -0.3839
vn 0.1544 -0.9231 -0.3522
vn -0.1145 -0.9143 -0.3885
vn -0.1988 -0.9138 -0.3541
vn -0.1929 -0.9154 -0.3534
vn 0.9999 -0.0105 0.0010
vn 0.9999 -0.0114 0.0008
vn 0.9983 0.0553 0.0185
vn 0.9983 0.0555 0.0188
vn 0.9990 -0.0440 -0.0080
vn -0.5507 0.7843 0.2855
vn -0.2424 0.9266 -0.2876
vn -0.1199 0.9863 0.1132
vn -0.1540 0.9032 -0.4007
vn -0.1972 0.4162 -0.8876
vn -0.1782 0.3770 -0.9089
vn -0.2517 0.2788 -0.9268
vn -0.0044 0.9683 0.2497
vn 0.1048 0.6931 -0.7132
vn -0.9788 0.1796 0.0987
vn -0.9872 0.1593 -0.0018
vn -0.9872 0.1594 -0.0019
vn -0.9869 0.1607 -0.0126
vn -0.9554 0.2026 -0.2150
vn -0.7433 0.2436 0.6230
vn -0.9731 -0.2053 -0.1044
vn -0.9733 -0.2034 -0.1066
vn -0.9739 -0.2029 -0.1021
vn -0.9729 -0.2054 -0.1065
vn -0.9725 -0.2097 -0.1015
vn -0.9985 -0.0419 -0.0344
vn -0.9987 -0.0305 -0.0401
vn -0.9976 -0.0678 -0.0131
vn -0.9956 -0.0831 -0.0425
vn -0.9979 -0.0488 -0.0436
vn -0.9994 0.0208 0.0261
vn -0.9988 0.0094 0.0471
vn -0.9918 0.1161 0.0533
vn -0.6732 -0.5809 0.4575
vn -0.6804 -0.5384 0.4972
vn -0.5782 -0.6068 0.5454
vn -0.5983 -0.5888 0.5435
vn -0.7443 -0.4646 0.4797
vn -0.9992 -0.0357 -0.0191
vn -0.9992 -0.0352 -0.0182
vn -0.9992 -0.0369 -0.0149
vn -0.9992 -0.0363 -0.0152
vn -0.9992 -0.0343 -0.0183
vn -0.4378 0.0921 -0.8944
vn -0.4026 0.1180 -0.9078
vn -0.4708 0.1016 -0.8764
vn -0.4507 0.1139 -0.8854
vn -0.2849 0.1659 -0.9441
vn 0.0142 0.1049 -0.9944
vn 0.1237 -0.0170 -0.9922
vn 0.1900 -0.0166 -0.9816
vn 0.1817 -0.0591 -0.9816
vn 0.1389 -0.1231 -0.9826
vn 0.5896 -0.1862 -0.7860
vn 0.8953 -0.3930 -0.2096
vn 0.8906 -0.4061 -0.2047
vn 0.8928 -0.4185 -0.1666
vn 0.8903 -0.4240 -0.1660
vn 0.8814 -0.4168 -0.2223
vn 0.4004 -0.6764 0.6182
vn 0.2009 -0.7324 0.6506
vn 0.2607 -0.7281 0.6340
vn 0.1776 -0.7393 0.6495
vn 0.1522 -0.7224 0.6745
vn 0.6614 -0.6023 0.4470
vn 0.3801 -0.1219 -0.9169
vn -0.0295 -0.9379 -0.3457
vn -0.0319 -0.9381 -0.3449
vn -0.0353 -0.9384 -0.3438
vn -0.0242 -0.9374 -0.3474
vn 0.9983 -0.0456 0.0357
vn 1.0000 -0.0030 -0.0008
vn 0.9999 -0.0143 0.0089
vn 0.9965 -0.0650 0.0524
vn 0.0800 -0.2471 0.9657
vn 0.0490 0.7108 0.7016
vn 0.1015 0.3916 0.9145
vn 0.0365 0.7669 0.6407
vn 0.1120 0.3047 0.9458
vn -0.8035 0.0285 0.5946
vn -0.7281 0.1084 0.6768
vn -0.3437 0.7896 0.5083
vn -0.2471 0.8401 0.4828
vn -0.3436 0.7896 0.5083
vn -0.1511 0.9864 0.0641
vn -0.1382 0.9883 -0.0639
vn 0.9719 -0.0933 0.2160
vn -0.6065 0.2908 -0.7400
vn -0.5850 0.2770 -0.7623
vn -0.5982 0.1584 -0.7855
vn -0.5386 0.2442 -0.8064
vn -0.5968 0.3602 -0.7170
vn -0.6011 0.3607 -0.7131
vn 0.6795 -0.1608 0.7158
vn 0.6958 -0.2463 0.6747
vn 0.7350 -0.2761 0.6193
vn 0.6751 -0.1604 0.7200
vn 0.6753 -0.2328 0.6998
vn 0.6745 -0.3618 0.6435
vn 0.5850 0.2770 -0.7623
vn 0.6066 0.2907 -0.7399
vn 0.5982 0.1584 -0.7855
vn 0.5386 0.2442 -0.8064
vn 0.5968 0.3602 -0.7170
vn 0.6011 0.3607 -0.7131
vn -0.6958 -0.2463 0.6747
vn -0.6795 -0.1608 0.7158
vn -0.7350 -0.2761 0.6193
vn -0.6751 -0.1604 0.7200
vn -0.6753 -0.2328 0.6998
vn -0.6745 -0.3618 0.6435
vn 0.9643 0.1633 -0.2084
vn 0.9989 0.0093 0.0465
vn 0.9989 0.0093 0.0466
vn 0.9920 0.0908 -0.0876
vn 0.9565 0.1773 -0.2319
vn 0.0999 -0.9477 -0.3032
vn 0.1000 -0.9477 -0.3032
vn 0.0949 0.9815 -0.1666
vn -0.0119 0.9925 -0.1221
vn 0.0035 0.9917 -0.1286
vn 0.1579 0.9686 -0.1920
vn -0.9928 -0.0402 0.1130
vn -0.9906 -0.0497 0.1272
vn -0.9954 -0.0282 0.0914
vn -0.9956 -0.0258 0.0898
vn -0.9957 -0.0340 0.0865
vn 0.0026 -0.9426 -0.3338
vn 0.0022 -0.9425 -0.3341
vn 0.0019 -0.9424 -0.3344
vn 0.0024 -0.9426 -0.3340
vn -0.0300 -0.3913 0.9198
vn 0.0262 -0.3719 0.9279
vn 0.0159 -0.3757 0.9266
vn -0.0276 -0.3911 0.9199
vn 0.0274 -0.3752 0.9265
vn 0.0628 -0.4013 0.9138
vn 0.0280 -0.3724 0.9276
vn 0.0099 0.0657 -0.9978
vn 0.9697 0.0932 -0.2258
vn 0.9908 0.0518 -0.1254
vn 0.9997 0.0088 -0.0214
vn 0.2694 0.1796 -0.9461
vn -0.9643 0.1633 -0.2084
vn -0.9920 0.0908 -0.0876
vn -0.9989 0.0093 0.0466
vn -0.9989 0.0093 0.0465
vn -0.9565 0.1773 -0.2319
vn -0.0999 -0.9477 -0.3032
vn -0.1000 -0.9477 -0.3032
vn 0.0119 0.9925 -0.1221
vn -0.0949 0.9815 -0.1666
vn -0.0035 0.9917 -0.1286
vn -0.1579 0.9686 -0.1920
vn 0.9906 -0.0497 0.1272
vn 0.9928 -0.0402 0.1130
vn 0.9954 -0.0282 0.0914
vn 0.9956 -0.0258 0.0898
vn 0.9957 -0.0340 0.0865
vn -0.0026 -0.9426 -0.3338
vn -0.0026 -0.9426 -0.3339
vn -0.0023 -0.9426 -0.3340
vn -0.0024 -0.9426 -0.3340
vn -0.0262 -0.3719 0.9279
vn 0.0300 -0.3913 0.9198
vn -0.0159 -0.3757 0.9266
vn 0.0276 -0.3911 0.9199
vn -0.0274 -0.3752 0.9265
vn -0.0628 -0.4013 0.9138
vn -0.0280 -0.3724 0.9276
vn -0.0099 0.0657 -0.9978
vn -0.9908 0.0518 -0.1254
vn -0.9697 0.0932 -0.2258
vn -0.9997 0.0088 -0.0214
vn -0.2694 0.1796 -0.9461
vn -0.0740 0.1628 -0.9839
vn 0.0176 0.1548 -0.9878
vn 0.0733 0.1367 -0.9879
vn 0.0907 0.1369 -0.9864
vn 0.1654 0.1575 -0.9736
vn 0.4728 -0.2515 0.8445
vn -0.0000 -0.3312 0.9436
vn -0.0000 -0.1817 0.9834
vn 0.4978 -0.1340 0.8569
vn 0.6870 -0.1238 0.7160
vn -0.0000 -0.2091 0.9779
vn 0.6588 -0.1801 0.7305
vn 0.7808 -0.1607 0.6038
vn 0.7293 -0.2539 0.6353
vn 0.7213 -0.2633 0.6406
vn 0.6589 -0.1922 0.7273
vn 0.8324 -0.1571 0.5314
vn 0.7440 -0.2900 0.6020
vn 0.7542 -0.2754 0.5961
vn 0.8248 -0.3046 0.4763
vn 0.8510 -0.3003 0.4308
vn 0.3301 -0.3038 0.8937
vn 0.6389 -0.2564 0.7253
vn 0.3491 -0.2097 0.9133
vn 0.0001 -0.2050 0.9788
vn 0.4348 -0.1310 0.8910
vn -0.0000 -0.2101 0.9777
vn 0.5933 -0.1899 0.7823
vn 0.5827 -0.2098 0.7852
vn 0.4960 -0.2060 0.8436
vn 0.6797 -0.1923 0.7079
vn 0.7144 -0.1771 0.6769
vn 0.6135 -0.1045 0.7827
vn 0.7928 -0.1766 0.5834
vn 0.8655 -0.1797 0.4675
vn 0.8771 -0.1751 0.4473
vn -0.4348 -0.1310 0.8910
vn -0.0000 -0.2335 0.9723
vn 0.5245 -0.0915 0.8465
vn 0.0001 -0.1476 0.9891
vn -0.0000 -0.1476 0.9891
vn 0.9702 -0.1699 0.1726
vn 0.9730 -0.1667 0.1596
vn 0.9241 -0.2814 0.2584
vn 0.9489 -0.2269 0.2192
vn 0.9758 -0.1377 0.1700
vn 0.7559 0.5739 -0.3150
vn 0.7502 0.5864 -0.3056
vn 0.8952 0.3500 -0.2759
vn 0.9444 0.2649 -0.1949
vn 0.7231 0.4538 -0.5208
vn 0.7540 -0.2240 0.6175
vn -0.0000 -0.3194 0.9476
vn -0.0000 -0.5252 0.8510
vn 0.8116 -0.0521 0.5819
vn 0.8018 -0.1131 0.5868
vn 0.8224 0.1049 0.5591
vn 0.8224 0.1050 0.5591
vn -0.7540 -0.2240 0.6175
vn -0.8116 -0.0521 0.5819
vn -0.8018 -0.1131 0.5868
vn -0.8224 0.1049 0.5591
vn -0.8224 0.1050 0.5591
vn -0.0000 -0.3116 0.9502
vn -0.3301 -0.3038 0.8937
vn -0.4728 -0.2515 0.8445
vn -0.4978 -0.1340 0.8569
vn -0.6870 -0.1237 0.7160
vn -0.6588 -0.1801 0.7305
vn -0.7811 -0.1607 0.6034
vn -0.7293 -0.2539 0.6353
vn -0.7213 -0.2633 0.6407
vn -0.6589 -0.1922 0.7273
vn -0.8324 -0.1571 0.5314
vn -0.6390 -0.2564 0.7252
vn -0.7440 -0.2900 0.6020
vn -0.7542 -0.2754 0.5961
vn -0.8248 -0.3046 0.4763
vn -0.8510 -0.3003 0.4308
vn -0.8869 -0.4180 -0.1968
vn -0.8144 -0.5188 -0.2602
vn -0.0000 -0.9507 -0.3101
vn -0.0000 -0.8267 -0.5626
vn -0.6262 -0.2881 -0.7245
vn -0.5718 -0.5349 -0.6220
vn -0.8224 -0.5407 0.1769
vn -0.8708 -0.4776 -0.1167
vn -0.9452 -0.3071 0.1110
vn -0.4461 -0.7060 -0.5500
vn -0.5080 -0.2106 -0.8352
vn -0.0000 -0.2118 -0.9773
vn -0.3664 -0.2097 -0.9065
vn 0.5080 -0.2106 -0.8352
vn 0.3664 -0.2097 -0.9065
vn 0.8142 -0.5189 -0.2603
vn 0.8869 -0.4180 -0.1968
vn 0.6262 -0.2881 -0.7245
vn 0.5718 -0.5349 -0.6220
vn 0.8225 -0.5406 0.1769
vn 0.8708 -0.4776 -0.1167
vn 0.9452 -0.3072 0.1111
vn 0.4461 -0.7060 -0.5500
vn -0.0000 -0.1823 -0.9832
vn 0.0929 0.7676 -0.6341
vn -0.0000 0.7633 -0.6460
vn -0.0000 0.7715 -0.6362
vn 0.2230 0.7494 -0.6234
vn 0.3832 0.7175 -0.5817
vn -0.0929 0.7676 -0.6341
vn -0.2231 0.7494 -0.6234
vn -0.3832 0.7175 -0.5817
vn -0.1525 0.3677 -0.9173
vn -0.0842 0.3659 -0.9269
vn -0.0942 0.3662 -0.9257
vn 0.0213 0.3596 -0.9329
vn 0.0214 0.3596 -0.9329
vn 0.0013 0.9430 0.3329
vn 0.0044 0.9458 0.3247
vn -0.0030 0.9422 0.3350
vn 0.0044 0.9562 0.2926
vn -0.0049 0.9420 0.3357
vn -0.0044 0.9419 0.3359
vn -0.0536 -0.8969 -0.4390
vn -0.1511 -0.8996 -0.4096
vn 0.0018 -0.9275 -0.3738
vn -0.4319 -0.7141 -0.5509
vn 0.1034 -0.8411 -0.5308
vn -0.1966 -0.8314 -0.5197
vn -0.7006 -0.6719 -0.2402
vn -0.0038 -0.9087 -0.4175
vn -0.1236 -0.8810 -0.4566
vn -0.1209 -0.8852 -0.4493
vn -0.0000 -0.2450 -0.9695
vn -0.0000 0.0365 -0.9993
vn 0.3987 0.3262 -0.8571
vn -0.1638 -0.2417 -0.9564
vn -0.0000 0.4944 -0.8692
vn -0.3987 0.3262 -0.8571
vn 0.1638 -0.2417 -0.9564
vn 0.5381 0.3715 -0.7566
vn 0.4847 0.3972 -0.7793
vn 0.3805 0.4999 -0.7780
vn -0.0000 0.6052 -0.7961
vn 0.4491 0.4504 -0.7717
vn -0.3805 0.4999 -0.7780
vn -0.4847 0.3971 -0.7793
vn -0.5381 0.3715 -0.7566
vn -0.4491 0.4504 -0.7717
vn -0.8869 -0.4180 -0.1969
vn -0.9986 -0.0108 0.0521
vn -0.9452 -0.3070 0.1111
vn -0.0000 0.5924 -0.8056
vn -0.0427 0.6091 -0.7920
vn -0.0717 0.6090 -0.7899
vn 0.0427 0.6091 -0.7920
vn 0.0712 0.6092 -0.7898
vn -0.2068 0.5994 -0.7732
vn -0.4206 0.5454 -0.7250
vn -0.6312 0.4549 -0.6282
vn 0.2068 0.5994 -0.7732
vn 0.4206 0.5454 -0.7250
vn 0.6312 0.4549 -0.6282
vn 0.9946 -0.0978 -0.0349
vn 0.1518 0.1927 -0.9694
vn 0.2485 0.1817 -0.9515
vn 0.2489 0.1840 -0.9509
vn 0.0674 0.2325 -0.9703
vn 0.1626 0.1666 -0.9725
vn 0.0745 0.9970 -0.0194
vn -0.0000 0.9998 -0.0195
vn -0.0745 0.9970 -0.0194
vn -0.0176 0.1548 -0.9878
vn 0.0740 0.1628 -0.9839
vn -0.0733 0.1367 -0.9879
vn -0.0906 0.1369 -0.9864
vn -0.1654 0.1575 -0.9736
vn -0.3492 -0.2098 0.9133
vn -0.4347 -0.1310 0.8910
vn -0.0000 -0.2050 0.9788
vn -0.4960 -0.2060 0.8436
vn -0.5933 -0.1899 0.7823
vn -0.0000 -0.2102 0.9777
vn -0.6797 -0.1923 0.7079
vn -0.7144 -0.1771 0.6769
vn -0.5827 -0.2098 0.7852
vn -0.7928 -0.1766 0.5833
vn -0.8653 -0.1798 0.4680
vn -0.8771 -0.1751 0.4473
vn -0.0000 -0.2336 0.9723
vn -0.6135 -0.1045 0.7827
vn -0.5245 -0.0915 0.8465
vn -0.0001 -0.1476 0.9891
vn -0.0000 -0.1476 0.9890
vn -0.9730 -0.1667 0.1596
vn -0.9702 -0.1699 0.1727
vn -0.9241 -0.2814 0.2584
vn -0.9489 -0.2269 0.2192
vn -0.9758 -0.1377 0.1700
vn -0.7502 0.5864 -0.3056
vn -0.7558 0.5740 -0.3150
vn -0.8952 0.3500 -0.2759
vn -0.9444 0.2649 -0.1949
vn -0.7231 0.4538 -0.5208
vn 0.1525 0.3677 -0.9173
vn 0.0942 0.3662 -0.9257
vn 0.0842 0.3659 -0.9269
vn -0.0213 0.3596 -0.9329
vn -0.0214 0.3596 -0.9329
vn -0.0044 0.9562 0.2926
vn -0.0013 0.9430 0.3328
vn -0.0044 0.9458 0.3247
vn 0.0030 0.9422 0.3350
vn 0.0049 0.9420 0.3357
vn 0.0049 0.9419 0.3357
vn 0.1511 -0.8996 -0.4096
vn 0.0536 -0.8969 -0.4390
vn -0.0018 -0.9275 -0.3738
vn 0.4319 -0.7141 -0.5509
vn -0.1034 -0.8411 -0.5308
vn 0.1966 -0.8314 -0.5197
vn 0.7006 -0.6719 -0.2402
vn 0.0038 -0.9087 -0.4175
vn 0.1236 -0.8810 -0.4566
vn 0.1209 -0.8852 -0.4493
vn 0.9452 -0.3071 0.1111
vn 0.9986 -0.0108 0.0521
vn -0.9946 -0.0978 -0.0349
vn -0.2485 0.1817 -0.9515
vn -0.1518 0.1927 -0.9694
vn -0.2489 0.1840 -0.9509
vn -0.0674 0.2325 -0.9703
vn -0.1626 0.1666 -0.9725
vn 0.6662 0.6291 -0.4005
vn 0.7263 0.6455 0.2361
vn 0.9588 0.2750 0.0710
vn 0.9304 0.2608 -0.2574
vn 0.5461 0.2948 -0.7841
vn 0.9259 0.2149 -0.3107
vn 0.8854 -0.0295 -0.4639
vn 0.8650 0.1036 0.4910
vn 0.7298 0.2486 0.6368
vn 0.3675 0.8252 -0.4290
vn 0.4050 0.8459 0.3471
vn 0.3385 0.3127 -0.8875
vn 0.4381 -0.0825 -0.8951
vn 0.7031 -0.0948 -0.7047
vn 0.4322 0.3620 0.8259
vn -0.0000 0.8982 -0.4396
vn -0.0000 0.9113 0.4118
vn -0.0000 0.3401 -0.9404
vn -0.0000 -0.0965 -0.9953
vn -0.0000 0.3855 0.9227
vn -0.4050 0.8459 0.3471
vn -0.3675 0.8252 -0.4290
vn -0.7263 0.6455 0.2361
vn -0.6662 0.6291 -0.4005
vn -0.9588 0.2750 0.0710
vn -0.9304 0.2608 -0.2574
vn -0.5461 0.2948 -0.7842
vn -0.9259 0.2149 -0.3107
vn -0.8854 -0.0296 -0.4639
vn -0.8650 0.1036 0.4910
vn -0.7298 0.2486 0.6368
vn -0.3385 0.3127 -0.8875
vn -0.4381 -0.0825 -0.8951
vn -0.7031 -0.0948 -0.7047
vn -0.4322 0.3620 0.8259
vn 0.8139 -0.2015 -0.5450
vn 0.7031 -0.0949 -0.7047
vn 0.8854 -0.0296 -0.4639
vn 0.9008 -0.1605 -0.4035
vn 0.5510 -0.3287 -0.7671
vn 0.4382 -0.0826 -0.8951
vn -0.0000 -0.4527 -0.8917
vn -0.0000 -0.0966 -0.9953
vn -0.4382 -0.0826 -0.8951
vn -0.5510 -0.3287 -0.7671
vn -0.7031 -0.0949 -0.7047
vn -0.8139 -0.2015 -0.5450
vn -0.9008 -0.1605 -0.4035
vn 0.8854 -0.0295 -0.4638
vn 0.9259 0.2148 -0.3107
vn 0.9934 0.0430 -0.1066
vn 0.9305 0.2608 -0.2573
vn 0.9933 0.0884 0.0738
vn 0.9589 0.2749 0.0709
vn 0.7611 -0.0107 0.6486
vn 0.7298 0.2486 0.6369
vn 0.6917 0.0377 0.7212
vn 0.4322 0.3619 0.8260
vn 0.3954 0.0139 0.9184
vn -0.0000 0.3854 0.9228
vn -0.0000 -0.0436 0.9990
vn 0.9873 -0.0624 0.1463
vn 0.9695 -0.2042 -0.1356
vn 0.3403 -0.1971 0.9194
vn 0.1759 -0.2291 0.9574
vn -0.0000 -0.2563 0.9666
vn -0.3954 0.0139 0.9184
vn -0.4322 0.3619 0.8260
vn -0.6917 0.0378 0.7211
vn -0.7298 0.2486 0.6369
vn -0.7611 -0.0107 0.6485
vn -0.9933 0.0884 0.0738
vn -0.9873 -0.0623 0.1463
vn -0.9589 0.2749 0.0709
vn -0.9305 0.2608 -0.2573
vn -0.9934 0.0430 -0.1066
vn -0.9259 0.2148 -0.3107
vn -0.8854 -0.0295 -0.4638
vn 0.0989 -0.3953 0.9132
vn 0.3118 -0.3905 0.8662
vn 0.0860 -0.4545 0.8866
vn 0.1056 -0.5049 0.8567
vn -0.0000 -0.4839 0.8751
vn -0.1056 -0.5049 0.8567
vn -0.0860 -0.4545 0.8866
vn 0.1660 -0.6442 0.7467
vn 0.2100 -0.8095 0.5482
vn -0.3118 -0.3905 0.8662
vn -0.0989 -0.3953 0.9132
vn -0.1660 -0.6442 0.7467
vn -0.2100 -0.8094 0.5485
vn -0.3403 -0.1971 0.9194
vn -0.7610 -0.0107 0.6486
vn -0.6917 0.0378 0.7212
vn -0.3954 0.0138 0.9184
vn -0.1759 -0.2291 0.9574
vn 0.2469 -0.8064 0.5373
vn 0.3304 -0.9022 0.2774
vn 0.7657 -0.6212 0.1667
vn 0.7053 -0.7039 -0.0846
vn 0.3409 -0.9055 0.2526
vn 0.3627 -0.3324 0.8706
vn 0.8531 -0.4502 -0.2638
vn 0.5292 -0.7605 -0.3763
vn 0.4539 -0.8843 -0.1098
vn -0.0000 -0.9618 -0.2737
vn -0.0000 -0.8861 -0.4635
vn -0.5292 -0.7605 -0.3763
vn -0.4539 -0.8843 -0.1098
vn -0.7053 -0.7039 -0.0846
vn -0.8531 -0.4502 -0.2638
vn -0.9695 -0.2042 -0.1356
vn -0.9934 0.0429 -0.1067
vn -0.9873 -0.0624 0.1463
vn -0.7657 -0.6212 0.1667
vn -0.3304 -0.9022 0.2774
vn -0.2469 -0.8064 0.5373
vn -0.3409 -0.9055 0.2526
vn -0.3627 -0.3324 0.8706
vn -0.1693 -0.9416 0.2911
vn -0.0000 -0.9515 0.3075
vn 0.1693 -0.9416 0.2911
vn 0.2354 -0.9176 0.3203
vn 0.2499 -0.8919 0.3770
vn -0.0000 -0.8973 0.4414
vn 0.1302 -0.9471 0.2934
vn -0.0000 -0.9637 0.2671
vn -0.1302 -0.9471 0.2934
vn -0.2347 -0.9180 0.3196
vn -0.2499 -0.8919 0.3770
vn -0.2118 -0.8440 0.4928
vn -0.0378 -0.7664 0.6413
vn -0.0000 -0.7211 0.6928
vn 0.0378 -0.7664 0.6413
vn 0.2118 -0.8440 0.4928
vn -0.2700 -0.9354 -0.2282
vn -0.0000 -0.9390 -0.3438
vn -0.3014 -0.9302 -0.2095
vn 0.3014 -0.9302 -0.2096
vn 0.2700 -0.9354 -0.2282
vn 0.6120 -0.7906 -0.0194
vn 0.6125 -0.7902 -0.0209
vn -0.6125 -0.7902 -0.0209
vn -0.6120 -0.7906 -0.0194
vn 0.6671 -0.6626 0.3404
vn 0.6670 -0.6568 0.3517
vn 0.5506 -0.5050 0.6647
vn 0.5635 -0.5016 0.6564
vn 0.3786 -0.5331 0.7566
vn 0.3216 -0.5371 0.7798
vn -0.0000 -0.5278 0.8494
vn -0.0000 -0.5279 0.8493
vn -0.3786 -0.5331 0.7566
vn -0.3216 -0.5371 0.7798
vn -0.5506 -0.5050 0.6647
vn -0.5635 -0.5016 0.6564
vn -0.6670 -0.6568 0.3517
vn -0.6671 -0.6626 0.3404
vn 0.1991 -0.9783 -0.0580
vn -0.5412 0.0605 0.8387
vn -0.5703 -0.0398 0.8205
vn 0.0850 -0.9963 0.0102
vn 0.6298 -0.7599 -0.1609
vn 0.7124 -0.6947 -0.0997
vn 0.8774 -0.1401 0.4589
vn 0.8915 -0.2004 0.4063
vn 0.5155 0.3175 0.7959
vn 0.4467 0.3524 0.8223
vn -0.2143 0.4210 0.8814
vn -0.1861 0.4261 0.8853
vn 0.0004 -0.3420 0.9397
vn -0.0000 -0.3421 0.9397
vn -0.0000 -0.3652 0.9309
vn -0.0004 -0.3420 0.9397
vn -0.0000 -0.3739 0.9275
vn -0.0325 -0.4027 0.9148
vn -0.0000 -0.3463 0.9381
vn 0.0325 -0.4027 0.9148
vn -0.4989 -0.5442 0.6745
vn -0.4884 -0.5438 0.6825
vn -0.4853 -0.5406 0.6872
vn -0.4772 -0.5438 0.6903
vn -0.4378 -0.5396 0.7191
vn -0.3189 0.4044 0.8572
vn -0.0000 0.6859 0.7277
vn -0.4142 0.2916 0.8622
vn -0.6438 -0.3463 0.6824
vn -0.6413 -0.3068 0.7033
vn -0.4865 -0.7741 0.4052
vn -0.5372 -0.7194 0.4404
vn -0.0000 -0.9987 0.0514
vn 0.5372 -0.7194 0.4404
vn 0.4865 -0.7741 0.4052
vn 0.6413 -0.3068 0.7033
vn 0.6438 -0.3462 0.6824
vn 0.4142 0.2916 0.8622
vn 0.3189 0.4044 0.8572
vn 0.4884 -0.5438 0.6825
vn 0.4772 -0.5438 0.6903
vn 0.4989 -0.5442 0.6745
vn 0.4853 -0.5406 0.6872
vn 0.4378 -0.5396 0.7191
vn -0.8774 -0.1401 0.4589
vn -0.7124 -0.6947 -0.0997
vn -0.6298 -0.7599 -0.1609
vn -0.8915 -0.2004 0.4064
vn -0.0850 -0.9963 0.0102
vn -0.1991 -0.9783 -0.0580
vn 0.5703 -0.0398 0.8205
vn 0.5411 0.0605 0.8387
vn -0.5155 0.3175 0.7959
vn -0.4468 0.3524 0.8223
vn 0.2143 0.4209 0.8814
vn 0.1862 0.4261 0.8853
vn 0.8310 -0.4658 0.3039
vn 0.6656 -0.4434 0.6003
vn 0.6671 -0.5924 0.4517
vn 0.9516 -0.2687 -0.1488
vn 0.5359 -0.4563 0.7104
vn 0.5696 -0.4580 0.6825
vn -0.0000 -0.5396 0.8419
vn -0.0001 -0.5678 0.8232
vn -0.0001 -0.5689 0.8224
vn 0.5873 -0.4029 0.7020
vn 0.6439 -0.4327 0.6309
vn -0.0004 -0.6201 0.7845
vn -0.0000 -0.7076 0.7066
vn -0.0000 -0.8555 0.5178
vn 0.7172 -0.3469 0.6044
vn 0.8027 -0.2294 0.5505
vn 0.8132 -0.3298 0.4796
vn 0.9983 -0.0575 -0.0096
vn 0.7235 0.0799 -0.6857
vn 0.7376 0.2378 -0.6320
vn 0.9987 0.0178 0.0475
vn 0.8640 -0.1664 0.4751
vn 0.8710 -0.1694 0.4612
vn 0.8765 -0.1385 0.4611
vn 0.6619 0.3607 -0.6571
vn 0.6140 0.2968 -0.7313
vn 0.5351 0.3216 -0.7812
vn 0.3826 0.3354 -0.8609
vn -0.0000 0.2700 -0.9629
vn 0.4188 0.2548 -0.8716
vn -0.0000 0.1421 -0.9899
vn -0.0000 0.3488 -0.9372
vn 0.4233 0.1297 -0.8966
vn 0.3292 0.1737 -0.9282
vn -0.0000 0.1915 -0.9815
vn 0.4719 0.0602 -0.8796
vn 0.6636 -0.0532 -0.7462
vn -0.0000 0.1372 -0.9905
vn -0.4188 0.2548 -0.8716
vn -0.3292 0.1737 -0.9282
vn -0.4719 0.0602 -0.8796
vn -0.5350 0.3216 -0.7812
vn -0.3826 0.3354 -0.8609
vn -0.6619 0.3607 -0.6571
vn -0.7376 0.2378 -0.6320
vn -0.9987 0.0178 0.0476
vn -0.6140 0.2968 -0.7314
vn -0.9983 -0.0575 -0.0096
vn -0.8641 -0.1664 0.4751
vn -0.7235 0.0799 -0.6857
vn -0.9516 -0.2688 -0.1487
vn -0.8132 -0.3297 0.4796
vn -0.7173 -0.3468 0.6043
vn -0.8027 -0.2294 0.5505
vn -0.8710 -0.1694 0.4612
vn -0.6438 -0.4328 0.6311
vn -0.6655 -0.4435 0.6003
vn -0.8310 -0.4659 0.3038
vn -0.5695 -0.4580 0.6825
vn -0.5359 -0.4562 0.7104
vn -0.5871 -0.4029 0.7022
vn -0.6671 -0.5924 0.4518
vn -0.3820 -0.4885 0.7845
vn -0.0033 -0.5262 0.8504
vn 0.3820 -0.4887 0.7844
vn 0.5308 -0.0668 -0.8448
vn -0.0000 -0.2924 -0.9563
vn -0.0000 0.0231 -0.9997
vn -0.5308 -0.0668 -0.8448
vn -0.6635 -0.0532 -0.7463
vn -0.4232 0.1298 -0.8967
vn 0.9574 -0.0336 0.2868
vn 0.9680 -0.2361 0.0850
vn 0.9872 -0.1438 0.0684
vn 0.7394 -0.2191 0.6367
vn 0.6713 -0.5171 0.5310
vn 0.7384 -0.0311 0.6737
vn -0.0000 -0.3861 0.9224
vn -0.0000 -0.1062 0.9943
vn -0.7394 -0.2191 0.6367
vn -0.6713 -0.5171 0.5310
vn -0.9680 -0.2361 0.0850
vn 0.7407 -0.6447 0.1889
vn -0.9574 -0.0336 0.2868
vn -0.9872 -0.1438 0.0684
vn -0.7383 -0.0312 0.6737
vn -0.7407 -0.6447 0.1889
vn 0.8736 -0.4677 -0.1346
vn -0.0000 -0.9880 0.1544
vn -0.0000 -0.8482 0.5297
vn -0.8736 -0.4677 -0.1346
vn -0.0000 -0.7323 0.6810
vn -0.0000 0.2449 0.9695
vn -0.7425 0.1868 0.6432
vn -0.0000 0.4022 0.9155
vn 0.7425 0.1868 0.6432
vn 0.7234 0.3090 0.6174
vn -0.7234 0.3090 0.6174
vn 0.9474 0.0534 0.3155
vn -0.9474 0.0534 0.3155
vn 0.7529 -0.4096 0.5151
vn 0.8834 -0.2288 0.4090
vn 0.8355 -0.3119 0.4525
vn 0.8629 -0.2611 0.4326
vn 0.6571 -0.4881 0.5745
vn 0.6056 -0.5273 0.5960
vn 0.5759 -0.5265 0.6254
vn 0.7555 -0.4175 0.5049
vn 0.8934 -0.2711 0.3583
vn 0.8610 -0.3324 0.3849
vn 0.9013 -0.2473 0.3558
vn 0.8925 -0.2076 0.4005
vn 0.8949 -0.1902 0.4037
vn 0.9018 -0.1310 0.4118
vn 0.9113 -0.2531 0.3247
vn 0.8461 -0.2031 0.4928
vn 0.7905 -0.2046 0.5773
vn 0.9366 -0.1554 0.3140
vn 0.9062 -0.2288 0.3556
vn 0.8196 -0.2806 0.4995
vn 0.8805 -0.2725 0.3878
vn 0.8998 -0.1941 0.3907
vn 0.8775 -0.2134 0.4295
vn 0.8749 -0.2327 0.4247
vn 0.9417 -0.1625 0.2945
vn 0.8952 -0.2660 0.3575
vn 0.8672 -0.2124 0.4504
vn 0.8742 -0.2001 0.4425
vn 0.8854 -0.2938 0.3602
vn 0.8453 -0.3405 0.4118
vn 0.7014 -0.4577 0.5465
vn 0.7180 -0.2395 0.6535
vn 0.7522 -0.2414 0.6131
vn -0.0000 -0.2857 0.9583
vn -0.0000 -0.1014 0.9948
vn -0.7180 -0.2395 0.6535
vn -0.7523 -0.2414 0.6130
vn -0.8196 -0.2806 0.4995
vn -0.8805 -0.2725 0.3878
vn -0.9366 -0.1554 0.3140
vn -0.9012 -0.2474 0.3558
vn -0.9113 -0.2532 0.3247
vn -0.8933 -0.2713 0.3583
vn -0.8630 -0.2611 0.4326
vn -0.7531 -0.4095 0.5149
vn -0.8834 -0.2288 0.4090
vn -0.8355 -0.3119 0.4525
vn -0.6571 -0.4881 0.5745
vn -0.6059 -0.5272 0.5958
vn -0.7555 -0.4176 0.5048
vn -0.8925 -0.2076 0.4005
vn -0.8950 -0.1901 0.4035
vn -0.8612 -0.3323 0.3847
vn -0.7230 -0.4512 0.5232
vn -0.6367 -0.5081 0.5800
vn -0.4915 -0.5618 0.6654
vn -0.5389 -0.5359 0.6499
vn -0.5761 -0.5264 0.6253
vn -0.0001 -0.6717 0.7408
vn -0.0000 -0.6892 0.7246
vn -0.0003 -0.6512 0.7589
vn -0.0007 -0.6664 0.7456
vn -0.0009 -0.6515 0.7587
vn 0.5386 -0.5361 0.6501
vn 0.4920 -0.5617 0.6652
vn 0.6371 -0.5078 0.5799
vn 0.7228 -0.4513 0.5233
vn 0.7419 -0.1888 0.6434
vn -0.0000 -0.2842 0.9588
vn -0.7412 -0.1893 0.6441
vn -0.7905 -0.2046 0.5773
vn -0.8461 -0.2031 0.4928
vn -0.9018 -0.1311 0.4117
vn -0.3067 -0.9273 -0.2147
vn -0.0000 -0.9329 -0.3602
vn -0.2935 -0.9527 -0.0793
vn 0.3067 -0.9273 -0.2147
vn 0.2934 -0.9527 -0.0793
vn 0.0765 -0.7815 0.6192
vn 0.1236 -0.8385 0.5307
vn -0.1236 -0.8385 0.5307
vn -0.0765 -0.7815 0.6191
vn -0.0001 -0.2888 0.9574
vn -0.0004 -0.2242 0.9745
vn 0.0168 0.1426 0.9896
vn 0.0071 0.1159 0.9932
vn -0.0000 0.2290 0.9734
vn 0.0364 0.1994 0.9793
vn -0.0000 0.3163 0.9487
vn -0.0364 0.1994 0.9792
vn -0.0168 0.1426 0.9896
vn -0.0071 0.1160 0.9932
vn 0.0001 -0.2888 0.9574
vn 0.0004 -0.2242 0.9745
vn -0.0000 0.4419 -0.8971
vn -0.0000 0.3829 -0.9238
vn 0.4226 0.3712 -0.8268
vn 0.5426 0.3361 -0.7698
vn 0.4263 0.3610 -0.8294
vn -0.0000 0.4660 -0.8848
vn 0.1451 0.3513 -0.9249
vn -0.0000 0.3386 -0.9409
vn 0.1680 0.1683 -0.9713
vn -0.0000 0.1791 -0.9838
vn 0.6694 0.2798 -0.6882
vn 0.4022 0.3175 -0.8587
vn 0.0176 0.3380 -0.9410
vn -0.4226 0.3712 -0.8268
vn -0.5426 0.3361 -0.7698
vn -0.1680 0.1683 -0.9713
vn -0.4263 0.3609 -0.8294
vn -0.1451 0.3513 -0.9249
vn -0.6694 0.2798 -0.6882
vn -0.4022 0.3175 -0.8587
vn -0.0176 0.3380 -0.9410
vn -0.6353 0.2922 -0.7149
vn -0.5111 0.4004 -0.7606
vn 0.1072 0.3243 -0.9399
vn 0.5822 0.2076 -0.7861
vn 0.1924 0.3004 -0.9342
vn 0.8017 -0.0034 -0.5977
vn 0.5938 0.2107 -0.7765
vn -0.5822 0.2076 -0.7861
vn -0.1073 0.3243 -0.9399
vn -0.1924 0.3004 -0.9342
vn -0.8017 -0.0034 -0.5977
vn -0.5938 0.2107 -0.7765
vn 0.5111 0.4004 -0.7606
vn 0.6352 0.2922 -0.7149
vn 0.6140 0.2968 -0.7314
vn 0.2413 0.6095 0.7552
vn -0.0000 0.6816 0.7318
vn 0.1623 0.7113 0.6839
vn -0.2894 0.7466 0.5990
vn -0.5274 0.7285 0.4372
vn -0.4817 0.7552 0.4446
vn 0.1625 0.8896 0.4269
vn 0.0319 0.9363 0.3498
vn -0.0000 0.6401 0.7683
vn -0.4582 0.6528 0.6032
vn -0.1601 0.7327 0.6614
vn -0.0000 0.7169 0.6972
vn -0.0651 0.8667 0.4945
vn -0.0569 0.8367 0.5446
vn 0.6264 0.6440 0.4391
vn -0.0506 0.9405 0.3361
vn -0.2419 0.6093 0.7552
vn -0.1623 0.7113 0.6839
vn 0.2894 0.7466 0.5990
vn 0.5274 0.7285 0.4372
vn 0.4817 0.7552 0.4446
vn -0.1625 0.8896 0.4269
vn -0.0319 0.9363 0.3499
vn 0.1601 0.7327 0.6614
vn 0.4582 0.6528 0.6032
vn 0.0651 0.8667 0.4945
vn 0.0569 0.8367 0.5446
vn -0.6264 0.6440 0.4391
vn 0.0506 0.9405 0.3361
vn 0.7988 -0.2701 0.5376
vn 0.9047 -0.3423 0.2538
vn 0.9256 -0.2998 0.2313
vn 0.8950 -0.3480 0.2790
vn 0.8516 -0.2686 0.4502
vn 0.8171 -0.2583 0.5154
vn 0.8558 -0.2455 0.4554
vn -0.7557 0.3560 -0.5497
vn -0.0000 0.3300 -0.9440
vn -0.8130 0.3574 -0.4597
vn -0.8568 0.3776 -0.3512
vn -0.8605 0.4194 -0.2894
vn -0.8458 0.5216 -0.1119
vn 0.7557 0.3560 -0.5497
vn 0.8130 0.3574 -0.4597
vn 0.8568 0.3776 -0.3512
vn 0.8604 0.4194 -0.2894
vn 0.8458 0.5216 -0.1119
vn -0.0000 0.6961 0.7179
vn -0.0000 0.6962 0.7179
vn -0.1936 0.7243 0.6618
vn -0.2008 0.7277 0.6559
vn -0.2384 0.7067 0.6661
vn -0.2287 0.7166 0.6589
vn -0.1605 0.7415 0.6515
vn -0.1735 0.7345 0.6560
vn 0.0350 0.8546 0.5181
vn 0.0297 0.8502 0.5255
vn 0.0722 0.8824 0.4649
vn 0.0723 0.8824 0.4649
vn 0.1936 0.7243 0.6618
vn 0.2008 0.7277 0.6559
vn 0.2384 0.7067 0.6661
vn 0.2287 0.7166 0.6589
vn 0.1605 0.7415 0.6515
vn 0.1735 0.7345 0.6560
vn -0.0350 0.8546 0.5181
vn -0.0297 0.8502 0.5255
vn -0.0723 0.8824 0.4649
vn 0.9772 -0.1999 -0.0714
vn -0.9062 -0.2288 0.3557
vn -0.8749 -0.2329 0.4247
vn -0.8998 -0.1941 0.3907
vn -0.8774 -0.2135 0.4296
vn -0.9417 -0.1625 0.2945
vn -0.8952 -0.2660 0.3575
vn -0.8672 -0.2124 0.4504
vn -0.8742 -0.2001 0.4425
vn -0.8852 -0.2940 0.3605
vn -0.8453 -0.3405 0.4118
vn -0.7014 -0.4577 0.5465
vn -0.7988 -0.2701 0.5376
vn -0.9256 -0.2998 0.2313
vn -0.8171 -0.2583 0.5154
vn -0.8516 -0.2686 0.4502
vn -0.9047 -0.3423 0.2538
vn -0.8950 -0.3480 0.2790
vn -0.8558 -0.2455 0.4554
vn -0.9772 -0.1999 -0.0714
vn -0.8765 -0.1385 0.4611
vn -0.0000 0.0452 -0.9990
vn 0.7491 0.2620 -0.6084
vn 0.7725 0.0013 -0.6350
vn 0.9585 0.0231 -0.2843
vn 0.9708 0.2180 -0.0996
vn 0.9878 0.0961 -0.1227
vn 0.9321 0.3415 0.1207
vn 0.7193 0.5246 -0.4554
vn -0.0000 0.4313 -0.9022
vn 0.7823 0.6113 -0.1198
vn 0.8668 0.4769 0.1456
vn -0.0000 0.9998 -0.0180
vn -0.0000 0.9139 -0.4059
vn -0.7822 0.6113 -0.1198
vn -0.8668 0.4769 0.1456
vn -0.9708 0.2180 -0.0996
vn -0.9321 0.3415 0.1207
vn -0.7193 0.5246 -0.4554
vn -0.7491 0.2620 -0.6084
vn -0.0000 0.7711 -0.6367
vn -0.9585 0.0231 -0.2843
vn -0.9878 0.0961 -0.1227
vn -0.9498 -0.0464 -0.3094
vn -0.7725 0.0013 -0.6350
vn -0.0000 -0.2391 -0.9710
vn -0.7509 -0.1561 -0.6417
vn -0.0000 -0.3400 -0.9404
vn -0.6840 -0.2420 -0.6882
vn 0.7509 -0.1562 -0.6417
vn 0.6840 -0.2420 -0.6882
vn 0.9498 -0.0464 -0.3094
vn -0.0000 -0.1801 0.9837
vn -0.0000 -0.4241 0.9056
vn -0.4455 -0.1402 0.8843
vn 0.4455 -0.1402 0.8843
vn 0.5563 -0.0822 0.8269
vn 0.5521 -0.4015 0.7307
vn 0.5328 -0.5402 0.6514
vn 0.3334 -0.5388 0.7737
vn -0.0000 -0.5196 0.8544
vn -0.3334 -0.5388 0.7737
vn -0.5330 -0.5404 0.6510
vn -0.5521 -0.4015 0.7307
vn -0.5563 -0.0822 0.8269
vn 0.1247 0.1706 -0.9774
vn -0.0000 0.1720 -0.9851
vn -0.0000 0.0881 -0.9961
vn 0.1313 0.0921 -0.9871
vn -0.0000 -0.0434 -0.9991
vn 0.1408 -0.0430 -0.9891
vn -0.1247 0.1706 -0.9774
vn -0.1313 0.0921 -0.9871
vn -0.1408 -0.0430 -0.9891
vn 0.9484 -0.0307 0.3156
vn 0.9429 -0.0390 0.3307
vn 0.7091 -0.2580 0.6562
vn 0.9538 -0.0294 0.2989
vn 0.1013 -0.4913 0.8651
vn -0.0000 0.9411 0.3381
vn 0.0016 0.9409 0.3386
vn 0.0019 0.9409 0.3387
vn -0.0000 0.9409 0.3388
vn -0.0019 0.9409 0.3387
vn -0.0016 0.9409 0.3386
vn -0.2197 -0.9583 -0.1830
vn -0.0000 -0.9621 -0.2728
vn 0.2197 -0.9583 -0.1830
vn 0.5424 0.2762 0.7934
vn -0.5424 0.2762 0.7934
vn -0.0000 -0.3310 0.9436
vn -0.0000 -0.4073 0.9133
vn 0.3837 -0.3761 0.8434
vn 0.2464 -0.3209 0.9145
vn -0.0000 -0.2078 0.9782
vn -0.3837 -0.3761 0.8434
vn -0.2464 -0.3208 0.9146
vn -0.1013 -0.4913 0.8651
vn -0.9429 -0.0390 0.3307
vn -0.7091 -0.2580 0.6562
vn -0.9484 -0.0307 0.3156
vn -0.9538 -0.0294 0.2989
vn -0.0000 0.4025 -0.9154
vn 0.0410 0.1581 -0.9866
vn -0.0224 0.0838 -0.9962
vn -0.0000 0.4674 -0.8841
vn -0.0410 0.1581 -0.9866
vn 0.0223 0.0837 -0.9962
vn -0.2380 0.0398 -0.9704
vn 0.2380 0.0398 -0.9704
vn 0.2811 0.0285 -0.9593
vn -0.2811 0.0285 -0.9593
vn -0.0000 0.3648 -0.9311
vn 0.3947 0.2257 -0.8906
vn -0.3947 0.2257 -0.8906
vn 0.3659 0.2341 -0.9007
vn 0.4110 0.2007 -0.8893
vn 0.4443 0.1786 -0.8779
vn -0.0000 0.3032 -0.9529
vn -0.3659 0.2341 -0.9007
vn -0.4110 0.2007 -0.8893
vn -0.4443 0.1786 -0.8779
vn 0.3781 0.8170 -0.4353
vn 0.3851 0.8167 -0.4297
vn 0.3673 0.8166 -0.4452
vn 0.3501 0.8173 -0.4577
vn 0.4232 0.7857 -0.4511
vn 0.3810 0.8277 -0.4120
vn -0.0000 0.8952 -0.4456
vn -0.3781 0.8170 -0.4353
vn -0.3810 0.8277 -0.4120
vn -0.3851 0.8167 -0.4297
vn -0.3673 0.8166 -0.4452
vn -0.3501 0.8173 -0.4577
vn -0.4232 0.7857 -0.4511
vn 1.0000 0.0026 -0.0000
vn 1.0000 0.0026 -0.0001
vn 1.0000 0.0023 -0.0007
vn 1.0000 0.0022 -0.0011
vn -0.0000 -0.3280 0.9447
vn -0.0000 -0.3279 0.9447
vn 0.2135 -0.3208 0.9228
vn 0.0545 -0.3275 0.9433
vn 0.9737 -0.0773 0.2143
vn -0.2135 -0.3182 0.9237
vn -0.0545 -0.3275 0.9433
vn -0.9737 -0.0773 0.2143
vn 0.0894 -0.3842 0.9189
vn 0.0307 -0.3561 0.9340
vn 0.0995 -0.4435 0.8908
vn 0.0674 -0.4532 0.8888
vn -0.0307 -0.3561 0.9340
vn -0.0894 -0.3842 0.9189
vn -0.0995 -0.4435 0.8908
vn -0.0674 -0.4532 0.8888
vn -1.0000 0.0026 -0.0000
vn -1.0000 0.0022 -0.0011
vn -1.0000 0.0023 -0.0007
vn -1.0000 0.0025 -0.0002
vn 0.7848 0.1965 -0.5877
vn 0.7835 0.2706 -0.5594
vn 0.9413 -0.0794 0.3282
vn 0.9408 -0.1620 0.2979
vn -0.1430 0.3145 -0.9384
vn -0.1450 0.3881 -0.9101
vn -0.9264 0.0664 -0.3705
vn -0.9291 0.1404 -0.3420
vn -0.8023 -0.2945 0.5192
vn -0.8076 -0.2123 0.5502
vn 0.1458 -0.4333 0.8894
vn 0.1439 -0.3410 0.9290
vn 0.9298 -0.0321 0.3667
vn 0.7817 0.3029 -0.5452
vn -0.1457 0.4208 -0.8954
vn -0.9287 0.1728 -0.3281
vn -0.7941 -0.1632 0.5855
vn 0.1406 -0.2491 0.9582
vn 0.9308 -0.1862 0.3145
vn 0.1460 -0.4441 0.8840
vn -0.7851 -0.3167 0.5323
vn -0.9249 0.0530 -0.3764
vn 0.9293 -0.1435 0.3404
vn 0.1451 -0.3918 0.9085
vn -0.7835 -0.2737 0.5579
vn -0.9280 0.0927 -0.3609
vn -0.1426 0.3013 -0.9428
vn 0.7839 0.1828 -0.5934
vn -0.1439 0.3411 -0.9290
vn 0.7848 0.2230 -0.5783
vn 0.7830 0.2838 -0.5535
vn 0.9274 -0.0825 0.3649
vn -0.1453 0.4020 -0.9041
vn -0.9292 0.1537 -0.3362
vn -0.7847 -0.2127 0.5822
vn 0.1436 -0.3308 0.9327
vn 0.9179 0.0044 0.3967
vn 0.7746 0.3679 -0.5144
vn -0.1463 0.4850 -0.8622
vn -0.9240 0.2387 -0.2988
vn -0.7807 -0.1247 0.6124
vn 0.1403 -0.2419 0.9601
vn 0.8044 0.1824 -0.5654
vn 0.8056 0.2631 -0.5308
vn 0.9280 -0.0960 0.3599
vn 0.9290 -0.1692 0.3291
vn -0.1425 0.2983 -0.9438
vn -0.1451 0.3917 -0.9086
vn -0.9375 0.0500 -0.3443
vn -0.9421 0.1302 -0.3089
vn -0.7823 -0.2993 0.5464
vn -0.7846 -0.2263 0.5773
vn 0.1456 -0.4175 0.8969
vn 0.1440 -0.3448 0.9276
vn 0.9260 -0.0631 0.3723
vn 0.7899 0.3216 -0.5222
vn -0.1463 0.4768 -0.8667
vn -0.9336 0.1906 -0.3034
vn -0.7844 -0.1931 0.5894
vn 0.1429 -0.3111 0.9396
vn 0.9281 -0.1830 0.3241
vn 0.1458 -0.4301 0.8909
vn -0.7807 -0.3129 0.5410
vn -0.9272 0.0443 -0.3720
vn -0.1421 0.2870 -0.9473
vn 0.7884 0.1748 -0.5898
vn 0.7830 0.2838 -0.5536
vn -0.1453 0.4019 -0.9041
vn -0.9292 0.1536 -0.3362
vn 0.1435 -0.3307 0.9327
vn 0.9179 0.0044 0.3968
vn 0.7746 0.3678 -0.5144
vn -0.7807 -0.1247 0.6123
vn 0.1402 -0.2418 0.9601
vn 0.0231 -0.9273 -0.3735
vn 0.9892 0.0752 -0.1256
vn -0.0231 0.9273 0.3735
vn -0.9892 -0.0752 0.1256
vn -0.0476 -0.3728 0.9267
vn 0.1047 -0.3470 0.9320
vn -0.1083 -0.3963 0.9117
vn -0.1548 -0.4118 0.8980
vn -0.0357 -0.3740 0.9267
vn -0.1320 -0.3703 0.9195
vn -0.3757 -0.3035 0.8757
vn 0.0079 -0.4335 0.9011
vn -0.2739 -0.3651 0.8898
vn -0.5447 -0.5909 0.5951
vn -0.8833 -0.4664 -0.0471
vn -0.2778 0.2910 -0.9155
vn -0.7427 -0.0889 -0.6637
vn -0.6248 0.3283 -0.7084
vn -0.3201 0.3471 -0.8815
vn -0.4100 0.3348 -0.8484
vn -0.5374 0.3035 -0.7868
vn -0.3313 0.3468 -0.8775
vn -0.3881 0.3130 -0.8668
vn -0.1841 0.3853 -0.9042
vn -0.4305 0.2875 -0.8555
vn -0.9757 -0.2072 0.0708
vn -0.9076 0.3209 0.2707
vn -0.9104 0.3145 0.2686
vn -0.6380 0.6755 0.3697
vn -0.6962 0.6224 0.3577
vn 0.1024 -0.9183 -0.3824
vn 0.4526 -0.8015 -0.3908
vn 0.5081 -0.7696 -0.3868
vn 0.5084 -0.7694 -0.3868
vn 0.6254 -0.6860 -0.3719
vn -0.3911 -0.4891 0.7796
vn -0.2564 -0.4797 0.8391
vn -0.1224 -0.4610 0.8789
vn -0.4462 -0.4899 0.7489
vn -0.5195 0.1874 -0.8337
vn -0.6337 0.1263 -0.7632
vn -0.3996 0.2421 -0.8841
vn -0.3997 0.2422 -0.8841
vn -0.6785 0.0991 -0.7279
vn 0.9195 0.3929 0.0121
vn 0.4811 0.8377 0.2584
vn -0.6426 0.6852 0.3428
vn -0.5094 0.7688 0.3867
vn -0.3221 0.9422 0.0919
vn -0.2998 0.8690 0.3937
vn -0.2332 0.7168 0.6571
vn -0.6342 0.6639 0.3961
vn -0.7318 0.5855 0.3486
vn -0.3573 -0.3418 0.8692
vn -0.3742 -0.3544 0.8569
vn -0.5124 -0.3349 0.7908
vn -0.5155 -0.3300 0.7908
vn -0.5224 -0.3336 0.7847
vn -0.4299 -0.3151 0.8461
vn -0.9835 0.0491 0.1742
vn -0.9885 -0.0942 0.1179
vn -0.6701 0.2941 -0.6815
vn -0.7391 0.2369 -0.6306
vn -0.6097 0.2974 -0.7347
vn -0.7366 0.2336 -0.6347
vn -0.6238 0.2786 -0.7302
vn -0.7444 0.2295 -0.6270
vn 0.9454 0.1167 -0.3044
vn 0.9508 0.1089 -0.2899
vn 0.9216 0.1465 -0.3593
vn 0.9895 0.0475 -0.1365
vn 0.9459 0.1139 -0.3039
vn 0.9895 0.0455 -0.1375
vn 0.9992 -0.0212 0.0350
vn 0.9997 -0.0150 0.0206
vn 0.9991 -0.0196 0.0373
vn 0.9941 -0.0373 0.1016
vn -0.5778 -0.7726 0.2631
vn -0.7023 -0.7063 0.0896
vn -0.8455 -0.4887 -0.2152
vn -0.7705 -0.6362 -0.0387
vn -0.6065 -0.7947 0.0257
vn -0.8990 -0.4366 -0.0327
vn -0.8749 -0.4812 -0.0543
vn -0.8047 -0.5920 0.0437
vn -0.7955 -0.5730 -0.1973
vn -0.7055 -0.4488 -0.5485
vn -0.7716 -0.5305 -0.3511
vn -0.6722 -0.6280 -0.3921
vn 0.6223 -0.4453 0.6437
vn -0.9048 -0.4141 0.0996
vn -0.9298 -0.3682 -0.0006
vn -0.9382 -0.3384 -0.0725
vn -0.9373 -0.3316 -0.1073
vn -0.9156 -0.3957 0.0713
vn 0.3781 0.1741 -0.9093
vn -0.9298 0.0734 -0.3607
vn -0.7133 0.2086 -0.6691
vn -0.6036 0.2465 -0.7582
vn -0.9608 0.0331 -0.2754
vn -0.8207 0.1637 -0.5474
vn -0.8555 0.1527 -0.4948
vn -0.6423 0.3024 -0.7043
vn -0.6725 0.2761 -0.6867
vn -0.6314 0.3094 -0.7111
vn -0.9868 -0.1224 0.1064
vn -0.9856 -0.1359 0.1008
vn -0.9874 -0.1135 0.1102
vn -0.8439 -0.2632 0.4674
vn -0.7874 -0.2879 0.5452
vn -0.4836 -0.3739 0.7914
vn -0.3509 -0.3946 0.8492
vn -0.6721 -0.3124 0.6714
vn -0.6236 -0.3361 0.7058
vn -0.3963 -0.3215 0.8600
vn -0.4327 -0.3320 0.8382
vn -0.3833 -0.3198 0.8665
vn -0.8379 0.4487 0.3107
vn -0.8515 0.4271 0.3042
vn 0.9911 0.0249 -0.1305
vn 0.9895 0.0459 -0.1373
vn 0.9290 0.1085 -0.3538
vn 0.9895 0.0538 -0.1341
vn 0.9957 -0.0606 0.0702
vn 0.9870 0.0352 -0.1566
vn 0.4102 -0.4219 0.8085
vn -0.3631 -0.3900 0.8462
vn -0.3309 -0.4089 0.8505
vn -0.5048 -0.3786 0.7758
vn 0.1335 0.2798 -0.9507
vn -0.6141 0.2465 -0.7497
vn -0.5863 0.2390 -0.7740
vn -0.7299 0.1924 -0.6559
vn -0.5395 -0.8078 -0.2373
vn -0.4888 -0.8341 -0.2558
vn -0.5069 -0.8320 -0.2254
vn -0.5353 -0.8155 -0.2198
vn -0.5140 -0.8140 -0.2705
vn -0.5410 -0.8012 -0.2557
vn -0.5099 -0.8236 -0.2483
vn -0.4914 -0.8324 -0.2562
vn -0.4241 -0.8642 -0.2707
vn -0.4589 -0.8478 -0.2659
vn -0.4260 -0.8593 -0.2829
vn -0.4910 -0.8334 -0.2537
vn -0.8380 0.4486 0.3107
vn -0.8923 -0.2204 0.3939
vn -0.8926 -0.2202 0.3934
vn -0.8938 -0.2191 0.3914
vn -0.7929 0.6087 0.0276
vn -0.7738 0.6293 0.0717
vn -0.7656 0.6371 0.0893
vn -0.5753 0.7246 0.3795
vn -0.6939 0.4265 0.5802
vn -0.6898 0.4450 0.5711
vn -0.7026 0.3797 0.6018
vn -0.9477 0.1146 0.2978
vn -0.9493 0.1248 0.2886
vn -0.9646 0.1551 0.2135
vn -0.9583 0.1655 0.2330
vn -0.9603 0.1722 0.2197
vn -0.9626 0.1764 0.2055
vn -0.9731 0.1851 0.1369
vn -0.9751 0.1840 0.1237
vn 0.9795 0.1412 -0.1438
vn 0.9865 0.1258 -0.1050
vn 0.9917 0.1101 -0.0659
vn -0.7037 -0.3735 0.6044
vn -0.5563 -0.7433 -0.3716
vn -0.6657 -0.7061 -0.2415
vn -0.6449 -0.7154 -0.2687
vn -0.7295 -0.6680 -0.1472
vn -0.6224 -0.7726 -0.1255
vn -0.6485 -0.7496 -0.1324
vn -0.5131 -0.8528 -0.0968
vn -0.5836 0.2908 -0.7582
vn -0.3269 -0.3600 0.8738
vn -0.9832 0.0095 -0.1825
vn -0.9836 0.0088 -0.1800
vn -0.9831 0.0097 -0.1830
vn -0.9831 0.0097 -0.1831
vn -0.8745 0.0596 -0.4814
vn -0.9892 -0.0760 0.1255
vn -0.9107 0.1374 -0.3897
vn -0.8942 0.1514 -0.4213
vn -0.9892 -0.0762 0.1254
vn -0.7545 -0.2586 0.6032
vn -0.7288 -0.2679 0.6301
vn -0.2531 -0.3536 0.9005
vn -0.5193 0.3214 -0.7919
vn -0.5192 0.3214 -0.7919
vn 0.9580 -0.2340 0.1659
vn 0.9807 -0.0703 -0.1823
vn 0.9160 -0.3018 -0.2644
vn 0.9128 -0.4051 0.0509
vn 0.9611 0.0488 0.2718
vn 0.9718 0.2275 -0.0621
vn 0.9148 0.4035 0.0171
vn 0.9167 0.2772 0.2878
vn 0.8491 0.0422 -0.5266
vn 0.8182 -0.1653 -0.5506
vn 0.8539 0.3207 -0.4099
vn 0.8312 0.4939 -0.2552
vn -0.9904 -0.0717 0.1183
vn -0.9908 -0.0670 0.1178
vn -0.9908 -0.0673 0.1177
vn -0.9903 -0.0717 0.1188
vn -0.9913 -0.0647 0.1148
vn -0.9917 -0.0622 0.1127
vn -0.9889 -0.0778 0.1264
vn -0.9896 -0.0576 0.1318
vn -0.9871 -0.0612 0.1481
vn -0.9811 -0.0932 0.1695
vn -0.9812 -0.0917 0.1699
vn -0.9921 -0.0573 0.1117
vn -0.9898 -0.0220 0.1410
vn -0.9056 0.1248 -0.4055
vn -0.9966 -0.0465 0.0677
vn -0.9990 -0.0374 0.0240
vn -0.9995 -0.0301 -0.0102
vn -0.7713 0.2011 -0.6038
vn -0.6682 0.2293 -0.7078
vn -0.8475 0.1809 -0.4990
vn -0.9844 0.0364 -0.1720
vn -0.9854 0.0491 -0.1628
vn -0.9761 -0.0415 -0.2132
vn -0.8077 -0.2126 0.5500
vn -0.6911 -0.3066 0.6545
vn -0.7992 -0.2291 0.5557
vn -0.6611 -0.3707 0.6524
vn -0.6075 -0.3264 0.7242
vn -0.7052 -0.4261 0.5667
vn -0.9160 -0.1694 0.3635
vn -0.8976 -0.1942 0.3957
vn -0.8938 -0.1985 0.4021
vn -0.8938 -0.1985 0.4020
vn -0.9895 -0.0452 0.1376
vn -0.9895 -0.0445 0.1378
vn -0.9893 -0.0259 0.1434
vn -0.9893 -0.0259 0.1435
vn -0.9896 -0.0260 0.1416
vn -0.9771 -0.2032 0.0628
vn -0.8880 -0.3857 0.2503
vn -0.9370 -0.3065 0.1675
vn -0.8700 -0.4090 0.2752
vn 0.9204 0.1611 -0.3561
vn 0.9609 0.1611 -0.2252
vn 0.9589 0.1655 -0.2306
vn 0.9531 0.1351 -0.2708
vn 0.9171 0.1720 -0.3595
vn 0.9622 0.1185 -0.2451
vn 0.9084 0.1720 -0.3811
vn 0.9064 0.1771 -0.3836
vn 0.9445 0.1465 -0.2939
vn 0.9924 0.0908 -0.0825
vn 0.9922 0.0689 -0.1039
vn 0.9877 0.0947 -0.1245
vn 0.9849 0.1036 -0.1386
vn 0.9883 0.0832 -0.1278
vn 0.9883 0.0828 -0.1277
vn 0.9760 0.1202 -0.1818
vn 0.8979 0.3837 0.2156
vn 0.9935 0.0622 -0.0952
vn 0.9788 0.2039 0.0186
vn 0.1445 -0.6399 0.7547
vn 0.1160 0.0717 -0.9907
vn 0.1378 0.1052 -0.9849
vn 0.1311 0.0800 -0.9881
vn -0.0159 0.1656 -0.9861
vn -0.1387 0.2076 -0.9683
vn 0.0478 -0.9769 -0.2085
vn 0.1446 -0.3666 0.9191
vn 0.5205 -0.4679 -0.7142
vn -0.9456 0.1987 0.2577
vn -0.9456 0.1986 0.2577
vn -0.9456 0.1986 0.2576
vn 0.0404 0.6843 0.7281
vn 0.8979 0.3838 0.2156
vn 0.9052 -0.3923 0.1632
vn -0.0000 -0.8194 0.5732
vn 0.0004 -0.9869 -0.1615
vn -0.9041 -0.3942 0.1651
vn -0.9625 -0.2708 0.0146
vn -0.9030 -0.0764 0.4227
vn -0.0000 -0.5607 0.8280
vn 0.9041 -0.0747 0.4208
vn 0.0003 0.4927 0.8702
vn 0.9659 0.0936 0.2414
vn 0.9629 -0.2694 0.0129
vn 0.9726 0.1107 0.2045
vn 0.9474 -0.3172 -0.0437
vn -0.0000 0.7189 0.6951
vn -0.0001 -0.9563 -0.2924
vn -0.9471 -0.3180 -0.0424
vn -0.9656 0.0919 0.2432
vn -0.9725 0.1094 0.2056
vn -0.0002 -0.9236 -0.3834
vn -0.0002 0.7516 0.6596
vn -0.0000 0.6729 -0.7397
vn -0.2932 0.6973 -0.6540
vn -0.0000 0.8758 -0.4827
vn 0.2933 0.6973 -0.6540
vn -0.2147 0.5163 -0.8291
vn 0.2147 0.5163 -0.8291
vn -0.0000 0.4275 -0.9040
vn -0.0000 0.6428 -0.7660
vn 0.6732 -0.3204 0.6664
vn 0.3486 -0.0314 0.9367
vn 0.2861 0.1144 0.9514
vn 0.4651 -0.0834 0.8813
vn 0.0884 0.1845 0.9789
vn 0.3728 0.1846 0.9094
vn 0.6209 0.0999 0.7775
vn 0.2160 -0.0436 0.9754
vn -0.1367 -0.1921 0.9718
vn 0.4428 0.0897 0.8921
vn 0.8040 -0.0719 0.5902
vn 0.8980 0.0828 -0.4321
vn -0.2090 0.0882 0.9739
vn -0.8972 0.3668 0.2460
vn 0.0547 -0.1546 0.9865
vn 0.5575 -0.2338 0.7966
vn 0.3210 -0.1872 0.9284
vn 0.6914 -0.3916 -0.6071
vn 0.7919 -0.5842 -0.1777
vn 0.4677 -0.8286 -0.3078
vn 0.4939 -0.4513 -0.7433
vn 0.5345 -0.8395 -0.0976
vn 0.8118 -0.5838 0.0124
vn 0.4260 0.1906 -0.8844
vn 0.5580 0.1556 -0.8151
vn 0.8882 -0.2806 -0.3639
vn 0.9236 -0.3249 -0.2033
vn 0.8773 -0.4547 0.1535
vn 0.8289 -0.0265 -0.5588
vn 0.8845 -0.0243 -0.4658
vn 0.8508 0.4247 -0.3095
vn 0.7470 0.3070 -0.5897
vn 0.7295 0.6330 -0.2593
vn 0.5592 0.5966 -0.5756
vn 0.5319 0.4135 -0.7390
vn 0.0155 0.9362 -0.3511
vn 0.1793 0.9817 0.0635
vn -0.6093 0.7815 -0.1343
vn -0.5162 0.8300 0.2112
vn -0.7451 0.6156 -0.2567
vn -0.8308 0.5566 0.0063
vn -0.8829 0.3835 -0.2709
vn -0.8242 0.3883 -0.4123
vn 0.1743 0.9834 0.0496
vn -0.4448 0.8514 0.2778
vn -0.6916 0.6687 0.2730
vn -0.6276 0.6768 0.3848
vn -0.9384 0.2641 0.2227
vn -0.8779 -0.0399 0.4771
vn -0.9595 0.2564 0.1166
vn 0.7275 0.6660 -0.1650
vn 0.8796 0.4384 -0.1845
vn -0.9445 0.0093 0.3283
vn -0.8377 -0.3264 0.4378
vn -0.9917 -0.1254 0.0286
vn -0.7570 -0.6348 0.1548
vn -0.7288 -0.3401 0.5943
vn -0.6716 -0.6487 0.3580
vn -0.9551 -0.2220 -0.1960
vn -0.6492 -0.2132 0.7302
vn -0.4952 -0.3477 0.7962
vn -0.5208 -0.6949 0.4958
vn 0.2214 -0.5397 0.8122
vn 0.0165 -0.9060 0.4230
vn 0.7738 -0.5485 0.3169
vn 0.5037 -0.8570 0.1089
vn -0.3896 -0.2414 0.8888
vn 0.2584 -0.4310 0.8646
vn 0.7873 -0.4275 0.4443
vn -0.9739 0.2174 -0.0660
vn -0.9912 0.1234 -0.0484
vn -0.9406 0.0662 -0.3330
vn -0.8230 0.1911 -0.5349
vn -0.9539 -0.2778 -0.1138
vn -0.3709 -0.1610 -0.9146
vn -0.7085 0.1605 -0.6872
vn -0.3405 0.0837 -0.9365
vn 0.1039 0.0320 -0.9941
vn 0.4730 -0.1575 -0.8669
vn 0.2924 0.0147 -0.9562
vn 0.7103 -0.0491 -0.7021
vn 0.7086 -0.1455 -0.6904
vn 0.5307 -0.5127 -0.6749
vn 0.2819 -0.6415 -0.7135
vn -0.8363 -0.4646 -0.2911
vn -0.7468 -0.5469 -0.3784
vn -0.3452 -0.7062 -0.6182
vn 0.1394 -0.6871 -0.7131
vn -0.8237 -0.0973 0.5586
vn -0.8507 0.2534 0.4605
vn -0.8246 -0.1317 0.5502
vn -0.6364 -0.2995 0.7108
vn -0.5684 -0.4649 0.6788
vn -0.8236 0.0730 0.5625
vn -0.6835 0.6377 0.3552
vn -0.9270 0.1560 0.3412
vn -0.6442 -0.5346 0.5470
vn -0.7838 -0.4626 0.4143
vn -0.9802 0.0676 0.1859
vn -0.8232 -0.4509 0.3450
vn -0.9374 0.0067 0.3482
vn -0.8549 -0.4177 0.3076
vn -0.8833 0.0413 0.4670
vn -0.6992 0.7127 0.0556
vn -0.8141 0.3826 0.4370
vn -0.7285 0.5773 0.3688
vn -0.3920 0.2919 0.8725
vn -0.1951 -0.1202 0.9734
vn -0.5571 0.8241 0.1020
vn 0.0382 0.9537 -0.2982
vn -0.1487 0.7613 0.6311
vn 0.3230 0.7873 0.5253
vn 0.7200 0.6241 0.3034
vn -0.7289 0.6701 -0.1404
vn 0.0100 0.9313 -0.3640
vn -0.9006 -0.1665 0.4014
vn -0.8435 -0.3732 0.3863
vn -0.6984 -0.2765 0.6602
vn -0.7321 0.1392 0.6669
vn -0.0685 0.6061 0.7924
vn -0.0390 0.8810 -0.4715
vn -0.6974 0.7157 -0.0366
vn -0.6722 0.7150 0.1922
vn 0.0052 0.9271 -0.3749
vn 0.6677 0.5001 -0.5514
vn 0.6100 0.4584 -0.6464
vn 0.7273 0.4869 -0.4837
vn 0.8950 -0.2831 -0.3446
vn 0.9429 -0.2476 -0.2228
vn 0.9667 0.0997 -0.2357
vn 0.9142 0.3177 -0.2517
vn 0.6860 0.6278 -0.3677
vn 0.6951 -0.6627 -0.2786
vn 0.6877 -0.6900 -0.2256
vn 0.8372 -0.2199 -0.5007
vn 0.7016 -0.6975 -0.1461
vn 0.8568 -0.4437 -0.2626
vn 0.7502 -0.6252 -0.2152
vn 0.4353 -0.8626 -0.2576
vn 0.5724 -0.6968 0.4323
vn 0.3306 -0.8707 0.3640
vn 0.8504 -0.5208 0.0754
vn 0.9909 -0.1334 0.0161
vn 0.6799 -0.5478 0.4874
vn 0.9240 -0.1369 -0.3571
vn 0.6682 -0.7422 0.0513
vn 0.9707 -0.2108 -0.1152
vn 0.8898 0.3888 -0.2390
vn 0.7183 -0.6685 0.1929
vn 0.9730 -0.0351 -0.2283
vn 0.9221 -0.3735 -0.1007
vn 0.8323 -0.5319 0.1561
vn 0.9080 -0.4058 -0.1042
vn 0.0899 -0.8112 0.5778
vn 0.1927 -0.6124 0.7667
vn 0.0002 -0.9221 0.3869
vn -0.0644 -0.9698 0.2354
vn -0.1130 -0.9869 0.1153
vn -0.1690 -0.9850 -0.0355
vn -0.4170 -0.4136 0.8093
vn -0.1491 -0.9886 0.0208
vn -0.7113 -0.6806 0.1757
vn -0.2386 -0.7812 0.5770
vn 0.0685 -0.8427 0.5339
vn -0.3222 -0.5553 0.7667
vn -0.3178 -0.3900 0.8643
vn -0.3425 0.5534 0.7593
vn 0.7257 0.4805 0.4925
vn 0.8853 0.3591 0.2956
vn 0.7362 -0.2675 0.6216
vn 0.9209 0.0822 0.3810
vn 0.6400 0.6555 -0.4009
vn 0.7278 0.6170 -0.2993
vn 0.1182 0.9879 -0.1008
vn -0.5452 0.8184 0.1815
vn -0.5379 0.8418 0.0439
vn 0.7972 0.4817 -0.3638
vn 0.7088 -0.5917 0.3841
vn 0.8945 -0.3983 0.2032
vn 0.3008 -0.2772 0.9125
vn 0.1936 -0.6102 0.7682
vn -0.6140 -0.1597 0.7730
vn -0.6242 -0.1593 0.7648
vn 0.8966 -0.3999 0.1904
vn -0.3514 0.0872 0.9321
vn -0.7789 -0.0711 0.6231
vn 0.3569 0.0269 0.9337
vn -0.2886 0.3519 0.8904
vn -0.7620 0.1485 0.6303
vn 0.3602 0.6265 0.6912
vn 0.8771 -0.1071 0.4681
vn 0.8771 0.1675 0.4501
vn 0.9912 -0.1288 -0.0319
vn 0.9390 -0.3429 -0.0257
vn -0.6802 -0.0668 0.7299
vn 0.2480 0.9314 0.2664
vn -0.5821 0.6676 0.4641
vn -0.5723 0.6991 0.4286
vn 0.2296 0.9504 0.2099
vn -0.7602 0.4354 0.4823
vn -0.7404 0.4962 0.4534
vn 0.8961 0.4337 -0.0942
vn 0.9718 0.1614 -0.1719
vn 0.9555 0.2278 -0.1872
vn 0.8746 0.4702 -0.1179
vn 0.9390 -0.3229 0.1184
vn 0.9562 -0.2479 -0.1558
vn 0.8406 -0.4251 0.3356
vn 0.9260 -0.3762 0.0321
vn 0.2444 -0.4744 0.8457
vn 0.2087 -0.5730 0.7925
vn 0.1703 -0.6632 0.7288
vn -0.4973 -0.2135 0.8409
vn 0.1951 -0.6067 0.7706
vn 0.8249 -0.5522 0.1210
vn -0.6593 -0.3174 0.6816
vn -0.7412 -0.1124 0.6618
vn -0.8496 0.0377 0.5262
vn -0.1986 0.5981 -0.7765
vn -0.3899 0.5916 -0.7057
vn -0.3622 0.6690 -0.6491
vn -0.1735 0.6563 -0.7343
vn -0.3637 -0.0837 -0.9278
vn -0.0179 0.5327 -0.8461
vn 0.0194 0.6084 -0.7934
vn -0.3523 0.6687 -0.6548
vn -0.3461 0.5536 -0.7575
vn -0.1713 0.6611 -0.7305
vn -0.2091 0.5720 -0.7932
vn -0.3649 -0.0954 -0.9262
vn -0.3649 -0.0954 -0.9261
vn -0.3385 -0.7340 -0.5888
vn -0.4762 -0.6841 -0.5525
vn -0.3016 -0.8431 -0.4453
vn -0.4906 -0.7945 -0.3578
vn -0.5386 -0.6991 -0.4703
vn -0.3267 -0.7757 -0.5400
vn -0.2967 -0.8537 -0.4280
vn -0.5158 -0.7885 -0.3349
vn -0.1092 -0.7670 -0.6323
vn -0.0622 -0.8600 -0.5065
vn -0.0977 -0.8566 -0.5066
vn -0.2036 -0.7270 -0.6557
vn -0.3386 -0.7333 -0.5895
vn -0.0935 0.5134 -0.8530
vn -0.2093 0.5714 -0.7935
vn -0.1713 0.6610 -0.7305
vn 0.0083 0.6115 -0.7912
vn -0.3572 -0.0292 -0.9336
vn -0.8438 0.5267 0.1026
vn -0.6565 0.7482 0.0963
vn -0.8355 0.5239 -0.1658
vn -0.9225 0.3845 -0.0353
vn -0.8919 0.3993 0.2121
vn -0.9227 0.2036 0.3274
vn -0.9885 0.0818 0.1269
vn -0.8605 0.0237 0.5089
vn -0.8821 -0.2161 0.4187
vn -0.7159 -0.2144 0.6645
vn -0.8696 0.2459 0.4281
vn -0.8333 0.4950 0.2461
vn -0.7531 -0.0172 0.6577
vn -0.8648 0.3640 0.3460
vn -0.7159 0.6924 0.0898
vn -0.5666 -0.2801 0.7749
vn -0.7524 0.0738 0.6545
vn 0.0063 0.9410 -0.3385
vn 0.2002 0.9720 0.1230
vn 0.9794 -0.2016 0.0135
vn 0.9380 0.0941 -0.3336
vn 0.8222 -0.5032 0.2660
vn 0.2120 -0.5775 0.7884
vn 0.2040 -0.5848 0.7851
vn 0.3122 -0.2281 0.9222
vn 0.1863 -0.6266 0.7567
vn 0.9576 -0.2869 0.0275
vn 0.9652 -0.0399 -0.2585
vn 0.9435 -0.2534 -0.2135
vn 0.9097 -0.1181 -0.3982
vn 0.8140 -0.5011 -0.2938
vn 0.7594 -0.2615 -0.5958
vn 0.8824 0.0767 -0.4641
vn 0.7248 0.0632 -0.6861
vn 0.8796 -0.4694 0.0776
vn 0.7275 -0.6802 0.0903
vn 0.8778 0.2588 -0.4031
vn 0.8066 0.2954 -0.5120
vn 0.6317 0.3058 -0.7123
vn 0.7425 0.5491 -0.3838
vn 0.7410 0.4853 -0.4641
vn 0.0536 0.8971 -0.4385
vn 0.1648 0.9797 -0.1143
vn 0.7855 -0.5504 0.2828
vn 0.6271 -0.7478 0.2182
vn 0.0493 -0.8621 0.5043
vn -0.5415 -0.5513 0.6347
vn -0.5588 -0.3295 0.7610
vn -0.6571 -0.4589 0.5980
vn 0.2229 -0.3101 -0.9242
vn 0.2913 -0.1592 -0.9433
vn -0.3576 -0.0341 -0.9333
vn 0.3108 -0.1117 -0.9439
vn 0.1218 -0.1163 -0.9857
vn -0.3628 -0.0759 -0.9288
vn -0.7474 0.0265 -0.6639
vn -0.8371 0.0749 -0.5420
vn -0.8376 0.0413 -0.5447
vn -0.8314 -0.0819 -0.5497
vn 0.2416 -0.8865 -0.3946
vn -0.2587 -0.9124 -0.3172
vn 0.2440 -0.8899 -0.3854
vn 0.1109 -0.8819 -0.4582
vn -0.1325 -0.8379 -0.5295
vn -0.3156 -0.8152 -0.4857
vn -0.4631 -0.7883 -0.4052
vn -0.5946 -0.7831 -0.1822
vn -0.6396 -0.7685 -0.0180
vn -0.6376 -0.7703 -0.0132
vn 0.7457 -0.4366 -0.5033
vn 0.9623 0.2292 -0.1465
vn 0.8092 -0.3795 -0.4485
vn -0.2659 -0.9083 -0.3230
vn -0.2344 -0.9460 -0.2239
vn -0.9701 -0.0972 0.2225
vn -0.2684 -0.9038 -0.3334
vn -0.9757 -0.1631 0.1463
vn 0.6612 -0.4701 -0.5847
vn 0.7978 -0.2092 -0.5654
vn 0.8770 -0.1470 -0.4574
vn 0.9157 -0.1086 -0.3868
vn 0.9156 -0.1132 -0.3858
vn 0.9143 0.3689 -0.1676
vn -0.9768 -0.2113 0.0343
vn -0.9911 0.0754 0.1098
vn -0.9596 0.1469 0.2399
vn -0.9315 0.1886 0.3112
vn -0.9340 0.1836 0.3065
vn -0.7190 0.4959 0.4869
vn -0.7959 0.4099 0.4455
vn 0.3230 0.7871 0.5255
vn 0.3280 0.7708 0.5461
vn 0.9669 0.1305 -0.2191
vn 0.3043 0.8359 0.4568
vn -0.2855 0.8147 0.5047
vn -0.6712 0.6125 0.4174
vn 0.7505 0.6507 0.1152
vn -0.4562 0.5409 0.7066
vn -0.3277 0.5890 0.7387
vn -0.6029 0.5765 0.5516
vn -0.8739 0.3260 0.3607
vn -0.8955 0.1825 0.4059
vn -0.8433 0.3445 0.4124
vn -0.9350 0.2297 0.2703
vn -0.8477 0.3230 0.4207
vn -0.9790 0.0165 0.2031
vn -0.9993 -0.0185 0.0330
vn -0.9896 -0.0025 0.1441
vn -0.9905 0.1014 -0.0929
vn -0.9465 -0.0023 0.3227
vn -0.9328 -0.0058 -0.3604
vn -0.9643 -0.0407 -0.2617
vn -0.9526 -0.1043 -0.2857
vn -0.3458 -0.7021 -0.6225
vn -0.3466 -0.7019 -0.6222
vn 0.5075 -0.2738 -0.8170
vn 0.4666 -0.3290 -0.8210
vn 0.6731 -0.1632 -0.7213
vn 0.4302 -0.2225 -0.8749
vn 0.7177 -0.2925 -0.6319
vn 0.7845 -0.3038 -0.5407
vn 0.8343 -0.2668 -0.4824
vn 0.8991 -0.0566 -0.4342
vn 0.8856 -0.2972 -0.3570
vn 0.9491 -0.1201 -0.2912
vn 0.9608 0.0536 -0.2719
vn 0.9414 0.3355 -0.0347
vn 0.9613 0.0660 -0.2674
vn 0.9097 0.3609 0.2056
vn 0.9506 0.0313 -0.3087
vn 0.8619 0.4051 0.3049
vn 0.2651 0.9097 0.3196
vn -0.1743 0.6545 -0.7357
vn -0.8299 0.5251 -0.1885
vn -0.1913 0.6148 -0.7651
vn 0.6117 0.2971 -0.7332
vn 0.2126 0.4886 -0.8462
vn 0.8923 -0.0367 -0.4499
vn 0.9057 -0.0728 -0.4175
vn 0.9085 -0.0393 -0.4160
vn 0.8201 0.1267 -0.5581
vn -0.5687 0.6121 -0.5495
vn -0.9369 0.2548 0.2392
vn -0.9354 0.2184 0.2779
vn -0.9273 0.2511 0.2775
vn -0.9112 0.4006 0.0958
vn 0.2201 -0.5432 0.8102
vn -0.8347 0.2279 0.5014
vn -0.8741 0.2829 0.3948
vn -0.9402 0.1063 0.3235
vn -0.8305 0.1749 0.5289
vn -0.9134 0.0294 0.4060
vn -0.9771 -0.1504 0.1506
vn -0.9863 -0.1638 0.0170
vn -0.3531 -0.6680 -0.6551
vn -0.3366 -0.7419 -0.5799
vn 0.6695 -0.4260 -0.6086
vn 0.7529 -0.4243 -0.5030
vn 0.9083 -0.1862 -0.3746
vn 0.9217 -0.2609 -0.2871
vn 0.6445 -0.3467 -0.6815
vn -0.3765 -0.4601 -0.8041
vn -0.9942 -0.0874 -0.0625
vn 0.9815 -0.1118 -0.1555
vn 0.9811 -0.0592 -0.1845
vn 0.9551 -0.0065 -0.2961
vn 0.8742 -0.1024 -0.4747
vn 0.6399 -0.0780 -0.7645
vn 0.5793 0.2159 -0.7860
vn -0.3382 0.0969 -0.9361
vn -0.9718 0.1770 -0.1557
vn -0.9579 0.1875 0.2173
vn -0.2301 0.5157 -0.8253
vn 0.6115 0.4098 -0.6768
vn -0.1161 0.7684 -0.6293
vn -0.8629 0.4441 -0.2413
vn -0.7627 0.6272 -0.1578
vn 0.1831 -0.6348 0.7507
vn 0.2706 -0.6602 0.7007
vn 0.1758 -0.6514 0.7381
vn 0.0815 -0.6303 0.7721
vn 0.1842 -0.6322 0.7526
vn 0.2844 0.8779 0.3853
vn 0.2735 0.8964 0.3488
vn 0.3769 0.4503 0.8094
vn 0.3770 0.4502 0.8094
vn 0.2735 0.8965 0.3485
vn 0.2932 0.8608 0.4160
vn 0.2934 0.8607 0.4161
vn 0.2932 0.8609 0.4158
vn 0.3777 0.4314 0.8193
vn 0.3782 0.3026 0.8749
vn 0.3784 0.3070 0.8733
vn 0.3783 0.3026 0.8748
vn 0.3738 0.5048 0.7781
vn 0.3777 0.4324 0.8188
vn 0.6565 -0.5734 0.4902
vn 0.8180 -0.0707 0.5709
vn 0.2036 -0.5859 0.7844
vn 0.9509 -0.2963 -0.0895
vn 0.9883 -0.1361 -0.0696
vn 0.9369 -0.1288 -0.3249
vn 0.8948 -0.4355 -0.0984
vn 0.9906 -0.0008 -0.1365
vn 0.9698 0.0780 -0.2311
vn 0.9319 0.0951 -0.3501
vn 0.9090 0.0884 -0.4073
vn 0.6655 0.6317 -0.3976
vn 0.6915 0.6807 -0.2418
vn 0.8060 0.5805 0.1158
vn 0.8532 0.3194 0.4124
vn 0.4247 -0.8218 0.3797
vn 0.0817 -0.8236 0.5613
vn -0.3062 -0.4211 0.8538
vn -0.2329 0.0955 0.9678
vn -0.8160 -0.0168 0.5778
vn -0.8195 -0.1643 0.5490
vn -0.9129 0.1639 0.3738
vn -0.7863 0.1447 0.6007
vn -0.7946 0.2817 0.5378
vn -0.8196 0.3611 0.4447
vn -0.2548 0.4947 0.8309
vn -0.3423 0.7622 0.5495
vn -0.8650 0.3793 0.3286
vn -0.8875 0.3726 0.2712
vn -0.4649 0.8636 0.1950
vn -0.5604 0.8256 0.0654
vn -0.2798 -0.7104 0.6458
vn 0.1480 0.9887 -0.0224
vn 0.0837 0.9786 -0.1882
vn 0.2985 0.8498 0.4344
vn 0.3749 0.4888 0.7877
vn 0.3504 -0.0206 0.9364
vn -0.9052 -0.3923 0.1633
vn -0.0004 -0.9869 -0.1615
vn 0.9041 -0.3942 0.1652
vn 0.9625 -0.2708 0.0146
vn 0.9030 -0.0764 0.4227
vn -0.9041 -0.0747 0.4208
vn -0.0003 0.4927 0.8702
vn -0.9659 0.0936 0.2414
vn -0.9629 -0.2694 0.0129
vn -0.9726 0.1107 0.2045
vn -0.9474 -0.3172 -0.0437
vn 0.0001 -0.9563 -0.2924
vn 0.9471 -0.3180 -0.0423
vn 0.9656 0.0919 0.2431
vn 0.9725 0.1094 0.2056
vn 0.0002 -0.9236 -0.3834
vn 0.0002 0.7516 0.6596
vn -0.2933 0.6973 -0.6540
vn -0.9623 0.2292 -0.1466
vn -0.7457 -0.4366 -0.5033
vn -0.8092 -0.3795 -0.4485
vn 0.2659 -0.9083 -0.3230
vn 0.2344 -0.9460 -0.2239
vn 0.9701 -0.0972 0.2225
vn 0.2684 -0.9038 -0.3334
vn 0.9757 -0.1631 0.1463
vn -0.6612 -0.4701 -0.5847
vn -0.7978 -0.2092 -0.5654
vn -0.8770 -0.1470 -0.4574
vn -0.9159 -0.1086 -0.3865
vn -0.9156 -0.1132 -0.3858
vn -0.9143 0.3689 -0.1676
vn 0.9768 -0.2113 0.0343
vn 0.9911 0.0754 0.1098
vn 0.9596 0.1469 0.2399
vn 0.9314 0.1886 0.3112
vn -0.7505 0.6507 0.1152
vn 0.9340 0.1836 0.3065
vn 0.7190 0.4959 0.4869
vn 0.7959 0.4099 0.4455
vn -0.3227 0.7878 0.5247
vn -0.3280 0.7708 0.5461
vn -0.9669 0.1305 -0.2191
vn -0.3043 0.8359 0.4568
vn 0.2855 0.8147 0.5047
vn 0.6712 0.6126 0.4174
vn 0.3277 0.5890 0.7387
vn 0.4562 0.5409 0.7066
vn 0.6029 0.5765 0.5516
vn 0.8739 0.3260 0.3607
vn 0.8955 0.1825 0.4059
vn 0.8433 0.3445 0.4124
vn 0.9350 0.2297 0.2703
vn 0.8477 0.3230 0.4207
vn 0.9790 0.0165 0.2031
vn 0.9993 -0.0185 0.0330
vn 0.9896 -0.0025 0.1441
vn 0.9905 0.1014 -0.0929
vn 0.9465 -0.0023 0.3227
vn 0.9328 -0.0058 -0.3604
vn 0.9643 -0.0407 -0.2617
vn 0.9526 -0.1043 -0.2857
vn 0.3458 -0.7021 -0.6225
vn 0.3466 -0.7019 -0.6222
vn -0.5075 -0.2737 -0.8170
vn -0.4666 -0.3289 -0.8210
vn -0.6731 -0.1632 -0.7213
vn -0.4302 -0.2225 -0.8749
vn -0.7177 -0.2925 -0.6319
vn -0.7845 -0.3038 -0.5407
vn -0.8343 -0.2668 -0.4824
vn -0.8991 -0.0566 -0.4342
vn -0.8856 -0.2972 -0.3570
vn -0.9491 -0.1201 -0.2912
vn -0.9608 0.0536 -0.2719
vn -0.9414 0.3355 -0.0347
vn -0.9613 0.0660 -0.2674
vn -0.9097 0.3609 0.2056
vn -0.9506 0.0313 -0.3088
vn -0.8619 0.4051 0.3049
vn -0.2651 0.9097 0.3196
vn 0.8299 0.5251 -0.1885
vn 0.1743 0.6545 -0.7357
vn 0.1913 0.6148 -0.7651
vn -0.6117 0.2971 -0.7332
vn -0.2126 0.4886 -0.8462
vn -0.8923 -0.0367 -0.4499
vn -0.9057 -0.0728 -0.4175
vn -0.9085 -0.0393 -0.4160
vn -0.8201 0.1267 -0.5581
vn 0.5687 0.6121 -0.5495
vn 0.9369 0.2548 0.2392
vn 0.9354 0.2184 0.2780
vn 0.9273 0.2511 0.2775
vn 0.9112 0.4006 0.0958
vn -0.2201 -0.5432 0.8102
vn -0.3486 -0.0314 0.9367
vn -0.6732 -0.3204 0.6664
vn -0.2861 0.1144 0.9514
vn -0.4652 -0.0834 0.8813
vn -0.0884 0.1845 0.9789
vn -0.3728 0.1846 0.9094
vn -0.6209 0.0999 0.7775
vn -0.2160 -0.0436 0.9754
vn 0.1367 -0.1921 0.9718
vn -0.4428 0.0897 0.8921
vn -0.8040 -0.0719 0.5902
vn -0.8980 0.0828 -0.4321
vn 0.2090 0.0882 0.9739
vn 0.8972 0.3668 0.2460
vn 0.8972 0.3668 0.2459
vn -0.0546 -0.1546 0.9865
vn -0.5576 -0.2338 0.7965
vn -0.3210 -0.1872 0.9284
vn -0.6916 -0.3914 -0.6071
vn -0.4939 -0.4513 -0.7433
vn -0.4677 -0.8286 -0.3078
vn -0.7919 -0.5842 -0.1777
vn -0.5345 -0.8395 -0.0975
vn -0.8118 -0.5838 0.0124
vn -0.4260 0.1906 -0.8844
vn -0.5580 0.1556 -0.8151
vn -0.8882 -0.2806 -0.3639
vn -0.9236 -0.3249 -0.2033
vn -0.8773 -0.4547 0.1534
vn -0.8289 -0.0265 -0.5588
vn -0.8845 -0.0243 -0.4658
vn -0.8508 0.4247 -0.3095
vn -0.7470 0.3070 -0.5897
vn -0.7295 0.6330 -0.2593
vn -0.5592 0.5966 -0.5756
vn -0.5319 0.4135 -0.7390
vn -0.0155 0.9362 -0.3511
vn -0.1793 0.9817 0.0635
vn 0.6093 0.7815 -0.1343
vn 0.5162 0.8300 0.2112
vn 0.7451 0.6156 -0.2567
vn 0.8308 0.5566 0.0063
vn 0.8829 0.3835 -0.2709
vn 0.8242 0.3883 -0.4123
vn -0.1743 0.9834 0.0496
vn 0.4448 0.8514 0.2778
vn 0.6916 0.6687 0.2730
vn 0.6276 0.6768 0.3848
vn 0.9384 0.2641 0.2227
vn 0.8779 -0.0399 0.4771
vn 0.9595 0.2564 0.1166
vn -0.7275 0.6660 -0.1650
vn -0.8796 0.4384 -0.1845
vn 0.9445 0.0093 0.3283
vn 0.8377 -0.3264 0.4378
vn 0.9917 -0.1251 0.0287
vn 0.7570 -0.6348 0.1548
vn 0.7288 -0.3401 0.5942
vn 0.6716 -0.6487 0.3580
vn 0.9551 -0.2220 -0.1960
vn 0.6492 -0.2132 0.7301
vn 0.4952 -0.3477 0.7961
vn 0.5208 -0.6949 0.4958
vn -0.2214 -0.5397 0.8122
vn -0.0165 -0.9060 0.4230
vn -0.7738 -0.5485 0.3168
vn -0.5037 -0.8570 0.1089
vn 0.3896 -0.2414 0.8888
vn -0.2584 -0.4310 0.8646
vn -0.7873 -0.4275 0.4443
vn 0.9739 0.2174 -0.0660
vn 0.8230 0.1911 -0.5349
vn 0.9406 0.0662 -0.3330
vn 0.9912 0.1234 -0.0484
vn 0.9539 -0.2778 -0.1140
vn 0.3709 -0.1610 -0.9146
vn 0.7085 0.1606 -0.6872
vn 0.3405 0.0837 -0.9365
vn -0.1039 0.0320 -0.9941
vn -0.4730 -0.1575 -0.8669
vn -0.2924 0.0147 -0.9562
vn -0.7103 -0.0491 -0.7021
vn -0.7086 -0.1455 -0.6904
vn -0.5308 -0.5127 -0.6748
vn -0.2819 -0.6415 -0.7134
vn 0.8363 -0.4646 -0.2911
vn 0.7468 -0.5468 -0.3784
vn 0.3452 -0.7062 -0.6182
vn -0.1394 -0.6871 -0.7131
vn 0.8507 0.2534 0.4605
vn 0.8237 -0.0973 0.5586
vn 0.8246 -0.1317 0.5502
vn 0.6364 -0.2995 0.7108
vn 0.5684 -0.4649 0.6788
vn 0.8236 0.0730 0.5625
vn 0.6835 0.6377 0.3552
vn 0.9270 0.1560 0.3412
vn 0.6442 -0.5346 0.5470
vn 0.7838 -0.4626 0.4143
vn 0.9802 0.0676 0.1859
vn 0.8232 -0.4509 0.3450
vn 0.9374 0.0067 0.3482
vn 0.8549 -0.4176 0.3076
vn 0.8833 0.0413 0.4670
vn 0.6992 0.7127 0.0556
vn 0.8141 0.3826 0.4370
vn 0.7285 0.5773 0.3688
vn 0.3920 0.2919 0.8724
vn 0.1951 -0.1202 0.9734
vn 0.5571 0.8241 0.1020
vn -0.0382 0.9537 -0.2982
vn 0.1487 0.7613 0.6311
vn -0.3230 0.7873 0.5253
vn -0.7200 0.6241 0.3034
vn 0.7289 0.6701 -0.1404
vn -0.0100 0.9313 -0.3640
vn 0.9006 -0.1665 0.4014
vn 0.8435 -0.3732 0.3863
vn 0.6984 -0.2765 0.6602
vn 0.7321 0.1392 0.6669
vn 0.0685 0.6061 0.7924
vn 0.0390 0.8810 -0.4715
vn 0.6974 0.7157 -0.0366
vn 0.6722 0.7150 0.1922
vn -0.0052 0.9271 -0.3749
vn -0.6677 0.5001 -0.5514
vn -0.6100 0.4584 -0.6464
vn -0.7273 0.4869 -0.4837
vn -0.8950 -0.2831 -0.3446
vn -0.9429 -0.2476 -0.2228
vn -0.9667 0.0997 -0.2357
vn -0.9142 0.3177 -0.2517
vn -0.6860 0.6278 -0.3677
vn -0.6951 -0.6627 -0.2786
vn -0.6877 -0.6900 -0.2256
vn -0.8372 -0.2199 -0.5007
vn -0.7016 -0.6974 -0.1461
vn -0.8568 -0.4437 -0.2626
vn -0.7502 -0.6252 -0.2152
vn -0.4353 -0.8626 -0.2576
vn -0.5724 -0.6968 0.4323
vn -0.3306 -0.8707 0.3640
vn -0.8504 -0.5208 0.0754
vn -0.9909 -0.1334 0.0161
vn -0.6799 -0.5478 0.4874
vn -0.9240 -0.1369 -0.3571
vn -0.6683 -0.7422 0.0513
vn -0.9707 -0.2108 -0.1152
vn -0.8898 0.3888 -0.2390
vn -0.7183 -0.6685 0.1929
vn -0.9730 -0.0351 -0.2283
vn -0.9221 -0.3735 -0.1007
vn -0.8323 -0.5319 0.1561
vn -0.9080 -0.4058 -0.1042
vn -0.0899 -0.8112 0.5778
vn -0.1927 -0.6124 0.7667
vn -0.0002 -0.9221 0.3869
vn 0.0644 -0.9698 0.2353
vn 0.1130 -0.9869 0.1153
vn 0.1691 -0.9850 -0.0355
vn 0.4170 -0.4136 0.8093
vn 0.1487 -0.9887 0.0206
vn 0.7113 -0.6806 0.1757
vn 0.2386 -0.7811 0.5770
vn -0.0685 -0.8427 0.5339
vn 0.3222 -0.5553 0.7667
vn 0.3178 -0.3900 0.8643
vn 0.3425 0.5534 0.7593
vn -0.8853 0.3591 0.2956
vn -0.7257 0.4805 0.4925
vn -0.7362 -0.2675 0.6216
vn -0.9209 0.0822 0.3810
vn -0.7278 0.6170 -0.2993
vn -0.6400 0.6555 -0.4009
vn -0.1182 0.9879 -0.1008
vn 0.5452 0.8184 0.1815
vn 0.5379 0.8418 0.0439
vn -0.7972 0.4817 -0.3638
vn -0.7088 -0.5917 0.3841
vn 0.6565 0.7482 0.0963
vn 0.8438 0.5267 0.1027
vn 0.8356 0.5237 -0.1658
vn 0.9225 0.3845 -0.0353
vn 0.8919 0.3994 0.2121
vn 0.9227 0.2036 0.3274
vn 0.9885 0.0818 0.1269
vn 0.8605 0.0237 0.5089
vn 0.8821 -0.2161 0.4187
vn 0.7159 -0.2144 0.6645
vn 0.8696 0.2459 0.4281
vn 0.8333 0.4950 0.2461
vn 0.7531 -0.0172 0.6577
vn 0.8648 0.3640 0.3460
vn 0.7159 0.6924 0.0898
vn 0.5666 -0.2801 0.7749
vn 0.7524 0.0738 0.6545
vn -0.0062 0.9410 -0.3385
vn -0.2002 0.9720 0.1230
vn -0.9794 -0.2016 0.0135
vn -0.9380 0.0941 -0.3336
vn -0.8222 -0.5032 0.2660
vn -0.2120 -0.5775 0.7884
vn -0.2040 -0.5848 0.7851
vn -0.3122 -0.2281 0.9222
vn -0.1863 -0.6266 0.7567
vn -0.9576 -0.2869 0.0275
vn -0.9652 -0.0399 -0.2585
vn -0.9435 -0.2533 -0.2135
vn -0.9097 -0.1181 -0.3982
vn -0.8140 -0.5011 -0.2938
vn -0.7594 -0.2615 -0.5958
vn -0.8824 0.0767 -0.4641
vn -0.7248 0.0632 -0.6861
vn -0.8796 -0.4694 0.0776
vn -0.7275 -0.6802 0.0903
vn -0.8778 0.2588 -0.4031
vn -0.8066 0.2954 -0.5120
vn -0.6317 0.3058 -0.7123
vn -0.7425 0.5491 -0.3838
vn -0.7410 0.4853 -0.4641
vn -0.0536 0.8971 -0.4385
vn -0.1648 0.9797 -0.1143
vn -0.7855 -0.5504 0.2828
vn -0.6271 -0.7478 0.2182
vn -0.0493 -0.8621 0.5043
vn 0.5415 -0.5513 0.6347
vn 0.5588 -0.3295 0.7610
vn 0.6571 -0.4590 0.5980
vn -0.2913 -0.1592 -0.9433
vn -0.2229 -0.3101 -0.9242
vn 0.3576 -0.0341 -0.9333
vn -0.3108 -0.1117 -0.9439
vn -0.1218 -0.1162 -0.9857
vn 0.3628 -0.0759 -0.9288
vn 0.7473 0.0265 -0.6639
vn 0.8371 0.0749 -0.5419
vn 0.8376 0.0413 -0.5447
vn 0.8314 -0.0819 -0.5497
vn 0.2587 -0.9124 -0.3171
vn -0.2416 -0.8865 -0.3946
vn -0.2440 -0.8899 -0.3854
vn -0.1109 -0.8819 -0.4582
vn 0.1325 -0.8379 -0.5295
vn 0.3157 -0.8152 -0.4857
vn 0.4632 -0.7883 -0.4051
vn 0.5947 -0.7831 -0.1822
vn 0.6396 -0.7685 -0.0181
vn 0.6376 -0.7703 -0.0132
vn -0.3009 -0.2772 0.9125
vn -0.8945 -0.3983 0.2032
vn -0.1936 -0.6102 0.7682
vn 0.6140 -0.1597 0.7730
vn 0.6242 -0.1593 0.7648
vn -0.8966 -0.3999 0.1904
vn 0.3514 0.0872 0.9321
vn 0.7789 -0.0711 0.6231
vn -0.3569 0.0269 0.9337
vn 0.2887 0.3519 0.8904
vn 0.7620 0.1485 0.6303
vn -0.3602 0.6265 0.6912
vn -0.8771 -0.1071 0.4681
vn -0.8771 0.1675 0.4501
vn -0.9912 -0.1288 -0.0319
vn -0.9390 -0.3429 -0.0257
vn 0.6802 -0.0668 0.7299
vn -0.2480 0.9314 0.2664
vn 0.5822 0.6676 0.4641
vn 0.5723 0.6991 0.4286
vn -0.2296 0.9504 0.2099
vn 0.7602 0.4354 0.4823
vn 0.7404 0.4962 0.4534
vn -0.8961 0.4337 -0.0942
vn -0.9718 0.1614 -0.1719
vn -0.9555 0.2278 -0.1872
vn -0.8746 0.4702 -0.1179
vn -0.9390 -0.3229 0.1184
vn -0.9562 -0.2479 -0.1558
vn -0.8406 -0.4251 0.3356
vn -0.9260 -0.3762 0.0321
vn -0.2444 -0.4744 0.8457
vn -0.2087 -0.5730 0.7925
vn -0.1704 -0.6632 0.7288
vn 0.4973 -0.2135 0.8409
vn -0.1951 -0.6067 0.7706
vn -0.8249 -0.5522 0.1210
vn 0.6593 -0.3174 0.6816
vn 0.7412 -0.1124 0.6618
vn 0.8495 0.0377 0.5262
vn 0.1986 0.5980 -0.7765
vn 0.1735 0.6563 -0.7343
vn 0.3618 0.6690 -0.6492
vn 0.3899 0.5916 -0.7057
vn 0.3637 -0.0838 -0.9277
vn 0.0179 0.5327 -0.8461
vn -0.0194 0.6084 -0.7934
vn 0.3523 0.6687 -0.6548
vn 0.3461 0.5536 -0.7575
vn 0.1713 0.6611 -0.7305
vn 0.2091 0.5720 -0.7932
vn 0.3649 -0.0954 -0.9261
vn 0.3386 -0.7340 -0.5888
vn 0.4762 -0.6841 -0.5525
vn 0.3016 -0.8431 -0.4453
vn 0.4906 -0.7945 -0.3578
vn 0.5386 -0.6991 -0.4703
vn 0.3264 -0.7757 -0.5401
vn 0.2967 -0.8537 -0.4280
vn 0.5158 -0.7885 -0.3349
vn 0.1092 -0.7669 -0.6324
vn 0.0622 -0.8600 -0.5065
vn 0.0977 -0.8566 -0.5066
vn 0.2036 -0.7270 -0.6557
vn 0.3387 -0.7333 -0.5895
vn 0.3649 -0.0953 -0.9262
vn 0.3649 -0.0954 -0.9262
vn 0.0935 0.5134 -0.8530
vn 0.2093 0.5714 -0.7935
vn 0.1713 0.6610 -0.7305
vn -0.0082 0.6115 -0.7912
vn 0.3572 -0.0292 -0.9336
vn 0.8741 0.2829 0.3948
vn 0.8347 0.2280 0.5013
vn 0.9402 0.1063 0.3235
vn 0.8305 0.1749 0.5289
vn 0.9134 0.0294 0.4060
vn 0.9771 -0.1504 0.1506
vn 0.9863 -0.1638 0.0169
vn 0.3531 -0.6680 -0.6551
vn 0.3365 -0.7419 -0.5799
vn -0.6695 -0.4260 -0.6086
vn -0.7529 -0.4243 -0.5030
vn -0.9083 -0.1862 -0.3746
vn -0.9217 -0.2609 -0.2871
vn -0.6445 -0.3468 -0.6815
vn 0.3765 -0.4601 -0.8041
vn 0.9942 -0.0874 -0.0625
vn -0.9815 -0.1118 -0.1555
vn -0.9811 -0.0592 -0.1845
vn -0.9551 -0.0065 -0.2961
vn -0.8742 -0.1024 -0.4746
vn -0.6399 -0.0780 -0.7645
vn -0.5793 0.2159 -0.7860
vn 0.3382 0.0969 -0.9361
vn 0.9718 0.1770 -0.1557
vn 0.9579 0.1875 0.2173
vn 0.2301 0.5157 -0.8253
vn -0.6115 0.4098 -0.6768
vn 0.1161 0.7684 -0.6293
vn 0.8629 0.4441 -0.2413
vn 0.7627 0.6272 -0.1577
vn -0.2706 -0.6602 0.7007
vn -0.1831 -0.6348 0.7507
vn -0.1758 -0.6514 0.7381
vn -0.0816 -0.6303 0.7720
vn -0.1842 -0.6322 0.7526
vn -0.2850 0.8778 0.3851
vn -0.3769 0.4503 0.8094
vn -0.2736 0.8964 0.3487
vn -0.3770 0.4501 0.8095
vn -0.2735 0.8965 0.3485
vn -0.2933 0.8608 0.4160
vn -0.2933 0.8607 0.4161
vn -0.2932 0.8609 0.4158
vn -0.3777 0.4314 0.8193
vn -0.3783 0.3026 0.8748
vn -0.3784 0.3070 0.8733
vn -0.3738 0.5048 0.7781
vn -0.3777 0.4324 0.8188
vn -0.8180 -0.0707 0.5709
vn -0.6565 -0.5734 0.4902
vn -0.2036 -0.5859 0.7844
vn -0.9509 -0.2963 -0.0895
vn -0.9882 -0.1361 -0.0696
vn -0.9369 -0.1287 -0.3249
vn -0.8948 -0.4355 -0.0984
vn -0.9906 -0.0008 -0.1365
vn -0.9698 0.0780 -0.2312
vn -0.9319 0.0951 -0.3501
vn -0.9090 0.0884 -0.4073
vn -0.6655 0.6317 -0.3976
vn -0.6915 0.6807 -0.2418
vn -0.8060 0.5805 0.1158
vn -0.8532 0.3194 0.4124
vn -0.4247 -0.8218 0.3797
vn -0.0817 -0.8236 0.5613
vn 0.3062 -0.4211 0.8538
vn 0.2329 0.0955 0.9678
vn 0.8160 -0.0168 0.5778
vn 0.8195 -0.1643 0.5491
vn 0.9129 0.1639 0.3738
vn 0.7863 0.1446 0.6007
vn 0.7946 0.2817 0.5378
vn 0.8196 0.3611 0.4447
vn 0.2548 0.4947 0.8309
vn 0.3423 0.7622 0.5495
vn 0.8650 0.3793 0.3286
vn 0.8875 0.3726 0.2713
vn 0.4649 0.8636 0.1950
vn 0.5604 0.8256 0.0654
vn 0.2798 -0.7104 0.6458
vn -0.1480 0.9887 -0.0224
vn -0.0837 0.9786 -0.1882
vn -0.2985 0.8498 0.4344
vn -0.3749 0.4888 0.7877
vn -0.3503 -0.0213 0.9364
vn 0.7133 0.2086 -0.6691
vn 0.9298 0.0734 -0.3607
vn 0.6037 0.2465 -0.7582
vn 0.9608 0.0331 -0.2754
vn 0.8207 0.1637 -0.5473
vn 0.8555 0.1527 -0.4948
vn 0.6423 0.3024 -0.7043
vn 0.6725 0.2761 -0.6867
vn 0.6314 0.3094 -0.7111
vn 0.9868 -0.1224 0.1064
vn 0.9856 -0.1355 0.1010
vn 0.9874 -0.1135 0.1101
vn 0.8439 -0.2632 0.4674
vn 0.7873 -0.2890 0.5447
vn 0.4836 -0.3739 0.7914
vn 0.3509 -0.3946 0.8492
vn 0.6721 -0.3124 0.6714
vn 0.6237 -0.3361 0.7058
vn 0.3963 -0.3215 0.8600
vn 0.4318 -0.3318 0.8387
vn 0.3833 -0.3198 0.8665
vn 0.8379 0.4487 0.3107
vn 0.8515 0.4271 0.3042
vn -0.9895 0.0459 -0.1373
vn -0.9911 0.0248 -0.1305
vn -0.9290 0.1085 -0.3538
vn -0.9895 0.0538 -0.1341
vn -0.9957 -0.0606 0.0702
vn -0.9870 0.0353 -0.1566
vn -0.4102 -0.4219 0.8085
vn 0.3631 -0.3900 0.8462
vn 0.3309 -0.4089 0.8505
vn 0.5048 -0.3786 0.7758
vn -0.1335 0.2798 -0.9507
vn 0.6141 0.2465 -0.7497
vn 0.5863 0.2390 -0.7740
vn 0.7299 0.1924 -0.6559
vn 0.5395 -0.8078 -0.2373
vn 0.5353 -0.8155 -0.2198
vn 0.5069 -0.8320 -0.2254
vn 0.4888 -0.8341 -0.2558
vn 0.5140 -0.8140 -0.2705
vn 0.5410 -0.8012 -0.2557
vn 0.5100 -0.8236 -0.2483
vn 0.4914 -0.8324 -0.2562
vn 0.4240 -0.8642 -0.2708
vn 0.4589 -0.8478 -0.2659
vn 0.4260 -0.8593 -0.2829
vn 0.4909 -0.8335 -0.2537
vn 0.8380 0.4486 0.3107
vn 0.8923 -0.2204 0.3939
vn 0.8938 -0.2191 0.3914
vn 0.8926 -0.2202 0.3934
vn 0.9892 -0.0752 0.1256
vn 0.7738 0.6293 0.0717
vn 0.7929 0.6087 0.0276
vn 0.7656 0.6371 0.0893
vn 0.5753 0.7246 0.3795
vn 0.6898 0.4450 0.5711
vn 0.6939 0.4265 0.5802
vn 0.7026 0.3797 0.6018
vn 0.9493 0.1248 0.2886
vn 0.9477 0.1146 0.2978
vn 0.9646 0.1551 0.2135
vn 0.9583 0.1655 0.2329
vn 0.9603 0.1722 0.2197
vn 0.9626 0.1765 0.2055
vn 0.9731 0.1851 0.1372
vn 0.9751 0.1840 0.1237
vn -0.9795 0.1412 -0.1438
vn -0.9865 0.1258 -0.1050
vn -0.9917 0.1101 -0.0659
vn -0.9917 0.1102 -0.0659
vn 0.7037 -0.3735 0.6044
vn 0.5563 -0.7433 -0.3716
vn 0.6449 -0.7154 -0.2687
vn 0.6657 -0.7061 -0.2415
vn 0.7295 -0.6680 -0.1472
vn 0.6224 -0.7726 -0.1255
vn 0.6485 -0.7496 -0.1324
vn 0.5131 -0.8528 -0.0968
vn 0.5836 0.2908 -0.7582
vn 0.3269 -0.3600 0.8738
vn 0.3269 -0.3601 0.8738
vn 0.9832 0.0095 -0.1825
vn 0.9836 0.0088 -0.1800
vn 0.9831 0.0097 -0.1830
vn 0.8745 0.0596 -0.4814
vn 0.9892 -0.0760 0.1253
vn 0.8942 0.1514 -0.4213
vn 0.9106 0.1374 -0.3897
vn 0.7545 -0.2586 0.6032
vn 0.7288 -0.2679 0.6301
vn 0.2531 -0.3536 0.9005
vn 0.5193 0.3214 -0.7919
vn 0.5192 0.3214 -0.7919
vn -0.9580 -0.2340 0.1659
vn -0.9128 -0.4052 0.0509
vn -0.9160 -0.3018 -0.2644
vn -0.9807 -0.0703 -0.1823
vn -0.9611 0.0488 0.2718
vn -0.9718 0.2275 -0.0621
vn -0.9148 0.4035 0.0171
vn -0.9167 0.2773 0.2879
vn -0.8491 0.0422 -0.5266
vn -0.8182 -0.1653 -0.5506
vn -0.8539 0.3207 -0.4099
vn -0.8313 0.4938 -0.2552
vn 0.5094 0.7688 0.3867
vn 0.6426 0.6852 0.3428
vn 0.3221 0.9422 0.0919
vn 0.2998 0.8690 0.3937
vn 0.2332 0.7168 0.6571
vn 0.6342 0.6639 0.3961
vn 0.7318 0.5855 0.3486
vn 0.3742 -0.3544 0.8569
vn 0.3571 -0.3416 0.8693
vn 0.5124 -0.3349 0.7908
vn 0.5155 -0.3300 0.7908
vn 0.5224 -0.3336 0.7848
vn 0.5224 -0.3336 0.7847
vn 0.4299 -0.3151 0.8461
vn 0.9835 0.0491 0.1742
vn 0.9885 -0.0942 0.1179
vn 0.6701 0.2941 -0.6815
vn 0.7391 0.2370 -0.6306
vn 0.6097 0.2975 -0.7347
vn 0.7366 0.2336 -0.6347
vn 0.6238 0.2786 -0.7302
vn 0.7444 0.2295 -0.6270
vn -0.9508 0.1089 -0.2899
vn -0.9454 0.1167 -0.3044
vn -0.9216 0.1465 -0.3593
vn -0.9895 0.0475 -0.1367
vn -0.9459 0.1139 -0.3039
vn -0.9895 0.0455 -0.1375
vn -0.9992 -0.0212 0.0350
vn -0.9997 -0.0150 0.0206
vn -0.9991 -0.0196 0.0373
vn -0.9941 -0.0373 0.1016
vn 0.5778 -0.7726 0.2632
vn 0.7705 -0.6362 -0.0387
vn 0.8455 -0.4887 -0.2152
vn 0.7022 -0.7063 0.0896
vn 0.6065 -0.7947 0.0257
vn 0.8990 -0.4366 -0.0327
vn 0.8749 -0.4812 -0.0543
vn 0.8047 -0.5920 0.0437
vn 0.7954 -0.5730 -0.1973
vn 0.7054 -0.4489 -0.5485
vn 0.7716 -0.5305 -0.3511
vn 0.6722 -0.6280 -0.3921
vn -0.6223 -0.4453 0.6437
vn 0.9048 -0.4141 0.0996
vn 0.9298 -0.3682 -0.0006
vn 0.9382 -0.3384 -0.0726
vn 0.9373 -0.3316 -0.1073
vn 0.9156 -0.3957 0.0713
vn -0.3781 0.1741 -0.9093
vn -0.7848 0.1965 -0.5878
vn -0.9408 -0.1620 0.2979
vn -0.9413 -0.0794 0.3282
vn -0.7836 0.2705 -0.5593
vn 0.1430 0.3145 -0.9384
vn 0.1450 0.3881 -0.9101
vn 0.9264 0.0664 -0.3705
vn 0.9292 0.1403 -0.3418
vn 0.8023 -0.2945 0.5192
vn 0.8076 -0.2123 0.5502
vn -0.1458 -0.4333 0.8894
vn -0.1439 -0.3410 0.9290
vn -0.9298 -0.0321 0.3667
vn -0.7817 0.3029 -0.5452
vn 0.1457 0.4208 -0.8954
vn 0.9287 0.1728 -0.3281
vn 0.7941 -0.1631 0.5855
vn -0.1406 -0.2491 0.9582
vn -0.1460 -0.4442 0.8840
vn -0.9308 -0.1862 0.3145
vn 0.7851 -0.3167 0.5323
vn 0.9249 0.0530 -0.3765
vn 0.1426 0.3013 -0.9428
vn -0.7838 0.1829 -0.5934
vn -0.9293 -0.1435 0.3404
vn -0.1451 -0.3918 0.9085
vn 0.7835 -0.2737 0.5579
vn 0.9280 0.0927 -0.3609
vn 0.1439 0.3411 -0.9290
vn -0.7848 0.2230 -0.5783
vn -0.9274 -0.0825 0.3649
vn -0.7830 0.2838 -0.5535
vn 0.1453 0.4019 -0.9041
vn 0.9292 0.1537 -0.3362
vn 0.7847 -0.2127 0.5822
vn -0.1436 -0.3308 0.9327
vn -0.9179 0.0044 0.3967
vn -0.7746 0.3679 -0.5144
vn 0.1463 0.4850 -0.8622
vn 0.9240 0.2387 -0.2988
vn 0.7807 -0.1247 0.6124
vn -0.1403 -0.2419 0.9601
vn -0.8044 0.1824 -0.5654
vn -0.9290 -0.1692 0.3291
vn -0.9280 -0.0960 0.3599
vn -0.8056 0.2631 -0.5308
vn 0.1425 0.2983 -0.9438
vn 0.1451 0.3917 -0.9086
vn 0.9375 0.0500 -0.3443
vn 0.9421 0.1302 -0.3089
vn 0.7823 -0.2993 0.5464
vn 0.7847 -0.2262 0.5771
vn -0.1456 -0.4175 0.8969
vn -0.1440 -0.3448 0.9276
vn -0.9260 -0.0631 0.3723
vn -0.7899 0.3216 -0.5222
vn 0.1463 0.4769 -0.8667
vn 0.9336 0.1906 -0.3034
vn 0.7844 -0.1931 0.5894
vn -0.1429 -0.3111 0.9396
vn -0.1458 -0.4301 0.8909
vn -0.9282 -0.1830 0.3240
vn 0.7806 -0.3130 0.5410
vn 0.9272 0.0443 -0.3720
vn 0.1421 0.2870 -0.9473
vn -0.7884 0.1748 -0.5898
vn -0.7829 0.2838 -0.5536
vn 0.9292 0.1536 -0.3362
vn -0.1435 -0.3307 0.9327
vn -0.9179 0.0044 0.3968
vn -0.7746 0.3678 -0.5144
vn 0.7807 -0.1247 0.6123
vn -0.1402 -0.2418 0.9601
vn -0.0231 -0.9273 -0.3735
vn -0.9892 0.0752 -0.1256
vn 0.0231 0.9273 0.3735
vn -0.1047 -0.3470 0.9320
vn 0.0476 -0.3728 0.9267
vn 0.1084 -0.3963 0.9117
vn 0.1548 -0.4118 0.8980
vn 0.0357 -0.3740 0.9267
vn 0.1320 -0.3703 0.9195
vn 0.3757 -0.3035 0.8757
vn -0.0078 -0.4335 0.9011
vn 0.2736 -0.3652 0.8898
vn 0.5447 -0.5909 0.5951
vn 0.8833 -0.4664 -0.0471
vn 0.2778 0.2910 -0.9155
vn 0.7427 -0.0889 -0.6637
vn 0.6248 0.3283 -0.7084
vn 0.3201 0.3471 -0.8815
vn 0.4100 0.3348 -0.8484
vn 0.5374 0.3035 -0.7868
vn 0.3313 0.3468 -0.8775
vn 0.3881 0.3130 -0.8668
vn 0.1844 0.3852 -0.9042
vn 0.4305 0.2875 -0.8555
vn 0.9757 -0.2072 0.0708
vn 0.9076 0.3209 0.2707
vn 0.9076 0.3209 0.2708
vn 0.9104 0.3145 0.2686
vn 0.6380 0.6755 0.3697
vn 0.6962 0.6224 0.3577
vn -0.1024 -0.9183 -0.3824
vn -0.4526 -0.8015 -0.3908
vn -0.5084 -0.7694 -0.3868
vn -0.5076 -0.7699 -0.3869
vn -0.6254 -0.6860 -0.3719
vn 0.3911 -0.4891 0.7796
vn 0.1224 -0.4610 0.8789
vn 0.2564 -0.4797 0.8391
vn 0.4460 -0.4903 0.7488
vn 0.4462 -0.4899 0.7489
vn 0.5195 0.1874 -0.8337
vn 0.3997 0.2422 -0.8841
vn 0.3996 0.2421 -0.8841
vn 0.6337 0.1262 -0.7632
vn 0.6785 0.0991 -0.7279
vn -0.9195 0.3929 0.0121
vn -0.4811 0.8377 0.2584
vn 0.9904 -0.0717 0.1183
vn 0.9903 -0.0717 0.1188
vn 0.9908 -0.0673 0.1177
vn 0.9908 -0.0669 0.1178
vn 0.9913 -0.0649 0.1142
vn 0.9917 -0.0622 0.1127
vn 0.9889 -0.0778 0.1265
vn 0.9896 -0.0576 0.1318
vn 0.9871 -0.0612 0.1481
vn 0.9811 -0.0932 0.1695
vn 0.9812 -0.0919 0.1698
vn 0.9921 -0.0573 0.1117
vn 0.9898 -0.0220 0.1410
vn 0.9966 -0.0465 0.0676
vn 0.9056 0.1248 -0.4055
vn 0.9990 -0.0374 0.0240
vn 0.9995 -0.0301 -0.0102
vn 0.7713 0.2011 -0.6038
vn 0.6682 0.2293 -0.7078
vn 0.8475 0.1809 -0.4990
vn 0.9844 0.0364 -0.1720
vn 0.9854 0.0491 -0.1628
vn 0.9761 -0.0415 -0.2132
vn 0.6910 -0.3066 0.6546
vn 0.8077 -0.2126 0.5500
vn 0.7992 -0.2291 0.5557
vn 0.6611 -0.3707 0.6524
vn 0.6075 -0.3264 0.7242
vn 0.7052 -0.4261 0.5667
vn 0.9161 -0.1694 0.3635
vn 0.8976 -0.1942 0.3957
vn 0.8938 -0.1985 0.4021
vn 0.8938 -0.1985 0.4020
vn 0.9895 -0.0452 0.1376
vn 0.9895 -0.0446 0.1378
vn 0.9893 -0.0259 0.1435
vn 0.9896 -0.0261 0.1416
vn 0.9896 -0.0260 0.1416
vn 0.8880 -0.3857 0.2503
vn 0.9771 -0.2032 0.0628
vn 0.9370 -0.3065 0.1675
vn 0.8700 -0.4090 0.2752
vn -0.9609 0.1611 -0.2252
vn -0.9204 0.1611 -0.3561
vn -0.9589 0.1655 -0.2306
vn -0.9531 0.1351 -0.2708
vn -0.9171 0.1720 -0.3596
vn -0.9622 0.1185 -0.2451
vn -0.9084 0.1720 -0.3811
vn -0.9064 0.1771 -0.3836
vn -0.9445 0.1465 -0.2939
vn -0.9924 0.0908 -0.0825
vn -0.9922 0.0689 -0.1039
vn -0.9877 0.0945 -0.1245
vn -0.9849 0.1036 -0.1386
vn -0.9883 0.0832 -0.1278
vn -0.9883 0.0828 -0.1277
vn -0.9760 0.1202 -0.1818
vn -0.8979 0.3837 0.2156
vn -0.9935 0.0622 -0.0952
vn -0.9788 0.2039 0.0186
vn -0.1445 -0.6399 0.7547
vn -0.1378 0.1052 -0.9849
vn -0.1160 0.0717 -0.9907
vn -0.1311 0.0800 -0.9881
vn 0.0159 0.1656 -0.9861
vn 0.1387 0.2076 -0.9683
vn -0.0478 -0.9769 -0.2085
vn -0.1446 -0.3666 0.9191
vn -0.5205 -0.4679 -0.7142
vn 0.9456 0.1987 0.2577
vn 0.9456 0.1986 0.2576
vn 0.9456 0.1986 0.2577
vn -0.0404 0.6843 0.7281
vn -0.8979 0.3838 0.2156
vn 0.3770 0.1299 -0.9170
vn 0.3556 0.1310 -0.9254
vn 0.3424 0.1304 -0.9305
vn 0.4013 0.1413 -0.9050
vn -0.0000 0.1147 -0.9934
vn 0.0798 -0.0073 -0.9968
vn -0.3424 0.1304 -0.9305
vn -0.3556 0.1311 -0.9254
vn -0.3770 0.1299 -0.9170
vn -0.4013 0.1413 -0.9050
vn -0.0798 -0.0073 -0.9968
vn 0.1423 -0.9875 0.0678
vn -0.0000 -0.9984 0.0560
vn 0.1821 -0.9818 -0.0547
vn 0.1545 -0.9852 -0.0747
vn -0.0000 -0.9855 0.1696
vn -0.1424 -0.9875 0.0675
vn -0.1821 -0.9818 -0.0547
vn -0.1545 -0.9852 -0.0747
vn -0.0000 -0.1720 0.9851
vn -0.0000 -0.1719 0.9851
vn 0.0933 -0.1712 0.9808
vn -0.0933 -0.1712 0.9808
vn -0.0000 -0.5567 -0.8307
vn -0.1623 -0.5493 -0.8197
vn -0.1624 -0.5493 -0.8197
vn 0.1623 -0.5493 -0.8197
vn 0.1624 -0.5493 -0.8197
vn 0.9786 -0.0326 0.2031
vn -0.9786 -0.0326 0.2031
vt 0.305647 0.935211
vt 0.313453 0.935211
vt 0.313453 0.928962
vt 0.305647 0.928962
vt 0.313453 0.921851
vt 0.305647 0.921851
vt 0.313453 0.909938
vt 0.305647 0.909938
vt 0.313453 0.902450
vt 0.305647 0.902450
vt 0.313453 0.894993
vt 0.305647 0.894993
vt 0.313453 0.882907
vt 0.305647 0.882907
vt 0.313453 0.874185
vt 0.305647 0.874185
vt 0.305647 0.867936
vt 0.313453 0.867936
vt 0.322072 0.867936
vt 0.322072 0.874185
vt 0.322072 0.882907
vt 0.322072 0.894993
vt 0.322072 0.902450
vt 0.322072 0.909938
vt 0.322072 0.921851
vt 0.322072 0.928962
vt 0.322072 0.935211
vt 0.328495 0.921851
vt 0.328495 0.882907
vt 0.300150 0.882907
vt 0.300150 0.874185
vt 0.300150 0.867936
vt 0.300150 0.894993
vt 0.300150 0.902450
vt 0.300150 0.909938
vt 0.300150 0.921851
vt 0.300150 0.928962
vt 0.300150 0.935211
vt 0.270060 0.874185
vt 0.270061 0.867936
vt 0.229337 0.874185
vt 0.229337 0.882907
vt 0.270061 0.882907
vt 0.229337 0.867936
vt 0.229337 0.894994
vt 0.270061 0.894993
vt 0.270061 0.935211
vt 0.270061 0.928962
vt 0.229337 0.935211
vt 0.229337 0.928962
vt 0.270061 0.921851
vt 0.229337 0.921851
vt 0.270061 0.909938
vt 0.229337 0.909938
vt 0.206915 0.935211
vt 0.206915 0.928962
vt 0.197750 0.935211
vt 0.197750 0.928962
vt 0.206915 0.921851
vt 0.197750 0.921851
vt 0.206915 0.909938
vt 0.197750 0.909938
vt 0.270061 0.906194
vt 0.229337 0.906194
vt 0.270061 0.902450
vt 0.229337 0.902450
vt 0.229337 0.898722
vt 0.270061 0.898722
vt 0.206915 0.906194
vt 0.206915 0.902450
vt 0.197750 0.902450
vt 0.206915 0.898722
vt 0.206915 0.894993
vt 0.206915 0.882907
vt 0.197750 0.894993
vt 0.197750 0.882907
vt 0.206915 0.874185
vt 0.197750 0.874185
vt 0.206915 0.867936
vt 0.197750 0.867936
vt 0.169625 0.913693
vt 0.169625 0.891748
vt 0.156003 0.896155
vt 0.156003 0.908696
vt 0.169626 0.927822
vt 0.156002 0.920014
vt 0.156003 0.885537
vt 0.169625 0.877022
vt 0.145221 0.902538
vt 0.192877 0.871817
vt 0.192877 0.902853
vt 0.192877 0.918765
vt 0.195461 0.902931
vt 0.195461 0.919328
vt 0.192877 0.933595
vt 0.195461 0.934237
vt 0.192877 0.886941
vt 0.195461 0.871238
vt 0.195461 0.886407
vt 0.156003 0.908695
vt 0.169626 0.891748
vt 0.156003 0.920014
vt 0.169625 0.927822
vt 0.169625 0.913693
vt 0.192877 0.918765
vt 0.195461 0.902931
vt 0.195461 0.919328
vt 0.192877 0.933595
vt 0.195461 0.934237
vt 0.192878 0.886941
vt 0.195461 0.886407
vt 0.727282 0.034899
vt 0.697948 0.014515
vt 0.698329 0.007801
vt 0.727662 0.028185
vt 0.697820 0.068069
vt 0.717186 0.061977
vt 0.735658 0.070635
vt 0.789764 0.016134
vt 0.781531 0.011750
vt 0.803754 0.051352
vt 0.448391 0.941098
vt 0.487636 0.970958
vt 0.448391 0.989565
vt 0.389313 0.989565
vt 0.389313 0.941098
vt 0.341738 0.962060
vt 0.339057 0.941098
vt 0.492629 0.941098
vt 0.686739 0.490573
vt 0.658851 0.490573
vt 0.658851 0.461646
vt 0.686739 0.461646
vt 0.720905 0.461646
vt 0.720905 0.490573
vt 0.751687 0.490573
vt 0.751687 0.461646
vt 0.651012 0.490573
vt 0.651012 0.455729
vt 0.758464 0.455729
vt 0.758464 0.490573
vt 0.686739 0.455729
vt 0.720905 0.455729
vt 0.351685 0.916426
vt 0.389313 0.891894
vt 0.448391 0.895532
vt 0.487636 0.911262
vt 0.492629 0.941098
vt 0.255096 0.376117
vt 0.228573 0.390424
vt 0.192216 0.390578
vt 0.271396 0.390956
vt 0.208169 0.380932
vt 0.255096 0.358764
vt 0.208169 0.353950
vt 0.192216 0.343190
vt 0.192216 0.366884
vt 0.223526 0.344784
vt 0.265959 0.345035
vt 0.271396 0.380478
vt 0.287420 0.384096
vt 0.271396 0.353706
vt 0.294771 0.345304
vt 0.251890 0.333548
vt 0.295318 0.326678
vt 0.259426 0.335730
vt 0.240837 0.340418
vt 0.223526 0.326678
vt 0.262944 0.326678
vt 0.192216 0.334928
vt 0.192216 0.326665
vt 0.106426 0.902092
vt 0.132967 0.888931
vt 0.132967 0.921724
vt 0.106426 0.921724
vt 0.106426 0.946046
vt 0.132967 0.956831
vt 0.076510 0.921724
vt 0.072719 0.903313
vt 0.132967 0.847179
vt 0.091111 0.867069
vt 0.094134 0.815321
vt 0.045489 0.815321
vt 0.052871 0.867069
vt 0.012657 0.861664
vt 0.021840 0.886873
vt 0.012657 0.895605
vt 0.057225 0.903618
vt 0.021840 0.921724
vt 0.132967 0.992488
vt 0.012657 0.921724
vt 0.012657 0.952727
vt 0.021840 0.958249
vt 0.057225 0.942230
vt 0.012657 0.961851
vt 0.040197 0.982223
vt 0.039003 0.992488
vt 0.086752 0.982223
vt 0.072719 0.942994
vt 0.061965 0.921724
vt 0.042331 0.809968
vt 0.097473 0.809968
vt 0.005968 0.858907
vt 0.005968 0.895606
vt 0.138207 0.843949
vt 0.138207 0.888931
vt 0.138207 0.921724
vt 0.138207 0.956810
vt 0.138207 0.998245
vt 0.005968 0.921724
vt 0.005968 0.952923
vt 0.005968 0.963551
vt 0.165482 0.996875
vt 0.173749 0.936003
vt 0.173749 0.996875
vt 0.180128 0.996875
vt 0.165482 0.936003
vt 0.157313 0.936003
vt 0.157313 0.996875
vt 0.145016 0.976831
vt 0.144929 0.950400
vt 0.180128 0.936003
vt 0.186130 0.936003
vt 0.193033 0.996875
vt 0.193033 0.954562
vt 0.036361 0.998245
vt 0.682789 0.936009
vt 0.687934 0.936709
vt 0.687923 0.939170
vt 0.685540 0.942433
vt 0.682793 0.943099
vt 0.680040 0.942465
vt 0.677614 0.939241
vt 0.677722 0.936738
vt 0.618393 0.964248
vt 0.620959 0.994202
vt 0.618393 0.991772
vt 0.608115 0.988703
vt 0.604760 0.964248
vt 0.618393 0.936953
vt 0.612324 0.936953
vt 0.626740 0.936953
vt 0.626740 0.955314
vt 0.705029 0.993741
vt 0.694623 0.993741
vt 0.694623 0.991510
vt 0.705029 0.991510
vt 0.694623 0.989703
vt 0.705029 0.989703
vt 0.694623 0.985925
vt 0.705029 0.982147
vt 0.694623 0.982147
vt 0.676343 0.978278
vt 0.673985 0.990026
vt 0.668987 0.991264
vt 0.668988 0.964248
vt 0.666174 0.994202
vt 0.684290 0.964248
vt 0.668988 0.936953
vt 0.674212 0.936953
vt 0.678982 0.988788
vt 0.661118 0.936953
vt 0.661118 0.955314
vt 0.626740 0.988377
vt 0.626740 0.996820
vt 0.661118 0.996820
vt 0.661118 0.988377
vt 0.626740 0.964248
vt 0.661118 0.964248
vt 0.705029 0.964248
vt 0.694623 0.964248
vt 0.699831 0.936953
vt 0.705029 0.936953
vt 0.694623 0.936953
vt 0.644112 0.936953
vt 0.741427 0.986649
vt 0.725611 0.986649
vt 0.721203 0.979034
vt 0.746165 0.979034
vt 0.725611 0.971292
vt 0.741427 0.971292
vt 0.725611 0.963126
vt 0.741427 0.963126
vt 0.746165 0.955530
vt 0.749107 0.971292
vt 0.749107 0.963126
vt 0.721203 0.955530
vt 0.725611 0.947914
vt 0.741427 0.947914
vt 0.725611 0.939876
vt 0.741427 0.939876
vt 0.718077 0.971292
vt 0.718077 0.963126
vt 0.801933 0.983212
vt 0.786117 0.986666
vt 0.781709 0.979051
vt 0.808658 0.975911
vt 0.786117 0.971385
vt 0.806667 0.972884
vt 0.806667 0.971385
vt 0.786117 0.963144
vt 0.806667 0.963144
vt 0.808658 0.971385
vt 0.808658 0.963144
vt 0.806667 0.961662
vt 0.781709 0.955495
vt 0.808658 0.958635
vt 0.786117 0.947880
vt 0.801933 0.951335
vt 0.786117 0.939876
vt 0.801933 0.947880
vt 0.801933 0.939876
vt 0.808658 0.947880
vt 0.808658 0.939876
vt 0.781709 0.947880
vt 0.781709 0.939876
vt 0.777312 0.939876
vt 0.777312 0.947880
vt 0.774675 0.986615
vt 0.758860 0.986615
vt 0.754451 0.979000
vt 0.779414 0.979000
vt 0.758860 0.971292
vt 0.774675 0.971292
vt 0.758860 0.963126
vt 0.774675 0.963126
vt 0.779414 0.955530
vt 0.784659 0.971292
vt 0.784659 0.963126
vt 0.754451 0.955530
vt 0.758860 0.947914
vt 0.774675 0.947914
vt 0.758860 0.939876
vt 0.774675 0.939876
vt 0.750051 0.971292
vt 0.750051 0.963126
vt 0.808658 0.975911
vt 0.750052 0.971292
vt 0.750052 0.963126
vt 0.746166 0.979034
vt 0.746166 0.955530
vt 0.983172 0.798451
vt 0.956300 0.798451
vt 0.956300 0.787285
vt 0.983172 0.787285
vt 0.983172 0.805475
vt 0.956300 0.805475
vt 0.983172 0.816503
vt 0.956300 0.816503
vt 0.983172 0.824013
vt 0.956300 0.824013
vt 0.990657 0.798451
vt 0.990657 0.805475
vt 0.947853 0.805475
vt 0.947853 0.798451
vt 0.983172 0.798451
vt 0.956300 0.798451
vt 0.956300 0.787285
vt 0.983172 0.787285
vt 0.983172 0.805475
vt 0.983172 0.816503
vt 0.983172 0.824013
vt 0.956300 0.824013
vt 0.938905 0.692801
vt 0.944133 0.687939
vt 0.948785 0.692801
vt 0.938905 0.686519
vt 0.993424 0.740509
vt 0.916230 0.684106
vt 0.916230 0.677691
vt 0.911472 0.678484
vt 0.903223 0.684106
vt 0.784691 0.778008
vt 0.890386 0.740509
vt 0.848773 0.801163
vt 0.826969 0.763008
vt 0.798490 0.801163
vt 0.921249 0.801163
vt 0.848773 0.811555
vt 0.993424 0.872142
vt 0.890386 0.872142
vt 0.938905 0.918741
vt 0.948785 0.918741
vt 0.943956 0.923070
vt 0.938905 0.924954
vt 0.916230 0.933967
vt 0.916230 0.927224
vt 0.911796 0.933596
vt 0.904538 0.927224
vt 0.784691 0.834390
vt 0.826969 0.849491
vt 0.798490 0.811555
vt 0.921249 0.811555
vt 0.921249 0.805575
vt 0.798490 0.806359
vt 0.284203 0.979290
vt 0.284203 0.996522
vt 0.277131 0.996522
vt 0.277131 0.979290
vt 0.284203 0.961751
vt 0.277131 0.961751
vt 0.284203 0.943757
vt 0.277131 0.943757
vt 0.284203 0.979290
vt 0.277131 0.979290
vt 0.208367 0.996522
vt 0.208367 0.979290
vt 0.208367 0.961751
vt 0.208367 0.943757
vt 0.208367 0.979290
vt 0.324945 0.979290
vt 0.324945 0.996522
vt 0.324945 0.961751
vt 0.324945 0.943757
vt 0.324945 0.979290
vt 0.204564 0.979290
vt 0.204564 0.996522
vt 0.204564 0.961751
vt 0.204564 0.943757
vt 0.204564 0.979290
vt 0.330483 0.986281
vt 0.344065 0.986281
vt 0.336690 0.998130
vt 0.351391 0.998130
vt 0.357502 0.986281
vt 0.351391 0.974353
vt 0.336690 0.974353
vt 0.988115 0.342673
vt 0.993709 0.342673
vt 0.993709 0.401992
vt 0.988115 0.401992
vt 0.993709 0.417002
vt 0.982521 0.401992
vt 0.988555 0.417002
vt 0.976430 0.417002
vt 0.968019 0.401992
vt 0.961913 0.417002
vt 0.968019 0.342673
vt 0.982521 0.342673
vt 0.951903 0.342673
vt 0.951903 0.406198
vt 0.932939 0.436899
vt 0.926053 0.342673
vt 0.926053 0.401992
vt 0.914287 0.342673
vt 0.914287 0.401992
vt 0.920837 0.436048
vt 0.902522 0.342673
vt 0.902522 0.401992
vt 0.910688 0.436130
vt 0.890781 0.342673
vt 0.890781 0.401992
vt 0.879039 0.342673
vt 0.879040 0.401992
vt 0.884207 0.436048
vt 0.853576 0.406198
vt 0.853576 0.342673
vt 0.837139 0.342673
vt 0.837139 0.401992
vt 0.843244 0.417002
vt 0.828936 0.417002
vt 0.822718 0.342673
vt 0.822718 0.401992
vt 0.817193 0.342673
vt 0.817193 0.401992
vt 0.872106 0.436899
vt 0.816848 0.417002
vt 0.811669 0.417002
vt 0.811669 0.401992
vt 0.811669 0.342673
vt 0.811669 0.303126
vt 0.817193 0.303126
vt 0.817193 0.260204
vt 0.811669 0.260204
vt 0.822718 0.303126
vt 0.822718 0.260204
vt 0.837139 0.303126
vt 0.837139 0.260204
vt 0.853576 0.260204
vt 0.853576 0.303126
vt 0.879040 0.303126
vt 0.879040 0.262518
vt 0.890781 0.268342
vt 0.890781 0.303126
vt 0.902522 0.303126
vt 0.896651 0.273072
vt 0.914287 0.303126
vt 0.926053 0.303126
vt 0.951903 0.303126
vt 0.951903 0.260204
vt 0.968019 0.303126
vt 0.968019 0.260204
vt 0.982521 0.260204
vt 0.982521 0.303126
vt 0.988115 0.260204
vt 0.988115 0.303126
vt 0.993709 0.260204
vt 0.993709 0.303126
vt 0.926053 0.262518
vt 0.914287 0.268342
vt 0.908384 0.273081
vt 0.902522 0.273945
vt 0.449116 0.996935
vt 0.466552 0.986321
vt 0.477761 0.986321
vt 0.477761 0.996935
vt 0.491744 0.996935
vt 0.477761 0.986321
vt 0.466552 0.986321
vt 0.487010 0.976615
vt 0.500283 0.976615
vt 0.515150 0.983268
vt 0.525757 0.996934
vt 0.500283 0.976615
vt 0.487010 0.976615
vt 0.902522 0.441690
vt 0.909620 0.446692
vt 0.902522 0.436212
vt 0.894356 0.436130
vt 0.895424 0.446692
vt 0.902522 0.453241
vt 0.544698 0.888607
vt 0.544790 0.876123
vt 0.527688 0.881340
vt 0.534474 0.890976
vt 0.554880 0.891152
vt 0.561370 0.882217
vt 0.544406 0.922467
vt 0.517861 0.902829
vt 0.511388 0.922182
vt 0.513125 0.888920
vt 0.499834 0.915286
vt 0.499834 0.945747
vt 0.517527 0.941644
vt 0.533933 0.953781
vt 0.544115 0.956326
vt 0.571286 0.903289
vt 0.577425 0.922751
vt 0.588573 0.916174
vt 0.576013 0.890694
vt 0.588573 0.946992
vt 0.570952 0.942105
vt 0.554339 0.953957
vt 0.568634 0.974652
vt 0.552519 0.963660
vt 0.543978 0.961986
vt 0.535412 0.963513
vt 0.543854 0.986596
vt 0.562250 0.986596
vt 0.553976 0.996512
vt 0.519216 0.974652
vt 0.525370 0.986596
vt 0.533712 0.996521
vt 0.543854 0.999036
vt 0.902522 0.459639
vt 0.409848 0.004251
vt 0.404849 0.007685
vt 0.311101 0.007627
vt 0.304105 0.003424
vt 0.373131 0.027190
vt 0.342194 0.028905
vt 0.236121 0.005890
vt 0.236121 0.002304
vt 0.220127 0.002304
vt 0.223706 0.005890
vt 0.249653 0.005890
vt 0.249653 0.002304
vt 0.266219 0.002304
vt 0.263956 0.005890
vt 0.236119 0.005890
vt 0.223704 0.005890
vt 0.249652 0.005890
vt 0.263955 0.005890
vt 0.081365 0.066909
vt 0.245412 0.042593
vt 0.079323 0.079732
vt 0.265564 0.018940
vt 0.279662 0.023206
vt 0.292061 0.009805
vt 0.309210 0.016232
vt 0.291126 0.034985
vt 0.326359 0.022660
vt 0.254097 0.017598
vt 0.284074 0.005591
vt 0.081506 0.062006
vt 0.079323 0.079732
vt 0.290684 0.036502
vt 0.334523 0.057163
vt 0.305073 0.093163
vt 0.077118 0.085689
vt 0.077118 0.093163
vt 0.077118 0.081087
vt 0.247046 0.044716
vt 0.064566 0.033120
vt 0.073231 0.033112
vt 0.073231 0.054406
vt 0.064566 0.049032
vt 0.073231 0.054406
vt 0.064566 0.049032
vt 0.022319 0.033159
vt 0.022319 0.067856
vt 0.006401 0.060468
vt 0.006401 0.033174
vt 0.006401 0.060468
vt 0.022319 0.067856
vt 0.077118 0.080267
vt 0.219178 0.013987
vt 0.227145 0.003290
vt 0.232785 0.008450
vt 0.232785 0.003290
vt 0.244247 0.007432
vt 0.249840 0.006343
vt 0.244247 0.003290
vt 0.255434 0.005254
vt 0.257720 0.003290
vt 0.073182 0.081087
vt 0.073182 0.085689
vt 0.073182 0.093163
vt 0.070811 0.081087
vt 0.070811 0.085689
vt 0.070811 0.093163
vt 0.506527 0.104380
vt 0.442281 0.066110
vt 0.470771 0.057731
vt 0.442281 0.004509
vt 0.442281 0.092511
vt 0.374045 0.038045
vt 0.350257 0.040089
vt 0.355066 0.043422
vt 0.437250 0.035902
vt 0.340656 0.068547
vt 0.437250 0.063515
vt 0.405124 0.023139
vt 0.437250 0.007533
vt 0.408199 0.016975
vt 0.405127 0.023151
vt 0.437250 0.035914
vt 0.374048 0.038058
vt 0.355069 0.043435
vt 0.350259 0.040102
vt 0.340659 0.068559
vt 0.437250 0.063527
vt 0.345762 0.077564
vt 0.437250 0.093163
vt 0.345718 0.088406
vt 0.339715 0.093163
vt 0.345721 0.088418
vt 0.345765 0.077576
vt 0.236346 0.012570
vt 0.222732 0.012768
vt 0.224743 0.005991
vt 0.245013 0.006773
vt 0.218443 0.018512
vt 0.246935 0.001763
vt 0.221712 0.001763
vt 0.235925 0.016298
vt 0.246935 0.008551
vt 0.267098 0.001763
vt 0.264008 0.004924
vt 0.079265 0.027520
vt 0.139913 0.029130
vt 0.079265 0.016156
vt 0.139913 0.016156
vt 0.079265 0.004792
vt 0.139913 0.003182
vt 0.155561 0.025355
vt 0.155561 0.016156
vt 0.155561 0.006956
vt 0.052164 0.024534
vt 0.052164 0.016156
vt 0.052164 0.007778
vt 0.005899 0.023437
vt 0.005899 0.016156
vt 0.005899 0.008874
vt 0.170257 0.027831
vt 0.170257 0.016156
vt 0.170257 0.004480
vt 0.209926 0.023288
vt 0.209926 0.016156
vt 0.209926 0.009023
vt 0.493048 0.048446
vt 0.493048 0.036966
vt 0.692852 0.048446
vt 0.692852 0.039316
vt 0.568863 0.033035
vt 0.615823 0.033035
vt 0.563014 0.026845
vt 0.672248 0.039316
vt 0.623656 0.021473
vt 0.624029 0.005940
vt 0.616660 0.012995
vt 0.621858 0.003771
vt 0.614490 0.010826
vt 0.489223 0.035347
vt 0.464417 0.035777
vt 0.469665 0.044317
vt 0.485057 0.044323
vt 0.518557 0.019050
vt 0.523238 0.024295
vt 0.905598 0.497973
vt 0.889877 0.498264
vt 0.899002 0.500643
vt 0.920294 0.506194
vt 0.942280 0.497294
vt 0.942281 0.506194
vt 0.964267 0.506194
vt 0.978962 0.497973
vt 0.985559 0.500643
vt 0.994683 0.498264
vt 0.942281 0.579475
vt 0.339187 0.562847
vt 0.358106 0.560943
vt 0.377026 0.566665
vt 0.377027 0.584457
vt 0.299406 0.584457
vt 0.339187 0.606068
vt 0.377026 0.602250
vt 0.377026 0.559040
vt 0.358106 0.607971
vt 0.377026 0.609875
vt 0.931843 0.651709
vt 0.934781 0.636201
vt 0.905222 0.579898
vt 0.896636 0.582869
vt 0.942280 0.646127
vt 0.942280 0.667833
vt 0.949780 0.636201
vt 0.979339 0.579898
vt 0.952717 0.651709
vt 0.987925 0.582869
vt 0.528011 0.397276
vt 0.545046 0.392055
vt 0.548640 0.397276
vt 0.496216 0.444974
vt 0.585072 0.444974
vt 0.556116 0.397276
vt 0.593518 0.444974
vt 0.620734 0.475188
vt 0.610480 0.476952
vt 0.546543 0.495415
vt 0.610480 0.495415
vt 0.551057 0.392055
vt 0.545046 0.384932
vt 0.536362 0.381553
vt 0.528958 0.392055
vt 0.529046 0.385324
vt 0.520135 0.392055
vt 0.514694 0.397276
vt 0.472762 0.444974
vt 0.638536 0.495415
vt 0.526784 0.495415
vt 0.507024 0.495415
vt 0.421920 0.462808
vt 0.389520 0.462841
vt 0.473805 0.372803
vt 0.336785 0.462656
vt 0.316405 0.372872
vt 0.379726 0.288987
vt 0.417646 0.288987
vt 0.367510 0.288987
vt 0.301478 0.372872
vt 0.514863 0.372803
vt 0.271506 0.429931
vt 0.253387 0.426814
vt 0.375209 0.278778
vt 0.387547 0.278778
vt 0.415687 0.278778
vt 0.387547 0.263588
vt 0.401994 0.257643
vt 0.415571 0.263769
vt 0.432173 0.278778
vt 0.441110 0.288987
vt 0.266796 0.462379
vt 0.221325 0.462776
vt 0.454320 0.462776
vt 0.078088 0.680874
vt 0.053341 0.680874
vt 0.078088 0.674860
vt 0.125355 0.674860
vt 0.160364 0.680874
vt 0.160364 0.675718
vt 0.181578 0.676814
vt 0.181578 0.680874
vt 0.200327 0.680874
vt 0.611379 0.255410
vt 0.643780 0.255443
vt 0.695664 0.345448
vt 0.558645 0.255595
vt 0.538265 0.345379
vt 0.601586 0.429856
vt 0.638877 0.429856
vt 0.589370 0.429856
vt 0.523338 0.345379
vt 0.493365 0.288320
vt 0.475247 0.291437
vt 0.597069 0.439474
vt 0.609407 0.439474
vt 0.637547 0.439474
vt 0.609407 0.454664
vt 0.662970 0.429856
vt 0.736723 0.346517
vt 0.654033 0.439474
vt 0.637431 0.454483
vt 0.488656 0.255873
vt 0.443185 0.255476
vt 0.623854 0.460608
vt 0.676180 0.255476
vt 0.180934 0.571628
vt 0.241485 0.575849
vt 0.210182 0.611139
vt 0.228410 0.539524
vt 0.286740 0.568531
vt 0.269406 0.578063
vt 0.285559 0.596185
vt 0.220466 0.611791
vt 0.210182 0.632853
vt 0.336676 0.649948
vt 0.156488 0.606562
vt 0.161195 0.532311
vt 0.191953 0.514520
vt 0.267251 0.462850
vt 0.164782 0.515008
vt 0.151570 0.524543
vt 0.191528 0.490561
vt 0.221142 0.462850
vt 0.336676 0.534072
vt 0.336676 0.462850
vt 0.366817 0.534072
vt 0.389827 0.462850
vt 0.389827 0.529991
vt 0.412614 0.520204
vt 0.422044 0.462850
vt 0.454261 0.462850
vt 0.474555 0.506770
vt 0.404597 0.524994
vt 0.412614 0.534072
vt 0.389827 0.534072
vt 0.389827 0.538235
vt 0.389827 0.549911
vt 0.404597 0.543664
vt 0.412614 0.543067
vt 0.404597 0.534072
vt 0.336676 0.554967
vt 0.301721 0.564462
vt 0.365002 0.671400
vt 0.336676 0.681490
vt 0.336676 0.665719
vt 0.371818 0.657936
vt 0.383253 0.681490
vt 0.359964 0.681490
vt 0.403404 0.672671
vt 0.414305 0.681490
vt 0.202006 0.643161
vt 0.181490 0.632853
vt 0.221792 0.657172
vt 0.233401 0.681490
vt 0.428025 0.587356
vt 0.434165 0.581477
vt 0.439209 0.588290
vt 0.437635 0.574664
vt 0.442616 0.577645
vt 0.486161 0.580000
vt 0.458654 0.605000
vt 0.446023 0.567000
vt 0.491173 0.567000
vt 0.486342 0.554000
vt 0.443505 0.557289
vt 0.440988 0.547579
vt 0.458653 0.529000
vt 0.438275 0.560008
vt 0.435375 0.553793
vt 0.428025 0.546500
vt 0.439262 0.567000
vt 0.531586 0.567000
vt 0.531586 0.554000
vt 0.576240 0.529000
vt 0.531586 0.580000
vt 0.576240 0.605080
vt 0.582338 0.580000
vt 0.582338 0.554000
vt 0.582338 0.573500
vt 0.582338 0.567000
vt 0.582338 0.560500
vt 0.590285 0.560552
vt 0.599913 0.556736
vt 0.603782 0.567000
vt 0.590285 0.573448
vt 0.599913 0.577264
vt 0.610971 0.577264
vt 0.610971 0.556736
vt 0.620731 0.554000
vt 0.620803 0.560552
vt 0.626715 0.567000
vt 0.627951 0.563884
vt 0.636994 0.561800
vt 0.629990 0.567000
vt 0.642182 0.567000
vt 0.636994 0.572200
vt 0.627951 0.570116
vt 0.620731 0.580000
vt 0.620803 0.573448
vt 0.153473 0.283255
vt 0.166684 0.272466
vt 0.202741 0.321191
vt 0.202741 0.272466
vt 0.271350 0.321191
vt 0.169325 0.321191
vt 0.153473 0.300983
vt 0.144229 0.272479
vt 0.139631 0.283255
vt 0.132719 0.272466
vt 0.271350 0.272466
vt 0.288161 0.295933
vt 0.288161 0.272466
vt 0.288161 0.321191
vt 0.304587 0.321191
vt 0.321746 0.299163
vt 0.407765 0.624767
vt 0.455157 0.625692
vt 0.336676 0.614954
vt 0.455157 0.681490
vt 0.516323 0.625485
vt 0.516323 0.681490
vt 0.582539 0.627473
vt 0.629561 0.681490
vt 0.300894 0.601816
vt 0.389827 0.534072
vt 0.778172 0.500110
vt 0.778173 0.534237
vt 0.705953 0.512000
vt 0.705953 0.500110
vt 0.750006 0.544000
vt 0.659322 0.544000
vt 0.633168 0.512000
vt 0.802146 0.539758
vt 0.802146 0.483316
vt 0.778172 0.483316
vt 0.556224 0.512126
vt 0.623858 0.531098
vt 0.527165 0.512174
vt 0.633168 0.544000
vt 0.520684 0.513766
vt 0.513463 0.515539
vt 0.659322 0.590000
vt 0.750006 0.590000
vt 0.633168 0.590000
vt 0.623858 0.603523
vt 0.778172 0.566197
vt 0.778172 0.594397
vt 0.663669 0.625194
vt 0.710364 0.681490
vt 0.694203 0.681490
vt 0.802146 0.588342
vt 0.529206 0.610923
vt 0.576240 0.614872
vt 0.633168 0.616905
vt 0.697463 0.616905
vt 0.764158 0.627399
vt 0.778172 0.651414
vt 0.744934 0.627399
vt 0.744934 0.651414
vt 0.866839 0.652862
vt 0.807237 0.652862
vt 0.807237 0.646709
vt 0.862286 0.646709
vt 0.807237 0.632810
vt 0.862286 0.632796
vt 0.866839 0.629452
vt 0.807237 0.622840
vt 0.862286 0.611927
vt 0.807237 0.611927
vt 0.866839 0.590722
vt 0.807318 0.588178
vt 0.778172 0.383306
vt 0.802146 0.383306
vt 0.802146 0.443414
vt 0.778172 0.443415
vt 0.718414 0.444636
vt 0.738234 0.383306
vt 0.705953 0.443414
vt 0.879228 0.578387
vt 0.871625 0.585378
vt 0.807598 0.585378
vt 0.807598 0.578387
vt 0.804822 0.538979
vt 0.803627 0.538979
vt 0.822423 0.504151
vt 0.823877 0.505532
vt 0.823045 0.572998
vt 0.824002 0.571444
vt 0.861001 0.505470
vt 0.862210 0.504420
vt 0.880174 0.538979
vt 0.882536 0.538979
vt 0.862172 0.571444
vt 0.863574 0.572998
vt 0.420469 0.221361
vt 0.448464 0.191490
vt 0.466714 0.191490
vt 0.438481 0.221654
vt 0.359201 0.208796
vt 0.373336 0.220975
vt 0.359430 0.191490
vt 0.233378 0.208405
vt 0.252337 0.191490
vt 0.181956 0.191490
vt 0.181956 0.204982
vt 0.227441 0.214011
vt 0.181956 0.225580
vt 0.195503 0.263116
vt 0.227445 0.263116
vt 0.183308 0.248335
vt 0.159253 0.248335
vt 0.145760 0.232001
vt 0.150957 0.248335
vt 0.138041 0.232001
vt 0.871625 0.656493
vt 0.879228 0.656493
vt 0.040506 0.642120
vt 0.042565 0.627801
vt 0.036272 0.642120
vt 0.036272 0.627801
vt 0.036272 0.603001
vt 0.042565 0.603001
vt 0.181578 0.683802
vt 0.160364 0.685542
vt 0.126928 0.686938
vt 0.078088 0.686787
vt 0.202741 0.271150
vt 0.271350 0.271150
vt 0.288161 0.263116
vt 0.288161 0.271150
vt 0.011150 0.673607
vt 0.016809 0.673607
vt 0.016809 0.648207
vt 0.011150 0.662153
vt 0.016809 0.640221
vt 0.011150 0.631822
vt 0.016809 0.631822
vt 0.011150 0.625037
vt 0.844919 0.680340
vt 0.833440 0.683662
vt 0.806008 0.671067
vt 0.856582 0.674289
vt 0.806008 0.685281
vt 0.806008 0.656494
vt 0.786530 0.656493
vt 0.880049 0.656330
vt 0.036272 0.665685
vt 0.038580 0.682717
vt 0.040979 0.665306
vt 0.036272 0.685086
vt 0.038451 0.655406
vt 0.038996 0.658728
vt 0.232128 0.215914
vt 0.368555 0.222557
vt 0.367869 0.260234
vt 0.232050 0.259542
vt 0.355971 0.211506
vt 0.237449 0.211107
vt 0.995331 0.478866
vt 0.995331 0.426869
vt 0.947802 0.442244
vt 0.947802 0.469548
vt 0.924424 0.480748
vt 0.921578 0.473605
vt 0.907045 0.488893
vt 0.908888 0.473605
vt 0.942603 0.480748
vt 0.940072 0.461671
vt 0.889974 0.464635
vt 0.884499 0.488894
vt 0.372397 0.263116
vt 0.778172 0.331565
vt 0.802146 0.331565
vt 0.744934 0.331565
vt 0.014157 0.592322
vt 0.004774 0.569319
vt 0.004774 0.592341
vt 0.007406 0.614851
vt 0.004774 0.614851
vt 0.014157 0.608412
vt 0.026436 0.614851
vt 0.414898 0.579794
vt 0.400872 0.567000
vt 0.423447 0.567000
vt 0.414898 0.554000
vt 0.436881 0.573387
vt 0.438075 0.567000
vt 0.436881 0.561174
vt 0.434358 0.555347
vt 0.433291 0.579774
vt 0.802146 0.651414
vt 0.853149 0.556054
vt 0.832746 0.556054
vt 0.863190 0.538979
vt 0.853042 0.521176
vt 0.832366 0.521031
vt 0.822316 0.538873
vt 0.842653 0.538979
vt 0.023088 0.580411
vt 0.032002 0.588736
vt 0.047530 0.568261
vt 0.047530 0.594037
vt 0.023088 0.580411
vt 0.012824 0.568261
vt 0.012824 0.568261
vt 0.024730 0.646005
vt 0.030661 0.621205
vt 0.024730 0.621205
vt 0.030661 0.646005
vt 0.123154 0.501658
vt 0.174887 0.464864
vt 0.151738 0.495207
vt 0.203488 0.472439
vt 0.115573 0.479100
vt 0.101363 0.504812
vt 0.095458 0.480157
vt 0.109695 0.462674
vt 0.088305 0.450683
vt 0.163480 0.429187
vt 0.080555 0.441756
vt 0.089890 0.426788
vt 0.170144 0.399056
vt 0.239546 0.397775
vt 0.141270 0.399069
vt 0.122046 0.399056
vt 0.077144 0.437797
vt 0.070051 0.429716
vt 0.078620 0.412267
vt 0.050825 0.444466
vt 0.065890 0.425277
vt 0.043073 0.434099
vt 0.054405 0.448394
vt 0.058626 0.453762
vt 0.068154 0.474182
vt 0.077682 0.494602
vt 0.082446 0.504812
vt 0.063039 0.546298
vt 0.076421 0.537122
vt 0.055294 0.564244
vt 0.053515 0.558018
vt 0.072562 0.534577
vt 0.064718 0.503494
vt 0.040880 0.558018
vt 0.027522 0.564244
vt 0.028244 0.558018
vt 0.018614 0.546298
vt 0.068510 0.503494
vt 0.062188 0.480373
vt 0.059234 0.480373
vt 0.056873 0.472411
vt 0.058630 0.466186
vt 0.040290 0.472411
vt 0.022041 0.466186
vt 0.023707 0.472411
vt 0.018652 0.480373
vt 0.021601 0.480373
vt 0.016345 0.503494
vt 0.012507 0.503494
vt 0.005094 0.537122
vt 0.016308 0.550683
vt 0.008984 0.534577
vt 0.082390 0.606567
vt 0.060760 0.583841
vt 0.093124 0.583841
vt 0.054903 0.606567
vt 0.086597 0.565275
vt 0.067646 0.568092
vt 0.081194 0.539961
vt 0.101980 0.538972
vt 0.101075 0.534625
vt 0.104092 0.549116
vt 0.082278 0.534625
vt 0.102349 0.602340
vt 0.099604 0.606567
vt 0.156483 0.606567
vt 0.116297 0.580857
vt 0.108257 0.565596
vt 0.126607 0.548251
vt 0.145568 0.571927
vt 0.145568 0.539757
vt 0.165355 0.571712
vt 0.145568 0.601189
vt 0.124190 0.537015
vt 0.151738 0.524432
vt 0.123154 0.532200
vt 0.036447 0.536779
vt 0.028535 0.520743
vt 0.040352 0.520743
vt 0.044231 0.536779
vt 0.052113 0.520743
vt 0.043330 0.494386
vt 0.037206 0.494386
vt 0.100062 0.651856
vt 0.082485 0.651856
vt 0.082485 0.639759
vt 0.100062 0.639758
vt 0.156578 0.644525
vt 0.156578 0.639758
vt 0.045089 0.161670
vt 0.067035 0.161670
vt 0.045089 0.158183
vt 0.075571 0.161670
vt 0.073458 0.141750
vt 0.047256 0.141798
vt 0.071825 0.123334
vt 0.050409 0.110053
vt 0.069340 0.110053
vt 0.120555 0.305010
vt 0.063141 0.301472
vt 0.091418 0.322240
vt 0.080260 0.113223
vt 0.083763 0.115763
vt 0.077662 0.110053
vt 0.082446 0.534625
vt 0.101219 0.519718
vt 0.161865 0.498756
vt 0.161865 0.514457
vt 0.052456 0.222595
vt 0.042053 0.256996
vt 0.063142 0.261860
vt 0.014949 0.222595
vt 0.014949 0.256996
vt 0.014949 0.301472
vt 0.030777 0.301472
vt 0.063142 0.301475
vt 0.055810 0.285392
vt 0.091427 0.238447
vt 0.063141 0.290198
vt 0.053813 0.285392
vt 0.119682 0.286403
vt 0.114489 0.224448
vt 0.005841 0.158183
vt 0.005841 0.161670
vt 0.031518 0.092752
vt 0.022620 0.097453
vt 0.005841 0.097453
vt 0.005841 0.103526
vt 0.031376 0.083824
vt 0.089980 0.399056
vt 0.034243 0.097453
vt 0.125673 0.297187
vt 0.124106 0.286999
vt 0.084040 0.112135
vt 0.081016 0.110053
vt 0.032523 0.089275
vt 0.039319 0.366681
vt 0.048657 0.322883
vt 0.002582 0.367196
vt 0.045168 0.307346
vt 0.061921 0.314321
vt 0.085031 0.367001
vt 0.060783 0.423288
vt 0.047662 0.414378
vt 0.043783 0.429894
vt 0.085229 0.370946
vt 0.039335 0.370193
vt 0.002393 0.368834
vt 0.112691 0.719552
vt 0.085890 0.719552
vt 0.065273 0.719552
vt 0.065273 0.714790
vt 0.098021 0.707899
vt 0.609658 0.754752
vt 0.618742 0.754752
vt 0.618742 0.773011
vt 0.609658 0.773011
vt 0.058868 0.692896
vt 0.058868 0.688143
vt 0.059982 0.688143
vt 0.059982 0.692896
vt 0.039148 0.692896
vt 0.039148 0.688143
vt 0.053743 0.688143
vt 0.036704 0.711235
vt 0.036704 0.733240
vt 0.052037 0.733240
vt 0.052037 0.711235
vt 0.210182 0.632853
vt 0.181490 0.632853
vt 0.099604 0.612550
vt 0.082945 0.623553
vt 0.082945 0.612550
vt 0.707408 0.740948
vt 0.552651 0.742287
vt 0.552651 0.773011
vt 0.552651 0.727229
vt 0.707408 0.727289
vt 0.489296 0.731129
vt 0.494180 0.719275
vt 0.552651 0.705485
vt 0.503256 0.705485
vt 0.672864 0.830461
vt 0.700364 0.851031
vt 0.659030 0.853041
vt 0.622541 0.847461
vt 0.602533 0.831036
vt 0.629519 0.856133
vt 0.618575 0.802806
vt 0.579261 0.820035
vt 0.552092 0.811893
vt 0.552651 0.787173
vt 0.709601 0.784845
vt 0.487902 0.803584
vt 0.489054 0.782951
vt 0.552669 0.773011
vt 0.489296 0.770103
vt 0.764748 0.816053
vt 0.739115 0.798637
vt 0.613078 0.858895
vt 0.592387 0.855320
vt 0.574460 0.866025
vt 0.568564 0.852054
vt 0.500712 0.866247
vt 0.473213 0.845040
vt 0.467271 0.871346
vt 0.483761 0.819978
vt 0.524238 0.872439
vt 0.446408 0.866991
vt 0.441416 0.874541
vt 0.465578 0.875622
vt 0.786103 0.871148
vt 0.845911 0.912650
vt 0.847600 0.918751
vt 0.763051 0.867031
vt 0.781790 0.864504
vt 0.797059 0.866238
vt 0.795497 0.864296
vt 0.844666 0.905571
vt 0.812567 0.878588
vt 0.799400 0.869151
vt 0.746024 0.860183
vt 0.744331 0.864459
vt 0.779464 0.855084
vt 0.802990 0.861276
vt 0.779266 0.845707
vt 0.963587 0.979064
vt 0.963981 0.953160
vt 0.969380 0.996824
vt 0.994062 0.980862
vt 0.967930 0.948288
vt 0.949793 0.956087
vt 0.956731 0.956087
vt 0.957082 0.979064
vt 0.957082 0.996824
vt 0.977878 0.936105
vt 0.993914 0.952985
vt 0.988184 0.918244
vt 0.992103 0.914489
vt 0.920267 0.983707
vt 0.913120 0.973619
vt 0.922606 0.973619
vt 0.913224 0.983707
vt 0.913328 0.993331
vt 0.913380 0.996647
vt 0.858069 0.996647
vt 0.857974 0.993331
vt 0.839178 0.993331
vt 0.838768 0.998447
vt 0.827733 0.994039
vt 0.839341 0.980070
vt 0.821298 0.986952
vt 0.831553 0.996439
vt 0.936172 0.980036
vt 0.941627 0.993056
vt 0.951201 0.992729
vt 0.934167 0.987944
vt 0.932371 0.978244
vt 0.930740 0.987706
vt 0.936068 0.971822
vt 0.830040 0.968431
vt 0.839341 0.973619
vt 0.823630 0.970291
vt 0.857590 0.973619
vt 0.814773 0.969783
vt 0.930728 0.973619
vt 0.922054 0.986229
vt 0.917717 0.991438
vt 0.489296 0.747536
vt 0.495424 0.738026
vt 0.808288 0.878970
vt 0.803299 0.877062
vt 0.813732 0.880382
vt 0.789854 0.903579
vt 0.759699 0.911438
vt 0.780391 0.915013
vt 0.796832 0.912251
vt 0.769845 0.887154
vt 0.735877 0.908172
vt 0.741772 0.922143
vt 0.746574 0.876152
vt 0.640526 0.901157
vt 0.668024 0.922365
vt 0.719405 0.868010
vt 0.651073 0.876096
vt 0.655214 0.859702
vt 0.691550 0.928557
vt 0.634584 0.927464
vt 0.613721 0.923108
vt 0.608362 0.930659
vt 0.632891 0.931740
vt 0.988965 0.208887
vt 0.987303 0.211616
vt 0.979456 0.212305
vt 0.979545 0.209021
vt 0.988964 0.203251
vt 0.982955 0.205508
vt 0.982955 0.193309
vt 0.975901 0.220634
vt 0.980320 0.229097
vt 0.991909 0.210815
vt 0.988430 0.214467
vt 0.991909 0.199817
vt 0.991909 0.185028
vt 0.988965 0.187785
vt 0.982445 0.239849
vt 0.995229 0.245085
vt 0.988297 0.245085
vt 0.995229 0.197985
vt 0.995229 0.182208
vt 0.981649 0.245085
vt 0.988391 0.214467
vt 0.987264 0.211616
vt 0.982955 0.205508
vt 0.982955 0.193309
vt 0.980404 0.228911
vt 0.982445 0.239915
vt 0.968002 0.064532
vt 0.973451 0.059519
vt 0.997668 0.092153
vt 0.990272 0.092153
vt 0.935647 0.023535
vt 0.939133 0.018511
vt 0.899497 0.007177
vt 0.899497 0.000749
vt 0.859756 0.018511
vt 0.863188 0.023535
vt 0.825439 0.059519
vt 0.830833 0.064532
vt 0.800101 0.092153
vt 0.808563 0.092153
vt 0.997668 0.126377
vt 0.997668 0.134771
vt 0.986972 0.149551
vt 0.997668 0.150209
vt 0.984703 0.170098
vt 0.972747 0.166621
vt 0.977619 0.196175
vt 0.968547 0.193101
vt 0.957224 0.211286
vt 0.938294 0.210170
vt 0.915899 0.246627
vt 0.899497 0.246627
vt 0.981503 0.145141
vt 0.975633 0.113575
vt 0.936438 0.180013
vt 0.912074 0.199671
vt 0.899680 0.205480
vt 0.981503 0.145141
vt 0.922780 0.179865
vt 0.933103 0.154396
vt 0.915577 0.157508
vt 0.913915 0.146051
vt 0.899497 0.164040
vt 0.899493 0.146051
vt 0.884920 0.146051
vt 0.883258 0.157508
vt 0.928379 0.141783
vt 0.926587 0.127654
vt 0.866000 0.153006
vt 0.876055 0.179865
vt 0.871049 0.142376
vt 0.872281 0.127654
vt 0.862397 0.180013
vt 0.825393 0.166352
vt 0.830288 0.193101
vt 0.860541 0.210170
vt 0.886761 0.199671
vt 0.940424 0.125318
vt 0.939079 0.109789
vt 0.953468 0.111035
vt 0.953346 0.086936
vt 0.926258 0.082616
vt 0.948985 0.124945
vt 0.923958 0.039008
vt 0.899495 0.024640
vt 0.874877 0.039008
vt 0.845522 0.086936
vt 0.823202 0.113575
vt 0.818008 0.145527
vt 0.845407 0.111035
vt 0.860053 0.109789
vt 0.858210 0.124924
vt 0.872999 0.082616
vt 0.850111 0.124095
vt 0.886113 0.055890
vt 0.899493 0.055890
vt 0.913300 0.055890
vt 0.919640 0.087017
vt 0.930426 0.108920
vt 0.899495 0.105477
vt 0.908853 0.065114
vt 0.899495 0.065114
vt 0.889996 0.065114
vt 0.879210 0.087017
vt 0.868424 0.108920
vt 0.878856 0.123919
vt 0.889288 0.138917
vt 0.899495 0.138917
vt 0.909561 0.138917
vt 0.919993 0.123919
vt 0.899500 0.142749
vt 0.911322 0.142749
vt 0.887528 0.142749
vt 0.876904 0.126045
vt 0.921933 0.126045
vt 0.866280 0.109341
vt 0.877160 0.084987
vt 0.888039 0.060632
vt 0.899490 0.060632
vt 0.911615 0.060632
vt 0.922079 0.084987
vt 0.932544 0.109341
vt 0.970666 0.161500
vt 0.976364 0.146433
vt 0.936220 0.151377
vt 0.932356 0.142812
vt 0.942402 0.129250
vt 0.950417 0.128970
vt 0.908906 0.195190
vt 0.899782 0.199082
vt 0.899782 0.184093
vt 0.890518 0.195190
vt 0.882798 0.179891
vt 0.887463 0.165306
vt 0.899497 0.169274
vt 0.916625 0.179891
vt 0.911960 0.165305
vt 0.862928 0.149112
vt 0.849398 0.130624
vt 0.856204 0.131166
vt 0.865117 0.142700
vt 0.830105 0.158827
vt 0.824713 0.147284
vt 0.912604 0.163384
vt 0.899497 0.167600
vt 0.917918 0.179891
vt 0.909619 0.196358
vt 0.899772 0.200356
vt 0.889805 0.196358
vt 0.881505 0.179891
vt 0.886819 0.163384
vt 0.950211 0.130955
vt 0.969786 0.160078
vt 0.937041 0.150288
vt 0.943361 0.131647
vt 0.933763 0.143138
vt 0.975071 0.147016
vt 0.863538 0.150085
vt 0.866229 0.142336
vt 0.828998 0.160335
vt 0.822927 0.147047
vt 0.856824 0.129396
vt 0.849214 0.129776
vt 0.086671 0.755928
vt 0.086671 0.766410
vt 0.067455 0.765395
vt 0.155118 0.760205
vt 0.086671 0.772363
vt 0.145526 0.793246
vt 0.100838 0.794699
vt 0.140094 0.811871
vt 0.170751 0.820409
vt 0.215047 0.825224
vt 0.154590 0.776249
vt 0.084041 0.782023
vt 0.061814 0.765699
vt 0.044394 0.753444
vt 0.233258 0.796548
vt 0.311985 0.805963
vt 0.187644 0.773368
vt 0.213136 0.762559
vt 0.189980 0.746987
vt 0.245846 0.749018
vt 0.277735 0.763432
vt 0.245399 0.777430
vt 0.312278 0.774036
vt 0.312251 0.763653
vt 0.312134 0.753788
vt 0.282295 0.728662
vt 0.309854 0.717000
vt 0.215806 0.705377
vt 0.232640 0.729176
vt 0.169307 0.711285
vt 0.319214 0.701092
vt 0.155186 0.739052
vt 0.155215 0.729986
vt 0.120140 0.722030
vt 0.086671 0.746800
vt 0.086671 0.734340
vt 0.217059 0.830185
vt 0.219070 0.835146
vt 0.065533 0.750122
vt 0.065533 0.743892
vt 0.369019 0.866163
vt 0.358075 0.863620
vt 0.358611 0.852110
vt 0.365078 0.873302
vt 0.355114 0.871605
vt 0.370766 0.873020
vt 0.363382 0.880197
vt 0.371560 0.879751
vt 0.344646 0.867662
vt 0.338184 0.860398
vt 0.334737 0.867483
vt 0.341450 0.872301
vt 0.353783 0.877961
vt 0.379525 0.877814
vt 0.376827 0.871889
vt 0.386026 0.873820
vt 0.381466 0.865622
vt 0.372627 0.860251
vt 0.331405 0.849160
vt 0.358014 0.849897
vt 0.335766 0.859096
vt 0.343635 0.840944
vt 0.332985 0.863709
vt 0.320362 0.856354
vt 0.286305 0.848058
vt 0.300779 0.828475
vt 0.323987 0.822100
vt 0.363345 0.820220
vt 0.360561 0.835597
vt 0.384083 0.850710
vt 0.375156 0.859226
vt 0.348700 0.799245
vt 0.426671 0.853907
vt 0.386584 0.865445
vt 0.400168 0.816868
vt 0.348660 0.787506
vt 0.349606 0.773743
vt 0.401257 0.790834
vt 0.411401 0.775209
vt 0.369493 0.763646
vt 0.475409 0.782033
vt 0.422787 0.864191
vt 0.418903 0.874476
vt 0.258141 0.833918
vt 0.252246 0.839762
vt 0.309320 0.863549
vt 0.330204 0.868321
vt 0.277836 0.854577
vt 0.246352 0.845605
vt 0.390693 0.875232
vt 0.391738 0.700432
vt 0.454508 0.696666
vt 0.391121 0.736957
vt 0.362982 0.747564
vt 0.397328 0.742785
vt 0.487458 0.693575
vt 0.508761 0.691756
vt 0.411401 0.750609
vt 0.440348 0.762921
vt 0.635435 0.882976
vt 0.585824 0.872145
vt 0.630209 0.891982
vt 0.590821 0.879175
vt 0.597834 0.894949
vt 0.605252 0.899005
vt 0.615205 0.903577
vt 0.631141 0.902897
vt 0.639773 0.872265
vt 0.583685 0.888378
vt 0.571508 0.875142
vt 0.570217 0.872017
vt 0.613538 0.904865
vt 0.629246 0.905227
vt 0.627350 0.907558
vt 0.621391 0.909559
vt 0.567522 0.872003
vt 0.569860 0.876305
vt 0.582685 0.889705
vt 0.564437 0.871988
vt 0.566628 0.877270
vt 0.580437 0.890523
vt 0.596178 0.896031
vt 0.604280 0.900269
vt 0.147737 0.328312
vt 0.128509 0.350048
vt 0.129273 0.335120
vt 0.125131 0.341999
vt 0.125384 0.365033
vt 0.123658 0.356750
vt 0.129681 0.370738
vt 0.130205 0.362366
vt 0.147737 0.348283
vt 0.131335 0.370578
vt 0.135705 0.384726
vt 0.147737 0.390872
vt 0.147737 0.376473
vt 0.147737 0.362378
vt 0.131133 0.334361
vt 0.147737 0.322069
vt 0.132695 0.327278
vt 0.147737 0.312703
vt 0.136117 0.319435
vt 0.023700 0.804855
vt 0.023700 0.785820
vt 0.017840 0.801862
vt 0.014907 0.795049
vt 0.011973 0.788237
vt 0.015614 0.777333
vt 0.018041 0.770064
vt 0.023700 0.766785
vt 0.502931 0.705485
vt 0.508761 0.691756
vt 0.552651 0.691756
vt 0.552651 0.705485
vt 0.580136 0.691756
vt 0.580166 0.705485
vt 0.979807 0.676907
vt 0.992880 0.676907
vt 0.979807 0.657163
vt 0.979807 0.689315
vt 0.992880 0.689315
vt 0.992880 0.657163
vt 0.965260 0.689315
vt 0.965260 0.657163
vt 0.965260 0.676907
vt 0.774599 0.691682
vt 0.779404 0.741836
vt 0.729677 0.725133
vt 0.796231 0.691682
vt 0.707408 0.741836
vt 0.759020 0.691682
vt 0.729479 0.714277
vt 0.707408 0.717135
vt 0.707408 0.691682
vt 0.821509 0.699863
vt 0.812780 0.741836
vt 0.818233 0.691682
vt 0.832945 0.701446
vt 0.834126 0.691682
vt 0.881386 0.947506
vt 0.867805 0.949457
vt 0.867805 0.968969
vt 0.912386 0.949088
vt 0.919794 0.968969
vt 0.908300 0.941221
vt 0.901656 0.929946
vt 0.881386 0.929946
vt 0.707408 0.753175
vt 0.779404 0.741836
vt 0.803032 0.753175
vt 0.772052 0.684866
vt 0.719281 0.684866
vt 0.719281 0.669930
vt 0.767054 0.669986
vt 0.719281 0.667114
vt 0.795197 0.679861
vt 0.785789 0.659841
vt 0.719281 0.659841
vt 0.797549 0.684866
vt 0.156754 0.153269
vt 0.233394 0.137765
vt 0.233394 0.190306
vt 0.169315 0.190374
vt 0.288875 0.190417
vt 0.288864 0.140561
vt 0.385544 0.140561
vt 0.398604 0.190425
vt 0.398604 0.139178
vt 0.385544 0.098148
vt 0.398588 0.097869
vt 0.427301 0.139178
vt 0.463654 0.190430
vt 0.329607 0.136066
vt 0.379628 0.134524
vt 0.288864 0.137600
vt 0.233394 0.134421
vt 0.144190 0.129678
vt 0.091904 0.136344
vt 0.288864 0.103357
vt 0.233394 0.106621
vt 0.291457 0.099575
vt 0.122075 0.097890
vt 0.144190 0.113781
vt 0.097222 0.106135
vt 0.329607 0.104767
vt 0.357318 0.098576
vt 0.379628 0.106017
vt 0.137096 0.216955
vt 0.165257 0.216955
vt 0.137096 0.196416
vt 0.089883 0.196416
vt 0.092714 0.216955
vt 0.065112 0.196416
vt 0.067943 0.216955
vt 0.043226 0.216955
vt 0.033260 0.201121
vt 0.036214 0.188742
vt 0.094112 0.174831
vt 0.018869 0.192640
vt 0.018869 0.174831
vt 0.006998 0.191333
vt 0.006998 0.178101
vt 0.036214 0.178616
vt 0.164955 0.197377
vt 0.115459 0.174831
vt 0.137096 0.174831
vt 0.017850 0.170501
vt 0.003433 0.176301
vt 0.031733 0.203334
vt 0.003433 0.192671
vt 0.094085 0.170501
vt 0.115459 0.170611
vt 0.130040 0.170659
vt 0.137089 0.170610
vt 0.152784 0.169520
vt 0.150585 0.174945
vt 0.162212 0.192462
vt 0.626805 0.227731
vt 0.627705 0.244944
vt 0.610449 0.227731
vt 0.626792 0.227731
vt 0.623522 0.207073
vt 0.647460 0.227731
vt 0.644707 0.244944
vt 0.647454 0.227731
vt 0.662203 0.227731
vt 0.650818 0.207073
vt 0.623524 0.207073
vt 0.652464 0.182946
vt 0.621408 0.182946
vt 0.670775 0.207073
vt 0.601718 0.207073
vt 0.621408 0.182946
vt 0.650814 0.207073
vt 0.596380 0.182946
vt 0.677165 0.182946
vt 0.024506 0.782837
vt 0.021677 0.782837
vt 0.019019 0.782837
vt 0.008378 0.792586
vt 0.024707 0.781712
vt 0.006268 0.781712
vt 0.009215 0.797187
vt 0.016083 0.809622
vt 0.024707 0.811451
vt 0.023100 0.755571
vt 0.011183 0.764064
vt 0.010035 0.766204
vt 0.010035 0.766204
vt 0.023904 0.755420
vt 0.024707 0.755269
vt 0.723547 0.078794
vt 0.700812 0.104097
vt 0.698156 0.101181
vt 0.722806 0.074782
vt 0.687134 0.114826
vt 0.689520 0.116892
vt 0.745578 0.090470
vt 0.744627 0.093384
vt 0.724509 0.102154
vt 0.727015 0.126757
vt 0.713401 0.134082
vt 0.744627 0.102371
vt 0.758557 0.123340
vt 0.759518 0.150087
vt 0.776236 0.115268
vt 0.792174 0.149363
vt 0.793517 0.145404
vt 0.779735 0.114001
vt 0.803189 0.149018
vt 0.802284 0.152714
vt 0.793527 0.145410
vt 0.792185 0.149369
vt 0.779744 0.114004
vt 0.776244 0.115271
vt 0.744627 0.093385
vt 0.745583 0.090471
vt 0.794147 0.185969
vt 0.780208 0.184691
vt 0.759526 0.150093
vt 0.764419 0.186427
vt 0.758564 0.123343
vt 0.727019 0.126760
vt 0.744627 0.102372
vt 0.780198 0.184682
vt 0.764411 0.186417
vt 0.724512 0.102156
vt 0.700799 0.104096
vt 0.723550 0.078794
vt 0.698157 0.101184
vt 0.689521 0.116896
vt 0.687135 0.114830
vt 0.722809 0.074782
vt 0.713404 0.134087
vt 0.685959 0.120105
vt 0.683909 0.117652
vt 0.682525 0.123299
vt 0.680684 0.120469
vt 0.686022 0.120095
vt 0.683909 0.117647
vt 0.705091 0.142070
vt 0.697375 0.148958
vt 0.705089 0.142064
vt 0.013663 0.721726
vt 0.013663 0.708873
vt 0.017531 0.710089
vt 0.017228 0.741006
vt 0.016514 0.698756
vt 0.023141 0.709012
vt 0.020227 0.746461
vt 0.023141 0.749218
vt 0.020227 0.746461
vt 0.019967 0.693684
vt 0.021554 0.693360
vt 0.023141 0.693036
vt 0.737815 0.158800
vt 0.721857 0.165909
vt 0.746020 0.189609
vt 0.751505 0.217055
vt 0.729975 0.191897
vt 0.735252 0.215641
vt 0.753508 0.246763
vt 0.737975 0.243305
vt 0.753484 0.269926
vt 0.735893 0.264809
vt 0.750669 0.302689
vt 0.771075 0.275043
vt 0.761040 0.306216
vt 0.772631 0.314831
vt 0.772245 0.317677
vt 0.760315 0.309155
vt 0.784173 0.316119
vt 0.797861 0.312617
vt 0.784128 0.318758
vt 0.796092 0.316260
vt 0.784135 0.318718
vt 0.769040 0.250221
vt 0.797313 0.272388
vt 0.733843 0.299078
vt 0.717016 0.295466
vt 0.731853 0.317291
vt 0.734550 0.318750
vt 0.750666 0.305822
vt 0.791380 0.248357
vt 0.765119 0.226249
vt 0.764769 0.206338
vt 0.786876 0.212678
vt 0.765109 0.226234
vt 0.769032 0.250200
vt 0.771069 0.275016
vt 0.753478 0.269907
vt 0.750684 0.302675
vt 0.761057 0.306199
vt 0.772643 0.314798
vt 0.784186 0.316049
vt 0.735888 0.264798
vt 0.737969 0.243294
vt 0.753501 0.246747
vt 0.735245 0.215630
vt 0.733850 0.299069
vt 0.717015 0.295464
vt 0.713382 0.293780
vt 0.714664 0.297201
vt 0.712545 0.296158
vt 0.731896 0.317281
vt 0.734578 0.318747
vt 0.730234 0.320804
vt 0.751497 0.217042
vt 0.729969 0.191887
vt 0.746013 0.189599
vt 0.721853 0.165901
vt 0.737809 0.158792
vt 0.705803 0.170700
vt 0.713485 0.193951
vt 0.716401 0.215434
vt 0.714550 0.237936
vt 0.712799 0.256982
vt 0.709752 0.292098
vt 0.713384 0.293782
vt 0.712543 0.296160
vt 0.710424 0.295118
vt 0.714662 0.297202
vt 0.730182 0.320812
vt 0.734048 0.322679
vt 0.750682 0.305808
vt 0.734081 0.322679
vt 0.760340 0.309143
vt 0.770890 0.317066
vt 0.764760 0.206326
vt 0.786865 0.212663
vt 0.501399 0.175872
vt 0.510014 0.176314
vt 0.504897 0.160772
vt 0.501395 0.175866
vt 0.476343 0.144421
vt 0.501581 0.182884
vt 0.484214 0.181250
vt 0.511729 0.183435
vt 0.502725 0.206391
vt 0.484244 0.190810
vt 0.511387 0.216135
vt 0.501585 0.182889
vt 0.502729 0.206397
vt 0.484248 0.190815
vt 0.484218 0.181256
vt 0.470649 0.144421
vt 0.498504 0.229910
vt 0.491478 0.219039
vt 0.462555 0.232852
vt 0.462555 0.246503
vt 0.484275 0.200369
vt 0.462555 0.212063
vt 0.491482 0.219044
vt 0.484279 0.200374
vt 0.462555 0.212069
vt 0.462555 0.232857
vt 0.462555 0.156503
vt 0.470649 0.122465
vt 0.462555 0.136023
vt 0.476343 0.120882
vt 0.470649 0.108899
vt 0.462555 0.101982
vt 0.470649 0.122460
vt 0.496019 0.138764
vt 0.462555 0.115544
vt 0.462555 0.115538
vt 0.462555 0.136018
vt 0.462555 0.156497
vt 0.562169 0.075704
vt 0.560843 0.082019
vt 0.589575 0.082019
vt 0.589575 0.075704
vt 0.549473 0.075704
vt 0.560843 0.069393
vt 0.589575 0.069393
vt 0.589575 0.088331
vt 0.558131 0.088331
vt 0.589575 0.092319
vt 0.558131 0.092319
vt 0.549537 0.092319
vt 0.549505 0.088331
vt 0.540879 0.092319
vt 0.540879 0.088331
vt 0.514284 0.092425
vt 0.514252 0.088331
vt 0.538167 0.082019
vt 0.536842 0.075704
vt 0.514252 0.075704
vt 0.514252 0.082019
vt 0.538167 0.069393
vt 0.514252 0.069393
vt 0.514252 0.063081
vt 0.540879 0.063081
vt 0.514284 0.058986
vt 0.540879 0.059092
vt 0.549505 0.063081
vt 0.549537 0.059092
vt 0.558131 0.063081
vt 0.558131 0.059092
vt 0.589575 0.059092
vt 0.589575 0.063081
vt 0.493452 0.075704
vt 0.500722 0.085859
vt 0.512295 0.075704
vt 0.500722 0.065552
vt 0.512861 0.069393
vt 0.512861 0.082019
vt 0.628862 0.065716
vt 0.628822 0.075704
vt 0.639981 0.075704
vt 0.628862 0.085695
vt 0.592160 0.075704
vt 0.591370 0.082019
vt 0.591370 0.069393
vt 0.609260 0.059968
vt 0.609260 0.091443
vt 0.531372 0.122698
vt 0.512758 0.124771
vt 0.527924 0.116115
vt 0.540796 0.104599
vt 0.545179 0.111020
vt 0.549936 0.108467
vt 0.549936 0.099073
vt 0.554488 0.111020
vt 0.558696 0.104599
vt 0.566670 0.122698
vt 0.549936 0.137348
vt 0.540767 0.132252
vt 0.558618 0.132252
vt 0.549936 0.176272
vt 0.519047 0.136800
vt 0.569194 0.157682
vt 0.549936 0.218868
vt 0.532206 0.218868
vt 0.549936 0.233543
vt 0.585337 0.150712
vt 0.567882 0.218868
vt 0.589386 0.138270
vt 0.570774 0.116115
vt 0.510692 0.141339
vt 0.504062 0.129058
vt 0.578028 0.130484
vt 0.581126 0.123281
vt 0.591478 0.130448
vt 0.014114 0.782314
vt 0.016306 0.787368
vt 0.022187 0.782314
vt 0.018498 0.792422
vt 0.020342 0.796602
vt 0.022187 0.800782
vt 0.016306 0.777512
vt 0.018498 0.772710
vt 0.020342 0.768766
vt 0.022187 0.764822
vt 0.620715 0.155445
vt 0.654301 0.155445
vt 0.621408 0.182946
vt 0.594679 0.155445
vt 0.596481 0.118043
vt 0.620712 0.155445
vt 0.606375 0.114613
vt 0.617343 0.107424
vt 0.630285 0.107171
vt 0.638317 0.130803
vt 0.648210 0.138393
vt 0.654483 0.133285
vt 0.606375 0.114613
vt 0.630285 0.107211
vt 0.638309 0.130843
vt 0.648210 0.138414
vt 0.654302 0.155445
vt 0.652464 0.182946
vt 0.679948 0.162027
vt 0.677165 0.182946
vt 0.680421 0.134429
vt 0.664735 0.123681
vt 0.654483 0.133279
vt 0.664735 0.123700
vt 0.666028 0.117928
vt 0.657702 0.111691
vt 0.648210 0.106721
vt 0.648210 0.076959
vt 0.656005 0.082373
vt 0.639189 0.106141
vt 0.641537 0.079339
vt 0.617711 0.102977
vt 0.605440 0.110619
vt 0.597399 0.113640
vt 0.617711 0.102977
vt 0.641537 0.079308
vt 0.639189 0.106176
vt 0.648210 0.106728
vt 0.657702 0.111710
vt 0.656005 0.082426
vt 0.666028 0.117939
vt 0.679717 0.128278
vt 0.655751 0.078411
vt 0.662012 0.085081
vt 0.704256 0.075286
vt 0.702615 0.079015
vt 0.697109 0.087706
vt 0.685453 0.111640
vt 0.674063 0.112386
vt 0.681238 0.115143
vt 0.024030 0.759123
vt 0.017958 0.769416
vt 0.017958 0.797701
vt 0.024030 0.806609
vt 0.017958 0.769416
vt 0.017958 0.797701
vt 0.844356 0.454598
vt 0.854148 0.457755
vt 0.844356 0.464348
vt 0.834640 0.457755
vt 0.821632 0.464348
vt 0.821632 0.478709
vt 0.839165 0.487488
vt 0.836769 0.497178
vt 0.818477 0.486940
vt 0.849734 0.487094
vt 0.852573 0.496137
vt 0.834641 0.457755
vt 0.854149 0.457755
vt 0.863470 0.464348
vt 0.859557 0.483115
vt 0.868286 0.478478
vt 0.863576 0.491360
vt 0.870296 0.486789
vt 0.877016 0.473841
vt 0.877016 0.482219
vt 0.830601 0.459076
vt 0.821935 0.453678
vt 0.812234 0.459076
vt 0.830601 0.453678
vt 0.862584 0.459076
vt 0.862584 0.453678
vt 0.870143 0.453678
vt 0.870143 0.459076
vt 0.854278 0.459076
vt 0.854279 0.453678
vt 0.846415 0.453678
vt 0.846415 0.459076
vt 0.839117 0.453678
vt 0.839117 0.459076
vt 0.881181 0.459076
vt 0.697938 0.190741
vt 0.704787 0.199680
vt 0.700587 0.187611
vt 0.695290 0.193870
vt 0.701038 0.201257
vt 0.681240 0.208805
vt 0.681091 0.189352
vt 0.702701 0.211535
vt 0.699526 0.222502
vt 0.692410 0.230284
vt 0.674987 0.235210
vt 0.675029 0.240703
vt 0.694213 0.234343
vt 0.703089 0.225127
vt 0.706806 0.211728
vt 0.681058 0.185099
vt 0.681026 0.180847
vt 0.696015 0.238402
vt 0.675071 0.246196
vt 0.706651 0.227751
vt 0.710912 0.211921
vt 0.708536 0.198103
vt 0.580019 0.705485
vt 0.707324 0.717136
vt 0.580046 0.691682
vt 0.707324 0.691682
vt 0.973484 0.646817
vt 0.994597 0.711248
vt 0.964350 0.653246
vt 0.969519 0.695569
vt 0.993973 0.632394
vt 0.981936 0.686619
vt 0.991551 0.674702
vt 0.981936 0.672727
vt 0.970410 0.681209
vt 0.970410 0.667164
vt 0.991551 0.686619
vt 0.702637 0.766022
vt 0.643066 0.766022
vt 0.643066 0.769629
vt 0.702637 0.769629
vt 0.991551 0.653658
vt 0.981936 0.653658
vt 0.643066 0.754475
vt 0.702637 0.754499
s 1
usemtl Body
f 1/1/1 2/2/2 3/3/3
f 4/4/4 1/1/1 3/3/3
f 4/4/4 3/3/3 5/5/5
f 6/6/6 4/4/4 5/5/5
f 6/6/6 5/5/5 7/7/7
f 8/8/8 6/6/6 7/7/7
f 8/8/8 7/7/7 9/9/9
f 10/10/10 8/8/8 9/9/9
f 10/10/10 9/9/9 11/11/11
f 12/12/12 10/10/10 11/11/11
f 12/12/12 11/11/11 13/13/13
f 14/14/14 12/12/12 13/13/13
f 14/14/14 13/13/13 15/15/15
f 16/16/16 14/14/14 15/15/15
f 16/16/16 15/15/15 17/17/1
f 15/15/15 18/18/2 17/17/1
f 19/19/17 18/18/2 15/15/15
f 20/20/18 19/19/17 15/15/15
f 15/15/15 13/13/13 21/21/19
f 20/20/18 15/15/15 21/21/19
f 13/13/13 11/11/11 22/22/20
f 21/21/19 13/13/13 22/22/20
f 22/22/20 11/11/11 9/9/9
f 23/23/21 22/22/20 9/9/9
f 23/23/21 9/9/9 7/7/7
f 24/24/22 23/23/21 7/7/7
f 24/24/22 7/7/7 5/5/5
f 25/25/23 24/24/22 5/5/5
f 25/25/23 5/5/5 3/3/3
f 26/26/24 25/25/23 3/3/3
f 26/26/24 3/3/3 2/2/2
f 27/27/25 26/26/24 2/2/2
f 26/26/24 28/28/26 25/25/23
f 28/28/26 24/24/22 25/25/23
f 29/23/27 24/24/22 28/28/26
f 30/29/28 22/22/20 29/23/29
f 21/21/19 30/29/28 20/20/18
f 21/21/19 22/22/20 30/29/28
f 20/20/18 30/29/28 31/19/30
f 32/27/31 28/28/26 26/26/24
f 33/30/32 34/14/33 35/16/34
f 36/31/35 33/30/32 35/16/34
f 35/16/34 37/17/36 36/31/35
f 37/17/36 38/32/37 36/31/35
f 33/30/32 39/33/38 34/14/33
f 39/33/38 40/12/39 34/14/33
f 40/12/39 39/33/38 41/34/40
f 42/10/41 40/12/39 41/34/40
f 42/10/41 41/34/40 43/35/42
f 44/8/43 42/10/41 43/35/42
f 44/8/43 43/35/42 45/36/44
f 46/6/45 44/8/43 45/36/44
f 46/6/45 45/36/44 47/37/46
f 48/4/47 46/6/45 47/37/46
f 48/4/47 47/37/46 49/38/48
f 50/1/49 48/4/47 49/38/48
f 36/31/35 38/32/37 51/39/50
f 38/32/37 52/40/51 51/39/50
f 51/39/50 52/40/51 53/41/52
f 53/41/52 54/42/53 51/39/50
f 54/42/53 55/43/54 51/39/50
f 52/40/51 56/44/55 53/41/52
f 54/42/53 57/45/56 55/43/54
f 57/45/56 58/46/57 55/43/54
f 51/39/50 55/43/54 36/31/35
f 55/43/54 33/30/32 36/31/35
f 55/43/54 58/46/57 33/30/32
f 58/46/57 39/33/38 33/30/32
f 49/38/48 47/37/46 59/47/51
f 47/37/46 60/48/58 59/47/51
f 59/47/51 60/48/58 61/49/59
f 60/48/58 62/50/60 61/49/59
f 60/48/58 63/51/61 62/50/60
f 63/51/61 64/52/62 62/50/60
f 63/51/61 65/53/63 64/52/62
f 65/53/63 66/54/64 64/52/62
f 43/35/42 65/53/63 63/51/61
f 45/36/44 43/35/42 63/51/61
f 45/36/44 63/51/61 60/48/58
f 47/37/46 45/36/44 60/48/58
f 61/49/59 62/50/60 67/55/65
f 62/50/60 68/56/66 67/55/65
f 62/50/60 64/52/62 68/56/66
f 67/55/65 68/56/66 69/57/67
f 68/56/66 70/58/68 69/57/67
f 68/56/66 71/59/69 70/58/68
f 64/52/62 71/59/69 68/56/66
f 64/52/62 66/54/64 71/59/69
f 71/59/69 72/60/70 70/58/68
f 71/59/69 73/61/71 72/60/70
f 66/54/64 73/61/71 71/59/69
f 73/61/71 74/62/72 72/60/70
f 66/54/64 65/53/63 75/63/73
f 43/35/42 75/63/73 65/53/63
f 76/64/74 66/54/64 75/63/73
f 66/54/64 76/64/74 73/61/71
f 76/64/74 75/63/73 77/65/75
f 78/66/76 76/64/74 77/65/75
f 79/67/77 78/66/76 77/65/75
f 80/68/78 79/67/77 77/65/75
f 41/34/40 80/68/78 77/65/75
f 41/34/40 77/65/75 75/63/73
f 76/64/74 78/66/76 81/69/79
f 76/64/74 81/69/79 73/61/71
f 78/66/76 82/70/80 81/69/79
f 78/66/76 79/67/77 82/70/80
f 81/69/79 82/70/80 83/71/81
f 73/61/71 81/69/79 83/71/81
f 74/62/72 73/61/71 83/71/81
f 83/71/81 82/70/80 84/72/82
f 79/67/77 84/72/82 82/70/80
f 41/34/40 39/33/38 80/68/78
f 80/68/78 58/46/57 79/67/77
f 39/33/38 58/46/57 80/68/78
f 58/46/57 57/45/56 79/67/77
f 79/67/77 57/45/56 84/72/82
f 57/45/56 85/73/83 84/72/82
f 85/73/83 57/45/56 54/42/53
f 86/74/84 85/73/83 54/42/53
f 87/75/85 85/73/83 86/74/84
f 84/72/82 85/73/83 87/75/85
f 83/71/81 84/72/82 87/75/85
f 88/76/86 87/75/85 86/74/84
f 88/76/86 86/74/84 89/77/87
f 90/78/88 88/76/86 89/77/87
f 89/77/87 91/79/65 90/78/88
f 91/79/65 92/80/89 90/78/88
f 86/74/84 54/42/53 53/41/52
f 89/77/87 86/74/84 53/41/52
f 56/44/55 91/79/65 89/77/87
f 53/41/52 56/44/55 89/77/87
f 43/35/42 41/34/40 75/63/73
f 93/81/90 94/82/91 95/83/92
f 96/84/93 93/81/90 95/83/92
f 97/85/94 93/81/90 96/84/93
f 98/86/95 97/85/94 96/84/93
f 95/83/92 94/82/91 99/87/96
f 94/82/91 100/88/97 99/87/96
f 95/83/92 101/89/98 96/84/93
f 96/84/93 101/89/98 98/86/95
f 99/87/96 101/89/98 95/83/92
f 94/82/91 102/90/99 100/88/97
f 93/81/90 103/91/100 94/82/91
f 104/92/101 103/91/100 93/81/90
f 97/85/94 104/92/101 93/81/90
f 105/93/102 103/91/100 104/92/101
f 106/94/103 105/93/102 104/92/101
f 106/94/103 104/92/101 107/95/104
f 107/95/104 104/92/101 97/85/94
f 108/96/105 106/94/103 107/95/104
f 103/91/100 109/97/106 94/82/91
f 109/97/106 103/91/100 105/93/102
f 109/97/106 102/90/99 94/82/91
f 110/98/107 102/90/99 109/97/106
f 111/99/108 110/98/107 109/97/106
f 111/99/108 109/97/106 105/93/102
f 112/87/109 101/89/110 113/83/111
f 113/83/111 101/89/110 114/100/112
f 114/100/112 115/101/113 113/83/111
f 113/83/111 115/101/113 112/87/109
f 115/101/113 116/88/114 112/87/109
f 114/100/112 101/89/110 117/102/115
f 117/102/115 118/103/97 114/100/112
f 118/103/97 119/104/116 114/100/112
f 114/100/112 119/104/116 115/101/113
f 118/103/97 120/105/117 119/104/116
f 120/105/117 121/91/118 119/104/116
f 121/91/118 115/101/113 119/104/116
f 122/106/119 121/91/118 120/105/117
f 123/107/120 122/106/119 120/105/117
f 123/107/120 120/105/117 124/108/99
f 124/108/99 120/105/117 118/103/97
f 125/109/121 123/107/120 124/108/99
f 115/101/113 126/90/104 116/88/114
f 127/110/122 115/101/113 121/91/118
f 127/110/122 121/91/118 122/106/119
f 127/110/122 126/90/104 115/101/113
f 128/98/123 126/90/104 127/110/122
f 129/111/124 128/98/123 127/110/122
f 129/111/124 127/110/122 122/106/119
f 130/1/125 131/4/126 132/3/127
f 133/2/128 130/1/125 132/3/127
f 132/3/127 131/4/126 134/5/129
f 131/4/126 135/6/130 134/5/129
f 134/5/129 135/6/130 136/7/131
f 135/6/130 137/8/132 136/7/131
f 136/7/131 137/8/132 138/9/133
f 137/8/132 139/10/134 138/9/133
f 138/9/133 139/10/134 140/11/135
f 139/10/134 141/12/136 140/11/135
f 140/11/135 141/12/136 142/13/137
f 141/12/136 143/14/138 142/13/137
f 142/13/137 143/14/138 144/15/139
f 143/14/138 145/16/140 144/15/139
f 144/15/139 145/16/140 146/17/125
f 147/18/141 144/15/139 146/17/125
f 147/18/141 148/19/142 144/15/139
f 148/19/142 149/20/143 144/15/139
f 144/15/139 149/20/143 150/21/144
f 142/13/137 144/15/139 150/21/144
f 142/13/137 150/21/144 151/22/145
f 140/11/135 142/13/137 151/22/145
f 140/11/135 151/22/145 138/9/133
f 151/22/145 152/23/146 138/9/133
f 138/9/133 152/23/146 136/7/131
f 152/23/146 153/24/147 136/7/131
f 136/7/131 153/24/147 134/5/129
f 153/24/147 154/25/148 134/5/129
f 134/5/129 154/25/148 132/3/127
f 154/25/148 155/26/149 132/3/127
f 132/3/127 155/26/149 133/2/128
f 155/26/149 156/27/150 133/2/128
f 157/28/151 155/26/149 154/25/148
f 153/24/147 157/28/151 154/25/148
f 153/24/147 158/23/152 157/28/151
f 151/22/145 159/29/153 158/23/154
f 159/29/153 150/21/144 149/20/143
f 151/22/145 150/21/144 159/29/153
f 159/29/153 149/20/143 160/19/155
f 157/28/151 161/27/156 155/26/149
f 162/30/157 163/31/158 164/16/159
f 165/14/160 162/30/157 164/16/159
f 166/17/161 164/16/159 163/31/158
f 167/32/162 166/17/161 163/31/158
f 168/33/163 162/30/157 165/14/160
f 169/12/164 168/33/163 165/14/160
f 168/33/163 169/12/164 170/34/165
f 169/12/164 171/10/166 170/34/165
f 170/34/165 171/10/166 172/35/167
f 171/10/166 173/8/168 172/35/167
f 172/35/167 173/8/168 174/36/169
f 173/8/168 175/6/170 174/36/169
f 174/36/169 175/6/170 176/37/171
f 175/6/170 177/4/172 176/37/171
f 176/37/171 177/4/172 178/38/173
f 177/4/172 179/1/174 178/38/173
f 168/33/163 180/46/175 162/30/157
f 172/35/167 174/36/169 181/51/176
f 182/53/177 172/35/167 181/51/176
f 182/53/177 181/51/176 183/52/178
f 183/52/178 181/51/176 184/50/179
f 181/51/176 185/48/180 184/50/179
f 174/36/169 176/37/171 185/48/180
f 181/51/176 174/36/169 185/48/180
f 184/50/179 185/48/180 186/49/181
f 185/48/180 187/47/182 186/49/181
f 176/37/171 178/38/173 187/47/182
f 185/48/180 176/37/171 187/47/182
f 188/54/183 182/53/177 183/52/178
f 184/50/179 186/49/181 189/55/184
f 190/56/185 184/50/179 189/55/184
f 183/52/178 184/50/179 190/56/185
f 190/56/185 189/55/184 191/57/186
f 192/58/187 190/56/185 191/57/186
f 193/59/188 190/56/185 192/58/187
f 193/59/188 183/52/178 190/56/185
f 188/54/183 183/52/178 193/59/188
f 194/60/189 193/59/188 192/58/187
f 195/61/190 193/59/188 194/60/189
f 195/61/190 188/54/183 193/59/188
f 196/62/191 195/61/190 194/60/189
f 182/53/177 188/54/183 197/63/192
f 188/54/183 198/64/193 197/63/192
f 198/64/193 188/54/183 195/61/190
f 197/63/192 198/64/193 199/65/194
f 198/64/193 200/66/195 199/65/194
f 200/66/195 201/67/196 199/65/194
f 201/67/196 202/68/197 199/65/194
f 202/68/197 170/34/165 199/65/194
f 199/65/194 170/34/165 197/63/192
f 200/66/195 198/64/193 203/69/198
f 203/69/198 198/64/193 195/61/190
f 204/70/199 200/66/195 203/69/198
f 201/67/196 200/66/195 204/70/199
f 204/70/199 203/69/198 205/71/200
f 195/61/190 196/62/191 205/71/200
f 203/69/198 195/61/190 205/71/200
f 204/70/199 205/71/200 206/72/201
f 206/72/201 201/67/196 204/70/199
f 168/33/163 170/34/165 202/68/197
f 180/46/175 202/68/197 201/67/196
f 180/46/175 168/33/163 202/68/197
f 207/45/202 180/46/175 201/67/196
f 207/45/202 201/67/196 206/72/201
f 180/46/175 207/45/202 208/43/203
f 207/45/202 209/42/204 208/43/203
f 208/43/203 209/42/204 210/39/205
f 209/42/204 211/41/206 210/39/205
f 212/40/182 210/39/205 211/41/206
f 213/44/207 212/40/182 211/41/206
f 212/40/182 167/32/162 210/39/205
f 167/32/162 163/31/158 210/39/205
f 208/43/203 210/39/205 163/31/158
f 162/30/157 208/43/203 163/31/158
f 180/46/175 208/43/203 162/30/157
f 209/42/204 214/74/208 211/41/206
f 214/74/208 215/77/209 211/41/206
f 213/44/207 211/41/206 215/77/209
f 214/74/208 216/76/210 215/77/209
f 216/76/210 217/78/211 215/77/209
f 218/79/184 215/77/209 217/78/211
f 218/79/184 213/44/207 215/77/209
f 219/80/212 218/79/184 217/78/211
f 220/75/213 216/76/210 214/74/208
f 221/73/214 220/75/213 214/74/208
f 221/73/214 214/74/208 209/42/204
f 207/45/202 221/73/214 209/42/204
f 221/73/214 207/45/202 206/72/201
f 221/73/214 206/72/201 220/75/213
f 206/72/201 205/71/200 220/75/213
f 197/63/192 172/35/167 182/53/177
f 170/34/165 172/35/167 197/63/192
f 222/81/215 223/84/216 224/83/217
f 225/82/218 222/81/215 224/83/217
f 222/81/215 226/85/219 223/84/216
f 226/85/219 227/86/220 223/84/216
f 225/82/218 224/83/217 228/87/221
f 229/88/222 225/82/218 228/87/221
f 230/89/223 224/83/217 223/84/216
f 230/89/223 223/84/216 227/86/220
f 230/89/223 228/87/221 224/83/217
f 231/90/224 225/82/218 229/88/222
f 232/91/225 222/81/215 225/82/218
f 232/91/225 233/92/226 222/81/215
f 233/92/226 226/85/219 222/81/215
f 232/91/225 234/93/227 233/92/226
f 234/93/227 235/94/228 233/92/226
f 233/92/226 235/94/228 236/95/229
f 233/92/226 236/95/229 226/85/219
f 235/94/228 237/96/230 236/95/229
f 238/97/231 232/91/225 225/82/218
f 232/91/225 238/97/231 234/93/227
f 231/90/224 238/97/231 225/82/218
f 231/90/224 239/98/232 238/97/231
f 239/98/232 240/99/233 238/97/231
f 238/97/231 240/99/233 234/93/227
f 230/89/234 241/87/235 242/83/236
f 230/89/234 242/83/236 243/100/237
f 244/101/238 243/100/237 242/83/236
f 244/101/238 242/83/236 241/87/235
f 245/88/219 244/101/238 241/87/235
f 230/89/234 243/100/237 246/102/221
f 247/103/222 246/102/221 243/100/237
f 248/104/239 247/103/222 243/100/237
f 248/104/239 243/100/237 244/101/238
f 249/105/240 247/103/222 248/104/239
f 250/91/241 249/105/240 248/104/239
f 244/101/238 250/91/241 248/104/239
f 250/91/241 251/106/242 249/105/240
f 251/106/242 252/107/243 249/105/240
f 249/105/240 252/107/243 253/108/224
f 249/105/240 253/108/224 247/103/222
f 252/107/243 254/109/244 253/108/224
f 255/90/229 244/101/238 245/88/219
f 244/101/238 256/110/245 250/91/241
f 250/91/241 256/110/245 251/106/242
f 255/90/229 256/110/245 244/101/238
f 255/90/229 257/98/246 256/110/245
f 257/98/246 258/111/247 256/110/245
f 256/110/245 258/111/247 251/106/242
f 259/112/248 260/113/249 261/114/250
f 262/115/250 259/112/248 261/114/250
f 262/115/250 261/114/250 263/112/251
f 261/114/250 264/113/252 263/112/251
f 259/112/248 265/116/253 260/113/249
f 263/112/251 264/113/252 266/116/254
f 263/112/251 266/116/254 267/117/254
f 263/112/251 267/117/254 268/118/254
f 263/112/251 268/118/254 269/119/255
f 269/119/255 270/120/256 263/112/251
f 259/112/248 271/115/257 270/120/256
f 270/120/256 271/115/257 263/112/251
f 272/119/258 259/112/248 270/120/256
f 259/112/248 272/119/258 273/118/253
f 272/119/258 274/121/253 273/118/253
f 259/112/248 273/118/253 275/117/253
f 259/112/248 275/117/253 265/116/253
f 268/118/254 276/121/254 269/119/255
f 277/119/259 278/120/260 279/119/261
f 277/119/259 279/119/261 280/121/262
f 279/119/261 281/121/262 280/121/262
f 282/117/263 283/117/263 284/116/264
f 285/116/264 282/117/263 284/116/264
f 282/117/263 286/118/265 283/117/263
f 286/118/265 287/118/266 283/117/263
f 288/121/267 287/118/266 286/118/265
f 289/121/267 288/121/267 286/118/265
f 290/113/268 291/116/269 292/114/270
f 291/116/269 293/116/271 292/114/270
f 293/116/271 294/113/272 292/114/270
f 295/112/273 296/115/274 297/114/274
f 298/113/275 295/112/273 297/114/274
f 297/114/274 296/115/274 299/112/276
f 300/113/277 297/114/274 299/112/276
f 301/116/278 295/112/273 298/113/275
f 300/113/277 299/112/276 302/116/279
f 302/116/279 299/112/276 303/117/279
f 303/117/279 299/112/276 304/118/279
f 304/118/279 299/112/276 305/119/280
f 306/120/281 305/119/280 299/112/276
f 295/112/273 307/119/282 306/120/281
f 307/119/282 295/112/273 308/118/278
f 309/121/278 307/119/282 308/118/278
f 310/115/283 295/112/273 306/120/281
f 310/115/283 306/120/281 299/112/276
f 308/118/278 295/112/273 311/117/278
f 311/117/278 295/112/273 301/116/278
f 312/121/279 304/118/279 305/119/280
f 313/120/284 314/119/285 315/119/285
f 315/119/285 314/119/285 316/121/286
f 317/121/286 315/119/285 316/121/286
f 318/117/287 319/116/288 320/116/288
f 321/117/287 318/117/287 320/116/288
f 322/118/289 318/117/287 321/117/287
f 323/118/289 322/118/289 321/117/287
f 323/118/289 324/121/290 322/118/289
f 324/121/290 325/121/290 322/118/289
f 326/116/291 327/113/292 328/114/293
f 329/116/294 326/116/291 328/114/293
f 330/113/295 329/116/294 328/114/293
f 331/112/296 332/115/297 333/114/297
f 334/113/298 331/112/296 333/114/297
f 333/114/297 332/115/297 335/112/299
f 336/113/300 333/114/297 335/112/299
f 337/116/301 331/112/296 334/113/298
f 336/113/300 335/112/299 338/116/302
f 338/116/302 335/112/299 339/117/302
f 339/117/302 335/112/299 340/118/302
f 340/118/302 335/112/299 341/119/303
f 342/120/304 341/119/303 335/112/299
f 331/112/296 343/119/305 342/120/304
f 343/119/305 331/112/296 344/118/301
f 345/121/301 343/119/305 344/118/301
f 346/115/306 331/112/296 342/120/304
f 346/115/306 342/120/304 335/112/299
f 344/118/301 331/112/296 347/117/301
f 347/117/301 331/112/296 337/116/301
f 348/121/302 340/118/302 341/119/303
f 349/120/307 350/119/308 351/119/309
f 351/119/309 350/119/308 352/121/310
f 353/121/310 351/119/309 352/121/310
f 354/117/311 355/116/312 356/116/312
f 357/117/311 354/117/311 356/116/312
f 358/118/313 354/117/311 357/117/311
f 359/118/314 358/118/313 357/117/311
f 359/118/314 360/121/315 358/118/313
f 360/121/315 361/121/315 358/118/313
f 362/116/316 363/113/317 364/114/318
f 365/116/319 362/116/316 364/114/318
f 366/113/320 365/116/319 364/114/318
f 367/122/321 368/123/322 369/124/323
f 367/122/321 369/124/323 370/125/324
f 371/126/325 367/122/321 370/125/324
f 371/126/325 370/125/324 372/127/326
f 371/126/325 372/127/326 373/128/327
f 367/122/321 374/129/328 368/123/322
f 375/130/329 376/131/330 377/132/330
f 378/133/331 375/130/329 377/132/330
f 378/133/331 379/134/332 375/130/329
f 379/134/332 380/135/333 375/130/329
f 380/135/333 379/134/332 381/136/334
f 379/134/332 382/137/334 381/136/334
f 383/131/335 384/138/335 385/139/335
f 386/132/335 383/131/335 385/139/335
f 387/140/336 388/141/337 389/136/338
f 390/137/337 387/140/336 389/136/338
f 391/133/339 392/132/340 393/139/341
f 394/142/342 391/133/339 393/139/341
f 394/142/342 395/143/343 391/133/339
f 395/143/343 396/134/344 391/133/339
f 395/143/343 397/140/345 396/134/344
f 397/140/345 398/137/346 396/134/344
f 399/126/347 400/128/348 401/144/349
f 402/145/350 399/126/347 401/144/349
f 399/126/347 402/145/350 403/146/351
f 404/122/352 399/126/347 403/146/351
f 404/122/352 403/146/351 405/147/353
f 404/122/352 405/147/353 406/148/354
f 407/139/355 408/138/355 409/131/355
f 410/132/355 407/139/355 409/131/355
f 411/132/356 412/131/356 413/130/357
f 414/133/358 411/132/356 413/130/357
f 414/133/358 413/130/357 415/135/359
f 416/134/360 414/133/358 415/135/359
f 416/134/360 415/135/359 417/137/361
f 415/135/359 418/136/361 417/137/361
f 419/136/362 420/141/362 421/140/362
f 422/137/362 419/136/362 421/140/362
f 423/137/363 424/140/364 425/143/365
f 426/134/366 423/137/363 425/143/365
f 427/133/367 426/134/366 425/143/365
f 428/142/368 427/133/367 425/143/365
f 428/142/368 429/139/369 427/133/367
f 429/139/369 430/132/370 427/133/367
f 431/123/371 432/122/372 433/124/373
f 433/124/373 432/122/372 434/125/374
f 432/122/372 435/126/375 434/125/374
f 434/125/374 435/126/375 436/127/376
f 436/127/376 435/126/375 437/128/377
f 438/129/378 432/122/372 431/123/371
f 439/130/379 440/133/380 441/132/381
f 442/131/381 439/130/379 441/132/381
f 443/134/382 440/133/380 439/130/379
f 444/135/383 443/134/382 439/130/379
f 443/134/382 444/135/383 445/136/384
f 446/137/384 443/134/382 445/136/384
f 447/131/385 448/132/385 449/139/385
f 450/138/385 447/131/385 449/139/385
f 451/140/386 452/137/387 453/136/388
f 454/141/389 451/140/386 453/136/388
f 455/133/390 456/142/391 457/139/392
f 458/132/393 455/133/390 457/139/392
f 459/143/394 456/142/391 455/133/390
f 460/134/395 459/143/394 455/133/390
f 461/140/396 459/143/394 460/134/395
f 462/137/397 461/140/396 460/134/395
f 463/128/398 464/126/399 465/144/400
f 464/126/399 466/145/401 465/144/400
f 466/145/401 464/126/399 467/146/402
f 464/126/399 468/122/403 467/146/402
f 467/146/402 468/122/403 469/147/404
f 469/147/404 468/122/403 470/148/405
f 471/139/406 472/132/406 473/131/406
f 474/138/406 471/139/406 473/131/406
f 475/132/407 476/133/408 477/130/409
f 478/131/407 475/132/407 477/130/409
f 477/130/409 476/133/408 479/135/410
f 476/133/408 480/134/411 479/135/410
f 479/135/410 480/134/411 481/137/412
f 482/136/413 479/135/410 481/137/412
f 483/136/414 484/137/414 485/140/414
f 486/141/414 483/136/414 485/140/414
f 487/137/415 488/134/416 489/143/417
f 490/140/418 487/137/415 489/143/417
f 488/134/416 491/133/419 489/143/417
f 491/133/419 492/142/420 489/143/417
f 493/139/421 492/142/420 491/133/419
f 494/132/422 493/139/421 491/133/419
f 495/149/423 496/150/424 497/151/425
f 496/150/424 495/149/423 498/152/426
f 499/153/427 495/149/423 497/151/425
f 500/154/428 495/149/423 499/153/427
f 501/155/429 500/154/428 499/153/427
f 501/155/429 502/156/430 500/154/428
f 503/157/431 501/155/429 499/153/427
f 503/157/431 499/153/427 497/151/425
f 502/156/430 501/155/429 503/157/431
f 502/156/430 504/158/432 500/154/428
f 504/158/432 505/159/433 500/154/428
f 506/160/434 498/152/426 495/149/423
f 506/160/434 507/161/435 498/152/426
f 506/160/434 508/162/436 507/161/435
f 495/149/423 500/154/428 508/162/436
f 506/160/434 495/149/423 508/162/436
f 505/159/433 508/162/436 500/154/428
f 508/162/436 509/163/437 507/161/435
f 505/159/433 509/163/437 508/162/436
f 510/164/438 511/165/439 512/166/440
f 510/164/438 512/166/440 513/167/441
f 510/164/438 513/167/441 514/158/442
f 515/168/443 510/164/438 514/158/442
f 515/168/443 516/169/444 510/164/438
f 510/164/438 516/169/444 511/165/439
f 514/158/442 517/170/445 515/168/443
f 517/170/445 518/171/446 515/168/443
f 514/158/442 519/156/447 517/170/445
f 520/172/448 521/173/449 522/174/450
f 523/175/451 520/172/448 522/174/450
f 523/175/451 522/174/450 524/176/452
f 522/174/450 525/177/453 524/176/452
f 526/178/454 523/175/451 524/176/452
f 520/172/448 523/175/451 526/178/454
f 527/179/455 520/172/448 526/178/454
f 528/180/456 521/173/449 520/172/448
f 529/181/457 528/180/456 520/172/448
f 529/181/457 520/172/448 527/179/455
f 529/181/457 530/182/458 528/180/456
f 529/181/457 531/183/459 530/182/458
f 529/181/457 532/184/460 531/183/459
f 532/184/460 529/181/457 527/179/455
f 531/183/459 532/184/460 533/185/461
f 532/184/460 534/186/462 533/185/461
f 535/187/463 533/185/461 534/186/462
f 534/186/462 532/184/460 536/188/464
f 532/184/460 527/179/455 536/188/464
f 536/188/464 537/189/465 534/186/462
f 537/189/465 535/187/463 534/186/462
f 538/190/466 524/176/452 525/177/453
f 537/189/465 539/191/467 535/187/463
f 540/192/468 539/191/467 537/189/465
f 540/192/468 537/189/465 541/193/469
f 542/194/470 541/193/469 537/189/465
f 540/192/468 541/193/469 543/195/471
f 543/195/471 541/193/469 544/196/472
f 541/193/469 542/194/470 544/196/472
f 543/195/471 544/196/472 545/197/473
f 538/190/466 545/197/473 546/198/474
f 544/196/472 546/198/474 545/197/473
f 538/190/466 546/198/474 524/176/452
f 547/199/475 524/176/452 546/198/474
f 544/196/472 542/194/470 547/199/475
f 544/196/472 547/199/475 546/198/474
f 536/188/464 548/200/476 537/189/465
f 548/200/476 542/194/470 537/189/465
f 542/194/470 548/200/476 526/178/454
f 547/199/475 542/194/470 526/178/454
f 547/199/475 526/178/454 524/176/452
f 527/179/455 526/178/454 548/200/476
f 536/188/464 527/179/455 548/200/476
f 549/201/477 550/202/478 551/182/479
f 552/183/480 549/201/477 551/182/479
f 549/201/477 552/183/480 553/203/481
f 552/183/480 554/185/482 553/203/481
f 553/203/481 554/185/482 555/187/483
f 556/204/484 553/203/481 555/187/483
f 557/180/485 551/182/479 550/202/478
f 558/205/486 557/180/485 550/202/478
f 559/173/487 557/180/485 558/205/486
f 560/206/488 559/173/487 558/205/486
f 561/174/489 559/173/487 560/206/488
f 562/207/490 561/174/489 560/206/488
f 563/177/491 561/174/489 562/207/490
f 564/208/492 563/177/491 562/207/490
f 563/177/491 564/208/492 565/190/493
f 564/208/492 566/209/493 565/190/493
f 556/204/484 555/187/483 567/210/494
f 555/187/483 568/191/495 567/210/494
f 567/210/494 568/191/495 569/192/496
f 570/211/497 567/210/494 569/192/496
f 570/211/497 569/192/496 571/195/498
f 572/212/498 570/211/497 571/195/498
f 573/213/499 574/214/500 575/215/501
f 575/215/501 574/214/500 576/216/502
f 573/213/499 577/217/503 574/214/500
f 573/213/499 578/218/504 577/217/503
f 573/213/499 579/219/505 578/218/504
f 579/219/505 580/220/506 578/218/504
f 580/220/506 581/221/507 578/218/504
f 574/214/500 582/222/508 576/216/502
f 582/222/508 583/223/509 576/216/502
f 576/216/502 583/223/509 584/224/510
f 583/223/509 585/225/510 584/224/510
f 586/226/511 587/212/512 588/195/513
f 589/197/514 586/226/511 588/195/513
f 589/197/514 590/190/515 586/226/511
f 590/190/515 591/209/515 586/226/511
f 592/227/516 593/228/516 594/229/516
f 592/227/516 594/229/516 595/230/516
f 592/227/516 595/230/516 596/231/516
f 592/227/516 596/231/516 597/232/516
f 598/233/516 592/227/516 597/232/516
f 598/233/516 599/234/516 592/227/516
f 600/235/517 601/236/518 602/237/519
f 602/237/519 603/238/520 600/235/517
f 603/238/520 604/239/521 600/235/517
f 600/235/517 604/239/521 605/240/522
f 604/239/521 606/241/523 605/240/522
f 600/235/517 605/240/522 607/242/524
f 608/243/525 600/235/517 607/242/524
f 609/244/526 610/245/526 611/246/527
f 612/247/528 609/244/526 611/246/527
f 612/247/528 611/246/527 613/248/529
f 614/249/530 612/247/528 613/248/529
f 614/249/530 613/248/529 615/250/531
f 614/249/530 615/250/531 616/251/532
f 615/250/531 617/252/533 616/251/532
f 618/253/534 619/254/535 620/255/536
f 621/256/537 618/253/534 620/255/536
f 620/255/536 622/257/538 621/256/537
f 621/256/537 623/258/539 618/253/534
f 624/259/540 623/258/539 621/256/537
f 624/259/540 625/260/541 623/258/539
f 618/253/534 623/258/539 626/261/542
f 618/253/534 626/261/542 619/254/535
f 627/262/543 624/259/540 621/256/537
f 628/263/544 627/262/543 621/256/537
f 629/264/545 630/265/546 631/236/547
f 630/265/546 629/264/545 632/266/548
f 629/264/545 633/267/549 632/266/548
f 633/267/549 634/257/550 632/266/548
f 629/264/545 631/236/547 635/235/551
f 636/268/552 629/264/545 635/235/551
f 629/264/545 636/268/552 633/267/549
f 636/268/552 637/269/553 633/267/549
f 633/267/549 637/269/553 634/257/550
f 636/268/552 638/243/554 637/269/553
f 636/268/552 635/235/551 638/243/554
f 638/243/554 639/263/555 637/269/553
f 639/263/555 640/256/556 637/269/553
f 637/269/553 640/256/556 634/257/550
f 641/270/557 642/251/558 643/252/559
f 644/271/560 641/270/557 643/252/559
f 644/271/560 645/272/561 641/270/557
f 645/272/561 646/273/562 641/270/557
f 644/271/560 647/274/563 645/272/561
f 648/243/564 649/275/565 650/263/566
f 648/243/564 651/242/567 649/275/565
f 649/275/565 652/262/568 650/263/566
f 653/276/569 654/277/570 655/278/571
f 656/279/572 653/276/569 655/278/571
f 656/279/572 655/278/571 657/280/573
f 658/281/574 656/279/572 657/280/573
f 658/281/574 657/280/573 659/282/575
f 660/283/576 658/281/574 659/282/575
f 656/279/572 658/281/574 660/283/576
f 661/284/577 656/279/572 660/283/576
f 662/285/578 656/279/572 661/284/577
f 663/286/579 662/285/578 661/284/577
f 660/283/576 659/282/575 664/287/580
f 661/284/577 660/283/576 664/287/580
f 657/280/573 655/278/571 664/287/580
f 659/282/575 657/280/573 664/287/580
f 661/284/577 664/287/580 665/288/581
f 666/289/579 661/284/577 665/288/581
f 665/288/581 667/290/582 666/289/579
f 667/290/582 668/291/578 666/289/579
f 664/287/580 655/278/571 669/292/582
f 670/293/583 664/287/580 669/292/582
f 671/294/584 672/295/585 673/296/586
f 674/297/587 671/294/584 673/296/586
f 674/297/587 673/296/586 675/298/588
f 676/299/589 674/297/587 675/298/588
f 677/300/590 675/298/591 678/301/592
f 679/302/593 677/300/590 678/301/592
f 680/303/594 677/300/590 679/302/593
f 681/304/595 680/303/594 679/302/593
f 682/305/596 678/301/597 683/306/598
f 684/307/599 682/305/596 683/306/598
f 684/307/599 683/306/598 685/308/600
f 686/309/601 684/307/599 685/308/600
f 685/308/600 687/310/602 688/311/603
f 687/310/602 689/312/584 688/311/603
f 688/311/603 689/312/584 690/313/599
f 689/312/584 691/314/604 690/313/599
f 685/308/600 692/315/605 687/310/602
f 692/315/605 693/316/586 687/310/602
f 694/317/591 693/316/586 692/315/605
f 695/318/597 694/317/591 692/315/605
f 696/319/606 697/320/607 698/321/608
f 699/322/609 696/319/606 698/321/608
f 699/322/609 698/321/608 700/323/610
f 701/324/611 699/322/609 700/323/610
f 701/324/611 700/323/610 702/325/612
f 703/326/613 701/324/611 702/325/612
f 699/322/609 701/324/611 703/326/613
f 704/327/614 699/322/609 703/326/613
f 705/328/615 699/322/609 704/327/614
f 706/329/616 705/328/615 704/327/614
f 703/326/613 702/325/612 707/330/617
f 704/327/614 703/326/613 707/330/617
f 700/323/610 698/321/608 707/330/617
f 702/325/612 700/323/610 707/330/617
f 704/327/614 707/330/617 708/331/618
f 709/332/619 704/327/614 708/331/618
f 708/331/618 710/333/607 709/332/619
f 710/333/607 711/334/606 709/332/619
f 707/330/617 698/321/608 712/335/607
f 713/336/620 707/330/617 712/335/607
f 714/294/621 715/295/622 716/296/623
f 717/337/624 714/294/621 716/296/623
f 717/337/624 716/296/623 718/298/625
f 719/299/626 717/337/624 718/298/625
f 720/300/627 718/298/628 721/301/629
f 722/302/630 720/300/627 721/301/629
f 723/303/631 720/300/627 722/302/630
f 724/304/632 723/303/631 722/302/630
f 725/305/633 721/301/634 726/306/635
f 727/307/636 725/305/633 726/306/635
f 727/307/636 726/306/635 728/308/637
f 729/309/638 727/307/636 728/308/637
f 728/308/639 730/310/640 731/311/638
f 730/310/640 732/312/641 731/311/638
f 731/311/638 732/312/641 733/313/636
f 732/312/641 734/314/642 733/313/636
f 728/308/639 735/315/643 730/310/640
f 735/315/643 736/316/623 730/310/640
f 737/317/625 736/316/623 735/315/643
f 738/318/629 737/317/625 735/315/643
f 739/319/644 740/320/645 741/321/646
f 742/322/647 739/319/644 741/321/646
f 742/322/647 741/321/646 743/323/648
f 744/324/649 742/322/647 743/323/648
f 744/324/649 743/323/648 745/325/650
f 746/326/651 744/324/649 745/325/650
f 742/322/647 744/324/649 746/326/651
f 747/327/652 742/322/647 746/326/651
f 748/328/653 742/322/647 747/327/652
f 749/329/654 748/328/653 747/327/652
f 746/326/651 745/325/650 750/330/655
f 747/327/652 746/326/651 750/330/655
f 743/323/648 741/321/646 750/330/655
f 745/325/650 743/323/648 750/330/655
f 747/327/652 750/330/655 751/331/656
f 752/332/654 747/327/652 751/331/656
f 751/331/656 753/333/657 752/332/654
f 753/333/657 754/334/658 752/332/654
f 750/330/655 741/321/646 755/338/645
f 756/339/659 750/330/655 755/338/645
f 757/276/660 758/277/661 759/278/662
f 760/340/663 757/276/660 759/278/662
f 760/340/663 759/278/662 761/280/664
f 762/281/665 760/340/663 761/280/664
f 762/281/665 761/280/664 763/282/666
f 764/283/667 762/281/665 763/282/666
f 760/340/663 762/281/665 764/283/667
f 765/341/668 760/340/663 764/283/667
f 766/285/669 760/340/663 765/341/668
f 767/286/670 766/285/669 765/341/668
f 764/283/667 763/282/666 768/287/671
f 765/341/668 764/283/667 768/287/671
f 761/280/664 759/278/662 768/287/671
f 763/282/666 761/280/664 768/287/671
f 765/341/668 768/287/671 769/288/672
f 770/289/673 765/341/668 769/288/672
f 769/288/672 771/290/661 770/289/673
f 771/290/661 772/291/674 770/289/673
f 768/287/671 759/278/662 773/292/661
f 774/293/672 768/287/671 773/292/661
f 775/294/675 776/295/676 777/296/677
f 778/337/678 775/294/675 777/296/677
f 778/337/678 777/296/677 779/298/679
f 780/299/680 778/337/678 779/298/679
f 781/300/681 779/298/679 782/301/682
f 783/302/683 781/300/681 782/301/682
f 784/303/684 781/300/681 783/302/683
f 785/304/685 784/303/684 783/302/683
f 786/305/686 782/301/687 787/306/688
f 788/307/689 786/305/686 787/306/688
f 788/307/689 787/306/688 789/308/690
f 790/309/691 788/307/689 789/308/690
f 789/308/692 791/310/676 792/311/693
f 791/310/676 793/312/694 792/311/693
f 792/311/693 793/312/694 794/313/689
f 793/312/694 795/314/678 794/313/689
f 789/308/692 796/315/688 791/310/676
f 796/315/688 797/316/677 791/310/676
f 798/317/695 797/316/677 796/315/688
f 799/318/696 798/317/695 796/315/688
f 800/319/697 801/320/698 802/321/699
f 803/322/700 800/319/697 802/321/699
f 803/322/700 802/321/699 804/323/701
f 805/324/702 803/322/700 804/323/701
f 805/324/702 804/323/701 806/325/703
f 807/326/704 805/324/702 806/325/703
f 803/322/700 805/324/702 807/326/704
f 808/327/705 803/322/700 807/326/704
f 809/328/697 803/322/700 808/327/705
f 810/329/706 809/328/697 808/327/705
f 807/326/704 806/325/703 811/330/707
f 808/327/705 807/326/704 811/330/707
f 804/323/701 802/321/699 811/330/707
f 806/325/703 804/323/701 811/330/707
f 808/327/705 811/330/707 812/331/708
f 813/332/709 808/327/705 812/331/708
f 812/331/708 814/333/698 813/332/709
f 814/333/698 815/334/697 813/332/709
f 811/330/707 802/321/699 816/338/698
f 817/339/710 811/330/707 816/338/698
f 818/276/711 819/277/712 820/278/713
f 821/340/714 818/276/711 820/278/713
f 821/340/714 820/278/713 822/280/715
f 823/281/716 821/340/714 822/280/715
f 823/281/716 822/280/715 824/282/717
f 825/283/718 823/281/716 824/282/717
f 821/340/714 823/281/716 825/283/718
f 826/341/719 821/340/714 825/283/718
f 827/285/720 821/340/714 826/341/719
f 828/286/721 827/285/720 826/341/719
f 825/283/718 824/282/717 829/287/722
f 826/341/719 825/283/718 829/287/722
f 822/280/715 820/278/713 829/287/722
f 824/282/717 822/280/715 829/287/722
f 826/341/719 829/287/722 830/288/723
f 831/289/721 826/341/719 830/288/723
f 830/288/723 832/290/724 831/289/721
f 832/290/724 833/291/725 831/289/721
f 829/287/722 820/278/713 834/292/724
f 835/293/726 829/287/722 834/292/724
f 836/294/727 837/295/728 838/296/729
f 839/337/730 836/294/727 838/296/729
f 839/337/730 838/296/729 840/298/731
f 841/299/732 839/337/730 840/298/731
f 842/300/733 840/298/734 843/301/735
f 844/302/736 842/300/733 843/301/735
f 845/303/730 842/300/733 844/302/736
f 846/304/737 845/303/730 844/302/736
f 847/305/738 843/301/739 848/306/740
f 849/307/741 847/305/738 848/306/740
f 849/307/741 848/306/740 850/308/742
f 851/309/743 849/307/741 850/308/742
f 850/308/744 852/310/745 853/311/746
f 852/310/745 854/312/747 853/311/746
f 853/311/746 854/312/747 855/313/748
f 854/312/747 856/314/749 855/313/748
f 850/308/744 857/315/750 852/310/745
f 857/315/750 858/316/751 852/310/745
f 859/317/734 858/316/751 857/315/750
f 860/318/752 859/317/734 857/315/750
f 861/319/753 862/320/754 863/321/755
f 864/322/756 861/319/753 863/321/755
f 864/322/756 863/321/755 865/323/757
f 866/324/758 864/322/756 865/323/757
f 866/324/758 865/323/757 867/325/759
f 868/326/760 866/324/758 867/325/759
f 864/322/756 866/324/758 868/326/760
f 869/327/761 864/322/756 868/326/760
f 870/328/753 864/322/756 869/327/761
f 871/329/762 870/328/753 869/327/761
f 868/326/760 867/325/759 872/330/763
f 869/327/761 868/326/760 872/330/763
f 865/323/757 863/321/755 872/330/763
f 867/325/759 865/323/757 872/330/763
f 869/327/761 872/330/763 873/331/764
f 874/332/765 869/327/761 873/331/764
f 873/331/764 875/333/754 874/332/765
f 875/333/754 876/334/766 874/332/765
f 872/330/763 863/321/755 877/338/754
f 878/339/767 872/330/763 877/338/754
f 879/276/768 880/277/769 881/278/770
f 882/340/771 879/276/768 881/278/770
f 882/340/771 881/278/770 883/280/772
f 884/281/773 882/340/771 883/280/772
f 884/281/773 883/280/772 885/282/774
f 886/283/775 884/281/773 885/282/774
f 882/340/771 884/281/773 886/283/775
f 887/341/776 882/340/771 886/283/775
f 888/285/777 882/340/771 887/341/776
f 889/286/778 888/285/777 887/341/776
f 886/283/775 885/282/774 890/287/779
f 887/341/776 886/283/775 890/287/779
f 883/280/772 881/278/770 890/287/779
f 885/282/774 883/280/772 890/287/779
f 887/341/776 890/287/779 891/288/780
f 892/289/778 887/341/776 891/288/780
f 891/288/780 893/290/769 892/289/778
f 893/290/769 894/291/768 892/289/778
f 890/287/779 881/278/770 895/292/769
f 896/293/781 890/287/779 895/292/769
f 897/294/782 898/295/783 899/296/784
f 900/337/785 897/294/782 899/296/784
f 900/337/785 899/296/784 901/298/786
f 902/299/787 900/337/785 901/298/786
f 903/300/788 901/298/789 904/301/790
f 905/302/791 903/300/788 904/301/790
f 906/303/792 903/300/788 905/302/791
f 907/304/793 906/303/792 905/302/791
f 908/305/794 904/301/795 909/306/796
f 910/307/797 908/305/794 909/306/796
f 910/307/797 909/306/796 911/308/798
f 912/309/799 910/307/797 911/308/798
f 911/308/800 913/310/801 914/311/802
f 913/310/801 915/312/803 914/311/802
f 914/311/802 915/312/803 916/313/804
f 915/312/803 917/314/805 916/313/804
f 911/308/800 918/315/806 913/310/801
f 918/315/806 919/316/784 913/310/801
f 920/317/807 919/316/784 918/315/806
f 921/318/795 920/317/807 918/315/806
f 922/319/808 923/320/809 924/321/810
f 925/322/811 922/319/808 924/321/810
f 925/322/811 924/321/810 926/323/812
f 927/324/813 925/322/811 926/323/812
f 927/324/813 926/323/812 928/325/814
f 929/326/815 927/324/813 928/325/814
f 925/322/811 927/324/813 929/326/815
f 930/327/816 925/322/811 929/326/815
f 931/328/808 925/322/811 930/327/816
f 932/329/817 931/328/808 930/327/816
f 929/326/815 928/325/814 933/330/818
f 930/327/816 929/326/815 933/330/818
f 926/323/812 924/321/810 933/330/818
f 928/325/814 926/323/812 933/330/818
f 930/327/816 933/330/818 934/331/819
f 935/332/817 930/327/816 934/331/819
f 934/331/819 936/333/820 935/332/817
f 936/333/820 937/334/821 935/332/817
f 933/330/818 924/321/810 938/338/820
f 939/339/819 933/330/818 938/338/820
f 940/342/516 941/343/516 942/344/516
f 943/345/516 940/342/516 942/344/516
f 944/346/822 945/347/822 946/343/822
f 947/342/822 944/346/822 946/343/822
f 948/348/823 949/349/823 950/347/823
f 951/346/823 948/348/823 950/347/823
f 952/350/824 953/351/824 954/349/824
f 955/348/824 952/350/824 954/349/824
f 956/346/825 957/342/825 958/352/825
f 959/353/825 956/346/825 958/352/825
f 960/343/826 961/347/826 962/354/826
f 963/355/826 960/343/826 962/354/826
f 964/356/516 965/357/516 966/358/516
f 967/359/516 964/356/516 966/358/516
f 968/360/822 969/347/822 970/357/822
f 971/356/822 968/360/822 970/357/822
f 972/361/823 973/349/823 974/347/823
f 975/360/823 972/361/823 974/347/823
f 976/362/827 977/363/824 978/349/824
f 979/361/827 976/362/827 978/349/824
f 980/360/825 981/356/825 982/352/825
f 983/353/825 980/360/825 982/352/825
f 984/357/826 985/347/826 986/354/826
f 987/355/826 984/357/826 986/354/826
f 988/364/828 989/365/829 990/366/830
f 988/364/828 991/367/831 989/365/829
f 988/364/828 990/366/830 992/368/832
f 988/364/828 993/369/833 991/367/831
f 993/369/833 994/370/834 991/367/831
f 993/369/833 995/371/835 994/370/834
f 993/369/833 996/372/836 995/371/835
f 993/369/833 997/373/837 996/372/836
f 998/374/838 988/364/828 992/368/832
f 988/364/828 998/374/838 993/369/833
f 998/374/838 992/368/832 999/375/839
f 993/369/833 998/374/838 1000/376/840
f 1000/376/840 998/374/838 999/375/839
f 993/369/833 1000/376/840 997/373/837
f 997/373/837 1000/376/840 1001/377/841
f 1000/376/840 999/375/839 1001/377/841
f 992/368/832 1002/378/842 999/375/839
f 1003/379/843 1004/380/844 1005/381/845
f 1006/382/846 1005/381/845 1004/380/844
f 1006/382/846 1004/380/844 1007/383/847
f 1006/382/846 1007/383/847 1008/384/848
f 1006/382/846 1008/384/848 1009/385/849
f 1006/382/846 1009/385/849 1010/386/850
f 1011/387/851 1006/382/846 1010/386/850
f 1011/387/851 1005/381/845 1006/382/846
f 1011/387/851 1010/386/850 1012/388/852
f 1011/387/851 1012/388/852 1013/389/853
f 1011/387/851 1013/389/853 1014/390/854
f 1015/391/855 1005/381/845 1011/387/851
f 1005/381/845 1015/391/855 1003/379/843
f 1015/391/855 1011/387/851 1014/390/854
f 1015/391/855 1014/390/854 1016/392/856
f 1015/391/855 1016/392/856 1003/379/843
f 1003/379/843 1017/393/857 1004/380/844
f 1018/375/858 1019/394/859 1020/379/858
f 1018/375/858 1020/379/858 1021/395/860
f 1022/396/861 1023/397/862 1024/398/863
f 1025/399/864 1022/396/861 1024/398/863
f 1026/400/865 1022/396/861 1025/399/864
f 1027/401/866 1026/400/865 1025/399/864
f 1028/402/867 1026/400/865 1027/401/866
f 1029/403/868 1028/402/867 1027/401/866
f 1030/400/869 1028/402/867 1029/403/868
f 1031/401/870 1030/400/869 1029/403/868
f 1032/404/871 1030/400/869 1031/401/870
f 1033/405/872 1032/404/871 1031/401/870
f 1023/397/862 1032/404/871 1033/405/872
f 1024/398/863 1023/397/862 1033/405/872
f 1025/399/864 1024/398/863 1034/406/873
f 1035/407/874 1025/399/864 1034/406/873
f 1027/401/866 1025/399/864 1035/407/874
f 1036/408/875 1027/401/866 1035/407/874
f 1029/403/868 1027/401/866 1036/408/875
f 1037/409/876 1029/403/868 1036/408/875
f 1031/401/870 1029/403/868 1037/409/876
f 1038/408/877 1031/401/870 1037/409/876
f 1033/405/872 1031/401/870 1038/408/877
f 1039/410/878 1033/405/872 1038/408/877
f 1024/398/863 1033/405/872 1039/410/878
f 1034/406/873 1024/398/863 1039/410/878
f 1032/404/871 1040/411/879 1030/400/869
f 1041/412/826 1040/411/879 1032/404/871
f 1023/397/862 1041/412/826 1032/404/871
f 1040/411/879 1042/413/880 1030/400/869
f 1030/400/869 1042/413/880 1028/402/867
f 1042/413/880 1043/414/859 1028/402/867
f 1028/402/867 1043/414/859 1026/400/865
f 1043/414/859 1044/413/881 1026/400/865
f 1026/400/865 1044/413/881 1022/396/861
f 1044/413/881 1045/415/882 1022/396/861
f 1045/415/882 1041/412/826 1023/397/862
f 1022/396/861 1045/415/882 1023/397/862
f 1036/408/875 1035/407/874 1046/416/883
f 1046/416/883 1035/407/874 1047/417/884
f 1035/407/874 1034/406/873 1047/417/884
f 1048/418/885 1036/408/875 1046/416/883
f 1037/409/876 1036/408/875 1048/418/885
f 1049/419/886 1037/409/876 1048/418/885
f 1038/408/877 1037/409/876 1049/419/886
f 1050/418/887 1038/408/877 1049/419/886
f 1039/410/878 1038/408/877 1050/418/887
f 1051/420/888 1039/410/878 1050/418/887
f 1034/406/873 1039/410/878 1051/420/888
f 1047/417/884 1034/406/873 1051/420/888
f 1045/415/882 1044/413/881 1052/396/889
f 1044/413/881 1053/400/890 1052/396/889
f 1052/396/889 1053/400/890 1054/399/891
f 1052/396/889 1054/399/891 1055/398/892
f 1056/397/893 1052/396/889 1055/398/892
f 1053/400/890 1057/401/894 1054/399/891
f 1053/400/890 1058/402/895 1057/401/894
f 1058/402/895 1059/403/896 1057/401/894
f 1058/402/895 1060/400/897 1059/403/896
f 1060/400/897 1061/401/898 1059/403/896
f 1060/400/897 1062/404/899 1061/401/898
f 1062/404/899 1063/405/900 1061/401/898
f 1056/397/893 1055/398/892 1063/405/900
f 1062/404/899 1056/397/893 1063/405/900
f 1055/398/892 1054/399/891 1064/406/901
f 1054/399/891 1065/407/902 1064/406/901
f 1054/399/891 1057/401/894 1065/407/902
f 1057/401/894 1066/408/903 1065/407/902
f 1057/401/894 1059/403/896 1066/408/903
f 1059/403/896 1067/409/904 1066/408/903
f 1059/403/896 1061/401/898 1067/409/904
f 1061/401/898 1068/408/905 1067/409/904
f 1061/401/898 1063/405/900 1068/408/905
f 1063/405/900 1069/410/906 1068/408/905
f 1055/398/892 1064/406/901 1069/410/906
f 1063/405/900 1055/398/892 1069/410/906
f 1041/412/826 1056/397/893 1062/404/899
f 1040/411/879 1041/412/826 1062/404/899
f 1040/411/879 1062/404/899 1060/400/897
f 1042/413/880 1040/411/879 1060/400/897
f 1042/413/880 1060/400/897 1058/402/895
f 1043/414/859 1042/413/880 1058/402/895
f 1043/414/859 1058/402/895 1053/400/890
f 1044/413/881 1043/414/859 1053/400/890
f 1064/406/901 1065/407/902 1070/417/907
f 1065/407/902 1071/416/908 1070/417/907
f 1065/407/902 1066/408/903 1071/416/908
f 1066/408/903 1072/418/909 1071/416/908
f 1066/408/903 1067/409/904 1072/418/909
f 1067/409/904 1073/419/910 1072/418/909
f 1067/409/904 1068/408/905 1073/419/910
f 1068/408/905 1074/418/911 1073/419/910
f 1068/408/905 1069/410/906 1074/418/911
f 1069/410/906 1075/420/912 1074/418/911
f 1064/406/901 1070/417/907 1075/420/912
f 1069/410/906 1064/406/901 1075/420/912
f 1041/412/826 1045/415/882 1056/397/893
f 1045/415/882 1052/396/889 1056/397/893
f 1076/421/823 1077/422/823 1078/423/823
f 1078/423/823 1077/422/823 1079/424/823
f 1079/424/823 1077/422/823 1080/425/823
f 1080/425/823 1077/422/823 1081/426/823
f 1081/426/823 1077/422/823 1082/427/823
f 1082/427/823 1077/422/823 1076/421/823
f 1083/422/516 1084/421/516 1085/423/516
f 1083/422/516 1085/423/516 1086/424/516
f 1083/422/516 1086/424/516 1087/425/516
f 1083/422/516 1087/425/516 1088/426/516
f 1083/422/516 1088/426/516 1089/427/516
f 1083/422/516 1089/427/516 1084/421/516
f 1090/428/913 1091/429/914 1092/430/915
f 1093/431/916 1090/428/913 1092/430/915
f 1093/431/916 1092/430/915 1094/432/917
f 1095/433/918 1093/431/916 1094/432/917
f 1096/434/919 1095/433/918 1094/432/917
f 1097/435/920 1095/433/918 1096/434/919
f 1095/433/918 1097/435/920 1098/436/921
f 1099/437/922 1098/436/921 1097/435/920
f 1095/433/918 1098/436/921 1100/438/923
f 1101/439/924 1095/433/918 1100/438/923
f 1101/439/924 1090/428/913 1093/431/916
f 1095/433/918 1101/439/924 1093/431/916
f 1102/440/925 1100/438/923 1098/436/921
f 1103/441/926 1102/440/925 1098/436/921
f 1099/437/922 1103/441/926 1098/436/921
f 1099/437/922 1104/442/927 1103/441/926
f 1105/443/928 1102/440/925 1103/441/926
f 1106/444/929 1105/443/928 1103/441/926
f 1107/445/930 1105/443/928 1106/444/929
f 1108/446/931 1107/445/930 1106/444/929
f 1108/446/931 1106/444/929 1109/447/932
f 1103/441/926 1109/447/932 1106/444/929
f 1104/442/927 1109/447/932 1103/441/926
f 1110/448/933 1107/445/930 1108/446/931
f 1111/449/934 1110/448/933 1108/446/931
f 1111/449/934 1108/446/931 1112/450/935
f 1112/450/935 1108/446/931 1109/447/932
f 1113/451/936 1110/448/933 1111/449/934
f 1114/452/937 1113/451/936 1111/449/934
f 1115/453/938 1113/451/936 1114/452/937
f 1116/454/939 1115/453/938 1114/452/937
f 1117/455/940 1116/454/939 1114/452/937
f 1117/455/940 1118/456/941 1116/454/939
f 1119/457/942 1115/453/938 1116/454/939
f 1118/456/941 1119/457/942 1116/454/939
f 1120/458/943 1119/457/942 1118/456/941
f 1121/459/944 1120/458/943 1118/456/941
f 1118/456/941 1122/460/945 1121/459/944
f 1121/459/944 1122/460/945 1123/461/946
f 1124/462/947 1120/458/943 1121/459/944
f 1125/463/948 1124/462/947 1121/459/944
f 1123/461/946 1125/463/948 1121/459/944
f 1126/464/949 1124/462/947 1125/463/948
f 1127/465/950 1126/464/949 1125/463/948
f 1117/455/940 1128/466/951 1118/456/941
f 1118/456/941 1128/466/951 1122/460/945
f 1125/463/948 1123/461/946 1129/467/952
f 1125/463/948 1129/467/952 1130/468/953
f 1127/465/950 1125/463/948 1130/468/953
f 1131/469/954 1127/465/950 1130/468/953
f 1132/470/955 1126/464/949 1127/465/950
f 1131/469/954 1132/470/955 1127/465/950
f 1132/470/955 1133/471/956 1126/464/949
f 1133/471/956 1134/472/957 1126/464/949
f 1126/464/949 1134/472/957 1124/462/947
f 1134/472/957 1133/471/956 1135/473/958
f 1133/471/956 1136/474/959 1135/473/958
f 1134/472/957 1135/473/958 1137/475/960
f 1134/472/957 1137/475/960 1124/462/947
f 1135/473/958 1138/476/961 1137/475/960
f 1137/475/960 1138/476/961 1139/477/962
f 1138/476/961 1140/478/963 1139/477/962
f 1139/477/962 1140/478/963 1141/479/964
f 1142/480/965 1139/477/962 1141/479/964
f 1137/475/960 1139/477/962 1120/458/943
f 1124/462/947 1137/475/960 1120/458/943
f 1139/477/962 1142/480/965 1119/457/942
f 1120/458/943 1139/477/962 1119/457/942
f 1119/457/942 1142/480/965 1115/453/938
f 1142/480/965 1143/481/966 1115/453/938
f 1142/480/965 1141/479/964 1143/481/966
f 1141/479/964 1144/482/967 1143/481/966
f 1143/481/966 1144/482/967 1145/483/968
f 1115/453/938 1143/481/966 1113/451/936
f 1143/481/966 1146/484/969 1113/451/936
f 1146/484/969 1143/481/966 1145/483/968
f 1113/451/936 1146/484/969 1110/448/933
f 1146/484/969 1147/485/970 1110/448/933
f 1146/484/969 1148/486/971 1147/485/970
f 1146/484/969 1145/483/968 1148/486/971
f 1110/448/933 1147/485/970 1107/445/930
f 1147/485/970 1149/487/972 1107/445/930
f 1107/445/930 1149/487/972 1105/443/928
f 1149/487/972 1150/488/973 1105/443/928
f 1105/443/928 1150/488/973 1102/440/925
f 1150/488/973 1151/489/974 1102/440/925
f 1152/490/975 1151/489/974 1150/488/973
f 1153/491/976 1151/489/974 1152/490/975
f 1154/492/977 1153/491/976 1152/490/975
f 1154/492/977 1155/493/978 1153/491/976
f 1155/493/978 1156/494/979 1153/491/976
f 1155/493/978 1157/495/980 1156/494/979
f 1157/495/980 1158/496/981 1156/494/979
f 1157/495/980 1159/497/982 1158/496/981
f 1159/497/982 1160/498/983 1158/496/981
f 1151/489/974 1153/491/976 1100/438/923
f 1102/440/925 1151/489/974 1100/438/923
f 1100/438/923 1153/491/976 1156/494/979
f 1101/439/924 1100/438/923 1156/494/979
f 1156/494/979 1158/496/981 1090/428/913
f 1101/439/924 1156/494/979 1090/428/913
f 1158/496/981 1160/498/983 1091/429/914
f 1090/428/913 1158/496/981 1091/429/914
f 1161/499/984 1152/490/975 1150/488/973
f 1162/500/985 1161/499/984 1150/488/973
f 1162/500/985 1150/488/973 1149/487/972
f 1163/501/986 1162/500/985 1149/487/972
f 1163/501/986 1149/487/972 1147/485/970
f 1164/502/987 1163/501/986 1147/485/970
f 1148/486/971 1164/502/987 1147/485/970
f 1165/503/988 1166/504/989 1167/505/990
f 1168/506/991 1165/503/988 1167/505/990
f 1169/507/992 1168/506/991 1167/505/990
f 1165/503/988 1168/506/991 1170/508/993
f 1170/508/993 1168/506/991 1169/507/992
f 1171/509/994 1165/503/988 1170/508/993
f 1169/507/992 1167/505/990 1172/510/995
f 1167/505/990 1166/504/989 1172/510/995
f 1169/507/992 1172/510/995 1173/511/996
f 1174/512/997 1169/507/992 1173/511/996
f 1174/512/997 1175/513/998 1169/507/992
f 1169/507/992 1175/513/998 1176/512/999
f 1169/507/992 1176/512/999 1177/514/1000
f 1178/515/1001 1169/507/992 1177/514/1000
f 1178/515/1001 1171/509/994 1170/508/993
f 1178/515/1001 1170/508/993 1169/507/992
f 1179/516/1002 1180/450/1003 1181/447/1004
f 1179/516/1002 1181/447/1004 1182/517/1005
f 1179/516/1002 1183/518/516 1180/450/1003
f 1184/519/1006 1183/518/516 1179/516/1002
f 1185/455/1007 1184/519/1006 1179/516/1002
f 1186/520/1008 1185/455/1007 1179/516/1002
f 1179/516/1002 1182/517/1005 1187/521/1009
f 1186/520/1008 1179/516/1002 1187/521/1009
f 1188/522/1010 1189/523/1011 1190/524/980
f 1191/525/1012 1188/522/1010 1190/524/980
f 1189/523/1011 1188/522/1010 1192/526/1013
f 1193/527/958 1189/523/1011 1192/526/1013
f 1188/522/1010 1191/525/1012 1194/528/1014
f 1192/526/1013 1188/522/1010 1194/528/1014
f 1195/529/1015 1194/528/1014 1191/525/1012
f 1196/530/1016 1194/528/1014 1195/529/1015
f 1195/529/1015 1197/531/1017 1196/530/1016
f 1191/525/1012 1190/524/980 1197/531/1017
f 1195/529/1015 1191/525/1012 1197/531/1017
f 1197/531/1017 1198/532/1018 1196/530/1016
f 1196/530/1016 1198/532/1018 1199/533/1019
f 1200/534/1020 1196/530/1016 1199/533/1019
f 1200/534/1020 1194/528/1014 1196/530/1016
f 1201/535/1021 1194/528/1014 1200/534/1020
f 1201/535/1021 1200/534/1020 1199/533/1019
f 1202/536/1022 1194/528/1014 1201/535/1021
f 1192/526/1013 1194/528/1014 1203/537/1023
f 1193/527/958 1192/526/1013 1203/537/1023
f 1203/537/1023 1194/528/1014 1204/538/1024
f 1203/537/1023 1204/538/1024 1205/539/1025
f 1206/540/961 1203/537/1023 1205/539/1025
f 1206/540/961 1193/527/958 1203/537/1023
f 1207/541/964 1205/539/1025 1204/538/1024
f 1208/542/1026 1207/541/964 1204/538/1024
f 1204/538/1024 1194/528/1014 1208/542/1026
f 1208/542/1026 1194/528/1014 1209/543/1027
f 1209/543/1027 1194/528/1014 1202/536/1022
f 1207/541/964 1208/542/1026 1209/543/1027
f 1210/544/967 1207/541/964 1209/543/1027
f 1210/544/967 1209/543/1027 1211/545/1028
f 1211/545/1028 1209/543/1027 1212/546/1029
f 1211/545/1028 1212/546/1029 1210/544/967
f 1209/543/1027 1202/536/1022 1212/546/1029
f 1212/546/1029 1202/536/1022 1201/535/1021
f 1212/546/1029 1201/535/1021 1213/547/1030
f 1212/546/1029 1213/547/1030 1214/548/1031
f 1212/546/1029 1214/548/1031 1210/544/967
f 1210/544/967 1214/548/1031 1215/549/968
f 1214/548/1031 1216/550/971 1215/549/968
f 1213/547/1030 1217/551/984 1214/548/1031
f 1214/548/1031 1217/551/984 1218/552/1032
f 1214/548/1031 1218/552/1032 1219/553/986
f 1220/554/1033 1216/550/971 1214/548/1031
f 1214/548/1031 1219/553/986 1220/554/1033
f 1217/551/984 1213/547/1030 1201/535/1021
f 1217/551/984 1201/535/1021 1199/533/1019
f 1128/466/951 1221/520/1034 1222/555/1035
f 1128/466/951 1117/455/940 1221/520/1034
f 1221/520/1034 1223/521/1036 1222/555/1035
f 1222/555/1035 1223/521/1036 1224/517/1037
f 1104/442/927 1222/555/1035 1224/517/1037
f 1104/442/927 1224/517/1037 1109/447/932
f 1114/452/937 1225/519/1038 1117/455/940
f 1111/449/934 1225/519/1038 1114/452/937
f 1111/449/934 1226/518/1039 1225/519/1038
f 1111/449/934 1112/450/935 1226/518/1039
f 1227/556/1040 1228/557/1041 1229/558/1042
f 1230/559/1043 1227/556/1040 1229/558/1042
f 1227/556/1040 1230/559/1043 1231/557/1044
f 1230/559/1043 1232/558/1045 1231/557/1044
f 1231/557/1044 1232/558/1045 1233/560/1046
f 1232/558/1045 1234/561/1046 1233/560/1046
f 1229/558/1042 1228/557/1041 1235/560/1047
f 1236/561/1047 1229/558/1042 1235/560/1047
f 1237/562/1048 1238/563/1049 1239/564/1050
f 1240/565/1051 1237/562/1048 1239/564/1050
f 1238/563/1049 1237/562/1048 1241/566/1052
f 1242/567/1053 1238/563/1049 1241/566/1052
f 1243/568/1054 1242/567/1053 1241/566/1052
f 1244/569/1055 1243/568/1054 1241/566/1052
f 1239/564/1050 1238/563/1049 1245/570/1056
f 1245/570/1056 1238/563/1049 1242/567/1053
f 1246/571/1057 1239/564/1050 1245/570/1056
f 1247/572/1058 1245/570/1056 1242/567/1053
f 1247/572/1058 1242/567/1053 1243/568/1054
f 1248/573/1059 1247/572/1058 1243/568/1054
f 1249/574/1060 1250/575/1061 1251/576/1062
f 1252/577/1063 1250/575/1061 1249/574/1060
f 1253/578/1064 1250/575/1061 1252/577/1063
f 1253/578/1064 1252/577/1063 1254/579/1065
f 1255/580/1066 1253/578/1064 1254/579/1065
f 1256/581/1067 1253/578/1064 1255/580/1066
f 1257/582/1068 1256/581/1067 1255/580/1066
f 1258/583/1069 1252/577/1063 1249/574/1060
f 1252/577/1063 1258/583/1069 1259/584/1070
f 1254/579/1065 1252/577/1063 1259/584/1070
f 1260/585/1071 1258/583/1069 1249/574/1060
f 1258/583/1069 1260/585/1071 1261/577/1072
f 1258/583/1069 1261/577/1072 1259/584/1070
f 1260/585/1071 1262/574/1073 1261/577/1072
f 1263/575/1074 1261/577/1072 1262/574/1073
f 1262/574/1073 1264/586/1075 1263/575/1074
f 1261/577/1072 1265/579/1076 1259/584/1070
f 1266/578/1077 1265/579/1076 1261/577/1072
f 1266/578/1077 1261/577/1072 1263/575/1074
f 1265/579/1076 1266/578/1077 1267/580/1078
f 1266/578/1077 1268/581/1079 1267/580/1078
f 1267/580/1078 1268/581/1079 1269/582/1080
f 1270/581/1081 1271/587/1081 1272/578/1081
f 1271/587/1081 1270/581/1081 1273/588/1082
f 1274/588/1083 1275/589/1084 1276/590/1085
f 1276/590/1085 1275/589/1084 1277/591/1086
f 1277/591/1086 1275/589/1084 1278/590/1087
f 1278/590/1087 1275/589/1084 1279/588/1088
f 1278/590/1087 1279/588/1088 1280/592/1089
f 1280/592/1089 1279/588/1088 1281/593/1090
f 1279/588/1088 1282/587/1091 1281/593/1090
f 1282/587/1091 1283/578/1092 1281/593/1090
f 1284/592/1093 1274/588/1083 1276/590/1085
f 1285/593/1094 1274/588/1083 1284/592/1093
f 1286/587/1095 1274/588/1083 1285/593/1094
f 1287/578/1096 1286/587/1095 1285/593/1094
f 1288/594/1097 1289/595/1098 1290/596/1099
f 1291/597/1100 1288/594/1097 1290/596/1099
f 1289/595/1098 1288/594/1097 1292/598/1101
f 1288/594/1097 1293/599/1102 1292/598/1101
f 1294/600/1103 1293/599/1102 1288/594/1097
f 1294/600/1103 1288/594/1097 1291/597/1100
f 1294/600/1103 1295/601/1104 1293/599/1102
f 1293/599/1102 1295/601/1104 1292/598/1101
f 1294/600/1103 1296/602/1105 1295/601/1104
f 1294/600/1103 1297/603/1106 1296/602/1105
f 1294/600/1103 1298/604/1107 1297/603/1106
f 1291/597/1100 1299/605/1108 1294/600/1103
f 1294/600/1103 1299/605/1108 1298/604/1107
f 1291/597/1100 1290/596/1099 1299/605/1108
f 1300/587/1081 1301/581/1081 1302/578/1081
f 1301/581/1081 1300/587/1081 1303/588/1109
f 1304/593/1110 1305/575/1110 1306/586/1111
f 1307/592/1112 1304/593/1110 1306/586/1111
f 1308/606/1113 1307/592/1112 1306/586/1111
f 1309/607/1114 1310/608/1115 1311/609/1116
f 1311/609/1116 1310/608/1115 1312/610/1117
f 1313/608/1118 1314/609/1119 1312/610/1117
f 1315/607/1120 1314/609/1119 1313/608/1118
f 1316/611/1121 1317/612/1122 1318/613/1123
f 1317/612/1122 1319/614/1124 1318/613/1123
f 1319/614/1124 1320/615/1125 1318/613/1123
f 1320/615/1125 1321/614/1126 1318/613/1123
f 1321/614/1126 1322/612/1127 1318/613/1123
f 1318/613/1123 1322/612/1127 1323/611/1128
f 1324/609/1129 1325/611/1129 1326/613/1130
f 1327/610/1130 1324/609/1129 1326/613/1130
f 1327/610/1130 1326/613/1130 1328/611/1131
f 1329/609/1131 1327/610/1130 1328/611/1131
f 1330/578/1132 1331/575/1132 1332/593/1132
f 1333/616/1133 1334/617/1134 1335/590/1135
f 1336/592/1136 1333/616/1133 1335/590/1135
f 1334/617/1134 1337/618/1137 1335/590/1135
f 1337/618/1137 1338/591/1137 1335/590/1135
f 1338/591/1137 1337/618/1137 1339/590/1138
f 1337/618/1137 1340/617/1139 1339/590/1138
f 1340/617/1139 1341/616/1140 1339/590/1138
f 1341/616/1140 1342/592/1141 1339/590/1138
f 1343/616/1142 1344/619/1143 1345/620/1142
f 1346/617/1142 1343/616/1142 1345/620/1142
f 1347/617/1144 1348/620/1145 1349/619/1144
f 1350/616/1144 1347/617/1144 1349/619/1144
f 1351/617/1113 1352/620/1146 1353/621/1113
f 1354/618/1113 1351/617/1113 1353/621/1113
f 1354/618/1113 1353/621/1113 1355/620/1146
f 1356/617/1146 1354/618/1113 1355/620/1146
f 1357/606/1113 1358/576/1147 1359/592/1148
f 1359/592/1148 1358/576/1147 1360/593/1149
f 1358/576/1147 1361/575/1150 1360/593/1149
f 1362/575/1151 1363/578/1151 1364/593/1151
f 1365/622/1152 1366/623/1153 1367/624/1154
f 1367/624/1154 1366/623/1153 1368/625/1155
f 1366/623/1153 1369/624/1156 1368/625/1155
f 1366/623/1153 1370/622/1157 1369/624/1156
f 1371/626/1158 1370/622/1157 1366/623/1153
f 1371/626/1158 1366/623/1153 1365/622/1152
f 1372/627/1159 1373/628/1160 1374/629/1161
f 1372/627/1159 1374/629/1161 1375/630/1162
f 1375/630/1162 1374/629/1161 1376/631/1163
f 1377/632/1163 1375/630/1162 1376/631/1163
f 1378/633/1164 1372/627/1159 1375/630/1162
f 1379/634/1165 1378/633/1164 1375/630/1162
f 1380/635/1166 1378/633/1164 1379/634/1165
f 1380/635/1166 1379/634/1165 1381/636/1167
f 1381/636/1167 1379/634/1165 1382/637/1168
f 1383/638/1169 1381/636/1167 1382/637/1168
f 1384/639/1170 1383/638/1169 1382/637/1168
f 1385/640/1171 1383/638/1169 1384/639/1170
f 1384/639/1170 1382/637/1168 1386/641/1172
f 1382/637/1168 1387/642/1172 1386/641/1172
f 1388/643/1173 1389/632/1174 1390/631/1175
f 1391/644/1176 1389/632/1174 1388/643/1173
f 1392/645/1177 1391/644/1176 1388/643/1173
f 1393/646/1178 1391/644/1176 1392/645/1177
f 1393/646/1178 1394/647/1179 1391/644/1176
f 1391/644/1176 1394/647/1179 1395/642/1180
f 1394/647/1179 1396/648/1181 1395/642/1180
f 1395/642/1180 1396/648/1181 1397/641/1182
f 1398/649/1183 1399/650/1184 1400/651/1185
f 1401/652/1186 1398/649/1183 1400/651/1185
f 1402/653/1187 1399/650/1184 1398/649/1183
f 1403/654/1188 1401/652/1186 1400/651/1185
f 1400/651/1185 1404/655/1189 1403/654/1188
f 1404/655/1189 1405/651/1190 1403/654/1188
f 1406/652/1191 1403/654/1188 1405/651/1190
f 1407/649/1192 1406/652/1191 1405/651/1190
f 1408/650/1193 1407/649/1192 1405/651/1190
f 1409/653/1194 1407/649/1192 1408/650/1193
f 1410/656/1195 1398/649/1183 1401/652/1186
f 1411/657/1196 1401/652/1186 1403/654/1188
f 1410/656/1195 1401/652/1186 1411/657/1196
f 1411/657/1196 1403/654/1188 1412/658/1197
f 1413/659/1198 1411/657/1196 1412/658/1197
f 1412/658/1197 1403/654/1188 1414/657/1199
f 1414/657/1199 1403/654/1188 1406/652/1191
f 1415/659/1200 1412/658/1197 1414/657/1199
f 1416/656/1201 1414/657/1199 1406/652/1191
f 1416/656/1201 1406/652/1191 1407/649/1192
f 1417/660/1202 1418/661/1203 1419/661/1204
f 1420/660/1205 1417/660/1202 1419/661/1204
f 1417/660/1202 1421/662/1206 1418/661/1203
f 1421/662/1206 1422/663/1207 1418/661/1203
f 1421/662/1206 1423/664/1208 1422/663/1207
f 1423/664/1208 1424/665/1209 1422/663/1207
f 1423/664/1208 1425/664/1210 1424/665/1209
f 1425/664/1210 1426/665/1211 1424/665/1209
f 1425/664/1210 1427/662/1212 1426/665/1211
f 1427/662/1212 1428/663/1213 1426/665/1211
f 1420/660/1205 1419/661/1204 1428/663/1213
f 1427/662/1212 1420/660/1205 1428/663/1213
f 1419/661/1204 1418/661/1203 1429/666/1214
f 1418/661/1203 1430/666/1215 1429/666/1214
f 1418/661/1203 1422/663/1207 1430/666/1215
f 1422/663/1207 1431/667/1216 1430/666/1215
f 1422/663/1207 1424/665/1209 1431/667/1216
f 1424/665/1209 1432/668/1217 1431/667/1216
f 1424/665/1209 1426/665/1211 1432/668/1217
f 1426/665/1211 1433/668/1218 1432/668/1217
f 1426/665/1211 1428/663/1213 1433/668/1218
f 1428/663/1213 1434/667/1219 1433/668/1218
f 1419/661/1204 1429/666/1214 1434/667/1219
f 1428/663/1213 1419/661/1204 1434/667/1219
f 1435/669/1220 1420/660/1205 1427/662/1212
f 1436/670/1221 1435/669/1220 1427/662/1212
f 1436/670/1221 1427/662/1212 1425/664/1210
f 1437/671/1222 1436/670/1221 1425/664/1210
f 1437/671/1222 1425/664/1210 1423/664/1208
f 1438/671/1223 1437/671/1222 1423/664/1208
f 1439/672/1224 1435/669/1220 1436/670/1221
f 1440/673/1225 1439/672/1224 1436/670/1221
f 1440/673/1225 1436/670/1221 1437/671/1222
f 1441/674/1226 1440/673/1225 1437/671/1222
f 1441/674/1226 1437/671/1222 1438/671/1223
f 1442/674/1227 1441/674/1226 1438/671/1223
f 1442/674/1227 1438/671/1223 1443/670/1228
f 1443/670/1228 1438/671/1223 1421/662/1206
f 1438/671/1223 1423/664/1208 1421/662/1206
f 1443/670/1228 1421/662/1206 1417/660/1202
f 1444/669/1229 1443/670/1228 1417/660/1202
f 1444/669/1229 1417/660/1202 1420/660/1205
f 1435/669/1220 1444/669/1229 1420/660/1205
f 1445/673/1230 1442/674/1227 1443/670/1228
f 1445/673/1230 1443/670/1228 1444/669/1229
f 1446/672/1231 1445/673/1230 1444/669/1229
f 1446/672/1231 1444/669/1229 1435/669/1220
f 1439/672/1224 1446/672/1231 1435/669/1220
f 1430/666/1215 1447/675/1232 1448/675/1233
f 1429/666/1214 1430/666/1215 1448/675/1233
f 1430/666/1215 1431/667/1216 1447/675/1232
f 1431/667/1216 1449/676/1234 1447/675/1232
f 1431/667/1216 1432/668/1217 1449/676/1234
f 1432/668/1217 1450/677/1235 1449/676/1234
f 1432/668/1217 1433/668/1218 1450/677/1235
f 1433/668/1218 1451/677/1236 1450/677/1235
f 1433/668/1218 1434/667/1219 1451/677/1236
f 1434/667/1219 1452/676/1237 1451/677/1236
f 1429/666/1214 1448/675/1233 1452/676/1237
f 1434/667/1219 1429/666/1214 1452/676/1237
f 1448/675/1233 1447/675/1232 1453/678/1238
f 1447/675/1232 1454/678/1239 1453/678/1238
f 1447/675/1232 1449/676/1234 1454/678/1239
f 1449/676/1234 1455/679/1240 1454/678/1239
f 1449/676/1234 1450/677/1235 1455/679/1240
f 1450/677/1235 1456/680/1241 1455/679/1240
f 1450/677/1235 1451/677/1236 1456/680/1241
f 1451/677/1236 1457/680/1242 1456/680/1241
f 1451/677/1236 1452/676/1237 1457/680/1242
f 1452/676/1237 1458/679/1243 1457/680/1242
f 1448/675/1233 1453/678/1238 1458/679/1243
f 1452/676/1237 1448/675/1233 1458/679/1243
f 1459/660/1244 1460/661/1245 1461/661/1246
f 1462/660/1247 1459/660/1244 1461/661/1246
f 1459/660/1244 1463/662/1248 1460/661/1245
f 1463/662/1248 1464/663/1249 1460/661/1245
f 1463/662/1248 1465/664/1250 1464/663/1249
f 1465/664/1250 1466/665/1251 1464/663/1249
f 1465/664/1250 1467/664/1252 1466/665/1251
f 1467/664/1252 1468/665/1253 1466/665/1251
f 1467/664/1252 1469/662/1254 1468/665/1253
f 1469/662/1254 1470/663/1255 1468/665/1253
f 1462/660/1247 1461/661/1246 1470/663/1255
f 1469/662/1254 1462/660/1247 1470/663/1255
f 1461/661/1246 1460/661/1245 1471/666/1256
f 1460/661/1245 1472/666/1257 1471/666/1256
f 1460/661/1245 1464/663/1249 1472/666/1257
f 1464/663/1249 1473/667/1258 1472/666/1257
f 1464/663/1249 1466/665/1251 1473/667/1258
f 1466/665/1251 1474/668/1259 1473/667/1258
f 1466/665/1251 1468/665/1253 1474/668/1259
f 1468/665/1253 1475/668/1260 1474/668/1259
f 1468/665/1253 1470/663/1255 1475/668/1260
f 1470/663/1255 1476/667/1261 1475/668/1260
f 1461/661/1246 1471/666/1256 1476/667/1261
f 1470/663/1255 1461/661/1246 1476/667/1261
f 1477/669/1262 1462/660/1247 1469/662/1254
f 1478/670/1263 1477/669/1262 1469/662/1254
f 1478/670/1263 1469/662/1254 1467/664/1252
f 1479/671/1264 1478/670/1263 1467/664/1252
f 1479/671/1264 1467/664/1252 1465/664/1250
f 1480/671/1265 1479/671/1264 1465/664/1250
f 1481/672/1224 1477/669/1262 1478/670/1263
f 1482/673/1225 1481/672/1224 1478/670/1263
f 1482/673/1225 1478/670/1263 1479/671/1264
f 1483/674/1226 1482/673/1225 1479/671/1264
f 1483/674/1226 1479/671/1264 1480/671/1265
f 1484/674/1227 1483/674/1226 1480/671/1265
f 1484/674/1227 1480/671/1265 1485/670/1266
f 1485/670/1266 1480/671/1265 1463/662/1248
f 1480/671/1265 1465/664/1250 1463/662/1248
f 1485/670/1266 1463/662/1248 1459/660/1244
f 1486/669/1267 1485/670/1266 1459/660/1244
f 1486/669/1267 1459/660/1244 1462/660/1247
f 1477/669/1262 1486/669/1267 1462/660/1247
f 1487/673/1230 1484/674/1227 1485/670/1266
f 1487/673/1230 1485/670/1266 1486/669/1267
f 1488/672/1231 1487/673/1230 1486/669/1267
f 1488/672/1231 1486/669/1267 1477/669/1262
f 1481/672/1224 1488/672/1231 1477/669/1262
f 1472/666/1257 1489/675/1232 1490/675/1268
f 1471/666/1256 1472/666/1257 1490/675/1268
f 1472/666/1257 1473/667/1258 1489/675/1232
f 1473/667/1258 1491/676/1269 1489/675/1232
f 1473/667/1258 1474/668/1259 1491/676/1269
f 1474/668/1259 1492/677/1235 1491/676/1269
f 1474/668/1259 1475/668/1260 1492/677/1235
f 1475/668/1260 1493/677/1270 1492/677/1235
f 1475/668/1260 1476/667/1261 1493/677/1270
f 1476/667/1261 1494/676/1237 1493/677/1270
f 1471/666/1256 1490/675/1268 1494/676/1237
f 1476/667/1261 1471/666/1256 1494/676/1237
f 1490/675/1268 1489/675/1232 1495/678/1238
f 1489/675/1232 1496/678/1271 1495/678/1238
f 1489/675/1232 1491/676/1269 1496/678/1271
f 1491/676/1269 1497/679/1240 1496/678/1271
f 1491/676/1269 1492/677/1235 1497/679/1240
f 1492/677/1235 1498/680/1241 1497/679/1240
f 1492/677/1235 1493/677/1270 1498/680/1241
f 1493/677/1270 1499/680/1272 1498/680/1241
f 1493/677/1270 1494/676/1237 1499/680/1272
f 1494/676/1237 1500/679/1273 1499/680/1272
f 1490/675/1268 1495/678/1238 1500/679/1273
f 1494/676/1237 1490/675/1268 1500/679/1273
f 1501/681/1274 1502/682/1274 1503/682/1274
f 1504/681/1274 1501/681/1274 1503/682/1274
f 1505/683/1275 1506/681/1275 1507/681/1275
f 1508/683/1275 1505/683/1275 1507/681/1275
f 1509/684/1276 1510/684/1276 1511/683/1276
f 1512/683/1277 1509/684/1276 1511/683/1276
f 1513/685/1146 1514/686/1146 1515/686/1146
f 1516/685/1146 1513/685/1146 1515/686/1146
f 1517/685/1278 1518/687/1279 1519/681/1280
f 1519/681/1280 1518/687/1279 1520/682/1281
f 1521/686/1282 1517/685/1278 1519/681/1280
f 1522/683/1283 1521/686/1282 1519/681/1280
f 1523/688/1284 1521/686/1282 1522/683/1283
f 1524/689/278 1521/686/1282 1523/688/1284
f 1525/690/1285 1524/689/278 1523/688/1284
f 1526/684/1286 1523/688/1284 1522/683/1283
f 1527/691/1287 1524/689/278 1525/690/1285
f 1525/690/1285 1528/692/1288 1527/691/1287
f 1528/692/1288 1529/693/1288 1527/691/1287
f 1529/693/1288 1528/692/1288 1530/690/1289
f 1531/691/1290 1529/693/1288 1530/690/1289
f 1532/689/279 1531/691/1290 1530/690/1289
f 1533/688/1291 1532/689/279 1530/690/1289
f 1534/686/1292 1532/689/279 1533/688/1291
f 1535/683/1293 1534/686/1292 1533/688/1291
f 1536/684/1294 1535/683/1293 1533/688/1291
f 1537/685/1295 1534/686/1292 1535/683/1293
f 1538/681/1296 1537/685/1295 1535/683/1293
f 1539/687/1297 1537/685/1295 1538/681/1296
f 1540/682/1298 1539/687/1297 1538/681/1296
f 1541/682/1299 1542/682/1299 1543/687/1299
f 1544/687/1299 1541/682/1299 1543/687/1299
f 1545/690/1300 1546/688/1301 1547/688/1301
f 1548/690/1300 1545/690/1300 1547/688/1301
f 1549/692/1302 1545/690/1300 1548/690/1300
f 1550/688/1146 1551/684/1146 1552/684/1146
f 1553/688/1146 1550/688/1146 1552/684/1146
f 1554/687/1303 1555/687/1303 1556/685/1303
f 1557/685/1303 1554/687/1303 1556/685/1303
f 1558/686/1304 1559/686/1304 1560/689/1304
f 1561/689/1304 1558/686/1304 1560/689/1304
f 1562/689/1305 1563/691/1306 1564/691/1307
f 1565/689/1308 1562/689/1305 1564/691/1307
f 1564/691/1307 1563/691/1306 1566/693/1309
f 1567/694/1310 1568/695/1311 1569/696/1312
f 1570/697/1312 1567/694/1310 1569/696/1312
f 1571/698/1313 1568/695/1311 1567/694/1310
f 1572/699/1313 1571/698/1313 1567/694/1310
f 1573/695/1314 1574/694/1315 1575/697/1316
f 1576/696/1317 1573/695/1314 1575/697/1316
f 1577/699/1318 1574/694/1315 1573/695/1314
f 1578/698/1319 1577/699/1318 1573/695/1314
f 1579/699/1320 1580/694/1320 1581/694/1320
f 1582/699/1320 1579/699/1320 1581/694/1320
f 1583/694/1321 1584/697/1321 1585/697/1321
f 1586/694/1321 1583/694/1321 1585/697/1321
f 1587/228/1276 1588/227/1276 1589/229/1276
f 1589/229/1276 1588/227/1276 1590/230/1276
f 1590/230/1276 1588/227/1276 1591/231/1276
f 1591/231/1276 1588/227/1276 1592/232/1276
f 1588/227/1276 1593/233/1276 1592/232/1276
f 1594/234/1276 1593/233/1276 1588/227/1276
f 1595/236/1322 1596/235/1323 1597/237/1324
f 1598/238/1325 1597/237/1324 1596/235/1323
f 1599/239/1326 1598/238/1325 1596/235/1323
f 1599/239/1326 1596/235/1323 1600/240/1327
f 1601/241/1328 1599/239/1326 1600/240/1327
f 1600/240/1327 1596/235/1323 1602/242/1329
f 1596/235/1323 1603/243/1330 1602/242/1329
f 1604/244/1331 1605/247/1332 1606/246/1333
f 1607/245/1331 1604/244/1331 1606/246/1333
f 1606/246/1333 1605/247/1332 1608/248/1334
f 1605/247/1332 1609/249/1335 1608/248/1334
f 1608/248/1334 1609/249/1335 1610/250/1336
f 1610/250/1336 1609/249/1335 1611/251/1337
f 1612/252/1338 1610/250/1336 1611/251/1337
f 1613/254/1339 1614/253/1340 1615/255/1341
f 1614/253/1340 1616/256/1342 1615/255/1341
f 1617/257/1343 1615/255/1341 1616/256/1342
f 1618/258/1344 1616/256/1342 1614/253/1340
f 1618/258/1344 1619/259/1345 1616/256/1342
f 1620/260/1346 1619/259/1345 1618/258/1344
f 1618/258/1344 1614/253/1340 1621/261/1347
f 1621/261/1347 1614/253/1340 1613/254/1339
f 1619/259/1345 1622/262/1348 1616/256/1342
f 1622/262/1348 1623/263/1349 1616/256/1342
f 1624/265/1350 1625/264/1351 1626/236/1352
f 1625/264/1351 1624/265/1350 1627/266/1353
f 1628/267/1354 1625/264/1351 1627/266/1353
f 1629/257/1355 1628/267/1354 1627/266/1353
f 1626/236/1352 1625/264/1351 1630/235/1356
f 1625/264/1351 1631/268/1357 1630/235/1356
f 1631/268/1357 1625/264/1351 1628/267/1354
f 1632/269/1358 1631/268/1357 1628/267/1354
f 1632/269/1358 1628/267/1354 1629/257/1355
f 1633/243/1359 1631/268/1357 1632/269/1358
f 1630/235/1356 1631/268/1357 1633/243/1359
f 1634/263/1360 1633/243/1359 1632/269/1358
f 1635/256/1361 1634/263/1360 1632/269/1358
f 1635/256/1361 1632/269/1358 1629/257/1355
f 1636/270/1362 1637/271/1363 1638/252/1364
f 1639/251/1364 1636/270/1362 1638/252/1364
f 1640/272/1365 1637/271/1363 1636/270/1362
f 1641/273/1366 1640/272/1365 1636/270/1362
f 1642/274/1367 1637/271/1363 1640/272/1365
f 1643/275/1368 1644/243/1369 1645/263/1370
f 1646/242/1371 1644/243/1369 1643/275/1368
f 1647/262/1372 1643/275/1368 1645/263/1370
f 1648/276/1373 1649/279/1374 1650/278/1375
f 1651/277/1376 1648/276/1373 1650/278/1375
f 1650/278/1375 1649/279/1374 1652/280/1377
f 1649/279/1374 1653/281/1378 1652/280/1377
f 1652/280/1377 1653/281/1378 1654/282/1379
f 1653/281/1378 1655/283/1380 1654/282/1379
f 1653/281/1378 1649/279/1374 1655/283/1380
f 1649/279/1374 1656/284/1381 1655/283/1380
f 1649/279/1374 1657/285/1382 1656/284/1381
f 1657/285/1382 1658/286/1383 1656/284/1381
f 1655/283/1380 1656/284/1381 1659/287/1384
f 1654/282/1379 1655/283/1380 1659/287/1384
f 1652/280/1377 1654/282/1379 1659/287/1384
f 1650/278/1375 1652/280/1377 1659/287/1384
f 1659/287/1384 1656/284/1381 1660/288/1385
f 1656/284/1381 1661/289/1386 1660/288/1385
f 1662/290/1387 1660/288/1385 1661/289/1386
f 1663/291/1382 1662/290/1387 1661/289/1386
f 1650/278/1375 1659/287/1384 1664/292/1387
f 1659/287/1384 1665/293/1388 1664/292/1387
f 1666/294/1389 1667/297/1390 1668/296/1391
f 1669/295/1392 1666/294/1389 1668/296/1391
f 1668/296/1391 1667/297/1390 1670/298/1393
f 1667/297/1390 1671/299/1394 1670/298/1393
f 1670/298/1393 1672/300/1395 1673/301/1396
f 1672/300/1395 1674/302/1397 1673/301/1396
f 1672/300/1395 1675/303/1390 1674/302/1397
f 1675/303/1390 1676/304/1398 1674/302/1397
f 1673/301/1399 1677/305/1400 1678/306/1401
f 1677/305/1400 1679/307/1402 1678/306/1401
f 1678/306/1401 1679/307/1402 1680/308/1403
f 1679/307/1402 1681/309/1404 1680/308/1403
f 1682/310/1392 1680/308/1405 1683/311/1404
f 1684/312/1406 1682/310/1392 1683/311/1404
f 1684/312/1406 1683/311/1404 1685/313/1407
f 1686/314/1390 1684/312/1406 1685/313/1407
f 1687/315/1401 1680/308/1405 1682/310/1392
f 1688/316/1408 1687/315/1401 1682/310/1392
f 1688/316/1408 1689/317/1393 1687/315/1401
f 1689/317/1393 1690/318/1409 1687/315/1401
f 1691/319/1410 1692/322/1411 1693/321/1412
f 1694/320/1413 1691/319/1410 1693/321/1412
f 1693/321/1412 1692/322/1411 1695/323/1414
f 1692/322/1411 1696/324/1415 1695/323/1414
f 1695/323/1414 1696/324/1415 1697/325/1416
f 1696/324/1415 1698/326/1417 1697/325/1416
f 1696/324/1415 1692/322/1411 1698/326/1417
f 1692/322/1411 1699/327/1418 1698/326/1417
f 1692/322/1411 1700/328/1419 1699/327/1418
f 1700/328/1419 1701/329/1420 1699/327/1418
f 1698/326/1417 1699/327/1418 1702/330/1421
f 1697/325/1416 1698/326/1417 1702/330/1421
f 1695/323/1414 1697/325/1416 1702/330/1421
f 1693/321/1412 1695/323/1414 1702/330/1421
f 1702/330/1421 1699/327/1418 1703/331/1422
f 1699/327/1418 1704/332/1420 1703/331/1422
f 1705/333/1423 1703/331/1422 1704/332/1420
f 1706/334/1410 1705/333/1423 1704/332/1420
f 1693/321/1412 1702/330/1421 1707/335/1424
f 1702/330/1421 1708/336/1422 1707/335/1424
f 1709/294/1425 1710/337/1426 1711/296/1427
f 1712/295/1428 1709/294/1425 1711/296/1427
f 1711/296/1427 1710/337/1426 1713/298/1429
f 1710/337/1426 1714/299/1430 1713/298/1429
f 1713/298/1431 1715/300/1432 1716/301/1433
f 1715/300/1432 1717/302/1434 1716/301/1433
f 1715/300/1432 1718/303/1435 1717/302/1434
f 1718/303/1435 1719/304/1436 1717/302/1434
f 1716/301/1433 1720/305/1437 1721/306/1438
f 1720/305/1437 1722/307/1439 1721/306/1438
f 1721/306/1438 1722/307/1439 1723/308/1440
f 1722/307/1439 1724/309/1441 1723/308/1440
f 1725/310/1442 1723/308/1443 1726/311/1444
f 1727/312/1425 1725/310/1442 1726/311/1444
f 1727/312/1425 1726/311/1444 1728/313/1439
f 1729/314/1426 1727/312/1425 1728/313/1439
f 1730/315/1438 1723/308/1443 1725/310/1442
f 1731/316/1427 1730/315/1438 1725/310/1442
f 1731/316/1427 1732/317/1429 1730/315/1438
f 1732/317/1429 1733/318/1433 1730/315/1438
f 1734/319/1445 1735/322/1446 1736/321/1447
f 1737/320/1448 1734/319/1445 1736/321/1447
f 1736/321/1447 1735/322/1446 1738/323/1449
f 1735/322/1446 1739/324/1450 1738/323/1449
f 1738/323/1449 1739/324/1450 1740/325/1451
f 1739/324/1450 1741/326/1452 1740/325/1451
f 1739/324/1450 1735/322/1446 1741/326/1452
f 1735/322/1446 1742/327/1453 1741/326/1452
f 1735/322/1446 1743/328/1454 1742/327/1453
f 1743/328/1454 1744/329/1455 1742/327/1453
f 1741/326/1452 1742/327/1453 1745/330/1456
f 1740/325/1451 1741/326/1452 1745/330/1456
f 1738/323/1449 1740/325/1451 1745/330/1456
f 1736/321/1447 1738/323/1449 1745/330/1456
f 1745/330/1456 1742/327/1453 1746/331/1457
f 1742/327/1453 1747/332/1455 1746/331/1457
f 1748/333/1458 1746/331/1457 1747/332/1455
f 1749/334/1445 1748/333/1458 1747/332/1455
f 1736/321/1447 1745/330/1456 1750/338/1448
f 1745/330/1456 1751/339/1457 1750/338/1448
f 1752/276/1459 1753/340/1460 1754/278/1461
f 1755/277/1462 1752/276/1459 1754/278/1461
f 1754/278/1461 1753/340/1460 1756/280/1463
f 1753/340/1460 1757/281/1464 1756/280/1463
f 1756/280/1463 1757/281/1464 1758/282/1465
f 1757/281/1464 1759/283/1466 1758/282/1465
f 1757/281/1464 1753/340/1460 1759/283/1466
f 1753/340/1460 1760/341/1467 1759/283/1466
f 1753/340/1460 1761/285/1468 1760/341/1467
f 1761/285/1468 1762/286/1469 1760/341/1467
f 1759/283/1466 1760/341/1467 1763/287/1470
f 1758/282/1465 1759/283/1466 1763/287/1470
f 1756/280/1463 1758/282/1465 1763/287/1470
f 1754/278/1461 1756/280/1463 1763/287/1470
f 1763/287/1470 1760/341/1467 1764/288/1471
f 1760/341/1467 1765/289/1472 1764/288/1471
f 1766/290/1462 1764/288/1471 1765/289/1472
f 1767/291/1473 1766/290/1462 1765/289/1472
f 1754/278/1461 1763/287/1470 1768/292/1474
f 1763/287/1470 1769/293/1475 1768/292/1474
f 1770/294/1476 1771/337/1477 1772/296/1478
f 1773/295/1479 1770/294/1476 1772/296/1478
f 1772/296/1478 1771/337/1477 1774/298/1480
f 1771/337/1477 1775/299/1481 1774/298/1480
f 1774/298/1482 1776/300/1481 1777/301/1483
f 1776/300/1481 1778/302/1484 1777/301/1483
f 1776/300/1481 1779/303/1485 1778/302/1484
f 1779/303/1485 1780/304/1486 1778/302/1484
f 1777/301/1487 1781/305/1488 1782/306/1489
f 1781/305/1488 1783/307/1486 1782/306/1489
f 1782/306/1489 1783/307/1486 1784/308/1490
f 1783/307/1486 1785/309/1491 1784/308/1490
f 1786/310/1492 1784/308/1493 1787/311/1494
f 1788/312/1495 1786/310/1492 1787/311/1494
f 1788/312/1495 1787/311/1494 1789/313/1496
f 1790/314/1477 1788/312/1495 1789/313/1496
f 1791/315/1497 1784/308/1493 1786/310/1492
f 1792/316/1498 1791/315/1497 1786/310/1492
f 1792/316/1498 1793/317/1499 1791/315/1497
f 1793/317/1499 1794/318/1500 1791/315/1497
f 1795/319/1501 1796/322/1502 1797/321/1503
f 1798/320/1504 1795/319/1501 1797/321/1503
f 1797/321/1503 1796/322/1502 1799/323/1505
f 1796/322/1502 1800/324/1506 1799/323/1505
f 1799/323/1505 1800/324/1506 1801/325/1507
f 1800/324/1506 1802/326/1508 1801/325/1507
f 1800/324/1506 1796/322/1502 1802/326/1508
f 1796/322/1502 1803/327/1509 1802/326/1508
f 1796/322/1502 1804/328/1510 1803/327/1509
f 1804/328/1510 1805/329/1511 1803/327/1509
f 1802/326/1508 1803/327/1509 1806/330/1512
f 1801/325/1507 1802/326/1508 1806/330/1512
f 1799/323/1505 1801/325/1507 1806/330/1512
f 1797/321/1503 1799/323/1505 1806/330/1512
f 1806/330/1512 1803/327/1509 1807/331/1513
f 1803/327/1509 1808/332/1514 1807/331/1513
f 1809/333/1515 1807/331/1513 1808/332/1514
f 1810/334/1501 1809/333/1515 1808/332/1514
f 1797/321/1503 1806/330/1512 1811/338/1504
f 1806/330/1512 1812/339/1516 1811/338/1504
f 1813/276/1517 1814/340/1518 1815/278/1519
f 1816/277/1520 1813/276/1517 1815/278/1519
f 1815/278/1519 1814/340/1518 1817/280/1521
f 1814/340/1518 1818/281/1522 1817/280/1521
f 1817/280/1521 1818/281/1522 1819/282/1523
f 1818/281/1522 1820/283/1524 1819/282/1523
f 1818/281/1522 1814/340/1518 1820/283/1524
f 1814/340/1518 1821/341/1525 1820/283/1524
f 1814/340/1518 1822/285/1526 1821/341/1525
f 1822/285/1526 1823/286/1527 1821/341/1525
f 1820/283/1524 1821/341/1525 1824/287/1528
f 1819/282/1523 1820/283/1524 1824/287/1528
f 1817/280/1521 1819/282/1523 1824/287/1528
f 1815/278/1519 1817/280/1521 1824/287/1528
f 1824/287/1528 1821/341/1525 1825/288/1529
f 1821/341/1525 1826/289/1530 1825/288/1529
f 1827/290/1531 1825/288/1529 1826/289/1530
f 1828/291/1517 1827/290/1531 1826/289/1530
f 1815/278/1519 1824/287/1528 1829/292/1531
f 1824/287/1528 1830/293/1529 1829/292/1531
f 1831/294/1532 1832/337/1533 1833/296/1534
f 1834/295/1535 1831/294/1532 1833/296/1534
f 1833/296/1534 1832/337/1533 1835/298/1536
f 1832/337/1533 1836/299/1537 1835/298/1536
f 1835/298/1538 1837/300/1539 1838/301/1540
f 1837/300/1539 1839/302/1541 1838/301/1540
f 1837/300/1539 1840/303/1542 1839/302/1541
f 1840/303/1542 1841/304/1543 1839/302/1541
f 1838/301/1544 1842/305/1545 1843/306/1546
f 1842/305/1545 1844/307/1547 1843/306/1546
f 1843/306/1546 1844/307/1547 1845/308/1548
f 1844/307/1547 1846/309/1549 1845/308/1548
f 1847/310/1535 1845/308/1550 1848/311/1549
f 1849/312/1551 1847/310/1535 1848/311/1549
f 1849/312/1551 1848/311/1549 1850/313/1552
f 1851/314/1542 1849/312/1551 1850/313/1552
f 1852/315/1546 1845/308/1550 1847/310/1535
f 1853/316/1553 1852/315/1546 1847/310/1535
f 1853/316/1553 1854/317/1538 1852/315/1546
f 1854/317/1538 1855/318/1540 1852/315/1546
f 1856/319/1554 1857/322/1555 1858/321/1556
f 1859/320/1557 1856/319/1554 1858/321/1556
f 1858/321/1556 1857/322/1555 1860/323/1558
f 1857/322/1555 1861/324/1559 1860/323/1558
f 1860/323/1558 1861/324/1559 1862/325/1560
f 1861/324/1559 1863/326/1561 1862/325/1560
f 1861/324/1559 1857/322/1555 1863/326/1561
f 1857/322/1555 1864/327/1562 1863/326/1561
f 1857/322/1555 1865/328/1563 1864/327/1562
f 1865/328/1563 1866/329/1564 1864/327/1562
f 1863/326/1561 1864/327/1562 1867/330/1565
f 1862/325/1560 1863/326/1561 1867/330/1565
f 1860/323/1558 1862/325/1560 1867/330/1565
f 1858/321/1556 1860/323/1558 1867/330/1565
f 1867/330/1565 1864/327/1562 1868/331/1566
f 1864/327/1562 1869/332/1567 1868/331/1566
f 1870/333/1568 1868/331/1566 1869/332/1567
f 1871/334/1554 1870/333/1568 1869/332/1567
f 1858/321/1556 1867/330/1565 1872/338/1568
f 1867/330/1565 1873/339/1566 1872/338/1568
f 1874/276/1569 1875/340/1570 1876/278/1571
f 1877/277/1572 1874/276/1569 1876/278/1571
f 1876/278/1571 1875/340/1570 1878/280/1573
f 1875/340/1570 1879/281/1574 1878/280/1573
f 1878/280/1573 1879/281/1574 1880/282/1575
f 1879/281/1574 1881/283/1576 1880/282/1575
f 1879/281/1574 1875/340/1570 1881/283/1576
f 1875/340/1570 1882/341/1577 1881/283/1576
f 1875/340/1570 1883/285/1569 1882/341/1577
f 1883/285/1569 1884/286/1578 1882/341/1577
f 1881/283/1576 1882/341/1577 1885/287/1579
f 1880/282/1575 1881/283/1576 1885/287/1579
f 1878/280/1573 1880/282/1575 1885/287/1579
f 1876/278/1571 1878/280/1573 1885/287/1579
f 1885/287/1579 1882/341/1577 1886/288/1580
f 1882/341/1577 1887/289/1578 1886/288/1580
f 1888/290/1581 1886/288/1580 1887/289/1578
f 1889/291/1582 1888/290/1581 1887/289/1578
f 1876/278/1571 1885/287/1579 1890/292/1583
f 1885/287/1579 1891/293/1584 1890/292/1583
f 1892/294/1585 1893/337/1586 1894/296/1587
f 1895/295/1588 1892/294/1585 1894/296/1587
f 1894/296/1587 1893/337/1586 1896/298/1589
f 1893/337/1586 1897/299/1590 1896/298/1589
f 1896/298/1589 1898/300/1591 1899/301/1592
f 1898/300/1591 1900/302/1593 1899/301/1592
f 1898/300/1591 1901/303/1594 1900/302/1593
f 1901/303/1594 1902/304/1595 1900/302/1593
f 1899/301/1596 1903/305/1597 1904/306/1598
f 1903/305/1597 1905/307/1599 1904/306/1598
f 1904/306/1598 1905/307/1599 1906/308/1600
f 1905/307/1599 1907/309/1601 1906/308/1600
f 1908/310/1602 1906/308/1600 1909/311/1603
f 1910/312/1604 1908/310/1602 1909/311/1603
f 1910/312/1604 1909/311/1603 1911/313/1605
f 1912/314/1586 1910/312/1604 1911/313/1605
f 1913/315/1598 1906/308/1600 1908/310/1602
f 1914/316/1587 1913/315/1598 1908/310/1602
f 1914/316/1587 1915/317/1589 1913/315/1598
f 1915/317/1589 1916/318/1592 1913/315/1598
f 1917/319/1606 1918/322/1607 1919/321/1608
f 1920/320/1609 1917/319/1606 1919/321/1608
f 1919/321/1608 1918/322/1607 1921/323/1610
f 1918/322/1607 1922/324/1611 1921/323/1610
f 1921/323/1610 1922/324/1611 1923/325/1612
f 1922/324/1611 1924/326/1613 1923/325/1612
f 1922/324/1611 1918/322/1607 1924/326/1613
f 1918/322/1607 1925/327/1614 1924/326/1613
f 1918/322/1607 1926/328/1615 1925/327/1614
f 1926/328/1615 1927/329/1616 1925/327/1614
f 1924/326/1613 1925/327/1614 1928/330/1617
f 1923/325/1612 1924/326/1613 1928/330/1617
f 1921/323/1610 1923/325/1612 1928/330/1617
f 1919/321/1608 1921/323/1610 1928/330/1617
f 1928/330/1617 1925/327/1614 1929/331/1618
f 1925/327/1614 1930/332/1619 1929/331/1618
f 1931/333/1620 1929/331/1618 1930/332/1619
f 1932/334/1621 1931/333/1620 1930/332/1619
f 1919/321/1608 1928/330/1617 1933/338/1620
f 1928/330/1617 1934/339/1622 1933/338/1620
f 1935/365/1623 1936/364/1624 1937/366/1625
f 1938/367/1626 1936/364/1624 1935/365/1623
f 1937/366/1625 1936/364/1624 1939/368/1627
f 1940/369/1628 1936/364/1624 1938/367/1626
f 1941/370/1629 1940/369/1628 1938/367/1626
f 1942/371/1630 1940/369/1628 1941/370/1629
f 1943/372/1631 1940/369/1628 1942/371/1630
f 1944/373/1632 1940/369/1628 1943/372/1631
f 1936/364/1624 1945/374/1633 1939/368/1627
f 1945/374/1633 1936/364/1624 1940/369/1628
f 1939/368/1627 1945/374/1633 1946/375/1634
f 1945/374/1633 1940/369/1628 1947/376/1635
f 1945/374/1633 1947/376/1635 1946/375/1634
f 1947/376/1635 1940/369/1628 1944/373/1632
f 1947/376/1635 1944/373/1632 1948/377/1636
f 1946/375/1634 1947/376/1635 1948/377/1636
f 1949/378/1637 1939/368/1627 1946/375/1634
f 1950/380/1638 1951/379/1639 1952/381/1640
f 1952/381/1640 1953/382/1641 1950/380/1638
f 1950/380/1638 1953/382/1641 1954/383/1642
f 1954/383/1642 1953/382/1641 1955/384/1643
f 1955/384/1643 1953/382/1641 1956/385/1644
f 1956/385/1644 1953/382/1641 1957/386/1645
f 1953/382/1641 1958/387/1646 1957/386/1645
f 1952/381/1640 1958/387/1646 1953/382/1641
f 1957/386/1645 1958/387/1646 1959/388/1647
f 1959/388/1647 1958/387/1646 1960/389/1648
f 1960/389/1648 1958/387/1646 1961/390/1649
f 1952/381/1640 1962/391/1650 1958/387/1646
f 1962/391/1650 1952/381/1640 1951/379/1639
f 1958/387/1646 1962/391/1650 1961/390/1649
f 1961/390/1649 1962/391/1650 1963/392/1651
f 1963/392/1651 1962/391/1650 1951/379/1639
f 1964/393/1652 1951/379/1639 1950/380/1638
f 1965/394/1275 1966/375/1653 1967/379/1653
f 1967/379/1653 1966/375/1653 1968/395/1654
f 1969/342/1276 1970/345/1276 1971/344/1276
f 1972/343/1276 1969/342/1276 1971/344/1276
f 1973/346/278 1974/342/278 1975/343/278
f 1976/347/278 1973/346/278 1975/343/278
f 1977/348/1274 1978/346/1274 1979/347/1274
f 1980/349/1274 1977/348/1274 1979/347/1274
f 1981/350/1655 1982/348/1655 1983/349/1655
f 1984/351/1655 1981/350/1655 1983/349/1655
f 1985/346/1656 1986/353/1656 1987/352/1656
f 1988/342/1656 1985/346/1656 1987/352/1656
f 1989/343/1146 1990/355/1146 1991/354/1146
f 1992/347/1146 1989/343/1146 1991/354/1146
f 1993/356/1276 1994/359/1276 1995/358/1276
f 1996/357/1276 1993/356/1276 1995/358/1276
f 1997/360/278 1998/356/278 1999/357/278
f 2000/347/278 1997/360/278 1999/357/278
f 2001/361/1274 2002/360/1274 2003/347/1274
f 2004/349/1274 2001/361/1274 2003/347/1274
f 2005/362/1655 2006/361/1657 2007/349/1655
f 2008/363/1655 2005/362/1655 2007/349/1655
f 2009/360/1656 2010/353/1656 2011/352/1656
f 2012/356/1656 2009/360/1656 2011/352/1656
f 2013/357/1146 2014/355/1146 2015/354/1146
f 2016/347/1146 2013/357/1146 2015/354/1146
f 2017/396/1658 2018/399/1659 2019/398/1660
f 2020/397/1661 2017/396/1658 2019/398/1660
f 2017/396/1658 2021/400/1662 2018/399/1659
f 2021/400/1662 2022/401/1663 2018/399/1659
f 2021/400/1662 2023/402/1664 2022/401/1663
f 2023/402/1664 2024/403/1665 2022/401/1663
f 2023/402/1664 2025/400/1666 2024/403/1665
f 2025/400/1666 2026/401/1667 2024/403/1665
f 2025/400/1666 2027/404/1668 2026/401/1667
f 2027/404/1668 2028/405/1669 2026/401/1667
f 2020/397/1661 2019/398/1660 2028/405/1669
f 2027/404/1668 2020/397/1661 2028/405/1669
f 2019/398/1660 2018/399/1659 2029/406/1670
f 2018/399/1659 2030/407/1671 2029/406/1670
f 2018/399/1659 2022/401/1663 2030/407/1671
f 2022/401/1663 2031/408/1672 2030/407/1671
f 2022/401/1663 2024/403/1665 2031/408/1672
f 2024/403/1665 2032/409/1673 2031/408/1672
f 2024/403/1665 2026/401/1667 2032/409/1673
f 2026/401/1667 2033/408/1674 2032/409/1673
f 2026/401/1667 2028/405/1669 2033/408/1674
f 2028/405/1669 2034/410/1675 2033/408/1674
f 2019/398/1660 2029/406/1670 2034/410/1675
f 2028/405/1669 2019/398/1660 2034/410/1675
f 2035/412/1146 2020/397/1661 2027/404/1668
f 2036/411/1676 2035/412/1146 2027/404/1668
f 2036/411/1676 2027/404/1668 2025/400/1666
f 2037/413/1677 2036/411/1676 2025/400/1666
f 2037/413/1677 2025/400/1666 2023/402/1664
f 2038/414/1275 2037/413/1677 2023/402/1664
f 2029/406/1670 2030/407/1671 2039/417/1678
f 2030/407/1671 2040/416/1679 2039/417/1678
f 2030/407/1671 2031/408/1672 2040/416/1679
f 2031/408/1672 2041/418/1680 2040/416/1679
f 2031/408/1672 2032/409/1673 2041/418/1680
f 2032/409/1673 2042/419/1681 2041/418/1680
f 2032/409/1673 2033/408/1674 2042/419/1681
f 2033/408/1674 2043/418/1682 2042/419/1681
f 2033/408/1674 2034/410/1675 2043/418/1682
f 2034/410/1675 2044/420/1683 2043/418/1682
f 2029/406/1670 2039/417/1678 2044/420/1683
f 2034/410/1675 2029/406/1670 2044/420/1683
f 2035/412/1146 2036/411/1676 2045/404/1684
f 2046/397/1685 2035/412/1146 2045/404/1684
f 2046/397/1685 2045/404/1684 2047/405/1686
f 2047/405/1686 2045/404/1684 2048/401/1687
f 2045/404/1684 2049/400/1688 2048/401/1687
f 2036/411/1676 2037/413/1677 2049/400/1688
f 2045/404/1684 2036/411/1676 2049/400/1688
f 2048/401/1687 2049/400/1688 2050/403/1689
f 2049/400/1688 2051/402/1690 2050/403/1689
f 2037/413/1677 2038/414/1275 2051/402/1690
f 2049/400/1688 2037/413/1677 2051/402/1690
f 2050/403/1689 2051/402/1690 2052/401/1691
f 2051/402/1690 2053/400/1692 2052/401/1691
f 2052/401/1691 2053/400/1692 2054/399/1693
f 2053/400/1692 2055/396/1694 2054/399/1693
f 2055/396/1694 2046/397/1685 2056/398/1695
f 2054/399/1693 2055/396/1694 2056/398/1695
f 2056/398/1695 2046/397/1685 2047/405/1686
f 2054/399/1693 2056/398/1695 2057/406/1696
f 2058/407/1697 2054/399/1693 2057/406/1696
f 2052/401/1691 2054/399/1693 2058/407/1697
f 2059/408/1698 2052/401/1691 2058/407/1697
f 2050/403/1689 2052/401/1691 2059/408/1698
f 2060/409/1699 2050/403/1689 2059/408/1698
f 2048/401/1687 2050/403/1689 2060/409/1699
f 2061/408/1700 2048/401/1687 2060/409/1699
f 2047/405/1686 2048/401/1687 2061/408/1700
f 2062/410/1701 2047/405/1686 2061/408/1700
f 2056/398/1695 2047/405/1686 2062/410/1701
f 2057/406/1696 2056/398/1695 2062/410/1701
f 2051/402/1690 2038/414/1275 2053/400/1692
f 2038/414/1275 2063/413/1702 2053/400/1692
f 2053/400/1692 2063/413/1702 2055/396/1694
f 2063/413/1702 2038/414/1275 2021/400/1662
f 2038/414/1275 2023/402/1664 2021/400/1662
f 2063/413/1702 2021/400/1662 2017/396/1658
f 2064/415/1703 2063/413/1702 2017/396/1658
f 2063/413/1702 2064/415/1703 2055/396/1694
f 2064/415/1703 2017/396/1658 2020/397/1661
f 2035/412/1146 2064/415/1703 2020/397/1661
f 2064/415/1703 2035/412/1146 2046/397/1685
f 2055/396/1694 2064/415/1703 2046/397/1685
f 2058/407/1697 2057/406/1696 2065/417/1704
f 2066/416/1705 2058/407/1697 2065/417/1704
f 2059/408/1698 2058/407/1697 2066/416/1705
f 2067/418/1706 2059/408/1698 2066/416/1705
f 2060/409/1699 2059/408/1698 2067/418/1706
f 2068/419/1707 2060/409/1699 2067/418/1706
f 2061/408/1700 2060/409/1699 2068/419/1707
f 2069/418/1708 2061/408/1700 2068/419/1707
f 2062/410/1701 2061/408/1700 2069/418/1708
f 2070/420/1709 2062/410/1701 2069/418/1708
f 2057/406/1696 2062/410/1701 2070/420/1709
f 2065/417/1704 2057/406/1696 2070/420/1709
f 2071/422/1274 2072/421/1274 2073/423/1274
f 2071/422/1274 2073/423/1274 2074/424/1274
f 2071/422/1274 2074/424/1274 2075/425/1274
f 2071/422/1274 2075/425/1274 2076/426/1274
f 2071/422/1274 2076/426/1274 2077/427/1274
f 2071/422/1274 2077/427/1274 2072/421/1274
f 2078/421/1276 2079/422/1276 2080/423/1276
f 2080/423/1276 2079/422/1276 2081/424/1276
f 2081/424/1276 2079/422/1276 2082/425/1276
f 2082/425/1276 2079/422/1276 2083/426/1276
f 2083/426/1276 2079/422/1276 2084/427/1276
f 2084/427/1276 2079/422/1276 2078/421/1276
f 2085/428/1710 2086/431/1711 2087/430/1712
f 2088/429/1713 2085/428/1710 2087/430/1712
f 2087/430/1712 2086/431/1711 2089/432/1714
f 2086/431/1711 2090/433/1715 2089/432/1714
f 2090/433/1715 2091/434/1716 2089/432/1714
f 2090/433/1715 2092/435/1717 2091/434/1716
f 2092/435/1717 2090/433/1715 2093/436/1718
f 2093/436/1718 2094/437/1719 2092/435/1717
f 2093/436/1718 2090/433/1715 2095/438/1720
f 2090/433/1715 2096/439/1721 2095/438/1720
f 2096/439/1721 2090/433/1715 2086/431/1711
f 2085/428/1710 2096/439/1721 2086/431/1711
f 2095/438/1720 2097/440/1722 2093/436/1718
f 2097/440/1722 2098/441/1723 2093/436/1718
f 2098/441/1723 2094/437/1719 2093/436/1718
f 2099/442/1724 2094/437/1719 2098/441/1723
f 2097/440/1722 2100/443/1725 2098/441/1723
f 2100/443/1725 2101/444/1726 2098/441/1723
f 2100/443/1725 2102/445/1727 2101/444/1726
f 2102/445/1727 2103/446/1728 2101/444/1726
f 2101/444/1726 2103/446/1728 2104/447/1729
f 2104/447/1729 2098/441/1723 2101/444/1726
f 2104/447/1729 2099/442/1724 2098/441/1723
f 2102/445/1727 2105/448/1730 2103/446/1728
f 2105/448/1730 2106/449/1731 2103/446/1728
f 2103/446/1728 2106/449/1731 2107/450/1732
f 2103/446/1728 2107/450/1732 2104/447/1729
f 2105/448/1730 2108/451/1733 2106/449/1731
f 2108/451/1733 2109/452/1734 2106/449/1731
f 2108/451/1733 2110/453/1735 2109/452/1734
f 2110/453/1735 2111/454/1736 2109/452/1734
f 2111/454/1736 2112/455/1737 2109/452/1734
f 2113/456/1738 2112/455/1737 2111/454/1736
f 2114/457/1739 2113/456/1738 2111/454/1736
f 2110/453/1735 2114/457/1739 2111/454/1736
f 2114/457/1739 2115/458/1740 2113/456/1738
f 2115/458/1740 2116/459/1741 2113/456/1738
f 2117/460/1742 2113/456/1738 2116/459/1741
f 2117/460/1742 2116/459/1741 2118/461/1743
f 2115/458/1740 2119/462/1744 2116/459/1741
f 2119/462/1744 2120/463/1745 2116/459/1741
f 2120/463/1745 2118/461/1743 2116/459/1741
f 2119/462/1744 2121/464/1746 2120/463/1745
f 2121/464/1746 2122/465/1747 2120/463/1745
f 2123/466/1748 2112/455/1737 2113/456/1738
f 2123/466/1748 2113/456/1738 2117/460/1742
f 2118/461/1743 2120/463/1745 2124/467/1749
f 2120/463/1745 2122/465/1747 2125/468/1750
f 2124/467/1749 2120/463/1745 2125/468/1750
f 2122/465/1747 2126/469/1751 2125/468/1750
f 2127/470/1752 2126/469/1751 2122/465/1747
f 2121/464/1746 2127/470/1752 2122/465/1747
f 2128/471/1753 2127/470/1752 2121/464/1746
f 2129/472/1754 2128/471/1753 2121/464/1746
f 2129/472/1754 2121/464/1746 2119/462/1744
f 2128/471/1753 2129/472/1754 2130/473/1755
f 2131/474/1756 2128/471/1753 2130/473/1755
f 2130/473/1755 2129/472/1754 2132/475/1757
f 2132/475/1757 2129/472/1754 2119/462/1744
f 2133/476/1758 2130/473/1755 2132/475/1757
f 2133/476/1758 2132/475/1757 2134/477/1759
f 2135/478/1760 2133/476/1758 2134/477/1759
f 2135/478/1760 2134/477/1759 2136/479/1761
f 2134/477/1759 2137/480/1762 2136/479/1761
f 2134/477/1759 2132/475/1757 2115/458/1740
f 2132/475/1757 2119/462/1744 2115/458/1740
f 2134/477/1759 2115/458/1740 2114/457/1739
f 2137/480/1762 2134/477/1759 2114/457/1739
f 2137/480/1762 2114/457/1739 2110/453/1735
f 2138/481/1763 2137/480/1762 2110/453/1735
f 2136/479/1761 2137/480/1762 2138/481/1763
f 2139/482/1764 2136/479/1761 2138/481/1763
f 2139/482/1764 2138/481/1763 2140/483/1765
f 2138/481/1763 2110/453/1735 2108/451/1733
f 2141/484/1766 2138/481/1763 2108/451/1733
f 2138/481/1763 2141/484/1766 2140/483/1765
f 2141/484/1766 2108/451/1733 2105/448/1730
f 2142/485/1767 2141/484/1766 2105/448/1730
f 2143/486/1768 2141/484/1766 2142/485/1767
f 2140/483/1765 2141/484/1766 2143/486/1768
f 2142/485/1767 2105/448/1730 2102/445/1727
f 2144/487/1769 2142/485/1767 2102/445/1727
f 2144/487/1769 2102/445/1727 2100/443/1725
f 2145/488/1770 2144/487/1769 2100/443/1725
f 2145/488/1770 2100/443/1725 2097/440/1722
f 2146/489/1771 2145/488/1770 2097/440/1722
f 2146/489/1771 2147/490/1772 2145/488/1770
f 2146/489/1771 2148/491/1773 2147/490/1772
f 2148/491/1773 2149/492/1774 2147/490/1772
f 2150/493/1775 2149/492/1774 2148/491/1773
f 2151/494/1776 2150/493/1775 2148/491/1773
f 2152/495/1777 2150/493/1775 2151/494/1776
f 2153/496/1778 2152/495/1777 2151/494/1776
f 2154/497/1779 2152/495/1777 2153/496/1778
f 2155/498/1780 2154/497/1779 2153/496/1778
f 2146/489/1771 2097/440/1722 2095/438/1720
f 2148/491/1773 2146/489/1771 2095/438/1720
f 2148/491/1773 2095/438/1720 2151/494/1776
f 2095/438/1720 2096/439/1721 2151/494/1776
f 2151/494/1776 2096/439/1721 2085/428/1710
f 2153/496/1778 2151/494/1776 2085/428/1710
f 2153/496/1778 2085/428/1710 2088/429/1713
f 2155/498/1780 2153/496/1778 2088/429/1713
f 2147/490/1772 2156/499/1781 2145/488/1770
f 2156/499/1781 2157/500/1782 2145/488/1770
f 2145/488/1770 2157/500/1782 2144/487/1769
f 2157/500/1782 2158/501/1783 2144/487/1769
f 2144/487/1769 2158/501/1783 2142/485/1767
f 2158/501/1783 2159/502/1784 2142/485/1767
f 2159/502/1784 2143/486/1768 2142/485/1767
f 2160/503/1785 2161/506/1786 2162/505/1787
f 2163/504/1788 2160/503/1785 2162/505/1787
f 2161/506/1786 2164/507/1789 2162/505/1787
f 2161/506/1786 2160/503/1785 2165/508/1790
f 2161/506/1786 2165/508/1790 2164/507/1789
f 2160/503/1785 2166/509/1791 2165/508/1790
f 2162/505/1787 2164/507/1789 2167/510/1792
f 2163/504/1788 2162/505/1787 2167/510/1792
f 2167/510/1792 2164/507/1789 2168/511/1793
f 2164/507/1789 2169/512/1794 2168/511/1793
f 2170/513/1795 2169/512/1794 2164/507/1789
f 2170/513/1795 2164/507/1789 2171/512/1796
f 2171/512/1796 2164/507/1789 2172/514/1797
f 2164/507/1789 2173/515/1798 2172/514/1797
f 2166/509/1791 2173/515/1798 2165/508/1790
f 2165/508/1790 2173/515/1798 2164/507/1789
f 2174/450/1799 2175/516/1800 2176/447/1801
f 2176/447/1801 2175/516/1800 2177/517/1802
f 2178/518/1276 2175/516/1800 2174/450/1799
f 2178/518/1276 2179/519/1803 2175/516/1800
f 2179/519/1803 2180/455/1804 2175/516/1800
f 2180/455/1804 2181/520/1805 2175/516/1800
f 2177/517/1802 2175/516/1800 2182/521/1806
f 2175/516/1800 2181/520/1805 2182/521/1806
f 2183/522/1807 2184/525/1808 2185/524/1777
f 2186/523/1809 2183/522/1807 2185/524/1777
f 2183/522/1807 2186/523/1809 2187/526/1810
f 2186/523/1809 2188/527/1811 2187/526/1810
f 2184/525/1808 2183/522/1807 2189/528/1812
f 2183/522/1807 2187/526/1810 2189/528/1812
f 2189/528/1812 2190/529/1813 2184/525/1808
f 2189/528/1812 2191/530/1814 2190/529/1813
f 2192/531/1775 2190/529/1813 2191/530/1814
f 2184/525/1808 2190/529/1813 2192/531/1775
f 2185/524/1777 2184/525/1808 2192/531/1775
f 2193/532/1815 2192/531/1775 2191/530/1814
f 2193/532/1815 2191/530/1814 2194/533/1816
f 2191/530/1814 2195/534/1817 2194/533/1816
f 2189/528/1812 2195/534/1817 2191/530/1814
f 2189/528/1812 2196/535/1818 2195/534/1817
f 2195/534/1817 2196/535/1818 2194/533/1816
f 2189/528/1812 2197/536/1819 2196/535/1818
f 2189/528/1812 2187/526/1810 2198/537/1820
f 2187/526/1810 2188/527/1811 2198/537/1820
f 2189/528/1812 2198/537/1820 2199/538/1821
f 2199/538/1821 2198/537/1820 2200/539/1822
f 2198/537/1820 2201/540/1758 2200/539/1822
f 2188/527/1811 2201/540/1758 2198/537/1820
f 2200/539/1822 2202/541/1761 2199/538/1821
f 2202/541/1761 2203/542/1823 2199/538/1821
f 2189/528/1812 2199/538/1821 2203/542/1823
f 2189/528/1812 2203/542/1823 2204/543/1824
f 2189/528/1812 2204/543/1824 2197/536/1819
f 2203/542/1823 2202/541/1761 2204/543/1824
f 2202/541/1761 2205/544/1764 2204/543/1824
f 2204/543/1824 2205/544/1764 2206/545/1825
f 2204/543/1824 2206/545/1825 2207/546/1826
f 2207/546/1826 2206/545/1825 2205/544/1764
f 2197/536/1819 2204/543/1824 2207/546/1826
f 2197/536/1819 2207/546/1826 2196/535/1818
f 2196/535/1818 2207/546/1826 2208/547/1827
f 2208/547/1827 2207/546/1826 2209/548/1828
f 2209/548/1828 2207/546/1826 2205/544/1764
f 2209/548/1828 2205/544/1764 2210/549/1765
f 2211/550/1829 2209/548/1828 2210/549/1765
f 2212/551/1781 2208/547/1827 2209/548/1828
f 2212/551/1781 2209/548/1828 2213/552/1830
f 2213/552/1830 2209/548/1828 2214/553/1783
f 2211/550/1829 2215/554/1784 2209/548/1828
f 2214/553/1783 2209/548/1828 2215/554/1784
f 2208/547/1827 2212/551/1781 2196/535/1818
f 2196/535/1818 2212/551/1781 2194/533/1816
f 2216/520/1831 2123/466/1748 2217/555/1832
f 2112/455/1737 2123/466/1748 2216/520/1831
f 2218/521/1833 2216/520/1831 2217/555/1832
f 2218/521/1833 2217/555/1832 2219/517/1834
f 2217/555/1832 2099/442/1724 2219/517/1834
f 2219/517/1834 2099/442/1724 2104/447/1729
f 2220/519/1835 2109/452/1734 2112/455/1737
f 2220/519/1835 2106/449/1731 2109/452/1734
f 2221/518/1836 2106/449/1731 2220/519/1835
f 2107/450/1732 2106/449/1731 2221/518/1836
f 2222/172/1837 2223/175/1838 2224/174/1839
f 2225/173/1840 2222/172/1837 2224/174/1839
f 2224/174/1839 2223/175/1838 2226/176/1841
f 2227/177/1842 2224/174/1839 2226/176/1841
f 2223/175/1838 2228/178/1843 2226/176/1841
f 2223/175/1838 2222/172/1837 2228/178/1843
f 2222/172/1837 2229/179/1844 2228/178/1843
f 2225/173/1840 2230/180/1845 2222/172/1837
f 2230/180/1845 2231/181/1846 2222/172/1837
f 2222/172/1837 2231/181/1846 2229/179/1844
f 2232/182/1847 2231/181/1846 2230/180/1845
f 2233/183/1848 2231/181/1846 2232/182/1847
f 2234/184/1849 2231/181/1846 2233/183/1848
f 2231/181/1846 2234/184/1849 2229/179/1844
f 2234/184/1849 2233/183/1848 2235/185/1850
f 2236/186/1851 2234/184/1849 2235/185/1850
f 2235/185/1850 2237/187/1852 2236/186/1851
f 2234/184/1849 2236/186/1851 2238/188/1853
f 2229/179/1844 2234/184/1849 2238/188/1853
f 2239/189/1854 2238/188/1853 2236/186/1851
f 2237/187/1852 2239/189/1854 2236/186/1851
f 2226/176/1841 2240/190/1855 2227/177/1842
f 2241/191/1856 2239/189/1854 2237/187/1852
f 2241/191/1856 2242/192/1857 2239/189/1854
f 2239/189/1854 2242/192/1857 2243/193/1858
f 2243/193/1858 2244/194/1859 2239/189/1854
f 2243/193/1858 2242/192/1857 2245/195/1860
f 2243/193/1858 2245/195/1860 2246/196/1861
f 2244/194/1859 2243/193/1858 2246/196/1861
f 2246/196/1861 2245/195/1860 2247/197/1862
f 2247/197/1862 2240/190/1855 2248/198/1863
f 2248/198/1863 2246/196/1861 2247/197/1862
f 2248/198/1863 2240/190/1855 2226/176/1841
f 2226/176/1841 2249/199/1864 2248/198/1863
f 2244/194/1859 2246/196/1861 2249/199/1864
f 2249/199/1864 2246/196/1861 2248/198/1863
f 2250/200/1865 2238/188/1853 2239/189/1854
f 2244/194/1859 2250/200/1865 2239/189/1854
f 2244/194/1859 2249/199/1864 2228/178/1843
f 2250/200/1865 2244/194/1859 2228/178/1843
f 2228/178/1843 2249/199/1864 2226/176/1841
f 2229/179/1844 2238/188/1853 2250/200/1865
f 2228/178/1843 2229/179/1844 2250/200/1865
f 2251/201/1866 2252/183/1867 2253/182/1868
f 2254/202/1869 2251/201/1866 2253/182/1868
f 2252/183/1867 2251/201/1866 2255/203/1870
f 2256/185/1871 2252/183/1867 2255/203/1870
f 2256/185/1871 2255/203/1870 2257/187/1872
f 2255/203/1870 2258/204/1873 2257/187/1872
f 2253/182/1868 2259/180/1874 2254/202/1869
f 2259/180/1874 2260/205/1875 2254/202/1869
f 2259/180/1874 2261/173/1876 2260/205/1875
f 2261/173/1876 2262/206/1877 2260/205/1875
f 2261/173/1876 2263/174/1878 2262/206/1877
f 2263/174/1878 2264/207/1879 2262/206/1877
f 2263/174/1878 2265/177/1880 2264/207/1879
f 2265/177/1880 2266/208/1881 2264/207/1879
f 2266/208/1881 2265/177/1880 2267/190/1882
f 2268/209/1882 2266/208/1881 2267/190/1882
f 2257/187/1872 2258/204/1873 2269/210/1883
f 2270/191/1884 2257/187/1872 2269/210/1883
f 2270/191/1884 2269/210/1883 2271/192/1885
f 2269/210/1883 2272/211/1886 2271/192/1885
f 2271/192/1885 2272/211/1886 2273/195/1887
f 2272/211/1886 2274/212/1887 2273/195/1887
f 2275/214/1888 2276/213/1889 2277/215/1890
f 2275/214/1888 2277/215/1890 2278/216/1891
f 2279/217/1892 2276/213/1889 2275/214/1888
f 2280/218/1893 2276/213/1889 2279/217/1892
f 2281/219/1894 2276/213/1889 2280/218/1893
f 2282/220/1895 2281/219/1894 2280/218/1893
f 2283/221/1895 2282/220/1895 2280/218/1893
f 2284/222/1896 2275/214/1888 2278/216/1891
f 2285/223/1897 2284/222/1896 2278/216/1891
f 2285/223/1897 2278/216/1891 2286/224/1898
f 2287/225/1898 2285/223/1897 2286/224/1898
f 2288/226/1899 2289/197/1900 2290/195/1901
f 2291/212/1902 2288/226/1899 2290/195/1901
f 2292/190/1903 2289/197/1900 2288/226/1899
f 2293/209/1903 2292/190/1903 2288/226/1899
f 2294/150/1904 2295/149/1905 2296/151/1906
f 2295/149/1905 2294/150/1904 2297/152/1907
f 2295/149/1905 2298/153/1908 2296/151/1906
f 2295/149/1905 2299/154/1909 2298/153/1908
f 2299/154/1909 2300/155/1910 2298/153/1908
f 2301/156/1911 2300/155/1910 2299/154/1909
f 2300/155/1910 2302/157/1912 2298/153/1908
f 2298/153/1908 2302/157/1912 2296/151/1906
f 2300/155/1910 2301/156/1911 2302/157/1912
f 2303/158/1913 2301/156/1911 2299/154/1909
f 2304/159/1914 2303/158/1913 2299/154/1909
f 2297/152/1907 2305/160/1915 2295/149/1905
f 2306/161/1916 2305/160/1915 2297/152/1907
f 2307/162/1917 2305/160/1915 2306/161/1916
f 2295/149/1905 2305/160/1915 2307/162/1917
f 2299/154/1909 2295/149/1905 2307/162/1917
f 2307/162/1917 2304/159/1914 2299/154/1909
f 2308/163/1918 2307/162/1917 2306/161/1916
f 2308/163/1918 2304/159/1914 2307/162/1917
f 2309/165/1919 2310/164/1920 2311/166/1921
f 2311/166/1921 2310/164/1920 2312/167/1922
f 2312/167/1922 2310/164/1920 2313/158/1923
f 2310/164/1920 2314/168/1924 2313/158/1923
f 2315/169/1925 2314/168/1924 2310/164/1920
f 2315/169/1925 2310/164/1920 2309/165/1919
f 2316/170/1926 2313/158/1923 2314/168/1924
f 2317/171/1927 2316/170/1926 2314/168/1924
f 2318/156/1928 2313/158/1923 2316/170/1926
f 2319/700/1929 2320/701/1929 2321/702/1929
f 2319/700/1929 2321/702/1929 2322/703/1929
f 2319/700/1929 2322/703/1929 2323/704/1929
f 2322/703/1929 2324/705/1929 2323/704/1929
f 2323/704/1929 2324/705/1929 2325/706/1929
f 2326/707/1929 2323/704/1929 2325/706/1929
f 2326/707/1929 2325/706/1929 2327/708/1929
f 2326/707/1929 2327/708/1929 2328/709/1929
f 2329/703/1930 2330/710/1930 2331/705/1930
f 2331/705/1930 2330/710/1930 2332/706/1930
f 2333/711/1931 2334/712/1932 2335/713/1933
f 2333/711/1931 2335/713/1933 2336/714/1934
f 2337/715/1935 2333/711/1931 2336/714/1934
f 2337/715/1935 2336/714/1934 2338/716/1936
f 2336/714/1934 2339/717/1937 2338/716/1936
f 2334/712/1932 2340/718/1932 2335/713/1933
f 2339/717/1937 2341/719/1932 2338/716/1936
f 2339/717/1937 2342/720/1932 2341/719/1932
f 2343/721/1938 2344/722/1939 2345/723/1940
f 2345/723/1940 2344/722/1939 2346/710/1941
f 2345/723/1940 2346/710/1941 2347/702/1942
f 2346/710/1941 2348/703/1943 2347/702/1942
f 2349/724/1944 2345/723/1940 2347/702/1942
f 2349/724/1944 2343/721/1938 2345/723/1940
f 2344/722/1939 2350/725/1945 2346/710/1941
f 2344/722/1939 2351/726/1946 2350/725/1945
f 2344/722/1939 2343/721/1938 2351/726/1946
f 2349/724/1944 2347/702/1942 2352/701/1947
f 2353/727/1948 2354/725/1949 2355/726/1950
f 2353/727/1948 2356/710/1951 2354/725/1949
f 2353/727/1948 2357/728/1952 2356/710/1951
f 2357/728/1952 2353/727/1948 2358/729/1953
f 2358/729/1953 2353/727/1948 2355/726/1950
f 2357/728/1952 2359/708/1954 2356/710/1951
f 2359/708/1954 2360/706/1955 2356/710/1951
f 2359/708/1954 2357/728/1952 2361/730/1956
f 2357/728/1952 2358/729/1953 2361/730/1956
f 2359/708/1954 2361/730/1956 2362/709/1957
f 2363/701/1929 2364/700/1929 2365/702/1929
f 2365/702/1929 2364/700/1929 2366/703/1929
f 2366/703/1929 2364/700/1929 2367/704/1929
f 2368/705/1929 2366/703/1929 2367/704/1929
f 2368/705/1929 2367/704/1929 2369/706/1929
f 2367/704/1929 2370/707/1929 2369/706/1929
f 2369/706/1929 2370/707/1929 2371/708/1929
f 2371/708/1929 2370/707/1929 2372/709/1929
f 2373/710/1958 2374/703/1958 2375/705/1958
f 2373/710/1958 2375/705/1958 2376/706/1958
f 2377/712/1959 2378/711/1960 2379/713/1961
f 2379/713/1961 2378/711/1960 2380/714/1962
f 2378/711/1960 2381/715/1963 2380/714/1962
f 2380/714/1962 2381/715/1963 2382/716/1964
f 2383/717/1965 2380/714/1962 2382/716/1964
f 2384/718/1966 2377/712/1959 2379/713/1961
f 2385/719/1966 2383/717/1965 2382/716/1964
f 2386/720/1959 2383/717/1965 2385/719/1966
f 2387/722/1967 2388/721/1968 2389/723/1969
f 2387/722/1967 2389/723/1969 2390/710/1970
f 2390/710/1970 2389/723/1969 2391/702/1971
f 2392/703/1972 2390/710/1970 2391/702/1971
f 2389/723/1969 2393/724/1973 2391/702/1971
f 2388/721/1968 2393/724/1973 2389/723/1969
f 2394/725/1974 2387/722/1967 2390/710/1970
f 2395/726/1975 2387/722/1967 2394/725/1974
f 2388/721/1968 2387/722/1967 2395/726/1975
f 2391/702/1971 2393/724/1973 2396/701/1976
f 2397/725/1977 2398/727/1978 2399/726/1979
f 2400/710/1980 2398/727/1978 2397/725/1977
f 2401/728/1981 2398/727/1978 2400/710/1980
f 2398/727/1978 2401/728/1981 2402/729/1982
f 2398/727/1978 2402/729/1982 2399/726/1979
f 2403/708/1983 2401/728/1981 2400/710/1980
f 2404/706/1984 2403/708/1983 2400/710/1980
f 2401/728/1981 2403/708/1983 2405/730/1985
f 2402/729/1982 2401/728/1981 2405/730/1985
f 2405/730/1985 2403/708/1983 2406/709/1986
f 2407/701/1929 2408/700/1929 2409/702/1929
f 2409/702/1929 2408/700/1929 2410/703/1929
f 2410/703/1929 2408/700/1929 2411/704/1929
f 2412/705/1929 2410/703/1929 2411/704/1929
f 2412/705/1929 2411/704/1929 2413/706/1929
f 2411/704/1929 2414/707/1929 2413/706/1929
f 2413/706/1929 2414/707/1929 2415/708/1929
f 2415/708/1929 2414/707/1929 2416/709/1929
f 2417/710/1987 2418/703/1987 2419/705/1987
f 2417/710/1987 2419/705/1987 2420/706/1987
f 2421/712/1988 2422/711/1989 2423/713/1990
f 2423/713/1990 2422/711/1989 2424/714/1991
f 2422/711/1989 2425/715/1992 2424/714/1991
f 2424/714/1991 2425/715/1992 2426/716/1993
f 2427/717/1994 2424/714/1991 2426/716/1993
f 2428/718/1995 2421/712/1988 2423/713/1990
f 2429/719/1988 2427/717/1994 2426/716/1993
f 2430/720/1996 2427/717/1994 2429/719/1988
f 2431/722/1997 2432/721/1998 2433/723/1999
f 2431/722/1997 2433/723/1999 2434/710/2000
f 2434/710/2000 2433/723/1999 2435/702/2001
f 2436/703/2002 2434/710/2000 2435/702/2001
f 2433/723/1999 2437/724/2003 2435/702/2001
f 2432/721/1998 2437/724/2003 2433/723/1999
f 2438/725/2004 2431/722/1997 2434/710/2000
f 2439/726/2005 2431/722/1997 2438/725/2004
f 2432/721/1998 2431/722/1997 2439/726/2005
f 2435/702/2001 2437/724/2003 2440/701/2006
f 2441/725/2007 2442/727/2008 2443/726/2009
f 2444/710/2010 2442/727/2008 2441/725/2007
f 2445/728/2011 2442/727/2008 2444/710/2010
f 2442/727/2008 2445/728/2011 2446/729/2012
f 2442/727/2008 2446/729/2012 2443/726/2009
f 2447/708/2013 2445/728/2011 2444/710/2010
f 2448/706/2014 2447/708/2013 2444/710/2010
f 2445/728/2011 2447/708/2013 2449/730/2015
f 2446/729/2012 2445/728/2011 2449/730/2015
f 2449/730/2015 2447/708/2013 2450/709/2016
f 2451/701/1929 2452/700/1929 2453/702/1929
f 2453/702/1929 2452/700/1929 2454/703/1929
f 2454/703/1929 2452/700/1929 2455/704/1929
f 2456/705/1929 2454/703/1929 2455/704/1929
f 2456/705/1929 2455/704/1929 2457/706/1929
f 2455/704/1929 2458/707/1929 2457/706/1929
f 2457/706/1929 2458/707/1929 2459/708/1929
f 2459/708/1929 2458/707/1929 2460/709/1929
f 2461/710/1930 2462/703/1930 2463/705/1930
f 2461/710/1930 2463/705/1930 2464/706/1930
f 2465/712/1932 2466/711/2017 2467/713/2018
f 2467/713/2018 2466/711/2017 2468/714/1934
f 2466/711/2017 2469/715/1935 2468/714/1934
f 2468/714/1934 2469/715/1935 2470/716/2019
f 2471/717/2020 2468/714/1934 2470/716/2019
f 2472/718/1932 2465/712/1932 2467/713/2018
f 2473/719/1932 2471/717/2020 2470/716/2019
f 2474/720/1932 2471/717/2020 2473/719/1932
f 2475/722/2021 2476/721/2022 2477/723/2023
f 2475/722/2021 2477/723/2023 2478/710/2024
f 2478/710/2024 2477/723/2023 2479/702/2025
f 2480/703/2026 2478/710/2024 2479/702/2025
f 2477/723/2023 2481/724/2027 2479/702/2025
f 2476/721/2022 2481/724/2027 2477/723/2023
f 2482/725/2028 2475/722/2021 2478/710/2024
f 2483/726/2029 2475/722/2021 2482/725/2028
f 2476/721/2022 2475/722/2021 2483/726/2029
f 2479/702/2025 2481/724/2027 2484/701/2030
f 2485/725/2031 2486/727/2032 2487/726/2033
f 2488/710/2034 2486/727/2032 2485/725/2031
f 2489/728/2035 2486/727/2032 2488/710/2034
f 2486/727/2032 2489/728/2035 2490/729/2036
f 2486/727/2032 2490/729/2036 2487/726/2033
f 2491/708/2037 2489/728/2035 2488/710/2034
f 2492/706/2038 2491/708/2037 2488/710/2034
f 2489/728/2035 2491/708/2037 2493/730/2039
f 2490/729/2036 2489/728/2035 2493/730/2039
f 2493/730/2039 2491/708/2037 2494/709/2040
f 2495/700/1929 2496/701/1929 2497/702/1929
f 2495/700/1929 2497/702/1929 2498/703/1929
f 2495/700/1929 2498/703/1929 2499/704/1929
f 2498/703/1929 2500/705/1929 2499/704/1929
f 2499/704/1929 2500/705/1929 2501/706/1929
f 2502/707/1929 2499/704/1929 2501/706/1929
f 2502/707/1929 2501/706/1929 2503/708/1929
f 2502/707/1929 2503/708/1929 2504/709/1929
f 2505/703/1958 2506/710/1958 2507/705/1958
f 2507/705/1958 2506/710/1958 2508/706/1958
f 2509/711/2041 2510/712/1959 2511/713/2042
f 2509/711/2041 2511/713/2042 2512/714/1962
f 2513/715/1963 2509/711/2041 2512/714/1962
f 2513/715/1963 2512/714/1962 2514/716/2043
f 2512/714/1962 2515/717/2044 2514/716/2043
f 2510/712/1959 2516/718/2045 2511/713/2042
f 2515/717/2044 2517/719/1959 2514/716/2043
f 2515/717/2044 2518/720/1966 2517/719/1959
f 2519/721/2046 2520/722/2047 2521/723/2048
f 2521/723/2048 2520/722/2047 2522/710/2049
f 2521/723/2048 2522/710/2049 2523/702/2050
f 2522/710/2049 2524/703/2051 2523/702/2050
f 2525/724/2052 2521/723/2048 2523/702/2050
f 2525/724/2052 2519/721/2046 2521/723/2048
f 2520/722/2047 2526/725/2053 2522/710/2049
f 2520/722/2047 2527/726/2054 2526/725/2053
f 2520/722/2047 2519/721/2046 2527/726/2054
f 2525/724/2052 2523/702/2050 2528/701/2055
f 2529/727/2056 2530/725/2057 2531/726/2058
f 2529/727/2056 2532/710/2059 2530/725/2057
f 2529/727/2056 2533/728/2060 2532/710/2059
f 2533/728/2060 2529/727/2056 2534/729/2061
f 2534/729/2061 2529/727/2056 2531/726/2058
f 2533/728/2060 2535/708/2062 2532/710/2059
f 2535/708/2062 2536/706/2063 2532/710/2059
f 2535/708/2062 2533/728/2060 2537/730/2064
f 2533/728/2060 2534/729/2061 2537/730/2064
f 2535/708/2062 2537/730/2064 2538/709/2065
f 2539/701/1929 2540/700/1929 2541/702/1929
f 2541/702/1929 2540/700/1929 2542/703/1929
f 2542/703/1929 2540/700/1929 2543/704/1929
f 2544/705/1929 2542/703/1929 2543/704/1929
f 2544/705/1929 2543/704/1929 2545/706/1929
f 2543/704/1929 2546/707/1929 2545/706/1929
f 2545/706/1929 2546/707/1929 2547/708/1929
f 2547/708/1929 2546/707/1929 2548/709/1929
f 2549/710/1987 2550/703/1987 2551/705/1987
f 2549/710/1987 2551/705/1987 2552/706/1987
f 2553/712/1988 2554/711/1989 2555/713/1990
f 2555/713/1990 2554/711/1989 2556/714/1991
f 2554/711/1989 2557/715/1992 2556/714/1991
f 2556/714/1991 2557/715/1992 2558/716/1993
f 2559/717/2066 2556/714/1991 2558/716/1993
f 2560/718/1995 2553/712/1988 2555/713/1990
f 2561/719/1988 2559/717/2066 2558/716/1993
f 2562/720/1996 2559/717/2066 2561/719/1988
f 2563/722/1997 2564/721/1998 2565/723/1999
f 2563/722/1997 2565/723/1999 2566/710/2067
f 2566/710/2067 2565/723/1999 2567/702/2001
f 2568/703/2002 2566/710/2067 2567/702/2001
f 2565/723/1999 2569/724/2003 2567/702/2001
f 2564/721/1998 2569/724/2003 2565/723/1999
f 2570/725/2004 2563/722/1997 2566/710/2067
f 2571/726/2005 2563/722/1997 2570/725/2004
f 2564/721/1998 2563/722/1997 2571/726/2005
f 2567/702/2001 2569/724/2003 2572/701/2006
f 2573/725/2068 2574/727/2008 2575/726/2009
f 2576/710/2010 2574/727/2008 2573/725/2068
f 2577/728/2011 2574/727/2008 2576/710/2010
f 2574/727/2008 2577/728/2011 2578/729/2069
f 2574/727/2008 2578/729/2069 2575/726/2009
f 2579/708/2013 2577/728/2011 2576/710/2010
f 2580/706/2014 2579/708/2013 2576/710/2010
f 2577/728/2011 2579/708/2013 2581/730/2070
f 2578/729/2069 2577/728/2011 2581/730/2070
f 2581/730/2070 2579/708/2013 2582/709/2016
f 2583/731/2071 2584/732/2072 2585/733/2073
f 2583/731/2071 2585/733/2073 2586/734/2074
f 2585/733/2073 2587/735/2075 2586/734/2074
f 2585/733/2073 2588/736/2076 2587/735/2075
f 2588/736/2076 2589/737/2077 2587/735/2075
f 2587/735/2075 2589/737/2077 2590/738/2078
f 2591/739/2079 2587/735/2075 2590/738/2078
f 2592/740/2080 2586/734/2074 2587/735/2075
f 2591/739/2079 2592/740/2080 2587/735/2075
f 2591/739/2079 2593/741/2081 2592/740/2080
f 2594/742/2082 2588/736/2076 2585/733/2073
f 2584/732/2072 2594/742/2082 2585/733/2073
f 2584/732/2072 2595/743/2083 2594/742/2082
f 2596/744/2084 2595/743/2083 2584/732/2072
f 2597/745/2085 2596/744/2084 2584/732/2072
f 2583/731/2071 2597/745/2085 2584/732/2072
f 2597/745/2085 2598/746/2086 2596/744/2084
f 2597/745/2085 2599/747/2087 2598/746/2086
f 2597/745/2085 2583/731/2071 2599/747/2087
f 2583/731/2071 2600/748/2088 2599/747/2087
f 2601/749/2089 2600/748/2088 2583/731/2071
f 2593/741/2081 2591/739/2079 2602/750/2090
f 2591/739/2079 2590/738/2078 2602/750/2090
f 2603/751/2091 2604/752/2092 2601/749/2089
f 2603/751/2091 2586/734/2074 2592/740/2080
f 2603/751/2091 2601/749/2089 2586/734/2074
f 2601/749/2089 2583/731/2071 2586/734/2074
f 2605/753/2093 2606/754/2094 2607/755/2095
f 2607/755/2095 2606/754/2094 2608/756/2096
f 2607/755/2095 2608/756/2096 2609/757/2097
f 2609/757/2097 2610/758/2098 2607/755/2095
f 2610/758/2098 2611/759/2099 2607/755/2095
f 2612/760/2100 2610/758/2098 2609/757/2097
f 2613/761/2101 2612/760/2100 2609/757/2097
f 2607/755/2095 2611/759/2099 2614/762/2102
f 2605/753/2093 2607/755/2095 2614/762/2102
f 2608/756/2096 2615/763/2103 2609/757/2097
f 2613/761/2101 2609/757/2097 2615/763/2103
f 2616/764/2104 2613/761/2101 2615/763/2103
f 2610/758/2098 2612/760/2100 2617/765/2105
f 2618/766/2106 2610/758/2098 2617/765/2105
f 2611/759/2099 2610/758/2098 2618/766/2106
f 2619/767/2107 2611/759/2099 2618/766/2106
f 2618/766/2106 2617/765/2105 2620/768/2108
f 2619/767/2107 2618/766/2106 2621/769/2109
f 2618/766/2106 2620/768/2108 2621/769/2109
f 2622/770/2110 2619/767/2107 2621/769/2109
f 2619/767/2107 2622/770/2110 2623/771/2111
f 2619/767/2107 2623/771/2111 2624/772/2112
f 2611/759/2099 2619/767/2107 2624/772/2112
f 2611/759/2099 2624/772/2112 2614/762/2102
f 2616/764/2104 2615/763/2103 2625/773/2113
f 2608/756/2096 2625/773/2113 2615/763/2103
f 2626/774/2114 2616/764/2104 2625/773/2113
f 2605/753/2093 2614/762/2102 2627/775/2115
f 2628/776/2116 2629/777/2116 2630/778/2116
f 2628/776/2116 2630/778/2116 2631/779/2116
f 2632/780/2116 2628/776/2116 2631/779/2116
f 2632/780/2116 2631/779/2116 2633/781/2116
f 2633/781/2116 2634/782/2116 2632/780/2116
f 2634/782/2116 2635/783/2116 2632/780/2116
f 2635/783/2116 2634/782/2116 2636/784/2116
f 2637/732/2117 2638/731/2118 2639/733/2119
f 2639/733/2119 2638/731/2118 2640/734/2120
f 2641/735/2121 2639/733/2119 2640/734/2120
f 2642/736/2122 2639/733/2119 2641/735/2121
f 2643/737/2123 2642/736/2122 2641/735/2121
f 2643/737/2123 2641/735/2121 2644/738/2124
f 2641/735/2121 2645/739/2125 2644/738/2124
f 2646/740/2126 2645/739/2125 2641/735/2121
f 2640/734/2120 2646/740/2126 2641/735/2121
f 2647/741/2127 2645/739/2125 2646/740/2126
f 2638/731/2118 2648/749/2128 2640/734/2120
f 2648/749/2128 2649/751/2129 2640/734/2120
f 2640/734/2120 2649/751/2129 2646/740/2126
f 2650/742/2130 2637/732/2117 2639/733/2119
f 2642/736/2122 2650/742/2130 2639/733/2119
f 2645/739/2125 2647/741/2127 2651/750/2131
f 2644/738/2124 2645/739/2125 2651/750/2131
f 2652/745/2132 2638/731/2118 2637/732/2117
f 2638/731/2118 2652/745/2132 2653/747/2133
f 2654/748/2134 2638/731/2118 2653/747/2133
f 2655/752/2135 2649/751/2129 2648/749/2128
f 2654/748/2134 2648/749/2128 2638/731/2118
f 2656/785/2136 2657/786/2137 2658/787/2138
f 2656/785/2136 2658/787/2138 2659/788/2139
f 2659/788/2139 2658/787/2138 2660/789/2140
f 2661/790/2141 2660/789/2140 2658/787/2138
f 2662/791/2142 2661/790/2141 2658/787/2138
f 2661/790/2141 2663/792/2143 2660/789/2140
f 2663/792/2143 2664/793/2144 2660/789/2140
f 2665/794/2145 2659/788/2139 2660/789/2140
f 2660/789/2140 2664/793/2144 2665/794/2145
f 2664/793/2144 2666/795/2146 2665/794/2145
f 2663/792/2143 2661/790/2141 2667/796/2147
f 2661/790/2141 2668/797/2148 2667/796/2147
f 2661/790/2141 2662/791/2142 2668/797/2148
f 2662/791/2142 2669/798/2149 2668/797/2148
f 2670/799/2150 2667/796/2147 2668/797/2148
f 2669/798/2149 2662/791/2142 2671/800/2151
f 2671/800/2151 2662/791/2142 2672/801/2152
f 2673/802/2153 2669/798/2149 2671/800/2151
f 2674/803/2154 2669/798/2149 2673/802/2153
f 2675/804/2155 2659/788/2139 2665/794/2145
f 2665/794/2145 2666/795/2146 2675/804/2155
f 2666/795/2146 2676/805/2156 2675/804/2155
f 2674/803/2154 2677/806/2157 2669/798/2149
f 2677/806/2157 2670/799/2150 2668/797/2148
f 2669/798/2149 2677/806/2157 2668/797/2148
f 2662/791/2142 2658/787/2138 2672/801/2152
f 2658/787/2138 2657/786/2137 2672/801/2152
f 2672/801/2152 2657/786/2137 2678/807/2158
f 2679/803/2159 2680/802/2133 2681/798/2160
f 2682/806/2161 2679/803/2159 2681/798/2160
f 2683/797/2162 2682/806/2161 2681/798/2160
f 2684/799/2163 2682/806/2161 2683/797/2162
f 2684/799/2163 2683/797/2162 2685/796/2164
f 2686/782/2165 2687/783/2165 2688/784/2165
f 2689/780/2165 2687/783/2165 2686/782/2165
f 2690/781/2165 2689/780/2165 2686/782/2165
f 2691/779/2165 2689/780/2165 2690/781/2165
f 2692/776/2165 2689/780/2165 2691/779/2165
f 2693/778/2165 2692/776/2165 2691/779/2165
f 2694/777/2165 2692/776/2165 2693/778/2165
f 2695/808/2166 2696/809/2167 2697/810/2168
f 2695/808/2166 2698/811/2169 2696/809/2167
f 2696/809/2167 2698/811/2169 2699/812/2170
f 2696/809/2167 2699/812/2170 2700/813/2171
f 2701/814/2172 2696/809/2167 2700/813/2171
f 2696/809/2167 2701/814/2172 2702/815/2173
f 2696/809/2167 2702/815/2173 2697/810/2168
f 2703/816/2174 2697/810/2168 2702/815/2173
f 2703/816/2174 2702/815/2173 2704/817/2175
f 2705/818/2176 2695/808/2166 2697/810/2168
f 2695/808/2166 2706/819/2177 2698/811/2169
f 2707/820/2178 2698/811/2169 2706/819/2177
f 2707/820/2178 2708/821/2179 2698/811/2169
f 2707/820/2178 2706/819/2177 2709/822/2180
f 2706/819/2177 2710/823/2181 2709/822/2180
f 2707/820/2178 2711/824/2180 2708/821/2179
f 2711/824/2180 2712/820/2180 2709/822/2180
f 2711/824/2180 2713/825/2182 2708/821/2179
f 2714/826/2183 2698/811/2169 2708/821/2179
f 2715/827/2184 2714/826/2183 2708/821/2179
f 2716/828/2185 2714/826/2183 2715/827/2184
f 2716/828/2185 2715/827/2184 2717/829/2186
f 2718/830/2187 2716/828/2185 2717/829/2186
f 2718/830/2187 2717/829/2186 2719/831/2188
f 2719/831/2188 2717/829/2186 2720/832/2189
f 2719/831/2188 2720/832/2189 2721/833/2190
f 2719/831/2188 2721/833/2190 2722/834/2191
f 2723/835/2192 2718/830/2187 2719/831/2188
f 2724/836/2193 2723/835/2192 2719/831/2188
f 2716/828/2185 2718/830/2187 2725/837/2194
f 2725/837/2194 2718/830/2187 2723/835/2192
f 2716/828/2185 2725/837/2194 2726/838/2195
f 2716/828/2185 2726/838/2195 2727/839/2196
f 2728/840/2197 2727/839/2196 2726/838/2195
f 2728/840/2197 2726/838/2195 2725/837/2194
f 2724/836/2193 2729/841/2198 2728/840/2197
f 2730/842/2199 2728/840/2197 2725/837/2194
f 2724/836/2193 2728/840/2197 2730/842/2199
f 2730/842/2199 2725/837/2194 2723/835/2192
f 2724/836/2193 2730/842/2199 2723/835/2192
f 2716/828/2185 2727/839/2196 2731/843/2200
f 2716/828/2185 2731/843/2200 2714/826/2183
f 2732/844/2201 2714/826/2183 2731/843/2200
f 2732/844/2201 2698/811/2169 2714/826/2183
f 2732/844/2201 2699/812/2170 2698/811/2169
f 2733/845/2202 2734/846/2203 2735/847/2204
f 2733/845/2202 2735/847/2204 2736/848/2205
f 2735/847/2204 2737/817/2206 2736/848/2205
f 2733/845/2202 2736/848/2205 2738/849/2207
f 2739/850/2208 2733/845/2202 2738/849/2207
f 2733/845/2202 2739/850/2208 2734/846/2203
f 2736/848/2205 2740/851/2209 2738/849/2207
f 2741/852/2210 2738/849/2207 2740/851/2209
f 2738/849/2207 2741/852/2210 2742/851/2211
f 2743/845/2212 2739/850/2208 2738/849/2207
f 2734/846/2203 2739/850/2208 2743/845/2212
f 2734/846/2203 2743/845/2212 2744/847/2213
f 2742/851/2211 2745/848/2214 2738/849/2207
f 2744/847/2213 2743/845/2212 2745/848/2214
f 2745/848/2214 2743/845/2212 2738/849/2207
f 2746/817/2215 2744/847/2213 2745/848/2214
f 2747/853/2216 2744/847/2213 2746/817/2215
f 2747/853/2216 2746/817/2215 2748/816/2217
f 2748/816/2217 2749/854/2218 2747/853/2216
f 2747/853/2216 2750/855/2219 2744/847/2213
f 2744/847/2213 2750/855/2219 2751/856/2220
f 2734/846/2203 2744/847/2213 2751/856/2220
f 2735/847/2204 2734/846/2203 2751/856/2220
f 2752/855/2221 2735/847/2204 2751/856/2220
f 2735/847/2204 2752/855/2221 2753/853/2222
f 2737/817/2206 2735/847/2204 2753/853/2222
f 2737/817/2206 2753/853/2222 2754/816/2223
f 2753/853/2222 2755/854/2224 2754/816/2223
f 2756/857/2225 2757/858/2226 2758/859/2227
f 2757/858/2226 2759/860/2228 2758/859/2227
f 2759/860/2228 2760/861/2229 2758/859/2227
f 2761/862/2230 2758/859/2227 2760/861/2229
f 2758/859/2227 2761/862/2230 2762/863/2231
f 2758/859/2227 2762/863/2231 2756/857/2225
f 2761/862/2230 2760/861/2229 2763/864/2232
f 2760/861/2229 2759/860/2228 2763/864/2232
f 2761/862/2230 2763/864/2232 2764/865/2233
f 2765/866/2234 2764/865/2233 2763/864/2232
f 2765/866/2234 2763/864/2232 2766/867/2235
f 2765/866/2234 2766/867/2235 2767/868/2236
f 2765/866/2234 2767/868/2236 2768/869/2237
f 2767/868/2236 2766/867/2235 2769/870/2238
f 2770/871/2239 2767/868/2236 2769/870/2238
f 2767/868/2236 2771/872/2240 2768/869/2237
f 2771/872/2240 2767/868/2236 2770/871/2239
f 2766/867/2235 2763/864/2232 2772/873/2241
f 2769/870/2238 2766/867/2235 2772/873/2241
f 2759/860/2228 2772/873/2241 2763/864/2232
f 2764/865/2233 2773/874/2242 2761/862/2230
f 2765/866/2234 2773/874/2242 2764/865/2233
f 2765/866/2234 2774/875/2243 2773/874/2242
f 2765/866/2234 2775/876/2244 2774/875/2243
f 2765/866/2234 2768/869/2237 2775/876/2244
f 2773/874/2242 2776/877/2245 2761/862/2230
f 2777/878/2246 2761/862/2230 2776/877/2245
f 2776/877/2245 2778/879/2247 2777/878/2246
f 2779/880/2248 2774/875/2243 2775/876/2244
f 2780/881/2249 2778/879/2247 2776/877/2245
f 2780/881/2249 2776/877/2245 2773/874/2242
f 2780/881/2249 2773/874/2242 2781/882/2250
f 2773/874/2242 2782/883/2251 2781/882/2250
f 2773/874/2242 2774/875/2243 2782/883/2251
f 2774/875/2243 2779/880/2248 2782/883/2251
f 2781/882/2250 2782/883/2251 2783/884/2252
f 2783/884/2252 2782/883/2251 2779/880/2248
f 2784/885/2253 2783/884/2252 2779/880/2248
f 2775/876/2244 2784/885/2253 2779/880/2248
f 2785/886/2254 2783/884/2252 2784/885/2253
f 2785/886/2254 2781/882/2250 2783/884/2252
f 2781/882/2250 2786/887/2255 2780/881/2249
f 2778/879/2247 2780/881/2249 2786/887/2255
f 2781/882/2250 2785/886/2254 2786/887/2255
f 2785/886/2254 2787/888/2256 2786/887/2255
f 2787/888/2256 2778/879/2247 2786/887/2255
f 2777/878/2246 2778/879/2247 2787/888/2256
f 2777/878/2246 2787/888/2256 2788/889/2257
f 2785/886/2254 2788/889/2257 2787/888/2256
f 2785/886/2254 2784/885/2253 2789/890/2258
f 2775/876/2244 2789/890/2258 2784/885/2253
f 2775/876/2244 2790/891/2259 2789/890/2258
f 2791/892/2260 2789/890/2258 2790/891/2259
f 2785/886/2254 2789/890/2258 2791/892/2260
f 2792/893/2261 2785/886/2254 2791/892/2260
f 2792/893/2261 2791/892/2260 2793/894/2262
f 2793/894/2262 2791/892/2260 2790/891/2259
f 2793/894/2262 2790/891/2259 2794/895/2263
f 2793/894/2262 2794/895/2263 2795/896/2264
f 2792/893/2261 2793/894/2262 2795/896/2264
f 2794/895/2263 2796/897/2265 2795/896/2264
f 2795/896/2264 2796/897/2265 2797/898/2266
f 2798/899/2267 2795/896/2264 2797/898/2266
f 2792/893/2261 2795/896/2264 2798/899/2267
f 2798/899/2267 2797/898/2266 2799/900/2268
f 2792/893/2261 2798/899/2267 2800/901/2269
f 2785/886/2254 2792/893/2261 2800/901/2269
f 2785/886/2254 2800/901/2269 2788/889/2257
f 2799/900/2268 2800/901/2269 2798/899/2267
f 2799/900/2268 2788/889/2257 2800/901/2269
f 2777/878/2246 2788/889/2257 2799/900/2268
f 2777/878/2246 2762/863/2231 2761/862/2230
f 2801/902/2270 2802/903/2271 2803/904/2272
f 2802/903/2271 2804/905/2273 2803/904/2272
f 2805/906/2274 2803/904/2272 2804/905/2273
f 2806/907/2275 2801/902/2270 2803/904/2272
f 2806/907/2275 2807/908/2276 2801/902/2270
f 2801/902/2270 2808/909/2277 2802/903/2271
f 2801/902/2270 2809/910/2278 2808/909/2277
f 2809/910/2278 2810/911/2279 2808/909/2277
f 2805/906/2274 2804/905/2273 2811/912/2280
f 2805/906/2274 2811/912/2280 2812/913/2281
f 2811/912/2280 2813/914/2282 2812/913/2281
f 2814/915/2283 2805/906/2274 2812/913/2281
f 2814/915/2283 2812/913/2281 2815/916/2284
f 2812/913/2281 2816/917/2285 2815/916/2284
f 2807/908/2276 2817/910/2276 2818/902/2276
f 2704/817/2175 2819/918/2286 2820/848/2287
f 2820/848/2287 2819/918/2286 2821/851/2288
f 2821/851/2288 2819/918/2286 2822/919/2289
f 2821/851/2288 2822/919/2289 2823/852/2290
f 2704/817/2175 2824/920/2291 2819/918/2286
f 2822/919/2289 2825/921/2292 2823/852/2290
f 2822/919/2289 2826/922/2293 2825/921/2292
f 2825/921/2292 2827/919/2294 2823/852/2290
f 2825/921/2292 2828/922/2295 2827/919/2294
f 2827/919/2294 2829/851/2296 2823/852/2290
f 2830/918/2297 2829/851/2296 2827/919/2294
f 2830/918/2297 2831/848/2287 2829/851/2296
f 2830/918/2297 2832/817/2298 2831/848/2287
f 2830/918/2297 2833/920/2291 2832/817/2298
f 2834/923/2299 2828/922/2295 2825/921/2292
f 2826/922/2293 2834/923/2299 2825/921/2292
f 2826/922/2293 2835/924/2300 2834/923/2299
f 2834/923/2299 2836/924/2301 2828/922/2295
f 2835/924/2300 2837/925/2302 2834/923/2299
f 2834/923/2299 2837/925/2302 2836/924/2301
f 2832/817/2298 2833/920/2291 2838/926/2303
f 2832/817/2298 2838/926/2303 2839/815/2304
f 2839/815/2304 2840/816/2305 2832/817/2298
f 2839/815/2304 2841/810/2306 2840/816/2305
f 2839/815/2304 2842/809/2307 2841/810/2306
f 2839/815/2304 2843/814/2308 2842/809/2307
f 2838/926/2303 2843/814/2308 2839/815/2304
f 2842/809/2307 2843/814/2308 2844/813/2171
f 2845/812/2309 2842/809/2307 2844/813/2171
f 2846/811/2310 2842/809/2307 2845/812/2309
f 2847/808/2311 2841/810/2306 2842/809/2307
f 2846/811/2310 2847/808/2311 2842/809/2307
f 2847/808/2311 2848/818/2312 2841/810/2306
f 2846/811/2310 2849/819/2313 2847/808/2311
f 2849/819/2313 2846/811/2310 2850/820/2314
f 2851/821/2315 2850/820/2314 2846/811/2310
f 2852/824/2316 2850/820/2314 2851/821/2315
f 2849/819/2313 2850/820/2314 2853/822/2317
f 2854/823/2318 2849/819/2313 2853/822/2317
f 2855/820/2316 2852/824/2316 2853/822/2319
f 2856/825/2320 2852/824/2316 2851/821/2315
f 2846/811/2310 2857/826/2321 2851/821/2315
f 2857/826/2321 2858/827/2322 2851/821/2315
f 2858/827/2322 2857/826/2321 2859/828/2323
f 2857/826/2321 2860/843/2324 2859/828/2323
f 2857/826/2321 2861/844/2325 2860/843/2324
f 2857/826/2321 2846/811/2310 2861/844/2325
f 2858/827/2322 2859/828/2323 2862/829/2326
f 2859/828/2323 2860/843/2324 2863/839/2327
f 2859/828/2323 2864/830/2328 2862/829/2326
f 2864/830/2328 2865/835/2329 2862/829/2326
f 2865/835/2329 2864/830/2328 2866/842/2330
f 2864/830/2328 2867/927/2331 2866/842/2330
f 2864/830/2328 2859/828/2323 2867/927/2331
f 2866/842/2330 2867/927/2331 2868/840/2332
f 2867/927/2331 2869/838/2333 2868/840/2332
f 2869/838/2333 2867/927/2331 2859/828/2323
f 2869/838/2333 2863/839/2327 2868/840/2332
f 2869/838/2333 2859/828/2323 2863/839/2327
f 2865/835/2329 2870/831/2334 2862/829/2326
f 2862/829/2326 2870/831/2334 2871/832/2335
f 2871/832/2335 2870/831/2334 2872/833/2336
f 2872/833/2336 2870/831/2334 2873/834/2337
f 2865/835/2329 2874/836/2338 2870/831/2334
f 2866/842/2330 2868/840/2332 2874/836/2338
f 2865/835/2329 2866/842/2330 2874/836/2338
f 2868/840/2332 2875/841/2339 2874/836/2338
f 2846/811/2310 2845/812/2309 2861/844/2325
f 2876/928/2340 2877/929/2341 2878/930/2342
f 2876/928/2340 2878/930/2342 2879/931/2343
f 2878/930/2342 2877/929/2341 2880/932/2344
f 2878/930/2342 2880/932/2344 2881/933/2345
f 2882/934/2346 2878/930/2342 2881/933/2345
f 2883/928/2347 2884/935/2348 2877/929/2341
f 2883/928/2347 2885/936/2349 2884/935/2348
f 2883/928/2347 2886/937/2350 2885/936/2349
f 2887/876/2351 2888/938/2352 2882/934/2346
f 2889/939/2353 2887/876/2351 2882/934/2346
f 2887/876/2351 2890/940/2354 2888/938/2352
f 2891/933/2355 2889/939/2353 2882/934/2346
f 2891/933/2355 2892/941/2356 2889/939/2353
f 2893/942/2357 2890/940/2354 2887/876/2351
f 2894/943/2358 2893/942/2357 2887/876/2351
f 2895/869/2359 2894/943/2358 2887/876/2351
f 2896/891/2360 2897/939/2361 2898/941/2362
f 2899/895/2363 2896/891/2360 2898/941/2362
f 2899/895/2363 2898/941/2362 2900/933/2364
f 2896/891/2360 2901/876/2365 2897/939/2361
f 2902/897/2287 2899/895/2363 2900/933/2364
f 2903/944/2366 2902/897/2287 2900/933/2364
f 2904/898/2367 2902/897/2287 2903/944/2366
f 2903/944/2366 2900/933/2364 2905/945/2287
f 2900/933/2364 2906/932/2287 2905/945/2287
f 2907/946/2368 2904/898/2367 2903/944/2366
f 2907/946/2368 2908/900/2369 2904/898/2367
f 2907/946/2368 2909/947/2370 2908/900/2369
f 2909/947/2370 2910/878/2371 2908/900/2369
f 2911/945/2372 2912/932/2373 2913/948/2374
f 2912/932/2373 2914/929/2375 2913/948/2374
f 2911/945/2372 2913/948/2374 2915/949/2376
f 2916/950/2377 2917/951/2378 2918/952/2379
f 2916/950/2377 2918/952/2379 2919/924/2380
f 2918/952/2379 2920/925/2381 2919/924/2380
f 2921/948/2382 2922/929/2382 2923/935/2382
f 2921/948/2382 2923/935/2382 2924/953/2382
f 2925/949/2382 2921/948/2382 2924/953/2382
f 2926/954/2383 2927/863/2384 2928/878/2385
f 2929/955/2386 2926/954/2383 2928/878/2385
f 2930/947/2387 2929/955/2386 2928/878/2385
f 2930/947/2387 2931/956/2388 2929/955/2386
f 2932/944/2389 2931/956/2388 2930/947/2387
f 2932/944/2389 2930/947/2387 2933/946/2390
f 2934/957/2391 2932/944/2389 2935/945/2392
f 2934/957/2391 2936/956/2393 2932/944/2389
f 2934/957/2391 2935/945/2392 2937/949/2394
f 2934/957/2391 2937/949/2394 2938/958/2395
f 2937/949/2394 2939/959/2396 2938/958/2395
f 2940/960/2397 2938/958/2395 2939/959/2396
f 2941/961/2397 2940/960/2397 2939/959/2396
f 2942/962/2398 2943/963/2399 2944/964/2400
f 2942/962/2398 2944/964/2400 2945/965/2401
f 2945/965/2401 2944/964/2400 2946/966/2402
f 2947/967/2403 2945/965/2401 2946/966/2402
f 2947/967/2403 2948/968/2404 2945/965/2401
f 2948/968/2404 2942/962/2398 2945/965/2401
f 2947/967/2403 2946/966/2402 2949/969/2405
f 2950/970/2406 2947/967/2403 2949/969/2405
f 2947/967/2403 2950/970/2406 2948/968/2404
f 2949/969/2405 2951/971/2407 2950/970/2406
f 2952/972/2408 2950/970/2406 2951/971/2407
f 2950/970/2406 2952/972/2408 2948/968/2404
f 2952/972/2408 2951/971/2407 2953/973/2409
f 2954/974/1932 2955/975/1932 2956/976/1932
f 2957/977/1932 2954/974/1932 2956/976/1932
f 2957/977/1932 2958/978/2410 2954/974/1932
f 2958/978/2410 2959/979/2411 2954/974/1932
f 2958/978/2410 2960/980/2412 2959/979/2411
f 2961/981/2413 2962/982/2413 2963/983/2413
f 2964/984/2413 2961/981/2413 2963/983/2413
f 2965/985/2414 2966/986/2414 2967/987/2414
f 2968/988/2414 2965/985/2414 2967/987/2414
f 2969/989/2414 2966/986/2414 2965/985/2414
f 2970/990/2414 2969/989/2414 2965/985/2414
f 2968/988/2414 2967/987/2414 2971/991/2414
f 2967/987/2414 2972/992/2414 2971/991/2414
f 2971/991/2414 2972/992/2414 2973/993/2414
f 2972/992/2414 2974/994/2414 2973/993/2414
f 2973/993/2414 2974/994/2414 2975/995/2414
f 2974/994/2414 2976/996/2414 2975/995/2414
f 2976/996/2414 2969/989/2414 2970/990/2414
f 2975/995/2414 2976/996/2414 2970/990/2414
f 2977/977/2415 2978/976/2415 2979/936/2415
f 2980/937/2415 2977/977/2415 2979/936/2415
f 2981/997/1932 2982/998/1932 2983/999/1932
f 2984/1000/1932 2981/997/1932 2983/999/1932
f 2981/997/1932 2985/1001/1932 2982/998/1932
f 2981/997/1932 2986/1002/1932 2985/1001/1932
f 2985/1001/1932 2987/1003/1932 2982/998/1932
f 2985/1001/1932 2988/1004/1932 2987/1003/1932
f 2988/1004/1932 2989/1005/1932 2987/1003/1932
f 2989/1005/1932 2988/1004/1932 2990/1006/1932
f 2988/1004/1932 2991/1007/1932 2990/1006/1932
f 2988/1004/1932 2992/1008/1932 2991/1007/1932
f 2982/998/1932 2993/997/1932 2983/999/1932
f 2993/997/1932 2994/1000/1932 2983/999/1932
f 2989/1005/1932 2995/1004/1932 2987/1003/1932
f 2995/1004/1932 2989/1005/1932 2990/1006/1932
f 2995/1004/1932 2996/1001/1932 2987/1003/1932
f 2987/1003/1932 2996/1001/1932 2982/998/1932
f 2996/1001/1932 2993/997/1932 2982/998/1932
f 2997/1002/1932 2993/997/1932 2996/1001/1932
f 2998/1007/1932 2995/1004/1932 2990/1006/1932
f 2992/1008/1932 2999/1009/1932 2991/1007/1932
f 3000/1010/1932 2999/1009/1932 2992/1008/1932
f 3001/1011/1932 3000/1010/1932 2992/1008/1932
f 2998/1007/1932 3002/1008/1932 2995/1004/1932
f 2998/1007/1932 3003/1009/1932 3002/1008/1932
f 3003/1009/1932 3004/1010/1932 3002/1008/1932
f 3004/1010/1932 3005/1011/1932 3002/1008/1932
f 3000/1010/1932 3006/1012/2416 3007/1009/2417
f 3006/1012/2416 3008/1013/2418 3007/1009/2417
f 3008/1013/2418 3009/1014/2419 3007/1009/2417
f 3009/1014/2419 3008/1013/2418 3010/1015/2420
f 3009/1014/2419 3010/1015/2420 3011/1016/2421
f 3012/1012/2422 3004/1010/1932 3013/1009/2423
f 3014/1013/2424 3012/1012/2422 3013/1009/2423
f 3015/1014/2425 3014/1013/2424 3013/1009/2423
f 3016/1015/2426 3014/1013/2424 3015/1014/2425
f 3016/1015/2426 3015/1014/2425 3017/1016/2427
f 3018/1017/2428 3019/982/2429 3020/981/2430
f 3021/1018/2431 3018/1017/2428 3020/981/2430
f 3022/1019/1929 3023/1020/1929 3024/1021/1929
f 3025/1022/1929 3024/1021/1929 3023/1020/1929
f 3025/1022/1929 3023/1020/1929 3026/1023/1929
f 3023/1020/1929 3027/1024/1929 3026/1023/1929
f 3027/1024/1929 3028/1020/1929 3026/1023/1929
f 3028/1020/1929 3029/1022/1929 3026/1023/1929
f 3028/1020/1929 3030/1021/1929 3029/1022/1929
f 3028/1020/1929 3031/1019/1929 3030/1021/1929
f 3032/783/2165 3033/784/2165 3034/1025/2165
f 3032/783/2165 3034/1025/2165 3035/780/2165
f 3034/1025/2165 3036/1026/2165 3035/780/2165
f 3036/1026/2165 3037/1027/2165 3035/780/2165
f 3037/1027/2165 3038/776/2165 3035/780/2165
f 3037/1027/2165 3039/1028/2165 3038/776/2165
f 3039/1028/2165 3040/777/2165 3038/776/2165
f 3041/1029/2432 3042/1030/2433 3043/912/2434
f 3044/905/2435 3041/1029/2432 3043/912/2434
f 3041/1029/2432 3044/905/2435 3045/903/2436
f 3041/1029/2432 3045/903/2436 3046/1010/2437
f 3045/903/2436 3047/1012/2438 3046/1010/2437
f 3041/1029/2432 3048/1011/2439 3042/1030/2433
f 3041/1029/2432 3046/1010/2437 3048/1011/2439
f 3048/1011/2439 3049/1031/2440 3042/1030/2433
f 3050/1013/2441 3047/1012/2438 3045/903/2436
f 3050/1013/2441 3045/903/2436 3051/909/2442
f 3050/1013/2441 3051/909/2442 3052/1015/2443
f 3051/909/2442 3053/911/2444 3052/1015/2443
f 3054/1030/2445 3055/1032/2446 3056/914/2447
f 3057/912/2448 3054/1030/2445 3056/914/2447
f 3055/1032/2446 3054/1030/2445 3058/1031/2449
f 3059/1033/2450 3060/1034/2451 3061/1035/2452
f 3062/1036/2453 3059/1033/2450 3061/1035/2452
f 3062/1036/2453 3061/1035/2452 3063/1037/2454
f 3062/1036/2453 3063/1037/2454 3064/1038/2449
f 3063/1037/2454 3065/1039/2455 3064/1038/2449
f 3066/1040/2456 3064/1038/2449 3065/1039/2455
f 3067/1041/1929 3068/1042/1929 3069/1043/2457
f 3070/1044/2458 3067/1041/1929 3069/1043/2457
f 3068/1042/1929 3071/1045/1929 3069/1043/2457
f 3072/1046/2459 3070/1044/2458 3069/1043/2457
f 3072/1046/2459 3069/1043/2457 3073/1047/2460
f 3072/1046/2459 3074/1048/2461 3070/1044/2458
f 3072/1046/2459 3075/1018/2462 3074/1048/2461
f 3072/1046/2459 3076/1017/2463 3075/1018/2462
f 3077/1049/2464 3078/1050/2465 3079/1051/2466
f 3077/1049/2464 3080/1052/2467 3078/1050/2465
f 3081/1021/2468 3082/1053/2468 3083/1054/2469
f 3084/1019/2469 3081/1021/2468 3083/1054/2469
f 3085/1055/1932 3086/1056/1932 3087/1057/1932
f 3088/1058/1932 3085/1055/1932 3087/1057/1932
f 3085/1055/1932 3089/1059/1932 3086/1056/1932
f 3089/1059/1932 3085/1055/1932 3090/1060/1932
f 3091/1061/2470 3092/1062/2471 3093/1063/2470
f 3094/1064/2471 3091/1061/2470 3093/1063/2470
f 3095/1065/2472 3096/1066/2473 3097/1067/2474
f 3096/1066/2473 3098/1068/2475 3097/1067/2474
f 3099/1069/2476 3100/1070/2477 3101/1065/2478
f 3100/1070/2477 3102/1066/2479 3101/1065/2478
f 3103/1067/2480 3104/1068/2481 3105/1071/2482
f 3103/1067/2480 3105/1071/2482 3106/1072/2483
f 3107/1031/2484 3108/1058/2485 3109/1057/2484
f 3107/1031/2484 3109/1057/2484 3110/1073/2484
f 3107/1031/2484 3111/1011/2485 3108/1058/2485
f 3112/1055/2486 3113/1058/2486 3114/1011/2486
f 3115/1008/2486 3112/1055/2486 3114/1011/2486
f 3116/1056/2487 3117/1059/2488 3118/1001/2489
f 3119/1002/2488 3116/1056/2487 3118/1001/2489
f 3120/1057/2490 3121/1056/2490 3122/1002/2490
f 3123/1073/2490 3120/1057/2490 3122/1002/2490
f 3124/1059/2491 3125/1060/2492 3126/1004/2492
f 3127/1001/2491 3124/1059/2491 3126/1004/2492
f 3128/1060/2493 3129/1055/2494 3130/1008/2494
f 3131/1004/2493 3128/1060/2493 3130/1008/2494
f 3132/975/2495 3133/974/2496 3134/1074/2497
f 3135/1075/2497 3132/975/2495 3134/1074/2497
f 3136/979/2498 3137/1076/2499 3138/1074/2500
f 3136/979/2498 3138/1074/2500 3139/974/2501
f 3140/1077/2502 3141/1078/2503 3142/1079/2504
f 3143/1080/2446 3140/1077/2502 3142/1079/2504
f 3143/1080/2446 3142/1079/2504 3144/1081/2505
f 3143/1080/2446 3145/1082/2506 3140/1077/2502
f 3143/1080/2446 3146/1083/2455 3145/1082/2506
f 3147/1084/2507 3148/1085/2508 3149/1086/2509
f 3149/1086/2509 3148/1085/2508 3150/1087/2510
f 3151/1088/2511 3147/1084/2507 3149/1086/2509
f 3151/1088/2511 3149/1086/2509 3152/1089/2512
f 3153/1090/2513 3152/1089/2512 3149/1086/2509
f 3153/1090/2513 3149/1086/2509 3150/1087/2510
f 3153/1090/2513 3150/1087/2510 3154/1091/2514
f 3151/1088/2511 3152/1089/2512 2772/873/2241
f 2759/860/2228 3151/1088/2511 2772/873/2241
f 3155/1092/2515 3151/1088/2511 2759/860/2228
f 3151/1088/2511 3155/1092/2515 3147/1084/2507
f 2757/858/2226 3155/1092/2515 2759/860/2228
f 2756/857/2225 3155/1092/2515 2757/858/2226
f 3155/1092/2515 2756/857/2225 3147/1084/2507
f 2769/870/2238 2772/873/2241 3152/1089/2512
f 3153/1090/2513 2769/870/2238 3152/1089/2512
f 2770/871/2239 2769/870/2238 3153/1090/2513
f 3154/1091/2514 2770/871/2239 3153/1090/2513
f 2771/872/2240 2770/871/2239 3154/1091/2514
f 3150/1087/2510 2771/872/2240 3154/1091/2514
f 3156/953/2516 3157/1093/2517 3158/959/2517
f 3159/949/2516 3156/953/2516 3158/959/2517
f 3160/1094/2518 3161/995/2519 3162/990/2520
f 3163/1095/2521 3160/1094/2518 3162/990/2520
f 3164/993/2522 3161/995/2519 3160/1094/2518
f 3165/1096/2523 3164/993/2522 3160/1094/2518
f 3166/991/2524 3164/993/2522 3165/1096/2523
f 3167/1097/2525 3166/991/2524 3165/1096/2523
f 3168/988/2526 3166/991/2524 3167/1097/2525
f 3169/1098/2527 3168/988/2526 3167/1097/2525
f 3170/985/2528 3168/988/2526 3169/1098/2527
f 3171/1099/2529 3170/985/2528 3169/1098/2527
f 3162/990/2520 3170/985/2528 3171/1099/2529
f 3163/1095/2521 3162/990/2520 3171/1099/2529
f 3163/1095/2521 3171/1099/2529 3172/1100/2414
f 3160/1094/2518 3163/1095/2521 3172/1100/2414
f 3165/1096/2523 3160/1094/2518 3172/1100/2414
f 3167/1097/2525 3165/1096/2523 3172/1100/2414
f 3169/1098/2527 3167/1097/2525 3172/1100/2414
f 3169/1098/2527 3172/1100/2414 3171/1099/2529
f 3173/857/2530 3174/863/2531 3175/859/2532
f 3176/862/2533 3175/859/2532 3174/863/2531
f 3176/862/2533 3174/863/2531 3177/878/2534
f 3175/859/2532 3176/862/2533 3178/861/2535
f 3178/861/2535 3176/862/2533 3179/864/2536
f 3179/864/2536 3176/862/2533 3180/865/2537
f 3180/865/2537 3181/866/2538 3179/864/2536
f 3182/874/2242 3181/866/2538 3180/865/2537
f 3182/874/2242 3180/865/2537 3176/862/2533
f 3179/864/2536 3181/866/2538 3183/867/2539
f 3183/867/2539 3181/866/2538 3184/868/2540
f 3184/868/2540 3181/866/2538 3185/869/2541
f 3186/876/2542 3185/869/2541 3181/866/2538
f 3187/877/2243 3182/874/2242 3176/862/2533
f 3176/862/2533 3177/878/2534 3187/877/2243
f 3188/879/2543 3187/877/2243 3177/878/2534
f 3187/877/2243 3189/881/2544 3182/874/2242
f 3187/877/2243 3188/879/2543 3189/881/2544
f 3182/874/2242 3189/881/2544 3190/882/2250
f 3191/883/2545 3182/874/2242 3190/882/2250
f 3192/884/2546 3191/883/2545 3190/882/2250
f 3193/887/2547 3190/882/2250 3189/881/2544
f 3193/887/2547 3189/881/2544 3188/879/2543
f 3194/888/2548 3193/887/2547 3188/879/2543
f 3195/880/2549 3191/883/2545 3192/884/2546
f 3196/875/2245 3195/880/2549 3186/876/2542
f 3195/880/2549 3196/875/2245 3191/883/2545
f 3196/875/2245 3182/874/2242 3191/883/2545
f 3182/874/2242 3196/875/2245 3181/866/2538
f 3186/876/2542 3181/866/2538 3196/875/2245
f 3197/885/2550 3186/876/2542 3195/880/2549
f 3197/885/2550 3195/880/2549 3192/884/2546
f 3192/884/2546 3190/882/2250 3198/886/2551
f 3198/886/2551 3190/882/2250 3193/887/2547
f 3194/888/2548 3198/886/2551 3193/887/2547
f 3197/885/2550 3192/884/2546 3198/886/2551
f 3199/890/2552 3197/885/2550 3198/886/2551
f 3197/885/2550 3199/890/2552 3186/876/2542
f 3199/890/2552 3198/886/2551 3200/892/2553
f 3194/888/2548 3201/889/2554 3198/886/2551
f 3201/889/2554 3202/901/2555 3198/886/2551
f 3202/901/2555 3201/889/2554 3203/900/2556
f 3202/901/2555 3204/893/2261 3198/886/2551
f 3198/886/2551 3204/893/2261 3200/892/2553
f 3205/894/2557 3200/892/2553 3204/893/2261
f 3205/894/2557 3204/893/2261 3206/896/2558
f 3207/895/2559 3205/894/2557 3206/896/2558
f 3208/897/2560 3207/895/2559 3206/896/2558
f 3208/897/2560 3206/896/2558 3209/898/2561
f 3209/898/2561 3210/899/2562 3203/900/2556
f 3206/896/2558 3210/899/2562 3209/898/2561
f 3210/899/2562 3206/896/2558 3204/893/2261
f 3202/901/2555 3210/899/2562 3204/893/2261
f 3210/899/2562 3202/901/2555 3203/900/2556
f 3211/891/2563 3205/894/2557 3207/895/2559
f 3211/891/2563 3200/892/2553 3205/894/2557
f 3211/891/2563 3199/890/2552 3200/892/2553
f 3201/889/2554 3177/878/2534 3203/900/2556
f 3199/890/2552 3211/891/2563 3186/876/2542
f 3201/889/2554 3194/888/2548 3177/878/2534
f 3194/888/2548 3188/879/2543 3177/878/2534
f 3212/903/2564 3213/902/2565 3214/904/2566
f 3215/905/2567 3212/903/2564 3214/904/2566
f 3213/902/2565 3216/907/2568 3214/904/2566
f 3217/908/2569 3216/907/2568 3213/902/2565
f 3218/909/2570 3213/902/2565 3212/903/2564
f 3218/909/2570 3219/910/2571 3213/902/2565
f 3218/909/2570 3220/911/2572 3219/910/2571
f 3215/905/2567 3214/904/2566 3221/906/2573
f 3215/905/2567 3221/906/2573 3222/912/2574
f 3221/906/2573 3223/913/2575 3222/912/2574
f 3221/906/2573 3224/915/2576 3223/913/2575
f 3223/913/2575 3224/915/2576 3225/916/2577
f 3226/917/2578 3223/913/2575 3225/916/2577
f 3223/913/2575 3227/914/2579 3222/912/2574
f 3228/910/2569 3217/908/2569 3229/902/2569
f 3230/929/2580 3231/928/2581 3232/930/2582
f 3232/930/2582 3231/928/2581 3233/931/2583
f 3230/929/2580 3232/930/2582 3234/932/2584
f 3234/932/2584 3232/930/2582 3235/933/2585
f 3232/930/2582 3236/934/2586 3235/933/2585
f 3237/935/2587 3238/928/2588 3230/929/2589
f 3239/936/2590 3238/928/2588 3237/935/2587
f 3240/937/2591 3238/928/2588 3239/936/2590
f 3241/876/2592 3242/939/2593 3236/934/2586
f 3243/938/2594 3241/876/2592 3236/934/2586
f 3244/940/2595 3241/876/2592 3243/938/2594
f 3244/940/2595 3245/942/2596 3241/876/2592
f 3245/942/2596 3246/943/2597 3241/876/2592
f 3242/939/2593 3247/933/2598 3236/934/2586
f 3248/941/2390 3247/933/2598 3242/939/2593
f 3246/943/2597 3249/869/2599 3241/876/2592
f 3250/939/2600 3251/891/2601 3252/941/2602
f 3251/891/2601 3253/895/2603 3252/941/2602
f 3252/941/2602 3253/895/2603 3254/933/2604
f 3255/876/2605 3251/891/2601 3250/939/2600
f 3253/895/2603 3256/897/2287 3254/933/2604
f 3254/933/2604 3256/897/2287 3257/944/2606
f 3256/897/2287 3258/898/2607 3257/944/2606
f 3258/898/2607 3259/946/2608 3257/944/2606
f 3260/900/2609 3259/946/2608 3258/898/2607
f 3261/947/2610 3259/946/2608 3260/900/2609
f 3262/878/2611 3261/947/2610 3260/900/2609
f 3254/933/2604 3257/944/2606 3263/945/2287
f 3264/932/2287 3254/933/2604 3263/945/2287
f 3265/932/2612 3266/945/2613 3267/948/2614
f 3268/929/2375 3265/932/2612 3267/948/2614
f 3267/948/2614 3266/945/2613 3269/949/2376
f 3270/929/2382 3271/948/2382 3272/935/2382
f 3272/935/2382 3271/948/2382 3273/953/2382
f 3271/948/2382 3274/949/2382 3273/953/2382
f 3275/954/2615 3276/955/2616 3277/878/2617
f 3276/955/2616 3278/947/2618 3277/878/2617
f 3279/956/2619 3278/947/2618 3276/955/2616
f 3279/956/2619 3280/944/2620 3278/947/2618
f 3278/947/2618 3280/944/2620 3281/946/2356
f 3282/863/2621 3275/954/2615 3277/878/2617
f 3280/944/2620 3283/957/2622 3284/945/2623
f 3285/956/2624 3283/957/2622 3280/944/2620
f 3284/945/2623 3283/957/2622 3286/949/2625
f 3286/949/2625 3283/957/2622 3287/958/2626
f 3288/959/2627 3286/949/2625 3287/958/2626
f 3287/958/2626 3289/960/2628 3288/959/2627
f 3289/960/2628 3290/961/2628 3288/959/2627
f 3291/950/2629 3292/952/2630 3293/951/2631
f 3291/950/2629 3294/924/2632 3292/952/2630
f 3294/924/2632 3295/925/2633 3292/952/2630
f 3296/963/2399 3297/962/2634 3298/964/2635
f 3298/964/2635 3297/962/2634 3299/965/2636
f 3298/964/2635 3299/965/2636 3300/966/2637
f 3299/965/2636 3301/967/2638 3300/966/2637
f 3302/968/2639 3301/967/2638 3299/965/2636
f 3297/962/2634 3302/968/2639 3299/965/2636
f 3300/966/2637 3301/967/2638 3303/969/2640
f 3301/967/2638 3304/970/2641 3303/969/2640
f 3304/970/2641 3301/967/2638 3302/968/2639
f 3305/971/2642 3303/969/2640 3304/970/2641
f 3306/972/2643 3304/970/2641 3302/968/2639
f 3305/971/2642 3304/970/2641 3306/972/2643
f 3307/973/2644 3305/971/2642 3306/972/2643
f 3308/974/1932 3309/977/1932 3310/976/1932
f 3311/975/1932 3308/974/1932 3310/976/1932
f 3312/978/2645 3309/977/1932 3308/974/1932
f 3313/979/2646 3312/978/2645 3308/974/1932
f 3313/979/2646 3314/980/2647 3312/978/2645
f 3315/981/2648 3316/984/2648 3317/983/2649
f 3318/982/2649 3315/981/2648 3317/983/2649
f 3319/985/2414 3320/988/2414 3321/987/2414
f 3322/986/2414 3319/985/2414 3321/987/2414
f 3322/986/2414 3323/989/2414 3319/985/2414
f 3323/989/2414 3324/990/2414 3319/985/2414
f 3321/987/2414 3320/988/2414 3325/991/2414
f 3326/992/2414 3321/987/2414 3325/991/2414
f 3326/992/2414 3325/991/2414 3327/993/2414
f 3328/994/2414 3326/992/2414 3327/993/2414
f 3328/994/2414 3327/993/2414 3329/995/2414
f 3330/996/2414 3328/994/2414 3329/995/2414
f 3330/996/2414 3329/995/2414 3324/990/2414
f 3323/989/2414 3330/996/2414 3324/990/2414
f 3331/977/2650 3332/937/2650 3333/936/2650
f 3334/976/2650 3331/977/2650 3333/936/2650
f 3335/1079/2651 3336/1080/2652 3337/1081/2653
f 3335/1079/2651 3338/1077/2654 3336/1080/2652
f 3339/1078/2655 3338/1077/2654 3335/1079/2651
f 3338/1077/2654 3340/1082/2656 3336/1080/2652
f 3340/1082/2656 3341/1083/2657 3336/1080/2652
f 3342/1017/2658 3343/1018/2659 3344/981/2660
f 3345/982/2661 3342/1017/2658 3344/981/2660
f 3346/784/2116 3347/783/2116 3348/1025/2116
f 3348/1025/2116 3347/783/2116 3349/780/2116
f 3350/1026/2116 3348/1025/2116 3349/780/2116
f 3351/1027/2116 3350/1026/2116 3349/780/2116
f 3352/776/2116 3351/1027/2116 3349/780/2116
f 3353/1028/2116 3351/1027/2116 3352/776/2116
f 3354/777/2116 3353/1028/2116 3352/776/2116
f 3355/1034/2662 3356/1033/2663 3357/1035/2664
f 3356/1033/2663 3358/1036/2665 3357/1035/2664
f 3357/1035/2664 3358/1036/2665 3359/1037/2666
f 3359/1037/2666 3358/1036/2665 3360/1038/2667
f 3361/1039/2668 3359/1037/2666 3360/1038/2667
f 3360/1038/2667 3362/1040/2669 3361/1039/2668
f 3363/1042/1929 3364/1041/1929 3365/1043/2670
f 3366/1045/1929 3363/1042/1929 3365/1043/2670
f 3364/1041/1929 3367/1044/2671 3365/1043/2670
f 3367/1044/2671 3368/1046/2672 3365/1043/2670
f 3365/1043/2670 3368/1046/2672 3369/1047/2673
f 3370/1048/2674 3368/1046/2672 3367/1044/2671
f 3370/1048/2674 3371/1018/2675 3368/1046/2672
f 3371/1018/2675 3372/1017/2676 3368/1046/2672
f 3373/1050/2677 3374/1049/2678 3375/1051/2679
f 3376/1052/2680 3374/1049/2678 3373/1050/2677
f 3377/1021/2681 3378/1019/2682 3379/1054/2682
f 3380/1053/2681 3377/1021/2681 3379/1054/2682
f 3381/1054/2683 3382/1051/2683 3383/1049/2683
f 3384/1056/1932 3385/1059/1932 3386/1055/1932
f 3386/1055/1932 3385/1059/1932 3387/1060/1932
f 3384/1056/1932 3386/1055/1932 3388/1057/1932
f 3386/1055/1932 3389/1058/1932 3388/1057/1932
f 3390/1061/2684 3391/1064/2685 3392/1063/2684
f 3393/1062/2685 3390/1061/2684 3392/1063/2684
f 3394/1068/2686 3395/1066/2687 3396/1067/2688
f 3395/1066/2687 3397/1065/2689 3396/1067/2688
f 3398/1066/2690 3399/1070/2691 3400/1065/2692
f 3399/1070/2691 3401/1069/2693 3400/1065/2692
f 3402/1071/2694 3403/1067/2695 3404/1072/2696
f 3402/1071/2694 3405/1068/2697 3403/1067/2695
f 3406/1058/2698 3407/1031/2491 3408/1057/2491
f 3408/1057/2491 3407/1031/2491 3409/1073/2491
f 3410/1011/2698 3407/1031/2491 3406/1058/2698
f 3411/1055/2486 3412/1008/2486 3413/1011/2486
f 3414/1058/2486 3411/1055/2486 3413/1011/2486
f 3415/1056/2699 3416/1002/2700 3417/1001/2701
f 3418/1059/2701 3415/1056/2699 3417/1001/2701
f 3419/1057/2490 3420/1073/2490 3421/1002/2490
f 3422/1056/2490 3419/1057/2490 3421/1002/2490
f 3423/1059/2484 3424/1001/2484 3425/1004/2485
f 3426/1060/2485 3423/1059/2484 3425/1004/2485
f 3427/1060/2702 3428/1004/2702 3429/1008/2703
f 3430/1055/2704 3427/1060/2702 3429/1008/2703
f 3431/975/2705 3432/1075/2706 3433/1074/2706
f 3434/974/2707 3431/975/2705 3433/1074/2706
f 3435/1074/2708 3436/979/2709 3437/974/2710
f 3435/1074/2708 3438/1076/2711 3436/979/2709
f 3439/1089/2712 3440/1090/2713 3441/1086/2714
f 3439/1089/2712 3441/1086/2714 3442/1088/2715
f 3443/1087/2716 3441/1086/2714 3440/1090/2713
f 3444/1085/2508 3441/1086/2714 3443/1087/2716
f 3444/1085/2508 3445/1084/2717 3441/1086/2714
f 3445/1084/2717 3442/1088/2715 3441/1086/2714
f 3445/1084/2717 3446/1092/2718 3442/1088/2715
f 3446/1092/2718 3447/858/2719 3442/1088/2715
f 3447/858/2719 3446/1092/2718 3173/857/2530
f 3445/1084/2717 3173/857/2530 3446/1092/2718
f 3447/858/2719 3448/860/2720 3442/1088/2715
f 3439/1089/2712 3442/1088/2715 3448/860/2720
f 3449/873/2721 3439/1089/2712 3448/860/2720
f 3439/1089/2712 3449/873/2721 3440/1090/2713
f 3449/873/2721 3450/870/2722 3440/1090/2713
f 3451/1091/2723 3440/1090/2713 3450/870/2722
f 3443/1087/2716 3440/1090/2713 3451/1091/2723
f 3452/871/2724 3451/1091/2723 3450/870/2722
f 3451/1091/2723 3452/871/2724 3453/872/2725
f 3453/872/2725 3443/1087/2716 3451/1091/2723
f 3447/858/2719 3173/857/2530 3175/859/2532
f 3447/858/2719 3175/859/2532 3448/860/2720
f 3175/859/2532 3178/861/2535 3448/860/2720
f 3448/860/2720 3178/861/2535 3179/864/2536
f 3449/873/2721 3448/860/2720 3179/864/2536
f 3449/873/2721 3179/864/2536 3450/870/2722
f 3179/864/2536 3183/867/2539 3450/870/2722
f 3450/870/2722 3183/867/2539 3184/868/2540
f 3452/871/2724 3450/870/2722 3184/868/2540
f 3452/871/2724 3184/868/2540 3453/872/2725
f 3453/872/2725 3184/868/2540 3185/869/2541
f 3454/1012/2726 3455/903/2727 3456/1010/2728
f 3455/903/2727 3457/1029/2729 3456/1010/2728
f 3458/1011/2730 3456/1010/2728 3457/1029/2729
f 3455/903/2727 3459/905/2731 3457/1029/2729
f 3457/1029/2729 3459/905/2731 3460/912/2732
f 3461/1030/2733 3457/1029/2729 3460/912/2732
f 3461/1030/2733 3458/1011/2730 3457/1029/2729
f 3461/1030/2733 3462/1031/2734 3458/1011/2730
f 3455/903/2727 3454/1012/2726 3463/1013/2735
f 3464/909/2736 3455/903/2727 3463/1013/2735
f 3464/909/2736 3463/1013/2735 3465/1015/2737
f 3466/911/2738 3464/909/2736 3465/1015/2737
f 3467/953/2739 3468/949/2739 3469/959/2740
f 3470/1093/2740 3467/953/2739 3469/959/2740
f 3471/1094/2521 3472/1095/2741 3473/990/2519
f 3474/995/2520 3471/1094/2521 3473/990/2519
f 3474/995/2520 3475/993/2528 3471/1094/2521
f 3475/993/2528 3476/1096/2529 3471/1094/2521
f 3475/993/2528 3477/991/2526 3476/1096/2529
f 3477/991/2526 3478/1097/2527 3476/1096/2529
f 3477/991/2526 3479/988/2524 3478/1097/2527
f 3479/988/2524 3480/1098/2525 3478/1097/2527
f 3479/988/2524 3481/985/2522 3480/1098/2525
f 3481/985/2522 3482/1099/2742 3480/1098/2525
f 3473/990/2519 3472/1095/2741 3482/1099/2742
f 3481/985/2522 3473/990/2519 3482/1099/2742
f 3482/1099/2742 3472/1095/2741 3483/1100/2414
f 3472/1095/2741 3471/1094/2521 3483/1100/2414
f 3471/1094/2521 3476/1096/2529 3483/1100/2414
f 3476/1096/2529 3478/1097/2527 3483/1100/2414
f 3478/1097/2527 3480/1098/2525 3483/1100/2414
f 3483/1100/2414 3480/1098/2525 3482/1099/2742
f 3484/1101/2743 3485/1102/2744 3486/1103/2745
f 3485/1102/2744 3487/1104/2746 3486/1103/2745
f 3486/1103/2745 3487/1104/2746 3488/1102/2747
f 3486/1103/2745 3488/1102/2747 3489/1105/2748
f 3486/1103/2745 3489/1105/2748 3490/1106/2749
f 3491/1107/2749 3484/1101/2743 3486/1103/2745
f 3492/1108/2750 3493/1109/2750 3494/1110/2750
f 3494/1110/2750 3493/1109/2750 3495/1108/2750
f 3493/1109/2750 3496/1111/2750 3495/1108/2750
f 3492/1108/2750 3497/1111/2750 3493/1109/2750
f 3498/1049/2751 3499/1051/2751 3500/1054/2751
f 3501/1032/2652 3502/1031/2667 3503/1030/2752
f 3501/1032/2652 3503/1030/2752 3504/914/2753
f 3503/1030/2752 3505/912/2754 3504/914/2753
f 3506/926/2755 2824/920/2291 2704/817/2175
f 3506/926/2755 2704/817/2175 2702/815/2173
f 2701/814/2172 3506/926/2755 2702/815/2173
f 3507/1112/2756 3508/1113/2757 3509/1114/2758
f 3508/1113/2757 3510/1115/2759 3509/1114/2758
f 3511/1116/2760 3508/1113/2757 3507/1112/2756
f 3511/1116/2760 3507/1112/2756 3512/1117/2761
f 3513/1118/2762 3511/1116/2760 3512/1117/2761
f 3513/1118/2762 3508/1113/2757 3511/1116/2760
f 3513/1118/2762 3514/1119/2763 3508/1113/2757
f 3513/1118/2762 3515/1120/2764 3514/1119/2763
f 3515/1120/2764 3516/1121/2765 3514/1119/2763
f 3514/1119/2763 3516/1121/2765 3508/1113/2757
f 3516/1121/2765 3515/1120/2764 3517/1122/2766
f 3516/1121/2765 3517/1122/2766 3518/1123/2767
f 3516/1121/2765 3518/1123/2767 3519/1124/2768
f 3519/1124/2768 3520/1125/2769 3516/1121/2765
f 3518/1123/2767 3521/1126/2770 3519/1124/2768
f 3518/1123/2767 3522/1127/2771 3521/1126/2770
f 3517/1122/2766 3523/1128/2772 3518/1123/2767
f 3518/1123/2767 3523/1128/2772 3524/1129/2773
f 3518/1123/2767 3524/1129/2773 3525/1130/2774
f 3524/1129/2775 3526/1131/2776 3527/1132/2777
f 3526/1131/2776 3528/1133/2775 3527/1132/2777
f 3529/1128/2778 3530/1131/2779 3524/1129/2773
f 3529/1128/2778 3531/1134/2780 3530/1131/2779
f 3529/1128/2778 3532/1122/2781 3531/1134/2780
f 3532/1122/2781 3533/1120/2782 3531/1134/2780
f 3533/1120/2782 3534/1135/2783 3531/1134/2780
f 3535/1136/2784 3534/1135/2783 3533/1120/2782
f 3535/1136/2784 3533/1120/2782 3536/1118/2785
f 3537/1137/2786 3535/1136/2784 3536/1118/2785
f 3537/1137/2786 3536/1118/2785 3538/1138/2787
f 3536/1118/2785 3539/1117/2787 3538/1138/2787
f 3540/1139/2788 3541/1140/2788 3542/1141/2788
f 3543/1142/2788 3540/1139/2788 3542/1141/2788
f 3540/1139/2788 3544/1143/2788 3541/1140/2788
f 3544/1143/2788 3545/1144/2788 3541/1140/2788
f 3546/1145/2788 3543/1142/2788 3542/1141/2788
f 3547/1146/2789 3546/1145/2788 3542/1141/2788
f 3547/1146/2789 3548/1147/2790 3546/1145/2788
f 3549/1148/2791 3548/1147/2790 3547/1146/2789
f 3550/1149/2788 3541/1140/2788 3545/1144/2788
f 3551/1150/2788 3550/1149/2788 3545/1144/2788
f 3551/1150/2788 3545/1144/2788 3552/1151/2792
f 3551/1150/2788 3552/1151/2792 3553/1152/2788
f 3551/1150/2788 3553/1152/2788 3554/1153/2788
f 3553/1152/2788 3555/1154/2788 3554/1153/2788
f 3555/1154/2788 3556/1155/2793 3554/1153/2788
f 3555/1154/2788 3557/1156/2794 3556/1155/2793
f 3558/1157/2795 3556/1155/2793 3557/1156/2794
f 3558/1157/2795 3557/1156/2794 3559/1158/2796
f 3558/1157/2795 3559/1158/2796 3560/1159/2797
f 3561/1160/2798 3558/1157/2795 3560/1159/2797
f 3561/1160/2798 3560/1159/2797 3562/1161/2799
f 3549/1148/2791 3563/1162/2800 3562/1161/2799
f 3549/1148/2791 3562/1161/2799 3564/1163/2801
f 3560/1159/2797 3564/1163/2801 3562/1161/2799
f 3549/1148/2791 3547/1146/2789 3563/1162/2800
f 3565/1164/2802 3566/1165/2803 3567/1166/2804
f 3565/1164/2802 3568/1167/2805 3566/1165/2803
f 3567/1166/2804 3566/1165/2803 3569/1168/2806
f 3566/1165/2803 3570/1169/2807 3569/1168/2806
f 3570/1169/2807 3571/1170/2808 3569/1168/2806
f 3569/1168/2806 3571/1170/2808 3572/1171/2809
f 3573/1172/2810 3572/1171/2809 3571/1170/2808
f 3569/1168/2806 3572/1171/2809 3574/1173/2811
f 3573/1172/2810 3571/1170/2808 3575/1174/2812
f 3576/1164/2813 3577/1175/2814 3578/1176/2815
f 3577/1175/2814 3579/1177/2816 3578/1176/2815
f 3576/1164/2813 3580/1166/2817 3577/1175/2814
f 3580/1166/2817 3581/1178/2818 3577/1175/2814
f 3581/1178/2818 3580/1166/2817 3582/1168/2819
f 3583/1179/2820 3581/1178/2818 3582/1168/2819
f 3584/1180/2821 3583/1179/2820 3582/1168/2819
f 3583/1179/2820 3584/1180/2821 3585/1181/2822
f 3581/1178/2818 3583/1179/2820 3585/1181/2822
f 3584/1180/2821 3586/1182/2823 3585/1181/2822
f 3587/1183/2824 3585/1181/2822 3586/1182/2823
f 3587/1183/2824 3586/1182/2823 3588/819/2825
f 3579/1177/2816 3589/1184/2826 3587/1183/2824
f 3589/1184/2826 3585/1181/2822 3587/1183/2824
f 3589/1184/2826 3581/1178/2818 3585/1181/2822
f 3589/1184/2826 3577/1175/2814 3581/1178/2818
f 3577/1175/2814 3589/1184/2826 3579/1177/2816
f 3590/1173/2827 3584/1180/2821 3582/1168/2819
f 3588/819/2825 3586/1182/2823 3591/1185/2828
f 3586/1182/2823 3584/1180/2821 3591/1185/2828
f 3592/1186/2829 3588/819/2825 3591/1185/2828
f 3584/1180/2821 3590/1173/2827 3593/1171/2830
f 3591/1185/2828 3584/1180/2821 3593/1171/2830
f 3591/1185/2828 3593/1171/2830 3594/1187/2831
f 3592/1186/2829 3591/1185/2828 3594/1187/2831
f 3593/1171/2830 3595/1172/2832 3594/1187/2831
f 3596/808/2833 3587/1183/2824 3588/819/2825
f 3579/1177/2816 3587/1183/2824 3596/808/2833
f 3597/1188/2834 3598/1189/2835 3599/1190/2836
f 3597/1188/2834 3599/1190/2836 3600/1191/2837
f 3600/1191/2837 3599/1190/2836 3601/1192/2838
f 3601/1192/2838 3599/1190/2836 3602/1193/2839
f 3602/1193/2839 3599/1190/2836 3603/1194/2840
f 3603/1194/2840 3599/1190/2836 3598/1189/2835
f 3604/1195/2841 3605/1196/2842 3606/1197/2843
f 3607/1198/2844 3604/1195/2841 3606/1197/2843
f 3604/1195/2841 3607/1198/2844 3608/1199/2845
f 3607/1198/2844 3609/1200/2845 3608/1199/2845
f 3610/1201/2846 3611/1202/2846 3612/1203/2846
f 3613/1204/2847 3614/1205/2848 3615/1206/2849
f 3614/1205/2848 3616/1207/2850 3615/1206/2849
f 3616/1207/2850 3617/1208/2851 3615/1206/2849
f 3616/1207/2850 3618/1209/2852 3617/1208/2851
f 3613/1204/2847 3615/1206/2849 3619/1203/2853
f 3620/1210/2854 3621/1211/2854 3622/1212/2854
f 3623/1213/2855 3624/1205/2856 3625/1204/2857
f 3626/1214/2857 3623/1213/2855 3625/1204/2857
f 3623/1213/2855 3627/1207/2858 3624/1205/2856
f 3627/1207/2858 3623/1213/2855 3628/1215/2859
f 3629/1216/2860 3630/1217/2861 3631/1172/2862
f 3629/1216/2860 3632/1138/2863 3630/1217/2861
f 3632/1138/2863 3633/1117/2864 3630/1217/2861
f 3634/1217/2865 3635/1112/2866 3636/1187/2867
f 3634/1217/2865 3637/1117/2868 3635/1112/2866
f 3636/1187/2867 3635/1112/2866 3638/1114/2869
f 3639/1186/2870 3636/1187/2867 3638/1114/2869
f 3638/1114/2869 3640/1218/2871 3639/1186/2870
f 3640/1218/2871 3641/1219/2871 3639/1186/2870
f 3642/1172/2872 3634/1217/2865 3636/1187/2867
f 3643/1148/2873 3644/1163/2874 3645/1189/2875
f 3643/1148/2873 3645/1189/2875 3646/1188/2876
f 3643/1148/2873 3646/1188/2876 3647/1147/2877
f 3648/1145/2878 3649/1147/2879 3650/1188/2880
f 3648/1145/2878 3650/1188/2880 3651/1191/2881
f 3648/1145/2878 3651/1191/2881 3652/1142/2882
f 3653/1139/2883 3654/1142/2884 3655/1191/2885
f 3653/1139/2883 3655/1191/2885 3656/1192/2886
f 3653/1139/2883 3656/1192/2886 3657/1143/2887
f 3658/1144/2888 3659/1143/2889 3660/1192/2890
f 3658/1144/2888 3660/1192/2890 3661/1193/2891
f 3662/1151/2892 3658/1144/2888 3661/1193/2891
f 3662/1151/2892 3661/1193/2891 3663/1152/2893
f 3664/1154/2894 3665/1152/2895 3666/1193/2896
f 3664/1154/2894 3666/1193/2896 3667/1194/2897
f 3664/1154/2894 3667/1194/2897 3668/1156/2898
f 3669/1159/2899 3670/1158/2900 3671/1194/2901
f 3669/1159/2899 3671/1194/2901 3672/1189/2902
f 3669/1159/2899 3672/1189/2902 3673/1163/2903
f 3670/1158/2900 3674/1156/2904 3671/1194/2901
f 3675/1220/2905 3676/1221/2906 3677/1222/2907
f 3675/1220/2905 3678/1223/2908 3676/1221/2906
f 3678/1223/2908 3679/1224/2909 3676/1221/2906
f 3676/1221/2906 3679/1224/2909 3680/1225/2910
f 3681/1226/2911 3677/1222/2907 3676/1221/2906
f 3680/1225/2910 3681/1226/2911 3676/1221/2906
f 3681/1226/2911 3682/1227/2912 3677/1222/2907
f 3683/1228/2913 3682/1227/2912 3681/1226/2911
f 3684/1229/2914 3675/1220/2905 3677/1222/2907
f 3684/1229/2914 3677/1222/2907 3685/1230/2912
f 3686/1231/2915 3683/1228/2913 3681/1226/2911
f 3685/1230/2912 3687/1232/2916 3684/1229/2914
f 3687/1232/2916 3688/1233/2917 3684/1229/2914
f 3679/1224/2909 3689/1221/2918 3680/1225/2910
f 3679/1224/2909 3678/1223/2908 3689/1221/2918
f 3678/1223/2908 3690/1220/2919 3689/1221/2918
f 3689/1221/2918 3690/1220/2919 3691/1222/2920
f 3691/1222/2920 3692/1226/2921 3689/1221/2918
f 3692/1226/2921 3680/1225/2910 3689/1221/2918
f 3693/1227/2922 3692/1226/2921 3691/1222/2920
f 3693/1227/2922 3694/1228/2923 3692/1226/2921
f 3690/1220/2919 3695/1229/2924 3691/1222/2920
f 3691/1222/2920 3695/1229/2924 3696/1230/2922
f 3694/1228/2923 3697/1231/2925 3692/1226/2921
f 3698/1232/2926 3696/1230/2922 3695/1229/2924
f 3699/1233/2927 3698/1232/2926 3695/1229/2924
f 3700/1234/2414 3701/1235/2414 3702/1201/2928
f 3703/1203/2928 3700/1234/2414 3702/1201/2928
f 3701/1235/2414 3700/1234/2414 3704/1201/2928
f 3700/1234/2414 3705/1203/2928 3704/1201/2928
f 3706/1236/2929 3707/1237/2929 3708/1238/2930
f 3709/1239/2930 3706/1236/2929 3708/1238/2930
f 3710/1236/2931 3709/1239/2930 3708/1238/2930
f 3711/1237/2932 3710/1236/2931 3708/1238/2930
f 3712/1236/2933 3713/1240/2933 3714/1237/2933
f 3715/1241/2934 3716/1123/2935 3717/1130/2936
f 3716/1123/2935 3715/1241/2934 3718/1127/2937
f 3719/1206/2938 3720/1242/2939 3721/1203/2940
f 3721/1203/2940 3720/1242/2939 3722/1236/2941
f 3723/1204/2942 3724/1203/2942 3725/1202/2942
f 3726/1210/2943 3727/1230/2944 3728/1211/2945
f 3729/1232/2946 3727/1230/2944 3726/1210/2943
f 3730/1210/2947 3731/1243/2948 3732/1244/2949
f 3733/1232/2950 3730/1210/2947 3732/1244/2949
f 3734/1245/2949 3735/1246/2951 3736/1213/2952
f 3737/1214/2953 3734/1245/2949 3736/1213/2952
f 3736/1213/2952 3735/1246/2951 3738/1215/2954
f 3739/1234/2955 3740/1203/2955 3741/1236/2955
f 3742/1239/2955 3739/1234/2955 3741/1236/2955
f 3739/1234/2955 3742/1239/2955 3743/1236/2955
f 3744/1203/2955 3739/1234/2955 3743/1236/2955
f 3745/1236/2956 3746/1247/2956 3747/1240/2956
f 3748/1113/2957 3749/1112/2958 3750/1114/2959
f 3751/1115/2960 3748/1113/2957 3750/1114/2959
f 3748/1113/2957 3752/1116/2961 3749/1112/2958
f 3749/1112/2958 3752/1116/2961 3753/1117/2962
f 3752/1116/2961 3754/1118/2963 3753/1117/2962
f 3748/1113/2957 3754/1118/2963 3752/1116/2961
f 3755/1119/2964 3754/1118/2963 3748/1113/2957
f 3756/1120/2965 3754/1118/2963 3755/1119/2964
f 3757/1121/2966 3756/1120/2965 3755/1119/2964
f 3757/1121/2966 3755/1119/2964 3748/1113/2957
f 3756/1120/2965 3757/1121/2966 3758/1122/2967
f 3758/1122/2967 3757/1121/2966 3759/1123/2968
f 3759/1123/2968 3757/1121/2966 3760/1124/2969
f 3761/1125/2970 3760/1124/2969 3757/1121/2966
f 3762/1126/2971 3759/1123/2968 3760/1124/2969
f 3763/1127/2972 3759/1123/2968 3762/1126/2971
f 3764/1128/2973 3758/1122/2967 3759/1123/2968
f 3764/1128/2973 3759/1123/2968 3765/1129/2974
f 3765/1129/2974 3759/1123/2968 3766/1130/2975
f 3767/1131/2976 3765/1129/2977 3768/1132/2974
f 3769/1133/2977 3767/1131/2976 3768/1132/2974
f 3770/1131/2978 3771/1128/2979 3765/1129/2974
f 3772/1134/2980 3771/1128/2979 3770/1131/2978
f 3773/1122/2981 3771/1128/2979 3772/1134/2980
f 3774/1120/2982 3773/1122/2981 3772/1134/2980
f 3775/1135/2983 3774/1120/2982 3772/1134/2980
f 3775/1135/2983 3776/1136/2984 3774/1120/2982
f 3774/1120/2982 3776/1136/2984 3777/1118/2985
f 3776/1136/2984 3778/1137/2986 3777/1118/2985
f 3777/1118/2985 3778/1137/2986 3779/1138/2987
f 3780/1117/2987 3777/1118/2985 3779/1138/2987
f 3781/1140/2988 3782/1139/2988 3783/1141/2988
f 3782/1139/2988 3784/1142/2988 3783/1141/2988
f 3785/1143/2988 3782/1139/2988 3781/1140/2988
f 3786/1144/2988 3785/1143/2988 3781/1140/2988
f 3784/1142/2988 3787/1145/2988 3783/1141/2988
f 3787/1145/2988 3788/1146/2989 3783/1141/2988
f 3789/1147/2990 3788/1146/2989 3787/1145/2988
f 3789/1147/2990 3790/1148/2991 3788/1146/2989
f 3781/1140/2988 3791/1149/2988 3786/1144/2988
f 3791/1149/2988 3792/1150/2988 3786/1144/2988
f 3786/1144/2988 3792/1150/2988 3793/1151/2992
f 3793/1151/2992 3792/1150/2988 3794/1152/2988
f 3794/1152/2988 3792/1150/2988 3795/1153/2988
f 3796/1154/2988 3794/1152/2988 3795/1153/2988
f 3797/1155/2993 3796/1154/2988 3795/1153/2988
f 3798/1156/2994 3796/1154/2988 3797/1155/2993
f 3797/1155/2993 3799/1157/2995 3798/1156/2994
f 3798/1156/2994 3799/1157/2995 3800/1158/2996
f 3800/1158/2996 3799/1157/2995 3801/1159/2997
f 3799/1157/2995 3802/1160/2998 3801/1159/2997
f 3801/1159/2997 3802/1160/2998 3803/1161/2999
f 3804/1162/3000 3790/1148/2991 3803/1161/2999
f 3803/1161/2999 3790/1148/2991 3805/1163/3001
f 3805/1163/3001 3801/1159/2997 3803/1161/2999
f 3788/1146/2989 3790/1148/2991 3804/1162/3000
f 3806/1165/3002 3807/1164/3003 3808/1166/3004
f 3809/1167/3005 3807/1164/3003 3806/1165/3002
f 3806/1165/3002 3808/1166/3004 3810/1168/3006
f 3811/1169/3007 3806/1165/3002 3810/1168/3006
f 3812/1170/3008 3811/1169/3007 3810/1168/3006
f 3812/1170/3008 3810/1168/3006 3813/1171/3009
f 3813/1171/3009 3814/1172/3010 3812/1170/3008
f 3813/1171/3009 3810/1168/3006 3815/1173/3011
f 3812/1170/3008 3814/1172/3010 3816/1174/3012
f 3817/1175/3013 3818/1164/3014 3819/1176/3015
f 3820/1177/3016 3817/1175/3013 3819/1176/3015
f 3821/1166/3017 3818/1164/3014 3817/1175/3013
f 3822/1178/3018 3821/1166/3017 3817/1175/3013
f 3821/1166/3017 3822/1178/3018 3823/1168/3019
f 3822/1178/3018 3824/1179/3020 3823/1168/3019
f 3824/1179/3020 3825/1180/3021 3823/1168/3019
f 3825/1180/3021 3824/1179/3020 3826/1181/3022
f 3824/1179/3020 3822/1178/3018 3826/1181/3022
f 3827/1182/3023 3825/1180/3021 3826/1181/3022
f 3826/1181/3022 3828/1183/3024 3827/1182/3023
f 3827/1182/3023 3828/1183/3024 3829/819/3025
f 3830/1184/3026 3820/1177/3016 3828/1183/3024
f 3826/1181/3022 3830/1184/3026 3828/1183/3024
f 3822/1178/3018 3830/1184/3026 3826/1181/3022
f 3817/1175/3013 3830/1184/3026 3822/1178/3018
f 3830/1184/3026 3817/1175/3013 3820/1177/3016
f 3825/1180/3021 3831/1173/3027 3823/1168/3019
f 3827/1182/3023 3829/819/3025 3832/1185/3028
f 3825/1180/3021 3827/1182/3023 3832/1185/3028
f 3829/819/3025 3833/1186/3029 3832/1185/3028
f 3825/1180/3021 3832/1185/3028 3834/1171/3030
f 3831/1173/3027 3825/1180/3021 3834/1171/3030
f 3834/1171/3030 3832/1185/3028 3835/1187/3031
f 3832/1185/3028 3833/1186/3029 3835/1187/3031
f 3836/1172/3032 3834/1171/3030 3835/1187/3031
f 3828/1183/3024 3837/808/3033 3829/819/3025
f 3828/1183/3024 3820/1177/3016 3837/808/3033
f 3838/1189/3034 3839/1188/3035 3840/1190/3036
f 3840/1190/3036 3839/1188/3035 3841/1191/3037
f 3840/1190/3036 3841/1191/3037 3842/1192/3038
f 3840/1190/3036 3842/1192/3038 3843/1193/3039
f 3840/1190/3036 3843/1193/3039 3844/1194/3040
f 3840/1190/3036 3844/1194/3040 3838/1189/3034
f 3845/1195/3041 3846/1198/3042 3847/1197/3043
f 3848/1196/3044 3845/1195/3041 3847/1197/3043
f 3846/1198/3042 3845/1195/3041 3849/1199/3045
f 3850/1200/3045 3846/1198/3042 3849/1199/3045
f 3851/1202/3046 3852/1201/3046 3853/1203/3046
f 3854/1205/3047 3855/1204/3048 3856/1206/3049
f 3857/1207/3050 3854/1205/3047 3856/1206/3049
f 3858/1208/3051 3857/1207/3050 3856/1206/3049
f 3859/1209/3052 3857/1207/3050 3858/1208/3051
f 3856/1206/3049 3855/1204/3048 3860/1203/3053
f 3861/1211/3054 3862/1210/3054 3863/1212/3054
f 3864/1213/3055 3865/1214/3056 3866/1204/3057
f 3867/1205/3058 3864/1213/3055 3866/1204/3057
f 3868/1207/3059 3864/1213/3055 3867/1205/3058
f 3864/1213/3055 3868/1207/3059 3869/1215/3060
f 3870/1217/3061 3871/1216/3062 3872/1172/3063
f 3873/1138/3064 3871/1216/3062 3870/1217/3061
f 3874/1117/3065 3873/1138/3064 3870/1217/3061
f 3875/1217/3066 3876/1172/3067 3877/1187/3068
f 3878/1112/3069 3875/1217/3066 3877/1187/3068
f 3879/1117/3070 3875/1217/3066 3878/1112/3069
f 3878/1112/3069 3877/1187/3068 3880/1114/3071
f 3877/1187/3068 3881/1186/3072 3880/1114/3071
f 3882/1218/3073 3880/1114/3071 3881/1186/3072
f 3883/1219/3073 3882/1218/3073 3881/1186/3072
f 3884/1163/3074 3885/1148/3075 3886/1189/3076
f 3886/1189/3076 3885/1148/3075 3887/1188/3077
f 3887/1188/3077 3885/1148/3075 3888/1147/3078
f 3889/1147/3079 3890/1145/3080 3891/1188/3081
f 3891/1188/3081 3890/1145/3080 3892/1191/3082
f 3892/1191/3082 3890/1145/3080 3893/1142/3083
f 3894/1142/3084 3895/1139/3085 3896/1191/3086
f 3896/1191/3086 3895/1139/3085 3897/1192/3087
f 3897/1192/3087 3895/1139/3085 3898/1143/3088
f 3899/1143/3089 3900/1144/3090 3901/1192/3091
f 3901/1192/3091 3900/1144/3090 3902/1193/3092
f 3900/1144/3090 3903/1151/3093 3902/1193/3092
f 3902/1193/3092 3903/1151/3093 3904/1152/3094
f 3905/1152/3095 3906/1154/3096 3907/1193/3097
f 3907/1193/3097 3906/1154/3096 3908/1194/3098
f 3908/1194/3098 3906/1154/3096 3909/1156/3099
f 3910/1158/3100 3911/1159/3101 3912/1194/3102
f 3912/1194/3102 3911/1159/3101 3913/1189/3103
f 3913/1189/3103 3911/1159/3101 3914/1163/3104
f 3915/1156/3105 3910/1158/3100 3912/1194/3102
f 3916/1240/3106 3917/1236/3106 3918/1237/3106
f 3919/1123/3107 3920/1241/3108 3921/1130/3109
f 3920/1241/3108 3919/1123/3107 3922/1127/3110
f 3923/1242/3111 3924/1206/3112 3925/1203/3113
f 3923/1242/3111 3925/1203/3113 3926/1236/3114
f 3927/1203/3115 3928/1204/3115 3929/1202/3115
f 3930/1230/3116 3931/1210/3117 3932/1211/3118
f 3930/1230/3116 3933/1232/3119 3931/1210/3117
f 3934/1243/3120 3935/1210/3121 3936/1244/3122
f 3935/1210/3121 3937/1232/3123 3936/1244/3122
f 3938/1245/3124 3939/1214/3123 3940/1213/3125
f 3941/1246/3126 3938/1245/3124 3940/1213/3125
f 3941/1246/3126 3940/1213/3125 3942/1215/2954
f 3943/1247/3127 3944/1236/3127 3945/1240/3127
f 3946/1248/3128 3947/1249/3129 3948/1250/3130
f 3947/1249/3129 3949/1251/3131 3948/1250/3130
f 3950/1252/3132 3949/1251/3131 3947/1249/3129
f 3951/1253/3133 3950/1252/3132 3947/1249/3129
f 3946/1248/3128 3951/1253/3133 3947/1249/3129
f 3952/1254/3134 3953/1255/3135 3954/1256/3136
f 3952/1254/3134 3955/1257/3137 3953/1255/3135
f 3955/1257/3137 3956/1258/3138 3953/1255/3135
f 3953/1255/3135 3957/1259/3139 3954/1256/3136
f 3956/1258/3138 3957/1259/3139 3953/1255/3135
f 3958/1249/3140 3959/1248/3141 3960/1250/3142
f 3961/1251/3143 3958/1249/3140 3960/1250/3142
f 3961/1251/3143 3962/1252/3144 3958/1249/3140
f 3963/1253/3145 3959/1248/3141 3958/1249/3140
f 3962/1252/3144 3963/1253/3145 3958/1249/3140
f 3964/1255/3146 3965/1254/3147 3966/1256/3148
f 3967/1257/3149 3965/1254/3147 3964/1255/3146
f 3968/1258/3150 3967/1257/3149 3964/1255/3146
f 3969/1259/3151 3964/1255/3146 3966/1256/3148
f 3969/1259/3151 3968/1258/3150 3964/1255/3146
f 3970/1260/3152 3971/1261/3153 3972/1262/3154
f 3973/1263/3155 3970/1260/3152 3972/1262/3154
f 3970/1260/3152 3973/1263/3155 3974/1264/3156
f 3975/1265/3157 3976/1266/3158 3977/1267/3158
f 3978/1268/3157 3975/1265/3157 3977/1267/3158
f 3979/1269/3159 3980/1270/3160 3981/1271/3161
f 3979/1269/3159 3981/1271/3161 3982/1272/3162
f 3983/1273/3163 3984/1274/3164 3985/1275/3165
f 3983/1273/3163 3985/1275/3165 3986/1269/3166
f 3985/1275/3165 3987/1270/3167 3986/1269/3166
f 3988/1276/3168 3989/1277/3169 3990/1278/3170
f 3991/1279/3171 3988/1276/3168 3990/1278/3170
f 3992/1177/3172 3993/810/3173 3994/1280/3174
f 3995/1281/3175 3992/1177/3172 3994/1280/3174
f 3995/1281/3175 3996/1282/3176 3992/1177/3172
f 3992/1177/3172 3996/1282/3176 3997/1176/3177
f 3995/1281/3175 3998/1283/3178 3996/1282/3176
f 3998/1283/3178 3999/1284/3178 3996/1282/3176
f 4000/1285/3179 4001/1266/3179 4002/1265/3179
f 4003/1285/3180 4004/1265/3181 4005/1286/3182
f 4004/1265/3181 4006/1268/2165 4005/1286/3182
f 4006/1268/2165 4007/1287/2165 4005/1286/3182
f 4008/1286/3183 4009/1288/3183 4010/1289/3183
f 4011/1285/3183 4008/1286/3183 4010/1289/3183
f 4012/1260/3184 4013/1263/3185 4014/1262/3186
f 4015/1261/3187 4012/1260/3184 4014/1262/3186
f 4013/1263/3185 4012/1260/3184 4016/1264/3188
f 4017/1265/3189 4018/1268/3189 4019/1267/3190
f 4020/1266/3190 4017/1265/3189 4019/1267/3190
f 4021/1270/3191 4022/1269/3192 4023/1271/3193
f 4023/1271/3193 4022/1269/3192 4024/1272/3194
f 4025/1274/3195 4026/1273/3196 4027/1275/3197
f 4027/1275/3197 4026/1273/3196 4028/1269/3198
f 4029/1270/3199 4027/1275/3197 4028/1269/3198
f 4030/1276/3200 4031/1279/3201 4032/1278/3202
f 4033/1277/3203 4030/1276/3200 4032/1278/3202
f 4034/810/3204 4035/1177/3205 4036/1280/3206
f 4035/1177/3205 4037/1281/3207 4036/1280/3206
f 4038/1282/3208 4037/1281/3207 4035/1177/3205
f 4038/1282/3208 4035/1177/3205 4039/1176/3209
f 4040/1283/3210 4037/1281/3207 4038/1282/3208
f 4041/1284/3210 4040/1283/3210 4038/1282/3208
f 4042/1266/3211 4043/1285/3211 4044/1265/3211
f 4045/1265/3212 4046/1285/3213 4047/1286/3214
f 4048/1268/2116 4045/1265/3212 4047/1286/3214
f 4049/1287/2116 4048/1268/2116 4047/1286/3214
f 4050/1286/3215 4051/1285/3215 4052/1289/3215
f 4053/1288/3215 4050/1286/3215 4052/1289/3215
f 4054/1290/3216 4055/1291/3217 4056/1288/3218
f 4055/1291/3217 4057/1292/3219 4056/1288/3218
f 4055/1291/3217 4058/1293/3220 4057/1292/3219
f 4059/1294/3221 4060/1295/3222 4061/1296/3223
f 4059/1294/3221 4061/1296/3223 4062/1297/3224
f 4059/1294/3221 4062/1297/3224 4063/1298/3225
f 4062/1297/3224 4061/1296/3223 4064/1299/3226
f 4059/1294/3221 4063/1298/3225 4065/1300/3227
f 4063/1298/3225 4066/1301/3228 4065/1300/3227
f 4066/1301/3228 4067/1302/3229 4065/1300/3227
f 4067/1302/3229 4068/1303/3230 4065/1300/3227
f 4069/1268/3231 4065/1300/3227 4068/1303/3230
f 4069/1268/3231 4070/1304/3232 4065/1300/3227
f 4068/1303/3230 4067/1302/3229 4071/1305/3233
f 4072/1306/3233 4068/1303/3230 4071/1305/3233
f 4069/1268/3231 4068/1303/3230 4073/1307/3234
f 4074/1306/3235 4073/1307/3234 4068/1303/3230
f 4074/1306/3235 4075/1308/3236 4073/1307/3234
f 4059/1294/3221 4076/1309/3237 4060/1295/3222
f 4059/1294/3221 4077/1310/3238 4076/1309/3237
f 4077/1310/3238 4059/1294/3221 4065/1300/3227
f 4077/1310/3238 4065/1300/3227 4070/1304/3232
f 4078/1297/3239 4064/1299/3226 4079/1311/3240
f 4080/1312/3241 4078/1297/3239 4079/1311/3240
f 4080/1312/3241 4079/1311/3240 4081/1313/3242
f 4082/1314/3243 4080/1312/3241 4081/1313/3242
f 4083/1315/3244 4082/1314/3243 4081/1313/3242
f 4084/1298/3245 4080/1312/3241 4082/1314/3243
f 4084/1298/3245 4078/1297/3239 4080/1312/3241
f 4084/1298/3245 4082/1314/3243 4085/1301/3246
f 4082/1314/3243 4086/1316/3247 4085/1301/3246
f 4083/1315/3244 4086/1316/3247 4082/1314/3243
f 4086/1316/3247 4083/1315/3244 4087/1317/3248
f 4088/1302/3249 4085/1301/3246 4086/1316/3247
f 4088/1302/3249 4086/1316/3247 4089/1318/3250
f 4090/1305/3251 4088/1302/3249 4089/1318/3250
f 4079/1311/3240 4091/1312/3252 4081/1313/3242
f 4083/1315/3244 4081/1313/3242 4092/1319/3253
f 4093/1320/3254 4086/1316/3247 4087/1317/3248
f 4093/1320/3254 4087/1317/3248 4094/1321/3255
f 4087/1317/3248 4095/1322/3256 4094/1321/3255
f 4096/1323/3257 4097/1324/3258 4098/1325/3259
f 4098/1325/3259 4099/1326/3260 4096/1323/3257
f 4099/1326/3260 4100/1327/3261 4096/1323/3257
f 4096/1323/3257 4100/1327/3261 4101/1328/3262
f 4100/1327/3261 4102/1329/3263 4101/1328/3262
f 4103/1330/3264 4097/1324/3258 4096/1323/3257
f 4104/1331/3265 4103/1330/3264 4096/1323/3257
f 4096/1323/3257 4105/1332/3266 4104/1331/3265
f 4096/1323/3257 4101/1328/3262 4105/1332/3266
f 4106/1333/3267 4107/1326/3268 4108/1334/3269
f 4107/1326/3268 4106/1333/3267 4109/1327/3270
f 4106/1333/3267 4110/1335/3271 4109/1327/3270
f 4110/1335/3271 4111/1336/3272 4109/1327/3270
f 4111/1336/3272 4112/1329/3273 4109/1327/3270
f 4107/1326/3268 4113/1333/3274 4108/1334/3269
f 4113/1333/3274 4107/1326/3268 4114/1327/3275
f 4115/1335/3276 4113/1333/3274 4114/1327/3275
f 4115/1335/3276 4114/1327/3275 4116/1336/3277
f 4114/1327/3275 4117/1329/3278 4116/1336/3277
f 4076/1309/3237 4118/1337/3279 4060/1295/3222
f 4118/1337/3279 4119/1309/3280 4060/1295/3222
f 4119/1309/3280 4120/1294/3281 4060/1295/3222
f 4060/1295/3222 4120/1294/3281 4061/1296/3223
f 4061/1296/3223 4120/1294/3281 4121/1297/3282
f 4121/1297/3282 4120/1294/3281 4122/1298/3283
f 4061/1296/3223 4121/1297/3282 4064/1299/3226
f 4122/1298/3283 4120/1294/3281 4123/1300/3284
f 4124/1301/3285 4122/1298/3283 4123/1300/3284
f 4125/1302/3286 4124/1301/3285 4123/1300/3284
f 4126/1303/3287 4125/1302/3286 4123/1300/3284
f 4123/1300/3284 4127/1268/3288 4126/1303/3287
f 4128/1304/3289 4127/1268/3288 4123/1300/3284
f 4123/1300/3284 4129/1310/3290 4128/1304/3289
f 4129/1310/3290 4120/1294/3281 4119/1309/3280
f 4123/1300/3284 4120/1294/3281 4129/1310/3290
f 4125/1302/3286 4126/1303/3287 4130/1305/3291
f 4126/1303/3287 4131/1306/3291 4130/1305/3291
f 4126/1303/3287 4127/1268/3288 4132/1307/3292
f 4132/1307/3292 4133/1306/3293 4126/1303/3287
f 4134/1308/3294 4133/1306/3293 4132/1307/3292
f 4135/1338/3295 4136/1339/3296 4137/1340/3297
f 4136/1339/3296 4138/1341/3298 4137/1340/3297
f 4136/1339/3296 4139/1342/3299 4138/1341/3298
f 4136/1339/3296 4140/1343/3300 4139/1342/3299
f 4136/1339/3296 4141/1344/3301 4140/1343/3300
f 4135/1338/3295 4142/1345/3302 4136/1339/3296
f 4136/1339/3296 4142/1345/3302 4141/1344/3301
f 4143/1340/3303 4142/1345/3302 4135/1338/3295
f 4142/1345/3302 4143/1340/3303 4144/1346/3304
f 4139/1342/3299 4145/1347/3305 4138/1341/3298
f 4145/1347/3305 4146/1348/3306 4138/1341/3298
f 4146/1348/3306 4145/1347/3305 4147/1349/3307
f 4146/1348/3306 4148/1347/3308 4138/1341/3298
f 4149/1349/3309 4148/1347/3308 4146/1348/3306
f 4138/1341/3298 4150/1339/3310 4137/1340/3297
f 4150/1339/3310 4151/1338/3311 4137/1340/3297
f 4152/1342/3312 4150/1339/3310 4138/1341/3298
f 4148/1347/3308 4152/1342/3312 4138/1341/3298
f 4153/1343/3313 4150/1339/3310 4152/1342/3312
f 4154/1344/3314 4150/1339/3310 4153/1343/3313
f 4155/1345/3315 4151/1338/3311 4150/1339/3310
f 4154/1344/3314 4155/1345/3315 4150/1339/3310
f 4155/1345/3315 4156/1340/3316 4151/1338/3311
f 4156/1340/3316 4155/1345/3315 4157/1346/3317
f 4146/1348/3306 4147/1349/3307 4158/1350/3318
f 4149/1349/3309 4146/1348/3306 4158/1350/3318
f 4159/1351/3319 4160/1352/3320 4161/1353/3321
f 4162/1354/3322 4160/1352/3320 4159/1351/3319
f 4163/1355/3323 4162/1354/3322 4159/1351/3319
f 4160/1352/3320 4164/1351/3324 4161/1353/3321
f 4160/1352/3320 4165/1354/3325 4164/1351/3324
f 4165/1354/3325 4166/1355/3326 4164/1351/3324
f 4167/1355/3327 4168/1356/3327 4169/1357/3328
f 4170/1358/3329 4167/1355/3327 4169/1357/3328
f 4171/1359/3330 4170/1358/3329 4169/1357/3328
f 4172/1360/3331 4171/1359/3330 4169/1357/3328
f 4173/1361/3332 4174/1362/3333 4175/1359/3334
f 4173/1361/3332 4176/1363/3335 4174/1362/3333
f 4177/1364/3336 4173/1361/3332 4175/1359/3334
f 4178/1360/3337 4177/1364/3336 4175/1359/3334
f 4179/1365/3338 4180/1345/3339 4181/1366/3340
f 4180/1345/3339 4182/1367/3341 4181/1366/3340
f 4179/1365/3338 4181/1366/3340 4183/1368/3342
f 4179/1365/3338 4183/1368/3342 4184/1369/3343
f 4183/1368/3342 4185/1370/3344 4184/1369/3343
f 4179/1365/3338 4184/1369/3343 4186/1371/3345
f 4179/1365/3338 4186/1371/3345 4187/1343/3346
f 4188/1344/3347 4179/1365/3338 4187/1343/3346
f 4188/1344/3347 4180/1345/3339 4179/1365/3338
f 4189/1372/3348 4190/1373/3349 4191/1362/3350
f 4192/1374/3351 4189/1372/3348 4191/1362/3350
f 4191/1362/3350 4190/1373/3349 4193/1375/3352
f 4190/1373/3349 4189/1372/3348 4194/1362/3353
f 4190/1373/3349 4194/1362/3353 4193/1375/3352
f 4189/1372/3348 4195/1374/3354 4194/1362/3353
f 4196/1359/3355 4191/1362/3350 4193/1375/3352
f 4196/1359/3355 4193/1375/3352 4197/1358/3356
f 4197/1358/3356 4193/1375/3352 4198/1354/3357
f 4193/1375/3352 4199/1352/3358 4198/1354/3357
f 4197/1358/3356 4198/1354/3357 4200/1355/3359
f 4199/1352/3358 4193/1375/3352 4201/1354/3360
f 4193/1375/3352 4202/1358/3361 4201/1354/3360
f 4193/1375/3352 4203/1359/3362 4202/1358/3361
f 4193/1375/3352 4194/1362/3353 4203/1359/3362
f 4201/1354/3360 4202/1358/3361 4204/1355/3363
f 4205/1374/3364 4206/1362/3365 4207/1363/3365
f 4208/1376/3366 4205/1374/3364 4207/1363/3365
f 4209/1353/3367 4210/1377/3367 4211/1378/3368
f 4212/1351/3369 4209/1353/3367 4211/1378/3368
f 4210/1377/3367 4209/1353/3367 4213/1378/3370
f 4209/1353/3367 4214/1351/3371 4213/1378/3370
f 4212/1351/3369 4211/1378/3368 4215/1379/3372
f 4216/1355/3373 4212/1351/3369 4215/1379/3372
f 4216/1355/3373 4215/1379/3372 4217/1356/3374
f 4218/1379/3375 4213/1378/3370 4214/1351/3371
f 4218/1379/3375 4214/1351/3371 4219/1355/3376
f 4218/1379/3375 4219/1355/3376 4220/1356/3377
f 4221/1308/3378 4222/1380/3378 4223/1286/3378
f 4224/1307/3378 4221/1308/3378 4223/1286/3378
f 4225/1381/3379 4226/1288/3380 4227/1286/3381
f 4228/1380/3382 4225/1381/3379 4227/1286/3381
f 4225/1381/3379 4229/1290/3383 4226/1288/3380
f 4230/1382/3384 4231/1383/3385 4232/1384/3385
f 4231/1383/3385 4233/1382/3386 4232/1384/3385
f 4234/1291/3387 4235/1290/3388 4236/1288/3389
f 4237/1292/3390 4234/1291/3387 4236/1288/3389
f 4238/1293/3391 4234/1291/3387 4237/1292/3390
f 4239/1385/3392 4240/1386/3393 4241/1387/3394
f 4242/1388/3226 4239/1385/3392 4241/1387/3394
f 4240/1386/3393 4239/1385/3392 4243/1389/3395
f 4240/1386/3393 4243/1389/3395 4244/1390/3396
f 4240/1386/3393 4244/1390/3396 4245/1391/3397
f 4244/1390/3396 4243/1389/3395 4246/1392/3398
f 4247/1393/3399 4244/1390/3396 4246/1392/3398
f 4244/1390/3396 4247/1393/3399 4248/1394/3400
f 4244/1390/3396 4248/1394/3400 4245/1391/3397
f 4246/1392/3398 4249/1395/3401 4247/1393/3399
f 4247/1393/3399 4249/1395/3401 4250/1396/3402
f 4249/1395/3401 4251/1397/3403 4250/1396/3402
f 4245/1391/3397 4248/1394/3400 4252/1398/3404
f 4248/1394/3400 4247/1393/3399 4253/1399/3405
f 4247/1393/3399 4254/1400/3406 4253/1399/3405
f 4253/1399/3405 4254/1400/3406 4255/1401/3407
f 4256/1402/3408 4253/1399/3405 4255/1401/3407
f 4257/1324/3409 4258/1323/3410 4259/1325/3411
f 4260/1326/3412 4259/1325/3411 4258/1323/3410
f 4261/1327/3413 4260/1326/3412 4258/1323/3410
f 4262/1329/3414 4261/1327/3413 4258/1323/3410
f 4263/1328/3415 4262/1329/3414 4258/1323/3410
f 4257/1324/3409 4264/1330/3416 4258/1323/3410
f 4264/1330/3416 4265/1331/3417 4258/1323/3410
f 4266/1332/3418 4258/1323/3410 4265/1331/3417
f 4263/1328/3415 4258/1323/3410 4266/1332/3418
f 4267/1355/3419 4268/1358/3420 4269/1357/3421
f 4270/1356/3419 4267/1355/3419 4269/1357/3421
f 4268/1358/3420 4271/1359/3422 4269/1357/3421
f 4271/1359/3422 4272/1360/3423 4269/1357/3421
f 4273/1363/3424 4274/1361/3425 4275/1362/3426
f 4275/1362/3426 4274/1361/3425 4276/1359/3427
f 4274/1361/3425 4277/1364/3428 4276/1359/3427
f 4277/1364/3428 4278/1360/3429 4276/1359/3427
f 4279/1345/3430 4280/1365/3431 4281/1366/3432
f 4282/1367/3433 4279/1345/3430 4281/1366/3432
f 4281/1366/3432 4280/1365/3431 4283/1368/3434
f 4283/1368/3434 4280/1365/3431 4284/1369/3435
f 4285/1370/3436 4283/1368/3434 4284/1369/3435
f 4284/1369/3435 4280/1365/3431 4286/1371/3437
f 4286/1371/3437 4280/1365/3431 4287/1343/3438
f 4280/1365/3431 4288/1344/3439 4287/1343/3438
f 4280/1365/3431 4279/1345/3430 4288/1344/3439
f 4289/1374/3311 4290/1376/3440 4291/1363/3441
f 4292/1362/3441 4289/1374/3311 4291/1363/3441
f 4293/1308/3442 4294/1307/3442 4295/1286/3442
f 4296/1380/3442 4293/1308/3442 4295/1286/3442
f 4297/1288/3443 4298/1381/3444 4299/1286/3445
f 4298/1381/3444 4300/1380/3446 4299/1286/3445
f 4301/1290/3447 4298/1381/3444 4297/1288/3443
f 4302/1403/3448 4303/1404/3449 4304/1405/3450
f 4305/1406/3451 4302/1403/3448 4304/1405/3450
f 4306/1407/3452 4302/1403/3448 4305/1406/3451
f 4307/1408/3453 4306/1407/3452 4305/1406/3451
f 4308/1409/3454 4306/1407/3452 4307/1408/3453
f 4304/1405/3450 4303/1404/3449 4309/1410/3455
f 4303/1404/3449 4310/1411/3456 4309/1410/3455
f 4302/1403/3448 4311/1412/3457 4303/1404/3449
f 4311/1412/3457 4312/1413/3458 4303/1404/3449
f 4303/1404/3449 4312/1413/3458 4310/1411/3456
f 4313/1414/3459 4311/1412/3457 4302/1403/3448
f 4306/1407/3452 4313/1414/3459 4302/1403/3448
f 4314/1415/3460 4313/1414/3459 4306/1407/3452
f 4315/1416/3461 4314/1415/3460 4306/1407/3452
f 4308/1409/3454 4315/1416/3461 4306/1407/3452
f 4312/1413/3458 4316/1417/3462 4310/1411/3456
f 4311/1412/3457 4317/1418/3463 4312/1413/3458
f 4317/1418/3463 4318/1419/3464 4312/1413/3458
f 4312/1413/3458 4318/1419/3464 4316/1417/3462
f 4319/1420/3465 4317/1418/3463 4311/1412/3457
f 4313/1414/3459 4319/1420/3465 4311/1412/3457
f 4320/1421/3466 4319/1420/3465 4313/1414/3459
f 4314/1415/3460 4320/1421/3466 4313/1414/3459
f 4318/1419/3464 4321/1422/3467 4316/1417/3462
f 4318/1419/3464 4317/1418/3463 4322/1423/3468
f 4317/1418/3463 4323/1412/3469 4322/1423/3468
f 4317/1418/3463 4319/1420/3465 4323/1412/3469
f 4322/1423/3468 4323/1412/3469 4324/1424/3470
f 4323/1412/3469 4325/1403/3471 4324/1424/3470
f 4324/1424/3470 4325/1403/3471 4326/1405/3472
f 4325/1403/3471 4327/1406/3473 4326/1405/3472
f 4325/1403/3471 4328/1407/3474 4327/1406/3473
f 4328/1407/3474 4329/1425/3475 4327/1406/3473
f 4328/1407/3474 4330/1426/3476 4329/1425/3475
f 4324/1424/3470 4326/1405/3472 4331/1410/3477
f 4332/1427/3478 4324/1424/3470 4331/1410/3477
f 4322/1423/3468 4324/1424/3470 4332/1427/3478
f 4333/1414/3479 4328/1407/3474 4325/1403/3471
f 4323/1412/3469 4333/1414/3479 4325/1403/3471
f 4319/1420/3465 4333/1414/3479 4323/1412/3469
f 4319/1420/3465 4320/1421/3466 4333/1414/3479
f 4333/1414/3479 4334/1415/3480 4328/1407/3474
f 4320/1421/3466 4334/1415/3480 4333/1414/3479
f 4334/1415/3480 4335/1416/3481 4328/1407/3474
f 4335/1416/3481 4330/1426/3476 4328/1407/3474
f 4336/1428/3482 4322/1423/3468 4332/1427/3478
f 4318/1419/3464 4322/1423/3468 4336/1428/3482
f 4321/1422/3467 4318/1419/3464 4336/1428/3482
f 4337/1429/3483 4338/1430/3484 4339/1431/3485
f 4340/1432/3486 4337/1429/3483 4339/1431/3485
f 4337/1429/3483 4341/1433/3487 4338/1430/3484
f 4341/1433/3487 4342/1434/3488 4338/1430/3484
f 4341/1433/3487 4343/1435/3489 4342/1434/3488
f 4343/1435/3489 4344/1436/3490 4342/1434/3488
f 4344/1436/3490 4343/1435/3489 4345/1437/3491
f 4343/1435/3489 4346/1438/3492 4345/1437/3491
f 4345/1437/3491 4346/1438/3492 4347/1439/3493
f 4346/1438/3492 4348/1440/3494 4347/1439/3493
f 4347/1439/3493 4348/1440/3494 4349/1441/3476
f 4348/1440/3494 4350/1442/3495 4349/1441/3476
f 4339/1431/3496 4351/1443/3497 4352/1432/3498
f 4351/1443/3497 4353/1444/3499 4352/1432/3498
f 4353/1444/3499 4354/1445/3500 4352/1432/3498
f 4355/1446/3501 4354/1445/3500 4353/1444/3499
f 4356/1447/3455 4354/1445/3500 4355/1446/3501
f 4357/1448/3502 4354/1445/3500 4356/1447/3455
f 4356/1447/3455 4358/1449/3503 4357/1448/3502
f 4358/1449/3503 4359/1450/3504 4357/1448/3502
f 4358/1449/3503 4360/1451/3505 4359/1450/3504
f 4360/1451/3505 4361/1452/3506 4359/1450/3504
f 4360/1451/3505 4362/1453/3507 4361/1452/3506
f 4362/1453/3507 4363/1454/3508 4361/1452/3506
f 4364/1455/3509 4354/1445/3500 4357/1448/3502
f 4354/1445/3500 4364/1455/3509 4352/1432/3498
f 4364/1455/3509 4365/1456/3510 4352/1432/3498
f 4357/1448/3502 4359/1450/3504 4366/1457/3511
f 4359/1450/3504 4361/1452/3506 4366/1457/3511
f 4367/1458/3512 4366/1457/3511 4361/1452/3506
f 4361/1452/3506 4363/1454/3508 4368/1459/3513
f 4367/1458/3512 4361/1452/3506 4368/1459/3513
f 4363/1454/3508 4362/1453/3507 4369/1452/3514
f 4362/1453/3507 4370/1451/3515 4369/1452/3514
f 4369/1452/3514 4370/1451/3515 4371/1450/3516
f 4370/1451/3515 4372/1449/3517 4371/1450/3516
f 4371/1450/3516 4372/1449/3517 4373/1448/3518
f 4372/1449/3517 4374/1447/3477 4373/1448/3518
f 4375/1445/3519 4373/1448/3518 4374/1447/3477
f 4375/1445/3519 4376/1460/3520 4373/1448/3518
f 4375/1445/3519 4374/1447/3477 4377/1446/3521
f 4375/1445/3519 4377/1446/3521 4378/1444/3522
f 4375/1445/3519 4378/1444/3522 4379/1432/3523
f 4376/1460/3520 4375/1445/3519 4379/1432/3523
f 4378/1444/3522 4380/1443/3524 4379/1432/3523
f 4380/1443/3524 4381/1431/3525 4379/1432/3523
f 4367/1458/3512 4382/1461/3526 4366/1457/3511
f 4383/1462/3527 4366/1457/3511 4382/1461/3526
f 4357/1448/3502 4366/1457/3511 4383/1462/3527
f 4383/1462/3527 4382/1461/3526 4384/1463/3528
f 4383/1462/3527 4384/1463/3528 4385/1464/3529
f 4384/1463/3528 4386/1465/3530 4385/1464/3529
f 4386/1465/3530 4387/1466/3530 4385/1464/3529
f 4387/1466/3530 4386/1465/3530 4388/1467/3531
f 4386/1465/3530 4389/1468/3532 4388/1467/3531
f 4390/1469/3533 4383/1462/3527 4385/1464/3529
f 4390/1469/3533 4385/1464/3529 4391/1470/3534
f 4389/1468/3532 4392/1471/3535 4388/1467/3531
f 4393/1472/3536 4392/1471/3535 4389/1468/3532
f 4392/1471/3535 4394/1473/3537 4388/1467/3531
f 4395/1474/3538 4388/1467/3531 4394/1473/3537
f 4393/1472/3536 4396/1475/3539 4392/1471/3535
f 4396/1475/3539 4397/1476/3540 4392/1471/3535
f 4396/1475/3539 4398/1477/3541 4397/1476/3540
f 4399/1478/3542 4398/1477/3541 4396/1475/3539
f 4396/1475/3539 4400/1479/3543 4399/1478/3542
f 4396/1475/3539 4393/1472/3536 4400/1479/3543
f 4399/1478/3542 4400/1479/3543 4368/1459/3513
f 4363/1454/3508 4399/1478/3542 4368/1459/3513
f 4391/1470/3534 4401/1480/3544 4390/1469/3533
f 4391/1470/3534 4402/1481/3545 4401/1480/3544
f 4403/1482/3546 4401/1480/3544 4402/1481/3545
f 4403/1482/3546 4402/1481/3545 4404/1483/3547
f 4365/1456/3510 4403/1482/3546 4404/1483/3547
f 4404/1483/3547 4402/1481/3545 4405/1484/3548
f 4364/1455/3509 4403/1482/3546 4365/1456/3510
f 4364/1455/3509 4406/1485/3549 4403/1482/3546
f 4406/1485/3549 4401/1480/3544 4403/1482/3546
f 4365/1456/3510 4404/1483/3547 4407/1429/3550
f 4408/1433/3551 4407/1429/3550 4404/1483/3547
f 4365/1456/3510 4407/1429/3550 4352/1432/3498
f 4409/1486/3552 4408/1433/3551 4404/1483/3547
f 4404/1483/3547 4405/1484/3548 4409/1486/3552
f 4409/1486/3552 4410/1487/3553 4408/1433/3551
f 4410/1487/3553 4411/1435/3554 4408/1433/3551
f 4411/1435/3554 4410/1487/3553 4412/1438/3555
f 4410/1487/3553 4413/1488/3556 4412/1438/3555
f 4414/1489/3557 4412/1438/3555 4413/1488/3556
f 4414/1489/3557 4415/1440/3558 4412/1438/3555
f 4414/1489/3557 4416/1490/3559 4415/1440/3558
f 4415/1440/3558 4416/1490/3559 4417/1442/3560
f 4416/1490/3559 4418/1491/3561 4417/1442/3560
f 4419/1492/3562 4418/1491/3561 4416/1490/3559
f 4414/1489/3557 4419/1492/3562 4416/1490/3559
f 4414/1489/3557 4420/1493/3563 4419/1492/3562
f 4419/1492/3562 4420/1493/3563 4421/1494/3564
f 4421/1494/3564 4420/1493/3563 4395/1474/3538
f 4422/1495/3565 4420/1493/3563 4414/1489/3557
f 4422/1495/3565 4414/1489/3557 4413/1488/3556
f 4419/1492/3562 4421/1494/3564 4423/1496/3566
f 4419/1492/3562 4423/1496/3566 4418/1491/3561
f 4424/1497/3567 4422/1495/3565 4413/1488/3556
f 4410/1487/3553 4424/1497/3567 4413/1488/3556
f 4410/1487/3553 4425/1498/3568 4424/1497/3567
f 4426/1499/3569 4425/1498/3568 4410/1487/3553
f 4409/1486/3552 4426/1499/3569 4410/1487/3553
f 4405/1484/3548 4426/1499/3569 4409/1486/3552
f 4421/1494/3564 4395/1474/3538 4394/1473/3537
f 4427/1500/3570 4428/1501/3571 4429/1502/3572
f 4430/1503/3573 4427/1500/3570 4429/1502/3572
f 4430/1503/3573 4429/1502/3572 4431/1504/3574
f 4431/1504/3574 4429/1502/3572 4432/1505/3575
f 4433/1506/3576 4432/1505/3575 4429/1502/3572
f 4434/1507/3577 4433/1506/3576 4429/1502/3572
f 4435/1508/3578 4434/1507/3577 4429/1502/3572
f 4435/1508/3578 4429/1502/3572 4436/1509/3579
f 4437/1510/3580 4436/1509/3579 4429/1502/3572
f 4438/1511/3581 4437/1510/3580 4429/1502/3572
f 4439/1512/3582 4438/1511/3581 4429/1502/3572
f 4439/1512/3582 4429/1502/3572 4428/1501/3571
f 4440/1464/3583 4441/1466/3584 4442/1513/3584
f 4443/1514/3585 4440/1464/3583 4442/1513/3584
f 4442/1513/3584 4441/1466/3584 4444/1515/3586
f 4441/1466/3584 4445/1467/3587 4444/1515/3586
f 4444/1515/3586 4445/1467/3587 4446/1474/3588
f 4447/1516/3589 4444/1515/3586 4446/1474/3588
f 4440/1464/3583 4443/1514/3585 4448/1517/3590
f 4449/1470/3591 4440/1464/3583 4448/1517/3590
f 4447/1516/3589 4446/1474/3588 4450/1493/3592
f 4451/1518/3593 4447/1516/3589 4450/1493/3592
f 4451/1518/3593 4450/1493/3592 4452/1495/3594
f 4453/1519/3595 4451/1518/3593 4452/1495/3594
f 4453/1519/3595 4452/1495/3594 4454/1520/3596
f 4452/1495/3594 4455/1497/3597 4454/1520/3596
f 4454/1520/3596 4455/1497/3597 4456/1498/3598
f 4457/1521/3599 4454/1520/3596 4456/1498/3598
f 4458/1522/3600 4457/1521/3599 4456/1498/3598
f 4459/1499/3601 4458/1522/3600 4456/1498/3598
f 4458/1522/3600 4459/1499/3601 4460/1484/3602
f 4461/1523/3603 4458/1522/3600 4460/1484/3602
f 4461/1523/3603 4460/1484/3602 4462/1524/3604
f 4460/1484/3602 4463/1481/3605 4462/1524/3604
f 4448/1517/3590 4462/1524/3604 4463/1481/3605
f 4449/1470/3591 4448/1517/3590 4463/1481/3605
f 4464/1525/3606 4465/1526/3607 4466/1455/3608
f 4467/1448/3609 4464/1525/3606 4466/1455/3608
f 4464/1525/3606 4467/1448/3609 4468/1527/3610
f 4467/1448/3609 4469/1462/3611 4468/1527/3610
f 4468/1527/3610 4469/1462/3611 4470/1469/3612
f 4471/1528/3613 4468/1527/3610 4470/1469/3612
f 4471/1528/3613 4470/1469/3612 4472/1480/3614
f 4473/1529/3615 4471/1528/3613 4472/1480/3614
f 4465/1526/3607 4474/1530/3616 4466/1455/3608
f 4474/1530/3616 4475/1485/3617 4466/1455/3608
f 4473/1529/3615 4472/1480/3614 4475/1485/3617
f 4474/1530/3616 4473/1529/3615 4475/1485/3617
f 4476/1531/3618 4477/1532/3619 4478/1533/3620
f 4479/1534/3621 4478/1533/3620 4477/1532/3619
f 4480/1535/3622 4478/1533/3620 4479/1534/3621
f 4481/1536/3623 4478/1533/3620 4480/1535/3622
f 4482/1537/3624 4478/1533/3620 4481/1536/3623
f 4483/1538/3622 4476/1531/3618 4478/1533/3620
f 4484/1539/3625 4483/1538/3622 4478/1533/3620
f 4484/1539/3625 4478/1533/3620 4482/1537/3624
f 4485/1540/3626 4486/1541/3627 4487/1542/3628
f 4488/1543/3628 4485/1540/3626 4487/1542/3628
f 4485/1540/3626 4489/1544/3629 4486/1541/3627
f 4489/1544/3629 4490/1545/3630 4486/1541/3627
f 4491/1546/3631 4492/1547/3632 4493/1465/3632
f 4494/1463/3633 4491/1546/3631 4493/1465/3632
f 4491/1546/3631 4494/1463/3633 4495/1548/3634
f 4494/1463/3633 4496/1461/3635 4495/1548/3634
f 4495/1548/3634 4496/1461/3635 4497/1549/3636
f 4496/1461/3635 4498/1458/3637 4497/1549/3636
f 4497/1549/3636 4498/1458/3637 4499/1550/3638
f 4498/1458/3637 4500/1459/3638 4499/1550/3638
f 4499/1550/3638 4500/1459/3638 4501/1479/3639
f 4502/1551/3640 4499/1550/3638 4501/1479/3639
f 4502/1551/3640 4501/1479/3639 4503/1472/3641
f 4504/1552/3642 4502/1551/3640 4503/1472/3641
f 4504/1552/3642 4503/1472/3641 4505/1468/3643
f 4506/1553/3644 4504/1552/3642 4505/1468/3643
f 4506/1553/3644 4505/1468/3643 4493/1465/3632
f 4492/1547/3632 4506/1553/3644 4493/1465/3632
f 4507/1554/3645 4508/1555/3646 4509/1556/3647
f 4507/1554/3645 4509/1556/3647 4510/1557/3648
f 4509/1556/3647 4511/1558/3648 4510/1557/3648
f 4507/1554/3645 4512/1559/3649 4508/1555/3646
f 4513/1473/3650 4514/1471/3651 4515/1560/3652
f 4516/1561/3653 4513/1473/3650 4515/1560/3652
f 4515/1560/3652 4514/1471/3651 4517/1476/3654
f 4518/1562/3655 4515/1560/3652 4517/1476/3654
f 4518/1562/3655 4517/1476/3654 4519/1491/3656
f 4520/1563/3657 4518/1562/3655 4519/1491/3656
f 4513/1473/3650 4516/1561/3653 4521/1494/3658
f 4516/1561/3653 4522/1564/3659 4521/1494/3658
f 4521/1494/3658 4522/1564/3659 4523/1565/3660
f 4523/1565/3660 4520/1563/3657 4519/1491/3656
f 4524/1496/3661 4521/1494/3658 4523/1565/3660
f 4524/1496/3661 4523/1565/3660 4519/1491/3656
f 4525/1566/3662 4526/1567/3663 4527/1568/3664
f 4528/1569/3665 4526/1567/3663 4525/1566/3662
f 4526/1567/3663 4529/1570/3666 4527/1568/3664
f 4530/1571/3667 4529/1570/3666 4526/1567/3663
f 4531/1572/3668 4529/1570/3666 4530/1571/3667
f 4531/1572/3668 4530/1571/3667 4532/1573/3669
f 4532/1573/3669 4530/1571/3667 4533/1574/3670
f 4530/1571/3667 4534/1575/3671 4533/1574/3670
f 4535/1576/3672 4530/1571/3667 4526/1567/3663
f 4528/1569/3665 4535/1576/3672 4526/1567/3663
f 4527/1568/3664 4529/1570/3666 4536/1577/3673
f 4531/1572/3668 4536/1577/3673 4529/1570/3666
f 4527/1568/3664 4536/1577/3673 4537/1578/3674
f 4527/1568/3664 4537/1578/3674 4538/1579/3675
f 4525/1566/3662 4527/1568/3664 4538/1579/3675
f 4539/1580/3676 4534/1575/3671 4530/1571/3667
f 4539/1580/3676 4530/1571/3667 4535/1576/3672
f 4539/1580/3676 4540/1581/3677 4534/1575/3671
f 4535/1576/3672 4528/1569/3665 4541/1582/3678
f 4539/1580/3676 4535/1576/3672 4541/1582/3678
f 4528/1569/3665 4542/1583/3679 4541/1582/3678
f 4543/1584/3680 4542/1583/3679 4528/1569/3665
f 4543/1584/3680 4544/1585/3681 4542/1583/3679
f 4544/1585/3681 4545/1586/3682 4542/1583/3679
f 4546/1587/3683 4542/1583/3679 4545/1586/3682
f 4546/1587/3683 4541/1582/3678 4542/1583/3679
f 4546/1587/3683 4539/1580/3676 4541/1582/3678
f 4539/1580/3676 4546/1587/3683 4540/1581/3677
f 4540/1581/3677 4546/1587/3683 4547/1588/3684
f 4545/1586/3682 4547/1588/3684 4546/1587/3683
f 4545/1586/3682 4548/1589/3685 4547/1588/3684
f 4544/1585/3681 4549/1590/3686 4545/1586/3682
f 4549/1590/3686 4550/1589/3687 4545/1586/3682
f 4551/1591/3688 4549/1590/3686 4544/1585/3681
f 4552/1592/3689 4549/1590/3686 4551/1591/3688
f 4552/1592/3689 4551/1591/3688 4553/1593/3690
f 4551/1591/3688 4554/1594/3691 4553/1593/3690
f 4544/1585/3681 4554/1594/3691 4551/1591/3688
f 4544/1585/3681 4543/1584/3680 4554/1594/3691
f 4554/1594/3691 4555/1595/3692 4553/1593/3690
f 4552/1592/3689 4553/1593/3690 4556/1596/3693
f 4554/1594/3691 4543/1584/3680 4557/1597/3694
f 4554/1594/3691 4557/1597/3694 4558/1598/3695
f 4554/1594/3691 4558/1598/3695 4555/1595/3692
f 4558/1598/3695 4559/1599/3696 4555/1595/3692
f 4558/1598/3695 4560/1600/3697 4559/1599/3696
f 4557/1597/3694 4560/1600/3697 4558/1598/3695
f 4557/1597/3694 4561/1566/3698 4560/1600/3697
f 4560/1600/3697 4562/1601/3699 4559/1599/3696
f 4557/1597/3694 4528/1569/3665 4561/1566/3698
f 4543/1584/3680 4528/1569/3665 4557/1597/3694
f 4555/1595/3692 4563/1594/3700 4553/1593/3690
f 4559/1599/3696 4564/1598/3701 4555/1595/3692
f 4555/1595/3692 4564/1598/3701 4563/1594/3700
f 4565/1600/3702 4564/1598/3701 4559/1599/3696
f 4562/1601/3699 4565/1600/3702 4559/1599/3696
f 4563/1594/3700 4566/1591/3703 4553/1593/3690
f 4566/1591/3703 4567/1592/3704 4553/1593/3690
f 4568/1590/3705 4567/1592/3704 4566/1591/3703
f 4568/1590/3705 4566/1591/3703 4569/1585/3706
f 4563/1594/3700 4569/1585/3706 4566/1591/3703
f 4568/1590/3705 4569/1585/3706 4570/1586/3707
f 4571/1589/3708 4568/1590/3705 4570/1586/3707
f 4570/1586/3707 4569/1585/3706 4572/1583/3709
f 4572/1583/3709 4573/1587/3710 4570/1586/3707
f 4569/1585/3706 4574/1584/3711 4572/1583/3709
f 4574/1584/3711 4569/1585/3706 4563/1594/3700
f 4572/1583/3709 4574/1584/3711 4575/1569/3712
f 4572/1583/3709 4575/1569/3712 4576/1582/3713
f 4576/1582/3713 4573/1587/3710 4572/1583/3709
f 4577/1580/3714 4573/1587/3710 4576/1582/3713
f 4578/1581/3715 4573/1587/3710 4577/1580/3714
f 4573/1587/3710 4578/1581/3715 4579/1588/3716
f 4579/1588/3716 4570/1586/3707 4573/1587/3710
f 4575/1569/3712 4580/1576/3717 4576/1582/3713
f 4580/1576/3717 4577/1580/3714 4576/1582/3713
f 4580/1576/3717 4575/1569/3712 4581/1567/3718
f 4581/1567/3718 4575/1569/3712 4582/1566/3719
f 4583/1571/3720 4580/1576/3717 4581/1567/3718
f 4580/1576/3717 4583/1571/3720 4577/1580/3714
f 4584/1570/3721 4583/1571/3720 4581/1567/3718
f 4584/1570/3721 4531/1572/3668 4583/1571/3720
f 4583/1571/3720 4531/1572/3668 4532/1573/3669
f 4583/1571/3720 4532/1573/3669 4533/1574/3670
f 4585/1575/3722 4583/1571/3720 4533/1574/3670
f 4578/1581/3715 4577/1580/3714 4585/1575/3722
f 4583/1571/3720 4585/1575/3722 4577/1580/3714
f 4584/1570/3721 4581/1567/3718 4586/1568/3723
f 4586/1568/3723 4581/1567/3718 4582/1566/3719
f 4586/1568/3723 4582/1566/3719 4538/1579/3675
f 4537/1578/3674 4586/1568/3723 4538/1579/3675
f 4584/1570/3721 4586/1568/3723 4536/1577/3673
f 4536/1577/3673 4586/1568/3723 4537/1578/3674
f 4584/1570/3721 4536/1577/3673 4531/1572/3668
f 4587/1602/3724 4585/1575/3722 4533/1574/3670
f 4588/1603/3725 4587/1602/3724 4533/1574/3670
f 4589/1602/3726 4588/1603/3725 4533/1574/3670
f 4534/1575/3671 4589/1602/3726 4533/1574/3670
f 4590/1604/3727 4591/1579/3728 4592/1605/3729
f 4590/1604/3727 4561/1566/3698 4591/1579/3728
f 4592/1605/3729 4591/1579/3728 4593/1604/3730
f 4594/1566/3731 4593/1604/3730 4591/1579/3728
f 4592/1605/3729 4593/1604/3730 4562/1601/3699
f 4590/1604/3727 4592/1605/3729 4562/1601/3699
f 4593/1604/3730 4565/1600/3702 4562/1601/3699
f 4594/1566/3731 4565/1600/3702 4593/1604/3730
f 4594/1566/3731 4595/1597/3732 4565/1600/3702
f 4565/1600/3702 4595/1597/3732 4564/1598/3701
f 4595/1597/3732 4563/1594/3700 4564/1598/3701
f 4574/1584/3711 4563/1594/3700 4595/1597/3732
f 4575/1569/3712 4574/1584/3711 4595/1597/3732
f 4575/1569/3712 4595/1597/3732 4594/1566/3731
f 4560/1600/3697 4590/1604/3727 4562/1601/3699
f 4590/1604/3727 4560/1600/3697 4561/1566/3698
f 4596/1606/3733 4597/1607/3734 4598/1608/3735
f 4596/1606/3733 4599/1609/3736 4597/1607/3734
f 4600/1610/3737 4597/1607/3734 4599/1609/3736
f 4601/1611/3738 4599/1609/3736 4596/1606/3733
f 4602/1612/3739 4600/1610/3737 4599/1609/3736
f 4603/1613/3740 4602/1612/3739 4599/1609/3736
f 4601/1611/3738 4603/1613/3740 4599/1609/3736
f 4604/1609/3741 4602/1612/3739 4603/1613/3740
f 4602/1612/3739 4604/1609/3741 4605/1610/3742
f 4606/1607/3743 4605/1610/3742 4604/1609/3741
f 4600/1610/3737 4607/1614/3744 4597/1607/3734
f 4604/1609/3741 4608/1606/3745 4606/1607/3743
f 4606/1607/3743 4608/1606/3745 4609/1608/3746
f 4608/1606/3745 4604/1609/3741 4610/1611/3747
f 4610/1611/3747 4604/1609/3741 4603/1613/3740
f 4606/1607/3743 4611/1614/3748 4605/1610/3742
f 4597/1607/3734 4607/1614/3744 4612/1615/3749
f 4612/1615/3749 4607/1614/3744 4613/1616/3750
f 4607/1614/3744 4614/1617/3751 4613/1616/3750
f 4614/1617/3751 4611/1614/3748 4613/1616/3750
f 4605/1610/3742 4611/1614/3748 4614/1617/3751
f 4614/1617/3751 4607/1614/3744 4600/1610/3737
f 4611/1614/3748 4615/1615/3752 4613/1616/3750
f 4611/1614/3748 4606/1607/3743 4615/1615/3752
f 4606/1607/3743 4609/1608/3746 4615/1615/3752
f 4616/1618/3753 4605/1610/3742 4614/1617/3751
f 4602/1612/3739 4605/1610/3742 4616/1618/3753
f 4616/1618/3753 4614/1617/3751 4600/1610/3737
f 4602/1612/3739 4616/1618/3753 4600/1610/3737
f 4610/1611/3747 4603/1613/3740 4617/1619/3754
f 4618/1620/3755 4610/1611/3747 4617/1619/3754
f 4610/1611/3747 4618/1620/3755 4608/1606/3745
f 4619/1621/3756 4618/1620/3755 4617/1619/3754
f 4620/1620/3757 4619/1621/3756 4617/1619/3754
f 4601/1611/3738 4620/1620/3757 4617/1619/3754
f 4620/1620/3757 4621/1622/3758 4619/1621/3756
f 4619/1621/3756 4622/1622/3759 4618/1620/3755
f 4601/1611/3738 4617/1619/3754 4603/1613/3740
f 4623/1623/3760 4621/1622/3758 4620/1620/3757
f 4620/1620/3757 4601/1611/3738 4596/1606/3733
f 4623/1623/3760 4620/1620/3757 4596/1606/3733
f 4598/1608/3735 4623/1623/3760 4596/1606/3733
f 4618/1620/3755 4622/1622/3759 4624/1623/3761
f 4618/1620/3755 4624/1623/3761 4608/1606/3745
f 4608/1606/3745 4624/1623/3761 4609/1608/3746
f 4598/1608/3735 4597/1607/3734 4612/1615/3749
f 4625/1624/3762 4626/1625/3763 4627/1626/3764
f 4628/1627/3765 4626/1625/3763 4625/1624/3762
f 4625/1624/3762 4627/1626/3764 4629/1628/3766
f 4630/1629/3767 4625/1624/3762 4629/1628/3766
f 4630/1629/3767 4631/1630/3768 4625/1624/3762
f 4631/1630/3768 4632/1631/3769 4625/1624/3762
f 4633/1632/3770 4625/1624/3762 4632/1631/3769
f 4628/1627/3765 4625/1624/3762 4633/1632/3770
f 4634/1581/3771 4633/1632/3770 4632/1631/3769
f 4635/1633/3772 4628/1627/3765 4633/1632/3770
f 4628/1627/3765 4636/1634/3773 4626/1625/3763
f 4628/1627/3765 4635/1633/3772 4636/1634/3773
f 4636/1634/3773 4637/1635/3774 4626/1625/3763
f 4636/1634/3773 4635/1633/3772 4637/1635/3774
f 4638/1636/3775 4626/1625/3763 4637/1635/3774
f 4633/1632/3770 4634/1581/3771 4639/1637/3776
f 4635/1633/3772 4633/1632/3770 4639/1637/3776
f 4635/1633/3772 4640/1638/3777 4637/1635/3774
f 4641/1639/3778 4637/1635/3774 4640/1638/3777
f 4641/1639/3778 4638/1636/3775 4637/1635/3774
f 4642/1640/3779 4635/1633/3772 4639/1637/3776
f 4642/1640/3779 4639/1637/3776 4643/1641/3780
f 4635/1633/3772 4642/1640/3779 4644/1638/3781
f 4645/1316/3782 4644/1638/3781 4642/1640/3779
f 4642/1640/3779 4643/1641/3780 4646/1642/3783
f 4647/1588/3784 4646/1642/3783 4643/1641/3780
f 4647/1588/3784 4643/1641/3780 4648/1581/3785
f 4643/1641/3780 4639/1637/3776 4648/1581/3785
f 4642/1640/3779 4646/1642/3783 4649/1643/3786
f 4645/1316/3782 4642/1640/3779 4649/1643/3786
f 4646/1642/3783 4650/1644/3787 4649/1643/3786
f 4646/1642/3783 4651/1645/3788 4650/1644/3787
f 4651/1645/3788 4646/1642/3783 4652/1589/3789
f 4646/1642/3783 4647/1588/3784 4652/1589/3789
f 4653/1318/3790 4645/1316/3782 4649/1643/3786
f 4649/1643/3786 4654/1305/3791 4653/1318/3790
f 4649/1643/3786 4650/1644/3787 4654/1305/3791
f 4650/1644/3787 4655/1646/3792 4654/1305/3791
f 4644/1638/3781 4645/1316/3782 4656/1320/3793
f 4657/1647/3794 4644/1638/3781 4656/1320/3793
f 4657/1647/3794 4656/1320/3793 4658/1648/3795
f 4656/1320/3793 4659/1321/3796 4658/1648/3795
f 4659/1321/3796 4660/1320/3797 4658/1648/3795
f 4660/1320/3797 4661/1647/3798 4658/1648/3795
f 4660/1320/3797 4662/1638/3799 4661/1647/3798
f 4663/1316/3800 4662/1638/3799 4660/1320/3797
f 4662/1638/3799 4663/1316/3800 4664/1640/3801
f 4664/1640/3801 4665/1633/3802 4662/1638/3799
f 4665/1633/3802 4664/1640/3801 4666/1637/3803
f 4667/1632/3804 4665/1633/3802 4666/1637/3803
f 4668/1627/3805 4665/1633/3802 4667/1632/3804
f 4669/1624/3806 4668/1627/3805 4667/1632/3804
f 4670/1625/3807 4668/1627/3805 4669/1624/3806
f 4670/1625/3807 4669/1624/3806 4671/1626/3808
f 4671/1626/3808 4669/1624/3806 4672/1628/3809
f 4669/1624/3806 4673/1629/3810 4672/1628/3809
f 4669/1624/3806 4667/1632/3804 4674/1631/3811
f 4675/1634/3812 4668/1627/3805 4670/1625/3807
f 4665/1633/3802 4668/1627/3805 4675/1634/3812
f 4676/1635/3813 4675/1634/3812 4670/1625/3807
f 4665/1633/3802 4675/1634/3812 4676/1635/3813
f 4677/1581/3814 4667/1632/3804 4666/1637/3803
f 4674/1631/3811 4667/1632/3804 4677/1581/3814
f 4674/1631/3811 4677/1581/3814 4678/1649/3815
f 4678/1649/3815 4677/1581/3814 4679/1575/3816
f 4678/1649/3815 4679/1575/3816 4680/1602/3817
f 4681/1650/3818 4678/1649/3815 4680/1602/3817
f 4678/1649/3815 4681/1650/3818 4682/1630/3819
f 4674/1631/3811 4678/1649/3815 4682/1630/3819
f 4682/1630/3819 4673/1629/3810 4669/1624/3806
f 4674/1631/3811 4682/1630/3819 4669/1624/3806
f 4672/1628/3809 4673/1629/3810 4683/1651/3820
f 4683/1651/3820 4673/1629/3810 4682/1630/3819
f 4684/1652/3821 4672/1628/3809 4683/1651/3820
f 4629/1628/3766 4684/1652/3821 4683/1651/3820
f 4630/1629/3767 4629/1628/3766 4683/1651/3820
f 4630/1629/3767 4683/1651/3820 4685/1653/3822
f 4685/1653/3822 4683/1651/3820 4682/1630/3819
f 4631/1630/3768 4630/1629/3767 4685/1653/3822
f 4681/1650/3818 4680/1602/3817 4686/1603/3823
f 4687/1654/3824 4681/1650/3818 4686/1603/3823
f 4682/1630/3819 4681/1650/3818 4687/1654/3824
f 4685/1653/3822 4682/1630/3819 4687/1654/3824
f 4631/1630/3768 4685/1653/3822 4687/1654/3824
f 4688/1650/3825 4687/1654/3824 4686/1603/3823
f 4688/1650/3825 4631/1630/3768 4687/1654/3824
f 4689/1602/3826 4688/1650/3825 4686/1603/3823
f 4689/1602/3826 4690/1575/3827 4688/1650/3825
f 4690/1575/3827 4691/1649/3828 4688/1650/3825
f 4634/1581/3771 4691/1649/3828 4690/1575/3827
f 4688/1650/3825 4691/1649/3828 4632/1631/3769
f 4631/1630/3768 4688/1650/3825 4632/1631/3769
f 4634/1581/3771 4632/1631/3769 4691/1649/3828
f 4692/1647/3829 4658/1648/3795 4693/1655/3830
f 4658/1648/3795 4694/1647/3831 4693/1655/3830
f 4694/1647/3831 4695/1639/3832 4693/1655/3830
f 4641/1639/3778 4692/1647/3829 4693/1655/3830
f 4641/1639/3778 4640/1638/3777 4692/1647/3829
f 4694/1647/3831 4696/1638/3833 4695/1639/3832
f 4676/1635/3813 4695/1639/3832 4696/1638/3833
f 4697/1636/3834 4695/1639/3832 4676/1635/3813
f 4696/1638/3833 4665/1633/3802 4676/1635/3813
f 4670/1625/3807 4697/1636/3834 4676/1635/3813
f 4698/1639/3835 4699/1655/3836 4700/1621/3836
f 4701/1622/3837 4698/1639/3835 4700/1621/3836
f 4699/1655/3836 4702/1639/3838 4700/1621/3836
f 4702/1639/3838 4703/1622/3839 4700/1621/3836
f 4703/1622/3839 4702/1639/3838 4704/1636/3840
f 4705/1623/3841 4703/1622/3839 4704/1636/3840
f 4698/1639/3835 4701/1622/3837 4706/1623/3842
f 4707/1636/3843 4698/1639/3835 4706/1623/3842
f 4707/1636/3843 4706/1623/3842 4708/1625/3844
f 4706/1623/3842 4709/1608/3845 4708/1625/3844
f 4709/1608/3845 4710/1615/3846 4708/1625/3844
f 4710/1615/3846 4711/1626/3847 4708/1625/3844
f 4711/1626/3847 4710/1615/3846 4712/1616/3848
f 4713/1628/3849 4711/1626/3847 4712/1616/3848
f 4713/1628/3849 4712/1616/3848 4714/1652/3850
f 4712/1616/3848 4715/1628/3851 4714/1652/3850
f 4712/1616/3848 4716/1615/3852 4715/1628/3851
f 4716/1615/3852 4717/1626/3853 4715/1628/3851
f 4717/1626/3853 4716/1615/3852 4718/1625/3854
f 4705/1623/3841 4704/1636/3840 4718/1625/3854
f 4716/1615/3852 4719/1608/3855 4718/1625/3854
f 4719/1608/3855 4705/1623/3841 4718/1625/3854
f 4720/1656/3856 4721/1657/3857 4722/1658/3858
f 4722/1658/3858 4723/1659/3859 4720/1656/3856
f 4723/1659/3859 4722/1658/3858 4724/1660/3860
f 4721/1657/3857 4724/1660/3860 4722/1658/3858
f 4723/1659/3859 4725/1596/3861 4720/1656/3856
f 4721/1657/3857 4726/1291/3862 4724/1660/3860
f 4721/1657/3857 4727/1661/3863 4726/1291/3862
f 4727/1661/3863 4728/1293/3864 4726/1291/3862
f 4728/1293/3864 4727/1661/3863 4729/1662/3865
f 4723/1659/3859 4724/1660/3860 4730/1645/3866
f 4724/1660/3860 4731/1663/3867 4730/1645/3866
f 4726/1291/3862 4731/1663/3867 4724/1660/3860
f 4726/1291/3862 4732/1290/3868 4731/1663/3867
f 4721/1657/3857 4720/1656/3856 4733/1658/3869
f 4734/1659/3870 4733/1658/3869 4720/1656/3856
f 4725/1596/3861 4734/1659/3870 4720/1656/3856
f 4727/1661/3863 4735/1293/3871 4729/1662/3865
f 4733/1658/3869 4734/1659/3870 4736/1660/3872
f 4736/1660/3872 4721/1657/3857 4733/1658/3869
f 4737/1291/3873 4721/1657/3857 4736/1660/3872
f 4735/1293/3871 4727/1661/3863 4737/1291/3873
f 4727/1661/3863 4721/1657/3857 4737/1291/3873
f 4736/1660/3872 4734/1659/3870 4738/1645/3874
f 4571/1589/3708 4738/1645/3874 4734/1659/3870
f 4739/1663/3875 4736/1660/3872 4738/1645/3874
f 4739/1663/3875 4737/1291/3873 4736/1660/3872
f 4740/1290/3876 4737/1291/3873 4739/1663/3875
f 4571/1589/3708 4734/1659/3870 4741/1590/3877
f 4734/1659/3870 4742/1592/3878 4741/1590/3877
f 4734/1659/3870 4725/1596/3861 4742/1592/3878
f 4743/1381/3879 4744/1663/3880 4732/1290/3868
f 4743/1381/3879 4745/1380/3881 4744/1663/3880
f 4745/1380/3881 4746/1664/3882 4744/1663/3880
f 4744/1663/3880 4746/1664/3882 4747/1645/3883
f 4748/1663/3884 4749/1381/3885 4740/1290/3876
f 4750/1380/3886 4749/1381/3885 4748/1663/3884
f 4751/1664/3887 4750/1380/3886 4748/1663/3884
f 4751/1664/3887 4748/1663/3884 4752/1645/3888
f 4753/1592/3889 4725/1596/3861 4723/1659/3859
f 4753/1592/3889 4723/1659/3859 4754/1590/3890
f 4723/1659/3859 4550/1589/3891 4754/1590/3890
f 4723/1659/3859 4730/1645/3866 4550/1589/3891
f 4755/1665/3892 4756/1666/3893 4757/1667/3894
f 4756/1666/3893 4758/1668/3895 4757/1667/3894
f 4757/1667/3894 4758/1668/3895 4759/1669/3896
f 4760/1670/3897 4757/1667/3894 4759/1669/3896
f 4761/1671/3898 4757/1667/3894 4760/1670/3897
f 4761/1671/3898 4762/1672/3899 4757/1667/3894
f 4755/1665/3892 4763/1673/3900 4756/1666/3893
f 4759/1669/3896 4758/1668/3895 4764/1674/3901
f 4765/1675/3902 4764/1674/3901 4758/1668/3895
f 4756/1666/3893 4765/1675/3902 4758/1668/3895
f 4765/1675/3902 4756/1666/3893 4766/1676/3903
f 4767/1677/3904 4762/1672/3899 4761/1671/3898
f 4767/1677/3904 4768/1678/3905 4762/1672/3899
f 4767/1677/3904 4769/1679/3906 4768/1678/3905
f 4767/1677/3904 4770/1680/3907 4769/1679/3906
f 4763/1673/3900 4771/1665/3908 4756/1666/3893
f 4756/1666/3893 4771/1665/3908 4772/1667/3909
f 4773/1668/3910 4756/1666/3893 4772/1667/3909
f 4773/1668/3910 4772/1667/3909 4774/1669/3911
f 4772/1667/3909 4775/1670/3912 4774/1669/3911
f 4772/1667/3909 4776/1671/3913 4775/1670/3912
f 4777/1672/3914 4776/1671/3913 4772/1667/3909
f 4778/1675/3915 4756/1666/3893 4773/1668/3910
f 4756/1666/3893 4778/1675/3915 4766/1676/3903
f 4773/1668/3910 4774/1669/3911 4779/1674/3916
f 4779/1674/3916 4778/1675/3915 4773/1668/3910
f 4777/1672/3914 4780/1677/3917 4776/1671/3913
f 4781/1678/3918 4780/1677/3917 4777/1672/3914
f 4782/1679/3919 4780/1677/3917 4781/1678/3918
f 4783/1680/3920 4780/1677/3917 4782/1679/3919
f 4784/1306/3921 4785/1305/3921 4786/1646/3921
f 4787/1646/3922 4788/1664/3923 4789/1308/3924
f 4787/1646/3922 4790/1644/3925 4788/1664/3923
f 4791/1645/3926 4788/1664/3923 4790/1644/3925
f 4792/1306/3927 4787/1646/3922 4789/1308/3924
f 4793/1675/3928 4794/1676/3929 4795/1681/3929
f 4796/1682/3930 4793/1675/3928 4795/1681/3929
f 4793/1675/3928 4796/1682/3930 4797/1674/3931
f 4796/1682/3930 4798/1683/3932 4797/1674/3931
f 4797/1674/3931 4798/1683/3932 4799/1669/3933
f 4794/1676/3929 4800/1675/3934 4795/1681/3929
f 4800/1675/3934 4801/1682/3935 4795/1681/3929
f 4801/1682/3935 4800/1675/3934 4802/1674/3936
f 4803/1683/3937 4801/1682/3935 4802/1674/3936
f 4803/1683/3937 4802/1674/3936 4804/1669/3938
f 4805/1681/3939 4806/1684/3940 4807/1685/3941
f 4808/1682/3942 4805/1681/3939 4807/1685/3941
f 4808/1682/3942 4807/1685/3941 4809/1683/3943
f 4807/1685/3941 4810/1686/3944 4809/1683/3943
f 4809/1683/3943 4810/1686/3944 4811/1669/3945
f 4810/1686/3944 4812/1687/3946 4811/1669/3945
f 4811/1669/3945 4812/1687/3946 4813/1670/3947
f 4812/1687/3946 4814/1688/3948 4813/1670/3947
f 4813/1670/3947 4814/1688/3948 4815/1671/3949
f 4814/1688/3948 4816/1677/3950 4815/1671/3949
f 4806/1684/3940 4805/1681/3939 4817/1685/3951
f 4805/1681/3939 4818/1682/3952 4817/1685/3951
f 4817/1685/3951 4818/1682/3952 4819/1683/3953
f 4820/1686/3954 4817/1685/3951 4819/1683/3953
f 4820/1686/3954 4819/1683/3953 4821/1669/3955
f 4822/1687/3956 4820/1686/3954 4821/1669/3955
f 4822/1687/3956 4821/1669/3955 4823/1670/3957
f 4824/1688/3958 4822/1687/3956 4823/1670/3957
f 4824/1688/3958 4823/1670/3957 4825/1671/3959
f 4826/1677/3959 4824/1688/3958 4825/1671/3959
f 4827/1664/3960 4828/1380/3960 4829/1308/3960
f 4553/1593/3690 4567/1592/3704 4556/1596/3693
f 4666/1637/3803 4830/1641/3961 4831/1581/3962
f 4666/1637/3803 4664/1640/3801 4830/1641/3961
f 4830/1641/3961 4664/1640/3801 4832/1642/3963
f 4832/1642/3963 4833/1588/3964 4830/1641/3961
f 4830/1641/3961 4833/1588/3964 4831/1581/3962
f 4832/1642/3963 4664/1640/3801 4834/1643/3965
f 4835/1644/3966 4832/1642/3963 4834/1643/3965
f 4836/1645/3967 4832/1642/3963 4835/1644/3966
f 4832/1642/3963 4837/1589/3968 4833/1588/3964
f 4832/1642/3963 4836/1645/3967 4837/1589/3968
f 4664/1640/3801 4663/1316/3800 4834/1643/3965
f 4663/1316/3800 4838/1318/3969 4834/1643/3965
f 4839/1305/3970 4834/1643/3965 4838/1318/3969
f 4835/1644/3966 4834/1643/3965 4839/1305/3970
f 4840/1646/3971 4835/1644/3966 4839/1305/3970
f 4841/1305/3972 4842/1306/3972 4843/1646/3972
f 4844/1664/3973 4845/1645/3974 4846/1644/3975
f 4844/1664/3973 4846/1644/3975 4847/1646/3976
f 4844/1664/3973 4847/1646/3976 4848/1308/3977
f 4847/1646/3976 4849/1306/3978 4848/1308/3977
f 4850/1380/3979 4851/1664/3979 4852/1308/3979
f 4579/1588/3716 4853/1589/3980 4570/1586/3707
f 4854/1689/3981 4855/1690/3982 4856/1691/3983
f 4857/1692/3984 4856/1691/3983 4855/1690/3982
f 4858/1693/3985 4857/1692/3984 4855/1690/3982
f 4858/1693/3985 4859/1694/3986 4857/1692/3984
f 4860/1695/3987 4859/1694/3986 4858/1693/3985
f 4858/1693/3985 4855/1690/3982 4861/1696/3988
f 4861/1696/3988 4855/1690/3982 4862/1697/3989
f 4854/1689/3981 4862/1697/3989 4855/1690/3982
f 4858/1693/3985 4861/1696/3988 4863/1698/3990
f 4864/1699/3991 4858/1693/3985 4863/1698/3990
f 4864/1699/3991 4860/1695/3987 4858/1693/3985
f 4865/1700/3992 4864/1699/3991 4863/1698/3990
f 4866/1701/3993 4865/1700/3992 4863/1698/3990
f 4861/1696/3988 4866/1701/3993 4863/1698/3990
f 4865/1700/3992 4866/1701/3993 4867/1698/3994
f 4868/1699/3995 4865/1700/3992 4867/1698/3994
f 4869/1693/3996 4868/1699/3995 4867/1698/3994
f 4870/1695/3997 4868/1699/3995 4869/1693/3996
f 4871/1696/3998 4869/1693/3996 4867/1698/3994
f 4866/1701/3993 4871/1696/3998 4867/1698/3994
f 4862/1697/3989 4872/1690/3999 4871/1696/3998
f 4871/1696/3998 4872/1690/3999 4869/1693/3996
f 4866/1701/3993 4873/1702/4000 4871/1696/3998
f 4861/1696/3988 4873/1702/4000 4866/1701/3993
f 4873/1702/4000 4862/1697/3989 4871/1696/3998
f 4861/1696/3988 4862/1697/3989 4873/1702/4000
f 4874/1692/4001 4869/1693/3996 4872/1690/3999
f 4875/1694/4002 4869/1693/3996 4874/1692/4001
f 4875/1694/4002 4870/1695/3997 4869/1693/3996
f 4876/1703/4003 4875/1694/4002 4874/1692/4001
f 4876/1703/4003 4874/1692/4001 4877/1691/4004
f 4877/1691/4004 4874/1692/4001 4872/1690/3999
f 4854/1689/3981 4877/1691/4004 4872/1690/3999
f 4877/1691/4004 4854/1689/3981 4878/1704/4005
f 4879/1705/4006 4877/1691/4004 4878/1704/4005
f 4876/1703/4003 4877/1691/4004 4879/1705/4006
f 4879/1705/4006 4878/1704/4005 4880/1706/4007
f 4881/1707/4008 4879/1705/4006 4880/1706/4007
f 4879/1705/4006 4881/1707/4008 4876/1703/4003
f 4882/1705/4009 4880/1706/4007 4878/1704/4005
f 4882/1705/4009 4883/1707/4010 4880/1706/4007
f 4884/1703/4011 4883/1707/4010 4882/1705/4009
f 4882/1705/4009 4878/1704/4005 4856/1691/3983
f 4878/1704/4005 4854/1689/3981 4856/1691/3983
f 4884/1703/4011 4882/1705/4009 4856/1691/3983
f 4854/1689/3981 4872/1690/3999 4862/1697/3989
f 4884/1703/4011 4856/1691/3983 4857/1692/3984
f 4857/1692/3984 4859/1694/3986 4884/1703/4011
f 4885/1708/4012 4886/1709/4013 4887/1710/4014
f 4886/1709/4013 4885/1708/4012 4888/1710/4015
f 4889/1711/4016 4886/1709/4013 4888/1710/4015
f 4889/1711/4016 4890/1712/4017 4886/1709/4013
f 4890/1712/4017 4891/1713/4018 4886/1709/4013
f 4891/1713/4018 4892/1714/4019 4886/1709/4013
f 4892/1714/4019 4893/1715/4020 4886/1709/4013
f 4886/1709/4013 4893/1715/4020 4894/1714/4021
f 4886/1709/4013 4894/1714/4021 4895/1713/4022
f 4886/1709/4013 4895/1713/4022 4896/1712/4023
f 4886/1709/4013 4896/1712/4023 4897/1711/4024
f 4886/1709/4013 4897/1711/4024 4887/1710/4014
f 4898/1716/4025 4899/1717/4026 4900/1718/4027
f 4901/1719/4028 4898/1716/4025 4900/1718/4027
f 4900/1718/4027 4902/1720/4029 4901/1719/4028
f 4902/1720/4029 4903/1721/4030 4901/1719/4028
f 4899/1717/4026 4904/1716/4031 4900/1718/4027
f 4904/1716/4031 4905/1719/4032 4900/1718/4027
f 4902/1720/4029 4900/1718/4027 4905/1719/4032
f 4906/1721/4033 4902/1720/4029 4905/1719/4032
f 4907/1722/4034 4908/1723/4035 4909/1724/4036
f 4907/1722/4034 4910/1725/4037 4908/1723/4035
f 4910/1725/4037 4911/1726/4037 4908/1723/4035
f 4908/1723/4035 4912/1727/4038 4909/1724/4036
f 4913/1728/4039 4914/1726/4040 4915/1725/4041
f 4916/1728/4042 4913/1728/4039 4915/1725/4041
f 4913/1728/4039 4916/1728/4042 4917/1725/4043
f 4918/1726/4044 4913/1728/4039 4917/1725/4043
f 4919/1724/4045 4920/1729/4046 4921/1729/1929
f 4920/1729/4046 4922/1724/4047 4921/1729/1929
f 4919/1724/4045 4923/1727/4048 4920/1729/4046
f 4920/1729/4046 4924/1727/4049 4922/1724/4047
f 4925/1730/4050 4926/1729/4051 4927/1727/4052
f 4928/1723/4053 4925/1730/4050 4927/1727/4052
f 4928/1723/4053 4929/1726/4054 4925/1730/4050
f 4929/1726/4054 4930/1728/4054 4925/1730/4050
f 4926/1729/4051 4925/1730/4050 4931/1727/4055
f 4925/1730/4050 4932/1723/4056 4931/1727/4055
f 4933/1726/4054 4932/1723/4056 4925/1730/4050
f 4930/1728/4054 4933/1726/4054 4925/1730/4050
f 4934/1727/4057 4935/1723/4058 4936/1724/4059
f 4935/1723/4058 4937/1722/4060 4936/1724/4059
f 4938/1725/4061 4937/1722/4060 4935/1723/4058
f 4939/1726/4061 4938/1725/4061 4935/1723/4058
f 4940/1731/4062 4941/1732/4063 4942/1733/4064
f 4940/1731/4062 4943/1734/4065 4941/1732/4063
f 4944/1732/4066 4943/1734/4065 4940/1731/4062
f 4944/1732/4066 4940/1731/4062 4945/1733/4067
f 4944/1732/4066 4945/1733/4067 4946/1289/4068
f 4947/1289/4069 4942/1733/4064 4941/1732/4063
f 4947/1289/4069 4941/1732/4063 4948/1735/4070
f 4944/1732/4066 4946/1289/4068 4949/1735/4071
f 4950/1736/4072 4940/1731/4062 4951/1733/4073
f 4940/1731/4062 4950/1736/4072 4952/1733/4074
f 4953/1737/4075 4950/1736/4072 4951/1733/4073
f 4954/1738/4076 4953/1737/4075 4951/1733/4073
f 4955/1289/4077 4954/1738/4076 4951/1733/4073
f 4950/1736/4072 4953/1737/4075 4956/1739/4078
f 4953/1737/4075 4954/1738/4076 4956/1739/4078
f 4957/1737/4079 4950/1736/4072 4956/1739/4078
f 4950/1736/4072 4957/1737/4079 4952/1733/4074
f 4957/1737/4079 4958/1738/4080 4952/1733/4074
f 4958/1738/4080 4957/1737/4079 4956/1739/4078
f 4958/1738/4080 4959/1289/4081 4952/1733/4074
f 4960/1740/4082 4961/1741/4083 4962/1732/4084
f 4960/1740/4082 4962/1732/4084 4963/1734/4085
f 4960/1740/4082 4963/1734/4085 4964/1742/4086
f 4960/1740/4082 4965/1743/4087 4961/1741/4083
f 4965/1743/4087 4960/1740/4082 4966/1744/4088
f 4960/1740/4082 4967/1742/4088 4966/1744/4088
f 4967/1742/4088 4968/1740/4089 4966/1744/4088
f 4968/1740/4089 4969/1743/4090 4966/1744/4088
f 4968/1740/4089 4970/1741/4091 4969/1743/4090
f 4968/1740/4089 4971/1732/4092 4970/1741/4091
f 4968/1740/4089 4972/1734/4093 4971/1732/4092
f 4973/1742/4094 4972/1734/4093 4968/1740/4089
f 4974/1745/1929 4975/1746/1929 4976/1747/1929
f 4974/1745/1929 4976/1747/1929 4977/1748/1929
f 4977/1748/1929 4976/1747/1929 4978/1749/1929
f 4976/1747/1929 4979/1748/1929 4978/1749/1929
f 4976/1747/1929 4980/1745/1929 4979/1748/1929
f 4980/1745/1929 4981/1750/1929 4979/1748/1929
f 4982/1751/1929 4981/1750/1929 4980/1745/1929
f 4983/1752/1929 4982/1751/1929 4980/1745/1929
f 4976/1747/1929 4984/1746/1929 4980/1745/1929
f 4985/1750/1929 4974/1745/1929 4977/1748/1929
f 4985/1750/1929 4986/1751/1929 4974/1745/1929
f 4986/1751/1929 4987/1752/1929 4974/1745/1929
f 4988/1753/4095 4989/1735/4096 4990/1754/4097
f 4991/1755/4098 4988/1753/4095 4990/1754/4097
f 4992/1756/4099 4993/1757/4100 4994/1758/4101
f 4995/1759/4102 4992/1756/4099 4994/1758/4101
f 4995/1759/4102 4994/1758/4101 4996/1760/4103
f 4993/1757/4100 4992/1756/4099 4997/1758/4104
f 4992/1756/4099 4998/1759/4105 4997/1758/4104
f 4997/1758/4104 4998/1759/4105 4999/1760/4106
f 4992/1756/4099 5000/1759/4107 5001/1761/2287
f 5000/1759/4107 5002/1762/4108 5001/1761/2287
f 5003/1763/4109 5002/1762/4108 5000/1759/4107
f 5004/1760/4110 5003/1763/4109 5000/1759/4107
f 4992/1756/4099 5001/1761/2287 5005/1764/2287
f 5006/1761/2287 4992/1756/4099 5005/1764/2287
f 5006/1761/2287 5007/1762/4111 4992/1756/4099
f 5007/1762/4111 5008/1759/4112 4992/1756/4099
f 5007/1762/4111 5009/1763/4113 5008/1759/4112
f 5009/1763/4113 5010/1760/4114 5008/1759/4112
f 5011/1753/4115 5012/1755/4116 5013/1754/4117
f 5014/1735/4118 5011/1753/4115 5013/1754/4117
f 5015/660/4119 5016/661/4120 5017/661/4121
f 5018/660/4122 5015/660/4119 5017/661/4121
f 5015/660/4119 5019/662/4123 5016/661/4120
f 5019/662/4123 5020/663/4124 5016/661/4120
f 5019/662/4123 5021/664/4125 5020/663/4124
f 5021/664/4125 5022/665/4126 5020/663/4124
f 5021/664/4125 5023/664/4127 5022/665/4126
f 5023/664/4127 5024/665/4128 5022/665/4126
f 5023/664/4127 5025/662/4129 5024/665/4128
f 5025/662/4129 5026/663/4130 5024/665/4128
f 5018/660/4122 5017/661/4121 5026/663/4130
f 5025/662/4129 5018/660/4122 5026/663/4130
f 5017/661/4121 5016/661/4120 5027/666/4131
f 5016/661/4120 5028/666/4132 5027/666/4131
f 5016/661/4120 5020/663/4124 5028/666/4132
f 5020/663/4124 5029/667/4133 5028/666/4132
f 5020/663/4124 5022/665/4126 5029/667/4133
f 5022/665/4126 5030/668/4134 5029/667/4133
f 5022/665/4126 5024/665/4128 5030/668/4134
f 5024/665/4128 5031/668/4135 5030/668/4134
f 5024/665/4128 5026/663/4130 5031/668/4135
f 5026/663/4130 5032/667/4136 5031/668/4135
f 5017/661/4121 5027/666/4131 5032/667/4136
f 5026/663/4130 5017/661/4121 5032/667/4136
f 5033/669/4137 5018/660/4122 5025/662/4129
f 5034/670/4138 5033/669/4137 5025/662/4129
f 5034/670/4138 5025/662/4129 5023/664/4127
f 5035/671/4139 5034/670/4138 5023/664/4127
f 5035/671/4139 5023/664/4127 5021/664/4125
f 5036/671/4140 5035/671/4139 5021/664/4125
f 5037/672/4141 5033/669/4137 5034/670/4138
f 5038/673/4142 5037/672/4141 5034/670/4138
f 5038/673/4142 5034/670/4138 5035/671/4139
f 5039/674/4143 5038/673/4142 5035/671/4139
f 5039/674/4143 5035/671/4139 5036/671/4140
f 5040/674/4144 5039/674/4143 5036/671/4140
f 5040/674/4144 5036/671/4140 5041/670/4145
f 5041/670/4145 5036/671/4140 5019/662/4123
f 5036/671/4140 5021/664/4125 5019/662/4123
f 5041/670/4145 5019/662/4123 5015/660/4119
f 5042/669/4146 5041/670/4145 5015/660/4119
f 5042/669/4146 5015/660/4119 5018/660/4122
f 5033/669/4137 5042/669/4146 5018/660/4122
f 5043/673/4147 5040/674/4144 5041/670/4145
f 5043/673/4147 5041/670/4145 5042/669/4146
f 5044/672/4148 5043/673/4147 5042/669/4146
f 5044/672/4148 5042/669/4146 5033/669/4137
f 5037/672/4141 5044/672/4148 5033/669/4137
f 5028/666/4132 5045/675/4149 5046/675/4150
f 5027/666/4131 5028/666/4132 5046/675/4150
f 5028/666/4132 5029/667/4133 5045/675/4149
f 5029/667/4133 5047/676/4151 5045/675/4149
f 5029/667/4133 5030/668/4134 5047/676/4151
f 5030/668/4134 5048/677/4152 5047/676/4151
f 5030/668/4134 5031/668/4135 5048/677/4152
f 5031/668/4135 5049/677/4153 5048/677/4152
f 5031/668/4135 5032/667/4136 5049/677/4153
f 5032/667/4136 5050/676/4154 5049/677/4153
f 5027/666/4131 5046/675/4150 5050/676/4154
f 5032/667/4136 5027/666/4131 5050/676/4154
f 5046/675/4150 5045/675/4149 5051/678/4155
f 5045/675/4149 5052/678/4156 5051/678/4155
f 5045/675/4149 5047/676/4151 5052/678/4156
f 5047/676/4151 5053/679/4157 5052/678/4156
f 5047/676/4151 5048/677/4152 5053/679/4157
f 5048/677/4152 5054/680/4158 5053/679/4157
f 5048/677/4152 5049/677/4153 5054/680/4158
f 5049/677/4153 5055/680/4159 5054/680/4158
f 5049/677/4153 5050/676/4154 5055/680/4159
f 5050/676/4154 5056/679/4160 5055/680/4159
f 5046/675/4150 5051/678/4155 5056/679/4160
f 5050/676/4154 5046/675/4150 5056/679/4160
f 5057/660/4161 5058/661/4162 5059/661/4163
f 5060/660/4164 5057/660/4161 5059/661/4163
f 5057/660/4161 5061/662/4165 5058/661/4162
f 5061/662/4165 5062/663/4166 5058/661/4162
f 5061/662/4165 5063/664/4167 5062/663/4166
f 5063/664/4167 5064/665/4168 5062/663/4166
f 5063/664/4167 5065/664/4169 5064/665/4168
f 5065/664/4169 5066/665/4170 5064/665/4168
f 5065/664/4169 5067/662/4171 5066/665/4170
f 5067/662/4171 5068/663/4172 5066/665/4170
f 5060/660/4164 5059/661/4163 5068/663/4172
f 5067/662/4171 5060/660/4164 5068/663/4172
f 5059/661/4163 5058/661/4162 5069/666/4173
f 5058/661/4162 5070/666/4174 5069/666/4173
f 5058/661/4162 5062/663/4166 5070/666/4174
f 5062/663/4166 5071/667/4175 5070/666/4174
f 5062/663/4166 5064/665/4168 5071/667/4175
f 5064/665/4168 5072/668/4176 5071/667/4175
f 5064/665/4168 5066/665/4170 5072/668/4176
f 5066/665/4170 5073/668/4177 5072/668/4176
f 5066/665/4170 5068/663/4172 5073/668/4177
f 5068/663/4172 5074/667/4178 5073/668/4177
f 5059/661/4163 5069/666/4173 5074/667/4178
f 5068/663/4172 5059/661/4163 5074/667/4178
f 5075/669/4179 5060/660/4164 5067/662/4171
f 5076/670/4180 5075/669/4179 5067/662/4171
f 5076/670/4180 5067/662/4171 5065/664/4169
f 5077/671/4181 5076/670/4180 5065/664/4169
f 5077/671/4181 5065/664/4169 5063/664/4167
f 5078/671/4182 5077/671/4181 5063/664/4167
f 5079/672/4141 5075/669/4179 5076/670/4180
f 5080/673/4142 5079/672/4141 5076/670/4180
f 5080/673/4142 5076/670/4180 5077/671/4181
f 5081/674/4143 5080/673/4142 5077/671/4181
f 5081/674/4143 5077/671/4181 5078/671/4182
f 5082/674/4144 5081/674/4143 5078/671/4182
f 5082/674/4144 5078/671/4182 5083/670/4183
f 5083/670/4183 5078/671/4182 5061/662/4165
f 5078/671/4182 5063/664/4167 5061/662/4165
f 5083/670/4183 5061/662/4165 5057/660/4161
f 5084/669/4184 5083/670/4183 5057/660/4161
f 5084/669/4184 5057/660/4161 5060/660/4164
f 5075/669/4179 5084/669/4184 5060/660/4164
f 5085/673/4147 5082/674/4144 5083/670/4183
f 5085/673/4147 5083/670/4183 5084/669/4184
f 5086/672/4148 5085/673/4147 5084/669/4184
f 5086/672/4148 5084/669/4184 5075/669/4179
f 5079/672/4141 5086/672/4148 5075/669/4179
f 5070/666/4174 5087/675/4185 5088/675/4150
f 5069/666/4173 5070/666/4174 5088/675/4150
f 5070/666/4174 5071/667/4175 5087/675/4185
f 5071/667/4175 5089/676/4186 5087/675/4185
f 5071/667/4175 5072/668/4176 5089/676/4186
f 5072/668/4176 5090/677/4187 5089/676/4186
f 5072/668/4176 5073/668/4177 5090/677/4187
f 5073/668/4177 5091/677/4153 5090/677/4187
f 5073/668/4177 5074/667/4178 5091/677/4153
f 5074/667/4178 5092/676/4188 5091/677/4153
f 5069/666/4173 5088/675/4150 5092/676/4188
f 5074/667/4178 5069/666/4173 5092/676/4188
f 5088/675/4150 5087/675/4185 5093/678/4189
f 5087/675/4185 5094/678/4190 5093/678/4189
f 5087/675/4185 5089/676/4186 5094/678/4190
f 5089/676/4186 5095/679/4157 5094/678/4190
f 5089/676/4186 5090/677/4187 5095/679/4157
f 5090/677/4187 5096/680/4158 5095/679/4157
f 5090/677/4187 5091/677/4153 5096/680/4158
f 5091/677/4153 5097/680/4191 5096/680/4158
f 5091/677/4153 5092/676/4188 5097/680/4191
f 5092/676/4188 5098/679/4192 5097/680/4191
f 5088/675/4150 5093/678/4189 5098/679/4192
f 5092/676/4188 5088/675/4150 5098/679/4192
f 5099/681/4193 5100/682/4193 5101/682/4193
f 5102/681/4193 5099/681/4193 5101/682/4193
f 5103/683/4194 5104/681/4194 5105/681/4194
f 5106/683/4194 5103/683/4194 5105/681/4194
f 5107/684/4195 5108/684/4195 5109/683/4195
f 5110/683/4195 5107/684/4195 5109/683/4195
f 5111/685/4196 5112/686/4196 5113/686/4196
f 5114/685/4196 5111/685/4196 5113/686/4196
f 5115/685/4197 5116/687/4198 5117/681/4199
f 5117/681/4199 5116/687/4198 5118/682/4200
f 5119/686/4201 5115/685/4197 5117/681/4199
f 5120/683/4202 5119/686/4201 5117/681/4199
f 5121/688/4203 5119/686/4201 5120/683/4202
f 5122/689/301 5119/686/4201 5121/688/4203
f 5123/690/4204 5122/689/301 5121/688/4203
f 5124/684/4205 5121/688/4203 5120/683/4202
f 5125/691/4206 5122/689/301 5123/690/4204
f 5123/690/4204 5126/692/4207 5125/691/4206
f 5126/692/4207 5127/693/4207 5125/691/4206
f 5127/693/4207 5126/692/4207 5128/690/4208
f 5129/691/4209 5127/693/4207 5128/690/4208
f 5130/689/302 5129/691/4209 5128/690/4208
f 5131/688/4210 5130/689/302 5128/690/4208
f 5132/686/4211 5130/689/302 5131/688/4210
f 5133/683/4212 5132/686/4211 5131/688/4210
f 5134/684/4213 5133/683/4212 5131/688/4210
f 5135/685/4214 5132/686/4211 5133/683/4212
f 5136/681/4215 5135/685/4214 5133/683/4212
f 5137/687/4216 5135/685/4214 5136/681/4215
f 5138/682/4217 5137/687/4216 5136/681/4215
f 5139/682/4218 5140/682/4218 5141/687/4218
f 5142/687/4218 5139/682/4218 5141/687/4218
f 5143/690/4219 5144/688/4220 5145/688/4220
f 5146/690/4219 5143/690/4219 5145/688/4220
f 5147/692/4221 5143/690/4219 5146/690/4219
f 5148/688/4196 5149/684/4196 5150/684/4196
f 5151/688/4196 5148/688/4196 5150/684/4196
f 5152/687/4222 5153/687/4222 5154/685/4222
f 5155/685/4222 5152/687/4222 5154/685/4222
f 5156/686/4223 5157/686/4223 5158/689/4223
f 5159/689/4223 5156/686/4223 5158/689/4223
f 5160/689/4224 5161/691/4225 5162/691/4226
f 5163/689/4224 5160/689/4224 5162/691/4226
f 5162/691/4226 5161/691/4225 5164/693/4227
f 5165/694/4228 5166/695/4229 5167/696/4230
f 5168/697/4230 5165/694/4228 5167/696/4230
f 5169/698/4231 5166/695/4229 5165/694/4228
f 5170/699/4231 5169/698/4231 5165/694/4228
f 5171/695/4232 5172/694/4233 5173/697/4234
f 5174/696/4235 5171/695/4232 5173/697/4234
f 5175/699/4236 5172/694/4233 5171/695/4232
f 5176/698/4236 5175/699/4236 5171/695/4232
f 5177/699/4237 5178/694/4237 5179/694/4237
f 5180/699/4237 5177/699/4237 5179/694/4237
f 5181/694/4238 5182/697/4238 5183/697/4238
f 5184/694/4238 5181/694/4238 5183/697/4238
f 5185/622/4239 5186/623/4240 5187/624/4241
f 5187/624/4241 5186/623/4240 5188/625/4242
f 5186/623/4240 5189/624/4243 5188/625/4242
f 5186/623/4240 5190/622/4244 5189/624/4243
f 5191/626/4245 5190/622/4244 5186/623/4240
f 5191/626/4245 5186/623/4240 5185/622/4239
f 5192/627/4246 5193/628/4247 5194/629/4248
f 5192/627/4246 5194/629/4248 5195/630/4249
f 5195/630/4249 5194/629/4248 5196/631/4250
f 5197/632/4250 5195/630/4249 5196/631/4250
f 5198/633/4251 5192/627/4246 5195/630/4249
f 5199/634/4252 5198/633/4251 5195/630/4249
f 5200/635/4253 5198/633/4251 5199/634/4252
f 5200/635/4253 5199/634/4252 5201/636/4254
f 5201/636/4254 5199/634/4252 5202/637/4255
f 5203/638/4256 5201/636/4254 5202/637/4255
f 5204/639/4257 5203/638/4256 5202/637/4255
f 5205/640/4258 5203/638/4256 5204/639/4257
f 5204/639/4257 5202/637/4255 5206/641/4259
f 5202/637/4255 5207/642/4259 5206/641/4259
f 5208/643/4260 5209/632/4261 5210/631/4262
f 5211/644/4263 5209/632/4261 5208/643/4260
f 5212/645/4264 5211/644/4263 5208/643/4260
f 5213/646/4265 5211/644/4263 5212/645/4264
f 5213/646/4265 5214/647/4266 5211/644/4263
f 5211/644/4263 5214/647/4266 5215/642/4267
f 5214/647/4266 5216/648/4268 5215/642/4267
f 5215/642/4267 5216/648/4268 5217/641/4269
f 5218/649/4270 5219/650/4271 5220/651/4272
f 5221/652/4273 5218/649/4270 5220/651/4272
f 5222/653/4274 5219/650/4271 5218/649/4270
f 5223/654/4275 5221/652/4273 5220/651/4272
f 5220/651/4272 5224/655/4276 5223/654/4275
f 5224/655/4276 5225/651/4277 5223/654/4275
f 5226/652/4278 5223/654/4275 5225/651/4277
f 5227/649/4279 5226/652/4278 5225/651/4277
f 5228/650/4280 5227/649/4279 5225/651/4277
f 5229/653/4281 5227/649/4279 5228/650/4280
f 5230/656/4282 5218/649/4270 5221/652/4273
f 5231/657/4283 5221/652/4273 5223/654/4275
f 5230/656/4282 5221/652/4273 5231/657/4283
f 5231/657/4283 5223/654/4275 5232/658/4284
f 5233/659/4285 5231/657/4283 5232/658/4284
f 5232/658/4284 5223/654/4275 5234/657/4286
f 5234/657/4286 5223/654/4275 5226/652/4278
f 5235/659/4287 5232/658/4284 5234/657/4286
f 5236/656/4288 5234/657/4286 5226/652/4278
f 5236/656/4288 5226/652/4278 5227/649/4279
f 5237/574/4289 5238/575/4290 5239/576/4291
f 5240/577/4292 5238/575/4290 5237/574/4289
f 5241/578/4293 5238/575/4290 5240/577/4292
f 5241/578/4293 5240/577/4292 5242/579/4294
f 5243/580/4295 5241/578/4293 5242/579/4294
f 5244/581/4296 5241/578/4293 5243/580/4295
f 5245/582/4297 5244/581/4296 5243/580/4295
f 5246/583/4298 5240/577/4292 5237/574/4289
f 5240/577/4292 5246/583/4298 5247/584/4299
f 5242/579/4294 5240/577/4292 5247/584/4299
f 5248/585/4300 5246/583/4298 5237/574/4289
f 5246/583/4298 5248/585/4300 5249/577/4301
f 5246/583/4298 5249/577/4301 5247/584/4299
f 5248/585/4300 5250/574/4302 5249/577/4301
f 5251/575/4303 5249/577/4301 5250/574/4302
f 5250/574/4302 5252/586/4304 5251/575/4303
f 5249/577/4301 5253/579/4305 5247/584/4299
f 5254/578/4306 5253/579/4305 5249/577/4301
f 5254/578/4306 5249/577/4301 5251/575/4303
f 5253/579/4305 5254/578/4306 5255/580/4307
f 5254/578/4306 5256/581/4308 5255/580/4307
f 5255/580/4307 5256/581/4308 5257/582/4309
f 5258/581/4310 5259/587/4310 5260/578/4310
f 5259/587/4310 5258/581/4310 5261/588/4311
f 5262/588/4312 5263/589/4313 5264/590/4314
f 5264/590/4314 5263/589/4313 5265/591/4315
f 5265/591/4315 5263/589/4313 5266/590/4316
f 5266/590/4316 5263/589/4313 5267/588/4317
f 5266/590/4316 5267/588/4317 5268/592/4318
f 5268/592/4318 5267/588/4317 5269/593/4319
f 5267/588/4317 5270/587/4320 5269/593/4319
f 5270/587/4320 5271/578/4321 5269/593/4319
f 5272/592/4322 5262/588/4312 5264/590/4314
f 5273/593/4323 5262/588/4312 5272/592/4322
f 5274/587/4324 5262/588/4312 5273/593/4323
f 5275/578/4325 5274/587/4324 5273/593/4323
f 5276/594/4326 5277/595/4327 5278/596/4328
f 5279/597/4329 5276/594/4326 5278/596/4328
f 5277/595/4327 5276/594/4326 5280/598/4330
f 5276/594/4326 5281/599/4331 5280/598/4330
f 5282/600/4332 5281/599/4331 5276/594/4326
f 5282/600/4332 5276/594/4326 5279/597/4329
f 5282/600/4332 5283/601/4333 5281/599/4331
f 5281/599/4331 5283/601/4333 5280/598/4330
f 5282/600/4332 5284/602/4334 5283/601/4333
f 5282/600/4332 5285/603/4335 5284/602/4334
f 5282/600/4332 5286/604/4336 5285/603/4335
f 5279/597/4329 5287/605/4337 5282/600/4332
f 5282/600/4332 5287/605/4337 5286/604/4336
f 5279/597/4329 5278/596/4328 5287/605/4337
f 5288/587/4310 5289/581/4338 5290/578/4310
f 5289/581/4338 5288/587/4310 5291/588/4311
f 5292/593/4339 5293/575/4339 5294/586/4340
f 5295/592/4341 5292/593/4339 5294/586/4340
f 5296/606/4196 5295/592/4341 5294/586/4340
f 5297/607/4342 5298/608/4343 5299/609/4344
f 5299/609/4344 5298/608/4343 5300/610/4345
f 5301/608/4346 5302/609/4347 5300/610/4345
f 5303/607/4348 5302/609/4347 5301/608/4346
f 5304/611/4349 5305/612/4350 5306/613/4351
f 5305/612/4350 5307/614/4352 5306/613/4351
f 5307/614/4352 5308/615/4353 5306/613/4351
f 5308/615/4353 5309/614/4354 5306/613/4351
f 5309/614/4354 5310/612/4355 5306/613/4351
f 5306/613/4351 5310/612/4355 5311/611/4356
f 5312/609/4357 5313/611/4357 5314/613/4358
f 5315/610/4358 5312/609/4357 5314/613/4358
f 5315/610/4358 5314/613/4358 5316/611/4359
f 5317/609/4359 5315/610/4358 5316/611/4359
f 5318/578/4360 5319/575/4360 5320/593/4360
f 5321/616/4361 5322/617/4362 5323/590/4363
f 5324/592/4361 5321/616/4361 5323/590/4363
f 5322/617/4362 5325/618/4364 5323/590/4363
f 5325/618/4364 5326/591/4364 5323/590/4363
f 5326/591/4364 5325/618/4364 5327/590/4365
f 5325/618/4364 5328/617/4366 5327/590/4365
f 5328/617/4366 5329/616/4367 5327/590/4365
f 5329/616/4367 5330/592/4367 5327/590/4365
f 5331/616/4368 5332/619/4368 5333/620/4368
f 5334/617/4368 5331/616/4368 5333/620/4368
f 5335/617/4369 5336/620/4369 5337/619/4369
f 5338/616/4369 5335/617/4369 5337/619/4369
f 5339/617/4196 5340/620/4196 5341/621/4196
f 5342/618/4196 5339/617/4196 5341/621/4196
f 5342/618/4196 5341/621/4196 5343/620/4196
f 5344/617/4196 5342/618/4196 5343/620/4196
f 5345/606/4196 5346/576/4370 5347/592/4371
f 5347/592/4371 5346/576/4370 5348/593/4372
f 5346/576/4370 5349/575/4373 5348/593/4372
f 5350/575/4374 5351/578/4374 5352/593/4374
f 5353/556/4375 5354/557/4376 5355/558/4377
f 5356/559/4378 5353/556/4375 5355/558/4377
f 5353/556/4375 5356/559/4378 5357/557/4379
f 5356/559/4378 5358/558/4380 5357/557/4379
f 5357/557/4379 5358/558/4380 5359/560/4381
f 5358/558/4380 5360/561/4381 5359/560/4381
f 5355/558/4377 5354/557/4376 5361/560/4382
f 5362/561/4383 5355/558/4377 5361/560/4382
f 5363/562/4384 5364/563/4385 5365/564/4386
f 5366/565/4387 5363/562/4384 5365/564/4386
f 5364/563/4385 5363/562/4384 5367/566/4388
f 5368/567/4389 5364/563/4385 5367/566/4388
f 5369/568/4390 5368/567/4389 5367/566/4388
f 5370/569/4391 5369/568/4390 5367/566/4388
f 5365/564/4386 5364/563/4385 5371/570/4392
f 5371/570/4392 5364/563/4385 5368/567/4389
f 5372/571/4393 5365/564/4386 5371/570/4392
f 5373/572/4394 5371/570/4392 5368/567/4389
f 5373/572/4394 5368/567/4389 5369/568/4390
f 5374/573/4395 5373/572/4394 5369/568/4390
f 5375/1765/4396 5376/1766/4397 5377/1767/4398
f 5378/1768/4399 5375/1765/4396 5377/1767/4398
f 5377/1767/4398 5376/1766/4397 5379/1769/4400
f 5376/1766/4397 5380/1770/4401 5379/1769/4400
f 5380/1770/4401 5381/1771/4402 5379/1769/4400
f 5379/1769/4400 5381/1771/4402 5382/1772/4403
f 5382/1772/4403 5381/1771/4402 5383/1773/4404
f 5381/1771/4402 5384/1774/4405 5383/1773/4404
f 5384/1774/4405 5385/1775/4406 5383/1773/4404
f 5383/1773/4404 5385/1775/4406 5386/1776/4407
f 5386/1776/4407 5387/1777/4408 5383/1773/4404
f 5387/1777/4408 5382/1772/4403 5383/1773/4404
f 5388/1770/4409 5389/1778/4410 5390/1771/4411
f 5390/1771/4411 5389/1778/4410 5391/1779/4412
f 5392/1780/4413 5389/1778/4410 5388/1770/4409
f 5393/1781/4414 5392/1780/4413 5388/1770/4409
f 5394/1766/4415 5393/1781/4414 5388/1770/4409
f 5395/1782/4416 5393/1781/4414 5394/1766/4415
f 5395/1782/4416 5394/1766/4415 5396/1765/4417
f 5396/1765/4417 5397/1783/4418 5395/1782/4416
f 5398/1784/4419 5399/1785/4420 5400/1786/4421
f 5399/1785/4420 5401/1787/4422 5400/1786/4421
f 5402/1788/4423 5401/1787/4422 5399/1785/4420
f 5402/1788/4423 5403/1789/4424 5401/1787/4422
f 5398/1784/4419 5400/1786/4421 5404/1790/4425
f 5400/1786/4421 5405/1791/4426 5404/1790/4425
f 5404/1790/4425 5405/1791/4426 5406/1792/4427
f 5405/1791/4426 5407/1774/4428 5406/1792/4427
f 5408/1778/4196 5409/1790/4196 5410/1792/4196
f 5411/1779/4196 5408/1778/4196 5410/1792/4196
f 5409/1790/4196 5408/1778/4196 5412/1784/4429
f 5408/1778/4196 5413/1780/4430 5412/1784/4429
f 5412/1784/4429 5413/1780/4430 5414/1781/4431
f 5415/1785/4432 5412/1784/4429 5414/1781/4431
f 5416/1788/4433 5415/1785/4432 5414/1781/4431
f 5417/1782/4433 5416/1788/4433 5414/1781/4431
f 5418/1782/4434 5419/1783/4435 5420/1788/4436
f 5419/1783/4435 5421/1789/4437 5420/1788/4436
f 5422/1793/4438 5423/1794/4439 5424/1795/4440
f 5424/1795/4440 5425/1796/4441 5422/1793/4438
f 5425/1796/4441 5426/1797/4442 5422/1793/4438
f 5426/1797/4442 5425/1796/4441 5427/1798/4443
f 5428/1799/4444 5426/1797/4442 5427/1798/4443
f 5428/1799/4444 5427/1798/4443 5429/1800/4445
f 5427/1798/4443 5430/1801/4446 5429/1800/4445
f 5430/1801/4446 5427/1798/4443 5431/1802/4447
f 5432/1803/4448 5427/1798/4443 5425/1796/4441
f 5430/1801/4446 5431/1802/4447 5433/1804/4449
f 5433/1804/4449 5431/1802/4447 5434/1805/4450
f 5435/1806/4451 5433/1804/4449 5434/1805/4450
f 5436/1807/4452 5435/1806/4451 5434/1805/4450
f 5434/1805/4450 5437/1808/4453 5432/1803/4448
f 5431/1802/4447 5437/1808/4453 5434/1805/4450
f 5427/1798/4443 5437/1808/4453 5431/1802/4447
f 5437/1808/4453 5427/1798/4443 5432/1803/4448
f 5423/1794/4439 5438/1809/4454 5424/1795/4440
f 5432/1803/4448 5425/1796/4441 5439/1810/4455
f 5425/1796/4441 5424/1795/4440 5439/1810/4455
f 5439/1810/4455 5424/1795/4440 5440/1811/4456
f 5440/1811/4456 5424/1795/4440 5438/1809/4454
f 5441/1805/4457 5442/1812/4457 5443/1813/4457
f 5444/1807/4457 5441/1805/4457 5443/1813/4457
f 5445/1801/4458 5446/1804/4459 5447/1814/4460
f 5446/1804/4459 5448/1815/4461 5447/1814/4460
f 5449/1806/4462 5448/1815/4461 5446/1804/4459
f 5450/1807/4463 5451/1813/4463 5452/1815/4463
f 5453/1806/4463 5450/1807/4463 5452/1815/4463
f 5454/1803/301 5455/1816/301 5456/1812/4464
f 5457/1805/4464 5454/1803/301 5456/1812/4464
f 5458/1817/4464 5455/1816/301 5454/1803/301
f 5459/1810/4464 5458/1817/4464 5454/1803/301
f 5460/1818/301 5458/1817/4464 5459/1810/4464
f 5461/1811/301 5460/1818/301 5459/1810/4464
f 5462/1819/4464 5460/1818/301 5461/1811/301
f 5463/1801/4465 5464/1814/4465 5465/1800/4465
f 5466/1792/4466 5467/1774/4466 5468/1771/4467
f 5469/1779/4468 5466/1792/4466 5468/1771/4467
f 5470/1820/4469 5471/1821/4456 5472/1822/4470
f 5473/1823/4471 5474/1824/4472 5475/1825/4473
f 5475/1825/4473 5474/1824/4472 5476/1826/4474
f 5476/1826/4474 5477/1827/4475 5475/1825/4473
f 5476/1826/4474 5478/1828/4476 5477/1827/4475
f 5474/1824/4472 5478/1828/4476 5476/1826/4474
f 5479/1829/4477 5478/1828/4476 5474/1824/4472
f 5479/1829/4477 5474/1824/4472 5480/1830/4478
f 5480/1830/4478 5474/1824/4472 5473/1823/4471
f 5481/1831/4479 5478/1828/4476 5479/1829/4477
f 5481/1831/4479 5479/1829/4477 5480/1830/4478
f 5482/1832/4480 5480/1830/4478 5473/1823/4471
f 5480/1830/4478 5482/1832/4480 5481/1831/4479
f 5483/1833/4481 5482/1832/4480 5473/1823/4471
f 5473/1823/4471 5475/1825/4473 5483/1833/4481
f 5484/1834/4482 5482/1832/4480 5483/1833/4481
f 5485/1835/4483 5484/1834/4482 5483/1833/4481
f 5484/1834/4482 5486/1836/4484 5482/1832/4480
f 5482/1832/4480 5486/1836/4484 5481/1831/4479
f 5483/1833/4481 5487/1837/4485 5485/1835/4483
f 5475/1825/4473 5487/1837/4485 5483/1833/4481
f 5475/1825/4473 5477/1827/4475 5487/1837/4485
f 5477/1827/4475 5488/1838/4486 5487/1837/4485
f 5477/1827/4475 5489/1839/4487 5488/1838/4486
f 5481/1831/4479 5489/1839/4487 5478/1828/4476
f 5478/1828/4476 5489/1839/4487 5477/1827/4475
f 5486/1836/4484 5489/1839/4487 5481/1831/4479
f 5490/1834/4488 5489/1839/4487 5486/1836/4484
f 5489/1839/4487 5490/1834/4488 5488/1838/4486
f 5487/1837/4485 5491/1840/4489 5485/1835/4483
f 5487/1837/4485 5488/1838/4486 5491/1840/4489
f 5492/1841/4490 5490/1834/4488 5486/1836/4484
f 5492/1841/4490 5486/1836/4484 5484/1834/4482
f 5493/1842/4491 5494/1843/4492 5495/1843/4493
f 5493/1842/4491 5495/1843/4493 5496/1843/4494
f 5493/1842/4491 5497/1843/4495 5494/1843/4492
f 5493/1842/4491 5496/1843/4494 5498/1843/4496
f 5493/1842/4491 5499/1843/4497 5497/1843/4495
f 5493/1842/4491 5498/1843/4496 5499/1843/4497
f 5499/1843/4497 5498/1843/4496 5500/1844/4498
f 5501/1844/4498 5499/1843/4497 5500/1844/4498
f 5497/1843/4495 5499/1843/4497 5501/1844/4498
f 5498/1843/4496 5496/1843/4494 5502/1844/4498
f 5500/1844/4498 5498/1843/4496 5502/1844/4498
f 5496/1843/4494 5495/1843/4493 5502/1844/4498
f 5495/1843/4493 5503/1844/4498 5502/1844/4498
f 5495/1843/4493 5494/1843/4492 5504/1844/4498
f 5503/1844/4498 5495/1843/4493 5504/1844/4498
f 5494/1843/4492 5497/1843/4495 5505/1844/4498
f 5504/1844/4498 5494/1843/4492 5505/1844/4498
f 5505/1844/4498 5497/1843/4495 5501/1844/4498
f 5506/1845/4499 5507/1846/4500 5508/1847/4501
f 5509/1848/4502 5507/1846/4500 5506/1845/4499
f 5510/1849/4503 5507/1846/4500 5509/1848/4502
f 5511/1850/4504 5507/1846/4500 5510/1849/4503
f 5511/1850/4504 5512/1849/4505 5507/1846/4500
f 5512/1849/4505 5513/1848/4506 5507/1846/4500
f 5513/1848/4506 5514/1845/4507 5507/1846/4500
f 5507/1846/4500 5514/1845/4507 5515/1847/4508
f 5515/1847/4508 5516/1851/4509 5507/1846/4500
f 5517/1852/4510 5516/1851/4509 5515/1847/4508
f 5518/1853/4510 5517/1852/4510 5515/1847/4508
f 5507/1846/4500 5519/1851/4511 5508/1847/4501
f 5520/1854/4512 5508/1847/4501 5519/1851/4511
f 5521/1852/4512 5520/1854/4512 5519/1851/4511
f 5522/1855/4513 5519/1851/4511 5507/1846/4500
f 5516/1851/4509 5523/1855/4514 5507/1846/4500
f 5524/1856/4515 5522/1855/4513 5507/1846/4500
f 5507/1846/4500 5523/1855/4514 5524/1856/4515
f 5525/1857/4516 5526/1858/4517 5527/1859/4518
f 5528/1860/4519 5525/1857/4516 5527/1859/4518
f 5527/1859/4518 5526/1858/4517 5529/1861/4520
f 5526/1858/4517 5530/1862/4521 5529/1861/4520
f 5528/1860/4519 5531/1863/4522 5525/1857/4516
f 5531/1863/4522 5532/1864/4523 5525/1857/4516
f 5533/1865/4524 5526/1858/4517 5525/1857/4516
f 5526/1858/4517 5533/1865/4524 5534/1866/4525
f 5534/1866/4525 5530/1862/4521 5526/1858/4517
f 5535/1867/4526 5530/1862/4521 5534/1866/4525
f 5525/1857/4516 5536/1868/4527 5533/1865/4524
f 5536/1868/4527 5534/1866/4525 5533/1865/4524
f 5532/1864/4523 5536/1868/4527 5525/1857/4516
f 5537/1869/4528 5534/1866/4525 5536/1868/4527
f 5537/1869/4528 5538/1870/4529 5534/1866/4525
f 5539/1871/4530 5538/1870/4529 5537/1869/4528
f 5539/1871/4530 5537/1869/4528 5536/1868/4527
f 5539/1871/4530 5536/1868/4527 5532/1864/4523
f 5539/1871/4530 5532/1864/4523 5531/1863/4522
f 5539/1871/4530 5540/1872/4531 5538/1870/4529
f 5541/1873/4532 5540/1872/4531 5539/1871/4530
f 5542/1874/4533 5541/1873/4532 5539/1871/4530
f 5542/1874/4533 5539/1871/4530 5531/1863/4522
f 5540/1872/4531 5541/1873/4532 5543/1875/4534
f 5544/1876/4535 5540/1872/4531 5543/1875/4534
f 5543/1875/4534 5545/1877/4536 5544/1876/4535
f 5545/1877/4536 5546/1878/4537 5544/1876/4535
f 5546/1878/4537 5545/1877/4536 5547/1879/4538
f 5548/1880/4539 5546/1878/4537 5547/1879/4538
f 5549/1881/4540 5548/1880/4539 5547/1879/4538
f 5550/1882/4541 5549/1881/4540 5547/1879/4538
f 5544/1876/4535 5546/1878/4537 5551/1883/4542
f 5546/1878/4537 5552/1884/4543 5551/1883/4542
f 5552/1884/4543 5546/1878/4537 5553/1885/4544
f 5553/1885/4544 5546/1878/4537 5548/1880/4539
f 5554/1886/4545 5552/1884/4543 5553/1885/4544
f 5548/1880/4539 5555/1887/4546 5553/1885/4544
f 5553/1885/4544 5555/1887/4546 5556/1888/4547
f 5548/1880/4539 5557/1889/4548 5555/1887/4546
f 5548/1880/4539 5549/1881/4540 5557/1889/4548
f 5555/1887/4546 5557/1889/4548 5556/1888/4547
f 5551/1883/4542 5558/1890/4549 5544/1876/4535
f 5558/1890/4549 5540/1872/4531 5544/1876/4535
f 5540/1872/4531 5558/1890/4549 5538/1870/4529
f 5538/1870/4529 5558/1890/4549 5559/1891/4550
f 5556/1888/4547 5557/1889/4548 5560/1892/4551
f 5556/1888/4547 5560/1892/4551 5561/1893/4552
f 5560/1892/4551 5562/1894/4553 5561/1893/4552
f 5560/1892/4551 5557/1889/4548 5562/1894/4553
f 5562/1894/4553 5549/1881/4540 5550/1882/4541
f 5557/1889/4548 5549/1881/4540 5562/1894/4553
f 5561/1893/4552 5562/1894/4553 5563/1895/4554
f 5564/1896/4555 5561/1893/4552 5563/1895/4554
f 5556/1888/4547 5561/1893/4552 5564/1896/4555
f 5565/1897/4556 5564/1896/4555 5563/1895/4554
f 5562/1894/4553 5566/1898/4557 5563/1895/4554
f 5567/1899/4558 5556/1888/4547 5564/1896/4555
f 5566/1898/4557 5562/1894/4553 5550/1882/4541
f 5568/1900/4559 5564/1896/4555 5565/1897/4556
f 5564/1896/4555 5568/1900/4559 5567/1899/4558
f 5569/1901/4560 5568/1900/4559 5565/1897/4556
f 5570/1902/4561 5568/1900/4559 5569/1901/4560
f 5571/1903/4562 5570/1902/4561 5569/1901/4560
f 5572/1904/4563 5570/1902/4561 5571/1903/4562
f 5573/1905/4564 5572/1904/4563 5571/1903/4562
f 5574/1906/4565 5568/1900/4559 5570/1902/4561
f 5567/1899/4558 5568/1900/4559 5574/1906/4565
f 5575/1907/4566 5574/1906/4565 5570/1902/4561
f 5576/1908/4567 5575/1907/4566 5570/1902/4561
f 5570/1902/4561 5572/1904/4563 5576/1908/4567
f 5576/1908/4567 5572/1904/4563 5535/1867/4526
f 5530/1862/4521 5572/1904/4563 5573/1905/4564
f 5535/1867/4526 5572/1904/4563 5530/1862/4521
f 5529/1861/4520 5530/1862/4521 5573/1905/4564
f 5577/1909/4568 5578/1910/4569 5579/1911/4570
f 5580/1912/4571 5577/1909/4568 5579/1911/4570
f 5578/1910/4569 5581/1913/4572 5579/1911/4570
f 5580/1912/4571 5579/1911/4570 5582/1914/4573
f 5583/1915/4574 5580/1912/4571 5582/1914/4573
f 5583/1915/4574 5582/1914/4573 5584/1916/4575
f 5585/1917/4576 5584/1916/4575 5582/1914/4573
f 5585/1917/4576 5582/1914/4573 5586/1911/4577
f 5587/1912/4578 5585/1917/4576 5586/1911/4577
f 5588/1909/4579 5587/1912/4578 5586/1911/4577
f 5589/1910/4580 5588/1909/4579 5586/1911/4577
f 5590/1913/4581 5589/1910/4580 5586/1911/4577
f 5591/1918/4582 5590/1913/4581 5586/1911/4577
f 5591/1918/4582 5586/1911/4577 5582/1914/4573
f 5581/1913/4572 5592/1918/4583 5579/1911/4570
f 5593/1919/4584 5582/1914/4573 5579/1911/4570
f 5594/1920/4585 5582/1914/4573 5593/1919/4584
f 5594/1920/4585 5595/1919/4586 5582/1914/4573
f 5595/1919/4586 5591/1918/4582 5582/1914/4573
f 5592/1918/4583 5593/1919/4584 5579/1911/4570
f 5596/1921/4587 5597/1885/4588 5598/1888/4589
f 5598/1888/4589 5599/1899/4590 5596/1921/4587
f 5596/1921/4587 5599/1899/4590 5600/1922/4591
f 5596/1921/4587 5600/1922/4591 5601/1923/4592
f 5596/1921/4587 5601/1923/4592 5597/1885/4588
f 5597/1885/4588 5601/1923/4592 5602/1886/4593
f 5602/1886/4593 5601/1923/4592 5603/1924/4594
f 5601/1923/4592 5604/1925/4595 5603/1924/4594
f 5600/1922/4591 5604/1925/4595 5601/1923/4592
f 5603/1924/4594 5604/1925/4595 5605/1926/4596
f 5603/1924/4594 5605/1926/4596 5606/1927/4597
f 5605/1926/4596 5607/1928/4598 5606/1927/4597
f 5606/1927/4597 5607/1928/4598 5608/1929/4599
f 5607/1928/4598 5609/1930/4600 5608/1929/4599
f 5610/1931/4601 5608/1929/4599 5609/1930/4600
f 5611/1932/4602 5608/1929/4599 5610/1931/4601
f 5610/1931/4601 5612/1933/4603 5611/1932/4602
f 5612/1933/4603 5613/1934/4604 5611/1932/4602
f 5613/1934/4604 5612/1933/4603 5614/1935/4605
f 5612/1933/4603 5610/1931/4601 5615/1936/4606
f 5614/1935/4605 5612/1933/4603 5615/1936/4606
f 5611/1932/4602 5613/1934/4604 5616/1937/4607
f 5611/1932/4602 5616/1937/4607 5617/1938/4608
f 5618/1939/4609 5613/1934/4604 5614/1935/4605
f 5617/1938/4608 5616/1937/4607 5618/1939/4609
f 5616/1937/4607 5613/1934/4604 5618/1939/4609
f 5619/1940/4610 5617/1938/4608 5618/1939/4609
f 5620/1941/4611 5617/1938/4608 5619/1940/4610
f 5611/1932/4602 5621/1942/4612 5608/1929/4599
f 5608/1929/4599 5621/1942/4612 5606/1927/4597
f 5621/1942/4612 5611/1932/4602 5622/1943/4613
f 5622/1943/4613 5611/1932/4602 5617/1938/4608
f 5623/1944/4614 5610/1931/4601 5609/1930/4600
f 5624/1945/4615 5623/1944/4614 5609/1930/4600
f 5625/1946/4616 5623/1944/4614 5624/1945/4615
f 5626/1947/4617 5623/1944/4614 5625/1946/4616
f 5610/1931/4601 5623/1944/4614 5626/1947/4617
f 5626/1947/4617 5627/1948/4618 5610/1931/4601
f 5615/1936/4606 5610/1931/4601 5627/1948/4618
f 5628/1949/4619 5621/1942/4612 5622/1943/4613
f 5629/1950/4620 5621/1942/4612 5628/1949/4619
f 5606/1927/4597 5621/1942/4612 5629/1950/4620
f 5603/1924/4594 5606/1927/4597 5629/1950/4620
f 5629/1950/4620 5630/1951/4621 5603/1924/4594
f 5631/1952/4622 5629/1950/4620 5628/1949/4619
f 5631/1952/4622 5628/1949/4619 5632/1953/4623
f 5632/1953/4623 5628/1949/4619 5633/1954/4624
f 5628/1949/4619 5622/1943/4613 5633/1954/4624
f 5633/1954/4624 5622/1943/4613 5634/1955/4625
f 5634/1955/4625 5635/1956/4626 5633/1954/4624
f 5634/1955/4625 5636/1957/4627 5635/1956/4626
f 5637/1958/4628 5636/1957/4627 5634/1955/4625
f 5638/1959/4629 5637/1958/4628 5634/1955/4625
f 5639/1960/4630 5638/1959/4629 5634/1955/4625
f 5634/1955/4625 5617/1938/4608 5639/1960/4630
f 5620/1941/4611 5638/1959/4629 5639/1960/4630
f 5639/1960/4630 5617/1938/4608 5620/1941/4611
f 5635/1956/4626 5636/1957/4627 5640/1961/4631
f 5640/1961/4631 5641/1962/4632 5635/1956/4626
f 5633/1954/4624 5642/1963/4633 5632/1953/4623
f 5641/1962/4632 5642/1963/4633 5635/1956/4626
f 5635/1956/4626 5642/1963/4633 5633/1954/4624
f 5643/1964/4634 5642/1963/4633 5641/1962/4632
f 5636/1957/4627 5644/1965/4635 5640/1961/4631
f 5644/1965/4635 5645/1966/4636 5640/1961/4631
f 5646/1967/4637 5640/1961/4631 5645/1966/4636
f 5646/1967/4637 5645/1966/4636 5647/1968/4638
f 5648/1969/4639 5646/1967/4637 5647/1968/4638
f 5645/1966/4636 5649/1970/4640 5647/1968/4638
f 5645/1966/4636 5644/1965/4635 5649/1970/4640
f 5649/1970/4640 5644/1965/4635 5650/1971/4641
f 5651/1972/4642 5649/1970/4640 5650/1971/4641
f 5647/1968/4638 5649/1970/4640 5651/1972/4642
f 5650/1971/4641 5644/1965/4635 5636/1957/4627
f 5652/1973/4643 5642/1963/4633 5643/1964/4634
f 5643/1964/4634 5653/1974/4644 5652/1973/4643
f 5652/1973/4643 5653/1974/4644 5654/1975/4645
f 5654/1975/4645 5655/1891/4646 5652/1973/4643
f 5653/1974/4644 5656/1976/4647 5654/1975/4645
f 5657/1870/4648 5655/1891/4646 5654/1975/4645
f 5658/1977/4649 5657/1870/4648 5654/1975/4645
f 5654/1975/4645 5656/1976/4647 5658/1977/4649
f 5656/1976/4647 5659/1867/4650 5658/1977/4649
f 5658/1977/4649 5659/1867/4650 5660/1866/4651
f 5660/1866/4651 5657/1870/4648 5658/1977/4649
f 5656/1976/4647 5653/1974/4644 5661/1978/4652
f 5661/1978/4652 5662/1907/4653 5656/1976/4647
f 5661/1978/4652 5600/1922/4591 5662/1907/4653
f 5661/1978/4652 5653/1974/4644 5663/1979/4654
f 5663/1979/4654 5604/1925/4595 5661/1978/4652
f 5604/1925/4595 5600/1922/4591 5661/1978/4652
f 5663/1979/4654 5653/1974/4644 5643/1964/4634
f 5664/1980/4655 5663/1979/4654 5643/1964/4634
f 5664/1980/4655 5605/1926/4596 5663/1979/4654
f 5605/1926/4596 5604/1925/4595 5663/1979/4654
f 5641/1962/4632 5664/1980/4655 5643/1964/4634
f 5665/1981/4656 5664/1980/4655 5641/1962/4632
f 5665/1981/4656 5607/1928/4598 5664/1980/4655
f 5607/1928/4598 5605/1926/4596 5664/1980/4655
f 5640/1961/4631 5665/1981/4656 5641/1962/4632
f 5666/1982/4657 5665/1981/4656 5640/1961/4631
f 5666/1982/4657 5609/1930/4600 5665/1981/4656
f 5609/1930/4600 5607/1928/4598 5665/1981/4656
f 5600/1922/4591 5667/1906/4658 5662/1907/4653
f 5599/1899/4590 5667/1906/4658 5600/1922/4591
f 5666/1982/4657 5640/1961/4631 5646/1967/4637
f 5668/1983/4659 5666/1982/4657 5646/1967/4637
f 5668/1983/4659 5669/1984/4660 5666/1982/4657
f 5669/1984/4660 5609/1930/4600 5666/1982/4657
f 5670/1985/4661 5669/1984/4660 5668/1983/4659
f 5671/1986/4662 5670/1985/4661 5668/1983/4659
f 5668/1983/4659 5646/1967/4637 5648/1969/4639
f 5671/1986/4662 5668/1983/4659 5648/1969/4639
f 5624/1945/4615 5669/1984/4660 5670/1985/4661
f 5624/1945/4615 5609/1930/4600 5669/1984/4660
f 5672/1987/4663 5624/1945/4615 5670/1985/4661
f 5625/1946/4616 5624/1945/4615 5672/1987/4663
f 5673/1988/4664 5625/1946/4616 5672/1987/4663
f 5626/1947/4617 5625/1946/4616 5673/1988/4664
f 5674/1989/4665 5626/1947/4617 5673/1988/4664
f 5674/1989/4665 5627/1948/4618 5626/1947/4617
f 5675/1990/4666 5676/1991/4667 5650/1971/4641
f 5636/1957/4627 5675/1990/4666 5650/1971/4641
f 5675/1990/4666 5636/1957/4627 5677/1992/4668
f 5636/1957/4627 5637/1958/4628 5677/1992/4668
f 5677/1992/4668 5637/1958/4628 5678/1993/4669
f 5637/1958/4628 5638/1959/4629 5678/1993/4669
f 5678/1993/4669 5638/1959/4629 5620/1941/4611
f 5676/1991/4667 5651/1972/4642 5650/1971/4641
f 5679/1953/4670 5680/1994/4671 5681/1995/4672
f 5681/1995/4672 5680/1994/4671 5558/1890/4549
f 5681/1995/4672 5558/1890/4549 5551/1883/4542
f 5551/1883/4542 5552/1884/4543 5681/1995/4672
f 5559/1891/4550 5558/1890/4549 5680/1994/4671
f 5682/1951/4673 5681/1995/4672 5552/1884/4543
f 5683/1950/4674 5681/1995/4672 5682/1951/4673
f 5682/1951/4673 5552/1884/4543 5554/1886/4545
f 5684/1994/4675 5632/1953/4623 5652/1973/4643
f 5642/1963/4633 5652/1973/4643 5632/1953/4623
f 5655/1891/4646 5684/1994/4675 5652/1973/4643
f 5685/1908/4676 5659/1867/4650 5656/1976/4647
f 5662/1907/4653 5685/1908/4676 5656/1976/4647
f 5622/1943/4613 5617/1938/4608 5634/1955/4625
f 5630/1951/4621 5602/1886/4593 5603/1924/4594
f 5686/1996/4677 5687/1997/4678 5688/1998/4679
f 5688/1998/4679 5687/1997/4678 5689/1999/4680
f 5689/1999/4680 5690/2000/4681 5688/1998/4679
f 5688/1998/4679 5691/2000/4682 5686/1996/4677
f 5689/1999/4680 5687/1997/4678 5692/2001/4683
f 5692/2001/4683 5693/2002/4684 5689/1999/4680
f 5693/2002/4684 5690/2000/4681 5689/1999/4680
f 5687/1997/4678 5694/2003/4685 5692/2001/4683
f 5694/2003/4685 5687/1997/4678 5686/1996/4677
f 5692/2001/4683 5694/2003/4685 5695/2004/4686
f 5695/2004/4686 5696/2005/4687 5692/2001/4683
f 5696/2005/4687 5693/2002/4684 5692/2001/4683
f 5694/2003/4685 5697/2006/4688 5695/2004/4686
f 5697/2006/4688 5694/2003/4685 5698/2007/4689
f 5698/2007/4689 5694/2003/4685 5686/1996/4677
f 5699/2008/4690 5697/2006/4688 5698/2007/4689
f 5698/2007/4689 5700/2009/4691 5699/2008/4690
f 5686/1996/4677 5701/2010/4692 5698/2007/4689
f 5691/2000/4682 5701/2010/4692 5686/1996/4677
f 5701/2010/4692 5700/2009/4691 5698/2007/4689
f 5702/2011/4693 5690/2000/4681 5693/2002/4684
f 5697/2006/4688 5703/2012/4694 5695/2004/4686
f 5697/2006/4688 5699/2008/4690 5703/2012/4694
f 5703/2012/4694 5704/2013/4695 5695/2004/4686
f 5705/2014/4696 5704/2013/4695 5703/2012/4694
f 5706/2015/4697 5705/2014/4696 5703/2012/4694
f 5704/2013/4695 5707/2016/4698 5695/2004/4686
f 5707/2016/4698 5704/2013/4695 5705/2014/4696
f 5707/2016/4698 5696/2005/4687 5695/2004/4686
f 5708/2017/4699 5707/2016/4698 5705/2014/4696
f 5699/2008/4690 5709/2018/4700 5703/2012/4694
f 5710/2019/4701 5709/2018/4700 5699/2008/4690
f 5699/2008/4690 5700/2009/4691 5710/2019/4701
f 5709/2018/4700 5710/2019/4701 5711/2020/4702
f 5712/2021/4703 5709/2018/4700 5711/2020/4702
f 5703/2012/4694 5709/2018/4700 5712/2021/4703
f 5706/2015/4697 5703/2012/4694 5712/2021/4703
f 5701/2010/4692 5713/2011/4704 5714/2022/4705
f 5691/2000/4682 5713/2011/4704 5701/2010/4692
f 5691/2000/4682 5715/2023/4706 5713/2011/4704
f 5715/2023/4706 5716/2024/4707 5713/2011/4704
f 5713/2011/4704 5716/2024/4707 5714/2022/4705
f 5717/2025/4708 5715/2023/4706 5691/2000/4682
f 5718/2026/4709 5715/2023/4706 5717/2025/4708
f 5719/2027/4710 5715/2023/4706 5718/2026/4709
f 5718/2026/4709 5720/2028/4711 5719/2027/4710
f 5717/2025/4708 5720/2028/4711 5718/2026/4709
f 5717/2025/4708 5691/2000/4682 5721/2029/4712
f 5721/2029/4712 5691/2000/4682 5688/1998/4679
f 5688/1998/4679 5690/2000/4681 5721/2029/4712
f 5721/2029/4712 5690/2000/4681 5717/2025/4708
f 5690/2000/4681 5720/2028/4711 5717/2025/4708
f 5690/2000/4681 5702/2011/4693 5720/2028/4711
f 5722/2030/4713 5716/2024/4707 5715/2023/4706
f 5722/2030/4713 5715/2023/4706 5719/2027/4710
f 5719/2027/4710 5720/2028/4711 5723/2031/4714
f 5723/2031/4714 5720/2028/4711 5724/2032/4715
f 5720/2028/4711 5702/2011/4693 5724/2032/4715
f 5724/2032/4715 5702/2011/4693 5725/2033/4716
f 5725/2033/4716 5702/2011/4693 5693/2002/4684
f 5726/2034/4717 5727/2035/4718 5728/2036/4719
f 5729/2037/4720 5726/2034/4717 5728/2036/4719
f 5726/2034/4717 5730/2038/4721 5727/2035/4718
f 5726/2034/4717 5729/2037/4720 5731/2039/4722
f 5726/2034/4717 5731/2039/4722 5730/2038/4721
f 5729/2037/4720 5732/2040/4723 5731/2039/4722
f 5728/2036/4719 5727/2035/4718 5733/2041/4724
f 5727/2035/4718 5734/2042/4725 5733/2041/4724
f 5727/2035/4718 5730/2038/4721 5734/2042/4725
f 5733/2041/4724 5734/2042/4725 5735/2043/4726
f 5734/2042/4725 5736/2044/4727 5735/2043/4726
f 5736/2044/4727 5734/2042/4725 5737/2045/4728
f 5734/2042/4725 5738/2046/4729 5737/2045/4728
f 5730/2038/4721 5738/2046/4729 5734/2042/4725
f 5737/2045/4728 5738/2046/4729 5739/2047/4730
f 5738/2046/4729 5740/2048/4731 5739/2047/4730
f 5730/2038/4721 5740/2048/4731 5738/2046/4729
f 5739/2047/4730 5740/2048/4731 5741/2049/4732
f 5740/2048/4731 5742/2050/4733 5741/2049/4732
f 5743/2051/4734 5740/2048/4731 5730/2038/4721
f 5744/2052/4735 5743/2051/4734 5730/2038/4721
f 5744/2052/4735 5745/2053/4736 5743/2051/4734
f 5745/2053/4736 5746/2054/4737 5743/2051/4734
f 5746/2054/4737 5742/2050/4733 5740/2048/4731
f 5743/2051/4734 5746/2054/4737 5740/2048/4731
f 5744/2052/4735 5747/2055/4738 5745/2053/4736
f 5730/2038/4721 5747/2055/4738 5744/2052/4735
f 5747/2055/4738 5748/2056/4739 5745/2053/4736
f 5749/2057/4740 5748/2056/4739 5747/2055/4738
f 5750/2058/4741 5749/2057/4740 5747/2055/4738
f 5750/2058/4741 5747/2055/4738 5730/2038/4721
f 5751/2059/4732 5749/2057/4740 5750/2058/4741
f 5752/2060/4742 5751/2059/4732 5750/2058/4741
f 5752/2060/4742 5750/2058/4741 5753/2061/4729
f 5753/2061/4729 5750/2058/4741 5730/2038/4721
f 5754/2062/4729 5752/2060/4742 5753/2061/4729
f 5754/2062/4729 5753/2061/4729 5755/2063/4743
f 5755/2063/4743 5753/2061/4729 5730/2038/4721
f 5756/2064/4744 5754/2062/4729 5755/2063/4743
f 5756/2064/4744 5755/2063/4743 5757/2065/4745
f 5755/2063/4743 5758/2066/4746 5757/2065/4745
f 5732/2040/4723 5758/2066/4746 5755/2063/4743
f 5731/2039/4722 5732/2040/4723 5755/2063/4743
f 5731/2039/4722 5755/2063/4743 5730/2038/4721
f 5759/2067/4747 5760/2068/4747 5761/2069/4747
f 5761/2069/4747 5762/2070/4747 5759/2067/4747
f 5763/2071/4747 5762/2070/4747 5761/2069/4747
f 5761/2069/4747 5760/2068/4747 5764/2072/4747
f 5764/2072/4747 5760/2068/4747 5765/2050/4747
f 5765/2050/4747 5760/2068/4747 5766/2049/4747
f 5767/2057/4747 5762/2070/4747 5763/2071/4747
f 5768/2059/4747 5762/2070/4747 5767/2057/4747
f 5769/2073/4747 5770/2074/4747 5771/2075/4747
f 5771/2075/4747 5770/2074/4747 5772/2076/4747
f 5773/2077/4747 5770/2074/4747 5769/2073/4747
f 5770/2074/4747 5773/2077/4747 5772/2076/4747
f 5773/2077/4747 5774/2078/4747 5772/2076/4747
f 5775/2079/4747 5773/2077/4747 5769/2073/4747
f 5769/2073/4747 5776/2080/4747 5775/2079/4747
f 5775/2079/4747 5776/2080/4747 5777/2066/4747
f 5776/2080/4747 5778/2065/4747 5777/2066/4747
f 5772/2076/4747 5774/2078/4747 5779/2081/4747
f 5779/2081/4747 5774/2078/4747 5780/2041/4747
f 5781/2043/4747 5779/2081/4747 5780/2041/4747
f 5782/2082/4748 5783/2083/4749 5784/2084/4750
f 5785/2085/4751 5782/2082/4748 5784/2084/4750
f 5786/2086/4752 5782/2082/4748 5785/2085/4751
f 5787/2087/4753 5786/2086/4752 5785/2085/4751
f 5788/2088/4754 5787/2087/4753 5785/2085/4751
f 5789/2089/4755 5787/2087/4753 5788/2088/4754
f 5790/2090/4756 5789/2089/4755 5788/2088/4754
f 5791/2091/4757 5789/2089/4755 5790/2090/4756
f 5786/2086/4752 5787/2087/4753 5792/2092/4758
f 5792/2092/4758 5787/2087/4753 5789/2089/4755
f 5793/2093/4759 5786/2086/4752 5792/2092/4758
f 5782/2082/4748 5786/2086/4752 5793/2093/4759
f 5791/2091/4757 5794/2094/4760 5789/2089/4755
f 5794/2094/4760 5792/2092/4758 5789/2089/4755
f 5792/2092/4758 5794/2094/4760 5795/2095/4761
f 5792/2092/4758 5795/2095/4761 5793/2093/4759
f 5793/2093/4759 5795/2095/4761 5796/2096/4762
f 5796/2096/4762 5782/2082/4748 5793/2093/4759
f 5796/2096/4762 5783/2083/4749 5782/2082/4748
f 5794/2094/4760 5797/2097/4763 5795/2095/4761
f 5791/2091/4757 5797/2097/4763 5794/2094/4760
f 5795/2095/4761 5797/2097/4763 5798/2098/4764
f 5798/2098/4764 5799/2099/4765 5795/2095/4761
f 5795/2095/4761 5799/2099/4765 5796/2096/4762
f 5800/2100/4766 5799/2099/4765 5798/2098/4764
f 5799/2099/4765 5800/2100/4766 5801/2098/4767
f 5802/2095/4768 5799/2099/4765 5801/2098/4767
f 5801/2098/4767 5803/2097/4769 5802/2095/4768
f 5797/2097/4763 5804/2101/4770 5798/2098/4764
f 5804/2101/4770 5803/2097/4769 5801/2098/4767
f 5804/2101/4770 5805/2102/4771 5798/2098/4764
f 5805/2102/4771 5804/2101/4770 5801/2098/4767
f 5798/2098/4764 5805/2102/4771 5806/2100/4772
f 5806/2100/4772 5805/2102/4771 5801/2098/4767
f 5804/2101/4770 5797/2097/4763 5807/2103/4773
f 5804/2101/4770 5807/2103/4773 5803/2097/4769
f 5802/2095/4768 5803/2097/4769 5808/2094/4774
f 5809/2092/4775 5802/2095/4768 5808/2094/4774
f 5808/2094/4774 5810/2089/4776 5809/2092/4775
f 5810/2089/4776 5811/2087/4777 5809/2092/4775
f 5811/2087/4777 5810/2089/4776 5812/2090/4778
f 5813/2088/4779 5811/2087/4777 5812/2090/4778
f 5814/2086/4780 5811/2087/4777 5813/2088/4779
f 5809/2092/4775 5811/2087/4777 5814/2086/4780
f 5815/2085/4781 5814/2086/4780 5813/2088/4779
f 5816/2091/4782 5810/2089/4776 5808/2094/4774
f 5803/2097/4769 5816/2091/4782 5808/2094/4774
f 5810/2089/4776 5816/2091/4782 5812/2090/4778
f 5812/2090/4778 5816/2091/4782 5817/2104/4783
f 5818/2093/4784 5809/2092/4775 5814/2086/4780
f 5819/2082/4785 5818/2093/4784 5814/2086/4780
f 5819/2082/4785 5814/2086/4780 5815/2085/4781
f 5820/2084/4786 5819/2082/4785 5815/2085/4781
f 5821/2083/4787 5819/2082/4785 5820/2084/4786
f 5809/2092/4775 5818/2093/4784 5802/2095/4768
f 5819/2082/4785 5822/2096/4788 5818/2093/4784
f 5818/2093/4784 5822/2096/4788 5802/2095/4768
f 5822/2096/4788 5819/2082/4785 5821/2083/4787
f 5823/2105/4789 5822/2096/4788 5821/2083/4787
f 5823/2105/4789 5799/2099/4765 5822/2096/4788
f 5822/2096/4788 5799/2099/4765 5802/2095/4768
f 5824/2106/4790 5823/2105/4789 5821/2083/4787
f 5823/2105/4789 5824/2106/4790 5796/2096/4762
f 5796/2096/4762 5799/2099/4765 5823/2105/4789
f 5824/2106/4790 5783/2083/4749 5796/2096/4762
f 5816/2091/4782 5825/2107/4791 5817/2104/4783
f 5825/2107/4791 5816/2091/4782 5803/2097/4769
f 5825/2107/4791 5826/2108/4792 5817/2104/4783
f 5827/2109/4793 5826/2108/4792 5825/2107/4791
f 5807/2103/4773 5827/2109/4793 5825/2107/4791
f 5807/2103/4773 5825/2107/4791 5803/2097/4769
f 5828/2108/4794 5827/2109/4793 5807/2103/4773
f 5829/2107/4795 5828/2108/4794 5807/2103/4773
f 5807/2103/4773 5797/2097/4763 5829/2107/4795
f 5830/2104/4796 5828/2108/4794 5829/2107/4795
f 5791/2091/4757 5830/2104/4796 5829/2107/4795
f 5829/2107/4795 5797/2097/4763 5791/2091/4757
f 5830/2104/4796 5791/2091/4757 5790/2090/4756
f 5831/2110/4797 5832/2111/4798 5833/2112/4799
f 5832/2111/4798 5834/2113/4800 5833/2112/4799
f 5834/2113/4800 5835/2114/4801 5833/2112/4799
f 5835/2114/4801 5836/2115/4802 5833/2112/4799
f 5836/2115/4802 5837/2114/4803 5833/2112/4799
f 5833/2112/4799 5837/2114/4803 5838/2113/4804
f 5839/2111/4805 5833/2112/4799 5838/2113/4804
f 5840/2110/4806 5833/2112/4799 5839/2111/4805
f 5841/2110/4807 5842/2112/4808 5843/2116/4809
f 5843/2116/4809 5842/2112/4808 5844/2117/4810
f 5844/2117/4810 5842/2112/4808 5845/2118/4811
f 5845/2118/4811 5842/2112/4808 5846/2119/4812
f 5846/2119/4812 5842/2112/4808 5847/2118/4813
f 5847/2118/4813 5842/2112/4808 5848/2117/4814
f 5848/2117/4814 5842/2112/4808 5849/2116/4815
f 5849/2116/4815 5842/2112/4808 5850/2110/4816
f 5851/2120/4817 5852/2121/4818 5853/2122/4819
f 5853/2122/4819 5854/2123/4820 5851/2120/4817
f 5855/1840/4821 5854/2123/4820 5853/2122/4819
f 5855/1840/4821 5856/2122/4822 5854/2123/4820
f 5854/2123/4820 5857/2124/4823 5851/2120/4817
f 5858/2125/4824 5857/2124/4823 5854/2123/4820
f 5856/2122/4822 5858/2125/4824 5854/2123/4820
f 5851/2120/4817 5857/2124/4823 5859/2126/4825
f 5851/2120/4817 5859/2126/4825 5860/2127/4826
f 5860/2127/4826 5861/2128/4827 5851/2120/4817
f 5861/2128/4827 5862/2129/4828 5851/2120/4817
f 5862/2129/4828 5863/2130/4829 5851/2120/4817
f 5863/2130/4829 5852/2121/4818 5851/2120/4817
f 5863/2130/4829 5864/2131/4830 5852/2121/4818
f 5865/2132/4831 5857/2124/4823 5858/2125/4824
f 5858/2125/4824 5866/2127/4832 5865/2132/4831
f 5858/2125/4824 5867/2133/4833 5866/2127/4832
f 5868/2134/4834 5867/2133/4833 5858/2125/4824
f 5869/2135/4835 5868/2134/4834 5858/2125/4824
f 5870/2136/4836 5869/2135/4835 5858/2125/4824
f 5856/2122/4822 5870/2136/4836 5858/2125/4824
f 5871/2137/4837 5870/2136/4836 5856/2122/4822
f 5870/2136/4836 5871/2137/4837 5872/2138/4838
f 5872/2138/4838 5871/2137/4837 5873/2139/4839
f 5872/2138/4838 5873/2139/4839 5874/2137/4840
f 5875/2140/4841 5870/2136/4836 5872/2138/4838
f 5875/2140/4841 5872/2138/4838 5852/2121/4818
f 5852/2121/4818 5872/2138/4838 5874/2137/4840
f 5876/2141/4842 5870/2136/4836 5875/2140/4841
f 5876/2141/4842 5877/2142/4843 5870/2136/4836
f 5870/2136/4836 5877/2142/4843 5869/2135/4835
f 5878/2143/4844 5875/2140/4841 5852/2121/4818
f 5864/2131/4830 5878/2143/4844 5852/2121/4818
f 5852/2121/4818 5874/2137/4840 5853/2122/4819
f 5879/2144/4845 5880/2141/4846 5875/2140/4841
f 5881/2145/4847 5880/2141/4846 5879/2144/4845
f 5882/2142/4848 5880/2141/4846 5881/2145/4847
f 5882/2142/4848 5881/2145/4847 5883/2135/4849
f 5883/2135/4849 5881/2145/4847 5884/2146/4850
f 5884/2146/4850 5881/2145/4847 5885/2147/4851
f 5885/2147/4851 5881/2145/4847 5886/2148/4852
f 5886/2148/4852 5881/2145/4847 5879/2144/4845
f 5885/2147/4851 5887/2149/4853 5884/2146/4850
f 5884/2146/4850 5887/2149/4853 5883/2135/4849
f 5888/2150/4854 5887/2149/4853 5885/2147/4851
f 5887/2149/4853 5888/2150/4854 5889/2133/4855
f 5889/2133/4855 5888/2150/4854 5890/2127/4856
f 5883/2135/4849 5887/2149/4853 5891/2134/4857
f 5891/2134/4857 5887/2149/4853 5889/2133/4855
f 5890/2127/4856 5888/2150/4854 5892/2151/4858
f 5892/2151/4858 5893/2152/4859 5890/2127/4856
f 5893/2152/4859 5894/2132/4860 5890/2127/4856
f 5893/2152/4859 5895/2153/4861 5894/2132/4860
f 5895/2153/4861 5896/2124/4862 5894/2132/4860
f 5896/2124/4862 5895/2153/4861 5897/2152/4863
f 5898/2126/4864 5896/2124/4862 5897/2152/4863
f 5898/2126/4864 5897/2152/4863 5899/2127/4865
f 5897/2152/4863 5900/2154/4866 5899/2127/4865
f 5900/2154/4866 5901/2155/4867 5899/2127/4865
f 5901/2155/4867 5902/2128/4868 5899/2127/4865
f 5903/2156/4869 5902/2128/4868 5901/2155/4867
f 5904/2147/4870 5903/2156/4869 5901/2155/4867
f 5905/2129/4871 5902/2128/4868 5903/2156/4869
f 5905/2129/4871 5903/2156/4869 5906/2130/4872
f 5906/2130/4872 5903/2156/4869 5907/2157/4873
f 5907/2157/4873 5903/2156/4869 5904/2147/4870
f 5907/2157/4873 5908/2158/4874 5906/2130/4872
f 5904/2147/4870 5908/2158/4874 5907/2157/4873
f 5909/2159/4875 5908/2158/4874 5904/2147/4870
f 5910/2160/4876 5908/2158/4874 5909/2159/4875
f 5908/2158/4874 5911/2131/4877 5906/2130/4872
f 5911/2131/4877 5908/2158/4874 5912/2143/4878
f 5912/2143/4878 5908/2158/4874 5910/2160/4876
f 5910/2160/4876 5875/2140/4841 5912/2143/4878
f 5913/2161/4879 5875/2140/4841 5910/2160/4876
f 5913/2161/4879 5879/2144/4845 5875/2140/4841
f 5914/2162/4880 5915/2163/4881 5916/2164/4882
f 5917/2163/4883 5914/2162/4880 5916/2164/4882
f 5918/2165/4884 5917/2163/4883 5916/2164/4882
f 5919/2166/4885 5917/2163/4883 5918/2165/4884
f 5920/2167/4886 5917/2163/4883 5919/2166/4885
f 5921/2168/4887 5917/2163/4883 5920/2167/4886
f 5922/2169/4888 5921/2168/4887 5920/2167/4886
f 5916/2164/4882 5915/2163/4881 5923/2165/4889
f 5923/2165/4889 5915/2163/4881 5924/2166/4890
f 5915/2163/4881 5925/2167/4891 5924/2166/4890
f 5926/2168/4892 5925/2167/4891 5915/2163/4881
f 5927/2169/4893 5925/2167/4891 5926/2168/4892
f 5928/2170/4894 5929/2171/4894 5930/2172/4894
f 5931/2173/4894 5928/2170/4894 5930/2172/4894
f 5932/2174/4894 5928/2170/4894 5931/2173/4894
f 5933/2175/4894 5932/2174/4894 5931/2173/4894
f 5934/2176/4895 5935/2177/4896 5936/2178/4897
f 5936/2178/4897 5937/2179/4898 5934/2176/4895
f 5938/2180/4899 5937/2179/4898 5936/2178/4897
f 5938/2180/4899 5936/2178/4897 5939/2181/4900
f 5939/2181/4900 5936/2178/4897 5940/2182/4901
f 5939/2181/4900 5940/2182/4901 5941/2183/4902
f 5942/2184/4903 5939/2181/4900 5941/2183/4902
f 5942/2184/4903 5941/2183/4902 5943/2182/4904
f 5944/2181/4905 5942/2184/4903 5943/2182/4904
f 5943/2182/4904 5945/2178/4906 5944/2181/4905
f 5944/2181/4905 5945/2178/4906 5946/2180/4907
f 5947/2185/4908 5945/2178/4906 5943/2182/4904
f 5943/2182/4904 5941/2183/4902 5947/2185/4908
f 5941/2183/4902 5948/2186/4909 5947/2185/4908
f 5941/2183/4902 5940/2182/4901 5948/2186/4909
f 5940/2182/4901 5949/2185/4910 5948/2186/4909
f 5940/2182/4901 5936/2178/4897 5949/2185/4910
f 5945/2178/4906 5950/2187/4911 5946/2180/4907
f 5951/2176/4912 5950/2187/4911 5945/2178/4906
f 5952/2188/4913 5951/2176/4912 5945/2178/4906
f 5952/2188/4913 5945/2178/4906 5953/2189/4914
f 5954/2190/4915 5945/2178/4906 5947/2185/4908
f 5947/2185/4908 5948/2186/4909 5954/2190/4915
f 5945/2178/4906 5954/2190/4915 5953/2189/4914
f 5954/2190/4915 5955/2191/4916 5953/2189/4914
f 5948/2186/4909 5956/2192/4917 5954/2190/4915
f 5948/2186/4909 5949/2185/4910 5956/2192/4917
f 5954/2190/4915 5956/2192/4917 5955/2191/4916
f 5949/2185/4910 5957/2190/4918 5956/2192/4917
f 5949/2185/4910 5936/2178/4897 5957/2190/4918
f 5936/2178/4897 5958/2189/4919 5957/2190/4918
f 5935/2177/4896 5958/2189/4919 5936/2178/4897
f 5956/2192/4917 5957/2190/4918 5959/2193/4920
f 5956/2192/4917 5959/2193/4920 5955/2191/4916
f 5955/2191/4916 5959/2193/4920 5960/2194/4921
f 5953/2189/4914 5955/2191/4916 5960/2194/4921
f 5959/2193/4920 5961/2195/4922 5960/2194/4921
f 5959/2193/4920 5962/2191/4923 5961/2195/4922
f 5957/2190/4918 5962/2191/4923 5959/2193/4920
f 5957/2190/4918 5958/2189/4919 5962/2191/4923
f 5962/2191/4923 5963/2194/4924 5961/2195/4922
f 5962/2191/4923 5958/2189/4919 5963/2194/4924
f 5964/2196/4925 5965/2197/4926 5966/2198/4927
f 5964/2196/4925 5966/2198/4927 5967/2197/4928
f 5968/2199/4929 5965/2197/4926 5964/2196/4925
f 5964/2196/4925 5967/2197/4928 5969/2199/4929
f 5970/2200/4930 5971/2201/4931 5972/2202/4932
f 5973/2203/4932 5970/2200/4930 5972/2202/4932
f 5973/2203/4932 5974/2202/4933 5970/2200/4930
f 5974/2202/4933 5975/2201/4934 5970/2200/4930
f 5970/2200/4930 5975/2201/4934 5976/2204/4935
f 5970/2200/4930 5976/2204/4935 5971/2201/4931
f 5975/2201/4934 5977/2205/4936 5976/2204/4935
f 5976/2204/4935 5978/2205/4937 5971/2201/4931
f 5979/2206/4938 5978/2205/4937 5976/2204/4935
f 5980/2207/4938 5979/2206/4938 5976/2204/4935
f 5976/2204/4935 5977/2205/4936 5980/2207/4938
f 5979/2206/4938 5980/2207/4938 5981/2208/4939
f 5980/2207/4938 5982/2209/4940 5981/2208/4939
f 5980/2207/4938 5983/2206/4938 5982/2209/4940
f 5977/2205/4936 5983/2206/4938 5980/2207/4938
f 5983/2206/4938 5984/2208/4941 5982/2209/4940
f 5981/2208/4939 5982/2209/4940 5985/2199/4942
f 5982/2209/4940 5986/2196/4942 5985/2199/4942
f 5982/2209/4940 5984/2208/4941 5986/2196/4942
f 5984/2208/4941 5987/2199/4942 5986/2196/4942
f 5988/2210/4943 5974/2202/4933 5973/2203/4932
f 5988/2210/4943 5973/2203/4932 5972/2202/4932
f 5989/2211/4944 5990/2212/4945 5991/2213/4946
f 5992/2214/4947 5990/2212/4945 5989/2211/4944
f 5993/2215/4948 5990/2212/4945 5992/2214/4947
f 5992/2214/4947 5994/2216/4949 5993/2215/4948
f 5992/2214/4947 5995/2217/4950 5994/2216/4949
f 5992/2214/4947 5989/2211/4944 5995/2217/4950
f 5996/2218/4951 5993/2215/4948 5994/2216/4949
f 5996/2218/4951 5994/2216/4949 5997/2219/4952
f 5998/2220/4953 5997/2219/4952 5994/2216/4949
f 5998/2220/4953 5994/2216/4949 5999/2221/4954
f 5999/2221/4954 6000/2222/4955 5998/2220/4953
f 5998/2220/4953 6001/2223/4956 5997/2219/4952
f 5998/2220/4953 6000/2222/4955 6001/2223/4956
f 5997/2219/4952 6002/2224/4957 5996/2218/4951
f 6001/2223/4956 6002/2224/4957 5997/2219/4952
f 5996/2218/4951 6003/2225/4958 5993/2215/4948
f 6003/2225/4958 5990/2212/4945 5993/2215/4948
f 5996/2218/4951 6002/2224/4957 6003/2225/4958
f 5989/2211/4944 6004/2226/4959 5995/2217/4950
f 6005/2227/4960 6004/2226/4959 5989/2211/4944
f 5991/2213/4946 6005/2227/4960 5989/2211/4944
f 5991/2213/4946 6006/2211/4961 6005/2227/4960
f 5991/2213/4946 6007/2212/4962 6006/2211/4961
f 6006/2211/4961 6007/2212/4962 6008/2214/4963
f 6008/2214/4963 6009/2217/4964 6006/2211/4961
f 6008/2214/4963 6010/2216/4965 6009/2217/4964
f 6008/2214/4963 6011/2215/4966 6010/2216/4965
f 6007/2212/4962 6011/2215/4966 6008/2214/4963
f 6012/2218/4967 6010/2216/4965 6011/2215/4966
f 6012/2218/4967 6013/2219/4968 6010/2216/4965
f 6011/2215/4966 6007/2212/4962 6014/2225/4969
f 6012/2218/4967 6011/2215/4966 6014/2225/4969
f 6014/2225/4969 6015/2224/4970 6012/2218/4967
f 6015/2224/4970 6013/2219/4968 6012/2218/4967
f 6016/2220/4971 6010/2216/4965 6013/2219/4968
f 6016/2220/4971 6017/2221/4972 6010/2216/4965
f 6013/2219/4968 6015/2224/4970 6018/2223/4973
f 6016/2220/4971 6013/2219/4968 6018/2223/4973
f 6018/2223/4973 6019/2222/4974 6016/2220/4971
f 6019/2222/4974 6017/2221/4972 6016/2220/4971
f 6009/2217/4964 6020/2226/4975 6006/2211/4961
f 6006/2211/4961 6020/2226/4975 6005/2227/4960
f 6021/2228/4976 6019/2222/4974 6018/2223/4973
f 6022/2229/4977 6019/2222/4974 6021/2228/4976
f 6000/2222/4955 6022/2229/4977 6021/2228/4976
f 6021/2228/4976 6018/2223/4973 6023/2230/4978
f 6018/2223/4973 6015/2224/4970 6023/2230/4978
f 6021/2228/4976 6023/2230/4978 6001/2223/4956
f 6001/2223/4956 6000/2222/4955 6021/2228/4976
f 6023/2230/4978 6015/2224/4970 6024/2231/4979
f 6024/2231/4979 6015/2224/4970 6014/2225/4969
f 6002/2224/4957 6023/2230/4978 6024/2231/4979
f 6023/2230/4978 6002/2224/4957 6001/2223/4956
f 6024/2231/4979 6014/2225/4969 6025/2232/4980
f 6024/2231/4979 6025/2232/4980 6003/2225/4958
f 6003/2225/4958 6002/2224/4957 6024/2231/4979
f 6025/2232/4980 5990/2212/4945 6003/2225/4958
f 5990/2212/4945 6025/2232/4980 5991/2213/4946
f 6025/2232/4980 6007/2212/4962 5991/2213/4946
f 6014/2225/4969 6007/2212/4962 6025/2232/4980
f 6026/1824/4472 6027/1823/4981 6028/1825/4982
f 6026/1824/4472 6028/1825/4982 6029/1826/4983
f 6030/1827/4984 6029/1826/4983 6028/1825/4982
f 6031/1828/4985 6029/1826/4983 6030/1827/4984
f 6031/1828/4985 6026/1824/4472 6029/1826/4983
f 6031/1828/4985 6032/1829/4477 6026/1824/4472
f 6026/1824/4472 6032/1829/4477 6033/1830/4986
f 6026/1824/4472 6033/1830/4986 6027/1823/4981
f 6031/1828/4985 6034/1831/4987 6032/1829/4477
f 6032/1829/4477 6034/1831/4987 6033/1830/4986
f 6033/1830/4986 6035/1832/4988 6027/1823/4981
f 6035/1832/4988 6033/1830/4986 6034/1831/4987
f 6035/1832/4988 6036/1833/4989 6027/1823/4981
f 6028/1825/4982 6027/1823/4981 6036/1833/4989
f 6035/1832/4988 6037/1834/4990 6036/1833/4989
f 6037/1834/4990 6038/1835/4991 6036/1833/4989
f 6039/1836/4484 6037/1834/4990 6035/1832/4988
f 6039/1836/4484 6035/1832/4988 6034/1831/4987
f 6040/1837/4992 6036/1833/4989 6038/1835/4991
f 6040/1837/4992 6028/1825/4982 6036/1833/4989
f 6030/1827/4984 6028/1825/4982 6040/1837/4992
f 6041/1838/4993 6030/1827/4984 6040/1837/4992
f 6042/1839/4994 6030/1827/4984 6041/1838/4993
f 6042/1839/4994 6034/1831/4987 6031/1828/4985
f 6042/1839/4994 6031/1828/4985 6030/1827/4984
f 6042/1839/4994 6039/1836/4484 6034/1831/4987
f 6042/1839/4994 6043/1834/4995 6039/1836/4484
f 6043/1834/4995 6042/1839/4994 6041/1838/4993
f 6044/1840/4996 6040/1837/4992 6038/1835/4991
f 6041/1838/4993 6040/1837/4992 6044/1840/4996
f 6043/1834/4995 6045/1841/4997 6039/1836/4484
f 6039/1836/4484 6045/1841/4997 6037/1834/4990
f 6046/1843/4494 6047/1842/4491 6048/1843/4493
f 6048/1843/4493 6047/1842/4491 6049/1843/4998
f 6050/1843/4496 6047/1842/4491 6046/1843/4494
f 6049/1843/4998 6047/1842/4491 6051/1843/4495
f 6052/1843/4497 6047/1842/4491 6050/1843/4496
f 6051/1843/4495 6047/1842/4491 6052/1843/4497
f 6051/1843/4495 6052/1843/4497 6053/1844/4498
f 6052/1843/4497 6054/1844/4498 6053/1844/4498
f 6052/1843/4497 6050/1843/4496 6054/1844/4498
f 6051/1843/4495 6053/1844/4498 6055/1844/4498
f 6049/1843/4998 6051/1843/4495 6055/1844/4498
f 6048/1843/4493 6049/1843/4998 6055/1844/4498
f 6056/1844/4498 6048/1843/4493 6055/1844/4498
f 6048/1843/4493 6056/1844/4498 6057/1844/4498
f 6046/1843/4494 6048/1843/4493 6057/1844/4498
f 6046/1843/4494 6057/1844/4498 6058/1844/4498
f 6050/1843/4496 6046/1843/4494 6058/1844/4498
f 6050/1843/4496 6058/1844/4498 6054/1844/4498
f 6059/2121/4999 6060/2120/5000 6061/2122/5001
f 6062/2123/5002 6061/2122/5001 6060/2120/5000
f 6062/2123/5002 6063/1840/5003 6061/2122/5001
f 6064/2122/5004 6063/1840/5003 6062/2123/5002
f 6065/2124/5005 6062/2123/5002 6060/2120/5000
f 6065/2124/5005 6066/2125/5006 6062/2123/5002
f 6066/2125/5006 6064/2122/5004 6062/2123/5002
f 6065/2124/5005 6060/2120/5000 6067/2126/5007
f 6067/2126/5007 6060/2120/5000 6068/2127/5008
f 6069/2128/5009 6068/2127/5008 6060/2120/5000
f 6070/2129/5010 6069/2128/5009 6060/2120/5000
f 6071/2130/5011 6070/2129/5010 6060/2120/5000
f 6059/2121/4999 6071/2130/5011 6060/2120/5000
f 6072/2131/5012 6071/2130/5011 6059/2121/4999
f 6065/2124/5005 6073/2132/5013 6066/2125/5006
f 6074/2127/5014 6066/2125/5006 6073/2132/5013
f 6075/2133/5015 6066/2125/5006 6074/2127/5014
f 6075/2133/5015 6076/2134/5016 6066/2125/5006
f 6077/2143/5017 6072/2131/5012 6059/2121/4999
f 6076/2134/5016 6078/2135/5018 6066/2125/5006
f 6078/2135/5018 6079/2136/5019 6066/2125/5006
f 6079/2136/5019 6064/2122/5004 6066/2125/5006
f 6079/2136/5019 6080/2137/5020 6064/2122/5004
f 6080/2137/5020 6079/2136/5019 6081/2138/5021
f 6080/2137/5020 6081/2138/5021 6082/2139/5022
f 6082/2139/5022 6081/2138/5021 6083/2137/5023
f 6079/2136/5019 6084/2140/5024 6081/2138/5021
f 6081/2138/5021 6084/2140/5024 6059/2121/4999
f 6084/2140/5024 6077/2143/5017 6059/2121/4999
f 6081/2138/5021 6059/2121/4999 6083/2137/5023
f 6079/2136/5019 6085/2141/5025 6084/2140/5024
f 6086/2142/5026 6085/2141/5025 6079/2136/5019
f 6086/2142/5026 6079/2136/5019 6078/2135/5018
f 6083/2137/5023 6059/2121/4999 6061/2122/5001
f 6087/2141/5027 6088/2144/5028 6084/2140/5024
f 6087/2141/5027 6089/2145/5029 6088/2144/5028
f 6087/2141/5027 6090/2142/5030 6089/2145/5029
f 6089/2145/5029 6090/2142/5030 6091/2135/5031
f 6089/2145/5029 6091/2135/5031 6092/2146/5032
f 6089/2145/5029 6092/2146/5032 6093/2147/5033
f 6089/2145/5029 6093/2147/5033 6094/2148/5034
f 6089/2145/5029 6094/2148/5034 6088/2144/5028
f 6095/2149/5035 6093/2147/5033 6092/2146/5032
f 6095/2149/5035 6092/2146/5032 6091/2135/5031
f 6095/2149/5035 6096/2150/5036 6093/2147/5033
f 6096/2150/5036 6095/2149/5035 6097/2133/5037
f 6096/2150/5036 6097/2133/5037 6098/2127/5038
f 6095/2149/5035 6091/2135/5031 6099/2134/5039
f 6095/2149/5035 6099/2134/5039 6097/2133/5037
f 6096/2150/5036 6098/2127/5038 6100/2151/5040
f 6101/2152/5041 6100/2151/5040 6098/2127/5038
f 6102/2132/5042 6101/2152/5041 6098/2127/5038
f 6103/2153/5043 6101/2152/5041 6102/2132/5042
f 6104/2124/5044 6103/2153/5043 6102/2132/5042
f 6103/2153/5043 6104/2124/5044 6105/2152/5045
f 6104/2124/5044 6106/2126/5046 6105/2152/5045
f 6105/2152/5045 6106/2126/5046 6107/2127/5047
f 6108/2154/5048 6105/2152/5045 6107/2127/5047
f 6109/2155/5049 6108/2154/5048 6107/2127/5047
f 6110/2128/5050 6109/2155/5049 6107/2127/5047
f 6110/2128/5050 6111/2156/5051 6109/2155/5049
f 6111/2156/5051 6112/2147/5052 6109/2155/5049
f 6110/2128/5050 6113/2129/5053 6111/2156/5051
f 6111/2156/5051 6113/2129/5053 6114/2130/5054
f 6111/2156/5051 6114/2130/5054 6115/2157/5055
f 6111/2156/5051 6115/2157/5055 6112/2147/5052
f 6116/2158/5056 6115/2157/5055 6114/2130/5054
f 6116/2158/5056 6112/2147/5052 6115/2157/5055
f 6116/2158/5056 6117/2159/5057 6112/2147/5052
f 6116/2158/5056 6118/2160/5058 6117/2159/5057
f 6119/2131/5059 6116/2158/5056 6114/2130/5054
f 6116/2158/5056 6119/2131/5059 6120/2143/5060
f 6116/2158/5056 6120/2143/5060 6118/2160/5058
f 6084/2140/5024 6118/2160/5058 6120/2143/5060
f 6084/2140/5024 6121/2161/5061 6118/2160/5058
f 6088/2144/5028 6121/2161/5061 6084/2140/5024
f 6122/2163/5062 6123/2162/5063 6124/2164/5064
f 6123/2162/5063 6125/2163/5065 6124/2164/5064
f 6125/2163/5065 6126/2165/5066 6124/2164/5064
f 6125/2163/5065 6127/2166/5067 6126/2165/5066
f 6125/2163/5065 6128/2167/5068 6127/2166/5067
f 6125/2163/5065 6129/2168/5069 6128/2167/5068
f 6129/2168/5069 6130/2169/5070 6128/2167/5068
f 6122/2163/5062 6124/2164/5064 6131/2165/5071
f 6122/2163/5062 6131/2165/5071 6132/2166/5072
f 6133/2167/5073 6122/2163/5062 6132/2166/5072
f 6133/2167/5073 6134/2168/5074 6122/2163/5062
f 6133/2167/5073 6135/2169/5075 6134/2168/5074
f 6136/2170/5076 6137/2173/5076 6138/2172/5076
f 6139/2171/5076 6136/2170/5076 6138/2172/5076
f 6136/2170/5076 6140/2174/5076 6137/2173/5076
f 6140/2174/5076 6141/2175/5076 6137/2173/5076
f 6142/1846/5077 6143/1845/5078 6144/1847/5079
f 6142/1846/5077 6145/1848/5080 6143/1845/5078
f 6142/1846/5077 6146/1849/5081 6145/1848/5080
f 6142/1846/5077 6147/1850/5082 6146/1849/5081
f 6148/1849/5083 6147/1850/5082 6142/1846/5077
f 6149/1848/5084 6148/1849/5083 6142/1846/5077
f 6150/1845/5085 6149/1848/5084 6142/1846/5077
f 6150/1845/5085 6142/1846/5077 6151/1847/5086
f 6152/1851/5087 6151/1847/5086 6142/1846/5077
f 6152/1851/5087 6153/1852/5088 6151/1847/5086
f 6153/1852/5088 6154/1853/5088 6151/1847/5086
f 6155/1851/5089 6142/1846/5077 6144/1847/5079
f 6144/1847/5079 6156/1854/5090 6155/1851/5089
f 6156/1854/5090 6157/1852/5091 6155/1851/5089
f 6155/1851/5089 6158/1855/5092 6142/1846/5077
f 6159/1855/5093 6152/1851/5087 6142/1846/5077
f 6158/1855/5092 6160/1856/5094 6142/1846/5077
f 6159/1855/5093 6142/1846/5077 6160/1856/5094
f 6161/1857/5095 6162/1860/5096 6163/1859/5097
f 6164/1858/5098 6161/1857/5095 6163/1859/5097
f 6164/1858/5098 6163/1859/5097 6165/1861/5099
f 6166/1862/5100 6164/1858/5098 6165/1861/5099
f 6167/1863/5101 6162/1860/5096 6161/1857/5095
f 6168/1864/5102 6167/1863/5101 6161/1857/5095
f 6164/1858/5098 6169/1865/5103 6161/1857/5095
f 6169/1865/5103 6164/1858/5098 6170/1866/5104
f 6166/1862/5100 6170/1866/5104 6164/1858/5098
f 6166/1862/5100 6171/1867/5105 6170/1866/5104
f 6172/1868/5106 6161/1857/5095 6169/1865/5103
f 6170/1866/5104 6172/1868/5106 6169/1865/5103
f 6172/1868/5106 6168/1864/5102 6161/1857/5095
f 6170/1866/5104 6173/1869/5107 6172/1868/5106
f 6174/1870/5108 6173/1869/5107 6170/1866/5104
f 6174/1870/5108 6175/1871/5109 6173/1869/5107
f 6173/1869/5107 6175/1871/5109 6172/1868/5106
f 6172/1868/5106 6175/1871/5109 6168/1864/5102
f 6168/1864/5102 6175/1871/5109 6167/1863/5101
f 6176/1872/5110 6175/1871/5109 6174/1870/5108
f 6176/1872/5110 6177/1873/5111 6175/1871/5109
f 6177/1873/5111 6178/1874/5112 6175/1871/5109
f 6175/1871/5109 6178/1874/5112 6167/1863/5101
f 6177/1873/5111 6176/1872/5110 6179/1875/5113
f 6176/1872/5110 6180/1876/5114 6179/1875/5113
f 6181/1877/5115 6179/1875/5113 6180/1876/5114
f 6182/1878/5116 6181/1877/5115 6180/1876/5114
f 6181/1877/5115 6182/1878/5116 6183/1879/5117
f 6182/1878/5116 6184/1880/5118 6183/1879/5117
f 6184/1880/5118 6185/1881/5119 6183/1879/5117
f 6185/1881/5119 6186/1882/5120 6183/1879/5117
f 6182/1878/5116 6180/1876/5114 6187/1883/5121
f 6188/1884/5122 6182/1878/5116 6187/1883/5121
f 6182/1878/5116 6188/1884/5122 6189/1885/5123
f 6182/1878/5116 6189/1885/5123 6184/1880/5118
f 6188/1884/5122 6190/1886/5124 6189/1885/5123
f 6191/1887/5125 6184/1880/5118 6189/1885/5123
f 6191/1887/5125 6189/1885/5123 6192/1888/5126
f 6193/1889/5127 6184/1880/5118 6191/1887/5125
f 6185/1881/5119 6184/1880/5118 6193/1889/5127
f 6193/1889/5127 6191/1887/5125 6192/1888/5126
f 6194/1890/5128 6187/1883/5121 6180/1876/5114
f 6176/1872/5110 6194/1890/5128 6180/1876/5114
f 6194/1890/5128 6176/1872/5110 6174/1870/5108
f 6194/1890/5128 6174/1870/5108 6195/1891/5129
f 6193/1889/5127 6192/1888/5126 6196/1892/5130
f 6196/1892/5130 6192/1888/5126 6197/1893/5131
f 6198/1894/5132 6196/1892/5130 6197/1893/5131
f 6193/1889/5127 6196/1892/5130 6198/1894/5132
f 6185/1881/5119 6198/1894/5132 6186/1882/5120
f 6185/1881/5119 6193/1889/5127 6198/1894/5132
f 6198/1894/5132 6197/1893/5131 6199/1895/5133
f 6197/1893/5131 6200/1896/5134 6199/1895/5133
f 6197/1893/5131 6192/1888/5126 6200/1896/5134
f 6200/1896/5134 6201/1897/5135 6199/1895/5133
f 6202/1898/5136 6198/1894/5132 6199/1895/5133
f 6192/1888/5126 6203/1899/5137 6200/1896/5134
f 6198/1894/5132 6202/1898/5136 6186/1882/5120
f 6200/1896/5134 6204/1900/5138 6201/1897/5135
f 6204/1900/5138 6200/1896/5134 6203/1899/5137
f 6204/1900/5138 6205/1901/5139 6201/1897/5135
f 6204/1900/5138 6206/1902/5140 6205/1901/5139
f 6206/1902/5140 6207/1903/5141 6205/1901/5139
f 6206/1902/5140 6208/1904/5142 6207/1903/5141
f 6208/1904/5142 6209/1905/5143 6207/1903/5141
f 6204/1900/5138 6210/1906/5144 6206/1902/5140
f 6204/1900/5138 6203/1899/5137 6210/1906/5144
f 6210/1906/5144 6211/1907/5145 6206/1902/5140
f 6211/1907/5145 6212/1908/5146 6206/1902/5140
f 6208/1904/5142 6206/1902/5140 6212/1908/5146
f 6208/1904/5142 6212/1908/5146 6171/1867/5105
f 6208/1904/5142 6166/1862/5100 6209/1905/5143
f 6208/1904/5142 6171/1867/5105 6166/1862/5100
f 6166/1862/5100 6165/1861/5099 6209/1905/5143
f 6213/1909/5147 6214/1912/5148 6215/1911/5149
f 6216/1910/5150 6213/1909/5147 6215/1911/5149
f 6217/1913/5151 6216/1910/5150 6215/1911/5149
f 6215/1911/5149 6214/1912/5148 6218/1914/5152
f 6214/1912/5148 6219/1915/5153 6218/1914/5152
f 6218/1914/5152 6219/1915/5153 6220/1916/5154
f 6220/1916/5154 6221/1917/5155 6218/1914/5152
f 6218/1914/5152 6221/1917/5155 6222/1911/5156
f 6221/1917/5155 6223/1912/5157 6222/1911/5156
f 6223/1912/5157 6224/1909/5158 6222/1911/5156
f 6224/1909/5158 6225/1910/5159 6222/1911/5156
f 6225/1910/5159 6226/1913/5160 6222/1911/5156
f 6226/1913/5160 6227/1918/5161 6222/1911/5156
f 6222/1911/5156 6227/1918/5161 6218/1914/5152
f 6228/1918/5162 6217/1913/5151 6215/1911/5149
f 6229/1919/5163 6228/1918/5162 6215/1911/5149
f 6218/1914/5152 6230/1920/5164 6229/1919/5163
f 6231/1919/5165 6230/1920/5164 6218/1914/5152
f 6227/1918/5161 6231/1919/5165 6218/1914/5152
f 6218/1914/5152 6229/1919/5163 6215/1911/5149
f 6232/1885/5166 6233/1921/5167 6234/1888/5168
f 6235/1899/5169 6234/1888/5168 6233/1921/5167
f 6235/1899/5169 6233/1921/5167 6236/1922/5170
f 6236/1922/5170 6233/1921/5167 6237/1923/5171
f 6237/1923/5171 6233/1921/5167 6232/1885/5166
f 6237/1923/5171 6232/1885/5166 6238/1886/5172
f 6237/1923/5171 6238/1886/5172 6239/1924/5173
f 6240/1925/5174 6237/1923/5171 6239/1924/5173
f 6240/1925/5174 6236/1922/5170 6237/1923/5171
f 6240/1925/5174 6239/1924/5173 6241/1926/5175
f 6241/1926/5175 6239/1924/5173 6242/1927/5176
f 6243/1928/5177 6241/1926/5175 6242/1927/5176
f 6243/1928/5177 6242/1927/5176 6244/1929/5178
f 6245/1930/5179 6243/1928/5177 6244/1929/5178
f 6244/1929/5178 6246/1931/5180 6245/1930/5179
f 6244/1929/5178 6247/1932/5181 6246/1931/5180
f 6248/1933/5182 6246/1931/5180 6247/1932/5181
f 6249/1934/5183 6248/1933/5182 6247/1932/5181
f 6248/1933/5182 6249/1934/5183 6250/1935/5184
f 6246/1931/5180 6248/1933/5182 6251/1936/5185
f 6248/1933/5182 6250/1935/5184 6251/1936/5185
f 6249/1934/5183 6247/1932/5181 6252/1937/5186
f 6252/1937/5186 6247/1932/5181 6253/1938/5187
f 6249/1934/5183 6254/1939/5188 6250/1935/5184
f 6252/1937/5186 6253/1938/5187 6254/1939/5188
f 6249/1934/5183 6252/1937/5186 6254/1939/5188
f 6253/1938/5187 6255/1940/5189 6254/1939/5188
f 6253/1938/5187 6256/1941/5190 6255/1940/5189
f 6257/1942/5191 6247/1932/5181 6244/1929/5178
f 6257/1942/5191 6244/1929/5178 6242/1927/5176
f 6247/1932/5181 6257/1942/5191 6258/1943/5192
f 6247/1932/5181 6258/1943/5192 6253/1938/5187
f 6246/1931/5180 6259/1944/5193 6245/1930/5179
f 6259/1944/5193 6260/1945/5194 6245/1930/5179
f 6259/1944/5193 6261/1946/5195 6260/1945/5194
f 6259/1944/5193 6262/1947/5196 6261/1946/5195
f 6259/1944/5193 6246/1931/5180 6262/1947/5196
f 6263/1948/5197 6262/1947/5196 6246/1931/5180
f 6246/1931/5180 6251/1936/5185 6263/1948/5197
f 6257/1942/5191 6264/1949/5198 6258/1943/5192
f 6257/1942/5191 6265/1950/5199 6264/1949/5198
f 6257/1942/5191 6242/1927/5176 6265/1950/5199
f 6242/1927/5176 6239/1924/5173 6265/1950/5199
f 6266/1951/5200 6265/1950/5199 6239/1924/5173
f 6265/1950/5199 6267/1952/5201 6264/1949/5198
f 6264/1949/5198 6267/1952/5201 6268/1953/5202
f 6264/1949/5198 6268/1953/5202 6269/1954/5203
f 6258/1943/5192 6264/1949/5198 6269/1954/5203
f 6258/1943/5192 6269/1954/5203 6270/1955/5204
f 6271/1956/5205 6270/1955/5204 6269/1954/5203
f 6272/1957/5206 6270/1955/5204 6271/1956/5205
f 6272/1957/5206 6273/1958/5207 6270/1955/5204
f 6273/1958/5207 6274/1959/5208 6270/1955/5204
f 6274/1959/5208 6275/1960/5209 6270/1955/5204
f 6253/1938/5187 6270/1955/5204 6275/1960/5209
f 6274/1959/5208 6256/1941/5190 6275/1960/5209
f 6253/1938/5187 6275/1960/5209 6256/1941/5190
f 6272/1957/5206 6271/1956/5205 6276/1961/5210
f 6277/1962/5211 6276/1961/5210 6271/1956/5205
f 6278/1963/5212 6269/1954/5203 6268/1953/5202
f 6278/1963/5212 6277/1962/5211 6271/1956/5205
f 6278/1963/5212 6271/1956/5205 6269/1954/5203
f 6278/1963/5212 6279/1964/5213 6277/1962/5211
f 6280/1965/5214 6272/1957/5206 6276/1961/5210
f 6281/1966/5215 6280/1965/5214 6276/1961/5210
f 6276/1961/5210 6282/1967/5216 6281/1966/5215
f 6281/1966/5215 6282/1967/5216 6283/1968/5217
f 6282/1967/5216 6284/1969/5218 6283/1968/5217
f 6285/1970/5219 6281/1966/5215 6283/1968/5217
f 6280/1965/5214 6281/1966/5215 6285/1970/5219
f 6280/1965/5214 6285/1970/5219 6286/1971/5220
f 6285/1970/5219 6287/1972/5221 6286/1971/5220
f 6285/1970/5219 6283/1968/5217 6287/1972/5221
f 6280/1965/5214 6286/1971/5220 6272/1957/5206
f 6278/1963/5212 6288/1973/5222 6279/1964/5213
f 6289/1974/5223 6279/1964/5213 6288/1973/5222
f 6289/1974/5223 6288/1973/5222 6290/1975/5224
f 6291/1891/5225 6290/1975/5224 6288/1973/5222
f 6292/1976/5226 6289/1974/5223 6290/1975/5224
f 6291/1891/5225 6293/1870/5227 6290/1975/5224
f 6293/1870/5227 6294/1977/5228 6290/1975/5224
f 6292/1976/5226 6290/1975/5224 6294/1977/5228
f 6295/1867/5229 6292/1976/5226 6294/1977/5228
f 6295/1867/5229 6294/1977/5228 6296/1866/5230
f 6293/1870/5227 6296/1866/5230 6294/1977/5228
f 6289/1974/5223 6292/1976/5226 6297/1978/5231
f 6298/1907/5232 6297/1978/5231 6292/1976/5226
f 6236/1922/5170 6297/1978/5231 6298/1907/5232
f 6289/1974/5223 6297/1978/5231 6299/1979/5233
f 6240/1925/5174 6299/1979/5233 6297/1978/5231
f 6236/1922/5170 6240/1925/5174 6297/1978/5231
f 6289/1974/5223 6299/1979/5233 6279/1964/5213
f 6299/1979/5233 6300/1980/5234 6279/1964/5213
f 6241/1926/5175 6300/1980/5234 6299/1979/5233
f 6240/1925/5174 6241/1926/5175 6299/1979/5233
f 6300/1980/5234 6277/1962/5211 6279/1964/5213
f 6300/1980/5234 6301/1981/5235 6277/1962/5211
f 6243/1928/5177 6301/1981/5235 6300/1980/5234
f 6241/1926/5175 6243/1928/5177 6300/1980/5234
f 6301/1981/5235 6276/1961/5210 6277/1962/5211
f 6301/1981/5235 6302/1982/5236 6276/1961/5210
f 6245/1930/5179 6302/1982/5236 6301/1981/5235
f 6243/1928/5177 6245/1930/5179 6301/1981/5235
f 6303/1906/5237 6236/1922/5170 6298/1907/5232
f 6303/1906/5237 6235/1899/5169 6236/1922/5170
f 6276/1961/5210 6302/1982/5236 6282/1967/5216
f 6302/1982/5236 6304/1983/5238 6282/1967/5216
f 6305/1984/5239 6304/1983/5238 6302/1982/5236
f 6245/1930/5179 6305/1984/5239 6302/1982/5236
f 6305/1984/5239 6306/1985/5240 6304/1983/5238
f 6306/1985/5240 6307/1986/5241 6304/1983/5238
f 6304/1983/5238 6307/1986/5241 6284/1969/5218
f 6282/1967/5216 6304/1983/5238 6284/1969/5218
f 6305/1984/5239 6260/1945/5194 6306/1985/5240
f 6245/1930/5179 6260/1945/5194 6305/1984/5239
f 6260/1945/5194 6308/1987/5242 6306/1985/5240
f 6260/1945/5194 6261/1946/5195 6308/1987/5242
f 6261/1946/5195 6309/1988/5243 6308/1987/5242
f 6261/1946/5195 6262/1947/5196 6309/1988/5243
f 6262/1947/5196 6310/1989/5244 6309/1988/5243
f 6263/1948/5197 6310/1989/5244 6262/1947/5196
f 6311/1991/5245 6312/1990/5246 6286/1971/5220
f 6312/1990/5246 6272/1957/5206 6286/1971/5220
f 6272/1957/5206 6312/1990/5246 6313/1992/5247
f 6273/1958/5207 6272/1957/5206 6313/1992/5247
f 6273/1958/5207 6313/1992/5247 6314/1993/5248
f 6274/1959/5208 6273/1958/5207 6314/1993/5248
f 6274/1959/5208 6314/1993/5248 6256/1941/5190
f 6287/1972/5221 6311/1991/5245 6286/1971/5220
f 6315/1994/5249 6316/1953/5250 6317/1995/5251
f 6315/1994/5249 6317/1995/5251 6194/1890/5128
f 6194/1890/5128 6317/1995/5251 6187/1883/5121
f 6188/1884/5122 6187/1883/5121 6317/1995/5251
f 6194/1890/5128 6195/1891/5129 6315/1994/5249
f 6317/1995/5251 6318/1951/5252 6188/1884/5122
f 6317/1995/5251 6319/1950/5253 6318/1951/5252
f 6188/1884/5122 6318/1951/5252 6190/1886/5124
f 6268/1953/5202 6320/1994/5254 6288/1973/5222
f 6288/1973/5222 6278/1963/5212 6268/1953/5202
f 6320/1994/5254 6291/1891/5225 6288/1973/5222
f 6295/1867/5229 6321/1908/5255 6292/1976/5226
f 6321/1908/5255 6298/1907/5232 6292/1976/5226
f 6253/1938/5187 6258/1943/5192 6270/1955/5204
f 6238/1886/5172 6266/1951/5200 6239/1924/5173
f 6322/2083/5256 6323/2082/5257 6324/2084/5258
f 6323/2082/5257 6325/2085/5259 6324/2084/5258
f 6323/2082/5257 6326/2086/5260 6325/2085/5259
f 6326/2086/5260 6327/2087/5261 6325/2085/5259
f 6327/2087/5261 6328/2088/5262 6325/2085/5259
f 6327/2087/5261 6329/2089/5263 6328/2088/5262
f 6329/2089/5263 6330/2090/5264 6328/2088/5262
f 6329/2089/5263 6331/2091/5265 6330/2090/5264
f 6327/2087/5261 6326/2086/5260 6332/2092/5266
f 6327/2087/5261 6332/2092/5266 6329/2089/5263
f 6326/2086/5260 6333/2093/5267 6332/2092/5266
f 6326/2086/5260 6323/2082/5257 6333/2093/5267
f 6334/2094/5268 6331/2091/5265 6329/2089/5263
f 6332/2092/5266 6334/2094/5268 6329/2089/5263
f 6334/2094/5268 6332/2092/5266 6335/2095/5269
f 6335/2095/5269 6332/2092/5266 6333/2093/5267
f 6335/2095/5269 6333/2093/5267 6336/2096/5270
f 6323/2082/5257 6336/2096/5270 6333/2093/5267
f 6322/2083/5256 6336/2096/5270 6323/2082/5257
f 6337/2097/5271 6334/2094/5268 6335/2095/5269
f 6337/2097/5271 6331/2091/5265 6334/2094/5268
f 6337/2097/5271 6335/2095/5269 6338/2098/5272
f 6339/2099/5273 6338/2098/5272 6335/2095/5269
f 6339/2099/5273 6335/2095/5269 6336/2096/5270
f 6339/2099/5273 6340/2100/5274 6338/2098/5272
f 6340/2100/5274 6339/2099/5273 6341/2098/5275
f 6339/2099/5273 6342/2095/5276 6341/2098/5275
f 6343/2097/5277 6341/2098/5275 6342/2095/5276
f 6344/2101/5278 6337/2097/5271 6338/2098/5272
f 6343/2097/5277 6344/2101/5278 6341/2098/5275
f 6345/2102/5279 6344/2101/5278 6338/2098/5272
f 6344/2101/5278 6345/2102/5279 6341/2098/5275
f 6345/2102/5279 6338/2098/5272 6346/2100/5280
f 6345/2102/5279 6346/2100/5280 6341/2098/5275
f 6337/2097/5271 6344/2101/5278 6347/2103/5281
f 6347/2103/5281 6344/2101/5278 6343/2097/5277
f 6343/2097/5277 6342/2095/5276 6348/2094/5282
f 6342/2095/5276 6349/2092/5283 6348/2094/5282
f 6350/2089/5284 6348/2094/5282 6349/2092/5283
f 6351/2087/5285 6350/2089/5284 6349/2092/5283
f 6350/2089/5284 6351/2087/5285 6352/2090/5286
f 6351/2087/5285 6353/2088/5287 6352/2090/5286
f 6351/2087/5285 6354/2086/5288 6353/2088/5287
f 6351/2087/5285 6349/2092/5283 6354/2086/5288
f 6354/2086/5288 6355/2085/5289 6353/2088/5287
f 6350/2089/5284 6356/2091/5290 6348/2094/5282
f 6356/2091/5290 6343/2097/5277 6348/2094/5282
f 6356/2091/5290 6350/2089/5284 6352/2090/5286
f 6356/2091/5290 6352/2090/5286 6357/2104/5291
f 6349/2092/5283 6358/2093/5292 6354/2086/5288
f 6358/2093/5292 6359/2082/5293 6354/2086/5288
f 6354/2086/5288 6359/2082/5293 6355/2085/5289
f 6359/2082/5293 6360/2084/5294 6355/2085/5289
f 6359/2082/5293 6361/2083/5295 6360/2084/5294
f 6358/2093/5292 6349/2092/5283 6342/2095/5276
f 6362/2096/5296 6359/2082/5293 6358/2093/5292
f 6362/2096/5296 6358/2093/5292 6342/2095/5276
f 6359/2082/5293 6362/2096/5296 6361/2083/5295
f 6362/2096/5296 6363/2105/5297 6361/2083/5295
f 6339/2099/5273 6363/2105/5297 6362/2096/5296
f 6339/2099/5273 6362/2096/5296 6342/2095/5276
f 6363/2105/5297 6364/2106/5298 6361/2083/5295
f 6364/2106/5298 6363/2105/5297 6336/2096/5270
f 6339/2099/5273 6336/2096/5270 6363/2105/5297
f 6322/2083/5256 6364/2106/5298 6336/2096/5270
f 6365/2107/5299 6356/2091/5290 6357/2104/5291
f 6356/2091/5290 6365/2107/5299 6343/2097/5277
f 6366/2108/5300 6365/2107/5299 6357/2104/5291
f 6366/2108/5300 6367/2109/5301 6365/2107/5299
f 6367/2109/5301 6347/2103/5281 6365/2107/5299
f 6365/2107/5299 6347/2103/5281 6343/2097/5277
f 6367/2109/5301 6368/2108/5302 6347/2103/5281
f 6368/2108/5302 6369/2107/5303 6347/2103/5281
f 6337/2097/5271 6347/2103/5281 6369/2107/5303
f 6368/2108/5302 6370/2104/5304 6369/2107/5303
f 6370/2104/5304 6331/2091/5265 6369/2107/5303
f 6337/2097/5271 6369/2107/5303 6331/2091/5265
f 6331/2091/5265 6370/2104/5304 6330/2090/5264
f 6371/2111/5305 6372/2110/5306 6373/2112/5307
f 6374/2113/5308 6371/2111/5305 6373/2112/5307
f 6375/2114/5309 6374/2113/5308 6373/2112/5307
f 6376/2115/5310 6375/2114/5309 6373/2112/5307
f 6377/2114/5311 6376/2115/5310 6373/2112/5307
f 6377/2114/5311 6373/2112/5307 6378/2113/5312
f 6373/2112/5307 6379/2111/5313 6378/2113/5312
f 6373/2112/5307 6380/2110/5314 6379/2111/5313
f 6381/2112/5315 6382/2110/5316 6383/2116/5317
f 6381/2112/5315 6383/2116/5317 6384/2117/5318
f 6381/2112/5315 6384/2117/5318 6385/2118/5319
f 6381/2112/5315 6385/2118/5319 6386/2119/5320
f 6381/2112/5315 6386/2119/5320 6387/2118/5321
f 6381/2112/5315 6387/2118/5321 6388/2117/5322
f 6381/2112/5315 6388/2117/5322 6389/2116/5323
f 6381/2112/5315 6389/2116/5323 6390/2110/5324
f 6391/1997/5325 6392/1996/5326 6393/1998/5327
f 6391/1997/5325 6393/1998/5327 6394/1999/5328
f 6395/2000/5329 6394/1999/5328 6393/1998/5327
f 6396/2000/5330 6393/1998/5327 6392/1996/5326
f 6391/1997/5325 6394/1999/5328 6397/2001/5331
f 6398/2002/5332 6397/2001/5331 6394/1999/5328
f 6395/2000/5329 6398/2002/5332 6394/1999/5328
f 6399/2003/5333 6391/1997/5325 6397/2001/5331
f 6391/1997/5325 6399/2003/5333 6392/1996/5326
f 6399/2003/5333 6397/2001/5331 6400/2004/5334
f 6401/2005/5335 6400/2004/5334 6397/2001/5331
f 6398/2002/5332 6401/2005/5335 6397/2001/5331
f 6402/2006/5336 6399/2003/5333 6400/2004/5334
f 6399/2003/5333 6402/2006/5336 6403/2007/5337
f 6399/2003/5333 6403/2007/5337 6392/1996/5326
f 6402/2006/5336 6404/2008/5338 6403/2007/5337
f 6405/2009/5339 6403/2007/5337 6404/2008/5338
f 6406/2010/5340 6392/1996/5326 6403/2007/5337
f 6406/2010/5340 6396/2000/5330 6392/1996/5326
f 6405/2009/5339 6406/2010/5340 6403/2007/5337
f 6395/2000/5329 6407/2011/5341 6398/2002/5332
f 6408/2012/5342 6402/2006/5336 6400/2004/5334
f 6404/2008/5338 6402/2006/5336 6408/2012/5342
f 6409/2013/5343 6408/2012/5342 6400/2004/5334
f 6409/2013/5343 6410/2014/5344 6408/2012/5342
f 6410/2014/5344 6411/2015/5345 6408/2012/5342
f 6412/2016/5346 6409/2013/5343 6400/2004/5334
f 6409/2013/5343 6412/2016/5346 6410/2014/5344
f 6401/2005/5335 6412/2016/5346 6400/2004/5334
f 6412/2016/5346 6413/2017/5347 6410/2014/5344
f 6414/2018/5348 6404/2008/5338 6408/2012/5342
f 6414/2018/5348 6415/2019/5349 6404/2008/5338
f 6405/2009/5339 6404/2008/5338 6415/2019/5349
f 6415/2019/5349 6414/2018/5348 6416/2020/5350
f 6414/2018/5348 6417/2021/5351 6416/2020/5350
f 6408/2012/5342 6411/2015/5345 6417/2021/5351
f 6414/2018/5348 6408/2012/5342 6417/2021/5351
f 6418/2011/5352 6406/2010/5340 6419/2022/5353
f 6418/2011/5352 6396/2000/5330 6406/2010/5340
f 6420/2023/5354 6396/2000/5330 6418/2011/5352
f 6421/2024/5355 6420/2023/5354 6418/2011/5352
f 6421/2024/5355 6418/2011/5352 6419/2022/5353
f 6420/2023/5354 6422/2025/5356 6396/2000/5330
f 6420/2023/5354 6423/2026/5357 6422/2025/5356
f 6420/2023/5354 6424/2027/5358 6423/2026/5357
f 6425/2028/5359 6423/2026/5357 6424/2027/5358
f 6425/2028/5359 6422/2025/5356 6423/2026/5357
f 6396/2000/5330 6422/2025/5356 6426/2029/5360
f 6396/2000/5330 6426/2029/5360 6393/1998/5327
f 6395/2000/5329 6393/1998/5327 6426/2029/5360
f 6395/2000/5329 6426/2029/5360 6422/2025/5356
f 6425/2028/5359 6395/2000/5329 6422/2025/5356
f 6407/2011/5341 6395/2000/5329 6425/2028/5359
f 6421/2024/5355 6427/2030/5361 6420/2023/5354
f 6420/2023/5354 6427/2030/5361 6424/2027/5358
f 6425/2028/5359 6424/2027/5358 6428/2031/5362
f 6425/2028/5359 6428/2031/5362 6429/2032/5363
f 6407/2011/5341 6425/2028/5359 6429/2032/5363
f 6407/2011/5341 6429/2032/5363 6430/2033/5364
f 6407/2011/5341 6430/2033/5364 6398/2002/5332
f 6431/2034/5365 6432/2037/5366 6433/2036/5367
f 6434/2035/5368 6431/2034/5365 6433/2036/5367
f 6435/2038/5369 6431/2034/5365 6434/2035/5368
f 6432/2037/5366 6431/2034/5365 6436/2039/5370
f 6436/2039/5370 6431/2034/5365 6435/2038/5369
f 6437/2040/5371 6432/2037/5366 6436/2039/5370
f 6434/2035/5368 6433/2036/5367 6438/2041/5372
f 6439/2042/5373 6434/2035/5368 6438/2041/5372
f 6435/2038/5369 6434/2035/5368 6439/2042/5373
f 6439/2042/5373 6438/2041/5372 6440/2043/5374
f 6441/2044/5375 6439/2042/5373 6440/2043/5374
f 6439/2042/5373 6441/2044/5375 6442/2045/5376
f 6443/2046/5376 6439/2042/5373 6442/2045/5376
f 6443/2046/5376 6435/2038/5369 6439/2042/5373
f 6443/2046/5376 6442/2045/5376 6444/2047/5377
f 6445/2048/5378 6443/2046/5376 6444/2047/5377
f 6445/2048/5378 6435/2038/5369 6443/2046/5376
f 6445/2048/5378 6444/2047/5377 6446/2049/5379
f 6447/2050/5380 6445/2048/5378 6446/2049/5379
f 6445/2048/5378 6448/2051/5381 6435/2038/5369
f 6448/2051/5381 6449/2052/5382 6435/2038/5369
f 6450/2053/5383 6449/2052/5382 6448/2051/5381
f 6451/2054/5384 6450/2053/5383 6448/2051/5381
f 6451/2054/5384 6448/2051/5381 6445/2048/5378
f 6447/2050/5380 6451/2054/5384 6445/2048/5378
f 6452/2055/5385 6449/2052/5382 6450/2053/5383
f 6452/2055/5385 6435/2038/5369 6449/2052/5382
f 6453/2056/5386 6452/2055/5385 6450/2053/5383
f 6453/2056/5386 6454/2057/5387 6452/2055/5385
f 6454/2057/5387 6455/2058/5388 6452/2055/5385
f 6452/2055/5385 6455/2058/5388 6435/2038/5369
f 6454/2057/5387 6456/2059/5379 6455/2058/5388
f 6456/2059/5379 6457/2060/5389 6455/2058/5388
f 6455/2058/5388 6457/2060/5389 6458/2061/5390
f 6455/2058/5388 6458/2061/5390 6435/2038/5369
f 6457/2060/5389 6459/2062/5391 6458/2061/5390
f 6458/2061/5390 6459/2062/5391 6460/2063/5392
f 6458/2061/5390 6460/2063/5392 6435/2038/5369
f 6459/2062/5391 6461/2064/5393 6460/2063/5392
f 6460/2063/5392 6461/2064/5393 6462/2065/5394
f 6463/2066/5395 6460/2063/5392 6462/2065/5394
f 6463/2066/5395 6437/2040/5371 6460/2063/5392
f 6437/2040/5371 6436/2039/5370 6460/2063/5392
f 6460/2063/5392 6436/2039/5370 6435/2038/5369
f 6464/2068/5396 6465/2067/5396 6466/2069/5396
f 6467/2070/5396 6466/2069/5396 6465/2067/5396
f 6467/2070/5396 6468/2071/5396 6466/2069/5396
f 6464/2068/5396 6466/2069/5396 6469/2072/5396
f 6464/2068/5396 6469/2072/5396 6470/2050/5396
f 6464/2068/5396 6470/2050/5396 6471/2049/5396
f 6467/2070/5396 6472/2057/5396 6468/2071/5396
f 6467/2070/5396 6473/2059/5396 6472/2057/5396
f 6474/2074/5396 6475/2073/5396 6476/2075/5396
f 6474/2074/5396 6476/2075/5396 6477/2076/5396
f 6474/2074/5396 6478/2077/5396 6475/2073/5396
f 6478/2077/5396 6474/2074/5396 6477/2076/5396
f 6479/2078/5396 6478/2077/5396 6477/2076/5396
f 6478/2077/5396 6480/2079/5396 6475/2073/5396
f 6481/2080/5396 6475/2073/5396 6480/2079/5396
f 6481/2080/5396 6480/2079/5396 6482/2066/5396
f 6483/2065/5396 6481/2080/5396 6482/2066/5396
f 6479/2078/5396 6477/2076/5396 6484/2081/5396
f 6479/2078/5396 6484/2081/5396 6485/2041/5396
f 6484/2081/5396 6486/2043/5396 6485/2041/5396
f 6487/2177/5397 6488/2176/5398 6489/2178/5399
f 6490/2179/5400 6489/2178/5399 6488/2176/5398
f 6490/2179/5400 6491/2180/5401 6489/2178/5399
f 6489/2178/5399 6491/2180/5401 6492/2181/5402
f 6489/2178/5399 6492/2181/5402 6493/2182/5403
f 6493/2182/5403 6492/2181/5402 6494/2183/5404
f 6492/2181/5402 6495/2184/5405 6494/2183/5404
f 6494/2183/5404 6495/2184/5405 6496/2182/5406
f 6495/2184/5405 6497/2181/5407 6496/2182/5406
f 6498/2178/5408 6496/2182/5406 6497/2181/5407
f 6498/2178/5408 6497/2181/5407 6499/2180/5409
f 6498/2178/5408 6500/2185/5410 6496/2182/5406
f 6494/2183/5404 6496/2182/5406 6500/2185/5410
f 6501/2186/5411 6494/2183/5404 6500/2185/5410
f 6493/2182/5403 6494/2183/5404 6501/2186/5411
f 6502/2185/5412 6493/2182/5403 6501/2186/5411
f 6489/2178/5399 6493/2182/5403 6502/2185/5412
f 6503/2187/5413 6498/2178/5408 6499/2180/5409
f 6503/2187/5413 6504/2176/5414 6498/2178/5408
f 6504/2176/5414 6505/2188/5415 6498/2178/5408
f 6498/2178/5408 6505/2188/5415 6506/2189/5416
f 6498/2178/5408 6507/2190/5417 6500/2185/5410
f 6501/2186/5411 6500/2185/5410 6507/2190/5417
f 6507/2190/5417 6498/2178/5408 6506/2189/5416
f 6508/2191/5418 6507/2190/5417 6506/2189/5416
f 6509/2192/5419 6501/2186/5411 6507/2190/5417
f 6502/2185/5412 6501/2186/5411 6509/2192/5419
f 6509/2192/5419 6507/2190/5417 6508/2191/5418
f 6510/2190/5420 6502/2185/5412 6509/2192/5419
f 6489/2178/5399 6502/2185/5412 6510/2190/5420
f 6511/2189/5421 6489/2178/5399 6510/2190/5420
f 6511/2189/5421 6487/2177/5397 6489/2178/5399
f 6510/2190/5420 6509/2192/5419 6512/2193/5422
f 6512/2193/5422 6509/2192/5419 6508/2191/5418
f 6512/2193/5422 6508/2191/5418 6513/2194/5423
f 6508/2191/5418 6506/2189/5416 6513/2194/5423
f 6514/2195/5424 6512/2193/5422 6513/2194/5423
f 6515/2191/5425 6512/2193/5422 6514/2195/5424
f 6515/2191/5425 6510/2190/5420 6512/2193/5422
f 6511/2189/5421 6510/2190/5420 6515/2191/5425
f 6516/2194/5426 6515/2191/5425 6514/2195/5424
f 6511/2189/5421 6515/2191/5425 6516/2194/5426
f 6517/2197/5427 6518/2196/5428 6519/2198/5429
f 6519/2198/5429 6518/2196/5428 6520/2197/5430
f 6517/2197/5427 6521/2199/5431 6518/2196/5428
f 6520/2197/5430 6518/2196/5428 6522/2199/5431
f 6523/2200/5432 6524/2203/5433 6525/2202/5433
f 6526/2201/5434 6523/2200/5432 6525/2202/5433
f 6527/2202/5435 6524/2203/5433 6523/2200/5432
f 6528/2201/5436 6527/2202/5435 6523/2200/5432
f 6528/2201/5436 6523/2200/5432 6529/2204/5437
f 6529/2204/5437 6523/2200/5432 6526/2201/5434
f 6530/2205/5438 6528/2201/5436 6529/2204/5437
f 6531/2205/5439 6529/2204/5437 6526/2201/5434
f 6531/2205/5439 6532/2206/5440 6529/2204/5437
f 6532/2206/5440 6533/2207/5440 6529/2204/5437
f 6530/2205/5438 6529/2204/5437 6533/2207/5440
f 6533/2207/5440 6532/2206/5440 6534/2208/5441
f 6535/2209/5442 6533/2207/5440 6534/2208/5441
f 6536/2206/5440 6533/2207/5440 6535/2209/5442
f 6536/2206/5440 6530/2205/5438 6533/2207/5440
f 6537/2208/5441 6536/2206/5440 6535/2209/5442
f 6535/2209/5442 6534/2208/5441 6538/2199/5443
f 6539/2196/5443 6535/2209/5442 6538/2199/5443
f 6537/2208/5441 6535/2209/5442 6539/2196/5443
f 6540/2199/5443 6537/2208/5441 6539/2196/5443
f 6527/2202/5435 6541/2210/5444 6524/2203/5433
f 6524/2203/5433 6541/2210/5444 6525/2202/5433
f 6542/2212/5445 6543/2211/5446 6544/2213/5447
f 6542/2212/5445 6545/2214/5448 6543/2211/5446
f 6542/2212/5445 6546/2215/5449 6545/2214/5448
f 6547/2216/5450 6545/2214/5448 6546/2215/5449
f 6548/2217/5451 6545/2214/5448 6547/2216/5450
f 6543/2211/5446 6545/2214/5448 6548/2217/5451
f 6546/2215/5449 6549/2218/5452 6547/2216/5450
f 6547/2216/5450 6549/2218/5452 6550/2219/5453
f 6550/2219/5453 6551/2220/5454 6547/2216/5450
f 6547/2216/5450 6551/2220/5454 6552/2221/5455
f 6553/2222/5456 6552/2221/5455 6551/2220/5454
f 6554/2223/5457 6551/2220/5454 6550/2219/5453
f 6553/2222/5456 6551/2220/5454 6554/2223/5457
f 6555/2224/5458 6550/2219/5453 6549/2218/5452
f 6555/2224/5458 6554/2223/5457 6550/2219/5453
f 6556/2225/5459 6549/2218/5452 6546/2215/5449
f 6542/2212/5445 6556/2225/5459 6546/2215/5449
f 6555/2224/5458 6549/2218/5452 6556/2225/5459
f 6557/2226/5460 6543/2211/5446 6548/2217/5451
f 6557/2226/5460 6558/2227/5461 6543/2211/5446
f 6558/2227/5461 6544/2213/5447 6543/2211/5446
f 6559/2211/5462 6544/2213/5447 6558/2227/5461
f 6560/2212/5463 6544/2213/5447 6559/2211/5462
f 6560/2212/5463 6559/2211/5462 6561/2214/5464
f 6562/2217/5465 6561/2214/5464 6559/2211/5462
f 6563/2216/5466 6561/2214/5464 6562/2217/5465
f 6564/2215/5467 6561/2214/5464 6563/2216/5466
f 6564/2215/5467 6560/2212/5463 6561/2214/5464
f 6563/2216/5466 6565/2218/5468 6564/2215/5467
f 6566/2219/5469 6565/2218/5468 6563/2216/5466
f 6560/2212/5463 6564/2215/5467 6567/2225/5470
f 6564/2215/5467 6565/2218/5468 6567/2225/5470
f 6568/2224/5471 6567/2225/5470 6565/2218/5468
f 6566/2219/5469 6568/2224/5471 6565/2218/5468
f 6563/2216/5466 6569/2220/5472 6566/2219/5469
f 6570/2221/5473 6569/2220/5472 6563/2216/5466
f 6568/2224/5471 6566/2219/5469 6571/2223/5474
f 6566/2219/5469 6569/2220/5472 6571/2223/5474
f 6572/2222/5475 6571/2223/5474 6569/2220/5472
f 6570/2221/5473 6572/2222/5475 6569/2220/5472
f 6573/2226/5476 6562/2217/5465 6559/2211/5462
f 6573/2226/5476 6559/2211/5462 6558/2227/5461
f 6572/2222/5475 6574/2228/5477 6571/2223/5474
f 6572/2222/5475 6575/2229/5478 6574/2228/5477
f 6575/2229/5478 6553/2222/5456 6574/2228/5477
f 6571/2223/5474 6574/2228/5477 6576/2230/5479
f 6568/2224/5471 6571/2223/5474 6576/2230/5479
f 6576/2230/5479 6574/2228/5477 6554/2223/5457
f 6553/2222/5456 6554/2223/5457 6574/2228/5477
f 6568/2224/5471 6576/2230/5479 6577/2231/5480
f 6568/2224/5471 6577/2231/5480 6567/2225/5470
f 6576/2230/5479 6555/2224/5458 6577/2231/5480
f 6555/2224/5458 6576/2230/5479 6554/2223/5457
f 6567/2225/5470 6577/2231/5480 6578/2232/5481
f 6578/2232/5481 6577/2231/5480 6556/2225/5459
f 6555/2224/5458 6556/2225/5459 6577/2231/5480
f 6542/2212/5445 6578/2232/5481 6556/2225/5459
f 6578/2232/5481 6542/2212/5445 6544/2213/5447
f 6560/2212/5463 6578/2232/5481 6544/2213/5447
f 6560/2212/5463 6567/2225/5470 6578/2232/5481
f 6579/575/5482 6580/574/5483 6581/576/5484
f 6579/575/5482 6582/577/5485 6580/574/5483
f 6579/575/5482 6583/578/5486 6582/577/5485
f 6582/577/5485 6583/578/5486 6584/579/5487
f 6583/578/5486 6585/580/5488 6584/579/5487
f 6583/578/5486 6586/581/5489 6585/580/5488
f 6586/581/5489 6587/582/5490 6585/580/5488
f 6582/577/5485 6588/583/5491 6580/574/5483
f 6588/583/5491 6582/577/5485 6589/584/5492
f 6582/577/5485 6584/579/5487 6589/584/5492
f 6588/583/5491 6590/585/5493 6580/574/5483
f 6590/585/5493 6588/583/5491 6591/577/5494
f 6591/577/5494 6588/583/5491 6589/584/5492
f 6592/574/5495 6590/585/5493 6591/577/5494
f 6591/577/5494 6593/575/5496 6592/574/5495
f 6594/586/5497 6592/574/5495 6593/575/5496
f 6595/579/5498 6591/577/5494 6589/584/5492
f 6595/579/5498 6596/578/5499 6591/577/5494
f 6591/577/5494 6596/578/5499 6593/575/5496
f 6596/578/5499 6595/579/5498 6597/580/5500
f 6598/581/5501 6596/578/5499 6597/580/5500
f 6598/581/5501 6597/580/5500 6599/582/5502
f 6600/587/5503 6601/581/5503 6602/578/5503
f 6601/581/5503 6600/587/5503 6603/588/5504
f 6604/589/5505 6605/588/5506 6606/590/5507
f 6604/589/5505 6606/590/5507 6607/591/5508
f 6604/589/5505 6607/591/5508 6608/590/5509
f 6604/589/5505 6608/590/5509 6609/588/5510
f 6609/588/5510 6608/590/5509 6610/592/5511
f 6609/588/5510 6610/592/5511 6611/593/5512
f 6612/587/5513 6609/588/5510 6611/593/5512
f 6613/578/5514 6612/587/5513 6611/593/5512
f 6605/588/5506 6614/592/5515 6606/590/5507
f 6605/588/5506 6615/593/5516 6614/592/5515
f 6605/588/5506 6616/587/5517 6615/593/5516
f 6616/587/5517 6617/578/5518 6615/593/5516
f 6618/594/5519 6619/597/5520 6620/596/5521
f 6621/595/5522 6618/594/5519 6620/596/5521
f 6618/594/5519 6621/595/5522 6622/598/5523
f 6623/599/5524 6618/594/5519 6622/598/5523
f 6623/599/5524 6624/600/5525 6618/594/5519
f 6618/594/5519 6624/600/5525 6619/597/5520
f 6625/601/5526 6624/600/5525 6623/599/5524
f 6625/601/5526 6623/599/5524 6622/598/5523
f 6626/602/5527 6624/600/5525 6625/601/5526
f 6627/603/5528 6624/600/5525 6626/602/5527
f 6628/604/5529 6624/600/5525 6627/603/5528
f 6629/605/5530 6619/597/5520 6624/600/5525
f 6629/605/5530 6624/600/5525 6628/604/5529
f 6620/596/5521 6619/597/5520 6629/605/5530
f 6630/581/5531 6631/587/5503 6632/578/5503
f 6631/587/5503 6630/581/5531 6633/588/5504
f 6634/593/5532 6635/592/5533 6636/586/5534
f 6637/575/5532 6634/593/5532 6636/586/5534
f 6635/592/5533 6638/606/5535 6636/586/5534
f 6639/608/5536 6640/607/5537 6641/609/5538
f 6639/608/5536 6641/609/5538 6642/610/5539
f 6643/609/5540 6644/608/5541 6642/610/5539
f 6643/609/5540 6645/607/5542 6644/608/5541
f 6646/612/5543 6647/611/5544 6648/613/5545
f 6649/614/5546 6646/612/5543 6648/613/5545
f 6650/615/5547 6649/614/5546 6648/613/5545
f 6651/614/5548 6650/615/5547 6648/613/5545
f 6652/612/5549 6651/614/5548 6648/613/5545
f 6652/612/5549 6648/613/5545 6653/611/5550
f 6654/609/5551 6655/610/5552 6656/613/5552
f 6657/611/5551 6654/609/5551 6656/613/5552
f 6656/613/5552 6655/610/5552 6658/611/5553
f 6655/610/5552 6659/609/5554 6658/611/5553
f 6660/575/5555 6661/578/5555 6662/593/5555
f 6663/616/5556 6664/592/5556 6665/590/5557
f 6666/617/5558 6663/616/5556 6665/590/5557
f 6667/618/5559 6666/617/5558 6665/590/5557
f 6668/591/5559 6667/618/5559 6665/590/5557
f 6667/618/5559 6668/591/5559 6669/590/5560
f 6670/617/5561 6667/618/5559 6669/590/5560
f 6671/616/5562 6670/617/5561 6669/590/5560
f 6672/592/5562 6671/616/5562 6669/590/5560
f 6673/616/5563 6674/617/5563 6675/620/5563
f 6676/619/5563 6673/616/5563 6675/620/5563
f 6677/617/5564 6678/616/5565 6679/619/5564
f 6680/620/5564 6677/617/5564 6679/619/5564
f 6681/617/5535 6682/618/5535 6683/621/5535
f 6684/620/5535 6681/617/5535 6683/621/5535
f 6683/621/5535 6682/618/5535 6685/620/5535
f 6682/618/5535 6686/617/5535 6685/620/5535
f 6687/576/5566 6688/606/5535 6689/592/5567
f 6687/576/5566 6689/592/5567 6690/593/5568
f 6691/575/5568 6687/576/5566 6690/593/5568
f 6692/578/5569 6693/575/5569 6694/593/5569
f 6695/556/5570 6696/559/5570 6697/558/5571
f 6698/557/5572 6695/556/5570 6697/558/5571
f 6696/559/5570 6695/556/5570 6699/557/5573
f 6700/558/5574 6696/559/5570 6699/557/5573
f 6700/558/5574 6699/557/5573 6701/560/5575
f 6702/561/5575 6700/558/5574 6701/560/5575
f 6698/557/5572 6697/558/5571 6703/560/5576
f 6697/558/5571 6704/561/5577 6703/560/5576
f 6705/562/5578 6706/565/5579 6707/564/5580
f 6708/563/5581 6705/562/5578 6707/564/5580
f 6705/562/5578 6708/563/5581 6709/566/5582
f 6708/563/5581 6710/567/5583 6709/566/5582
f 6710/567/5583 6711/568/5584 6709/566/5582
f 6711/568/5584 6712/569/5585 6709/566/5582
f 6708/563/5581 6707/564/5580 6713/570/5586
f 6708/563/5581 6713/570/5586 6710/567/5583
f 6707/564/5580 6714/571/5587 6713/570/5586
f 6713/570/5586 6715/572/5588 6710/567/5583
f 6710/567/5583 6715/572/5588 6711/568/5584
f 6715/572/5588 6716/573/5589 6711/568/5584
f 6717/623/5590 6718/622/5591 6719/624/5592
f 6717/623/5590 6719/624/5592 6720/625/5593
f 6721/624/5594 6717/623/5590 6720/625/5593
f 6722/622/5595 6717/623/5590 6721/624/5594
f 6722/622/5595 6723/626/5596 6717/623/5590
f 6717/623/5590 6723/626/5596 6718/622/5591
f 6724/628/5597 6725/627/5598 6726/629/5599
f 6726/629/5599 6725/627/5598 6727/630/5600
f 6726/629/5599 6727/630/5600 6728/631/5601
f 6727/630/5600 6729/632/5602 6728/631/5601
f 6725/627/5598 6730/633/5603 6727/630/5600
f 6730/633/5603 6731/634/5604 6727/630/5600
f 6730/633/5603 6732/635/5605 6731/634/5604
f 6731/634/5604 6732/635/5605 6733/636/5606
f 6731/634/5604 6733/636/5606 6734/637/5607
f 6733/636/5606 6735/638/5608 6734/637/5607
f 6735/638/5608 6736/639/5609 6734/637/5607
f 6735/638/5608 6737/640/5610 6736/639/5609
f 6734/637/5607 6736/639/5609 6738/641/5611
f 6739/642/5611 6734/637/5607 6738/641/5611
f 6740/632/5612 6741/643/5613 6742/631/5614
f 6740/632/5612 6743/644/5615 6741/643/5613
f 6743/644/5615 6744/645/5616 6741/643/5613
f 6743/644/5615 6745/646/5617 6744/645/5616
f 6746/647/5618 6745/646/5617 6743/644/5615
f 6746/647/5618 6743/644/5615 6747/642/5619
f 6748/648/5620 6746/647/5618 6747/642/5619
f 6748/648/5620 6747/642/5619 6749/641/5621
f 6750/649/5622 6751/652/5623 6752/651/5624
f 6753/650/5625 6750/649/5622 6752/651/5624
f 6753/650/5625 6754/653/5626 6750/649/5622
f 6751/652/5623 6755/654/5627 6752/651/5624
f 6756/655/5628 6752/651/5624 6755/654/5627
f 6757/651/5629 6756/655/5628 6755/654/5627
f 6755/654/5627 6758/652/5630 6757/651/5629
f 6758/652/5630 6759/649/5631 6757/651/5629
f 6759/649/5631 6760/650/5632 6757/651/5629
f 6759/649/5631 6761/653/5633 6760/650/5632
f 6750/649/5622 6762/656/5634 6751/652/5623
f 6751/652/5623 6763/657/5635 6755/654/5627
f 6751/652/5623 6762/656/5634 6763/657/5635
f 6755/654/5627 6763/657/5635 6764/658/5636
f 6763/657/5635 6765/659/5637 6764/658/5636
f 6755/654/5627 6764/658/5636 6766/657/5638
f 6755/654/5627 6766/657/5638 6758/652/5630
f 6764/658/5636 6767/659/5639 6766/657/5638
f 6766/657/5638 6768/656/5640 6758/652/5630
f 6758/652/5630 6768/656/5640 6759/649/5631
f 6769/660/5641 6770/660/5642 6771/661/5643
f 6772/661/5644 6769/660/5641 6771/661/5643
f 6773/662/5645 6769/660/5641 6772/661/5644
f 6774/663/5646 6773/662/5645 6772/661/5644
f 6775/664/5647 6773/662/5645 6774/663/5646
f 6776/665/5648 6775/664/5647 6774/663/5646
f 6777/664/5649 6775/664/5647 6776/665/5648
f 6778/665/5650 6777/664/5649 6776/665/5648
f 6779/662/5651 6777/664/5649 6778/665/5650
f 6780/663/5652 6779/662/5651 6778/665/5650
f 6770/660/5642 6779/662/5651 6780/663/5652
f 6771/661/5643 6770/660/5642 6780/663/5652
f 6772/661/5644 6771/661/5643 6781/666/5653
f 6782/666/5654 6772/661/5644 6781/666/5653
f 6774/663/5646 6772/661/5644 6782/666/5654
f 6783/667/5655 6774/663/5646 6782/666/5654
f 6776/665/5648 6774/663/5646 6783/667/5655
f 6784/668/5656 6776/665/5648 6783/667/5655
f 6778/665/5650 6776/665/5648 6784/668/5656
f 6785/668/5657 6778/665/5650 6784/668/5656
f 6780/663/5652 6778/665/5650 6785/668/5657
f 6786/667/5658 6780/663/5652 6785/668/5657
f 6771/661/5643 6780/663/5652 6786/667/5658
f 6781/666/5653 6771/661/5643 6786/667/5658
f 6779/662/5651 6787/670/5659 6777/664/5649
f 6788/669/5660 6787/670/5659 6779/662/5651
f 6770/660/5642 6788/669/5660 6779/662/5651
f 6787/670/5659 6789/671/5661 6777/664/5649
f 6777/664/5649 6789/671/5661 6775/664/5647
f 6789/671/5661 6790/671/5662 6775/664/5647
f 6775/664/5647 6790/671/5662 6773/662/5645
f 6790/671/5662 6791/670/5663 6773/662/5645
f 6773/662/5645 6791/670/5663 6769/660/5641
f 6791/670/5663 6792/669/5664 6769/660/5641
f 6792/669/5664 6788/669/5660 6770/660/5642
f 6769/660/5641 6792/669/5664 6770/660/5642
f 6788/669/5660 6793/672/5665 6787/670/5659
f 6793/672/5665 6794/673/5666 6787/670/5659
f 6787/670/5659 6794/673/5666 6789/671/5661
f 6794/673/5666 6795/674/5667 6789/671/5661
f 6789/671/5661 6795/674/5667 6790/671/5662
f 6795/674/5667 6796/674/5668 6790/671/5662
f 6790/671/5662 6796/674/5668 6791/670/5663
f 6796/674/5668 6797/673/5669 6791/670/5663
f 6791/670/5663 6797/673/5669 6792/669/5664
f 6797/673/5669 6798/672/5670 6792/669/5664
f 6798/672/5670 6793/672/5665 6788/669/5660
f 6792/669/5664 6798/672/5670 6788/669/5660
f 6782/666/5654 6781/666/5653 6799/675/5671
f 6800/675/5672 6782/666/5654 6799/675/5671
f 6783/667/5655 6782/666/5654 6800/675/5672
f 6801/676/5673 6783/667/5655 6800/675/5672
f 6784/668/5656 6783/667/5655 6801/676/5673
f 6802/677/5674 6784/668/5656 6801/676/5673
f 6785/668/5657 6784/668/5656 6802/677/5674
f 6803/677/5675 6785/668/5657 6802/677/5674
f 6786/667/5658 6785/668/5657 6803/677/5675
f 6804/676/5676 6786/667/5658 6803/677/5675
f 6781/666/5653 6786/667/5658 6804/676/5676
f 6799/675/5671 6781/666/5653 6804/676/5676
f 6800/675/5672 6799/675/5671 6805/678/5677
f 6806/678/5678 6800/675/5672 6805/678/5677
f 6801/676/5673 6800/675/5672 6806/678/5678
f 6807/679/5679 6801/676/5673 6806/678/5678
f 6802/677/5674 6801/676/5673 6807/679/5679
f 6808/680/5680 6802/677/5674 6807/679/5679
f 6803/677/5675 6802/677/5674 6808/680/5680
f 6809/680/5681 6803/677/5675 6808/680/5680
f 6804/676/5676 6803/677/5675 6809/680/5681
f 6810/679/5682 6804/676/5676 6809/680/5681
f 6799/675/5671 6804/676/5676 6810/679/5682
f 6805/678/5677 6799/675/5671 6810/679/5682
f 6811/660/5683 6812/660/5684 6813/661/5685
f 6814/661/5686 6811/660/5683 6813/661/5685
f 6815/662/5687 6811/660/5683 6814/661/5686
f 6816/663/5688 6815/662/5687 6814/661/5686
f 6817/664/5689 6815/662/5687 6816/663/5688
f 6818/665/5690 6817/664/5689 6816/663/5688
f 6819/664/5691 6817/664/5689 6818/665/5690
f 6820/665/5692 6819/664/5691 6818/665/5690
f 6821/662/5693 6819/664/5691 6820/665/5692
f 6822/663/5694 6821/662/5693 6820/665/5692
f 6812/660/5684 6821/662/5693 6822/663/5694
f 6813/661/5685 6812/660/5684 6822/663/5694
f 6814/661/5686 6813/661/5685 6823/666/5695
f 6824/666/5696 6814/661/5686 6823/666/5695
f 6816/663/5688 6814/661/5686 6824/666/5696
f 6825/667/5697 6816/663/5688 6824/666/5696
f 6818/665/5690 6816/663/5688 6825/667/5697
f 6826/668/5698 6818/665/5690 6825/667/5697
f 6820/665/5692 6818/665/5690 6826/668/5698
f 6827/668/5699 6820/665/5692 6826/668/5698
f 6822/663/5694 6820/665/5692 6827/668/5699
f 6828/667/5700 6822/663/5694 6827/668/5699
f 6813/661/5685 6822/663/5694 6828/667/5700
f 6823/666/5695 6813/661/5685 6828/667/5700
f 6821/662/5693 6829/670/5701 6819/664/5691
f 6830/669/5702 6829/670/5701 6821/662/5693
f 6812/660/5684 6830/669/5702 6821/662/5693
f 6829/670/5701 6831/671/5703 6819/664/5691
f 6819/664/5691 6831/671/5703 6817/664/5689
f 6831/671/5703 6832/671/5704 6817/664/5689
f 6817/664/5689 6832/671/5704 6815/662/5687
f 6832/671/5704 6833/670/5705 6815/662/5687
f 6815/662/5687 6833/670/5705 6811/660/5683
f 6833/670/5705 6834/669/5706 6811/660/5683
f 6834/669/5706 6830/669/5702 6812/660/5684
f 6811/660/5683 6834/669/5706 6812/660/5684
f 6830/669/5702 6835/672/5665 6829/670/5701
f 6835/672/5665 6836/673/5666 6829/670/5701
f 6829/670/5701 6836/673/5666 6831/671/5703
f 6836/673/5666 6837/674/5667 6831/671/5703
f 6831/671/5703 6837/674/5667 6832/671/5704
f 6837/674/5667 6838/674/5668 6832/671/5704
f 6832/671/5704 6838/674/5668 6833/670/5705
f 6838/674/5668 6839/673/5669 6833/670/5705
f 6833/670/5705 6839/673/5669 6834/669/5706
f 6839/673/5669 6840/672/5670 6834/669/5706
f 6840/672/5670 6835/672/5665 6830/669/5702
f 6834/669/5706 6840/672/5670 6830/669/5702
f 6824/666/5696 6823/666/5695 6841/675/5671
f 6842/675/5707 6824/666/5696 6841/675/5671
f 6825/667/5697 6824/666/5696 6842/675/5707
f 6843/676/5673 6825/667/5697 6842/675/5707
f 6826/668/5698 6825/667/5697 6843/676/5673
f 6844/677/5708 6826/668/5698 6843/676/5673
f 6827/668/5699 6826/668/5698 6844/677/5708
f 6845/677/5675 6827/668/5699 6844/677/5708
f 6828/667/5700 6827/668/5699 6845/677/5675
f 6846/676/5709 6828/667/5700 6845/677/5675
f 6823/666/5695 6828/667/5700 6846/676/5709
f 6841/675/5671 6823/666/5695 6846/676/5709
f 6842/675/5707 6841/675/5671 6847/678/5710
f 6848/678/5711 6842/675/5707 6847/678/5710
f 6843/676/5673 6842/675/5707 6848/678/5711
f 6849/679/5679 6843/676/5673 6848/678/5711
f 6844/677/5708 6843/676/5673 6849/679/5679
f 6850/680/5680 6844/677/5708 6849/679/5679
f 6845/677/5675 6844/677/5708 6850/680/5680
f 6851/680/5712 6845/677/5675 6850/680/5680
f 6846/676/5709 6845/677/5675 6851/680/5712
f 6852/679/5713 6846/676/5709 6851/680/5712
f 6841/675/5671 6846/676/5709 6852/679/5713
f 6847/678/5710 6841/675/5671 6852/679/5713
f 6853/681/5714 6854/681/5714 6855/682/5714
f 6856/682/5714 6853/681/5714 6855/682/5714
f 6857/683/5715 6858/683/5715 6859/681/5715
f 6860/681/5715 6857/683/5715 6859/681/5715
f 6861/684/5716 6862/683/5716 6863/683/5716
f 6864/684/5716 6861/684/5716 6863/683/5716
f 6865/685/5535 6866/685/5535 6867/686/5535
f 6868/686/5535 6865/685/5535 6867/686/5535
f 6869/687/5717 6870/685/5718 6871/681/5719
f 6869/687/5717 6871/681/5719 6872/682/5720
f 6870/685/5718 6873/686/5721 6871/681/5719
f 6873/686/5721 6874/683/5722 6871/681/5719
f 6873/686/5721 6875/688/5723 6874/683/5722
f 6873/686/5721 6876/689/253 6875/688/5723
f 6876/689/253 6877/690/5724 6875/688/5723
f 6875/688/5723 6878/684/5725 6874/683/5722
f 6876/689/253 6879/691/5726 6877/690/5724
f 6880/692/5727 6877/690/5724 6879/691/5726
f 6881/693/5727 6880/692/5727 6879/691/5726
f 6880/692/5727 6881/693/5727 6882/690/5728
f 6881/693/5727 6883/691/5729 6882/690/5728
f 6883/691/5729 6884/689/254 6882/690/5728
f 6884/689/254 6885/688/5730 6882/690/5728
f 6884/689/254 6886/686/5731 6885/688/5730
f 6886/686/5731 6887/683/5732 6885/688/5730
f 6887/683/5732 6888/684/5733 6885/688/5730
f 6886/686/5731 6889/685/5734 6887/683/5732
f 6889/685/5734 6890/681/5735 6887/683/5732
f 6889/685/5734 6891/687/5736 6890/681/5735
f 6891/687/5736 6892/682/5737 6890/681/5735
f 6893/682/5738 6894/687/5738 6895/687/5738
f 6896/682/5738 6893/682/5738 6895/687/5738
f 6897/690/5739 6898/690/5740 6899/688/5741
f 6900/688/5741 6897/690/5739 6899/688/5741
f 6897/690/5739 6901/692/5742 6898/690/5740
f 6902/688/5535 6903/688/5535 6904/684/5535
f 6905/684/5535 6902/688/5535 6904/684/5535
f 6906/687/5743 6907/685/5743 6908/685/5743
f 6909/687/5743 6906/687/5743 6908/685/5743
f 6910/686/5744 6911/689/5744 6912/689/5744
f 6913/686/5744 6910/686/5744 6912/689/5744
f 6914/689/5745 6915/689/5745 6916/691/5746
f 6917/691/5747 6914/689/5745 6916/691/5746
f 6917/691/5747 6916/691/5746 6918/693/5748
f 6919/694/5749 6920/697/5750 6921/696/5750
f 6922/695/5751 6919/694/5749 6921/696/5750
f 6922/695/5751 6923/698/5752 6919/694/5749
f 6923/698/5752 6924/699/5753 6919/694/5749
f 6925/695/5754 6926/696/5755 6927/697/5756
f 6928/694/5757 6925/695/5754 6927/697/5756
f 6928/694/5757 6929/699/5758 6925/695/5754
f 6929/699/5758 6930/698/5758 6925/695/5754
f 6931/699/5759 6932/699/5759 6933/694/5759
f 6934/694/5759 6931/699/5759 6933/694/5759
f 6935/694/5760 6936/694/5760 6937/697/5760
f 6938/697/5760 6935/694/5760 6937/697/5760
f 6939/1765/5761 6940/1768/5762 6941/1767/5763
f 6942/1766/5764 6939/1765/5761 6941/1767/5763
f 6942/1766/5764 6941/1767/5763 6943/1769/5765
f 6944/1770/5766 6942/1766/5764 6943/1769/5765
f 6945/1771/5767 6944/1770/5766 6943/1769/5765
f 6945/1771/5767 6943/1769/5765 6946/1772/5768
f 6945/1771/5767 6946/1772/5768 6947/1773/5769
f 6948/1774/5770 6945/1771/5767 6947/1773/5769
f 6949/1775/5771 6948/1774/5770 6947/1773/5769
f 6949/1775/5771 6947/1773/5769 6950/1776/5772
f 6951/1777/5773 6950/1776/5772 6947/1773/5769
f 6946/1772/5768 6951/1777/5773 6947/1773/5769
f 6952/1778/5774 6953/1770/5775 6954/1771/5776
f 6952/1778/5774 6954/1771/5776 6955/1779/5777
f 6952/1778/5774 6956/1780/5778 6953/1770/5775
f 6956/1780/5778 6957/1781/5779 6953/1770/5775
f 6957/1781/5779 6958/1766/5780 6953/1770/5775
f 6957/1781/5779 6959/1782/5781 6958/1766/5780
f 6958/1766/5780 6959/1782/5781 6960/1765/5782
f 6961/1783/5783 6960/1765/5782 6959/1782/5781
f 6962/1785/5784 6963/1784/5785 6964/1786/5786
f 6965/1787/5787 6962/1785/5784 6964/1786/5786
f 6965/1787/5787 6966/1788/5788 6962/1785/5784
f 6967/1789/5789 6966/1788/5788 6965/1787/5787
f 6964/1786/5786 6963/1784/5785 6968/1790/5790
f 6969/1791/5791 6964/1786/5786 6968/1790/5790
f 6969/1791/5791 6968/1790/5790 6970/1792/5792
f 6971/1774/5793 6969/1791/5791 6970/1792/5792
f 6972/1778/5535 6973/1779/5535 6974/1792/5535
f 6975/1790/5535 6972/1778/5535 6974/1792/5535
f 6972/1778/5535 6975/1790/5535 6976/1784/5794
f 6977/1780/5795 6972/1778/5535 6976/1784/5794
f 6977/1780/5795 6976/1784/5794 6978/1781/5796
f 6976/1784/5794 6979/1785/5796 6978/1781/5796
f 6979/1785/5796 6980/1788/5797 6978/1781/5796
f 6980/1788/5797 6981/1782/5798 6978/1781/5796
f 6982/1783/5799 6983/1782/5800 6984/1788/5801
f 6985/1789/5802 6982/1783/5799 6984/1788/5801
f 6986/1794/5803 6987/1793/5804 6988/1795/5805
f 6989/1796/5806 6988/1795/5805 6987/1793/5804
f 6990/1797/5807 6989/1796/5806 6987/1793/5804
f 6989/1796/5806 6990/1797/5807 6991/1798/5808
f 6990/1797/5807 6992/1799/5809 6991/1798/5808
f 6991/1798/5808 6992/1799/5809 6993/1800/5810
f 6994/1801/5811 6991/1798/5808 6993/1800/5810
f 6991/1798/5808 6994/1801/5811 6995/1802/5812
f 6991/1798/5808 6996/1803/5813 6989/1796/5806
f 6995/1802/5812 6994/1801/5811 6997/1804/5814
f 6995/1802/5812 6997/1804/5814 6998/1805/5815
f 6997/1804/5814 6999/1806/5816 6998/1805/5815
f 6999/1806/5816 7000/1807/5817 6998/1805/5815
f 7001/1808/5818 6998/1805/5815 6996/1803/5813
f 7001/1808/5818 6995/1802/5812 6998/1805/5815
f 7001/1808/5818 6991/1798/5808 6995/1802/5812
f 6991/1798/5808 7001/1808/5818 6996/1803/5813
f 7002/1809/5819 6986/1794/5803 6988/1795/5805
f 6989/1796/5806 6996/1803/5813 7003/1810/5820
f 6988/1795/5805 6989/1796/5806 7003/1810/5820
f 6988/1795/5805 7003/1810/5820 7004/1811/5821
f 6988/1795/5805 7004/1811/5821 7002/1809/5819
f 7005/1805/5822 7006/1807/5822 7007/1813/5822
f 7008/1812/5822 7005/1805/5822 7007/1813/5822
f 7009/1804/5823 7010/1801/5824 7011/1814/5825
f 7012/1815/5826 7009/1804/5823 7011/1814/5825
f 7012/1815/5826 7013/1806/5827 7009/1804/5823
f 7014/1807/5828 7015/1806/5828 7016/1815/5828
f 7017/1813/5828 7014/1807/5828 7016/1815/5828
f 7018/1803/253 7019/1805/5829 7020/1812/5829
f 7021/1816/253 7018/1803/253 7020/1812/5829
f 7021/1816/253 7022/1817/5829 7018/1803/253
f 7022/1817/5829 7023/1810/5829 7018/1803/253
f 7022/1817/5829 7024/1818/253 7023/1810/5829
f 7024/1818/253 7025/1811/253 7023/1810/5829
f 7024/1818/253 7026/1819/5829 7025/1811/253
f 7027/1814/5830 7028/1801/5830 7029/1800/5830
f 7030/1792/5831 7031/1779/5832 7032/1771/5833
f 7033/1774/5831 7030/1792/5831 7032/1771/5833
f 7034/1821/5821 7035/1820/5834 7036/1822/5835
f 7037/1288/5836 7038/2233/5837 7039/2234/5838
f 7040/1289/5839 7037/1288/5836 7039/2234/5838
f 7038/2233/5837 7041/2235/5840 7039/2234/5838
f 7041/2235/5840 7042/2236/5840 7039/2234/5838
f 7037/1288/5836 7043/1719/5841 7038/2233/5837
f 7042/2236/5840 7041/2235/5840 7044/2234/5842
f 7041/2235/5840 7045/2233/5843 7044/2234/5842
f 7045/2233/5843 7046/1288/5844 7044/2234/5842
f 7046/1288/5844 7047/1289/5845 7044/2234/5842
f 7048/1719/5846 7046/1288/5844 7045/2233/5843
f 7049/2237/2414 7050/2238/2414 7051/2239/2414
f 7051/2239/2414 7050/2238/2414 7052/2240/2414
f 7049/2237/2414 7053/2241/2414 7050/2238/2414
f 7053/2241/2414 7054/2237/2414 7050/2238/2414
f 7050/2238/2414 7054/2237/2414 7055/2239/2414
f 7050/2238/2414 7055/2239/2414 7056/2240/2414
f 7057/2242/5847 7058/2243/5848 7059/2244/5849
f 7057/2242/5847 7059/2244/5849 7060/2245/5850
f 7060/2245/5850 7059/2244/5849 7061/2246/1929
f 7057/2242/5847 7062/2247/5851 7058/2243/5848
f 7062/2247/5851 7063/2242/5852 7058/2243/5848
f 7058/2243/5848 7063/2242/5852 7064/2244/5853
f 7064/2244/5853 7063/2242/5852 7065/2245/5854
f 7064/2244/5853 7065/2245/5854 7066/2246/1929
f 7067/2248/5855 7068/2249/5856 7069/2250/5857
f 7070/2251/5857 7067/2248/5855 7069/2250/5857
f 7068/2249/5856 7067/2248/5855 7071/2250/5858
f 7067/2248/5855 7072/2251/5858 7071/2250/5858
f 7073/2243/5859 7074/2252/5859 7075/2253/5860
f 7076/2244/5861 7073/2243/5859 7075/2253/5860
f 7074/2252/5859 7073/2243/5859 7077/2253/5862
f 7073/2243/5859 7078/2244/5863 7077/2253/5862
f 7079/2246/2116 7080/2244/2116 7081/2253/2116
f 7082/2250/5864 7083/2254/5864 7084/2255/5864
f 7085/2251/5864 7082/2250/5864 7084/2255/5864
f 7086/2244/2165 7087/2246/2165 7088/2253/2165
f 7089/2250/5865 7090/2251/5865 7091/2255/5865
f 7092/2254/5865 7089/2250/5865 7091/2255/5865
